sampling_strategy,sample_size,sg_cardinality,sg_rule,best_rule,best_rule_idx,f1,precision,recall,seed
full,68640,8580,HeaderCompressionOff = 1 AND filterOff = 1 AND mtOff = 1,mtOff AND filterOff AND HeaderCompressionOff,0,1.0,1.0,1.0,0
random_2,24,1,HeaderCompressionOff = 1 AND filterOff = 1 AND mtOff = 1,Files <= 65.0 AND NOT mtOff AND BlockSize > 6.0 AND BZip2,0,0.0,0.0,0.0,0
random_5,60,9,HeaderCompressionOff = 1 AND mtOff = 1 AND tmOff = 1,tmOff AND mtOff AND HeaderCompressionOff,0,1.0,1.0,1.0,0
random_10,120,16,HeaderCompressionOff = 1 AND filterOff = 1 AND tmOff = 1,HeaderCompressionOff AND tmOff AND filterOff,0,1.0,1.0,1.0,0
random_20,240,31,HeaderCompressionOff = 1 AND filterOff = 1 AND tmOff = 1,filterOff AND tmOff AND HeaderCompressionOff,0,1.0,1.0,1.0,0
2-wise,165,21,HeaderCompressionOff = 1 AND mtOff = 1 AND tmOff = 1,tmOff AND mtOff AND HeaderCompressionOff,0,1.0,1.0,1.0,0
3-wise,1121,149,HeaderCompressionOff = 1 AND filterOff = 1 AND tmOff = 1,tmOff AND HeaderCompressionOff AND filterOff,0,1.0,1.0,1.0,0
4-wise,4875,592,filterOff = 1 AND mtOff = 1 AND tmOff = 1,mtOff AND filterOff AND tmOff,0,1.0,1.0,1.0,0
full,68640,8580,HeaderCompressionOff = 1 AND mtOff = 1 AND tmOff = 1,mtOff AND tmOff AND HeaderCompressionOff,0,1.0,1.0,1.0,10
random_2,24,1,HeaderCompressionOff = 1 AND mtOff = 1 AND tmOff = 1,x <= 1.0 AND NOT BZip2 AND Files > 20.0,0,0.0,0.0,0.0,10
random_5,60,2,HeaderCompressionOff = 1 AND mtOff = 1 AND tmOff = 1,NOT PPMd AND Files > 25.0,4,0.0952380952380952,0.05,1.0,10
random_10,120,8,HeaderCompressionOff = 1 AND mtOff = 1 AND tmOff = 1,NOT LZMA AND NOT mtOff AND NOT tmOff AND BlockSize > 96.0,0,0.0,0.0,0.0,10
random_20,240,25,HeaderCompressionOff = 1 AND mtOff = 1 AND tmOff = 1,HeaderCompressionOff AND NOT BZip2 AND tmOff AND mtOff,0,0.717948717948718,1.0,0.56,10
2-wise,172,19,HeaderCompressionOff = 1 AND mtOff = 1 AND tmOff = 1,mtOff AND tmOff AND HeaderCompressionOff,0,1.0,1.0,1.0,10
3-wise,1106,154,HeaderCompressionOff = 1 AND mtOff = 1 AND tmOff = 1,tmOff AND HeaderCompressionOff AND mtOff,0,1.0,1.0,1.0,10
4-wise,4855,612,HeaderCompressionOff = 1 AND mtOff = 1 AND tmOff = 1,mtOff AND tmOff AND HeaderCompressionOff,0,1.0,1.0,1.0,10
full,68640,8580,HeaderCompressionOff = 1 AND filterOff = 1 AND tmOff = 1,HeaderCompressionOff AND tmOff AND filterOff,0,1.0,1.0,1.0,11
random_2,24,5,HeaderCompressionOff = 1 AND filterOff = 1 AND tmOff = 1,BlockSize > 192.0 AND x <= 8.0 AND x > 2.0 AND NOT HeaderCompressionOff,0,0.0,0.0,0.0,11
random_5,60,11,HeaderCompressionOff = 1 AND filterOff = 1 AND tmOff = 1,HeaderCompressionOff AND filterOff AND tmOff,0,1.0,1.0,1.0,11
random_10,120,22,HeaderCompressionOff = 1 AND filterOff = 1 AND tmOff = 1,filterOff AND tmOff AND HeaderCompressionOff,0,1.0,1.0,1.0,11
random_20,240,38,HeaderCompressionOff = 1 AND filterOff = 1 AND tmOff = 1,HeaderCompressionOff AND filterOff AND tmOff,0,1.0,1.0,1.0,11
2-wise,169,32,HeaderCompressionOff = 1 AND filterOff = 1 AND tmOff = 1,HeaderCompressionOff AND tmOff AND filterOff,0,1.0,1.0,1.0,11
3-wise,1135,129,HeaderCompressionOff = 1 AND filterOff = 1 AND tmOff = 1,HeaderCompressionOff AND tmOff AND filterOff,0,1.0,1.0,1.0,11
4-wise,4883,580,HeaderCompressionOff = 1 AND filterOff = 1 AND tmOff = 1,HeaderCompressionOff AND tmOff AND filterOff,0,1.0,1.0,1.0,11
full,68640,8580,HeaderCompressionOff = 1 AND filterOff = 1 AND tmOff = 1,filterOff AND tmOff AND HeaderCompressionOff,0,1.0,1.0,1.0,12
random_2,24,5,HeaderCompressionOff = 1 AND filterOff = 1 AND tmOff = 1,NOT tmOff AND x <= 7.0 AND Files <= 65.0 AND NOT LZMA,0,0.0,0.0,0.0,12
random_5,60,7,HeaderCompressionOff = 1 AND filterOff = 1 AND tmOff = 1,x > 7.0 AND Files > 55.0 AND filterOff AND NOT mtOff,1,0.6,1.0,0.4285714285714285,12
random_10,120,17,HeaderCompressionOff = 1 AND filterOff = 1 AND tmOff = 1,filterOff AND tmOff AND HeaderCompressionOff,0,1.0,1.0,1.0,12
random_20,240,41,HeaderCompressionOff = 1 AND filterOff = 1 AND tmOff = 1,HeaderCompressionOff AND tmOff AND filterOff,0,1.0,1.0,1.0,12
2-wise,174,24,HeaderCompressionOff = 1 AND filterOff = 1 AND tmOff = 1,tmOff AND filterOff AND HeaderCompressionOff,0,1.0,1.0,1.0,12
3-wise,1128,166,HeaderCompressionOff = 1 AND filterOff = 1 AND tmOff = 1,filterOff AND tmOff AND HeaderCompressionOff,0,1.0,1.0,1.0,12
4-wise,4909,623,HeaderCompressionOff = 1 AND filterOff = 1 AND tmOff = 1,filterOff AND HeaderCompressionOff AND tmOff,0,1.0,1.0,1.0,12
full,68640,8580,HeaderCompressionOff = 1 AND filterOff = 1 AND tmOff = 1,tmOff AND filterOff AND HeaderCompressionOff,0,1.0,1.0,1.0,13
random_2,24,4,HeaderCompressionOff = 1 AND filterOff = 1 AND tmOff = 1,HeaderCompressionOff AND filterOff AND BlockSize > 16.5,0,1.0,1.0,1.0,13
random_5,60,9,HeaderCompressionOff = 1 AND filterOff = 1 AND tmOff = 1,HeaderCompressionOff AND filterOff AND tmOff,0,1.0,1.0,1.0,13
random_10,120,14,HeaderCompressionOff = 1 AND filterOff = 1 AND tmOff = 1,HeaderCompressionOff AND tmOff AND filterOff,0,1.0,1.0,1.0,13
random_20,240,26,HeaderCompressionOff = 1 AND filterOff = 1 AND tmOff = 1,tmOff AND filterOff AND HeaderCompressionOff,0,1.0,1.0,1.0,13
2-wise,172,24,HeaderCompressionOff = 1 AND filterOff = 1 AND tmOff = 1,tmOff AND HeaderCompressionOff AND filterOff,0,1.0,1.0,1.0,13
3-wise,1112,130,HeaderCompressionOff = 1 AND filterOff = 1 AND tmOff = 1,tmOff AND HeaderCompressionOff AND filterOff,0,1.0,1.0,1.0,13
4-wise,4890,594,HeaderCompressionOff = 1 AND filterOff = 1 AND tmOff = 1,HeaderCompressionOff AND filterOff AND tmOff,0,1.0,1.0,1.0,13
full,68640,8580,HeaderCompressionOff = 1 AND filterOff = 1 AND tmOff = 1,HeaderCompressionOff AND tmOff AND filterOff,0,1.0,1.0,1.0,14
random_2,24,4,HeaderCompressionOff = 1 AND filterOff = 1 AND tmOff = 1,filterOff AND tmOff AND HeaderCompressionOff,4,1.0,1.0,1.0,14
random_5,60,10,HeaderCompressionOff = 1 AND filterOff = 1 AND tmOff = 1,tmOff AND filterOff AND HeaderCompressionOff,0,1.0,1.0,1.0,14
random_10,120,16,HeaderCompressionOff = 1 AND filterOff = 1 AND tmOff = 1,tmOff AND HeaderCompressionOff AND filterOff,0,1.0,1.0,1.0,14
random_20,240,37,HeaderCompressionOff = 1 AND filterOff = 1 AND tmOff = 1,HeaderCompressionOff AND tmOff AND filterOff,0,1.0,1.0,1.0,14
2-wise,168,19,HeaderCompressionOff = 1 AND filterOff = 1 AND tmOff = 1,tmOff AND filterOff AND HeaderCompressionOff,0,1.0,1.0,1.0,14
3-wise,1126,158,HeaderCompressionOff = 1 AND filterOff = 1 AND tmOff = 1,HeaderCompressionOff AND tmOff AND filterOff,0,1.0,1.0,1.0,14
4-wise,4862,568,HeaderCompressionOff = 1 AND filterOff = 1 AND tmOff = 1,filterOff AND tmOff AND HeaderCompressionOff,0,1.0,1.0,1.0,14
full,68640,8580,HeaderCompressionOff = 1 AND filterOff = 1 AND tmOff = 1,filterOff AND HeaderCompressionOff AND tmOff,0,1.0,1.0,1.0,15
random_2,24,6,HeaderCompressionOff = 1 AND filterOff = 1 AND tmOff = 1,NOT mtOff AND filterOff AND BlockSize > 2.5 AND x > 1.0,0,0.9090909090909092,1.0,0.8333333333333334,15
random_5,60,12,HeaderCompressionOff = 1 AND filterOff = 1 AND tmOff = 1,tmOff AND HeaderCompressionOff AND filterOff,1,1.0,1.0,1.0,15
random_10,120,21,HeaderCompressionOff = 1 AND filterOff = 1 AND tmOff = 1,filterOff AND HeaderCompressionOff AND tmOff,0,1.0,1.0,1.0,15
random_20,240,32,HeaderCompressionOff = 1 AND filterOff = 1 AND tmOff = 1,tmOff AND HeaderCompressionOff AND filterOff,0,1.0,1.0,1.0,15
2-wise,166,23,HeaderCompressionOff = 1 AND filterOff = 1 AND tmOff = 1,HeaderCompressionOff AND filterOff AND tmOff,0,1.0,1.0,1.0,15
3-wise,1094,146,HeaderCompressionOff = 1 AND filterOff = 1 AND tmOff = 1,tmOff AND filterOff AND HeaderCompressionOff,0,1.0,1.0,1.0,15
4-wise,4850,618,HeaderCompressionOff = 1 AND filterOff = 1 AND tmOff = 1,HeaderCompressionOff AND tmOff AND filterOff,0,1.0,1.0,1.0,15
full,68640,8580,filterOff = 1 AND mtOff = 1 AND tmOff = 1,filterOff AND mtOff AND tmOff,0,1.0,1.0,1.0,16
random_2,24,1,filterOff = 1 AND mtOff = 1 AND tmOff = 1,BlockSize <= 3072.0 AND BlockSize <= 6.0 AND NOT BZip2 AND Files <= 75.0,0,0.0,0.0,0.0,16
random_5,60,4,filterOff = 1 AND mtOff = 1 AND tmOff = 1,mtOff AND BlockSize > 1.5 AND PPMd,1,0.3333333333333333,0.5,0.25,16
random_10,120,11,filterOff = 1 AND mtOff = 1 AND tmOff = 1,Files > 85.0 AND tmOff AND BlockSize > 320.0 AND BlockSize <= 2560.0,1,0.4705882352941177,0.6666666666666666,0.3636363636363636,16
random_20,240,27,filterOff = 1 AND mtOff = 1 AND tmOff = 1,filterOff AND tmOff AND mtOff,0,1.0,1.0,1.0,16
2-wise,167,23,filterOff = 1 AND mtOff = 1 AND tmOff = 1,mtOff AND filterOff AND tmOff,0,1.0,1.0,1.0,16
3-wise,1112,134,filterOff = 1 AND mtOff = 1 AND tmOff = 1,mtOff AND tmOff AND filterOff,0,1.0,1.0,1.0,16
4-wise,4893,640,filterOff = 1 AND mtOff = 1 AND tmOff = 1,mtOff AND tmOff AND filterOff,0,1.0,1.0,1.0,16
full,68640,8580,HeaderCompressionOff = 1 AND mtOff = 1 AND tmOff = 1,HeaderCompressionOff AND mtOff AND tmOff,0,1.0,1.0,1.0,17
random_5,60,4,HeaderCompressionOff = 1 AND mtOff = 1 AND tmOff = 1,BlockSize > 3072.0 AND mtOff AND x > 4.0,1,0.6666666666666666,1.0,0.5,17
random_10,120,11,HeaderCompressionOff = 1 AND mtOff = 1 AND tmOff = 1,tmOff AND HeaderCompressionOff AND mtOff,0,1.0,1.0,1.0,17
random_20,240,27,HeaderCompressionOff = 1 AND mtOff = 1 AND tmOff = 1,HeaderCompressionOff AND mtOff AND tmOff,0,1.0,1.0,1.0,17
2-wise,164,20,HeaderCompressionOff = 1 AND mtOff = 1 AND tmOff = 1,HeaderCompressionOff AND tmOff AND mtOff,1,1.0,1.0,1.0,17
3-wise,1122,158,HeaderCompressionOff = 1 AND mtOff = 1 AND tmOff = 1,HeaderCompressionOff AND tmOff AND mtOff,0,1.0,1.0,1.0,17
4-wise,4887,611,HeaderCompressionOff = 1 AND mtOff = 1 AND tmOff = 1,tmOff AND mtOff AND HeaderCompressionOff,0,1.0,1.0,1.0,17
full,68640,8580,HeaderCompressionOff = 1 AND mtOff = 1 AND tmOff = 1,mtOff AND HeaderCompressionOff AND tmOff,0,1.0,1.0,1.0,18
random_2,24,1,HeaderCompressionOff = 1 AND mtOff = 1 AND tmOff = 1,PPMd AND NOT mtOff AND x > 4.0,0,0.0,0.0,0.0,18
random_5,60,4,HeaderCompressionOff = 1 AND mtOff = 1 AND tmOff = 1,BlockSize <= 12.0 AND x <= 3.0 AND NOT LZMA,0,0.0,0.0,0.0,18
random_10,120,8,HeaderCompressionOff = 1 AND mtOff = 1 AND tmOff = 1,NOT HeaderCompressionOff AND x > 1.0 AND tmOff AND x > 7.0,0,0.0,0.0,0.0,18
random_20,240,23,HeaderCompressionOff = 1 AND mtOff = 1 AND tmOff = 1,tmOff AND HeaderCompressionOff AND mtOff,1,1.0,1.0,1.0,18
2-wise,170,15,HeaderCompressionOff = 1 AND mtOff = 1 AND tmOff = 1,NOT LZMA AND PPMd AND BlockSize > 384.0 AND x > 3.0,3,0.1818181818181818,0.2857142857142857,0.1333333333333333,18
3-wise,1127,149,HeaderCompressionOff = 1 AND mtOff = 1 AND tmOff = 1,tmOff AND mtOff AND HeaderCompressionOff,0,1.0,1.0,1.0,18
4-wise,4853,635,HeaderCompressionOff = 1 AND mtOff = 1 AND tmOff = 1,HeaderCompressionOff AND mtOff AND tmOff,0,1.0,1.0,1.0,18
full,68640,8580,HeaderCompressionOff = 1 AND mtOff = 1 AND tmOff = 1,tmOff AND mtOff AND HeaderCompressionOff,0,1.0,1.0,1.0,19
random_2,24,3,HeaderCompressionOff = 1 AND mtOff = 1 AND tmOff = 1,Files > 5.0 AND Files > 25.0 AND tmOff AND mtOff,3,0.8571428571428571,0.75,1.0,19
random_5,60,4,HeaderCompressionOff = 1 AND mtOff = 1 AND tmOff = 1,x > 3.0 AND x <= 5.0,3,0.1176470588235294,0.0769230769230769,0.25,19
random_10,120,10,HeaderCompressionOff = 1 AND mtOff = 1 AND tmOff = 1,NOT BZip2 AND Files <= 95.0 AND NOT LZMA,3,0.1666666666666666,0.0945945945945946,0.7,19
random_20,240,23,HeaderCompressionOff = 1 AND mtOff = 1 AND tmOff = 1,NOT PPMd,3,0.1608040201005025,0.0909090909090909,0.6956521739130435,19
2-wise,164,13,HeaderCompressionOff = 1 AND mtOff = 1 AND tmOff = 1,Files <= 85.0 AND NOT LZMA2,3,0.144,0.0803571428571428,0.6923076923076923,19
3-wise,1114,165,HeaderCompressionOff = 1 AND mtOff = 1 AND tmOff = 1,mtOff AND tmOff AND HeaderCompressionOff,0,1.0,1.0,1.0,19
4-wise,4869,636,HeaderCompressionOff = 1 AND mtOff = 1 AND tmOff = 1,HeaderCompressionOff AND mtOff AND tmOff,0,1.0,1.0,1.0,19
full,68640,8580,filterOff = 1 AND mtOff = 1 AND tmOff = 1,filterOff AND tmOff AND mtOff,0,1.0,1.0,1.0,1
random_2,24,1,filterOff = 1 AND mtOff = 1 AND tmOff = 1,x <= 9.0 AND x > 1.0 AND BlockSize <= 24.0 AND NOT LZMA2,0,0.0,0.0,0.0,1
random_5,60,4,filterOff = 1 AND mtOff = 1 AND tmOff = 1,BlockSize > 24.0 AND x > 7.0 AND BlockSize > 1536.0 AND Files <= 50.0,0,0.6666666666666666,1.0,0.5,1
random_10,120,10,filterOff = 1 AND mtOff = 1 AND tmOff = 1,filterOff AND tmOff AND mtOff,0,1.0,1.0,1.0,1
random_20,240,22,filterOff = 1 AND mtOff = 1 AND tmOff = 1,tmOff AND filterOff AND mtOff,0,1.0,1.0,1.0,1
2-wise,171,20,filterOff = 1 AND mtOff = 1 AND tmOff = 1,filterOff AND tmOff AND mtOff,0,1.0,1.0,1.0,1
3-wise,1108,132,filterOff = 1 AND mtOff = 1 AND tmOff = 1,mtOff AND filterOff AND tmOff,0,1.0,1.0,1.0,1
4-wise,4907,604,filterOff = 1 AND mtOff = 1 AND tmOff = 1,tmOff AND mtOff AND filterOff,0,1.0,1.0,1.0,1
full,68640,8580,HeaderCompressionOff = 1 AND filterOff = 1 AND tmOff = 1,filterOff AND HeaderCompressionOff AND tmOff,0,1.0,1.0,1.0,20
random_2,24,3,HeaderCompressionOff = 1 AND filterOff = 1 AND tmOff = 1,x <= 9.0 AND NOT filterOff AND NOT LZMA AND x <= 5.0,0,0.0,0.0,0.0,20
random_5,60,4,HeaderCompressionOff = 1 AND filterOff = 1 AND tmOff = 1,PPMd AND x <= 7.0 AND tmOff AND NOT mtOff,0,0.0,0.0,0.0,20
random_10,120,15,HeaderCompressionOff = 1 AND filterOff = 1 AND tmOff = 1,HeaderCompressionOff AND tmOff AND NOT LZMA2 AND filterOff,1,0.846153846153846,1.0,0.7333333333333333,20
random_20,240,27,HeaderCompressionOff = 1 AND filterOff = 1 AND tmOff = 1,filterOff AND tmOff AND HeaderCompressionOff,1,1.0,1.0,1.0,20
2-wise,166,23,HeaderCompressionOff = 1 AND filterOff = 1 AND tmOff = 1,tmOff AND HeaderCompressionOff AND filterOff,0,1.0,1.0,1.0,20
3-wise,1115,135,HeaderCompressionOff = 1 AND filterOff = 1 AND tmOff = 1,HeaderCompressionOff AND filterOff AND tmOff,0,1.0,1.0,1.0,20
4-wise,4898,603,HeaderCompressionOff = 1 AND filterOff = 1 AND tmOff = 1,filterOff AND HeaderCompressionOff AND tmOff,0,1.0,1.0,1.0,20
full,68640,8580,filterOff = 1 AND mtOff = 1 AND tmOff = 1,filterOff AND tmOff AND mtOff,0,1.0,1.0,1.0,21
random_2,24,2,filterOff = 1 AND mtOff = 1 AND tmOff = 1,mtOff AND tmOff AND filterOff,3,1.0,1.0,1.0,21
random_5,60,8,filterOff = 1 AND mtOff = 1 AND tmOff = 1,mtOff AND Files <= 80.0 AND Files > 65.0,4,0.6666666666666666,1.0,0.5,21
random_10,120,21,filterOff = 1 AND mtOff = 1 AND tmOff = 1,tmOff AND filterOff AND mtOff,0,1.0,1.0,1.0,21
random_20,240,38,filterOff = 1 AND mtOff = 1 AND tmOff = 1,mtOff AND filterOff AND tmOff,0,1.0,1.0,1.0,21
2-wise,168,26,filterOff = 1 AND mtOff = 1 AND tmOff = 1,mtOff AND tmOff AND filterOff,0,1.0,1.0,1.0,21
3-wise,1115,134,filterOff = 1 AND mtOff = 1 AND tmOff = 1,tmOff AND mtOff AND filterOff,0,1.0,1.0,1.0,21
4-wise,4889,595,filterOff = 1 AND mtOff = 1 AND tmOff = 1,mtOff AND tmOff AND filterOff,0,1.0,1.0,1.0,21
full,68640,8580,filterOff = 1 AND mtOff = 1 AND tmOff = 1,filterOff AND tmOff AND mtOff,0,1.0,1.0,1.0,22
random_2,24,4,filterOff = 1 AND mtOff = 1 AND tmOff = 1,filterOff AND mtOff,1,1.0,1.0,1.0,22
random_5,60,9,filterOff = 1 AND mtOff = 1 AND tmOff = 1,tmOff AND filterOff AND mtOff,0,1.0,1.0,1.0,22
random_10,120,14,filterOff = 1 AND mtOff = 1 AND tmOff = 1,tmOff AND filterOff AND mtOff,1,1.0,1.0,1.0,22
random_20,240,35,filterOff = 1 AND mtOff = 1 AND tmOff = 1,tmOff AND filterOff AND mtOff,0,1.0,1.0,1.0,22
2-wise,167,20,filterOff = 1 AND mtOff = 1 AND tmOff = 1,tmOff AND filterOff AND mtOff,0,1.0,1.0,1.0,22
3-wise,1115,128,filterOff = 1 AND mtOff = 1 AND tmOff = 1,filterOff AND tmOff AND mtOff,0,1.0,1.0,1.0,22
4-wise,4901,621,filterOff = 1 AND mtOff = 1 AND tmOff = 1,tmOff AND filterOff AND mtOff,0,1.0,1.0,1.0,22
full,68640,8580,HeaderCompressionOff = 1 AND filterOff = 1 AND mtOff = 1,mtOff AND filterOff AND HeaderCompressionOff,0,1.0,1.0,1.0,23
random_2,24,2,HeaderCompressionOff = 1 AND filterOff = 1 AND mtOff = 1,x > 9.0 AND BlockSize <= 260.0 AND filterOff,0,1.0,1.0,1.0,23
random_5,60,4,HeaderCompressionOff = 1 AND filterOff = 1 AND mtOff = 1,x > 1.0 AND BlockSize <= 12.0 AND x > 9.0 AND BlockSize > 1.5,3,0.75,0.75,0.75,23
random_10,120,20,HeaderCompressionOff = 1 AND filterOff = 1 AND mtOff = 1,filterOff AND mtOff AND HeaderCompressionOff,0,1.0,1.0,1.0,23
random_20,240,35,HeaderCompressionOff = 1 AND filterOff = 1 AND mtOff = 1,filterOff AND HeaderCompressionOff AND mtOff,0,1.0,1.0,1.0,23
2-wise,161,25,HeaderCompressionOff = 1 AND filterOff = 1 AND mtOff = 1,HeaderCompressionOff AND filterOff AND mtOff,0,1.0,1.0,1.0,23
3-wise,1109,137,HeaderCompressionOff = 1 AND filterOff = 1 AND mtOff = 1,filterOff AND HeaderCompressionOff AND mtOff,0,1.0,1.0,1.0,23
4-wise,4915,611,HeaderCompressionOff = 1 AND filterOff = 1 AND mtOff = 1,HeaderCompressionOff AND mtOff AND filterOff,0,1.0,1.0,1.0,23
full,68640,8580,HeaderCompressionOff = 1 AND mtOff = 1 AND tmOff = 1,tmOff AND HeaderCompressionOff AND mtOff,0,1.0,1.0,1.0,24
random_5,60,4,HeaderCompressionOff = 1 AND mtOff = 1 AND tmOff = 1,LZMA AND HeaderCompressionOff AND x <= 7.0,0,0.0,0.0,0.0,24
random_10,120,13,HeaderCompressionOff = 1 AND mtOff = 1 AND tmOff = 1,tmOff AND HeaderCompressionOff AND mtOff,1,1.0,1.0,1.0,24
random_20,240,33,HeaderCompressionOff = 1 AND mtOff = 1 AND tmOff = 1,tmOff AND HeaderCompressionOff AND mtOff,0,1.0,1.0,1.0,24
2-wise,171,28,HeaderCompressionOff = 1 AND mtOff = 1 AND tmOff = 1,mtOff AND tmOff AND HeaderCompressionOff,1,1.0,1.0,1.0,24
3-wise,1085,131,HeaderCompressionOff = 1 AND mtOff = 1 AND tmOff = 1,HeaderCompressionOff AND mtOff AND tmOff,0,1.0,1.0,1.0,24
4-wise,4881,597,HeaderCompressionOff = 1 AND mtOff = 1 AND tmOff = 1,tmOff AND mtOff AND HeaderCompressionOff,0,1.0,1.0,1.0,24
full,68640,8580,HeaderCompressionOff = 1 AND filterOff = 1 AND mtOff = 1,filterOff AND HeaderCompressionOff AND mtOff,0,1.0,1.0,1.0,25
random_2,24,5,HeaderCompressionOff = 1 AND filterOff = 1 AND mtOff = 1,LZMA AND BlockSize > 8.5 AND BlockSize > 80.0,0,0.0,0.0,0.0,25
random_5,60,7,HeaderCompressionOff = 1 AND filterOff = 1 AND mtOff = 1,NOT tmOff AND BlockSize <= 96.0 AND NOT PPMd AND BlockSize > 6.0,0,0.0,0.0,0.0,25
random_10,120,11,HeaderCompressionOff = 1 AND filterOff = 1 AND mtOff = 1,NOT LZMA AND filterOff AND mtOff AND HeaderCompressionOff,1,0.8421052631578948,1.0,0.7272727272727273,25
random_20,240,19,HeaderCompressionOff = 1 AND filterOff = 1 AND mtOff = 1,filterOff AND HeaderCompressionOff AND mtOff,0,1.0,1.0,1.0,25
2-wise,171,8,HeaderCompressionOff = 1 AND filterOff = 1 AND mtOff = 1,NOT HeaderCompressionOff AND NOT tmOff AND Deflate AND mtOff,0,0.0,0.0,0.0,25
3-wise,1125,164,HeaderCompressionOff = 1 AND filterOff = 1 AND mtOff = 1,HeaderCompressionOff AND mtOff AND filterOff,0,1.0,1.0,1.0,25
4-wise,4901,588,HeaderCompressionOff = 1 AND filterOff = 1 AND mtOff = 1,filterOff AND mtOff AND HeaderCompressionOff,0,1.0,1.0,1.0,25
full,68640,8580,HeaderCompressionOff = 1 AND mtOff = 1 AND tmOff = 1,tmOff AND HeaderCompressionOff AND mtOff,0,1.0,1.0,1.0,26
random_2,24,2,HeaderCompressionOff = 1 AND mtOff = 1 AND tmOff = 1,LZMA,3,0.3333333333333333,0.25,0.5,26
random_5,60,7,HeaderCompressionOff = 1 AND mtOff = 1 AND tmOff = 1,NOT mtOff AND BlockSize > 6.0 AND Files > 40.0 AND BlockSize <= 1280.0,0,0.0,0.0,0.0,26
random_10,120,16,HeaderCompressionOff = 1 AND mtOff = 1 AND tmOff = 1,NOT filterOff AND Files <= 75.0,4,0.1311475409836065,0.0888888888888888,0.25,26
random_20,240,33,HeaderCompressionOff = 1 AND mtOff = 1 AND tmOff = 1,x <= 7.0,1,0.2346938775510204,0.1411042944785276,0.696969696969697,26
2-wise,170,24,HeaderCompressionOff = 1 AND mtOff = 1 AND tmOff = 1,NOT BZip2,3,0.2516556291390728,0.1496062992125984,0.7916666666666666,26
3-wise,1109,146,HeaderCompressionOff = 1 AND mtOff = 1 AND tmOff = 1,HeaderCompressionOff AND mtOff AND tmOff,0,1.0,1.0,1.0,26
4-wise,4926,582,HeaderCompressionOff = 1 AND mtOff = 1 AND tmOff = 1,tmOff AND mtOff AND HeaderCompressionOff,0,1.0,1.0,1.0,26
full,68640,8580,filterOff = 1 AND mtOff = 1 AND tmOff = 1,mtOff AND filterOff AND tmOff,0,1.0,1.0,1.0,27
random_2,24,6,filterOff = 1 AND mtOff = 1 AND tmOff = 1,BlockSize > 1536.0 AND BlockSize <= 3072.0,3,0.8,1.0,0.6666666666666666,27
random_5,60,10,filterOff = 1 AND mtOff = 1 AND tmOff = 1,mtOff AND filterOff AND tmOff,1,1.0,1.0,1.0,27
random_10,120,16,filterOff = 1 AND mtOff = 1 AND tmOff = 1,mtOff AND tmOff AND filterOff,0,1.0,1.0,1.0,27
random_20,240,30,filterOff = 1 AND mtOff = 1 AND tmOff = 1,filterOff AND tmOff AND mtOff,1,1.0,1.0,1.0,27
2-wise,173,17,filterOff = 1 AND mtOff = 1 AND tmOff = 1,mtOff AND tmOff AND filterOff,0,1.0,1.0,1.0,27
3-wise,1116,130,filterOff = 1 AND mtOff = 1 AND tmOff = 1,mtOff AND filterOff AND tmOff,0,1.0,1.0,1.0,27
4-wise,4842,607,filterOff = 1 AND mtOff = 1 AND tmOff = 1,tmOff AND mtOff AND filterOff,0,1.0,1.0,1.0,27
full,68640,8580,filterOff = 1 AND mtOff = 1 AND tmOff = 1,tmOff AND mtOff AND filterOff,0,1.0,1.0,1.0,28
random_5,60,5,filterOff = 1 AND mtOff = 1 AND tmOff = 1,filterOff AND mtOff AND NOT LZMA AND BlockSize <= 2560.0,4,0.7692307692307693,0.625,1.0,28
random_10,120,14,filterOff = 1 AND mtOff = 1 AND tmOff = 1,mtOff AND tmOff AND filterOff,0,1.0,1.0,1.0,28
random_20,240,30,filterOff = 1 AND mtOff = 1 AND tmOff = 1,filterOff AND mtOff AND tmOff,0,1.0,1.0,1.0,28
2-wise,166,20,filterOff = 1 AND mtOff = 1 AND tmOff = 1,filterOff AND mtOff AND tmOff,0,1.0,1.0,1.0,28
3-wise,1124,140,filterOff = 1 AND mtOff = 1 AND tmOff = 1,mtOff AND filterOff AND tmOff,0,1.0,1.0,1.0,28
4-wise,4914,634,filterOff = 1 AND mtOff = 1 AND tmOff = 1,filterOff AND mtOff AND tmOff,0,1.0,1.0,1.0,28
full,68640,8580,HeaderCompressionOff = 1 AND filterOff = 1 AND mtOff = 1,mtOff AND filterOff AND HeaderCompressionOff,0,1.0,1.0,1.0,29
random_2,24,4,HeaderCompressionOff = 1 AND filterOff = 1 AND mtOff = 1,x <= 5.0 AND NOT tmOff AND NOT mtOff AND x > 2.0,0,0.0,0.0,0.0,29
random_5,60,9,HeaderCompressionOff = 1 AND filterOff = 1 AND mtOff = 1,Files <= 95.0 AND Files > 5.0 AND NOT Deflate,3,0.2040816326530612,0.125,0.5555555555555556,29
random_10,120,18,HeaderCompressionOff = 1 AND filterOff = 1 AND mtOff = 1,NOT tmOff AND Files > 55.0,4,0.196078431372549,0.1515151515151515,0.2777777777777778,29
random_20,240,33,HeaderCompressionOff = 1 AND filterOff = 1 AND mtOff = 1,Files > 15.0 AND NOT LZMA2,0,0.2320441988950276,0.1418918918918918,0.6363636363636364,29
2-wise,169,23,HeaderCompressionOff = 1 AND filterOff = 1 AND mtOff = 1,Deflate AND x <= 9.0 AND mtOff,4,0.5,0.5238095238095238,0.4782608695652174,29
3-wise,1105,156,HeaderCompressionOff = 1 AND filterOff = 1 AND mtOff = 1,NOT PPMd,0,0.2348484848484848,0.1377777777777777,0.7948717948717948,29
4-wise,4894,637,HeaderCompressionOff = 1 AND filterOff = 1 AND mtOff = 1,BlockSize > 6.0 AND filterOff,1,0.3832288401253919,0.2553524804177545,0.7676609105180534,29
full,68640,8580,filterOff = 1 AND mtOff = 1 AND tmOff = 1,mtOff AND filterOff AND tmOff,0,1.0,1.0,1.0,2
random_2,24,2,filterOff = 1 AND mtOff = 1 AND tmOff = 1,NOT mtOff AND LZMA AND x > 4.0 AND Files > 30.0,0,0.0,0.0,0.0,2
random_5,60,8,filterOff = 1 AND mtOff = 1 AND tmOff = 1,filterOff AND mtOff AND tmOff,2,1.0,1.0,1.0,2
random_10,120,18,filterOff = 1 AND mtOff = 1 AND tmOff = 1,mtOff AND tmOff AND filterOff,0,1.0,1.0,1.0,2
random_20,240,24,filterOff = 1 AND mtOff = 1 AND tmOff = 1,filterOff AND tmOff AND mtOff,0,1.0,1.0,1.0,2
2-wise,169,23,filterOff = 1 AND mtOff = 1 AND tmOff = 1,mtOff AND tmOff AND filterOff,0,1.0,1.0,1.0,2
3-wise,1098,145,filterOff = 1 AND mtOff = 1 AND tmOff = 1,filterOff AND mtOff AND tmOff,0,1.0,1.0,1.0,2
4-wise,4856,616,filterOff = 1 AND mtOff = 1 AND tmOff = 1,tmOff AND mtOff AND filterOff,0,1.0,1.0,1.0,2
full,68640,8580,HeaderCompressionOff = 1 AND mtOff = 1 AND tmOff = 1,HeaderCompressionOff AND mtOff AND tmOff,0,1.0,1.0,1.0,30
random_2,24,5,HeaderCompressionOff = 1 AND mtOff = 1 AND tmOff = 1,NOT HeaderCompressionOff AND NOT LZMA AND NOT BZip2 AND x <= 4.0,0,0.0,0.0,0.0,30
random_5,60,11,HeaderCompressionOff = 1 AND mtOff = 1 AND tmOff = 1,NOT Deflate AND BlockSize <= 384.0,4,0.2790697674418604,0.1875,0.5454545454545454,30
random_10,120,20,HeaderCompressionOff = 1 AND mtOff = 1 AND tmOff = 1,Files <= 35.0,3,0.2539682539682539,0.1860465116279069,0.4,30
random_20,240,30,HeaderCompressionOff = 1 AND mtOff = 1 AND tmOff = 1,Files <= 95.0 AND Files <= 85.0 AND NOT PPMd AND BlockSize <= 3072.0,3,0.232258064516129,0.144,0.6,30
2-wise,168,21,HeaderCompressionOff = 1 AND mtOff = 1 AND tmOff = 1,tmOff,2,0.3853211009174311,0.2386363636363636,1.0,30
3-wise,1125,155,HeaderCompressionOff = 1 AND mtOff = 1 AND tmOff = 1,BlockSize <= 192.0,0,0.2256169212690951,0.1379310344827586,0.6193548387096774,30
4-wise,4854,594,HeaderCompressionOff = 1 AND mtOff = 1 AND tmOff = 1,x > 1.0,0,0.2165769644779332,0.1241668723771908,0.8468013468013468,30
full,68640,8580,HeaderCompressionOff = 1 AND filterOff = 1 AND mtOff = 1,HeaderCompressionOff AND mtOff AND filterOff,0,1.0,1.0,1.0,31
random_2,24,2,HeaderCompressionOff = 1 AND filterOff = 1 AND mtOff = 1,x <= 5.0 AND x > 1.0 AND NOT HeaderCompressionOff AND x <= 3.0,0,0.0,0.0,0.0,31
random_5,60,8,HeaderCompressionOff = 1 AND filterOff = 1 AND mtOff = 1,x > 7.0 AND Files <= 95.0 AND Files > 5.0,2,0.0769230769230769,0.0555555555555555,0.125,31
random_10,120,21,HeaderCompressionOff = 1 AND filterOff = 1 AND mtOff = 1,filterOff AND HeaderCompressionOff AND mtOff,0,1.0,1.0,1.0,31
random_20,240,38,HeaderCompressionOff = 1 AND filterOff = 1 AND mtOff = 1,HeaderCompressionOff AND filterOff AND mtOff,0,1.0,1.0,1.0,31
2-wise,166,31,HeaderCompressionOff = 1 AND filterOff = 1 AND mtOff = 1,filterOff AND BlockSize <= 96.0 AND LZMA AND HeaderCompressionOff,4,0.2285714285714286,1.0,0.1290322580645161,31
3-wise,1119,135,HeaderCompressionOff = 1 AND filterOff = 1 AND mtOff = 1,mtOff AND HeaderCompressionOff AND filterOff,0,1.0,1.0,1.0,31
4-wise,4896,594,HeaderCompressionOff = 1 AND filterOff = 1 AND mtOff = 1,HeaderCompressionOff AND filterOff AND mtOff,0,1.0,1.0,1.0,31
full,68640,8580,HeaderCompressionOff = 1 AND filterOff = 1 AND mtOff = 1,HeaderCompressionOff AND filterOff AND mtOff,0,1.0,1.0,1.0,32
random_2,24,3,HeaderCompressionOff = 1 AND filterOff = 1 AND mtOff = 1,BlockSize <= 1.5,0,0.0,0.0,0.0,32
random_5,60,8,HeaderCompressionOff = 1 AND filterOff = 1 AND mtOff = 1,HeaderCompressionOff AND mtOff AND filterOff,1,1.0,1.0,1.0,32
random_10,120,18,HeaderCompressionOff = 1 AND filterOff = 1 AND mtOff = 1,HeaderCompressionOff AND mtOff AND filterOff,0,1.0,1.0,1.0,32
random_20,240,32,HeaderCompressionOff = 1 AND filterOff = 1 AND mtOff = 1,HeaderCompressionOff AND mtOff AND filterOff,0,1.0,1.0,1.0,32
2-wise,159,22,HeaderCompressionOff = 1 AND filterOff = 1 AND mtOff = 1,HeaderCompressionOff AND mtOff AND filterOff,1,1.0,1.0,1.0,32
3-wise,1112,140,HeaderCompressionOff = 1 AND filterOff = 1 AND mtOff = 1,filterOff AND HeaderCompressionOff AND mtOff,0,1.0,1.0,1.0,32
4-wise,4847,591,HeaderCompressionOff = 1 AND filterOff = 1 AND mtOff = 1,mtOff AND filterOff AND HeaderCompressionOff,0,1.0,1.0,1.0,32
full,68640,8580,HeaderCompressionOff = 1 AND mtOff = 1 AND tmOff = 1,HeaderCompressionOff AND mtOff AND tmOff,0,1.0,1.0,1.0,33
random_2,24,4,HeaderCompressionOff = 1 AND mtOff = 1 AND tmOff = 1,BlockSize <= 192.0 AND HeaderCompressionOff AND Files > 15.0 AND tmOff,0,1.0,1.0,1.0,33
random_5,60,8,HeaderCompressionOff = 1 AND mtOff = 1 AND tmOff = 1,HeaderCompressionOff AND tmOff AND mtOff,0,1.0,1.0,1.0,33
random_10,120,22,HeaderCompressionOff = 1 AND mtOff = 1 AND tmOff = 1,tmOff AND mtOff AND HeaderCompressionOff,0,1.0,1.0,1.0,33
random_20,240,33,HeaderCompressionOff = 1 AND mtOff = 1 AND tmOff = 1,HeaderCompressionOff AND tmOff AND mtOff,0,1.0,1.0,1.0,33
2-wise,161,25,HeaderCompressionOff = 1 AND mtOff = 1 AND tmOff = 1,tmOff AND mtOff AND HeaderCompressionOff,0,1.0,1.0,1.0,33
3-wise,1110,131,HeaderCompressionOff = 1 AND mtOff = 1 AND tmOff = 1,mtOff AND HeaderCompressionOff AND tmOff,0,1.0,1.0,1.0,33
4-wise,4877,592,HeaderCompressionOff = 1 AND mtOff = 1 AND tmOff = 1,HeaderCompressionOff AND mtOff AND tmOff,0,1.0,1.0,1.0,33
full,68640,8580,HeaderCompressionOff = 1 AND mtOff = 1 AND tmOff = 1,tmOff AND HeaderCompressionOff AND mtOff,0,1.0,1.0,1.0,34
random_2,24,1,HeaderCompressionOff = 1 AND mtOff = 1 AND tmOff = 1,BlockSize > 1.5 AND BZip2 AND BlockSize <= 544.0 AND filterOff,2,0.6666666666666666,0.5,1.0,34
random_5,60,6,HeaderCompressionOff = 1 AND mtOff = 1 AND tmOff = 1,Files <= 95.0 AND x <= 5.0 AND BlockSize <= 1280.0,2,0.3225806451612903,0.2,0.8333333333333334,34
random_10,120,15,HeaderCompressionOff = 1 AND mtOff = 1 AND tmOff = 1,HeaderCompressionOff AND x <= 3.0 AND Deflate,4,0.1111111111111111,0.3333333333333333,0.0666666666666666,34
random_20,240,31,HeaderCompressionOff = 1 AND mtOff = 1 AND tmOff = 1,NOT LZMA2 AND tmOff AND BlockSize <= 1536.0 AND BlockSize > 6.0,3,0.3181818181818182,0.2456140350877192,0.4516129032258064,34
2-wise,169,27,HeaderCompressionOff = 1 AND mtOff = 1 AND tmOff = 1,BlockSize > 384.0,3,0.2469135802469135,0.1851851851851851,0.3703703703703703,34
3-wise,1119,125,HeaderCompressionOff = 1 AND mtOff = 1 AND tmOff = 1,x <= 7.0,0,0.2054176072234763,0.1195795006570302,0.728,34
4-wise,4872,589,HeaderCompressionOff = 1 AND mtOff = 1 AND tmOff = 1,x > 1.0,0,0.2167275854654912,0.1240768094534712,0.8556876061120543,34
full,68640,8580,filterOff = 1 AND mtOff = 1 AND tmOff = 1,mtOff AND tmOff AND filterOff,0,1.0,1.0,1.0,35
random_2,24,2,filterOff = 1 AND mtOff = 1 AND tmOff = 1,BlockSize <= 1280.0 AND x <= 7.0 AND NOT LZMA AND x <= 3.0,0,0.0,0.0,0.0,35
random_5,60,7,filterOff = 1 AND mtOff = 1 AND tmOff = 1,mtOff AND tmOff AND filterOff,0,1.0,1.0,1.0,35
random_10,120,12,filterOff = 1 AND mtOff = 1 AND tmOff = 1,mtOff AND tmOff AND filterOff,0,1.0,1.0,1.0,35
random_20,240,24,filterOff = 1 AND mtOff = 1 AND tmOff = 1,mtOff AND tmOff AND filterOff,0,1.0,1.0,1.0,35
2-wise,170,18,filterOff = 1 AND mtOff = 1 AND tmOff = 1,tmOff AND mtOff AND filterOff,0,1.0,1.0,1.0,35
3-wise,1113,139,filterOff = 1 AND mtOff = 1 AND tmOff = 1,mtOff AND filterOff AND tmOff,0,1.0,1.0,1.0,35
4-wise,4894,620,filterOff = 1 AND mtOff = 1 AND tmOff = 1,mtOff AND tmOff AND filterOff,0,1.0,1.0,1.0,35
full,68640,8580,HeaderCompressionOff = 1 AND filterOff = 1 AND tmOff = 1,HeaderCompressionOff AND tmOff AND filterOff,0,1.0,1.0,1.0,36
random_2,24,5,HeaderCompressionOff = 1 AND filterOff = 1 AND tmOff = 1,BlockSize > 1.5 AND filterOff AND HeaderCompressionOff AND BlockSize > 12.0,3,0.6666666666666665,0.75,0.6,36
random_5,60,12,HeaderCompressionOff = 1 AND filterOff = 1 AND tmOff = 1,tmOff AND filterOff AND HeaderCompressionOff,1,1.0,1.0,1.0,36
random_10,120,22,HeaderCompressionOff = 1 AND filterOff = 1 AND tmOff = 1,tmOff AND filterOff AND HeaderCompressionOff,0,1.0,1.0,1.0,36
random_20,240,31,HeaderCompressionOff = 1 AND filterOff = 1 AND tmOff = 1,tmOff AND HeaderCompressionOff AND filterOff,0,1.0,1.0,1.0,36
2-wise,166,22,HeaderCompressionOff = 1 AND filterOff = 1 AND tmOff = 1,HeaderCompressionOff AND tmOff AND filterOff,0,1.0,1.0,1.0,36
3-wise,1097,143,HeaderCompressionOff = 1 AND filterOff = 1 AND tmOff = 1,tmOff AND HeaderCompressionOff AND filterOff,0,1.0,1.0,1.0,36
4-wise,4904,630,HeaderCompressionOff = 1 AND filterOff = 1 AND tmOff = 1,filterOff AND tmOff AND HeaderCompressionOff,0,1.0,1.0,1.0,36
full,68640,8580,HeaderCompressionOff = 1 AND mtOff = 1 AND tmOff = 1,mtOff AND tmOff AND HeaderCompressionOff,0,1.0,1.0,1.0,37
random_2,24,2,HeaderCompressionOff = 1 AND mtOff = 1 AND tmOff = 1,NOT HeaderCompressionOff AND BlockSize <= 768.0 AND x <= 9.0 AND Files > 45.0,0,0.0,0.0,0.0,37
random_5,60,10,HeaderCompressionOff = 1 AND mtOff = 1 AND tmOff = 1,NOT tmOff AND NOT Deflate AND x <= 1.0 AND BlockSize > 130.0,0,0.0,0.0,0.0,37
random_10,120,18,HeaderCompressionOff = 1 AND mtOff = 1 AND tmOff = 1,tmOff AND mtOff AND HeaderCompressionOff,0,1.0,1.0,1.0,37
random_20,240,33,HeaderCompressionOff = 1 AND mtOff = 1 AND tmOff = 1,HeaderCompressionOff AND mtOff AND tmOff,0,1.0,1.0,1.0,37
2-wise,169,25,HeaderCompressionOff = 1 AND mtOff = 1 AND tmOff = 1,HeaderCompressionOff AND tmOff AND mtOff,0,1.0,1.0,1.0,37
3-wise,1103,139,HeaderCompressionOff = 1 AND mtOff = 1 AND tmOff = 1,mtOff AND tmOff AND HeaderCompressionOff,0,1.0,1.0,1.0,37
4-wise,4889,607,HeaderCompressionOff = 1 AND mtOff = 1 AND tmOff = 1,tmOff AND mtOff AND HeaderCompressionOff,0,1.0,1.0,1.0,37
full,68640,8580,HeaderCompressionOff = 1 AND filterOff = 1 AND mtOff = 1,mtOff AND HeaderCompressionOff AND filterOff,0,1.0,1.0,1.0,38
random_2,24,3,HeaderCompressionOff = 1 AND filterOff = 1 AND mtOff = 1,filterOff AND mtOff AND HeaderCompressionOff AND BlockSize > 576.0,4,0.8,1.0,0.6666666666666666,38
random_5,60,10,HeaderCompressionOff = 1 AND filterOff = 1 AND mtOff = 1,BlockSize > 1536.0 AND NOT LZMA AND NOT BZip2 AND Files <= 25.0,1,0.3076923076923076,0.6666666666666666,0.2,38
random_10,120,19,HeaderCompressionOff = 1 AND filterOff = 1 AND mtOff = 1,HeaderCompressionOff AND Files <= 85.0 AND BlockSize > 3072.0 AND x <= 7.0,0,0.0,0.0,0.0,38
random_20,240,33,HeaderCompressionOff = 1 AND filterOff = 1 AND mtOff = 1,filterOff AND mtOff AND HeaderCompressionOff,0,1.0,1.0,1.0,38
2-wise,170,22,HeaderCompressionOff = 1 AND filterOff = 1 AND mtOff = 1,BlockSize <= 768.0,4,0.1948051948051948,0.1136363636363636,0.6818181818181818,38
3-wise,1128,156,HeaderCompressionOff = 1 AND filterOff = 1 AND mtOff = 1,filterOff AND HeaderCompressionOff AND mtOff,0,1.0,1.0,1.0,38
4-wise,4903,610,HeaderCompressionOff = 1 AND filterOff = 1 AND mtOff = 1,HeaderCompressionOff AND filterOff AND mtOff,0,1.0,1.0,1.0,38
full,68640,8580,HeaderCompressionOff = 1 AND filterOff = 1 AND mtOff = 1,HeaderCompressionOff AND filterOff AND mtOff,0,1.0,1.0,1.0,39
random_2,24,6,HeaderCompressionOff = 1 AND filterOff = 1 AND mtOff = 1,NOT Deflate AND Files > 45.0 AND filterOff AND BlockSize <= 3072.0,4,0.8333333333333334,0.8333333333333334,0.8333333333333334,39
random_5,60,13,HeaderCompressionOff = 1 AND filterOff = 1 AND mtOff = 1,x > 1.0 AND BlockSize <= 1.5 AND mtOff AND NOT LZMA,1,0.2666666666666667,1.0,0.1538461538461538,39
random_10,120,19,HeaderCompressionOff = 1 AND filterOff = 1 AND mtOff = 1,PPMd AND Files > 85.0 AND mtOff,1,0.0952380952380952,0.5,0.0526315789473684,39
random_20,240,35,HeaderCompressionOff = 1 AND filterOff = 1 AND mtOff = 1,NOT Deflate AND Files > 25.0,1,0.2298850574712643,0.1438848920863309,0.5714285714285714,39
2-wise,164,22,HeaderCompressionOff = 1 AND filterOff = 1 AND mtOff = 1,mtOff AND filterOff AND NOT BZip2 AND Files <= 85.0,4,0.711111111111111,0.6956521739130435,0.7272727272727273,39
3-wise,1123,143,HeaderCompressionOff = 1 AND filterOff = 1 AND mtOff = 1,mtOff AND NOT LZMA2 AND HeaderCompressionOff AND filterOff,0,0.88715953307393,1.0,0.7972027972027972,39
4-wise,4858,610,HeaderCompressionOff = 1 AND filterOff = 1 AND mtOff = 1,x <= 9.0 AND mtOff AND HeaderCompressionOff AND filterOff,0,0.9028776978417266,1.0,0.8229508196721311,39
full,68640,8580,HeaderCompressionOff = 1 AND mtOff = 1 AND tmOff = 1,tmOff AND HeaderCompressionOff AND mtOff,0,1.0,1.0,1.0,3
random_2,24,3,HeaderCompressionOff = 1 AND mtOff = 1 AND tmOff = 1,mtOff AND tmOff AND x > 4.0,0,0.0,0.0,0.0,3
random_5,60,7,HeaderCompressionOff = 1 AND mtOff = 1 AND tmOff = 1,HeaderCompressionOff AND x <= 3.0 AND NOT mtOff,0,0.0,0.0,0.0,3
random_10,120,15,HeaderCompressionOff = 1 AND mtOff = 1 AND tmOff = 1,HeaderCompressionOff AND tmOff AND mtOff,0,1.0,1.0,1.0,3
random_20,240,32,HeaderCompressionOff = 1 AND mtOff = 1 AND tmOff = 1,tmOff AND HeaderCompressionOff AND mtOff,0,1.0,1.0,1.0,3
2-wise,169,24,HeaderCompressionOff = 1 AND mtOff = 1 AND tmOff = 1,HeaderCompressionOff AND tmOff AND mtOff,0,1.0,1.0,1.0,3
3-wise,1116,133,HeaderCompressionOff = 1 AND mtOff = 1 AND tmOff = 1,tmOff AND mtOff AND HeaderCompressionOff,0,1.0,1.0,1.0,3
4-wise,4866,615,HeaderCompressionOff = 1 AND mtOff = 1 AND tmOff = 1,mtOff AND tmOff AND HeaderCompressionOff,0,1.0,1.0,1.0,3
full,68640,8580,filterOff = 1 AND mtOff = 1 AND tmOff = 1,filterOff AND tmOff AND mtOff,0,1.0,1.0,1.0,40
random_2,24,4,filterOff = 1 AND mtOff = 1 AND tmOff = 1,Files <= 5.0,3,0.6666666666666666,1.0,0.5,40
random_5,60,8,filterOff = 1 AND mtOff = 1 AND tmOff = 1,mtOff AND filterOff AND tmOff,0,1.0,1.0,1.0,40
random_10,120,12,filterOff = 1 AND mtOff = 1 AND tmOff = 1,mtOff AND filterOff AND tmOff,0,1.0,1.0,1.0,40
random_20,240,31,filterOff = 1 AND mtOff = 1 AND tmOff = 1,filterOff AND mtOff AND tmOff,0,1.0,1.0,1.0,40
2-wise,163,18,filterOff = 1 AND mtOff = 1 AND tmOff = 1,tmOff AND filterOff AND mtOff,0,1.0,1.0,1.0,40
3-wise,1115,133,filterOff = 1 AND mtOff = 1 AND tmOff = 1,tmOff AND mtOff AND filterOff,0,1.0,1.0,1.0,40
4-wise,4868,630,filterOff = 1 AND mtOff = 1 AND tmOff = 1,filterOff AND mtOff AND tmOff,0,1.0,1.0,1.0,40
full,68640,8580,HeaderCompressionOff = 1 AND filterOff = 1 AND mtOff = 1,HeaderCompressionOff AND mtOff AND filterOff,0,1.0,1.0,1.0,41
random_2,24,1,HeaderCompressionOff = 1 AND filterOff = 1 AND mtOff = 1,x > 7.0 AND NOT BZip2 AND Files <= 30.0 AND filterOff,0,0.6666666666666666,0.5,1.0,41
random_5,60,4,HeaderCompressionOff = 1 AND filterOff = 1 AND mtOff = 1,BlockSize > 3.0 AND BlockSize <= 96.0 AND x > 1.0 AND Files <= 65.0,0,0.0,0.0,0.0,41
random_10,120,12,HeaderCompressionOff = 1 AND filterOff = 1 AND mtOff = 1,HeaderCompressionOff AND filterOff AND mtOff,1,1.0,1.0,1.0,41
random_20,240,33,HeaderCompressionOff = 1 AND filterOff = 1 AND mtOff = 1,HeaderCompressionOff AND filterOff AND mtOff,0,1.0,1.0,1.0,41
2-wise,172,21,HeaderCompressionOff = 1 AND filterOff = 1 AND mtOff = 1,filterOff AND mtOff AND HeaderCompressionOff,0,1.0,1.0,1.0,41
3-wise,1129,122,HeaderCompressionOff = 1 AND filterOff = 1 AND mtOff = 1,filterOff AND HeaderCompressionOff AND mtOff,0,1.0,1.0,1.0,41
4-wise,4896,555,HeaderCompressionOff = 1 AND filterOff = 1 AND mtOff = 1,mtOff AND filterOff AND HeaderCompressionOff,0,1.0,1.0,1.0,41
full,68640,8580,HeaderCompressionOff = 1 AND filterOff = 1 AND mtOff = 1,filterOff AND HeaderCompressionOff AND mtOff,0,1.0,1.0,1.0,42
random_2,24,3,HeaderCompressionOff = 1 AND filterOff = 1 AND mtOff = 1,Files > 15.0 AND NOT HeaderCompressionOff AND Files > 45.0 AND x <= 6.0,0,0.0,0.0,0.0,42
random_5,60,9,HeaderCompressionOff = 1 AND filterOff = 1 AND mtOff = 1,NOT mtOff AND x > 5.0 AND x <= 9.0 AND Files > 15.0,0,0.0,0.0,0.0,42
random_10,120,17,HeaderCompressionOff = 1 AND filterOff = 1 AND mtOff = 1,mtOff AND Files <= 15.0 AND BlockSize > 10.0 AND BZip2,0,0.0,0.0,0.0,42
random_20,240,30,HeaderCompressionOff = 1 AND filterOff = 1 AND mtOff = 1,Files > 15.0 AND mtOff AND HeaderCompressionOff AND filterOff,0,0.9090909090909092,1.0,0.8333333333333334,42
2-wise,166,25,HeaderCompressionOff = 1 AND filterOff = 1 AND mtOff = 1,NOT HeaderCompressionOff AND BlockSize <= 3.0 AND PPMd AND x > 1.0,0,0.0,0.0,0.0,42
3-wise,1130,136,HeaderCompressionOff = 1 AND filterOff = 1 AND mtOff = 1,HeaderCompressionOff AND filterOff AND mtOff,0,1.0,1.0,1.0,42
4-wise,4862,638,HeaderCompressionOff = 1 AND filterOff = 1 AND mtOff = 1,HeaderCompressionOff AND mtOff AND filterOff,0,1.0,1.0,1.0,42
full,68640,8580,HeaderCompressionOff = 1 AND filterOff = 1 AND tmOff = 1,tmOff AND HeaderCompressionOff AND filterOff,0,1.0,1.0,1.0,43
random_2,24,3,HeaderCompressionOff = 1 AND filterOff = 1 AND tmOff = 1,NOT tmOff AND x <= 6.0 AND NOT Deflate AND NOT HeaderCompressionOff,0,0.0,0.0,0.0,43
random_5,60,10,HeaderCompressionOff = 1 AND filterOff = 1 AND tmOff = 1,tmOff AND BlockSize <= 1.5 AND x > 1.0 AND HeaderCompressionOff,3,0.3333333333333333,1.0,0.2,43
random_10,120,14,HeaderCompressionOff = 1 AND filterOff = 1 AND tmOff = 1,filterOff AND HeaderCompressionOff AND tmOff,0,1.0,1.0,1.0,43
random_20,240,24,HeaderCompressionOff = 1 AND filterOff = 1 AND tmOff = 1,HeaderCompressionOff AND filterOff AND tmOff,0,1.0,1.0,1.0,43
2-wise,164,23,HeaderCompressionOff = 1 AND filterOff = 1 AND tmOff = 1,tmOff AND HeaderCompressionOff AND filterOff,0,1.0,1.0,1.0,43
3-wise,1111,137,HeaderCompressionOff = 1 AND filterOff = 1 AND tmOff = 1,HeaderCompressionOff AND filterOff AND tmOff,0,1.0,1.0,1.0,43
4-wise,4883,615,HeaderCompressionOff = 1 AND filterOff = 1 AND tmOff = 1,HeaderCompressionOff AND tmOff AND filterOff,0,1.0,1.0,1.0,43
full,68640,8580,HeaderCompressionOff = 1 AND mtOff = 1 AND tmOff = 1,mtOff AND tmOff AND HeaderCompressionOff,0,1.0,1.0,1.0,44
random_2,24,2,HeaderCompressionOff = 1 AND mtOff = 1 AND tmOff = 1,Files <= 35.0 AND filterOff AND Files > 25.0 AND BlockSize > 10.0,0,0.0,0.0,0.0,44
random_5,60,14,HeaderCompressionOff = 1 AND mtOff = 1 AND tmOff = 1,tmOff AND Files > 45.0 AND HeaderCompressionOff AND mtOff,0,0.782608695652174,1.0,0.6428571428571429,44
random_10,120,26,HeaderCompressionOff = 1 AND mtOff = 1 AND tmOff = 1,mtOff AND HeaderCompressionOff AND tmOff,0,1.0,1.0,1.0,44
random_20,240,40,HeaderCompressionOff = 1 AND mtOff = 1 AND tmOff = 1,tmOff AND HeaderCompressionOff AND mtOff,0,1.0,1.0,1.0,44
2-wise,166,29,HeaderCompressionOff = 1 AND mtOff = 1 AND tmOff = 1,mtOff AND HeaderCompressionOff AND tmOff,0,1.0,1.0,1.0,44
3-wise,1128,159,HeaderCompressionOff = 1 AND mtOff = 1 AND tmOff = 1,HeaderCompressionOff AND mtOff AND tmOff,0,1.0,1.0,1.0,44
4-wise,4888,654,HeaderCompressionOff = 1 AND mtOff = 1 AND tmOff = 1,mtOff AND HeaderCompressionOff AND tmOff,0,1.0,1.0,1.0,44
full,68640,8580,HeaderCompressionOff = 1 AND filterOff = 1 AND tmOff = 1,filterOff AND tmOff AND HeaderCompressionOff,0,1.0,1.0,1.0,45
random_2,24,6,HeaderCompressionOff = 1 AND filterOff = 1 AND tmOff = 1,filterOff AND HeaderCompressionOff,1,1.0,1.0,1.0,45
random_5,60,7,HeaderCompressionOff = 1 AND filterOff = 1 AND tmOff = 1,filterOff AND HeaderCompressionOff AND NOT Deflate AND tmOff,0,1.0,1.0,1.0,45
random_10,120,14,HeaderCompressionOff = 1 AND filterOff = 1 AND tmOff = 1,HeaderCompressionOff AND tmOff AND filterOff,0,1.0,1.0,1.0,45
random_20,240,28,HeaderCompressionOff = 1 AND filterOff = 1 AND tmOff = 1,tmOff AND filterOff AND HeaderCompressionOff,0,1.0,1.0,1.0,45
2-wise,165,17,HeaderCompressionOff = 1 AND filterOff = 1 AND tmOff = 1,HeaderCompressionOff AND tmOff AND filterOff,0,1.0,1.0,1.0,45
3-wise,1114,115,HeaderCompressionOff = 1 AND filterOff = 1 AND tmOff = 1,tmOff AND filterOff AND HeaderCompressionOff,0,1.0,1.0,1.0,45
4-wise,4846,572,HeaderCompressionOff = 1 AND filterOff = 1 AND tmOff = 1,filterOff AND tmOff AND HeaderCompressionOff,0,1.0,1.0,1.0,45
full,68640,8580,HeaderCompressionOff = 1 AND filterOff = 1 AND mtOff = 1,filterOff AND HeaderCompressionOff AND mtOff,0,1.0,1.0,1.0,46
random_2,24,3,HeaderCompressionOff = 1 AND filterOff = 1 AND mtOff = 1,BlockSize <= 24.0 AND NOT tmOff AND Files <= 70.0 AND NOT LZMA2,4,0.5,0.4,0.6666666666666666,46
random_5,60,7,HeaderCompressionOff = 1 AND filterOff = 1 AND mtOff = 1,Files <= 15.0 AND NOT filterOff AND BlockSize <= 3072.0 AND Files <= 5.0,0,0.0,0.0,0.0,46
random_10,120,18,HeaderCompressionOff = 1 AND filterOff = 1 AND mtOff = 1,Files <= 85.0 AND x > 5.0,1,0.2028985507246377,0.1372549019607843,0.3888888888888889,46
random_20,240,38,HeaderCompressionOff = 1 AND filterOff = 1 AND mtOff = 1,BlockSize <= 3072.0,4,0.2790697674418604,0.1636363636363636,0.9473684210526316,46
2-wise,171,31,HeaderCompressionOff = 1 AND filterOff = 1 AND mtOff = 1,NOT BZip2 AND Files > 65.0 AND x <= 1.0,3,0.1666666666666666,0.6,0.0967741935483871,46
3-wise,1093,134,HeaderCompressionOff = 1 AND filterOff = 1 AND mtOff = 1,mtOff AND filterOff AND HeaderCompressionOff,0,1.0,1.0,1.0,46
4-wise,4889,616,HeaderCompressionOff = 1 AND filterOff = 1 AND mtOff = 1,filterOff AND mtOff AND HeaderCompressionOff,0,1.0,1.0,1.0,46
full,68640,8580,filterOff = 1 AND mtOff = 1 AND tmOff = 1,filterOff AND mtOff AND tmOff,0,1.0,1.0,1.0,47
random_2,24,2,filterOff = 1 AND mtOff = 1 AND tmOff = 1,NOT LZMA AND BlockSize > 96.0 AND HeaderCompressionOff AND filterOff,3,1.0,1.0,1.0,47
random_5,60,8,filterOff = 1 AND mtOff = 1 AND tmOff = 1,filterOff AND mtOff AND tmOff,0,1.0,1.0,1.0,47
random_10,120,15,filterOff = 1 AND mtOff = 1 AND tmOff = 1,filterOff AND BlockSize <= 3072.0 AND tmOff AND mtOff,0,0.888888888888889,1.0,0.8,47
random_20,240,35,filterOff = 1 AND mtOff = 1 AND tmOff = 1,filterOff AND tmOff AND mtOff,0,1.0,1.0,1.0,47
2-wise,170,24,filterOff = 1 AND mtOff = 1 AND tmOff = 1,tmOff AND filterOff AND mtOff,0,1.0,1.0,1.0,47
3-wise,1131,124,filterOff = 1 AND mtOff = 1 AND tmOff = 1,mtOff AND filterOff AND tmOff,0,1.0,1.0,1.0,47
4-wise,4898,627,filterOff = 1 AND mtOff = 1 AND tmOff = 1,mtOff AND tmOff AND filterOff,0,1.0,1.0,1.0,47
full,68640,8580,HeaderCompressionOff = 1 AND filterOff = 1 AND mtOff = 1,HeaderCompressionOff AND filterOff AND mtOff,0,1.0,1.0,1.0,48
random_2,24,4,HeaderCompressionOff = 1 AND filterOff = 1 AND mtOff = 1,PPMd AND filterOff,0,0.8571428571428571,1.0,0.75,48
random_5,60,9,HeaderCompressionOff = 1 AND filterOff = 1 AND mtOff = 1,HeaderCompressionOff AND BlockSize <= 12.0 AND x > 1.0 AND filterOff,1,0.6153846153846153,1.0,0.4444444444444444,48
random_10,120,15,HeaderCompressionOff = 1 AND filterOff = 1 AND mtOff = 1,HeaderCompressionOff AND Files > 65.0 AND mtOff AND filterOff,0,0.5,1.0,0.3333333333333333,48
random_20,240,24,HeaderCompressionOff = 1 AND filterOff = 1 AND mtOff = 1,HeaderCompressionOff AND filterOff AND mtOff,0,1.0,1.0,1.0,48
2-wise,167,15,HeaderCompressionOff = 1 AND filterOff = 1 AND mtOff = 1,HeaderCompressionOff AND filterOff AND mtOff,1,1.0,1.0,1.0,48
3-wise,1125,140,HeaderCompressionOff = 1 AND filterOff = 1 AND mtOff = 1,HeaderCompressionOff AND filterOff AND mtOff,0,1.0,1.0,1.0,48
4-wise,4908,630,HeaderCompressionOff = 1 AND filterOff = 1 AND mtOff = 1,filterOff AND HeaderCompressionOff AND mtOff,0,1.0,1.0,1.0,48
full,68640,8580,HeaderCompressionOff = 1 AND filterOff = 1 AND mtOff = 1,HeaderCompressionOff AND filterOff AND mtOff,0,1.0,1.0,1.0,49
random_2,24,4,HeaderCompressionOff = 1 AND filterOff = 1 AND mtOff = 1,x > 5.0 AND NOT BZip2 AND x <= 9.0 AND BlockSize > 4.5,0,0.4444444444444445,0.4,0.5,49
random_5,60,9,HeaderCompressionOff = 1 AND filterOff = 1 AND mtOff = 1,BlockSize > 768.0 AND Files > 15.0 AND Files <= 75.0 AND x > 2.0,0,0.0,0.0,0.0,49
random_10,120,16,HeaderCompressionOff = 1 AND filterOff = 1 AND mtOff = 1,NOT filterOff AND NOT tmOff AND x <= 5.0 AND BlockSize > 12.0,0,0.0,0.0,0.0,49
random_20,240,34,HeaderCompressionOff = 1 AND filterOff = 1 AND mtOff = 1,LZMA2 AND filterOff AND HeaderCompressionOff AND mtOff,1,0.3809523809523809,1.0,0.2352941176470588,49
2-wise,165,20,HeaderCompressionOff = 1 AND filterOff = 1 AND mtOff = 1,Files > 15.0,2,0.2165605095541401,0.1240875912408759,0.85,49
3-wise,1129,131,HeaderCompressionOff = 1 AND filterOff = 1 AND mtOff = 1,filterOff AND mtOff AND HeaderCompressionOff,0,1.0,1.0,1.0,49
4-wise,4870,587,HeaderCompressionOff = 1 AND filterOff = 1 AND mtOff = 1,filterOff AND HeaderCompressionOff AND mtOff,0,1.0,1.0,1.0,49
full,68640,8580,HeaderCompressionOff = 1 AND filterOff = 1 AND tmOff = 1,filterOff AND HeaderCompressionOff AND tmOff,0,1.0,1.0,1.0,4
random_5,60,6,HeaderCompressionOff = 1 AND filterOff = 1 AND tmOff = 1,NOT LZMA2 AND BlockSize > 24.0 AND mtOff,4,0.16,0.1052631578947368,0.3333333333333333,4
random_10,120,11,HeaderCompressionOff = 1 AND filterOff = 1 AND tmOff = 1,Files <= 95.0 AND x > 5.0 AND BlockSize > 3.0 AND NOT PPMd,4,0.35,0.2413793103448276,0.6363636363636364,4
random_20,240,29,HeaderCompressionOff = 1 AND filterOff = 1 AND tmOff = 1,x <= 5.0 AND NOT filterOff AND Deflate AND Files <= 55.0,0,0.0,0.0,0.0,4
2-wise,163,21,HeaderCompressionOff = 1 AND filterOff = 1 AND tmOff = 1,LZMA AND tmOff AND BlockSize > 36.0 AND BlockSize <= 3072.0,2,0.3846153846153846,1.0,0.238095238095238,4
3-wise,1141,148,HeaderCompressionOff = 1 AND filterOff = 1 AND tmOff = 1,BlockSize <= 1536.0 AND x > 1.0 AND tmOff,2,0.356115107913669,0.2426470588235294,0.668918918918919,4
4-wise,4895,603,HeaderCompressionOff = 1 AND filterOff = 1 AND tmOff = 1,filterOff AND Files <= 65.0 AND HeaderCompressionOff,3,0.561995597945708,0.5039473684210526,0.6351575456053068,4
full,68640,8580,HeaderCompressionOff = 1 AND filterOff = 1 AND mtOff = 1,HeaderCompressionOff AND mtOff AND filterOff,0,1.0,1.0,1.0,50
random_2,24,3,HeaderCompressionOff = 1 AND filterOff = 1 AND mtOff = 1,NOT PPMd AND Files > 15.0 AND NOT tmOff AND filterOff,3,0.3333333333333333,0.3333333333333333,0.3333333333333333,50
random_5,60,6,HeaderCompressionOff = 1 AND filterOff = 1 AND mtOff = 1,NOT LZMA2 AND Files <= 95.0 AND tmOff AND Files > 5.0,0,0.2857142857142857,0.1724137931034483,0.8333333333333334,50
random_10,120,9,HeaderCompressionOff = 1 AND filterOff = 1 AND mtOff = 1,filterOff,3,0.28125,0.1636363636363636,1.0,50
random_20,240,20,HeaderCompressionOff = 1 AND filterOff = 1 AND mtOff = 1,mtOff AND x <= 9.0,4,0.2809917355371901,0.1683168316831683,0.85,50
2-wise,170,13,HeaderCompressionOff = 1 AND filterOff = 1 AND mtOff = 1,NOT filterOff AND Files <= 75.0,0,0.0,0.0,0.0,50
3-wise,1119,131,HeaderCompressionOff = 1 AND filterOff = 1 AND mtOff = 1,Files > 5.0 AND BlockSize <= 768.0,2,0.2161572052401746,0.1261146496815286,0.7557251908396947,50
4-wise,4881,621,HeaderCompressionOff = 1 AND filterOff = 1 AND mtOff = 1,mtOff AND Files <= 35.0 AND HeaderCompressionOff,1,0.4230406043437204,0.5114155251141552,0.3607085346215781,50
full,68640,8580,HeaderCompressionOff = 1 AND filterOff = 1 AND tmOff = 1,HeaderCompressionOff AND tmOff AND filterOff,0,1.0,1.0,1.0,51
random_2,24,4,HeaderCompressionOff = 1 AND filterOff = 1 AND tmOff = 1,x > 5.0 AND Files <= 60.0 AND NOT LZMA AND BlockSize > 32.5,0,0.0,0.0,0.0,51
random_5,60,11,HeaderCompressionOff = 1 AND filterOff = 1 AND tmOff = 1,tmOff AND HeaderCompressionOff AND filterOff,1,1.0,1.0,1.0,51
random_10,120,19,HeaderCompressionOff = 1 AND filterOff = 1 AND tmOff = 1,BlockSize <= 3072.0 AND filterOff AND tmOff AND HeaderCompressionOff,0,1.0,1.0,1.0,51
random_20,240,38,HeaderCompressionOff = 1 AND filterOff = 1 AND tmOff = 1,HeaderCompressionOff AND tmOff AND filterOff,0,1.0,1.0,1.0,51
2-wise,167,24,HeaderCompressionOff = 1 AND filterOff = 1 AND tmOff = 1,HeaderCompressionOff AND x > 3.0 AND tmOff AND filterOff,1,0.7368421052631579,1.0,0.5833333333333334,51
3-wise,1113,166,HeaderCompressionOff = 1 AND filterOff = 1 AND tmOff = 1,filterOff AND tmOff AND HeaderCompressionOff,0,1.0,1.0,1.0,51
4-wise,4903,597,HeaderCompressionOff = 1 AND filterOff = 1 AND tmOff = 1,tmOff AND filterOff AND HeaderCompressionOff,0,1.0,1.0,1.0,51
full,68640,8580,filterOff = 1 AND mtOff = 1 AND tmOff = 1,mtOff AND tmOff AND filterOff,0,1.0,1.0,1.0,52
random_2,24,3,filterOff = 1 AND mtOff = 1 AND tmOff = 1,tmOff AND x > 3.0 AND BlockSize <= 192.0 AND filterOff,4,0.7499999999999999,0.6,1.0,52
random_5,60,4,filterOff = 1 AND mtOff = 1 AND tmOff = 1,Files <= 65.0,2,0.1538461538461538,0.0857142857142857,0.75,52
random_10,120,13,filterOff = 1 AND mtOff = 1 AND tmOff = 1,BlockSize <= 1536.0 AND BlockSize <= 768.0 AND x <= 7.0 AND Files <= 75.0,4,0.1666666666666666,0.1063829787234042,0.3846153846153846,52
random_20,240,21,filterOff = 1 AND mtOff = 1 AND tmOff = 1,Files <= 35.0 AND NOT Deflate,4,0.1428571428571428,0.0952380952380952,0.2857142857142857,52
2-wise,161,18,filterOff = 1 AND mtOff = 1 AND tmOff = 1,tmOff AND Files <= 55.0,0,0.2253521126760563,0.1509433962264151,0.4444444444444444,52
3-wise,1110,131,filterOff = 1 AND mtOff = 1 AND tmOff = 1,Files <= 65.0 AND filterOff AND BlockSize > 1.5,2,0.3326039387308533,0.2331288343558282,0.5801526717557252,52
4-wise,4900,579,filterOff = 1 AND mtOff = 1 AND tmOff = 1,filterOff AND mtOff AND tmOff,0,1.0,1.0,1.0,52
full,68640,8580,HeaderCompressionOff = 1 AND filterOff = 1 AND tmOff = 1,HeaderCompressionOff AND filterOff AND tmOff,0,1.0,1.0,1.0,53
random_2,24,2,HeaderCompressionOff = 1 AND filterOff = 1 AND tmOff = 1,NOT PPMd AND HeaderCompressionOff AND tmOff AND filterOff,3,1.0,1.0,1.0,53
random_5,60,11,HeaderCompressionOff = 1 AND filterOff = 1 AND tmOff = 1,NOT Deflate AND NOT filterOff AND NOT LZMA2 AND BlockSize > 1536.0,0,0.0,0.0,0.0,53
random_10,120,16,HeaderCompressionOff = 1 AND filterOff = 1 AND tmOff = 1,x > 9.0 AND tmOff AND HeaderCompressionOff AND Files > 25.0,3,0.2222222222222222,1.0,0.125,53
random_20,240,31,HeaderCompressionOff = 1 AND filterOff = 1 AND tmOff = 1,BlockSize <= 768.0 AND NOT PPMd,4,0.2295081967213115,0.1381578947368421,0.6774193548387096,53
2-wise,171,20,HeaderCompressionOff = 1 AND filterOff = 1 AND tmOff = 1,Files <= 65.0,4,0.1538461538461538,0.0909090909090909,0.5,53
3-wise,1115,130,HeaderCompressionOff = 1 AND filterOff = 1 AND tmOff = 1,HeaderCompressionOff AND tmOff AND filterOff,0,1.0,1.0,1.0,53
4-wise,4868,620,HeaderCompressionOff = 1 AND filterOff = 1 AND tmOff = 1,HeaderCompressionOff AND filterOff AND tmOff,0,1.0,1.0,1.0,53
full,68640,8580,HeaderCompressionOff = 1 AND mtOff = 1 AND tmOff = 1,tmOff AND mtOff AND HeaderCompressionOff,0,1.0,1.0,1.0,54
random_2,24,2,HeaderCompressionOff = 1 AND mtOff = 1 AND tmOff = 1,BlockSize <= 3072.0 AND x > 5.0 AND NOT HeaderCompressionOff,0,0.0,0.0,0.0,54
random_5,60,7,HeaderCompressionOff = 1 AND mtOff = 1 AND tmOff = 1,LZMA AND filterOff AND x <= 5.0 AND BlockSize > 8.5,0,0.4,0.6666666666666666,0.2857142857142857,54
random_10,120,10,HeaderCompressionOff = 1 AND mtOff = 1 AND tmOff = 1,BlockSize <= 48.0,4,0.0845070422535211,0.0491803278688524,0.3,54
random_20,240,23,HeaderCompressionOff = 1 AND mtOff = 1 AND tmOff = 1,NOT tmOff AND NOT PPMd,0,0.0,0.0,0.0,54
2-wise,171,19,HeaderCompressionOff = 1 AND mtOff = 1 AND tmOff = 1,NOT mtOff AND BlockSize > 192.0 AND x <= 1.0 AND Files > 15.0,0,0.0,0.0,0.0,54
3-wise,1129,157,HeaderCompressionOff = 1 AND mtOff = 1 AND tmOff = 1,Files > 25.0 AND BlockSize > 1.5 AND mtOff AND HeaderCompressionOff,3,0.632768361581921,0.5685279187817259,0.7133757961783439,54
4-wise,4874,635,HeaderCompressionOff = 1 AND mtOff = 1 AND tmOff = 1,tmOff AND mtOff AND HeaderCompressionOff,0,1.0,1.0,1.0,54
full,68640,8580,HeaderCompressionOff = 1 AND mtOff = 1 AND tmOff = 1,tmOff AND mtOff AND HeaderCompressionOff,0,1.0,1.0,1.0,55
random_2,24,2,HeaderCompressionOff = 1 AND mtOff = 1 AND tmOff = 1,mtOff AND tmOff AND HeaderCompressionOff,3,1.0,1.0,1.0,55
random_5,60,9,HeaderCompressionOff = 1 AND mtOff = 1 AND tmOff = 1,HeaderCompressionOff AND tmOff AND mtOff,1,1.0,1.0,1.0,55
random_10,120,17,HeaderCompressionOff = 1 AND mtOff = 1 AND tmOff = 1,mtOff AND tmOff AND HeaderCompressionOff,0,1.0,1.0,1.0,55
random_20,240,33,HeaderCompressionOff = 1 AND mtOff = 1 AND tmOff = 1,HeaderCompressionOff AND tmOff AND mtOff,0,1.0,1.0,1.0,55
2-wise,165,24,HeaderCompressionOff = 1 AND mtOff = 1 AND tmOff = 1,tmOff AND mtOff AND HeaderCompressionOff,0,1.0,1.0,1.0,55
3-wise,1110,139,HeaderCompressionOff = 1 AND mtOff = 1 AND tmOff = 1,HeaderCompressionOff AND tmOff AND mtOff,0,1.0,1.0,1.0,55
4-wise,4910,608,HeaderCompressionOff = 1 AND mtOff = 1 AND tmOff = 1,mtOff AND HeaderCompressionOff AND tmOff,0,1.0,1.0,1.0,55
full,68640,8580,HeaderCompressionOff = 1 AND filterOff = 1 AND tmOff = 1,HeaderCompressionOff AND tmOff AND filterOff,0,1.0,1.0,1.0,56
random_2,24,4,HeaderCompressionOff = 1 AND filterOff = 1 AND tmOff = 1,PPMd AND tmOff AND BlockSize > 384.0,1,0.6666666666666666,1.0,0.5,56
random_5,60,6,HeaderCompressionOff = 1 AND filterOff = 1 AND tmOff = 1,Files > 15.0 AND tmOff AND filterOff AND HeaderCompressionOff,0,1.0,1.0,1.0,56
random_10,120,16,HeaderCompressionOff = 1 AND filterOff = 1 AND tmOff = 1,HeaderCompressionOff AND filterOff AND tmOff,0,1.0,1.0,1.0,56
random_20,240,34,HeaderCompressionOff = 1 AND filterOff = 1 AND tmOff = 1,filterOff AND tmOff AND HeaderCompressionOff,0,1.0,1.0,1.0,56
2-wise,165,25,HeaderCompressionOff = 1 AND filterOff = 1 AND tmOff = 1,filterOff AND HeaderCompressionOff AND tmOff,0,1.0,1.0,1.0,56
3-wise,1100,135,HeaderCompressionOff = 1 AND filterOff = 1 AND tmOff = 1,HeaderCompressionOff AND filterOff AND tmOff,0,1.0,1.0,1.0,56
4-wise,4853,632,HeaderCompressionOff = 1 AND filterOff = 1 AND tmOff = 1,tmOff AND HeaderCompressionOff AND filterOff,0,1.0,1.0,1.0,56
full,68640,8580,filterOff = 1 AND mtOff = 1 AND tmOff = 1,mtOff AND tmOff AND filterOff,0,1.0,1.0,1.0,57
random_2,24,1,filterOff = 1 AND mtOff = 1 AND tmOff = 1,NOT LZMA AND HeaderCompressionOff AND x <= 6.0 AND Files > 50.0,0,0.0,0.0,0.0,57
random_5,60,8,filterOff = 1 AND mtOff = 1 AND tmOff = 1,NOT tmOff AND HeaderCompressionOff AND x > 7.0 AND BlockSize <= 36.0,0,0.0,0.0,0.0,57
random_10,120,19,filterOff = 1 AND mtOff = 1 AND tmOff = 1,BlockSize <= 1536.0 AND filterOff AND mtOff AND tmOff,1,0.8484848484848484,1.0,0.7368421052631579,57
random_20,240,33,filterOff = 1 AND mtOff = 1 AND tmOff = 1,filterOff AND Files <= 15.0 AND mtOff AND tmOff,2,0.35,1.0,0.2121212121212121,57
2-wise,168,26,filterOff = 1 AND mtOff = 1 AND tmOff = 1,filterOff AND tmOff AND mtOff,0,1.0,1.0,1.0,57
3-wise,1120,131,filterOff = 1 AND mtOff = 1 AND tmOff = 1,filterOff AND mtOff AND tmOff,0,1.0,1.0,1.0,57
4-wise,4895,646,filterOff = 1 AND mtOff = 1 AND tmOff = 1,mtOff AND tmOff AND filterOff,0,1.0,1.0,1.0,57
full,68640,8580,HeaderCompressionOff = 1 AND filterOff = 1 AND mtOff = 1,filterOff AND mtOff AND HeaderCompressionOff,0,1.0,1.0,1.0,58
random_2,24,1,HeaderCompressionOff = 1 AND filterOff = 1 AND mtOff = 1,Files > 5.0 AND NOT LZMA2 AND Files <= 85.0 AND BlockSize > 3.0,0,0.0,0.0,0.0,58
random_5,60,8,HeaderCompressionOff = 1 AND filterOff = 1 AND mtOff = 1,HeaderCompressionOff AND filterOff AND mtOff,0,1.0,1.0,1.0,58
random_10,120,14,HeaderCompressionOff = 1 AND filterOff = 1 AND mtOff = 1,HeaderCompressionOff AND filterOff AND mtOff,0,1.0,1.0,1.0,58
random_20,240,29,HeaderCompressionOff = 1 AND filterOff = 1 AND mtOff = 1,HeaderCompressionOff AND mtOff AND filterOff,0,1.0,1.0,1.0,58
2-wise,172,26,HeaderCompressionOff = 1 AND filterOff = 1 AND mtOff = 1,HeaderCompressionOff AND mtOff AND filterOff,0,1.0,1.0,1.0,58
3-wise,1112,154,HeaderCompressionOff = 1 AND filterOff = 1 AND mtOff = 1,mtOff AND HeaderCompressionOff AND filterOff,0,1.0,1.0,1.0,58
4-wise,4913,637,HeaderCompressionOff = 1 AND filterOff = 1 AND mtOff = 1,HeaderCompressionOff AND mtOff AND filterOff,0,1.0,1.0,1.0,58
full,68640,8580,HeaderCompressionOff = 1 AND filterOff = 1 AND mtOff = 1,mtOff AND HeaderCompressionOff AND filterOff,0,1.0,1.0,1.0,59
random_2,24,4,HeaderCompressionOff = 1 AND filterOff = 1 AND mtOff = 1,x > 7.0 AND tmOff,0,0.0,0.0,0.0,59
random_5,60,8,HeaderCompressionOff = 1 AND filterOff = 1 AND mtOff = 1,Files <= 95.0 AND BlockSize > 1.5 AND Files > 15.0 AND NOT Deflate,4,0.2857142857142857,0.1851851851851851,0.625,59
random_10,120,13,HeaderCompressionOff = 1 AND filterOff = 1 AND mtOff = 1,filterOff AND NOT Deflate AND Files <= 75.0 AND NOT LZMA,4,0.3589743589743589,0.2692307692307692,0.5384615384615384,59
random_20,240,25,HeaderCompressionOff = 1 AND filterOff = 1 AND mtOff = 1,x <= 9.0 AND x > 5.0 AND filterOff AND HeaderCompressionOff,2,0.4081632653061225,0.4166666666666667,0.4,59
2-wise,173,24,HeaderCompressionOff = 1 AND filterOff = 1 AND mtOff = 1,Files <= 95.0 AND BlockSize <= 1536.0 AND Files > 25.0 AND NOT LZMA2,1,0.26,0.1710526315789473,0.5416666666666666,59
3-wise,1133,122,HeaderCompressionOff = 1 AND filterOff = 1 AND mtOff = 1,Files <= 85.0,1,0.1988527724665392,0.1125541125541125,0.8524590163934426,59
4-wise,4872,637,HeaderCompressionOff = 1 AND filterOff = 1 AND mtOff = 1,filterOff AND HeaderCompressionOff,1,0.6663179916317993,0.4996078431372549,1.0,59
full,68640,8580,HeaderCompressionOff = 1 AND mtOff = 1 AND tmOff = 1,mtOff AND tmOff AND HeaderCompressionOff,0,1.0,1.0,1.0,5
random_2,24,3,HeaderCompressionOff = 1 AND mtOff = 1 AND tmOff = 1,BlockSize > 3.0 AND Files > 45.0 AND BlockSize <= 3072.0,3,0.1538461538461538,0.1,0.3333333333333333,5
random_5,60,7,HeaderCompressionOff = 1 AND mtOff = 1 AND tmOff = 1,BlockSize > 1.5,4,0.1967213114754098,0.1111111111111111,0.8571428571428571,5
random_10,120,17,HeaderCompressionOff = 1 AND mtOff = 1 AND tmOff = 1,NOT PPMd AND Files <= 75.0 AND Files > 55.0 AND BlockSize > 1536.0,4,0.1,0.3333333333333333,0.0588235294117647,5
random_20,240,36,HeaderCompressionOff = 1 AND mtOff = 1 AND tmOff = 1,mtOff AND HeaderCompressionOff AND tmOff,0,1.0,1.0,1.0,5
2-wise,169,23,HeaderCompressionOff = 1 AND mtOff = 1 AND tmOff = 1,mtOff AND tmOff AND BlockSize > 3.0 AND HeaderCompressionOff,0,0.85,1.0,0.7391304347826086,5
3-wise,1124,126,HeaderCompressionOff = 1 AND mtOff = 1 AND tmOff = 1,filterOff,1,0.2052785923753665,0.1258992805755395,0.5555555555555556,5
4-wise,4853,627,HeaderCompressionOff = 1 AND mtOff = 1 AND tmOff = 1,tmOff AND HeaderCompressionOff AND mtOff,0,1.0,1.0,1.0,5
full,68640,8580,filterOff = 1 AND mtOff = 1 AND tmOff = 1,mtOff AND tmOff AND filterOff,0,1.0,1.0,1.0,60
random_2,24,7,filterOff = 1 AND mtOff = 1 AND tmOff = 1,tmOff AND filterOff AND mtOff,1,1.0,1.0,1.0,60
random_5,60,12,filterOff = 1 AND mtOff = 1 AND tmOff = 1,Files <= 95.0 AND filterOff AND tmOff AND mtOff,0,0.8571428571428571,1.0,0.75,60
random_10,120,21,filterOff = 1 AND mtOff = 1 AND tmOff = 1,tmOff AND filterOff AND mtOff,0,1.0,1.0,1.0,60
random_20,240,40,filterOff = 1 AND mtOff = 1 AND tmOff = 1,mtOff AND filterOff AND tmOff,0,1.0,1.0,1.0,60
2-wise,171,29,filterOff = 1 AND mtOff = 1 AND tmOff = 1,tmOff AND mtOff AND filterOff,0,1.0,1.0,1.0,60
3-wise,1120,127,filterOff = 1 AND mtOff = 1 AND tmOff = 1,filterOff AND tmOff AND mtOff,0,1.0,1.0,1.0,60
4-wise,4869,558,filterOff = 1 AND mtOff = 1 AND tmOff = 1,mtOff AND tmOff AND filterOff,0,1.0,1.0,1.0,60
full,68640,8580,HeaderCompressionOff = 1 AND filterOff = 1 AND tmOff = 1,filterOff AND HeaderCompressionOff AND tmOff,0,1.0,1.0,1.0,61
random_2,24,3,HeaderCompressionOff = 1 AND filterOff = 1 AND tmOff = 1,BlockSize > 384.0 AND x <= 6.0 AND Files <= 55.0,2,0.4,0.5,0.3333333333333333,61
random_5,60,6,HeaderCompressionOff = 1 AND filterOff = 1 AND tmOff = 1,NOT LZMA AND BlockSize <= 24.0,3,0.1538461538461538,0.1,0.3333333333333333,61
random_10,120,14,HeaderCompressionOff = 1 AND filterOff = 1 AND tmOff = 1,NOT BZip2 AND Files <= 55.0 AND NOT PPMd,2,0.2857142857142857,0.1904761904761904,0.5714285714285714,61
random_20,240,31,HeaderCompressionOff = 1 AND filterOff = 1 AND tmOff = 1,NOT LZMA AND BlockSize > 1.5,2,0.1935483870967742,0.1129032258064516,0.6774193548387096,61
2-wise,173,22,HeaderCompressionOff = 1 AND filterOff = 1 AND tmOff = 1,Files > 45.0 AND NOT LZMA,3,0.1782178217821782,0.1139240506329113,0.4090909090909091,61
3-wise,1118,141,HeaderCompressionOff = 1 AND filterOff = 1 AND tmOff = 1,filterOff,0,0.4057553956834532,0.2545126353790614,1.0,61
4-wise,4868,613,HeaderCompressionOff = 1 AND filterOff = 1 AND tmOff = 1,tmOff AND filterOff AND HeaderCompressionOff,0,1.0,1.0,1.0,61
full,68640,8580,filterOff = 1 AND mtOff = 1 AND tmOff = 1,mtOff AND tmOff AND filterOff,0,1.0,1.0,1.0,62
random_2,24,1,filterOff = 1 AND mtOff = 1 AND tmOff = 1,LZMA AND NOT filterOff AND x <= 9.0 AND NOT mtOff,0,0.0,0.0,0.0,62
random_5,60,2,filterOff = 1 AND mtOff = 1 AND tmOff = 1,Files <= 85.0 AND NOT tmOff AND Files > 5.0 AND BlockSize <= 96.0,0,0.0,0.0,0.0,62
random_10,120,10,filterOff = 1 AND mtOff = 1 AND tmOff = 1,filterOff AND Files > 35.0 AND mtOff AND tmOff,4,0.5714285714285715,1.0,0.4,62
random_20,240,25,filterOff = 1 AND mtOff = 1 AND tmOff = 1,tmOff AND filterOff AND mtOff,0,1.0,1.0,1.0,62
2-wise,169,17,filterOff = 1 AND mtOff = 1 AND tmOff = 1,tmOff AND filterOff AND mtOff,0,1.0,1.0,1.0,62
3-wise,1123,140,filterOff = 1 AND mtOff = 1 AND tmOff = 1,mtOff AND filterOff AND tmOff,0,1.0,1.0,1.0,62
4-wise,4853,593,filterOff = 1 AND mtOff = 1 AND tmOff = 1,filterOff AND tmOff AND mtOff,0,1.0,1.0,1.0,62
full,68640,8580,HeaderCompressionOff = 1 AND filterOff = 1 AND mtOff = 1,mtOff AND HeaderCompressionOff AND filterOff,0,1.0,1.0,1.0,63
random_2,24,7,HeaderCompressionOff = 1 AND filterOff = 1 AND mtOff = 1,mtOff AND HeaderCompressionOff AND filterOff,3,1.0,1.0,1.0,63
random_5,60,12,HeaderCompressionOff = 1 AND filterOff = 1 AND mtOff = 1,BlockSize <= 3072.0 AND HeaderCompressionOff AND NOT LZMA,4,0.5294117647058824,0.4090909090909091,0.75,63
random_10,120,21,HeaderCompressionOff = 1 AND filterOff = 1 AND mtOff = 1,HeaderCompressionOff AND mtOff AND filterOff,0,1.0,1.0,1.0,63
random_20,240,35,HeaderCompressionOff = 1 AND filterOff = 1 AND mtOff = 1,mtOff AND filterOff AND HeaderCompressionOff,0,1.0,1.0,1.0,63
2-wise,166,23,HeaderCompressionOff = 1 AND filterOff = 1 AND mtOff = 1,BlockSize > 384.0 AND x > 7.0 AND filterOff AND Files > 15.0,0,0.0,0.0,0.0,63
3-wise,1121,138,HeaderCompressionOff = 1 AND filterOff = 1 AND mtOff = 1,HeaderCompressionOff AND mtOff AND filterOff,0,1.0,1.0,1.0,63
4-wise,4842,622,HeaderCompressionOff = 1 AND filterOff = 1 AND mtOff = 1,HeaderCompressionOff AND mtOff AND filterOff,0,1.0,1.0,1.0,63
full,68640,8580,HeaderCompressionOff = 1 AND filterOff = 1 AND tmOff = 1,tmOff AND filterOff AND HeaderCompressionOff,0,1.0,1.0,1.0,64
random_2,24,1,HeaderCompressionOff = 1 AND filterOff = 1 AND tmOff = 1,BZip2 AND BlockSize > 3.0,0,0.0,0.0,0.0,64
random_5,60,7,HeaderCompressionOff = 1 AND filterOff = 1 AND tmOff = 1,BlockSize <= 768.0 AND NOT LZMA,2,0.3181818181818182,0.1891891891891892,1.0,64
random_10,120,18,HeaderCompressionOff = 1 AND filterOff = 1 AND tmOff = 1,BlockSize > 3072.0 AND mtOff AND HeaderCompressionOff AND Files > 20.0,4,0.0952380952380952,0.3333333333333333,0.0555555555555555,64
random_20,240,30,HeaderCompressionOff = 1 AND filterOff = 1 AND tmOff = 1,NOT mtOff,2,0.1891891891891891,0.1186440677966101,0.4666666666666667,64
2-wise,167,22,HeaderCompressionOff = 1 AND filterOff = 1 AND tmOff = 1,BlockSize <= 3072.0 AND NOT LZMA2 AND Files > 45.0 AND filterOff,1,0.3174603174603174,0.2439024390243902,0.4545454545454545,64
3-wise,1116,133,HeaderCompressionOff = 1 AND filterOff = 1 AND tmOff = 1,Files > 5.0 AND BlockSize > 3.0 AND HeaderCompressionOff AND filterOff,2,0.5823529411764706,0.4782608695652174,0.7443609022556391,64
4-wise,4903,627,HeaderCompressionOff = 1 AND filterOff = 1 AND tmOff = 1,BlockSize > 12.0,0,0.2189599402836526,0.1297169811320754,0.7017543859649122,64
full,68640,8580,filterOff = 1 AND mtOff = 1 AND tmOff = 1,filterOff AND tmOff AND mtOff,0,1.0,1.0,1.0,65
random_2,24,6,filterOff = 1 AND mtOff = 1 AND tmOff = 1,mtOff AND filterOff,3,0.923076923076923,0.8571428571428571,1.0,65
random_5,60,11,filterOff = 1 AND mtOff = 1 AND tmOff = 1,tmOff AND filterOff AND mtOff,1,1.0,1.0,1.0,65
random_10,120,20,filterOff = 1 AND mtOff = 1 AND tmOff = 1,mtOff AND tmOff AND filterOff,0,1.0,1.0,1.0,65
random_20,240,31,filterOff = 1 AND mtOff = 1 AND tmOff = 1,mtOff AND tmOff AND filterOff,0,1.0,1.0,1.0,65
2-wise,169,20,filterOff = 1 AND mtOff = 1 AND tmOff = 1,mtOff AND filterOff AND tmOff,0,1.0,1.0,1.0,65
3-wise,1104,150,filterOff = 1 AND mtOff = 1 AND tmOff = 1,mtOff AND filterOff AND tmOff,0,1.0,1.0,1.0,65
4-wise,4871,640,filterOff = 1 AND mtOff = 1 AND tmOff = 1,tmOff AND filterOff AND mtOff,0,1.0,1.0,1.0,65
full,68640,8580,HeaderCompressionOff = 1 AND filterOff = 1 AND mtOff = 1,HeaderCompressionOff AND mtOff AND filterOff,0,1.0,1.0,1.0,66
random_2,24,4,HeaderCompressionOff = 1 AND filterOff = 1 AND mtOff = 1,NOT HeaderCompressionOff AND BlockSize > 1.5 AND BlockSize <= 768.0 AND NOT mtOff,0,0.0,0.0,0.0,66
random_5,60,8,HeaderCompressionOff = 1 AND filterOff = 1 AND mtOff = 1,BlockSize > 12.0 AND mtOff AND Files > 55.0 AND x <= 3.0,4,0.6153846153846154,0.8,0.5,66
random_10,120,20,HeaderCompressionOff = 1 AND filterOff = 1 AND mtOff = 1,HeaderCompressionOff AND mtOff AND filterOff,0,1.0,1.0,1.0,66
random_20,240,38,HeaderCompressionOff = 1 AND filterOff = 1 AND mtOff = 1,filterOff AND HeaderCompressionOff AND mtOff,0,1.0,1.0,1.0,66
2-wise,170,23,HeaderCompressionOff = 1 AND filterOff = 1 AND mtOff = 1,filterOff AND HeaderCompressionOff AND mtOff,0,1.0,1.0,1.0,66
3-wise,1110,130,HeaderCompressionOff = 1 AND filterOff = 1 AND mtOff = 1,HeaderCompressionOff AND filterOff AND mtOff,0,1.0,1.0,1.0,66
4-wise,4850,575,HeaderCompressionOff = 1 AND filterOff = 1 AND mtOff = 1,HeaderCompressionOff AND mtOff AND filterOff,0,1.0,1.0,1.0,66
full,68640,8580,filterOff = 1 AND mtOff = 1 AND tmOff = 1,mtOff AND filterOff AND tmOff,0,1.0,1.0,1.0,67
random_2,24,2,filterOff = 1 AND mtOff = 1 AND tmOff = 1,BlockSize <= 1.5 AND Files <= 75.0,1,1.0,1.0,1.0,67
random_5,60,4,filterOff = 1 AND mtOff = 1 AND tmOff = 1,BlockSize > 3072.0 AND tmOff AND x <= 9.0,2,0.3333333333333333,0.5,0.25,67
random_10,120,17,filterOff = 1 AND mtOff = 1 AND tmOff = 1,mtOff AND filterOff AND tmOff,0,1.0,1.0,1.0,67
random_20,240,32,filterOff = 1 AND mtOff = 1 AND tmOff = 1,filterOff AND tmOff AND mtOff,0,1.0,1.0,1.0,67
2-wise,167,23,filterOff = 1 AND mtOff = 1 AND tmOff = 1,filterOff AND mtOff AND tmOff,0,1.0,1.0,1.0,67
3-wise,1131,131,filterOff = 1 AND mtOff = 1 AND tmOff = 1,filterOff AND tmOff AND mtOff,0,1.0,1.0,1.0,67
4-wise,4904,620,filterOff = 1 AND mtOff = 1 AND tmOff = 1,filterOff AND mtOff AND tmOff,0,1.0,1.0,1.0,67
full,68640,8580,HeaderCompressionOff = 1 AND filterOff = 1 AND mtOff = 1,mtOff AND HeaderCompressionOff AND filterOff,0,1.0,1.0,1.0,68
random_2,24,2,HeaderCompressionOff = 1 AND filterOff = 1 AND mtOff = 1,filterOff AND mtOff AND BlockSize <= 384.0 AND Files <= 95.0,4,1.0,1.0,1.0,68
random_5,60,8,HeaderCompressionOff = 1 AND filterOff = 1 AND mtOff = 1,BlockSize > 3.0 AND Files <= 25.0 AND mtOff,2,0.4285714285714285,0.5,0.375,68
random_10,120,19,HeaderCompressionOff = 1 AND filterOff = 1 AND mtOff = 1,tmOff AND filterOff AND mtOff AND HeaderCompressionOff,1,0.8125000000000001,1.0,0.6842105263157895,68
random_20,240,31,HeaderCompressionOff = 1 AND filterOff = 1 AND mtOff = 1,mtOff AND HeaderCompressionOff AND filterOff,0,1.0,1.0,1.0,68
2-wise,163,21,HeaderCompressionOff = 1 AND filterOff = 1 AND mtOff = 1,tmOff AND x > 3.0,4,0.1518987341772152,0.1034482758620689,0.2857142857142857,68
3-wise,1129,125,HeaderCompressionOff = 1 AND filterOff = 1 AND mtOff = 1,mtOff AND filterOff AND HeaderCompressionOff,0,1.0,1.0,1.0,68
4-wise,4855,583,HeaderCompressionOff = 1 AND filterOff = 1 AND mtOff = 1,filterOff AND mtOff AND HeaderCompressionOff,0,1.0,1.0,1.0,68
full,68640,8580,HeaderCompressionOff = 1 AND filterOff = 1 AND tmOff = 1,HeaderCompressionOff AND filterOff AND tmOff,0,1.0,1.0,1.0,69
random_2,24,4,HeaderCompressionOff = 1 AND filterOff = 1 AND tmOff = 1,BZip2 AND HeaderCompressionOff AND Files <= 65.0 AND filterOff,4,1.0,1.0,1.0,69
random_5,60,7,HeaderCompressionOff = 1 AND filterOff = 1 AND tmOff = 1,tmOff AND NOT PPMd AND HeaderCompressionOff AND NOT LZMA,0,1.0,1.0,1.0,69
random_10,120,9,HeaderCompressionOff = 1 AND filterOff = 1 AND tmOff = 1,HeaderCompressionOff AND filterOff AND tmOff,0,1.0,1.0,1.0,69
random_20,240,25,HeaderCompressionOff = 1 AND filterOff = 1 AND tmOff = 1,filterOff AND HeaderCompressionOff AND tmOff,0,1.0,1.0,1.0,69
2-wise,166,20,HeaderCompressionOff = 1 AND filterOff = 1 AND tmOff = 1,filterOff AND HeaderCompressionOff AND tmOff,0,1.0,1.0,1.0,69
3-wise,1118,150,HeaderCompressionOff = 1 AND filterOff = 1 AND tmOff = 1,tmOff AND filterOff AND HeaderCompressionOff,0,1.0,1.0,1.0,69
4-wise,4886,622,HeaderCompressionOff = 1 AND filterOff = 1 AND tmOff = 1,HeaderCompressionOff AND tmOff AND filterOff,0,1.0,1.0,1.0,69
full,68640,8580,filterOff = 1 AND mtOff = 1 AND tmOff = 1,tmOff AND filterOff AND mtOff,0,1.0,1.0,1.0,6
random_2,24,3,filterOff = 1 AND mtOff = 1 AND tmOff = 1,Files > 25.0 AND NOT mtOff AND BlockSize <= 144.0,0,0.0,0.0,0.0,6
random_5,60,6,filterOff = 1 AND mtOff = 1 AND tmOff = 1,NOT LZMA2 AND HeaderCompressionOff AND BlockSize <= 3.0 AND mtOff,0,0.0,0.0,0.0,6
random_10,120,10,filterOff = 1 AND mtOff = 1 AND tmOff = 1,NOT LZMA AND BlockSize <= 3072.0 AND BlockSize <= 1536.0 AND Files <= 45.0,3,0.1851851851851851,0.1136363636363636,0.5,6
random_20,240,31,filterOff = 1 AND mtOff = 1 AND tmOff = 1,Files <= 95.0 AND x > 5.0,4,0.2237762237762238,0.1428571428571428,0.5161290322580645,6
2-wise,165,16,filterOff = 1 AND mtOff = 1 AND tmOff = 1,BlockSize <= 3072.0 AND BlockSize <= 384.0 AND tmOff,0,0.3013698630136986,0.1929824561403508,0.6875,6
3-wise,1116,150,filterOff = 1 AND mtOff = 1 AND tmOff = 1,NOT BZip2,0,0.2509727626459144,0.1469248291571754,0.86,6
4-wise,4883,592,filterOff = 1 AND mtOff = 1 AND tmOff = 1,Files <= 75.0 AND BlockSize <= 768.0 AND BlockSize <= 96.0 AND filterOff,3,0.312778130959949,0.2507645259938837,0.4155405405405405,6
full,68640,8580,HeaderCompressionOff = 1 AND mtOff = 1 AND tmOff = 1,tmOff AND mtOff AND HeaderCompressionOff,0,1.0,1.0,1.0,70
random_2,24,1,HeaderCompressionOff = 1 AND mtOff = 1 AND tmOff = 1,x > 1.0 AND BlockSize > 1.5 AND NOT LZMA2 AND Files > 35.0,0,0.0,0.0,0.0,70
random_5,60,4,HeaderCompressionOff = 1 AND mtOff = 1 AND tmOff = 1,tmOff AND mtOff AND BlockSize > 48.0 AND HeaderCompressionOff,2,0.8571428571428571,1.0,0.75,70
random_10,120,13,HeaderCompressionOff = 1 AND mtOff = 1 AND tmOff = 1,mtOff AND PPMd AND HeaderCompressionOff AND tmOff,0,0.7000000000000001,1.0,0.5384615384615384,70
random_20,240,27,HeaderCompressionOff = 1 AND mtOff = 1 AND tmOff = 1,HeaderCompressionOff AND mtOff AND tmOff,0,1.0,1.0,1.0,70
2-wise,170,20,HeaderCompressionOff = 1 AND mtOff = 1 AND tmOff = 1,HeaderCompressionOff AND mtOff AND tmOff,0,1.0,1.0,1.0,70
3-wise,1110,122,HeaderCompressionOff = 1 AND mtOff = 1 AND tmOff = 1,mtOff AND HeaderCompressionOff AND tmOff,0,1.0,1.0,1.0,70
4-wise,4890,603,HeaderCompressionOff = 1 AND mtOff = 1 AND tmOff = 1,HeaderCompressionOff AND tmOff AND mtOff,0,1.0,1.0,1.0,70
full,68640,8580,filterOff = 1 AND mtOff = 1 AND tmOff = 1,tmOff AND filterOff AND mtOff,0,1.0,1.0,1.0,71
random_2,24,3,filterOff = 1 AND mtOff = 1 AND tmOff = 1,Files <= 25.0 AND tmOff AND mtOff AND LZMA,3,0.4,0.5,0.3333333333333333,71
random_5,60,9,filterOff = 1 AND mtOff = 1 AND tmOff = 1,NOT Deflate AND x > 9.0 AND NOT BZip2 AND tmOff,2,0.4615384615384615,0.75,0.3333333333333333,71
random_10,120,19,filterOff = 1 AND mtOff = 1 AND tmOff = 1,NOT filterOff AND BlockSize <= 6.0 AND NOT BZip2 AND x > 5.0,0,0.0,0.0,0.0,71
random_20,240,34,filterOff = 1 AND mtOff = 1 AND tmOff = 1,NOT mtOff AND BlockSize <= 48.0 AND x <= 9.0 AND NOT PPMd,0,0.0,0.0,0.0,71
2-wise,164,32,filterOff = 1 AND mtOff = 1 AND tmOff = 1,mtOff AND tmOff AND filterOff,0,1.0,1.0,1.0,71
3-wise,1120,120,filterOff = 1 AND mtOff = 1 AND tmOff = 1,NOT Deflate AND mtOff AND filterOff AND tmOff,0,0.846153846153846,1.0,0.7333333333333333,71
4-wise,4868,611,filterOff = 1 AND mtOff = 1 AND tmOff = 1,filterOff AND tmOff AND mtOff,0,1.0,1.0,1.0,71
full,68640,8580,HeaderCompressionOff = 1 AND mtOff = 1 AND tmOff = 1,mtOff AND HeaderCompressionOff AND tmOff,0,1.0,1.0,1.0,72
random_2,24,1,HeaderCompressionOff = 1 AND mtOff = 1 AND tmOff = 1,BlockSize <= 6.0 AND BlockSize > 3.0,0,0.0,0.0,0.0,72
random_5,60,7,HeaderCompressionOff = 1 AND mtOff = 1 AND tmOff = 1,tmOff AND HeaderCompressionOff AND mtOff,1,1.0,1.0,1.0,72
random_10,120,13,HeaderCompressionOff = 1 AND mtOff = 1 AND tmOff = 1,Deflate AND x <= 3.0 AND NOT filterOff AND BlockSize > 17.0,0,0.0,0.0,0.0,72
random_20,240,25,HeaderCompressionOff = 1 AND mtOff = 1 AND tmOff = 1,HeaderCompressionOff AND x <= 7.0 AND tmOff AND mtOff,0,0.9130434782608696,1.0,0.84,72
2-wise,176,21,HeaderCompressionOff = 1 AND mtOff = 1 AND tmOff = 1,NOT LZMA2 AND HeaderCompressionOff AND tmOff AND mtOff,0,0.923076923076923,1.0,0.8571428571428571,72
3-wise,1127,128,HeaderCompressionOff = 1 AND mtOff = 1 AND tmOff = 1,mtOff AND tmOff AND HeaderCompressionOff,0,1.0,1.0,1.0,72
4-wise,4870,602,HeaderCompressionOff = 1 AND mtOff = 1 AND tmOff = 1,mtOff AND tmOff AND HeaderCompressionOff,0,1.0,1.0,1.0,72
full,68640,8580,HeaderCompressionOff = 1 AND filterOff = 1 AND tmOff = 1,HeaderCompressionOff AND filterOff AND tmOff,0,1.0,1.0,1.0,73
random_2,24,3,HeaderCompressionOff = 1 AND filterOff = 1 AND tmOff = 1,x <= 7.0 AND HeaderCompressionOff AND NOT PPMd AND BlockSize > 48.0,3,0.6,0.4285714285714285,1.0,73
random_5,60,12,HeaderCompressionOff = 1 AND filterOff = 1 AND tmOff = 1,tmOff AND filterOff AND BlockSize > 1.5 AND HeaderCompressionOff,0,0.9565217391304348,1.0,0.9166666666666666,73
random_10,120,16,HeaderCompressionOff = 1 AND filterOff = 1 AND tmOff = 1,filterOff AND Files > 55.0 AND HeaderCompressionOff AND tmOff,3,0.5454545454545454,1.0,0.375,73
random_20,240,44,HeaderCompressionOff = 1 AND filterOff = 1 AND tmOff = 1,tmOff AND HeaderCompressionOff AND filterOff,0,1.0,1.0,1.0,73
2-wise,169,28,HeaderCompressionOff = 1 AND filterOff = 1 AND tmOff = 1,tmOff AND filterOff AND HeaderCompressionOff,0,1.0,1.0,1.0,73
3-wise,1112,137,HeaderCompressionOff = 1 AND filterOff = 1 AND tmOff = 1,tmOff AND filterOff AND HeaderCompressionOff,0,1.0,1.0,1.0,73
4-wise,4832,576,HeaderCompressionOff = 1 AND filterOff = 1 AND tmOff = 1,filterOff AND tmOff AND HeaderCompressionOff,0,1.0,1.0,1.0,73
full,68640,8580,filterOff = 1 AND mtOff = 1 AND tmOff = 1,filterOff AND tmOff AND mtOff,0,1.0,1.0,1.0,74
random_2,24,2,filterOff = 1 AND mtOff = 1 AND tmOff = 1,BlockSize > 96.0 AND BlockSize <= 192.0 AND NOT Deflate AND x <= 8.0,3,1.0,1.0,1.0,74
random_5,60,5,filterOff = 1 AND mtOff = 1 AND tmOff = 1,filterOff AND BlockSize > 48.0 AND BlockSize > 1536.0 AND NOT BZip2,0,0.0,0.0,0.0,74
random_10,120,12,filterOff = 1 AND mtOff = 1 AND tmOff = 1,NOT mtOff AND Files > 35.0 AND filterOff AND x <= 9.0,0,0.0,0.0,0.0,74
random_20,240,27,filterOff = 1 AND mtOff = 1 AND tmOff = 1,filterOff AND mtOff AND tmOff,0,1.0,1.0,1.0,74
2-wise,172,19,filterOff = 1 AND mtOff = 1 AND tmOff = 1,mtOff AND NOT PPMd AND tmOff AND filterOff,1,0.6896551724137931,1.0,0.5263157894736842,74
3-wise,1134,144,filterOff = 1 AND mtOff = 1 AND tmOff = 1,tmOff AND mtOff AND filterOff,0,1.0,1.0,1.0,74
4-wise,4871,603,filterOff = 1 AND mtOff = 1 AND tmOff = 1,tmOff AND filterOff AND mtOff,0,1.0,1.0,1.0,74
full,68640,8580,filterOff = 1 AND mtOff = 1 AND tmOff = 1,mtOff AND tmOff AND filterOff,0,1.0,1.0,1.0,75
random_2,24,5,filterOff = 1 AND mtOff = 1 AND tmOff = 1,Files > 15.0 AND tmOff AND NOT BZip2 AND mtOff,1,0.888888888888889,1.0,0.8,75
random_5,60,10,filterOff = 1 AND mtOff = 1 AND tmOff = 1,filterOff AND NOT PPMd AND tmOff AND NOT LZMA,3,0.7826086956521738,0.6923076923076923,0.9,75
random_10,120,20,filterOff = 1 AND mtOff = 1 AND tmOff = 1,tmOff AND filterOff AND mtOff,0,1.0,1.0,1.0,75
random_20,240,26,filterOff = 1 AND mtOff = 1 AND tmOff = 1,filterOff AND tmOff AND mtOff,0,1.0,1.0,1.0,75
2-wise,161,21,filterOff = 1 AND mtOff = 1 AND tmOff = 1,tmOff AND filterOff AND mtOff,0,1.0,1.0,1.0,75
3-wise,1140,126,filterOff = 1 AND mtOff = 1 AND tmOff = 1,mtOff AND tmOff AND filterOff,0,1.0,1.0,1.0,75
4-wise,4852,602,filterOff = 1 AND mtOff = 1 AND tmOff = 1,tmOff AND mtOff AND filterOff,0,1.0,1.0,1.0,75
full,68640,8580,HeaderCompressionOff = 1 AND mtOff = 1 AND tmOff = 1,mtOff AND tmOff AND HeaderCompressionOff,0,1.0,1.0,1.0,76
random_2,24,3,HeaderCompressionOff = 1 AND mtOff = 1 AND tmOff = 1,mtOff AND NOT filterOff,0,1.0,1.0,1.0,76
random_5,60,5,HeaderCompressionOff = 1 AND mtOff = 1 AND tmOff = 1,x <= 7.0 AND BlockSize <= 6.0 AND tmOff,3,0.2857142857142857,0.5,0.2,76
random_10,120,11,HeaderCompressionOff = 1 AND mtOff = 1 AND tmOff = 1,HeaderCompressionOff AND tmOff AND mtOff,0,1.0,1.0,1.0,76
random_20,240,29,HeaderCompressionOff = 1 AND mtOff = 1 AND tmOff = 1,mtOff AND HeaderCompressionOff AND tmOff,0,1.0,1.0,1.0,76
2-wise,170,22,HeaderCompressionOff = 1 AND mtOff = 1 AND tmOff = 1,HeaderCompressionOff AND tmOff AND mtOff,0,1.0,1.0,1.0,76
3-wise,1111,131,HeaderCompressionOff = 1 AND mtOff = 1 AND tmOff = 1,mtOff AND HeaderCompressionOff AND tmOff,0,1.0,1.0,1.0,76
4-wise,4862,629,HeaderCompressionOff = 1 AND mtOff = 1 AND tmOff = 1,mtOff AND HeaderCompressionOff AND tmOff,0,1.0,1.0,1.0,76
full,68640,8580,HeaderCompressionOff = 1 AND filterOff = 1 AND mtOff = 1,filterOff AND HeaderCompressionOff AND mtOff,0,1.0,1.0,1.0,77
random_2,24,6,HeaderCompressionOff = 1 AND filterOff = 1 AND mtOff = 1,NOT HeaderCompressionOff AND BlockSize <= 192.0 AND NOT LZMA2,0,0.0,0.0,0.0,77
random_5,60,10,HeaderCompressionOff = 1 AND filterOff = 1 AND mtOff = 1,BlockSize <= 12.0 AND tmOff AND Files > 15.0 AND BlockSize > 1.5,0,0.0,0.0,0.0,77
random_10,120,15,HeaderCompressionOff = 1 AND filterOff = 1 AND mtOff = 1,filterOff AND HeaderCompressionOff AND mtOff,1,1.0,1.0,1.0,77
random_20,240,27,HeaderCompressionOff = 1 AND filterOff = 1 AND mtOff = 1,filterOff AND mtOff AND HeaderCompressionOff,0,1.0,1.0,1.0,77
2-wise,170,20,HeaderCompressionOff = 1 AND filterOff = 1 AND mtOff = 1,filterOff AND HeaderCompressionOff AND mtOff,0,1.0,1.0,1.0,77
3-wise,1124,145,HeaderCompressionOff = 1 AND filterOff = 1 AND mtOff = 1,filterOff AND HeaderCompressionOff AND mtOff,0,1.0,1.0,1.0,77
4-wise,4886,597,HeaderCompressionOff = 1 AND filterOff = 1 AND mtOff = 1,mtOff AND filterOff AND HeaderCompressionOff,0,1.0,1.0,1.0,77
full,68640,8580,HeaderCompressionOff = 1 AND filterOff = 1 AND mtOff = 1,HeaderCompressionOff AND filterOff AND mtOff,0,1.0,1.0,1.0,78
random_2,24,2,HeaderCompressionOff = 1 AND filterOff = 1 AND mtOff = 1,BlockSize > 3.0 AND NOT HeaderCompressionOff AND NOT mtOff AND NOT LZMA2,0,0.0,0.0,0.0,78
random_5,60,6,HeaderCompressionOff = 1 AND filterOff = 1 AND mtOff = 1,Files <= 65.0 AND NOT LZMA2 AND x > 1.0 AND filterOff,2,0.125,0.1,0.1666666666666666,78
random_10,120,12,HeaderCompressionOff = 1 AND filterOff = 1 AND mtOff = 1,NOT Deflate AND x <= 9.0 AND NOT tmOff AND Files <= 65.0,4,0.2352941176470588,0.1818181818181818,0.3333333333333333,78
random_20,240,27,HeaderCompressionOff = 1 AND filterOff = 1 AND mtOff = 1,Files <= 65.0 AND BlockSize > 12.0 AND NOT LZMA,4,0.1801801801801801,0.119047619047619,0.3703703703703703,78
2-wise,171,21,HeaderCompressionOff = 1 AND filterOff = 1 AND mtOff = 1,x > 1.0 AND NOT tmOff AND BlockSize <= 768.0 AND BlockSize <= 12.0,4,0.1,0.1052631578947368,0.0952380952380952,78
3-wise,1112,148,HeaderCompressionOff = 1 AND filterOff = 1 AND mtOff = 1,x > 5.0,1,0.2088698140200286,0.132486388384755,0.4932432432432432,78
4-wise,4898,611,HeaderCompressionOff = 1 AND filterOff = 1 AND mtOff = 1,mtOff AND HeaderCompressionOff,0,0.658405172413793,0.4907630522088353,1.0,78
full,68640,8580,HeaderCompressionOff = 1 AND mtOff = 1 AND tmOff = 1,HeaderCompressionOff AND mtOff AND tmOff,0,1.0,1.0,1.0,79
random_2,24,2,HeaderCompressionOff = 1 AND mtOff = 1 AND tmOff = 1,x <= 9.0 AND x > 1.0 AND NOT HeaderCompressionOff AND Files <= 60.0,0,0.0,0.0,0.0,79
random_5,60,3,HeaderCompressionOff = 1 AND mtOff = 1 AND tmOff = 1,Files > 65.0 AND tmOff AND NOT LZMA2,1,0.4,0.5,0.3333333333333333,79
random_10,120,9,HeaderCompressionOff = 1 AND mtOff = 1 AND tmOff = 1,tmOff AND mtOff AND HeaderCompressionOff,0,1.0,1.0,1.0,79
random_20,240,31,HeaderCompressionOff = 1 AND mtOff = 1 AND tmOff = 1,mtOff AND HeaderCompressionOff AND tmOff,0,1.0,1.0,1.0,79
2-wise,172,17,HeaderCompressionOff = 1 AND mtOff = 1 AND tmOff = 1,tmOff AND mtOff AND HeaderCompressionOff,0,1.0,1.0,1.0,79
3-wise,1130,134,HeaderCompressionOff = 1 AND mtOff = 1 AND tmOff = 1,mtOff AND HeaderCompressionOff AND tmOff,0,1.0,1.0,1.0,79
4-wise,4865,589,HeaderCompressionOff = 1 AND mtOff = 1 AND tmOff = 1,HeaderCompressionOff AND tmOff AND mtOff,0,1.0,1.0,1.0,79
full,68640,8580,HeaderCompressionOff = 1 AND filterOff = 1 AND tmOff = 1,filterOff AND tmOff AND HeaderCompressionOff,0,1.0,1.0,1.0,7
random_2,24,4,HeaderCompressionOff = 1 AND filterOff = 1 AND tmOff = 1,NOT tmOff AND BlockSize > 1.5 AND NOT BZip2,0,0.0,0.0,0.0,7
random_5,60,10,HeaderCompressionOff = 1 AND filterOff = 1 AND tmOff = 1,BlockSize > 48.0 AND NOT HeaderCompressionOff AND NOT BZip2,0,0.0,0.0,0.0,7
random_10,120,17,HeaderCompressionOff = 1 AND filterOff = 1 AND tmOff = 1,tmOff AND HeaderCompressionOff AND filterOff,1,1.0,1.0,1.0,7
random_20,240,29,HeaderCompressionOff = 1 AND filterOff = 1 AND tmOff = 1,HeaderCompressionOff AND filterOff AND tmOff,0,1.0,1.0,1.0,7
2-wise,167,18,HeaderCompressionOff = 1 AND filterOff = 1 AND tmOff = 1,tmOff AND HeaderCompressionOff AND filterOff,0,1.0,1.0,1.0,7
3-wise,1124,141,HeaderCompressionOff = 1 AND filterOff = 1 AND tmOff = 1,filterOff AND tmOff AND HeaderCompressionOff,0,1.0,1.0,1.0,7
4-wise,4878,625,HeaderCompressionOff = 1 AND filterOff = 1 AND tmOff = 1,HeaderCompressionOff AND filterOff AND tmOff,0,1.0,1.0,1.0,7
full,68640,8580,HeaderCompressionOff = 1 AND mtOff = 1 AND tmOff = 1,tmOff AND mtOff AND HeaderCompressionOff,0,1.0,1.0,1.0,80
random_2,24,2,HeaderCompressionOff = 1 AND mtOff = 1 AND tmOff = 1,NOT PPMd,3,0.0909090909090909,0.05,0.5,80
random_5,60,8,HeaderCompressionOff = 1 AND mtOff = 1 AND tmOff = 1,NOT mtOff AND BlockSize > 12.0 AND NOT LZMA AND Files <= 65.0,0,0.0,0.0,0.0,80
random_10,120,14,HeaderCompressionOff = 1 AND mtOff = 1 AND tmOff = 1,NOT filterOff AND HeaderCompressionOff AND tmOff AND mtOff,0,0.8333333333333333,1.0,0.7142857142857143,80
random_20,240,28,HeaderCompressionOff = 1 AND mtOff = 1 AND tmOff = 1,tmOff AND HeaderCompressionOff AND mtOff,1,1.0,1.0,1.0,80
2-wise,166,21,HeaderCompressionOff = 1 AND mtOff = 1 AND tmOff = 1,mtOff AND HeaderCompressionOff AND tmOff,0,1.0,1.0,1.0,80
3-wise,1116,138,HeaderCompressionOff = 1 AND mtOff = 1 AND tmOff = 1,mtOff AND HeaderCompressionOff AND tmOff,0,1.0,1.0,1.0,80
4-wise,4868,594,HeaderCompressionOff = 1 AND mtOff = 1 AND tmOff = 1,mtOff AND tmOff AND HeaderCompressionOff,0,1.0,1.0,1.0,80
full,68640,8580,HeaderCompressionOff = 1 AND filterOff = 1 AND mtOff = 1,filterOff AND mtOff AND HeaderCompressionOff,0,1.0,1.0,1.0,81
random_2,24,3,HeaderCompressionOff = 1 AND filterOff = 1 AND mtOff = 1,HeaderCompressionOff AND mtOff AND BlockSize > 2.5,1,1.0,1.0,1.0,81
random_5,60,9,HeaderCompressionOff = 1 AND filterOff = 1 AND mtOff = 1,NOT tmOff AND HeaderCompressionOff AND filterOff AND mtOff,3,0.6153846153846153,1.0,0.4444444444444444,81
random_10,120,18,HeaderCompressionOff = 1 AND filterOff = 1 AND mtOff = 1,mtOff AND HeaderCompressionOff AND filterOff,0,1.0,1.0,1.0,81
random_20,240,31,HeaderCompressionOff = 1 AND filterOff = 1 AND mtOff = 1,mtOff AND HeaderCompressionOff AND filterOff,0,1.0,1.0,1.0,81
2-wise,162,17,HeaderCompressionOff = 1 AND filterOff = 1 AND mtOff = 1,HeaderCompressionOff AND NOT LZMA AND mtOff AND filterOff,0,0.9696969696969696,1.0,0.9411764705882352,81
3-wise,1126,129,HeaderCompressionOff = 1 AND filterOff = 1 AND mtOff = 1,filterOff AND HeaderCompressionOff AND mtOff,0,1.0,1.0,1.0,81
4-wise,4903,602,HeaderCompressionOff = 1 AND filterOff = 1 AND mtOff = 1,mtOff AND filterOff AND HeaderCompressionOff,0,1.0,1.0,1.0,81
full,68640,8580,HeaderCompressionOff = 1 AND filterOff = 1 AND tmOff = 1,HeaderCompressionOff AND tmOff AND filterOff,0,1.0,1.0,1.0,82
random_2,24,2,HeaderCompressionOff = 1 AND filterOff = 1 AND tmOff = 1,filterOff AND HeaderCompressionOff AND BlockSize > 513.0,0,1.0,1.0,1.0,82
random_5,60,8,HeaderCompressionOff = 1 AND filterOff = 1 AND tmOff = 1,x <= 5.0 AND LZMA2 AND x <= 1.0,0,0.0,0.0,0.0,82
random_10,120,19,HeaderCompressionOff = 1 AND filterOff = 1 AND tmOff = 1,filterOff AND tmOff AND HeaderCompressionOff,0,1.0,1.0,1.0,82
random_20,240,37,HeaderCompressionOff = 1 AND filterOff = 1 AND tmOff = 1,filterOff AND tmOff AND HeaderCompressionOff,0,1.0,1.0,1.0,82
2-wise,167,23,HeaderCompressionOff = 1 AND filterOff = 1 AND tmOff = 1,filterOff AND HeaderCompressionOff AND tmOff,0,1.0,1.0,1.0,82
3-wise,1122,125,HeaderCompressionOff = 1 AND filterOff = 1 AND tmOff = 1,filterOff AND HeaderCompressionOff AND tmOff,0,1.0,1.0,1.0,82
4-wise,4865,617,HeaderCompressionOff = 1 AND filterOff = 1 AND tmOff = 1,tmOff AND filterOff AND HeaderCompressionOff,0,1.0,1.0,1.0,82
full,68640,8580,HeaderCompressionOff = 1 AND filterOff = 1 AND tmOff = 1,HeaderCompressionOff AND filterOff AND tmOff,0,1.0,1.0,1.0,83
random_2,24,4,HeaderCompressionOff = 1 AND filterOff = 1 AND tmOff = 1,filterOff AND HeaderCompressionOff AND Files > 15.0 AND tmOff,1,1.0,1.0,1.0,83
random_5,60,9,HeaderCompressionOff = 1 AND filterOff = 1 AND tmOff = 1,filterOff AND tmOff AND HeaderCompressionOff,0,1.0,1.0,1.0,83
random_10,120,10,HeaderCompressionOff = 1 AND filterOff = 1 AND tmOff = 1,filterOff AND tmOff AND HeaderCompressionOff,1,1.0,1.0,1.0,83
random_20,240,21,HeaderCompressionOff = 1 AND filterOff = 1 AND tmOff = 1,filterOff AND HeaderCompressionOff AND tmOff,0,1.0,1.0,1.0,83
2-wise,171,19,HeaderCompressionOff = 1 AND filterOff = 1 AND tmOff = 1,filterOff AND HeaderCompressionOff AND tmOff,0,1.0,1.0,1.0,83
3-wise,1112,122,HeaderCompressionOff = 1 AND filterOff = 1 AND tmOff = 1,tmOff AND filterOff AND HeaderCompressionOff,0,1.0,1.0,1.0,83
4-wise,4878,612,HeaderCompressionOff = 1 AND filterOff = 1 AND tmOff = 1,HeaderCompressionOff AND filterOff AND tmOff,0,1.0,1.0,1.0,83
full,68640,8580,HeaderCompressionOff = 1 AND mtOff = 1 AND tmOff = 1,HeaderCompressionOff AND mtOff AND tmOff,0,1.0,1.0,1.0,84
random_5,60,5,HeaderCompressionOff = 1 AND mtOff = 1 AND tmOff = 1,x > 7.0 AND BlockSize > 192.0 AND NOT tmOff,0,0.0,0.0,0.0,84
random_10,120,17,HeaderCompressionOff = 1 AND mtOff = 1 AND tmOff = 1,tmOff AND mtOff AND HeaderCompressionOff,0,1.0,1.0,1.0,84
random_20,240,33,HeaderCompressionOff = 1 AND mtOff = 1 AND tmOff = 1,tmOff AND mtOff AND HeaderCompressionOff,0,1.0,1.0,1.0,84
2-wise,173,25,HeaderCompressionOff = 1 AND mtOff = 1 AND tmOff = 1,mtOff AND tmOff AND HeaderCompressionOff,0,1.0,1.0,1.0,84
3-wise,1125,160,HeaderCompressionOff = 1 AND mtOff = 1 AND tmOff = 1,mtOff AND HeaderCompressionOff AND tmOff,0,1.0,1.0,1.0,84
4-wise,4879,603,HeaderCompressionOff = 1 AND mtOff = 1 AND tmOff = 1,tmOff AND HeaderCompressionOff AND mtOff,0,1.0,1.0,1.0,84
full,68640,8580,filterOff = 1 AND mtOff = 1 AND tmOff = 1,filterOff AND tmOff AND mtOff,0,1.0,1.0,1.0,85
random_2,24,3,filterOff = 1 AND mtOff = 1 AND tmOff = 1,BlockSize > 2.5 AND BlockSize > 768.0 AND filterOff AND BlockSize > 1536.0,4,0.3333333333333333,0.3333333333333333,0.3333333333333333,85
random_5,60,6,filterOff = 1 AND mtOff = 1 AND tmOff = 1,BlockSize <= 3072.0 AND BlockSize > 1.5 AND Files > 35.0,3,0.2702702702702702,0.1612903225806451,0.8333333333333334,85
random_10,120,17,filterOff = 1 AND mtOff = 1 AND tmOff = 1,BlockSize > 1.5 AND BlockSize <= 24.0 AND mtOff AND filterOff,4,0.3846153846153846,0.5555555555555556,0.2941176470588235,85
random_20,240,38,filterOff = 1 AND mtOff = 1 AND tmOff = 1,Files <= 75.0,2,0.289855072463768,0.1775147928994082,0.7894736842105263,85
2-wise,165,22,filterOff = 1 AND mtOff = 1 AND tmOff = 1,Files <= 45.0 AND BlockSize <= 192.0,1,0.2058823529411765,0.1521739130434782,0.3181818181818182,85
3-wise,1122,160,filterOff = 1 AND mtOff = 1 AND tmOff = 1,Files <= 85.0,0,0.2483781278962002,0.1458106637649619,0.8375,85
4-wise,4868,606,filterOff = 1 AND mtOff = 1 AND tmOff = 1,BlockSize <= 192.0,0,0.2044763746891406,0.1228011948224361,0.6105610561056105,85
full,68640,8580,HeaderCompressionOff = 1 AND filterOff = 1 AND mtOff = 1,HeaderCompressionOff AND filterOff AND mtOff,0,1.0,1.0,1.0,86
random_2,24,3,HeaderCompressionOff = 1 AND filterOff = 1 AND mtOff = 1,x <= 9.0 AND BZip2 AND Files <= 65.0,0,0.8,1.0,0.6666666666666666,86
random_5,60,8,HeaderCompressionOff = 1 AND filterOff = 1 AND mtOff = 1,NOT PPMd AND mtOff AND filterOff AND HeaderCompressionOff,0,0.9333333333333332,1.0,0.875,86
random_10,120,15,HeaderCompressionOff = 1 AND filterOff = 1 AND mtOff = 1,filterOff AND mtOff AND HeaderCompressionOff,0,1.0,1.0,1.0,86
random_20,240,27,HeaderCompressionOff = 1 AND filterOff = 1 AND mtOff = 1,mtOff AND filterOff AND HeaderCompressionOff,0,1.0,1.0,1.0,86
2-wise,165,21,HeaderCompressionOff = 1 AND filterOff = 1 AND mtOff = 1,filterOff AND HeaderCompressionOff AND mtOff,0,1.0,1.0,1.0,86
3-wise,1119,130,HeaderCompressionOff = 1 AND filterOff = 1 AND mtOff = 1,filterOff AND HeaderCompressionOff AND mtOff,0,1.0,1.0,1.0,86
4-wise,4824,604,HeaderCompressionOff = 1 AND filterOff = 1 AND mtOff = 1,filterOff AND mtOff AND HeaderCompressionOff,0,1.0,1.0,1.0,86
full,68640,8580,HeaderCompressionOff = 1 AND filterOff = 1 AND mtOff = 1,filterOff AND HeaderCompressionOff AND mtOff,0,1.0,1.0,1.0,87
random_2,24,3,HeaderCompressionOff = 1 AND filterOff = 1 AND mtOff = 1,NOT LZMA AND x > 9.0 AND filterOff,1,0.8,1.0,0.6666666666666666,87
random_5,60,6,HeaderCompressionOff = 1 AND filterOff = 1 AND mtOff = 1,HeaderCompressionOff AND NOT BZip2 AND filterOff AND mtOff,1,1.0,1.0,1.0,87
random_10,120,11,HeaderCompressionOff = 1 AND filterOff = 1 AND mtOff = 1,BlockSize <= 6.0 AND NOT BZip2 AND mtOff AND HeaderCompressionOff,0,0.5333333333333333,1.0,0.3636363636363636,87
random_20,240,26,HeaderCompressionOff = 1 AND filterOff = 1 AND mtOff = 1,mtOff AND filterOff AND HeaderCompressionOff,0,1.0,1.0,1.0,87
2-wise,169,22,HeaderCompressionOff = 1 AND filterOff = 1 AND mtOff = 1,filterOff AND mtOff AND HeaderCompressionOff,0,1.0,1.0,1.0,87
3-wise,1136,130,HeaderCompressionOff = 1 AND filterOff = 1 AND mtOff = 1,HeaderCompressionOff AND mtOff AND filterOff,0,1.0,1.0,1.0,87
4-wise,4886,636,HeaderCompressionOff = 1 AND filterOff = 1 AND mtOff = 1,HeaderCompressionOff AND mtOff AND filterOff,0,1.0,1.0,1.0,87
full,68640,8580,HeaderCompressionOff = 1 AND mtOff = 1 AND tmOff = 1,mtOff AND tmOff AND HeaderCompressionOff,0,1.0,1.0,1.0,88
random_5,60,5,HeaderCompressionOff = 1 AND mtOff = 1 AND tmOff = 1,LZMA AND Files <= 70.0 AND HeaderCompressionOff AND BlockSize <= 72.0,0,0.0,0.0,0.0,88
random_10,120,9,HeaderCompressionOff = 1 AND mtOff = 1 AND tmOff = 1,tmOff AND HeaderCompressionOff AND mtOff,0,1.0,1.0,1.0,88
random_20,240,23,HeaderCompressionOff = 1 AND mtOff = 1 AND tmOff = 1,HeaderCompressionOff AND mtOff AND tmOff,0,1.0,1.0,1.0,88
2-wise,160,16,HeaderCompressionOff = 1 AND mtOff = 1 AND tmOff = 1,tmOff AND mtOff AND HeaderCompressionOff,0,1.0,1.0,1.0,88
3-wise,1117,142,HeaderCompressionOff = 1 AND mtOff = 1 AND tmOff = 1,tmOff AND mtOff AND HeaderCompressionOff,0,1.0,1.0,1.0,88
4-wise,4893,610,HeaderCompressionOff = 1 AND mtOff = 1 AND tmOff = 1,HeaderCompressionOff AND tmOff AND mtOff,0,1.0,1.0,1.0,88
full,68640,8580,filterOff = 1 AND mtOff = 1 AND tmOff = 1,mtOff AND filterOff AND tmOff,0,1.0,1.0,1.0,89
random_2,24,5,filterOff = 1 AND mtOff = 1 AND tmOff = 1,Files <= 95.0 AND BlockSize <= 384.0 AND BlockSize > 192.0 AND mtOff,0,0.5714285714285715,1.0,0.4,89
random_5,60,8,filterOff = 1 AND mtOff = 1 AND tmOff = 1,HeaderCompressionOff AND BlockSize > 192.0 AND BlockSize <= 3072.0,0,0.0,0.0,0.0,89
random_10,120,16,filterOff = 1 AND mtOff = 1 AND tmOff = 1,Files > 75.0 AND BlockSize <= 12.0 AND Files > 85.0,0,0.0,0.0,0.0,89
random_20,240,25,filterOff = 1 AND mtOff = 1 AND tmOff = 1,tmOff AND filterOff AND mtOff,1,1.0,1.0,1.0,89
2-wise,173,20,filterOff = 1 AND mtOff = 1 AND tmOff = 1,tmOff AND mtOff AND filterOff,0,1.0,1.0,1.0,89
3-wise,1101,136,filterOff = 1 AND mtOff = 1 AND tmOff = 1,mtOff AND tmOff AND filterOff,0,1.0,1.0,1.0,89
4-wise,4864,600,filterOff = 1 AND mtOff = 1 AND tmOff = 1,filterOff AND tmOff AND mtOff,0,1.0,1.0,1.0,89
full,68640,8580,HeaderCompressionOff = 1 AND filterOff = 1 AND tmOff = 1,tmOff AND filterOff AND HeaderCompressionOff,0,1.0,1.0,1.0,8
random_2,24,3,HeaderCompressionOff = 1 AND filterOff = 1 AND tmOff = 1,x <= 7.0 AND NOT mtOff AND NOT LZMA AND BlockSize <= 24.0,0,0.0,0.0,0.0,8
random_5,60,12,HeaderCompressionOff = 1 AND filterOff = 1 AND tmOff = 1,BlockSize > 6.0 AND BlockSize <= 1536.0,2,0.2799999999999999,0.1842105263157894,0.5833333333333334,8
random_10,120,15,HeaderCompressionOff = 1 AND filterOff = 1 AND tmOff = 1,Files <= 35.0 AND BlockSize <= 1536.0,1,0.1851851851851851,0.1282051282051282,0.3333333333333333,8
random_20,240,27,HeaderCompressionOff = 1 AND filterOff = 1 AND tmOff = 1,NOT LZMA2 AND tmOff AND BlockSize > 3.0,4,0.3564356435643564,0.2432432432432432,0.6666666666666666,8
2-wise,167,16,HeaderCompressionOff = 1 AND filterOff = 1 AND tmOff = 1,Files > 5.0 AND BlockSize <= 12.0 AND Files <= 95.0,2,0.1724137931034482,0.119047619047619,0.3125,8
3-wise,1117,130,HeaderCompressionOff = 1 AND filterOff = 1 AND tmOff = 1,Files > 15.0 AND Files <= 75.0 AND x <= 7.0 AND HeaderCompressionOff,3,0.2954545454545454,0.2342342342342342,0.4,8
4-wise,4886,608,HeaderCompressionOff = 1 AND filterOff = 1 AND tmOff = 1,x > 1.0 AND BlockSize > 3.0 AND NOT LZMA2 AND filterOff,3,0.3505257886830245,0.251979841612671,0.5756578947368421,8
full,68640,8580,HeaderCompressionOff = 1 AND filterOff = 1 AND tmOff = 1,filterOff AND HeaderCompressionOff AND tmOff,0,1.0,1.0,1.0,90
random_2,24,2,HeaderCompressionOff = 1 AND filterOff = 1 AND tmOff = 1,x > 7.0 AND NOT mtOff AND BlockSize <= 3072.0,0,0.0,0.0,0.0,90
random_5,60,4,HeaderCompressionOff = 1 AND filterOff = 1 AND tmOff = 1,BlockSize > 6.0 AND Files > 35.0 AND BlockSize <= 12.0,0,0.6666666666666666,1.0,0.5,90
random_10,120,10,HeaderCompressionOff = 1 AND filterOff = 1 AND tmOff = 1,HeaderCompressionOff AND BlockSize <= 384.0 AND tmOff AND filterOff,0,0.7499999999999999,1.0,0.6,90
random_20,240,22,HeaderCompressionOff = 1 AND filterOff = 1 AND tmOff = 1,tmOff AND filterOff AND HeaderCompressionOff,1,1.0,1.0,1.0,90
2-wise,163,12,HeaderCompressionOff = 1 AND filterOff = 1 AND tmOff = 1,HeaderCompressionOff AND tmOff AND filterOff,1,1.0,1.0,1.0,90
3-wise,1116,159,HeaderCompressionOff = 1 AND filterOff = 1 AND tmOff = 1,tmOff AND HeaderCompressionOff AND filterOff,0,1.0,1.0,1.0,90
4-wise,4868,594,HeaderCompressionOff = 1 AND filterOff = 1 AND tmOff = 1,HeaderCompressionOff AND tmOff AND filterOff,0,1.0,1.0,1.0,90
full,68640,8580,filterOff = 1 AND mtOff = 1 AND tmOff = 1,filterOff AND mtOff AND tmOff,0,1.0,1.0,1.0,91
random_2,24,2,filterOff = 1 AND mtOff = 1 AND tmOff = 1,NOT filterOff AND x > 1.0 AND Files <= 95.0 AND NOT LZMA2,0,0.0,0.0,0.0,91
random_5,60,8,filterOff = 1 AND mtOff = 1 AND tmOff = 1,filterOff AND tmOff AND mtOff,0,1.0,1.0,1.0,91
random_10,120,12,filterOff = 1 AND mtOff = 1 AND tmOff = 1,mtOff AND tmOff AND filterOff,0,1.0,1.0,1.0,91
random_20,240,26,filterOff = 1 AND mtOff = 1 AND tmOff = 1,filterOff AND tmOff AND mtOff,0,1.0,1.0,1.0,91
2-wise,168,19,filterOff = 1 AND mtOff = 1 AND tmOff = 1,tmOff AND filterOff AND mtOff,0,1.0,1.0,1.0,91
3-wise,1111,143,filterOff = 1 AND mtOff = 1 AND tmOff = 1,filterOff AND mtOff AND tmOff,0,1.0,1.0,1.0,91
4-wise,4886,635,filterOff = 1 AND mtOff = 1 AND tmOff = 1,tmOff AND mtOff AND filterOff,0,1.0,1.0,1.0,91
full,68640,8580,filterOff = 1 AND mtOff = 1 AND tmOff = 1,mtOff AND filterOff AND tmOff,0,1.0,1.0,1.0,92
random_2,24,2,filterOff = 1 AND mtOff = 1 AND tmOff = 1,tmOff AND BlockSize > 24.0 AND x <= 7.0 AND Files > 20.0,0,0.0,0.0,0.0,92
random_5,60,9,filterOff = 1 AND mtOff = 1 AND tmOff = 1,x <= 3.0 AND BlockSize > 96.0 AND NOT filterOff AND NOT LZMA2,0,0.0,0.0,0.0,92
random_10,120,21,filterOff = 1 AND mtOff = 1 AND tmOff = 1,Files <= 95.0 AND x > 1.0 AND BlockSize > 3.0,2,0.3669724770642201,0.2272727272727272,0.9523809523809524,92
random_20,240,35,filterOff = 1 AND mtOff = 1 AND tmOff = 1,x > 1.0 AND BlockSize > 3.0 AND NOT LZMA AND x <= 9.0,4,0.2962962962962963,0.1889763779527559,0.6857142857142857,92
2-wise,169,21,filterOff = 1 AND mtOff = 1 AND tmOff = 1,NOT LZMA2 AND Files > 25.0 AND tmOff AND BlockSize > 48.0,4,0.5185185185185185,0.4242424242424242,0.6666666666666666,92
3-wise,1105,149,filterOff = 1 AND mtOff = 1 AND tmOff = 1,tmOff AND filterOff AND Files > 5.0 AND mtOff,0,0.9507042253521129,1.0,0.906040268456376,92
4-wise,4856,563,filterOff = 1 AND mtOff = 1 AND tmOff = 1,filterOff AND tmOff AND mtOff,0,1.0,1.0,1.0,92
full,68640,8580,HeaderCompressionOff = 1 AND filterOff = 1 AND mtOff = 1,HeaderCompressionOff AND mtOff AND filterOff,0,1.0,1.0,1.0,93
random_2,24,4,HeaderCompressionOff = 1 AND filterOff = 1 AND mtOff = 1,filterOff AND NOT PPMd AND Files <= 85.0 AND HeaderCompressionOff,2,0.8571428571428571,1.0,0.75,93
random_5,60,12,HeaderCompressionOff = 1 AND filterOff = 1 AND mtOff = 1,HeaderCompressionOff AND BlockSize <= 2560.0 AND filterOff AND mtOff,0,1.0,1.0,1.0,93
random_10,120,25,HeaderCompressionOff = 1 AND filterOff = 1 AND mtOff = 1,HeaderCompressionOff AND filterOff AND mtOff,0,1.0,1.0,1.0,93
random_20,240,35,HeaderCompressionOff = 1 AND filterOff = 1 AND mtOff = 1,filterOff AND mtOff AND HeaderCompressionOff,0,1.0,1.0,1.0,93
2-wise,167,32,HeaderCompressionOff = 1 AND filterOff = 1 AND mtOff = 1,HeaderCompressionOff AND filterOff AND mtOff,0,1.0,1.0,1.0,93
3-wise,1127,124,HeaderCompressionOff = 1 AND filterOff = 1 AND mtOff = 1,mtOff AND filterOff AND HeaderCompressionOff,0,1.0,1.0,1.0,93
4-wise,4848,587,HeaderCompressionOff = 1 AND filterOff = 1 AND mtOff = 1,mtOff AND filterOff AND HeaderCompressionOff,0,1.0,1.0,1.0,93
full,68640,8580,filterOff = 1 AND mtOff = 1 AND tmOff = 1,tmOff AND mtOff AND filterOff,0,1.0,1.0,1.0,94
random_2,24,1,filterOff = 1 AND mtOff = 1 AND tmOff = 1,Files > 25.0 AND x > 1.0 AND NOT tmOff AND x <= 9.0,0,0.0,0.0,0.0,94
random_5,60,5,filterOff = 1 AND mtOff = 1 AND tmOff = 1,NOT tmOff AND BZip2,0,0.0,0.0,0.0,94
random_10,120,14,filterOff = 1 AND mtOff = 1 AND tmOff = 1,mtOff AND filterOff AND tmOff,1,1.0,1.0,1.0,94
random_20,240,31,filterOff = 1 AND mtOff = 1 AND tmOff = 1,NOT LZMA AND tmOff AND mtOff AND filterOff,0,0.8928571428571428,1.0,0.8064516129032258,94
2-wise,165,19,filterOff = 1 AND mtOff = 1 AND tmOff = 1,tmOff AND Files > 95.0 AND x > 7.0,0,0.0,0.0,0.0,94
3-wise,1136,148,filterOff = 1 AND mtOff = 1 AND tmOff = 1,filterOff AND tmOff AND mtOff,0,1.0,1.0,1.0,94
4-wise,4885,612,filterOff = 1 AND mtOff = 1 AND tmOff = 1,tmOff AND filterOff AND mtOff,0,1.0,1.0,1.0,94
full,68640,8580,filterOff = 1 AND mtOff = 1 AND tmOff = 1,filterOff AND mtOff AND tmOff,0,1.0,1.0,1.0,95
random_2,24,2,filterOff = 1 AND mtOff = 1 AND tmOff = 1,filterOff AND tmOff,2,0.8,0.6666666666666666,1.0,95
random_5,60,7,filterOff = 1 AND mtOff = 1 AND tmOff = 1,tmOff AND BlockSize <= 96.0 AND filterOff AND mtOff,0,0.7272727272727273,1.0,0.5714285714285714,95
random_10,120,13,filterOff = 1 AND mtOff = 1 AND tmOff = 1,filterOff AND tmOff AND mtOff,0,1.0,1.0,1.0,95
random_20,240,26,filterOff = 1 AND mtOff = 1 AND tmOff = 1,tmOff AND filterOff AND mtOff,0,1.0,1.0,1.0,95
2-wise,179,21,filterOff = 1 AND mtOff = 1 AND tmOff = 1,tmOff AND filterOff AND mtOff,1,1.0,1.0,1.0,95
3-wise,1128,144,filterOff = 1 AND mtOff = 1 AND tmOff = 1,tmOff AND mtOff AND filterOff,0,1.0,1.0,1.0,95
4-wise,4901,623,filterOff = 1 AND mtOff = 1 AND tmOff = 1,filterOff AND tmOff AND mtOff,0,1.0,1.0,1.0,95
full,68640,8580,HeaderCompressionOff = 1 AND filterOff = 1 AND tmOff = 1,HeaderCompressionOff AND filterOff AND tmOff,0,1.0,1.0,1.0,96
random_2,24,1,HeaderCompressionOff = 1 AND filterOff = 1 AND tmOff = 1,Files > 55.0 AND NOT PPMd AND NOT LZMA AND BlockSize > 10.0,0,0.0,0.0,0.0,96
random_5,60,3,HeaderCompressionOff = 1 AND filterOff = 1 AND tmOff = 1,NOT HeaderCompressionOff AND Deflate AND BlockSize > 2.5 AND x > 1.0,0,0.0,0.0,0.0,96
random_10,120,11,HeaderCompressionOff = 1 AND filterOff = 1 AND tmOff = 1,BlockSize <= 48.0 AND Files <= 95.0 AND BlockSize <= 1.5 AND Files > 45.0,2,0.125,0.2,0.0909090909090909,96
random_20,240,37,HeaderCompressionOff = 1 AND filterOff = 1 AND tmOff = 1,filterOff AND Files > 75.0 AND NOT BZip2 AND tmOff,1,0.489795918367347,1.0,0.3243243243243243,96
2-wise,167,17,HeaderCompressionOff = 1 AND filterOff = 1 AND tmOff = 1,filterOff AND mtOff AND tmOff AND HeaderCompressionOff,2,0.6923076923076924,1.0,0.5294117647058824,96
3-wise,1116,134,HeaderCompressionOff = 1 AND filterOff = 1 AND tmOff = 1,filterOff AND HeaderCompressionOff AND tmOff,0,1.0,1.0,1.0,96
4-wise,4896,591,HeaderCompressionOff = 1 AND filterOff = 1 AND tmOff = 1,filterOff AND tmOff AND HeaderCompressionOff,0,1.0,1.0,1.0,96
full,68640,8580,filterOff = 1 AND mtOff = 1 AND tmOff = 1,tmOff AND mtOff AND filterOff,0,1.0,1.0,1.0,97
random_2,24,4,filterOff = 1 AND mtOff = 1 AND tmOff = 1,BlockSize <= 10.0 AND Files <= 60.0,3,0.6666666666666666,1.0,0.5,97
random_5,60,6,filterOff = 1 AND mtOff = 1 AND tmOff = 1,BlockSize > 192.0 AND NOT LZMA AND NOT mtOff AND Files <= 90.0,0,0.0,0.0,0.0,97
random_10,120,14,filterOff = 1 AND mtOff = 1 AND tmOff = 1,NOT PPMd,3,0.1929824561403508,0.11,0.7857142857142857,97
random_20,240,28,filterOff = 1 AND mtOff = 1 AND tmOff = 1,mtOff AND tmOff AND filterOff,0,1.0,1.0,1.0,97
2-wise,165,19,filterOff = 1 AND mtOff = 1 AND tmOff = 1,tmOff AND mtOff AND filterOff,0,1.0,1.0,1.0,97
3-wise,1103,126,filterOff = 1 AND mtOff = 1 AND tmOff = 1,filterOff AND tmOff AND mtOff,0,1.0,1.0,1.0,97
4-wise,4878,599,filterOff = 1 AND mtOff = 1 AND tmOff = 1,mtOff AND tmOff AND filterOff,0,1.0,1.0,1.0,97
full,68640,8580,HeaderCompressionOff = 1 AND filterOff = 1 AND tmOff = 1,tmOff AND HeaderCompressionOff AND filterOff,0,1.0,1.0,1.0,98
random_2,24,5,HeaderCompressionOff = 1 AND filterOff = 1 AND tmOff = 1,BlockSize > 1.5 AND NOT tmOff AND Files <= 60.0 AND NOT mtOff,0,0.0,0.0,0.0,98
random_5,60,12,HeaderCompressionOff = 1 AND filterOff = 1 AND tmOff = 1,filterOff AND HeaderCompressionOff AND tmOff,1,1.0,1.0,1.0,98
random_10,120,22,HeaderCompressionOff = 1 AND filterOff = 1 AND tmOff = 1,tmOff AND HeaderCompressionOff AND filterOff,0,1.0,1.0,1.0,98
random_20,240,36,HeaderCompressionOff = 1 AND filterOff = 1 AND tmOff = 1,filterOff AND HeaderCompressionOff AND tmOff,0,1.0,1.0,1.0,98
2-wise,161,19,HeaderCompressionOff = 1 AND filterOff = 1 AND tmOff = 1,filterOff AND HeaderCompressionOff AND tmOff,0,1.0,1.0,1.0,98
3-wise,1110,138,HeaderCompressionOff = 1 AND filterOff = 1 AND tmOff = 1,tmOff AND filterOff AND HeaderCompressionOff,0,1.0,1.0,1.0,98
4-wise,4886,617,HeaderCompressionOff = 1 AND filterOff = 1 AND tmOff = 1,HeaderCompressionOff AND tmOff AND filterOff,0,1.0,1.0,1.0,98
full,68640,8580,HeaderCompressionOff = 1 AND filterOff = 1 AND mtOff = 1,mtOff AND HeaderCompressionOff AND filterOff,0,1.0,1.0,1.0,99
random_2,24,2,HeaderCompressionOff = 1 AND filterOff = 1 AND mtOff = 1,mtOff AND filterOff AND x > 6.0,4,0.5,0.5,0.5,99
random_5,60,6,HeaderCompressionOff = 1 AND filterOff = 1 AND mtOff = 1,mtOff AND filterOff AND HeaderCompressionOff,1,1.0,1.0,1.0,99
random_10,120,11,HeaderCompressionOff = 1 AND filterOff = 1 AND mtOff = 1,HeaderCompressionOff AND filterOff AND mtOff,1,1.0,1.0,1.0,99
random_20,240,25,HeaderCompressionOff = 1 AND filterOff = 1 AND mtOff = 1,HeaderCompressionOff AND filterOff AND mtOff,0,1.0,1.0,1.0,99
2-wise,164,18,HeaderCompressionOff = 1 AND filterOff = 1 AND mtOff = 1,HeaderCompressionOff AND mtOff AND filterOff,0,1.0,1.0,1.0,99
3-wise,1120,157,HeaderCompressionOff = 1 AND filterOff = 1 AND mtOff = 1,mtOff AND HeaderCompressionOff AND filterOff,0,1.0,1.0,1.0,99
4-wise,4888,576,HeaderCompressionOff = 1 AND filterOff = 1 AND mtOff = 1,filterOff AND mtOff AND HeaderCompressionOff,0,1.0,1.0,1.0,99
full,68640,8580,HeaderCompressionOff = 1 AND filterOff = 1 AND mtOff = 1,mtOff AND filterOff AND HeaderCompressionOff,0,1.0,1.0,1.0,9
random_2,24,2,HeaderCompressionOff = 1 AND filterOff = 1 AND mtOff = 1,Files > 40.0 AND NOT BZip2 AND x > 4.0 AND BlockSize <= 6.0,0,0.0,0.0,0.0,9
random_5,60,6,HeaderCompressionOff = 1 AND filterOff = 1 AND mtOff = 1,BlockSize <= 192.0 AND x > 5.0 AND BlockSize > 6.0,0,0.0,0.0,0.0,9
random_10,120,13,HeaderCompressionOff = 1 AND filterOff = 1 AND mtOff = 1,NOT mtOff AND NOT Deflate AND LZMA AND x <= 9.0,0,0.0,0.0,0.0,9
random_20,240,31,HeaderCompressionOff = 1 AND filterOff = 1 AND mtOff = 1,NOT HeaderCompressionOff AND NOT tmOff AND NOT PPMd AND NOT BZip2,0,0.0,0.0,0.0,9
2-wise,168,21,HeaderCompressionOff = 1 AND filterOff = 1 AND mtOff = 1,BlockSize > 96.0,2,0.25,0.16,0.5714285714285714,9
3-wise,1111,145,HeaderCompressionOff = 1 AND filterOff = 1 AND mtOff = 1,mtOff AND HeaderCompressionOff AND filterOff,0,1.0,1.0,1.0,9
4-wise,4897,638,HeaderCompressionOff = 1 AND filterOff = 1 AND mtOff = 1,HeaderCompressionOff AND filterOff AND mtOff,0,1.0,1.0,1.0,9
