sampling_strategy,sample_size,sg_cardinality,sg_rule,best_rule,best_rule_idx,f1,precision,recall,seed
full,2560,320,HAVE_REPLICATION = 1 AND HAVE_VERIFY = 1 AND HAVE_CRYPTO = 1,HAVE_REPLICATION AND HAVE_VERIFY AND HAVE_CRYPTO,0,1.0,1.0,1.0,0
random_2,32,3,DIAGNOSTIC = 1 AND HAVE_STATISTICS = 1 AND HAVE_VERIFY = 1,NOT HAVE_HASH.1 AND HAVE_REPLICATION AND NOT HAVE_VERIFY AND PAGESIZE <= 10.0,0,0.0,0.0,0.0,0
random_5,80,9,DIAGNOSTIC = 1 AND HAVE_HASH = 1 AND HAVE_CRYPTO = 1,HAVE_REPLICATION AND HAVE_STATISTICS AND PAGESIZE <= 2.5,0,0.0,0.0,0.0,0
random_10,160,21,DIAGNOSTIC = 1 AND HAVE_HASH = 1 AND HAVE_CRYPTO = 1,HAVE_HASH AND DIAGNOSTIC,0,1.0,1.0,1.0,0
random_20,320,39,HAVE_SEQUENCE = 1 AND HAVE_VERIFY = 1 AND HAVE_CRYPTO = 1,NOT DIAGNOSTIC.1 AND HAVE_HASH,4,0.3484848484848485,0.2473118279569892,0.5897435897435898,0
2-wise,56,3,DIAGNOSTIC = 1 AND HAVE_SEQUENCE = 1 AND HAVE_CRYPTO = 1,HAVE_HASH.1 AND CACHESIZE <= 48.0 AND CACHESIZE > 24.0 AND NOT HAVE_VERIFY,0,0.0,0.0,0.0,0
3-wise,200,12,HAVE_STATISTICS = 1 AND HAVE_VERIFY = 1 AND HAVE_CRYPTO = 1,HAVE_CRYPTO AND HAVE_STATISTICS AND HAVE_VERIFY,0,1.0,1.0,1.0,0
4-wise,436,30,HAVE_SEQUENCE = 1 AND HAVE_STATISTICS = 1 AND HAVE_CRYPTO = 1,HAVE_CRYPTO AND HAVE_STATISTICS AND HAVE_SEQUENCE,0,1.0,1.0,1.0,0
full,2560,320,DIAGNOSTIC = 1 AND HAVE_SEQUENCE = 1 AND HAVE_CRYPTO = 1,HAVE_SEQUENCE AND DIAGNOSTIC AND HAVE_CRYPTO,0,1.0,1.0,1.0,10
random_2,32,5,DIAGNOSTIC = 1 AND HAVE_SEQUENCE = 1 AND HAVE_CRYPTO = 1,NOT HAVE_SEQUENCE AND HAVE_HASH.1 AND CACHESIZE <= 288.0 AND CACHESIZE > 40.0,0,0.0,0.0,0.0,10
random_5,80,13,DIAGNOSTIC = 1 AND HAVE_SEQUENCE = 1 AND HAVE_CRYPTO = 1,HAVE_SEQUENCE AND DIAGNOSTIC AND NOT HAVE_HASH.1 AND NOT HAVE_VERIFY.1,1,0.962962962962963,0.9285714285714286,1.0,10
random_10,160,16,DIAGNOSTIC = 1 AND HAVE_SEQUENCE = 1 AND HAVE_CRYPTO = 1,DIAGNOSTIC AND HAVE_SEQUENCE AND HAVE_CRYPTO,0,1.0,1.0,1.0,10
random_20,320,47,DIAGNOSTIC = 1 AND HAVE_SEQUENCE = 1 AND HAVE_CRYPTO = 1,HAVE_SEQUENCE AND DIAGNOSTIC AND HAVE_CRYPTO,0,1.0,1.0,1.0,10
2-wise,58,6,DIAGNOSTIC = 1 AND HAVE_SEQUENCE = 1 AND HAVE_CRYPTO = 1,HAVE_CRYPTO AND HAVE_SEQUENCE AND DIAGNOSTIC,0,1.0,1.0,1.0,10
3-wise,204,14,DIAGNOSTIC = 1 AND HAVE_SEQUENCE = 1 AND HAVE_CRYPTO = 1,HAVE_REPLICATION AND DIAGNOSTIC AND PAGESIZE <= 2.5 AND CACHESIZE > 24.0,1,0.3333333333333333,0.75,0.2142857142857142,10
4-wise,437,26,DIAGNOSTIC = 1 AND HAVE_SEQUENCE = 1 AND HAVE_CRYPTO = 1,DIAGNOSTIC AND HAVE_CRYPTO AND HAVE_SEQUENCE,0,1.0,1.0,1.0,10
full,2560,320,DIAGNOSTIC = 1 AND HAVE_STATISTICS = 1 AND HAVE_CRYPTO = 1,HAVE_STATISTICS AND HAVE_CRYPTO AND DIAGNOSTIC,0,1.0,1.0,1.0,11
random_2,32,4,DIAGNOSTIC = 1 AND HAVE_STATISTICS = 1 AND HAVE_CRYPTO = 1,NOT DIAGNOSTIC AND PAGESIZE > 6.0 AND NOT HAVE_HASH.1,0,0.0,0.0,0.0,11
random_5,80,6,DIAGNOSTIC = 1 AND HAVE_STATISTICS = 1 AND HAVE_CRYPTO = 1,HAVE_HASH AND CACHESIZE > 48.0 AND DIAGNOSTIC,4,0.4444444444444444,0.6666666666666666,0.3333333333333333,11
random_10,160,26,DIAGNOSTIC = 1 AND HAVE_STATISTICS = 1 AND HAVE_CRYPTO = 1,CACHESIZE > 24.0 AND DIAGNOSTIC AND HAVE_HASH AND HAVE_STATISTICS,0,0.7317073170731707,1.0,0.5769230769230769,11
random_20,320,46,DIAGNOSTIC = 1 AND HAVE_STATISTICS = 1 AND HAVE_CRYPTO = 1,HAVE_CRYPTO AND DIAGNOSTIC AND HAVE_STATISTICS,0,1.0,1.0,1.0,11
2-wise,61,5,DIAGNOSTIC = 1 AND HAVE_STATISTICS = 1 AND HAVE_CRYPTO = 1,PAGESIZE > 2.5 AND HAVE_SEQUENCE.1,0,0.0,0.0,0.0,11
3-wise,195,9,DIAGNOSTIC = 1 AND HAVE_STATISTICS = 1 AND HAVE_CRYPTO = 1,PAGESIZE <= 24.0 AND HAVE_SEQUENCE.1 AND NOT HAVE_STATISTICS AND PAGESIZE > 2.5,0,0.0,0.0,0.0,11
4-wise,449,28,DIAGNOSTIC = 1 AND HAVE_STATISTICS = 1 AND HAVE_CRYPTO = 1,NOT HAVE_VERIFY AND NOT HAVE_SEQUENCE.1,4,0.0899653979238754,0.0498084291187739,0.4642857142857143,11
full,2560,280,DIAGNOSTIC = 1 AND HAVE_SEQUENCE = 1 AND HAVE_VERIFY = 1,HAVE_VERIFY AND HAVE_SEQUENCE AND DIAGNOSTIC,0,1.0,1.0,1.0,12
random_2,32,3,DIAGNOSTIC = 1 AND HAVE_SEQUENCE = 1 AND HAVE_VERIFY = 1,NOT HAVE_REPLICATION AND NOT HAVE_SEQUENCE,0,0.0,0.0,0.0,12
random_5,80,16,DIAGNOSTIC = 1 AND HAVE_SEQUENCE = 1 AND HAVE_VERIFY = 1,HAVE_SEQUENCE AND NOT HAVE_HASH AND HAVE_VERIFY AND DIAGNOSTIC,2,0.8571428571428571,1.0,0.75,12
random_10,160,14,DIAGNOSTIC = 1 AND HAVE_SEQUENCE = 1 AND HAVE_VERIFY = 1,DIAGNOSTIC AND HAVE_SEQUENCE AND HAVE_VERIFY,0,1.0,1.0,1.0,12
random_20,320,35,DIAGNOSTIC = 1 AND HAVE_SEQUENCE = 1 AND HAVE_VERIFY = 1,DIAGNOSTIC AND NOT HAVE_REPLICATION AND HAVE_SEQUENCE AND HAVE_VERIFY,0,0.7499999999999999,1.0,0.6,12
2-wise,60,6,DIAGNOSTIC = 1 AND HAVE_SEQUENCE = 1 AND HAVE_VERIFY = 1,PAGESIZE <= 2.5 AND NOT HAVE_REPLICATION AND NOT HAVE_STATISTICS.1 AND NOT HAVE_SEQUENCE.1,0,0.0,0.0,0.0,12
3-wise,199,13,DIAGNOSTIC = 1 AND HAVE_SEQUENCE = 1 AND HAVE_VERIFY = 1,HAVE_STATISTICS.1 AND PAGESIZE <= 24.0 AND CACHESIZE > 48.0,0,0.0,0.0,0.0,12
4-wise,445,29,DIAGNOSTIC = 1 AND HAVE_SEQUENCE = 1 AND HAVE_VERIFY = 1,HAVE_VERIFY AND HAVE_SEQUENCE AND DIAGNOSTIC,0,1.0,1.0,1.0,12
full,2560,320,HAVE_REPLICATION = 1 AND HAVE_VERIFY = 1 AND HAVE_CRYPTO = 1,HAVE_VERIFY AND HAVE_REPLICATION AND HAVE_CRYPTO,0,1.0,1.0,1.0,13
random_2,32,4,HAVE_REPLICATION = 1 AND HAVE_VERIFY = 1 AND HAVE_CRYPTO = 1,NOT HAVE_STATISTICS AND HAVE_REPLICATION AND CACHESIZE > 48.0,4,0.6666666666666666,1.0,0.5,13
random_5,80,9,HAVE_REPLICATION = 1 AND HAVE_VERIFY = 1 AND HAVE_CRYPTO = 1,HAVE_VERIFY AND NOT HAVE_SEQUENCE AND PAGESIZE > 12.0 AND NOT HAVE_STATISTICS,4,0.1666666666666666,0.3333333333333333,0.1111111111111111,13
random_10,160,11,HAVE_REPLICATION = 1 AND HAVE_VERIFY = 1 AND HAVE_CRYPTO = 1,NOT HAVE_STATISTICS AND NOT DIAGNOSTIC AND PAGESIZE <= 2.5 AND NOT HAVE_HASH.1,0,0.0,0.0,0.0,13
random_20,320,37,HAVE_REPLICATION = 1 AND HAVE_VERIFY = 1 AND HAVE_CRYPTO = 1,HAVE_VERIFY AND HAVE_REPLICATION AND HAVE_CRYPTO,0,1.0,1.0,1.0,13
2-wise,64,2,HAVE_REPLICATION = 1 AND HAVE_VERIFY = 1 AND HAVE_CRYPTO = 1,PAGESIZE <= 12.0 AND HAVE_REPLICATION.1 AND NOT HAVE_STATISTICS AND CACHESIZE <= 48.0,0,0.0,0.0,0.0,13
3-wise,202,11,HAVE_REPLICATION = 1 AND HAVE_VERIFY = 1 AND HAVE_CRYPTO = 1,PAGESIZE > 2.5,3,0.0919540229885057,0.0490797546012269,0.7272727272727273,13
4-wise,439,29,HAVE_REPLICATION = 1 AND HAVE_VERIFY = 1 AND HAVE_CRYPTO = 1,HAVE_VERIFY AND HAVE_REPLICATION AND HAVE_CRYPTO,0,1.0,1.0,1.0,13
full,2560,280,DIAGNOSTIC = 1 AND HAVE_STATISTICS = 1 AND HAVE_VERIFY = 1,HAVE_VERIFY AND HAVE_STATISTICS AND DIAGNOSTIC,0,1.0,1.0,1.0,14
random_2,32,4,DIAGNOSTIC = 1 AND HAVE_STATISTICS = 1 AND HAVE_VERIFY = 1,HAVE_CRYPTO AND HAVE_VERIFY AND NOT HAVE_SEQUENCE AND PAGESIZE > 20.0,0,0.0,0.0,0.0,14
random_5,80,7,DIAGNOSTIC = 1 AND HAVE_STATISTICS = 1 AND HAVE_VERIFY = 1,NOT HAVE_STATISTICS.1,4,0.1627906976744186,0.0886075949367088,1.0,14
random_10,160,18,DIAGNOSTIC = 1 AND HAVE_STATISTICS = 1 AND HAVE_VERIFY = 1,HAVE_VERIFY AND DIAGNOSTIC AND HAVE_STATISTICS,0,1.0,1.0,1.0,14
random_20,320,38,DIAGNOSTIC = 1 AND HAVE_STATISTICS = 1 AND HAVE_VERIFY = 1,HAVE_VERIFY AND HAVE_STATISTICS AND DIAGNOSTIC,0,1.0,1.0,1.0,14
2-wise,60,5,DIAGNOSTIC = 1 AND HAVE_STATISTICS = 1 AND HAVE_VERIFY = 1,HAVE_VERIFY AND PAGESIZE <= 12.0 AND DIAGNOSTIC AND HAVE_STATISTICS,4,0.5714285714285715,1.0,0.4,14
3-wise,197,17,DIAGNOSTIC = 1 AND HAVE_STATISTICS = 1 AND HAVE_VERIFY = 1,HAVE_VERIFY AND HAVE_STATISTICS AND DIAGNOSTIC,0,1.0,1.0,1.0,14
4-wise,441,39,DIAGNOSTIC = 1 AND HAVE_STATISTICS = 1 AND HAVE_VERIFY = 1,HAVE_VERIFY AND DIAGNOSTIC AND HAVE_STATISTICS,0,1.0,1.0,1.0,14
full,2560,320,HAVE_SEQUENCE = 1 AND HAVE_STATISTICS = 1 AND HAVE_CRYPTO = 1,NOT HAVE_REPLICATION.1,0,0.25,0.1428571428571428,1.0,15
random_2,32,5,HAVE_SEQUENCE = 1 AND HAVE_STATISTICS = 1 AND HAVE_CRYPTO = 1,PAGESIZE > 2.5 AND PAGESIZE <= 6.0 AND NOT HAVE_CRYPTO AND CACHESIZE > 48.0,0,0.0,0.0,0.0,15
random_5,80,7,HAVE_SEQUENCE = 1 AND HAVE_STATISTICS = 1 AND HAVE_CRYPTO = 1,PAGESIZE > 12.0 AND NOT HAVE_REPLICATION.1,4,0.0869565217391304,0.0625,0.1428571428571428,15
random_10,160,23,HAVE_SEQUENCE = 1 AND HAVE_STATISTICS = 1 AND HAVE_CRYPTO = 1,HAVE_SEQUENCE AND CACHESIZE > 288.0 AND PAGESIZE <= 2.5 AND HAVE_STATISTICS,3,0.3571428571428571,1.0,0.217391304347826,15
random_20,320,42,HAVE_SEQUENCE = 1 AND HAVE_STATISTICS = 1 AND HAVE_CRYPTO = 1,HAVE_SEQUENCE AND HAVE_REPLICATION AND PAGESIZE <= 2.5 AND CACHESIZE > 48.0,1,0.0784313725490196,0.2222222222222222,0.0476190476190476,15
2-wise,58,4,HAVE_SEQUENCE = 1 AND HAVE_STATISTICS = 1 AND HAVE_CRYPTO = 1,CACHESIZE <= 48.0 AND HAVE_VERIFY.1 AND PAGESIZE <= 24.0,0,0.0,0.0,0.0,15
3-wise,205,13,HAVE_SEQUENCE = 1 AND HAVE_STATISTICS = 1 AND HAVE_CRYPTO = 1,PAGESIZE <= 2.5 AND NOT HAVE_STATISTICS.1 AND NOT DIAGNOSTIC.1,4,0.1818181818181818,0.1290322580645161,0.3076923076923077,15
4-wise,435,28,HAVE_SEQUENCE = 1 AND HAVE_STATISTICS = 1 AND HAVE_CRYPTO = 1,CACHESIZE > 24.0 AND HAVE_SEQUENCE,3,0.3108108108108108,0.1916666666666666,0.8214285714285714,15
full,2560,320,DIAGNOSTIC = 1 AND HAVE_VERIFY = 1 AND HAVE_CRYPTO = 1,HAVE_VERIFY AND DIAGNOSTIC AND HAVE_CRYPTO,0,1.0,1.0,1.0,16
random_2,32,3,DIAGNOSTIC = 1 AND HAVE_VERIFY = 1 AND HAVE_CRYPTO = 1,NOT HAVE_STATISTICS AND HAVE_VERIFY AND DIAGNOSTIC,4,1.0,1.0,1.0,16
random_5,80,10,DIAGNOSTIC = 1 AND HAVE_VERIFY = 1 AND HAVE_CRYPTO = 1,NOT HAVE_HASH AND DIAGNOSTIC AND HAVE_CRYPTO AND HAVE_VERIFY,0,0.6666666666666666,1.0,0.5,16
random_10,160,22,DIAGNOSTIC = 1 AND HAVE_VERIFY = 1 AND HAVE_CRYPTO = 1,DIAGNOSTIC AND NOT HAVE_HASH.1 AND HAVE_VERIFY AND HAVE_CRYPTO,0,1.0,1.0,1.0,16
random_20,320,32,DIAGNOSTIC = 1 AND HAVE_VERIFY = 1 AND HAVE_CRYPTO = 1,HAVE_VERIFY AND DIAGNOSTIC AND HAVE_CRYPTO,0,1.0,1.0,1.0,16
2-wise,59,5,DIAGNOSTIC = 1 AND HAVE_VERIFY = 1 AND HAVE_CRYPTO = 1,HAVE_CRYPTO AND PAGESIZE <= 24.0 AND CACHESIZE <= 288.0 AND PAGESIZE > 2.5,0,0.888888888888889,1.0,0.8,16
3-wise,200,12,DIAGNOSTIC = 1 AND HAVE_VERIFY = 1 AND HAVE_CRYPTO = 1,HAVE_VERIFY AND HAVE_CRYPTO AND DIAGNOSTIC,0,1.0,1.0,1.0,16
4-wise,444,33,DIAGNOSTIC = 1 AND HAVE_VERIFY = 1 AND HAVE_CRYPTO = 1,HAVE_CRYPTO AND DIAGNOSTIC AND HAVE_VERIFY,0,1.0,1.0,1.0,16
full,2560,320,HAVE_REPLICATION = 1 AND HAVE_VERIFY = 1 AND HAVE_CRYPTO = 1,HAVE_REPLICATION AND HAVE_VERIFY AND NOT HAVE_HASH.1,0,1.0,1.0,1.0,17
random_2,32,4,HAVE_REPLICATION = 1 AND HAVE_VERIFY = 1 AND HAVE_CRYPTO = 1,NOT HAVE_REPLICATION.1 AND NOT HAVE_STATISTICS AND HAVE_SEQUENCE AND PAGESIZE <= 6.0,0,0.0,0.0,0.0,17
random_5,80,9,HAVE_REPLICATION = 1 AND HAVE_VERIFY = 1 AND HAVE_CRYPTO = 1,NOT DIAGNOSTIC AND CACHESIZE <= 48.0 AND PAGESIZE <= 12.0,4,0.0909090909090909,0.0769230769230769,0.1111111111111111,17
random_10,160,13,HAVE_REPLICATION = 1 AND HAVE_VERIFY = 1 AND HAVE_CRYPTO = 1,PAGESIZE > 6.0 AND HAVE_CRYPTO AND HAVE_SEQUENCE AND NOT DIAGNOSTIC,0,0.0,0.0,0.0,17
random_20,320,30,HAVE_REPLICATION = 1 AND HAVE_VERIFY = 1 AND HAVE_CRYPTO = 1,HAVE_REPLICATION AND HAVE_VERIFY AND NOT HAVE_HASH.1,0,1.0,1.0,1.0,17
2-wise,59,3,HAVE_REPLICATION = 1 AND HAVE_VERIFY = 1 AND HAVE_CRYPTO = 1,NOT HAVE_CRYPTO AND NOT DIAGNOSTIC.1 AND HAVE_VERIFY AND PAGESIZE > 6.0,0,0.0,0.0,0.0,17
3-wise,200,10,HAVE_REPLICATION = 1 AND HAVE_VERIFY = 1 AND HAVE_CRYPTO = 1,PAGESIZE <= 24.0,1,0.0919540229885057,0.048780487804878,0.8,17
4-wise,439,28,HAVE_REPLICATION = 1 AND HAVE_VERIFY = 1 AND HAVE_CRYPTO = 1,CACHESIZE <= 288.0 AND HAVE_HASH AND HAVE_REPLICATION AND HAVE_VERIFY,1,0.7555555555555554,1.0,0.6071428571428571,17
full,2560,320,DIAGNOSTIC = 1 AND HAVE_REPLICATION = 1 AND HAVE_CRYPTO = 1,HAVE_CRYPTO AND DIAGNOSTIC AND HAVE_REPLICATION,0,1.0,1.0,1.0,18
random_2,32,8,DIAGNOSTIC = 1 AND HAVE_REPLICATION = 1 AND HAVE_CRYPTO = 1,NOT DIAGNOSTIC.1 AND NOT HAVE_HASH.1 AND CACHESIZE > 48.0,3,0.3478260869565218,0.2666666666666666,0.5,18
random_5,80,14,DIAGNOSTIC = 1 AND HAVE_REPLICATION = 1 AND HAVE_CRYPTO = 1,HAVE_HASH AND HAVE_REPLICATION AND PAGESIZE > 2.5 AND CACHESIZE > 48.0,3,0.2105263157894736,0.4,0.1428571428571428,18
random_10,160,18,DIAGNOSTIC = 1 AND HAVE_REPLICATION = 1 AND HAVE_CRYPTO = 1,NOT DIAGNOSTIC.1 AND CACHESIZE > 288.0 AND DIAGNOSTIC,2,0.2962962962962963,0.4444444444444444,0.2222222222222222,18
random_20,320,40,DIAGNOSTIC = 1 AND HAVE_REPLICATION = 1 AND HAVE_CRYPTO = 1,HAVE_REPLICATION AND HAVE_CRYPTO,1,0.6504065040650406,0.4819277108433735,1.0,18
2-wise,62,3,DIAGNOSTIC = 1 AND HAVE_REPLICATION = 1 AND HAVE_CRYPTO = 1,NOT HAVE_SEQUENCE AND NOT HAVE_REPLICATION.1 AND NOT HAVE_VERIFY.1 AND PAGESIZE <= 24.0,0,0.064516129032258,0.0357142857142857,0.3333333333333333,18
3-wise,207,18,DIAGNOSTIC = 1 AND HAVE_REPLICATION = 1 AND HAVE_CRYPTO = 1,CACHESIZE > 288.0 AND NOT HAVE_STATISTICS AND NOT DIAGNOSTIC.1,0,0.0,0.0,0.0,18
4-wise,451,30,DIAGNOSTIC = 1 AND HAVE_REPLICATION = 1 AND HAVE_CRYPTO = 1,PAGESIZE <= 24.0 AND PAGESIZE <= 12.0,4,0.1212121212121212,0.0674157303370786,0.6,18
full,2560,320,HAVE_REPLICATION = 1 AND HAVE_VERIFY = 1 AND HAVE_CRYPTO = 1,HAVE_REPLICATION AND HAVE_VERIFY AND NOT HAVE_HASH.1,0,1.0,1.0,1.0,19
random_2,32,4,HAVE_REPLICATION = 1 AND HAVE_VERIFY = 1 AND HAVE_CRYPTO = 1,HAVE_REPLICATION AND HAVE_CRYPTO AND CACHESIZE > 24.0 AND PAGESIZE <= 24.0,4,0.6666666666666665,0.6,0.75,19
random_5,80,8,HAVE_REPLICATION = 1 AND HAVE_VERIFY = 1 AND HAVE_CRYPTO = 1,HAVE_REPLICATION AND HAVE_CRYPTO AND HAVE_VERIFY,2,1.0,1.0,1.0,19
random_10,160,23,HAVE_REPLICATION = 1 AND HAVE_VERIFY = 1 AND HAVE_CRYPTO = 1,HAVE_REPLICATION AND HAVE_VERIFY AND NOT HAVE_HASH.1,0,1.0,1.0,1.0,19
random_20,320,47,HAVE_REPLICATION = 1 AND HAVE_VERIFY = 1 AND HAVE_CRYPTO = 1,HAVE_REPLICATION AND HAVE_VERIFY AND NOT HAVE_HASH.1,0,1.0,1.0,1.0,19
2-wise,63,3,HAVE_REPLICATION = 1 AND HAVE_VERIFY = 1 AND HAVE_CRYPTO = 1,HAVE_SEQUENCE AND NOT HAVE_STATISTICS AND HAVE_REPLICATION AND HAVE_VERIFY,2,0.4,0.5,0.3333333333333333,19
3-wise,203,11,HAVE_REPLICATION = 1 AND HAVE_VERIFY = 1 AND HAVE_CRYPTO = 1,HAVE_REPLICATION AND HAVE_VERIFY AND HAVE_CRYPTO,0,1.0,1.0,1.0,19
4-wise,445,27,HAVE_REPLICATION = 1 AND HAVE_VERIFY = 1 AND HAVE_CRYPTO = 1,HAVE_VERIFY AND HAVE_REPLICATION AND HAVE_CRYPTO,0,1.0,1.0,1.0,19
full,2560,320,DIAGNOSTIC = 1 AND HAVE_HASH = 1 AND HAVE_CRYPTO = 1,HAVE_HASH AND HAVE_VERIFY AND PAGESIZE <= 12.0 AND DIAGNOSTIC,0,0.4615384615384615,1.0,0.3,1
random_2,32,4,DIAGNOSTIC = 1 AND HAVE_HASH = 1 AND HAVE_CRYPTO = 1,CACHESIZE <= 288.0 AND HAVE_HASH AND PAGESIZE <= 12.0 AND CACHESIZE <= 40.0,3,0.6666666666666666,1.0,0.5,1
random_5,80,14,DIAGNOSTIC = 1 AND HAVE_HASH = 1 AND HAVE_CRYPTO = 1,CACHESIZE <= 24.0 AND NOT HAVE_SEQUENCE.1 AND NOT HAVE_VERIFY,0,0.0,0.0,0.0,1
random_10,160,23,DIAGNOSTIC = 1 AND HAVE_HASH = 1 AND HAVE_CRYPTO = 1,NOT PAGESIZE.1 AND CACHESIZE > 24.0 AND NOT HAVE_REPLICATION.1,4,0.265625,0.1619047619047619,0.7391304347826086,1
random_20,320,40,DIAGNOSTIC = 1 AND HAVE_HASH = 1 AND HAVE_CRYPTO = 1,HAVE_STATISTICS AND NOT HAVE_VERIFY AND PAGESIZE > 2.5 AND CACHESIZE > 24.0,4,0.1999999999999999,0.18,0.225,1
2-wise,55,4,DIAGNOSTIC = 1 AND HAVE_HASH = 1 AND HAVE_CRYPTO = 1,CACHESIZE > 24.0 AND PAGESIZE > 2.5 AND NOT HAVE_HASH.1 AND CACHESIZE <= 288.0,3,0.2727272727272727,0.1666666666666666,0.75,1
3-wise,214,13,DIAGNOSTIC = 1 AND HAVE_HASH = 1 AND HAVE_CRYPTO = 1,PAGESIZE.1 AND PAGESIZE <= 6.0,0,0.0,0.0,0.0,1
4-wise,440,39,DIAGNOSTIC = 1 AND HAVE_HASH = 1 AND HAVE_CRYPTO = 1,NOT HAVE_VERIFY.1 AND PAGESIZE <= 24.0 AND NOT HAVE_REPLICATION.1,4,0.1999999999999999,0.1155378486055776,0.7435897435897436,1
full,2560,320,DIAGNOSTIC = 1 AND HAVE_SEQUENCE = 1 AND HAVE_CRYPTO = 1,CACHESIZE > 24.0 AND DIAGNOSTIC AND NOT HAVE_SEQUENCE.1 AND HAVE_CRYPTO,3,0.6,0.5,0.75,20
random_2,32,3,DIAGNOSTIC = 1 AND HAVE_SEQUENCE = 1 AND HAVE_CRYPTO = 1,NOT PAGESIZE.1 AND PAGESIZE <= 6.0 AND HAVE_SEQUENCE,3,0.4,0.5,0.3333333333333333,20
random_5,80,11,DIAGNOSTIC = 1 AND HAVE_SEQUENCE = 1 AND HAVE_CRYPTO = 1,NOT HAVE_STATISTICS.1 AND PAGESIZE > 6.0 AND PAGESIZE <= 12.0 AND HAVE_REPLICATION,4,0.3333333333333332,0.4285714285714285,0.2727272727272727,20
random_10,160,14,DIAGNOSTIC = 1 AND HAVE_SEQUENCE = 1 AND HAVE_CRYPTO = 1,HAVE_SEQUENCE AND HAVE_VERIFY AND DIAGNOSTIC AND HAVE_REPLICATION.1,0,0.0,0.0,0.0,20
random_20,320,53,DIAGNOSTIC = 1 AND HAVE_SEQUENCE = 1 AND HAVE_CRYPTO = 1,PAGESIZE <= 24.0 AND NOT HAVE_HASH.1 AND DIAGNOSTIC AND PAGESIZE <= 6.0,3,0.3673469387755101,0.4,0.3396226415094339,20
2-wise,59,1,DIAGNOSTIC = 1 AND HAVE_SEQUENCE = 1 AND HAVE_CRYPTO = 1,NOT HAVE_HASH AND DIAGNOSTIC AND NOT HAVE_VERIFY.1 AND NOT HAVE_STATISTICS.1,1,0.1333333333333333,0.0714285714285714,1.0,20
3-wise,199,9,DIAGNOSTIC = 1 AND HAVE_SEQUENCE = 1 AND HAVE_CRYPTO = 1,NOT HAVE_REPLICATION.1 AND HAVE_SEQUENCE AND NOT HAVE_VERIFY.1,3,0.4736842105263158,0.3103448275862069,1.0,20
4-wise,450,31,DIAGNOSTIC = 1 AND HAVE_SEQUENCE = 1 AND HAVE_CRYPTO = 1,CACHESIZE > 48.0,2,0.1226053639846743,0.0695652173913043,0.5161290322580645,20
full,2560,300,DIAGNOSTIC = 1 AND HAVE_SEQUENCE = 1 AND HAVE_STATISTICS = 1,HAVE_SEQUENCE AND DIAGNOSTIC AND HAVE_STATISTICS,0,1.0,1.0,1.0,21
random_2,32,1,DIAGNOSTIC = 1 AND HAVE_SEQUENCE = 1 AND HAVE_STATISTICS = 1,HAVE_SEQUENCE AND CACHESIZE <= 288.0 AND PAGESIZE > 2.5 AND PAGESIZE <= 6.0,0,0.0,0.0,0.0,21
random_5,80,10,DIAGNOSTIC = 1 AND HAVE_SEQUENCE = 1 AND HAVE_STATISTICS = 1,HAVE_VERIFY AND HAVE_REPLICATION,3,0.0869565217391304,0.0769230769230769,0.1,21
random_10,160,22,DIAGNOSTIC = 1 AND HAVE_SEQUENCE = 1 AND HAVE_STATISTICS = 1,HAVE_STATISTICS AND NOT HAVE_VERIFY.1 AND DIAGNOSTIC AND HAVE_SEQUENCE,0,0.9767441860465116,1.0,0.9545454545454546,21
random_20,320,35,DIAGNOSTIC = 1 AND HAVE_SEQUENCE = 1 AND HAVE_STATISTICS = 1,HAVE_STATISTICS AND DIAGNOSTIC AND HAVE_SEQUENCE,0,1.0,1.0,1.0,21
2-wise,54,4,DIAGNOSTIC = 1 AND HAVE_SEQUENCE = 1 AND HAVE_STATISTICS = 1,NOT HAVE_HASH.1 AND HAVE_REPLICATION.1 AND CACHESIZE > 24.0 AND PAGESIZE > 2.5,0,0.0,0.0,0.0,21
3-wise,197,15,DIAGNOSTIC = 1 AND HAVE_SEQUENCE = 1 AND HAVE_STATISTICS = 1,PAGESIZE <= 24.0 AND CACHESIZE > 288.0 AND HAVE_VERIFY.1 AND DIAGNOSTIC,4,0.2105263157894737,0.5,0.1333333333333333,21
4-wise,438,38,DIAGNOSTIC = 1 AND HAVE_SEQUENCE = 1 AND HAVE_STATISTICS = 1,HAVE_STATISTICS AND HAVE_SEQUENCE AND DIAGNOSTIC,0,1.0,1.0,1.0,21
full,2560,320,DIAGNOSTIC = 1 AND HAVE_HASH = 1 AND HAVE_CRYPTO = 1,HAVE_HASH AND DIAGNOSTIC,0,1.0,1.0,1.0,22
random_2,32,6,DIAGNOSTIC = 1 AND HAVE_HASH = 1 AND HAVE_CRYPTO = 1,CACHESIZE > 288.0 AND NOT HAVE_REPLICATION.1 AND HAVE_VERIFY,4,0.8,1.0,0.6666666666666666,22
random_5,80,11,DIAGNOSTIC = 1 AND HAVE_HASH = 1 AND HAVE_CRYPTO = 1,DIAGNOSTIC AND HAVE_HASH,1,1.0,1.0,1.0,22
random_10,160,19,DIAGNOSTIC = 1 AND HAVE_HASH = 1 AND HAVE_CRYPTO = 1,HAVE_HASH AND DIAGNOSTIC,0,1.0,1.0,1.0,22
random_20,320,43,DIAGNOSTIC = 1 AND HAVE_HASH = 1 AND HAVE_CRYPTO = 1,DIAGNOSTIC AND HAVE_HASH,0,1.0,1.0,1.0,22
2-wise,59,5,DIAGNOSTIC = 1 AND HAVE_HASH = 1 AND HAVE_CRYPTO = 1,HAVE_CRYPTO AND CACHESIZE <= 288.0 AND HAVE_VERIFY AND DIAGNOSTIC,4,0.7499999999999999,1.0,0.6,22
3-wise,201,13,DIAGNOSTIC = 1 AND HAVE_HASH = 1 AND HAVE_CRYPTO = 1,DIAGNOSTIC AND HAVE_HASH,0,1.0,1.0,1.0,22
4-wise,436,35,DIAGNOSTIC = 1 AND HAVE_HASH = 1 AND HAVE_CRYPTO = 1,HAVE_HASH AND DIAGNOSTIC,0,1.0,1.0,1.0,22
full,2560,320,HAVE_REPLICATION = 1 AND HAVE_STATISTICS = 1 AND HAVE_CRYPTO = 1,HAVE_CRYPTO AND HAVE_STATISTICS AND HAVE_REPLICATION,0,1.0,1.0,1.0,23
random_2,32,2,HAVE_REPLICATION = 1 AND HAVE_STATISTICS = 1 AND HAVE_CRYPTO = 1,HAVE_CRYPTO AND PAGESIZE <= 6.0 AND HAVE_STATISTICS AND HAVE_HASH,0,0.0,0.0,0.0,23
random_5,80,13,HAVE_REPLICATION = 1 AND HAVE_STATISTICS = 1 AND HAVE_CRYPTO = 1,NOT DIAGNOSTIC.1,1,0.2826086956521739,0.1645569620253164,1.0,23
random_10,160,20,HAVE_REPLICATION = 1 AND HAVE_STATISTICS = 1 AND HAVE_CRYPTO = 1,NOT HAVE_SEQUENCE.1 AND PAGESIZE > 6.0,3,0.2758620689655172,0.1666666666666666,0.8,23
random_20,320,47,HAVE_REPLICATION = 1 AND HAVE_STATISTICS = 1 AND HAVE_CRYPTO = 1,HAVE_REPLICATION AND NOT HAVE_HASH.1 AND HAVE_STATISTICS,0,1.0,1.0,1.0,23
2-wise,61,2,HAVE_REPLICATION = 1 AND HAVE_STATISTICS = 1 AND HAVE_CRYPTO = 1,NOT HAVE_HASH AND PAGESIZE > 6.0 AND NOT HAVE_VERIFY.1 AND HAVE_STATISTICS,0,0.0,0.0,0.0,23
3-wise,193,12,HAVE_REPLICATION = 1 AND HAVE_STATISTICS = 1 AND HAVE_CRYPTO = 1,HAVE_REPLICATION AND PAGESIZE > 2.5 AND HAVE_CRYPTO AND HAVE_STATISTICS,1,0.9090909090909092,1.0,0.8333333333333334,23
4-wise,429,26,HAVE_REPLICATION = 1 AND HAVE_STATISTICS = 1 AND HAVE_CRYPTO = 1,HAVE_REPLICATION AND HAVE_CRYPTO AND HAVE_STATISTICS,0,1.0,1.0,1.0,23
full,2560,320,DIAGNOSTIC = 1 AND HAVE_STATISTICS = 1 AND HAVE_CRYPTO = 1,DIAGNOSTIC AND HAVE_STATISTICS AND HAVE_CRYPTO,0,1.0,1.0,1.0,24
random_2,32,1,DIAGNOSTIC = 1 AND HAVE_STATISTICS = 1 AND HAVE_CRYPTO = 1,NOT HAVE_CRYPTO AND CACHESIZE <= 24.0 AND HAVE_VERIFY,0,0.0,0.0,0.0,24
random_5,80,14,DIAGNOSTIC = 1 AND HAVE_STATISTICS = 1 AND HAVE_CRYPTO = 1,NOT HAVE_VERIFY AND PAGESIZE > 6.0 AND CACHESIZE <= 288.0 AND HAVE_HASH.1,0,0.0,0.0,0.0,24
random_10,160,19,DIAGNOSTIC = 1 AND HAVE_STATISTICS = 1 AND HAVE_CRYPTO = 1,NOT DIAGNOSTIC AND HAVE_CRYPTO AND CACHESIZE > 24.0 AND PAGESIZE <= 2.5,0,0.0,0.0,0.0,24
random_20,320,40,DIAGNOSTIC = 1 AND HAVE_STATISTICS = 1 AND HAVE_CRYPTO = 1,NOT HAVE_HASH,1,0.1660649819494584,0.0970464135021097,0.575,24
2-wise,60,1,DIAGNOSTIC = 1 AND HAVE_STATISTICS = 1 AND HAVE_CRYPTO = 1,CACHESIZE > 24.0 AND CACHESIZE > 288.0 AND NOT HAVE_SEQUENCE.1 AND NOT HAVE_HASH,0,0.0,0.0,0.0,24
3-wise,205,5,DIAGNOSTIC = 1 AND HAVE_STATISTICS = 1 AND HAVE_CRYPTO = 1,DIAGNOSTIC AND CACHESIZE > 288.0 AND HAVE_HASH AND PAGESIZE <= 18.0,4,0.2857142857142857,0.5,0.2,24
4-wise,443,33,DIAGNOSTIC = 1 AND HAVE_STATISTICS = 1 AND HAVE_CRYPTO = 1,NOT HAVE_STATISTICS AND PAGESIZE.1 AND CACHESIZE > 288.0 AND PAGESIZE > 12.0,0,0.0,0.0,0.0,24
full,2560,320,HAVE_SEQUENCE = 1 AND HAVE_VERIFY = 1 AND HAVE_CRYPTO = 1,HAVE_CRYPTO AND HAVE_VERIFY AND HAVE_SEQUENCE,0,1.0,1.0,1.0,25
random_2,32,3,HAVE_SEQUENCE = 1 AND HAVE_VERIFY = 1 AND HAVE_CRYPTO = 1,CACHESIZE <= 24.0 AND NOT HAVE_HASH,0,0.0,0.0,0.0,25
random_5,80,10,HAVE_SEQUENCE = 1 AND HAVE_VERIFY = 1 AND HAVE_CRYPTO = 1,NOT PAGESIZE.1,2,0.2247191011235955,0.1265822784810126,1.0,25
random_10,160,16,HAVE_SEQUENCE = 1 AND HAVE_VERIFY = 1 AND HAVE_CRYPTO = 1,HAVE_HASH AND HAVE_VERIFY AND PAGESIZE > 2.5 AND HAVE_SEQUENCE,2,0.4761904761904761,1.0,0.3125,25
random_20,320,34,HAVE_SEQUENCE = 1 AND HAVE_VERIFY = 1 AND HAVE_CRYPTO = 1,HAVE_SEQUENCE AND HAVE_CRYPTO AND HAVE_VERIFY,0,1.0,1.0,1.0,25
2-wise,61,3,HAVE_SEQUENCE = 1 AND HAVE_VERIFY = 1 AND HAVE_CRYPTO = 1,CACHESIZE <= 24.0 AND NOT HAVE_SEQUENCE.1 AND NOT PAGESIZE.1 AND NOT HAVE_STATISTICS,0,0.0,0.0,0.0,25
3-wise,194,9,HAVE_SEQUENCE = 1 AND HAVE_VERIFY = 1 AND HAVE_CRYPTO = 1,NOT HAVE_SEQUENCE AND CACHESIZE > 288.0 AND DIAGNOSTIC.1 AND PAGESIZE <= 12.0,0,0.0,0.0,0.0,25
4-wise,432,30,HAVE_SEQUENCE = 1 AND HAVE_VERIFY = 1 AND HAVE_CRYPTO = 1,HAVE_VERIFY AND HAVE_CRYPTO AND PAGESIZE <= 6.0 AND HAVE_SEQUENCE,0,0.5365853658536585,1.0,0.3666666666666666,25
full,2560,320,DIAGNOSTIC = 1 AND HAVE_HASH = 1 AND HAVE_CRYPTO = 1,HAVE_HASH AND DIAGNOSTIC,0,1.0,1.0,1.0,26
random_2,32,10,DIAGNOSTIC = 1 AND HAVE_HASH = 1 AND HAVE_CRYPTO = 1,HAVE_HASH AND DIAGNOSTIC,1,1.0,1.0,1.0,26
random_5,80,10,DIAGNOSTIC = 1 AND HAVE_HASH = 1 AND HAVE_CRYPTO = 1,HAVE_HASH AND DIAGNOSTIC,0,1.0,1.0,1.0,26
random_10,160,25,DIAGNOSTIC = 1 AND HAVE_HASH = 1 AND HAVE_CRYPTO = 1,HAVE_HASH AND DIAGNOSTIC,0,1.0,1.0,1.0,26
random_20,320,39,DIAGNOSTIC = 1 AND HAVE_HASH = 1 AND HAVE_CRYPTO = 1,HAVE_HASH AND DIAGNOSTIC,0,1.0,1.0,1.0,26
2-wise,62,3,DIAGNOSTIC = 1 AND HAVE_HASH = 1 AND HAVE_CRYPTO = 1,DIAGNOSTIC AND HAVE_CRYPTO AND PAGESIZE <= 20.0 AND PAGESIZE <= 6.0,1,0.8,1.0,0.6666666666666666,26
3-wise,198,15,DIAGNOSTIC = 1 AND HAVE_HASH = 1 AND HAVE_CRYPTO = 1,HAVE_HASH AND DIAGNOSTIC,0,1.0,1.0,1.0,26
4-wise,443,37,DIAGNOSTIC = 1 AND HAVE_HASH = 1 AND HAVE_CRYPTO = 1,HAVE_HASH AND DIAGNOSTIC,0,1.0,1.0,1.0,26
full,2560,320,HAVE_SEQUENCE = 1 AND HAVE_VERIFY = 1 AND HAVE_CRYPTO = 1,CACHESIZE > 24.0 AND NOT HAVE_VERIFY.1,1,0.2264150943396226,0.1333333333333333,0.75,27
random_2,32,4,HAVE_SEQUENCE = 1 AND HAVE_VERIFY = 1 AND HAVE_CRYPTO = 1,NOT HAVE_CRYPTO AND CACHESIZE <= 48.0 AND NOT HAVE_HASH.1 AND HAVE_REPLICATION.1,0,0.0,0.0,0.0,27
random_5,80,7,HAVE_SEQUENCE = 1 AND HAVE_VERIFY = 1 AND HAVE_CRYPTO = 1,HAVE_REPLICATION AND CACHESIZE > 288.0 AND PAGESIZE <= 24.0 AND PAGESIZE > 6.0,0,0.0,0.0,0.0,27
random_10,160,21,HAVE_SEQUENCE = 1 AND HAVE_VERIFY = 1 AND HAVE_CRYPTO = 1,PAGESIZE <= 24.0,3,0.2077922077922077,0.1203007518796992,0.7619047619047619,27
random_20,320,40,HAVE_SEQUENCE = 1 AND HAVE_VERIFY = 1 AND HAVE_CRYPTO = 1,NOT HAVE_HASH.1 AND NOT HAVE_VERIFY AND HAVE_SEQUENCE.1,0,0.0,0.0,0.0,27
2-wise,57,3,HAVE_SEQUENCE = 1 AND HAVE_VERIFY = 1 AND HAVE_CRYPTO = 1,HAVE_CRYPTO AND CACHESIZE > 48.0 AND NOT HAVE_VERIFY AND NOT HAVE_REPLICATION,0,0.0,0.0,0.0,27
3-wise,214,9,HAVE_SEQUENCE = 1 AND HAVE_VERIFY = 1 AND HAVE_CRYPTO = 1,NOT HAVE_HASH.1 AND PAGESIZE <= 12.0 AND NOT PAGESIZE.1,3,0.1415929203539823,0.0769230769230769,0.8888888888888888,27
4-wise,449,34,HAVE_SEQUENCE = 1 AND HAVE_VERIFY = 1 AND HAVE_CRYPTO = 1,HAVE_REPLICATION AND HAVE_VERIFY AND NOT DIAGNOSTIC AND PAGESIZE > 6.0,1,0.2352941176470588,0.3529411764705882,0.1764705882352941,27
full,2560,280,DIAGNOSTIC = 1 AND HAVE_SEQUENCE = 1 AND HAVE_VERIFY = 1,NOT HAVE_REPLICATION.1 AND NOT HAVE_SEQUENCE.1 AND NOT DIAGNOSTIC.1 AND HAVE_CRYPTO,3,0.2051282051282051,0.125,0.5714285714285714,28
random_2,32,4,DIAGNOSTIC = 1 AND HAVE_SEQUENCE = 1 AND HAVE_VERIFY = 1,NOT DIAGNOSTIC.1 AND NOT HAVE_REPLICATION.1 AND NOT HAVE_SEQUENCE.1 AND CACHESIZE > 48.0,0,0.2727272727272727,0.1666666666666666,0.75,28
random_5,80,7,DIAGNOSTIC = 1 AND HAVE_SEQUENCE = 1 AND HAVE_VERIFY = 1,HAVE_REPLICATION.1 AND CACHESIZE > 24.0 AND PAGESIZE <= 20.0,0,0.0,0.0,0.0,28
random_10,160,17,DIAGNOSTIC = 1 AND HAVE_SEQUENCE = 1 AND HAVE_VERIFY = 1,NOT HAVE_STATISTICS AND NOT HAVE_STATISTICS.1,4,0.2105263157894736,0.1282051282051282,0.5882352941176471,28
random_20,320,29,DIAGNOSTIC = 1 AND HAVE_SEQUENCE = 1 AND HAVE_VERIFY = 1,HAVE_REPLICATION.1 AND HAVE_VERIFY AND HAVE_SEQUENCE AND DIAGNOSTIC,2,0.4324324324324324,1.0,0.2758620689655172,28
2-wise,60,4,DIAGNOSTIC = 1 AND HAVE_SEQUENCE = 1 AND HAVE_VERIFY = 1,DIAGNOSTIC AND PAGESIZE > 2.5 AND HAVE_CRYPTO AND NOT HAVE_SEQUENCE,0,0.0,0.0,0.0,28
3-wise,201,9,DIAGNOSTIC = 1 AND HAVE_SEQUENCE = 1 AND HAVE_VERIFY = 1,PAGESIZE > 2.5 AND NOT HAVE_STATISTICS AND HAVE_SEQUENCE,2,0.2285714285714286,0.1538461538461538,0.4444444444444444,28
4-wise,435,29,DIAGNOSTIC = 1 AND HAVE_SEQUENCE = 1 AND HAVE_VERIFY = 1,NOT HAVE_SEQUENCE.1 AND HAVE_SEQUENCE AND PAGESIZE > 2.5,3,0.3483870967741935,0.2142857142857142,0.9310344827586208,28
full,2560,320,HAVE_SEQUENCE = 1 AND HAVE_VERIFY = 1 AND HAVE_CRYPTO = 1,HAVE_VERIFY AND HAVE_SEQUENCE AND HAVE_CRYPTO,0,1.0,1.0,1.0,29
random_2,32,7,HAVE_SEQUENCE = 1 AND HAVE_VERIFY = 1 AND HAVE_CRYPTO = 1,HAVE_VERIFY AND NOT HAVE_REPLICATION.1 AND HAVE_STATISTICS AND DIAGNOSTIC,2,0.4444444444444445,1.0,0.2857142857142857,29
random_5,80,16,HAVE_SEQUENCE = 1 AND HAVE_VERIFY = 1 AND HAVE_CRYPTO = 1,HAVE_SEQUENCE AND HAVE_VERIFY AND HAVE_CRYPTO,0,1.0,1.0,1.0,29
random_10,160,16,HAVE_SEQUENCE = 1 AND HAVE_VERIFY = 1 AND HAVE_CRYPTO = 1,HAVE_SEQUENCE AND HAVE_VERIFY AND NOT HAVE_HASH.1 AND HAVE_CRYPTO,0,1.0,1.0,1.0,29
random_20,320,42,HAVE_SEQUENCE = 1 AND HAVE_VERIFY = 1 AND HAVE_CRYPTO = 1,HAVE_CRYPTO AND HAVE_VERIFY AND HAVE_SEQUENCE,0,1.0,1.0,1.0,29
2-wise,62,3,HAVE_SEQUENCE = 1 AND HAVE_VERIFY = 1 AND HAVE_CRYPTO = 1,HAVE_STATISTICS AND NOT DIAGNOSTIC AND NOT HAVE_HASH.1 AND CACHESIZE <= 24.0,0,0.0,0.0,0.0,29
3-wise,195,14,HAVE_SEQUENCE = 1 AND HAVE_VERIFY = 1 AND HAVE_CRYPTO = 1,HAVE_VERIFY AND HAVE_SEQUENCE AND HAVE_CRYPTO,0,1.0,1.0,1.0,29
4-wise,438,35,HAVE_SEQUENCE = 1 AND HAVE_VERIFY = 1 AND HAVE_CRYPTO = 1,HAVE_CRYPTO AND HAVE_VERIFY AND HAVE_SEQUENCE,0,1.0,1.0,1.0,29
full,2560,320,HAVE_HASH = 1 AND HAVE_REPLICATION = 1 AND HAVE_CRYPTO = 1,HAVE_HASH AND HAVE_REPLICATION,0,1.0,1.0,1.0,2
random_2,32,4,HAVE_HASH = 1 AND HAVE_REPLICATION = 1 AND HAVE_CRYPTO = 1,NOT HAVE_VERIFY.1 AND NOT HAVE_SEQUENCE AND HAVE_HASH,3,0.6666666666666666,1.0,0.5,2
random_5,80,16,HAVE_HASH = 1 AND HAVE_REPLICATION = 1 AND HAVE_CRYPTO = 1,NOT HAVE_VERIFY.1 AND PAGESIZE <= 2.5 AND HAVE_REPLICATION AND HAVE_HASH,4,0.4,1.0,0.25,2
random_10,160,21,HAVE_HASH = 1 AND HAVE_REPLICATION = 1 AND HAVE_CRYPTO = 1,HAVE_STATISTICS AND HAVE_SEQUENCE AND HAVE_HASH AND HAVE_REPLICATION,0,0.3846153846153846,1.0,0.238095238095238,2
random_20,320,39,HAVE_HASH = 1 AND HAVE_REPLICATION = 1 AND HAVE_CRYPTO = 1,NOT HAVE_CRYPTO AND PAGESIZE > 12.0 AND HAVE_VERIFY.1 AND HAVE_SEQUENCE,0,0.0,0.0,0.0,2
2-wise,68,3,HAVE_HASH = 1 AND HAVE_REPLICATION = 1 AND HAVE_CRYPTO = 1,HAVE_REPLICATION AND HAVE_SEQUENCE AND PAGESIZE <= 12.0,4,0.6666666666666666,0.6666666666666666,0.6666666666666666,2
3-wise,207,10,HAVE_HASH = 1 AND HAVE_REPLICATION = 1 AND HAVE_CRYPTO = 1,NOT DIAGNOSTIC AND NOT DIAGNOSTIC.1,4,0.1196581196581196,0.0654205607476635,0.7,2
4-wise,441,41,HAVE_HASH = 1 AND HAVE_REPLICATION = 1 AND HAVE_CRYPTO = 1,NOT HAVE_SEQUENCE AND HAVE_REPLICATION AND DIAGNOSTIC AND HAVE_HASH,0,0.36,1.0,0.2195121951219512,2
full,2560,320,HAVE_STATISTICS = 1 AND HAVE_VERIFY = 1 AND HAVE_CRYPTO = 1,HAVE_VERIFY AND HAVE_CRYPTO AND HAVE_STATISTICS,0,1.0,1.0,1.0,30
random_2,32,3,HAVE_STATISTICS = 1 AND HAVE_VERIFY = 1 AND HAVE_CRYPTO = 1,HAVE_REPLICATION AND HAVE_HASH.1 AND NOT HAVE_SEQUENCE,0,0.0,0.0,0.0,30
random_5,80,10,HAVE_STATISTICS = 1 AND HAVE_VERIFY = 1 AND HAVE_CRYPTO = 1,NOT HAVE_STATISTICS AND CACHESIZE > 48.0 AND NOT HAVE_VERIFY,0,0.0,0.0,0.0,30
random_10,160,18,HAVE_STATISTICS = 1 AND HAVE_VERIFY = 1 AND HAVE_CRYPTO = 1,NOT DIAGNOSTIC AND NOT HAVE_VERIFY.1,2,0.1489361702127659,0.0921052631578947,0.3888888888888889,30
random_20,320,37,HAVE_STATISTICS = 1 AND HAVE_VERIFY = 1 AND HAVE_CRYPTO = 1,NOT HAVE_SEQUENCE.1 AND HAVE_VERIFY AND HAVE_STATISTICS AND NOT HAVE_REPLICATION.1,4,0.8409090909090908,0.7254901960784313,1.0,30
2-wise,56,5,HAVE_STATISTICS = 1 AND HAVE_VERIFY = 1 AND HAVE_CRYPTO = 1,PAGESIZE > 6.0 AND NOT HAVE_STATISTICS AND NOT DIAGNOSTIC.1 AND NOT HAVE_REPLICATION,0,0.0,0.0,0.0,30
3-wise,198,7,HAVE_STATISTICS = 1 AND HAVE_VERIFY = 1 AND HAVE_CRYPTO = 1,CACHESIZE <= 48.0,4,0.074074074074074,0.0396039603960396,0.5714285714285714,30
4-wise,445,31,HAVE_STATISTICS = 1 AND HAVE_VERIFY = 1 AND HAVE_CRYPTO = 1,NOT HAVE_HASH.1,3,0.1538461538461538,0.0833333333333333,1.0,30
full,2560,320,HAVE_REPLICATION = 1 AND HAVE_VERIFY = 1 AND HAVE_CRYPTO = 1,HAVE_REPLICATION AND HAVE_VERIFY AND HAVE_CRYPTO,0,1.0,1.0,1.0,31
random_2,32,7,HAVE_REPLICATION = 1 AND HAVE_VERIFY = 1 AND HAVE_CRYPTO = 1,HAVE_VERIFY AND PAGESIZE > 12.0 AND HAVE_REPLICATION,3,0.4444444444444445,1.0,0.2857142857142857,31
random_5,80,15,HAVE_REPLICATION = 1 AND HAVE_VERIFY = 1 AND HAVE_CRYPTO = 1,HAVE_CRYPTO AND PAGESIZE <= 2.5 AND NOT DIAGNOSTIC AND CACHESIZE > 24.0,3,0.3333333333333333,1.0,0.2,31
random_10,160,18,HAVE_REPLICATION = 1 AND HAVE_VERIFY = 1 AND HAVE_CRYPTO = 1,HAVE_VERIFY AND NOT HAVE_HASH.1 AND CACHESIZE > 24.0 AND HAVE_REPLICATION,0,0.9090909090909092,1.0,0.8333333333333334,31
random_20,320,44,HAVE_REPLICATION = 1 AND HAVE_VERIFY = 1 AND HAVE_CRYPTO = 1,HAVE_VERIFY AND HAVE_REPLICATION AND HAVE_CRYPTO,0,1.0,1.0,1.0,31
2-wise,59,5,HAVE_REPLICATION = 1 AND HAVE_VERIFY = 1 AND HAVE_CRYPTO = 1,HAVE_REPLICATION AND NOT HAVE_HASH.1 AND PAGESIZE <= 12.0 AND HAVE_VERIFY,4,0.7499999999999999,1.0,0.6,31
3-wise,198,11,HAVE_REPLICATION = 1 AND HAVE_VERIFY = 1 AND HAVE_CRYPTO = 1,HAVE_CRYPTO AND HAVE_STATISTICS AND PAGESIZE <= 6.0 AND HAVE_REPLICATION,0,0.6666666666666665,0.8571428571428571,0.5454545454545454,31
4-wise,446,31,HAVE_REPLICATION = 1 AND HAVE_VERIFY = 1 AND HAVE_CRYPTO = 1,HAVE_HASH AND HAVE_VERIFY AND HAVE_REPLICATION,0,0.8076923076923077,1.0,0.6774193548387096,31
full,2560,320,HAVE_SEQUENCE = 1 AND HAVE_STATISTICS = 1 AND HAVE_CRYPTO = 1,HAVE_CRYPTO AND HAVE_SEQUENCE AND HAVE_STATISTICS,0,1.0,1.0,1.0,32
random_2,32,2,HAVE_SEQUENCE = 1 AND HAVE_STATISTICS = 1 AND HAVE_CRYPTO = 1,CACHESIZE <= 288.0 AND HAVE_STATISTICS AND HAVE_REPLICATION AND PAGESIZE > 8.5,0,0.0,0.0,0.0,32
random_5,80,8,HAVE_SEQUENCE = 1 AND HAVE_STATISTICS = 1 AND HAVE_CRYPTO = 1,HAVE_SEQUENCE.1 AND NOT DIAGNOSTIC AND CACHESIZE <= 288.0,0,0.0,0.0,0.0,32
random_10,160,19,HAVE_SEQUENCE = 1 AND HAVE_STATISTICS = 1 AND HAVE_CRYPTO = 1,NOT PAGESIZE.1 AND HAVE_CRYPTO,4,0.4086021505376344,0.2567567567567567,1.0,32
random_20,320,32,HAVE_SEQUENCE = 1 AND HAVE_STATISTICS = 1 AND HAVE_CRYPTO = 1,NOT HAVE_SEQUENCE AND HAVE_REPLICATION AND CACHESIZE > 288.0 AND PAGESIZE > 4.5,0,0.0,0.0,0.0,32
2-wise,62,4,HAVE_SEQUENCE = 1 AND HAVE_STATISTICS = 1 AND HAVE_CRYPTO = 1,NOT HAVE_STATISTICS.1 AND NOT HAVE_SEQUENCE.1,4,0.1538461538461538,0.0833333333333333,1.0,32
3-wise,208,10,HAVE_SEQUENCE = 1 AND HAVE_STATISTICS = 1 AND HAVE_CRYPTO = 1,NOT HAVE_STATISTICS AND PAGESIZE <= 2.5 AND NOT HAVE_SEQUENCE.1 AND NOT DIAGNOSTIC.1,0,0.0,0.0,0.0,32
4-wise,448,33,HAVE_SEQUENCE = 1 AND HAVE_STATISTICS = 1 AND HAVE_CRYPTO = 1,HAVE_SEQUENCE AND NOT HAVE_HASH.1 AND HAVE_STATISTICS AND HAVE_CRYPTO,0,1.0,1.0,1.0,32
full,2560,320,HAVE_HASH = 1 AND HAVE_REPLICATION = 1 AND HAVE_CRYPTO = 1,HAVE_HASH AND HAVE_REPLICATION,0,1.0,1.0,1.0,33
random_2,32,3,HAVE_HASH = 1 AND HAVE_REPLICATION = 1 AND HAVE_CRYPTO = 1,NOT HAVE_VERIFY.1 AND NOT HAVE_VERIFY AND PAGESIZE > 12.0,0,0.0,0.0,0.0,33
random_5,80,10,HAVE_HASH = 1 AND HAVE_REPLICATION = 1 AND HAVE_CRYPTO = 1,PAGESIZE > 2.5 AND NOT PAGESIZE.1 AND CACHESIZE > 24.0 AND NOT HAVE_SEQUENCE.1,3,0.2456140350877192,0.1489361702127659,0.7,33
random_10,160,19,HAVE_HASH = 1 AND HAVE_REPLICATION = 1 AND HAVE_CRYPTO = 1,HAVE_HASH.1 AND HAVE_REPLICATION AND HAVE_STATISTICS AND CACHESIZE <= 24.0,0,0.0,0.0,0.0,33
random_20,320,40,HAVE_HASH = 1 AND HAVE_REPLICATION = 1 AND HAVE_CRYPTO = 1,NOT HAVE_STATISTICS.1 AND HAVE_HASH AND HAVE_REPLICATION,0,1.0,1.0,1.0,33
2-wise,54,4,HAVE_HASH = 1 AND HAVE_REPLICATION = 1 AND HAVE_CRYPTO = 1,PAGESIZE > 2.5 AND PAGESIZE > 24.0 AND NOT DIAGNOSTIC.1 AND NOT HAVE_SEQUENCE.1,4,0.1818181818181818,0.1428571428571428,0.25,33
3-wise,205,16,HAVE_HASH = 1 AND HAVE_REPLICATION = 1 AND HAVE_CRYPTO = 1,CACHESIZE > 48.0 AND HAVE_REPLICATION AND HAVE_CRYPTO,1,0.4827586206896552,0.5384615384615384,0.4375,33
4-wise,444,37,HAVE_HASH = 1 AND HAVE_REPLICATION = 1 AND HAVE_CRYPTO = 1,HAVE_REPLICATION AND HAVE_HASH,0,1.0,1.0,1.0,33
full,2560,320,DIAGNOSTIC = 1 AND HAVE_SEQUENCE = 1 AND HAVE_CRYPTO = 1,HAVE_SEQUENCE AND DIAGNOSTIC AND HAVE_CRYPTO,0,1.0,1.0,1.0,34
random_2,32,6,DIAGNOSTIC = 1 AND HAVE_SEQUENCE = 1 AND HAVE_CRYPTO = 1,NOT PAGESIZE.1 AND NOT HAVE_CRYPTO AND CACHESIZE <= 288.0 AND CACHESIZE > 24.0,0,0.0,0.0,0.0,34
random_5,80,12,DIAGNOSTIC = 1 AND HAVE_SEQUENCE = 1 AND HAVE_CRYPTO = 1,PAGESIZE <= 24.0,4,0.2307692307692307,0.1363636363636363,0.75,34
random_10,160,23,DIAGNOSTIC = 1 AND HAVE_SEQUENCE = 1 AND HAVE_CRYPTO = 1,DIAGNOSTIC AND HAVE_SEQUENCE AND NOT HAVE_VERIFY AND HAVE_CRYPTO,2,0.6060606060606061,1.0,0.4347826086956521,34
random_20,320,38,DIAGNOSTIC = 1 AND HAVE_SEQUENCE = 1 AND HAVE_CRYPTO = 1,NOT PAGESIZE.1 AND HAVE_SEQUENCE AND HAVE_CRYPTO AND DIAGNOSTIC,0,1.0,1.0,1.0,34
2-wise,61,10,DIAGNOSTIC = 1 AND HAVE_SEQUENCE = 1 AND HAVE_CRYPTO = 1,HAVE_VERIFY AND NOT HAVE_REPLICATION.1 AND HAVE_SEQUENCE,4,0.888888888888889,1.0,0.8,34
3-wise,198,17,DIAGNOSTIC = 1 AND HAVE_SEQUENCE = 1 AND HAVE_CRYPTO = 1,NOT HAVE_SEQUENCE.1 AND HAVE_CRYPTO AND HAVE_SEQUENCE AND DIAGNOSTIC,1,1.0,1.0,1.0,34
4-wise,448,33,DIAGNOSTIC = 1 AND HAVE_SEQUENCE = 1 AND HAVE_CRYPTO = 1,HAVE_CRYPTO AND DIAGNOSTIC AND HAVE_SEQUENCE,0,1.0,1.0,1.0,34
full,2560,280,HAVE_SEQUENCE = 1 AND HAVE_STATISTICS = 1 AND HAVE_VERIFY = 1,HAVE_STATISTICS AND HAVE_VERIFY AND HAVE_SEQUENCE,0,1.0,1.0,1.0,35
random_2,32,4,HAVE_SEQUENCE = 1 AND HAVE_STATISTICS = 1 AND HAVE_VERIFY = 1,PAGESIZE > 2.5 AND PAGESIZE <= 6.0 AND CACHESIZE > 288.0 AND HAVE_STATISTICS,4,0.6666666666666666,1.0,0.5,35
random_5,80,8,HAVE_SEQUENCE = 1 AND HAVE_STATISTICS = 1 AND HAVE_VERIFY = 1,NOT HAVE_SEQUENCE AND NOT HAVE_REPLICATION.1 AND HAVE_HASH AND CACHESIZE > 48.0,0,0.0,0.0,0.0,35
random_10,160,14,HAVE_SEQUENCE = 1 AND HAVE_STATISTICS = 1 AND HAVE_VERIFY = 1,HAVE_HASH.1 AND PAGESIZE > 12.0 AND PAGESIZE <= 24.0 AND HAVE_STATISTICS,0,0.0,0.0,0.0,35
random_20,320,38,HAVE_SEQUENCE = 1 AND HAVE_STATISTICS = 1 AND HAVE_VERIFY = 1,NOT DIAGNOSTIC.1,1,0.2146892655367231,0.120253164556962,1.0,35
2-wise,58,5,HAVE_SEQUENCE = 1 AND HAVE_STATISTICS = 1 AND HAVE_VERIFY = 1,CACHESIZE <= 288.0 AND PAGESIZE <= 24.0 AND NOT PAGESIZE.1 AND PAGESIZE > 6.0,1,0.2,0.1333333333333333,0.4,35
3-wise,207,13,HAVE_SEQUENCE = 1 AND HAVE_STATISTICS = 1 AND HAVE_VERIFY = 1,HAVE_VERIFY.1 AND PAGESIZE <= 6.0 AND NOT DIAGNOSTIC AND CACHESIZE > 48.0,0,0.0,0.0,0.0,35
4-wise,441,37,HAVE_SEQUENCE = 1 AND HAVE_STATISTICS = 1 AND HAVE_VERIFY = 1,HAVE_SEQUENCE AND HAVE_VERIFY AND HAVE_HASH.1 AND HAVE_STATISTICS,3,0.4583333333333333,1.0,0.2972972972972973,35
full,2560,320,DIAGNOSTIC = 1 AND HAVE_REPLICATION = 1 AND HAVE_CRYPTO = 1,DIAGNOSTIC AND HAVE_CRYPTO AND HAVE_REPLICATION,0,1.0,1.0,1.0,36
random_2,32,10,DIAGNOSTIC = 1 AND HAVE_REPLICATION = 1 AND HAVE_CRYPTO = 1,DIAGNOSTIC AND HAVE_REPLICATION AND CACHESIZE > 24.0 AND HAVE_HASH,3,0.3333333333333333,1.0,0.2,36
random_5,80,8,DIAGNOSTIC = 1 AND HAVE_REPLICATION = 1 AND HAVE_CRYPTO = 1,NOT HAVE_STATISTICS.1 AND HAVE_HASH AND CACHESIZE > 24.0 AND HAVE_REPLICATION,2,0.625,0.625,0.625,36
random_10,160,25,DIAGNOSTIC = 1 AND HAVE_REPLICATION = 1 AND HAVE_CRYPTO = 1,HAVE_CRYPTO AND DIAGNOSTIC AND CACHESIZE > 24.0 AND HAVE_REPLICATION,0,0.8372093023255813,1.0,0.72,36
random_20,320,43,DIAGNOSTIC = 1 AND HAVE_REPLICATION = 1 AND HAVE_CRYPTO = 1,DIAGNOSTIC AND NOT HAVE_SEQUENCE.1 AND HAVE_REPLICATION AND NOT HAVE_HASH.1,0,1.0,1.0,1.0,36
2-wise,61,4,DIAGNOSTIC = 1 AND HAVE_REPLICATION = 1 AND HAVE_CRYPTO = 1,NOT HAVE_SEQUENCE.1 AND NOT PAGESIZE.1 AND NOT HAVE_STATISTICS.1 AND NOT HAVE_REPLICATION.1,3,0.1999999999999999,0.1111111111111111,1.0,36
3-wise,202,11,DIAGNOSTIC = 1 AND HAVE_REPLICATION = 1 AND HAVE_CRYPTO = 1,PAGESIZE <= 24.0 AND NOT HAVE_REPLICATION.1,4,0.1298701298701298,0.0699300699300699,0.9090909090909092,36
4-wise,437,27,DIAGNOSTIC = 1 AND HAVE_REPLICATION = 1 AND HAVE_CRYPTO = 1,NOT HAVE_VERIFY,4,0.0755813953488372,0.0410094637223974,0.4814814814814814,36
full,2560,320,HAVE_REPLICATION = 1 AND HAVE_VERIFY = 1 AND HAVE_CRYPTO = 1,HAVE_VERIFY AND HAVE_REPLICATION,1,0.8,0.6666666666666666,1.0,37
random_2,32,3,HAVE_REPLICATION = 1 AND HAVE_VERIFY = 1 AND HAVE_CRYPTO = 1,NOT HAVE_HASH AND HAVE_STATISTICS AND NOT HAVE_SEQUENCE.1,3,0.1428571428571428,0.0909090909090909,0.3333333333333333,37
random_5,80,12,HAVE_REPLICATION = 1 AND HAVE_VERIFY = 1 AND HAVE_CRYPTO = 1,NOT HAVE_VERIFY.1 AND CACHESIZE > 24.0 AND NOT HAVE_HASH AND CACHESIZE > 288.0,3,0.16,0.1538461538461538,0.1666666666666666,37
random_10,160,29,HAVE_REPLICATION = 1 AND HAVE_VERIFY = 1 AND HAVE_CRYPTO = 1,HAVE_CRYPTO AND CACHESIZE <= 288.0 AND CACHESIZE <= 48.0 AND HAVE_VERIFY,4,0.6440677966101694,0.6333333333333333,0.6551724137931034,37
random_20,320,31,HAVE_REPLICATION = 1 AND HAVE_VERIFY = 1 AND HAVE_CRYPTO = 1,NOT HAVE_STATISTICS.1,0,0.1786743515850143,0.0981012658227848,1.0,37
2-wise,59,5,HAVE_REPLICATION = 1 AND HAVE_VERIFY = 1 AND HAVE_CRYPTO = 1,NOT HAVE_SEQUENCE.1 AND HAVE_SEQUENCE,3,0.2105263157894736,0.1428571428571428,0.4,37
3-wise,202,11,HAVE_REPLICATION = 1 AND HAVE_VERIFY = 1 AND HAVE_CRYPTO = 1,PAGESIZE <= 12.0 AND HAVE_SEQUENCE,3,0.1777777777777777,0.1176470588235294,0.3636363636363636,37
4-wise,443,34,HAVE_REPLICATION = 1 AND HAVE_VERIFY = 1 AND HAVE_CRYPTO = 1,PAGESIZE > 2.5,2,0.1402597402597402,0.0769230769230769,0.7941176470588235,37
full,2560,320,HAVE_STATISTICS = 1 AND HAVE_VERIFY = 1 AND HAVE_CRYPTO = 1,HAVE_VERIFY AND HAVE_STATISTICS AND HAVE_CRYPTO,0,1.0,1.0,1.0,38
random_2,32,5,HAVE_STATISTICS = 1 AND HAVE_VERIFY = 1 AND HAVE_CRYPTO = 1,NOT DIAGNOSTIC.1 AND HAVE_CRYPTO AND HAVE_STATISTICS AND HAVE_VERIFY,0,1.0,1.0,1.0,38
random_5,80,8,HAVE_STATISTICS = 1 AND HAVE_VERIFY = 1 AND HAVE_CRYPTO = 1,HAVE_STATISTICS AND HAVE_CRYPTO AND HAVE_VERIFY,0,1.0,1.0,1.0,38
random_10,160,27,HAVE_STATISTICS = 1 AND HAVE_VERIFY = 1 AND HAVE_CRYPTO = 1,HAVE_VERIFY AND HAVE_STATISTICS AND HAVE_CRYPTO,0,1.0,1.0,1.0,38
random_20,320,36,HAVE_STATISTICS = 1 AND HAVE_VERIFY = 1 AND HAVE_CRYPTO = 1,HAVE_STATISTICS AND HAVE_CRYPTO AND HAVE_VERIFY,0,1.0,1.0,1.0,38
2-wise,60,5,HAVE_STATISTICS = 1 AND HAVE_VERIFY = 1 AND HAVE_CRYPTO = 1,HAVE_VERIFY AND NOT HAVE_REPLICATION.1 AND HAVE_STATISTICS AND HAVE_REPLICATION,2,1.0,1.0,1.0,38
3-wise,204,12,HAVE_STATISTICS = 1 AND HAVE_VERIFY = 1 AND HAVE_CRYPTO = 1,HAVE_CRYPTO AND HAVE_VERIFY AND HAVE_STATISTICS,0,1.0,1.0,1.0,38
4-wise,436,32,HAVE_STATISTICS = 1 AND HAVE_VERIFY = 1 AND HAVE_CRYPTO = 1,HAVE_CRYPTO AND HAVE_STATISTICS AND HAVE_VERIFY,0,1.0,1.0,1.0,38
full,2560,280,DIAGNOSTIC = 1 AND HAVE_SEQUENCE = 1 AND HAVE_VERIFY = 1,HAVE_SEQUENCE AND DIAGNOSTIC AND HAVE_VERIFY,0,1.0,1.0,1.0,39
random_2,32,4,DIAGNOSTIC = 1 AND HAVE_SEQUENCE = 1 AND HAVE_VERIFY = 1,NOT HAVE_HASH AND HAVE_VERIFY AND HAVE_SEQUENCE,4,0.8571428571428571,1.0,0.75,39
random_5,80,2,DIAGNOSTIC = 1 AND HAVE_SEQUENCE = 1 AND HAVE_VERIFY = 1,NOT HAVE_REPLICATION AND NOT HAVE_CRYPTO AND PAGESIZE > 2.5 AND NOT HAVE_STATISTICS.1,0,0.0,0.0,0.0,39
random_10,160,13,DIAGNOSTIC = 1 AND HAVE_SEQUENCE = 1 AND HAVE_VERIFY = 1,NOT DIAGNOSTIC.1,0,0.1511627906976744,0.0817610062893081,1.0,39
random_20,320,27,DIAGNOSTIC = 1 AND HAVE_SEQUENCE = 1 AND HAVE_VERIFY = 1,CACHESIZE > 48.0,3,0.160427807486631,0.09375,0.5555555555555556,39
2-wise,56,4,DIAGNOSTIC = 1 AND HAVE_SEQUENCE = 1 AND HAVE_VERIFY = 1,PAGESIZE <= 24.0 AND CACHESIZE > 288.0 AND PAGESIZE <= 2.5 AND NOT HAVE_HASH.1,0,0.0,0.0,0.0,39
3-wise,202,15,DIAGNOSTIC = 1 AND HAVE_SEQUENCE = 1 AND HAVE_VERIFY = 1,HAVE_VERIFY AND DIAGNOSTIC AND NOT HAVE_HASH AND HAVE_SEQUENCE,1,0.888888888888889,1.0,0.8,39
4-wise,443,36,DIAGNOSTIC = 1 AND HAVE_SEQUENCE = 1 AND HAVE_VERIFY = 1,NOT HAVE_VERIFY AND CACHESIZE <= 48.0 AND HAVE_CRYPTO AND CACHESIZE <= 24.0,0,0.0,0.0,0.0,39
full,2560,320,DIAGNOSTIC = 1 AND HAVE_REPLICATION = 1 AND HAVE_CRYPTO = 1,HAVE_REPLICATION AND DIAGNOSTIC AND NOT HAVE_HASH.1,0,1.0,1.0,1.0,3
random_2,32,3,DIAGNOSTIC = 1 AND HAVE_REPLICATION = 1 AND HAVE_CRYPTO = 1,HAVE_HASH.1 AND PAGESIZE <= 12.0 AND HAVE_REPLICATION AND NOT HAVE_VERIFY,0,0.0,0.0,0.0,3
random_5,80,10,DIAGNOSTIC = 1 AND HAVE_REPLICATION = 1 AND HAVE_CRYPTO = 1,HAVE_CRYPTO AND HAVE_REPLICATION AND DIAGNOSTIC,1,1.0,1.0,1.0,3
random_10,160,15,DIAGNOSTIC = 1 AND HAVE_REPLICATION = 1 AND HAVE_CRYPTO = 1,HAVE_REPLICATION AND DIAGNOSTIC AND NOT HAVE_HASH.1,0,1.0,1.0,1.0,3
random_20,320,47,DIAGNOSTIC = 1 AND HAVE_REPLICATION = 1 AND HAVE_CRYPTO = 1,DIAGNOSTIC AND HAVE_REPLICATION AND HAVE_CRYPTO,0,1.0,1.0,1.0,3
2-wise,66,5,DIAGNOSTIC = 1 AND HAVE_REPLICATION = 1 AND HAVE_CRYPTO = 1,HAVE_HASH AND NOT HAVE_SEQUENCE AND CACHESIZE > 24.0 AND HAVE_STATISTICS,4,0.5714285714285715,1.0,0.4,3
3-wise,200,13,DIAGNOSTIC = 1 AND HAVE_REPLICATION = 1 AND HAVE_CRYPTO = 1,DIAGNOSTIC AND HAVE_REPLICATION AND HAVE_CRYPTO,0,1.0,1.0,1.0,3
4-wise,436,37,DIAGNOSTIC = 1 AND HAVE_REPLICATION = 1 AND HAVE_CRYPTO = 1,HAVE_CRYPTO AND DIAGNOSTIC AND HAVE_REPLICATION,0,1.0,1.0,1.0,3
full,2560,320,HAVE_STATISTICS = 1 AND HAVE_VERIFY = 1 AND HAVE_CRYPTO = 1,HAVE_STATISTICS AND HAVE_CRYPTO,3,0.6666666666666666,0.5,1.0,40
random_2,32,2,HAVE_STATISTICS = 1 AND HAVE_VERIFY = 1 AND HAVE_CRYPTO = 1,HAVE_SEQUENCE AND PAGESIZE > 24.0 AND CACHESIZE > 40.0,0,0.0,0.0,0.0,40
random_5,80,9,HAVE_STATISTICS = 1 AND HAVE_VERIFY = 1 AND HAVE_CRYPTO = 1,HAVE_HASH.1 AND CACHESIZE > 48.0 AND NOT HAVE_REPLICATION AND CACHESIZE > 288.0,0,0.0,0.0,0.0,40
random_10,160,20,HAVE_STATISTICS = 1 AND HAVE_VERIFY = 1 AND HAVE_CRYPTO = 1,PAGESIZE > 2.5 AND NOT PAGESIZE.1,4,0.2083333333333333,0.1209677419354838,0.75,40
random_20,320,41,HAVE_STATISTICS = 1 AND HAVE_VERIFY = 1 AND HAVE_CRYPTO = 1,NOT DIAGNOSTIC AND NOT HAVE_STATISTICS.1,4,0.2436548223350254,0.1538461538461538,0.5853658536585366,40
2-wise,61,2,HAVE_STATISTICS = 1 AND HAVE_VERIFY = 1 AND HAVE_CRYPTO = 1,PAGESIZE > 2.5 AND NOT HAVE_HASH AND PAGESIZE > 12.0 AND NOT PAGESIZE.1,0,0.0,0.0,0.0,40
3-wise,202,14,HAVE_STATISTICS = 1 AND HAVE_VERIFY = 1 AND HAVE_CRYPTO = 1,PAGESIZE.1 AND CACHESIZE <= 24.0 AND PAGESIZE > 6.0 AND PAGESIZE > 12.0,0,0.0,0.0,0.0,40
4-wise,451,29,HAVE_STATISTICS = 1 AND HAVE_VERIFY = 1 AND HAVE_CRYPTO = 1,HAVE_REPLICATION AND PAGESIZE > 2.5 AND NOT HAVE_SEQUENCE AND PAGESIZE <= 24.0,1,0.1818181818181818,0.1923076923076923,0.1724137931034483,40
full,2560,320,DIAGNOSTIC = 1 AND HAVE_SEQUENCE = 1 AND HAVE_CRYPTO = 1,DIAGNOSTIC AND HAVE_SEQUENCE AND HAVE_CRYPTO,0,1.0,1.0,1.0,41
random_2,32,4,DIAGNOSTIC = 1 AND HAVE_SEQUENCE = 1 AND HAVE_CRYPTO = 1,NOT HAVE_REPLICATION.1 AND HAVE_STATISTICS AND PAGESIZE <= 12.0 AND NOT HAVE_CRYPTO,0,0.0,0.0,0.0,41
random_5,80,11,DIAGNOSTIC = 1 AND HAVE_SEQUENCE = 1 AND HAVE_CRYPTO = 1,NOT HAVE_CRYPTO AND NOT HAVE_REPLICATION AND NOT HAVE_SEQUENCE.1 AND CACHESIZE <= 24.0,0,0.0,0.0,0.0,41
random_10,160,10,DIAGNOSTIC = 1 AND HAVE_SEQUENCE = 1 AND HAVE_CRYPTO = 1,CACHESIZE > 288.0 AND HAVE_STATISTICS,4,0.0689655172413793,0.0526315789473684,0.1,41
random_20,320,42,DIAGNOSTIC = 1 AND HAVE_SEQUENCE = 1 AND HAVE_CRYPTO = 1,PAGESIZE > 2.5 AND NOT HAVE_HASH.1,3,0.2672413793103448,0.1631578947368421,0.7380952380952381,41
2-wise,58,3,DIAGNOSTIC = 1 AND HAVE_SEQUENCE = 1 AND HAVE_CRYPTO = 1,CACHESIZE > 24.0 AND PAGESIZE <= 12.0 AND NOT HAVE_HASH,4,0.074074074074074,0.0416666666666666,0.3333333333333333,41
3-wise,201,11,DIAGNOSTIC = 1 AND HAVE_SEQUENCE = 1 AND HAVE_CRYPTO = 1,CACHESIZE > 288.0 AND NOT HAVE_CRYPTO AND NOT HAVE_REPLICATION.1 AND HAVE_STATISTICS,0,0.0,0.0,0.0,41
4-wise,433,34,DIAGNOSTIC = 1 AND HAVE_SEQUENCE = 1 AND HAVE_CRYPTO = 1,NOT PAGESIZE.1 AND DIAGNOSTIC AND HAVE_SEQUENCE AND HAVE_CRYPTO,0,1.0,1.0,1.0,41
full,2560,320,DIAGNOSTIC = 1 AND HAVE_VERIFY = 1 AND HAVE_CRYPTO = 1,HAVE_VERIFY AND HAVE_CRYPTO AND DIAGNOSTIC,0,1.0,1.0,1.0,42
random_2,32,3,DIAGNOSTIC = 1 AND HAVE_VERIFY = 1 AND HAVE_CRYPTO = 1,PAGESIZE <= 2.5,4,0.1538461538461538,0.1,0.3333333333333333,42
random_5,80,9,DIAGNOSTIC = 1 AND HAVE_VERIFY = 1 AND HAVE_CRYPTO = 1,NOT HAVE_VERIFY.1 AND CACHESIZE <= 24.0 AND HAVE_HASH AND DIAGNOSTIC,4,0.4615384615384615,0.75,0.3333333333333333,42
random_10,160,31,DIAGNOSTIC = 1 AND HAVE_VERIFY = 1 AND HAVE_CRYPTO = 1,HAVE_CRYPTO AND HAVE_VERIFY AND HAVE_STATISTICS AND DIAGNOSTIC,0,0.5909090909090909,1.0,0.4193548387096774,42
random_20,320,33,DIAGNOSTIC = 1 AND HAVE_VERIFY = 1 AND HAVE_CRYPTO = 1,HAVE_STATISTICS AND HAVE_VERIFY AND DIAGNOSTIC AND HAVE_CRYPTO,0,0.7547169811320755,1.0,0.6060606060606061,42
2-wise,56,2,DIAGNOSTIC = 1 AND HAVE_VERIFY = 1 AND HAVE_CRYPTO = 1,NOT HAVE_SEQUENCE.1 AND PAGESIZE <= 2.5 AND HAVE_SEQUENCE,0,0.0,0.0,0.0,42
3-wise,197,10,DIAGNOSTIC = 1 AND HAVE_VERIFY = 1 AND HAVE_CRYPTO = 1,NOT HAVE_VERIFY AND PAGESIZE <= 24.0 AND HAVE_SEQUENCE.1 AND PAGESIZE <= 12.0,0,0.0,0.0,0.0,42
4-wise,451,32,DIAGNOSTIC = 1 AND HAVE_VERIFY = 1 AND HAVE_CRYPTO = 1,HAVE_CRYPTO AND DIAGNOSTIC AND HAVE_HASH AND HAVE_VERIFY,0,0.8363636363636363,1.0,0.71875,42
full,2560,320,HAVE_REPLICATION = 1 AND HAVE_STATISTICS = 1 AND HAVE_CRYPTO = 1,NOT HAVE_SEQUENCE.1 AND NOT PAGESIZE.1,1,0.2302158273381295,0.1300813008130081,1.0,43
random_2,32,6,HAVE_REPLICATION = 1 AND HAVE_STATISTICS = 1 AND HAVE_CRYPTO = 1,NOT HAVE_STATISTICS.1 AND HAVE_STATISTICS AND NOT HAVE_SEQUENCE.1 AND NOT DIAGNOSTIC,4,0.3333333333333333,0.3333333333333333,0.3333333333333333,43
random_5,80,10,HAVE_REPLICATION = 1 AND HAVE_STATISTICS = 1 AND HAVE_CRYPTO = 1,NOT HAVE_HASH.1 AND NOT DIAGNOSTIC,4,0.2857142857142857,0.1875,0.6,43
random_10,160,24,HAVE_REPLICATION = 1 AND HAVE_STATISTICS = 1 AND HAVE_CRYPTO = 1,HAVE_REPLICATION AND HAVE_STATISTICS AND CACHESIZE > 24.0 AND HAVE_CRYPTO,1,0.9090909090909092,1.0,0.8333333333333334,43
random_20,320,35,HAVE_REPLICATION = 1 AND HAVE_STATISTICS = 1 AND HAVE_CRYPTO = 1,PAGESIZE <= 24.0 AND NOT HAVE_SEQUENCE.1,3,0.1970802919708029,0.1129707112970711,0.7714285714285715,43
2-wise,62,2,HAVE_REPLICATION = 1 AND HAVE_STATISTICS = 1 AND HAVE_CRYPTO = 1,NOT DIAGNOSTIC AND NOT HAVE_STATISTICS.1,3,0.0555555555555555,0.0294117647058823,0.5,43
3-wise,197,9,HAVE_REPLICATION = 1 AND HAVE_STATISTICS = 1 AND HAVE_CRYPTO = 1,HAVE_REPLICATION.1 AND PAGESIZE <= 6.0 AND HAVE_SEQUENCE AND NOT HAVE_VERIFY,0,0.0,0.0,0.0,43
4-wise,441,33,HAVE_REPLICATION = 1 AND HAVE_STATISTICS = 1 AND HAVE_CRYPTO = 1,HAVE_HASH AND HAVE_STATISTICS AND DIAGNOSTIC AND HAVE_REPLICATION,0,0.3902439024390244,1.0,0.2424242424242424,43
full,2560,280,DIAGNOSTIC = 1 AND HAVE_SEQUENCE = 1 AND HAVE_VERIFY = 1,DIAGNOSTIC AND HAVE_VERIFY AND HAVE_SEQUENCE,0,1.0,1.0,1.0,44
random_2,32,7,DIAGNOSTIC = 1 AND HAVE_SEQUENCE = 1 AND HAVE_VERIFY = 1,CACHESIZE <= 288.0 AND NOT HAVE_VERIFY.1 AND DIAGNOSTIC AND HAVE_SEQUENCE,3,0.8333333333333333,1.0,0.7142857142857143,44
random_5,80,9,DIAGNOSTIC = 1 AND HAVE_SEQUENCE = 1 AND HAVE_VERIFY = 1,DIAGNOSTIC AND HAVE_SEQUENCE AND NOT HAVE_HASH AND HAVE_VERIFY,3,0.7142857142857143,1.0,0.5555555555555556,44
random_10,160,9,DIAGNOSTIC = 1 AND HAVE_SEQUENCE = 1 AND HAVE_VERIFY = 1,NOT DIAGNOSTIC.1 AND CACHESIZE <= 24.0 AND PAGESIZE > 24.0 AND NOT HAVE_HASH.1,4,0.2666666666666666,0.3333333333333333,0.2222222222222222,44
random_20,320,35,DIAGNOSTIC = 1 AND HAVE_SEQUENCE = 1 AND HAVE_VERIFY = 1,HAVE_SEQUENCE AND HAVE_VERIFY AND DIAGNOSTIC,0,1.0,1.0,1.0,44
2-wise,57,7,DIAGNOSTIC = 1 AND HAVE_SEQUENCE = 1 AND HAVE_VERIFY = 1,NOT DIAGNOSTIC AND NOT HAVE_SEQUENCE.1 AND NOT HAVE_SEQUENCE AND PAGESIZE > 6.0,0,0.0,0.0,0.0,44
3-wise,196,8,DIAGNOSTIC = 1 AND HAVE_SEQUENCE = 1 AND HAVE_VERIFY = 1,NOT HAVE_CRYPTO AND CACHESIZE > 24.0,1,0.0634920634920634,0.0338983050847457,0.5,44
4-wise,445,31,DIAGNOSTIC = 1 AND HAVE_SEQUENCE = 1 AND HAVE_VERIFY = 1,CACHESIZE > 288.0 AND HAVE_VERIFY AND HAVE_SEQUENCE AND DIAGNOSTIC,2,0.3684210526315789,1.0,0.2258064516129032,44
full,2560,320,DIAGNOSTIC = 1 AND HAVE_VERIFY = 1 AND HAVE_CRYPTO = 1,DIAGNOSTIC AND HAVE_VERIFY AND HAVE_CRYPTO,0,1.0,1.0,1.0,45
random_2,32,7,DIAGNOSTIC = 1 AND HAVE_VERIFY = 1 AND HAVE_CRYPTO = 1,CACHESIZE > 24.0,4,0.3333333333333332,0.2068965517241379,0.8571428571428571,45
random_5,80,11,DIAGNOSTIC = 1 AND HAVE_VERIFY = 1 AND HAVE_CRYPTO = 1,HAVE_VERIFY.1 AND PAGESIZE <= 2.5,0,0.0,0.0,0.0,45
random_10,160,21,DIAGNOSTIC = 1 AND HAVE_VERIFY = 1 AND HAVE_CRYPTO = 1,NOT HAVE_STATISTICS.1,2,0.2372881355932203,0.1346153846153846,1.0,45
random_20,320,34,DIAGNOSTIC = 1 AND HAVE_VERIFY = 1 AND HAVE_CRYPTO = 1,NOT DIAGNOSTIC.1 AND DIAGNOSTIC,4,0.3756906077348066,0.2312925170068027,1.0,45
2-wise,66,2,DIAGNOSTIC = 1 AND HAVE_VERIFY = 1 AND HAVE_CRYPTO = 1,HAVE_REPLICATION.1 AND CACHESIZE <= 288.0 AND NOT HAVE_STATISTICS,0,0.0,0.0,0.0,45
3-wise,206,10,DIAGNOSTIC = 1 AND HAVE_VERIFY = 1 AND HAVE_CRYPTO = 1,NOT HAVE_SEQUENCE.1 AND PAGESIZE > 6.0,3,0.1196581196581196,0.0654205607476635,0.7,45
4-wise,448,38,DIAGNOSTIC = 1 AND HAVE_VERIFY = 1 AND HAVE_CRYPTO = 1,HAVE_CRYPTO AND HAVE_VERIFY AND PAGESIZE > 24.0 AND DIAGNOSTIC,0,0.3478260869565217,1.0,0.2105263157894736,45
full,2560,320,DIAGNOSTIC = 1 AND HAVE_STATISTICS = 1 AND HAVE_CRYPTO = 1,HAVE_STATISTICS AND HAVE_CRYPTO AND DIAGNOSTIC,0,1.0,1.0,1.0,46
random_2,32,8,DIAGNOSTIC = 1 AND HAVE_STATISTICS = 1 AND HAVE_CRYPTO = 1,DIAGNOSTIC AND NOT HAVE_VERIFY AND HAVE_CRYPTO AND PAGESIZE <= 20.0,2,0.4,1.0,0.25,46
random_5,80,14,DIAGNOSTIC = 1 AND HAVE_STATISTICS = 1 AND HAVE_CRYPTO = 1,HAVE_CRYPTO AND DIAGNOSTIC AND HAVE_REPLICATION AND HAVE_STATISTICS,2,0.6666666666666666,1.0,0.5,46
random_10,160,19,DIAGNOSTIC = 1 AND HAVE_STATISTICS = 1 AND HAVE_CRYPTO = 1,DIAGNOSTIC AND HAVE_STATISTICS AND NOT HAVE_HASH.1 AND NOT HAVE_SEQUENCE.1,1,0.9268292682926828,0.8636363636363636,1.0,46
random_20,320,50,DIAGNOSTIC = 1 AND HAVE_STATISTICS = 1 AND HAVE_CRYPTO = 1,DIAGNOSTIC AND HAVE_STATISTICS AND HAVE_CRYPTO,0,1.0,1.0,1.0,46
2-wise,62,2,DIAGNOSTIC = 1 AND HAVE_STATISTICS = 1 AND HAVE_CRYPTO = 1,PAGESIZE > 6.0 AND HAVE_SEQUENCE AND HAVE_VERIFY,0,0.0,0.0,0.0,46
3-wise,207,11,DIAGNOSTIC = 1 AND HAVE_STATISTICS = 1 AND HAVE_CRYPTO = 1,HAVE_VERIFY.1 AND HAVE_STATISTICS AND CACHESIZE <= 48.0 AND CACHESIZE > 24.0,0,0.0,0.0,0.0,46
4-wise,460,28,DIAGNOSTIC = 1 AND HAVE_STATISTICS = 1 AND HAVE_CRYPTO = 1,DIAGNOSTIC AND HAVE_CRYPTO AND HAVE_STATISTICS,0,1.0,1.0,1.0,46
full,2560,320,DIAGNOSTIC = 1 AND HAVE_STATISTICS = 1 AND HAVE_CRYPTO = 1,HAVE_STATISTICS AND HAVE_CRYPTO AND DIAGNOSTIC,0,1.0,1.0,1.0,47
random_2,32,5,DIAGNOSTIC = 1 AND HAVE_STATISTICS = 1 AND HAVE_CRYPTO = 1,HAVE_HASH.1 AND HAVE_SEQUENCE AND CACHESIZE > 48.0 AND PAGESIZE <= 10.0,0,0.0,0.0,0.0,47
random_5,80,14,DIAGNOSTIC = 1 AND HAVE_STATISTICS = 1 AND HAVE_CRYPTO = 1,HAVE_VERIFY AND NOT HAVE_REPLICATION.1 AND PAGESIZE <= 2.5 AND DIAGNOSTIC,0,0.25,1.0,0.1428571428571428,47
random_10,160,16,DIAGNOSTIC = 1 AND HAVE_STATISTICS = 1 AND HAVE_CRYPTO = 1,HAVE_CRYPTO AND DIAGNOSTIC AND PAGESIZE > 6.0 AND HAVE_STATISTICS,1,0.6666666666666666,1.0,0.5,47
random_20,320,48,DIAGNOSTIC = 1 AND HAVE_STATISTICS = 1 AND HAVE_CRYPTO = 1,HAVE_STATISTICS AND DIAGNOSTIC AND NOT HAVE_HASH.1 AND NOT HAVE_SEQUENCE.1,1,0.923076923076923,0.8571428571428571,1.0,47
2-wise,57,3,DIAGNOSTIC = 1 AND HAVE_STATISTICS = 1 AND HAVE_CRYPTO = 1,HAVE_HASH AND PAGESIZE <= 12.0 AND CACHESIZE > 48.0 AND NOT HAVE_SEQUENCE,4,0.6666666666666666,0.6666666666666666,0.6666666666666666,47
3-wise,194,10,DIAGNOSTIC = 1 AND HAVE_STATISTICS = 1 AND HAVE_CRYPTO = 1,PAGESIZE > 12.0 AND CACHESIZE <= 288.0 AND NOT HAVE_STATISTICS.1,3,0.0655737704918032,0.0392156862745098,0.2,47
4-wise,438,26,DIAGNOSTIC = 1 AND HAVE_STATISTICS = 1 AND HAVE_CRYPTO = 1,HAVE_STATISTICS AND NOT HAVE_HASH.1 AND HAVE_CRYPTO AND DIAGNOSTIC,0,1.0,1.0,1.0,47
full,2560,300,DIAGNOSTIC = 1 AND HAVE_SEQUENCE = 1 AND HAVE_STATISTICS = 1,DIAGNOSTIC AND NOT HAVE_SEQUENCE.1,0,0.3947368421052631,0.2459016393442623,1.0,48
random_2,32,2,DIAGNOSTIC = 1 AND HAVE_SEQUENCE = 1 AND HAVE_STATISTICS = 1,CACHESIZE > 288.0 AND NOT HAVE_REPLICATION AND HAVE_VERIFY AND HAVE_SEQUENCE,0,0.4,0.3333333333333333,0.5,48
random_5,80,10,DIAGNOSTIC = 1 AND HAVE_SEQUENCE = 1 AND HAVE_STATISTICS = 1,NOT HAVE_HASH.1 AND NOT HAVE_REPLICATION AND CACHESIZE > 24.0,4,0.2857142857142857,0.2,0.5,48
random_10,160,21,DIAGNOSTIC = 1 AND HAVE_SEQUENCE = 1 AND HAVE_STATISTICS = 1,CACHESIZE <= 288.0 AND HAVE_HASH.1 AND PAGESIZE <= 12.0 AND NOT HAVE_VERIFY,2,0.2,0.3333333333333333,0.1428571428571428,48
random_20,320,40,DIAGNOSTIC = 1 AND HAVE_SEQUENCE = 1 AND HAVE_STATISTICS = 1,NOT HAVE_VERIFY,4,0.1866666666666666,0.1135135135135135,0.525,48
2-wise,59,4,DIAGNOSTIC = 1 AND HAVE_SEQUENCE = 1 AND HAVE_STATISTICS = 1,HAVE_REPLICATION AND NOT DIAGNOSTIC AND PAGESIZE > 24.0,0,0.0,0.0,0.0,48
3-wise,197,16,DIAGNOSTIC = 1 AND HAVE_SEQUENCE = 1 AND HAVE_STATISTICS = 1,NOT HAVE_REPLICATION.1 AND HAVE_VERIFY AND CACHESIZE > 24.0 AND DIAGNOSTIC,4,0.3870967741935484,0.4,0.375,48
4-wise,435,36,DIAGNOSTIC = 1 AND HAVE_SEQUENCE = 1 AND HAVE_STATISTICS = 1,DIAGNOSTIC AND NOT HAVE_VERIFY.1 AND CACHESIZE > 24.0,1,0.3048780487804878,0.1953125,0.6944444444444444,48
full,2560,320,DIAGNOSTIC = 1 AND HAVE_SEQUENCE = 1 AND HAVE_CRYPTO = 1,PAGESIZE <= 24.0 AND HAVE_VERIFY AND HAVE_SEQUENCE,4,0.3333333333333333,0.2857142857142857,0.4,49
random_2,32,1,DIAGNOSTIC = 1 AND HAVE_SEQUENCE = 1 AND HAVE_CRYPTO = 1,PAGESIZE <= 24.0 AND NOT HAVE_HASH AND CACHESIZE > 288.0 AND NOT HAVE_HASH.1,0,0.0,0.0,0.0,49
random_5,80,10,DIAGNOSTIC = 1 AND HAVE_SEQUENCE = 1 AND HAVE_CRYPTO = 1,CACHESIZE > 24.0 AND DIAGNOSTIC AND CACHESIZE > 48.0 AND NOT HAVE_HASH.1,4,0.4375,0.3181818181818182,0.7,49
random_10,160,22,DIAGNOSTIC = 1 AND HAVE_SEQUENCE = 1 AND HAVE_CRYPTO = 1,HAVE_HASH AND HAVE_SEQUENCE AND DIAGNOSTIC,4,0.6666666666666666,1.0,0.5,49
random_20,320,33,DIAGNOSTIC = 1 AND HAVE_SEQUENCE = 1 AND HAVE_CRYPTO = 1,HAVE_SEQUENCE AND HAVE_VERIFY.1 AND NOT DIAGNOSTIC AND CACHESIZE <= 48.0,0,0.0,0.0,0.0,49
2-wise,59,6,DIAGNOSTIC = 1 AND HAVE_SEQUENCE = 1 AND HAVE_CRYPTO = 1,HAVE_CRYPTO AND CACHESIZE <= 48.0 AND DIAGNOSTIC AND PAGESIZE <= 24.0,4,0.6666666666666666,1.0,0.5,49
3-wise,202,14,DIAGNOSTIC = 1 AND HAVE_SEQUENCE = 1 AND HAVE_CRYPTO = 1,NOT HAVE_REPLICATION AND NOT DIAGNOSTIC.1 AND NOT HAVE_STATISTICS.1,2,0.0597014925373134,0.0333333333333333,0.2857142857142857,49
4-wise,437,30,DIAGNOSTIC = 1 AND HAVE_SEQUENCE = 1 AND HAVE_CRYPTO = 1,CACHESIZE <= 48.0 AND NOT HAVE_HASH,4,0.0394088669950738,0.0231213872832369,0.1333333333333333,49
full,2560,320,HAVE_REPLICATION = 1 AND HAVE_VERIFY = 1 AND HAVE_CRYPTO = 1,NOT DIAGNOSTIC AND NOT HAVE_REPLICATION.1 AND NOT HAVE_SEQUENCE.1 AND HAVE_VERIFY,4,0.4,0.3333333333333333,0.5,4
random_2,32,4,HAVE_REPLICATION = 1 AND HAVE_VERIFY = 1 AND HAVE_CRYPTO = 1,NOT HAVE_HASH AND NOT HAVE_REPLICATION AND PAGESIZE <= 6.0 AND DIAGNOSTIC,0,0.0,0.0,0.0,4
random_5,80,12,HAVE_REPLICATION = 1 AND HAVE_VERIFY = 1 AND HAVE_CRYPTO = 1,NOT HAVE_REPLICATION.1 AND NOT HAVE_STATISTICS.1 AND NOT DIAGNOSTIC AND PAGESIZE > 2.5,1,0.4102564102564102,0.2962962962962963,0.6666666666666666,4
random_10,160,15,HAVE_REPLICATION = 1 AND HAVE_VERIFY = 1 AND HAVE_CRYPTO = 1,PAGESIZE > 2.5 AND HAVE_VERIFY,1,0.3783783783783783,0.2372881355932203,0.9333333333333332,4
random_20,320,38,HAVE_REPLICATION = 1 AND HAVE_VERIFY = 1 AND HAVE_CRYPTO = 1,NOT DIAGNOSTIC.1,0,0.2128851540616246,0.1191222570532915,1.0,4
2-wise,59,3,HAVE_REPLICATION = 1 AND HAVE_VERIFY = 1 AND HAVE_CRYPTO = 1,NOT HAVE_STATISTICS AND PAGESIZE <= 24.0 AND CACHESIZE > 24.0 AND NOT HAVE_SEQUENCE.1,4,0.0666666666666666,0.037037037037037,0.3333333333333333,4
3-wise,202,10,HAVE_REPLICATION = 1 AND HAVE_VERIFY = 1 AND HAVE_CRYPTO = 1,NOT HAVE_REPLICATION.1 AND PAGESIZE > 24.0 AND HAVE_VERIFY AND CACHESIZE <= 48.0,0,0.1666666666666666,0.5,0.1,4
4-wise,440,35,HAVE_REPLICATION = 1 AND HAVE_VERIFY = 1 AND HAVE_CRYPTO = 1,NOT HAVE_SEQUENCE.1,2,0.1658767772511848,0.0904392764857881,1.0,4
full,2560,320,HAVE_HASH = 1 AND HAVE_REPLICATION = 1 AND HAVE_CRYPTO = 1,NOT HAVE_SEQUENCE.1 AND NOT HAVE_HASH.1 AND HAVE_HASH,2,0.6666666666666666,0.5,1.0,50
random_2,32,5,HAVE_HASH = 1 AND HAVE_REPLICATION = 1 AND HAVE_CRYPTO = 1,HAVE_REPLICATION.1 AND PAGESIZE > 6.0 AND HAVE_VERIFY AND NOT HAVE_SEQUENCE,0,0.0,0.0,0.0,50
random_5,80,15,HAVE_HASH = 1 AND HAVE_REPLICATION = 1 AND HAVE_CRYPTO = 1,CACHESIZE <= 288.0 AND HAVE_HASH AND HAVE_REPLICATION,2,0.888888888888889,1.0,0.8,50
random_10,160,18,HAVE_HASH = 1 AND HAVE_REPLICATION = 1 AND HAVE_CRYPTO = 1,HAVE_HASH AND HAVE_SEQUENCE AND CACHESIZE <= 24.0 AND HAVE_REPLICATION,3,0.4347826086956522,1.0,0.2777777777777778,50
random_20,320,42,HAVE_HASH = 1 AND HAVE_REPLICATION = 1 AND HAVE_CRYPTO = 1,NOT HAVE_HASH.1,0,0.2968197879858657,0.1742738589211618,1.0,50
2-wise,59,5,HAVE_HASH = 1 AND HAVE_REPLICATION = 1 AND HAVE_CRYPTO = 1,CACHESIZE > 48.0 AND NOT HAVE_STATISTICS.1 AND HAVE_VERIFY.1 AND CACHESIZE <= 288.0,0,0.0,0.0,0.0,50
3-wise,206,16,HAVE_HASH = 1 AND HAVE_REPLICATION = 1 AND HAVE_CRYPTO = 1,NOT HAVE_REPLICATION.1,2,0.1616161616161616,0.0879120879120879,1.0,50
4-wise,448,37,HAVE_HASH = 1 AND HAVE_REPLICATION = 1 AND HAVE_CRYPTO = 1,NOT HAVE_STATISTICS.1 AND CACHESIZE > 24.0 AND HAVE_VERIFY,4,0.2097902097902098,0.1415094339622641,0.4054054054054054,50
full,2560,280,DIAGNOSTIC = 1 AND HAVE_SEQUENCE = 1 AND HAVE_VERIFY = 1,DIAGNOSTIC AND HAVE_SEQUENCE AND HAVE_VERIFY,0,1.0,1.0,1.0,51
random_2,32,3,DIAGNOSTIC = 1 AND HAVE_SEQUENCE = 1 AND HAVE_VERIFY = 1,CACHESIZE > 24.0,4,0.1999999999999999,0.1111111111111111,1.0,51
random_5,80,9,DIAGNOSTIC = 1 AND HAVE_SEQUENCE = 1 AND HAVE_VERIFY = 1,DIAGNOSTIC AND NOT HAVE_SEQUENCE.1 AND CACHESIZE > 48.0 AND HAVE_VERIFY.1,0,0.0,0.0,0.0,51
random_10,160,13,DIAGNOSTIC = 1 AND HAVE_SEQUENCE = 1 AND HAVE_VERIFY = 1,HAVE_HASH AND NOT HAVE_SEQUENCE AND PAGESIZE > 2.5 AND PAGESIZE <= 12.0,0,0.0,0.0,0.0,51
random_20,320,35,DIAGNOSTIC = 1 AND HAVE_SEQUENCE = 1 AND HAVE_VERIFY = 1,HAVE_VERIFY AND HAVE_SEQUENCE AND HAVE_REPLICATION AND DIAGNOSTIC,0,0.6538461538461539,1.0,0.4857142857142857,51
2-wise,61,7,DIAGNOSTIC = 1 AND HAVE_SEQUENCE = 1 AND HAVE_VERIFY = 1,CACHESIZE <= 288.0 AND NOT HAVE_REPLICATION AND DIAGNOSTIC AND HAVE_VERIFY,2,0.6,1.0,0.4285714285714285,51
3-wise,195,11,DIAGNOSTIC = 1 AND HAVE_SEQUENCE = 1 AND HAVE_VERIFY = 1,PAGESIZE <= 24.0,3,0.0946745562130177,0.050632911392405,0.7272727272727273,51
4-wise,442,39,DIAGNOSTIC = 1 AND HAVE_SEQUENCE = 1 AND HAVE_VERIFY = 1,NOT HAVE_SEQUENCE.1 AND NOT PAGESIZE.1,4,0.1907090464547677,0.1054054054054054,1.0,51
full,2560,320,HAVE_HASH = 1 AND HAVE_VERIFY = 1 AND HAVE_CRYPTO = 1,HAVE_HASH AND HAVE_VERIFY,0,1.0,1.0,1.0,52
random_2,32,4,HAVE_HASH = 1 AND HAVE_VERIFY = 1 AND HAVE_CRYPTO = 1,NOT HAVE_VERIFY.1 AND PAGESIZE > 2.5 AND HAVE_VERIFY AND HAVE_HASH,2,0.8571428571428571,1.0,0.75,52
random_5,80,12,HAVE_HASH = 1 AND HAVE_VERIFY = 1 AND HAVE_CRYPTO = 1,HAVE_HASH AND NOT DIAGNOSTIC AND NOT HAVE_REPLICATION AND HAVE_VERIFY,2,0.5,1.0,0.3333333333333333,52
random_10,160,14,HAVE_HASH = 1 AND HAVE_VERIFY = 1 AND HAVE_CRYPTO = 1,PAGESIZE <= 24.0,3,0.1971830985915492,0.109375,1.0,52
random_20,320,36,HAVE_HASH = 1 AND HAVE_VERIFY = 1 AND HAVE_CRYPTO = 1,HAVE_HASH AND HAVE_VERIFY,0,1.0,1.0,1.0,52
2-wise,64,3,HAVE_HASH = 1 AND HAVE_VERIFY = 1 AND HAVE_CRYPTO = 1,NOT HAVE_SEQUENCE.1 AND PAGESIZE <= 24.0,4,0.12,0.0638297872340425,1.0,52
3-wise,202,16,HAVE_HASH = 1 AND HAVE_VERIFY = 1 AND HAVE_CRYPTO = 1,HAVE_VERIFY AND PAGESIZE > 2.5 AND HAVE_HASH,2,0.967741935483871,1.0,0.9375,52
4-wise,442,31,HAVE_HASH = 1 AND HAVE_VERIFY = 1 AND HAVE_CRYPTO = 1,HAVE_VERIFY AND HAVE_HASH,0,1.0,1.0,1.0,52
full,2560,320,DIAGNOSTIC = 1 AND HAVE_HASH = 1 AND HAVE_CRYPTO = 1,HAVE_HASH AND DIAGNOSTIC,0,1.0,1.0,1.0,53
random_2,32,2,DIAGNOSTIC = 1 AND HAVE_HASH = 1 AND HAVE_CRYPTO = 1,NOT HAVE_VERIFY AND PAGESIZE > 12.0 AND NOT HAVE_CRYPTO,0,0.0,0.0,0.0,53
random_5,80,8,DIAGNOSTIC = 1 AND HAVE_HASH = 1 AND HAVE_CRYPTO = 1,HAVE_HASH AND DIAGNOSTIC,3,1.0,1.0,1.0,53
random_10,160,19,DIAGNOSTIC = 1 AND HAVE_HASH = 1 AND HAVE_CRYPTO = 1,HAVE_REPLICATION.1 AND HAVE_SEQUENCE AND PAGESIZE > 12.0 AND DIAGNOSTIC,0,0.0,0.0,0.0,53
random_20,320,41,DIAGNOSTIC = 1 AND HAVE_HASH = 1 AND HAVE_CRYPTO = 1,HAVE_CRYPTO,3,0.3923444976076555,0.244047619047619,1.0,53
2-wise,62,3,DIAGNOSTIC = 1 AND HAVE_HASH = 1 AND HAVE_CRYPTO = 1,PAGESIZE > 2.5 AND NOT HAVE_HASH.1 AND NOT PAGESIZE.1,2,0.1142857142857142,0.0625,0.6666666666666666,53
3-wise,198,15,DIAGNOSTIC = 1 AND HAVE_HASH = 1 AND HAVE_CRYPTO = 1,NOT HAVE_REPLICATION AND HAVE_CRYPTO AND PAGESIZE <= 12.0 AND HAVE_STATISTICS,4,0.2105263157894737,0.5,0.1333333333333333,53
4-wise,444,31,DIAGNOSTIC = 1 AND HAVE_HASH = 1 AND HAVE_CRYPTO = 1,PAGESIZE > 2.5,0,0.1246753246753246,0.0677966101694915,0.7741935483870968,53
full,2560,320,HAVE_HASH = 1 AND HAVE_STATISTICS = 1 AND HAVE_CRYPTO = 1,HAVE_STATISTICS AND HAVE_HASH,0,1.0,1.0,1.0,54
random_2,32,2,HAVE_HASH = 1 AND HAVE_STATISTICS = 1 AND HAVE_CRYPTO = 1,PAGESIZE > 12.0 AND NOT HAVE_HASH AND NOT HAVE_CRYPTO AND HAVE_VERIFY,0,0.0,0.0,0.0,54
random_5,80,9,HAVE_HASH = 1 AND HAVE_STATISTICS = 1 AND HAVE_CRYPTO = 1,HAVE_HASH AND PAGESIZE > 6.0 AND NOT HAVE_SEQUENCE AND HAVE_STATISTICS,1,0.8,1.0,0.6666666666666666,54
random_10,160,23,HAVE_HASH = 1 AND HAVE_STATISTICS = 1 AND HAVE_CRYPTO = 1,PAGESIZE <= 12.0 AND DIAGNOSTIC AND HAVE_HASH AND HAVE_STATISTICS,1,0.4666666666666667,1.0,0.3043478260869565,54
random_20,320,41,HAVE_HASH = 1 AND HAVE_STATISTICS = 1 AND HAVE_CRYPTO = 1,HAVE_CRYPTO AND PAGESIZE <= 2.5 AND HAVE_HASH AND HAVE_STATISTICS,0,0.2916666666666667,1.0,0.1707317073170731,54
2-wise,59,4,HAVE_HASH = 1 AND HAVE_STATISTICS = 1 AND HAVE_CRYPTO = 1,HAVE_REPLICATION AND HAVE_STATISTICS AND HAVE_CRYPTO,1,0.6666666666666666,1.0,0.5,54
3-wise,200,18,HAVE_HASH = 1 AND HAVE_STATISTICS = 1 AND HAVE_CRYPTO = 1,HAVE_HASH AND NOT HAVE_REPLICATION AND HAVE_STATISTICS,2,0.7142857142857143,1.0,0.5555555555555556,54
4-wise,442,36,HAVE_HASH = 1 AND HAVE_STATISTICS = 1 AND HAVE_CRYPTO = 1,PAGESIZE <= 24.0,3,0.1585677749360613,0.0873239436619718,0.8611111111111112,54
full,2560,320,HAVE_HASH = 1 AND HAVE_REPLICATION = 1 AND HAVE_CRYPTO = 1,HAVE_HASH AND HAVE_REPLICATION,0,1.0,1.0,1.0,55
random_2,32,7,HAVE_HASH = 1 AND HAVE_REPLICATION = 1 AND HAVE_CRYPTO = 1,HAVE_REPLICATION AND HAVE_HASH,1,1.0,1.0,1.0,55
random_5,80,12,HAVE_HASH = 1 AND HAVE_REPLICATION = 1 AND HAVE_CRYPTO = 1,HAVE_HASH AND HAVE_REPLICATION,0,1.0,1.0,1.0,55
random_10,160,14,HAVE_HASH = 1 AND HAVE_REPLICATION = 1 AND HAVE_CRYPTO = 1,HAVE_HASH AND HAVE_REPLICATION,0,1.0,1.0,1.0,55
random_20,320,43,HAVE_HASH = 1 AND HAVE_REPLICATION = 1 AND HAVE_CRYPTO = 1,HAVE_HASH AND HAVE_REPLICATION,0,1.0,1.0,1.0,55
2-wise,57,5,HAVE_HASH = 1 AND HAVE_REPLICATION = 1 AND HAVE_CRYPTO = 1,HAVE_HASH AND CACHESIZE <= 48.0 AND HAVE_REPLICATION,0,0.7499999999999999,1.0,0.6,55
3-wise,205,15,HAVE_HASH = 1 AND HAVE_REPLICATION = 1 AND HAVE_CRYPTO = 1,HAVE_HASH AND HAVE_REPLICATION,0,1.0,1.0,1.0,55
4-wise,446,44,HAVE_HASH = 1 AND HAVE_REPLICATION = 1 AND HAVE_CRYPTO = 1,HAVE_HASH AND HAVE_REPLICATION,0,1.0,1.0,1.0,55
full,2560,320,DIAGNOSTIC = 1 AND HAVE_STATISTICS = 1 AND HAVE_CRYPTO = 1,HAVE_STATISTICS AND HAVE_CRYPTO AND DIAGNOSTIC,0,1.0,1.0,1.0,56
random_2,32,3,DIAGNOSTIC = 1 AND HAVE_STATISTICS = 1 AND HAVE_CRYPTO = 1,PAGESIZE > 12.0 AND CACHESIZE <= 24.0 AND PAGESIZE <= 24.0,0,0.0,0.0,0.0,56
random_5,80,9,DIAGNOSTIC = 1 AND HAVE_STATISTICS = 1 AND HAVE_CRYPTO = 1,PAGESIZE <= 12.0 AND HAVE_HASH AND HAVE_VERIFY,0,0.0,0.0,0.0,56
random_10,160,24,DIAGNOSTIC = 1 AND HAVE_STATISTICS = 1 AND HAVE_CRYPTO = 1,DIAGNOSTIC AND HAVE_STATISTICS AND HAVE_CRYPTO,0,1.0,1.0,1.0,56
random_20,320,40,DIAGNOSTIC = 1 AND HAVE_STATISTICS = 1 AND HAVE_CRYPTO = 1,DIAGNOSTIC AND HAVE_STATISTICS AND HAVE_CRYPTO,0,1.0,1.0,1.0,56
2-wise,57,4,DIAGNOSTIC = 1 AND HAVE_STATISTICS = 1 AND HAVE_CRYPTO = 1,HAVE_CRYPTO AND PAGESIZE <= 6.0 AND DIAGNOSTIC,3,0.8571428571428571,1.0,0.75,56
3-wise,210,19,DIAGNOSTIC = 1 AND HAVE_STATISTICS = 1 AND HAVE_CRYPTO = 1,HAVE_CRYPTO AND HAVE_STATISTICS AND DIAGNOSTIC,0,1.0,1.0,1.0,56
4-wise,452,33,DIAGNOSTIC = 1 AND HAVE_STATISTICS = 1 AND HAVE_CRYPTO = 1,HAVE_CRYPTO AND DIAGNOSTIC AND HAVE_STATISTICS,0,1.0,1.0,1.0,56
full,2560,320,HAVE_REPLICATION = 1 AND HAVE_SEQUENCE = 1 AND HAVE_CRYPTO = 1,HAVE_SEQUENCE AND HAVE_REPLICATION AND NOT HAVE_HASH.1,0,1.0,1.0,1.0,57
random_2,32,6,HAVE_REPLICATION = 1 AND HAVE_SEQUENCE = 1 AND HAVE_CRYPTO = 1,NOT HAVE_SEQUENCE AND NOT HAVE_CRYPTO AND NOT DIAGNOSTIC AND PAGESIZE > 6.0,0,0.0,0.0,0.0,57
random_5,80,12,HAVE_REPLICATION = 1 AND HAVE_SEQUENCE = 1 AND HAVE_CRYPTO = 1,HAVE_SEQUENCE AND CACHESIZE <= 288.0 AND HAVE_CRYPTO AND HAVE_REPLICATION,3,0.8571428571428571,1.0,0.75,57
random_10,160,17,HAVE_REPLICATION = 1 AND HAVE_SEQUENCE = 1 AND HAVE_CRYPTO = 1,HAVE_REPLICATION AND NOT HAVE_HASH.1 AND PAGESIZE <= 6.0 AND HAVE_SEQUENCE,3,0.5833333333333334,1.0,0.4117647058823529,57
random_20,320,40,HAVE_REPLICATION = 1 AND HAVE_SEQUENCE = 1 AND HAVE_CRYPTO = 1,HAVE_REPLICATION AND HAVE_CRYPTO AND HAVE_SEQUENCE,0,1.0,1.0,1.0,57
2-wise,59,6,HAVE_REPLICATION = 1 AND HAVE_SEQUENCE = 1 AND HAVE_CRYPTO = 1,HAVE_CRYPTO AND PAGESIZE <= 24.0 AND HAVE_SEQUENCE AND PAGESIZE > 6.0,3,0.7272727272727272,0.8,0.6666666666666666,57
3-wise,195,13,HAVE_REPLICATION = 1 AND HAVE_SEQUENCE = 1 AND HAVE_CRYPTO = 1,HAVE_CRYPTO AND HAVE_VERIFY AND HAVE_REPLICATION AND HAVE_SEQUENCE,4,0.7000000000000001,1.0,0.5384615384615384,57
4-wise,436,29,HAVE_REPLICATION = 1 AND HAVE_SEQUENCE = 1 AND HAVE_CRYPTO = 1,NOT HAVE_HASH AND PAGESIZE <= 24.0,2,0.0501567398119122,0.0275862068965517,0.2758620689655172,57
full,2560,320,HAVE_REPLICATION = 1 AND HAVE_VERIFY = 1 AND HAVE_CRYPTO = 1,HAVE_REPLICATION AND HAVE_VERIFY AND HAVE_CRYPTO,0,1.0,1.0,1.0,58
random_2,32,1,HAVE_REPLICATION = 1 AND HAVE_VERIFY = 1 AND HAVE_CRYPTO = 1,HAVE_HASH AND HAVE_STATISTICS AND HAVE_SEQUENCE,0,0.0,0.0,0.0,58
random_5,80,9,HAVE_REPLICATION = 1 AND HAVE_VERIFY = 1 AND HAVE_CRYPTO = 1,HAVE_VERIFY AND HAVE_HASH AND CACHESIZE <= 24.0 AND HAVE_STATISTICS,4,0.3636363636363636,1.0,0.2222222222222222,58
random_10,160,23,HAVE_REPLICATION = 1 AND HAVE_VERIFY = 1 AND HAVE_CRYPTO = 1,HAVE_REPLICATION AND HAVE_VERIFY AND NOT HAVE_HASH.1,0,1.0,1.0,1.0,58
random_20,320,44,HAVE_REPLICATION = 1 AND HAVE_VERIFY = 1 AND HAVE_CRYPTO = 1,HAVE_REPLICATION AND HAVE_VERIFY AND NOT HAVE_HASH.1,0,1.0,1.0,1.0,58
2-wise,57,7,HAVE_REPLICATION = 1 AND HAVE_VERIFY = 1 AND HAVE_CRYPTO = 1,HAVE_VERIFY AND CACHESIZE <= 24.0 AND HAVE_CRYPTO AND NOT HAVE_SEQUENCE,3,0.4444444444444445,1.0,0.2857142857142857,58
3-wise,205,12,HAVE_REPLICATION = 1 AND HAVE_VERIFY = 1 AND HAVE_CRYPTO = 1,HAVE_VERIFY AND HAVE_REPLICATION AND HAVE_CRYPTO,0,1.0,1.0,1.0,58
4-wise,453,30,HAVE_REPLICATION = 1 AND HAVE_VERIFY = 1 AND HAVE_CRYPTO = 1,PAGESIZE <= 24.0,4,0.1367088607594936,0.073972602739726,0.9,58
full,2560,320,HAVE_REPLICATION = 1 AND HAVE_VERIFY = 1 AND HAVE_CRYPTO = 1,HAVE_CRYPTO AND HAVE_VERIFY AND HAVE_REPLICATION,0,1.0,1.0,1.0,59
random_2,32,4,HAVE_REPLICATION = 1 AND HAVE_VERIFY = 1 AND HAVE_CRYPTO = 1,HAVE_HASH AND PAGESIZE <= 6.0 AND HAVE_SEQUENCE AND CACHESIZE <= 288.0,4,0.6666666666666666,1.0,0.5,59
random_5,80,10,HAVE_REPLICATION = 1 AND HAVE_VERIFY = 1 AND HAVE_CRYPTO = 1,HAVE_SEQUENCE AND HAVE_VERIFY AND PAGESIZE > 6.0 AND NOT HAVE_REPLICATION,0,0.0,0.0,0.0,59
random_10,160,30,HAVE_REPLICATION = 1 AND HAVE_VERIFY = 1 AND HAVE_CRYPTO = 1,HAVE_VERIFY AND CACHESIZE <= 48.0 AND HAVE_REPLICATION AND NOT HAVE_HASH.1,4,0.5714285714285715,1.0,0.4,59
random_20,320,38,HAVE_REPLICATION = 1 AND HAVE_VERIFY = 1 AND HAVE_CRYPTO = 1,NOT HAVE_VERIFY AND CACHESIZE <= 48.0 AND CACHESIZE > 24.0 AND NOT HAVE_STATISTICS,0,0.0,0.0,0.0,59
2-wise,59,6,HAVE_REPLICATION = 1 AND HAVE_VERIFY = 1 AND HAVE_CRYPTO = 1,NOT HAVE_STATISTICS AND PAGESIZE > 24.0 AND CACHESIZE <= 24.0 AND NOT DIAGNOSTIC.1,0,0.0,0.0,0.0,59
3-wise,208,12,HAVE_REPLICATION = 1 AND HAVE_VERIFY = 1 AND HAVE_CRYPTO = 1,CACHESIZE <= 288.0,3,0.1183431952662722,0.0636942675159235,0.8333333333333334,59
4-wise,444,27,HAVE_REPLICATION = 1 AND HAVE_VERIFY = 1 AND HAVE_CRYPTO = 1,NOT HAVE_HASH AND NOT HAVE_SEQUENCE.1 AND NOT HAVE_STATISTICS.1,2,0.0531561461794019,0.0291970802919708,0.2962962962962963,59
full,2560,280,DIAGNOSTIC = 1 AND HAVE_STATISTICS = 1 AND HAVE_VERIFY = 1,HAVE_VERIFY AND HAVE_STATISTICS AND DIAGNOSTIC,0,1.0,1.0,1.0,5
random_2,32,6,DIAGNOSTIC = 1 AND HAVE_STATISTICS = 1 AND HAVE_VERIFY = 1,NOT HAVE_SEQUENCE.1 AND HAVE_CRYPTO AND HAVE_REPLICATION,3,0.2857142857142857,0.25,0.3333333333333333,5
random_5,80,11,DIAGNOSTIC = 1 AND HAVE_STATISTICS = 1 AND HAVE_VERIFY = 1,HAVE_VERIFY.1 AND NOT HAVE_SEQUENCE,0,0.0,0.0,0.0,5
random_10,160,15,DIAGNOSTIC = 1 AND HAVE_STATISTICS = 1 AND HAVE_VERIFY = 1,CACHESIZE > 288.0 AND NOT HAVE_SEQUENCE AND PAGESIZE <= 24.0,2,0.064516129032258,0.0625,0.0666666666666666,5
random_20,320,31,DIAGNOSTIC = 1 AND HAVE_STATISTICS = 1 AND HAVE_VERIFY = 1,NOT HAVE_REPLICATION AND HAVE_CRYPTO AND HAVE_HASH AND HAVE_STATISTICS,1,0.2083333333333333,0.2941176470588235,0.1612903225806451,5
2-wise,63,10,DIAGNOSTIC = 1 AND HAVE_STATISTICS = 1 AND HAVE_VERIFY = 1,NOT HAVE_VERIFY.1 AND NOT PAGESIZE.1 AND PAGESIZE <= 24.0 AND HAVE_SEQUENCE,3,0.5,0.4285714285714285,0.6,5
3-wise,205,10,DIAGNOSTIC = 1 AND HAVE_STATISTICS = 1 AND HAVE_VERIFY = 1,NOT HAVE_SEQUENCE.1 AND NOT HAVE_VERIFY.1,3,0.1183431952662722,0.0628930817610062,1.0,5
4-wise,442,28,DIAGNOSTIC = 1 AND HAVE_STATISTICS = 1 AND HAVE_VERIFY = 1,HAVE_VERIFY AND CACHESIZE <= 24.0 AND HAVE_STATISTICS,1,0.4761904761904762,0.7142857142857143,0.3571428571428571,5
full,2560,320,HAVE_HASH = 1 AND HAVE_SEQUENCE = 1 AND HAVE_CRYPTO = 1,HAVE_HASH AND HAVE_SEQUENCE,0,1.0,1.0,1.0,60
random_2,32,4,HAVE_HASH = 1 AND HAVE_SEQUENCE = 1 AND HAVE_CRYPTO = 1,NOT HAVE_STATISTICS AND PAGESIZE > 2.5,4,0.125,0.0833333333333333,0.25,60
random_5,80,4,HAVE_HASH = 1 AND HAVE_SEQUENCE = 1 AND HAVE_CRYPTO = 1,NOT HAVE_STATISTICS AND NOT PAGESIZE.1 AND PAGESIZE <= 24.0,3,0.1379310344827586,0.08,0.5,60
random_10,160,14,HAVE_HASH = 1 AND HAVE_SEQUENCE = 1 AND HAVE_CRYPTO = 1,HAVE_HASH.1 AND NOT HAVE_SEQUENCE AND PAGESIZE > 6.0 AND CACHESIZE > 24.0,0,0.0,0.0,0.0,60
random_20,320,34,HAVE_HASH = 1 AND HAVE_SEQUENCE = 1 AND HAVE_CRYPTO = 1,NOT HAVE_VERIFY.1 AND NOT HAVE_STATISTICS.1 AND HAVE_HASH AND HAVE_SEQUENCE,0,1.0,1.0,1.0,60
2-wise,63,4,HAVE_HASH = 1 AND HAVE_SEQUENCE = 1 AND HAVE_CRYPTO = 1,NOT HAVE_STATISTICS.1,3,0.1290322580645161,0.0689655172413793,1.0,60
3-wise,203,14,HAVE_HASH = 1 AND HAVE_SEQUENCE = 1 AND HAVE_CRYPTO = 1,DIAGNOSTIC AND HAVE_CRYPTO AND HAVE_SEQUENCE AND HAVE_HASH,0,0.6666666666666666,1.0,0.5,60
4-wise,459,42,HAVE_HASH = 1 AND HAVE_SEQUENCE = 1 AND HAVE_CRYPTO = 1,HAVE_CRYPTO AND PAGESIZE <= 2.5 AND HAVE_SEQUENCE AND HAVE_HASH,2,0.32,1.0,0.1904761904761904,60
full,2560,280,DIAGNOSTIC = 1 AND HAVE_SEQUENCE = 1 AND HAVE_VERIFY = 1,DIAGNOSTIC AND HAVE_VERIFY AND HAVE_SEQUENCE,0,1.0,1.0,1.0,61
random_2,32,1,DIAGNOSTIC = 1 AND HAVE_SEQUENCE = 1 AND HAVE_VERIFY = 1,PAGESIZE > 24.0 AND NOT HAVE_STATISTICS AND NOT HAVE_VERIFY AND DIAGNOSTIC,0,0.0,0.0,0.0,61
random_5,80,6,DIAGNOSTIC = 1 AND HAVE_SEQUENCE = 1 AND HAVE_VERIFY = 1,CACHESIZE > 288.0 AND DIAGNOSTIC AND HAVE_VERIFY AND HAVE_SEQUENCE,1,0.6666666666666666,1.0,0.5,61
random_10,160,18,DIAGNOSTIC = 1 AND HAVE_SEQUENCE = 1 AND HAVE_VERIFY = 1,NOT PAGESIZE.1 AND DIAGNOSTIC AND HAVE_VERIFY AND HAVE_SEQUENCE,0,1.0,1.0,1.0,61
random_20,320,33,DIAGNOSTIC = 1 AND HAVE_SEQUENCE = 1 AND HAVE_VERIFY = 1,HAVE_SEQUENCE AND DIAGNOSTIC AND HAVE_VERIFY,0,1.0,1.0,1.0,61
2-wise,55,7,DIAGNOSTIC = 1 AND HAVE_SEQUENCE = 1 AND HAVE_VERIFY = 1,NOT HAVE_HASH AND NOT PAGESIZE.1 AND HAVE_VERIFY AND DIAGNOSTIC,4,0.7692307692307692,0.8333333333333334,0.7142857142857143,61
3-wise,196,11,DIAGNOSTIC = 1 AND HAVE_SEQUENCE = 1 AND HAVE_VERIFY = 1,HAVE_VERIFY AND DIAGNOSTIC AND HAVE_SEQUENCE,1,1.0,1.0,1.0,61
4-wise,435,29,DIAGNOSTIC = 1 AND HAVE_SEQUENCE = 1 AND HAVE_VERIFY = 1,HAVE_VERIFY AND HAVE_SEQUENCE AND DIAGNOSTIC,0,1.0,1.0,1.0,61
full,2560,320,HAVE_HASH = 1 AND HAVE_REPLICATION = 1 AND HAVE_CRYPTO = 1,HAVE_HASH AND HAVE_REPLICATION,0,1.0,1.0,1.0,62
random_2,32,4,HAVE_HASH = 1 AND HAVE_REPLICATION = 1 AND HAVE_CRYPTO = 1,HAVE_HASH AND CACHESIZE <= 288.0 AND HAVE_REPLICATION AND NOT DIAGNOSTIC,0,0.6666666666666666,1.0,0.5,62
random_5,80,9,HAVE_HASH = 1 AND HAVE_REPLICATION = 1 AND HAVE_CRYPTO = 1,HAVE_HASH AND PAGESIZE <= 24.0 AND HAVE_REPLICATION,1,0.7142857142857143,1.0,0.5555555555555556,62
random_10,160,24,HAVE_HASH = 1 AND HAVE_REPLICATION = 1 AND HAVE_CRYPTO = 1,HAVE_HASH AND HAVE_REPLICATION,0,1.0,1.0,1.0,62
random_20,320,43,HAVE_HASH = 1 AND HAVE_REPLICATION = 1 AND HAVE_CRYPTO = 1,HAVE_HASH AND HAVE_REPLICATION,0,1.0,1.0,1.0,62
2-wise,58,4,HAVE_HASH = 1 AND HAVE_REPLICATION = 1 AND HAVE_CRYPTO = 1,PAGESIZE > 12.0 AND NOT HAVE_HASH.1 AND HAVE_HASH,4,0.6666666666666666,1.0,0.5,62
3-wise,209,19,HAVE_HASH = 1 AND HAVE_REPLICATION = 1 AND HAVE_CRYPTO = 1,HAVE_CRYPTO AND HAVE_REPLICATION AND HAVE_HASH,1,1.0,1.0,1.0,62
4-wise,453,45,HAVE_HASH = 1 AND HAVE_REPLICATION = 1 AND HAVE_CRYPTO = 1,HAVE_HASH AND HAVE_REPLICATION,0,1.0,1.0,1.0,62
full,2560,320,DIAGNOSTIC = 1 AND HAVE_SEQUENCE = 1 AND HAVE_CRYPTO = 1,HAVE_CRYPTO AND HAVE_SEQUENCE AND DIAGNOSTIC,0,1.0,1.0,1.0,63
random_2,32,6,DIAGNOSTIC = 1 AND HAVE_SEQUENCE = 1 AND HAVE_CRYPTO = 1,HAVE_STATISTICS AND CACHESIZE > 48.0 AND PAGESIZE > 12.0 AND HAVE_SEQUENCE,0,0.0,0.0,0.0,63
random_5,80,6,DIAGNOSTIC = 1 AND HAVE_SEQUENCE = 1 AND HAVE_CRYPTO = 1,NOT HAVE_SEQUENCE.1,4,0.144578313253012,0.0779220779220779,1.0,63
random_10,160,18,DIAGNOSTIC = 1 AND HAVE_SEQUENCE = 1 AND HAVE_CRYPTO = 1,DIAGNOSTIC AND HAVE_CRYPTO AND HAVE_SEQUENCE,0,1.0,1.0,1.0,63
random_20,320,35,DIAGNOSTIC = 1 AND HAVE_SEQUENCE = 1 AND HAVE_CRYPTO = 1,NOT HAVE_STATISTICS.1 AND DIAGNOSTIC AND HAVE_SEQUENCE AND HAVE_CRYPTO,0,1.0,1.0,1.0,63
2-wise,60,2,DIAGNOSTIC = 1 AND HAVE_SEQUENCE = 1 AND HAVE_CRYPTO = 1,HAVE_VERIFY AND HAVE_REPLICATION.1,0,0.0,0.0,0.0,63
3-wise,200,8,DIAGNOSTIC = 1 AND HAVE_SEQUENCE = 1 AND HAVE_CRYPTO = 1,CACHESIZE <= 288.0 AND HAVE_REPLICATION.1 AND HAVE_STATISTICS AND CACHESIZE <= 48.0,0,0.0,0.0,0.0,63
4-wise,448,38,DIAGNOSTIC = 1 AND HAVE_SEQUENCE = 1 AND HAVE_CRYPTO = 1,HAVE_CRYPTO AND DIAGNOSTIC AND HAVE_SEQUENCE,0,1.0,1.0,1.0,63
full,2560,320,DIAGNOSTIC = 1 AND HAVE_STATISTICS = 1 AND HAVE_CRYPTO = 1,HAVE_CRYPTO AND DIAGNOSTIC AND HAVE_STATISTICS,0,1.0,1.0,1.0,64
random_2,32,4,DIAGNOSTIC = 1 AND HAVE_STATISTICS = 1 AND HAVE_CRYPTO = 1,NOT HAVE_SEQUENCE AND NOT HAVE_SEQUENCE.1 AND NOT DIAGNOSTIC.1,4,0.0952380952380952,0.0588235294117647,0.25,64
random_5,80,15,DIAGNOSTIC = 1 AND HAVE_STATISTICS = 1 AND HAVE_CRYPTO = 1,CACHESIZE > 24.0 AND HAVE_STATISTICS AND DIAGNOSTIC AND HAVE_CRYPTO,0,0.888888888888889,1.0,0.8,64
random_10,160,16,DIAGNOSTIC = 1 AND HAVE_STATISTICS = 1 AND HAVE_CRYPTO = 1,DIAGNOSTIC AND HAVE_CRYPTO AND NOT HAVE_SEQUENCE AND HAVE_STATISTICS,2,0.6666666666666666,1.0,0.5,64
random_20,320,40,DIAGNOSTIC = 1 AND HAVE_STATISTICS = 1 AND HAVE_CRYPTO = 1,HAVE_CRYPTO AND HAVE_STATISTICS AND DIAGNOSTIC,0,1.0,1.0,1.0,64
2-wise,56,2,DIAGNOSTIC = 1 AND HAVE_STATISTICS = 1 AND HAVE_CRYPTO = 1,DIAGNOSTIC AND PAGESIZE > 24.0 AND CACHESIZE > 24.0,0,0.0,0.0,0.0,64
3-wise,199,14,DIAGNOSTIC = 1 AND HAVE_STATISTICS = 1 AND HAVE_CRYPTO = 1,HAVE_CRYPTO AND DIAGNOSTIC AND HAVE_STATISTICS,1,1.0,1.0,1.0,64
4-wise,459,34,DIAGNOSTIC = 1 AND HAVE_STATISTICS = 1 AND HAVE_CRYPTO = 1,DIAGNOSTIC AND HAVE_STATISTICS AND HAVE_CRYPTO,0,1.0,1.0,1.0,64
full,2560,280,DIAGNOSTIC = 1 AND HAVE_SEQUENCE = 1 AND HAVE_VERIFY = 1,HAVE_SEQUENCE AND HAVE_VERIFY AND DIAGNOSTIC,0,1.0,1.0,1.0,65
random_2,32,1,DIAGNOSTIC = 1 AND HAVE_SEQUENCE = 1 AND HAVE_VERIFY = 1,PAGESIZE > 12.0 AND PAGESIZE > 24.0 AND NOT HAVE_SEQUENCE,0,0.0,0.0,0.0,65
random_5,80,6,DIAGNOSTIC = 1 AND HAVE_SEQUENCE = 1 AND HAVE_VERIFY = 1,PAGESIZE <= 2.5 AND NOT HAVE_REPLICATION.1 AND NOT HAVE_VERIFY AND HAVE_HASH,0,0.0,0.0,0.0,65
random_10,160,14,DIAGNOSTIC = 1 AND HAVE_SEQUENCE = 1 AND HAVE_VERIFY = 1,HAVE_VERIFY AND PAGESIZE <= 6.0 AND HAVE_SEQUENCE AND DIAGNOSTIC,3,0.7272727272727273,1.0,0.5714285714285714,65
random_20,320,30,DIAGNOSTIC = 1 AND HAVE_SEQUENCE = 1 AND HAVE_VERIFY = 1,HAVE_STATISTICS,2,0.1855670103092783,0.1097560975609756,0.6,65
2-wise,58,3,DIAGNOSTIC = 1 AND HAVE_SEQUENCE = 1 AND HAVE_VERIFY = 1,CACHESIZE <= 48.0 AND NOT HAVE_HASH.1 AND NOT DIAGNOSTIC.1,3,0.16,0.0909090909090909,0.6666666666666666,65
3-wise,197,15,DIAGNOSTIC = 1 AND HAVE_SEQUENCE = 1 AND HAVE_VERIFY = 1,NOT DIAGNOSTIC AND NOT HAVE_REPLICATION AND HAVE_STATISTICS.1 AND CACHESIZE <= 24.0,0,0.0,0.0,0.0,65
4-wise,436,39,DIAGNOSTIC = 1 AND HAVE_SEQUENCE = 1 AND HAVE_VERIFY = 1,HAVE_VERIFY AND HAVE_SEQUENCE AND DIAGNOSTIC,0,1.0,1.0,1.0,65
full,2560,320,DIAGNOSTIC = 1 AND HAVE_HASH = 1 AND HAVE_CRYPTO = 1,NOT HAVE_REPLICATION.1 AND DIAGNOSTIC AND HAVE_HASH,0,1.0,1.0,1.0,66
random_2,32,3,DIAGNOSTIC = 1 AND HAVE_HASH = 1 AND HAVE_CRYPTO = 1,NOT HAVE_SEQUENCE.1 AND NOT HAVE_REPLICATION,3,0.2352941176470588,0.1428571428571428,0.6666666666666666,66
random_5,80,8,DIAGNOSTIC = 1 AND HAVE_HASH = 1 AND HAVE_CRYPTO = 1,CACHESIZE <= 24.0 AND NOT HAVE_STATISTICS.1 AND NOT HAVE_REPLICATION.1 AND DIAGNOSTIC,3,0.4,0.3333333333333333,0.5,66
random_10,160,18,DIAGNOSTIC = 1 AND HAVE_HASH = 1 AND HAVE_CRYPTO = 1,HAVE_VERIFY AND DIAGNOSTIC AND HAVE_SEQUENCE,3,0.1764705882352941,0.1875,0.1666666666666666,66
random_20,320,46,DIAGNOSTIC = 1 AND HAVE_HASH = 1 AND HAVE_CRYPTO = 1,NOT HAVE_REPLICATION.1 AND DIAGNOSTIC AND NOT HAVE_SEQUENCE.1,4,0.519774011299435,0.3511450381679389,1.0,66
2-wise,58,6,DIAGNOSTIC = 1 AND HAVE_HASH = 1 AND HAVE_CRYPTO = 1,PAGESIZE > 6.0 AND NOT DIAGNOSTIC.1 AND NOT HAVE_VERIFY.1 AND DIAGNOSTIC,4,0.3529411764705882,0.2727272727272727,0.5,66
3-wise,196,15,DIAGNOSTIC = 1 AND HAVE_HASH = 1 AND HAVE_CRYPTO = 1,NOT PAGESIZE.1 AND HAVE_CRYPTO AND DIAGNOSTIC AND HAVE_HASH,3,1.0,1.0,1.0,66
4-wise,439,38,DIAGNOSTIC = 1 AND HAVE_HASH = 1 AND HAVE_CRYPTO = 1,PAGESIZE > 2.5,0,0.158974358974359,0.0880681818181818,0.8157894736842105,66
full,2560,320,DIAGNOSTIC = 1 AND HAVE_STATISTICS = 1 AND HAVE_CRYPTO = 1,HAVE_STATISTICS AND DIAGNOSTIC AND HAVE_CRYPTO,0,1.0,1.0,1.0,67
random_2,32,2,DIAGNOSTIC = 1 AND HAVE_STATISTICS = 1 AND HAVE_CRYPTO = 1,NOT HAVE_VERIFY.1 AND CACHESIZE > 48.0 AND DIAGNOSTIC AND HAVE_CRYPTO,4,0.8,0.6666666666666666,1.0,67
random_5,80,11,DIAGNOSTIC = 1 AND HAVE_STATISTICS = 1 AND HAVE_CRYPTO = 1,NOT DIAGNOSTIC AND HAVE_VERIFY.1 AND PAGESIZE <= 8.5,0,0.0,0.0,0.0,67
random_10,160,21,DIAGNOSTIC = 1 AND HAVE_STATISTICS = 1 AND HAVE_CRYPTO = 1,DIAGNOSTIC AND HAVE_STATISTICS AND PAGESIZE <= 6.0 AND HAVE_CRYPTO,1,0.6875000000000001,1.0,0.5238095238095238,67
random_20,320,37,DIAGNOSTIC = 1 AND HAVE_STATISTICS = 1 AND HAVE_CRYPTO = 1,HAVE_STATISTICS AND DIAGNOSTIC AND NOT HAVE_SEQUENCE.1 AND NOT HAVE_HASH.1,1,0.8131868131868133,0.6851851851851852,1.0,67
2-wise,60,4,DIAGNOSTIC = 1 AND HAVE_STATISTICS = 1 AND HAVE_CRYPTO = 1,CACHESIZE <= 48.0 AND PAGESIZE > 2.5,3,0.0714285714285714,0.0416666666666666,0.25,67
3-wise,202,8,DIAGNOSTIC = 1 AND HAVE_STATISTICS = 1 AND HAVE_CRYPTO = 1,PAGESIZE > 12.0 AND PAGESIZE > 24.0 AND HAVE_CRYPTO AND HAVE_REPLICATION,4,0.3333333333333333,0.5,0.25,67
4-wise,455,20,DIAGNOSTIC = 1 AND HAVE_STATISTICS = 1 AND HAVE_CRYPTO = 1,CACHESIZE <= 288.0,3,0.0777777777777777,0.0411764705882352,0.7,67
full,2560,320,DIAGNOSTIC = 1 AND HAVE_HASH = 1 AND HAVE_CRYPTO = 1,HAVE_HASH AND DIAGNOSTIC,0,1.0,1.0,1.0,68
random_2,32,2,DIAGNOSTIC = 1 AND HAVE_HASH = 1 AND HAVE_CRYPTO = 1,DIAGNOSTIC AND HAVE_HASH,4,1.0,1.0,1.0,68
random_5,80,9,DIAGNOSTIC = 1 AND HAVE_HASH = 1 AND HAVE_CRYPTO = 1,DIAGNOSTIC AND HAVE_HASH,2,1.0,1.0,1.0,68
random_10,160,20,DIAGNOSTIC = 1 AND HAVE_HASH = 1 AND HAVE_CRYPTO = 1,HAVE_HASH AND DIAGNOSTIC,0,1.0,1.0,1.0,68
random_20,320,56,DIAGNOSTIC = 1 AND HAVE_HASH = 1 AND HAVE_CRYPTO = 1,HAVE_HASH AND DIAGNOSTIC,0,1.0,1.0,1.0,68
2-wise,61,8,DIAGNOSTIC = 1 AND HAVE_HASH = 1 AND HAVE_CRYPTO = 1,HAVE_HASH AND DIAGNOSTIC,1,1.0,1.0,1.0,68
3-wise,208,11,DIAGNOSTIC = 1 AND HAVE_HASH = 1 AND HAVE_CRYPTO = 1,HAVE_HASH AND DIAGNOSTIC,2,1.0,1.0,1.0,68
4-wise,432,38,DIAGNOSTIC = 1 AND HAVE_HASH = 1 AND HAVE_CRYPTO = 1,HAVE_HASH AND DIAGNOSTIC,0,1.0,1.0,1.0,68
full,2560,320,HAVE_SEQUENCE = 1 AND HAVE_STATISTICS = 1 AND HAVE_CRYPTO = 1,HAVE_CRYPTO AND HAVE_STATISTICS AND HAVE_SEQUENCE,0,1.0,1.0,1.0,69
random_2,32,5,HAVE_SEQUENCE = 1 AND HAVE_STATISTICS = 1 AND HAVE_CRYPTO = 1,NOT HAVE_SEQUENCE AND HAVE_STATISTICS AND PAGESIZE > 2.5 AND PAGESIZE > 12.0,0,0.0,0.0,0.0,69
random_5,80,12,HAVE_SEQUENCE = 1 AND HAVE_STATISTICS = 1 AND HAVE_CRYPTO = 1,HAVE_CRYPTO AND HAVE_STATISTICS AND HAVE_SEQUENCE,0,1.0,1.0,1.0,69
random_10,160,33,HAVE_SEQUENCE = 1 AND HAVE_STATISTICS = 1 AND HAVE_CRYPTO = 1,HAVE_SEQUENCE AND HAVE_CRYPTO AND HAVE_STATISTICS,0,1.0,1.0,1.0,69
random_20,320,44,HAVE_SEQUENCE = 1 AND HAVE_STATISTICS = 1 AND HAVE_CRYPTO = 1,HAVE_CRYPTO AND HAVE_SEQUENCE AND HAVE_STATISTICS,0,1.0,1.0,1.0,69
2-wise,60,4,HAVE_SEQUENCE = 1 AND HAVE_STATISTICS = 1 AND HAVE_CRYPTO = 1,NOT HAVE_CRYPTO AND PAGESIZE <= 12.0 AND NOT PAGESIZE.1 AND CACHESIZE > 48.0,0,0.0,0.0,0.0,69
3-wise,207,7,HAVE_SEQUENCE = 1 AND HAVE_STATISTICS = 1 AND HAVE_CRYPTO = 1,NOT HAVE_SEQUENCE.1 AND PAGESIZE > 12.0 AND HAVE_SEQUENCE AND HAVE_HASH,1,0.4444444444444445,1.0,0.2857142857142857,69
4-wise,444,30,HAVE_SEQUENCE = 1 AND HAVE_STATISTICS = 1 AND HAVE_CRYPTO = 1,HAVE_SEQUENCE AND HAVE_STATISTICS AND HAVE_CRYPTO,0,1.0,1.0,1.0,69
full,2560,280,DIAGNOSTIC = 1 AND HAVE_SEQUENCE = 1 AND HAVE_VERIFY = 1,CACHESIZE > 48.0 AND DIAGNOSTIC,3,0.3076923076923076,0.2222222222222222,0.5,6
random_2,32,4,DIAGNOSTIC = 1 AND HAVE_SEQUENCE = 1 AND HAVE_VERIFY = 1,NOT HAVE_CRYPTO AND CACHESIZE > 48.0 AND CACHESIZE > 288.0 AND HAVE_SEQUENCE,0,0.0,0.0,0.0,6
random_5,80,14,DIAGNOSTIC = 1 AND HAVE_SEQUENCE = 1 AND HAVE_VERIFY = 1,HAVE_SEQUENCE AND PAGESIZE > 12.0 AND PAGESIZE > 24.0 AND DIAGNOSTIC,0,0.4761904761904762,0.7142857142857143,0.3571428571428571,6
random_10,160,18,DIAGNOSTIC = 1 AND HAVE_SEQUENCE = 1 AND HAVE_VERIFY = 1,NOT HAVE_VERIFY.1 AND NOT HAVE_REPLICATION AND NOT HAVE_STATISTICS AND NOT HAVE_SEQUENCE.1,2,0.2769230769230769,0.1914893617021276,0.5,6
random_20,320,28,DIAGNOSTIC = 1 AND HAVE_SEQUENCE = 1 AND HAVE_VERIFY = 1,NOT HAVE_SEQUENCE.1 AND HAVE_SEQUENCE AND CACHESIZE <= 24.0,1,0.303030303030303,0.2631578947368421,0.3571428571428571,6
2-wise,63,1,DIAGNOSTIC = 1 AND HAVE_SEQUENCE = 1 AND HAVE_VERIFY = 1,CACHESIZE > 288.0 AND NOT HAVE_REPLICATION AND NOT HAVE_VERIFY.1,0,0.0,0.0,0.0,6
3-wise,200,13,DIAGNOSTIC = 1 AND HAVE_SEQUENCE = 1 AND HAVE_VERIFY = 1,CACHESIZE > 24.0 AND HAVE_VERIFY.1 AND NOT HAVE_STATISTICS,0,0.0,0.0,0.0,6
4-wise,449,26,DIAGNOSTIC = 1 AND HAVE_SEQUENCE = 1 AND HAVE_VERIFY = 1,HAVE_CRYPTO AND PAGESIZE > 2.5 AND DIAGNOSTIC AND CACHESIZE <= 48.0,1,0.1739130434782608,0.2,0.1538461538461538,6
full,2560,320,HAVE_SEQUENCE = 1 AND HAVE_VERIFY = 1 AND HAVE_CRYPTO = 1,HAVE_VERIFY AND HAVE_SEQUENCE AND HAVE_CRYPTO,0,1.0,1.0,1.0,70
random_2,32,9,HAVE_SEQUENCE = 1 AND HAVE_VERIFY = 1 AND HAVE_CRYPTO = 1,HAVE_CRYPTO AND HAVE_VERIFY,3,1.0,1.0,1.0,70
random_5,80,13,HAVE_SEQUENCE = 1 AND HAVE_VERIFY = 1 AND HAVE_CRYPTO = 1,HAVE_CRYPTO AND HAVE_SEQUENCE AND HAVE_VERIFY,0,1.0,1.0,1.0,70
random_10,160,20,HAVE_SEQUENCE = 1 AND HAVE_VERIFY = 1 AND HAVE_CRYPTO = 1,PAGESIZE > 24.0 AND HAVE_CRYPTO AND HAVE_VERIFY AND HAVE_SEQUENCE,0,0.6206896551724138,1.0,0.45,70
random_20,320,28,HAVE_SEQUENCE = 1 AND HAVE_VERIFY = 1 AND HAVE_CRYPTO = 1,HAVE_CRYPTO AND HAVE_VERIFY AND HAVE_SEQUENCE,0,1.0,1.0,1.0,70
2-wise,61,6,HAVE_SEQUENCE = 1 AND HAVE_VERIFY = 1 AND HAVE_CRYPTO = 1,HAVE_VERIFY AND NOT HAVE_STATISTICS AND CACHESIZE <= 272.0,3,0.7272727272727272,0.8,0.6666666666666666,70
3-wise,203,12,HAVE_SEQUENCE = 1 AND HAVE_VERIFY = 1 AND HAVE_CRYPTO = 1,HAVE_SEQUENCE AND HAVE_CRYPTO AND HAVE_VERIFY,0,1.0,1.0,1.0,70
4-wise,444,26,HAVE_SEQUENCE = 1 AND HAVE_VERIFY = 1 AND HAVE_CRYPTO = 1,HAVE_CRYPTO AND HAVE_VERIFY AND HAVE_SEQUENCE,0,1.0,1.0,1.0,70
full,2560,320,DIAGNOSTIC = 1 AND HAVE_HASH = 1 AND HAVE_CRYPTO = 1,HAVE_HASH AND DIAGNOSTIC,0,1.0,1.0,1.0,71
random_2,32,3,DIAGNOSTIC = 1 AND HAVE_HASH = 1 AND HAVE_CRYPTO = 1,DIAGNOSTIC AND HAVE_STATISTICS AND PAGESIZE > 2.5 AND HAVE_SEQUENCE,0,0.0,0.0,0.0,71
random_5,80,9,DIAGNOSTIC = 1 AND HAVE_HASH = 1 AND HAVE_CRYPTO = 1,NOT DIAGNOSTIC.1 AND DIAGNOSTIC AND PAGESIZE > 12.0 AND PAGESIZE <= 24.0,3,0.2352941176470588,0.25,0.2222222222222222,71
random_10,160,17,DIAGNOSTIC = 1 AND HAVE_HASH = 1 AND HAVE_CRYPTO = 1,NOT HAVE_STATISTICS.1 AND NOT HAVE_SEQUENCE.1,2,0.1999999999999999,0.1111111111111111,1.0,71
random_20,320,39,DIAGNOSTIC = 1 AND HAVE_HASH = 1 AND HAVE_CRYPTO = 1,PAGESIZE > 6.0 AND NOT HAVE_HASH.1,3,0.2871794871794871,0.1794871794871795,0.717948717948718,71
2-wise,57,3,DIAGNOSTIC = 1 AND HAVE_HASH = 1 AND HAVE_CRYPTO = 1,PAGESIZE > 2.5 AND HAVE_VERIFY AND CACHESIZE > 24.0 AND NOT HAVE_REPLICATION.1,2,0.25,0.2,0.3333333333333333,71
3-wise,202,12,DIAGNOSTIC = 1 AND HAVE_HASH = 1 AND HAVE_CRYPTO = 1,NOT HAVE_SEQUENCE.1 AND NOT HAVE_SEQUENCE AND NOT PAGESIZE.1,1,0.1651376146788991,0.0927835051546391,0.75,71
4-wise,445,44,DIAGNOSTIC = 1 AND HAVE_HASH = 1 AND HAVE_CRYPTO = 1,NOT HAVE_STATISTICS.1 AND NOT HAVE_HASH.1 AND PAGESIZE > 12.0 AND NOT HAVE_SEQUENCE.1,2,0.2435897435897435,0.1696428571428571,0.4318181818181818,71
full,2560,320,HAVE_REPLICATION = 1 AND HAVE_VERIFY = 1 AND HAVE_CRYPTO = 1,HAVE_CRYPTO AND HAVE_VERIFY AND HAVE_REPLICATION,0,1.0,1.0,1.0,72
random_2,32,1,HAVE_REPLICATION = 1 AND HAVE_VERIFY = 1 AND HAVE_CRYPTO = 1,NOT HAVE_HASH.1 AND NOT HAVE_CRYPTO AND PAGESIZE <= 12.0 AND NOT DIAGNOSTIC,0,0.0,0.0,0.0,72
random_5,80,13,HAVE_REPLICATION = 1 AND HAVE_VERIFY = 1 AND HAVE_CRYPTO = 1,NOT HAVE_HASH.1,3,0.3333333333333333,0.2,1.0,72
random_10,160,19,HAVE_REPLICATION = 1 AND HAVE_VERIFY = 1 AND HAVE_CRYPTO = 1,NOT HAVE_SEQUENCE AND NOT DIAGNOSTIC AND DIAGNOSTIC.1 AND CACHESIZE <= 272.0,0,0.0,0.0,0.0,72
random_20,320,34,HAVE_REPLICATION = 1 AND HAVE_VERIFY = 1 AND HAVE_CRYPTO = 1,HAVE_VERIFY AND HAVE_CRYPTO AND HAVE_REPLICATION,1,1.0,1.0,1.0,72
2-wise,57,2,HAVE_REPLICATION = 1 AND HAVE_VERIFY = 1 AND HAVE_CRYPTO = 1,PAGESIZE <= 6.0 AND NOT HAVE_SEQUENCE.1,4,0.0909090909090909,0.05,0.5,72
3-wise,198,13,HAVE_REPLICATION = 1 AND HAVE_VERIFY = 1 AND HAVE_CRYPTO = 1,NOT HAVE_HASH.1 AND HAVE_CRYPTO AND HAVE_VERIFY AND HAVE_REPLICATION,1,1.0,1.0,1.0,72
4-wise,450,35,HAVE_REPLICATION = 1 AND HAVE_VERIFY = 1 AND HAVE_CRYPTO = 1,NOT HAVE_HASH.1,3,0.1694915254237288,0.0925925925925925,1.0,72
full,2560,320,HAVE_SEQUENCE = 1 AND HAVE_STATISTICS = 1 AND HAVE_CRYPTO = 1,HAVE_STATISTICS AND HAVE_SEQUENCE AND HAVE_CRYPTO,0,1.0,1.0,1.0,73
random_2,32,3,HAVE_SEQUENCE = 1 AND HAVE_STATISTICS = 1 AND HAVE_CRYPTO = 1,PAGESIZE > 24.0 AND NOT HAVE_VERIFY.1,3,0.4,0.5,0.3333333333333333,73
random_5,80,6,HAVE_SEQUENCE = 1 AND HAVE_STATISTICS = 1 AND HAVE_CRYPTO = 1,HAVE_HASH.1 AND NOT HAVE_SEQUENCE AND PAGESIZE <= 6.0 AND DIAGNOSTIC,0,0.0,0.0,0.0,73
random_10,160,20,HAVE_SEQUENCE = 1 AND HAVE_STATISTICS = 1 AND HAVE_CRYPTO = 1,NOT HAVE_SEQUENCE.1 AND HAVE_SEQUENCE AND PAGESIZE <= 24.0,4,0.4266666666666667,0.2909090909090909,0.8,73
random_20,320,39,HAVE_SEQUENCE = 1 AND HAVE_STATISTICS = 1 AND HAVE_CRYPTO = 1,HAVE_VERIFY.1 AND CACHESIZE <= 48.0,0,0.0,0.0,0.0,73
2-wise,56,4,HAVE_SEQUENCE = 1 AND HAVE_STATISTICS = 1 AND HAVE_CRYPTO = 1,PAGESIZE <= 12.0 AND NOT HAVE_SEQUENCE.1 AND NOT HAVE_STATISTICS.1,2,0.1333333333333333,0.0769230769230769,0.5,73
3-wise,208,13,HAVE_SEQUENCE = 1 AND HAVE_STATISTICS = 1 AND HAVE_CRYPTO = 1,NOT DIAGNOSTIC.1 AND PAGESIZE > 6.0 AND NOT PAGESIZE.1,2,0.1538461538461538,0.0865384615384615,0.6923076923076923,73
4-wise,439,30,HAVE_SEQUENCE = 1 AND HAVE_STATISTICS = 1 AND HAVE_CRYPTO = 1,CACHESIZE > 48.0,4,0.1370967741935484,0.0779816513761468,0.5666666666666667,73
full,2560,320,HAVE_HASH = 1 AND HAVE_SEQUENCE = 1 AND HAVE_CRYPTO = 1,NOT DIAGNOSTIC.1 AND NOT PAGESIZE.1 AND NOT HAVE_STATISTICS.1 AND HAVE_SEQUENCE,3,0.4210526315789474,0.2666666666666666,1.0,74
random_2,32,2,HAVE_HASH = 1 AND HAVE_SEQUENCE = 1 AND HAVE_CRYPTO = 1,CACHESIZE > 24.0 AND HAVE_HASH AND CACHESIZE <= 288.0 AND PAGESIZE <= 2.5,0,0.0,0.0,0.0,74
random_5,80,8,HAVE_HASH = 1 AND HAVE_SEQUENCE = 1 AND HAVE_CRYPTO = 1,NOT HAVE_STATISTICS.1 AND NOT DIAGNOSTIC AND NOT DIAGNOSTIC.1 AND HAVE_SEQUENCE,3,0.4347826086956521,0.3333333333333333,0.625,74
random_10,160,18,HAVE_HASH = 1 AND HAVE_SEQUENCE = 1 AND HAVE_CRYPTO = 1,HAVE_CRYPTO AND CACHESIZE <= 288.0,1,0.3835616438356163,0.2545454545454545,0.7777777777777778,74
random_20,320,49,HAVE_HASH = 1 AND HAVE_SEQUENCE = 1 AND HAVE_CRYPTO = 1,HAVE_SEQUENCE AND CACHESIZE <= 288.0 AND NOT HAVE_REPLICATION.1 AND NOT DIAGNOSTIC,3,0.3529411764705882,0.3396226415094339,0.3673469387755102,74
2-wise,56,2,HAVE_HASH = 1 AND HAVE_SEQUENCE = 1 AND HAVE_CRYPTO = 1,NOT HAVE_REPLICATION.1 AND CACHESIZE > 24.0 AND CACHESIZE <= 288.0,3,0.0666666666666666,0.0357142857142857,0.5,74
3-wise,202,14,HAVE_HASH = 1 AND HAVE_SEQUENCE = 1 AND HAVE_CRYPTO = 1,NOT HAVE_STATISTICS AND CACHESIZE <= 288.0 AND HAVE_HASH AND HAVE_SEQUENCE,1,0.5263157894736842,1.0,0.3571428571428571,74
4-wise,445,43,HAVE_HASH = 1 AND HAVE_SEQUENCE = 1 AND HAVE_CRYPTO = 1,CACHESIZE <= 48.0,3,0.1509433962264151,0.09009009009009,0.4651162790697674,74
full,2560,300,DIAGNOSTIC = 1 AND HAVE_SEQUENCE = 1 AND HAVE_STATISTICS = 1,HAVE_STATISTICS AND HAVE_SEQUENCE AND DIAGNOSTIC,0,1.0,1.0,1.0,75
random_2,32,2,DIAGNOSTIC = 1 AND HAVE_SEQUENCE = 1 AND HAVE_STATISTICS = 1,HAVE_STATISTICS AND HAVE_SEQUENCE AND DIAGNOSTIC,4,1.0,1.0,1.0,75
random_5,80,8,DIAGNOSTIC = 1 AND HAVE_SEQUENCE = 1 AND HAVE_STATISTICS = 1,NOT HAVE_SEQUENCE.1 AND HAVE_SEQUENCE AND HAVE_STATISTICS AND DIAGNOSTIC,0,1.0,1.0,1.0,75
random_10,160,21,DIAGNOSTIC = 1 AND HAVE_SEQUENCE = 1 AND HAVE_STATISTICS = 1,HAVE_SEQUENCE AND HAVE_STATISTICS AND DIAGNOSTIC,0,1.0,1.0,1.0,75
random_20,320,46,DIAGNOSTIC = 1 AND HAVE_SEQUENCE = 1 AND HAVE_STATISTICS = 1,DIAGNOSTIC AND HAVE_STATISTICS AND HAVE_SEQUENCE,0,1.0,1.0,1.0,75
2-wise,55,5,DIAGNOSTIC = 1 AND HAVE_SEQUENCE = 1 AND HAVE_STATISTICS = 1,HAVE_SEQUENCE AND PAGESIZE > 2.5 AND HAVE_REPLICATION AND DIAGNOSTIC,2,0.5714285714285715,1.0,0.4,75
3-wise,204,11,DIAGNOSTIC = 1 AND HAVE_SEQUENCE = 1 AND HAVE_STATISTICS = 1,HAVE_SEQUENCE AND PAGESIZE <= 6.0 AND HAVE_VERIFY.1 AND NOT HAVE_STATISTICS,0,0.0,0.0,0.0,75
4-wise,446,44,DIAGNOSTIC = 1 AND HAVE_SEQUENCE = 1 AND HAVE_STATISTICS = 1,HAVE_STATISTICS AND DIAGNOSTIC AND HAVE_SEQUENCE,0,1.0,1.0,1.0,75
full,2560,320,HAVE_SEQUENCE = 1 AND HAVE_STATISTICS = 1 AND HAVE_CRYPTO = 1,HAVE_SEQUENCE AND HAVE_CRYPTO AND HAVE_STATISTICS,0,1.0,1.0,1.0,76
random_2,32,3,HAVE_SEQUENCE = 1 AND HAVE_STATISTICS = 1 AND HAVE_CRYPTO = 1,CACHESIZE > 288.0 AND HAVE_STATISTICS,2,1.0,1.0,1.0,76
random_5,80,4,HAVE_SEQUENCE = 1 AND HAVE_STATISTICS = 1 AND HAVE_CRYPTO = 1,NOT HAVE_SEQUENCE AND CACHESIZE <= 24.0 AND NOT DIAGNOSTIC,0,0.0,0.0,0.0,76
random_10,160,13,HAVE_SEQUENCE = 1 AND HAVE_STATISTICS = 1 AND HAVE_CRYPTO = 1,CACHESIZE > 24.0 AND HAVE_SEQUENCE AND HAVE_STATISTICS AND HAVE_CRYPTO,0,0.761904761904762,1.0,0.6153846153846154,76
random_20,320,31,HAVE_SEQUENCE = 1 AND HAVE_STATISTICS = 1 AND HAVE_CRYPTO = 1,HAVE_STATISTICS AND HAVE_CRYPTO AND HAVE_SEQUENCE,0,1.0,1.0,1.0,76
2-wise,60,7,HAVE_SEQUENCE = 1 AND HAVE_STATISTICS = 1 AND HAVE_CRYPTO = 1,HAVE_CRYPTO AND HAVE_STATISTICS AND CACHESIZE > 48.0 AND HAVE_SEQUENCE,3,0.7272727272727273,1.0,0.5714285714285714,76
3-wise,197,15,HAVE_SEQUENCE = 1 AND HAVE_STATISTICS = 1 AND HAVE_CRYPTO = 1,HAVE_CRYPTO AND HAVE_SEQUENCE AND HAVE_STATISTICS,1,1.0,1.0,1.0,76
4-wise,445,34,HAVE_SEQUENCE = 1 AND HAVE_STATISTICS = 1 AND HAVE_CRYPTO = 1,HAVE_CRYPTO AND HAVE_STATISTICS AND HAVE_SEQUENCE,0,1.0,1.0,1.0,76
full,2560,320,HAVE_REPLICATION = 1 AND HAVE_STATISTICS = 1 AND HAVE_CRYPTO = 1,HAVE_STATISTICS,0,0.4102564102564102,0.2580645161290322,1.0,77
random_2,32,3,HAVE_REPLICATION = 1 AND HAVE_STATISTICS = 1 AND HAVE_CRYPTO = 1,CACHESIZE <= 288.0 AND HAVE_SEQUENCE,3,0.1538461538461538,0.1,0.3333333333333333,77
random_5,80,9,HAVE_REPLICATION = 1 AND HAVE_STATISTICS = 1 AND HAVE_CRYPTO = 1,HAVE_REPLICATION.1 AND CACHESIZE <= 288.0 AND NOT HAVE_VERIFY AND NOT HAVE_SEQUENCE,0,0.0,0.0,0.0,77
random_10,160,21,HAVE_REPLICATION = 1 AND HAVE_STATISTICS = 1 AND HAVE_CRYPTO = 1,NOT HAVE_SEQUENCE.1,4,0.2413793103448276,0.1372549019607843,1.0,77
random_20,320,34,HAVE_REPLICATION = 1 AND HAVE_STATISTICS = 1 AND HAVE_CRYPTO = 1,PAGESIZE <= 24.0 AND DIAGNOSTIC AND HAVE_HASH AND HAVE_STATISTICS,3,0.2173913043478261,0.4166666666666667,0.1470588235294117,77
2-wise,55,2,HAVE_REPLICATION = 1 AND HAVE_STATISTICS = 1 AND HAVE_CRYPTO = 1,PAGESIZE > 24.0 AND HAVE_SEQUENCE AND CACHESIZE > 24.0 AND CACHESIZE > 272.0,0,0.0,0.0,0.0,77
3-wise,210,16,HAVE_REPLICATION = 1 AND HAVE_STATISTICS = 1 AND HAVE_CRYPTO = 1,NOT HAVE_REPLICATION.1 AND NOT PAGESIZE.1 AND NOT HAVE_VERIFY.1 AND CACHESIZE > 288.0,4,0.2264150943396226,0.1621621621621621,0.375,77
4-wise,432,31,HAVE_REPLICATION = 1 AND HAVE_STATISTICS = 1 AND HAVE_CRYPTO = 1,CACHESIZE > 48.0 AND NOT HAVE_SEQUENCE.1,1,0.1545454545454545,0.0899470899470899,0.5483870967741935,77
full,2560,320,DIAGNOSTIC = 1 AND HAVE_VERIFY = 1 AND HAVE_CRYPTO = 1,HAVE_CRYPTO AND DIAGNOSTIC AND HAVE_VERIFY,0,1.0,1.0,1.0,78
random_2,32,2,DIAGNOSTIC = 1 AND HAVE_VERIFY = 1 AND HAVE_CRYPTO = 1,NOT HAVE_SEQUENCE.1 AND NOT HAVE_REPLICATION.1,3,0.1428571428571428,0.0769230769230769,1.0,78
random_5,80,9,DIAGNOSTIC = 1 AND HAVE_VERIFY = 1 AND HAVE_CRYPTO = 1,CACHESIZE <= 48.0 AND HAVE_CRYPTO AND HAVE_VERIFY AND DIAGNOSTIC,2,0.7142857142857143,1.0,0.5555555555555556,78
random_10,160,27,DIAGNOSTIC = 1 AND HAVE_VERIFY = 1 AND HAVE_CRYPTO = 1,PAGESIZE > 2.5 AND HAVE_VERIFY AND HAVE_CRYPTO,2,0.7000000000000001,0.6363636363636364,0.7777777777777778,78
random_20,320,36,DIAGNOSTIC = 1 AND HAVE_VERIFY = 1 AND HAVE_CRYPTO = 1,HAVE_SEQUENCE,4,0.2072538860103627,0.1273885350318471,0.5555555555555556,78
2-wise,63,4,DIAGNOSTIC = 1 AND HAVE_VERIFY = 1 AND HAVE_CRYPTO = 1,HAVE_REPLICATION AND NOT DIAGNOSTIC AND NOT HAVE_HASH AND NOT HAVE_CRYPTO,0,0.0,0.0,0.0,78
3-wise,199,7,DIAGNOSTIC = 1 AND HAVE_VERIFY = 1 AND HAVE_CRYPTO = 1,PAGESIZE > 24.0 AND HAVE_VERIFY.1 AND DIAGNOSTIC,0,0.0,0.0,0.0,78
4-wise,445,25,DIAGNOSTIC = 1 AND HAVE_VERIFY = 1 AND HAVE_CRYPTO = 1,NOT HAVE_SEQUENCE.1 AND HAVE_CRYPTO AND DIAGNOSTIC AND HAVE_VERIFY,0,1.0,1.0,1.0,78
full,2560,320,HAVE_REPLICATION = 1 AND HAVE_VERIFY = 1 AND HAVE_CRYPTO = 1,HAVE_VERIFY AND HAVE_REPLICATION AND NOT HAVE_HASH.1,0,1.0,1.0,1.0,79
random_2,32,5,HAVE_REPLICATION = 1 AND HAVE_VERIFY = 1 AND HAVE_CRYPTO = 1,HAVE_VERIFY AND HAVE_CRYPTO AND HAVE_REPLICATION,3,1.0,1.0,1.0,79
random_5,80,5,HAVE_REPLICATION = 1 AND HAVE_VERIFY = 1 AND HAVE_CRYPTO = 1,HAVE_SEQUENCE AND HAVE_REPLICATION AND HAVE_VERIFY AND NOT HAVE_HASH.1,2,0.888888888888889,1.0,0.8,79
random_10,160,15,HAVE_REPLICATION = 1 AND HAVE_VERIFY = 1 AND HAVE_CRYPTO = 1,HAVE_REPLICATION AND NOT HAVE_HASH.1 AND HAVE_VERIFY,0,1.0,1.0,1.0,79
random_20,320,43,HAVE_REPLICATION = 1 AND HAVE_VERIFY = 1 AND HAVE_CRYPTO = 1,HAVE_REPLICATION AND HAVE_VERIFY AND NOT HAVE_HASH.1,0,1.0,1.0,1.0,79
2-wise,61,3,HAVE_REPLICATION = 1 AND HAVE_VERIFY = 1 AND HAVE_CRYPTO = 1,NOT HAVE_REPLICATION AND PAGESIZE.1 AND CACHESIZE <= 48.0 AND PAGESIZE > 6.0,0,0.0,0.0,0.0,79
3-wise,196,11,HAVE_REPLICATION = 1 AND HAVE_VERIFY = 1 AND HAVE_CRYPTO = 1,HAVE_REPLICATION AND HAVE_VERIFY AND HAVE_CRYPTO,1,1.0,1.0,1.0,79
4-wise,441,34,HAVE_REPLICATION = 1 AND HAVE_VERIFY = 1 AND HAVE_CRYPTO = 1,HAVE_REPLICATION AND HAVE_VERIFY AND NOT HAVE_HASH.1,0,1.0,1.0,1.0,79
full,2560,280,DIAGNOSTIC = 1 AND HAVE_STATISTICS = 1 AND HAVE_VERIFY = 1,HAVE_VERIFY AND HAVE_STATISTICS AND DIAGNOSTIC,0,1.0,1.0,1.0,7
random_2,32,2,DIAGNOSTIC = 1 AND HAVE_STATISTICS = 1 AND HAVE_VERIFY = 1,HAVE_SEQUENCE AND NOT HAVE_VERIFY AND NOT HAVE_REPLICATION AND NOT HAVE_STATISTICS,0,0.0,0.0,0.0,7
random_5,80,9,DIAGNOSTIC = 1 AND HAVE_STATISTICS = 1 AND HAVE_VERIFY = 1,NOT HAVE_SEQUENCE AND CACHESIZE > 288.0 AND PAGESIZE > 6.0,0,0.0,0.0,0.0,7
random_10,160,15,DIAGNOSTIC = 1 AND HAVE_STATISTICS = 1 AND HAVE_VERIFY = 1,HAVE_STATISTICS AND DIAGNOSTIC AND HAVE_VERIFY,0,1.0,1.0,1.0,7
random_20,320,31,DIAGNOSTIC = 1 AND HAVE_STATISTICS = 1 AND HAVE_VERIFY = 1,NOT HAVE_STATISTICS.1,4,0.1786743515850143,0.0981012658227848,1.0,7
2-wise,62,5,DIAGNOSTIC = 1 AND HAVE_STATISTICS = 1 AND HAVE_VERIFY = 1,HAVE_VERIFY AND PAGESIZE > 2.5 AND DIAGNOSTIC,2,1.0,1.0,1.0,7
3-wise,203,7,DIAGNOSTIC = 1 AND HAVE_STATISTICS = 1 AND HAVE_VERIFY = 1,PAGESIZE > 24.0 AND NOT DIAGNOSTIC.1,3,0.0930232558139534,0.0555555555555555,0.2857142857142857,7
4-wise,443,25,DIAGNOSTIC = 1 AND HAVE_STATISTICS = 1 AND HAVE_VERIFY = 1,HAVE_VERIFY AND HAVE_STATISTICS AND DIAGNOSTIC,0,1.0,1.0,1.0,7
full,2560,320,DIAGNOSTIC = 1 AND HAVE_REPLICATION = 1 AND HAVE_CRYPTO = 1,HAVE_VERIFY,2,0.2222222222222222,0.1428571428571428,0.5,80
random_2,32,2,DIAGNOSTIC = 1 AND HAVE_REPLICATION = 1 AND HAVE_CRYPTO = 1,DIAGNOSTIC.1,0,0.0,0.0,0.0,80
random_5,80,13,DIAGNOSTIC = 1 AND HAVE_REPLICATION = 1 AND HAVE_CRYPTO = 1,NOT HAVE_STATISTICS.1 AND CACHESIZE > 24.0,1,0.34375,0.2156862745098039,0.8461538461538461,80
random_10,160,19,DIAGNOSTIC = 1 AND HAVE_REPLICATION = 1 AND HAVE_CRYPTO = 1,DIAGNOSTIC AND PAGESIZE <= 12.0 AND CACHESIZE > 48.0 AND NOT HAVE_VERIFY.1,2,0.2790697674418604,0.25,0.3157894736842105,80
random_20,320,40,DIAGNOSTIC = 1 AND HAVE_REPLICATION = 1 AND HAVE_CRYPTO = 1,NOT HAVE_HASH.1 AND PAGESIZE > 24.0 AND HAVE_REPLICATION AND DIAGNOSTIC,0,0.3673469387755101,1.0,0.225,80
2-wise,55,3,DIAGNOSTIC = 1 AND HAVE_REPLICATION = 1 AND HAVE_CRYPTO = 1,PAGESIZE <= 24.0 AND HAVE_SEQUENCE AND PAGESIZE > 2.5 AND HAVE_REPLICATION,1,0.3333333333333333,0.3333333333333333,0.3333333333333333,80
3-wise,204,11,DIAGNOSTIC = 1 AND HAVE_REPLICATION = 1 AND HAVE_CRYPTO = 1,NOT HAVE_VERIFY.1 AND HAVE_HASH.1 AND NOT HAVE_STATISTICS AND NOT HAVE_SEQUENCE,0,0.0,0.0,0.0,80
4-wise,449,36,DIAGNOSTIC = 1 AND HAVE_REPLICATION = 1 AND HAVE_CRYPTO = 1,HAVE_REPLICATION AND PAGESIZE > 2.5 AND PAGESIZE <= 6.0 AND HAVE_HASH.1,0,0.0,0.0,0.0,80
full,2560,320,HAVE_SEQUENCE = 1 AND HAVE_VERIFY = 1 AND HAVE_CRYPTO = 1,HAVE_VERIFY AND HAVE_SEQUENCE AND HAVE_CRYPTO,0,1.0,1.0,1.0,81
random_2,32,10,HAVE_SEQUENCE = 1 AND HAVE_VERIFY = 1 AND HAVE_CRYPTO = 1,HAVE_HASH AND PAGESIZE <= 24.0 AND PAGESIZE > 2.5 AND CACHESIZE > 24.0,3,0.4285714285714285,0.75,0.3,81
random_5,80,8,HAVE_SEQUENCE = 1 AND HAVE_VERIFY = 1 AND HAVE_CRYPTO = 1,HAVE_CRYPTO AND HAVE_SEQUENCE AND CACHESIZE <= 288.0 AND HAVE_VERIFY,2,0.8571428571428571,1.0,0.75,81
random_10,160,16,HAVE_SEQUENCE = 1 AND HAVE_VERIFY = 1 AND HAVE_CRYPTO = 1,HAVE_SEQUENCE AND HAVE_VERIFY AND HAVE_CRYPTO,0,1.0,1.0,1.0,81
random_20,320,42,HAVE_SEQUENCE = 1 AND HAVE_VERIFY = 1 AND HAVE_CRYPTO = 1,HAVE_SEQUENCE AND HAVE_VERIFY AND HAVE_CRYPTO,0,1.0,1.0,1.0,81
2-wise,61,1,HAVE_SEQUENCE = 1 AND HAVE_VERIFY = 1 AND HAVE_CRYPTO = 1,DIAGNOSTIC.1 AND CACHESIZE <= 288.0 AND PAGESIZE > 2.5 AND PAGESIZE <= 12.0,0,0.0,0.0,0.0,81
3-wise,195,8,HAVE_SEQUENCE = 1 AND HAVE_VERIFY = 1 AND HAVE_CRYPTO = 1,HAVE_REPLICATION.1 AND NOT DIAGNOSTIC AND HAVE_STATISTICS AND HAVE_SEQUENCE,0,0.0,0.0,0.0,81
4-wise,439,25,HAVE_SEQUENCE = 1 AND HAVE_VERIFY = 1 AND HAVE_CRYPTO = 1,HAVE_VERIFY AND HAVE_SEQUENCE AND HAVE_CRYPTO,0,1.0,1.0,1.0,81
full,2560,320,HAVE_SEQUENCE = 1 AND HAVE_STATISTICS = 1 AND HAVE_CRYPTO = 1,HAVE_CRYPTO AND HAVE_SEQUENCE AND HAVE_STATISTICS,0,1.0,1.0,1.0,82
random_2,32,3,HAVE_SEQUENCE = 1 AND HAVE_STATISTICS = 1 AND HAVE_CRYPTO = 1,CACHESIZE <= 288.0 AND PAGESIZE > 6.0 AND NOT HAVE_VERIFY AND PAGESIZE <= 12.0,0,0.0,0.0,0.0,82
random_5,80,10,HAVE_SEQUENCE = 1 AND HAVE_STATISTICS = 1 AND HAVE_CRYPTO = 1,PAGESIZE > 2.5 AND HAVE_REPLICATION.1 AND NOT DIAGNOSTIC AND NOT HAVE_STATISTICS,0,0.0,0.0,0.0,82
random_10,160,20,HAVE_SEQUENCE = 1 AND HAVE_STATISTICS = 1 AND HAVE_CRYPTO = 1,CACHESIZE <= 288.0 AND CACHESIZE > 48.0 AND PAGESIZE > 2.5,4,0.12,0.1,0.15,82
random_20,320,33,HAVE_SEQUENCE = 1 AND HAVE_STATISTICS = 1 AND HAVE_CRYPTO = 1,HAVE_REPLICATION.1 AND CACHESIZE > 288.0,0,0.0,0.0,0.0,82
2-wise,58,4,HAVE_SEQUENCE = 1 AND HAVE_STATISTICS = 1 AND HAVE_CRYPTO = 1,CACHESIZE <= 288.0 AND NOT HAVE_STATISTICS AND DIAGNOSTIC AND CACHESIZE > 24.0,0,0.0,0.0,0.0,82
3-wise,198,15,HAVE_SEQUENCE = 1 AND HAVE_STATISTICS = 1 AND HAVE_CRYPTO = 1,PAGESIZE.1 AND CACHESIZE > 288.0 AND PAGESIZE <= 12.0 AND PAGESIZE > 2.5,0,0.0,0.0,0.0,82
4-wise,434,24,HAVE_SEQUENCE = 1 AND HAVE_STATISTICS = 1 AND HAVE_CRYPTO = 1,NOT DIAGNOSTIC.1,1,0.1095890410958904,0.0579710144927536,1.0,82
full,2560,320,DIAGNOSTIC = 1 AND HAVE_HASH = 1 AND HAVE_CRYPTO = 1,HAVE_HASH AND DIAGNOSTIC,0,1.0,1.0,1.0,83
random_2,32,3,DIAGNOSTIC = 1 AND HAVE_HASH = 1 AND HAVE_CRYPTO = 1,NOT DIAGNOSTIC AND NOT HAVE_CRYPTO AND NOT HAVE_VERIFY.1 AND NOT HAVE_HASH.1,0,0.0,0.0,0.0,83
random_5,80,9,DIAGNOSTIC = 1 AND HAVE_HASH = 1 AND HAVE_CRYPTO = 1,DIAGNOSTIC AND HAVE_CRYPTO AND PAGESIZE > 24.0 AND HAVE_HASH,0,0.3636363636363636,1.0,0.2222222222222222,83
random_10,160,21,DIAGNOSTIC = 1 AND HAVE_HASH = 1 AND HAVE_CRYPTO = 1,HAVE_HASH AND DIAGNOSTIC,0,1.0,1.0,1.0,83
random_20,320,35,DIAGNOSTIC = 1 AND HAVE_HASH = 1 AND HAVE_CRYPTO = 1,HAVE_HASH AND DIAGNOSTIC,0,1.0,1.0,1.0,83
2-wise,60,6,DIAGNOSTIC = 1 AND HAVE_HASH = 1 AND HAVE_CRYPTO = 1,HAVE_REPLICATION AND PAGESIZE > 2.5 AND HAVE_VERIFY AND DIAGNOSTIC,2,0.6666666666666666,1.0,0.5,83
3-wise,200,13,DIAGNOSTIC = 1 AND HAVE_HASH = 1 AND HAVE_CRYPTO = 1,HAVE_HASH AND DIAGNOSTIC,0,1.0,1.0,1.0,83
4-wise,447,39,DIAGNOSTIC = 1 AND HAVE_HASH = 1 AND HAVE_CRYPTO = 1,HAVE_HASH AND DIAGNOSTIC,0,1.0,1.0,1.0,83
full,2560,320,HAVE_HASH = 1 AND HAVE_STATISTICS = 1 AND HAVE_CRYPTO = 1,HAVE_HASH AND HAVE_STATISTICS,0,1.0,1.0,1.0,84
random_2,32,3,HAVE_HASH = 1 AND HAVE_STATISTICS = 1 AND HAVE_CRYPTO = 1,HAVE_STATISTICS AND PAGESIZE <= 24.0 AND HAVE_HASH,2,1.0,1.0,1.0,84
random_5,80,10,HAVE_HASH = 1 AND HAVE_STATISTICS = 1 AND HAVE_CRYPTO = 1,HAVE_HASH AND HAVE_STATISTICS,1,1.0,1.0,1.0,84
random_10,160,25,HAVE_HASH = 1 AND HAVE_STATISTICS = 1 AND HAVE_CRYPTO = 1,HAVE_HASH AND HAVE_STATISTICS,0,1.0,1.0,1.0,84
random_20,320,39,HAVE_HASH = 1 AND HAVE_STATISTICS = 1 AND HAVE_CRYPTO = 1,HAVE_HASH AND HAVE_STATISTICS,0,1.0,1.0,1.0,84
2-wise,57,2,HAVE_HASH = 1 AND HAVE_STATISTICS = 1 AND HAVE_CRYPTO = 1,CACHESIZE > 24.0 AND NOT HAVE_VERIFY AND NOT HAVE_REPLICATION.1 AND NOT HAVE_SEQUENCE.1,0,0.0,0.0,0.0,84
3-wise,200,18,HAVE_HASH = 1 AND HAVE_STATISTICS = 1 AND HAVE_CRYPTO = 1,HAVE_HASH AND HAVE_STATISTICS,0,1.0,1.0,1.0,84
4-wise,450,38,HAVE_HASH = 1 AND HAVE_STATISTICS = 1 AND HAVE_CRYPTO = 1,HAVE_HASH AND HAVE_STATISTICS,0,1.0,1.0,1.0,84
full,2560,320,DIAGNOSTIC = 1 AND HAVE_HASH = 1 AND HAVE_CRYPTO = 1,HAVE_HASH AND DIAGNOSTIC,0,1.0,1.0,1.0,85
random_2,32,2,DIAGNOSTIC = 1 AND HAVE_HASH = 1 AND HAVE_CRYPTO = 1,NOT HAVE_VERIFY.1 AND HAVE_HASH AND NOT HAVE_REPLICATION,2,0.5,0.5,0.5,85
random_5,80,9,DIAGNOSTIC = 1 AND HAVE_HASH = 1 AND HAVE_CRYPTO = 1,CACHESIZE <= 288.0 AND HAVE_HASH AND DIAGNOSTIC,4,0.8750000000000001,1.0,0.7777777777777778,85
random_10,160,17,DIAGNOSTIC = 1 AND HAVE_HASH = 1 AND HAVE_CRYPTO = 1,NOT PAGESIZE.1 AND NOT HAVE_SEQUENCE.1,4,0.1988304093567251,0.1103896103896103,1.0,85
random_20,320,38,DIAGNOSTIC = 1 AND HAVE_HASH = 1 AND HAVE_CRYPTO = 1,HAVE_HASH AND DIAGNOSTIC,0,1.0,1.0,1.0,85
2-wise,54,3,DIAGNOSTIC = 1 AND HAVE_HASH = 1 AND HAVE_CRYPTO = 1,HAVE_HASH AND PAGESIZE <= 24.0 AND HAVE_VERIFY AND DIAGNOSTIC,0,0.8,1.0,0.6666666666666666,85
3-wise,197,10,DIAGNOSTIC = 1 AND HAVE_HASH = 1 AND HAVE_CRYPTO = 1,DIAGNOSTIC AND HAVE_HASH,0,1.0,1.0,1.0,85
4-wise,437,31,DIAGNOSTIC = 1 AND HAVE_HASH = 1 AND HAVE_CRYPTO = 1,HAVE_HASH AND DIAGNOSTIC,0,1.0,1.0,1.0,85
full,2560,320,DIAGNOSTIC = 1 AND HAVE_VERIFY = 1 AND HAVE_CRYPTO = 1,DIAGNOSTIC AND HAVE_VERIFY AND HAVE_CRYPTO,0,1.0,1.0,1.0,86
random_2,32,6,DIAGNOSTIC = 1 AND HAVE_VERIFY = 1 AND HAVE_CRYPTO = 1,PAGESIZE > 2.5 AND HAVE_CRYPTO AND HAVE_VERIFY AND NOT HAVE_SEQUENCE,3,0.6666666666666666,1.0,0.5,86
random_5,80,10,DIAGNOSTIC = 1 AND HAVE_VERIFY = 1 AND HAVE_CRYPTO = 1,DIAGNOSTIC AND HAVE_VERIFY AND PAGESIZE <= 24.0 AND NOT HAVE_HASH.1,4,0.9090909090909092,0.8333333333333334,1.0,86
random_10,160,18,DIAGNOSTIC = 1 AND HAVE_VERIFY = 1 AND HAVE_CRYPTO = 1,HAVE_CRYPTO AND DIAGNOSTIC AND HAVE_VERIFY,0,1.0,1.0,1.0,86
random_20,320,43,DIAGNOSTIC = 1 AND HAVE_VERIFY = 1 AND HAVE_CRYPTO = 1,HAVE_VERIFY AND DIAGNOSTIC AND HAVE_CRYPTO,0,1.0,1.0,1.0,86
2-wise,57,3,DIAGNOSTIC = 1 AND HAVE_VERIFY = 1 AND HAVE_CRYPTO = 1,NOT HAVE_CRYPTO AND PAGESIZE > 12.0 AND NOT HAVE_VERIFY.1 AND NOT HAVE_SEQUENCE.1,0,0.0,0.0,0.0,86
3-wise,194,12,DIAGNOSTIC = 1 AND HAVE_VERIFY = 1 AND HAVE_CRYPTO = 1,HAVE_HASH AND CACHESIZE > 24.0 AND HAVE_VERIFY AND DIAGNOSTIC,3,0.7368421052631579,1.0,0.5833333333333334,86
4-wise,453,32,DIAGNOSTIC = 1 AND HAVE_VERIFY = 1 AND HAVE_CRYPTO = 1,DIAGNOSTIC AND HAVE_CRYPTO AND HAVE_VERIFY,0,1.0,1.0,1.0,86
full,2560,280,DIAGNOSTIC = 1 AND HAVE_STATISTICS = 1 AND HAVE_VERIFY = 1,NOT PAGESIZE.1 AND NOT HAVE_SEQUENCE.1,1,0.2043795620437956,0.1138211382113821,1.0,87
random_2,32,2,DIAGNOSTIC = 1 AND HAVE_STATISTICS = 1 AND HAVE_VERIFY = 1,NOT HAVE_REPLICATION.1 AND NOT HAVE_REPLICATION,4,0.1176470588235294,0.0666666666666666,0.5,87
random_5,80,14,DIAGNOSTIC = 1 AND HAVE_STATISTICS = 1 AND HAVE_VERIFY = 1,NOT HAVE_VERIFY.1 AND PAGESIZE > 12.0 AND HAVE_VERIFY,4,0.5161290322580646,0.4705882352941176,0.5714285714285714,87
random_10,160,16,DIAGNOSTIC = 1 AND HAVE_STATISTICS = 1 AND HAVE_VERIFY = 1,NOT HAVE_SEQUENCE.1 AND NOT HAVE_HASH AND HAVE_HASH.1 AND DIAGNOSTIC,3,0.2702702702702702,0.238095238095238,0.3125,87
random_20,320,38,DIAGNOSTIC = 1 AND HAVE_STATISTICS = 1 AND HAVE_VERIFY = 1,NOT HAVE_HASH.1 AND PAGESIZE > 2.5,2,0.185022026431718,0.1111111111111111,0.5526315789473685,87
2-wise,58,5,DIAGNOSTIC = 1 AND HAVE_STATISTICS = 1 AND HAVE_VERIFY = 1,PAGESIZE > 12.0 AND NOT HAVE_VERIFY AND PAGESIZE <= 24.0 AND NOT PAGESIZE.1,0,0.0,0.0,0.0,87
3-wise,206,15,DIAGNOSTIC = 1 AND HAVE_STATISTICS = 1 AND HAVE_VERIFY = 1,NOT HAVE_REPLICATION AND CACHESIZE <= 288.0 AND HAVE_SEQUENCE,4,0.1777777777777777,0.1333333333333333,0.2666666666666666,87
4-wise,428,25,DIAGNOSTIC = 1 AND HAVE_STATISTICS = 1 AND HAVE_VERIFY = 1,NOT PAGESIZE.1 AND NOT HAVE_SEQUENCE.1 AND NOT HAVE_HASH.1 AND NOT HAVE_VERIFY.1,4,0.1322957198443579,0.0732758620689655,0.68,87
full,2560,320,HAVE_REPLICATION = 1 AND HAVE_SEQUENCE = 1 AND HAVE_CRYPTO = 1,HAVE_REPLICATION AND HAVE_SEQUENCE AND NOT HAVE_HASH.1,0,1.0,1.0,1.0,88
random_2,32,2,HAVE_REPLICATION = 1 AND HAVE_SEQUENCE = 1 AND HAVE_CRYPTO = 1,HAVE_CRYPTO AND PAGESIZE <= 12.0 AND NOT DIAGNOSTIC AND CACHESIZE > 48.0,0,0.0,0.0,0.0,88
random_5,80,6,HAVE_REPLICATION = 1 AND HAVE_SEQUENCE = 1 AND HAVE_CRYPTO = 1,PAGESIZE > 6.0 AND NOT HAVE_REPLICATION AND NOT HAVE_STATISTICS.1 AND NOT PAGESIZE.1,0,0.0,0.0,0.0,88
random_10,160,18,HAVE_REPLICATION = 1 AND HAVE_SEQUENCE = 1 AND HAVE_CRYPTO = 1,HAVE_SEQUENCE AND HAVE_REPLICATION AND NOT HAVE_HASH.1,0,1.0,1.0,1.0,88
random_20,320,49,HAVE_REPLICATION = 1 AND HAVE_SEQUENCE = 1 AND HAVE_CRYPTO = 1,HAVE_SEQUENCE AND HAVE_REPLICATION AND NOT HAVE_HASH.1,0,1.0,1.0,1.0,88
2-wise,64,4,HAVE_REPLICATION = 1 AND HAVE_SEQUENCE = 1 AND HAVE_CRYPTO = 1,DIAGNOSTIC.1 AND CACHESIZE > 288.0,0,0.0,0.0,0.0,88
3-wise,210,9,HAVE_REPLICATION = 1 AND HAVE_SEQUENCE = 1 AND HAVE_CRYPTO = 1,HAVE_REPLICATION AND HAVE_SEQUENCE AND NOT HAVE_HASH.1,1,1.0,1.0,1.0,88
4-wise,453,28,HAVE_REPLICATION = 1 AND HAVE_SEQUENCE = 1 AND HAVE_CRYPTO = 1,HAVE_CRYPTO AND HAVE_SEQUENCE AND HAVE_REPLICATION,0,1.0,1.0,1.0,88
full,2560,320,DIAGNOSTIC = 1 AND HAVE_VERIFY = 1 AND HAVE_CRYPTO = 1,HAVE_VERIFY AND DIAGNOSTIC AND HAVE_CRYPTO,0,1.0,1.0,1.0,89
random_2,32,5,DIAGNOSTIC = 1 AND HAVE_VERIFY = 1 AND HAVE_CRYPTO = 1,NOT HAVE_SEQUENCE AND PAGESIZE <= 6.0 AND NOT HAVE_REPLICATION.1 AND NOT HAVE_CRYPTO,0,0.0,0.0,0.0,89
random_5,80,12,DIAGNOSTIC = 1 AND HAVE_VERIFY = 1 AND HAVE_CRYPTO = 1,DIAGNOSTIC AND NOT HAVE_VERIFY AND PAGESIZE > 24.0 AND NOT HAVE_HASH.1,0,0.0,0.0,0.0,89
random_10,160,22,DIAGNOSTIC = 1 AND HAVE_VERIFY = 1 AND HAVE_CRYPTO = 1,NOT DIAGNOSTIC.1 AND HAVE_CRYPTO,2,0.4536082474226803,0.2933333333333333,1.0,89
random_20,320,37,DIAGNOSTIC = 1 AND HAVE_VERIFY = 1 AND HAVE_CRYPTO = 1,DIAGNOSTIC AND HAVE_STATISTICS.1,0,0.0,0.0,0.0,89
2-wise,60,5,DIAGNOSTIC = 1 AND HAVE_VERIFY = 1 AND HAVE_CRYPTO = 1,HAVE_VERIFY AND NOT HAVE_SEQUENCE AND HAVE_REPLICATION.1 AND PAGESIZE <= 24.0,0,0.0,0.0,0.0,89
3-wise,198,10,DIAGNOSTIC = 1 AND HAVE_VERIFY = 1 AND HAVE_CRYPTO = 1,CACHESIZE > 48.0 AND NOT PAGESIZE.1 AND NOT HAVE_VERIFY.1,4,0.1123595505617977,0.0632911392405063,0.5,89
4-wise,430,27,DIAGNOSTIC = 1 AND HAVE_VERIFY = 1 AND HAVE_CRYPTO = 1,DIAGNOSTIC AND HAVE_VERIFY AND HAVE_CRYPTO,0,1.0,1.0,1.0,89
full,2560,280,HAVE_SEQUENCE = 1 AND HAVE_STATISTICS = 1 AND HAVE_VERIFY = 1,HAVE_VERIFY AND HAVE_STATISTICS AND HAVE_SEQUENCE,0,1.0,1.0,1.0,8
random_2,32,2,HAVE_SEQUENCE = 1 AND HAVE_STATISTICS = 1 AND HAVE_VERIFY = 1,NOT HAVE_SEQUENCE AND HAVE_REPLICATION AND PAGESIZE > 2.5 AND NOT HAVE_HASH.1,0,0.0,0.0,0.0,8
random_5,80,7,HAVE_SEQUENCE = 1 AND HAVE_STATISTICS = 1 AND HAVE_VERIFY = 1,PAGESIZE <= 12.0 AND NOT HAVE_SEQUENCE AND NOT HAVE_HASH.1 AND HAVE_CRYPTO,0,0.0,0.0,0.0,8
random_10,160,12,HAVE_SEQUENCE = 1 AND HAVE_STATISTICS = 1 AND HAVE_VERIFY = 1,HAVE_SEQUENCE AND HAVE_VERIFY AND HAVE_STATISTICS,0,1.0,1.0,1.0,8
random_20,320,50,HAVE_SEQUENCE = 1 AND HAVE_STATISTICS = 1 AND HAVE_VERIFY = 1,HAVE_STATISTICS AND HAVE_SEQUENCE AND HAVE_VERIFY,0,1.0,1.0,1.0,8
2-wise,61,10,HAVE_SEQUENCE = 1 AND HAVE_STATISTICS = 1 AND HAVE_VERIFY = 1,HAVE_VERIFY AND PAGESIZE <= 6.0 AND NOT HAVE_STATISTICS AND CACHESIZE > 40.0,0,0.0,0.0,0.0,8
3-wise,196,19,HAVE_SEQUENCE = 1 AND HAVE_STATISTICS = 1 AND HAVE_VERIFY = 1,HAVE_VERIFY AND HAVE_STATISTICS AND HAVE_SEQUENCE,0,1.0,1.0,1.0,8
4-wise,445,32,HAVE_SEQUENCE = 1 AND HAVE_STATISTICS = 1 AND HAVE_VERIFY = 1,HAVE_SEQUENCE AND HAVE_VERIFY AND HAVE_STATISTICS,0,1.0,1.0,1.0,8
full,2560,320,HAVE_HASH = 1 AND HAVE_VERIFY = 1 AND HAVE_CRYPTO = 1,HAVE_HASH AND HAVE_VERIFY,0,1.0,1.0,1.0,90
random_2,32,3,HAVE_HASH = 1 AND HAVE_VERIFY = 1 AND HAVE_CRYPTO = 1,NOT HAVE_VERIFY AND NOT HAVE_HASH AND PAGESIZE > 12.0 AND HAVE_SEQUENCE,0,0.0,0.0,0.0,90
random_5,80,12,HAVE_HASH = 1 AND HAVE_VERIFY = 1 AND HAVE_CRYPTO = 1,HAVE_HASH AND HAVE_STATISTICS AND HAVE_VERIFY AND CACHESIZE > 24.0,4,0.8,1.0,0.6666666666666666,90
random_10,160,13,HAVE_HASH = 1 AND HAVE_VERIFY = 1 AND HAVE_CRYPTO = 1,HAVE_HASH AND HAVE_STATISTICS AND HAVE_VERIFY,2,0.7000000000000001,1.0,0.5384615384615384,90
random_20,320,44,HAVE_HASH = 1 AND HAVE_VERIFY = 1 AND HAVE_CRYPTO = 1,NOT HAVE_REPLICATION.1 AND HAVE_VERIFY AND HAVE_HASH,0,1.0,1.0,1.0,90
2-wise,60,5,HAVE_HASH = 1 AND HAVE_VERIFY = 1 AND HAVE_CRYPTO = 1,HAVE_VERIFY.1 AND PAGESIZE <= 24.0 AND NOT DIAGNOSTIC AND CACHESIZE <= 48.0,0,0.0,0.0,0.0,90
3-wise,198,13,HAVE_HASH = 1 AND HAVE_VERIFY = 1 AND HAVE_CRYPTO = 1,NOT HAVE_SEQUENCE AND NOT DIAGNOSTIC.1 AND NOT HAVE_VERIFY.1,3,0.1587301587301587,0.0884955752212389,0.7692307692307693,90
4-wise,439,41,HAVE_HASH = 1 AND HAVE_VERIFY = 1 AND HAVE_CRYPTO = 1,HAVE_CRYPTO AND HAVE_VERIFY AND PAGESIZE <= 24.0 AND HAVE_HASH,0,0.9350649350649352,1.0,0.8780487804878049,90
full,2560,320,HAVE_HASH = 1 AND HAVE_VERIFY = 1 AND HAVE_CRYPTO = 1,HAVE_HASH AND HAVE_VERIFY,0,1.0,1.0,1.0,91
random_2,32,2,HAVE_HASH = 1 AND HAVE_VERIFY = 1 AND HAVE_CRYPTO = 1,NOT HAVE_VERIFY.1 AND NOT PAGESIZE.1 AND NOT HAVE_STATISTICS AND HAVE_VERIFY,3,0.3333333333333333,0.2,1.0,91
random_5,80,11,HAVE_HASH = 1 AND HAVE_VERIFY = 1 AND HAVE_CRYPTO = 1,NOT HAVE_REPLICATION AND NOT HAVE_STATISTICS AND CACHESIZE <= 288.0,3,0.1290322580645161,0.1,0.1818181818181818,91
random_10,160,17,HAVE_HASH = 1 AND HAVE_VERIFY = 1 AND HAVE_CRYPTO = 1,HAVE_VERIFY AND PAGESIZE <= 2.5 AND HAVE_HASH,3,0.2105263157894736,1.0,0.1176470588235294,91
random_20,320,32,HAVE_HASH = 1 AND HAVE_VERIFY = 1 AND HAVE_CRYPTO = 1,CACHESIZE <= 48.0,4,0.2110552763819095,0.1257485029940119,0.65625,91
2-wise,56,6,HAVE_HASH = 1 AND HAVE_VERIFY = 1 AND HAVE_CRYPTO = 1,NOT PAGESIZE.1 AND NOT HAVE_VERIFY.1 AND NOT HAVE_SEQUENCE.1 AND NOT HAVE_REPLICATION.1,1,0.3157894736842105,0.1875,1.0,91
3-wise,194,17,HAVE_HASH = 1 AND HAVE_VERIFY = 1 AND HAVE_CRYPTO = 1,NOT HAVE_STATISTICS AND HAVE_CRYPTO AND PAGESIZE > 2.5,2,0.303030303030303,0.3125,0.2941176470588235,91
4-wise,440,40,HAVE_HASH = 1 AND HAVE_VERIFY = 1 AND HAVE_CRYPTO = 1,CACHESIZE > 24.0 AND NOT HAVE_REPLICATION.1,2,0.195583596214511,0.111913357400722,0.775,91
full,2560,280,DIAGNOSTIC = 1 AND HAVE_STATISTICS = 1 AND HAVE_VERIFY = 1,NOT PAGESIZE.1,0,0.1985815602836879,0.1102362204724409,1.0,92
random_2,32,5,DIAGNOSTIC = 1 AND HAVE_STATISTICS = 1 AND HAVE_VERIFY = 1,NOT HAVE_HASH.1 AND PAGESIZE <= 6.0 AND HAVE_VERIFY AND NOT HAVE_SEQUENCE,4,0.5,0.6666666666666666,0.4,92
random_5,80,5,DIAGNOSTIC = 1 AND HAVE_STATISTICS = 1 AND HAVE_VERIFY = 1,CACHESIZE <= 24.0 AND NOT HAVE_HASH,3,0.1111111111111111,0.0769230769230769,0.2,92
random_10,160,17,DIAGNOSTIC = 1 AND HAVE_STATISTICS = 1 AND HAVE_VERIFY = 1,HAVE_STATISTICS.1 AND PAGESIZE <= 24.0,0,0.0,0.0,0.0,92
random_20,320,29,DIAGNOSTIC = 1 AND HAVE_STATISTICS = 1 AND HAVE_VERIFY = 1,NOT HAVE_STATISTICS.1 AND NOT HAVE_VERIFY.1,4,0.1835443037974683,0.1010452961672473,1.0,92
2-wise,58,3,DIAGNOSTIC = 1 AND HAVE_STATISTICS = 1 AND HAVE_VERIFY = 1,CACHESIZE > 24.0 AND NOT HAVE_HASH.1 AND PAGESIZE <= 24.0 AND CACHESIZE > 288.0,4,0.125,0.0769230769230769,0.3333333333333333,92
3-wise,203,11,DIAGNOSTIC = 1 AND HAVE_STATISTICS = 1 AND HAVE_VERIFY = 1,DIAGNOSTIC AND HAVE_STATISTICS.1 AND CACHESIZE <= 24.0 AND PAGESIZE <= 20.0,0,0.0,0.0,0.0,92
4-wise,431,34,DIAGNOSTIC = 1 AND HAVE_STATISTICS = 1 AND HAVE_VERIFY = 1,HAVE_HASH AND HAVE_VERIFY,2,0.2424242424242424,0.25,0.2352941176470588,92
full,2560,320,HAVE_REPLICATION = 1 AND HAVE_VERIFY = 1 AND HAVE_CRYPTO = 1,HAVE_REPLICATION AND NOT HAVE_HASH.1 AND HAVE_VERIFY,0,1.0,1.0,1.0,93
random_2,32,3,HAVE_REPLICATION = 1 AND HAVE_VERIFY = 1 AND HAVE_CRYPTO = 1,NOT HAVE_HASH.1 AND PAGESIZE > 12.0 AND NOT HAVE_VERIFY,0,0.0,0.0,0.0,93
random_5,80,9,HAVE_REPLICATION = 1 AND HAVE_VERIFY = 1 AND HAVE_CRYPTO = 1,NOT DIAGNOSTIC.1 AND NOT HAVE_SEQUENCE,4,0.1153846153846153,0.0697674418604651,0.3333333333333333,93
random_10,160,20,HAVE_REPLICATION = 1 AND HAVE_VERIFY = 1 AND HAVE_CRYPTO = 1,NOT HAVE_HASH AND CACHESIZE <= 288.0,4,0.0594059405940594,0.037037037037037,0.15,93
random_20,320,47,HAVE_REPLICATION = 1 AND HAVE_VERIFY = 1 AND HAVE_CRYPTO = 1,HAVE_REPLICATION AND HAVE_VERIFY AND HAVE_CRYPTO,0,1.0,1.0,1.0,93
2-wise,60,5,HAVE_REPLICATION = 1 AND HAVE_VERIFY = 1 AND HAVE_CRYPTO = 1,NOT DIAGNOSTIC.1 AND HAVE_REPLICATION AND HAVE_VERIFY AND HAVE_CRYPTO,0,1.0,1.0,1.0,93
3-wise,205,17,HAVE_REPLICATION = 1 AND HAVE_VERIFY = 1 AND HAVE_CRYPTO = 1,NOT HAVE_HASH,3,0.0423280423280423,0.0232558139534883,0.2352941176470588,93
4-wise,443,36,HAVE_REPLICATION = 1 AND HAVE_VERIFY = 1 AND HAVE_CRYPTO = 1,HAVE_REPLICATION AND HAVE_VERIFY AND NOT HAVE_HASH.1,0,1.0,1.0,1.0,93
full,2560,320,DIAGNOSTIC = 1 AND HAVE_REPLICATION = 1 AND HAVE_CRYPTO = 1,HAVE_CRYPTO AND DIAGNOSTIC AND HAVE_REPLICATION,0,1.0,1.0,1.0,94
random_2,32,1,DIAGNOSTIC = 1 AND HAVE_REPLICATION = 1 AND HAVE_CRYPTO = 1,NOT HAVE_REPLICATION.1 AND CACHESIZE <= 24.0 AND HAVE_HASH,4,0.6666666666666666,0.5,1.0,94
random_5,80,11,DIAGNOSTIC = 1 AND HAVE_REPLICATION = 1 AND HAVE_CRYPTO = 1,PAGESIZE <= 6.0 AND DIAGNOSTIC AND NOT HAVE_HASH.1 AND NOT HAVE_SEQUENCE,2,0.3999999999999999,0.4444444444444444,0.3636363636363636,94
random_10,160,17,DIAGNOSTIC = 1 AND HAVE_REPLICATION = 1 AND HAVE_CRYPTO = 1,NOT DIAGNOSTIC.1 AND DIAGNOSTIC AND PAGESIZE <= 24.0 AND HAVE_CRYPTO,4,0.6382978723404256,0.5,0.8823529411764706,94
random_20,320,36,DIAGNOSTIC = 1 AND HAVE_REPLICATION = 1 AND HAVE_CRYPTO = 1,DIAGNOSTIC AND HAVE_REPLICATION AND HAVE_CRYPTO,1,1.0,1.0,1.0,94
2-wise,63,3,DIAGNOSTIC = 1 AND HAVE_REPLICATION = 1 AND HAVE_CRYPTO = 1,CACHESIZE <= 48.0 AND PAGESIZE > 6.0 AND NOT HAVE_REPLICATION.1 AND CACHESIZE > 24.0,2,0.2666666666666666,0.1666666666666666,0.6666666666666666,94
3-wise,205,12,DIAGNOSTIC = 1 AND HAVE_REPLICATION = 1 AND HAVE_CRYPTO = 1,PAGESIZE <= 6.0 AND NOT PAGESIZE.1 AND NOT HAVE_STATISTICS.1 AND NOT HAVE_VERIFY.1,4,0.0869565217391304,0.0526315789473684,0.25,94
4-wise,440,31,DIAGNOSTIC = 1 AND HAVE_REPLICATION = 1 AND HAVE_CRYPTO = 1,PAGESIZE <= 24.0 AND HAVE_REPLICATION AND CACHESIZE <= 24.0 AND NOT HAVE_VERIFY,3,0.1428571428571428,0.2727272727272727,0.0967741935483871,94
full,2560,320,HAVE_SEQUENCE = 1 AND HAVE_STATISTICS = 1 AND HAVE_CRYPTO = 1,HAVE_SEQUENCE AND HAVE_STATISTICS AND HAVE_CRYPTO,0,1.0,1.0,1.0,95
random_2,32,3,HAVE_SEQUENCE = 1 AND HAVE_STATISTICS = 1 AND HAVE_CRYPTO = 1,PAGESIZE > 24.0 AND NOT HAVE_HASH.1,0,0.0,0.0,0.0,95
random_5,80,11,HAVE_SEQUENCE = 1 AND HAVE_STATISTICS = 1 AND HAVE_CRYPTO = 1,HAVE_STATISTICS AND HAVE_CRYPTO AND NOT HAVE_VERIFY AND CACHESIZE > 24.0,4,0.7368421052631579,0.875,0.6363636363636364,95
random_10,160,19,HAVE_SEQUENCE = 1 AND HAVE_STATISTICS = 1 AND HAVE_CRYPTO = 1,HAVE_SEQUENCE AND NOT HAVE_HASH.1 AND HAVE_STATISTICS AND HAVE_CRYPTO,0,1.0,1.0,1.0,95
random_20,320,31,HAVE_SEQUENCE = 1 AND HAVE_STATISTICS = 1 AND HAVE_CRYPTO = 1,HAVE_CRYPTO AND HAVE_SEQUENCE AND HAVE_STATISTICS,0,1.0,1.0,1.0,95
2-wise,57,4,HAVE_SEQUENCE = 1 AND HAVE_STATISTICS = 1 AND HAVE_CRYPTO = 1,NOT HAVE_STATISTICS AND NOT HAVE_STATISTICS.1 AND CACHESIZE > 48.0 AND NOT PAGESIZE.1,0,0.0,0.0,0.0,95
3-wise,202,11,HAVE_SEQUENCE = 1 AND HAVE_STATISTICS = 1 AND HAVE_CRYPTO = 1,HAVE_CRYPTO AND HAVE_STATISTICS AND HAVE_SEQUENCE,0,1.0,1.0,1.0,95
4-wise,434,28,HAVE_SEQUENCE = 1 AND HAVE_STATISTICS = 1 AND HAVE_CRYPTO = 1,HAVE_STATISTICS AND HAVE_SEQUENCE AND HAVE_CRYPTO,0,1.0,1.0,1.0,95
full,2560,280,HAVE_SEQUENCE = 1 AND HAVE_STATISTICS = 1 AND HAVE_VERIFY = 1,HAVE_SEQUENCE AND HAVE_VERIFY AND HAVE_STATISTICS,0,1.0,1.0,1.0,96
random_2,32,2,HAVE_SEQUENCE = 1 AND HAVE_STATISTICS = 1 AND HAVE_VERIFY = 1,NOT HAVE_STATISTICS AND CACHESIZE <= 48.0 AND CACHESIZE > 24.0 AND NOT HAVE_CRYPTO,0,0.0,0.0,0.0,96
random_5,80,13,HAVE_SEQUENCE = 1 AND HAVE_STATISTICS = 1 AND HAVE_VERIFY = 1,HAVE_VERIFY AND HAVE_STATISTICS AND HAVE_SEQUENCE,2,1.0,1.0,1.0,96
random_10,160,19,HAVE_SEQUENCE = 1 AND HAVE_STATISTICS = 1 AND HAVE_VERIFY = 1,NOT HAVE_CRYPTO,4,0.25,0.1529411764705882,0.6842105263157895,96
random_20,320,38,HAVE_SEQUENCE = 1 AND HAVE_STATISTICS = 1 AND HAVE_VERIFY = 1,HAVE_VERIFY AND HAVE_SEQUENCE AND HAVE_STATISTICS,0,1.0,1.0,1.0,96
2-wise,58,1,HAVE_SEQUENCE = 1 AND HAVE_STATISTICS = 1 AND HAVE_VERIFY = 1,HAVE_REPLICATION.1 AND HAVE_SEQUENCE,0,0.0,0.0,0.0,96
3-wise,202,9,HAVE_SEQUENCE = 1 AND HAVE_STATISTICS = 1 AND HAVE_VERIFY = 1,HAVE_SEQUENCE AND HAVE_STATISTICS AND HAVE_VERIFY,2,1.0,1.0,1.0,96
4-wise,441,35,HAVE_SEQUENCE = 1 AND HAVE_STATISTICS = 1 AND HAVE_VERIFY = 1,HAVE_STATISTICS AND HAVE_SEQUENCE AND HAVE_VERIFY,0,1.0,1.0,1.0,96
full,2560,320,HAVE_SEQUENCE = 1 AND HAVE_VERIFY = 1 AND HAVE_CRYPTO = 1,HAVE_SEQUENCE AND HAVE_CRYPTO AND HAVE_VERIFY,0,1.0,1.0,1.0,97
random_2,32,6,HAVE_SEQUENCE = 1 AND HAVE_VERIFY = 1 AND HAVE_CRYPTO = 1,CACHESIZE > 48.0 AND PAGESIZE > 2.5 AND HAVE_REPLICATION AND HAVE_VERIFY,3,0.5,1.0,0.3333333333333333,97
random_5,80,7,HAVE_SEQUENCE = 1 AND HAVE_VERIFY = 1 AND HAVE_CRYPTO = 1,CACHESIZE > 288.0 AND NOT HAVE_CRYPTO AND PAGESIZE <= 6.0 AND NOT HAVE_REPLICATION,0,0.0,0.0,0.0,97
random_10,160,24,HAVE_SEQUENCE = 1 AND HAVE_VERIFY = 1 AND HAVE_CRYPTO = 1,HAVE_SEQUENCE AND NOT HAVE_REPLICATION.1 AND NOT HAVE_HASH.1 AND CACHESIZE <= 24.0,3,0.3333333333333333,0.5,0.25,97
random_20,320,34,HAVE_SEQUENCE = 1 AND HAVE_VERIFY = 1 AND HAVE_CRYPTO = 1,PAGESIZE > 2.5 AND NOT DIAGNOSTIC,4,0.1927710843373494,0.1212121212121212,0.4705882352941176,97
2-wise,63,6,HAVE_SEQUENCE = 1 AND HAVE_VERIFY = 1 AND HAVE_CRYPTO = 1,CACHESIZE <= 24.0 AND NOT DIAGNOSTIC.1,3,0.0869565217391304,0.0588235294117647,0.1666666666666666,97
3-wise,199,12,HAVE_SEQUENCE = 1 AND HAVE_VERIFY = 1 AND HAVE_CRYPTO = 1,CACHESIZE > 48.0 AND NOT HAVE_STATISTICS AND NOT DIAGNOSTIC AND NOT DIAGNOSTIC.1,1,0.0512820512820512,0.037037037037037,0.0833333333333333,97
4-wise,443,29,HAVE_SEQUENCE = 1 AND HAVE_VERIFY = 1 AND HAVE_CRYPTO = 1,NOT DIAGNOSTIC AND HAVE_SEQUENCE AND HAVE_VERIFY AND NOT HAVE_REPLICATION,3,0.2222222222222222,0.3125,0.1724137931034483,97
full,2560,300,DIAGNOSTIC = 1 AND HAVE_SEQUENCE = 1 AND HAVE_STATISTICS = 1,HAVE_STATISTICS AND HAVE_SEQUENCE AND DIAGNOSTIC,0,1.0,1.0,1.0,98
random_2,32,6,DIAGNOSTIC = 1 AND HAVE_SEQUENCE = 1 AND HAVE_STATISTICS = 1,DIAGNOSTIC AND HAVE_SEQUENCE AND CACHESIZE > 48.0,3,0.3636363636363636,0.4,0.3333333333333333,98
random_5,80,8,DIAGNOSTIC = 1 AND HAVE_SEQUENCE = 1 AND HAVE_STATISTICS = 1,CACHESIZE > 288.0 AND HAVE_HASH.1 AND NOT HAVE_SEQUENCE,0,0.0,0.0,0.0,98
random_10,160,17,DIAGNOSTIC = 1 AND HAVE_SEQUENCE = 1 AND HAVE_STATISTICS = 1,DIAGNOSTIC AND HAVE_SEQUENCE AND HAVE_STATISTICS,0,1.0,1.0,1.0,98
random_20,320,35,DIAGNOSTIC = 1 AND HAVE_SEQUENCE = 1 AND HAVE_STATISTICS = 1,HAVE_STATISTICS AND DIAGNOSTIC AND HAVE_SEQUENCE,0,1.0,1.0,1.0,98
2-wise,58,5,DIAGNOSTIC = 1 AND HAVE_SEQUENCE = 1 AND HAVE_STATISTICS = 1,DIAGNOSTIC AND HAVE_SEQUENCE AND HAVE_STATISTICS,1,1.0,1.0,1.0,98
3-wise,204,12,DIAGNOSTIC = 1 AND HAVE_SEQUENCE = 1 AND HAVE_STATISTICS = 1,HAVE_SEQUENCE AND DIAGNOSTIC AND HAVE_STATISTICS,0,1.0,1.0,1.0,98
4-wise,436,39,DIAGNOSTIC = 1 AND HAVE_SEQUENCE = 1 AND HAVE_STATISTICS = 1,HAVE_STATISTICS AND HAVE_SEQUENCE AND DIAGNOSTIC,0,1.0,1.0,1.0,98
full,2560,320,HAVE_SEQUENCE = 1 AND HAVE_STATISTICS = 1 AND HAVE_CRYPTO = 1,HAVE_STATISTICS AND HAVE_CRYPTO AND HAVE_SEQUENCE,0,1.0,1.0,1.0,99
random_2,32,8,HAVE_SEQUENCE = 1 AND HAVE_STATISTICS = 1 AND HAVE_CRYPTO = 1,HAVE_CRYPTO AND HAVE_SEQUENCE AND CACHESIZE > 24.0 AND HAVE_STATISTICS,3,0.8571428571428571,1.0,0.75,99
random_5,80,12,HAVE_SEQUENCE = 1 AND HAVE_STATISTICS = 1 AND HAVE_CRYPTO = 1,NOT HAVE_SEQUENCE AND PAGESIZE <= 6.0 AND NOT HAVE_VERIFY,0,0.0,0.0,0.0,99
random_10,160,19,HAVE_SEQUENCE = 1 AND HAVE_STATISTICS = 1 AND HAVE_CRYPTO = 1,HAVE_STATISTICS AND HAVE_SEQUENCE AND NOT HAVE_HASH.1 AND NOT HAVE_REPLICATION.1,0,1.0,1.0,1.0,99
random_20,320,36,HAVE_SEQUENCE = 1 AND HAVE_STATISTICS = 1 AND HAVE_CRYPTO = 1,HAVE_STATISTICS AND HAVE_SEQUENCE AND HAVE_CRYPTO,0,1.0,1.0,1.0,99
2-wise,55,4,HAVE_SEQUENCE = 1 AND HAVE_STATISTICS = 1 AND HAVE_CRYPTO = 1,NOT HAVE_SEQUENCE AND CACHESIZE <= 24.0 AND PAGESIZE <= 12.0 AND PAGESIZE <= 4.5,0,0.0,0.0,0.0,99
3-wise,200,10,HAVE_SEQUENCE = 1 AND HAVE_STATISTICS = 1 AND HAVE_CRYPTO = 1,NOT HAVE_CRYPTO AND HAVE_SEQUENCE AND NOT HAVE_VERIFY.1 AND HAVE_REPLICATION.1,0,0.0,0.0,0.0,99
4-wise,454,32,HAVE_SEQUENCE = 1 AND HAVE_STATISTICS = 1 AND HAVE_CRYPTO = 1,HAVE_SEQUENCE AND HAVE_STATISTICS AND HAVE_CRYPTO,0,1.0,1.0,1.0,99
full,2560,320,HAVE_REPLICATION = 1 AND HAVE_VERIFY = 1 AND HAVE_CRYPTO = 1,HAVE_REPLICATION AND HAVE_VERIFY AND HAVE_CRYPTO,0,1.0,1.0,1.0,9
random_2,32,3,HAVE_REPLICATION = 1 AND HAVE_VERIFY = 1 AND HAVE_CRYPTO = 1,NOT HAVE_STATISTICS.1 AND HAVE_HASH AND HAVE_REPLICATION AND NOT DIAGNOSTIC,3,0.6666666666666666,0.6666666666666666,0.6666666666666666,9
random_5,80,9,HAVE_REPLICATION = 1 AND HAVE_VERIFY = 1 AND HAVE_CRYPTO = 1,NOT PAGESIZE.1 AND NOT HAVE_HASH.1 AND HAVE_HASH AND HAVE_VERIFY,4,0.6,0.5454545454545454,0.6666666666666666,9
random_10,160,20,HAVE_REPLICATION = 1 AND HAVE_VERIFY = 1 AND HAVE_CRYPTO = 1,PAGESIZE <= 2.5 AND NOT HAVE_HASH AND HAVE_VERIFY,4,0.2941176470588235,0.3571428571428571,0.25,9
random_20,320,42,HAVE_REPLICATION = 1 AND HAVE_VERIFY = 1 AND HAVE_CRYPTO = 1,HAVE_REPLICATION AND HAVE_VERIFY,4,0.8155339805825244,0.6885245901639344,1.0,9
2-wise,61,2,HAVE_REPLICATION = 1 AND HAVE_VERIFY = 1 AND HAVE_CRYPTO = 1,NOT HAVE_STATISTICS.1 AND PAGESIZE > 6.0 AND NOT HAVE_HASH.1 AND CACHESIZE <= 288.0,1,0.0952380952380952,0.0526315789473684,0.5,9
3-wise,203,7,HAVE_REPLICATION = 1 AND HAVE_VERIFY = 1 AND HAVE_CRYPTO = 1,NOT HAVE_STATISTICS.1 AND NOT HAVE_HASH.1 AND HAVE_VERIFY AND NOT HAVE_REPLICATION.1,3,0.6086956521739131,0.4375,1.0,9
4-wise,442,36,HAVE_REPLICATION = 1 AND HAVE_VERIFY = 1 AND HAVE_CRYPTO = 1,NOT DIAGNOSTIC,4,0.1273408239700375,0.0735930735930736,0.4722222222222222,9
