sampling_strategy,sample_size,sg_cardinality,sg_rule,best_rule,best_rule_idx,f1,precision,recall,seed
full,13485,1872,CUDA = 1 AND TextureMemory = 1 AND pixelPerThread = 3,pixelPerThread > 2.5 AND pixelPerThread <= 3.5 AND TextureMemory AND CUDA,0,1.0,1.0,1.0,0
random_2,62,17,CUDA = 1 AND Ldg = 1 AND TextureMemory = 1,NOT bs_256x4,3,0.4155844155844156,0.2666666666666666,0.9411764705882352,0
random_5,155,25,CUDA = 1 AND Ldg = 1 AND TextureMemory = 1,Ldg,0,1.0,1.0,1.0,0
random_10,310,58,CUDA = 1 AND Ldg = 1 AND TextureMemory = 1,padding > 112.0 AND pixelPerThread <= 3.5 AND NOT bs_128x2,1,0.340080971659919,0.2222222222222222,0.7241379310344828,0
random_20,620,97,CUDA = 1 AND TextureMemory = 1 AND pixelPerThread = 2,TextureMemory AND pixelPerThread <= 2.5 AND pixelPerThread > 1.5 AND CUDA,0,1.0,1.0,1.0,0
2-wise,380,65,CUDA = 1 AND Ldg = 1 AND TextureMemory = 1,Ldg,0,1.0,1.0,1.0,0
3-wise,2039,378,CUDA = 1 AND TextureMemory = 1 AND pixelPerThread = 1,pixelPerThread <= 1.5 AND TextureMemory AND CUDA,0,1.0,1.0,1.0,0
4-wise,6771,719,CUDA = 1 AND LocalMemory = 1 AND pixelPerThread = 1,pixelPerThread <= 1.5 AND LocalMemory AND NOT OpenCL,0,1.0,1.0,1.0,0
full,13485,2184,CUDA = 1 AND TextureMemory = 1 AND pixelPerThread = 1,pixelPerThread <= 1.5 AND TextureMemory AND CUDA,0,1.0,1.0,1.0,10
random_2,62,8,CUDA = 1 AND TextureMemory = 1 AND pixelPerThread = 1,pixelPerThread <= 1.5 AND TextureMemory,1,1.0,1.0,1.0,10
random_5,155,30,CUDA = 1 AND TextureMemory = 1 AND pixelPerThread = 1,pixelPerThread <= 1.5 AND TextureMemory,0,1.0,1.0,1.0,10
random_10,310,49,CUDA = 1 AND TextureMemory = 1 AND pixelPerThread = 1,pixelPerThread <= 1.5 AND TextureMemory AND CUDA,0,1.0,1.0,1.0,10
random_20,620,119,CUDA = 1 AND TextureMemory = 1 AND pixelPerThread = 1,pixelPerThread <= 1.5 AND TextureMemory AND NOT OpenCL,0,1.0,1.0,1.0,10
2-wise,368,73,CUDA = 1 AND TextureMemory = 1 AND pixelPerThread = 1,pixelPerThread <= 1.5 AND TextureMemory AND NOT OpenCL,0,1.0,1.0,1.0,10
3-wise,2051,359,CUDA = 1 AND TextureMemory = 1 AND pixelPerThread = 1,pixelPerThread <= 1.5 AND TextureMemory AND CUDA,0,1.0,1.0,1.0,10
4-wise,6743,1202,CUDA = 1 AND TextureMemory = 1 AND pixelPerThread = 1,pixelPerThread <= 1.5 AND TextureMemory AND NOT OpenCL,0,1.0,1.0,1.0,10
full,13485,2132,CUDA = 1 AND TextureMemory = 1 AND pixelPerThread = 2,TextureMemory AND pixelPerThread <= 2.5 AND pixelPerThread > 1.5 AND CUDA,0,1.0,1.0,1.0,11
random_2,62,9,CUDA = 1 AND TextureMemory = 1 AND pixelPerThread = 2,NOT bs_64x1 AND padding <= 240.0 AND pixelPerThread <= 3.5 AND NOT bs_32x16,4,0.3076923076923076,0.2352941176470588,0.4444444444444444,11
random_5,155,33,CUDA = 1 AND TextureMemory = 1 AND pixelPerThread = 2,pixelPerThread <= 2.5 AND pixelPerThread > 1.5 AND NOT OpenCL AND NOT bs_256x4,1,0.9166666666666666,0.8461538461538461,1.0,11
random_10,310,40,CUDA = 1 AND TextureMemory = 1 AND pixelPerThread = 2,pixelPerThread <= 2.5 AND bs_64x4,0,0.0,0.0,0.0,11
random_20,620,96,CUDA = 1 AND TextureMemory = 1 AND pixelPerThread = 2,TextureMemory AND pixelPerThread <= 3.5 AND pixelPerThread > 1.5 AND pixelPerThread <= 2.5,0,0.9948186528497408,0.9896907216494846,1.0,11
2-wise,376,65,CUDA = 1 AND TextureMemory = 1 AND pixelPerThread = 2,pixelPerThread <= 2.5 AND NOT bs_256x4 AND pixelPerThread > 1.5 AND TextureMemory,0,0.9763779527559054,1.0,0.953846153846154,11
3-wise,2037,366,CUDA = 1 AND TextureMemory = 1 AND pixelPerThread = 2,pixelPerThread <= 2.5 AND pixelPerThread > 1.5 AND CUDA AND TextureMemory,0,1.0,1.0,1.0,11
4-wise,6772,1191,CUDA = 1 AND TextureMemory = 1 AND pixelPerThread = 2,pixelPerThread <= 2.5 AND pixelPerThread > 1.5 AND TextureMemory AND CUDA,0,1.0,1.0,1.0,11
full,13485,2635,CUDA = 1 AND Linear2D = 1 AND TextureMemory = 1,Linear2D,0,1.0,1.0,1.0,12
random_2,62,9,CUDA = 1 AND Linear2D = 1 AND TextureMemory = 1,Linear2D,3,1.0,1.0,1.0,12
random_5,155,31,CUDA = 1 AND Linear2D = 1 AND TextureMemory = 1,Linear2D,0,1.0,1.0,1.0,12
random_10,310,61,CUDA = 1 AND Linear2D = 1 AND TextureMemory = 1,Linear2D,1,1.0,1.0,1.0,12
random_20,620,114,CUDA = 1 AND Linear2D = 1 AND TextureMemory = 1,Linear2D,0,1.0,1.0,1.0,12
2-wise,377,75,CUDA = 1 AND Linear2D = 1 AND TextureMemory = 1,Linear2D,0,1.0,1.0,1.0,12
3-wise,2040,450,CUDA = 1 AND Linear2D = 1 AND TextureMemory = 1,Linear2D,0,1.0,1.0,1.0,12
4-wise,6789,1529,CUDA = 1 AND Linear2D = 1 AND TextureMemory = 1,Linear2D,0,1.0,1.0,1.0,12
full,13485,2635,CUDA = 1 AND Linear1D = 1 AND TextureMemory = 1,Linear1D,0,1.0,1.0,1.0,13
random_2,62,6,CUDA = 1 AND Linear1D = 1 AND TextureMemory = 1,NOT bs_32x2 AND Linear1D,0,1.0,1.0,1.0,13
random_5,155,25,CUDA = 1 AND Linear1D = 1 AND TextureMemory = 1,Linear1D,0,1.0,1.0,1.0,13
random_10,310,64,CUDA = 1 AND Linear1D = 1 AND TextureMemory = 1,Linear1D,2,1.0,1.0,1.0,13
random_20,620,121,CUDA = 1 AND Linear1D = 1 AND TextureMemory = 1,Linear1D,0,1.0,1.0,1.0,13
2-wise,375,79,CUDA = 1 AND Linear1D = 1 AND TextureMemory = 1,Linear1D,1,1.0,1.0,1.0,13
3-wise,2043,446,CUDA = 1 AND Linear1D = 1 AND TextureMemory = 1,Linear1D,0,1.0,1.0,1.0,13
4-wise,6770,1522,CUDA = 1 AND Linear1D = 1 AND TextureMemory = 1,Linear1D,0,1.0,1.0,1.0,13
full,13485,1872,CUDA = 1 AND TextureMemory = 1 AND pixelPerThread = 4,pixelPerThread > 3.5 AND TextureMemory AND NOT OpenCL,0,1.0,1.0,1.0,14
random_2,62,8,CUDA = 1 AND TextureMemory = 1 AND pixelPerThread = 4,pixelPerThread > 3.5 AND TextureMemory AND padding > 16.0,3,1.0,1.0,1.0,14
random_5,155,20,CUDA = 1 AND TextureMemory = 1 AND pixelPerThread = 4,pixelPerThread > 3.5 AND TextureMemory AND NOT bs_64x2,0,1.0,1.0,1.0,14
random_10,310,48,CUDA = 1 AND TextureMemory = 1 AND pixelPerThread = 4,pixelPerThread > 3.5 AND TextureMemory,1,1.0,1.0,1.0,14
random_20,620,102,CUDA = 1 AND TextureMemory = 1 AND pixelPerThread = 4,pixelPerThread > 3.5 AND TextureMemory,0,1.0,1.0,1.0,14
2-wise,373,57,CUDA = 1 AND TextureMemory = 1 AND pixelPerThread = 4,pixelPerThread > 3.5 AND TextureMemory,0,1.0,1.0,1.0,14
3-wise,2045,330,CUDA = 1 AND TextureMemory = 1 AND pixelPerThread = 4,pixelPerThread > 3.5 AND TextureMemory AND CUDA,0,1.0,1.0,1.0,14
4-wise,6768,1152,CUDA = 1 AND TextureMemory = 1 AND pixelPerThread = 4,pixelPerThread > 3.5 AND TextureMemory AND NOT OpenCL,0,1.0,1.0,1.0,14
full,13485,2132,CUDA = 1 AND TextureMemory = 1 AND pixelPerThread = 2,pixelPerThread <= 2.5 AND pixelPerThread > 1.5 AND TextureMemory AND CUDA,0,1.0,1.0,1.0,15
random_2,62,4,CUDA = 1 AND TextureMemory = 1 AND pixelPerThread = 2,NOT bs_32x4 AND bs_32x8 AND pixelPerThread <= 2.5 AND CUDA,0,0.3333333333333333,0.5,0.25,15
random_5,155,25,CUDA = 1 AND TextureMemory = 1 AND pixelPerThread = 2,NOT bs_128x2 AND NOT bs_512x2 AND NOT bs_256x1 AND pixelPerThread <= 2.5,4,0.4210526315789473,0.2857142857142857,0.8,15
random_10,310,34,CUDA = 1 AND TextureMemory = 1 AND pixelPerThread = 2,NOT Linear1D AND NOT OpenCL AND padding <= 496.0 AND padding <= 432.0,4,0.2346368715083798,0.1448275862068965,0.6176470588235294,15
random_20,620,80,CUDA = 1 AND TextureMemory = 1 AND pixelPerThread = 2,pixelPerThread <= 2.5 AND pixelPerThread > 1.5 AND TextureMemory AND NOT OpenCL,0,1.0,1.0,1.0,15
2-wise,375,69,CUDA = 1 AND TextureMemory = 1 AND pixelPerThread = 2,pixelPerThread <= 2.5 AND pixelPerThread > 1.5 AND TextureMemory AND CUDA,0,1.0,1.0,1.0,15
3-wise,2039,370,CUDA = 1 AND TextureMemory = 1 AND pixelPerThread = 2,pixelPerThread <= 2.5 AND pixelPerThread > 1.5 AND TextureMemory AND CUDA,0,1.0,1.0,1.0,15
4-wise,6765,1187,CUDA = 1 AND TextureMemory = 1 AND pixelPerThread = 2,pixelPerThread <= 2.5 AND pixelPerThread > 1.5 AND TextureMemory AND CUDA,0,1.0,1.0,1.0,15
full,13485,1449,CUDA = 1 AND LocalMemory = 1 AND pixelPerThread = 1,pixelPerThread <= 1.5 AND LocalMemory AND CUDA,0,1.0,1.0,1.0,16
random_2,62,5,CUDA = 1 AND LocalMemory = 1 AND pixelPerThread = 1,pixelPerThread <= 1.5 AND LocalMemory AND NOT OpenCL,0,1.0,1.0,1.0,16
random_5,155,17,CUDA = 1 AND LocalMemory = 1 AND pixelPerThread = 1,pixelPerThread <= 1.5 AND LocalMemory AND CUDA,0,1.0,1.0,1.0,16
random_10,310,37,CUDA = 1 AND LocalMemory = 1 AND pixelPerThread = 1,pixelPerThread <= 1.5 AND LocalMemory AND CUDA,0,1.0,1.0,1.0,16
random_20,620,61,CUDA = 1 AND LocalMemory = 1 AND pixelPerThread = 1,pixelPerThread <= 1.5 AND LocalMemory AND NOT OpenCL,0,1.0,1.0,1.0,16
2-wise,382,50,CUDA = 1 AND LocalMemory = 1 AND pixelPerThread = 1,pixelPerThread <= 1.5 AND LocalMemory AND CUDA,0,1.0,1.0,1.0,16
3-wise,2062,232,CUDA = 1 AND LocalMemory = 1 AND pixelPerThread = 1,pixelPerThread <= 1.5 AND LocalMemory AND CUDA,0,1.0,1.0,1.0,16
4-wise,6799,754,CUDA = 1 AND LocalMemory = 1 AND pixelPerThread = 1,pixelPerThread <= 1.5 AND LocalMemory AND CUDA,0,1.0,1.0,1.0,16
full,13485,1872,CUDA = 1 AND TextureMemory = 1 AND pixelPerThread = 3,pixelPerThread > 2.5 AND pixelPerThread <= 3.5 AND TextureMemory AND NOT OpenCL,0,1.0,1.0,1.0,17
random_2,62,6,CUDA = 1 AND TextureMemory = 1 AND pixelPerThread = 3,padding <= 48.0 AND TextureMemory AND pixelPerThread > 2.5,1,0.5,1.0,0.3333333333333333,17
random_5,155,20,CUDA = 1 AND TextureMemory = 1 AND pixelPerThread = 3,Ldg AND pixelPerThread <= 3.5 AND pixelPerThread > 2.5,1,0.7499999999999999,1.0,0.6,17
random_10,310,56,CUDA = 1 AND TextureMemory = 1 AND pixelPerThread = 3,pixelPerThread > 2.5 AND pixelPerThread <= 3.5 AND TextureMemory AND CUDA,0,1.0,1.0,1.0,17
random_20,620,103,CUDA = 1 AND TextureMemory = 1 AND pixelPerThread = 3,pixelPerThread > 2.5 AND pixelPerThread <= 3.5 AND TextureMemory AND NOT OpenCL,0,1.0,1.0,1.0,17
2-wise,369,59,CUDA = 1 AND TextureMemory = 1 AND pixelPerThread = 3,CUDA AND pixelPerThread > 2.5 AND pixelPerThread <= 3.5 AND TextureMemory,0,1.0,1.0,1.0,17
3-wise,2054,350,CUDA = 1 AND TextureMemory = 1 AND pixelPerThread = 3,pixelPerThread > 2.5 AND pixelPerThread <= 3.5 AND TextureMemory AND CUDA,0,1.0,1.0,1.0,17
4-wise,6803,1157,CUDA = 1 AND TextureMemory = 1 AND pixelPerThread = 3,pixelPerThread > 2.5 AND pixelPerThread <= 3.5 AND TextureMemory AND CUDA,0,1.0,1.0,1.0,17
full,13485,2635,CUDA = 1 AND Linear1D = 1 AND TextureMemory = 1,Linear1D,0,1.0,1.0,1.0,18
random_2,62,11,CUDA = 1 AND Linear1D = 1 AND TextureMemory = 1,Linear1D,0,1.0,1.0,1.0,18
random_5,155,23,CUDA = 1 AND Linear1D = 1 AND TextureMemory = 1,Linear1D,0,1.0,1.0,1.0,18
random_10,310,54,CUDA = 1 AND Linear1D = 1 AND TextureMemory = 1,Linear1D,1,1.0,1.0,1.0,18
random_20,620,112,CUDA = 1 AND Linear1D = 1 AND TextureMemory = 1,Linear1D,0,1.0,1.0,1.0,18
2-wise,373,72,CUDA = 1 AND Linear1D = 1 AND TextureMemory = 1,Linear1D,0,1.0,1.0,1.0,18
3-wise,2034,437,CUDA = 1 AND Linear1D = 1 AND TextureMemory = 1,Linear1D,0,1.0,1.0,1.0,18
4-wise,6741,1522,CUDA = 1 AND Linear1D = 1 AND TextureMemory = 1,Linear1D,0,1.0,1.0,1.0,18
full,13485,1380,CUDA = 1 AND LocalMemory = 1 AND pixelPerThread = 2,LocalMemory AND pixelPerThread <= 2.5 AND pixelPerThread > 1.5 AND NOT OpenCL,0,1.0,1.0,1.0,19
random_2,62,8,CUDA = 1 AND LocalMemory = 1 AND pixelPerThread = 2,pixelPerThread <= 3.5 AND NOT bs_32x1 AND Linear1D AND padding <= 416.0,0,0.0,0.0,0.0,19
random_5,155,15,CUDA = 1 AND LocalMemory = 1 AND pixelPerThread = 2,NOT bs_512x1 AND NOT bs_32x16,3,0.1948051948051948,0.1079136690647482,1.0,19
random_10,310,32,CUDA = 1 AND LocalMemory = 1 AND pixelPerThread = 2,bs_32x32 AND padding > 80.0 AND TextureMemory AND LocalMemory,0,0.2222222222222222,1.0,0.125,19
random_20,620,55,CUDA = 1 AND LocalMemory = 1 AND pixelPerThread = 2,LocalMemory,3,0.3283582089552239,0.1964285714285714,1.0,19
2-wise,380,51,CUDA = 1 AND LocalMemory = 1 AND pixelPerThread = 2,LocalMemory AND CUDA AND pixelPerThread > 1.5 AND pixelPerThread <= 2.5,0,1.0,1.0,1.0,19
3-wise,2043,206,CUDA = 1 AND LocalMemory = 1 AND pixelPerThread = 2,pixelPerThread <= 2.5 AND LocalMemory AND pixelPerThread > 1.5 AND NOT OpenCL,0,1.0,1.0,1.0,19
4-wise,6801,671,CUDA = 1 AND LocalMemory = 1 AND pixelPerThread = 2,LocalMemory AND pixelPerThread <= 2.5 AND pixelPerThread > 1.5 AND NOT OpenCL,0,1.0,1.0,1.0,19
full,13485,2184,CUDA = 1 AND TextureMemory = 1 AND pixelPerThread = 1,pixelPerThread <= 1.5 AND TextureMemory AND NOT OpenCL,0,1.0,1.0,1.0,1
random_2,62,7,CUDA = 1 AND TextureMemory = 1 AND pixelPerThread = 1,NOT bs_128x1,3,0.2058823529411765,0.1147540983606557,1.0,1
random_5,155,25,CUDA = 1 AND TextureMemory = 1 AND pixelPerThread = 1,padding <= 464.0 AND NOT bs_32x32,0,0.3067484662576687,0.181159420289855,1.0,1
random_10,310,48,CUDA = 1 AND TextureMemory = 1 AND pixelPerThread = 1,padding <= 112.0,3,0.109375,0.0875,0.1458333333333333,1
random_20,620,96,CUDA = 1 AND TextureMemory = 1 AND pixelPerThread = 1,pixelPerThread <= 1.5 AND TextureMemory,0,1.0,1.0,1.0,1
2-wise,376,68,CUDA = 1 AND TextureMemory = 1 AND pixelPerThread = 1,NOT bs_1024x1 AND TextureMemory AND pixelPerThread <= 1.5,2,0.9242424242424244,0.953125,0.8970588235294118,1
3-wise,2031,383,CUDA = 1 AND TextureMemory = 1 AND pixelPerThread = 1,pixelPerThread <= 1.5 AND CUDA AND TextureMemory,0,1.0,1.0,1.0,1
4-wise,6792,1208,CUDA = 1 AND TextureMemory = 1 AND pixelPerThread = 1,pixelPerThread <= 1.5 AND CUDA AND TextureMemory,0,1.0,1.0,1.0,1
full,13485,2184,CUDA = 1 AND TextureMemory = 1 AND pixelPerThread = 1,pixelPerThread <= 1.5 AND TextureMemory AND CUDA,0,1.0,1.0,1.0,20
random_2,62,12,CUDA = 1 AND TextureMemory = 1 AND pixelPerThread = 1,pixelPerThread <= 1.5 AND TextureMemory,0,1.0,1.0,1.0,20
random_5,155,24,CUDA = 1 AND TextureMemory = 1 AND pixelPerThread = 1,pixelPerThread <= 1.5 AND TextureMemory,0,1.0,1.0,1.0,20
random_10,310,43,CUDA = 1 AND TextureMemory = 1 AND pixelPerThread = 1,pixelPerThread <= 1.5 AND TextureMemory,0,1.0,1.0,1.0,20
random_20,620,103,CUDA = 1 AND TextureMemory = 1 AND pixelPerThread = 1,pixelPerThread <= 1.5 AND TextureMemory AND NOT Array2D,0,1.0,1.0,1.0,20
2-wise,372,59,CUDA = 1 AND TextureMemory = 1 AND pixelPerThread = 1,pixelPerThread <= 1.5 AND TextureMemory AND CUDA,1,1.0,1.0,1.0,20
3-wise,2039,371,CUDA = 1 AND TextureMemory = 1 AND pixelPerThread = 1,pixelPerThread <= 1.5 AND TextureMemory AND CUDA,0,1.0,1.0,1.0,20
4-wise,6767,1201,CUDA = 1 AND TextureMemory = 1 AND pixelPerThread = 1,pixelPerThread <= 1.5 AND TextureMemory AND NOT OpenCL,0,1.0,1.0,1.0,20
full,13485,2132,CUDA = 1 AND TextureMemory = 1 AND pixelPerThread = 2,pixelPerThread <= 2.5 AND pixelPerThread > 1.5 AND TextureMemory AND CUDA,0,1.0,1.0,1.0,21
random_2,62,9,CUDA = 1 AND TextureMemory = 1 AND pixelPerThread = 2,padding <= 400.0 AND Linear2D AND pixelPerThread > 1.5 AND pixelPerThread <= 2.5,0,0.6153846153846153,1.0,0.4444444444444444,21
random_5,155,38,CUDA = 1 AND TextureMemory = 1 AND pixelPerThread = 2,pixelPerThread <= 2.5 AND pixelPerThread > 1.5 AND TextureMemory,0,1.0,1.0,1.0,21
random_10,310,49,CUDA = 1 AND TextureMemory = 1 AND pixelPerThread = 2,pixelPerThread <= 2.5 AND pixelPerThread > 1.5 AND TextureMemory AND NOT OpenCL,0,1.0,1.0,1.0,21
random_20,620,108,CUDA = 1 AND TextureMemory = 1 AND pixelPerThread = 2,pixelPerThread <= 2.5 AND pixelPerThread > 1.5 AND TextureMemory AND CUDA,0,1.0,1.0,1.0,21
2-wise,372,55,CUDA = 1 AND TextureMemory = 1 AND pixelPerThread = 2,pixelPerThread <= 2.5 AND pixelPerThread > 1.5 AND TextureMemory AND CUDA,0,1.0,1.0,1.0,21
3-wise,2060,376,CUDA = 1 AND TextureMemory = 1 AND pixelPerThread = 2,pixelPerThread <= 2.5 AND pixelPerThread > 1.5 AND TextureMemory AND NOT OpenCL,0,1.0,1.0,1.0,21
4-wise,6733,1184,CUDA = 1 AND TextureMemory = 1 AND pixelPerThread = 2,pixelPerThread <= 2.5 AND pixelPerThread > 1.5 AND TextureMemory AND CUDA,0,1.0,1.0,1.0,21
full,13485,1449,CUDA = 1 AND LocalMemory = 1 AND pixelPerThread = 1,pixelPerThread <= 1.5 AND LocalMemory AND NOT OpenCL,0,1.0,1.0,1.0,22
random_2,62,3,CUDA = 1 AND LocalMemory = 1 AND pixelPerThread = 1,pixelPerThread <= 1.5 AND LocalMemory,0,1.0,1.0,1.0,22
random_5,155,20,CUDA = 1 AND LocalMemory = 1 AND pixelPerThread = 1,pixelPerThread <= 1.5 AND LocalMemory AND NOT OpenCL,0,1.0,1.0,1.0,22
random_10,310,39,CUDA = 1 AND LocalMemory = 1 AND pixelPerThread = 1,pixelPerThread <= 1.5 AND LocalMemory AND CUDA,0,1.0,1.0,1.0,22
random_20,620,73,CUDA = 1 AND LocalMemory = 1 AND pixelPerThread = 1,pixelPerThread <= 1.5 AND LocalMemory AND CUDA,0,1.0,1.0,1.0,22
2-wise,379,39,CUDA = 1 AND LocalMemory = 1 AND pixelPerThread = 1,pixelPerThread <= 1.5 AND LocalMemory AND CUDA,0,1.0,1.0,1.0,22
3-wise,2055,231,CUDA = 1 AND LocalMemory = 1 AND pixelPerThread = 1,pixelPerThread <= 1.5 AND LocalMemory AND CUDA,0,1.0,1.0,1.0,22
4-wise,6734,722,CUDA = 1 AND LocalMemory = 1 AND pixelPerThread = 1,pixelPerThread <= 1.5 AND LocalMemory AND NOT OpenCL,0,1.0,1.0,1.0,22
full,13485,1449,CUDA = 1 AND LocalMemory = 1 AND pixelPerThread = 1,pixelPerThread <= 1.5 AND LocalMemory AND CUDA,0,1.0,1.0,1.0,23
random_2,62,5,CUDA = 1 AND LocalMemory = 1 AND pixelPerThread = 1,pixelPerThread <= 1.5 AND LocalMemory,3,1.0,1.0,1.0,23
random_5,155,19,CUDA = 1 AND LocalMemory = 1 AND pixelPerThread = 1,pixelPerThread <= 1.5 AND LocalMemory AND CUDA,1,1.0,1.0,1.0,23
random_10,310,41,CUDA = 1 AND LocalMemory = 1 AND pixelPerThread = 1,pixelPerThread <= 1.5 AND LocalMemory AND NOT OpenCL,0,1.0,1.0,1.0,23
random_20,620,81,CUDA = 1 AND LocalMemory = 1 AND pixelPerThread = 1,pixelPerThread <= 1.5 AND LocalMemory AND CUDA,0,1.0,1.0,1.0,23
2-wise,378,37,CUDA = 1 AND LocalMemory = 1 AND pixelPerThread = 1,pixelPerThread <= 1.5 AND LocalMemory AND NOT OpenCL,0,1.0,1.0,1.0,23
3-wise,2047,201,CUDA = 1 AND LocalMemory = 1 AND pixelPerThread = 1,pixelPerThread <= 1.5 AND LocalMemory AND NOT OpenCL,0,1.0,1.0,1.0,23
4-wise,6772,724,CUDA = 1 AND LocalMemory = 1 AND pixelPerThread = 1,pixelPerThread <= 1.5 AND LocalMemory AND NOT OpenCL,0,1.0,1.0,1.0,23
full,13485,1872,CUDA = 1 AND TextureMemory = 1 AND pixelPerThread = 4,pixelPerThread > 3.5 AND TextureMemory AND CUDA,0,1.0,1.0,1.0,24
random_2,62,11,CUDA = 1 AND TextureMemory = 1 AND pixelPerThread = 4,NOT bs_128x1 AND NOT bs_32x16 AND pixelPerThread > 3.5 AND TextureMemory,1,0.9523809523809524,1.0,0.9090909090909092,24
random_5,155,32,CUDA = 1 AND TextureMemory = 1 AND pixelPerThread = 4,pixelPerThread > 3.5 AND TextureMemory,2,1.0,1.0,1.0,24
random_10,310,41,CUDA = 1 AND TextureMemory = 1 AND pixelPerThread = 4,pixelPerThread > 3.5 AND TextureMemory,0,1.0,1.0,1.0,24
random_20,620,71,CUDA = 1 AND TextureMemory = 1 AND pixelPerThread = 4,pixelPerThread > 3.5 AND TextureMemory,0,1.0,1.0,1.0,24
2-wise,377,44,CUDA = 1 AND TextureMemory = 1 AND pixelPerThread = 4,pixelPerThread > 3.5 AND TextureMemory AND NOT OpenCL,0,1.0,1.0,1.0,24
3-wise,2027,351,CUDA = 1 AND TextureMemory = 1 AND pixelPerThread = 4,pixelPerThread > 3.5 AND TextureMemory AND CUDA,0,1.0,1.0,1.0,24
4-wise,6785,1156,CUDA = 1 AND TextureMemory = 1 AND pixelPerThread = 4,pixelPerThread > 3.5 AND TextureMemory AND CUDA,0,1.0,1.0,1.0,24
full,13485,1380,CUDA = 1 AND LocalMemory = 1 AND pixelPerThread = 2,LocalMemory AND pixelPerThread <= 2.5 AND pixelPerThread > 1.5 AND CUDA,0,1.0,1.0,1.0,25
random_2,62,2,CUDA = 1 AND LocalMemory = 1 AND pixelPerThread = 2,pixelPerThread <= 1.5 AND NOT bs_64x16 AND NOT Ldg AND NOT bs_64x1,0,0.0,0.0,0.0,25
random_5,155,17,CUDA = 1 AND LocalMemory = 1 AND pixelPerThread = 2,LocalMemory AND pixelPerThread <= 2.5 AND pixelPerThread > 1.5 AND NOT OpenCL,0,1.0,1.0,1.0,25
random_10,310,32,CUDA = 1 AND LocalMemory = 1 AND pixelPerThread = 2,pixelPerThread <= 2.5 AND pixelPerThread > 1.5 AND LocalMemory AND CUDA,0,1.0,1.0,1.0,25
random_20,620,60,CUDA = 1 AND LocalMemory = 1 AND pixelPerThread = 2,pixelPerThread <= 2.5 AND pixelPerThread > 1.5 AND LocalMemory AND NOT OpenCL,0,1.0,1.0,1.0,25
2-wise,375,40,CUDA = 1 AND LocalMemory = 1 AND pixelPerThread = 2,LocalMemory AND pixelPerThread <= 2.5 AND pixelPerThread > 1.5 AND CUDA,0,1.0,1.0,1.0,25
3-wise,2048,206,CUDA = 1 AND LocalMemory = 1 AND pixelPerThread = 2,LocalMemory AND pixelPerThread <= 2.5 AND pixelPerThread > 1.5 AND NOT OpenCL,0,1.0,1.0,1.0,25
4-wise,6773,653,CUDA = 1 AND LocalMemory = 1 AND pixelPerThread = 2,LocalMemory AND pixelPerThread <= 2.5 AND pixelPerThread > 1.5 AND CUDA,0,1.0,1.0,1.0,25
full,13485,1380,CUDA = 1 AND LocalMemory = 1 AND pixelPerThread = 2,LocalMemory AND pixelPerThread <= 2.5 AND pixelPerThread > 1.5 AND NOT OpenCL,0,1.0,1.0,1.0,26
random_2,62,9,CUDA = 1 AND LocalMemory = 1 AND pixelPerThread = 2,pixelPerThread <= 2.5 AND padding > 432.0,3,0.5,1.0,0.3333333333333333,26
random_5,155,15,CUDA = 1 AND LocalMemory = 1 AND pixelPerThread = 2,pixelPerThread <= 2.5 AND pixelPerThread > 1.5 AND LocalMemory AND NOT OpenCL,0,1.0,1.0,1.0,26
random_10,310,35,CUDA = 1 AND LocalMemory = 1 AND pixelPerThread = 2,LocalMemory AND pixelPerThread <= 2.5 AND pixelPerThread > 1.5 AND NOT OpenCL,0,1.0,1.0,1.0,26
random_20,620,70,CUDA = 1 AND LocalMemory = 1 AND pixelPerThread = 2,LocalMemory AND pixelPerThread <= 2.5 AND pixelPerThread > 1.5 AND NOT OpenCL,0,1.0,1.0,1.0,26
2-wise,372,36,CUDA = 1 AND LocalMemory = 1 AND pixelPerThread = 2,pixelPerThread > 1.5 AND pixelPerThread <= 2.5 AND LocalMemory AND CUDA,0,1.0,1.0,1.0,26
3-wise,2054,206,CUDA = 1 AND LocalMemory = 1 AND pixelPerThread = 2,LocalMemory AND pixelPerThread <= 2.5 AND pixelPerThread > 1.5 AND NOT OpenCL,0,1.0,1.0,1.0,26
4-wise,6776,623,CUDA = 1 AND LocalMemory = 1 AND pixelPerThread = 2,LocalMemory AND pixelPerThread <= 2.5 AND pixelPerThread > 1.5 AND NOT OpenCL,0,1.0,1.0,1.0,26
full,13485,2132,CUDA = 1 AND TextureMemory = 1 AND pixelPerThread = 2,pixelPerThread <= 2.5 AND pixelPerThread > 1.5 AND TextureMemory AND CUDA,0,1.0,1.0,1.0,27
random_2,62,10,CUDA = 1 AND TextureMemory = 1 AND pixelPerThread = 2,Linear1D AND padding <= 304.0 AND NOT bs_512x1,0,0.5714285714285715,1.0,0.4,27
random_5,155,15,CUDA = 1 AND TextureMemory = 1 AND pixelPerThread = 2,TextureMemory AND pixelPerThread <= 2.5 AND pixelPerThread > 1.5,1,1.0,1.0,1.0,27
random_10,310,65,CUDA = 1 AND TextureMemory = 1 AND pixelPerThread = 2,pixelPerThread <= 2.5 AND pixelPerThread > 1.5 AND TextureMemory AND NOT OpenCL,0,1.0,1.0,1.0,27
random_20,620,107,CUDA = 1 AND TextureMemory = 1 AND pixelPerThread = 2,TextureMemory AND pixelPerThread <= 2.5 AND pixelPerThread > 1.5 AND NOT OpenCL,0,1.0,1.0,1.0,27
2-wise,379,59,CUDA = 1 AND TextureMemory = 1 AND pixelPerThread = 2,pixelPerThread <= 2.5 AND pixelPerThread > 1.5 AND TextureMemory AND NOT OpenCL,0,1.0,1.0,1.0,27
3-wise,2051,348,CUDA = 1 AND TextureMemory = 1 AND pixelPerThread = 2,pixelPerThread <= 2.5 AND pixelPerThread > 1.5 AND TextureMemory AND CUDA,0,1.0,1.0,1.0,27
4-wise,6815,1209,CUDA = 1 AND TextureMemory = 1 AND pixelPerThread = 2,pixelPerThread <= 2.5 AND pixelPerThread > 1.5 AND TextureMemory AND CUDA,0,1.0,1.0,1.0,27
full,13485,2184,CUDA = 1 AND TextureMemory = 1 AND pixelPerThread = 1,pixelPerThread <= 1.5 AND TextureMemory AND NOT OpenCL,0,1.0,1.0,1.0,28
random_2,62,8,CUDA = 1 AND TextureMemory = 1 AND pixelPerThread = 1,pixelPerThread <= 1.5 AND TextureMemory,0,1.0,1.0,1.0,28
random_5,155,27,CUDA = 1 AND TextureMemory = 1 AND pixelPerThread = 1,pixelPerThread <= 1.5 AND TextureMemory,1,1.0,1.0,1.0,28
random_10,310,50,CUDA = 1 AND TextureMemory = 1 AND pixelPerThread = 1,pixelPerThread <= 1.5 AND TextureMemory AND NOT Array2D,0,1.0,1.0,1.0,28
random_20,620,96,CUDA = 1 AND TextureMemory = 1 AND pixelPerThread = 1,pixelPerThread <= 1.5 AND TextureMemory AND NOT Array2D,0,1.0,1.0,1.0,28
2-wise,380,76,CUDA = 1 AND TextureMemory = 1 AND pixelPerThread = 1,pixelPerThread <= 1.5 AND TextureMemory AND NOT OpenCL,0,1.0,1.0,1.0,28
3-wise,2037,389,CUDA = 1 AND TextureMemory = 1 AND pixelPerThread = 1,pixelPerThread <= 1.5 AND TextureMemory AND NOT OpenCL,0,1.0,1.0,1.0,28
4-wise,6779,1209,CUDA = 1 AND TextureMemory = 1 AND pixelPerThread = 1,pixelPerThread <= 1.5 AND TextureMemory AND CUDA,0,1.0,1.0,1.0,28
full,13485,2635,CUDA = 1 AND Linear2D = 1 AND TextureMemory = 1,Linear2D,0,1.0,1.0,1.0,29
random_2,62,9,CUDA = 1 AND Linear2D = 1 AND TextureMemory = 1,NOT bs_64x2 AND NOT bs_64x16,3,0.2647058823529412,0.1525423728813559,1.0,29
random_5,155,27,CUDA = 1 AND Linear2D = 1 AND TextureMemory = 1,padding > 432.0 AND NOT bs_64x2 AND NOT bs_64x16 AND NOT bs_32x4,2,0.0425531914893617,0.05,0.037037037037037,29
random_10,310,53,CUDA = 1 AND Linear2D = 1 AND TextureMemory = 1,pixelPerThread <= 2.5,3,0.2678571428571428,0.175438596491228,0.5660377358490566,29
random_20,620,116,CUDA = 1 AND Linear2D = 1 AND TextureMemory = 1,NOT bs_32x2,1,0.3,0.1797945205479452,0.9051724137931034,29
2-wise,373,74,CUDA = 1 AND Linear2D = 1 AND TextureMemory = 1,NOT bs_512x2 AND NOT bs_64x16 AND NOT Array2D AND NOT bs_128x1,2,0.3573333333333333,0.2225913621262458,0.9054054054054054,29
3-wise,2042,443,CUDA = 1 AND Linear2D = 1 AND TextureMemory = 1,Linear2D,0,1.0,1.0,1.0,29
4-wise,6783,1539,CUDA = 1 AND Linear2D = 1 AND TextureMemory = 1,Linear2D,0,1.0,1.0,1.0,29
full,13485,2132,CUDA = 1 AND TextureMemory = 1 AND pixelPerThread = 2,pixelPerThread <= 2.5 AND pixelPerThread > 1.5 AND TextureMemory AND CUDA,0,1.0,1.0,1.0,2
random_2,62,9,CUDA = 1 AND TextureMemory = 1 AND pixelPerThread = 2,TextureMemory AND padding > 80.0 AND pixelPerThread <= 2.5 AND NOT bs_256x2,0,0.8888888888888888,0.8888888888888888,0.8888888888888888,2
random_5,155,25,CUDA = 1 AND TextureMemory = 1 AND pixelPerThread = 2,NOT bs_64x8 AND pixelPerThread > 1.5 AND pixelPerThread <= 2.5 AND TextureMemory,0,0.9361702127659576,1.0,0.88,2
random_10,310,45,CUDA = 1 AND TextureMemory = 1 AND pixelPerThread = 2,pixelPerThread <= 2.5 AND TextureMemory AND pixelPerThread > 1.5 AND CUDA,0,1.0,1.0,1.0,2
random_20,620,94,CUDA = 1 AND TextureMemory = 1 AND pixelPerThread = 2,pixelPerThread <= 2.5 AND pixelPerThread > 1.5 AND TextureMemory AND NOT OpenCL,0,1.0,1.0,1.0,2
2-wise,375,63,CUDA = 1 AND TextureMemory = 1 AND pixelPerThread = 2,NOT Linear1D AND pixelPerThread > 1.5 AND pixelPerThread <= 2.5 AND TextureMemory,2,0.6938775510204082,0.9714285714285714,0.5396825396825397,2
3-wise,2044,362,CUDA = 1 AND TextureMemory = 1 AND pixelPerThread = 2,pixelPerThread <= 2.5 AND pixelPerThread > 1.5 AND TextureMemory AND CUDA,0,1.0,1.0,1.0,2
4-wise,6795,1196,CUDA = 1 AND TextureMemory = 1 AND pixelPerThread = 2,pixelPerThread <= 2.5 AND pixelPerThread > 1.5 AND TextureMemory AND CUDA,0,1.0,1.0,1.0,2
full,13485,1872,CUDA = 1 AND TextureMemory = 1 AND pixelPerThread = 4,pixelPerThread > 3.5 AND TextureMemory AND NOT OpenCL,0,1.0,1.0,1.0,30
random_2,62,9,CUDA = 1 AND TextureMemory = 1 AND pixelPerThread = 4,pixelPerThread > 3.5 AND CUDA AND NOT bs_32x16,1,1.0,1.0,1.0,30
random_5,155,25,CUDA = 1 AND TextureMemory = 1 AND pixelPerThread = 4,pixelPerThread > 3.5 AND TextureMemory,1,1.0,1.0,1.0,30
random_10,310,46,CUDA = 1 AND TextureMemory = 1 AND pixelPerThread = 4,pixelPerThread > 3.5 AND TextureMemory,0,1.0,1.0,1.0,30
random_20,620,88,CUDA = 1 AND TextureMemory = 1 AND pixelPerThread = 4,pixelPerThread > 3.5 AND TextureMemory,0,1.0,1.0,1.0,30
2-wise,375,48,CUDA = 1 AND TextureMemory = 1 AND pixelPerThread = 4,pixelPerThread > 3.5 AND TextureMemory AND NOT OpenCL,0,1.0,1.0,1.0,30
3-wise,2060,315,CUDA = 1 AND TextureMemory = 1 AND pixelPerThread = 4,pixelPerThread > 3.5 AND TextureMemory AND CUDA,0,1.0,1.0,1.0,30
4-wise,6803,1160,CUDA = 1 AND TextureMemory = 1 AND pixelPerThread = 4,pixelPerThread > 3.5 AND TextureMemory AND CUDA,0,1.0,1.0,1.0,30
full,13485,2132,CUDA = 1 AND TextureMemory = 1 AND pixelPerThread = 2,pixelPerThread <= 2.5 AND pixelPerThread > 1.5 AND TextureMemory AND NOT OpenCL,0,1.0,1.0,1.0,31
random_2,62,7,CUDA = 1 AND TextureMemory = 1 AND pixelPerThread = 2,NOT bs_256x4 AND NOT bs_128x1,3,0.2121212121212121,0.1186440677966101,1.0,31
random_5,155,30,CUDA = 1 AND TextureMemory = 1 AND pixelPerThread = 2,pixelPerThread > 1.5 AND pixelPerThread <= 2.5 AND TextureMemory AND NOT OpenCL,0,1.0,1.0,1.0,31
random_10,310,47,CUDA = 1 AND TextureMemory = 1 AND pixelPerThread = 2,TextureMemory AND pixelPerThread <= 2.5 AND pixelPerThread > 1.5 AND CUDA,0,1.0,1.0,1.0,31
random_20,620,87,CUDA = 1 AND TextureMemory = 1 AND pixelPerThread = 2,pixelPerThread <= 2.5 AND pixelPerThread > 1.5 AND TextureMemory AND NOT OpenCL,0,1.0,1.0,1.0,31
2-wise,373,56,CUDA = 1 AND TextureMemory = 1 AND pixelPerThread = 2,TextureMemory AND pixelPerThread > 1.5 AND pixelPerThread <= 2.5 AND CUDA,0,1.0,1.0,1.0,31
3-wise,2040,351,CUDA = 1 AND TextureMemory = 1 AND pixelPerThread = 2,pixelPerThread <= 2.5 AND pixelPerThread > 1.5 AND TextureMemory AND NOT OpenCL,0,1.0,1.0,1.0,31
4-wise,6775,1192,CUDA = 1 AND TextureMemory = 1 AND pixelPerThread = 2,pixelPerThread <= 2.5 AND pixelPerThread > 1.5 AND TextureMemory AND CUDA,0,1.0,1.0,1.0,31
full,13485,1380,CUDA = 1 AND LocalMemory = 1 AND pixelPerThread = 2,LocalMemory AND pixelPerThread <= 2.5 AND pixelPerThread > 1.5 AND NOT OpenCL,0,1.0,1.0,1.0,32
random_2,62,4,CUDA = 1 AND LocalMemory = 1 AND pixelPerThread = 2,pixelPerThread <= 3.5 AND pixelPerThread > 1.5 AND padding > 144.0 AND LocalMemory,4,0.888888888888889,0.8,1.0,32
random_5,155,15,CUDA = 1 AND LocalMemory = 1 AND pixelPerThread = 2,pixelPerThread <= 2.5 AND pixelPerThread > 1.5 AND LocalMemory AND NOT OpenCL,0,1.0,1.0,1.0,32
random_10,310,43,CUDA = 1 AND LocalMemory = 1 AND pixelPerThread = 2,LocalMemory AND pixelPerThread <= 2.5 AND pixelPerThread > 1.5 AND NOT OpenCL,0,1.0,1.0,1.0,32
random_20,620,71,CUDA = 1 AND LocalMemory = 1 AND pixelPerThread = 2,LocalMemory AND pixelPerThread <= 2.5 AND pixelPerThread > 1.5 AND NOT OpenCL,0,1.0,1.0,1.0,32
2-wise,372,36,CUDA = 1 AND LocalMemory = 1 AND pixelPerThread = 2,LocalMemory AND pixelPerThread <= 2.5 AND pixelPerThread > 1.5 AND CUDA,0,1.0,1.0,1.0,32
3-wise,2072,200,CUDA = 1 AND LocalMemory = 1 AND pixelPerThread = 2,LocalMemory AND pixelPerThread <= 2.5 AND pixelPerThread > 1.5 AND CUDA,0,1.0,1.0,1.0,32
4-wise,6762,638,CUDA = 1 AND LocalMemory = 1 AND pixelPerThread = 2,LocalMemory AND pixelPerThread <= 2.5 AND pixelPerThread > 1.5 AND NOT OpenCL,0,1.0,1.0,1.0,32
full,13485,1872,CUDA = 1 AND TextureMemory = 1 AND pixelPerThread = 3,pixelPerThread > 2.5 AND pixelPerThread <= 3.5 AND TextureMemory AND NOT OpenCL,0,1.0,1.0,1.0,33
random_2,62,8,CUDA = 1 AND TextureMemory = 1 AND pixelPerThread = 3,pixelPerThread <= 2.5 AND NOT bs_64x8 AND padding > 192.0 AND NOT bs_32x32,0,0.0,0.0,0.0,33
random_5,155,22,CUDA = 1 AND TextureMemory = 1 AND pixelPerThread = 3,pixelPerThread > 2.5 AND pixelPerThread <= 3.5 AND TextureMemory AND CUDA,0,1.0,1.0,1.0,33
random_10,310,44,CUDA = 1 AND TextureMemory = 1 AND pixelPerThread = 3,pixelPerThread > 2.5 AND pixelPerThread <= 3.5 AND TextureMemory AND CUDA,0,1.0,1.0,1.0,33
random_20,620,90,CUDA = 1 AND TextureMemory = 1 AND pixelPerThread = 3,pixelPerThread > 2.5 AND pixelPerThread <= 3.5 AND TextureMemory AND NOT OpenCL,0,1.0,1.0,1.0,33
2-wise,381,45,CUDA = 1 AND TextureMemory = 1 AND pixelPerThread = 3,pixelPerThread > 2.5 AND pixelPerThread <= 3.5 AND TextureMemory AND CUDA,0,1.0,1.0,1.0,33
3-wise,2070,322,CUDA = 1 AND TextureMemory = 1 AND pixelPerThread = 3,pixelPerThread > 2.5 AND pixelPerThread <= 3.5 AND TextureMemory AND CUDA,0,1.0,1.0,1.0,33
4-wise,6773,1143,CUDA = 1 AND TextureMemory = 1 AND pixelPerThread = 3,pixelPerThread > 2.5 AND pixelPerThread <= 3.5 AND TextureMemory AND CUDA,0,1.0,1.0,1.0,33
full,13485,2635,CUDA = 1 AND Ldg = 1 AND TextureMemory = 1,Ldg,0,1.0,1.0,1.0,34
random_2,62,14,CUDA = 1 AND Ldg = 1 AND TextureMemory = 1,Ldg,0,1.0,1.0,1.0,34
random_5,155,24,CUDA = 1 AND Ldg = 1 AND TextureMemory = 1,Ldg,2,1.0,1.0,1.0,34
random_10,310,64,CUDA = 1 AND Ldg = 1 AND TextureMemory = 1,Ldg,1,1.0,1.0,1.0,34
random_20,620,119,CUDA = 1 AND Ldg = 1 AND TextureMemory = 1,Ldg,0,1.0,1.0,1.0,34
2-wise,373,81,CUDA = 1 AND Ldg = 1 AND TextureMemory = 1,Ldg,0,1.0,1.0,1.0,34
3-wise,2057,448,CUDA = 1 AND Ldg = 1 AND TextureMemory = 1,Ldg,0,1.0,1.0,1.0,34
4-wise,6800,1543,CUDA = 1 AND Ldg = 1 AND TextureMemory = 1,Ldg,0,1.0,1.0,1.0,34
full,13485,1380,CUDA = 1 AND LocalMemory = 1 AND pixelPerThread = 2,LocalMemory AND pixelPerThread <= 2.5 AND pixelPerThread > 1.5 AND CUDA,0,1.0,1.0,1.0,35
random_2,62,8,CUDA = 1 AND LocalMemory = 1 AND pixelPerThread = 2,pixelPerThread > 2.5 AND padding <= 48.0 AND NOT bs_256x1,0,0.0,0.0,0.0,35
random_5,155,16,CUDA = 1 AND LocalMemory = 1 AND pixelPerThread = 2,pixelPerThread > 1.5 AND CUDA AND pixelPerThread <= 2.5 AND LocalMemory,0,1.0,1.0,1.0,35
random_10,310,21,CUDA = 1 AND LocalMemory = 1 AND pixelPerThread = 2,padding <= 400.0 AND NOT bs_32x16,1,0.0905349794238683,0.0495495495495495,0.5238095238095238,35
random_20,620,55,CUDA = 1 AND LocalMemory = 1 AND pixelPerThread = 2,pixelPerThread <= 2.5 AND LocalMemory AND pixelPerThread > 1.5 AND CUDA,0,1.0,1.0,1.0,35
2-wise,369,33,CUDA = 1 AND LocalMemory = 1 AND pixelPerThread = 2,LocalMemory AND pixelPerThread <= 2.5 AND pixelPerThread > 1.5 AND CUDA,0,1.0,1.0,1.0,35
3-wise,2028,181,CUDA = 1 AND LocalMemory = 1 AND pixelPerThread = 2,LocalMemory AND pixelPerThread <= 2.5 AND pixelPerThread > 1.5 AND NOT OpenCL,0,1.0,1.0,1.0,35
4-wise,6795,661,CUDA = 1 AND LocalMemory = 1 AND pixelPerThread = 2,LocalMemory AND pixelPerThread <= 2.5 AND pixelPerThread > 1.5 AND CUDA,0,1.0,1.0,1.0,35
full,13485,2184,CUDA = 1 AND TextureMemory = 1 AND pixelPerThread = 1,pixelPerThread <= 1.5 AND TextureMemory AND CUDA,0,1.0,1.0,1.0,36
random_2,62,11,CUDA = 1 AND TextureMemory = 1 AND pixelPerThread = 1,pixelPerThread <= 1.5 AND TextureMemory,0,1.0,1.0,1.0,36
random_5,155,19,CUDA = 1 AND TextureMemory = 1 AND pixelPerThread = 1,pixelPerThread <= 1.5 AND TextureMemory AND NOT OpenCL,0,1.0,1.0,1.0,36
random_10,310,52,CUDA = 1 AND TextureMemory = 1 AND pixelPerThread = 1,pixelPerThread <= 1.5 AND TextureMemory AND CUDA,0,1.0,1.0,1.0,36
random_20,620,105,CUDA = 1 AND TextureMemory = 1 AND pixelPerThread = 1,pixelPerThread <= 1.5 AND TextureMemory AND NOT OpenCL,0,1.0,1.0,1.0,36
2-wise,374,54,CUDA = 1 AND TextureMemory = 1 AND pixelPerThread = 1,pixelPerThread <= 1.5 AND TextureMemory AND CUDA,0,1.0,1.0,1.0,36
3-wise,2050,391,CUDA = 1 AND TextureMemory = 1 AND pixelPerThread = 1,pixelPerThread <= 1.5 AND TextureMemory AND CUDA,0,1.0,1.0,1.0,36
4-wise,6778,1223,CUDA = 1 AND TextureMemory = 1 AND pixelPerThread = 1,pixelPerThread <= 1.5 AND TextureMemory AND CUDA,0,1.0,1.0,1.0,36
full,13485,1380,CUDA = 1 AND LocalMemory = 1 AND pixelPerThread = 2,LocalMemory AND pixelPerThread <= 2.5 AND pixelPerThread > 1.5 AND NOT OpenCL,0,1.0,1.0,1.0,37
random_2,62,10,CUDA = 1 AND LocalMemory = 1 AND pixelPerThread = 2,LocalMemory AND pixelPerThread <= 2.5 AND pixelPerThread > 1.5 AND NOT OpenCL,0,1.0,1.0,1.0,37
random_5,155,16,CUDA = 1 AND LocalMemory = 1 AND pixelPerThread = 2,LocalMemory AND pixelPerThread <= 2.5 AND pixelPerThread > 1.5 AND NOT OpenCL,0,1.0,1.0,1.0,37
random_10,310,26,CUDA = 1 AND LocalMemory = 1 AND pixelPerThread = 2,LocalMemory AND pixelPerThread <= 2.5 AND pixelPerThread > 1.5 AND NOT OpenCL,0,1.0,1.0,1.0,37
random_20,620,55,CUDA = 1 AND LocalMemory = 1 AND pixelPerThread = 2,LocalMemory AND pixelPerThread <= 2.5 AND pixelPerThread > 1.5 AND NOT OpenCL,0,1.0,1.0,1.0,37
2-wise,374,32,CUDA = 1 AND LocalMemory = 1 AND pixelPerThread = 2,LocalMemory AND pixelPerThread <= 2.5 AND pixelPerThread > 1.5 AND NOT OpenCL,0,1.0,1.0,1.0,37
3-wise,2043,194,CUDA = 1 AND LocalMemory = 1 AND pixelPerThread = 2,LocalMemory AND pixelPerThread <= 2.5 AND pixelPerThread > 1.5 AND NOT OpenCL,0,1.0,1.0,1.0,37
4-wise,6786,634,CUDA = 1 AND LocalMemory = 1 AND pixelPerThread = 2,LocalMemory AND pixelPerThread <= 2.5 AND pixelPerThread > 1.5 AND NOT OpenCL,0,1.0,1.0,1.0,37
full,13485,2184,CUDA = 1 AND TextureMemory = 1 AND pixelPerThread = 1,pixelPerThread <= 1.5 AND TextureMemory AND CUDA,0,1.0,1.0,1.0,38
random_2,62,5,CUDA = 1 AND TextureMemory = 1 AND pixelPerThread = 1,pixelPerThread <= 1.5 AND TextureMemory,2,1.0,1.0,1.0,38
random_5,155,32,CUDA = 1 AND TextureMemory = 1 AND pixelPerThread = 1,pixelPerThread <= 1.5 AND TextureMemory,0,1.0,1.0,1.0,38
random_10,310,46,CUDA = 1 AND TextureMemory = 1 AND pixelPerThread = 1,pixelPerThread <= 1.5 AND TextureMemory AND NOT OpenCL,0,1.0,1.0,1.0,38
random_20,620,95,CUDA = 1 AND TextureMemory = 1 AND pixelPerThread = 1,pixelPerThread <= 1.5 AND TextureMemory AND NOT OpenCL,0,1.0,1.0,1.0,38
2-wise,382,72,CUDA = 1 AND TextureMemory = 1 AND pixelPerThread = 1,pixelPerThread <= 1.5 AND TextureMemory AND NOT OpenCL,0,1.0,1.0,1.0,38
3-wise,2031,329,CUDA = 1 AND TextureMemory = 1 AND pixelPerThread = 1,pixelPerThread <= 1.5 AND TextureMemory AND CUDA,0,1.0,1.0,1.0,38
4-wise,6791,1214,CUDA = 1 AND TextureMemory = 1 AND pixelPerThread = 1,pixelPerThread <= 1.5 AND TextureMemory AND CUDA,0,1.0,1.0,1.0,38
full,13485,1872,CUDA = 1 AND TextureMemory = 1 AND pixelPerThread = 3,NOT Array2D AND NOT bs_32x32 AND TextureMemory,2,0.3769401330376941,0.2348993288590604,0.9535256410256412,39
random_2,62,10,CUDA = 1 AND TextureMemory = 1 AND pixelPerThread = 3,NOT bs_32x32 AND NOT bs_64x16,3,0.2727272727272727,0.1607142857142857,0.9,39
random_5,155,27,CUDA = 1 AND TextureMemory = 1 AND pixelPerThread = 3,NOT bs_32x16,4,0.2824858757062147,0.1666666666666666,0.925925925925926,39
random_10,310,37,CUDA = 1 AND TextureMemory = 1 AND pixelPerThread = 3,NOT Ldg AND NOT bs_128x8,1,0.1986301369863013,0.1137254901960784,0.7837837837837838,39
random_20,620,89,CUDA = 1 AND TextureMemory = 1 AND pixelPerThread = 3,NOT bs_256x4,0,0.2473919523099851,0.1426116838487972,0.9325842696629212,39
2-wise,376,58,CUDA = 1 AND TextureMemory = 1 AND pixelPerThread = 3,NOT bs_256x1,0,0.2740384615384615,0.159217877094972,0.9827586206896552,39
3-wise,2019,346,CUDA = 1 AND TextureMemory = 1 AND pixelPerThread = 3,NOT LocalMemory AND NOT bs_256x1 AND TextureMemory,3,0.3658969804618117,0.2641025641025641,0.5953757225433526,39
4-wise,6794,1149,CUDA = 1 AND TextureMemory = 1 AND pixelPerThread = 3,NOT bs_32x8,0,0.286764705882353,0.1688572753981753,0.9503916449086162,39
full,13485,2635,CUDA = 1 AND Ldg = 1 AND TextureMemory = 1,padding > 176.0 AND Ldg,0,0.7857142857142858,1.0,0.6470588235294118,3
random_2,62,8,CUDA = 1 AND Ldg = 1 AND TextureMemory = 1,padding <= 368.0 AND NOT bs_64x16 AND NOT bs_64x8,0,0.1739130434782608,0.1052631578947368,0.5,3
random_5,155,27,CUDA = 1 AND Ldg = 1 AND TextureMemory = 1,NOT bs_32x1 AND NOT bs_256x1,2,0.3157894736842105,0.1875,1.0,3
random_10,310,57,CUDA = 1 AND Ldg = 1 AND TextureMemory = 1,padding > 80.0,1,0.3081967213114753,0.189516129032258,0.8245614035087719,3
random_20,620,119,CUDA = 1 AND Ldg = 1 AND TextureMemory = 1,NOT LocalMemory AND NOT bs_128x4 AND NOT bs_64x4 AND NOT Linear2D,4,0.3232876712328767,0.2398373983739837,0.4957983193277311,3
2-wise,376,77,CUDA = 1 AND Ldg = 1 AND TextureMemory = 1,NOT bs_32x2 AND NOT bs_512x2 AND NOT OpenCL AND NOT bs_256x1,4,0.4146341463414633,0.2709163346613545,0.8831168831168831,3
3-wise,2043,449,CUDA = 1 AND Ldg = 1 AND TextureMemory = 1,pixelPerThread > 1.5,0,0.3401639344262295,0.2208915502328676,0.7394209354120267,3
4-wise,6800,1556,CUDA = 1 AND Ldg = 1 AND TextureMemory = 1,NOT bs_128x1,0,0.3700199203187251,0.2294626312538604,0.9550128534704372,3
full,13485,2635,CUDA = 1 AND Ldg = 1 AND TextureMemory = 1,Ldg,0,1.0,1.0,1.0,40
random_2,62,12,CUDA = 1 AND Ldg = 1 AND TextureMemory = 1,NOT bs_128x1 AND Ldg,1,1.0,1.0,1.0,40
random_5,155,29,CUDA = 1 AND Ldg = 1 AND TextureMemory = 1,Ldg,3,1.0,1.0,1.0,40
random_10,310,54,CUDA = 1 AND Ldg = 1 AND TextureMemory = 1,Ldg,0,1.0,1.0,1.0,40
random_20,620,120,CUDA = 1 AND Ldg = 1 AND TextureMemory = 1,Ldg,0,1.0,1.0,1.0,40
2-wise,377,74,CUDA = 1 AND Ldg = 1 AND TextureMemory = 1,Ldg,0,1.0,1.0,1.0,40
3-wise,2047,455,CUDA = 1 AND Ldg = 1 AND TextureMemory = 1,Ldg,0,1.0,1.0,1.0,40
4-wise,6749,1528,CUDA = 1 AND Ldg = 1 AND TextureMemory = 1,Ldg,0,1.0,1.0,1.0,40
full,13485,1380,CUDA = 1 AND LocalMemory = 1 AND pixelPerThread = 2,LocalMemory AND pixelPerThread <= 2.5 AND pixelPerThread > 1.5 AND NOT OpenCL,0,1.0,1.0,1.0,41
random_2,62,5,CUDA = 1 AND LocalMemory = 1 AND pixelPerThread = 2,pixelPerThread <= 2.5 AND LocalMemory AND TextureMemory AND pixelPerThread > 1.5,0,1.0,1.0,1.0,41
random_5,155,20,CUDA = 1 AND LocalMemory = 1 AND pixelPerThread = 2,pixelPerThread <= 2.5 AND pixelPerThread > 1.5 AND LocalMemory AND CUDA,0,1.0,1.0,1.0,41
random_10,310,32,CUDA = 1 AND LocalMemory = 1 AND pixelPerThread = 2,pixelPerThread <= 2.5 AND pixelPerThread > 1.5 AND LocalMemory AND CUDA,0,1.0,1.0,1.0,41
random_20,620,67,CUDA = 1 AND LocalMemory = 1 AND pixelPerThread = 2,LocalMemory AND pixelPerThread <= 2.5 AND pixelPerThread > 1.5 AND NOT OpenCL,0,1.0,1.0,1.0,41
2-wise,373,40,CUDA = 1 AND LocalMemory = 1 AND pixelPerThread = 2,LocalMemory AND pixelPerThread <= 2.5 AND pixelPerThread > 1.5 AND NOT OpenCL,0,1.0,1.0,1.0,41
3-wise,2050,204,CUDA = 1 AND LocalMemory = 1 AND pixelPerThread = 2,LocalMemory AND pixelPerThread <= 2.5 AND pixelPerThread > 1.5 AND CUDA,0,1.0,1.0,1.0,41
4-wise,6773,662,CUDA = 1 AND LocalMemory = 1 AND pixelPerThread = 2,LocalMemory AND pixelPerThread <= 2.5 AND pixelPerThread > 1.5 AND NOT OpenCL,0,1.0,1.0,1.0,41
full,13485,2635,CUDA = 1 AND Ldg = 1 AND TextureMemory = 1,Ldg,0,1.0,1.0,1.0,42
random_2,62,16,CUDA = 1 AND Ldg = 1 AND TextureMemory = 1,pixelPerThread > 1.5 AND NOT bs_64x2 AND NOT bs_64x16 AND NOT bs_64x4,3,0.48,0.3529411764705882,0.75,42
random_5,155,28,CUDA = 1 AND Ldg = 1 AND TextureMemory = 1,NOT bs_256x1 AND bs_64x8 AND pixelPerThread > 3.5,0,0.0666666666666666,0.5,0.0357142857142857,42
random_10,310,58,CUDA = 1 AND Ldg = 1 AND TextureMemory = 1,NOT Linear1D,4,0.3866666666666666,0.2396694214876033,1.0,42
random_20,620,111,CUDA = 1 AND Ldg = 1 AND TextureMemory = 1,NOT bs_256x1 AND NOT bs_32x16 AND NOT Linear1D,2,0.3501805054151624,0.218961625282167,0.8738738738738738,42
2-wise,379,69,CUDA = 1 AND Ldg = 1 AND TextureMemory = 1,Ldg,0,1.0,1.0,1.0,42
3-wise,2057,460,CUDA = 1 AND Ldg = 1 AND TextureMemory = 1,Ldg,0,1.0,1.0,1.0,42
4-wise,6769,1542,CUDA = 1 AND Ldg = 1 AND TextureMemory = 1,Ldg,0,1.0,1.0,1.0,42
full,13485,1872,CUDA = 1 AND TextureMemory = 1 AND pixelPerThread = 3,pixelPerThread > 2.5 AND pixelPerThread <= 3.5 AND TextureMemory AND NOT OpenCL,0,1.0,1.0,1.0,43
random_2,62,9,CUDA = 1 AND TextureMemory = 1 AND pixelPerThread = 3,pixelPerThread > 2.5 AND pixelPerThread <= 3.5 AND TextureMemory,1,1.0,1.0,1.0,43
random_5,155,24,CUDA = 1 AND TextureMemory = 1 AND pixelPerThread = 3,pixelPerThread > 2.5 AND pixelPerThread <= 3.5 AND TextureMemory,0,1.0,1.0,1.0,43
random_10,310,34,CUDA = 1 AND TextureMemory = 1 AND pixelPerThread = 3,pixelPerThread > 2.5 AND pixelPerThread <= 3.5 AND TextureMemory AND NOT Array2D,0,1.0,1.0,1.0,43
random_20,620,73,CUDA = 1 AND TextureMemory = 1 AND pixelPerThread = 3,pixelPerThread > 2.5 AND pixelPerThread <= 3.5 AND TextureMemory AND NOT OpenCL,0,1.0,1.0,1.0,43
2-wise,378,45,CUDA = 1 AND TextureMemory = 1 AND pixelPerThread = 3,pixelPerThread > 2.5 AND pixelPerThread <= 3.5 AND TextureMemory,0,1.0,1.0,1.0,43
3-wise,2036,310,CUDA = 1 AND TextureMemory = 1 AND pixelPerThread = 3,pixelPerThread > 2.5 AND pixelPerThread <= 3.5 AND TextureMemory AND CUDA,0,1.0,1.0,1.0,43
4-wise,6796,1142,CUDA = 1 AND TextureMemory = 1 AND pixelPerThread = 3,pixelPerThread > 2.5 AND pixelPerThread <= 3.5 AND TextureMemory AND CUDA,0,1.0,1.0,1.0,43
full,13485,1449,CUDA = 1 AND LocalMemory = 1 AND pixelPerThread = 1,pixelPerThread <= 1.5 AND LocalMemory AND CUDA,0,1.0,1.0,1.0,44
random_2,62,9,CUDA = 1 AND LocalMemory = 1 AND pixelPerThread = 1,padding > 240.0 AND pixelPerThread <= 1.5 AND CUDA AND LocalMemory,0,1.0,1.0,1.0,44
random_5,155,15,CUDA = 1 AND LocalMemory = 1 AND pixelPerThread = 1,pixelPerThread <= 1.5 AND LocalMemory AND NOT OpenCL,1,1.0,1.0,1.0,44
random_10,310,28,CUDA = 1 AND LocalMemory = 1 AND pixelPerThread = 1,pixelPerThread <= 1.5 AND LocalMemory AND NOT OpenCL,1,1.0,1.0,1.0,44
random_20,620,62,CUDA = 1 AND LocalMemory = 1 AND pixelPerThread = 1,pixelPerThread <= 1.5 AND LocalMemory AND CUDA,0,1.0,1.0,1.0,44
2-wise,381,39,CUDA = 1 AND LocalMemory = 1 AND pixelPerThread = 1,pixelPerThread <= 1.5 AND LocalMemory AND CUDA,2,1.0,1.0,1.0,44
3-wise,2060,224,CUDA = 1 AND LocalMemory = 1 AND pixelPerThread = 1,pixelPerThread <= 1.5 AND LocalMemory AND CUDA,0,1.0,1.0,1.0,44
4-wise,6796,720,CUDA = 1 AND LocalMemory = 1 AND pixelPerThread = 1,pixelPerThread <= 1.5 AND LocalMemory AND NOT OpenCL,0,1.0,1.0,1.0,44
full,13485,1449,CUDA = 1 AND LocalMemory = 1 AND pixelPerThread = 1,pixelPerThread <= 1.5 AND LocalMemory AND NOT OpenCL,0,1.0,1.0,1.0,45
random_2,62,7,CUDA = 1 AND LocalMemory = 1 AND pixelPerThread = 1,pixelPerThread <= 1.5 AND LocalMemory,0,1.0,1.0,1.0,45
random_5,155,12,CUDA = 1 AND LocalMemory = 1 AND pixelPerThread = 1,pixelPerThread <= 1.5 AND LocalMemory AND NOT OpenCL,0,1.0,1.0,1.0,45
random_10,310,37,CUDA = 1 AND LocalMemory = 1 AND pixelPerThread = 1,pixelPerThread <= 1.5 AND LocalMemory AND CUDA,0,1.0,1.0,1.0,45
random_20,620,76,CUDA = 1 AND LocalMemory = 1 AND pixelPerThread = 1,pixelPerThread <= 1.5 AND LocalMemory AND CUDA,0,1.0,1.0,1.0,45
2-wise,377,47,CUDA = 1 AND LocalMemory = 1 AND pixelPerThread = 1,pixelPerThread <= 1.5 AND LocalMemory AND CUDA,0,1.0,1.0,1.0,45
3-wise,2045,209,CUDA = 1 AND LocalMemory = 1 AND pixelPerThread = 1,pixelPerThread <= 1.5 AND LocalMemory AND CUDA,0,1.0,1.0,1.0,45
4-wise,6801,730,CUDA = 1 AND LocalMemory = 1 AND pixelPerThread = 1,pixelPerThread <= 1.5 AND LocalMemory AND NOT OpenCL,0,1.0,1.0,1.0,45
full,13485,1872,CUDA = 1 AND TextureMemory = 1 AND pixelPerThread = 4,pixelPerThread > 3.5 AND TextureMemory AND CUDA,0,1.0,1.0,1.0,46
random_2,62,7,CUDA = 1 AND TextureMemory = 1 AND pixelPerThread = 4,pixelPerThread > 3.5 AND padding > 80.0 AND TextureMemory,0,1.0,1.0,1.0,46
random_5,155,23,CUDA = 1 AND TextureMemory = 1 AND pixelPerThread = 4,pixelPerThread > 3.5 AND TextureMemory,0,1.0,1.0,1.0,46
random_10,310,41,CUDA = 1 AND TextureMemory = 1 AND pixelPerThread = 4,pixelPerThread > 3.5 AND TextureMemory,1,1.0,1.0,1.0,46
random_20,620,82,CUDA = 1 AND TextureMemory = 1 AND pixelPerThread = 4,pixelPerThread > 3.5 AND TextureMemory AND NOT OpenCL,0,1.0,1.0,1.0,46
2-wise,379,55,CUDA = 1 AND TextureMemory = 1 AND pixelPerThread = 4,pixelPerThread > 3.5 AND TextureMemory AND CUDA,1,1.0,1.0,1.0,46
3-wise,2050,342,CUDA = 1 AND TextureMemory = 1 AND pixelPerThread = 4,pixelPerThread > 3.5 AND TextureMemory AND CUDA,0,1.0,1.0,1.0,46
4-wise,6790,1146,CUDA = 1 AND TextureMemory = 1 AND pixelPerThread = 4,pixelPerThread > 3.5 AND TextureMemory AND NOT OpenCL,0,1.0,1.0,1.0,46
full,13485,1872,CUDA = 1 AND TextureMemory = 1 AND pixelPerThread = 3,pixelPerThread > 2.5 AND pixelPerThread <= 3.5 AND TextureMemory AND NOT OpenCL,0,1.0,1.0,1.0,47
random_2,62,11,CUDA = 1 AND TextureMemory = 1 AND pixelPerThread = 3,pixelPerThread > 2.5 AND pixelPerThread <= 3.5 AND TextureMemory,0,1.0,1.0,1.0,47
random_5,155,28,CUDA = 1 AND TextureMemory = 1 AND pixelPerThread = 3,pixelPerThread > 2.5 AND pixelPerThread <= 3.5 AND TextureMemory,0,1.0,1.0,1.0,47
random_10,310,47,CUDA = 1 AND TextureMemory = 1 AND pixelPerThread = 3,pixelPerThread > 2.5 AND pixelPerThread <= 3.5 AND TextureMemory AND CUDA,0,1.0,1.0,1.0,47
random_20,620,85,CUDA = 1 AND TextureMemory = 1 AND pixelPerThread = 3,pixelPerThread > 2.5 AND pixelPerThread <= 3.5 AND TextureMemory AND CUDA,0,1.0,1.0,1.0,47
2-wise,378,56,CUDA = 1 AND TextureMemory = 1 AND pixelPerThread = 3,pixelPerThread > 2.5 AND pixelPerThread <= 3.5 AND TextureMemory AND CUDA,0,1.0,1.0,1.0,47
3-wise,2034,326,CUDA = 1 AND TextureMemory = 1 AND pixelPerThread = 3,pixelPerThread > 2.5 AND pixelPerThread <= 3.5 AND TextureMemory AND NOT OpenCL,0,1.0,1.0,1.0,47
4-wise,6793,1144,CUDA = 1 AND TextureMemory = 1 AND pixelPerThread = 3,pixelPerThread > 2.5 AND pixelPerThread <= 3.5 AND TextureMemory AND CUDA,0,1.0,1.0,1.0,47
full,13485,2132,CUDA = 1 AND TextureMemory = 1 AND pixelPerThread = 2,TextureMemory AND pixelPerThread <= 2.5 AND pixelPerThread > 1.5 AND CUDA,0,1.0,1.0,1.0,48
random_2,62,10,CUDA = 1 AND TextureMemory = 1 AND pixelPerThread = 2,pixelPerThread > 2.5 AND NOT bs_128x2 AND NOT bs_1024x1 AND NOT bs_32x32,0,0.0,0.0,0.0,48
random_5,155,31,CUDA = 1 AND TextureMemory = 1 AND pixelPerThread = 2,NOT Ldg,2,0.2105263157894736,0.1322314049586777,0.5161290322580645,48
random_10,310,45,CUDA = 1 AND TextureMemory = 1 AND pixelPerThread = 2,NOT bs_64x8 AND TextureMemory AND pixelPerThread <= 2.5 AND pixelPerThread > 1.5,0,0.9777777777777776,0.9777777777777776,0.9777777777777776,48
random_20,620,84,CUDA = 1 AND TextureMemory = 1 AND pixelPerThread = 2,pixelPerThread > 1.5 AND pixelPerThread <= 2.5 AND TextureMemory,0,0.9940828402366864,0.9882352941176472,1.0,48
2-wise,381,61,CUDA = 1 AND TextureMemory = 1 AND pixelPerThread = 2,pixelPerThread <= 2.5 AND pixelPerThread > 1.5 AND TextureMemory,1,0.976,0.953125,1.0,48
3-wise,2048,359,CUDA = 1 AND TextureMemory = 1 AND pixelPerThread = 2,pixelPerThread <= 2.5 AND pixelPerThread > 1.5 AND TextureMemory,1,0.9862637362637362,0.97289972899729,1.0,48
4-wise,6764,1193,CUDA = 1 AND TextureMemory = 1 AND pixelPerThread = 2,pixelPerThread <= 2.5 AND pixelPerThread > 1.5 AND TextureMemory AND NOT OpenCL,0,1.0,1.0,1.0,48
full,13485,2635,CUDA = 1 AND Linear2D = 1 AND TextureMemory = 1,Linear2D,0,1.0,1.0,1.0,49
random_2,62,13,CUDA = 1 AND Linear2D = 1 AND TextureMemory = 1,Linear2D,2,1.0,1.0,1.0,49
random_5,155,25,CUDA = 1 AND Linear2D = 1 AND TextureMemory = 1,Linear2D,0,1.0,1.0,1.0,49
random_10,310,61,CUDA = 1 AND Linear2D = 1 AND TextureMemory = 1,Linear2D,0,1.0,1.0,1.0,49
random_20,620,114,CUDA = 1 AND Linear2D = 1 AND TextureMemory = 1,Linear2D,0,1.0,1.0,1.0,49
2-wise,372,74,CUDA = 1 AND Linear2D = 1 AND TextureMemory = 1,Linear2D,2,1.0,1.0,1.0,49
3-wise,2036,429,CUDA = 1 AND Linear2D = 1 AND TextureMemory = 1,Linear2D,0,1.0,1.0,1.0,49
4-wise,6788,1525,CUDA = 1 AND Linear2D = 1 AND TextureMemory = 1,Linear2D,0,1.0,1.0,1.0,49
full,13485,2635,CUDA = 1 AND Linear2D = 1 AND TextureMemory = 1,Linear2D,0,1.0,1.0,1.0,4
random_2,62,11,CUDA = 1 AND Linear2D = 1 AND TextureMemory = 1,Linear2D,0,1.0,1.0,1.0,4
random_5,155,30,CUDA = 1 AND Linear2D = 1 AND TextureMemory = 1,Linear2D,2,1.0,1.0,1.0,4
random_10,310,49,CUDA = 1 AND Linear2D = 1 AND TextureMemory = 1,Linear2D,1,1.0,1.0,1.0,4
random_20,620,103,CUDA = 1 AND Linear2D = 1 AND TextureMemory = 1,Linear2D,0,1.0,1.0,1.0,4
2-wise,376,74,CUDA = 1 AND Linear2D = 1 AND TextureMemory = 1,Linear2D,0,1.0,1.0,1.0,4
3-wise,2039,457,CUDA = 1 AND Linear2D = 1 AND TextureMemory = 1,Linear2D,0,1.0,1.0,1.0,4
4-wise,6779,1526,CUDA = 1 AND Linear2D = 1 AND TextureMemory = 1,Linear2D,0,1.0,1.0,1.0,4
full,13485,1380,CUDA = 1 AND LocalMemory = 1 AND pixelPerThread = 2,LocalMemory AND pixelPerThread <= 2.5 AND pixelPerThread > 1.5 AND NOT OpenCL,0,1.0,1.0,1.0,50
random_2,62,10,CUDA = 1 AND LocalMemory = 1 AND pixelPerThread = 2,LocalMemory AND TextureMemory AND pixelPerThread <= 2.5 AND pixelPerThread > 1.5,0,1.0,1.0,1.0,50
random_5,155,8,CUDA = 1 AND LocalMemory = 1 AND pixelPerThread = 2,TextureMemory AND bs_256x1 AND NOT Linear1D AND padding <= 288.0,2,0.4,1.0,0.25,50
random_10,310,28,CUDA = 1 AND LocalMemory = 1 AND pixelPerThread = 2,LocalMemory AND pixelPerThread <= 2.5 AND pixelPerThread > 1.5 AND NOT OpenCL,0,1.0,1.0,1.0,50
random_20,620,51,CUDA = 1 AND LocalMemory = 1 AND pixelPerThread = 2,LocalMemory AND pixelPerThread > 1.5 AND pixelPerThread <= 2.5 AND CUDA,0,1.0,1.0,1.0,50
2-wise,381,37,CUDA = 1 AND LocalMemory = 1 AND pixelPerThread = 2,LocalMemory AND pixelPerThread <= 2.5 AND pixelPerThread > 1.5 AND CUDA,0,1.0,1.0,1.0,50
3-wise,2035,208,CUDA = 1 AND LocalMemory = 1 AND pixelPerThread = 2,LocalMemory AND pixelPerThread <= 2.5 AND pixelPerThread > 1.5 AND NOT OpenCL,0,1.0,1.0,1.0,50
4-wise,6751,657,CUDA = 1 AND LocalMemory = 1 AND pixelPerThread = 2,LocalMemory AND pixelPerThread <= 2.5 AND pixelPerThread > 1.5 AND NOT OpenCL,0,1.0,1.0,1.0,50
full,13485,2635,CUDA = 1 AND Linear2D = 1 AND TextureMemory = 1,Linear2D,0,1.0,1.0,1.0,51
random_2,62,16,CUDA = 1 AND Linear2D = 1 AND TextureMemory = 1,Linear2D,0,1.0,1.0,1.0,51
random_5,155,37,CUDA = 1 AND Linear2D = 1 AND TextureMemory = 1,Linear2D,0,1.0,1.0,1.0,51
random_10,310,57,CUDA = 1 AND Linear2D = 1 AND TextureMemory = 1,Linear2D,0,1.0,1.0,1.0,51
random_20,620,117,CUDA = 1 AND Linear2D = 1 AND TextureMemory = 1,Linear2D,0,1.0,1.0,1.0,51
2-wise,377,77,CUDA = 1 AND Linear2D = 1 AND TextureMemory = 1,Linear2D,0,1.0,1.0,1.0,51
3-wise,2019,433,CUDA = 1 AND Linear2D = 1 AND TextureMemory = 1,Linear2D,0,1.0,1.0,1.0,51
4-wise,6795,1546,CUDA = 1 AND Linear2D = 1 AND TextureMemory = 1,Linear2D,0,1.0,1.0,1.0,51
full,13485,1380,CUDA = 1 AND LocalMemory = 1 AND pixelPerThread = 2,NOT bs_128x8,0,0.1828069441539426,0.1011339967600092,0.95,52
random_2,62,7,CUDA = 1 AND LocalMemory = 1 AND pixelPerThread = 2,padding > 16.0 AND padding <= 464.0 AND NOT bs_64x8 AND CUDA,2,0.2307692307692307,0.1333333333333333,0.8571428571428571,52
random_5,155,14,CUDA = 1 AND LocalMemory = 1 AND pixelPerThread = 2,NOT bs_256x2 AND LocalMemory AND NOT bs_32x2,1,0.3611111111111111,0.2241379310344827,0.9285714285714286,52
random_10,310,35,CUDA = 1 AND LocalMemory = 1 AND pixelPerThread = 2,NOT bs_128x1,3,0.2073170731707317,0.1160409556313993,0.9714285714285714,52
random_20,620,56,CUDA = 1 AND LocalMemory = 1 AND pixelPerThread = 2,NOT bs_64x2 AND padding <= 464.0 AND LocalMemory,4,0.3546099290780142,0.2212389380530973,0.8928571428571429,52
2-wise,371,37,CUDA = 1 AND LocalMemory = 1 AND pixelPerThread = 2,NOT bs_32x8 AND NOT bs_32x4,0,0.1720430107526881,0.0955223880597015,0.8648648648648649,52
3-wise,2045,212,CUDA = 1 AND LocalMemory = 1 AND pixelPerThread = 2,NOT bs_512x1 AND NOT bs_32x32 AND pixelPerThread > 1.5 AND CUDA,3,0.3072148952676493,0.1838440111420612,0.9339622641509434,52
4-wise,6774,668,CUDA = 1 AND LocalMemory = 1 AND pixelPerThread = 2,pixelPerThread <= 2.5 AND padding <= 464.0 AND LocalMemory,3,0.5220458553791888,0.37,0.8862275449101796,52
full,13485,2635,CUDA = 1 AND Linear2D = 1 AND TextureMemory = 1,Linear2D,0,1.0,1.0,1.0,53
random_2,62,13,CUDA = 1 AND Linear2D = 1 AND TextureMemory = 1,Linear2D,0,1.0,1.0,1.0,53
random_5,155,21,CUDA = 1 AND Linear2D = 1 AND TextureMemory = 1,Linear2D,0,1.0,1.0,1.0,53
random_10,310,53,CUDA = 1 AND Linear2D = 1 AND TextureMemory = 1,Linear2D,0,1.0,1.0,1.0,53
random_20,620,118,CUDA = 1 AND Linear2D = 1 AND TextureMemory = 1,Linear2D,0,1.0,1.0,1.0,53
2-wise,379,74,CUDA = 1 AND Linear2D = 1 AND TextureMemory = 1,Linear2D,0,1.0,1.0,1.0,53
3-wise,2049,448,CUDA = 1 AND Linear2D = 1 AND TextureMemory = 1,Linear2D,0,1.0,1.0,1.0,53
4-wise,6745,1549,CUDA = 1 AND Linear2D = 1 AND TextureMemory = 1,Linear2D,0,1.0,1.0,1.0,53
full,13485,2132,CUDA = 1 AND TextureMemory = 1 AND pixelPerThread = 2,NOT bs_1024x1 AND TextureMemory AND pixelPerThread <= 2.5 AND pixelPerThread > 1.5,0,0.9783631232361242,0.981132075471698,0.975609756097561,54
random_2,62,12,CUDA = 1 AND TextureMemory = 1 AND pixelPerThread = 2,NOT bs_512x1 AND NOT bs_64x2 AND NOT bs_64x16 AND NOT bs_64x4,0,0.3666666666666666,0.2291666666666666,0.9166666666666666,54
random_5,155,19,CUDA = 1 AND TextureMemory = 1 AND pixelPerThread = 2,NOT bs_32x8,4,0.2181818181818182,0.1232876712328767,0.9473684210526316,54
random_10,310,44,CUDA = 1 AND TextureMemory = 1 AND pixelPerThread = 2,NOT bs_256x2,0,0.244776119402985,0.140893470790378,0.9318181818181818,54
random_20,620,94,CUDA = 1 AND TextureMemory = 1 AND pixelPerThread = 2,NOT bs_256x1,1,0.260614934114202,0.1511035653650254,0.946808510638298,54
2-wise,376,74,CUDA = 1 AND TextureMemory = 1 AND pixelPerThread = 2,padding > 176.0 AND NOT bs_256x4 AND NOT bs_256x2,3,0.2876712328767123,0.1926605504587156,0.5675675675675675,54
3-wise,2041,361,CUDA = 1 AND TextureMemory = 1 AND pixelPerThread = 2,NOT bs_256x4,0,0.2963604852686308,0.1756548536209553,0.9473684210526316,54
4-wise,6783,1184,CUDA = 1 AND TextureMemory = 1 AND pixelPerThread = 2,NOT bs_256x1 AND NOT bs_32x8 AND NOT bs_128x8 AND TextureMemory,3,0.3804327375352775,0.2447349310094408,0.8538851351351351,54
full,13485,2635,CUDA = 1 AND Ldg = 1 AND TextureMemory = 1,Ldg,0,1.0,1.0,1.0,55
random_2,62,8,CUDA = 1 AND Ldg = 1 AND TextureMemory = 1,Ldg,4,1.0,1.0,1.0,55
random_5,155,38,CUDA = 1 AND Ldg = 1 AND TextureMemory = 1,Ldg,0,1.0,1.0,1.0,55
random_10,310,66,CUDA = 1 AND Ldg = 1 AND TextureMemory = 1,Ldg,0,1.0,1.0,1.0,55
random_20,620,131,CUDA = 1 AND Ldg = 1 AND TextureMemory = 1,Ldg,0,1.0,1.0,1.0,55
2-wise,381,68,CUDA = 1 AND Ldg = 1 AND TextureMemory = 1,Ldg,1,1.0,1.0,1.0,55
3-wise,2026,449,CUDA = 1 AND Ldg = 1 AND TextureMemory = 1,Ldg,0,1.0,1.0,1.0,55
4-wise,6735,1528,CUDA = 1 AND Ldg = 1 AND TextureMemory = 1,Ldg,0,1.0,1.0,1.0,55
full,13485,1449,CUDA = 1 AND LocalMemory = 1 AND pixelPerThread = 1,pixelPerThread <= 1.5 AND LocalMemory AND CUDA,0,1.0,1.0,1.0,56
random_2,62,6,CUDA = 1 AND LocalMemory = 1 AND pixelPerThread = 1,LocalMemory AND padding > 432.0 AND NOT bs_64x1 AND NOT bs_512x2,1,0.6,0.75,0.5,56
random_5,155,18,CUDA = 1 AND LocalMemory = 1 AND pixelPerThread = 1,pixelPerThread <= 1.5 AND LocalMemory AND NOT OpenCL,1,1.0,1.0,1.0,56
random_10,310,31,CUDA = 1 AND LocalMemory = 1 AND pixelPerThread = 1,pixelPerThread <= 1.5 AND LocalMemory AND NOT bs_32x32 AND CUDA,0,0.9836065573770492,1.0,0.967741935483871,56
random_20,620,62,CUDA = 1 AND LocalMemory = 1 AND pixelPerThread = 1,pixelPerThread <= 1.5 AND LocalMemory AND NOT OpenCL,0,1.0,1.0,1.0,56
2-wise,378,39,CUDA = 1 AND LocalMemory = 1 AND pixelPerThread = 1,pixelPerThread <= 1.5 AND LocalMemory AND NOT OpenCL,0,1.0,1.0,1.0,56
3-wise,2031,223,CUDA = 1 AND LocalMemory = 1 AND pixelPerThread = 1,pixelPerThread <= 1.5 AND LocalMemory AND CUDA,0,1.0,1.0,1.0,56
4-wise,6783,713,CUDA = 1 AND LocalMemory = 1 AND pixelPerThread = 1,pixelPerThread <= 1.5 AND LocalMemory AND CUDA,0,1.0,1.0,1.0,56
full,13485,2184,CUDA = 1 AND TextureMemory = 1 AND pixelPerThread = 1,pixelPerThread <= 1.5 AND TextureMemory AND NOT OpenCL,0,1.0,1.0,1.0,57
random_2,62,7,CUDA = 1 AND TextureMemory = 1 AND pixelPerThread = 1,padding <= 336.0 AND NOT bs_512x1 AND NOT bs_512x2 AND bs_1024x1,0,0.2222222222222222,0.5,0.1428571428571428,57
random_5,155,23,CUDA = 1 AND TextureMemory = 1 AND pixelPerThread = 1,pixelPerThread <= 1.5 AND TextureMemory,0,1.0,1.0,1.0,57
random_10,310,57,CUDA = 1 AND TextureMemory = 1 AND pixelPerThread = 1,pixelPerThread <= 1.5 AND TextureMemory,0,1.0,1.0,1.0,57
random_20,620,107,CUDA = 1 AND TextureMemory = 1 AND pixelPerThread = 1,pixelPerThread <= 1.5 AND TextureMemory AND NOT OpenCL,0,1.0,1.0,1.0,57
2-wise,371,60,CUDA = 1 AND TextureMemory = 1 AND pixelPerThread = 1,pixelPerThread <= 1.5 AND TextureMemory AND NOT OpenCL,0,1.0,1.0,1.0,57
3-wise,2039,359,CUDA = 1 AND TextureMemory = 1 AND pixelPerThread = 1,pixelPerThread <= 1.5 AND TextureMemory AND NOT OpenCL,0,1.0,1.0,1.0,57
4-wise,6778,1201,CUDA = 1 AND TextureMemory = 1 AND pixelPerThread = 1,pixelPerThread <= 1.5 AND TextureMemory AND NOT OpenCL,0,1.0,1.0,1.0,57
full,13485,1449,CUDA = 1 AND LocalMemory = 1 AND pixelPerThread = 1,pixelPerThread <= 1.5 AND LocalMemory AND NOT OpenCL,0,1.0,1.0,1.0,58
random_2,62,9,CUDA = 1 AND LocalMemory = 1 AND pixelPerThread = 1,pixelPerThread <= 1.5 AND LocalMemory AND NOT bs_32x8 AND NOT OpenCL,0,1.0,1.0,1.0,58
random_5,155,23,CUDA = 1 AND LocalMemory = 1 AND pixelPerThread = 1,pixelPerThread <= 1.5 AND LocalMemory AND NOT OpenCL,0,1.0,1.0,1.0,58
random_10,310,33,CUDA = 1 AND LocalMemory = 1 AND pixelPerThread = 1,pixelPerThread <= 1.5 AND LocalMemory AND CUDA,0,1.0,1.0,1.0,58
random_20,620,64,CUDA = 1 AND LocalMemory = 1 AND pixelPerThread = 1,pixelPerThread <= 1.5 AND LocalMemory AND CUDA,0,1.0,1.0,1.0,58
2-wise,378,47,CUDA = 1 AND LocalMemory = 1 AND pixelPerThread = 1,pixelPerThread <= 1.5 AND LocalMemory AND CUDA,0,1.0,1.0,1.0,58
3-wise,2060,216,CUDA = 1 AND LocalMemory = 1 AND pixelPerThread = 1,pixelPerThread <= 1.5 AND LocalMemory AND CUDA,0,1.0,1.0,1.0,58
4-wise,6797,738,CUDA = 1 AND LocalMemory = 1 AND pixelPerThread = 1,pixelPerThread <= 1.5 AND LocalMemory AND CUDA,0,1.0,1.0,1.0,58
full,13485,2635,CUDA = 1 AND Linear2D = 1 AND TextureMemory = 1,Linear2D,0,1.0,1.0,1.0,59
random_2,62,9,CUDA = 1 AND Linear2D = 1 AND TextureMemory = 1,Linear2D,0,1.0,1.0,1.0,59
random_5,155,36,CUDA = 1 AND Linear2D = 1 AND TextureMemory = 1,Linear2D,1,1.0,1.0,1.0,59
random_10,310,60,CUDA = 1 AND Linear2D = 1 AND TextureMemory = 1,Linear2D,0,1.0,1.0,1.0,59
random_20,620,122,CUDA = 1 AND Linear2D = 1 AND TextureMemory = 1,Linear2D,0,1.0,1.0,1.0,59
2-wise,378,85,CUDA = 1 AND Linear2D = 1 AND TextureMemory = 1,Linear2D,0,1.0,1.0,1.0,59
3-wise,2052,446,CUDA = 1 AND Linear2D = 1 AND TextureMemory = 1,Linear2D,0,1.0,1.0,1.0,59
4-wise,6775,1535,CUDA = 1 AND Linear2D = 1 AND TextureMemory = 1,Linear2D,0,1.0,1.0,1.0,59
full,13485,2184,CUDA = 1 AND TextureMemory = 1 AND pixelPerThread = 1,pixelPerThread <= 1.5 AND TextureMemory,0,0.9904761904761904,0.981132075471698,1.0,5
random_2,62,6,CUDA = 1 AND TextureMemory = 1 AND pixelPerThread = 1,NOT bs_128x2,2,0.1904761904761905,0.1052631578947368,1.0,5
random_5,155,25,CUDA = 1 AND TextureMemory = 1 AND pixelPerThread = 1,padding <= 368.0 AND padding > 272.0,4,0.2580645161290322,0.2162162162162162,0.32,5
random_10,310,51,CUDA = 1 AND TextureMemory = 1 AND pixelPerThread = 1,NOT bs_256x1,3,0.2865497076023392,0.1683848797250859,0.9607843137254902,5
random_20,620,105,CUDA = 1 AND TextureMemory = 1 AND pixelPerThread = 1,NOT Ldg AND padding > 80.0 AND NOT bs_32x2,2,0.2696177062374245,0.1709183673469387,0.638095238095238,5
2-wise,376,68,CUDA = 1 AND TextureMemory = 1 AND pixelPerThread = 1,NOT Array2D AND padding > 48.0 AND NOT bs_32x8 AND NOT bs_32x32,3,0.3169398907103825,0.1946308724832214,0.8529411764705882,5
3-wise,2052,370,CUDA = 1 AND TextureMemory = 1 AND pixelPerThread = 1,pixelPerThread <= 1.5 AND TextureMemory AND CUDA,0,1.0,1.0,1.0,5
4-wise,6767,1202,CUDA = 1 AND TextureMemory = 1 AND pixelPerThread = 1,pixelPerThread <= 1.5 AND TextureMemory AND CUDA,0,1.0,1.0,1.0,5
full,13485,2635,CUDA = 1 AND Linear2D = 1 AND TextureMemory = 1,Linear2D,0,1.0,1.0,1.0,60
random_2,62,17,CUDA = 1 AND Linear2D = 1 AND TextureMemory = 1,NOT bs_128x2 AND NOT Ldg AND NOT bs_64x4 AND NOT bs_64x16,0,0.5573770491803279,0.3863636363636363,1.0,60
random_5,155,25,CUDA = 1 AND Linear2D = 1 AND TextureMemory = 1,padding <= 304.0 AND NOT bs_64x2 AND NOT bs_128x2 AND NOT bs_64x16,2,0.3269230769230769,0.2151898734177215,0.68,60
random_10,310,68,CUDA = 1 AND Linear2D = 1 AND TextureMemory = 1,NOT bs_256x2 AND NOT bs_32x4 AND NOT bs_64x1 AND NOT bs_64x16,0,0.3843648208469055,0.2468619246861924,0.8676470588235294,60
random_20,620,127,CUDA = 1 AND Linear2D = 1 AND TextureMemory = 1,NOT bs_512x1 AND NOT OpenCL AND NOT bs_64x2 AND NOT Linear1D,2,0.5112107623318385,0.3573667711598746,0.8976377952755905,60
2-wise,375,68,CUDA = 1 AND Linear2D = 1 AND TextureMemory = 1,NOT bs_32x2,0,0.3051643192488263,0.1815642458100558,0.9558823529411764,60
3-wise,2028,439,CUDA = 1 AND Linear2D = 1 AND TextureMemory = 1,NOT Ldg AND NOT bs_512x1 AND pixelPerThread > 2.5 AND Linear2D,0,0.628125,1.0,0.4578587699316628,60
4-wise,6735,1525,CUDA = 1 AND Linear2D = 1 AND TextureMemory = 1,padding > 48.0 AND padding <= 368.0 AND Linear2D,0,0.7443392342527788,1.0,0.5927868852459016,60
full,13485,1872,CUDA = 1 AND TextureMemory = 1 AND pixelPerThread = 3,pixelPerThread > 2.5 AND pixelPerThread <= 3.5 AND TextureMemory AND NOT OpenCL,0,1.0,1.0,1.0,61
random_2,62,8,CUDA = 1 AND TextureMemory = 1 AND pixelPerThread = 3,pixelPerThread > 1.5 AND Linear1D AND pixelPerThread <= 3.5 AND NOT bs_128x2,4,0.7142857142857143,0.8333333333333334,0.625,61
random_5,155,19,CUDA = 1 AND TextureMemory = 1 AND pixelPerThread = 3,pixelPerThread > 2.5 AND TextureMemory AND pixelPerThread <= 3.5 AND NOT Array2D,0,1.0,1.0,1.0,61
random_10,310,47,CUDA = 1 AND TextureMemory = 1 AND pixelPerThread = 3,TextureMemory AND pixelPerThread > 2.5 AND pixelPerThread <= 3.5 AND CUDA,0,1.0,1.0,1.0,61
random_20,620,85,CUDA = 1 AND TextureMemory = 1 AND pixelPerThread = 3,pixelPerThread > 2.5 AND pixelPerThread <= 3.5 AND TextureMemory AND CUDA,0,1.0,1.0,1.0,61
2-wise,371,62,CUDA = 1 AND TextureMemory = 1 AND pixelPerThread = 3,pixelPerThread > 2.5 AND pixelPerThread <= 3.5 AND TextureMemory AND NOT OpenCL,0,1.0,1.0,1.0,61
3-wise,2033,333,CUDA = 1 AND TextureMemory = 1 AND pixelPerThread = 3,pixelPerThread > 2.5 AND pixelPerThread <= 3.5 AND TextureMemory AND NOT OpenCL,0,1.0,1.0,1.0,61
4-wise,6785,1166,CUDA = 1 AND TextureMemory = 1 AND pixelPerThread = 3,pixelPerThread > 2.5 AND pixelPerThread <= 3.5 AND TextureMemory AND CUDA,0,1.0,1.0,1.0,61
full,13485,1380,CUDA = 1 AND LocalMemory = 1 AND pixelPerThread = 2,LocalMemory AND pixelPerThread <= 2.5 AND pixelPerThread > 1.5 AND NOT OpenCL,0,1.0,1.0,1.0,62
random_2,62,12,CUDA = 1 AND LocalMemory = 1 AND pixelPerThread = 2,NOT bs_64x2 AND bs_128x2 AND NOT Ldg,1,0.4,1.0,0.25,62
random_5,155,20,CUDA = 1 AND LocalMemory = 1 AND pixelPerThread = 2,NOT bs_256x2,3,0.2380952380952381,0.1351351351351351,1.0,62
random_10,310,28,CUDA = 1 AND LocalMemory = 1 AND pixelPerThread = 2,pixelPerThread <= 2.5 AND padding <= 496.0,2,0.2967032967032967,0.1753246753246753,0.9642857142857144,62
random_20,620,51,CUDA = 1 AND LocalMemory = 1 AND pixelPerThread = 2,NOT bs_64x4 AND NOT bs_128x1 AND LocalMemory,4,0.2960526315789473,0.1778656126482213,0.8823529411764706,62
2-wise,379,44,CUDA = 1 AND LocalMemory = 1 AND pixelPerThread = 2,LocalMemory AND pixelPerThread > 1.5 AND pixelPerThread <= 2.5 AND CUDA,0,1.0,1.0,1.0,62
3-wise,2055,190,CUDA = 1 AND LocalMemory = 1 AND pixelPerThread = 2,LocalMemory AND pixelPerThread > 1.5 AND pixelPerThread <= 2.5 AND CUDA,0,1.0,1.0,1.0,62
4-wise,6770,663,CUDA = 1 AND LocalMemory = 1 AND pixelPerThread = 2,LocalMemory AND pixelPerThread <= 2.5 AND pixelPerThread > 1.5 AND CUDA,0,1.0,1.0,1.0,62
full,13485,2132,CUDA = 1 AND TextureMemory = 1 AND pixelPerThread = 2,pixelPerThread <= 2.5 AND pixelPerThread > 1.5 AND TextureMemory AND CUDA,0,1.0,1.0,1.0,63
random_2,62,8,CUDA = 1 AND TextureMemory = 1 AND pixelPerThread = 2,NOT OpenCL AND padding <= 80.0 AND NOT bs_32x32,4,0.5714285714285715,0.6666666666666666,0.5,63
random_5,155,32,CUDA = 1 AND TextureMemory = 1 AND pixelPerThread = 2,TextureMemory AND pixelPerThread <= 2.5 AND pixelPerThread > 1.5,0,1.0,1.0,1.0,63
random_10,310,53,CUDA = 1 AND TextureMemory = 1 AND pixelPerThread = 2,pixelPerThread <= 2.5 AND pixelPerThread > 1.5 AND TextureMemory AND CUDA,0,1.0,1.0,1.0,63
random_20,620,101,CUDA = 1 AND TextureMemory = 1 AND pixelPerThread = 2,pixelPerThread <= 2.5 AND pixelPerThread > 1.5 AND TextureMemory AND CUDA,0,1.0,1.0,1.0,63
2-wise,377,64,CUDA = 1 AND TextureMemory = 1 AND pixelPerThread = 2,pixelPerThread <= 2.5 AND pixelPerThread > 1.5 AND TextureMemory AND NOT OpenCL,0,1.0,1.0,1.0,63
3-wise,2049,358,CUDA = 1 AND TextureMemory = 1 AND pixelPerThread = 2,pixelPerThread <= 2.5 AND pixelPerThread > 1.5 AND TextureMemory AND CUDA,0,1.0,1.0,1.0,63
4-wise,6741,1185,CUDA = 1 AND TextureMemory = 1 AND pixelPerThread = 2,pixelPerThread <= 2.5 AND pixelPerThread > 1.5 AND TextureMemory AND CUDA,0,1.0,1.0,1.0,63
full,13485,2635,CUDA = 1 AND Linear2D = 1 AND TextureMemory = 1,Linear2D,0,1.0,1.0,1.0,64
random_2,62,11,CUDA = 1 AND Linear2D = 1 AND TextureMemory = 1,Linear2D,0,1.0,1.0,1.0,64
random_5,155,26,CUDA = 1 AND Linear2D = 1 AND TextureMemory = 1,Linear2D,0,1.0,1.0,1.0,64
random_10,310,47,CUDA = 1 AND Linear2D = 1 AND TextureMemory = 1,Linear2D,0,1.0,1.0,1.0,64
random_20,620,100,CUDA = 1 AND Linear2D = 1 AND TextureMemory = 1,Linear2D,0,1.0,1.0,1.0,64
2-wise,376,67,CUDA = 1 AND Linear2D = 1 AND TextureMemory = 1,Linear2D,0,1.0,1.0,1.0,64
3-wise,2041,449,CUDA = 1 AND Linear2D = 1 AND TextureMemory = 1,Linear2D,0,1.0,1.0,1.0,64
4-wise,6758,1532,CUDA = 1 AND Linear2D = 1 AND TextureMemory = 1,Linear2D,0,1.0,1.0,1.0,64
full,13485,2635,CUDA = 1 AND Linear1D = 1 AND TextureMemory = 1,Linear1D,0,1.0,1.0,1.0,65
random_2,62,9,CUDA = 1 AND Linear1D = 1 AND TextureMemory = 1,Linear1D,3,1.0,1.0,1.0,65
random_5,155,24,CUDA = 1 AND Linear1D = 1 AND TextureMemory = 1,Linear1D,1,1.0,1.0,1.0,65
random_10,310,75,CUDA = 1 AND Linear1D = 1 AND TextureMemory = 1,Linear1D,2,1.0,1.0,1.0,65
random_20,620,141,CUDA = 1 AND Linear1D = 1 AND TextureMemory = 1,Linear1D,0,1.0,1.0,1.0,65
2-wise,375,66,CUDA = 1 AND Linear1D = 1 AND TextureMemory = 1,Linear1D,1,1.0,1.0,1.0,65
3-wise,2038,452,CUDA = 1 AND Linear1D = 1 AND TextureMemory = 1,Linear1D,0,1.0,1.0,1.0,65
4-wise,6757,1532,CUDA = 1 AND Linear1D = 1 AND TextureMemory = 1,Linear1D,0,1.0,1.0,1.0,65
full,13485,2635,CUDA = 1 AND Linear2D = 1 AND TextureMemory = 1,Linear2D,0,1.0,1.0,1.0,66
random_2,62,15,CUDA = 1 AND Linear2D = 1 AND TextureMemory = 1,Linear2D,0,1.0,1.0,1.0,66
random_5,155,37,CUDA = 1 AND Linear2D = 1 AND TextureMemory = 1,Linear2D,1,1.0,1.0,1.0,66
random_10,310,65,CUDA = 1 AND Linear2D = 1 AND TextureMemory = 1,Linear2D,0,1.0,1.0,1.0,66
random_20,620,127,CUDA = 1 AND Linear2D = 1 AND TextureMemory = 1,Linear2D,0,1.0,1.0,1.0,66
2-wise,377,69,CUDA = 1 AND Linear2D = 1 AND TextureMemory = 1,Linear2D,1,1.0,1.0,1.0,66
3-wise,2049,445,CUDA = 1 AND Linear2D = 1 AND TextureMemory = 1,Linear2D,0,1.0,1.0,1.0,66
4-wise,6792,1539,CUDA = 1 AND Linear2D = 1 AND TextureMemory = 1,Linear2D,0,1.0,1.0,1.0,66
full,13485,2635,CUDA = 1 AND Linear1D = 1 AND TextureMemory = 1,Linear1D,0,1.0,1.0,1.0,67
random_2,62,12,CUDA = 1 AND Linear1D = 1 AND TextureMemory = 1,Linear1D,0,1.0,1.0,1.0,67
random_5,155,37,CUDA = 1 AND Linear1D = 1 AND TextureMemory = 1,Linear1D,0,1.0,1.0,1.0,67
random_10,310,65,CUDA = 1 AND Linear1D = 1 AND TextureMemory = 1,Linear1D,0,1.0,1.0,1.0,67
random_20,620,123,CUDA = 1 AND Linear1D = 1 AND TextureMemory = 1,Linear1D,0,1.0,1.0,1.0,67
2-wise,379,75,CUDA = 1 AND Linear1D = 1 AND TextureMemory = 1,Linear1D,0,1.0,1.0,1.0,67
3-wise,2053,456,CUDA = 1 AND Linear1D = 1 AND TextureMemory = 1,Linear1D,0,1.0,1.0,1.0,67
4-wise,6760,1531,CUDA = 1 AND Linear1D = 1 AND TextureMemory = 1,Linear1D,0,1.0,1.0,1.0,67
full,13485,2184,CUDA = 1 AND TextureMemory = 1 AND pixelPerThread = 1,pixelPerThread <= 1.5 AND TextureMemory AND NOT OpenCL,0,1.0,1.0,1.0,68
random_2,62,13,CUDA = 1 AND TextureMemory = 1 AND pixelPerThread = 1,Linear2D AND NOT bs_64x16 AND NOT bs_32x4 AND pixelPerThread <= 2.5,0,0.6666666666666667,0.875,0.5384615384615384,68
random_5,155,30,CUDA = 1 AND TextureMemory = 1 AND pixelPerThread = 1,NOT bs_64x2,3,0.2988505747126436,0.1805555555555555,0.8666666666666667,68
random_10,310,51,CUDA = 1 AND TextureMemory = 1 AND pixelPerThread = 1,NOT bs_256x1 AND pixelPerThread <= 1.5 AND NOT OpenCL AND LocalMemory,1,0.558139534883721,0.6857142857142857,0.4705882352941176,68
random_20,620,102,CUDA = 1 AND TextureMemory = 1 AND pixelPerThread = 1,NOT bs_32x16 AND TextureMemory AND pixelPerThread <= 1.5,0,0.9556650246305418,0.9603960396039604,0.9509803921568628,68
2-wise,373,71,CUDA = 1 AND TextureMemory = 1 AND pixelPerThread = 1,NOT bs_64x16 AND pixelPerThread <= 3.5 AND NOT bs_512x1 AND pixelPerThread <= 1.5,0,0.7951807228915663,0.6947368421052632,0.9295774647887324,68
3-wise,2031,369,CUDA = 1 AND TextureMemory = 1 AND pixelPerThread = 1,pixelPerThread <= 1.5 AND NOT OpenCL,0,0.94980694980695,0.9044117647058824,1.0,68
4-wise,6750,1203,CUDA = 1 AND TextureMemory = 1 AND pixelPerThread = 1,pixelPerThread <= 1.5 AND CUDA AND TextureMemory,0,1.0,1.0,1.0,68
full,13485,2132,CUDA = 1 AND TextureMemory = 1 AND pixelPerThread = 2,pixelPerThread <= 2.5 AND pixelPerThread > 1.5 AND NOT OpenCL AND TextureMemory,0,1.0,1.0,1.0,69
random_2,62,13,CUDA = 1 AND TextureMemory = 1 AND pixelPerThread = 2,padding <= 272.0,1,0.2,0.1351351351351351,0.3846153846153846,69
random_5,155,28,CUDA = 1 AND TextureMemory = 1 AND pixelPerThread = 2,NOT bs_32x2 AND NOT bs_32x8 AND NOT bs_128x8,4,0.3086419753086419,0.1865671641791045,0.8928571428571429,69
random_10,310,50,CUDA = 1 AND TextureMemory = 1 AND pixelPerThread = 2,NOT bs_32x1 AND padding <= 496.0,1,0.2969696969696969,0.175,0.98,69
random_20,620,95,CUDA = 1 AND TextureMemory = 1 AND pixelPerThread = 2,padding <= 464.0 AND NOT bs_1024x1 AND pixelPerThread <= 3.5 AND NOT bs_64x2,3,0.3410526315789473,0.2131578947368421,0.8526315789473684,69
2-wise,378,60,CUDA = 1 AND TextureMemory = 1 AND pixelPerThread = 2,NOT bs_64x8 AND NOT Ldg AND pixelPerThread > 1.5 AND NOT bs_32x1,2,0.2713178294573643,0.1767676767676767,0.5833333333333334,69
3-wise,2037,380,CUDA = 1 AND TextureMemory = 1 AND pixelPerThread = 2,Ldg,4,0.2949640287769784,0.2709251101321586,0.3236842105263158,69
4-wise,6791,1187,CUDA = 1 AND TextureMemory = 1 AND pixelPerThread = 2,pixelPerThread <= 3.5 AND pixelPerThread > 1.5 AND TextureMemory AND pixelPerThread <= 2.5,0,0.9887546855476884,0.9777594728171336,1.0,69
full,13485,1380,CUDA = 1 AND LocalMemory = 1 AND pixelPerThread = 2,LocalMemory AND pixelPerThread <= 2.5 AND pixelPerThread > 1.5 AND NOT OpenCL,0,1.0,1.0,1.0,6
random_2,62,9,CUDA = 1 AND LocalMemory = 1 AND pixelPerThread = 2,LocalMemory AND NOT bs_64x4 AND pixelPerThread <= 2.5 AND pixelPerThread > 1.5,0,1.0,1.0,1.0,6
random_5,155,21,CUDA = 1 AND LocalMemory = 1 AND pixelPerThread = 2,pixelPerThread <= 2.5 AND pixelPerThread > 1.5 AND LocalMemory AND CUDA,0,1.0,1.0,1.0,6
random_10,310,25,CUDA = 1 AND LocalMemory = 1 AND pixelPerThread = 2,LocalMemory AND pixelPerThread <= 2.5 AND pixelPerThread > 1.5 AND NOT OpenCL,0,1.0,1.0,1.0,6
random_20,620,59,CUDA = 1 AND LocalMemory = 1 AND pixelPerThread = 2,LocalMemory AND CUDA AND pixelPerThread <= 2.5 AND pixelPerThread > 1.5,0,1.0,1.0,1.0,6
2-wise,370,34,CUDA = 1 AND LocalMemory = 1 AND pixelPerThread = 2,LocalMemory AND pixelPerThread <= 2.5 AND pixelPerThread > 1.5 AND NOT OpenCL,0,1.0,1.0,1.0,6
3-wise,2022,181,CUDA = 1 AND LocalMemory = 1 AND pixelPerThread = 2,LocalMemory AND pixelPerThread <= 2.5 AND pixelPerThread > 1.5 AND NOT OpenCL,0,1.0,1.0,1.0,6
4-wise,6794,660,CUDA = 1 AND LocalMemory = 1 AND pixelPerThread = 2,LocalMemory AND pixelPerThread <= 2.5 AND pixelPerThread > 1.5 AND CUDA,0,1.0,1.0,1.0,6
full,13485,1872,CUDA = 1 AND TextureMemory = 1 AND pixelPerThread = 4,pixelPerThread > 3.5 AND TextureMemory AND CUDA,0,1.0,1.0,1.0,70
random_2,62,8,CUDA = 1 AND TextureMemory = 1 AND pixelPerThread = 4,NOT TextureMemory AND padding <= 432.0 AND NOT bs_64x4 AND padding > 16.0,0,0.0,0.0,0.0,70
random_5,155,20,CUDA = 1 AND TextureMemory = 1 AND pixelPerThread = 4,pixelPerThread > 3.5 AND NOT bs_32x2 AND padding > 112.0,3,0.6285714285714286,0.7333333333333333,0.55,70
random_10,310,51,CUDA = 1 AND TextureMemory = 1 AND pixelPerThread = 4,pixelPerThread > 3.5 AND TextureMemory AND CUDA,1,1.0,1.0,1.0,70
random_20,620,97,CUDA = 1 AND TextureMemory = 1 AND pixelPerThread = 4,pixelPerThread > 3.5 AND TextureMemory AND CUDA,0,1.0,1.0,1.0,70
2-wise,375,67,CUDA = 1 AND TextureMemory = 1 AND pixelPerThread = 4,pixelPerThread > 3.5 AND TextureMemory AND NOT OpenCL,0,1.0,1.0,1.0,70
3-wise,2040,322,CUDA = 1 AND TextureMemory = 1 AND pixelPerThread = 4,pixelPerThread > 3.5 AND TextureMemory AND NOT OpenCL,0,1.0,1.0,1.0,70
4-wise,6780,1167,CUDA = 1 AND TextureMemory = 1 AND pixelPerThread = 4,pixelPerThread > 3.5 AND TextureMemory AND CUDA,0,1.0,1.0,1.0,70
full,13485,2132,CUDA = 1 AND TextureMemory = 1 AND pixelPerThread = 2,pixelPerThread <= 2.5 AND pixelPerThread > 1.5 AND TextureMemory AND CUDA,0,1.0,1.0,1.0,71
random_2,62,10,CUDA = 1 AND TextureMemory = 1 AND pixelPerThread = 2,NOT Linear2D AND bs_32x32 AND padding <= 464.0 AND padding > 224.0,0,0.0,0.0,0.0,71
random_5,155,24,CUDA = 1 AND TextureMemory = 1 AND pixelPerThread = 2,NOT bs_256x1 AND pixelPerThread <= 2.5 AND pixelPerThread > 1.5 AND CUDA,0,0.8627450980392156,0.8148148148148148,0.9166666666666666,71
random_10,310,43,CUDA = 1 AND TextureMemory = 1 AND pixelPerThread = 2,pixelPerThread > 1.5 AND pixelPerThread <= 2.5 AND TextureMemory AND CUDA,0,1.0,1.0,1.0,71
random_20,620,82,CUDA = 1 AND TextureMemory = 1 AND pixelPerThread = 2,pixelPerThread <= 2.5 AND pixelPerThread > 1.5 AND TextureMemory AND NOT OpenCL,0,1.0,1.0,1.0,71
2-wise,378,66,CUDA = 1 AND TextureMemory = 1 AND pixelPerThread = 2,pixelPerThread > 1.5 AND pixelPerThread <= 2.5 AND TextureMemory AND NOT OpenCL,0,1.0,1.0,1.0,71
3-wise,2066,364,CUDA = 1 AND TextureMemory = 1 AND pixelPerThread = 2,TextureMemory AND pixelPerThread <= 2.5 AND pixelPerThread > 1.5 AND NOT OpenCL,0,1.0,1.0,1.0,71
4-wise,6784,1181,CUDA = 1 AND TextureMemory = 1 AND pixelPerThread = 2,pixelPerThread <= 2.5 AND pixelPerThread > 1.5 AND TextureMemory AND NOT OpenCL,0,1.0,1.0,1.0,71
full,13485,1380,CUDA = 1 AND LocalMemory = 1 AND pixelPerThread = 2,LocalMemory AND pixelPerThread <= 2.5 AND pixelPerThread > 1.5 AND CUDA,0,1.0,1.0,1.0,72
random_2,62,5,CUDA = 1 AND LocalMemory = 1 AND pixelPerThread = 2,NOT bs_512x2 AND bs_64x4,3,0.2857142857142857,0.5,0.2,72
random_5,155,14,CUDA = 1 AND LocalMemory = 1 AND pixelPerThread = 2,NOT LocalMemory AND NOT bs_256x4 AND pixelPerThread > 1.5 AND NOT bs_32x32,0,0.0,0.0,0.0,72
random_10,310,30,CUDA = 1 AND LocalMemory = 1 AND pixelPerThread = 2,pixelPerThread > 1.5 AND pixelPerThread <= 2.5 AND LocalMemory AND NOT bs_512x2,0,0.8823529411764706,0.7894736842105263,1.0,72
random_20,620,55,CUDA = 1 AND LocalMemory = 1 AND pixelPerThread = 2,NOT bs_512x1 AND pixelPerThread > 1.5,1,0.2124999999999999,0.12,0.9272727272727272,72
2-wise,374,35,CUDA = 1 AND LocalMemory = 1 AND pixelPerThread = 2,pixelPerThread <= 2.5 AND Ldg AND bs_256x2,0,0.0,0.0,0.0,72
3-wise,2013,183,CUDA = 1 AND LocalMemory = 1 AND pixelPerThread = 2,LocalMemory AND pixelPerThread <= 2.5 AND pixelPerThread > 1.5 AND NOT OpenCL,0,1.0,1.0,1.0,72
4-wise,6764,663,CUDA = 1 AND LocalMemory = 1 AND pixelPerThread = 2,pixelPerThread <= 2.5 AND pixelPerThread > 1.5 AND LocalMemory AND NOT OpenCL,0,1.0,1.0,1.0,72
full,13485,2635,CUDA = 1 AND Linear2D = 1 AND TextureMemory = 1,Linear2D,0,1.0,1.0,1.0,73
random_2,62,13,CUDA = 1 AND Linear2D = 1 AND TextureMemory = 1,NOT bs_32x8 AND NOT bs_128x4 AND pixelPerThread <= 3.5 AND NOT Ldg,0,0.4615384615384615,0.3076923076923077,0.9230769230769232,73
random_5,155,24,CUDA = 1 AND Linear2D = 1 AND TextureMemory = 1,NOT Ldg AND NOT bs_32x4 AND CUDA AND NOT bs_64x16,2,0.438095238095238,0.2839506172839506,0.9583333333333334,73
random_10,310,68,CUDA = 1 AND Linear2D = 1 AND TextureMemory = 1,Linear2D,0,1.0,1.0,1.0,73
random_20,620,115,CUDA = 1 AND Linear2D = 1 AND TextureMemory = 1,TextureMemory AND NOT Linear1D,2,0.631868131868132,0.4618473895582329,1.0,73
2-wise,372,70,CUDA = 1 AND Linear2D = 1 AND TextureMemory = 1,Linear2D,1,1.0,1.0,1.0,73
3-wise,2036,462,CUDA = 1 AND Linear2D = 1 AND TextureMemory = 1,Linear2D,0,1.0,1.0,1.0,73
4-wise,6773,1537,CUDA = 1 AND Linear2D = 1 AND TextureMemory = 1,Linear2D,0,1.0,1.0,1.0,73
full,13485,2132,CUDA = 1 AND TextureMemory = 1 AND pixelPerThread = 2,padding <= 336.0,0,0.2542171970456825,0.1577815506508206,0.6538461538461539,74
random_2,62,4,CUDA = 1 AND TextureMemory = 1 AND pixelPerThread = 2,NOT bs_32x2 AND TextureMemory AND bs_128x1 AND padding > 256.0,0,0.3333333333333333,0.5,0.25,74
random_5,155,26,CUDA = 1 AND TextureMemory = 1 AND pixelPerThread = 2,padding > 80.0 AND NOT bs_64x4,3,0.2647058823529412,0.1636363636363636,0.6923076923076923,74
random_10,310,48,CUDA = 1 AND TextureMemory = 1 AND pixelPerThread = 2,padding <= 464.0 AND NOT bs_128x8 AND padding <= 368.0,4,0.265625,0.1634615384615384,0.7083333333333334,74
random_20,620,95,CUDA = 1 AND TextureMemory = 1 AND pixelPerThread = 2,pixelPerThread <= 3.5 AND NOT bs_128x8 AND NOT bs_512x1,0,0.3409961685823754,0.2084309133489461,0.936842105263158,74
2-wise,376,65,CUDA = 1 AND TextureMemory = 1 AND pixelPerThread = 2,padding > 16.0 AND NOT bs_32x2 AND padding > 48.0,2,0.3023872679045092,0.1826923076923076,0.8769230769230769,74
3-wise,2050,355,CUDA = 1 AND TextureMemory = 1 AND pixelPerThread = 2,NOT bs_128x2 AND NOT bs_1024x1 AND NOT bs_64x1,2,0.2979127134724857,0.1791215059897319,0.8845070422535212,74
4-wise,6764,1188,CUDA = 1 AND TextureMemory = 1 AND pixelPerThread = 2,NOT Linear2D AND NOT bs_32x32 AND pixelPerThread > 1.5,2,0.3106200122774708,0.2051905920519059,0.6388888888888888,74
full,13485,1380,CUDA = 1 AND LocalMemory = 1 AND pixelPerThread = 2,LocalMemory AND pixelPerThread <= 2.5 AND pixelPerThread > 1.5 AND NOT OpenCL,0,1.0,1.0,1.0,75
random_2,62,10,CUDA = 1 AND LocalMemory = 1 AND pixelPerThread = 2,pixelPerThread <= 2.5 AND LocalMemory AND CUDA AND pixelPerThread > 1.5,0,1.0,1.0,1.0,75
random_5,155,21,CUDA = 1 AND LocalMemory = 1 AND pixelPerThread = 2,LocalMemory AND pixelPerThread > 1.5 AND pixelPerThread <= 2.5 AND NOT OpenCL,0,1.0,1.0,1.0,75
random_10,310,41,CUDA = 1 AND LocalMemory = 1 AND pixelPerThread = 2,Linear1D AND LocalMemory AND pixelPerThread <= 2.5 AND pixelPerThread > 1.5,0,0.7384615384615384,1.0,0.5853658536585366,75
random_20,620,74,CUDA = 1 AND LocalMemory = 1 AND pixelPerThread = 2,LocalMemory AND pixelPerThread <= 2.5 AND pixelPerThread > 1.5 AND CUDA,0,1.0,1.0,1.0,75
2-wise,380,31,CUDA = 1 AND LocalMemory = 1 AND pixelPerThread = 2,LocalMemory AND pixelPerThread > 1.5 AND pixelPerThread <= 2.5 AND NOT OpenCL,0,1.0,1.0,1.0,75
3-wise,2052,203,CUDA = 1 AND LocalMemory = 1 AND pixelPerThread = 2,LocalMemory AND pixelPerThread <= 2.5 AND pixelPerThread > 1.5 AND CUDA,0,1.0,1.0,1.0,75
4-wise,6747,650,CUDA = 1 AND LocalMemory = 1 AND pixelPerThread = 2,LocalMemory AND pixelPerThread <= 2.5 AND pixelPerThread > 1.5 AND CUDA,0,1.0,1.0,1.0,75
full,13485,2635,CUDA = 1 AND Linear2D = 1 AND TextureMemory = 1,TextureMemory AND NOT Ldg,1,0.6415094339622641,0.4722222222222222,1.0,76
random_2,62,16,CUDA = 1 AND Linear2D = 1 AND TextureMemory = 1,pixelPerThread <= 3.5 AND NOT bs_64x2 AND padding > 112.0 AND Linear2D,0,0.8148148148148148,1.0,0.6875,76
random_5,155,19,CUDA = 1 AND Linear2D = 1 AND TextureMemory = 1,bs_1024x1 AND NOT TextureMemory AND NOT LocalMemory AND pixelPerThread > 3.5,0,0.0,0.0,0.0,76
random_10,310,54,CUDA = 1 AND Linear2D = 1 AND TextureMemory = 1,NOT Array2D,0,0.3008356545961002,0.1770491803278688,1.0,76
random_20,620,103,CUDA = 1 AND Linear2D = 1 AND TextureMemory = 1,NOT bs_128x1,0,0.2796005706134093,0.1638795986622073,0.9514563106796116,76
2-wise,383,70,CUDA = 1 AND Linear2D = 1 AND TextureMemory = 1,NOT bs_1024x1 AND padding > 80.0 AND NOT bs_64x8 AND NOT bs_256x4,1,0.3343283582089552,0.2113207547169811,0.8,76
3-wise,2031,433,CUDA = 1 AND Linear2D = 1 AND TextureMemory = 1,NOT LocalMemory,0,0.3085861846352485,0.2141577060931899,0.5519630484988453,76
4-wise,6784,1528,CUDA = 1 AND Linear2D = 1 AND TextureMemory = 1,Linear2D,0,1.0,1.0,1.0,76
full,13485,1872,CUDA = 1 AND TextureMemory = 1 AND pixelPerThread = 4,pixelPerThread > 3.5 AND TextureMemory AND CUDA,0,1.0,1.0,1.0,77
random_2,62,9,CUDA = 1 AND TextureMemory = 1 AND pixelPerThread = 4,NOT bs_32x4,4,0.2388059701492537,0.1379310344827586,0.8888888888888888,77
random_5,155,19,CUDA = 1 AND TextureMemory = 1 AND pixelPerThread = 4,NOT bs_32x8,1,0.2275449101796407,0.1283783783783783,1.0,77
random_10,310,44,CUDA = 1 AND TextureMemory = 1 AND pixelPerThread = 4,padding > 16.0 AND pixelPerThread > 3.5 AND NOT bs_256x1,4,0.7454545454545454,0.6212121212121212,0.9318181818181818,77
random_20,620,87,CUDA = 1 AND TextureMemory = 1 AND pixelPerThread = 4,NOT bs_256x2 AND NOT bs_32x8 AND NOT OpenCL AND NOT bs_256x4,2,0.2874251497005988,0.1739130434782608,0.8275862068965517,77
2-wise,379,43,CUDA = 1 AND TextureMemory = 1 AND pixelPerThread = 4,NOT bs_32x1 AND padding <= 432.0 AND padding <= 400.0 AND NOT bs_64x2,1,0.2156862745098039,0.1254752851711026,0.7674418604651163,77
3-wise,2057,338,CUDA = 1 AND TextureMemory = 1 AND pixelPerThread = 4,NOT OpenCL AND pixelPerThread > 3.5,2,0.9507735583684952,0.906166219839142,1.0,77
4-wise,6792,1162,CUDA = 1 AND TextureMemory = 1 AND pixelPerThread = 4,pixelPerThread > 3.5 AND TextureMemory AND NOT OpenCL,0,1.0,1.0,1.0,77
full,13485,2132,CUDA = 1 AND TextureMemory = 1 AND pixelPerThread = 2,pixelPerThread <= 2.5 AND pixelPerThread > 1.5 AND TextureMemory AND NOT OpenCL,0,1.0,1.0,1.0,78
random_2,62,14,CUDA = 1 AND TextureMemory = 1 AND pixelPerThread = 2,bs_32x16 AND NOT Linear1D,3,0.1111111111111111,0.25,0.0714285714285714,78
random_5,155,22,CUDA = 1 AND TextureMemory = 1 AND pixelPerThread = 2,pixelPerThread <= 2.5 AND padding <= 400.0 AND padding > 272.0 AND NOT Linear1D,4,0.2631578947368421,0.3125,0.2272727272727272,78
random_10,310,46,CUDA = 1 AND TextureMemory = 1 AND pixelPerThread = 2,pixelPerThread <= 2.5 AND pixelPerThread > 1.5 AND TextureMemory AND CUDA,0,1.0,1.0,1.0,78
random_20,620,88,CUDA = 1 AND TextureMemory = 1 AND pixelPerThread = 2,TextureMemory AND pixelPerThread <= 2.5 AND pixelPerThread > 1.5 AND CUDA,0,1.0,1.0,1.0,78
2-wise,378,68,CUDA = 1 AND TextureMemory = 1 AND pixelPerThread = 2,pixelPerThread <= 2.5 AND pixelPerThread > 1.5 AND TextureMemory AND NOT OpenCL,0,1.0,1.0,1.0,78
3-wise,2034,322,CUDA = 1 AND TextureMemory = 1 AND pixelPerThread = 2,pixelPerThread > 1.5 AND pixelPerThread <= 2.5 AND TextureMemory AND NOT OpenCL,0,1.0,1.0,1.0,78
4-wise,6812,1195,CUDA = 1 AND TextureMemory = 1 AND pixelPerThread = 2,pixelPerThread <= 2.5 AND pixelPerThread > 1.5 AND TextureMemory AND CUDA,0,1.0,1.0,1.0,78
full,13485,2635,CUDA = 1 AND Ldg = 1 AND TextureMemory = 1,Ldg,0,1.0,1.0,1.0,79
random_2,62,16,CUDA = 1 AND Ldg = 1 AND TextureMemory = 1,Ldg,0,1.0,1.0,1.0,79
random_5,155,34,CUDA = 1 AND Ldg = 1 AND TextureMemory = 1,Ldg,0,1.0,1.0,1.0,79
random_10,310,61,CUDA = 1 AND Ldg = 1 AND TextureMemory = 1,Ldg,1,1.0,1.0,1.0,79
random_20,620,118,CUDA = 1 AND Ldg = 1 AND TextureMemory = 1,Ldg,0,1.0,1.0,1.0,79
2-wise,381,89,CUDA = 1 AND Ldg = 1 AND TextureMemory = 1,Ldg,0,1.0,1.0,1.0,79
3-wise,2037,448,CUDA = 1 AND Ldg = 1 AND TextureMemory = 1,Ldg,0,1.0,1.0,1.0,79
4-wise,6764,1532,CUDA = 1 AND Ldg = 1 AND TextureMemory = 1,Ldg,0,1.0,1.0,1.0,79
full,13485,1449,CUDA = 1 AND LocalMemory = 1 AND pixelPerThread = 1,pixelPerThread <= 1.5 AND LocalMemory AND NOT OpenCL,0,1.0,1.0,1.0,7
random_2,62,6,CUDA = 1 AND LocalMemory = 1 AND pixelPerThread = 1,NOT bs_32x1 AND bs_1024x1,3,0.2222222222222222,0.3333333333333333,0.1666666666666666,7
random_5,155,18,CUDA = 1 AND LocalMemory = 1 AND pixelPerThread = 1,NOT bs_128x8,3,0.206060606060606,0.1156462585034013,0.9444444444444444,7
random_10,310,34,CUDA = 1 AND LocalMemory = 1 AND pixelPerThread = 1,NOT bs_256x1,0,0.1945288753799391,0.1084745762711864,0.9411764705882352,7
random_20,620,57,CUDA = 1 AND LocalMemory = 1 AND pixelPerThread = 1,NOT bs_256x4,2,0.1715160796324655,0.0939597315436241,0.9824561403508772,7
2-wise,372,46,CUDA = 1 AND LocalMemory = 1 AND pixelPerThread = 1,pixelPerThread > 3.5 AND padding > 304.0 AND NOT bs_128x8,0,0.0,0.0,0.0,7
3-wise,2031,207,CUDA = 1 AND LocalMemory = 1 AND pixelPerThread = 1,pixelPerThread <= 3.5 AND LocalMemory AND pixelPerThread <= 1.5 AND CUDA,0,1.0,1.0,1.0,7
4-wise,6801,711,CUDA = 1 AND LocalMemory = 1 AND pixelPerThread = 1,pixelPerThread <= 1.5 AND LocalMemory AND CUDA,0,1.0,1.0,1.0,7
full,13485,2132,CUDA = 1 AND TextureMemory = 1 AND pixelPerThread = 2,pixelPerThread <= 2.5 AND pixelPerThread > 1.5 AND TextureMemory AND CUDA,0,1.0,1.0,1.0,80
random_2,62,11,CUDA = 1 AND TextureMemory = 1 AND pixelPerThread = 2,NOT bs_64x8 AND NOT LocalMemory AND padding <= 304.0 AND pixelPerThread > 3.5,0,0.0,0.0,0.0,80
random_5,155,20,CUDA = 1 AND TextureMemory = 1 AND pixelPerThread = 2,TextureMemory AND pixelPerThread > 1.5 AND pixelPerThread <= 2.5 AND NOT bs_128x2,0,0.975609756097561,0.9523809523809524,1.0,80
random_10,310,42,CUDA = 1 AND TextureMemory = 1 AND pixelPerThread = 2,pixelPerThread <= 2.5 AND pixelPerThread > 1.5 AND TextureMemory AND NOT Array2D,0,1.0,1.0,1.0,80
random_20,620,90,CUDA = 1 AND TextureMemory = 1 AND pixelPerThread = 2,pixelPerThread <= 2.5 AND pixelPerThread > 1.5 AND TextureMemory,1,0.9836065573770492,0.967741935483871,1.0,80
2-wise,379,66,CUDA = 1 AND TextureMemory = 1 AND pixelPerThread = 2,pixelPerThread <= 2.5 AND pixelPerThread > 1.5 AND TextureMemory AND NOT OpenCL,0,1.0,1.0,1.0,80
3-wise,2042,374,CUDA = 1 AND TextureMemory = 1 AND pixelPerThread = 2,pixelPerThread <= 2.5 AND pixelPerThread > 1.5 AND TextureMemory AND CUDA,0,1.0,1.0,1.0,80
4-wise,6777,1197,CUDA = 1 AND TextureMemory = 1 AND pixelPerThread = 2,pixelPerThread <= 2.5 AND pixelPerThread > 1.5 AND TextureMemory AND CUDA,0,1.0,1.0,1.0,80
full,13485,2184,CUDA = 1 AND TextureMemory = 1 AND pixelPerThread = 1,pixelPerThread <= 1.5 AND TextureMemory AND CUDA,0,1.0,1.0,1.0,81
random_2,62,12,CUDA = 1 AND TextureMemory = 1 AND pixelPerThread = 1,padding <= 304.0 AND pixelPerThread <= 1.5 AND NOT bs_64x4 AND TextureMemory,1,0.8571428571428571,1.0,0.75,81
random_5,155,27,CUDA = 1 AND TextureMemory = 1 AND pixelPerThread = 1,pixelPerThread > 1.5 AND padding <= 304.0 AND bs_128x2 AND NOT LocalMemory,0,0.0,0.0,0.0,81
random_10,310,66,CUDA = 1 AND TextureMemory = 1 AND pixelPerThread = 1,NOT bs_32x4,2,0.3565459610027855,0.2184300341296928,0.9696969696969696,81
random_20,620,121,CUDA = 1 AND TextureMemory = 1 AND pixelPerThread = 1,pixelPerThread <= 1.5 AND NOT OpenCL,2,0.8996282527881041,0.8175675675675675,1.0,81
2-wise,371,51,CUDA = 1 AND TextureMemory = 1 AND pixelPerThread = 1,NOT bs_32x8 AND NOT OpenCL AND pixelPerThread <= 1.5 AND NOT bs_64x8,4,0.8771929824561403,0.7936507936507936,0.9803921568627452,81
3-wise,2032,365,CUDA = 1 AND TextureMemory = 1 AND pixelPerThread = 1,pixelPerThread <= 1.5 AND TextureMemory,2,0.9851551956815114,0.9707446808510638,1.0,81
4-wise,6793,1205,CUDA = 1 AND TextureMemory = 1 AND pixelPerThread = 1,pixelPerThread <= 1.5 AND TextureMemory AND CUDA,0,1.0,1.0,1.0,81
full,13485,1449,CUDA = 1 AND LocalMemory = 1 AND pixelPerThread = 1,pixelPerThread <= 1.5 AND LocalMemory AND CUDA,0,1.0,1.0,1.0,82
random_2,62,9,CUDA = 1 AND LocalMemory = 1 AND pixelPerThread = 1,pixelPerThread <= 1.5 AND LocalMemory AND CUDA,0,1.0,1.0,1.0,82
random_5,155,12,CUDA = 1 AND LocalMemory = 1 AND pixelPerThread = 1,pixelPerThread <= 1.5 AND LocalMemory AND NOT OpenCL,0,1.0,1.0,1.0,82
random_10,310,40,CUDA = 1 AND LocalMemory = 1 AND pixelPerThread = 1,pixelPerThread <= 1.5 AND LocalMemory AND CUDA,0,1.0,1.0,1.0,82
random_20,620,66,CUDA = 1 AND LocalMemory = 1 AND pixelPerThread = 1,pixelPerThread <= 1.5 AND LocalMemory AND CUDA,0,1.0,1.0,1.0,82
2-wise,380,34,CUDA = 1 AND LocalMemory = 1 AND pixelPerThread = 1,pixelPerThread <= 1.5 AND LocalMemory AND CUDA,0,1.0,1.0,1.0,82
3-wise,2083,215,CUDA = 1 AND LocalMemory = 1 AND pixelPerThread = 1,pixelPerThread <= 1.5 AND LocalMemory AND NOT OpenCL,0,1.0,1.0,1.0,82
4-wise,6775,696,CUDA = 1 AND LocalMemory = 1 AND pixelPerThread = 1,pixelPerThread <= 1.5 AND LocalMemory AND CUDA,0,1.0,1.0,1.0,82
full,13485,2184,CUDA = 1 AND TextureMemory = 1 AND pixelPerThread = 1,pixelPerThread <= 1.5 AND TextureMemory AND CUDA,0,1.0,1.0,1.0,83
random_2,62,9,CUDA = 1 AND TextureMemory = 1 AND pixelPerThread = 1,pixelPerThread <= 1.5 AND NOT bs_1024x1 AND TextureMemory,0,1.0,1.0,1.0,83
random_5,155,25,CUDA = 1 AND TextureMemory = 1 AND pixelPerThread = 1,pixelPerThread > 2.5 AND NOT bs_32x32 AND bs_64x8 AND NOT LocalMemory,0,0.0,0.0,0.0,83
random_10,310,57,CUDA = 1 AND TextureMemory = 1 AND pixelPerThread = 1,pixelPerThread <= 1.5 AND TextureMemory,0,1.0,1.0,1.0,83
random_20,620,106,CUDA = 1 AND TextureMemory = 1 AND pixelPerThread = 1,pixelPerThread <= 1.5 AND TextureMemory AND NOT Array2D,0,1.0,1.0,1.0,83
2-wise,369,67,CUDA = 1 AND TextureMemory = 1 AND pixelPerThread = 1,pixelPerThread <= 1.5 AND TextureMemory AND NOT bs_512x2 AND CUDA,0,1.0,1.0,1.0,83
3-wise,2024,384,CUDA = 1 AND TextureMemory = 1 AND pixelPerThread = 1,pixelPerThread <= 1.5 AND TextureMemory AND NOT OpenCL,0,1.0,1.0,1.0,83
4-wise,6743,1208,CUDA = 1 AND TextureMemory = 1 AND pixelPerThread = 1,pixelPerThread <= 1.5 AND TextureMemory AND NOT OpenCL,0,1.0,1.0,1.0,83
full,13485,2184,CUDA = 1 AND TextureMemory = 1 AND pixelPerThread = 1,pixelPerThread <= 1.5 AND TextureMemory AND CUDA,0,1.0,1.0,1.0,84
random_2,62,4,CUDA = 1 AND TextureMemory = 1 AND pixelPerThread = 1,NOT bs_32x16 AND NOT bs_64x2 AND pixelPerThread <= 1.5 AND TextureMemory,0,0.75,0.75,0.75,84
random_5,155,31,CUDA = 1 AND TextureMemory = 1 AND pixelPerThread = 1,pixelPerThread <= 1.5 AND TextureMemory,0,1.0,1.0,1.0,84
random_10,310,53,CUDA = 1 AND TextureMemory = 1 AND pixelPerThread = 1,pixelPerThread <= 1.5 AND TextureMemory,0,1.0,1.0,1.0,84
random_20,620,105,CUDA = 1 AND TextureMemory = 1 AND pixelPerThread = 1,pixelPerThread <= 1.5 AND TextureMemory,1,1.0,1.0,1.0,84
2-wise,374,61,CUDA = 1 AND TextureMemory = 1 AND pixelPerThread = 1,pixelPerThread <= 1.5 AND TextureMemory AND NOT OpenCL,0,1.0,1.0,1.0,84
3-wise,2051,398,CUDA = 1 AND TextureMemory = 1 AND pixelPerThread = 1,pixelPerThread <= 1.5 AND TextureMemory AND NOT OpenCL,0,1.0,1.0,1.0,84
4-wise,6741,1208,CUDA = 1 AND TextureMemory = 1 AND pixelPerThread = 1,pixelPerThread <= 1.5 AND TextureMemory AND NOT OpenCL,0,1.0,1.0,1.0,84
full,13485,1872,CUDA = 1 AND TextureMemory = 1 AND pixelPerThread = 4,pixelPerThread > 3.5 AND TextureMemory AND CUDA,0,1.0,1.0,1.0,85
random_2,62,9,CUDA = 1 AND TextureMemory = 1 AND pixelPerThread = 4,pixelPerThread > 3.5 AND TextureMemory AND NOT Array2D,0,1.0,1.0,1.0,85
random_5,155,26,CUDA = 1 AND TextureMemory = 1 AND pixelPerThread = 4,pixelPerThread > 3.5 AND TextureMemory,0,1.0,1.0,1.0,85
random_10,310,45,CUDA = 1 AND TextureMemory = 1 AND pixelPerThread = 4,pixelPerThread > 3.5 AND TextureMemory,0,1.0,1.0,1.0,85
random_20,620,89,CUDA = 1 AND TextureMemory = 1 AND pixelPerThread = 4,pixelPerThread > 3.5 AND TextureMemory,0,1.0,1.0,1.0,85
2-wise,380,61,CUDA = 1 AND TextureMemory = 1 AND pixelPerThread = 4,pixelPerThread > 3.5 AND TextureMemory AND NOT OpenCL,0,1.0,1.0,1.0,85
3-wise,2050,342,CUDA = 1 AND TextureMemory = 1 AND pixelPerThread = 4,pixelPerThread > 3.5 AND TextureMemory AND NOT OpenCL,0,1.0,1.0,1.0,85
4-wise,6763,1162,CUDA = 1 AND TextureMemory = 1 AND pixelPerThread = 4,pixelPerThread > 3.5 AND TextureMemory AND CUDA,0,1.0,1.0,1.0,85
full,13485,2635,CUDA = 1 AND Linear2D = 1 AND TextureMemory = 1,Linear2D,0,1.0,1.0,1.0,86
random_2,62,7,CUDA = 1 AND Linear2D = 1 AND TextureMemory = 1,Linear2D,0,1.0,1.0,1.0,86
random_5,155,28,CUDA = 1 AND Linear2D = 1 AND TextureMemory = 1,Linear2D,0,1.0,1.0,1.0,86
random_10,310,50,CUDA = 1 AND Linear2D = 1 AND TextureMemory = 1,Linear2D,0,1.0,1.0,1.0,86
random_20,620,105,CUDA = 1 AND Linear2D = 1 AND TextureMemory = 1,Linear2D,0,1.0,1.0,1.0,86
2-wise,377,72,CUDA = 1 AND Linear2D = 1 AND TextureMemory = 1,Linear2D,0,1.0,1.0,1.0,86
3-wise,2056,442,CUDA = 1 AND Linear2D = 1 AND TextureMemory = 1,Linear2D,0,1.0,1.0,1.0,86
4-wise,6765,1532,CUDA = 1 AND Linear2D = 1 AND TextureMemory = 1,Linear2D,0,1.0,1.0,1.0,86
full,13485,2635,CUDA = 1 AND Linear1D = 1 AND TextureMemory = 1,Linear1D,0,1.0,1.0,1.0,87
random_2,62,12,CUDA = 1 AND Linear1D = 1 AND TextureMemory = 1,Linear1D,2,1.0,1.0,1.0,87
random_5,155,25,CUDA = 1 AND Linear1D = 1 AND TextureMemory = 1,Linear1D,2,1.0,1.0,1.0,87
random_10,310,63,CUDA = 1 AND Linear1D = 1 AND TextureMemory = 1,Linear1D,0,1.0,1.0,1.0,87
random_20,620,133,CUDA = 1 AND Linear1D = 1 AND TextureMemory = 1,Linear1D,0,1.0,1.0,1.0,87
2-wise,383,71,CUDA = 1 AND Linear1D = 1 AND TextureMemory = 1,Linear1D,1,1.0,1.0,1.0,87
3-wise,2050,443,CUDA = 1 AND Linear1D = 1 AND TextureMemory = 1,Linear1D,0,1.0,1.0,1.0,87
4-wise,6775,1526,CUDA = 1 AND Linear1D = 1 AND TextureMemory = 1,Linear1D,0,1.0,1.0,1.0,87
full,13485,2635,CUDA = 1 AND Linear1D = 1 AND TextureMemory = 1,Linear1D,0,1.0,1.0,1.0,88
random_2,62,17,CUDA = 1 AND Linear1D = 1 AND TextureMemory = 1,Linear1D,1,1.0,1.0,1.0,88
random_5,155,23,CUDA = 1 AND Linear1D = 1 AND TextureMemory = 1,Linear1D,0,1.0,1.0,1.0,88
random_10,310,84,CUDA = 1 AND Linear1D = 1 AND TextureMemory = 1,Linear1D,0,1.0,1.0,1.0,88
random_20,620,141,CUDA = 1 AND Linear1D = 1 AND TextureMemory = 1,Linear1D,0,1.0,1.0,1.0,88
2-wise,377,78,CUDA = 1 AND Linear1D = 1 AND TextureMemory = 1,Linear1D,0,1.0,1.0,1.0,88
3-wise,2024,441,CUDA = 1 AND Linear1D = 1 AND TextureMemory = 1,Linear1D,0,1.0,1.0,1.0,88
4-wise,6788,1532,CUDA = 1 AND Linear1D = 1 AND TextureMemory = 1,Linear1D,0,1.0,1.0,1.0,88
full,13485,1872,CUDA = 1 AND TextureMemory = 1 AND pixelPerThread = 4,pixelPerThread > 3.5 AND TextureMemory AND NOT OpenCL,0,1.0,1.0,1.0,89
random_2,62,7,CUDA = 1 AND TextureMemory = 1 AND pixelPerThread = 4,NOT bs_32x16 AND NOT bs_128x1 AND padding <= 464.0,2,0.2372881355932203,0.1346153846153846,1.0,89
random_5,155,22,CUDA = 1 AND TextureMemory = 1 AND pixelPerThread = 4,pixelPerThread > 2.5 AND TextureMemory AND pixelPerThread > 3.5,0,1.0,1.0,1.0,89
random_10,310,41,CUDA = 1 AND TextureMemory = 1 AND pixelPerThread = 4,pixelPerThread > 3.5 AND TextureMemory,1,0.9879518072289156,0.9761904761904762,1.0,89
random_20,620,98,CUDA = 1 AND TextureMemory = 1 AND pixelPerThread = 4,pixelPerThread > 3.5 AND TextureMemory AND CUDA,0,1.0,1.0,1.0,89
2-wise,376,44,CUDA = 1 AND TextureMemory = 1 AND pixelPerThread = 4,pixelPerThread > 3.5 AND TextureMemory AND NOT OpenCL,0,1.0,1.0,1.0,89
3-wise,2009,316,CUDA = 1 AND TextureMemory = 1 AND pixelPerThread = 4,pixelPerThread > 3.5 AND TextureMemory AND NOT OpenCL,0,1.0,1.0,1.0,89
4-wise,6787,1155,CUDA = 1 AND TextureMemory = 1 AND pixelPerThread = 4,pixelPerThread > 3.5 AND TextureMemory AND NOT OpenCL,0,1.0,1.0,1.0,89
full,13485,2635,CUDA = 1 AND Linear1D = 1 AND TextureMemory = 1,Linear1D,0,1.0,1.0,1.0,8
random_2,62,8,CUDA = 1 AND Linear1D = 1 AND TextureMemory = 1,padding <= 304.0 AND padding > 16.0 AND NOT bs_128x2 AND NOT bs_64x4,1,0.1621621621621621,0.1034482758620689,0.375,8
random_5,155,27,CUDA = 1 AND Linear1D = 1 AND TextureMemory = 1,padding > 112.0 AND padding <= 400.0 AND NOT bs_64x1 AND NOT bs_64x8,2,0.3518518518518518,0.2345679012345679,0.7037037037037037,8
random_10,310,65,CUDA = 1 AND Linear1D = 1 AND TextureMemory = 1,NOT bs_512x1 AND NOT bs_256x4 AND NOT Ldg AND CUDA,4,0.4954128440366973,0.3529411764705882,0.8307692307692308,8
random_20,620,131,CUDA = 1 AND Linear1D = 1 AND TextureMemory = 1,NOT bs_64x1 AND NOT Ldg AND padding > 144.0 AND NOT bs_32x2,2,0.4222737819025522,0.3033333333333333,0.6946564885496184,8
2-wise,383,79,CUDA = 1 AND Linear1D = 1 AND TextureMemory = 1,NOT OpenCL AND TextureMemory AND pixelPerThread <= 3.5 AND NOT Linear2D,3,0.6411483253588516,0.5153846153846153,0.8481012658227848,8
3-wise,2037,443,CUDA = 1 AND Linear1D = 1 AND TextureMemory = 1,TextureMemory AND NOT bs_256x2 AND NOT Ldg AND NOT Linear2D,0,0.8795811518324608,0.8203125,0.948081264108352,8
4-wise,6787,1537,CUDA = 1 AND Linear1D = 1 AND TextureMemory = 1,Linear1D,0,1.0,1.0,1.0,8
full,13485,2184,CUDA = 1 AND TextureMemory = 1 AND pixelPerThread = 1,pixelPerThread <= 1.5 AND TextureMemory AND CUDA,0,1.0,1.0,1.0,90
random_2,62,11,CUDA = 1 AND TextureMemory = 1 AND pixelPerThread = 1,pixelPerThread <= 2.5 AND NOT bs_128x8 AND padding > 256.0 AND padding <= 480.0,1,0.4210526315789474,0.5,0.3636363636363636,90
random_5,155,30,CUDA = 1 AND TextureMemory = 1 AND pixelPerThread = 1,padding <= 368.0,4,0.2962962962962963,0.1904761904761904,0.6666666666666666,90
random_10,310,47,CUDA = 1 AND TextureMemory = 1 AND pixelPerThread = 1,pixelPerThread <= 1.5 AND padding > 48.0 AND TextureMemory,1,0.967032967032967,1.0,0.9361702127659576,90
random_20,620,110,CUDA = 1 AND TextureMemory = 1 AND pixelPerThread = 1,pixelPerThread <= 1.5 AND TextureMemory AND NOT OpenCL,0,1.0,1.0,1.0,90
2-wise,381,72,CUDA = 1 AND TextureMemory = 1 AND pixelPerThread = 1,pixelPerThread <= 1.5 AND TextureMemory AND CUDA,0,1.0,1.0,1.0,90
3-wise,2038,372,CUDA = 1 AND TextureMemory = 1 AND pixelPerThread = 1,pixelPerThread <= 1.5 AND TextureMemory AND NOT OpenCL,0,1.0,1.0,1.0,90
4-wise,6761,1209,CUDA = 1 AND TextureMemory = 1 AND pixelPerThread = 1,pixelPerThread <= 1.5 AND TextureMemory AND NOT OpenCL,0,1.0,1.0,1.0,90
full,13485,2635,CUDA = 1 AND Linear2D = 1 AND TextureMemory = 1,Linear2D,0,1.0,1.0,1.0,91
random_2,62,14,CUDA = 1 AND Linear2D = 1 AND TextureMemory = 1,Linear2D,1,1.0,1.0,1.0,91
random_5,155,27,CUDA = 1 AND Linear2D = 1 AND TextureMemory = 1,Linear2D,2,1.0,1.0,1.0,91
random_10,310,60,CUDA = 1 AND Linear2D = 1 AND TextureMemory = 1,Linear2D,0,1.0,1.0,1.0,91
random_20,620,130,CUDA = 1 AND Linear2D = 1 AND TextureMemory = 1,Linear2D,0,1.0,1.0,1.0,91
2-wise,378,83,CUDA = 1 AND Linear2D = 1 AND TextureMemory = 1,Linear2D,0,1.0,1.0,1.0,91
3-wise,2042,440,CUDA = 1 AND Linear2D = 1 AND TextureMemory = 1,Linear2D,0,1.0,1.0,1.0,91
4-wise,6797,1549,CUDA = 1 AND Linear2D = 1 AND TextureMemory = 1,Linear2D,0,1.0,1.0,1.0,91
full,13485,2132,CUDA = 1 AND TextureMemory = 1 AND pixelPerThread = 2,pixelPerThread <= 2.5 AND pixelPerThread > 1.5 AND TextureMemory AND CUDA,0,1.0,1.0,1.0,92
random_2,62,14,CUDA = 1 AND TextureMemory = 1 AND pixelPerThread = 2,pixelPerThread <= 2.5 AND pixelPerThread > 1.5 AND TextureMemory,1,1.0,1.0,1.0,92
random_5,155,25,CUDA = 1 AND TextureMemory = 1 AND pixelPerThread = 2,pixelPerThread <= 2.5 AND pixelPerThread > 1.5 AND TextureMemory,0,1.0,1.0,1.0,92
random_10,310,51,CUDA = 1 AND TextureMemory = 1 AND pixelPerThread = 2,pixelPerThread <= 2.5 AND pixelPerThread > 1.5 AND TextureMemory AND CUDA,0,1.0,1.0,1.0,92
random_20,620,108,CUDA = 1 AND TextureMemory = 1 AND pixelPerThread = 2,pixelPerThread <= 2.5 AND pixelPerThread > 1.5 AND TextureMemory AND CUDA,0,1.0,1.0,1.0,92
2-wise,375,60,CUDA = 1 AND TextureMemory = 1 AND pixelPerThread = 2,pixelPerThread <= 2.5 AND pixelPerThread > 1.5 AND TextureMemory AND CUDA,0,1.0,1.0,1.0,92
3-wise,2034,324,CUDA = 1 AND TextureMemory = 1 AND pixelPerThread = 2,pixelPerThread <= 2.5 AND pixelPerThread > 1.5 AND TextureMemory AND NOT OpenCL,0,1.0,1.0,1.0,92
4-wise,6782,1194,CUDA = 1 AND TextureMemory = 1 AND pixelPerThread = 2,pixelPerThread <= 2.5 AND pixelPerThread > 1.5 AND TextureMemory AND CUDA,0,1.0,1.0,1.0,92
full,13485,1380,CUDA = 1 AND LocalMemory = 1 AND pixelPerThread = 2,LocalMemory AND pixelPerThread <= 2.5 AND pixelPerThread > 1.5 AND CUDA,0,1.0,1.0,1.0,93
random_2,62,2,CUDA = 1 AND LocalMemory = 1 AND pixelPerThread = 2,bs_256x4 AND padding > 192.0 AND NOT OpenCL,0,0.0,0.0,0.0,93
random_5,155,16,CUDA = 1 AND LocalMemory = 1 AND pixelPerThread = 2,NOT bs_64x4,2,0.175,0.0972222222222222,0.875,93
random_10,310,41,CUDA = 1 AND LocalMemory = 1 AND pixelPerThread = 2,pixelPerThread <= 2.5 AND pixelPerThread > 1.5 AND LocalMemory AND CUDA,0,1.0,1.0,1.0,93
random_20,620,75,CUDA = 1 AND LocalMemory = 1 AND pixelPerThread = 2,LocalMemory AND pixelPerThread <= 2.5 AND pixelPerThread > 1.5 AND NOT OpenCL,0,1.0,1.0,1.0,93
2-wise,379,43,CUDA = 1 AND LocalMemory = 1 AND pixelPerThread = 2,NOT OpenCL AND pixelPerThread <= 2.5 AND pixelPerThread > 1.5 AND LocalMemory,0,1.0,1.0,1.0,93
3-wise,2052,195,CUDA = 1 AND LocalMemory = 1 AND pixelPerThread = 2,LocalMemory AND pixelPerThread <= 2.5 AND pixelPerThread > 1.5 AND NOT OpenCL,0,1.0,1.0,1.0,93
4-wise,6787,656,CUDA = 1 AND LocalMemory = 1 AND pixelPerThread = 2,LocalMemory AND pixelPerThread <= 2.5 AND pixelPerThread > 1.5 AND CUDA,0,1.0,1.0,1.0,93
full,13485,2184,CUDA = 1 AND TextureMemory = 1 AND pixelPerThread = 1,pixelPerThread <= 1.5 AND TextureMemory AND CUDA,0,1.0,1.0,1.0,94
random_2,62,6,CUDA = 1 AND TextureMemory = 1 AND pixelPerThread = 1,pixelPerThread <= 1.5 AND TextureMemory,0,1.0,1.0,1.0,94
random_5,155,26,CUDA = 1 AND TextureMemory = 1 AND pixelPerThread = 1,pixelPerThread <= 1.5 AND TextureMemory AND CUDA,0,1.0,1.0,1.0,94
random_10,310,46,CUDA = 1 AND TextureMemory = 1 AND pixelPerThread = 1,pixelPerThread <= 1.5 AND TextureMemory,0,1.0,1.0,1.0,94
random_20,620,109,CUDA = 1 AND TextureMemory = 1 AND pixelPerThread = 1,pixelPerThread <= 1.5 AND TextureMemory,0,1.0,1.0,1.0,94
2-wise,377,58,CUDA = 1 AND TextureMemory = 1 AND pixelPerThread = 1,pixelPerThread <= 1.5 AND TextureMemory AND CUDA,0,1.0,1.0,1.0,94
3-wise,2039,391,CUDA = 1 AND TextureMemory = 1 AND pixelPerThread = 1,pixelPerThread <= 1.5 AND TextureMemory AND NOT OpenCL,0,1.0,1.0,1.0,94
4-wise,6780,1210,CUDA = 1 AND TextureMemory = 1 AND pixelPerThread = 1,pixelPerThread <= 1.5 AND TextureMemory AND CUDA,0,1.0,1.0,1.0,94
full,13485,1449,CUDA = 1 AND LocalMemory = 1 AND pixelPerThread = 1,pixelPerThread <= 1.5 AND LocalMemory AND CUDA,0,1.0,1.0,1.0,95
random_2,62,5,CUDA = 1 AND LocalMemory = 1 AND pixelPerThread = 1,LocalMemory AND pixelPerThread <= 1.5,1,1.0,1.0,1.0,95
random_5,155,23,CUDA = 1 AND LocalMemory = 1 AND pixelPerThread = 1,pixelPerThread <= 1.5 AND LocalMemory AND CUDA,0,1.0,1.0,1.0,95
random_10,310,34,CUDA = 1 AND LocalMemory = 1 AND pixelPerThread = 1,pixelPerThread <= 1.5 AND LocalMemory AND CUDA,0,1.0,1.0,1.0,95
random_20,620,70,CUDA = 1 AND LocalMemory = 1 AND pixelPerThread = 1,pixelPerThread <= 1.5 AND LocalMemory AND NOT OpenCL,0,1.0,1.0,1.0,95
2-wise,373,40,CUDA = 1 AND LocalMemory = 1 AND pixelPerThread = 1,pixelPerThread <= 1.5 AND LocalMemory AND CUDA,0,1.0,1.0,1.0,95
3-wise,2043,206,CUDA = 1 AND LocalMemory = 1 AND pixelPerThread = 1,pixelPerThread <= 1.5 AND LocalMemory AND CUDA,0,1.0,1.0,1.0,95
4-wise,6794,714,CUDA = 1 AND LocalMemory = 1 AND pixelPerThread = 1,pixelPerThread <= 1.5 AND LocalMemory AND CUDA,0,1.0,1.0,1.0,95
full,13485,1380,CUDA = 1 AND LocalMemory = 1 AND pixelPerThread = 2,LocalMemory AND pixelPerThread <= 2.5 AND pixelPerThread > 1.5 AND NOT OpenCL,0,1.0,1.0,1.0,96
random_2,62,8,CUDA = 1 AND LocalMemory = 1 AND pixelPerThread = 2,NOT bs_256x2 AND Linear2D AND NOT bs_64x16 AND NOT bs_256x1,3,0.4705882352941176,0.4444444444444444,0.5,96
random_5,155,10,CUDA = 1 AND LocalMemory = 1 AND pixelPerThread = 2,NOT bs_32x16,4,0.1273885350318471,0.0680272108843537,1.0,96
random_10,310,35,CUDA = 1 AND LocalMemory = 1 AND pixelPerThread = 2,pixelPerThread <= 2.5 AND NOT bs_64x16 AND pixelPerThread > 1.5 AND LocalMemory,0,0.9315068493150684,0.8947368421052632,0.9714285714285714,96
random_20,620,73,CUDA = 1 AND LocalMemory = 1 AND pixelPerThread = 2,LocalMemory AND pixelPerThread <= 2.5 AND pixelPerThread > 1.5 AND NOT OpenCL,0,1.0,1.0,1.0,96
2-wise,374,35,CUDA = 1 AND LocalMemory = 1 AND pixelPerThread = 2,pixelPerThread > 1.5 AND pixelPerThread <= 2.5 AND LocalMemory AND NOT OpenCL,0,1.0,1.0,1.0,96
3-wise,2043,178,CUDA = 1 AND LocalMemory = 1 AND pixelPerThread = 2,LocalMemory AND pixelPerThread <= 2.5 AND pixelPerThread > 1.5 AND NOT OpenCL,0,1.0,1.0,1.0,96
4-wise,6776,661,CUDA = 1 AND LocalMemory = 1 AND pixelPerThread = 2,LocalMemory AND pixelPerThread <= 2.5 AND pixelPerThread > 1.5 AND NOT OpenCL,0,1.0,1.0,1.0,96
full,13485,2635,CUDA = 1 AND Linear1D = 1 AND TextureMemory = 1,Linear1D,0,1.0,1.0,1.0,97
random_2,62,14,CUDA = 1 AND Linear1D = 1 AND TextureMemory = 1,NOT bs_32x8 AND NOT bs_64x2 AND padding <= 112.0 AND NOT bs_128x1,2,0.3076923076923076,0.3333333333333333,0.2857142857142857,97
random_5,155,29,CUDA = 1 AND Linear1D = 1 AND TextureMemory = 1,NOT bs_128x8 AND padding <= 16.0 AND TextureMemory,1,0.0526315789473684,0.1111111111111111,0.0344827586206896,97
random_10,310,56,CUDA = 1 AND Linear1D = 1 AND TextureMemory = 1,NOT bs_256x2 AND NOT Linear2D AND NOT bs_32x8 AND NOT bs_512x1,3,0.375,0.2361111111111111,0.9107142857142856,97
random_20,620,115,CUDA = 1 AND Linear1D = 1 AND TextureMemory = 1,padding > 144.0 AND NOT bs_32x8 AND NOT Linear2D AND TextureMemory,2,0.5672727272727273,0.4875,0.6782608695652174,97
2-wise,375,84,CUDA = 1 AND Linear1D = 1 AND TextureMemory = 1,Linear1D,0,1.0,1.0,1.0,97
3-wise,2057,443,CUDA = 1 AND Linear1D = 1 AND TextureMemory = 1,NOT Ldg AND Linear1D,0,1.0,1.0,1.0,97
4-wise,6778,1546,CUDA = 1 AND Linear1D = 1 AND TextureMemory = 1,Linear1D,0,1.0,1.0,1.0,97
full,13485,1872,CUDA = 1 AND TextureMemory = 1 AND pixelPerThread = 3,pixelPerThread > 2.5 AND pixelPerThread <= 3.5 AND TextureMemory AND CUDA,0,1.0,1.0,1.0,98
random_2,62,9,CUDA = 1 AND TextureMemory = 1 AND pixelPerThread = 3,NOT bs_32x32 AND NOT bs_64x16 AND NOT bs_512x2,3,0.28125,0.1636363636363636,1.0,98
random_5,155,11,CUDA = 1 AND TextureMemory = 1 AND pixelPerThread = 3,NOT bs_64x16 AND pixelPerThread <= 3.5,3,0.1732283464566929,0.0948275862068965,1.0,98
random_10,310,39,CUDA = 1 AND TextureMemory = 1 AND pixelPerThread = 3,NOT bs_128x1 AND TextureMemory AND NOT bs_32x32,4,0.3505154639175258,0.2193548387096774,0.8717948717948718,98
random_20,620,75,CUDA = 1 AND TextureMemory = 1 AND pixelPerThread = 3,pixelPerThread > 2.5 AND pixelPerThread <= 3.5 AND TextureMemory,1,0.986842105263158,0.974025974025974,1.0,98
2-wise,374,45,CUDA = 1 AND TextureMemory = 1 AND pixelPerThread = 3,TextureMemory,2,0.3249097472924188,0.1939655172413793,1.0,98
3-wise,2054,329,CUDA = 1 AND TextureMemory = 1 AND pixelPerThread = 3,pixelPerThread > 2.5 AND pixelPerThread <= 3.5 AND NOT OpenCL AND TextureMemory,0,1.0,1.0,1.0,98
4-wise,6805,1158,CUDA = 1 AND TextureMemory = 1 AND pixelPerThread = 3,pixelPerThread > 2.5 AND pixelPerThread <= 3.5 AND CUDA,0,0.9562345169281584,0.9161392405063292,1.0,98
full,13485,2635,CUDA = 1 AND Ldg = 1 AND TextureMemory = 1,Ldg,0,1.0,1.0,1.0,99
random_2,62,10,CUDA = 1 AND Ldg = 1 AND TextureMemory = 1,NOT bs_32x1 AND Ldg AND NOT bs_512x1,2,0.9473684210526316,1.0,0.9,99
random_5,155,34,CUDA = 1 AND Ldg = 1 AND TextureMemory = 1,Ldg,0,1.0,1.0,1.0,99
random_10,310,60,CUDA = 1 AND Ldg = 1 AND TextureMemory = 1,Ldg,0,1.0,1.0,1.0,99
random_20,620,122,CUDA = 1 AND Ldg = 1 AND TextureMemory = 1,Ldg,0,1.0,1.0,1.0,99
2-wise,379,88,CUDA = 1 AND Ldg = 1 AND TextureMemory = 1,Ldg,1,1.0,1.0,1.0,99
3-wise,2044,454,CUDA = 1 AND Ldg = 1 AND TextureMemory = 1,Ldg,0,1.0,1.0,1.0,99
4-wise,6769,1546,CUDA = 1 AND Ldg = 1 AND TextureMemory = 1,Ldg,0,1.0,1.0,1.0,99
full,13485,2184,CUDA = 1 AND TextureMemory = 1 AND pixelPerThread = 1,pixelPerThread <= 1.5 AND TextureMemory AND NOT OpenCL,0,1.0,1.0,1.0,9
random_2,62,6,CUDA = 1 AND TextureMemory = 1 AND pixelPerThread = 1,pixelPerThread <= 1.5 AND TextureMemory AND CUDA,0,1.0,1.0,1.0,9
random_5,155,20,CUDA = 1 AND TextureMemory = 1 AND pixelPerThread = 1,pixelPerThread <= 1.5 AND TextureMemory AND padding > 32.0,0,1.0,1.0,1.0,9
random_10,310,53,CUDA = 1 AND TextureMemory = 1 AND pixelPerThread = 1,pixelPerThread <= 1.5 AND TextureMemory AND NOT OpenCL,0,1.0,1.0,1.0,9
random_20,620,102,CUDA = 1 AND TextureMemory = 1 AND pixelPerThread = 1,pixelPerThread <= 1.5 AND TextureMemory AND CUDA,0,1.0,1.0,1.0,9
2-wise,371,53,CUDA = 1 AND TextureMemory = 1 AND pixelPerThread = 1,pixelPerThread <= 1.5 AND TextureMemory AND CUDA,0,1.0,1.0,1.0,9
3-wise,2044,368,CUDA = 1 AND TextureMemory = 1 AND pixelPerThread = 1,pixelPerThread <= 1.5 AND TextureMemory AND CUDA,0,1.0,1.0,1.0,9
4-wise,6768,1199,CUDA = 1 AND TextureMemory = 1 AND pixelPerThread = 1,pixelPerThread <= 1.5 AND TextureMemory AND NOT OpenCL,0,1.0,1.0,1.0,9
