sampling_strategy,sample_size,sg_cardinality,sg_rule,best_rule,best_rule_idx,f1,precision,recall,seed
full,193536,24192,DisableExplicitGC = 1 AND UseAdaptiveGCBoundary = 1 AND UseAdaptiveSizePolicyFootprintGoal = 1,UseAdaptiveSizePolicyFootprintGoal AND UseAdaptiveGCBoundary AND DisableExplicitGC,0,1.0,1.0,1.0,0
random_2,26,3,UseAdaptiveGCBoundary = 1 AND UseAdaptiveSizePolicy = 1 AND UseAdaptiveSizePolicyFootprintGoal = 1,UseAdaptiveGCBoundary AND UseAdaptiveSizePolicy,2,1.0,1.0,1.0,0
random_5,65,8,DisableExplicitGC = 1 AND UseAdaptiveGCBoundary = 1 AND UseAdaptiveSizePolicy = 1,UseAdaptiveSizePolicy AND UseAdaptiveGCBoundary AND DisableExplicitGC,1,1.0,1.0,1.0,0
random_10,130,14,DisableExplicitGC = 1 AND UseAdaptiveGCBoundary = 1 AND UseAdaptiveSizePolicy = 1,UseAdaptiveSizePolicy AND UseAdaptiveGCBoundary AND DisableExplicitGC,0,1.0,1.0,1.0,0
random_20,260,40,UseAdaptiveGCBoundary = 1 AND UseAdaptiveSizeDecayMajorGCCost = 1 AND UseAdaptiveSizePolicyFootprintGoal = 1,UseAdaptiveSizePolicyFootprintGoal AND UseAdaptiveGCBoundary AND UseAdaptiveSizeDecayMajorGCCost,0,1.0,1.0,1.0,0
2-wise,60,6,UseAdaptiveGCBoundary = 1 AND UseAdaptiveSizeDecayMajorGCCost = 1 AND UseAdaptiveSizePolicy = 1,NOT UseAdaptiveGCBoundary AND SurvivorRatio > 8.5 AND MinSurvivorRatio <= 8.5 AND NewRatio > 1.5,0,0.0,0.0,0.0,0
3-wise,288,39,UseAdaptiveSizeDecayMajorGCCost = 1 AND UseAdaptiveSizePolicy = 1 AND UseAdaptiveSizePolicyFootprintGoal = 1,UseAdaptiveSizePolicy AND UseAdaptiveSizePolicyFootprintGoal AND UseAdaptiveSizeDecayMajorGCCost,0,1.0,1.0,1.0,0
4-wise,1148,151,DisableExplicitGC = 1 AND UseAdaptiveGCBoundary = 1 AND UseAdaptiveSizeDecayMajorGCCost = 1,UseAdaptiveSizeDecayMajorGCCost AND DisableExplicitGC AND UseAdaptiveGCBoundary,0,1.0,1.0,1.0,0
full,193536,24192,DisableExplicitGC = 1 AND UseAdaptiveSizePolicy = 1 AND UseAdaptiveSizePolicyFootprintGoal = 1,DisableExplicitGC AND UseAdaptiveSizePolicy AND UseAdaptiveSizePolicyFootprintGoal,0,1.0,1.0,1.0,10
random_2,26,2,DisableExplicitGC = 1 AND UseAdaptiveSizePolicy = 1 AND UseAdaptiveSizePolicyFootprintGoal = 1,MinSurvivorRatio <= 5.5 AND DisableExplicitGC AND NOT TenuredGenerationSizeSupplement_70 AND NOT UseAdaptiveGCBoundary,3,1.0,1.0,1.0,10
random_5,65,9,DisableExplicitGC = 1 AND UseAdaptiveSizePolicy = 1 AND UseAdaptiveSizePolicyFootprintGoal = 1,TenuredGenerationSizeSupplementDecay <= 3.0 AND MinSurvivorRatio <= 5.5 AND UseAdaptiveSizePolicyFootprintGoal,1,0.6153846153846153,1.0,0.4444444444444444,10
random_10,130,17,DisableExplicitGC = 1 AND UseAdaptiveSizePolicy = 1 AND UseAdaptiveSizePolicyFootprintGoal = 1,UseAdaptiveSizePolicy AND UseAdaptiveSizePolicyFootprintGoal AND DisableExplicitGC,0,1.0,1.0,1.0,10
random_20,260,23,DisableExplicitGC = 1 AND UseAdaptiveSizePolicy = 1 AND UseAdaptiveSizePolicyFootprintGoal = 1,UseAdaptiveSizePolicyFootprintGoal AND UseAdaptiveSizePolicy AND DisableExplicitGC,0,1.0,1.0,1.0,10
2-wise,58,9,DisableExplicitGC = 1 AND UseAdaptiveSizePolicy = 1 AND UseAdaptiveSizePolicyFootprintGoal = 1,DisableExplicitGC AND UseAdaptiveSizePolicy AND UseAdaptiveSizePolicyFootprintGoal,1,1.0,1.0,1.0,10
3-wise,293,34,DisableExplicitGC = 1 AND UseAdaptiveSizePolicy = 1 AND UseAdaptiveSizePolicyFootprintGoal = 1,UseAdaptiveSizePolicy AND DisableExplicitGC AND UseAdaptiveSizePolicyFootprintGoal,0,1.0,1.0,1.0,10
4-wise,1148,130,DisableExplicitGC = 1 AND UseAdaptiveSizePolicy = 1 AND UseAdaptiveSizePolicyFootprintGoal = 1,UseAdaptiveSizePolicyFootprintGoal AND DisableExplicitGC AND UseAdaptiveSizePolicy,0,1.0,1.0,1.0,10
full,193536,24192,DisableExplicitGC = 1 AND UseAdaptiveGCBoundary = 1 AND UseAdaptiveSizePolicy = 1,UseAdaptiveGCBoundary AND DisableExplicitGC AND UseAdaptiveSizePolicy,0,1.0,1.0,1.0,11
random_2,26,5,DisableExplicitGC = 1 AND UseAdaptiveGCBoundary = 1 AND UseAdaptiveSizePolicy = 1,NewRatio > 1.5 AND MinSurvivorRatio > 8.5 AND UseAdaptiveSizePolicy AND DisableExplicitGC,1,0.5714285714285715,1.0,0.4,11
random_5,65,14,DisableExplicitGC = 1 AND UseAdaptiveGCBoundary = 1 AND UseAdaptiveSizePolicy = 1,NOT DisableExplicitGC AND MinSurvivorRatio > 2.5 AND TenuredGenerationSizeSupplementDecay > 6.0,0,0.0,0.0,0.0,11
random_10,130,24,DisableExplicitGC = 1 AND UseAdaptiveGCBoundary = 1 AND UseAdaptiveSizePolicy = 1,UseAdaptiveGCBoundary AND TenuredGenerationSizeSupplement_90 AND DisableExplicitGC AND UseAdaptiveSizePolicy,2,0.4516129032258064,1.0,0.2916666666666667,11
random_20,260,46,DisableExplicitGC = 1 AND UseAdaptiveGCBoundary = 1 AND UseAdaptiveSizePolicy = 1,DisableExplicitGC AND UseAdaptiveSizePolicy AND UseAdaptiveGCBoundary,0,1.0,1.0,1.0,11
2-wise,63,15,DisableExplicitGC = 1 AND UseAdaptiveGCBoundary = 1 AND UseAdaptiveSizePolicy = 1,TenuredGenerationSizeSupplement_90 AND SurvivorRatio <= 18.5 AND NewRatio <= 24.0 AND MinSurvivorRatio <= 8.5,0,0.0,0.0,0.0,11
3-wise,292,48,DisableExplicitGC = 1 AND UseAdaptiveGCBoundary = 1 AND UseAdaptiveSizePolicy = 1,UseAdaptiveSizePolicy AND DisableExplicitGC AND UseAdaptiveGCBoundary,0,1.0,1.0,1.0,11
4-wise,1167,155,DisableExplicitGC = 1 AND UseAdaptiveGCBoundary = 1 AND UseAdaptiveSizePolicy = 1,UseAdaptiveSizePolicy AND UseAdaptiveGCBoundary AND DisableExplicitGC,0,1.0,1.0,1.0,11
full,193536,24192,UseAdaptiveSizeDecayMajorGCCost = 1 AND UseAdaptiveSizePolicy = 1 AND UseAdaptiveSizePolicyFootprintGoal = 1,UseAdaptiveSizePolicyFootprintGoal AND UseAdaptiveSizeDecayMajorGCCost AND UseAdaptiveSizePolicy,0,1.0,1.0,1.0,12
random_2,26,4,UseAdaptiveSizeDecayMajorGCCost = 1 AND UseAdaptiveSizePolicy = 1 AND UseAdaptiveSizePolicyFootprintGoal = 1,MinSurvivorRatio <= 5.5 AND UseAdaptiveSizePolicyFootprintGoal AND UseAdaptiveSizePolicy AND UseAdaptiveSizeDecayMajorGCCost,0,1.0,1.0,1.0,12
random_5,65,9,UseAdaptiveSizeDecayMajorGCCost = 1 AND UseAdaptiveSizePolicy = 1 AND UseAdaptiveSizePolicyFootprintGoal = 1,UseAdaptiveSizePolicyFootprintGoal AND UseAdaptiveSizePolicy AND UseAdaptiveSizeDecayMajorGCCost,0,1.0,1.0,1.0,12
random_10,130,25,UseAdaptiveSizeDecayMajorGCCost = 1 AND UseAdaptiveSizePolicy = 1 AND UseAdaptiveSizePolicyFootprintGoal = 1,UseAdaptiveSizeDecayMajorGCCost AND UseAdaptiveSizePolicy AND UseAdaptiveSizePolicyFootprintGoal,0,1.0,1.0,1.0,12
random_20,260,40,UseAdaptiveSizeDecayMajorGCCost = 1 AND UseAdaptiveSizePolicy = 1 AND UseAdaptiveSizePolicyFootprintGoal = 1,UseAdaptiveSizeDecayMajorGCCost AND UseAdaptiveSizePolicyFootprintGoal AND UseAdaptiveSizePolicy,0,1.0,1.0,1.0,12
2-wise,66,9,UseAdaptiveSizeDecayMajorGCCost = 1 AND UseAdaptiveSizePolicy = 1 AND UseAdaptiveSizePolicyFootprintGoal = 1,UseAdaptiveSizeDecayMajorGCCost AND UseAdaptiveSizePolicyFootprintGoal AND UseAdaptiveSizePolicy,0,1.0,1.0,1.0,12
3-wise,293,45,UseAdaptiveSizeDecayMajorGCCost = 1 AND UseAdaptiveSizePolicy = 1 AND UseAdaptiveSizePolicyFootprintGoal = 1,UseAdaptiveSizePolicy AND UseAdaptiveSizeDecayMajorGCCost AND UseAdaptiveSizePolicyFootprintGoal,0,1.0,1.0,1.0,12
4-wise,1153,155,UseAdaptiveSizeDecayMajorGCCost = 1 AND UseAdaptiveSizePolicy = 1 AND UseAdaptiveSizePolicyFootprintGoal = 1,UseAdaptiveSizePolicyFootprintGoal AND UseAdaptiveSizePolicy AND UseAdaptiveSizeDecayMajorGCCost,0,1.0,1.0,1.0,12
full,193536,24192,DisableExplicitGC = 1 AND UseAdaptiveSizeDecayMajorGCCost = 1 AND UseAdaptiveSizePolicyFootprintGoal = 1,DisableExplicitGC AND UseAdaptiveSizePolicyFootprintGoal AND UseAdaptiveSizeDecayMajorGCCost,0,1.0,1.0,1.0,13
random_2,26,2,DisableExplicitGC = 1 AND UseAdaptiveSizeDecayMajorGCCost = 1 AND UseAdaptiveSizePolicyFootprintGoal = 1,NewRatio <= 1.5 AND DisableExplicitGC AND TenuredGenerationSizeSupplementDecay <= 5.0,2,0.5,0.5,0.5,13
random_5,65,7,DisableExplicitGC = 1 AND UseAdaptiveSizeDecayMajorGCCost = 1 AND UseAdaptiveSizePolicyFootprintGoal = 1,SurvivorRatio > 8.5 AND NewRatio <= 6.0 AND NewRatio > 1.5,0,0.0,0.0,0.0,13
random_10,130,22,DisableExplicitGC = 1 AND UseAdaptiveSizeDecayMajorGCCost = 1 AND UseAdaptiveSizePolicyFootprintGoal = 1,UseAdaptiveSizeDecayMajorGCCost AND DisableExplicitGC AND UseAdaptiveSizePolicyFootprintGoal,0,1.0,1.0,1.0,13
random_20,260,39,DisableExplicitGC = 1 AND UseAdaptiveSizeDecayMajorGCCost = 1 AND UseAdaptiveSizePolicyFootprintGoal = 1,UseAdaptiveSizeDecayMajorGCCost AND UseAdaptiveSizePolicyFootprintGoal AND DisableExplicitGC,0,1.0,1.0,1.0,13
2-wise,64,8,DisableExplicitGC = 1 AND UseAdaptiveSizeDecayMajorGCCost = 1 AND UseAdaptiveSizePolicyFootprintGoal = 1,UseAdaptiveSizeDecayMajorGCCost AND NewRatio <= 6.0 AND DisableExplicitGC AND NOT TenuredGenerationSizeSupplement_90,0,0.875,0.875,0.875,13
3-wise,290,44,DisableExplicitGC = 1 AND UseAdaptiveSizeDecayMajorGCCost = 1 AND UseAdaptiveSizePolicyFootprintGoal = 1,DisableExplicitGC AND UseAdaptiveSizeDecayMajorGCCost AND UseAdaptiveSizePolicyFootprintGoal,0,1.0,1.0,1.0,13
4-wise,1138,134,DisableExplicitGC = 1 AND UseAdaptiveSizeDecayMajorGCCost = 1 AND UseAdaptiveSizePolicyFootprintGoal = 1,UseAdaptiveSizePolicyFootprintGoal AND DisableExplicitGC AND UseAdaptiveSizeDecayMajorGCCost,0,1.0,1.0,1.0,13
full,193536,24192,DisableExplicitGC = 1 AND UseAdaptiveSizePolicy = 1 AND UseAdaptiveSizePolicyFootprintGoal = 1,UseAdaptiveSizePolicyFootprintGoal AND UseAdaptiveSizePolicy AND DisableExplicitGC,0,1.0,1.0,1.0,14
random_2,26,5,DisableExplicitGC = 1 AND UseAdaptiveSizePolicy = 1 AND UseAdaptiveSizePolicyFootprintGoal = 1,UseAdaptiveSizePolicyFootprintGoal AND NOT TenuredGenerationSizeSupplement_70 AND UseAdaptiveSizePolicy AND DisableExplicitGC,2,0.888888888888889,1.0,0.8,14
random_5,65,12,DisableExplicitGC = 1 AND UseAdaptiveSizePolicy = 1 AND UseAdaptiveSizePolicyFootprintGoal = 1,NewRatio <= 3.0 AND NOT UseAdaptiveSizePolicy AND NOT TenuredGenerationSizeSupplement_50 AND MinSurvivorRatio <= 5.5,0,0.0,0.0,0.0,14
random_10,130,26,DisableExplicitGC = 1 AND UseAdaptiveSizePolicy = 1 AND UseAdaptiveSizePolicyFootprintGoal = 1,DisableExplicitGC AND TenuredGenerationSizeSupplement_50 AND MaxTenuringThreshold > 12.5 AND NewRatio <= 6.0,3,0.125,0.3333333333333333,0.0769230769230769,14
random_20,260,34,DisableExplicitGC = 1 AND UseAdaptiveSizePolicy = 1 AND UseAdaptiveSizePolicyFootprintGoal = 1,TenuredGenerationSizeSupplementDecay <= 12.0,1,0.1858407079646017,0.109375,0.6176470588235294,14
2-wise,60,10,DisableExplicitGC = 1 AND UseAdaptiveSizePolicy = 1 AND UseAdaptiveSizePolicyFootprintGoal = 1,NOT UseAdaptiveSizePolicy AND MinSurvivorRatio <= 5.5 AND NewRatio > 6.0,0,0.0,0.0,0.0,14
3-wise,293,29,DisableExplicitGC = 1 AND UseAdaptiveSizePolicy = 1 AND UseAdaptiveSizePolicyFootprintGoal = 1,UseAdaptiveSizePolicyFootprintGoal AND DisableExplicitGC AND UseAdaptiveSizePolicy,0,1.0,1.0,1.0,14
4-wise,1137,141,DisableExplicitGC = 1 AND UseAdaptiveSizePolicy = 1 AND UseAdaptiveSizePolicyFootprintGoal = 1,TenuredGenerationSizeSupplementDecay > 3.0,0,0.2181818181818181,0.127208480565371,0.7659574468085106,14
full,193536,24192,DisableExplicitGC = 1 AND UseAdaptiveSizeDecayMajorGCCost = 1 AND UseAdaptiveSizePolicy = 1,UseAdaptiveSizeDecayMajorGCCost AND DisableExplicitGC AND UseAdaptiveSizePolicy,0,1.0,1.0,1.0,15
random_2,26,5,DisableExplicitGC = 1 AND UseAdaptiveSizeDecayMajorGCCost = 1 AND UseAdaptiveSizePolicy = 1,UseAdaptiveSizeDecayMajorGCCost AND DisableExplicitGC AND NOT TenuredGenerationSizeSupplement_50,1,1.0,1.0,1.0,15
random_5,65,7,DisableExplicitGC = 1 AND UseAdaptiveSizeDecayMajorGCCost = 1 AND UseAdaptiveSizePolicy = 1,UseAdaptiveSizeDecayMajorGCCost AND DisableExplicitGC AND UseAdaptiveSizePolicy,0,1.0,1.0,1.0,15
random_10,130,15,DisableExplicitGC = 1 AND UseAdaptiveSizeDecayMajorGCCost = 1 AND UseAdaptiveSizePolicy = 1,TenuredGenerationSizeSupplement_90 AND DisableExplicitGC AND UseAdaptiveSizePolicy AND UseAdaptiveSizeDecayMajorGCCost,0,0.846153846153846,1.0,0.7333333333333333,15
random_20,260,38,DisableExplicitGC = 1 AND UseAdaptiveSizeDecayMajorGCCost = 1 AND UseAdaptiveSizePolicy = 1,UseAdaptiveSizeDecayMajorGCCost AND DisableExplicitGC AND UseAdaptiveSizePolicy,0,1.0,1.0,1.0,15
2-wise,60,8,DisableExplicitGC = 1 AND UseAdaptiveSizeDecayMajorGCCost = 1 AND UseAdaptiveSizePolicy = 1,DisableExplicitGC AND UseAdaptiveSizeDecayMajorGCCost AND SurvivorRatio <= 28.5 AND UseAdaptiveSizePolicy,0,0.9333333333333332,1.0,0.875,15
3-wise,298,39,DisableExplicitGC = 1 AND UseAdaptiveSizeDecayMajorGCCost = 1 AND UseAdaptiveSizePolicy = 1,UseAdaptiveSizePolicy AND DisableExplicitGC AND UseAdaptiveSizeDecayMajorGCCost,0,1.0,1.0,1.0,15
4-wise,1126,129,DisableExplicitGC = 1 AND UseAdaptiveSizeDecayMajorGCCost = 1 AND UseAdaptiveSizePolicy = 1,UseAdaptiveSizePolicy AND DisableExplicitGC AND UseAdaptiveSizeDecayMajorGCCost,0,1.0,1.0,1.0,15
full,193536,24192,UseAdaptiveSizeDecayMajorGCCost = 1 AND UseAdaptiveSizePolicy = 1 AND UseAdaptiveSizePolicyFootprintGoal = 1,UseAdaptiveSizePolicyFootprintGoal AND UseAdaptiveSizeDecayMajorGCCost AND UseAdaptiveSizePolicy,0,1.0,1.0,1.0,16
random_2,26,1,UseAdaptiveSizeDecayMajorGCCost = 1 AND UseAdaptiveSizePolicy = 1 AND UseAdaptiveSizePolicyFootprintGoal = 1,NewRatio <= 24.0 AND NOT TenuredGenerationSizeSupplement_70 AND MinSurvivorRatio > 2.5,0,0.0,0.0,0.0,16
random_5,65,11,UseAdaptiveSizeDecayMajorGCCost = 1 AND UseAdaptiveSizePolicy = 1 AND UseAdaptiveSizePolicyFootprintGoal = 1,UseAdaptiveSizeDecayMajorGCCost AND UseAdaptiveSizePolicy AND UseAdaptiveSizePolicyFootprintGoal,1,1.0,1.0,1.0,16
random_10,130,22,UseAdaptiveSizeDecayMajorGCCost = 1 AND UseAdaptiveSizePolicy = 1 AND UseAdaptiveSizePolicyFootprintGoal = 1,UseAdaptiveSizePolicy AND UseAdaptiveSizePolicyFootprintGoal AND UseAdaptiveSizeDecayMajorGCCost,0,1.0,1.0,1.0,16
random_20,260,36,UseAdaptiveSizeDecayMajorGCCost = 1 AND UseAdaptiveSizePolicy = 1 AND UseAdaptiveSizePolicyFootprintGoal = 1,UseAdaptiveSizeDecayMajorGCCost AND UseAdaptiveSizePolicyFootprintGoal AND UseAdaptiveSizePolicy,0,1.0,1.0,1.0,16
2-wise,60,8,UseAdaptiveSizeDecayMajorGCCost = 1 AND UseAdaptiveSizePolicy = 1 AND UseAdaptiveSizePolicyFootprintGoal = 1,UseAdaptiveSizeDecayMajorGCCost AND UseAdaptiveSizePolicy AND UseAdaptiveSizePolicyFootprintGoal,2,1.0,1.0,1.0,16
3-wise,297,40,UseAdaptiveSizeDecayMajorGCCost = 1 AND UseAdaptiveSizePolicy = 1 AND UseAdaptiveSizePolicyFootprintGoal = 1,UseAdaptiveSizePolicyFootprintGoal AND UseAdaptiveSizeDecayMajorGCCost AND UseAdaptiveSizePolicy,0,1.0,1.0,1.0,16
4-wise,1152,137,UseAdaptiveSizeDecayMajorGCCost = 1 AND UseAdaptiveSizePolicy = 1 AND UseAdaptiveSizePolicyFootprintGoal = 1,UseAdaptiveSizePolicy AND UseAdaptiveSizePolicyFootprintGoal AND UseAdaptiveSizeDecayMajorGCCost,0,1.0,1.0,1.0,16
full,193536,24192,UseAdaptiveGCBoundary = 1 AND UseAdaptiveSizeDecayMajorGCCost = 1 AND UseAdaptiveSizePolicyFootprintGoal = 1,UseAdaptiveSizeDecayMajorGCCost AND UseAdaptiveGCBoundary AND UseAdaptiveSizePolicyFootprintGoal,0,1.0,1.0,1.0,17
random_2,26,1,UseAdaptiveGCBoundary = 1 AND UseAdaptiveSizeDecayMajorGCCost = 1 AND UseAdaptiveSizePolicyFootprintGoal = 1,MinSurvivorRatio > 2.5 AND MaxTenuringThreshold <= 12.5 AND SurvivorRatio > 3.5,0,0.0,0.0,0.0,17
random_5,65,4,UseAdaptiveGCBoundary = 1 AND UseAdaptiveSizeDecayMajorGCCost = 1 AND UseAdaptiveSizePolicyFootprintGoal = 1,UseAdaptiveGCBoundary AND TenuredGenerationSizeSupplement_90 AND MinSurvivorRatio > 2.5 AND NewRatio > 3.0,4,0.4,0.3333333333333333,0.5,17
random_10,130,9,UseAdaptiveGCBoundary = 1 AND UseAdaptiveSizeDecayMajorGCCost = 1 AND UseAdaptiveSizePolicyFootprintGoal = 1,MinSurvivorRatio <= 2.5 AND MaxTenuringThreshold > 7.5,0,0.0,0.0,0.0,17
random_20,260,21,UseAdaptiveGCBoundary = 1 AND UseAdaptiveSizeDecayMajorGCCost = 1 AND UseAdaptiveSizePolicyFootprintGoal = 1,UseAdaptiveGCBoundary AND UseAdaptiveSizeDecayMajorGCCost AND UseAdaptiveSizePolicyFootprintGoal,0,1.0,1.0,1.0,17
2-wise,60,3,UseAdaptiveGCBoundary = 1 AND UseAdaptiveSizeDecayMajorGCCost = 1 AND UseAdaptiveSizePolicyFootprintGoal = 1,NewRatio <= 3.0 AND MaxTenuringThreshold > 12.5 AND NOT UseAdaptiveSizePolicy AND NOT TenuredGenerationSizeSupplement_50,0,0.0,0.0,0.0,17
3-wise,302,23,UseAdaptiveGCBoundary = 1 AND UseAdaptiveSizeDecayMajorGCCost = 1 AND UseAdaptiveSizePolicyFootprintGoal = 1,TenuredGenerationSizeSupplementDecay <= 6.0 AND NewRatio > 1.5 AND SurvivorRatio <= 8.5 AND NewRatio <= 12.0,2,0.048780487804878,0.0555555555555555,0.0434782608695652,17
4-wise,1137,140,UseAdaptiveGCBoundary = 1 AND UseAdaptiveSizeDecayMajorGCCost = 1 AND UseAdaptiveSizePolicyFootprintGoal = 1,UseAdaptiveSizePolicyFootprintGoal AND UseAdaptiveGCBoundary AND UseAdaptiveSizeDecayMajorGCCost,0,1.0,1.0,1.0,17
full,193536,24192,DisableExplicitGC = 1 AND UseAdaptiveSizeDecayMajorGCCost = 1 AND UseAdaptiveSizePolicy = 1,DisableExplicitGC AND UseAdaptiveSizePolicy AND UseAdaptiveSizeDecayMajorGCCost,0,1.0,1.0,1.0,18
random_2,26,4,DisableExplicitGC = 1 AND UseAdaptiveSizeDecayMajorGCCost = 1 AND UseAdaptiveSizePolicy = 1,UseAdaptiveSizeDecayMajorGCCost AND DisableExplicitGC AND UseAdaptiveSizePolicy,1,1.0,1.0,1.0,18
random_5,65,8,DisableExplicitGC = 1 AND UseAdaptiveSizeDecayMajorGCCost = 1 AND UseAdaptiveSizePolicy = 1,UseAdaptiveSizePolicy AND UseAdaptiveSizeDecayMajorGCCost AND DisableExplicitGC,1,1.0,1.0,1.0,18
random_10,130,14,DisableExplicitGC = 1 AND UseAdaptiveSizeDecayMajorGCCost = 1 AND UseAdaptiveSizePolicy = 1,DisableExplicitGC AND UseAdaptiveSizeDecayMajorGCCost AND UseAdaptiveSizePolicy,2,1.0,1.0,1.0,18
random_20,260,32,DisableExplicitGC = 1 AND UseAdaptiveSizeDecayMajorGCCost = 1 AND UseAdaptiveSizePolicy = 1,UseAdaptiveSizePolicy AND UseAdaptiveSizeDecayMajorGCCost AND DisableExplicitGC,0,1.0,1.0,1.0,18
2-wise,61,9,DisableExplicitGC = 1 AND UseAdaptiveSizeDecayMajorGCCost = 1 AND UseAdaptiveSizePolicy = 1,UseAdaptiveSizePolicy AND UseAdaptiveSizeDecayMajorGCCost AND DisableExplicitGC,1,1.0,1.0,1.0,18
3-wise,293,36,DisableExplicitGC = 1 AND UseAdaptiveSizeDecayMajorGCCost = 1 AND UseAdaptiveSizePolicy = 1,DisableExplicitGC AND UseAdaptiveSizeDecayMajorGCCost AND UseAdaptiveSizePolicy,0,1.0,1.0,1.0,18
4-wise,1136,138,DisableExplicitGC = 1 AND UseAdaptiveSizeDecayMajorGCCost = 1 AND UseAdaptiveSizePolicy = 1,UseAdaptiveSizeDecayMajorGCCost AND DisableExplicitGC AND UseAdaptiveSizePolicy,0,1.0,1.0,1.0,18
full,193536,24192,DisableExplicitGC = 1 AND UseAdaptiveGCBoundary = 1 AND UseAdaptiveSizeDecayMajorGCCost = 1,UseAdaptiveGCBoundary AND UseAdaptiveSizeDecayMajorGCCost AND DisableExplicitGC,0,1.0,1.0,1.0,19
random_2,26,8,DisableExplicitGC = 1 AND UseAdaptiveGCBoundary = 1 AND UseAdaptiveSizeDecayMajorGCCost = 1,SurvivorRatio <= 23.5 AND MaxTenuringThreshold > 12.5 AND MinSurvivorRatio > 2.5 AND TenuredGenerationSizeSupplementDecay > 12.0,0,0.0,0.0,0.0,19
random_5,65,11,DisableExplicitGC = 1 AND UseAdaptiveGCBoundary = 1 AND UseAdaptiveSizeDecayMajorGCCost = 1,NOT UseAdaptiveSizePolicyFootprintGoal AND SurvivorRatio > 13.5,3,0.0769230769230769,0.0666666666666666,0.0909090909090909,19
random_10,130,18,DisableExplicitGC = 1 AND UseAdaptiveGCBoundary = 1 AND UseAdaptiveSizeDecayMajorGCCost = 1,MaxTenuringThreshold <= 7.5 AND NOT UseAdaptiveSizePolicy,4,0.1428571428571428,0.125,0.1666666666666666,19
random_20,260,31,DisableExplicitGC = 1 AND UseAdaptiveGCBoundary = 1 AND UseAdaptiveSizeDecayMajorGCCost = 1,NewRatio <= 1.5 AND UseAdaptiveSizePolicyFootprintGoal,2,0.0333333333333333,0.0344827586206896,0.032258064516129,19
2-wise,66,10,DisableExplicitGC = 1 AND UseAdaptiveGCBoundary = 1 AND UseAdaptiveSizeDecayMajorGCCost = 1,NewRatio <= 24.0 AND SurvivorRatio <= 28.5,1,0.2033898305084745,0.1224489795918367,0.6,19
3-wise,293,32,DisableExplicitGC = 1 AND UseAdaptiveGCBoundary = 1 AND UseAdaptiveSizeDecayMajorGCCost = 1,UseAdaptiveGCBoundary,2,0.378698224852071,0.2335766423357664,1.0,19
4-wise,1168,165,DisableExplicitGC = 1 AND UseAdaptiveGCBoundary = 1 AND UseAdaptiveSizeDecayMajorGCCost = 1,NOT TenuredGenerationSizeSupplement_50 AND NewRatio > 1.5 AND UseAdaptiveGCBoundary,4,0.376984126984127,0.28023598820059,0.5757575757575758,19
full,193536,24192,DisableExplicitGC = 1 AND UseAdaptiveSizePolicy = 1 AND UseAdaptiveSizePolicyFootprintGoal = 1,UseAdaptiveSizePolicyFootprintGoal AND DisableExplicitGC AND UseAdaptiveSizePolicy,0,1.0,1.0,1.0,1
random_2,26,2,DisableExplicitGC = 1 AND UseAdaptiveSizePolicy = 1 AND UseAdaptiveSizePolicyFootprintGoal = 1,TenuredGenerationSizeSupplementDecay > 12.0 AND UseAdaptiveSizePolicy,4,0.4,0.3333333333333333,0.5,1
random_5,65,8,DisableExplicitGC = 1 AND UseAdaptiveSizePolicy = 1 AND UseAdaptiveSizePolicyFootprintGoal = 1,DisableExplicitGC AND UseAdaptiveSizePolicyFootprintGoal AND UseAdaptiveSizePolicy,0,1.0,1.0,1.0,1
random_10,130,16,DisableExplicitGC = 1 AND UseAdaptiveSizePolicy = 1 AND UseAdaptiveSizePolicyFootprintGoal = 1,DisableExplicitGC AND UseAdaptiveSizePolicyFootprintGoal AND UseAdaptiveSizePolicy,0,1.0,1.0,1.0,1
random_20,260,31,DisableExplicitGC = 1 AND UseAdaptiveSizePolicy = 1 AND UseAdaptiveSizePolicyFootprintGoal = 1,UseAdaptiveSizePolicy AND UseAdaptiveSizePolicyFootprintGoal AND DisableExplicitGC,0,1.0,1.0,1.0,1
2-wise,64,8,DisableExplicitGC = 1 AND UseAdaptiveSizePolicy = 1 AND UseAdaptiveSizePolicyFootprintGoal = 1,UseAdaptiveSizePolicyFootprintGoal AND MinSurvivorRatio > 8.5 AND SurvivorRatio <= 28.5 AND DisableExplicitGC,0,0.8571428571428571,1.0,0.75,1
3-wise,297,36,DisableExplicitGC = 1 AND UseAdaptiveSizePolicy = 1 AND UseAdaptiveSizePolicyFootprintGoal = 1,UseAdaptiveSizePolicyFootprintGoal AND UseAdaptiveSizePolicy AND DisableExplicitGC,0,1.0,1.0,1.0,1
4-wise,1138,139,DisableExplicitGC = 1 AND UseAdaptiveSizePolicy = 1 AND UseAdaptiveSizePolicyFootprintGoal = 1,UseAdaptiveSizePolicy AND UseAdaptiveSizePolicyFootprintGoal AND DisableExplicitGC,0,1.0,1.0,1.0,1
full,193536,24192,UseAdaptiveGCBoundary = 1 AND UseAdaptiveSizePolicy = 1 AND UseAdaptiveSizePolicyFootprintGoal = 1,UseAdaptiveSizePolicyFootprintGoal AND UseAdaptiveGCBoundary AND UseAdaptiveSizePolicy,0,1.0,1.0,1.0,20
random_2,26,1,UseAdaptiveGCBoundary = 1 AND UseAdaptiveSizePolicy = 1 AND UseAdaptiveSizePolicyFootprintGoal = 1,NewRatio > 1.5 AND MinSurvivorRatio > 8.5 AND NOT TenuredGenerationSizeSupplement_90,0,0.0,0.0,0.0,20
random_5,65,3,UseAdaptiveGCBoundary = 1 AND UseAdaptiveSizePolicy = 1 AND UseAdaptiveSizePolicyFootprintGoal = 1,MinSurvivorRatio > 2.5 AND NewRatio <= 1.5 AND SurvivorRatio > 3.5,0,0.0,0.0,0.0,20
random_10,130,8,UseAdaptiveGCBoundary = 1 AND UseAdaptiveSizePolicy = 1 AND UseAdaptiveSizePolicyFootprintGoal = 1,NOT TenuredGenerationSizeSupplement_70 AND NOT UseAdaptiveSizePolicyFootprintGoal AND MaxTenuringThreshold > 7.5 AND NewRatio > 3.0,0,0.0,0.0,0.0,20
random_20,260,23,UseAdaptiveGCBoundary = 1 AND UseAdaptiveSizePolicy = 1 AND UseAdaptiveSizePolicyFootprintGoal = 1,SurvivorRatio > 8.5,3,0.1784037558685446,0.1,0.8260869565217391,20
2-wise,62,2,UseAdaptiveGCBoundary = 1 AND UseAdaptiveSizePolicy = 1 AND UseAdaptiveSizePolicyFootprintGoal = 1,TenuredGenerationSizeSupplement_50 AND MaxTenuringThreshold <= 7.5 AND TenuredGenerationSizeSupplementDecay <= 12.0 AND SurvivorRatio <= 8.5,0,0.0,0.0,0.0,20
3-wise,295,25,UseAdaptiveGCBoundary = 1 AND UseAdaptiveSizePolicy = 1 AND UseAdaptiveSizePolicyFootprintGoal = 1,SurvivorRatio > 18.5 AND NewRatio > 12.0 AND NOT TenuredGenerationSizeSupplement_70,1,0.0357142857142857,0.032258064516129,0.04,20
4-wise,1147,125,UseAdaptiveGCBoundary = 1 AND UseAdaptiveSizePolicy = 1 AND UseAdaptiveSizePolicyFootprintGoal = 1,UseAdaptiveSizePolicy AND NewRatio > 1.5 AND UseAdaptiveSizePolicyFootprintGoal AND MinSurvivorRatio > 2.5,4,0.5104895104895105,0.453416149068323,0.584,20
full,193536,24192,DisableExplicitGC = 1 AND UseAdaptiveGCBoundary = 1 AND UseAdaptiveSizePolicyFootprintGoal = 1,UseAdaptiveSizePolicyFootprintGoal AND UseAdaptiveGCBoundary AND DisableExplicitGC,0,1.0,1.0,1.0,21
random_2,26,3,DisableExplicitGC = 1 AND UseAdaptiveGCBoundary = 1 AND UseAdaptiveSizePolicyFootprintGoal = 1,UseAdaptiveGCBoundary AND UseAdaptiveSizeDecayMajorGCCost AND DisableExplicitGC AND UseAdaptiveSizePolicyFootprintGoal,4,1.0,1.0,1.0,21
random_5,65,8,DisableExplicitGC = 1 AND UseAdaptiveGCBoundary = 1 AND UseAdaptiveSizePolicyFootprintGoal = 1,UseAdaptiveSizePolicyFootprintGoal AND NewRatio > 12.0 AND NOT UseAdaptiveSizePolicy AND UseAdaptiveSizeDecayMajorGCCost,0,0.0,0.0,0.0,21
random_10,130,12,DisableExplicitGC = 1 AND UseAdaptiveGCBoundary = 1 AND UseAdaptiveSizePolicyFootprintGoal = 1,DisableExplicitGC AND UseAdaptiveGCBoundary AND UseAdaptiveSizePolicyFootprintGoal,0,1.0,1.0,1.0,21
random_20,260,28,DisableExplicitGC = 1 AND UseAdaptiveGCBoundary = 1 AND UseAdaptiveSizePolicyFootprintGoal = 1,DisableExplicitGC AND UseAdaptiveSizePolicyFootprintGoal AND UseAdaptiveGCBoundary,0,1.0,1.0,1.0,21
2-wise,64,9,DisableExplicitGC = 1 AND UseAdaptiveGCBoundary = 1 AND UseAdaptiveSizePolicyFootprintGoal = 1,DisableExplicitGC AND NOT TenuredGenerationSizeSupplement_50 AND NOT UseAdaptiveGCBoundary AND NewRatio <= 10.0,0,0.0,0.0,0.0,21
3-wise,300,29,DisableExplicitGC = 1 AND UseAdaptiveGCBoundary = 1 AND UseAdaptiveSizePolicyFootprintGoal = 1,UseAdaptiveSizePolicyFootprintGoal AND UseAdaptiveGCBoundary AND DisableExplicitGC,0,1.0,1.0,1.0,21
4-wise,1147,116,DisableExplicitGC = 1 AND UseAdaptiveGCBoundary = 1 AND UseAdaptiveSizePolicyFootprintGoal = 1,UseAdaptiveSizePolicyFootprintGoal AND DisableExplicitGC AND UseAdaptiveGCBoundary,0,1.0,1.0,1.0,21
full,193536,24192,UseAdaptiveGCBoundary = 1 AND UseAdaptiveSizePolicy = 1 AND UseAdaptiveSizePolicyFootprintGoal = 1,UseAdaptiveSizePolicyFootprintGoal AND UseAdaptiveSizePolicy AND UseAdaptiveGCBoundary,0,1.0,1.0,1.0,22
random_2,26,3,UseAdaptiveGCBoundary = 1 AND UseAdaptiveSizePolicy = 1 AND UseAdaptiveSizePolicyFootprintGoal = 1,NewRatio <= 24.0 AND MaxTenuringThreshold > 12.5 AND SurvivorRatio > 23.5 AND TenuredGenerationSizeSupplementDecay > 6.0,0,0.0,0.0,0.0,22
random_5,65,8,UseAdaptiveGCBoundary = 1 AND UseAdaptiveSizePolicy = 1 AND UseAdaptiveSizePolicyFootprintGoal = 1,NOT UseAdaptiveSizePolicyFootprintGoal AND NOT DisableExplicitGC AND SurvivorRatio > 8.5 AND SurvivorRatio <= 13.5,0,0.0,0.0,0.0,22
random_10,130,15,UseAdaptiveGCBoundary = 1 AND UseAdaptiveSizePolicy = 1 AND UseAdaptiveSizePolicyFootprintGoal = 1,SurvivorRatio <= 18.5 AND NewRatio <= 6.0 AND MinSurvivorRatio > 2.5 AND DisableExplicitGC,1,0.1714285714285714,0.15,0.2,22
random_20,260,39,UseAdaptiveGCBoundary = 1 AND UseAdaptiveSizePolicy = 1 AND UseAdaptiveSizePolicyFootprintGoal = 1,NewRatio > 1.5,1,0.2334630350194552,0.1376146788990825,0.7692307692307693,22
2-wise,64,9,UseAdaptiveGCBoundary = 1 AND UseAdaptiveSizePolicy = 1 AND UseAdaptiveSizePolicyFootprintGoal = 1,NOT UseAdaptiveGCBoundary AND TenuredGenerationSizeSupplementDecay <= 12.0 AND MaxTenuringThreshold > 7.5 AND NewRatio <= 12.0,0,0.0,0.0,0.0,22
3-wise,302,40,UseAdaptiveGCBoundary = 1 AND UseAdaptiveSizePolicy = 1 AND UseAdaptiveSizePolicyFootprintGoal = 1,MinSurvivorRatio > 2.5 AND NewRatio <= 1.5 AND TenuredGenerationSizeSupplement_50 AND NOT UseAdaptiveSizeDecayMajorGCCost,0,0.0,0.0,0.0,22
4-wise,1147,133,UseAdaptiveGCBoundary = 1 AND UseAdaptiveSizePolicy = 1 AND UseAdaptiveSizePolicyFootprintGoal = 1,TenuredGenerationSizeSupplement_70,1,0.2051282051282051,0.1390374331550802,0.3909774436090225,22
full,193536,24192,DisableExplicitGC = 1 AND UseAdaptiveSizeDecayMajorGCCost = 1 AND UseAdaptiveSizePolicy = 1,UseAdaptiveSizePolicy AND UseAdaptiveSizeDecayMajorGCCost AND DisableExplicitGC,0,1.0,1.0,1.0,23
random_2,26,3,DisableExplicitGC = 1 AND UseAdaptiveSizeDecayMajorGCCost = 1 AND UseAdaptiveSizePolicy = 1,MaxTenuringThreshold > 7.5 AND NOT TenuredGenerationSizeSupplement_70 AND NOT UseAdaptiveGCBoundary AND MinSurvivorRatio > 5.5,0,0.0,0.0,0.0,23
random_5,65,7,DisableExplicitGC = 1 AND UseAdaptiveSizeDecayMajorGCCost = 1 AND UseAdaptiveSizePolicy = 1,SurvivorRatio > 13.5 AND MaxTenuringThreshold > 12.5,2,0.2608695652173912,0.1875,0.4285714285714285,23
random_10,130,17,DisableExplicitGC = 1 AND UseAdaptiveSizeDecayMajorGCCost = 1 AND UseAdaptiveSizePolicy = 1,TenuredGenerationSizeSupplement_70 AND UseAdaptiveSizePolicyFootprintGoal,1,0.1666666666666666,0.1578947368421052,0.1764705882352941,23
random_20,260,34,DisableExplicitGC = 1 AND UseAdaptiveSizeDecayMajorGCCost = 1 AND UseAdaptiveSizePolicy = 1,TenuredGenerationSizeSupplementDecay > 3.0 AND MinSurvivorRatio > 2.5 AND TenuredGenerationSizeSupplementDecay > 6.0,4,0.1935483870967741,0.1333333333333333,0.3529411764705882,23
2-wise,64,8,DisableExplicitGC = 1 AND UseAdaptiveSizeDecayMajorGCCost = 1 AND UseAdaptiveSizePolicy = 1,NewRatio > 3.0 AND NOT TenuredGenerationSizeSupplement_90 AND UseAdaptiveSizeDecayMajorGCCost AND TenuredGenerationSizeSupplementDecay > 6.0,3,0.1176470588235294,0.1111111111111111,0.125,23
3-wise,291,40,DisableExplicitGC = 1 AND UseAdaptiveSizeDecayMajorGCCost = 1 AND UseAdaptiveSizePolicy = 1,TenuredGenerationSizeSupplementDecay > 3.0,4,0.2431372549019608,0.1441860465116279,0.775,23
4-wise,1136,145,DisableExplicitGC = 1 AND UseAdaptiveSizeDecayMajorGCCost = 1 AND UseAdaptiveSizePolicy = 1,NewRatio > 6.0,0,0.2237762237762237,0.1403508771929824,0.5517241379310345,23
full,193536,24192,DisableExplicitGC = 1 AND UseAdaptiveSizeDecayMajorGCCost = 1 AND UseAdaptiveSizePolicy = 1,UseAdaptiveSizeDecayMajorGCCost AND DisableExplicitGC AND UseAdaptiveSizePolicy,0,1.0,1.0,1.0,24
random_2,26,2,DisableExplicitGC = 1 AND UseAdaptiveSizeDecayMajorGCCost = 1 AND UseAdaptiveSizePolicy = 1,NewRatio <= 24.0 AND SurvivorRatio <= 8.5 AND TenuredGenerationSizeSupplementDecay <= 6.0 AND UseAdaptiveSizePolicy,0,0.0,0.0,0.0,24
random_5,65,8,DisableExplicitGC = 1 AND UseAdaptiveSizeDecayMajorGCCost = 1 AND UseAdaptiveSizePolicy = 1,NewRatio <= 12.0 AND NOT UseAdaptiveGCBoundary AND SurvivorRatio > 28.5 AND NewRatio <= 1.5,4,0.2,0.5,0.125,24
random_10,130,14,DisableExplicitGC = 1 AND UseAdaptiveSizeDecayMajorGCCost = 1 AND UseAdaptiveSizePolicy = 1,UseAdaptiveSizeDecayMajorGCCost AND DisableExplicitGC AND UseAdaptiveSizePolicy,0,1.0,1.0,1.0,24
random_20,260,28,DisableExplicitGC = 1 AND UseAdaptiveSizeDecayMajorGCCost = 1 AND UseAdaptiveSizePolicy = 1,NOT UseAdaptiveGCBoundary AND UseAdaptiveSizePolicy AND DisableExplicitGC AND UseAdaptiveSizeDecayMajorGCCost,0,0.782608695652174,1.0,0.6428571428571429,24
2-wise,62,7,DisableExplicitGC = 1 AND UseAdaptiveSizeDecayMajorGCCost = 1 AND UseAdaptiveSizePolicy = 1,TenuredGenerationSizeSupplementDecay > 6.0 AND NOT UseAdaptiveSizeDecayMajorGCCost AND SurvivorRatio <= 28.5 AND DisableExplicitGC,0,0.0,0.0,0.0,24
3-wise,299,29,DisableExplicitGC = 1 AND UseAdaptiveSizeDecayMajorGCCost = 1 AND UseAdaptiveSizePolicy = 1,UseAdaptiveSizePolicy AND UseAdaptiveSizeDecayMajorGCCost AND DisableExplicitGC,0,1.0,1.0,1.0,24
4-wise,1163,127,DisableExplicitGC = 1 AND UseAdaptiveSizeDecayMajorGCCost = 1 AND UseAdaptiveSizePolicy = 1,DisableExplicitGC AND UseAdaptiveSizePolicy AND UseAdaptiveSizeDecayMajorGCCost,0,1.0,1.0,1.0,24
full,193536,24192,DisableExplicitGC = 1 AND UseAdaptiveSizePolicy = 1 AND UseAdaptiveSizePolicyFootprintGoal = 1,UseAdaptiveSizePolicy AND DisableExplicitGC AND UseAdaptiveSizePolicyFootprintGoal,0,1.0,1.0,1.0,25
random_2,26,2,DisableExplicitGC = 1 AND UseAdaptiveSizePolicy = 1 AND UseAdaptiveSizePolicyFootprintGoal = 1,SurvivorRatio <= 18.5 AND TenuredGenerationSizeSupplementDecay > 12.0 AND NOT TenuredGenerationSizeSupplement_70 AND SurvivorRatio > 8.5,0,0.0,0.0,0.0,25
random_5,65,6,DisableExplicitGC = 1 AND UseAdaptiveSizePolicy = 1 AND UseAdaptiveSizePolicyFootprintGoal = 1,UseAdaptiveSizePolicyFootprintGoal AND SurvivorRatio <= 13.5 AND DisableExplicitGC,0,0.8,1.0,0.6666666666666666,25
random_10,130,15,DisableExplicitGC = 1 AND UseAdaptiveSizePolicy = 1 AND UseAdaptiveSizePolicyFootprintGoal = 1,UseAdaptiveSizePolicyFootprintGoal AND DisableExplicitGC AND UseAdaptiveSizePolicy,0,1.0,1.0,1.0,25
random_20,260,24,DisableExplicitGC = 1 AND UseAdaptiveSizePolicy = 1 AND UseAdaptiveSizePolicyFootprintGoal = 1,DisableExplicitGC AND UseAdaptiveSizePolicyFootprintGoal AND UseAdaptiveSizePolicy,0,1.0,1.0,1.0,25
2-wise,61,5,DisableExplicitGC = 1 AND UseAdaptiveSizePolicy = 1 AND UseAdaptiveSizePolicyFootprintGoal = 1,UseAdaptiveSizePolicyFootprintGoal AND DisableExplicitGC AND NewRatio <= 6.0 AND UseAdaptiveSizePolicy,2,0.888888888888889,1.0,0.8,25
3-wise,292,30,DisableExplicitGC = 1 AND UseAdaptiveSizePolicy = 1 AND UseAdaptiveSizePolicyFootprintGoal = 1,DisableExplicitGC AND UseAdaptiveSizePolicyFootprintGoal AND UseAdaptiveSizePolicy,0,1.0,1.0,1.0,25
4-wise,1158,159,DisableExplicitGC = 1 AND UseAdaptiveSizePolicy = 1 AND UseAdaptiveSizePolicyFootprintGoal = 1,UseAdaptiveSizePolicyFootprintGoal AND DisableExplicitGC AND UseAdaptiveSizePolicy,0,1.0,1.0,1.0,25
full,193536,24192,UseAdaptiveGCBoundary = 1 AND UseAdaptiveSizePolicy = 1 AND UseAdaptiveSizePolicyFootprintGoal = 1,UseAdaptiveGCBoundary AND UseAdaptiveSizePolicyFootprintGoal AND UseAdaptiveSizePolicy,0,1.0,1.0,1.0,26
random_2,26,4,UseAdaptiveGCBoundary = 1 AND UseAdaptiveSizePolicy = 1 AND UseAdaptiveSizePolicyFootprintGoal = 1,UseAdaptiveGCBoundary AND UseAdaptiveSizePolicyFootprintGoal AND UseAdaptiveSizePolicy,2,1.0,1.0,1.0,26
random_5,65,11,UseAdaptiveGCBoundary = 1 AND UseAdaptiveSizePolicy = 1 AND UseAdaptiveSizePolicyFootprintGoal = 1,UseAdaptiveSizePolicy AND MinSurvivorRatio > 5.5 AND UseAdaptiveGCBoundary AND UseAdaptiveSizePolicyFootprintGoal,0,0.9,1.0,0.8181818181818182,26
random_10,130,19,UseAdaptiveGCBoundary = 1 AND UseAdaptiveSizePolicy = 1 AND UseAdaptiveSizePolicyFootprintGoal = 1,UseAdaptiveSizePolicy AND UseAdaptiveGCBoundary AND UseAdaptiveSizePolicyFootprintGoal,0,1.0,1.0,1.0,26
random_20,260,35,UseAdaptiveGCBoundary = 1 AND UseAdaptiveSizePolicy = 1 AND UseAdaptiveSizePolicyFootprintGoal = 1,UseAdaptiveSizePolicy AND UseAdaptiveSizePolicyFootprintGoal AND UseAdaptiveGCBoundary,0,1.0,1.0,1.0,26
2-wise,60,9,UseAdaptiveGCBoundary = 1 AND UseAdaptiveSizePolicy = 1 AND UseAdaptiveSizePolicyFootprintGoal = 1,UseAdaptiveSizePolicy AND UseAdaptiveSizePolicyFootprintGoal AND UseAdaptiveGCBoundary,0,1.0,1.0,1.0,26
3-wise,294,38,UseAdaptiveGCBoundary = 1 AND UseAdaptiveSizePolicy = 1 AND UseAdaptiveSizePolicyFootprintGoal = 1,UseAdaptiveGCBoundary AND UseAdaptiveSizePolicyFootprintGoal AND UseAdaptiveSizePolicy,0,1.0,1.0,1.0,26
4-wise,1145,164,UseAdaptiveGCBoundary = 1 AND UseAdaptiveSizePolicy = 1 AND UseAdaptiveSizePolicyFootprintGoal = 1,UseAdaptiveSizePolicy AND UseAdaptiveGCBoundary AND UseAdaptiveSizePolicyFootprintGoal,0,1.0,1.0,1.0,26
full,193536,24192,UseAdaptiveSizeDecayMajorGCCost = 1 AND UseAdaptiveSizePolicy = 1 AND UseAdaptiveSizePolicyFootprintGoal = 1,UseAdaptiveSizePolicy AND UseAdaptiveSizeDecayMajorGCCost AND UseAdaptiveSizePolicyFootprintGoal,0,1.0,1.0,1.0,27
random_2,26,5,UseAdaptiveSizeDecayMajorGCCost = 1 AND UseAdaptiveSizePolicy = 1 AND UseAdaptiveSizePolicyFootprintGoal = 1,TenuredGenerationSizeSupplementDecay <= 3.0 AND MaxTenuringThreshold > 12.5,0,0.5714285714285715,1.0,0.4,27
random_5,65,14,UseAdaptiveSizeDecayMajorGCCost = 1 AND UseAdaptiveSizePolicy = 1 AND UseAdaptiveSizePolicyFootprintGoal = 1,UseAdaptiveSizeDecayMajorGCCost AND UseAdaptiveSizePolicyFootprintGoal AND UseAdaptiveSizePolicy,0,1.0,1.0,1.0,27
random_10,130,23,UseAdaptiveSizeDecayMajorGCCost = 1 AND UseAdaptiveSizePolicy = 1 AND UseAdaptiveSizePolicyFootprintGoal = 1,UseAdaptiveSizeDecayMajorGCCost AND UseAdaptiveSizePolicyFootprintGoal AND UseAdaptiveSizePolicy,0,1.0,1.0,1.0,27
random_20,260,45,UseAdaptiveSizeDecayMajorGCCost = 1 AND UseAdaptiveSizePolicy = 1 AND UseAdaptiveSizePolicyFootprintGoal = 1,UseAdaptiveSizePolicy AND UseAdaptiveSizePolicyFootprintGoal AND UseAdaptiveSizeDecayMajorGCCost,0,1.0,1.0,1.0,27
2-wise,57,10,UseAdaptiveSizeDecayMajorGCCost = 1 AND UseAdaptiveSizePolicy = 1 AND UseAdaptiveSizePolicyFootprintGoal = 1,UseAdaptiveSizePolicy AND UseAdaptiveSizePolicyFootprintGoal AND UseAdaptiveSizeDecayMajorGCCost,0,1.0,1.0,1.0,27
3-wise,307,46,UseAdaptiveSizeDecayMajorGCCost = 1 AND UseAdaptiveSizePolicy = 1 AND UseAdaptiveSizePolicyFootprintGoal = 1,UseAdaptiveSizePolicy AND UseAdaptiveSizeDecayMajorGCCost AND UseAdaptiveSizePolicyFootprintGoal,0,1.0,1.0,1.0,27
4-wise,1147,163,UseAdaptiveSizeDecayMajorGCCost = 1 AND UseAdaptiveSizePolicy = 1 AND UseAdaptiveSizePolicyFootprintGoal = 1,UseAdaptiveSizePolicy AND UseAdaptiveSizeDecayMajorGCCost AND UseAdaptiveSizePolicyFootprintGoal,0,1.0,1.0,1.0,27
full,193536,24192,UseAdaptiveGCBoundary = 1 AND UseAdaptiveSizePolicy = 1 AND UseAdaptiveSizePolicyFootprintGoal = 1,UseAdaptiveGCBoundary AND UseAdaptiveSizePolicy AND UseAdaptiveSizePolicyFootprintGoal,0,1.0,1.0,1.0,28
random_2,26,3,UseAdaptiveGCBoundary = 1 AND UseAdaptiveSizePolicy = 1 AND UseAdaptiveSizePolicyFootprintGoal = 1,DisableExplicitGC AND NOT UseAdaptiveSizePolicy AND MaxTenuringThreshold > 7.5 AND MinSurvivorRatio > 5.5,0,0.0,0.0,0.0,28
random_5,65,11,UseAdaptiveGCBoundary = 1 AND UseAdaptiveSizePolicy = 1 AND UseAdaptiveSizePolicyFootprintGoal = 1,UseAdaptiveSizePolicyFootprintGoal AND NewRatio <= 3.0 AND SurvivorRatio > 13.5,0,0.0,0.0,0.0,28
random_10,130,23,UseAdaptiveGCBoundary = 1 AND UseAdaptiveSizePolicy = 1 AND UseAdaptiveSizePolicyFootprintGoal = 1,UseAdaptiveSizePolicy AND UseAdaptiveGCBoundary AND UseAdaptiveSizePolicyFootprintGoal,0,1.0,1.0,1.0,28
random_20,260,33,UseAdaptiveGCBoundary = 1 AND UseAdaptiveSizePolicy = 1 AND UseAdaptiveSizePolicyFootprintGoal = 1,UseAdaptiveSizePolicy AND UseAdaptiveGCBoundary AND UseAdaptiveSizePolicyFootprintGoal,0,1.0,1.0,1.0,28
2-wise,63,10,UseAdaptiveGCBoundary = 1 AND UseAdaptiveSizePolicy = 1 AND UseAdaptiveSizePolicyFootprintGoal = 1,UseAdaptiveSizePolicyFootprintGoal AND UseAdaptiveSizePolicy AND UseAdaptiveGCBoundary,0,1.0,1.0,1.0,28
3-wise,304,41,UseAdaptiveGCBoundary = 1 AND UseAdaptiveSizePolicy = 1 AND UseAdaptiveSizePolicyFootprintGoal = 1,UseAdaptiveSizePolicy AND UseAdaptiveGCBoundary AND UseAdaptiveSizePolicyFootprintGoal,0,1.0,1.0,1.0,28
4-wise,1149,152,UseAdaptiveGCBoundary = 1 AND UseAdaptiveSizePolicy = 1 AND UseAdaptiveSizePolicyFootprintGoal = 1,UseAdaptiveSizePolicyFootprintGoal AND UseAdaptiveSizePolicy AND UseAdaptiveGCBoundary,0,1.0,1.0,1.0,28
full,193536,24192,UseAdaptiveGCBoundary = 1 AND UseAdaptiveSizeDecayMajorGCCost = 1 AND UseAdaptiveSizePolicy = 1,UseAdaptiveSizeDecayMajorGCCost AND UseAdaptiveSizePolicy AND UseAdaptiveGCBoundary,0,1.0,1.0,1.0,29
random_2,26,3,UseAdaptiveGCBoundary = 1 AND UseAdaptiveSizeDecayMajorGCCost = 1 AND UseAdaptiveSizePolicy = 1,UseAdaptiveGCBoundary AND MaxTenuringThreshold > 12.5,1,1.0,1.0,1.0,29
random_5,65,12,UseAdaptiveGCBoundary = 1 AND UseAdaptiveSizeDecayMajorGCCost = 1 AND UseAdaptiveSizePolicy = 1,UseAdaptiveGCBoundary AND UseAdaptiveSizeDecayMajorGCCost AND UseAdaptiveSizePolicy,1,1.0,1.0,1.0,29
random_10,130,21,UseAdaptiveGCBoundary = 1 AND UseAdaptiveSizeDecayMajorGCCost = 1 AND UseAdaptiveSizePolicy = 1,UseAdaptiveSizePolicy AND UseAdaptiveSizeDecayMajorGCCost AND UseAdaptiveGCBoundary,0,1.0,1.0,1.0,29
random_20,260,49,UseAdaptiveGCBoundary = 1 AND UseAdaptiveSizeDecayMajorGCCost = 1 AND UseAdaptiveSizePolicy = 1,UseAdaptiveSizeDecayMajorGCCost AND UseAdaptiveSizePolicy AND UseAdaptiveGCBoundary,0,1.0,1.0,1.0,29
2-wise,64,10,UseAdaptiveGCBoundary = 1 AND UseAdaptiveSizeDecayMajorGCCost = 1 AND UseAdaptiveSizePolicy = 1,UseAdaptiveGCBoundary AND UseAdaptiveSizePolicy AND UseAdaptiveSizeDecayMajorGCCost,0,1.0,1.0,1.0,29
3-wise,301,52,UseAdaptiveGCBoundary = 1 AND UseAdaptiveSizeDecayMajorGCCost = 1 AND UseAdaptiveSizePolicy = 1,UseAdaptiveGCBoundary AND UseAdaptiveSizeDecayMajorGCCost AND UseAdaptiveSizePolicy,0,1.0,1.0,1.0,29
4-wise,1143,157,UseAdaptiveGCBoundary = 1 AND UseAdaptiveSizeDecayMajorGCCost = 1 AND UseAdaptiveSizePolicy = 1,UseAdaptiveGCBoundary AND UseAdaptiveSizePolicy AND UseAdaptiveSizeDecayMajorGCCost,0,1.0,1.0,1.0,29
full,193536,24192,DisableExplicitGC = 1 AND UseAdaptiveSizeDecayMajorGCCost = 1 AND UseAdaptiveSizePolicy = 1,DisableExplicitGC AND UseAdaptiveSizeDecayMajorGCCost AND UseAdaptiveSizePolicy,0,1.0,1.0,1.0,2
random_2,26,4,DisableExplicitGC = 1 AND UseAdaptiveSizeDecayMajorGCCost = 1 AND UseAdaptiveSizePolicy = 1,UseAdaptiveSizePolicy AND UseAdaptiveSizeDecayMajorGCCost AND DisableExplicitGC,1,1.0,1.0,1.0,2
random_5,65,8,DisableExplicitGC = 1 AND UseAdaptiveSizeDecayMajorGCCost = 1 AND UseAdaptiveSizePolicy = 1,UseAdaptiveSizePolicy AND DisableExplicitGC AND UseAdaptiveSizeDecayMajorGCCost,0,1.0,1.0,1.0,2
random_10,130,21,DisableExplicitGC = 1 AND UseAdaptiveSizeDecayMajorGCCost = 1 AND UseAdaptiveSizePolicy = 1,UseAdaptiveSizePolicy AND DisableExplicitGC AND UseAdaptiveSizeDecayMajorGCCost,0,1.0,1.0,1.0,2
random_20,260,40,DisableExplicitGC = 1 AND UseAdaptiveSizeDecayMajorGCCost = 1 AND UseAdaptiveSizePolicy = 1,DisableExplicitGC AND UseAdaptiveSizePolicy AND UseAdaptiveSizeDecayMajorGCCost,0,1.0,1.0,1.0,2
2-wise,65,8,DisableExplicitGC = 1 AND UseAdaptiveSizeDecayMajorGCCost = 1 AND UseAdaptiveSizePolicy = 1,UseAdaptiveSizePolicy AND UseAdaptiveSizeDecayMajorGCCost AND DisableExplicitGC,0,1.0,1.0,1.0,2
3-wise,309,43,DisableExplicitGC = 1 AND UseAdaptiveSizeDecayMajorGCCost = 1 AND UseAdaptiveSizePolicy = 1,DisableExplicitGC AND UseAdaptiveSizePolicy AND UseAdaptiveSizeDecayMajorGCCost,0,1.0,1.0,1.0,2
4-wise,1147,158,DisableExplicitGC = 1 AND UseAdaptiveSizeDecayMajorGCCost = 1 AND UseAdaptiveSizePolicy = 1,DisableExplicitGC AND UseAdaptiveSizePolicy AND UseAdaptiveSizeDecayMajorGCCost,0,1.0,1.0,1.0,2
full,193536,24192,DisableExplicitGC = 1 AND UseAdaptiveGCBoundary = 1 AND UseAdaptiveSizePolicy = 1,DisableExplicitGC AND UseAdaptiveGCBoundary AND UseAdaptiveSizePolicy,0,1.0,1.0,1.0,30
random_2,26,1,DisableExplicitGC = 1 AND UseAdaptiveGCBoundary = 1 AND UseAdaptiveSizePolicy = 1,SurvivorRatio <= 8.5 AND UseAdaptiveSizePolicyFootprintGoal AND NOT TenuredGenerationSizeSupplement_70,3,0.6666666666666666,0.5,1.0,30
random_5,65,2,DisableExplicitGC = 1 AND UseAdaptiveGCBoundary = 1 AND UseAdaptiveSizePolicy = 1,SurvivorRatio <= 23.5 AND NOT TenuredGenerationSizeSupplement_50 AND NewRatio <= 1.5,0,0.0,0.0,0.0,30
random_10,130,9,DisableExplicitGC = 1 AND UseAdaptiveGCBoundary = 1 AND UseAdaptiveSizePolicy = 1,TenuredGenerationSizeSupplementDecay <= 6.0 AND DisableExplicitGC AND UseAdaptiveSizePolicy AND UseAdaptiveGCBoundary,1,0.8,1.0,0.6666666666666666,30
random_20,260,26,DisableExplicitGC = 1 AND UseAdaptiveGCBoundary = 1 AND UseAdaptiveSizePolicy = 1,UseAdaptiveSizePolicy AND DisableExplicitGC AND UseAdaptiveGCBoundary,0,1.0,1.0,1.0,30
2-wise,67,4,DisableExplicitGC = 1 AND UseAdaptiveGCBoundary = 1 AND UseAdaptiveSizePolicy = 1,MaxTenuringThreshold > 7.5 AND UseAdaptiveGCBoundary AND DisableExplicitGC AND UseAdaptiveSizePolicy,0,1.0,1.0,1.0,30
3-wise,296,35,DisableExplicitGC = 1 AND UseAdaptiveGCBoundary = 1 AND UseAdaptiveSizePolicy = 1,DisableExplicitGC AND UseAdaptiveSizePolicy AND UseAdaptiveGCBoundary,0,1.0,1.0,1.0,30
4-wise,1142,152,DisableExplicitGC = 1 AND UseAdaptiveGCBoundary = 1 AND UseAdaptiveSizePolicy = 1,DisableExplicitGC AND UseAdaptiveSizePolicy AND UseAdaptiveGCBoundary,0,1.0,1.0,1.0,30
full,193536,24192,DisableExplicitGC = 1 AND UseAdaptiveGCBoundary = 1 AND UseAdaptiveSizePolicy = 1,UseAdaptiveGCBoundary AND UseAdaptiveSizePolicy AND DisableExplicitGC,0,1.0,1.0,1.0,31
random_2,26,5,DisableExplicitGC = 1 AND UseAdaptiveGCBoundary = 1 AND UseAdaptiveSizePolicy = 1,SurvivorRatio > 23.5 AND NewRatio > 6.0 AND TenuredGenerationSizeSupplementDecay > 3.0 AND NOT TenuredGenerationSizeSupplement_90,4,0.5,0.6666666666666666,0.4,31
random_5,65,9,DisableExplicitGC = 1 AND UseAdaptiveGCBoundary = 1 AND UseAdaptiveSizePolicy = 1,NOT TenuredGenerationSizeSupplement_50 AND MaxTenuringThreshold <= 12.5 AND SurvivorRatio > 13.5 AND NewRatio > 1.5,0,0.08,0.0625,0.1111111111111111,31
random_10,130,19,DisableExplicitGC = 1 AND UseAdaptiveGCBoundary = 1 AND UseAdaptiveSizePolicy = 1,NOT UseAdaptiveSizePolicy AND NOT TenuredGenerationSizeSupplement_70 AND SurvivorRatio > 23.5 AND TenuredGenerationSizeSupplementDecay <= 12.0,0,0.0,0.0,0.0,31
random_20,260,38,DisableExplicitGC = 1 AND UseAdaptiveGCBoundary = 1 AND UseAdaptiveSizePolicy = 1,TenuredGenerationSizeSupplementDecay > 3.0,4,0.2466960352422907,0.1481481481481481,0.7368421052631579,31
2-wise,65,8,DisableExplicitGC = 1 AND UseAdaptiveGCBoundary = 1 AND UseAdaptiveSizePolicy = 1,MinSurvivorRatio > 5.5 AND SurvivorRatio > 8.5 AND NewRatio <= 24.0 AND NOT TenuredGenerationSizeSupplement_90,0,0.0,0.0,0.0,31
3-wise,295,37,DisableExplicitGC = 1 AND UseAdaptiveGCBoundary = 1 AND UseAdaptiveSizePolicy = 1,MinSurvivorRatio <= 2.5 AND TenuredGenerationSizeSupplementDecay > 3.0 AND UseAdaptiveSizePolicy AND UseAdaptiveSizePolicyFootprintGoal,2,0.2068965517241379,0.2857142857142857,0.1621621621621621,31
4-wise,1152,134,DisableExplicitGC = 1 AND UseAdaptiveGCBoundary = 1 AND UseAdaptiveSizePolicy = 1,NewRatio > 1.5 AND UseAdaptiveSizePolicy,1,0.3656597774244833,0.2323232323232323,0.8582089552238806,31
full,193536,24192,DisableExplicitGC = 1 AND UseAdaptiveGCBoundary = 1 AND UseAdaptiveSizeDecayMajorGCCost = 1,UseAdaptiveGCBoundary AND UseAdaptiveSizeDecayMajorGCCost AND DisableExplicitGC,0,1.0,1.0,1.0,32
random_2,26,3,DisableExplicitGC = 1 AND UseAdaptiveGCBoundary = 1 AND UseAdaptiveSizeDecayMajorGCCost = 1,UseAdaptiveGCBoundary AND DisableExplicitGC AND UseAdaptiveSizeDecayMajorGCCost,1,1.0,1.0,1.0,32
random_5,65,8,DisableExplicitGC = 1 AND UseAdaptiveGCBoundary = 1 AND UseAdaptiveSizeDecayMajorGCCost = 1,UseAdaptiveGCBoundary AND DisableExplicitGC AND UseAdaptiveSizeDecayMajorGCCost,0,1.0,1.0,1.0,32
random_10,130,21,DisableExplicitGC = 1 AND UseAdaptiveGCBoundary = 1 AND UseAdaptiveSizeDecayMajorGCCost = 1,UseAdaptiveGCBoundary AND DisableExplicitGC AND UseAdaptiveSizeDecayMajorGCCost,0,1.0,1.0,1.0,32
random_20,260,36,DisableExplicitGC = 1 AND UseAdaptiveGCBoundary = 1 AND UseAdaptiveSizeDecayMajorGCCost = 1,UseAdaptiveSizeDecayMajorGCCost AND UseAdaptiveGCBoundary AND DisableExplicitGC,0,1.0,1.0,1.0,32
2-wise,62,7,DisableExplicitGC = 1 AND UseAdaptiveGCBoundary = 1 AND UseAdaptiveSizeDecayMajorGCCost = 1,DisableExplicitGC AND UseAdaptiveSizeDecayMajorGCCost AND UseAdaptiveGCBoundary,0,1.0,1.0,1.0,32
3-wise,301,42,DisableExplicitGC = 1 AND UseAdaptiveGCBoundary = 1 AND UseAdaptiveSizeDecayMajorGCCost = 1,UseAdaptiveSizeDecayMajorGCCost AND UseAdaptiveGCBoundary AND DisableExplicitGC,0,1.0,1.0,1.0,32
4-wise,1161,153,DisableExplicitGC = 1 AND UseAdaptiveGCBoundary = 1 AND UseAdaptiveSizeDecayMajorGCCost = 1,DisableExplicitGC AND UseAdaptiveGCBoundary AND UseAdaptiveSizeDecayMajorGCCost,0,1.0,1.0,1.0,32
full,193536,24192,DisableExplicitGC = 1 AND UseAdaptiveSizeDecayMajorGCCost = 1 AND UseAdaptiveSizePolicy = 1,UseAdaptiveSizeDecayMajorGCCost AND DisableExplicitGC AND UseAdaptiveSizePolicy,0,1.0,1.0,1.0,33
random_2,26,1,DisableExplicitGC = 1 AND UseAdaptiveSizeDecayMajorGCCost = 1 AND UseAdaptiveSizePolicy = 1,UseAdaptiveGCBoundary AND MaxTenuringThreshold > 7.5 AND TenuredGenerationSizeSupplement_70 AND NOT UseAdaptiveSizePolicy,0,0.0,0.0,0.0,33
random_5,65,3,DisableExplicitGC = 1 AND UseAdaptiveSizeDecayMajorGCCost = 1 AND UseAdaptiveSizePolicy = 1,DisableExplicitGC AND NewRatio <= 1.5 AND NOT TenuredGenerationSizeSupplement_70 AND NOT UseAdaptiveSizeDecayMajorGCCost,0,0.0,0.0,0.0,33
random_10,130,17,DisableExplicitGC = 1 AND UseAdaptiveSizeDecayMajorGCCost = 1 AND UseAdaptiveSizePolicy = 1,DisableExplicitGC AND UseAdaptiveSizePolicy AND UseAdaptiveSizeDecayMajorGCCost,1,1.0,1.0,1.0,33
random_20,260,33,DisableExplicitGC = 1 AND UseAdaptiveSizeDecayMajorGCCost = 1 AND UseAdaptiveSizePolicy = 1,UseAdaptiveSizePolicy AND DisableExplicitGC AND UseAdaptiveSizeDecayMajorGCCost,0,1.0,1.0,1.0,33
2-wise,64,4,DisableExplicitGC = 1 AND UseAdaptiveSizeDecayMajorGCCost = 1 AND UseAdaptiveSizePolicy = 1,TenuredGenerationSizeSupplement_50 AND MaxTenuringThreshold > 12.5 AND NewRatio <= 24.0,3,0.3333333333333333,0.5,0.25,33
3-wise,294,36,DisableExplicitGC = 1 AND UseAdaptiveSizeDecayMajorGCCost = 1 AND UseAdaptiveSizePolicy = 1,UseAdaptiveSizeDecayMajorGCCost AND UseAdaptiveSizePolicy AND DisableExplicitGC,0,1.0,1.0,1.0,33
4-wise,1145,142,DisableExplicitGC = 1 AND UseAdaptiveSizeDecayMajorGCCost = 1 AND UseAdaptiveSizePolicy = 1,DisableExplicitGC AND UseAdaptiveSizePolicy AND UseAdaptiveSizeDecayMajorGCCost,0,1.0,1.0,1.0,33
full,193536,24192,DisableExplicitGC = 1 AND UseAdaptiveSizeDecayMajorGCCost = 1 AND UseAdaptiveSizePolicyFootprintGoal = 1,DisableExplicitGC AND UseAdaptiveSizeDecayMajorGCCost AND UseAdaptiveSizePolicyFootprintGoal,0,1.0,1.0,1.0,34
random_2,26,3,DisableExplicitGC = 1 AND UseAdaptiveSizeDecayMajorGCCost = 1 AND UseAdaptiveSizePolicyFootprintGoal = 1,SurvivorRatio <= 21.0 AND NOT UseAdaptiveSizePolicy AND TenuredGenerationSizeSupplementDecay > 6.0 AND DisableExplicitGC,0,0.4,0.5,0.3333333333333333,34
random_5,65,13,DisableExplicitGC = 1 AND UseAdaptiveSizeDecayMajorGCCost = 1 AND UseAdaptiveSizePolicyFootprintGoal = 1,SurvivorRatio > 18.5 AND TenuredGenerationSizeSupplementDecay > 3.0,3,0.2285714285714286,0.1818181818181818,0.3076923076923077,34
random_10,130,21,DisableExplicitGC = 1 AND UseAdaptiveSizeDecayMajorGCCost = 1 AND UseAdaptiveSizePolicyFootprintGoal = 1,NewRatio <= 6.0 AND TenuredGenerationSizeSupplement_90 AND UseAdaptiveSizePolicyFootprintGoal AND UseAdaptiveSizeDecayMajorGCCost,3,0.4444444444444445,1.0,0.2857142857142857,34
random_20,260,39,DisableExplicitGC = 1 AND UseAdaptiveSizeDecayMajorGCCost = 1 AND UseAdaptiveSizePolicyFootprintGoal = 1,NOT TenuredGenerationSizeSupplement_50,0,0.273972602739726,0.1666666666666666,0.7692307692307693,34
2-wise,57,15,DisableExplicitGC = 1 AND UseAdaptiveSizeDecayMajorGCCost = 1 AND UseAdaptiveSizePolicyFootprintGoal = 1,NOT DisableExplicitGC AND UseAdaptiveSizePolicyFootprintGoal AND MinSurvivorRatio <= 5.5,0,0.0,0.0,0.0,34
3-wise,291,44,DisableExplicitGC = 1 AND UseAdaptiveSizeDecayMajorGCCost = 1 AND UseAdaptiveSizePolicyFootprintGoal = 1,UseAdaptiveSizePolicyFootprintGoal AND NewRatio <= 12.0 AND DisableExplicitGC,4,0.6105263157894737,0.5686274509803921,0.6590909090909091,34
4-wise,1145,155,DisableExplicitGC = 1 AND UseAdaptiveSizeDecayMajorGCCost = 1 AND UseAdaptiveSizePolicyFootprintGoal = 1,MaxTenuringThreshold <= 12.5,0,0.2241195304162219,0.1342710997442455,0.6774193548387096,34
full,193536,24192,DisableExplicitGC = 1 AND UseAdaptiveGCBoundary = 1 AND UseAdaptiveSizePolicyFootprintGoal = 1,DisableExplicitGC AND UseAdaptiveSizePolicyFootprintGoal AND UseAdaptiveGCBoundary,0,1.0,1.0,1.0,35
random_2,26,7,DisableExplicitGC = 1 AND UseAdaptiveGCBoundary = 1 AND UseAdaptiveSizePolicyFootprintGoal = 1,UseAdaptiveSizePolicyFootprintGoal AND DisableExplicitGC AND UseAdaptiveGCBoundary,2,1.0,1.0,1.0,35
random_5,65,9,DisableExplicitGC = 1 AND UseAdaptiveGCBoundary = 1 AND UseAdaptiveSizePolicyFootprintGoal = 1,UseAdaptiveSizePolicyFootprintGoal AND UseAdaptiveGCBoundary AND DisableExplicitGC,0,1.0,1.0,1.0,35
random_10,130,19,DisableExplicitGC = 1 AND UseAdaptiveGCBoundary = 1 AND UseAdaptiveSizePolicyFootprintGoal = 1,UseAdaptiveGCBoundary AND DisableExplicitGC AND UseAdaptiveSizePolicyFootprintGoal,0,1.0,1.0,1.0,35
random_20,260,33,DisableExplicitGC = 1 AND UseAdaptiveGCBoundary = 1 AND UseAdaptiveSizePolicyFootprintGoal = 1,DisableExplicitGC AND UseAdaptiveGCBoundary AND UseAdaptiveSizePolicyFootprintGoal,0,1.0,1.0,1.0,35
2-wise,62,5,DisableExplicitGC = 1 AND UseAdaptiveGCBoundary = 1 AND UseAdaptiveSizePolicyFootprintGoal = 1,UseAdaptiveSizePolicyFootprintGoal AND DisableExplicitGC AND UseAdaptiveGCBoundary,0,1.0,1.0,1.0,35
3-wise,303,38,DisableExplicitGC = 1 AND UseAdaptiveGCBoundary = 1 AND UseAdaptiveSizePolicyFootprintGoal = 1,UseAdaptiveSizePolicyFootprintGoal AND UseAdaptiveGCBoundary AND DisableExplicitGC,0,1.0,1.0,1.0,35
4-wise,1142,130,DisableExplicitGC = 1 AND UseAdaptiveGCBoundary = 1 AND UseAdaptiveSizePolicyFootprintGoal = 1,UseAdaptiveSizePolicyFootprintGoal AND UseAdaptiveGCBoundary AND DisableExplicitGC,0,1.0,1.0,1.0,35
full,193536,24192,DisableExplicitGC = 1 AND UseAdaptiveSizeDecayMajorGCCost = 1 AND UseAdaptiveSizePolicy = 1,UseAdaptiveSizeDecayMajorGCCost AND UseAdaptiveSizePolicy AND DisableExplicitGC,0,1.0,1.0,1.0,36
random_2,26,4,DisableExplicitGC = 1 AND UseAdaptiveSizeDecayMajorGCCost = 1 AND UseAdaptiveSizePolicy = 1,NewRatio <= 24.0 AND NOT UseAdaptiveSizePolicy AND SurvivorRatio <= 18.5,0,0.0,0.0,0.0,36
random_5,65,9,DisableExplicitGC = 1 AND UseAdaptiveSizeDecayMajorGCCost = 1 AND UseAdaptiveSizePolicy = 1,SurvivorRatio <= 18.5 AND NOT TenuredGenerationSizeSupplement_90 AND NOT UseAdaptiveSizePolicyFootprintGoal AND TenuredGenerationSizeSupplementDecay > 3.0,0,0.0,0.0,0.0,36
random_10,130,14,DisableExplicitGC = 1 AND UseAdaptiveSizeDecayMajorGCCost = 1 AND UseAdaptiveSizePolicy = 1,MinSurvivorRatio > 8.5 AND MaxTenuringThreshold > 7.5 AND NewRatio > 1.5 AND SurvivorRatio > 3.5,0,0.0,0.0,0.0,36
random_20,260,31,DisableExplicitGC = 1 AND UseAdaptiveSizeDecayMajorGCCost = 1 AND UseAdaptiveSizePolicy = 1,MinSurvivorRatio <= 8.5,0,0.179372197309417,0.1041666666666666,0.6451612903225806,36
2-wise,62,7,DisableExplicitGC = 1 AND UseAdaptiveSizeDecayMajorGCCost = 1 AND UseAdaptiveSizePolicy = 1,NOT UseAdaptiveSizeDecayMajorGCCost AND NewRatio <= 24.0 AND UseAdaptiveSizePolicy,0,0.0,0.0,0.0,36
3-wise,299,38,DisableExplicitGC = 1 AND UseAdaptiveSizeDecayMajorGCCost = 1 AND UseAdaptiveSizePolicy = 1,MinSurvivorRatio <= 8.5,1,0.2153846153846153,0.1261261261261261,0.7368421052631579,36
4-wise,1157,154,DisableExplicitGC = 1 AND UseAdaptiveSizeDecayMajorGCCost = 1 AND UseAdaptiveSizePolicy = 1,DisableExplicitGC AND UseAdaptiveSizeDecayMajorGCCost AND UseAdaptiveSizePolicy,0,1.0,1.0,1.0,36
full,193536,24192,DisableExplicitGC = 1 AND UseAdaptiveSizePolicy = 1 AND UseAdaptiveSizePolicyFootprintGoal = 1,UseAdaptiveSizePolicyFootprintGoal AND DisableExplicitGC AND UseAdaptiveSizePolicy,0,1.0,1.0,1.0,37
random_2,26,8,DisableExplicitGC = 1 AND UseAdaptiveSizePolicy = 1 AND UseAdaptiveSizePolicyFootprintGoal = 1,UseAdaptiveSizePolicyFootprintGoal AND DisableExplicitGC AND UseAdaptiveSizePolicy,0,1.0,1.0,1.0,37
random_5,65,12,DisableExplicitGC = 1 AND UseAdaptiveSizePolicy = 1 AND UseAdaptiveSizePolicyFootprintGoal = 1,UseAdaptiveSizePolicyFootprintGoal AND UseAdaptiveSizePolicy AND DisableExplicitGC,0,1.0,1.0,1.0,37
random_10,130,20,DisableExplicitGC = 1 AND UseAdaptiveSizePolicy = 1 AND UseAdaptiveSizePolicyFootprintGoal = 1,UseAdaptiveSizePolicy AND UseAdaptiveSizePolicyFootprintGoal AND DisableExplicitGC,0,1.0,1.0,1.0,37
random_20,260,32,DisableExplicitGC = 1 AND UseAdaptiveSizePolicy = 1 AND UseAdaptiveSizePolicyFootprintGoal = 1,UseAdaptiveSizePolicyFootprintGoal AND UseAdaptiveSizePolicy AND DisableExplicitGC,0,1.0,1.0,1.0,37
2-wise,67,10,DisableExplicitGC = 1 AND UseAdaptiveSizePolicy = 1 AND UseAdaptiveSizePolicyFootprintGoal = 1,UseAdaptiveSizePolicyFootprintGoal AND DisableExplicitGC AND UseAdaptiveSizePolicy,0,1.0,1.0,1.0,37
3-wise,295,37,DisableExplicitGC = 1 AND UseAdaptiveSizePolicy = 1 AND UseAdaptiveSizePolicyFootprintGoal = 1,UseAdaptiveSizePolicyFootprintGoal AND DisableExplicitGC AND UseAdaptiveSizePolicy,0,1.0,1.0,1.0,37
4-wise,1139,145,DisableExplicitGC = 1 AND UseAdaptiveSizePolicy = 1 AND UseAdaptiveSizePolicyFootprintGoal = 1,UseAdaptiveSizePolicyFootprintGoal AND UseAdaptiveSizePolicy AND DisableExplicitGC,0,1.0,1.0,1.0,37
full,193536,24192,DisableExplicitGC = 1 AND UseAdaptiveGCBoundary = 1 AND UseAdaptiveSizePolicyFootprintGoal = 1,DisableExplicitGC AND UseAdaptiveGCBoundary AND UseAdaptiveSizePolicyFootprintGoal,0,1.0,1.0,1.0,38
random_2,26,4,DisableExplicitGC = 1 AND UseAdaptiveGCBoundary = 1 AND UseAdaptiveSizePolicyFootprintGoal = 1,MinSurvivorRatio > 2.5 AND UseAdaptiveSizePolicyFootprintGoal AND NewRatio > 2.5 AND UseAdaptiveGCBoundary,3,1.0,1.0,1.0,38
random_5,65,6,DisableExplicitGC = 1 AND UseAdaptiveGCBoundary = 1 AND UseAdaptiveSizePolicyFootprintGoal = 1,UseAdaptiveGCBoundary AND UseAdaptiveSizePolicyFootprintGoal AND DisableExplicitGC,0,1.0,1.0,1.0,38
random_10,130,11,DisableExplicitGC = 1 AND UseAdaptiveGCBoundary = 1 AND UseAdaptiveSizePolicyFootprintGoal = 1,TenuredGenerationSizeSupplement_70 AND MaxTenuringThreshold <= 12.5 AND UseAdaptiveSizePolicyFootprintGoal AND UseAdaptiveGCBoundary,4,0.7000000000000001,0.7777777777777778,0.6363636363636364,38
random_20,260,29,DisableExplicitGC = 1 AND UseAdaptiveGCBoundary = 1 AND UseAdaptiveSizePolicyFootprintGoal = 1,DisableExplicitGC AND UseAdaptiveSizePolicyFootprintGoal AND UseAdaptiveGCBoundary,0,1.0,1.0,1.0,38
2-wise,61,6,DisableExplicitGC = 1 AND UseAdaptiveGCBoundary = 1 AND UseAdaptiveSizePolicyFootprintGoal = 1,UseAdaptiveGCBoundary AND UseAdaptiveSizePolicyFootprintGoal AND NOT TenuredGenerationSizeSupplement_90,1,1.0,1.0,1.0,38
3-wise,295,31,DisableExplicitGC = 1 AND UseAdaptiveGCBoundary = 1 AND UseAdaptiveSizePolicyFootprintGoal = 1,UseAdaptiveGCBoundary AND DisableExplicitGC AND UseAdaptiveSizePolicyFootprintGoal,0,1.0,1.0,1.0,38
4-wise,1146,128,DisableExplicitGC = 1 AND UseAdaptiveGCBoundary = 1 AND UseAdaptiveSizePolicyFootprintGoal = 1,UseAdaptiveSizePolicyFootprintGoal AND DisableExplicitGC AND UseAdaptiveGCBoundary,0,1.0,1.0,1.0,38
full,193536,24192,DisableExplicitGC = 1 AND UseAdaptiveSizeDecayMajorGCCost = 1 AND UseAdaptiveSizePolicy = 1,UseAdaptiveSizePolicy AND UseAdaptiveSizeDecayMajorGCCost AND DisableExplicitGC,0,1.0,1.0,1.0,39
random_2,26,3,DisableExplicitGC = 1 AND UseAdaptiveSizeDecayMajorGCCost = 1 AND UseAdaptiveSizePolicy = 1,UseAdaptiveGCBoundary AND DisableExplicitGC AND UseAdaptiveSizeDecayMajorGCCost,3,1.0,1.0,1.0,39
random_5,65,7,DisableExplicitGC = 1 AND UseAdaptiveSizeDecayMajorGCCost = 1 AND UseAdaptiveSizePolicy = 1,DisableExplicitGC AND UseAdaptiveSizePolicy AND UseAdaptiveSizeDecayMajorGCCost,3,1.0,1.0,1.0,39
random_10,130,18,DisableExplicitGC = 1 AND UseAdaptiveSizeDecayMajorGCCost = 1 AND UseAdaptiveSizePolicy = 1,DisableExplicitGC AND NOT UseAdaptiveSizePolicyFootprintGoal AND UseAdaptiveSizeDecayMajorGCCost AND UseAdaptiveSizePolicy,1,0.5,1.0,0.3333333333333333,39
random_20,260,40,DisableExplicitGC = 1 AND UseAdaptiveSizeDecayMajorGCCost = 1 AND UseAdaptiveSizePolicy = 1,UseAdaptiveSizeDecayMajorGCCost AND DisableExplicitGC AND UseAdaptiveSizePolicy,0,1.0,1.0,1.0,39
2-wise,64,6,DisableExplicitGC = 1 AND UseAdaptiveSizeDecayMajorGCCost = 1 AND UseAdaptiveSizePolicy = 1,UseAdaptiveSizePolicy AND UseAdaptiveSizeDecayMajorGCCost AND DisableExplicitGC,0,1.0,1.0,1.0,39
3-wise,295,46,DisableExplicitGC = 1 AND UseAdaptiveSizeDecayMajorGCCost = 1 AND UseAdaptiveSizePolicy = 1,DisableExplicitGC AND UseAdaptiveSizePolicy AND UseAdaptiveSizeDecayMajorGCCost,0,1.0,1.0,1.0,39
4-wise,1128,145,DisableExplicitGC = 1 AND UseAdaptiveSizeDecayMajorGCCost = 1 AND UseAdaptiveSizePolicy = 1,DisableExplicitGC AND UseAdaptiveSizePolicy AND UseAdaptiveSizeDecayMajorGCCost,0,1.0,1.0,1.0,39
full,193536,24192,UseAdaptiveGCBoundary = 1 AND UseAdaptiveSizeDecayMajorGCCost = 1 AND UseAdaptiveSizePolicyFootprintGoal = 1,UseAdaptiveSizeDecayMajorGCCost AND UseAdaptiveSizePolicyFootprintGoal AND UseAdaptiveGCBoundary,0,1.0,1.0,1.0,3
random_2,26,1,UseAdaptiveGCBoundary = 1 AND UseAdaptiveSizeDecayMajorGCCost = 1 AND UseAdaptiveSizePolicyFootprintGoal = 1,NOT UseAdaptiveSizeDecayMajorGCCost AND TenuredGenerationSizeSupplementDecay > 3.0 AND NewRatio > 5.0 AND NewRatio > 12.0,0,0.0,0.0,0.0,3
random_5,65,6,UseAdaptiveGCBoundary = 1 AND UseAdaptiveSizeDecayMajorGCCost = 1 AND UseAdaptiveSizePolicyFootprintGoal = 1,NOT UseAdaptiveSizePolicyFootprintGoal AND UseAdaptiveSizeDecayMajorGCCost AND SurvivorRatio > 8.5 AND SurvivorRatio <= 26.0,0,0.0,0.0,0.0,3
random_10,130,15,UseAdaptiveGCBoundary = 1 AND UseAdaptiveSizeDecayMajorGCCost = 1 AND UseAdaptiveSizePolicyFootprintGoal = 1,UseAdaptiveSizePolicyFootprintGoal AND UseAdaptiveSizeDecayMajorGCCost AND UseAdaptiveGCBoundary,0,1.0,1.0,1.0,3
random_20,260,32,UseAdaptiveGCBoundary = 1 AND UseAdaptiveSizeDecayMajorGCCost = 1 AND UseAdaptiveSizePolicyFootprintGoal = 1,UseAdaptiveSizeDecayMajorGCCost AND UseAdaptiveGCBoundary AND UseAdaptiveSizePolicyFootprintGoal,0,1.0,1.0,1.0,3
2-wise,59,6,UseAdaptiveGCBoundary = 1 AND UseAdaptiveSizeDecayMajorGCCost = 1 AND UseAdaptiveSizePolicyFootprintGoal = 1,UseAdaptiveGCBoundary AND UseAdaptiveSizePolicyFootprintGoal AND UseAdaptiveSizeDecayMajorGCCost,1,1.0,1.0,1.0,3
3-wise,297,34,UseAdaptiveGCBoundary = 1 AND UseAdaptiveSizeDecayMajorGCCost = 1 AND UseAdaptiveSizePolicyFootprintGoal = 1,UseAdaptiveGCBoundary AND UseAdaptiveSizePolicyFootprintGoal AND UseAdaptiveSizeDecayMajorGCCost,0,1.0,1.0,1.0,3
4-wise,1145,127,UseAdaptiveGCBoundary = 1 AND UseAdaptiveSizeDecayMajorGCCost = 1 AND UseAdaptiveSizePolicyFootprintGoal = 1,UseAdaptiveSizePolicyFootprintGoal AND UseAdaptiveGCBoundary AND UseAdaptiveSizeDecayMajorGCCost,0,1.0,1.0,1.0,3
full,193536,24192,UseAdaptiveSizeDecayMajorGCCost = 1 AND UseAdaptiveSizePolicy = 1 AND UseAdaptiveSizePolicyFootprintGoal = 1,UseAdaptiveSizeDecayMajorGCCost AND UseAdaptiveSizePolicy AND UseAdaptiveSizePolicyFootprintGoal,0,1.0,1.0,1.0,40
random_2,26,5,UseAdaptiveSizeDecayMajorGCCost = 1 AND UseAdaptiveSizePolicy = 1 AND UseAdaptiveSizePolicyFootprintGoal = 1,UseAdaptiveSizeDecayMajorGCCost AND TenuredGenerationSizeSupplementDecay > 6.0,0,0.0,0.0,0.0,40
random_5,65,9,UseAdaptiveSizeDecayMajorGCCost = 1 AND UseAdaptiveSizePolicy = 1 AND UseAdaptiveSizePolicyFootprintGoal = 1,NOT UseAdaptiveSizePolicy AND UseAdaptiveSizeDecayMajorGCCost AND SurvivorRatio > 21.0 AND DisableExplicitGC,0,0.0,0.0,0.0,40
random_10,130,17,UseAdaptiveSizeDecayMajorGCCost = 1 AND UseAdaptiveSizePolicy = 1 AND UseAdaptiveSizePolicyFootprintGoal = 1,MaxTenuringThreshold <= 12.5,4,0.2135922330097087,0.127906976744186,0.6470588235294118,40
random_20,260,32,UseAdaptiveSizeDecayMajorGCCost = 1 AND UseAdaptiveSizePolicy = 1 AND UseAdaptiveSizePolicyFootprintGoal = 1,NOT UseAdaptiveSizeDecayMajorGCCost AND UseAdaptiveSizePolicy AND MaxTenuringThreshold <= 7.5 AND SurvivorRatio <= 28.5,0,0.0,0.0,0.0,40
2-wise,60,8,UseAdaptiveSizeDecayMajorGCCost = 1 AND UseAdaptiveSizePolicy = 1 AND UseAdaptiveSizePolicyFootprintGoal = 1,MinSurvivorRatio <= 5.5 AND SurvivorRatio > 18.5 AND MaxTenuringThreshold > 12.5 AND NewRatio > 24.0,0,0.0,0.0,0.0,40
3-wise,298,36,UseAdaptiveSizeDecayMajorGCCost = 1 AND UseAdaptiveSizePolicy = 1 AND UseAdaptiveSizePolicyFootprintGoal = 1,MinSurvivorRatio > 2.5,4,0.1976284584980237,0.1152073732718894,0.6944444444444444,40
4-wise,1149,148,UseAdaptiveSizeDecayMajorGCCost = 1 AND UseAdaptiveSizePolicy = 1 AND UseAdaptiveSizePolicyFootprintGoal = 1,MaxTenuringThreshold <= 12.5 AND TenuredGenerationSizeSupplementDecay <= 12.0,1,0.2357836338418862,0.1483420593368237,0.5743243243243243,40
full,193536,24192,DisableExplicitGC = 1 AND UseAdaptiveGCBoundary = 1 AND UseAdaptiveSizePolicy = 1,UseAdaptiveGCBoundary AND DisableExplicitGC AND UseAdaptiveSizePolicy,0,1.0,1.0,1.0,41
random_2,26,5,DisableExplicitGC = 1 AND UseAdaptiveGCBoundary = 1 AND UseAdaptiveSizePolicy = 1,UseAdaptiveSizePolicy AND UseAdaptiveGCBoundary AND DisableExplicitGC,2,1.0,1.0,1.0,41
random_5,65,8,DisableExplicitGC = 1 AND UseAdaptiveGCBoundary = 1 AND UseAdaptiveSizePolicy = 1,UseAdaptiveSizePolicy AND DisableExplicitGC AND UseAdaptiveGCBoundary,0,1.0,1.0,1.0,41
random_10,130,16,DisableExplicitGC = 1 AND UseAdaptiveGCBoundary = 1 AND UseAdaptiveSizePolicy = 1,UseAdaptiveSizePolicy AND UseAdaptiveGCBoundary AND DisableExplicitGC,0,1.0,1.0,1.0,41
random_20,260,31,DisableExplicitGC = 1 AND UseAdaptiveGCBoundary = 1 AND UseAdaptiveSizePolicy = 1,UseAdaptiveSizePolicy AND UseAdaptiveGCBoundary AND DisableExplicitGC,0,1.0,1.0,1.0,41
2-wise,62,7,DisableExplicitGC = 1 AND UseAdaptiveGCBoundary = 1 AND UseAdaptiveSizePolicy = 1,UseAdaptiveSizePolicy AND DisableExplicitGC AND UseAdaptiveGCBoundary,0,1.0,1.0,1.0,41
3-wise,296,29,DisableExplicitGC = 1 AND UseAdaptiveGCBoundary = 1 AND UseAdaptiveSizePolicy = 1,UseAdaptiveSizePolicy AND UseAdaptiveGCBoundary AND DisableExplicitGC,0,1.0,1.0,1.0,41
4-wise,1161,141,DisableExplicitGC = 1 AND UseAdaptiveGCBoundary = 1 AND UseAdaptiveSizePolicy = 1,UseAdaptiveGCBoundary AND DisableExplicitGC AND UseAdaptiveSizePolicy,0,1.0,1.0,1.0,41
full,193536,24192,DisableExplicitGC = 1 AND UseAdaptiveSizeDecayMajorGCCost = 1 AND UseAdaptiveSizePolicy = 1,DisableExplicitGC AND UseAdaptiveSizeDecayMajorGCCost AND UseAdaptiveSizePolicy,0,1.0,1.0,1.0,42
random_2,26,4,DisableExplicitGC = 1 AND UseAdaptiveSizeDecayMajorGCCost = 1 AND UseAdaptiveSizePolicy = 1,MinSurvivorRatio <= 8.5 AND NewRatio <= 12.0 AND NewRatio > 6.0 AND NOT UseAdaptiveSizePolicyFootprintGoal,2,0.6666666666666666,1.0,0.5,42
random_5,65,12,DisableExplicitGC = 1 AND UseAdaptiveSizeDecayMajorGCCost = 1 AND UseAdaptiveSizePolicy = 1,DisableExplicitGC AND UseAdaptiveSizePolicy AND SurvivorRatio > 13.5 AND UseAdaptiveSizeDecayMajorGCCost,1,0.8,1.0,0.6666666666666666,42
random_10,130,19,DisableExplicitGC = 1 AND UseAdaptiveSizeDecayMajorGCCost = 1 AND UseAdaptiveSizePolicy = 1,UseAdaptiveSizeDecayMajorGCCost AND UseAdaptiveSizePolicy AND DisableExplicitGC,0,1.0,1.0,1.0,42
random_20,260,40,DisableExplicitGC = 1 AND UseAdaptiveSizeDecayMajorGCCost = 1 AND UseAdaptiveSizePolicy = 1,UseAdaptiveSizePolicy AND DisableExplicitGC AND UseAdaptiveSizeDecayMajorGCCost,0,1.0,1.0,1.0,42
2-wise,63,12,DisableExplicitGC = 1 AND UseAdaptiveSizeDecayMajorGCCost = 1 AND UseAdaptiveSizePolicy = 1,UseAdaptiveSizePolicy AND SurvivorRatio <= 28.5 AND UseAdaptiveSizeDecayMajorGCCost AND DisableExplicitGC,1,0.9090909090909092,1.0,0.8333333333333334,42
3-wise,301,47,DisableExplicitGC = 1 AND UseAdaptiveSizeDecayMajorGCCost = 1 AND UseAdaptiveSizePolicy = 1,UseAdaptiveSizePolicy AND UseAdaptiveSizeDecayMajorGCCost AND DisableExplicitGC,0,1.0,1.0,1.0,42
4-wise,1157,158,DisableExplicitGC = 1 AND UseAdaptiveSizeDecayMajorGCCost = 1 AND UseAdaptiveSizePolicy = 1,UseAdaptiveSizePolicy AND DisableExplicitGC AND UseAdaptiveSizeDecayMajorGCCost,0,1.0,1.0,1.0,42
full,193536,24192,DisableExplicitGC = 1 AND UseAdaptiveGCBoundary = 1 AND UseAdaptiveSizePolicy = 1,UseAdaptiveSizePolicy AND UseAdaptiveGCBoundary AND DisableExplicitGC,0,1.0,1.0,1.0,43
random_2,26,1,DisableExplicitGC = 1 AND UseAdaptiveGCBoundary = 1 AND UseAdaptiveSizePolicy = 1,NOT UseAdaptiveGCBoundary AND NOT TenuredGenerationSizeSupplement_50,0,0.0,0.0,0.0,43
random_5,65,7,DisableExplicitGC = 1 AND UseAdaptiveGCBoundary = 1 AND UseAdaptiveSizePolicy = 1,DisableExplicitGC AND TenuredGenerationSizeSupplementDecay > 3.0 AND UseAdaptiveGCBoundary AND UseAdaptiveSizePolicy,2,0.7272727272727273,1.0,0.5714285714285714,43
random_10,130,11,DisableExplicitGC = 1 AND UseAdaptiveGCBoundary = 1 AND UseAdaptiveSizePolicy = 1,DisableExplicitGC AND UseAdaptiveSizePolicy AND UseAdaptiveGCBoundary,0,1.0,1.0,1.0,43
random_20,260,28,DisableExplicitGC = 1 AND UseAdaptiveGCBoundary = 1 AND UseAdaptiveSizePolicy = 1,UseAdaptiveGCBoundary AND UseAdaptiveSizePolicy AND DisableExplicitGC,0,1.0,1.0,1.0,43
2-wise,61,6,DisableExplicitGC = 1 AND UseAdaptiveGCBoundary = 1 AND UseAdaptiveSizePolicy = 1,UseAdaptiveSizePolicy AND UseAdaptiveGCBoundary AND DisableExplicitGC,0,1.0,1.0,1.0,43
3-wise,296,35,DisableExplicitGC = 1 AND UseAdaptiveGCBoundary = 1 AND UseAdaptiveSizePolicy = 1,UseAdaptiveGCBoundary AND UseAdaptiveSizePolicy AND DisableExplicitGC,0,1.0,1.0,1.0,43
4-wise,1145,140,DisableExplicitGC = 1 AND UseAdaptiveGCBoundary = 1 AND UseAdaptiveSizePolicy = 1,UseAdaptiveSizePolicy AND DisableExplicitGC AND UseAdaptiveGCBoundary,0,1.0,1.0,1.0,43
full,193536,24192,DisableExplicitGC = 1 AND UseAdaptiveSizeDecayMajorGCCost = 1 AND UseAdaptiveSizePolicyFootprintGoal = 1,UseAdaptiveSizePolicyFootprintGoal AND DisableExplicitGC AND UseAdaptiveSizeDecayMajorGCCost,0,1.0,1.0,1.0,44
random_2,26,6,DisableExplicitGC = 1 AND UseAdaptiveSizeDecayMajorGCCost = 1 AND UseAdaptiveSizePolicyFootprintGoal = 1,UseAdaptiveSizeDecayMajorGCCost AND SurvivorRatio <= 23.5 AND MinSurvivorRatio > 5.5 AND DisableExplicitGC,4,0.8333333333333334,0.8333333333333334,0.8333333333333334,44
random_5,65,12,DisableExplicitGC = 1 AND UseAdaptiveSizeDecayMajorGCCost = 1 AND UseAdaptiveSizePolicyFootprintGoal = 1,DisableExplicitGC AND SurvivorRatio > 13.5 AND TenuredGenerationSizeSupplementDecay <= 3.0 AND UseAdaptiveGCBoundary,0,0.0,0.0,0.0,44
random_10,130,22,DisableExplicitGC = 1 AND UseAdaptiveSizeDecayMajorGCCost = 1 AND UseAdaptiveSizePolicyFootprintGoal = 1,NOT UseAdaptiveSizePolicyFootprintGoal AND TenuredGenerationSizeSupplement_90 AND MaxTenuringThreshold <= 12.5,0,0.0,0.0,0.0,44
random_20,260,34,DisableExplicitGC = 1 AND UseAdaptiveSizeDecayMajorGCCost = 1 AND UseAdaptiveSizePolicyFootprintGoal = 1,UseAdaptiveSizePolicyFootprintGoal AND UseAdaptiveSizeDecayMajorGCCost AND DisableExplicitGC,1,1.0,1.0,1.0,44
2-wise,58,10,DisableExplicitGC = 1 AND UseAdaptiveSizeDecayMajorGCCost = 1 AND UseAdaptiveSizePolicyFootprintGoal = 1,MaxTenuringThreshold <= 7.5 AND NewRatio > 12.0 AND SurvivorRatio > 3.5 AND NOT UseAdaptiveSizePolicyFootprintGoal,0,0.0,0.0,0.0,44
3-wise,294,40,DisableExplicitGC = 1 AND UseAdaptiveSizeDecayMajorGCCost = 1 AND UseAdaptiveSizePolicyFootprintGoal = 1,UseAdaptiveSizeDecayMajorGCCost AND DisableExplicitGC AND UseAdaptiveSizePolicyFootprintGoal,0,1.0,1.0,1.0,44
4-wise,1158,129,DisableExplicitGC = 1 AND UseAdaptiveSizeDecayMajorGCCost = 1 AND UseAdaptiveSizePolicyFootprintGoal = 1,DisableExplicitGC AND UseAdaptiveSizePolicyFootprintGoal AND UseAdaptiveSizeDecayMajorGCCost,0,1.0,1.0,1.0,44
full,193536,24192,DisableExplicitGC = 1 AND UseAdaptiveGCBoundary = 1 AND UseAdaptiveSizePolicy = 1,UseAdaptiveSizePolicy AND DisableExplicitGC AND UseAdaptiveGCBoundary,0,1.0,1.0,1.0,45
random_5,65,6,DisableExplicitGC = 1 AND UseAdaptiveGCBoundary = 1 AND UseAdaptiveSizePolicy = 1,DisableExplicitGC AND UseAdaptiveGCBoundary AND MaxTenuringThreshold <= 12.5 AND UseAdaptiveSizePolicy,4,1.0,1.0,1.0,45
random_10,130,17,DisableExplicitGC = 1 AND UseAdaptiveGCBoundary = 1 AND UseAdaptiveSizePolicy = 1,MinSurvivorRatio <= 2.5 AND NewRatio <= 1.5 AND DisableExplicitGC AND UseAdaptiveGCBoundary,4,0.2105263157894736,1.0,0.1176470588235294,45
random_20,260,30,DisableExplicitGC = 1 AND UseAdaptiveGCBoundary = 1 AND UseAdaptiveSizePolicy = 1,UseAdaptiveGCBoundary AND UseAdaptiveSizePolicy AND DisableExplicitGC,0,1.0,1.0,1.0,45
2-wise,57,6,DisableExplicitGC = 1 AND UseAdaptiveGCBoundary = 1 AND UseAdaptiveSizePolicy = 1,SurvivorRatio > 8.5 AND NOT DisableExplicitGC AND NewRatio > 1.5 AND TenuredGenerationSizeSupplementDecay > 6.0,0,0.0,0.0,0.0,45
3-wise,291,33,DisableExplicitGC = 1 AND UseAdaptiveGCBoundary = 1 AND UseAdaptiveSizePolicy = 1,DisableExplicitGC AND MinSurvivorRatio > 2.5 AND UseAdaptiveSizePolicy AND UseAdaptiveGCBoundary,0,0.8421052631578948,1.0,0.7272727272727273,45
4-wise,1137,150,DisableExplicitGC = 1 AND UseAdaptiveGCBoundary = 1 AND UseAdaptiveSizePolicy = 1,DisableExplicitGC AND UseAdaptiveSizePolicy AND UseAdaptiveGCBoundary,0,1.0,1.0,1.0,45
full,193536,24192,UseAdaptiveSizeDecayMajorGCCost = 1 AND UseAdaptiveSizePolicy = 1 AND UseAdaptiveSizePolicyFootprintGoal = 1,UseAdaptiveSizePolicy AND UseAdaptiveSizeDecayMajorGCCost AND UseAdaptiveSizePolicyFootprintGoal,0,1.0,1.0,1.0,46
random_2,26,3,UseAdaptiveSizeDecayMajorGCCost = 1 AND UseAdaptiveSizePolicy = 1 AND UseAdaptiveSizePolicyFootprintGoal = 1,NOT DisableExplicitGC AND NOT UseAdaptiveSizePolicy AND MaxTenuringThreshold <= 7.5 AND SurvivorRatio > 23.5,0,0.0,0.0,0.0,46
random_5,65,10,UseAdaptiveSizeDecayMajorGCCost = 1 AND UseAdaptiveSizePolicy = 1 AND UseAdaptiveSizePolicyFootprintGoal = 1,UseAdaptiveSizePolicy AND UseAdaptiveSizePolicyFootprintGoal AND UseAdaptiveSizeDecayMajorGCCost,0,1.0,1.0,1.0,46
random_10,130,20,UseAdaptiveSizeDecayMajorGCCost = 1 AND UseAdaptiveSizePolicy = 1 AND UseAdaptiveSizePolicyFootprintGoal = 1,UseAdaptiveSizePolicyFootprintGoal AND UseAdaptiveSizeDecayMajorGCCost AND UseAdaptiveSizePolicy,0,1.0,1.0,1.0,46
random_20,260,36,UseAdaptiveSizeDecayMajorGCCost = 1 AND UseAdaptiveSizePolicy = 1 AND UseAdaptiveSizePolicyFootprintGoal = 1,UseAdaptiveSizePolicy AND UseAdaptiveSizePolicyFootprintGoal AND UseAdaptiveSizeDecayMajorGCCost,0,1.0,1.0,1.0,46
2-wise,63,10,UseAdaptiveSizeDecayMajorGCCost = 1 AND UseAdaptiveSizePolicy = 1 AND UseAdaptiveSizePolicyFootprintGoal = 1,UseAdaptiveSizePolicyFootprintGoal AND UseAdaptiveSizeDecayMajorGCCost AND UseAdaptiveSizePolicy,0,1.0,1.0,1.0,46
3-wise,312,39,UseAdaptiveSizeDecayMajorGCCost = 1 AND UseAdaptiveSizePolicy = 1 AND UseAdaptiveSizePolicyFootprintGoal = 1,UseAdaptiveSizePolicyFootprintGoal AND UseAdaptiveSizeDecayMajorGCCost AND UseAdaptiveSizePolicy,0,1.0,1.0,1.0,46
4-wise,1139,137,UseAdaptiveSizeDecayMajorGCCost = 1 AND UseAdaptiveSizePolicy = 1 AND UseAdaptiveSizePolicyFootprintGoal = 1,UseAdaptiveSizeDecayMajorGCCost AND UseAdaptiveSizePolicy AND UseAdaptiveSizePolicyFootprintGoal,0,1.0,1.0,1.0,46
full,193536,24192,DisableExplicitGC = 1 AND UseAdaptiveGCBoundary = 1 AND UseAdaptiveSizePolicy = 1,DisableExplicitGC AND UseAdaptiveSizePolicy AND UseAdaptiveGCBoundary,0,1.0,1.0,1.0,47
random_2,26,2,DisableExplicitGC = 1 AND UseAdaptiveGCBoundary = 1 AND UseAdaptiveSizePolicy = 1,MaxTenuringThreshold > 12.5 AND NOT UseAdaptiveSizeDecayMajorGCCost AND NewRatio > 5.0,2,0.5,0.5,0.5,47
random_5,65,5,DisableExplicitGC = 1 AND UseAdaptiveGCBoundary = 1 AND UseAdaptiveSizePolicy = 1,NOT TenuredGenerationSizeSupplement_70 AND SurvivorRatio <= 23.5 AND NOT UseAdaptiveSizePolicy,0,0.0,0.0,0.0,47
random_10,130,16,DisableExplicitGC = 1 AND UseAdaptiveGCBoundary = 1 AND UseAdaptiveSizePolicy = 1,DisableExplicitGC AND SurvivorRatio <= 28.5 AND UseAdaptiveGCBoundary AND UseAdaptiveSizePolicy,0,0.967741935483871,1.0,0.9375,47
random_20,260,29,DisableExplicitGC = 1 AND UseAdaptiveGCBoundary = 1 AND UseAdaptiveSizePolicy = 1,DisableExplicitGC AND UseAdaptiveGCBoundary AND UseAdaptiveSizePolicy,0,1.0,1.0,1.0,47
2-wise,66,7,DisableExplicitGC = 1 AND UseAdaptiveGCBoundary = 1 AND UseAdaptiveSizePolicy = 1,UseAdaptiveSizePolicy AND MinSurvivorRatio <= 2.5 AND NOT UseAdaptiveSizeDecayMajorGCCost AND SurvivorRatio > 18.5,0,0.0,0.0,0.0,47
3-wise,293,31,DisableExplicitGC = 1 AND UseAdaptiveGCBoundary = 1 AND UseAdaptiveSizePolicy = 1,UseAdaptiveSizePolicy AND UseAdaptiveGCBoundary AND DisableExplicitGC,0,1.0,1.0,1.0,47
4-wise,1156,142,DisableExplicitGC = 1 AND UseAdaptiveGCBoundary = 1 AND UseAdaptiveSizePolicy = 1,UseAdaptiveGCBoundary AND UseAdaptiveSizePolicy AND DisableExplicitGC,0,1.0,1.0,1.0,47
full,193536,24192,DisableExplicitGC = 1 AND UseAdaptiveGCBoundary = 1 AND UseAdaptiveSizePolicyFootprintGoal = 1,UseAdaptiveGCBoundary AND UseAdaptiveSizePolicyFootprintGoal AND DisableExplicitGC,0,1.0,1.0,1.0,48
random_2,26,3,DisableExplicitGC = 1 AND UseAdaptiveGCBoundary = 1 AND UseAdaptiveSizePolicyFootprintGoal = 1,UseAdaptiveGCBoundary AND DisableExplicitGC AND UseAdaptiveSizePolicyFootprintGoal AND UseAdaptiveSizePolicy,0,0.8,1.0,0.6666666666666666,48
random_5,65,4,DisableExplicitGC = 1 AND UseAdaptiveGCBoundary = 1 AND UseAdaptiveSizePolicyFootprintGoal = 1,UseAdaptiveSizePolicyFootprintGoal AND DisableExplicitGC AND UseAdaptiveGCBoundary,0,1.0,1.0,1.0,48
random_10,130,11,DisableExplicitGC = 1 AND UseAdaptiveGCBoundary = 1 AND UseAdaptiveSizePolicyFootprintGoal = 1,UseAdaptiveGCBoundary AND UseAdaptiveSizePolicyFootprintGoal AND DisableExplicitGC,0,1.0,1.0,1.0,48
random_20,260,28,DisableExplicitGC = 1 AND UseAdaptiveGCBoundary = 1 AND UseAdaptiveSizePolicyFootprintGoal = 1,UseAdaptiveSizePolicyFootprintGoal AND DisableExplicitGC AND UseAdaptiveGCBoundary,0,1.0,1.0,1.0,48
2-wise,63,6,DisableExplicitGC = 1 AND UseAdaptiveGCBoundary = 1 AND UseAdaptiveSizePolicyFootprintGoal = 1,MinSurvivorRatio <= 2.5 AND TenuredGenerationSizeSupplement_90 AND TenuredGenerationSizeSupplementDecay > 3.0,1,0.8,1.0,0.6666666666666666,48
3-wise,303,29,DisableExplicitGC = 1 AND UseAdaptiveGCBoundary = 1 AND UseAdaptiveSizePolicyFootprintGoal = 1,UseAdaptiveGCBoundary AND UseAdaptiveSizePolicyFootprintGoal AND DisableExplicitGC,0,1.0,1.0,1.0,48
4-wise,1144,137,DisableExplicitGC = 1 AND UseAdaptiveGCBoundary = 1 AND UseAdaptiveSizePolicyFootprintGoal = 1,UseAdaptiveSizePolicyFootprintGoal AND DisableExplicitGC AND UseAdaptiveGCBoundary,0,1.0,1.0,1.0,48
full,193536,24192,DisableExplicitGC = 1 AND UseAdaptiveGCBoundary = 1 AND UseAdaptiveSizePolicyFootprintGoal = 1,UseAdaptiveGCBoundary AND UseAdaptiveSizePolicyFootprintGoal AND DisableExplicitGC,0,1.0,1.0,1.0,49
random_2,26,2,DisableExplicitGC = 1 AND UseAdaptiveGCBoundary = 1 AND UseAdaptiveSizePolicyFootprintGoal = 1,NOT UseAdaptiveGCBoundary AND NewRatio <= 24.0 AND UseAdaptiveSizePolicy AND NOT TenuredGenerationSizeSupplement_70,0,0.0,0.0,0.0,49
random_5,65,9,DisableExplicitGC = 1 AND UseAdaptiveGCBoundary = 1 AND UseAdaptiveSizePolicyFootprintGoal = 1,DisableExplicitGC AND UseAdaptiveSizePolicyFootprintGoal AND UseAdaptiveGCBoundary,0,1.0,1.0,1.0,49
random_10,130,19,DisableExplicitGC = 1 AND UseAdaptiveGCBoundary = 1 AND UseAdaptiveSizePolicyFootprintGoal = 1,UseAdaptiveGCBoundary AND DisableExplicitGC AND UseAdaptiveSizePolicyFootprintGoal,0,1.0,1.0,1.0,49
random_20,260,33,DisableExplicitGC = 1 AND UseAdaptiveGCBoundary = 1 AND UseAdaptiveSizePolicyFootprintGoal = 1,UseAdaptiveSizePolicyFootprintGoal AND DisableExplicitGC AND UseAdaptiveGCBoundary,0,1.0,1.0,1.0,49
2-wise,58,11,DisableExplicitGC = 1 AND UseAdaptiveGCBoundary = 1 AND UseAdaptiveSizePolicyFootprintGoal = 1,UseAdaptiveGCBoundary AND DisableExplicitGC AND UseAdaptiveSizePolicyFootprintGoal,1,1.0,1.0,1.0,49
3-wise,297,34,DisableExplicitGC = 1 AND UseAdaptiveGCBoundary = 1 AND UseAdaptiveSizePolicyFootprintGoal = 1,UseAdaptiveGCBoundary AND DisableExplicitGC AND UseAdaptiveSizePolicyFootprintGoal,0,1.0,1.0,1.0,49
4-wise,1140,157,DisableExplicitGC = 1 AND UseAdaptiveGCBoundary = 1 AND UseAdaptiveSizePolicyFootprintGoal = 1,UseAdaptiveGCBoundary AND DisableExplicitGC AND UseAdaptiveSizePolicyFootprintGoal,0,1.0,1.0,1.0,49
full,193536,24192,DisableExplicitGC = 1 AND UseAdaptiveSizePolicy = 1 AND UseAdaptiveSizePolicyFootprintGoal = 1,UseAdaptiveSizePolicyFootprintGoal AND DisableExplicitGC AND UseAdaptiveSizePolicy,0,1.0,1.0,1.0,4
random_2,26,4,DisableExplicitGC = 1 AND UseAdaptiveSizePolicy = 1 AND UseAdaptiveSizePolicyFootprintGoal = 1,MinSurvivorRatio > 2.5 AND MaxTenuringThreshold > 12.5 AND NOT TenuredGenerationSizeSupplement_90 AND NewRatio <= 20.0,0,0.0,0.0,0.0,4
random_5,65,9,DisableExplicitGC = 1 AND UseAdaptiveSizePolicy = 1 AND UseAdaptiveSizePolicyFootprintGoal = 1,UseAdaptiveSizePolicyFootprintGoal AND DisableExplicitGC AND UseAdaptiveSizePolicy,3,1.0,1.0,1.0,4
random_10,130,16,DisableExplicitGC = 1 AND UseAdaptiveSizePolicy = 1 AND UseAdaptiveSizePolicyFootprintGoal = 1,TenuredGenerationSizeSupplementDecay > 3.0 AND UseAdaptiveSizePolicy AND DisableExplicitGC AND UseAdaptiveSizePolicyFootprintGoal,1,0.72,1.0,0.5625,4
random_20,260,32,DisableExplicitGC = 1 AND UseAdaptiveSizePolicy = 1 AND UseAdaptiveSizePolicyFootprintGoal = 1,UseAdaptiveSizePolicy AND DisableExplicitGC AND UseAdaptiveSizePolicyFootprintGoal,0,1.0,1.0,1.0,4
2-wise,64,10,DisableExplicitGC = 1 AND UseAdaptiveSizePolicy = 1 AND UseAdaptiveSizePolicyFootprintGoal = 1,DisableExplicitGC AND UseAdaptiveSizePolicyFootprintGoal AND UseAdaptiveSizePolicy,0,1.0,1.0,1.0,4
3-wise,295,37,DisableExplicitGC = 1 AND UseAdaptiveSizePolicy = 1 AND UseAdaptiveSizePolicyFootprintGoal = 1,UseAdaptiveSizePolicyFootprintGoal AND UseAdaptiveSizePolicy AND DisableExplicitGC,0,1.0,1.0,1.0,4
4-wise,1140,147,DisableExplicitGC = 1 AND UseAdaptiveSizePolicy = 1 AND UseAdaptiveSizePolicyFootprintGoal = 1,UseAdaptiveSizePolicyFootprintGoal AND DisableExplicitGC AND UseAdaptiveSizePolicy,0,1.0,1.0,1.0,4
full,193536,24192,UseAdaptiveGCBoundary = 1 AND UseAdaptiveSizeDecayMajorGCCost = 1 AND UseAdaptiveSizePolicy = 1,UseAdaptiveSizePolicy AND UseAdaptiveGCBoundary AND UseAdaptiveSizeDecayMajorGCCost,0,1.0,1.0,1.0,50
random_2,26,5,UseAdaptiveGCBoundary = 1 AND UseAdaptiveSizeDecayMajorGCCost = 1 AND UseAdaptiveSizePolicy = 1,UseAdaptiveGCBoundary AND UseAdaptiveSizeDecayMajorGCCost AND UseAdaptiveSizePolicy,1,1.0,1.0,1.0,50
random_5,65,13,UseAdaptiveGCBoundary = 1 AND UseAdaptiveSizeDecayMajorGCCost = 1 AND UseAdaptiveSizePolicy = 1,UseAdaptiveGCBoundary AND UseAdaptiveSizePolicy AND UseAdaptiveSizeDecayMajorGCCost,0,1.0,1.0,1.0,50
random_10,130,22,UseAdaptiveGCBoundary = 1 AND UseAdaptiveSizeDecayMajorGCCost = 1 AND UseAdaptiveSizePolicy = 1,UseAdaptiveGCBoundary AND UseAdaptiveSizeDecayMajorGCCost AND UseAdaptiveSizePolicy,0,1.0,1.0,1.0,50
random_20,260,36,UseAdaptiveGCBoundary = 1 AND UseAdaptiveSizeDecayMajorGCCost = 1 AND UseAdaptiveSizePolicy = 1,UseAdaptiveGCBoundary AND UseAdaptiveSizePolicy AND UseAdaptiveSizeDecayMajorGCCost,0,1.0,1.0,1.0,50
2-wise,60,11,UseAdaptiveGCBoundary = 1 AND UseAdaptiveSizeDecayMajorGCCost = 1 AND UseAdaptiveSizePolicy = 1,UseAdaptiveSizeDecayMajorGCCost AND UseAdaptiveGCBoundary AND UseAdaptiveSizePolicy,1,1.0,1.0,1.0,50
3-wise,302,34,UseAdaptiveGCBoundary = 1 AND UseAdaptiveSizeDecayMajorGCCost = 1 AND UseAdaptiveSizePolicy = 1,UseAdaptiveSizeDecayMajorGCCost AND UseAdaptiveSizePolicy AND UseAdaptiveGCBoundary,0,1.0,1.0,1.0,50
4-wise,1160,134,UseAdaptiveGCBoundary = 1 AND UseAdaptiveSizeDecayMajorGCCost = 1 AND UseAdaptiveSizePolicy = 1,UseAdaptiveSizePolicy AND UseAdaptiveSizeDecayMajorGCCost AND UseAdaptiveGCBoundary,0,1.0,1.0,1.0,50
full,193536,24192,DisableExplicitGC = 1 AND UseAdaptiveGCBoundary = 1 AND UseAdaptiveSizePolicyFootprintGoal = 1,DisableExplicitGC AND UseAdaptiveGCBoundary AND UseAdaptiveSizePolicyFootprintGoal,0,1.0,1.0,1.0,51
random_2,26,3,DisableExplicitGC = 1 AND UseAdaptiveGCBoundary = 1 AND UseAdaptiveSizePolicyFootprintGoal = 1,UseAdaptiveSizePolicyFootprintGoal AND TenuredGenerationSizeSupplement_70 AND DisableExplicitGC,4,1.0,1.0,1.0,51
random_5,65,5,DisableExplicitGC = 1 AND UseAdaptiveGCBoundary = 1 AND UseAdaptiveSizePolicyFootprintGoal = 1,DisableExplicitGC AND NOT TenuredGenerationSizeSupplement_50 AND NewRatio <= 12.0 AND UseAdaptiveSizePolicyFootprintGoal,0,0.888888888888889,1.0,0.8,51
random_10,130,13,DisableExplicitGC = 1 AND UseAdaptiveGCBoundary = 1 AND UseAdaptiveSizePolicyFootprintGoal = 1,UseAdaptiveSizePolicyFootprintGoal AND DisableExplicitGC AND UseAdaptiveGCBoundary,0,1.0,1.0,1.0,51
random_20,260,31,DisableExplicitGC = 1 AND UseAdaptiveGCBoundary = 1 AND UseAdaptiveSizePolicyFootprintGoal = 1,UseAdaptiveSizePolicyFootprintGoal AND DisableExplicitGC AND UseAdaptiveGCBoundary,0,1.0,1.0,1.0,51
2-wise,54,5,DisableExplicitGC = 1 AND UseAdaptiveGCBoundary = 1 AND UseAdaptiveSizePolicyFootprintGoal = 1,NewRatio > 1.5 AND UseAdaptiveSizePolicyFootprintGoal AND DisableExplicitGC AND MaxTenuringThreshold > 10.0,0,0.7499999999999999,1.0,0.6,51
3-wise,286,33,DisableExplicitGC = 1 AND UseAdaptiveGCBoundary = 1 AND UseAdaptiveSizePolicyFootprintGoal = 1,UseAdaptiveSizePolicyFootprintGoal AND DisableExplicitGC AND UseAdaptiveGCBoundary,0,1.0,1.0,1.0,51
4-wise,1188,149,DisableExplicitGC = 1 AND UseAdaptiveGCBoundary = 1 AND UseAdaptiveSizePolicyFootprintGoal = 1,UseAdaptiveGCBoundary AND UseAdaptiveSizePolicyFootprintGoal AND DisableExplicitGC,0,1.0,1.0,1.0,51
full,193536,24192,DisableExplicitGC = 1 AND UseAdaptiveGCBoundary = 1 AND UseAdaptiveSizePolicy = 1,UseAdaptiveGCBoundary AND DisableExplicitGC AND UseAdaptiveSizePolicy,0,1.0,1.0,1.0,52
random_2,26,2,DisableExplicitGC = 1 AND UseAdaptiveGCBoundary = 1 AND UseAdaptiveSizePolicy = 1,MinSurvivorRatio <= 2.5 AND TenuredGenerationSizeSupplementDecay <= 12.0 AND TenuredGenerationSizeSupplementDecay <= 6.0 AND NewRatio > 3.0,3,0.8,0.6666666666666666,1.0,52
random_5,65,8,DisableExplicitGC = 1 AND UseAdaptiveGCBoundary = 1 AND UseAdaptiveSizePolicy = 1,NewRatio > 24.0 AND MinSurvivorRatio <= 5.5 AND MinSurvivorRatio > 2.5 AND MaxTenuringThreshold > 7.5,0,0.0,0.0,0.0,52
random_10,130,16,DisableExplicitGC = 1 AND UseAdaptiveGCBoundary = 1 AND UseAdaptiveSizePolicy = 1,SurvivorRatio <= 23.5 AND TenuredGenerationSizeSupplementDecay <= 12.0,4,0.15,0.09375,0.375,52
random_20,260,22,DisableExplicitGC = 1 AND UseAdaptiveGCBoundary = 1 AND UseAdaptiveSizePolicy = 1,TenuredGenerationSizeSupplement_70 AND SurvivorRatio <= 8.5 AND NewRatio > 6.0,0,0.0,0.0,0.0,52
2-wise,61,6,DisableExplicitGC = 1 AND UseAdaptiveGCBoundary = 1 AND UseAdaptiveSizePolicy = 1,MaxTenuringThreshold <= 7.5 AND NOT TenuredGenerationSizeSupplement_70 AND UseAdaptiveSizeDecayMajorGCCost AND NOT UseAdaptiveSizePolicyFootprintGoal,0,0.0,0.0,0.0,52
3-wise,296,31,DisableExplicitGC = 1 AND UseAdaptiveGCBoundary = 1 AND UseAdaptiveSizePolicy = 1,UseAdaptiveSizePolicy AND SurvivorRatio > 3.5 AND UseAdaptiveGCBoundary AND DisableExplicitGC,0,0.9310344827586208,1.0,0.8709677419354839,52
4-wise,1136,137,DisableExplicitGC = 1 AND UseAdaptiveGCBoundary = 1 AND UseAdaptiveSizePolicy = 1,NewRatio > 3.0 AND UseAdaptiveSizePolicy AND DisableExplicitGC AND UseAdaptiveGCBoundary,0,0.7545454545454545,1.0,0.6058394160583942,52
full,193536,24192,UseAdaptiveSizeDecayMajorGCCost = 1 AND UseAdaptiveSizePolicy = 1 AND UseAdaptiveSizePolicyFootprintGoal = 1,UseAdaptiveSizePolicy AND UseAdaptiveSizeDecayMajorGCCost AND UseAdaptiveSizePolicyFootprintGoal,0,1.0,1.0,1.0,53
random_2,26,5,UseAdaptiveSizeDecayMajorGCCost = 1 AND UseAdaptiveSizePolicy = 1 AND UseAdaptiveSizePolicyFootprintGoal = 1,TenuredGenerationSizeSupplement_90 AND UseAdaptiveSizePolicyFootprintGoal AND UseAdaptiveSizePolicy,1,0.888888888888889,1.0,0.8,53
random_5,65,7,UseAdaptiveSizeDecayMajorGCCost = 1 AND UseAdaptiveSizePolicy = 1 AND UseAdaptiveSizePolicyFootprintGoal = 1,UseAdaptiveSizePolicy AND UseAdaptiveSizeDecayMajorGCCost AND UseAdaptiveSizePolicyFootprintGoal,0,1.0,1.0,1.0,53
random_10,130,20,UseAdaptiveSizeDecayMajorGCCost = 1 AND UseAdaptiveSizePolicy = 1 AND UseAdaptiveSizePolicyFootprintGoal = 1,UseAdaptiveSizeDecayMajorGCCost AND UseAdaptiveSizePolicy AND UseAdaptiveSizePolicyFootprintGoal,0,1.0,1.0,1.0,53
random_20,260,31,UseAdaptiveSizeDecayMajorGCCost = 1 AND UseAdaptiveSizePolicy = 1 AND UseAdaptiveSizePolicyFootprintGoal = 1,UseAdaptiveSizePolicyFootprintGoal AND UseAdaptiveSizePolicy AND UseAdaptiveSizeDecayMajorGCCost,0,1.0,1.0,1.0,53
2-wise,63,7,UseAdaptiveSizeDecayMajorGCCost = 1 AND UseAdaptiveSizePolicy = 1 AND UseAdaptiveSizePolicyFootprintGoal = 1,UseAdaptiveSizePolicyFootprintGoal AND UseAdaptiveSizeDecayMajorGCCost AND UseAdaptiveSizePolicy,0,1.0,1.0,1.0,53
3-wise,304,37,UseAdaptiveSizeDecayMajorGCCost = 1 AND UseAdaptiveSizePolicy = 1 AND UseAdaptiveSizePolicyFootprintGoal = 1,UseAdaptiveSizeDecayMajorGCCost AND UseAdaptiveSizePolicy AND UseAdaptiveSizePolicyFootprintGoal,0,1.0,1.0,1.0,53
4-wise,1146,147,UseAdaptiveSizeDecayMajorGCCost = 1 AND UseAdaptiveSizePolicy = 1 AND UseAdaptiveSizePolicyFootprintGoal = 1,UseAdaptiveSizeDecayMajorGCCost AND UseAdaptiveSizePolicyFootprintGoal AND UseAdaptiveSizePolicy,0,1.0,1.0,1.0,53
full,193536,24192,DisableExplicitGC = 1 AND UseAdaptiveGCBoundary = 1 AND UseAdaptiveSizeDecayMajorGCCost = 1,DisableExplicitGC AND UseAdaptiveSizeDecayMajorGCCost AND UseAdaptiveGCBoundary,0,1.0,1.0,1.0,54
random_2,26,3,DisableExplicitGC = 1 AND UseAdaptiveGCBoundary = 1 AND UseAdaptiveSizeDecayMajorGCCost = 1,UseAdaptiveGCBoundary AND DisableExplicitGC AND SurvivorRatio > 3.5 AND UseAdaptiveSizeDecayMajorGCCost,1,1.0,1.0,1.0,54
random_5,65,3,DisableExplicitGC = 1 AND UseAdaptiveGCBoundary = 1 AND UseAdaptiveSizeDecayMajorGCCost = 1,SurvivorRatio <= 28.5 AND UseAdaptiveSizeDecayMajorGCCost AND UseAdaptiveGCBoundary AND DisableExplicitGC,0,1.0,1.0,1.0,54
random_10,130,15,DisableExplicitGC = 1 AND UseAdaptiveGCBoundary = 1 AND UseAdaptiveSizeDecayMajorGCCost = 1,UseAdaptiveGCBoundary AND UseAdaptiveSizeDecayMajorGCCost AND DisableExplicitGC,0,1.0,1.0,1.0,54
random_20,260,26,DisableExplicitGC = 1 AND UseAdaptiveGCBoundary = 1 AND UseAdaptiveSizeDecayMajorGCCost = 1,UseAdaptiveGCBoundary AND UseAdaptiveSizeDecayMajorGCCost AND DisableExplicitGC,0,1.0,1.0,1.0,54
2-wise,62,4,DisableExplicitGC = 1 AND UseAdaptiveGCBoundary = 1 AND UseAdaptiveSizeDecayMajorGCCost = 1,TenuredGenerationSizeSupplementDecay > 3.0 AND TenuredGenerationSizeSupplement_50 AND UseAdaptiveGCBoundary AND TenuredGenerationSizeSupplementDecay > 12.0,1,0.6666666666666666,1.0,0.5,54
3-wise,297,39,DisableExplicitGC = 1 AND UseAdaptiveGCBoundary = 1 AND UseAdaptiveSizeDecayMajorGCCost = 1,UseAdaptiveSizeDecayMajorGCCost AND UseAdaptiveGCBoundary AND DisableExplicitGC,0,1.0,1.0,1.0,54
4-wise,1139,137,DisableExplicitGC = 1 AND UseAdaptiveGCBoundary = 1 AND UseAdaptiveSizeDecayMajorGCCost = 1,DisableExplicitGC AND UseAdaptiveGCBoundary AND UseAdaptiveSizeDecayMajorGCCost,0,1.0,1.0,1.0,54
full,193536,24192,DisableExplicitGC = 1 AND UseAdaptiveSizePolicy = 1 AND UseAdaptiveSizePolicyFootprintGoal = 1,DisableExplicitGC AND UseAdaptiveSizePolicy AND UseAdaptiveSizePolicyFootprintGoal,0,1.0,1.0,1.0,55
random_2,26,4,DisableExplicitGC = 1 AND UseAdaptiveSizePolicy = 1 AND UseAdaptiveSizePolicyFootprintGoal = 1,DisableExplicitGC AND UseAdaptiveSizePolicyFootprintGoal AND MinSurvivorRatio <= 8.5,4,1.0,1.0,1.0,55
random_5,65,11,DisableExplicitGC = 1 AND UseAdaptiveSizePolicy = 1 AND UseAdaptiveSizePolicyFootprintGoal = 1,DisableExplicitGC AND UseAdaptiveSizePolicyFootprintGoal AND UseAdaptiveSizePolicy,1,1.0,1.0,1.0,55
random_10,130,21,DisableExplicitGC = 1 AND UseAdaptiveSizePolicy = 1 AND UseAdaptiveSizePolicyFootprintGoal = 1,UseAdaptiveSizePolicy AND DisableExplicitGC AND UseAdaptiveSizePolicyFootprintGoal,0,1.0,1.0,1.0,55
random_20,260,38,DisableExplicitGC = 1 AND UseAdaptiveSizePolicy = 1 AND UseAdaptiveSizePolicyFootprintGoal = 1,DisableExplicitGC AND UseAdaptiveSizePolicyFootprintGoal AND UseAdaptiveSizePolicy,0,1.0,1.0,1.0,55
2-wise,64,11,DisableExplicitGC = 1 AND UseAdaptiveSizePolicy = 1 AND UseAdaptiveSizePolicyFootprintGoal = 1,UseAdaptiveSizePolicy AND UseAdaptiveSizePolicyFootprintGoal AND DisableExplicitGC,0,1.0,1.0,1.0,55
3-wise,297,41,DisableExplicitGC = 1 AND UseAdaptiveSizePolicy = 1 AND UseAdaptiveSizePolicyFootprintGoal = 1,DisableExplicitGC AND UseAdaptiveSizePolicyFootprintGoal AND UseAdaptiveSizePolicy,0,1.0,1.0,1.0,55
4-wise,1137,148,DisableExplicitGC = 1 AND UseAdaptiveSizePolicy = 1 AND UseAdaptiveSizePolicyFootprintGoal = 1,UseAdaptiveSizePolicyFootprintGoal AND DisableExplicitGC AND UseAdaptiveSizePolicy,0,1.0,1.0,1.0,55
full,193536,24192,UseAdaptiveSizeDecayMajorGCCost = 1 AND UseAdaptiveSizePolicy = 1 AND UseAdaptiveSizePolicyFootprintGoal = 1,UseAdaptiveSizePolicyFootprintGoal AND UseAdaptiveSizeDecayMajorGCCost AND UseAdaptiveSizePolicy,0,1.0,1.0,1.0,56
random_2,26,8,UseAdaptiveSizeDecayMajorGCCost = 1 AND UseAdaptiveSizePolicy = 1 AND UseAdaptiveSizePolicyFootprintGoal = 1,NewRatio <= 24.0 AND SurvivorRatio > 23.5,3,0.3333333333333332,0.3,0.375,56
random_5,65,10,UseAdaptiveSizeDecayMajorGCCost = 1 AND UseAdaptiveSizePolicy = 1 AND UseAdaptiveSizePolicyFootprintGoal = 1,NewRatio <= 3.0 AND NOT UseAdaptiveSizePolicy AND NOT UseAdaptiveGCBoundary AND MinSurvivorRatio > 2.5,0,0.0,0.0,0.0,56
random_10,130,19,UseAdaptiveSizeDecayMajorGCCost = 1 AND UseAdaptiveSizePolicy = 1 AND UseAdaptiveSizePolicyFootprintGoal = 1,TenuredGenerationSizeSupplementDecay <= 3.0 AND NewRatio > 3.0 AND TenuredGenerationSizeSupplement_50 AND NewRatio > 6.0,4,0.0769230769230769,0.1428571428571428,0.0526315789473684,56
random_20,260,34,UseAdaptiveSizeDecayMajorGCCost = 1 AND UseAdaptiveSizePolicy = 1 AND UseAdaptiveSizePolicyFootprintGoal = 1,MinSurvivorRatio > 8.5 AND NewRatio <= 24.0,4,0.1839080459770115,0.1509433962264151,0.2352941176470588,56
2-wise,63,9,UseAdaptiveSizeDecayMajorGCCost = 1 AND UseAdaptiveSizePolicy = 1 AND UseAdaptiveSizePolicyFootprintGoal = 1,NewRatio <= 24.0 AND TenuredGenerationSizeSupplement_50 AND UseAdaptiveSizePolicyFootprintGoal,2,0.125,0.1428571428571428,0.1111111111111111,56
3-wise,309,43,UseAdaptiveSizeDecayMajorGCCost = 1 AND UseAdaptiveSizePolicy = 1 AND UseAdaptiveSizePolicyFootprintGoal = 1,MaxTenuringThreshold > 7.5,4,0.2403100775193798,0.1441860465116279,0.7209302325581395,56
4-wise,1160,155,UseAdaptiveSizeDecayMajorGCCost = 1 AND UseAdaptiveSizePolicy = 1 AND UseAdaptiveSizePolicyFootprintGoal = 1,SurvivorRatio > 13.5,0,0.2252475247524752,0.1393568147013782,0.5870967741935483,56
full,193536,24192,DisableExplicitGC = 1 AND UseAdaptiveGCBoundary = 1 AND UseAdaptiveSizePolicy = 1,DisableExplicitGC AND UseAdaptiveSizePolicy AND UseAdaptiveGCBoundary,0,1.0,1.0,1.0,57
random_2,26,2,DisableExplicitGC = 1 AND UseAdaptiveGCBoundary = 1 AND UseAdaptiveSizePolicy = 1,MinSurvivorRatio <= 2.5 AND NewRatio <= 24.0 AND NewRatio <= 1.5 AND MaxTenuringThreshold > 7.5,4,0.5,0.5,0.5,57
random_5,65,7,DisableExplicitGC = 1 AND UseAdaptiveGCBoundary = 1 AND UseAdaptiveSizePolicy = 1,UseAdaptiveSizeDecayMajorGCCost AND UseAdaptiveSizePolicy AND DisableExplicitGC AND TenuredGenerationSizeSupplementDecay > 3.0,2,0.7692307692307692,0.8333333333333334,0.7142857142857143,57
random_10,130,14,DisableExplicitGC = 1 AND UseAdaptiveGCBoundary = 1 AND UseAdaptiveSizePolicy = 1,DisableExplicitGC AND UseAdaptiveGCBoundary AND UseAdaptiveSizePolicy,0,1.0,1.0,1.0,57
random_20,260,26,DisableExplicitGC = 1 AND UseAdaptiveGCBoundary = 1 AND UseAdaptiveSizePolicy = 1,UseAdaptiveSizePolicy AND DisableExplicitGC AND UseAdaptiveGCBoundary,0,1.0,1.0,1.0,57
2-wise,65,8,DisableExplicitGC = 1 AND UseAdaptiveGCBoundary = 1 AND UseAdaptiveSizePolicy = 1,UseAdaptiveSizePolicy AND DisableExplicitGC AND UseAdaptiveGCBoundary,3,1.0,1.0,1.0,57
3-wise,290,29,DisableExplicitGC = 1 AND UseAdaptiveGCBoundary = 1 AND UseAdaptiveSizePolicy = 1,UseAdaptiveSizePolicy AND DisableExplicitGC AND UseAdaptiveGCBoundary,1,1.0,1.0,1.0,57
4-wise,1133,136,DisableExplicitGC = 1 AND UseAdaptiveGCBoundary = 1 AND UseAdaptiveSizePolicy = 1,UseAdaptiveSizePolicy AND UseAdaptiveGCBoundary AND DisableExplicitGC,0,1.0,1.0,1.0,57
full,193536,24192,DisableExplicitGC = 1 AND UseAdaptiveGCBoundary = 1 AND UseAdaptiveSizePolicyFootprintGoal = 1,DisableExplicitGC AND UseAdaptiveGCBoundary AND UseAdaptiveSizePolicyFootprintGoal,0,1.0,1.0,1.0,58
random_2,26,4,DisableExplicitGC = 1 AND UseAdaptiveGCBoundary = 1 AND UseAdaptiveSizePolicyFootprintGoal = 1,NOT TenuredGenerationSizeSupplement_90 AND TenuredGenerationSizeSupplementDecay <= 12.0 AND UseAdaptiveSizePolicy AND UseAdaptiveGCBoundary,0,0.8571428571428571,1.0,0.75,58
random_5,65,10,DisableExplicitGC = 1 AND UseAdaptiveGCBoundary = 1 AND UseAdaptiveSizePolicyFootprintGoal = 1,DisableExplicitGC AND UseAdaptiveGCBoundary AND UseAdaptiveSizePolicyFootprintGoal,1,1.0,1.0,1.0,58
random_10,130,24,DisableExplicitGC = 1 AND UseAdaptiveGCBoundary = 1 AND UseAdaptiveSizePolicyFootprintGoal = 1,DisableExplicitGC AND UseAdaptiveGCBoundary AND UseAdaptiveSizePolicyFootprintGoal,0,1.0,1.0,1.0,58
random_20,260,46,DisableExplicitGC = 1 AND UseAdaptiveGCBoundary = 1 AND UseAdaptiveSizePolicyFootprintGoal = 1,DisableExplicitGC AND UseAdaptiveGCBoundary AND UseAdaptiveSizePolicyFootprintGoal,0,1.0,1.0,1.0,58
2-wise,67,12,DisableExplicitGC = 1 AND UseAdaptiveGCBoundary = 1 AND UseAdaptiveSizePolicyFootprintGoal = 1,UseAdaptiveGCBoundary AND DisableExplicitGC AND UseAdaptiveSizePolicyFootprintGoal,0,1.0,1.0,1.0,58
3-wise,306,50,DisableExplicitGC = 1 AND UseAdaptiveGCBoundary = 1 AND UseAdaptiveSizePolicyFootprintGoal = 1,UseAdaptiveGCBoundary AND DisableExplicitGC AND UseAdaptiveSizePolicyFootprintGoal,0,1.0,1.0,1.0,58
4-wise,1144,159,DisableExplicitGC = 1 AND UseAdaptiveGCBoundary = 1 AND UseAdaptiveSizePolicyFootprintGoal = 1,UseAdaptiveSizePolicyFootprintGoal AND UseAdaptiveGCBoundary AND DisableExplicitGC,0,1.0,1.0,1.0,58
full,193536,24192,UseAdaptiveGCBoundary = 1 AND UseAdaptiveSizePolicy = 1 AND UseAdaptiveSizePolicyFootprintGoal = 1,UseAdaptiveSizePolicy AND UseAdaptiveSizePolicyFootprintGoal AND UseAdaptiveGCBoundary,0,1.0,1.0,1.0,59
random_2,26,5,UseAdaptiveGCBoundary = 1 AND UseAdaptiveSizePolicy = 1 AND UseAdaptiveSizePolicyFootprintGoal = 1,UseAdaptiveSizePolicy AND UseAdaptiveGCBoundary AND MinSurvivorRatio > 4.0,2,0.7499999999999999,1.0,0.6,59
random_5,65,13,UseAdaptiveGCBoundary = 1 AND UseAdaptiveSizePolicy = 1 AND UseAdaptiveSizePolicyFootprintGoal = 1,UseAdaptiveGCBoundary AND UseAdaptiveSizePolicy AND UseAdaptiveSizePolicyFootprintGoal,0,1.0,1.0,1.0,59
random_10,130,23,UseAdaptiveGCBoundary = 1 AND UseAdaptiveSizePolicy = 1 AND UseAdaptiveSizePolicyFootprintGoal = 1,UseAdaptiveSizePolicy AND UseAdaptiveSizePolicyFootprintGoal AND UseAdaptiveGCBoundary,0,1.0,1.0,1.0,59
random_20,260,39,UseAdaptiveGCBoundary = 1 AND UseAdaptiveSizePolicy = 1 AND UseAdaptiveSizePolicyFootprintGoal = 1,UseAdaptiveGCBoundary AND UseAdaptiveSizePolicyFootprintGoal AND UseAdaptiveSizePolicy,0,1.0,1.0,1.0,59
2-wise,58,9,UseAdaptiveGCBoundary = 1 AND UseAdaptiveSizePolicy = 1 AND UseAdaptiveSizePolicyFootprintGoal = 1,UseAdaptiveSizePolicy AND MaxTenuringThreshold > 7.5 AND TenuredGenerationSizeSupplementDecay <= 6.0 AND UseAdaptiveSizePolicyFootprintGoal,4,0.7142857142857143,1.0,0.5555555555555556,59
3-wise,295,42,UseAdaptiveGCBoundary = 1 AND UseAdaptiveSizePolicy = 1 AND UseAdaptiveSizePolicyFootprintGoal = 1,UseAdaptiveSizePolicy AND UseAdaptiveGCBoundary AND UseAdaptiveSizePolicyFootprintGoal,0,1.0,1.0,1.0,59
4-wise,1160,146,UseAdaptiveGCBoundary = 1 AND UseAdaptiveSizePolicy = 1 AND UseAdaptiveSizePolicyFootprintGoal = 1,UseAdaptiveSizePolicyFootprintGoal AND UseAdaptiveSizePolicy AND UseAdaptiveGCBoundary,0,1.0,1.0,1.0,59
full,193536,24192,DisableExplicitGC = 1 AND UseAdaptiveSizeDecayMajorGCCost = 1 AND UseAdaptiveSizePolicy = 1,UseAdaptiveSizePolicy AND UseAdaptiveSizeDecayMajorGCCost AND DisableExplicitGC,0,1.0,1.0,1.0,5
random_2,26,3,DisableExplicitGC = 1 AND UseAdaptiveSizeDecayMajorGCCost = 1 AND UseAdaptiveSizePolicy = 1,UseAdaptiveSizeDecayMajorGCCost AND UseAdaptiveSizePolicy AND DisableExplicitGC,1,1.0,1.0,1.0,5
random_5,65,5,DisableExplicitGC = 1 AND UseAdaptiveSizeDecayMajorGCCost = 1 AND UseAdaptiveSizePolicy = 1,NewRatio > 3.0 AND TenuredGenerationSizeSupplementDecay <= 6.0 AND NOT TenuredGenerationSizeSupplement_50 AND SurvivorRatio <= 28.5,0,0.0,0.0,0.0,5
random_10,130,11,DisableExplicitGC = 1 AND UseAdaptiveSizeDecayMajorGCCost = 1 AND UseAdaptiveSizePolicy = 1,UseAdaptiveSizeDecayMajorGCCost AND UseAdaptiveSizePolicy AND DisableExplicitGC,0,1.0,1.0,1.0,5
random_20,260,27,DisableExplicitGC = 1 AND UseAdaptiveSizeDecayMajorGCCost = 1 AND UseAdaptiveSizePolicy = 1,DisableExplicitGC AND UseAdaptiveSizePolicy AND UseAdaptiveSizeDecayMajorGCCost,0,1.0,1.0,1.0,5
2-wise,61,5,DisableExplicitGC = 1 AND UseAdaptiveSizeDecayMajorGCCost = 1 AND UseAdaptiveSizePolicy = 1,SurvivorRatio <= 3.5 AND MaxTenuringThreshold > 7.5 AND UseAdaptiveSizeDecayMajorGCCost AND TenuredGenerationSizeSupplementDecay <= 10.0,0,0.7499999999999999,1.0,0.6,5
3-wise,309,33,DisableExplicitGC = 1 AND UseAdaptiveSizeDecayMajorGCCost = 1 AND UseAdaptiveSizePolicy = 1,UseAdaptiveSizeDecayMajorGCCost AND UseAdaptiveSizePolicy AND DisableExplicitGC,0,1.0,1.0,1.0,5
4-wise,1143,153,DisableExplicitGC = 1 AND UseAdaptiveSizeDecayMajorGCCost = 1 AND UseAdaptiveSizePolicy = 1,DisableExplicitGC AND UseAdaptiveSizePolicy AND UseAdaptiveSizeDecayMajorGCCost,0,1.0,1.0,1.0,5
full,193536,24192,UseAdaptiveGCBoundary = 1 AND UseAdaptiveSizeDecayMajorGCCost = 1 AND UseAdaptiveSizePolicyFootprintGoal = 1,UseAdaptiveSizePolicyFootprintGoal AND UseAdaptiveGCBoundary AND UseAdaptiveSizeDecayMajorGCCost,0,1.0,1.0,1.0,60
random_2,26,9,UseAdaptiveGCBoundary = 1 AND UseAdaptiveSizeDecayMajorGCCost = 1 AND UseAdaptiveSizePolicyFootprintGoal = 1,TenuredGenerationSizeSupplementDecay <= 12.0 AND NOT UseAdaptiveSizeDecayMajorGCCost AND NOT DisableExplicitGC AND UseAdaptiveSizePolicy,0,0.0,0.0,0.0,60
random_5,65,14,UseAdaptiveGCBoundary = 1 AND UseAdaptiveSizeDecayMajorGCCost = 1 AND UseAdaptiveSizePolicyFootprintGoal = 1,SurvivorRatio <= 3.5 AND DisableExplicitGC AND UseAdaptiveSizePolicyFootprintGoal,2,0.125,0.5,0.0714285714285714,60
random_10,130,22,UseAdaptiveGCBoundary = 1 AND UseAdaptiveSizeDecayMajorGCCost = 1 AND UseAdaptiveSizePolicyFootprintGoal = 1,TenuredGenerationSizeSupplementDecay > 3.0 AND MinSurvivorRatio <= 2.5 AND NewRatio <= 6.0 AND SurvivorRatio <= 23.5,4,0.1538461538461538,0.5,0.0909090909090909,60
random_20,260,38,UseAdaptiveGCBoundary = 1 AND UseAdaptiveSizeDecayMajorGCCost = 1 AND UseAdaptiveSizePolicyFootprintGoal = 1,TenuredGenerationSizeSupplementDecay <= 12.0,4,0.2469135802469135,0.1463414634146341,0.7894736842105263,60
2-wise,62,14,UseAdaptiveGCBoundary = 1 AND UseAdaptiveSizeDecayMajorGCCost = 1 AND UseAdaptiveSizePolicyFootprintGoal = 1,NOT UseAdaptiveSizePolicyFootprintGoal AND MinSurvivorRatio <= 5.5 AND SurvivorRatio > 8.5 AND TenuredGenerationSizeSupplementDecay > 12.0,0,0.0,0.0,0.0,60
3-wise,292,45,UseAdaptiveGCBoundary = 1 AND UseAdaptiveSizeDecayMajorGCCost = 1 AND UseAdaptiveSizePolicyFootprintGoal = 1,NOT TenuredGenerationSizeSupplement_90 AND UseAdaptiveSizePolicyFootprintGoal AND UseAdaptiveSizeDecayMajorGCCost AND UseAdaptiveGCBoundary,0,0.8157894736842105,1.0,0.6888888888888889,60
4-wise,1153,155,UseAdaptiveGCBoundary = 1 AND UseAdaptiveSizeDecayMajorGCCost = 1 AND UseAdaptiveSizePolicyFootprintGoal = 1,UseAdaptiveSizePolicyFootprintGoal AND UseAdaptiveSizeDecayMajorGCCost AND UseAdaptiveGCBoundary,0,1.0,1.0,1.0,60
full,193536,24192,DisableExplicitGC = 1 AND UseAdaptiveGCBoundary = 1 AND UseAdaptiveSizePolicy = 1,DisableExplicitGC AND UseAdaptiveSizePolicy AND UseAdaptiveGCBoundary,0,1.0,1.0,1.0,61
random_2,26,5,DisableExplicitGC = 1 AND UseAdaptiveGCBoundary = 1 AND UseAdaptiveSizePolicy = 1,UseAdaptiveGCBoundary AND DisableExplicitGC AND UseAdaptiveSizePolicy,1,1.0,1.0,1.0,61
random_5,65,10,DisableExplicitGC = 1 AND UseAdaptiveGCBoundary = 1 AND UseAdaptiveSizePolicy = 1,TenuredGenerationSizeSupplementDecay <= 12.0 AND NewRatio > 1.5,4,0.2307692307692307,0.1428571428571428,0.6,61
random_10,130,23,DisableExplicitGC = 1 AND UseAdaptiveGCBoundary = 1 AND UseAdaptiveSizePolicy = 1,NOT TenuredGenerationSizeSupplement_90 AND MaxTenuringThreshold > 7.5,1,0.2318840579710144,0.1739130434782608,0.3478260869565217,61
random_20,260,41,DisableExplicitGC = 1 AND UseAdaptiveGCBoundary = 1 AND UseAdaptiveSizePolicy = 1,NewRatio > 3.0 AND UseAdaptiveGCBoundary AND MaxTenuringThreshold <= 12.5,4,0.3469387755102041,0.2982456140350877,0.4146341463414634,61
2-wise,64,9,DisableExplicitGC = 1 AND UseAdaptiveGCBoundary = 1 AND UseAdaptiveSizePolicy = 1,NOT DisableExplicitGC AND TenuredGenerationSizeSupplementDecay > 3.0,0,0.0,0.0,0.0,61
3-wise,302,45,DisableExplicitGC = 1 AND UseAdaptiveGCBoundary = 1 AND UseAdaptiveSizePolicy = 1,NOT TenuredGenerationSizeSupplement_50,0,0.2177419354838709,0.1330049261083744,0.6,61
4-wise,1164,143,DisableExplicitGC = 1 AND UseAdaptiveGCBoundary = 1 AND UseAdaptiveSizePolicy = 1,UseAdaptiveGCBoundary AND UseAdaptiveSizePolicy AND DisableExplicitGC,0,1.0,1.0,1.0,61
full,193536,24192,UseAdaptiveGCBoundary = 1 AND UseAdaptiveSizeDecayMajorGCCost = 1 AND UseAdaptiveSizePolicyFootprintGoal = 1,UseAdaptiveSizePolicyFootprintGoal AND UseAdaptiveSizeDecayMajorGCCost AND UseAdaptiveGCBoundary,0,1.0,1.0,1.0,62
random_2,26,2,UseAdaptiveGCBoundary = 1 AND UseAdaptiveSizeDecayMajorGCCost = 1 AND UseAdaptiveSizePolicyFootprintGoal = 1,TenuredGenerationSizeSupplement_70 AND DisableExplicitGC AND UseAdaptiveGCBoundary,0,1.0,1.0,1.0,62
random_5,65,3,UseAdaptiveGCBoundary = 1 AND UseAdaptiveSizeDecayMajorGCCost = 1 AND UseAdaptiveSizePolicyFootprintGoal = 1,UseAdaptiveSizeDecayMajorGCCost AND MinSurvivorRatio > 5.5 AND NOT UseAdaptiveSizePolicy AND UseAdaptiveSizePolicyFootprintGoal,3,0.7499999999999999,0.6,1.0,62
random_10,130,15,UseAdaptiveGCBoundary = 1 AND UseAdaptiveSizeDecayMajorGCCost = 1 AND UseAdaptiveSizePolicyFootprintGoal = 1,UseAdaptiveSizeDecayMajorGCCost AND UseAdaptiveSizePolicyFootprintGoal AND UseAdaptiveGCBoundary,0,1.0,1.0,1.0,62
random_20,260,31,UseAdaptiveGCBoundary = 1 AND UseAdaptiveSizeDecayMajorGCCost = 1 AND UseAdaptiveSizePolicyFootprintGoal = 1,UseAdaptiveGCBoundary AND UseAdaptiveSizeDecayMajorGCCost AND UseAdaptiveSizePolicyFootprintGoal,0,1.0,1.0,1.0,62
2-wise,63,3,UseAdaptiveGCBoundary = 1 AND UseAdaptiveSizeDecayMajorGCCost = 1 AND UseAdaptiveSizePolicyFootprintGoal = 1,NOT UseAdaptiveSizePolicyFootprintGoal AND NewRatio > 6.0 AND SurvivorRatio > 3.5 AND NOT UseAdaptiveSizeDecayMajorGCCost,0,0.0,0.0,0.0,62
3-wise,306,38,UseAdaptiveGCBoundary = 1 AND UseAdaptiveSizeDecayMajorGCCost = 1 AND UseAdaptiveSizePolicyFootprintGoal = 1,UseAdaptiveGCBoundary AND UseAdaptiveSizePolicyFootprintGoal AND UseAdaptiveSizeDecayMajorGCCost,0,1.0,1.0,1.0,62
4-wise,1147,128,UseAdaptiveGCBoundary = 1 AND UseAdaptiveSizeDecayMajorGCCost = 1 AND UseAdaptiveSizePolicyFootprintGoal = 1,UseAdaptiveGCBoundary AND UseAdaptiveSizeDecayMajorGCCost AND UseAdaptiveSizePolicyFootprintGoal,0,1.0,1.0,1.0,62
full,193536,24192,DisableExplicitGC = 1 AND UseAdaptiveGCBoundary = 1 AND UseAdaptiveSizePolicy = 1,DisableExplicitGC AND UseAdaptiveGCBoundary AND UseAdaptiveSizePolicy,0,1.0,1.0,1.0,63
random_2,26,5,DisableExplicitGC = 1 AND UseAdaptiveGCBoundary = 1 AND UseAdaptiveSizePolicy = 1,UseAdaptiveSizePolicy AND TenuredGenerationSizeSupplementDecay > 6.0 AND UseAdaptiveGCBoundary,4,1.0,1.0,1.0,63
random_5,65,15,DisableExplicitGC = 1 AND UseAdaptiveGCBoundary = 1 AND UseAdaptiveSizePolicy = 1,UseAdaptiveSizePolicy AND UseAdaptiveGCBoundary AND DisableExplicitGC,0,1.0,1.0,1.0,63
random_10,130,23,DisableExplicitGC = 1 AND UseAdaptiveGCBoundary = 1 AND UseAdaptiveSizePolicy = 1,UseAdaptiveGCBoundary AND UseAdaptiveSizePolicy AND DisableExplicitGC,0,1.0,1.0,1.0,63
random_20,260,42,DisableExplicitGC = 1 AND UseAdaptiveGCBoundary = 1 AND UseAdaptiveSizePolicy = 1,UseAdaptiveSizePolicy AND DisableExplicitGC AND UseAdaptiveGCBoundary,0,1.0,1.0,1.0,63
2-wise,63,16,DisableExplicitGC = 1 AND UseAdaptiveGCBoundary = 1 AND UseAdaptiveSizePolicy = 1,UseAdaptiveSizePolicy AND DisableExplicitGC AND SurvivorRatio <= 28.5 AND UseAdaptiveGCBoundary,0,0.8571428571428571,1.0,0.75,63
3-wise,304,42,DisableExplicitGC = 1 AND UseAdaptiveGCBoundary = 1 AND UseAdaptiveSizePolicy = 1,UseAdaptiveGCBoundary AND UseAdaptiveSizePolicy AND DisableExplicitGC,0,1.0,1.0,1.0,63
4-wise,1136,150,DisableExplicitGC = 1 AND UseAdaptiveGCBoundary = 1 AND UseAdaptiveSizePolicy = 1,UseAdaptiveGCBoundary AND UseAdaptiveSizePolicy AND DisableExplicitGC,0,1.0,1.0,1.0,63
full,193536,24192,UseAdaptiveGCBoundary = 1 AND UseAdaptiveSizeDecayMajorGCCost = 1 AND UseAdaptiveSizePolicy = 1,UseAdaptiveSizeDecayMajorGCCost AND UseAdaptiveGCBoundary AND UseAdaptiveSizePolicy,0,1.0,1.0,1.0,64
random_2,26,4,UseAdaptiveGCBoundary = 1 AND UseAdaptiveSizeDecayMajorGCCost = 1 AND UseAdaptiveSizePolicy = 1,UseAdaptiveSizeDecayMajorGCCost AND UseAdaptiveSizePolicy AND UseAdaptiveGCBoundary,0,1.0,1.0,1.0,64
random_5,65,12,UseAdaptiveGCBoundary = 1 AND UseAdaptiveSizeDecayMajorGCCost = 1 AND UseAdaptiveSizePolicy = 1,UseAdaptiveSizeDecayMajorGCCost AND UseAdaptiveSizePolicy AND UseAdaptiveGCBoundary,0,1.0,1.0,1.0,64
random_10,130,20,UseAdaptiveGCBoundary = 1 AND UseAdaptiveSizeDecayMajorGCCost = 1 AND UseAdaptiveSizePolicy = 1,UseAdaptiveGCBoundary AND UseAdaptiveSizeDecayMajorGCCost AND UseAdaptiveSizePolicy,0,1.0,1.0,1.0,64
random_20,260,34,UseAdaptiveGCBoundary = 1 AND UseAdaptiveSizeDecayMajorGCCost = 1 AND UseAdaptiveSizePolicy = 1,UseAdaptiveSizePolicy AND UseAdaptiveGCBoundary AND UseAdaptiveSizeDecayMajorGCCost,0,1.0,1.0,1.0,64
2-wise,63,12,UseAdaptiveGCBoundary = 1 AND UseAdaptiveSizeDecayMajorGCCost = 1 AND UseAdaptiveSizePolicy = 1,UseAdaptiveGCBoundary AND UseAdaptiveSizeDecayMajorGCCost AND UseAdaptiveSizePolicy,0,1.0,1.0,1.0,64
3-wise,300,30,UseAdaptiveGCBoundary = 1 AND UseAdaptiveSizeDecayMajorGCCost = 1 AND UseAdaptiveSizePolicy = 1,UseAdaptiveGCBoundary AND UseAdaptiveSizePolicy AND UseAdaptiveSizeDecayMajorGCCost,0,1.0,1.0,1.0,64
4-wise,1146,132,UseAdaptiveGCBoundary = 1 AND UseAdaptiveSizeDecayMajorGCCost = 1 AND UseAdaptiveSizePolicy = 1,UseAdaptiveSizePolicy AND UseAdaptiveSizeDecayMajorGCCost AND UseAdaptiveGCBoundary,0,1.0,1.0,1.0,64
full,193536,24192,DisableExplicitGC = 1 AND UseAdaptiveSizeDecayMajorGCCost = 1 AND UseAdaptiveSizePolicyFootprintGoal = 1,UseAdaptiveSizeDecayMajorGCCost AND UseAdaptiveSizePolicyFootprintGoal AND DisableExplicitGC,0,1.0,1.0,1.0,65
random_2,26,1,DisableExplicitGC = 1 AND UseAdaptiveSizeDecayMajorGCCost = 1 AND UseAdaptiveSizePolicyFootprintGoal = 1,MaxTenuringThreshold > 12.5 AND NewRatio <= 6.0 AND SurvivorRatio <= 18.5 AND NewRatio > 2.5,0,0.0,0.0,0.0,65
random_5,65,7,DisableExplicitGC = 1 AND UseAdaptiveSizeDecayMajorGCCost = 1 AND UseAdaptiveSizePolicyFootprintGoal = 1,DisableExplicitGC AND UseAdaptiveSizePolicyFootprintGoal AND UseAdaptiveSizeDecayMajorGCCost,1,1.0,1.0,1.0,65
random_10,130,11,DisableExplicitGC = 1 AND UseAdaptiveSizeDecayMajorGCCost = 1 AND UseAdaptiveSizePolicyFootprintGoal = 1,DisableExplicitGC AND UseAdaptiveSizePolicyFootprintGoal AND UseAdaptiveSizeDecayMajorGCCost,0,1.0,1.0,1.0,65
random_20,260,29,DisableExplicitGC = 1 AND UseAdaptiveSizeDecayMajorGCCost = 1 AND UseAdaptiveSizePolicyFootprintGoal = 1,UseAdaptiveSizeDecayMajorGCCost AND UseAdaptiveSizePolicyFootprintGoal AND DisableExplicitGC,0,1.0,1.0,1.0,65
2-wise,63,8,DisableExplicitGC = 1 AND UseAdaptiveSizeDecayMajorGCCost = 1 AND UseAdaptiveSizePolicyFootprintGoal = 1,UseAdaptiveSizePolicyFootprintGoal AND UseAdaptiveSizeDecayMajorGCCost AND DisableExplicitGC,0,1.0,1.0,1.0,65
3-wise,301,34,DisableExplicitGC = 1 AND UseAdaptiveSizeDecayMajorGCCost = 1 AND UseAdaptiveSizePolicyFootprintGoal = 1,UseAdaptiveSizePolicyFootprintGoal AND DisableExplicitGC AND UseAdaptiveSizeDecayMajorGCCost,0,1.0,1.0,1.0,65
4-wise,1159,157,DisableExplicitGC = 1 AND UseAdaptiveSizeDecayMajorGCCost = 1 AND UseAdaptiveSizePolicyFootprintGoal = 1,UseAdaptiveSizePolicyFootprintGoal AND DisableExplicitGC AND UseAdaptiveSizeDecayMajorGCCost,0,1.0,1.0,1.0,65
full,193536,24192,UseAdaptiveGCBoundary = 1 AND UseAdaptiveSizeDecayMajorGCCost = 1 AND UseAdaptiveSizePolicy = 1,UseAdaptiveSizeDecayMajorGCCost AND UseAdaptiveGCBoundary AND UseAdaptiveSizePolicy,0,1.0,1.0,1.0,66
random_2,26,4,UseAdaptiveGCBoundary = 1 AND UseAdaptiveSizeDecayMajorGCCost = 1 AND UseAdaptiveSizePolicy = 1,SurvivorRatio > 13.5 AND MaxTenuringThreshold <= 12.5 AND UseAdaptiveSizePolicy AND TenuredGenerationSizeSupplementDecay > 12.0,3,0.3333333333333333,0.5,0.25,66
random_5,65,11,UseAdaptiveGCBoundary = 1 AND UseAdaptiveSizeDecayMajorGCCost = 1 AND UseAdaptiveSizePolicy = 1,SurvivorRatio <= 18.5 AND UseAdaptiveGCBoundary AND UseAdaptiveSizePolicy AND SurvivorRatio > 3.5,2,0.625,1.0,0.4545454545454545,66
random_10,130,20,UseAdaptiveGCBoundary = 1 AND UseAdaptiveSizeDecayMajorGCCost = 1 AND UseAdaptiveSizePolicy = 1,UseAdaptiveSizePolicy AND NewRatio > 3.0 AND UseAdaptiveGCBoundary AND UseAdaptiveSizeDecayMajorGCCost,3,0.7499999999999999,1.0,0.6,66
random_20,260,45,UseAdaptiveGCBoundary = 1 AND UseAdaptiveSizeDecayMajorGCCost = 1 AND UseAdaptiveSizePolicy = 1,UseAdaptiveSizeDecayMajorGCCost AND UseAdaptiveGCBoundary AND UseAdaptiveSizePolicy,0,1.0,1.0,1.0,66
2-wise,62,11,UseAdaptiveGCBoundary = 1 AND UseAdaptiveSizeDecayMajorGCCost = 1 AND UseAdaptiveSizePolicy = 1,UseAdaptiveSizePolicy AND UseAdaptiveGCBoundary AND UseAdaptiveSizeDecayMajorGCCost,0,1.0,1.0,1.0,66
3-wise,304,46,UseAdaptiveGCBoundary = 1 AND UseAdaptiveSizeDecayMajorGCCost = 1 AND UseAdaptiveSizePolicy = 1,UseAdaptiveSizePolicy AND UseAdaptiveSizeDecayMajorGCCost AND UseAdaptiveGCBoundary,0,1.0,1.0,1.0,66
4-wise,1157,147,UseAdaptiveGCBoundary = 1 AND UseAdaptiveSizeDecayMajorGCCost = 1 AND UseAdaptiveSizePolicy = 1,UseAdaptiveGCBoundary AND UseAdaptiveSizePolicy AND UseAdaptiveSizeDecayMajorGCCost,0,1.0,1.0,1.0,66
full,193536,24192,DisableExplicitGC = 1 AND UseAdaptiveGCBoundary = 1 AND UseAdaptiveSizePolicyFootprintGoal = 1,UseAdaptiveSizePolicyFootprintGoal AND DisableExplicitGC AND UseAdaptiveGCBoundary,0,1.0,1.0,1.0,67
random_2,26,3,DisableExplicitGC = 1 AND UseAdaptiveGCBoundary = 1 AND UseAdaptiveSizePolicyFootprintGoal = 1,UseAdaptiveSizePolicyFootprintGoal AND MinSurvivorRatio > 5.5 AND DisableExplicitGC,0,1.0,1.0,1.0,67
random_5,65,9,DisableExplicitGC = 1 AND UseAdaptiveGCBoundary = 1 AND UseAdaptiveSizePolicyFootprintGoal = 1,UseAdaptiveGCBoundary AND DisableExplicitGC AND UseAdaptiveSizePolicyFootprintGoal,0,1.0,1.0,1.0,67
random_10,130,11,DisableExplicitGC = 1 AND UseAdaptiveGCBoundary = 1 AND UseAdaptiveSizePolicyFootprintGoal = 1,UseAdaptiveGCBoundary AND UseAdaptiveSizePolicyFootprintGoal AND DisableExplicitGC,0,1.0,1.0,1.0,67
random_20,260,31,DisableExplicitGC = 1 AND UseAdaptiveGCBoundary = 1 AND UseAdaptiveSizePolicyFootprintGoal = 1,DisableExplicitGC AND UseAdaptiveSizePolicyFootprintGoal AND UseAdaptiveGCBoundary,0,1.0,1.0,1.0,67
2-wise,61,6,DisableExplicitGC = 1 AND UseAdaptiveGCBoundary = 1 AND UseAdaptiveSizePolicyFootprintGoal = 1,UseAdaptiveGCBoundary AND DisableExplicitGC AND UseAdaptiveSizePolicyFootprintGoal,0,1.0,1.0,1.0,67
3-wise,291,33,DisableExplicitGC = 1 AND UseAdaptiveGCBoundary = 1 AND UseAdaptiveSizePolicyFootprintGoal = 1,DisableExplicitGC AND UseAdaptiveGCBoundary AND UseAdaptiveSizePolicyFootprintGoal,0,1.0,1.0,1.0,67
4-wise,1161,142,DisableExplicitGC = 1 AND UseAdaptiveGCBoundary = 1 AND UseAdaptiveSizePolicyFootprintGoal = 1,UseAdaptiveSizePolicyFootprintGoal AND UseAdaptiveGCBoundary AND DisableExplicitGC,0,1.0,1.0,1.0,67
full,193536,24192,UseAdaptiveSizeDecayMajorGCCost = 1 AND UseAdaptiveSizePolicy = 1 AND UseAdaptiveSizePolicyFootprintGoal = 1,UseAdaptiveSizeDecayMajorGCCost AND UseAdaptiveSizePolicyFootprintGoal AND UseAdaptiveSizePolicy,0,1.0,1.0,1.0,68
random_2,26,4,UseAdaptiveSizeDecayMajorGCCost = 1 AND UseAdaptiveSizePolicy = 1 AND UseAdaptiveSizePolicyFootprintGoal = 1,UseAdaptiveSizeDecayMajorGCCost AND UseAdaptiveSizePolicy AND NewRatio <= 24.0 AND MinSurvivorRatio <= 8.5,4,0.6666666666666665,0.6,0.75,68
random_5,65,5,UseAdaptiveSizeDecayMajorGCCost = 1 AND UseAdaptiveSizePolicy = 1 AND UseAdaptiveSizePolicyFootprintGoal = 1,NOT UseAdaptiveSizeDecayMajorGCCost AND NOT UseAdaptiveGCBoundary AND SurvivorRatio > 8.5,0,0.0,0.0,0.0,68
random_10,130,11,UseAdaptiveSizeDecayMajorGCCost = 1 AND UseAdaptiveSizePolicy = 1 AND UseAdaptiveSizePolicyFootprintGoal = 1,NOT TenuredGenerationSizeSupplement_50 AND UseAdaptiveSizePolicyFootprintGoal AND UseAdaptiveSizeDecayMajorGCCost AND UseAdaptiveSizePolicy,2,0.7058823529411764,1.0,0.5454545454545454,68
random_20,260,21,UseAdaptiveSizeDecayMajorGCCost = 1 AND UseAdaptiveSizePolicy = 1 AND UseAdaptiveSizePolicyFootprintGoal = 1,UseAdaptiveSizePolicyFootprintGoal AND UseAdaptiveSizePolicy AND UseAdaptiveSizeDecayMajorGCCost,0,1.0,1.0,1.0,68
2-wise,59,5,UseAdaptiveSizeDecayMajorGCCost = 1 AND UseAdaptiveSizePolicy = 1 AND UseAdaptiveSizePolicyFootprintGoal = 1,MaxTenuringThreshold > 12.5 AND UseAdaptiveSizePolicy AND SurvivorRatio > 16.0,1,0.4444444444444445,0.5,0.4,68
3-wise,308,30,UseAdaptiveSizeDecayMajorGCCost = 1 AND UseAdaptiveSizePolicy = 1 AND UseAdaptiveSizePolicyFootprintGoal = 1,UseAdaptiveSizePolicy AND UseAdaptiveSizePolicyFootprintGoal AND UseAdaptiveSizeDecayMajorGCCost,0,1.0,1.0,1.0,68
4-wise,1167,142,UseAdaptiveSizeDecayMajorGCCost = 1 AND UseAdaptiveSizePolicy = 1 AND UseAdaptiveSizePolicyFootprintGoal = 1,UseAdaptiveSizePolicy AND UseAdaptiveSizePolicyFootprintGoal AND UseAdaptiveSizeDecayMajorGCCost,0,1.0,1.0,1.0,68
full,193536,24192,UseAdaptiveGCBoundary = 1 AND UseAdaptiveSizeDecayMajorGCCost = 1 AND UseAdaptiveSizePolicy = 1,UseAdaptiveGCBoundary AND UseAdaptiveSizeDecayMajorGCCost AND UseAdaptiveSizePolicy,0,1.0,1.0,1.0,69
random_2,26,2,UseAdaptiveGCBoundary = 1 AND UseAdaptiveSizeDecayMajorGCCost = 1 AND UseAdaptiveSizePolicy = 1,TenuredGenerationSizeSupplement_70 AND MaxTenuringThreshold <= 12.5,0,0.0,0.0,0.0,69
random_5,65,7,UseAdaptiveGCBoundary = 1 AND UseAdaptiveSizeDecayMajorGCCost = 1 AND UseAdaptiveSizePolicy = 1,UseAdaptiveGCBoundary AND UseAdaptiveSizeDecayMajorGCCost AND UseAdaptiveSizePolicy,0,1.0,1.0,1.0,69
random_10,130,13,UseAdaptiveGCBoundary = 1 AND UseAdaptiveSizeDecayMajorGCCost = 1 AND UseAdaptiveSizePolicy = 1,UseAdaptiveSizePolicy AND UseAdaptiveGCBoundary AND UseAdaptiveSizeDecayMajorGCCost,0,1.0,1.0,1.0,69
random_20,260,24,UseAdaptiveGCBoundary = 1 AND UseAdaptiveSizeDecayMajorGCCost = 1 AND UseAdaptiveSizePolicy = 1,UseAdaptiveGCBoundary AND UseAdaptiveSizeDecayMajorGCCost AND UseAdaptiveSizePolicy,0,1.0,1.0,1.0,69
2-wise,64,6,UseAdaptiveGCBoundary = 1 AND UseAdaptiveSizeDecayMajorGCCost = 1 AND UseAdaptiveSizePolicy = 1,UseAdaptiveGCBoundary AND UseAdaptiveSizePolicy AND UseAdaptiveSizeDecayMajorGCCost,0,1.0,1.0,1.0,69
3-wise,299,29,UseAdaptiveGCBoundary = 1 AND UseAdaptiveSizeDecayMajorGCCost = 1 AND UseAdaptiveSizePolicy = 1,UseAdaptiveGCBoundary AND UseAdaptiveSizeDecayMajorGCCost AND UseAdaptiveSizePolicy,0,1.0,1.0,1.0,69
4-wise,1156,152,UseAdaptiveGCBoundary = 1 AND UseAdaptiveSizeDecayMajorGCCost = 1 AND UseAdaptiveSizePolicy = 1,UseAdaptiveSizePolicy AND UseAdaptiveSizeDecayMajorGCCost AND UseAdaptiveGCBoundary,0,1.0,1.0,1.0,69
full,193536,24192,UseAdaptiveGCBoundary = 1 AND UseAdaptiveSizePolicy = 1 AND UseAdaptiveSizePolicyFootprintGoal = 1,UseAdaptiveSizePolicyFootprintGoal AND UseAdaptiveSizePolicy AND UseAdaptiveGCBoundary,0,1.0,1.0,1.0,6
random_2,26,4,UseAdaptiveGCBoundary = 1 AND UseAdaptiveSizePolicy = 1 AND UseAdaptiveSizePolicyFootprintGoal = 1,UseAdaptiveSizePolicy AND UseAdaptiveGCBoundary AND TenuredGenerationSizeSupplementDecay <= 12.0,1,1.0,1.0,1.0,6
random_5,65,11,UseAdaptiveGCBoundary = 1 AND UseAdaptiveSizePolicy = 1 AND UseAdaptiveSizePolicyFootprintGoal = 1,UseAdaptiveGCBoundary AND UseAdaptiveSizePolicy AND UseAdaptiveSizePolicyFootprintGoal,0,1.0,1.0,1.0,6
random_10,130,20,UseAdaptiveGCBoundary = 1 AND UseAdaptiveSizePolicy = 1 AND UseAdaptiveSizePolicyFootprintGoal = 1,UseAdaptiveGCBoundary AND UseAdaptiveSizePolicy AND UseAdaptiveSizePolicyFootprintGoal,0,1.0,1.0,1.0,6
random_20,260,41,UseAdaptiveGCBoundary = 1 AND UseAdaptiveSizePolicy = 1 AND UseAdaptiveSizePolicyFootprintGoal = 1,UseAdaptiveSizePolicy AND UseAdaptiveSizePolicyFootprintGoal AND UseAdaptiveGCBoundary,0,1.0,1.0,1.0,6
2-wise,60,11,UseAdaptiveGCBoundary = 1 AND UseAdaptiveSizePolicy = 1 AND UseAdaptiveSizePolicyFootprintGoal = 1,UseAdaptiveSizePolicyFootprintGoal AND UseAdaptiveSizePolicy AND UseAdaptiveGCBoundary,0,1.0,1.0,1.0,6
3-wise,315,47,UseAdaptiveGCBoundary = 1 AND UseAdaptiveSizePolicy = 1 AND UseAdaptiveSizePolicyFootprintGoal = 1,UseAdaptiveSizePolicyFootprintGoal AND UseAdaptiveGCBoundary AND UseAdaptiveSizePolicy,0,1.0,1.0,1.0,6
4-wise,1138,155,UseAdaptiveGCBoundary = 1 AND UseAdaptiveSizePolicy = 1 AND UseAdaptiveSizePolicyFootprintGoal = 1,UseAdaptiveSizePolicy AND UseAdaptiveGCBoundary AND UseAdaptiveSizePolicyFootprintGoal,0,1.0,1.0,1.0,6
full,193536,24192,UseAdaptiveGCBoundary = 1 AND UseAdaptiveSizeDecayMajorGCCost = 1 AND UseAdaptiveSizePolicyFootprintGoal = 1,UseAdaptiveSizeDecayMajorGCCost AND UseAdaptiveGCBoundary AND UseAdaptiveSizePolicyFootprintGoal,0,1.0,1.0,1.0,70
random_2,26,1,UseAdaptiveGCBoundary = 1 AND UseAdaptiveSizeDecayMajorGCCost = 1 AND UseAdaptiveSizePolicyFootprintGoal = 1,SurvivorRatio <= 18.5 AND NewRatio <= 6.0 AND TenuredGenerationSizeSupplementDecay <= 12.0 AND SurvivorRatio > 3.5,0,0.0,0.0,0.0,70
random_5,65,3,UseAdaptiveGCBoundary = 1 AND UseAdaptiveSizeDecayMajorGCCost = 1 AND UseAdaptiveSizePolicyFootprintGoal = 1,SurvivorRatio > 13.5 AND SurvivorRatio <= 18.5 AND MinSurvivorRatio > 5.5 AND UseAdaptiveSizePolicyFootprintGoal,0,0.8,1.0,0.6666666666666666,70
random_10,130,10,UseAdaptiveGCBoundary = 1 AND UseAdaptiveSizeDecayMajorGCCost = 1 AND UseAdaptiveSizePolicyFootprintGoal = 1,UseAdaptiveGCBoundary AND UseAdaptiveSizePolicyFootprintGoal AND UseAdaptiveSizeDecayMajorGCCost,0,1.0,1.0,1.0,70
random_20,260,34,UseAdaptiveGCBoundary = 1 AND UseAdaptiveSizeDecayMajorGCCost = 1 AND UseAdaptiveSizePolicyFootprintGoal = 1,UseAdaptiveGCBoundary AND UseAdaptiveSizePolicyFootprintGoal AND UseAdaptiveSizeDecayMajorGCCost,0,1.0,1.0,1.0,70
2-wise,59,3,UseAdaptiveGCBoundary = 1 AND UseAdaptiveSizeDecayMajorGCCost = 1 AND UseAdaptiveSizePolicyFootprintGoal = 1,MinSurvivorRatio <= 8.5 AND UseAdaptiveGCBoundary AND UseAdaptiveSizePolicyFootprintGoal AND UseAdaptiveSizeDecayMajorGCCost,0,1.0,1.0,1.0,70
3-wise,291,38,UseAdaptiveGCBoundary = 1 AND UseAdaptiveSizeDecayMajorGCCost = 1 AND UseAdaptiveSizePolicyFootprintGoal = 1,UseAdaptiveSizePolicyFootprintGoal AND UseAdaptiveGCBoundary AND UseAdaptiveSizeDecayMajorGCCost,0,1.0,1.0,1.0,70
4-wise,1146,145,UseAdaptiveGCBoundary = 1 AND UseAdaptiveSizeDecayMajorGCCost = 1 AND UseAdaptiveSizePolicyFootprintGoal = 1,UseAdaptiveGCBoundary AND UseAdaptiveSizePolicyFootprintGoal AND UseAdaptiveSizeDecayMajorGCCost,0,1.0,1.0,1.0,70
full,193536,24192,DisableExplicitGC = 1 AND UseAdaptiveSizePolicy = 1 AND UseAdaptiveSizePolicyFootprintGoal = 1,UseAdaptiveSizePolicyFootprintGoal AND DisableExplicitGC AND UseAdaptiveSizePolicy,0,1.0,1.0,1.0,71
random_5,65,2,DisableExplicitGC = 1 AND UseAdaptiveSizePolicy = 1 AND UseAdaptiveSizePolicyFootprintGoal = 1,SurvivorRatio > 18.5 AND NOT TenuredGenerationSizeSupplement_90 AND NewRatio <= 12.0,0,0.0,0.0,0.0,71
random_10,130,10,DisableExplicitGC = 1 AND UseAdaptiveSizePolicy = 1 AND UseAdaptiveSizePolicyFootprintGoal = 1,MinSurvivorRatio <= 5.5 AND SurvivorRatio <= 8.5 AND UseAdaptiveSizePolicy AND DisableExplicitGC,0,0.5714285714285715,1.0,0.4,71
random_20,260,24,DisableExplicitGC = 1 AND UseAdaptiveSizePolicy = 1 AND UseAdaptiveSizePolicyFootprintGoal = 1,UseAdaptiveSizePolicy AND DisableExplicitGC AND UseAdaptiveSizePolicyFootprintGoal,0,1.0,1.0,1.0,71
2-wise,63,2,DisableExplicitGC = 1 AND UseAdaptiveSizePolicy = 1 AND UseAdaptiveSizePolicyFootprintGoal = 1,UseAdaptiveGCBoundary AND TenuredGenerationSizeSupplementDecay <= 6.0,0,0.0,0.0,0.0,71
3-wise,287,26,DisableExplicitGC = 1 AND UseAdaptiveSizePolicy = 1 AND UseAdaptiveSizePolicyFootprintGoal = 1,UseAdaptiveSizePolicy AND DisableExplicitGC AND UseAdaptiveSizePolicyFootprintGoal,0,1.0,1.0,1.0,71
4-wise,1131,149,DisableExplicitGC = 1 AND UseAdaptiveSizePolicy = 1 AND UseAdaptiveSizePolicyFootprintGoal = 1,UseAdaptiveSizePolicy AND DisableExplicitGC AND UseAdaptiveSizePolicyFootprintGoal,0,1.0,1.0,1.0,71
full,193536,24192,UseAdaptiveGCBoundary = 1 AND UseAdaptiveSizeDecayMajorGCCost = 1 AND UseAdaptiveSizePolicy = 1,UseAdaptiveGCBoundary AND UseAdaptiveSizePolicy AND UseAdaptiveSizeDecayMajorGCCost,0,1.0,1.0,1.0,72
random_2,26,3,UseAdaptiveGCBoundary = 1 AND UseAdaptiveSizeDecayMajorGCCost = 1 AND UseAdaptiveSizePolicy = 1,NOT TenuredGenerationSizeSupplement_50 AND TenuredGenerationSizeSupplementDecay <= 12.0,4,0.2222222222222222,0.1333333333333333,0.6666666666666666,72
random_5,65,10,UseAdaptiveGCBoundary = 1 AND UseAdaptiveSizeDecayMajorGCCost = 1 AND UseAdaptiveSizePolicy = 1,SurvivorRatio > 28.5 AND TenuredGenerationSizeSupplement_50 AND NOT DisableExplicitGC,0,0.0,0.0,0.0,72
random_10,130,19,UseAdaptiveGCBoundary = 1 AND UseAdaptiveSizeDecayMajorGCCost = 1 AND UseAdaptiveSizePolicy = 1,MaxTenuringThreshold > 12.5 AND NewRatio > 1.5,4,0.1403508771929824,0.1052631578947368,0.2105263157894736,72
random_20,260,27,UseAdaptiveGCBoundary = 1 AND UseAdaptiveSizeDecayMajorGCCost = 1 AND UseAdaptiveSizePolicy = 1,MinSurvivorRatio <= 2.5 AND MaxTenuringThreshold <= 12.5 AND NOT TenuredGenerationSizeSupplement_50,0,0.0,0.0,0.0,72
2-wise,63,11,UseAdaptiveGCBoundary = 1 AND UseAdaptiveSizeDecayMajorGCCost = 1 AND UseAdaptiveSizePolicy = 1,NOT TenuredGenerationSizeSupplement_50 AND NewRatio > 24.0,3,0.0999999999999999,0.1111111111111111,0.0909090909090909,72
3-wise,292,32,UseAdaptiveGCBoundary = 1 AND UseAdaptiveSizeDecayMajorGCCost = 1 AND UseAdaptiveSizePolicy = 1,NOT UseAdaptiveGCBoundary AND SurvivorRatio <= 3.5 AND NewRatio <= 1.5 AND TenuredGenerationSizeSupplementDecay > 6.0,0,0.0,0.0,0.0,72
4-wise,1155,132,UseAdaptiveGCBoundary = 1 AND UseAdaptiveSizeDecayMajorGCCost = 1 AND UseAdaptiveSizePolicy = 1,UseAdaptiveSizeDecayMajorGCCost AND UseAdaptiveGCBoundary AND UseAdaptiveSizePolicy,0,1.0,1.0,1.0,72
full,193536,24192,UseAdaptiveGCBoundary = 1 AND UseAdaptiveSizeDecayMajorGCCost = 1 AND UseAdaptiveSizePolicy = 1,UseAdaptiveSizeDecayMajorGCCost AND UseAdaptiveSizePolicy AND UseAdaptiveGCBoundary,0,1.0,1.0,1.0,73
random_2,26,4,UseAdaptiveGCBoundary = 1 AND UseAdaptiveSizeDecayMajorGCCost = 1 AND UseAdaptiveSizePolicy = 1,NOT UseAdaptiveSizeDecayMajorGCCost AND MaxTenuringThreshold > 7.5 AND NewRatio <= 12.0 AND MinSurvivorRatio <= 5.5,0,0.0,0.0,0.0,73
random_5,65,9,UseAdaptiveGCBoundary = 1 AND UseAdaptiveSizeDecayMajorGCCost = 1 AND UseAdaptiveSizePolicy = 1,NOT TenuredGenerationSizeSupplement_70 AND MinSurvivorRatio <= 5.5 AND TenuredGenerationSizeSupplementDecay <= 3.0 AND UseAdaptiveSizePolicyFootprintGoal,0,0.0,0.0,0.0,73
random_10,130,19,UseAdaptiveGCBoundary = 1 AND UseAdaptiveSizeDecayMajorGCCost = 1 AND UseAdaptiveSizePolicy = 1,UseAdaptiveGCBoundary AND UseAdaptiveSizeDecayMajorGCCost AND UseAdaptiveSizePolicy,1,1.0,1.0,1.0,73
random_20,260,42,UseAdaptiveGCBoundary = 1 AND UseAdaptiveSizeDecayMajorGCCost = 1 AND UseAdaptiveSizePolicy = 1,UseAdaptiveSizeDecayMajorGCCost AND UseAdaptiveSizePolicy AND UseAdaptiveGCBoundary,0,1.0,1.0,1.0,73
2-wise,65,10,UseAdaptiveGCBoundary = 1 AND UseAdaptiveSizeDecayMajorGCCost = 1 AND UseAdaptiveSizePolicy = 1,MinSurvivorRatio <= 8.5 AND NOT TenuredGenerationSizeSupplement_50 AND SurvivorRatio > 13.5,2,0.0666666666666666,0.05,0.1,73
3-wise,308,49,UseAdaptiveGCBoundary = 1 AND UseAdaptiveSizeDecayMajorGCCost = 1 AND UseAdaptiveSizePolicy = 1,UseAdaptiveSizeDecayMajorGCCost AND UseAdaptiveGCBoundary AND UseAdaptiveSizePolicy,0,1.0,1.0,1.0,73
4-wise,1128,155,UseAdaptiveGCBoundary = 1 AND UseAdaptiveSizeDecayMajorGCCost = 1 AND UseAdaptiveSizePolicy = 1,UseAdaptiveGCBoundary AND UseAdaptiveSizePolicy AND UseAdaptiveSizeDecayMajorGCCost,0,1.0,1.0,1.0,73
full,193536,24192,DisableExplicitGC = 1 AND UseAdaptiveGCBoundary = 1 AND UseAdaptiveSizeDecayMajorGCCost = 1,UseAdaptiveSizeDecayMajorGCCost AND DisableExplicitGC AND UseAdaptiveGCBoundary,0,1.0,1.0,1.0,74
random_2,26,3,DisableExplicitGC = 1 AND UseAdaptiveGCBoundary = 1 AND UseAdaptiveSizeDecayMajorGCCost = 1,TenuredGenerationSizeSupplementDecay <= 3.0 AND UseAdaptiveSizeDecayMajorGCCost,0,0.8571428571428571,0.75,1.0,74
random_5,65,8,DisableExplicitGC = 1 AND UseAdaptiveGCBoundary = 1 AND UseAdaptiveSizeDecayMajorGCCost = 1,UseAdaptiveSizeDecayMajorGCCost AND NewRatio <= 24.0 AND SurvivorRatio <= 3.5 AND NOT TenuredGenerationSizeSupplement_70,2,0.6666666666666666,1.0,0.5,74
random_10,130,16,DisableExplicitGC = 1 AND UseAdaptiveGCBoundary = 1 AND UseAdaptiveSizeDecayMajorGCCost = 1,UseAdaptiveSizeDecayMajorGCCost AND UseAdaptiveGCBoundary AND DisableExplicitGC,0,1.0,1.0,1.0,74
random_20,260,31,DisableExplicitGC = 1 AND UseAdaptiveGCBoundary = 1 AND UseAdaptiveSizeDecayMajorGCCost = 1,UseAdaptiveSizeDecayMajorGCCost AND UseAdaptiveGCBoundary AND DisableExplicitGC,0,1.0,1.0,1.0,74
2-wise,64,9,DisableExplicitGC = 1 AND UseAdaptiveGCBoundary = 1 AND UseAdaptiveSizeDecayMajorGCCost = 1,UseAdaptiveGCBoundary AND DisableExplicitGC AND UseAdaptiveSizeDecayMajorGCCost,0,1.0,1.0,1.0,74
3-wise,305,42,DisableExplicitGC = 1 AND UseAdaptiveGCBoundary = 1 AND UseAdaptiveSizeDecayMajorGCCost = 1,UseAdaptiveGCBoundary AND DisableExplicitGC AND UseAdaptiveSizeDecayMajorGCCost,0,1.0,1.0,1.0,74
4-wise,1133,126,DisableExplicitGC = 1 AND UseAdaptiveGCBoundary = 1 AND UseAdaptiveSizeDecayMajorGCCost = 1,DisableExplicitGC AND UseAdaptiveGCBoundary AND UseAdaptiveSizeDecayMajorGCCost,0,1.0,1.0,1.0,74
full,193536,24192,DisableExplicitGC = 1 AND UseAdaptiveSizeDecayMajorGCCost = 1 AND UseAdaptiveSizePolicy = 1,UseAdaptiveSizeDecayMajorGCCost AND UseAdaptiveSizePolicy AND DisableExplicitGC,0,1.0,1.0,1.0,75
random_2,26,1,DisableExplicitGC = 1 AND UseAdaptiveSizeDecayMajorGCCost = 1 AND UseAdaptiveSizePolicy = 1,SurvivorRatio <= 28.5 AND NOT UseAdaptiveGCBoundary,4,0.1999999999999999,0.1111111111111111,1.0,75
random_5,65,7,DisableExplicitGC = 1 AND UseAdaptiveSizeDecayMajorGCCost = 1 AND UseAdaptiveSizePolicy = 1,NOT UseAdaptiveSizeDecayMajorGCCost AND NOT TenuredGenerationSizeSupplement_50 AND SurvivorRatio > 13.5 AND NOT TenuredGenerationSizeSupplement_70,0,0.0,0.0,0.0,75
random_10,130,17,DisableExplicitGC = 1 AND UseAdaptiveSizeDecayMajorGCCost = 1 AND UseAdaptiveSizePolicy = 1,UseAdaptiveSizePolicy AND UseAdaptiveSizeDecayMajorGCCost AND SurvivorRatio > 8.5 AND DisableExplicitGC,2,0.8666666666666666,1.0,0.7647058823529411,75
random_20,260,30,DisableExplicitGC = 1 AND UseAdaptiveSizeDecayMajorGCCost = 1 AND UseAdaptiveSizePolicy = 1,SurvivorRatio > 3.5,4,0.182509505703422,0.1030042918454935,0.8,75
2-wise,65,7,DisableExplicitGC = 1 AND UseAdaptiveSizeDecayMajorGCCost = 1 AND UseAdaptiveSizePolicy = 1,NOT DisableExplicitGC AND NewRatio <= 24.0 AND SurvivorRatio <= 18.5,0,0.0,0.0,0.0,75
3-wise,289,31,DisableExplicitGC = 1 AND UseAdaptiveSizeDecayMajorGCCost = 1 AND UseAdaptiveSizePolicy = 1,NOT UseAdaptiveSizePolicy AND NOT DisableExplicitGC AND TenuredGenerationSizeSupplement_90 AND SurvivorRatio <= 8.5,0,0.0,0.0,0.0,75
4-wise,1141,128,DisableExplicitGC = 1 AND UseAdaptiveSizeDecayMajorGCCost = 1 AND UseAdaptiveSizePolicy = 1,UseAdaptiveSizePolicy AND DisableExplicitGC AND UseAdaptiveSizeDecayMajorGCCost,0,1.0,1.0,1.0,75
full,193536,24192,DisableExplicitGC = 1 AND UseAdaptiveGCBoundary = 1 AND UseAdaptiveSizePolicy = 1,UseAdaptiveGCBoundary AND UseAdaptiveSizePolicy AND DisableExplicitGC,0,1.0,1.0,1.0,76
random_2,26,5,DisableExplicitGC = 1 AND UseAdaptiveGCBoundary = 1 AND UseAdaptiveSizePolicy = 1,NOT UseAdaptiveGCBoundary AND UseAdaptiveSizePolicy AND UseAdaptiveSizePolicyFootprintGoal,0,0.0,0.0,0.0,76
random_5,65,9,DisableExplicitGC = 1 AND UseAdaptiveGCBoundary = 1 AND UseAdaptiveSizePolicy = 1,SurvivorRatio > 3.5 AND NOT DisableExplicitGC AND MinSurvivorRatio <= 8.5 AND NewRatio <= 24.0,0,0.0,0.0,0.0,76
random_10,130,22,DisableExplicitGC = 1 AND UseAdaptiveGCBoundary = 1 AND UseAdaptiveSizePolicy = 1,UseAdaptiveSizePolicy AND UseAdaptiveGCBoundary AND SurvivorRatio > 13.5 AND DisableExplicitGC,2,0.625,1.0,0.4545454545454545,76
random_20,260,40,DisableExplicitGC = 1 AND UseAdaptiveGCBoundary = 1 AND UseAdaptiveSizePolicy = 1,UseAdaptiveSizePolicy AND DisableExplicitGC AND UseAdaptiveGCBoundary,0,1.0,1.0,1.0,76
2-wise,59,11,DisableExplicitGC = 1 AND UseAdaptiveGCBoundary = 1 AND UseAdaptiveSizePolicy = 1,NOT UseAdaptiveGCBoundary AND NOT TenuredGenerationSizeSupplement_50 AND SurvivorRatio <= 8.5,0,0.0,0.0,0.0,76
3-wise,300,44,DisableExplicitGC = 1 AND UseAdaptiveGCBoundary = 1 AND UseAdaptiveSizePolicy = 1,UseAdaptiveGCBoundary AND SurvivorRatio <= 18.5 AND DisableExplicitGC AND UseAdaptiveSizePolicy,0,0.6865671641791045,1.0,0.5227272727272727,76
4-wise,1140,148,DisableExplicitGC = 1 AND UseAdaptiveGCBoundary = 1 AND UseAdaptiveSizePolicy = 1,UseAdaptiveSizePolicy AND DisableExplicitGC AND UseAdaptiveGCBoundary,0,1.0,1.0,1.0,76
full,193536,24192,DisableExplicitGC = 1 AND UseAdaptiveSizeDecayMajorGCCost = 1 AND UseAdaptiveSizePolicyFootprintGoal = 1,UseAdaptiveSizePolicyFootprintGoal AND UseAdaptiveSizeDecayMajorGCCost AND DisableExplicitGC,0,1.0,1.0,1.0,77
random_2,26,4,DisableExplicitGC = 1 AND UseAdaptiveSizeDecayMajorGCCost = 1 AND UseAdaptiveSizePolicyFootprintGoal = 1,MinSurvivorRatio > 2.5 AND MaxTenuringThreshold > 12.5 AND TenuredGenerationSizeSupplementDecay <= 12.0 AND SurvivorRatio <= 6.0,3,0.3333333333333333,0.5,0.25,77
random_5,65,8,DisableExplicitGC = 1 AND UseAdaptiveSizeDecayMajorGCCost = 1 AND UseAdaptiveSizePolicyFootprintGoal = 1,SurvivorRatio > 28.5 AND NewRatio > 12.0 AND NewRatio <= 24.0 AND DisableExplicitGC,2,0.3636363636363636,0.6666666666666666,0.25,77
random_10,130,17,DisableExplicitGC = 1 AND UseAdaptiveSizeDecayMajorGCCost = 1 AND UseAdaptiveSizePolicyFootprintGoal = 1,MinSurvivorRatio <= 8.5,3,0.2258064516129032,0.1308411214953271,0.8235294117647058,77
random_20,260,33,DisableExplicitGC = 1 AND UseAdaptiveSizeDecayMajorGCCost = 1 AND UseAdaptiveSizePolicyFootprintGoal = 1,UseAdaptiveSizeDecayMajorGCCost AND NewRatio <= 1.5 AND NOT UseAdaptiveSizePolicy AND MinSurvivorRatio <= 8.5,1,0.2926829268292683,0.75,0.1818181818181818,77
2-wise,60,8,DisableExplicitGC = 1 AND UseAdaptiveSizeDecayMajorGCCost = 1 AND UseAdaptiveSizePolicyFootprintGoal = 1,SurvivorRatio <= 3.5 AND NewRatio <= 6.0 AND MaxTenuringThreshold <= 7.5,0,0.0,0.0,0.0,77
3-wise,294,33,DisableExplicitGC = 1 AND UseAdaptiveSizeDecayMajorGCCost = 1 AND UseAdaptiveSizePolicyFootprintGoal = 1,TenuredGenerationSizeSupplementDecay <= 12.0 AND NewRatio <= 12.0,4,0.2209944751381215,0.1351351351351351,0.6060606060606061,77
4-wise,1130,145,DisableExplicitGC = 1 AND UseAdaptiveSizeDecayMajorGCCost = 1 AND UseAdaptiveSizePolicyFootprintGoal = 1,DisableExplicitGC AND UseAdaptiveSizePolicyFootprintGoal AND UseAdaptiveSizeDecayMajorGCCost,0,1.0,1.0,1.0,77
full,193536,24192,DisableExplicitGC = 1 AND UseAdaptiveGCBoundary = 1 AND UseAdaptiveSizePolicyFootprintGoal = 1,UseAdaptiveSizePolicyFootprintGoal AND DisableExplicitGC AND UseAdaptiveGCBoundary,0,1.0,1.0,1.0,78
random_2,26,5,DisableExplicitGC = 1 AND UseAdaptiveGCBoundary = 1 AND UseAdaptiveSizePolicyFootprintGoal = 1,UseAdaptiveSizePolicyFootprintGoal AND UseAdaptiveGCBoundary AND NOT UseAdaptiveSizePolicy AND MinSurvivorRatio > 4.0,2,0.7499999999999999,1.0,0.6,78
random_5,65,10,DisableExplicitGC = 1 AND UseAdaptiveGCBoundary = 1 AND UseAdaptiveSizePolicyFootprintGoal = 1,UseAdaptiveSizePolicyFootprintGoal AND UseAdaptiveGCBoundary AND DisableExplicitGC,0,1.0,1.0,1.0,78
random_10,130,20,DisableExplicitGC = 1 AND UseAdaptiveGCBoundary = 1 AND UseAdaptiveSizePolicyFootprintGoal = 1,UseAdaptiveSizePolicyFootprintGoal AND DisableExplicitGC AND UseAdaptiveGCBoundary,1,1.0,1.0,1.0,78
random_20,260,38,DisableExplicitGC = 1 AND UseAdaptiveGCBoundary = 1 AND UseAdaptiveSizePolicyFootprintGoal = 1,UseAdaptiveGCBoundary AND DisableExplicitGC AND UseAdaptiveSizePolicyFootprintGoal,0,1.0,1.0,1.0,78
2-wise,60,8,DisableExplicitGC = 1 AND UseAdaptiveGCBoundary = 1 AND UseAdaptiveSizePolicyFootprintGoal = 1,UseAdaptiveSizePolicyFootprintGoal AND SurvivorRatio > 13.5 AND UseAdaptiveGCBoundary AND DisableExplicitGC,2,0.8571428571428571,1.0,0.75,78
3-wise,303,42,DisableExplicitGC = 1 AND UseAdaptiveGCBoundary = 1 AND UseAdaptiveSizePolicyFootprintGoal = 1,DisableExplicitGC AND UseAdaptiveSizePolicyFootprintGoal AND UseAdaptiveGCBoundary,0,1.0,1.0,1.0,78
4-wise,1159,156,DisableExplicitGC = 1 AND UseAdaptiveGCBoundary = 1 AND UseAdaptiveSizePolicyFootprintGoal = 1,UseAdaptiveSizePolicyFootprintGoal AND UseAdaptiveGCBoundary AND DisableExplicitGC,0,1.0,1.0,1.0,78
full,193536,24192,DisableExplicitGC = 1 AND UseAdaptiveGCBoundary = 1 AND UseAdaptiveSizeDecayMajorGCCost = 1,UseAdaptiveGCBoundary AND UseAdaptiveSizeDecayMajorGCCost AND DisableExplicitGC,0,1.0,1.0,1.0,79
random_2,26,4,DisableExplicitGC = 1 AND UseAdaptiveGCBoundary = 1 AND UseAdaptiveSizeDecayMajorGCCost = 1,MinSurvivorRatio <= 2.5 AND UseAdaptiveSizeDecayMajorGCCost,0,0.0,0.0,0.0,79
random_5,65,12,DisableExplicitGC = 1 AND UseAdaptiveGCBoundary = 1 AND UseAdaptiveSizeDecayMajorGCCost = 1,MinSurvivorRatio <= 8.5 AND MaxTenuringThreshold <= 7.5 AND SurvivorRatio > 23.5 AND SurvivorRatio > 28.5,0,0.0,0.0,0.0,79
random_10,130,21,DisableExplicitGC = 1 AND UseAdaptiveGCBoundary = 1 AND UseAdaptiveSizeDecayMajorGCCost = 1,NOT UseAdaptiveSizePolicy,2,0.2988505747126436,0.1969696969696969,0.6190476190476191,79
random_20,260,39,DisableExplicitGC = 1 AND UseAdaptiveGCBoundary = 1 AND UseAdaptiveSizeDecayMajorGCCost = 1,DisableExplicitGC AND NOT TenuredGenerationSizeSupplement_50 AND UseAdaptiveGCBoundary AND UseAdaptiveSizeDecayMajorGCCost,0,0.7812500000000001,1.0,0.6410256410256411,79
2-wise,64,12,DisableExplicitGC = 1 AND UseAdaptiveGCBoundary = 1 AND UseAdaptiveSizeDecayMajorGCCost = 1,UseAdaptiveSizeDecayMajorGCCost AND MinSurvivorRatio > 8.5 AND NOT UseAdaptiveSizePolicyFootprintGoal AND SurvivorRatio > 3.5,0,0.0,0.0,0.0,79
3-wise,296,42,DisableExplicitGC = 1 AND UseAdaptiveGCBoundary = 1 AND UseAdaptiveSizeDecayMajorGCCost = 1,SurvivorRatio > 3.5,4,0.24,0.1395348837209302,0.8571428571428571,79
4-wise,1154,142,DisableExplicitGC = 1 AND UseAdaptiveGCBoundary = 1 AND UseAdaptiveSizeDecayMajorGCCost = 1,NOT TenuredGenerationSizeSupplement_70 AND DisableExplicitGC,2,0.3700787401574802,0.2568306010928962,0.6619718309859155,79
full,193536,24192,DisableExplicitGC = 1 AND UseAdaptiveSizeDecayMajorGCCost = 1 AND UseAdaptiveSizePolicy = 1,TenuredGenerationSizeSupplementDecay <= 12.0 AND UseAdaptiveSizeDecayMajorGCCost,1,0.375,0.25,0.75,7
random_2,26,3,DisableExplicitGC = 1 AND UseAdaptiveSizeDecayMajorGCCost = 1 AND UseAdaptiveSizePolicy = 1,NewRatio <= 24.0 AND DisableExplicitGC,4,0.2666666666666666,0.1666666666666666,0.6666666666666666,7
random_5,65,15,DisableExplicitGC = 1 AND UseAdaptiveSizeDecayMajorGCCost = 1 AND UseAdaptiveSizePolicy = 1,NewRatio <= 6.0 AND DisableExplicitGC,4,0.4324324324324324,0.3636363636363636,0.5333333333333333,7
random_10,130,24,DisableExplicitGC = 1 AND UseAdaptiveSizeDecayMajorGCCost = 1 AND UseAdaptiveSizePolicy = 1,SurvivorRatio > 13.5 AND NewRatio <= 3.0 AND NOT TenuredGenerationSizeSupplement_50,4,0.2608695652173913,0.2727272727272727,0.25,7
random_20,260,39,DisableExplicitGC = 1 AND UseAdaptiveSizeDecayMajorGCCost = 1 AND UseAdaptiveSizePolicy = 1,NOT UseAdaptiveGCBoundary AND MaxTenuringThreshold > 7.5 AND SurvivorRatio <= 28.5 AND UseAdaptiveSizePolicy,4,0.3846153846153846,0.3846153846153846,0.3846153846153846,7
2-wise,63,14,DisableExplicitGC = 1 AND UseAdaptiveSizeDecayMajorGCCost = 1 AND UseAdaptiveSizePolicy = 1,NewRatio <= 24.0 AND UseAdaptiveSizePolicy AND UseAdaptiveSizeDecayMajorGCCost AND DisableExplicitGC,2,0.88,1.0,0.7857142857142857,7
3-wise,288,45,DisableExplicitGC = 1 AND UseAdaptiveSizeDecayMajorGCCost = 1 AND UseAdaptiveSizePolicy = 1,DisableExplicitGC,3,0.4864864864864865,0.3214285714285714,1.0,7
4-wise,1152,150,DisableExplicitGC = 1 AND UseAdaptiveSizeDecayMajorGCCost = 1 AND UseAdaptiveSizePolicy = 1,SurvivorRatio > 18.5,1,0.2105263157894737,0.1370967741935483,0.4533333333333333,7
full,193536,24192,DisableExplicitGC = 1 AND UseAdaptiveGCBoundary = 1 AND UseAdaptiveSizeDecayMajorGCCost = 1,UseAdaptiveGCBoundary AND DisableExplicitGC AND UseAdaptiveSizeDecayMajorGCCost,0,1.0,1.0,1.0,80
random_2,26,1,DisableExplicitGC = 1 AND UseAdaptiveGCBoundary = 1 AND UseAdaptiveSizeDecayMajorGCCost = 1,SurvivorRatio > 13.5 AND SurvivorRatio <= 23.5 AND NewRatio > 6.0,0,0.0,0.0,0.0,80
random_5,65,5,DisableExplicitGC = 1 AND UseAdaptiveGCBoundary = 1 AND UseAdaptiveSizeDecayMajorGCCost = 1,NOT UseAdaptiveSizePolicy AND SurvivorRatio > 13.5 AND NewRatio > 1.5,0,0.0,0.0,0.0,80
random_10,130,12,DisableExplicitGC = 1 AND UseAdaptiveGCBoundary = 1 AND UseAdaptiveSizeDecayMajorGCCost = 1,NewRatio > 3.0 AND TenuredGenerationSizeSupplementDecay <= 12.0,4,0.0769230769230769,0.0454545454545454,0.25,80
random_20,260,26,DisableExplicitGC = 1 AND UseAdaptiveGCBoundary = 1 AND UseAdaptiveSizeDecayMajorGCCost = 1,DisableExplicitGC AND UseAdaptiveSizeDecayMajorGCCost AND UseAdaptiveGCBoundary,0,1.0,1.0,1.0,80
2-wise,58,4,DisableExplicitGC = 1 AND UseAdaptiveGCBoundary = 1 AND UseAdaptiveSizeDecayMajorGCCost = 1,NewRatio > 3.0 AND NOT TenuredGenerationSizeSupplement_70 AND MaxTenuringThreshold > 7.5 AND DisableExplicitGC,0,0.0,0.0,0.0,80
3-wise,301,29,DisableExplicitGC = 1 AND UseAdaptiveGCBoundary = 1 AND UseAdaptiveSizeDecayMajorGCCost = 1,SurvivorRatio <= 18.5,2,0.1592039800995025,0.0930232558139534,0.5517241379310345,80
4-wise,1148,140,DisableExplicitGC = 1 AND UseAdaptiveGCBoundary = 1 AND UseAdaptiveSizeDecayMajorGCCost = 1,UseAdaptiveGCBoundary AND UseAdaptiveSizeDecayMajorGCCost AND DisableExplicitGC,0,1.0,1.0,1.0,80
full,193536,24192,DisableExplicitGC = 1 AND UseAdaptiveSizeDecayMajorGCCost = 1 AND UseAdaptiveSizePolicy = 1,UseAdaptiveSizePolicy AND UseAdaptiveSizeDecayMajorGCCost AND DisableExplicitGC,0,1.0,1.0,1.0,81
random_2,26,3,DisableExplicitGC = 1 AND UseAdaptiveSizeDecayMajorGCCost = 1 AND UseAdaptiveSizePolicy = 1,MinSurvivorRatio <= 2.5 AND UseAdaptiveSizeDecayMajorGCCost AND MaxTenuringThreshold <= 10.0,3,1.0,1.0,1.0,81
random_5,65,7,DisableExplicitGC = 1 AND UseAdaptiveSizeDecayMajorGCCost = 1 AND UseAdaptiveSizePolicy = 1,TenuredGenerationSizeSupplement_90 AND UseAdaptiveGCBoundary AND TenuredGenerationSizeSupplementDecay > 3.0 AND UseAdaptiveSizeDecayMajorGCCost,4,0.3636363636363636,0.5,0.2857142857142857,81
random_10,130,17,DisableExplicitGC = 1 AND UseAdaptiveSizeDecayMajorGCCost = 1 AND UseAdaptiveSizePolicy = 1,UseAdaptiveSizePolicy AND DisableExplicitGC AND UseAdaptiveSizeDecayMajorGCCost,0,1.0,1.0,1.0,81
random_20,260,33,DisableExplicitGC = 1 AND UseAdaptiveSizeDecayMajorGCCost = 1 AND UseAdaptiveSizePolicy = 1,DisableExplicitGC AND UseAdaptiveSizePolicy AND UseAdaptiveSizeDecayMajorGCCost,0,1.0,1.0,1.0,81
2-wise,60,7,DisableExplicitGC = 1 AND UseAdaptiveSizeDecayMajorGCCost = 1 AND UseAdaptiveSizePolicy = 1,UseAdaptiveSizePolicy AND UseAdaptiveSizeDecayMajorGCCost AND DisableExplicitGC,0,1.0,1.0,1.0,81
3-wise,318,42,DisableExplicitGC = 1 AND UseAdaptiveSizeDecayMajorGCCost = 1 AND UseAdaptiveSizePolicy = 1,DisableExplicitGC AND UseAdaptiveSizeDecayMajorGCCost AND UseAdaptiveSizePolicy,0,1.0,1.0,1.0,81
4-wise,1135,128,DisableExplicitGC = 1 AND UseAdaptiveSizeDecayMajorGCCost = 1 AND UseAdaptiveSizePolicy = 1,UseAdaptiveSizeDecayMajorGCCost AND DisableExplicitGC AND UseAdaptiveSizePolicy,0,1.0,1.0,1.0,81
full,193536,24192,UseAdaptiveGCBoundary = 1 AND UseAdaptiveSizeDecayMajorGCCost = 1 AND UseAdaptiveSizePolicy = 1,UseAdaptiveGCBoundary AND UseAdaptiveSizePolicy AND UseAdaptiveSizeDecayMajorGCCost,0,1.0,1.0,1.0,82
random_2,26,6,UseAdaptiveGCBoundary = 1 AND UseAdaptiveSizeDecayMajorGCCost = 1 AND UseAdaptiveSizePolicy = 1,TenuredGenerationSizeSupplementDecay <= 12.0 AND SurvivorRatio <= 8.5 AND NOT UseAdaptiveGCBoundary,0,0.0,0.0,0.0,82
random_5,65,8,UseAdaptiveGCBoundary = 1 AND UseAdaptiveSizeDecayMajorGCCost = 1 AND UseAdaptiveSizePolicy = 1,MaxTenuringThreshold <= 7.5 AND NOT UseAdaptiveSizeDecayMajorGCCost AND SurvivorRatio > 23.5 AND MinSurvivorRatio > 2.5,0,0.0,0.0,0.0,82
random_10,130,18,UseAdaptiveGCBoundary = 1 AND UseAdaptiveSizeDecayMajorGCCost = 1 AND UseAdaptiveSizePolicy = 1,DisableExplicitGC AND MinSurvivorRatio <= 8.5,4,0.2285714285714286,0.1538461538461538,0.4444444444444444,82
random_20,260,30,UseAdaptiveGCBoundary = 1 AND UseAdaptiveSizeDecayMajorGCCost = 1 AND UseAdaptiveSizePolicy = 1,MaxTenuringThreshold > 12.5,4,0.2173913043478261,0.1388888888888889,0.5,82
2-wise,63,8,UseAdaptiveGCBoundary = 1 AND UseAdaptiveSizeDecayMajorGCCost = 1 AND UseAdaptiveSizePolicy = 1,NOT UseAdaptiveSizeDecayMajorGCCost AND SurvivorRatio <= 23.5 AND SurvivorRatio > 3.5 AND NOT UseAdaptiveSizePolicyFootprintGoal,0,0.0,0.0,0.0,82
3-wise,305,39,UseAdaptiveGCBoundary = 1 AND UseAdaptiveSizeDecayMajorGCCost = 1 AND UseAdaptiveSizePolicy = 1,NOT DisableExplicitGC,3,0.1990049751243781,0.1234567901234567,0.5128205128205128,82
4-wise,1156,132,UseAdaptiveGCBoundary = 1 AND UseAdaptiveSizeDecayMajorGCCost = 1 AND UseAdaptiveSizePolicy = 1,UseAdaptiveSizePolicy AND UseAdaptiveGCBoundary AND UseAdaptiveSizeDecayMajorGCCost,0,1.0,1.0,1.0,82
full,193536,24192,UseAdaptiveSizeDecayMajorGCCost = 1 AND UseAdaptiveSizePolicy = 1 AND UseAdaptiveSizePolicyFootprintGoal = 1,UseAdaptiveSizeDecayMajorGCCost AND UseAdaptiveSizePolicy AND UseAdaptiveSizePolicyFootprintGoal,0,1.0,1.0,1.0,83
random_2,26,2,UseAdaptiveSizeDecayMajorGCCost = 1 AND UseAdaptiveSizePolicy = 1 AND UseAdaptiveSizePolicyFootprintGoal = 1,NOT UseAdaptiveSizePolicy AND SurvivorRatio > 18.5 AND TenuredGenerationSizeSupplementDecay <= 12.0,0,0.0,0.0,0.0,83
random_5,65,8,UseAdaptiveSizeDecayMajorGCCost = 1 AND UseAdaptiveSizePolicy = 1 AND UseAdaptiveSizePolicyFootprintGoal = 1,NOT UseAdaptiveSizePolicyFootprintGoal AND NOT UseAdaptiveGCBoundary AND NOT TenuredGenerationSizeSupplement_50 AND SurvivorRatio > 3.5,0,0.0,0.0,0.0,83
random_10,130,14,UseAdaptiveSizeDecayMajorGCCost = 1 AND UseAdaptiveSizePolicy = 1 AND UseAdaptiveSizePolicyFootprintGoal = 1,UseAdaptiveGCBoundary AND MinSurvivorRatio > 8.5 AND NewRatio <= 24.0,4,0.1379310344827586,0.1333333333333333,0.1428571428571428,83
random_20,260,28,UseAdaptiveSizeDecayMajorGCCost = 1 AND UseAdaptiveSizePolicy = 1 AND UseAdaptiveSizePolicyFootprintGoal = 1,NOT UseAdaptiveGCBoundary AND UseAdaptiveSizeDecayMajorGCCost AND UseAdaptiveSizePolicy AND UseAdaptiveSizePolicyFootprintGoal,0,0.6666666666666666,1.0,0.5,83
2-wise,62,8,UseAdaptiveSizeDecayMajorGCCost = 1 AND UseAdaptiveSizePolicy = 1 AND UseAdaptiveSizePolicyFootprintGoal = 1,NewRatio <= 1.5 AND NOT UseAdaptiveSizePolicyFootprintGoal AND TenuredGenerationSizeSupplement_90 AND UseAdaptiveSizePolicy,0,0.0,0.0,0.0,83
3-wise,312,35,UseAdaptiveSizeDecayMajorGCCost = 1 AND UseAdaptiveSizePolicy = 1 AND UseAdaptiveSizePolicyFootprintGoal = 1,SurvivorRatio > 3.5,1,0.1895424836601307,0.1070110701107011,0.8285714285714286,83
4-wise,1133,146,UseAdaptiveSizeDecayMajorGCCost = 1 AND UseAdaptiveSizePolicy = 1 AND UseAdaptiveSizePolicyFootprintGoal = 1,UseAdaptiveSizePolicy AND UseAdaptiveSizeDecayMajorGCCost AND UseAdaptiveSizePolicyFootprintGoal,0,1.0,1.0,1.0,83
full,193536,24192,DisableExplicitGC = 1 AND UseAdaptiveGCBoundary = 1 AND UseAdaptiveSizePolicyFootprintGoal = 1,UseAdaptiveGCBoundary AND UseAdaptiveSizePolicyFootprintGoal AND DisableExplicitGC,0,1.0,1.0,1.0,84
random_2,26,2,DisableExplicitGC = 1 AND UseAdaptiveGCBoundary = 1 AND UseAdaptiveSizePolicyFootprintGoal = 1,NOT TenuredGenerationSizeSupplement_90 AND SurvivorRatio > 3.5 AND NewRatio > 3.0 AND NOT TenuredGenerationSizeSupplement_70,4,0.2,0.125,0.5,84
random_5,65,8,DisableExplicitGC = 1 AND UseAdaptiveGCBoundary = 1 AND UseAdaptiveSizePolicyFootprintGoal = 1,NOT TenuredGenerationSizeSupplement_50 AND SurvivorRatio <= 28.5 AND TenuredGenerationSizeSupplementDecay <= 12.0,2,0.1666666666666666,0.1071428571428571,0.375,84
random_10,130,18,DisableExplicitGC = 1 AND UseAdaptiveGCBoundary = 1 AND UseAdaptiveSizePolicyFootprintGoal = 1,TenuredGenerationSizeSupplement_50,4,0.2857142857142857,0.2105263157894736,0.4444444444444444,84
random_20,260,37,DisableExplicitGC = 1 AND UseAdaptiveGCBoundary = 1 AND UseAdaptiveSizePolicyFootprintGoal = 1,NewRatio > 6.0,1,0.2564102564102564,0.1680672268907563,0.5405405405405406,84
2-wise,62,9,DisableExplicitGC = 1 AND UseAdaptiveGCBoundary = 1 AND UseAdaptiveSizePolicyFootprintGoal = 1,TenuredGenerationSizeSupplement_50 AND UseAdaptiveSizeDecayMajorGCCost AND SurvivorRatio > 13.5,3,0.2857142857142857,0.4,0.2222222222222222,84
3-wise,293,44,DisableExplicitGC = 1 AND UseAdaptiveGCBoundary = 1 AND UseAdaptiveSizePolicyFootprintGoal = 1,MaxTenuringThreshold > 7.5 AND NewRatio <= 24.0 AND UseAdaptiveSizePolicyFootprintGoal,0,0.4,0.2967032967032967,0.6136363636363636,84
4-wise,1149,134,DisableExplicitGC = 1 AND UseAdaptiveGCBoundary = 1 AND UseAdaptiveSizePolicyFootprintGoal = 1,TenuredGenerationSizeSupplementDecay <= 12.0 AND SurvivorRatio <= 23.5 AND DisableExplicitGC,2,0.3317757009345794,0.2414965986394557,0.5298507462686567,84
full,193536,24192,DisableExplicitGC = 1 AND UseAdaptiveSizeDecayMajorGCCost = 1 AND UseAdaptiveSizePolicy = 1,UseAdaptiveSizeDecayMajorGCCost AND DisableExplicitGC AND UseAdaptiveSizePolicy,0,1.0,1.0,1.0,85
random_2,26,4,DisableExplicitGC = 1 AND UseAdaptiveSizeDecayMajorGCCost = 1 AND UseAdaptiveSizePolicy = 1,DisableExplicitGC AND UseAdaptiveSizePolicy AND NOT UseAdaptiveSizePolicyFootprintGoal,0,1.0,1.0,1.0,85
random_5,65,7,DisableExplicitGC = 1 AND UseAdaptiveSizeDecayMajorGCCost = 1 AND UseAdaptiveSizePolicy = 1,NOT UseAdaptiveGCBoundary AND UseAdaptiveSizeDecayMajorGCCost AND SurvivorRatio > 23.5,0,0.0,0.0,0.0,85
random_10,130,11,DisableExplicitGC = 1 AND UseAdaptiveSizeDecayMajorGCCost = 1 AND UseAdaptiveSizePolicy = 1,DisableExplicitGC AND UseAdaptiveSizePolicy AND UseAdaptiveSizeDecayMajorGCCost,0,1.0,1.0,1.0,85
random_20,260,30,DisableExplicitGC = 1 AND UseAdaptiveSizeDecayMajorGCCost = 1 AND UseAdaptiveSizePolicy = 1,UseAdaptiveSizeDecayMajorGCCost AND UseAdaptiveSizePolicy AND DisableExplicitGC,0,1.0,1.0,1.0,85
2-wise,61,4,DisableExplicitGC = 1 AND UseAdaptiveSizeDecayMajorGCCost = 1 AND UseAdaptiveSizePolicy = 1,SurvivorRatio > 8.5 AND TenuredGenerationSizeSupplementDecay <= 6.0 AND TenuredGenerationSizeSupplementDecay > 3.0,0,0.0,0.0,0.0,85
3-wise,289,32,DisableExplicitGC = 1 AND UseAdaptiveSizeDecayMajorGCCost = 1 AND UseAdaptiveSizePolicy = 1,UseAdaptiveSizePolicy AND UseAdaptiveSizeDecayMajorGCCost AND DisableExplicitGC,0,1.0,1.0,1.0,85
4-wise,1150,154,DisableExplicitGC = 1 AND UseAdaptiveSizeDecayMajorGCCost = 1 AND UseAdaptiveSizePolicy = 1,UseAdaptiveSizePolicy AND UseAdaptiveSizeDecayMajorGCCost AND DisableExplicitGC,0,1.0,1.0,1.0,85
full,193536,24192,DisableExplicitGC = 1 AND UseAdaptiveGCBoundary = 1 AND UseAdaptiveSizePolicyFootprintGoal = 1,UseAdaptiveSizePolicyFootprintGoal AND UseAdaptiveGCBoundary AND DisableExplicitGC,0,1.0,1.0,1.0,86
random_2,26,1,DisableExplicitGC = 1 AND UseAdaptiveGCBoundary = 1 AND UseAdaptiveSizePolicyFootprintGoal = 1,UseAdaptiveSizePolicyFootprintGoal AND NewRatio > 3.0 AND NewRatio <= 12.0,4,0.6666666666666666,0.5,1.0,86
random_5,65,7,DisableExplicitGC = 1 AND UseAdaptiveGCBoundary = 1 AND UseAdaptiveSizePolicyFootprintGoal = 1,DisableExplicitGC AND UseAdaptiveSizePolicyFootprintGoal AND NOT TenuredGenerationSizeSupplement_90 AND UseAdaptiveGCBoundary,0,0.923076923076923,1.0,0.8571428571428571,86
random_10,130,13,DisableExplicitGC = 1 AND UseAdaptiveGCBoundary = 1 AND UseAdaptiveSizePolicyFootprintGoal = 1,DisableExplicitGC AND UseAdaptiveSizePolicyFootprintGoal AND UseAdaptiveGCBoundary,0,1.0,1.0,1.0,86
random_20,260,29,DisableExplicitGC = 1 AND UseAdaptiveGCBoundary = 1 AND UseAdaptiveSizePolicyFootprintGoal = 1,DisableExplicitGC AND UseAdaptiveSizePolicyFootprintGoal AND UseAdaptiveGCBoundary,0,1.0,1.0,1.0,86
2-wise,59,9,DisableExplicitGC = 1 AND UseAdaptiveGCBoundary = 1 AND UseAdaptiveSizePolicyFootprintGoal = 1,UseAdaptiveGCBoundary AND DisableExplicitGC AND UseAdaptiveSizePolicyFootprintGoal,0,1.0,1.0,1.0,86
3-wise,301,40,DisableExplicitGC = 1 AND UseAdaptiveGCBoundary = 1 AND UseAdaptiveSizePolicyFootprintGoal = 1,UseAdaptiveGCBoundary AND DisableExplicitGC AND UseAdaptiveSizePolicyFootprintGoal,0,1.0,1.0,1.0,86
4-wise,1139,153,DisableExplicitGC = 1 AND UseAdaptiveGCBoundary = 1 AND UseAdaptiveSizePolicyFootprintGoal = 1,UseAdaptiveSizePolicyFootprintGoal AND DisableExplicitGC AND UseAdaptiveGCBoundary,0,1.0,1.0,1.0,86
full,193536,24192,UseAdaptiveGCBoundary = 1 AND UseAdaptiveSizeDecayMajorGCCost = 1 AND UseAdaptiveSizePolicyFootprintGoal = 1,UseAdaptiveGCBoundary AND UseAdaptiveSizePolicyFootprintGoal AND UseAdaptiveSizeDecayMajorGCCost,0,1.0,1.0,1.0,87
random_2,26,1,UseAdaptiveGCBoundary = 1 AND UseAdaptiveSizeDecayMajorGCCost = 1 AND UseAdaptiveSizePolicyFootprintGoal = 1,NOT UseAdaptiveGCBoundary AND NewRatio > 3.0 AND MinSurvivorRatio <= 8.5 AND NewRatio <= 24.0,0,0.0,0.0,0.0,87
random_5,65,7,UseAdaptiveGCBoundary = 1 AND UseAdaptiveSizeDecayMajorGCCost = 1 AND UseAdaptiveSizePolicyFootprintGoal = 1,UseAdaptiveGCBoundary AND UseAdaptiveSizeDecayMajorGCCost AND UseAdaptiveSizePolicyFootprintGoal,0,1.0,1.0,1.0,87
random_10,130,10,UseAdaptiveGCBoundary = 1 AND UseAdaptiveSizeDecayMajorGCCost = 1 AND UseAdaptiveSizePolicyFootprintGoal = 1,UseAdaptiveGCBoundary AND UseAdaptiveSizePolicyFootprintGoal AND UseAdaptiveSizeDecayMajorGCCost,1,1.0,1.0,1.0,87
random_20,260,26,UseAdaptiveGCBoundary = 1 AND UseAdaptiveSizeDecayMajorGCCost = 1 AND UseAdaptiveSizePolicyFootprintGoal = 1,UseAdaptiveGCBoundary AND UseAdaptiveSizeDecayMajorGCCost AND UseAdaptiveSizePolicyFootprintGoal,0,1.0,1.0,1.0,87
2-wise,63,7,UseAdaptiveGCBoundary = 1 AND UseAdaptiveSizeDecayMajorGCCost = 1 AND UseAdaptiveSizePolicyFootprintGoal = 1,UseAdaptiveGCBoundary AND UseAdaptiveSizeDecayMajorGCCost AND UseAdaptiveSizePolicyFootprintGoal,0,1.0,1.0,1.0,87
3-wise,303,29,UseAdaptiveGCBoundary = 1 AND UseAdaptiveSizeDecayMajorGCCost = 1 AND UseAdaptiveSizePolicyFootprintGoal = 1,UseAdaptiveGCBoundary AND UseAdaptiveSizeDecayMajorGCCost AND UseAdaptiveSizePolicyFootprintGoal,0,1.0,1.0,1.0,87
4-wise,1154,120,UseAdaptiveGCBoundary = 1 AND UseAdaptiveSizeDecayMajorGCCost = 1 AND UseAdaptiveSizePolicyFootprintGoal = 1,UseAdaptiveSizeDecayMajorGCCost AND UseAdaptiveSizePolicyFootprintGoal AND UseAdaptiveGCBoundary,0,1.0,1.0,1.0,87
full,193536,24192,UseAdaptiveGCBoundary = 1 AND UseAdaptiveSizeDecayMajorGCCost = 1 AND UseAdaptiveSizePolicy = 1,UseAdaptiveGCBoundary AND UseAdaptiveSizeDecayMajorGCCost AND UseAdaptiveSizePolicy,0,1.0,1.0,1.0,88
random_2,26,3,UseAdaptiveGCBoundary = 1 AND UseAdaptiveSizeDecayMajorGCCost = 1 AND UseAdaptiveSizePolicy = 1,TenuredGenerationSizeSupplement_90 AND SurvivorRatio > 3.5 AND NewRatio > 2.5 AND SurvivorRatio <= 28.5,0,0.0,0.0,0.0,88
random_5,65,10,UseAdaptiveGCBoundary = 1 AND UseAdaptiveSizeDecayMajorGCCost = 1 AND UseAdaptiveSizePolicy = 1,UseAdaptiveGCBoundary AND NOT TenuredGenerationSizeSupplement_50 AND UseAdaptiveSizeDecayMajorGCCost AND UseAdaptiveSizePolicy,1,0.6666666666666666,1.0,0.5,88
random_10,130,18,UseAdaptiveGCBoundary = 1 AND UseAdaptiveSizeDecayMajorGCCost = 1 AND UseAdaptiveSizePolicy = 1,UseAdaptiveGCBoundary AND UseAdaptiveSizeDecayMajorGCCost AND SurvivorRatio > 8.5 AND UseAdaptiveSizePolicy,0,0.8750000000000001,1.0,0.7777777777777778,88
random_20,260,35,UseAdaptiveGCBoundary = 1 AND UseAdaptiveSizeDecayMajorGCCost = 1 AND UseAdaptiveSizePolicy = 1,UseAdaptiveSizeDecayMajorGCCost AND UseAdaptiveGCBoundary AND UseAdaptiveSizePolicy,0,1.0,1.0,1.0,88
2-wise,61,8,UseAdaptiveGCBoundary = 1 AND UseAdaptiveSizeDecayMajorGCCost = 1 AND UseAdaptiveSizePolicy = 1,SurvivorRatio > 3.5 AND NOT UseAdaptiveGCBoundary AND NewRatio > 3.0 AND NewRatio <= 24.0,0,0.0,0.0,0.0,88
3-wise,313,42,UseAdaptiveGCBoundary = 1 AND UseAdaptiveSizeDecayMajorGCCost = 1 AND UseAdaptiveSizePolicy = 1,NewRatio > 3.0 AND UseAdaptiveSizePolicy AND UseAdaptiveSizeDecayMajorGCCost AND UseAdaptiveGCBoundary,0,0.7462686567164178,1.0,0.5952380952380952,88
4-wise,1163,150,UseAdaptiveGCBoundary = 1 AND UseAdaptiveSizeDecayMajorGCCost = 1 AND UseAdaptiveSizePolicy = 1,UseAdaptiveSizeDecayMajorGCCost AND UseAdaptiveGCBoundary AND UseAdaptiveSizePolicy,0,1.0,1.0,1.0,88
full,193536,24192,UseAdaptiveGCBoundary = 1 AND UseAdaptiveSizePolicy = 1 AND UseAdaptiveSizePolicyFootprintGoal = 1,UseAdaptiveSizePolicy AND UseAdaptiveGCBoundary AND UseAdaptiveSizePolicyFootprintGoal,0,1.0,1.0,1.0,89
random_2,26,3,UseAdaptiveGCBoundary = 1 AND UseAdaptiveSizePolicy = 1 AND UseAdaptiveSizePolicyFootprintGoal = 1,NewRatio > 3.0 AND NOT UseAdaptiveSizePolicy AND NOT TenuredGenerationSizeSupplement_70 AND NOT UseAdaptiveGCBoundary,0,0.0,0.0,0.0,89
random_5,65,5,UseAdaptiveGCBoundary = 1 AND UseAdaptiveSizePolicy = 1 AND UseAdaptiveSizePolicyFootprintGoal = 1,TenuredGenerationSizeSupplement_90 AND UseAdaptiveSizePolicyFootprintGoal AND NOT DisableExplicitGC AND NOT UseAdaptiveSizePolicy,0,0.0,0.0,0.0,89
random_10,130,18,UseAdaptiveGCBoundary = 1 AND UseAdaptiveSizePolicy = 1 AND UseAdaptiveSizePolicyFootprintGoal = 1,SurvivorRatio > 23.5 AND NewRatio <= 24.0,4,0.1111111111111111,0.0833333333333333,0.1666666666666666,89
random_20,260,32,UseAdaptiveGCBoundary = 1 AND UseAdaptiveSizePolicy = 1 AND UseAdaptiveSizePolicyFootprintGoal = 1,NewRatio <= 3.0 AND NOT TenuredGenerationSizeSupplement_50,1,0.0512820512820512,0.0434782608695652,0.0625,89
2-wise,64,6,UseAdaptiveGCBoundary = 1 AND UseAdaptiveSizePolicy = 1 AND UseAdaptiveSizePolicyFootprintGoal = 1,DisableExplicitGC AND TenuredGenerationSizeSupplementDecay <= 12.0,3,0.1142857142857143,0.0689655172413793,0.3333333333333333,89
3-wise,281,35,UseAdaptiveGCBoundary = 1 AND UseAdaptiveSizePolicy = 1 AND UseAdaptiveSizePolicyFootprintGoal = 1,NOT UseAdaptiveSizeDecayMajorGCCost AND NewRatio > 1.5,2,0.2545454545454546,0.1615384615384615,0.6,89
4-wise,1151,140,UseAdaptiveGCBoundary = 1 AND UseAdaptiveSizePolicy = 1 AND UseAdaptiveSizePolicyFootprintGoal = 1,UseAdaptiveGCBoundary AND UseAdaptiveSizePolicyFootprintGoal AND UseAdaptiveSizePolicy,0,1.0,1.0,1.0,89
full,193536,24192,DisableExplicitGC = 1 AND UseAdaptiveGCBoundary = 1 AND UseAdaptiveSizeDecayMajorGCCost = 1,DisableExplicitGC AND UseAdaptiveSizeDecayMajorGCCost AND UseAdaptiveGCBoundary,0,1.0,1.0,1.0,8
random_2,26,2,DisableExplicitGC = 1 AND UseAdaptiveGCBoundary = 1 AND UseAdaptiveSizeDecayMajorGCCost = 1,NOT UseAdaptiveSizePolicy AND MinSurvivorRatio > 2.5 AND MinSurvivorRatio <= 8.5 AND MaxTenuringThreshold <= 12.5,0,0.0,0.0,0.0,8
random_5,65,7,DisableExplicitGC = 1 AND UseAdaptiveGCBoundary = 1 AND UseAdaptiveSizeDecayMajorGCCost = 1,UseAdaptiveGCBoundary AND DisableExplicitGC AND UseAdaptiveSizeDecayMajorGCCost,2,1.0,1.0,1.0,8
random_10,130,12,DisableExplicitGC = 1 AND UseAdaptiveGCBoundary = 1 AND UseAdaptiveSizeDecayMajorGCCost = 1,UseAdaptiveGCBoundary AND DisableExplicitGC AND UseAdaptiveSizeDecayMajorGCCost,0,1.0,1.0,1.0,8
random_20,260,28,DisableExplicitGC = 1 AND UseAdaptiveGCBoundary = 1 AND UseAdaptiveSizeDecayMajorGCCost = 1,DisableExplicitGC AND UseAdaptiveGCBoundary AND UseAdaptiveSizeDecayMajorGCCost,0,1.0,1.0,1.0,8
2-wise,63,7,DisableExplicitGC = 1 AND UseAdaptiveGCBoundary = 1 AND UseAdaptiveSizeDecayMajorGCCost = 1,UseAdaptiveGCBoundary AND DisableExplicitGC AND UseAdaptiveSizeDecayMajorGCCost,0,1.0,1.0,1.0,8
3-wise,303,40,DisableExplicitGC = 1 AND UseAdaptiveGCBoundary = 1 AND UseAdaptiveSizeDecayMajorGCCost = 1,UseAdaptiveGCBoundary AND DisableExplicitGC AND UseAdaptiveSizeDecayMajorGCCost,0,1.0,1.0,1.0,8
4-wise,1155,147,DisableExplicitGC = 1 AND UseAdaptiveGCBoundary = 1 AND UseAdaptiveSizeDecayMajorGCCost = 1,DisableExplicitGC AND UseAdaptiveSizeDecayMajorGCCost AND UseAdaptiveGCBoundary,0,1.0,1.0,1.0,8
full,193536,24192,UseAdaptiveGCBoundary = 1 AND UseAdaptiveSizeDecayMajorGCCost = 1 AND UseAdaptiveSizePolicy = 1,UseAdaptiveGCBoundary AND UseAdaptiveSizeDecayMajorGCCost AND UseAdaptiveSizePolicy,0,1.0,1.0,1.0,90
random_2,26,3,UseAdaptiveGCBoundary = 1 AND UseAdaptiveSizeDecayMajorGCCost = 1 AND UseAdaptiveSizePolicy = 1,UseAdaptiveGCBoundary AND TenuredGenerationSizeSupplement_50 AND NewRatio > 1.5 AND NewRatio <= 24.0,4,0.8,1.0,0.6666666666666666,90
random_5,65,6,UseAdaptiveGCBoundary = 1 AND UseAdaptiveSizeDecayMajorGCCost = 1 AND UseAdaptiveSizePolicy = 1,MaxTenuringThreshold > 7.5 AND NewRatio <= 6.0 AND UseAdaptiveSizePolicy AND UseAdaptiveSizeDecayMajorGCCost,0,0.9090909090909092,1.0,0.8333333333333334,90
random_10,130,20,UseAdaptiveGCBoundary = 1 AND UseAdaptiveSizeDecayMajorGCCost = 1 AND UseAdaptiveSizePolicy = 1,UseAdaptiveSizeDecayMajorGCCost AND UseAdaptiveSizePolicy AND UseAdaptiveGCBoundary,0,1.0,1.0,1.0,90
random_20,260,35,UseAdaptiveGCBoundary = 1 AND UseAdaptiveSizeDecayMajorGCCost = 1 AND UseAdaptiveSizePolicy = 1,UseAdaptiveGCBoundary AND UseAdaptiveSizePolicy AND UseAdaptiveSizeDecayMajorGCCost,0,1.0,1.0,1.0,90
2-wise,62,3,UseAdaptiveGCBoundary = 1 AND UseAdaptiveSizeDecayMajorGCCost = 1 AND UseAdaptiveSizePolicy = 1,SurvivorRatio <= 23.5 AND UseAdaptiveSizeDecayMajorGCCost AND NewRatio > 12.0 AND NOT TenuredGenerationSizeSupplement_70,3,0.6666666666666666,0.6666666666666666,0.6666666666666666,90
3-wise,294,39,UseAdaptiveGCBoundary = 1 AND UseAdaptiveSizeDecayMajorGCCost = 1 AND UseAdaptiveSizePolicy = 1,UseAdaptiveGCBoundary AND UseAdaptiveSizePolicy AND UseAdaptiveSizeDecayMajorGCCost,0,1.0,1.0,1.0,90
4-wise,1145,152,UseAdaptiveGCBoundary = 1 AND UseAdaptiveSizeDecayMajorGCCost = 1 AND UseAdaptiveSizePolicy = 1,UseAdaptiveSizePolicy AND UseAdaptiveGCBoundary AND UseAdaptiveSizeDecayMajorGCCost,0,1.0,1.0,1.0,90
full,193536,24192,DisableExplicitGC = 1 AND UseAdaptiveSizePolicy = 1 AND UseAdaptiveSizePolicyFootprintGoal = 1,DisableExplicitGC AND UseAdaptiveSizePolicy AND UseAdaptiveSizePolicyFootprintGoal,0,1.0,1.0,1.0,91
random_2,26,1,DisableExplicitGC = 1 AND UseAdaptiveSizePolicy = 1 AND UseAdaptiveSizePolicyFootprintGoal = 1,TenuredGenerationSizeSupplementDecay > 6.0 AND NewRatio > 12.0 AND UseAdaptiveGCBoundary AND UseAdaptiveSizePolicyFootprintGoal,0,0.0,0.0,0.0,91
random_5,65,6,DisableExplicitGC = 1 AND UseAdaptiveSizePolicy = 1 AND UseAdaptiveSizePolicyFootprintGoal = 1,UseAdaptiveSizePolicy AND UseAdaptiveSizePolicyFootprintGoal AND DisableExplicitGC,0,1.0,1.0,1.0,91
random_10,130,15,DisableExplicitGC = 1 AND UseAdaptiveSizePolicy = 1 AND UseAdaptiveSizePolicyFootprintGoal = 1,TenuredGenerationSizeSupplementDecay <= 6.0 AND NewRatio <= 6.0 AND SurvivorRatio <= 8.5 AND TenuredGenerationSizeSupplement_70,3,0.2105263157894737,0.5,0.1333333333333333,91
random_20,260,38,DisableExplicitGC = 1 AND UseAdaptiveSizePolicy = 1 AND UseAdaptiveSizePolicyFootprintGoal = 1,DisableExplicitGC AND UseAdaptiveSizePolicy AND UseAdaptiveSizePolicyFootprintGoal,0,1.0,1.0,1.0,91
2-wise,63,8,DisableExplicitGC = 1 AND UseAdaptiveSizePolicy = 1 AND UseAdaptiveSizePolicyFootprintGoal = 1,MinSurvivorRatio <= 8.5 AND UseAdaptiveSizePolicyFootprintGoal AND UseAdaptiveSizePolicy AND DisableExplicitGC,3,0.7692307692307693,1.0,0.625,91
3-wise,297,44,DisableExplicitGC = 1 AND UseAdaptiveSizePolicy = 1 AND UseAdaptiveSizePolicyFootprintGoal = 1,UseAdaptiveSizePolicy AND DisableExplicitGC AND UseAdaptiveSizePolicyFootprintGoal,0,1.0,1.0,1.0,91
4-wise,1145,151,DisableExplicitGC = 1 AND UseAdaptiveSizePolicy = 1 AND UseAdaptiveSizePolicyFootprintGoal = 1,UseAdaptiveSizePolicy AND UseAdaptiveSizePolicyFootprintGoal AND DisableExplicitGC,0,1.0,1.0,1.0,91
full,193536,24192,DisableExplicitGC = 1 AND UseAdaptiveGCBoundary = 1 AND UseAdaptiveSizePolicyFootprintGoal = 1,DisableExplicitGC AND UseAdaptiveSizePolicyFootprintGoal AND UseAdaptiveGCBoundary,0,1.0,1.0,1.0,92
random_2,26,1,DisableExplicitGC = 1 AND UseAdaptiveGCBoundary = 1 AND UseAdaptiveSizePolicyFootprintGoal = 1,SurvivorRatio <= 28.5 AND UseAdaptiveSizePolicyFootprintGoal AND MaxTenuringThreshold <= 7.5 AND TenuredGenerationSizeSupplementDecay <= 6.0,4,0.6666666666666666,0.5,1.0,92
random_5,65,5,DisableExplicitGC = 1 AND UseAdaptiveGCBoundary = 1 AND UseAdaptiveSizePolicyFootprintGoal = 1,MinSurvivorRatio > 5.5,4,0.048780487804878,0.0277777777777777,0.2,92
random_10,130,14,DisableExplicitGC = 1 AND UseAdaptiveGCBoundary = 1 AND UseAdaptiveSizePolicyFootprintGoal = 1,UseAdaptiveSizePolicy AND TenuredGenerationSizeSupplementDecay > 12.0 AND SurvivorRatio <= 13.5 AND NewRatio > 3.0,1,0.3,0.5,0.2142857142857142,92
random_20,260,39,DisableExplicitGC = 1 AND UseAdaptiveGCBoundary = 1 AND UseAdaptiveSizePolicyFootprintGoal = 1,DisableExplicitGC AND UseAdaptiveGCBoundary AND UseAdaptiveSizePolicyFootprintGoal,0,1.0,1.0,1.0,92
2-wise,66,5,DisableExplicitGC = 1 AND UseAdaptiveGCBoundary = 1 AND UseAdaptiveSizePolicyFootprintGoal = 1,MaxTenuringThreshold <= 7.5 AND TenuredGenerationSizeSupplementDecay > 6.0 AND SurvivorRatio <= 28.5,0,0.0,0.0,0.0,92
3-wise,298,47,DisableExplicitGC = 1 AND UseAdaptiveGCBoundary = 1 AND UseAdaptiveSizePolicyFootprintGoal = 1,DisableExplicitGC AND UseAdaptiveGCBoundary AND UseAdaptiveSizePolicyFootprintGoal,0,1.0,1.0,1.0,92
4-wise,1156,155,DisableExplicitGC = 1 AND UseAdaptiveGCBoundary = 1 AND UseAdaptiveSizePolicyFootprintGoal = 1,DisableExplicitGC AND UseAdaptiveSizePolicyFootprintGoal AND UseAdaptiveGCBoundary,0,1.0,1.0,1.0,92
full,193536,24192,UseAdaptiveGCBoundary = 1 AND UseAdaptiveSizePolicy = 1 AND UseAdaptiveSizePolicyFootprintGoal = 1,UseAdaptiveSizePolicyFootprintGoal AND UseAdaptiveGCBoundary AND UseAdaptiveSizePolicy,0,1.0,1.0,1.0,93
random_2,26,7,UseAdaptiveGCBoundary = 1 AND UseAdaptiveSizePolicy = 1 AND UseAdaptiveSizePolicyFootprintGoal = 1,UseAdaptiveGCBoundary AND UseAdaptiveSizePolicy AND UseAdaptiveSizeDecayMajorGCCost,2,1.0,1.0,1.0,93
random_5,65,14,UseAdaptiveGCBoundary = 1 AND UseAdaptiveSizePolicy = 1 AND UseAdaptiveSizePolicyFootprintGoal = 1,UseAdaptiveSizePolicy AND UseAdaptiveSizePolicyFootprintGoal AND UseAdaptiveGCBoundary,0,1.0,1.0,1.0,93
random_10,130,22,UseAdaptiveGCBoundary = 1 AND UseAdaptiveSizePolicy = 1 AND UseAdaptiveSizePolicyFootprintGoal = 1,UseAdaptiveSizePolicyFootprintGoal AND UseAdaptiveSizePolicy AND UseAdaptiveGCBoundary,1,1.0,1.0,1.0,93
random_20,260,39,UseAdaptiveGCBoundary = 1 AND UseAdaptiveSizePolicy = 1 AND UseAdaptiveSizePolicyFootprintGoal = 1,UseAdaptiveSizePolicyFootprintGoal AND UseAdaptiveSizePolicy AND UseAdaptiveGCBoundary,0,1.0,1.0,1.0,93
2-wise,64,14,UseAdaptiveGCBoundary = 1 AND UseAdaptiveSizePolicy = 1 AND UseAdaptiveSizePolicyFootprintGoal = 1,UseAdaptiveSizePolicy AND UseAdaptiveSizePolicyFootprintGoal AND UseAdaptiveGCBoundary,0,1.0,1.0,1.0,93
3-wise,292,45,UseAdaptiveGCBoundary = 1 AND UseAdaptiveSizePolicy = 1 AND UseAdaptiveSizePolicyFootprintGoal = 1,UseAdaptiveGCBoundary AND UseAdaptiveSizePolicy AND UseAdaptiveSizePolicyFootprintGoal,0,1.0,1.0,1.0,93
4-wise,1147,141,UseAdaptiveGCBoundary = 1 AND UseAdaptiveSizePolicy = 1 AND UseAdaptiveSizePolicyFootprintGoal = 1,UseAdaptiveSizePolicy AND UseAdaptiveGCBoundary AND UseAdaptiveSizePolicyFootprintGoal,0,1.0,1.0,1.0,93
full,193536,24192,UseAdaptiveGCBoundary = 1 AND UseAdaptiveSizeDecayMajorGCCost = 1 AND UseAdaptiveSizePolicyFootprintGoal = 1,UseAdaptiveSizePolicyFootprintGoal AND UseAdaptiveGCBoundary AND UseAdaptiveSizeDecayMajorGCCost,0,1.0,1.0,1.0,94
random_2,26,3,UseAdaptiveGCBoundary = 1 AND UseAdaptiveSizeDecayMajorGCCost = 1 AND UseAdaptiveSizePolicyFootprintGoal = 1,TenuredGenerationSizeSupplement_70 AND UseAdaptiveGCBoundary AND NewRatio > 3.0,4,0.8571428571428571,0.75,1.0,94
random_5,65,7,UseAdaptiveGCBoundary = 1 AND UseAdaptiveSizeDecayMajorGCCost = 1 AND UseAdaptiveSizePolicyFootprintGoal = 1,NOT UseAdaptiveGCBoundary AND NewRatio > 3.0 AND NewRatio <= 24.0 AND TenuredGenerationSizeSupplementDecay > 3.0,0,0.0,0.0,0.0,94
random_10,130,14,UseAdaptiveGCBoundary = 1 AND UseAdaptiveSizeDecayMajorGCCost = 1 AND UseAdaptiveSizePolicyFootprintGoal = 1,NOT UseAdaptiveSizePolicyFootprintGoal AND DisableExplicitGC AND MinSurvivorRatio > 2.5 AND UseAdaptiveSizePolicy,0,0.0,0.0,0.0,94
random_20,260,29,UseAdaptiveGCBoundary = 1 AND UseAdaptiveSizeDecayMajorGCCost = 1 AND UseAdaptiveSizePolicyFootprintGoal = 1,UseAdaptiveSizePolicyFootprintGoal AND UseAdaptiveSizeDecayMajorGCCost AND UseAdaptiveGCBoundary,0,1.0,1.0,1.0,94
2-wise,63,7,UseAdaptiveGCBoundary = 1 AND UseAdaptiveSizeDecayMajorGCCost = 1 AND UseAdaptiveSizePolicyFootprintGoal = 1,NOT TenuredGenerationSizeSupplement_70 AND MaxTenuringThreshold > 12.5 AND MinSurvivorRatio <= 5.5,4,0.3333333333333333,0.4,0.2857142857142857,94
3-wise,303,38,UseAdaptiveGCBoundary = 1 AND UseAdaptiveSizeDecayMajorGCCost = 1 AND UseAdaptiveSizePolicyFootprintGoal = 1,UseAdaptiveSizePolicyFootprintGoal AND UseAdaptiveSizeDecayMajorGCCost AND UseAdaptiveGCBoundary,0,1.0,1.0,1.0,94
4-wise,1144,149,UseAdaptiveGCBoundary = 1 AND UseAdaptiveSizeDecayMajorGCCost = 1 AND UseAdaptiveSizePolicyFootprintGoal = 1,UseAdaptiveGCBoundary AND UseAdaptiveSizeDecayMajorGCCost AND UseAdaptiveSizePolicyFootprintGoal,0,1.0,1.0,1.0,94
full,193536,24192,DisableExplicitGC = 1 AND UseAdaptiveSizeDecayMajorGCCost = 1 AND UseAdaptiveSizePolicy = 1,UseAdaptiveSizeDecayMajorGCCost AND DisableExplicitGC AND UseAdaptiveSizePolicy,0,1.0,1.0,1.0,95
random_2,26,6,DisableExplicitGC = 1 AND UseAdaptiveSizeDecayMajorGCCost = 1 AND UseAdaptiveSizePolicy = 1,UseAdaptiveSizeDecayMajorGCCost AND UseAdaptiveSizePolicy AND TenuredGenerationSizeSupplementDecay > 3.0,4,1.0,1.0,1.0,95
random_5,65,10,DisableExplicitGC = 1 AND UseAdaptiveSizeDecayMajorGCCost = 1 AND UseAdaptiveSizePolicy = 1,UseAdaptiveSizePolicy AND UseAdaptiveSizeDecayMajorGCCost AND DisableExplicitGC,0,1.0,1.0,1.0,95
random_10,130,16,DisableExplicitGC = 1 AND UseAdaptiveSizeDecayMajorGCCost = 1 AND UseAdaptiveSizePolicy = 1,SurvivorRatio <= 28.5 AND DisableExplicitGC AND UseAdaptiveSizePolicy AND UseAdaptiveSizeDecayMajorGCCost,0,0.8571428571428571,1.0,0.75,95
random_20,260,38,DisableExplicitGC = 1 AND UseAdaptiveSizeDecayMajorGCCost = 1 AND UseAdaptiveSizePolicy = 1,DisableExplicitGC AND UseAdaptiveSizePolicy AND UseAdaptiveSizeDecayMajorGCCost,0,1.0,1.0,1.0,95
2-wise,55,9,DisableExplicitGC = 1 AND UseAdaptiveSizeDecayMajorGCCost = 1 AND UseAdaptiveSizePolicy = 1,SurvivorRatio <= 18.5 AND TenuredGenerationSizeSupplementDecay > 6.0 AND SurvivorRatio <= 3.5 AND NewRatio <= 24.0,2,0.5,1.0,0.3333333333333333,95
3-wise,299,38,DisableExplicitGC = 1 AND UseAdaptiveSizeDecayMajorGCCost = 1 AND UseAdaptiveSizePolicy = 1,DisableExplicitGC AND UseAdaptiveSizePolicy AND UseAdaptiveSizeDecayMajorGCCost,0,1.0,1.0,1.0,95
4-wise,1149,146,DisableExplicitGC = 1 AND UseAdaptiveSizeDecayMajorGCCost = 1 AND UseAdaptiveSizePolicy = 1,DisableExplicitGC AND UseAdaptiveSizePolicy AND UseAdaptiveSizeDecayMajorGCCost,0,1.0,1.0,1.0,95
full,193536,24192,DisableExplicitGC = 1 AND UseAdaptiveGCBoundary = 1 AND UseAdaptiveSizePolicyFootprintGoal = 1,DisableExplicitGC AND UseAdaptiveSizePolicyFootprintGoal AND UseAdaptiveGCBoundary,0,1.0,1.0,1.0,96
random_2,26,6,DisableExplicitGC = 1 AND UseAdaptiveGCBoundary = 1 AND UseAdaptiveSizePolicyFootprintGoal = 1,UseAdaptiveGCBoundary AND UseAdaptiveSizePolicyFootprintGoal AND DisableExplicitGC,2,1.0,1.0,1.0,96
random_5,65,9,DisableExplicitGC = 1 AND UseAdaptiveGCBoundary = 1 AND UseAdaptiveSizePolicyFootprintGoal = 1,UseAdaptiveGCBoundary AND DisableExplicitGC AND UseAdaptiveSizePolicyFootprintGoal,0,1.0,1.0,1.0,96
random_10,130,15,DisableExplicitGC = 1 AND UseAdaptiveGCBoundary = 1 AND UseAdaptiveSizePolicyFootprintGoal = 1,UseAdaptiveGCBoundary AND UseAdaptiveSizePolicyFootprintGoal AND DisableExplicitGC,0,1.0,1.0,1.0,96
random_20,260,34,DisableExplicitGC = 1 AND UseAdaptiveGCBoundary = 1 AND UseAdaptiveSizePolicyFootprintGoal = 1,UseAdaptiveGCBoundary AND DisableExplicitGC AND UseAdaptiveSizePolicyFootprintGoal,0,1.0,1.0,1.0,96
2-wise,62,7,DisableExplicitGC = 1 AND UseAdaptiveGCBoundary = 1 AND UseAdaptiveSizePolicyFootprintGoal = 1,SurvivorRatio <= 18.5 AND UseAdaptiveGCBoundary AND DisableExplicitGC AND UseAdaptiveSizePolicyFootprintGoal,3,0.4444444444444445,1.0,0.2857142857142857,96
3-wise,285,32,DisableExplicitGC = 1 AND UseAdaptiveGCBoundary = 1 AND UseAdaptiveSizePolicyFootprintGoal = 1,UseAdaptiveGCBoundary AND UseAdaptiveSizePolicyFootprintGoal AND DisableExplicitGC,0,1.0,1.0,1.0,96
4-wise,1183,148,DisableExplicitGC = 1 AND UseAdaptiveGCBoundary = 1 AND UseAdaptiveSizePolicyFootprintGoal = 1,DisableExplicitGC AND UseAdaptiveGCBoundary AND UseAdaptiveSizePolicyFootprintGoal,0,1.0,1.0,1.0,96
full,193536,24192,UseAdaptiveGCBoundary = 1 AND UseAdaptiveSizeDecayMajorGCCost = 1 AND UseAdaptiveSizePolicy = 1,UseAdaptiveGCBoundary AND UseAdaptiveSizeDecayMajorGCCost AND UseAdaptiveSizePolicy,0,1.0,1.0,1.0,97
random_2,26,4,UseAdaptiveGCBoundary = 1 AND UseAdaptiveSizeDecayMajorGCCost = 1 AND UseAdaptiveSizePolicy = 1,SurvivorRatio <= 8.5 AND MinSurvivorRatio <= 8.5 AND TenuredGenerationSizeSupplementDecay <= 10.0,1,0.8571428571428571,1.0,0.75,97
random_5,65,8,UseAdaptiveGCBoundary = 1 AND UseAdaptiveSizeDecayMajorGCCost = 1 AND UseAdaptiveSizePolicy = 1,UseAdaptiveSizePolicy AND UseAdaptiveGCBoundary AND UseAdaptiveSizeDecayMajorGCCost,0,1.0,1.0,1.0,97
random_10,130,17,UseAdaptiveGCBoundary = 1 AND UseAdaptiveSizeDecayMajorGCCost = 1 AND UseAdaptiveSizePolicy = 1,UseAdaptiveSizePolicy AND UseAdaptiveSizeDecayMajorGCCost AND UseAdaptiveGCBoundary,0,1.0,1.0,1.0,97
random_20,260,35,UseAdaptiveGCBoundary = 1 AND UseAdaptiveSizeDecayMajorGCCost = 1 AND UseAdaptiveSizePolicy = 1,UseAdaptiveGCBoundary AND UseAdaptiveSizeDecayMajorGCCost AND UseAdaptiveSizePolicy,0,1.0,1.0,1.0,97
2-wise,58,6,UseAdaptiveGCBoundary = 1 AND UseAdaptiveSizeDecayMajorGCCost = 1 AND UseAdaptiveSizePolicy = 1,NewRatio <= 1.5 AND MinSurvivorRatio > 2.5 AND MinSurvivorRatio <= 8.5 AND NOT TenuredGenerationSizeSupplement_70,4,0.6666666666666666,1.0,0.5,97
3-wise,290,40,UseAdaptiveGCBoundary = 1 AND UseAdaptiveSizeDecayMajorGCCost = 1 AND UseAdaptiveSizePolicy = 1,UseAdaptiveGCBoundary AND UseAdaptiveSizeDecayMajorGCCost AND UseAdaptiveSizePolicy,0,1.0,1.0,1.0,97
4-wise,1139,139,UseAdaptiveGCBoundary = 1 AND UseAdaptiveSizeDecayMajorGCCost = 1 AND UseAdaptiveSizePolicy = 1,UseAdaptiveGCBoundary AND UseAdaptiveSizeDecayMajorGCCost AND UseAdaptiveSizePolicy,0,1.0,1.0,1.0,97
full,193536,24192,UseAdaptiveGCBoundary = 1 AND UseAdaptiveSizePolicy = 1 AND UseAdaptiveSizePolicyFootprintGoal = 1,UseAdaptiveGCBoundary AND UseAdaptiveSizePolicyFootprintGoal AND UseAdaptiveSizePolicy,0,1.0,1.0,1.0,98
random_2,26,5,UseAdaptiveGCBoundary = 1 AND UseAdaptiveSizePolicy = 1 AND UseAdaptiveSizePolicyFootprintGoal = 1,NOT TenuredGenerationSizeSupplement_50 AND NewRatio <= 3.0 AND NOT TenuredGenerationSizeSupplement_70 AND DisableExplicitGC,3,0.5714285714285715,1.0,0.4,98
random_5,65,10,UseAdaptiveGCBoundary = 1 AND UseAdaptiveSizePolicy = 1 AND UseAdaptiveSizePolicyFootprintGoal = 1,NOT UseAdaptiveSizePolicyFootprintGoal AND SurvivorRatio <= 13.5 AND TenuredGenerationSizeSupplementDecay > 12.0,0,0.0,0.0,0.0,98
random_10,130,18,UseAdaptiveGCBoundary = 1 AND UseAdaptiveSizePolicy = 1 AND UseAdaptiveSizePolicyFootprintGoal = 1,SurvivorRatio > 8.5 AND NewRatio > 3.0,3,0.1578947368421052,0.1034482758620689,0.3333333333333333,98
random_20,260,30,UseAdaptiveGCBoundary = 1 AND UseAdaptiveSizePolicy = 1 AND UseAdaptiveSizePolicyFootprintGoal = 1,SurvivorRatio <= 13.5,4,0.12,0.075,0.3,98
2-wise,62,8,UseAdaptiveGCBoundary = 1 AND UseAdaptiveSizePolicy = 1 AND UseAdaptiveSizePolicyFootprintGoal = 1,MaxTenuringThreshold <= 12.5 AND NOT UseAdaptiveSizePolicyFootprintGoal AND NewRatio <= 12.0 AND SurvivorRatio > 8.5,0,0.0,0.0,0.0,98
3-wise,298,33,UseAdaptiveGCBoundary = 1 AND UseAdaptiveSizePolicy = 1 AND UseAdaptiveSizePolicyFootprintGoal = 1,UseAdaptiveGCBoundary AND NOT TenuredGenerationSizeSupplement_90 AND MinSurvivorRatio <= 8.5,3,0.2,0.1428571428571428,0.3333333333333333,98
4-wise,1162,152,UseAdaptiveGCBoundary = 1 AND UseAdaptiveSizePolicy = 1 AND UseAdaptiveSizePolicyFootprintGoal = 1,UseAdaptiveSizePolicyFootprintGoal,1,0.4175824175824176,0.2638888888888889,1.0,98
full,193536,24192,UseAdaptiveGCBoundary = 1 AND UseAdaptiveSizeDecayMajorGCCost = 1 AND UseAdaptiveSizePolicy = 1,UseAdaptiveSizePolicy AND UseAdaptiveSizeDecayMajorGCCost AND UseAdaptiveGCBoundary,0,1.0,1.0,1.0,99
random_2,26,6,UseAdaptiveGCBoundary = 1 AND UseAdaptiveSizeDecayMajorGCCost = 1 AND UseAdaptiveSizePolicy = 1,UseAdaptiveGCBoundary AND UseAdaptiveSizePolicy AND SurvivorRatio > 3.5,4,1.0,1.0,1.0,99
random_5,65,6,UseAdaptiveGCBoundary = 1 AND UseAdaptiveSizeDecayMajorGCCost = 1 AND UseAdaptiveSizePolicy = 1,SurvivorRatio <= 28.5 AND UseAdaptiveGCBoundary AND MinSurvivorRatio > 5.5 AND UseAdaptiveSizeDecayMajorGCCost,0,0.5714285714285715,0.5,0.6666666666666666,99
random_10,130,10,UseAdaptiveGCBoundary = 1 AND UseAdaptiveSizeDecayMajorGCCost = 1 AND UseAdaptiveSizePolicy = 1,UseAdaptiveGCBoundary AND UseAdaptiveSizeDecayMajorGCCost AND UseAdaptiveSizePolicy,0,1.0,1.0,1.0,99
random_20,260,26,UseAdaptiveGCBoundary = 1 AND UseAdaptiveSizeDecayMajorGCCost = 1 AND UseAdaptiveSizePolicy = 1,UseAdaptiveGCBoundary AND UseAdaptiveSizePolicy AND UseAdaptiveSizeDecayMajorGCCost,0,1.0,1.0,1.0,99
2-wise,65,8,UseAdaptiveGCBoundary = 1 AND UseAdaptiveSizeDecayMajorGCCost = 1 AND UseAdaptiveSizePolicy = 1,UseAdaptiveSizeDecayMajorGCCost AND UseAdaptiveGCBoundary AND UseAdaptiveSizePolicy,0,1.0,1.0,1.0,99
3-wise,297,35,UseAdaptiveGCBoundary = 1 AND UseAdaptiveSizeDecayMajorGCCost = 1 AND UseAdaptiveSizePolicy = 1,UseAdaptiveGCBoundary AND UseAdaptiveSizePolicy AND UseAdaptiveSizeDecayMajorGCCost,0,1.0,1.0,1.0,99
4-wise,1140,130,UseAdaptiveGCBoundary = 1 AND UseAdaptiveSizeDecayMajorGCCost = 1 AND UseAdaptiveSizePolicy = 1,UseAdaptiveSizePolicy AND UseAdaptiveSizeDecayMajorGCCost AND UseAdaptiveGCBoundary,0,1.0,1.0,1.0,99
full,193536,24192,DisableExplicitGC = 1 AND UseAdaptiveGCBoundary = 1 AND UseAdaptiveSizeDecayMajorGCCost = 1,UseAdaptiveGCBoundary AND DisableExplicitGC AND UseAdaptiveSizeDecayMajorGCCost,0,1.0,1.0,1.0,9
random_2,26,7,DisableExplicitGC = 1 AND UseAdaptiveGCBoundary = 1 AND UseAdaptiveSizeDecayMajorGCCost = 1,UseAdaptiveGCBoundary AND DisableExplicitGC AND UseAdaptiveSizeDecayMajorGCCost,2,1.0,1.0,1.0,9
random_5,65,15,DisableExplicitGC = 1 AND UseAdaptiveGCBoundary = 1 AND UseAdaptiveSizeDecayMajorGCCost = 1,UseAdaptiveSizeDecayMajorGCCost AND DisableExplicitGC AND UseAdaptiveGCBoundary,0,1.0,1.0,1.0,9
random_10,130,19,DisableExplicitGC = 1 AND UseAdaptiveGCBoundary = 1 AND UseAdaptiveSizeDecayMajorGCCost = 1,UseAdaptiveGCBoundary AND UseAdaptiveSizeDecayMajorGCCost AND DisableExplicitGC,0,1.0,1.0,1.0,9
random_20,260,30,DisableExplicitGC = 1 AND UseAdaptiveGCBoundary = 1 AND UseAdaptiveSizeDecayMajorGCCost = 1,UseAdaptiveSizeDecayMajorGCCost AND UseAdaptiveGCBoundary AND DisableExplicitGC,0,1.0,1.0,1.0,9
2-wise,60,13,DisableExplicitGC = 1 AND UseAdaptiveGCBoundary = 1 AND UseAdaptiveSizeDecayMajorGCCost = 1,DisableExplicitGC AND UseAdaptiveSizeDecayMajorGCCost AND UseAdaptiveGCBoundary,0,1.0,1.0,1.0,9
3-wise,300,31,DisableExplicitGC = 1 AND UseAdaptiveGCBoundary = 1 AND UseAdaptiveSizeDecayMajorGCCost = 1,DisableExplicitGC AND UseAdaptiveGCBoundary AND UseAdaptiveSizeDecayMajorGCCost,0,1.0,1.0,1.0,9
4-wise,1153,139,DisableExplicitGC = 1 AND UseAdaptiveGCBoundary = 1 AND UseAdaptiveSizeDecayMajorGCCost = 1,DisableExplicitGC AND UseAdaptiveGCBoundary AND UseAdaptiveSizeDecayMajorGCCost,0,1.0,1.0,1.0,9
