sampling_strategy,sample_size,sg_cardinality,sg_rule,best_rule,best_rule_idx,f1,precision,recall,seed
full,1024,128,instcombine = 1 AND ipsccp = 1 AND jump_threading = 1,instcombine AND ipsccp AND jump_threading,0,1.0,1.0,1.0,0
random_2,20,2,iv_users = 1 AND jump_threading = 1 AND licm = 1,jump_threading AND NOT sccp AND ipsccp,0,1.0,1.0,1.0,0
random_5,50,5,gvn = 1 AND print_used_types = 1 AND sccp = 1,gvn AND print_used_types AND NOT licm AND sccp,3,0.7499999999999999,1.0,0.6,0
random_10,100,11,instcombine = 1 AND jump_threading = 1 AND licm = 1,licm AND instcombine AND jump_threading,0,1.0,1.0,1.0,0
random_20,200,23,gvn = 1 AND inline = 1 AND licm = 1,NOT print_used_types,1,0.1967213114754098,0.1212121212121212,0.5217391304347826,0
2-wise,12,2,instcombine = 1 AND ipsccp = 1 AND jump_threading = 1,NOT inline AND licm AND NOT gvn AND jump_threading,1,0.8,0.6666666666666666,1.0,0
3-wise,34,4,gvn = 1 AND print_used_types = 1 AND sccp = 1,gvn AND jump_threading AND sccp AND print_used_types,4,0.6666666666666666,1.0,0.5,0
4-wise,63,6,inline = 1 AND iv_users = 1 AND licm = 1,inline AND ipsccp AND NOT jump_threading,2,0.4285714285714285,0.375,0.5,0
full,1024,128,inline = 1 AND ipsccp = 1 AND licm = 1,licm AND ipsccp AND inline,0,1.0,1.0,1.0,10
random_2,20,1,inline = 1 AND ipsccp = 1 AND licm = 1,instcombine AND inline AND ipsccp,2,0.6666666666666666,0.5,1.0,10
random_5,50,9,inline = 1 AND ipsccp = 1 AND licm = 1,licm AND inline AND ipsccp,0,1.0,1.0,1.0,10
random_10,100,12,inline = 1 AND ipsccp = 1 AND licm = 1,instcombine,1,0.2333333333333333,0.1458333333333333,0.5833333333333334,10
random_20,200,24,inline = 1 AND ipsccp = 1 AND licm = 1,inline AND licm AND ipsccp,0,1.0,1.0,1.0,10
2-wise,12,1,inline = 1 AND ipsccp = 1 AND licm = 1,NOT simplifycfg AND NOT ipsccp AND NOT gvn,0,0.0,0.0,0.0,10
3-wise,28,3,inline = 1 AND ipsccp = 1 AND licm = 1,inline AND licm AND simplifycfg AND ipsccp,0,1.0,1.0,1.0,10
4-wise,62,9,inline = 1 AND ipsccp = 1 AND licm = 1,NOT jump_threading AND inline AND licm,0,0.5882352941176471,0.625,0.5555555555555556,10
full,1024,128,ipsccp = 1 AND licm = 1 AND print_used_types = 1,ipsccp AND licm AND print_used_types,0,1.0,1.0,1.0,11
random_2,20,2,ipsccp = 1 AND licm = 1 AND print_used_types = 1,licm AND NOT sccp AND NOT ipsccp,0,0.0,0.0,0.0,11
random_5,50,2,ipsccp = 1 AND licm = 1 AND print_used_types = 1,jump_threading AND NOT licm AND ipsccp AND print_used_types,0,0.0,0.0,0.0,11
random_10,100,7,ipsccp = 1 AND licm = 1 AND print_used_types = 1,ipsccp AND NOT instcombine AND licm AND NOT inline,0,0.4285714285714285,0.4285714285714285,0.4285714285714285,11
random_20,200,23,ipsccp = 1 AND licm = 1 AND print_used_types = 1,licm AND gvn AND print_used_types,4,0.5116279069767442,0.55,0.4782608695652174,11
2-wise,10,3,ipsccp = 1 AND licm = 1 AND print_used_types = 1,NOT simplifycfg AND licm,2,1.0,1.0,1.0,11
3-wise,32,7,ipsccp = 1 AND licm = 1 AND print_used_types = 1,NOT simplifycfg AND ipsccp AND licm,3,0.6666666666666666,0.8,0.5714285714285714,11
4-wise,70,12,ipsccp = 1 AND licm = 1 AND print_used_types = 1,gvn AND print_used_types AND instcombine AND NOT sccp,3,0.25,0.5,0.1666666666666666,11
full,1024,128,gvn = 1 AND licm = 1 AND sccp = 1,sccp AND licm AND gvn,0,1.0,1.0,1.0,12
random_2,20,4,gvn = 1 AND licm = 1 AND sccp = 1,sccp AND NOT jump_threading,2,0.888888888888889,0.8,1.0,12
random_5,50,3,gvn = 1 AND licm = 1 AND sccp = 1,NOT print_used_types AND NOT instcombine,4,0.2857142857142857,0.1818181818181818,0.6666666666666666,12
random_10,100,13,gvn = 1 AND licm = 1 AND sccp = 1,gvn AND sccp,3,0.6666666666666666,0.5,1.0,12
random_20,200,28,gvn = 1 AND licm = 1 AND sccp = 1,sccp AND gvn AND NOT iv_users,1,0.6666666666666666,0.625,0.7142857142857143,12
2-wise,14,1,gvn = 1 AND licm = 1 AND sccp = 1,gvn AND NOT inline AND NOT instcombine AND sccp,4,0.6666666666666666,0.5,1.0,12
3-wise,31,4,gvn = 1 AND licm = 1 AND sccp = 1,licm AND sccp AND NOT iv_users AND NOT print_used_types,0,0.6666666666666666,1.0,0.5,12
4-wise,62,11,gvn = 1 AND licm = 1 AND sccp = 1,sccp AND NOT iv_users AND gvn AND ipsccp,2,0.3749999999999999,0.6,0.2727272727272727,12
full,1024,128,inline = 1 AND iv_users = 1 AND simplifycfg = 1,gvn AND inline AND simplifycfg,3,0.5,0.5,0.5,13
random_2,20,1,inline = 1 AND iv_users = 1 AND simplifycfg = 1,jump_threading AND NOT simplifycfg AND NOT sccp AND ipsccp,0,0.0,0.0,0.0,13
random_5,50,9,inline = 1 AND iv_users = 1 AND simplifycfg = 1,gvn AND ipsccp AND simplifycfg AND sccp,1,0.3529411764705882,0.375,0.3333333333333333,13
random_10,100,18,inline = 1 AND iv_users = 1 AND simplifycfg = 1,iv_users AND inline AND NOT ipsccp AND simplifycfg,0,0.7142857142857143,1.0,0.5555555555555556,13
random_20,200,18,inline = 1 AND iv_users = 1 AND simplifycfg = 1,simplifycfg AND NOT licm AND iv_users,3,0.4285714285714285,0.375,0.5,13
2-wise,12,2,inline = 1 AND iv_users = 1 AND simplifycfg = 1,NOT print_used_types AND ipsccp AND inline AND gvn,0,1.0,1.0,1.0,13
3-wise,27,4,inline = 1 AND iv_users = 1 AND simplifycfg = 1,ipsccp AND simplifycfg AND inline AND NOT instcombine,4,0.75,0.75,0.75,13
4-wise,63,8,inline = 1 AND iv_users = 1 AND simplifycfg = 1,instcombine AND sccp AND NOT gvn AND print_used_types,2,0.1818181818181818,0.3333333333333333,0.125,13
full,1024,128,gvn = 1 AND inline = 1 AND simplifycfg = 1,NOT iv_users,0,0.2,0.125,0.5,14
random_2,20,3,gvn = 1 AND inline = 1 AND simplifycfg = 1,NOT iv_users AND simplifycfg AND inline AND sccp,2,0.4,0.5,0.3333333333333333,14
random_5,50,3,gvn = 1 AND inline = 1 AND simplifycfg = 1,NOT licm AND jump_threading AND NOT gvn AND print_used_types,0,0.0,0.0,0.0,14
random_10,100,15,gvn = 1 AND inline = 1 AND simplifycfg = 1,instcombine,3,0.2461538461538461,0.16,0.5333333333333333,14
random_20,200,25,gvn = 1 AND inline = 1 AND simplifycfg = 1,gvn,0,0.390625,0.2427184466019417,1.0,14
2-wise,13,1,gvn = 1 AND inline = 1 AND simplifycfg = 1,NOT iv_users AND NOT licm,2,0.5,0.3333333333333333,1.0,14
3-wise,27,3,gvn = 1 AND inline = 1 AND simplifycfg = 1,ipsccp AND NOT iv_users AND print_used_types AND licm,3,0.3333333333333333,0.3333333333333333,0.3333333333333333,14
4-wise,63,10,gvn = 1 AND inline = 1 AND simplifycfg = 1,simplifycfg AND instcombine AND NOT jump_threading AND sccp,0,0.0,0.0,0.0,14
full,1024,128,iv_users = 1 AND jump_threading = 1 AND sccp = 1,sccp AND jump_threading AND iv_users,0,1.0,1.0,1.0,15
random_2,20,1,iv_users = 1 AND jump_threading = 1 AND sccp = 1,NOT instcombine AND sccp AND inline,0,0.0,0.0,0.0,15
random_5,50,7,iv_users = 1 AND jump_threading = 1 AND sccp = 1,iv_users AND ipsccp AND sccp AND jump_threading,2,0.7272727272727273,1.0,0.5714285714285714,15
random_10,100,9,iv_users = 1 AND jump_threading = 1 AND sccp = 1,iv_users AND ipsccp AND sccp AND jump_threading,0,0.6153846153846153,1.0,0.4444444444444444,15
random_20,200,26,iv_users = 1 AND jump_threading = 1 AND sccp = 1,simplifycfg AND iv_users AND sccp,3,0.5818181818181819,0.5517241379310345,0.6153846153846154,15
2-wise,12,3,iv_users = 1 AND jump_threading = 1 AND sccp = 1,NOT inline AND NOT print_used_types,4,0.3333333333333333,0.3333333333333333,0.3333333333333333,15
3-wise,27,3,iv_users = 1 AND jump_threading = 1 AND sccp = 1,gvn AND iv_users AND jump_threading,1,0.6666666666666666,0.6666666666666666,0.6666666666666666,15
4-wise,65,8,iv_users = 1 AND jump_threading = 1 AND sccp = 1,jump_threading AND print_used_types AND NOT licm,0,0.5714285714285715,0.6666666666666666,0.5,15
full,1024,128,ipsccp = 1 AND licm = 1 AND print_used_types = 1,ipsccp AND licm AND print_used_types,0,1.0,1.0,1.0,16
random_2,20,1,ipsccp = 1 AND licm = 1 AND print_used_types = 1,iv_users AND sccp AND NOT inline AND jump_threading,1,0.6666666666666666,0.5,1.0,16
random_5,50,5,ipsccp = 1 AND licm = 1 AND print_used_types = 1,ipsccp AND print_used_types AND gvn AND iv_users,4,0.3636363636363636,0.3333333333333333,0.4,16
random_10,100,12,ipsccp = 1 AND licm = 1 AND print_used_types = 1,NOT instcombine AND NOT gvn AND ipsccp AND licm,0,0.5555555555555556,0.8333333333333334,0.4166666666666667,16
random_20,200,31,ipsccp = 1 AND licm = 1 AND print_used_types = 1,licm AND print_used_types AND ipsccp,0,1.0,1.0,1.0,16
2-wise,9,1,ipsccp = 1 AND licm = 1 AND print_used_types = 1,NOT iv_users AND NOT simplifycfg AND jump_threading,0,0.6666666666666666,0.5,1.0,16
3-wise,26,4,ipsccp = 1 AND licm = 1 AND print_used_types = 1,print_used_types AND simplifycfg AND licm AND inline,3,0.5714285714285715,0.6666666666666666,0.5,16
4-wise,64,7,ipsccp = 1 AND licm = 1 AND print_used_types = 1,instcombine AND sccp AND NOT gvn,3,0.1428571428571428,0.1428571428571428,0.1428571428571428,16
full,1024,128,inline = 1 AND jump_threading = 1 AND print_used_types = 1,inline AND print_used_types AND jump_threading,0,1.0,1.0,1.0,17
random_5,50,10,inline = 1 AND jump_threading = 1 AND print_used_types = 1,inline AND jump_threading AND print_used_types,0,1.0,1.0,1.0,17
random_10,100,16,inline = 1 AND jump_threading = 1 AND print_used_types = 1,jump_threading AND inline AND print_used_types,0,1.0,1.0,1.0,17
random_20,200,27,inline = 1 AND jump_threading = 1 AND print_used_types = 1,inline AND print_used_types AND jump_threading,0,1.0,1.0,1.0,17
2-wise,11,2,inline = 1 AND jump_threading = 1 AND print_used_types = 1,jump_threading AND NOT instcombine,1,0.8,0.6666666666666666,1.0,17
3-wise,29,1,inline = 1 AND jump_threading = 1 AND print_used_types = 1,licm AND NOT print_used_types AND NOT sccp AND NOT iv_users,0,0.0,0.0,0.0,17
4-wise,68,11,inline = 1 AND jump_threading = 1 AND print_used_types = 1,print_used_types AND NOT ipsccp AND inline AND jump_threading,0,0.5333333333333333,1.0,0.3636363636363636,17
full,1024,128,instcombine = 1 AND iv_users = 1 AND simplifycfg = 1,iv_users AND simplifycfg AND instcombine,0,1.0,1.0,1.0,18
random_2,20,2,instcombine = 1 AND iv_users = 1 AND simplifycfg = 1,NOT inline AND jump_threading AND iv_users AND sccp,0,0.4,0.3333333333333333,0.5,18
random_5,50,3,instcombine = 1 AND iv_users = 1 AND simplifycfg = 1,iv_users AND ipsccp AND NOT inline AND NOT sccp,0,0.4,0.5,0.3333333333333333,18
random_10,100,15,instcombine = 1 AND iv_users = 1 AND simplifycfg = 1,instcombine AND ipsccp AND iv_users AND simplifycfg,0,0.6956521739130436,1.0,0.5333333333333333,18
random_20,200,26,instcombine = 1 AND iv_users = 1 AND simplifycfg = 1,iv_users AND simplifycfg AND instcombine,0,1.0,1.0,1.0,18
2-wise,13,2,instcombine = 1 AND iv_users = 1 AND simplifycfg = 1,iv_users AND sccp AND simplifycfg,0,1.0,1.0,1.0,18
3-wise,26,4,instcombine = 1 AND iv_users = 1 AND simplifycfg = 1,instcombine AND ipsccp AND NOT print_used_types AND NOT sccp,3,0.5714285714285715,0.6666666666666666,0.5,18
4-wise,64,5,instcombine = 1 AND iv_users = 1 AND simplifycfg = 1,NOT ipsccp AND simplifycfg AND gvn AND sccp,2,0.2,0.2,0.2,18
full,1024,128,ipsccp = 1 AND jump_threading = 1 AND licm = 1,ipsccp AND licm AND jump_threading,0,1.0,1.0,1.0,19
random_2,20,2,ipsccp = 1 AND jump_threading = 1 AND licm = 1,NOT sccp AND ipsccp AND licm,2,0.8,0.6666666666666666,1.0,19
random_5,50,8,ipsccp = 1 AND jump_threading = 1 AND licm = 1,licm AND NOT gvn AND sccp AND ipsccp,2,0.6153846153846154,0.8,0.5,19
random_10,100,15,ipsccp = 1 AND jump_threading = 1 AND licm = 1,licm AND simplifycfg AND NOT instcombine AND jump_threading,4,0.5,0.6666666666666666,0.4,19
random_20,200,23,ipsccp = 1 AND jump_threading = 1 AND licm = 1,ipsccp AND jump_threading AND licm,0,1.0,1.0,1.0,19
2-wise,12,1,ipsccp = 1 AND jump_threading = 1 AND licm = 1,NOT iv_users AND licm AND NOT gvn,3,0.6666666666666666,0.5,1.0,19
3-wise,29,2,ipsccp = 1 AND jump_threading = 1 AND licm = 1,print_used_types AND simplifycfg AND jump_threading AND NOT gvn,0,0.0,0.0,0.0,19
4-wise,59,8,ipsccp = 1 AND jump_threading = 1 AND licm = 1,NOT sccp AND print_used_types AND NOT simplifycfg AND jump_threading,0,0.6666666666666666,1.0,0.5,19
full,1024,128,ipsccp = 1 AND licm = 1 AND sccp = 1,sccp AND ipsccp AND licm,0,1.0,1.0,1.0,1
random_2,20,2,ipsccp = 1 AND licm = 1 AND sccp = 1,licm AND sccp AND NOT simplifycfg,2,0.8,0.6666666666666666,1.0,1
random_5,50,5,ipsccp = 1 AND licm = 1 AND sccp = 1,NOT simplifycfg AND NOT jump_threading AND NOT inline,0,0.0,0.0,0.0,1
random_10,100,16,ipsccp = 1 AND licm = 1 AND sccp = 1,sccp AND ipsccp AND licm,0,1.0,1.0,1.0,1
random_20,200,29,ipsccp = 1 AND licm = 1 AND sccp = 1,ipsccp AND sccp AND licm,0,1.0,1.0,1.0,1
2-wise,12,2,ipsccp = 1 AND licm = 1 AND sccp = 1,inline,3,0.5714285714285715,0.4,1.0,1
3-wise,26,2,ipsccp = 1 AND licm = 1 AND sccp = 1,gvn AND NOT simplifycfg AND licm AND iv_users,2,0.5,0.5,0.5,1
4-wise,64,8,ipsccp = 1 AND licm = 1 AND sccp = 1,NOT print_used_types AND ipsccp AND licm,0,0.5555555555555556,0.5,0.625,1
full,1024,128,inline = 1 AND jump_threading = 1 AND licm = 1,licm AND jump_threading AND inline,0,1.0,1.0,1.0,20
random_2,20,2,inline = 1 AND jump_threading = 1 AND licm = 1,NOT print_used_types AND instcombine AND inline,1,0.5,0.5,0.5,20
random_5,50,5,inline = 1 AND jump_threading = 1 AND licm = 1,ipsccp AND jump_threading AND print_used_types AND gvn,3,0.2857142857142857,0.5,0.2,20
random_10,100,10,inline = 1 AND jump_threading = 1 AND licm = 1,instcombine,1,0.2258064516129032,0.1346153846153846,0.7,20
random_20,200,20,inline = 1 AND jump_threading = 1 AND licm = 1,NOT ipsccp,0,0.188034188034188,0.1134020618556701,0.55,20
2-wise,10,2,inline = 1 AND jump_threading = 1 AND licm = 1,licm,4,0.6666666666666666,0.5,1.0,20
3-wise,33,4,inline = 1 AND jump_threading = 1 AND licm = 1,jump_threading AND NOT instcombine AND NOT simplifycfg,1,0.75,0.75,0.75,20
4-wise,63,6,inline = 1 AND jump_threading = 1 AND licm = 1,inline AND NOT iv_users AND jump_threading AND licm,1,0.9090909090909092,1.0,0.8333333333333334,20
full,1024,128,ipsccp = 1 AND jump_threading = 1 AND licm = 1,ipsccp AND licm AND jump_threading,0,1.0,1.0,1.0,21
random_2,20,3,ipsccp = 1 AND jump_threading = 1 AND licm = 1,sccp AND licm AND NOT instcombine AND ipsccp,0,0.8,1.0,0.6666666666666666,21
random_5,50,6,ipsccp = 1 AND jump_threading = 1 AND licm = 1,sccp AND simplifycfg AND iv_users AND NOT jump_threading,0,0.0,0.0,0.0,21
random_10,100,11,ipsccp = 1 AND jump_threading = 1 AND licm = 1,ipsccp AND NOT gvn AND licm AND jump_threading,0,0.5333333333333333,1.0,0.3636363636363636,21
random_20,200,27,ipsccp = 1 AND jump_threading = 1 AND licm = 1,licm AND ipsccp AND jump_threading,0,1.0,1.0,1.0,21
2-wise,14,1,ipsccp = 1 AND jump_threading = 1 AND licm = 1,jump_threading AND NOT inline AND simplifycfg,2,0.5,0.3333333333333333,1.0,21
3-wise,27,5,ipsccp = 1 AND jump_threading = 1 AND licm = 1,NOT sccp AND NOT print_used_types AND NOT simplifycfg AND ipsccp,2,0.5714285714285715,1.0,0.4,21
4-wise,65,12,ipsccp = 1 AND jump_threading = 1 AND licm = 1,NOT iv_users AND ipsccp AND print_used_types,0,0.5217391304347826,0.5454545454545454,0.5,21
full,1024,128,gvn = 1 AND jump_threading = 1 AND licm = 1,jump_threading AND gvn AND licm,0,1.0,1.0,1.0,22
random_2,20,3,gvn = 1 AND jump_threading = 1 AND licm = 1,gvn AND licm,2,1.0,1.0,1.0,22
random_5,50,3,gvn = 1 AND jump_threading = 1 AND licm = 1,NOT iv_users AND print_used_types AND gvn AND inline,4,0.3333333333333333,0.3333333333333333,0.3333333333333333,22
random_10,100,10,gvn = 1 AND jump_threading = 1 AND licm = 1,gvn AND jump_threading AND licm,0,1.0,1.0,1.0,22
random_20,200,21,gvn = 1 AND jump_threading = 1 AND licm = 1,gvn AND licm AND jump_threading,0,1.0,1.0,1.0,22
2-wise,12,3,gvn = 1 AND jump_threading = 1 AND licm = 1,inline AND sccp AND NOT simplifycfg,2,0.6666666666666666,0.6666666666666666,0.6666666666666666,22
3-wise,29,4,gvn = 1 AND jump_threading = 1 AND licm = 1,NOT ipsccp AND NOT instcombine AND gvn,3,0.8571428571428571,1.0,0.75,22
4-wise,63,10,gvn = 1 AND jump_threading = 1 AND licm = 1,licm AND gvn AND jump_threading,0,1.0,1.0,1.0,22
full,1024,128,instcombine = 1 AND jump_threading = 1 AND simplifycfg = 1,instcombine AND jump_threading AND simplifycfg,0,1.0,1.0,1.0,23
random_2,20,4,instcombine = 1 AND jump_threading = 1 AND simplifycfg = 1,instcombine AND jump_threading,1,1.0,1.0,1.0,23
random_5,50,4,instcombine = 1 AND jump_threading = 1 AND simplifycfg = 1,NOT sccp AND jump_threading AND NOT inline AND instcombine,0,0.0,0.0,0.0,23
random_10,100,10,instcombine = 1 AND jump_threading = 1 AND simplifycfg = 1,ipsccp AND NOT iv_users,2,0.2307692307692307,0.1875,0.3,23
random_20,200,21,instcombine = 1 AND jump_threading = 1 AND simplifycfg = 1,simplifycfg AND jump_threading AND instcombine,0,1.0,1.0,1.0,23
2-wise,12,2,instcombine = 1 AND jump_threading = 1 AND simplifycfg = 1,sccp AND instcombine AND print_used_types AND NOT iv_users,2,1.0,1.0,1.0,23
3-wise,31,2,instcombine = 1 AND jump_threading = 1 AND simplifycfg = 1,NOT iv_users AND simplifycfg AND NOT sccp AND NOT instcombine,0,0.0,0.0,0.0,23
4-wise,70,7,instcombine = 1 AND jump_threading = 1 AND simplifycfg = 1,NOT print_used_types AND instcombine AND gvn AND NOT iv_users,0,0.5,0.6,0.4285714285714285,23
full,1024,128,inline = 1 AND iv_users = 1 AND sccp = 1,sccp AND inline AND iv_users,0,1.0,1.0,1.0,24
random_2,20,4,inline = 1 AND iv_users = 1 AND sccp = 1,inline AND instcombine AND jump_threading AND iv_users,0,0.6666666666666666,1.0,0.5,24
random_5,50,4,inline = 1 AND iv_users = 1 AND sccp = 1,NOT licm AND NOT ipsccp AND iv_users AND instcombine,0,0.3333333333333333,0.5,0.25,24
random_10,100,12,inline = 1 AND iv_users = 1 AND sccp = 1,sccp AND jump_threading AND gvn AND inline,0,0.4,1.0,0.25,24
random_20,200,25,inline = 1 AND iv_users = 1 AND sccp = 1,sccp AND inline AND iv_users,0,1.0,1.0,1.0,24
2-wise,14,2,inline = 1 AND iv_users = 1 AND sccp = 1,sccp AND print_used_types AND instcombine,3,0.8,0.6666666666666666,1.0,24
3-wise,29,4,inline = 1 AND iv_users = 1 AND sccp = 1,NOT gvn AND iv_users AND NOT jump_threading AND NOT simplifycfg,4,0.3333333333333333,0.5,0.25,24
4-wise,58,7,inline = 1 AND iv_users = 1 AND sccp = 1,sccp AND NOT simplifycfg AND gvn AND inline,1,0.3636363636363636,0.5,0.2857142857142857,24
full,1024,128,gvn = 1 AND iv_users = 1 AND jump_threading = 1,jump_threading AND gvn AND iv_users,0,1.0,1.0,1.0,25
random_2,20,2,gvn = 1 AND iv_users = 1 AND jump_threading = 1,NOT print_used_types AND inline,4,0.25,0.1666666666666666,0.5,25
random_5,50,5,gvn = 1 AND iv_users = 1 AND jump_threading = 1,NOT print_used_types AND iv_users AND gvn AND jump_threading,2,0.7499999999999999,1.0,0.6,25
random_10,100,4,gvn = 1 AND iv_users = 1 AND jump_threading = 1,NOT inline,2,0.1153846153846153,0.0625,0.75,25
random_20,200,27,gvn = 1 AND iv_users = 1 AND jump_threading = 1,jump_threading AND gvn AND iv_users,0,1.0,1.0,1.0,25
2-wise,14,1,gvn = 1 AND iv_users = 1 AND jump_threading = 1,NOT ipsccp AND gvn AND jump_threading,0,0.0,0.0,0.0,25
3-wise,28,4,gvn = 1 AND iv_users = 1 AND jump_threading = 1,ipsccp AND iv_users AND jump_threading AND NOT print_used_types,0,0.3333333333333333,0.5,0.25,25
4-wise,64,8,gvn = 1 AND iv_users = 1 AND jump_threading = 1,print_used_types AND NOT ipsccp AND simplifycfg,4,0.2352941176470588,0.2222222222222222,0.25,25
full,1024,128,gvn = 1 AND instcombine = 1 AND ipsccp = 1,inline AND ipsccp AND gvn AND instcombine,0,0.6666666666666666,1.0,0.5,26
random_2,20,1,gvn = 1 AND instcombine = 1 AND ipsccp = 1,NOT iv_users AND inline AND licm,1,0.5,0.3333333333333333,1.0,26
random_5,50,2,gvn = 1 AND instcombine = 1 AND ipsccp = 1,NOT licm AND NOT jump_threading AND inline AND print_used_types,2,0.3333333333333333,0.25,0.5,26
random_10,100,16,gvn = 1 AND instcombine = 1 AND ipsccp = 1,NOT print_used_types AND instcombine,1,0.5106382978723403,0.3870967741935484,0.75,26
random_20,200,32,gvn = 1 AND instcombine = 1 AND ipsccp = 1,instcombine AND ipsccp,1,0.6881720430107526,0.5245901639344263,1.0,26
2-wise,11,2,gvn = 1 AND instcombine = 1 AND ipsccp = 1,inline AND iv_users AND gvn,2,0.5,0.5,0.5,26
3-wise,27,3,gvn = 1 AND instcombine = 1 AND ipsccp = 1,NOT simplifycfg AND gvn AND ipsccp AND licm,4,0.8,1.0,0.6666666666666666,26
4-wise,62,7,gvn = 1 AND instcombine = 1 AND ipsccp = 1,simplifycfg AND NOT licm AND NOT sccp AND gvn,0,0.0,0.0,0.0,26
full,1024,128,iv_users = 1 AND jump_threading = 1 AND simplifycfg = 1,iv_users AND simplifycfg AND jump_threading,0,1.0,1.0,1.0,27
random_2,20,2,iv_users = 1 AND jump_threading = 1 AND simplifycfg = 1,NOT licm AND gvn,1,0.3333333333333333,0.25,0.5,27
random_5,50,6,iv_users = 1 AND jump_threading = 1 AND simplifycfg = 1,jump_threading AND simplifycfg AND iv_users,0,1.0,1.0,1.0,27
random_10,100,4,iv_users = 1 AND jump_threading = 1 AND simplifycfg = 1,sccp AND NOT instcombine AND NOT print_used_types AND jump_threading,1,0.4,0.3333333333333333,0.5,27
random_20,200,29,iv_users = 1 AND jump_threading = 1 AND simplifycfg = 1,jump_threading AND iv_users AND simplifycfg,0,1.0,1.0,1.0,27
2-wise,10,1,iv_users = 1 AND jump_threading = 1 AND simplifycfg = 1,print_used_types AND NOT sccp AND gvn,0,0.6666666666666666,0.5,1.0,27
3-wise,28,1,iv_users = 1 AND jump_threading = 1 AND simplifycfg = 1,licm AND inline AND iv_users AND simplifycfg,0,0.0,0.0,0.0,27
4-wise,66,8,iv_users = 1 AND jump_threading = 1 AND simplifycfg = 1,simplifycfg AND jump_threading AND iv_users,1,1.0,1.0,1.0,27
full,1024,128,jump_threading = 1 AND print_used_types = 1 AND sccp = 1,sccp AND print_used_types AND jump_threading,0,1.0,1.0,1.0,28
random_2,20,2,jump_threading = 1 AND print_used_types = 1 AND sccp = 1,sccp AND licm AND print_used_types,2,0.6666666666666666,0.5,1.0,28
random_5,50,10,jump_threading = 1 AND print_used_types = 1 AND sccp = 1,iv_users AND print_used_types AND NOT ipsccp,1,0.5,0.6666666666666666,0.4,28
random_10,100,14,jump_threading = 1 AND print_used_types = 1 AND sccp = 1,print_used_types AND sccp AND jump_threading,0,1.0,1.0,1.0,28
random_20,200,25,jump_threading = 1 AND print_used_types = 1 AND sccp = 1,print_used_types AND sccp AND jump_threading,0,1.0,1.0,1.0,28
2-wise,11,1,jump_threading = 1 AND print_used_types = 1 AND sccp = 1,sccp AND gvn,0,0.6666666666666666,0.5,1.0,28
3-wise,34,7,jump_threading = 1 AND print_used_types = 1 AND sccp = 1,sccp AND licm AND jump_threading AND print_used_types,0,0.7272727272727273,1.0,0.5714285714285714,28
4-wise,68,9,jump_threading = 1 AND print_used_types = 1 AND sccp = 1,sccp AND print_used_types,4,0.6666666666666666,0.5,1.0,28
full,1024,128,inline = 1 AND instcombine = 1 AND sccp = 1,print_used_types AND instcombine,2,0.3333333333333333,0.25,0.5,29
random_2,20,4,inline = 1 AND instcombine = 1 AND sccp = 1,NOT gvn AND NOT jump_threading AND instcombine,0,0.6666666666666666,1.0,0.5,29
random_5,50,4,inline = 1 AND instcombine = 1 AND sccp = 1,ipsccp AND sccp AND NOT jump_threading AND inline,0,0.6666666666666666,1.0,0.5,29
random_10,100,10,inline = 1 AND instcombine = 1 AND sccp = 1,NOT simplifycfg,4,0.1612903225806451,0.0961538461538461,0.5,29
random_20,200,35,inline = 1 AND instcombine = 1 AND sccp = 1,sccp AND NOT licm AND instcombine AND inline,0,0.7719298245614035,1.0,0.6285714285714286,29
2-wise,9,1,inline = 1 AND instcombine = 1 AND sccp = 1,inline AND jump_threading AND gvn,0,0.6666666666666666,0.5,1.0,29
3-wise,35,3,inline = 1 AND instcombine = 1 AND sccp = 1,NOT ipsccp AND licm AND instcombine AND print_used_types,1,0.6666666666666666,0.5,1.0,29
4-wise,72,10,inline = 1 AND instcombine = 1 AND sccp = 1,jump_threading AND print_used_types AND inline AND instcombine,2,0.5333333333333333,0.8,0.4,29
full,1024,128,inline = 1 AND instcombine = 1 AND sccp = 1,inline AND sccp AND instcombine,0,1.0,1.0,1.0,2
random_2,20,1,inline = 1 AND instcombine = 1 AND sccp = 1,NOT gvn AND jump_threading AND NOT licm AND NOT sccp,0,0.0,0.0,0.0,2
random_5,50,9,inline = 1 AND instcombine = 1 AND sccp = 1,inline AND instcombine AND NOT iv_users AND sccp,0,0.6153846153846153,1.0,0.4444444444444444,2
random_10,100,9,inline = 1 AND instcombine = 1 AND sccp = 1,sccp AND inline AND instcombine,0,1.0,1.0,1.0,2
random_20,200,31,inline = 1 AND instcombine = 1 AND sccp = 1,instcombine AND sccp AND inline,0,1.0,1.0,1.0,2
2-wise,11,1,inline = 1 AND instcombine = 1 AND sccp = 1,jump_threading AND NOT print_used_types AND instcombine,0,0.6666666666666666,0.5,1.0,2
3-wise,33,2,inline = 1 AND instcombine = 1 AND sccp = 1,inline AND NOT iv_users AND NOT simplifycfg AND sccp,0,0.5,0.5,0.5,2
4-wise,62,8,inline = 1 AND instcombine = 1 AND sccp = 1,sccp AND licm AND instcombine AND inline,2,0.6666666666666666,1.0,0.5,2
full,1024,128,gvn = 1 AND inline = 1 AND ipsccp = 1,inline AND ipsccp AND gvn,0,1.0,1.0,1.0,30
random_2,20,5,gvn = 1 AND inline = 1 AND ipsccp = 1,NOT sccp AND iv_users AND licm AND NOT instcombine,2,0.5,0.6666666666666666,0.4,30
random_5,50,10,gvn = 1 AND inline = 1 AND ipsccp = 1,gvn AND NOT jump_threading AND ipsccp AND inline,0,0.7499999999999999,1.0,0.6,30
random_10,100,9,gvn = 1 AND inline = 1 AND ipsccp = 1,sccp,3,0.2307692307692307,0.1395348837209302,0.6666666666666666,30
random_20,200,26,gvn = 1 AND inline = 1 AND ipsccp = 1,gvn,0,0.4297520661157025,0.2736842105263158,1.0,30
2-wise,14,2,gvn = 1 AND inline = 1 AND ipsccp = 1,licm AND jump_threading,4,0.3333333333333333,0.25,0.5,30
3-wise,35,4,gvn = 1 AND inline = 1 AND ipsccp = 1,NOT inline AND NOT sccp AND NOT print_used_types AND NOT jump_threading,0,0.0,0.0,0.0,30
4-wise,67,9,gvn = 1 AND inline = 1 AND ipsccp = 1,sccp AND NOT simplifycfg AND ipsccp AND inline,0,0.3636363636363636,1.0,0.2222222222222222,30
full,1024,128,inline = 1 AND licm = 1 AND sccp = 1,sccp AND licm AND inline,0,1.0,1.0,1.0,31
random_2,20,3,inline = 1 AND licm = 1 AND sccp = 1,instcombine AND NOT gvn AND NOT simplifycfg,3,0.4,0.5,0.3333333333333333,31
random_5,50,6,inline = 1 AND licm = 1 AND sccp = 1,licm AND NOT print_used_types AND NOT ipsccp AND inline,0,0.5,1.0,0.3333333333333333,31
random_10,100,12,inline = 1 AND licm = 1 AND sccp = 1,NOT gvn AND iv_users AND NOT ipsccp AND licm,0,0.3157894736842105,0.4285714285714285,0.25,31
random_20,200,26,inline = 1 AND licm = 1 AND sccp = 1,NOT simplifycfg AND instcombine AND NOT print_used_types AND licm,2,0.380952380952381,0.5,0.3076923076923077,31
2-wise,12,1,inline = 1 AND licm = 1 AND sccp = 1,licm AND jump_threading,0,0.6666666666666666,0.5,1.0,31
3-wise,25,3,inline = 1 AND licm = 1 AND sccp = 1,print_used_types AND licm AND NOT simplifycfg AND inline,2,0.8,1.0,0.6666666666666666,31
4-wise,61,10,inline = 1 AND licm = 1 AND sccp = 1,inline AND simplifycfg,4,0.4,0.3333333333333333,0.5,31
full,1024,128,gvn = 1 AND jump_threading = 1 AND sccp = 1,sccp AND gvn AND jump_threading,0,1.0,1.0,1.0,32
random_2,20,1,gvn = 1 AND jump_threading = 1 AND sccp = 1,gvn AND instcombine AND sccp,3,0.6666666666666666,0.5,1.0,32
random_5,50,7,gvn = 1 AND jump_threading = 1 AND sccp = 1,sccp AND jump_threading AND gvn,0,1.0,1.0,1.0,32
random_10,100,15,gvn = 1 AND jump_threading = 1 AND sccp = 1,jump_threading AND sccp AND gvn,0,1.0,1.0,1.0,32
random_20,200,20,gvn = 1 AND jump_threading = 1 AND sccp = 1,sccp AND gvn AND jump_threading,0,1.0,1.0,1.0,32
2-wise,12,4,gvn = 1 AND jump_threading = 1 AND sccp = 1,jump_threading AND gvn,2,0.888888888888889,0.8,1.0,32
3-wise,30,3,gvn = 1 AND jump_threading = 1 AND sccp = 1,jump_threading AND inline AND ipsccp,2,0.8,1.0,0.6666666666666666,32
4-wise,63,7,gvn = 1 AND jump_threading = 1 AND sccp = 1,jump_threading AND gvn AND sccp,0,1.0,1.0,1.0,32
full,1024,128,jump_threading = 1 AND print_used_types = 1 AND sccp = 1,sccp AND print_used_types AND jump_threading,0,1.0,1.0,1.0,33
random_2,20,5,jump_threading = 1 AND print_used_types = 1 AND sccp = 1,licm AND gvn AND simplifycfg,0,0.5714285714285715,1.0,0.4,33
random_5,50,5,jump_threading = 1 AND print_used_types = 1 AND sccp = 1,licm AND print_used_types AND sccp AND jump_threading,0,0.888888888888889,1.0,0.8,33
random_10,100,15,jump_threading = 1 AND print_used_types = 1 AND sccp = 1,print_used_types AND jump_threading AND sccp,0,1.0,1.0,1.0,33
random_20,200,30,jump_threading = 1 AND print_used_types = 1 AND sccp = 1,jump_threading AND print_used_types AND sccp,0,1.0,1.0,1.0,33
2-wise,12,2,jump_threading = 1 AND print_used_types = 1 AND sccp = 1,print_used_types AND jump_threading AND sccp,2,1.0,1.0,1.0,33
3-wise,29,4,jump_threading = 1 AND print_used_types = 1 AND sccp = 1,NOT licm AND jump_threading AND inline AND print_used_types,0,0.6666666666666666,1.0,0.5,33
4-wise,61,9,jump_threading = 1 AND print_used_types = 1 AND sccp = 1,sccp AND jump_threading AND instcombine AND print_used_types,0,0.8,1.0,0.6666666666666666,33
full,1024,128,gvn = 1 AND inline = 1 AND jump_threading = 1,gvn AND inline AND jump_threading,0,1.0,1.0,1.0,34
random_2,20,2,gvn = 1 AND inline = 1 AND jump_threading = 1,print_used_types AND gvn AND licm AND inline,2,1.0,1.0,1.0,34
random_5,50,1,gvn = 1 AND inline = 1 AND jump_threading = 1,simplifycfg AND NOT iv_users AND NOT licm,0,0.0,0.0,0.0,34
random_10,100,12,gvn = 1 AND inline = 1 AND jump_threading = 1,inline AND jump_threading AND gvn,0,1.0,1.0,1.0,34
random_20,200,22,gvn = 1 AND inline = 1 AND jump_threading = 1,gvn AND inline AND jump_threading,0,1.0,1.0,1.0,34
3-wise,31,6,gvn = 1 AND inline = 1 AND jump_threading = 1,gvn AND ipsccp AND inline,1,0.7272727272727272,0.8,0.6666666666666666,34
4-wise,66,6,gvn = 1 AND inline = 1 AND jump_threading = 1,gvn AND inline AND jump_threading,1,1.0,1.0,1.0,34
full,1024,128,gvn = 1 AND instcombine = 1 AND jump_threading = 1,gvn AND jump_threading AND instcombine,0,1.0,1.0,1.0,35
random_2,20,3,gvn = 1 AND instcombine = 1 AND jump_threading = 1,licm AND NOT print_used_types AND inline AND jump_threading,3,0.8,1.0,0.6666666666666666,35
random_5,50,7,gvn = 1 AND instcombine = 1 AND jump_threading = 1,instcombine AND jump_threading AND gvn,0,1.0,1.0,1.0,35
random_10,100,14,gvn = 1 AND instcombine = 1 AND jump_threading = 1,gvn AND jump_threading AND instcombine,0,1.0,1.0,1.0,35
random_20,200,25,gvn = 1 AND instcombine = 1 AND jump_threading = 1,gvn AND instcombine AND jump_threading,0,1.0,1.0,1.0,35
2-wise,13,2,gvn = 1 AND instcombine = 1 AND jump_threading = 1,NOT sccp AND ipsccp,3,0.5714285714285715,0.4,1.0,35
3-wise,29,3,gvn = 1 AND instcombine = 1 AND jump_threading = 1,instcombine AND gvn AND NOT licm,0,0.7499999999999999,0.6,1.0,35
4-wise,65,8,gvn = 1 AND instcombine = 1 AND jump_threading = 1,jump_threading AND gvn AND instcombine,0,1.0,1.0,1.0,35
full,1024,128,instcombine = 1 AND ipsccp = 1 AND licm = 1,ipsccp AND instcombine AND licm,0,1.0,1.0,1.0,36
random_2,20,2,instcombine = 1 AND ipsccp = 1 AND licm = 1,gvn AND ipsccp AND instcombine AND licm,0,1.0,1.0,1.0,36
random_5,50,5,instcombine = 1 AND ipsccp = 1 AND licm = 1,NOT ipsccp AND NOT iv_users AND sccp AND simplifycfg,0,0.0,0.0,0.0,36
random_10,100,18,instcombine = 1 AND ipsccp = 1 AND licm = 1,ipsccp AND instcombine AND licm,0,1.0,1.0,1.0,36
random_20,200,23,instcombine = 1 AND ipsccp = 1 AND licm = 1,instcombine AND ipsccp AND licm,0,1.0,1.0,1.0,36
2-wise,15,2,instcombine = 1 AND ipsccp = 1 AND licm = 1,jump_threading AND simplifycfg,3,0.25,0.1666666666666666,0.5,36
3-wise,29,2,instcombine = 1 AND ipsccp = 1 AND licm = 1,NOT iv_users AND NOT sccp AND NOT print_used_types AND gvn,4,0.5,0.5,0.5,36
4-wise,66,6,instcombine = 1 AND ipsccp = 1 AND licm = 1,print_used_types AND inline AND ipsccp AND NOT simplifycfg,2,0.5,1.0,0.3333333333333333,36
full,1024,128,inline = 1 AND ipsccp = 1 AND jump_threading = 1,ipsccp AND inline AND jump_threading,0,1.0,1.0,1.0,37
random_2,20,4,inline = 1 AND ipsccp = 1 AND jump_threading = 1,jump_threading AND ipsccp,3,0.888888888888889,0.8,1.0,37
random_5,50,8,inline = 1 AND ipsccp = 1 AND jump_threading = 1,inline AND ipsccp AND jump_threading,2,1.0,1.0,1.0,37
random_10,100,16,inline = 1 AND ipsccp = 1 AND jump_threading = 1,sccp AND jump_threading AND NOT simplifycfg AND ipsccp,0,0.4800000000000001,0.6666666666666666,0.375,37
random_20,200,32,inline = 1 AND ipsccp = 1 AND jump_threading = 1,jump_threading AND ipsccp AND inline,0,1.0,1.0,1.0,37
2-wise,15,3,inline = 1 AND ipsccp = 1 AND jump_threading = 1,jump_threading AND ipsccp AND NOT simplifycfg,1,0.8,1.0,0.6666666666666666,37
3-wise,23,4,inline = 1 AND ipsccp = 1 AND jump_threading = 1,jump_threading AND ipsccp,4,0.8,0.6666666666666666,1.0,37
4-wise,66,9,inline = 1 AND ipsccp = 1 AND jump_threading = 1,simplifycfg AND inline AND jump_threading AND NOT iv_users,4,0.1333333333333333,0.1666666666666666,0.1111111111111111,37
full,1024,128,ipsccp = 1 AND jump_threading = 1 AND licm = 1,jump_threading AND ipsccp AND licm,0,1.0,1.0,1.0,38
random_2,20,3,ipsccp = 1 AND jump_threading = 1 AND licm = 1,jump_threading AND NOT instcombine AND sccp AND NOT gvn,1,0.8,1.0,0.6666666666666666,38
random_5,50,4,ipsccp = 1 AND jump_threading = 1 AND licm = 1,NOT print_used_types AND licm AND ipsccp,1,1.0,1.0,1.0,38
random_10,100,11,ipsccp = 1 AND jump_threading = 1 AND licm = 1,ipsccp AND licm AND jump_threading,0,1.0,1.0,1.0,38
random_20,200,22,ipsccp = 1 AND jump_threading = 1 AND licm = 1,licm AND ipsccp AND jump_threading,0,1.0,1.0,1.0,38
2-wise,12,1,ipsccp = 1 AND jump_threading = 1 AND licm = 1,NOT simplifycfg AND NOT instcombine,0,0.0,0.0,0.0,38
3-wise,28,3,ipsccp = 1 AND jump_threading = 1 AND licm = 1,jump_threading AND NOT instcombine AND print_used_types AND licm,3,0.8,1.0,0.6666666666666666,38
4-wise,61,6,ipsccp = 1 AND jump_threading = 1 AND licm = 1,inline AND NOT iv_users AND licm,4,0.4615384615384615,0.4285714285714285,0.5,38
full,1024,128,iv_users = 1 AND jump_threading = 1 AND print_used_types = 1,jump_threading AND iv_users AND print_used_types,0,1.0,1.0,1.0,39
random_2,20,2,iv_users = 1 AND jump_threading = 1 AND print_used_types = 1,inline AND jump_threading AND iv_users AND NOT simplifycfg,3,0.5,0.5,0.5,39
random_5,50,3,iv_users = 1 AND jump_threading = 1 AND print_used_types = 1,print_used_types AND jump_threading AND NOT instcombine AND simplifycfg,0,0.6666666666666666,0.6666666666666666,0.6666666666666666,39
random_10,100,13,iv_users = 1 AND jump_threading = 1 AND print_used_types = 1,print_used_types AND iv_users AND jump_threading,0,1.0,1.0,1.0,39
random_20,200,19,iv_users = 1 AND jump_threading = 1 AND print_used_types = 1,jump_threading AND print_used_types AND iv_users,0,1.0,1.0,1.0,39
2-wise,12,1,iv_users = 1 AND jump_threading = 1 AND print_used_types = 1,NOT licm AND instcombine AND print_used_types,0,0.6666666666666666,0.5,1.0,39
3-wise,26,5,iv_users = 1 AND jump_threading = 1 AND print_used_types = 1,NOT sccp AND inline AND jump_threading AND print_used_types,0,0.7499999999999999,1.0,0.6,39
4-wise,69,11,iv_users = 1 AND jump_threading = 1 AND print_used_types = 1,print_used_types AND iv_users AND jump_threading,0,1.0,1.0,1.0,39
full,1024,128,iv_users = 1 AND jump_threading = 1 AND simplifycfg = 1,simplifycfg,0,0.4,0.25,1.0,3
random_2,20,2,iv_users = 1 AND jump_threading = 1 AND simplifycfg = 1,NOT print_used_types AND sccp AND jump_threading,3,0.5,0.5,0.5,3
random_5,50,5,iv_users = 1 AND jump_threading = 1 AND simplifycfg = 1,NOT inline AND iv_users AND NOT instcombine AND NOT ipsccp,2,0.4444444444444445,0.5,0.4,3
random_10,100,11,iv_users = 1 AND jump_threading = 1 AND simplifycfg = 1,simplifycfg AND NOT licm AND NOT print_used_types AND NOT sccp,3,0.3749999999999999,0.6,0.2727272727272727,3
random_20,200,30,iv_users = 1 AND jump_threading = 1 AND simplifycfg = 1,print_used_types AND iv_users,4,0.2823529411764706,0.2181818181818181,0.4,3
2-wise,11,2,iv_users = 1 AND jump_threading = 1 AND simplifycfg = 1,NOT ipsccp AND instcombine AND jump_threading,1,1.0,1.0,1.0,3
3-wise,31,6,iv_users = 1 AND jump_threading = 1 AND simplifycfg = 1,ipsccp AND simplifycfg AND NOT print_used_types AND inline,2,0.6,0.75,0.5,3
4-wise,63,11,iv_users = 1 AND jump_threading = 1 AND simplifycfg = 1,iv_users,4,0.4888888888888889,0.3235294117647059,1.0,3
full,1024,128,instcombine = 1 AND licm = 1 AND simplifycfg = 1,NOT jump_threading AND instcombine,2,0.3333333333333333,0.25,0.5,40
random_2,20,2,instcombine = 1 AND licm = 1 AND simplifycfg = 1,NOT sccp AND licm AND jump_threading,1,0.2857142857142857,0.2,0.5,40
random_5,50,3,instcombine = 1 AND licm = 1 AND simplifycfg = 1,sccp AND NOT inline AND iv_users AND simplifycfg,0,0.0,0.0,0.0,40
random_10,100,7,instcombine = 1 AND licm = 1 AND simplifycfg = 1,NOT print_used_types,1,0.1785714285714285,0.1020408163265306,0.7142857142857143,40
random_20,200,21,instcombine = 1 AND licm = 1 AND simplifycfg = 1,licm AND simplifycfg,2,0.6363636363636364,0.4666666666666667,1.0,40
2-wise,13,2,instcombine = 1 AND licm = 1 AND simplifycfg = 1,NOT jump_threading AND NOT ipsccp AND licm AND simplifycfg,1,1.0,1.0,1.0,40
3-wise,27,2,instcombine = 1 AND licm = 1 AND simplifycfg = 1,inline AND NOT sccp,3,0.2222222222222222,0.1428571428571428,0.5,40
4-wise,60,8,instcombine = 1 AND licm = 1 AND simplifycfg = 1,simplifycfg AND iv_users AND instcombine AND jump_threading,3,0.5,0.75,0.375,40
full,1024,128,inline = 1 AND ipsccp = 1 AND sccp = 1,inline AND ipsccp AND sccp,0,1.0,1.0,1.0,41
random_2,20,6,inline = 1 AND ipsccp = 1 AND sccp = 1,inline AND sccp AND NOT instcombine AND NOT licm,1,0.5,1.0,0.3333333333333333,41
random_5,50,14,inline = 1 AND ipsccp = 1 AND sccp = 1,sccp AND ipsccp AND inline,1,1.0,1.0,1.0,41
random_10,100,12,inline = 1 AND ipsccp = 1 AND sccp = 1,simplifycfg,2,0.2028985507246376,0.1228070175438596,0.5833333333333334,41
random_20,200,22,inline = 1 AND ipsccp = 1 AND sccp = 1,ipsccp AND sccp AND inline,0,1.0,1.0,1.0,41
2-wise,12,2,inline = 1 AND ipsccp = 1 AND sccp = 1,inline AND NOT licm AND jump_threading,4,0.8,0.6666666666666666,1.0,41
3-wise,32,2,inline = 1 AND ipsccp = 1 AND sccp = 1,NOT sccp AND NOT licm AND inline AND NOT print_used_types,0,0.0,0.0,0.0,41
4-wise,71,8,inline = 1 AND ipsccp = 1 AND sccp = 1,simplifycfg AND NOT licm AND NOT gvn AND jump_threading,0,0.0,0.0,0.0,41
full,1024,128,inline = 1 AND ipsccp = 1 AND jump_threading = 1,jump_threading AND inline AND ipsccp,0,1.0,1.0,1.0,42
random_2,20,1,inline = 1 AND ipsccp = 1 AND jump_threading = 1,NOT simplifycfg AND inline AND ipsccp AND licm,4,0.6666666666666666,0.5,1.0,42
random_5,50,3,inline = 1 AND ipsccp = 1 AND jump_threading = 1,NOT print_used_types AND inline AND ipsccp AND jump_threading,0,1.0,1.0,1.0,42
random_10,100,15,inline = 1 AND ipsccp = 1 AND jump_threading = 1,NOT iv_users AND simplifycfg AND inline AND NOT instcombine,1,0.3809523809523809,0.6666666666666666,0.2666666666666666,42
random_20,200,25,inline = 1 AND ipsccp = 1 AND jump_threading = 1,inline AND jump_threading AND ipsccp,0,1.0,1.0,1.0,42
2-wise,11,2,inline = 1 AND ipsccp = 1 AND jump_threading = 1,NOT ipsccp AND jump_threading AND NOT inline AND NOT licm,0,0.0,0.0,0.0,42
3-wise,28,2,inline = 1 AND ipsccp = 1 AND jump_threading = 1,inline AND NOT iv_users AND ipsccp,2,0.5,0.5,0.5,42
4-wise,62,8,inline = 1 AND ipsccp = 1 AND jump_threading = 1,ipsccp AND inline AND jump_threading,0,1.0,1.0,1.0,42
full,1024,128,inline = 1 AND instcombine = 1 AND licm = 1,inline,0,0.4,0.25,1.0,43
random_2,20,2,inline = 1 AND instcombine = 1 AND licm = 1,NOT ipsccp AND gvn AND NOT jump_threading,2,0.5,0.5,0.5,43
random_5,50,10,inline = 1 AND instcombine = 1 AND licm = 1,jump_threading AND licm AND ipsccp AND iv_users,1,0.1666666666666666,0.5,0.1,43
random_10,100,12,inline = 1 AND instcombine = 1 AND licm = 1,NOT gvn AND NOT ipsccp AND iv_users AND instcombine,3,0.2105263157894737,0.2857142857142857,0.1666666666666666,43
random_20,200,30,inline = 1 AND instcombine = 1 AND licm = 1,inline AND NOT sccp AND instcombine,4,0.5172413793103449,0.5357142857142857,0.5,43
2-wise,12,2,inline = 1 AND instcombine = 1 AND licm = 1,jump_threading AND inline,0,1.0,1.0,1.0,43
3-wise,28,3,inline = 1 AND instcombine = 1 AND licm = 1,instcombine AND simplifycfg AND sccp AND licm,2,0.8,1.0,0.6666666666666666,43
4-wise,63,9,inline = 1 AND instcombine = 1 AND licm = 1,ipsccp AND print_used_types AND jump_threading AND NOT instcombine,0,0.0,0.0,0.0,43
full,1024,128,gvn = 1 AND jump_threading = 1 AND licm = 1,iv_users AND licm AND jump_threading AND gvn,0,0.6666666666666666,1.0,0.5,44
random_2,20,2,gvn = 1 AND jump_threading = 1 AND licm = 1,jump_threading AND NOT iv_users AND sccp,0,0.8,0.6666666666666666,1.0,44
random_5,50,6,gvn = 1 AND jump_threading = 1 AND licm = 1,licm AND gvn AND NOT inline AND jump_threading,2,0.6666666666666666,1.0,0.5,44
random_10,100,8,gvn = 1 AND jump_threading = 1 AND licm = 1,instcombine AND NOT inline AND print_used_types,3,0.3333333333333332,0.3,0.375,44
random_20,200,26,gvn = 1 AND jump_threading = 1 AND licm = 1,gvn AND NOT ipsccp AND licm AND jump_threading,0,0.7000000000000001,1.0,0.5384615384615384,44
2-wise,11,3,gvn = 1 AND jump_threading = 1 AND licm = 1,NOT simplifycfg AND instcombine AND NOT iv_users AND gvn,0,0.8,1.0,0.6666666666666666,44
3-wise,27,2,gvn = 1 AND jump_threading = 1 AND licm = 1,NOT jump_threading AND instcombine AND print_used_types AND NOT ipsccp,0,0.0,0.0,0.0,44
4-wise,70,6,gvn = 1 AND jump_threading = 1 AND licm = 1,licm AND instcombine AND print_used_types AND jump_threading,0,0.3333333333333333,0.3333333333333333,0.3333333333333333,44
full,1024,128,ipsccp = 1 AND iv_users = 1 AND sccp = 1,ipsccp AND sccp AND iv_users,0,1.0,1.0,1.0,45
random_2,20,1,ipsccp = 1 AND iv_users = 1 AND sccp = 1,jump_threading AND ipsccp AND NOT licm AND iv_users,0,0.5,0.3333333333333333,1.0,45
random_5,50,3,ipsccp = 1 AND iv_users = 1 AND sccp = 1,iv_users AND ipsccp AND licm,1,0.6666666666666666,0.5,1.0,45
random_10,100,13,ipsccp = 1 AND iv_users = 1 AND sccp = 1,ipsccp AND sccp AND iv_users,0,1.0,1.0,1.0,45
random_20,200,22,ipsccp = 1 AND iv_users = 1 AND sccp = 1,iv_users AND sccp AND ipsccp,0,1.0,1.0,1.0,45
2-wise,12,1,ipsccp = 1 AND iv_users = 1 AND sccp = 1,sccp AND gvn AND instcombine,2,0.6666666666666666,0.5,1.0,45
3-wise,29,4,ipsccp = 1 AND iv_users = 1 AND sccp = 1,ipsccp AND licm AND jump_threading AND NOT gvn,1,0.6666666666666666,1.0,0.5,45
4-wise,63,7,ipsccp = 1 AND iv_users = 1 AND sccp = 1,NOT print_used_types AND ipsccp AND iv_users AND sccp,3,0.4444444444444445,1.0,0.2857142857142857,45
full,1024,128,jump_threading = 1 AND licm = 1 AND simplifycfg = 1,simplifycfg AND jump_threading AND licm,0,1.0,1.0,1.0,46
random_2,20,4,jump_threading = 1 AND licm = 1 AND simplifycfg = 1,licm AND inline AND NOT ipsccp,1,0.6666666666666666,1.0,0.5,46
random_5,50,6,jump_threading = 1 AND licm = 1 AND simplifycfg = 1,simplifycfg AND instcombine AND gvn AND jump_threading,2,0.6666666666666666,1.0,0.5,46
random_10,100,16,jump_threading = 1 AND licm = 1 AND simplifycfg = 1,simplifycfg AND print_used_types,4,0.4,0.3333333333333333,0.5,46
random_20,200,15,jump_threading = 1 AND licm = 1 AND simplifycfg = 1,NOT gvn AND licm AND jump_threading AND simplifycfg,0,0.7499999999999999,1.0,0.6,46
2-wise,11,2,jump_threading = 1 AND licm = 1 AND simplifycfg = 1,jump_threading AND simplifycfg AND licm,1,1.0,1.0,1.0,46
3-wise,30,4,jump_threading = 1 AND licm = 1 AND simplifycfg = 1,iv_users AND simplifycfg AND sccp AND NOT instcombine,2,0.5714285714285715,0.6666666666666666,0.5,46
4-wise,64,7,jump_threading = 1 AND licm = 1 AND simplifycfg = 1,sccp,2,0.2,0.1212121212121212,0.5714285714285714,46
full,1024,128,ipsccp = 1 AND sccp = 1 AND simplifycfg = 1,NOT inline AND NOT iv_users AND simplifycfg,2,0.25,0.25,0.25,47
random_2,20,3,ipsccp = 1 AND sccp = 1 AND simplifycfg = 1,NOT instcombine AND NOT jump_threading AND simplifycfg,3,0.4,0.5,0.3333333333333333,47
random_5,50,7,ipsccp = 1 AND sccp = 1 AND simplifycfg = 1,simplifycfg AND ipsccp AND NOT gvn AND sccp,3,0.7272727272727273,1.0,0.5714285714285714,47
random_10,100,12,ipsccp = 1 AND sccp = 1 AND simplifycfg = 1,sccp,3,0.3529411764705882,0.2142857142857142,1.0,47
random_20,200,25,ipsccp = 1 AND sccp = 1 AND simplifycfg = 1,jump_threading,2,0.2,0.1238095238095238,0.52,47
3-wise,29,2,ipsccp = 1 AND sccp = 1 AND simplifycfg = 1,NOT iv_users AND NOT ipsccp AND NOT jump_threading AND simplifycfg,0,0.0,0.0,0.0,47
4-wise,68,10,ipsccp = 1 AND sccp = 1 AND simplifycfg = 1,simplifycfg AND NOT inline,4,0.3478260869565217,0.3076923076923077,0.4,47
full,1024,128,gvn = 1 AND iv_users = 1 AND sccp = 1,gvn AND sccp AND iv_users,0,1.0,1.0,1.0,48
random_2,20,2,gvn = 1 AND iv_users = 1 AND sccp = 1,simplifycfg AND NOT ipsccp AND iv_users,1,0.5,0.5,0.5,48
random_5,50,8,gvn = 1 AND iv_users = 1 AND sccp = 1,gvn AND iv_users AND sccp,0,1.0,1.0,1.0,48
random_10,100,12,gvn = 1 AND iv_users = 1 AND sccp = 1,iv_users AND NOT simplifycfg AND sccp,0,0.6153846153846153,0.5714285714285714,0.6666666666666666,48
random_20,200,30,gvn = 1 AND iv_users = 1 AND sccp = 1,iv_users AND gvn AND sccp,0,1.0,1.0,1.0,48
2-wise,12,1,gvn = 1 AND iv_users = 1 AND sccp = 1,gvn AND NOT jump_threading,3,0.6666666666666666,0.5,1.0,48
3-wise,31,5,gvn = 1 AND iv_users = 1 AND sccp = 1,print_used_types AND NOT sccp AND NOT iv_users AND NOT licm,0,0.0,0.0,0.0,48
4-wise,62,6,gvn = 1 AND iv_users = 1 AND sccp = 1,iv_users AND print_used_types AND gvn AND NOT simplifycfg,4,0.3636363636363636,0.4,0.3333333333333333,48
full,1024,128,gvn = 1 AND iv_users = 1 AND sccp = 1,gvn AND sccp AND iv_users,0,1.0,1.0,1.0,49
random_2,20,3,gvn = 1 AND iv_users = 1 AND sccp = 1,iv_users AND sccp,1,1.0,1.0,1.0,49
random_5,50,2,gvn = 1 AND iv_users = 1 AND sccp = 1,gvn AND instcombine AND licm AND print_used_types,1,0.4,0.3333333333333333,0.5,49
random_10,100,11,gvn = 1 AND iv_users = 1 AND sccp = 1,gvn AND iv_users AND sccp,0,1.0,1.0,1.0,49
random_20,200,28,gvn = 1 AND iv_users = 1 AND sccp = 1,sccp AND gvn AND iv_users,0,1.0,1.0,1.0,49
3-wise,27,4,gvn = 1 AND iv_users = 1 AND sccp = 1,iv_users AND NOT inline AND jump_threading,3,0.75,0.75,0.75,49
4-wise,67,10,gvn = 1 AND iv_users = 1 AND sccp = 1,iv_users AND sccp AND gvn,0,1.0,1.0,1.0,49
full,1024,128,gvn = 1 AND instcombine = 1 AND sccp = 1,sccp AND gvn AND instcombine,0,1.0,1.0,1.0,4
random_2,20,5,gvn = 1 AND instcombine = 1 AND sccp = 1,NOT simplifycfg AND licm AND instcombine AND gvn,0,0.7499999999999999,1.0,0.6,4
random_5,50,11,gvn = 1 AND instcombine = 1 AND sccp = 1,sccp AND instcombine AND gvn,0,1.0,1.0,1.0,4
random_10,100,17,gvn = 1 AND instcombine = 1 AND sccp = 1,sccp AND gvn AND instcombine,0,1.0,1.0,1.0,4
random_20,200,27,gvn = 1 AND instcombine = 1 AND sccp = 1,sccp AND instcombine AND gvn,0,1.0,1.0,1.0,4
2-wise,12,1,gvn = 1 AND instcombine = 1 AND sccp = 1,NOT licm AND sccp,3,0.5,0.3333333333333333,1.0,4
3-wise,31,4,gvn = 1 AND instcombine = 1 AND sccp = 1,NOT ipsccp AND NOT print_used_types AND sccp AND inline,0,0.6666666666666666,1.0,0.5,4
4-wise,60,9,gvn = 1 AND instcombine = 1 AND sccp = 1,gvn AND inline,2,0.4347826086956521,0.3571428571428571,0.5555555555555556,4
full,1024,128,inline = 1 AND ipsccp = 1 AND jump_threading = 1,jump_threading AND ipsccp AND inline,0,1.0,1.0,1.0,50
random_2,20,5,inline = 1 AND ipsccp = 1 AND jump_threading = 1,gvn AND NOT iv_users AND licm AND jump_threading,1,0.7499999999999999,1.0,0.6,50
random_5,50,7,inline = 1 AND ipsccp = 1 AND jump_threading = 1,gvn AND NOT instcombine AND ipsccp AND jump_threading,1,0.4,0.6666666666666666,0.2857142857142857,50
random_10,100,11,inline = 1 AND ipsccp = 1 AND jump_threading = 1,NOT sccp AND ipsccp AND NOT gvn,0,0.32,0.2857142857142857,0.3636363636363636,50
random_20,200,26,inline = 1 AND ipsccp = 1 AND jump_threading = 1,jump_threading AND inline AND ipsccp,0,1.0,1.0,1.0,50
2-wise,11,2,inline = 1 AND ipsccp = 1 AND jump_threading = 1,sccp AND inline,4,0.5,0.5,0.5,50
3-wise,30,6,inline = 1 AND ipsccp = 1 AND jump_threading = 1,ipsccp AND jump_threading AND inline,1,1.0,1.0,1.0,50
4-wise,61,6,inline = 1 AND ipsccp = 1 AND jump_threading = 1,print_used_types AND simplifycfg AND jump_threading AND ipsccp,1,0.6,0.75,0.5,50
full,1024,128,instcombine = 1 AND iv_users = 1 AND jump_threading = 1,iv_users AND jump_threading AND instcombine,0,1.0,1.0,1.0,51
random_2,20,3,instcombine = 1 AND iv_users = 1 AND jump_threading = 1,NOT simplifycfg AND NOT licm,4,0.3333333333333333,0.3333333333333333,0.3333333333333333,51
random_5,50,9,instcombine = 1 AND iv_users = 1 AND jump_threading = 1,NOT gvn AND instcombine AND iv_users,2,0.6666666666666667,0.8333333333333334,0.5555555555555556,51
random_10,100,18,instcombine = 1 AND iv_users = 1 AND jump_threading = 1,licm AND jump_threading AND gvn AND instcombine,0,0.5384615384615385,0.875,0.3888888888888889,51
random_20,200,25,instcombine = 1 AND iv_users = 1 AND jump_threading = 1,iv_users AND jump_threading,2,0.6097560975609756,0.4385964912280701,1.0,51
2-wise,14,2,instcombine = 1 AND iv_users = 1 AND jump_threading = 1,print_used_types AND NOT simplifycfg AND ipsccp AND sccp,1,1.0,1.0,1.0,51
3-wise,28,1,instcombine = 1 AND iv_users = 1 AND jump_threading = 1,NOT print_used_types AND simplifycfg AND iv_users AND jump_threading,4,0.6666666666666666,0.5,1.0,51
4-wise,64,9,instcombine = 1 AND iv_users = 1 AND jump_threading = 1,ipsccp AND simplifycfg AND iv_users AND instcombine,0,0.3076923076923076,0.5,0.2222222222222222,51
full,1024,128,iv_users = 1 AND print_used_types = 1 AND sccp = 1,sccp AND print_used_types AND iv_users,0,1.0,1.0,1.0,52
random_2,20,4,iv_users = 1 AND print_used_types = 1 AND sccp = 1,sccp AND inline AND ipsccp,0,0.6666666666666666,1.0,0.5,52
random_5,50,7,iv_users = 1 AND print_used_types = 1 AND sccp = 1,gvn AND instcombine AND NOT ipsccp,2,0.3999999999999999,0.375,0.4285714285714285,52
random_10,100,15,iv_users = 1 AND print_used_types = 1 AND sccp = 1,iv_users AND sccp AND print_used_types,0,1.0,1.0,1.0,52
random_20,200,21,iv_users = 1 AND print_used_types = 1 AND sccp = 1,sccp AND iv_users AND print_used_types,0,1.0,1.0,1.0,52
2-wise,12,1,iv_users = 1 AND print_used_types = 1 AND sccp = 1,simplifycfg AND gvn AND iv_users,4,0.5,0.3333333333333333,1.0,52
3-wise,29,1,iv_users = 1 AND print_used_types = 1 AND sccp = 1,NOT licm AND iv_users AND sccp AND ipsccp,0,0.6666666666666666,0.5,1.0,52
4-wise,61,7,iv_users = 1 AND print_used_types = 1 AND sccp = 1,licm AND NOT instcombine AND iv_users AND sccp,3,0.5454545454545454,0.75,0.4285714285714285,52
full,1024,128,gvn = 1 AND inline = 1 AND instcombine = 1,gvn AND inline AND instcombine,0,1.0,1.0,1.0,53
random_2,20,1,gvn = 1 AND inline = 1 AND instcombine = 1,NOT jump_threading AND NOT simplifycfg AND licm AND NOT instcombine,0,0.0,0.0,0.0,53
random_5,50,2,gvn = 1 AND inline = 1 AND instcombine = 1,instcombine AND sccp AND NOT iv_users AND NOT jump_threading,3,0.3333333333333333,0.25,0.5,53
random_10,100,14,gvn = 1 AND inline = 1 AND instcombine = 1,iv_users AND instcombine AND jump_threading AND gvn,0,0.3529411764705882,1.0,0.2142857142857142,53
random_20,200,25,gvn = 1 AND inline = 1 AND instcombine = 1,NOT iv_users,1,0.2123893805309734,0.1363636363636363,0.48,53
2-wise,12,1,gvn = 1 AND inline = 1 AND instcombine = 1,NOT ipsccp AND NOT jump_threading AND NOT sccp,4,0.5,0.3333333333333333,1.0,53
3-wise,28,4,gvn = 1 AND inline = 1 AND instcombine = 1,NOT instcombine AND NOT inline AND gvn AND iv_users,0,0.0,0.0,0.0,53
4-wise,64,11,gvn = 1 AND inline = 1 AND instcombine = 1,gvn AND sccp AND instcombine AND NOT ipsccp,1,0.2857142857142857,0.6666666666666666,0.1818181818181818,53
full,1024,128,ipsccp = 1 AND jump_threading = 1 AND print_used_types = 1,instcombine AND ipsccp AND print_used_types,3,0.5,0.5,0.5,54
random_2,20,1,ipsccp = 1 AND jump_threading = 1 AND print_used_types = 1,licm AND NOT iv_users,4,0.6666666666666666,0.5,1.0,54
random_5,50,5,ipsccp = 1 AND jump_threading = 1 AND print_used_types = 1,NOT print_used_types AND gvn AND jump_threading AND inline,0,0.0,0.0,0.0,54
random_10,100,16,ipsccp = 1 AND jump_threading = 1 AND print_used_types = 1,NOT instcombine AND NOT licm AND jump_threading,4,0.4516129032258064,0.4666666666666667,0.4375,54
random_20,200,30,ipsccp = 1 AND jump_threading = 1 AND print_used_types = 1,print_used_types AND jump_threading,1,0.6521739130434783,0.4838709677419355,1.0,54
2-wise,13,2,ipsccp = 1 AND jump_threading = 1 AND print_used_types = 1,NOT iv_users AND simplifycfg AND NOT instcombine AND jump_threading,0,1.0,1.0,1.0,54
3-wise,29,5,ipsccp = 1 AND jump_threading = 1 AND print_used_types = 1,jump_threading AND ipsccp AND print_used_types,3,1.0,1.0,1.0,54
4-wise,66,12,ipsccp = 1 AND jump_threading = 1 AND print_used_types = 1,NOT instcombine AND jump_threading AND iv_users AND ipsccp,2,0.5882352941176471,1.0,0.4166666666666667,54
full,1024,128,instcombine = 1 AND ipsccp = 1 AND print_used_types = 1,print_used_types AND instcombine AND ipsccp,0,1.0,1.0,1.0,55
random_2,20,2,instcombine = 1 AND ipsccp = 1 AND print_used_types = 1,gvn AND simplifycfg AND instcombine,0,0.0,0.0,0.0,55
random_5,50,7,instcombine = 1 AND ipsccp = 1 AND print_used_types = 1,ipsccp AND jump_threading AND NOT inline AND simplifycfg,4,0.2222222222222222,0.5,0.1428571428571428,55
random_10,100,11,instcombine = 1 AND ipsccp = 1 AND print_used_types = 1,print_used_types AND sccp AND NOT licm AND NOT simplifycfg,1,0.3333333333333332,0.4285714285714285,0.2727272727272727,55
random_20,200,37,instcombine = 1 AND ipsccp = 1 AND print_used_types = 1,ipsccp AND instcombine AND print_used_types,0,1.0,1.0,1.0,55
2-wise,13,2,instcombine = 1 AND ipsccp = 1 AND print_used_types = 1,inline AND simplifycfg,0,0.5,0.5,0.5,55
3-wise,31,3,instcombine = 1 AND ipsccp = 1 AND print_used_types = 1,NOT gvn AND print_used_types AND NOT simplifycfg AND licm,0,0.4,0.5,0.3333333333333333,55
4-wise,69,8,instcombine = 1 AND ipsccp = 1 AND print_used_types = 1,NOT licm AND instcombine,2,0.5185185185185185,0.3684210526315789,0.875,55
full,1024,128,gvn = 1 AND inline = 1 AND sccp = 1,sccp AND gvn AND inline,0,1.0,1.0,1.0,56
random_2,20,2,gvn = 1 AND inline = 1 AND sccp = 1,NOT ipsccp AND licm AND NOT print_used_types,1,0.5,0.5,0.5,56
random_5,50,7,gvn = 1 AND inline = 1 AND sccp = 1,jump_threading AND simplifycfg AND NOT inline AND iv_users,0,0.0,0.0,0.0,56
random_10,100,12,gvn = 1 AND inline = 1 AND sccp = 1,NOT licm AND gvn AND iv_users AND inline,2,0.4761904761904762,0.5555555555555556,0.4166666666666667,56
random_20,200,22,gvn = 1 AND inline = 1 AND sccp = 1,inline AND sccp AND gvn,0,1.0,1.0,1.0,56
2-wise,10,1,gvn = 1 AND inline = 1 AND sccp = 1,print_used_types AND simplifycfg AND jump_threading,2,0.6666666666666666,0.5,1.0,56
3-wise,28,4,gvn = 1 AND inline = 1 AND sccp = 1,sccp AND jump_threading AND iv_users AND inline,3,0.3333333333333333,0.5,0.25,56
4-wise,61,8,gvn = 1 AND inline = 1 AND sccp = 1,sccp AND inline AND jump_threading AND gvn,0,0.6666666666666666,1.0,0.5,56
full,1024,128,gvn = 1 AND sccp = 1 AND simplifycfg = 1,sccp AND gvn AND simplifycfg,0,1.0,1.0,1.0,57
random_2,20,2,gvn = 1 AND sccp = 1 AND simplifycfg = 1,simplifycfg AND ipsccp AND sccp AND iv_users,2,1.0,1.0,1.0,57
random_5,50,9,gvn = 1 AND sccp = 1 AND simplifycfg = 1,jump_threading AND simplifycfg AND licm AND iv_users,4,0.2666666666666666,0.3333333333333333,0.2222222222222222,57
random_10,100,14,gvn = 1 AND sccp = 1 AND simplifycfg = 1,iv_users AND sccp AND instcombine AND simplifycfg,0,0.5217391304347826,0.6666666666666666,0.4285714285714285,57
random_20,200,29,gvn = 1 AND sccp = 1 AND simplifycfg = 1,inline AND instcombine,1,0.3076923076923077,0.2448979591836734,0.4137931034482758,57
3-wise,30,5,gvn = 1 AND sccp = 1 AND simplifycfg = 1,NOT inline AND jump_threading AND gvn,4,0.2222222222222222,0.25,0.2,57
4-wise,62,7,gvn = 1 AND sccp = 1 AND simplifycfg = 1,NOT ipsccp AND licm AND print_used_types,3,0.2352941176470588,0.2,0.2857142857142857,57
full,1024,128,instcombine = 1 AND iv_users = 1 AND simplifycfg = 1,instcombine AND iv_users AND simplifycfg,0,1.0,1.0,1.0,58
random_2,20,4,instcombine = 1 AND iv_users = 1 AND simplifycfg = 1,instcombine AND iv_users AND NOT print_used_types AND NOT gvn,0,0.888888888888889,0.8,1.0,58
random_5,50,5,instcombine = 1 AND iv_users = 1 AND simplifycfg = 1,NOT ipsccp AND print_used_types AND simplifycfg AND NOT jump_threading,2,0.4000000000000001,0.4,0.4,58
random_10,100,11,instcombine = 1 AND iv_users = 1 AND simplifycfg = 1,instcombine AND NOT jump_threading AND iv_users,1,0.5454545454545454,0.5454545454545454,0.5454545454545454,58
random_20,200,19,instcombine = 1 AND iv_users = 1 AND simplifycfg = 1,NOT sccp AND iv_users AND simplifycfg AND instcombine,0,0.5925925925925926,1.0,0.4210526315789473,58
2-wise,12,3,instcombine = 1 AND iv_users = 1 AND simplifycfg = 1,NOT gvn AND NOT print_used_types,1,0.8,1.0,0.6666666666666666,58
3-wise,32,4,instcombine = 1 AND iv_users = 1 AND simplifycfg = 1,ipsccp AND inline AND licm AND iv_users,0,0.3333333333333333,0.5,0.25,58
4-wise,65,6,instcombine = 1 AND iv_users = 1 AND simplifycfg = 1,simplifycfg AND iv_users AND instcombine,0,1.0,1.0,1.0,58
full,1024,128,iv_users = 1 AND licm = 1 AND print_used_types = 1,iv_users AND print_used_types AND licm,0,1.0,1.0,1.0,59
random_2,20,3,iv_users = 1 AND licm = 1 AND print_used_types = 1,inline AND iv_users AND print_used_types,3,0.8,1.0,0.6666666666666666,59
random_5,50,5,iv_users = 1 AND licm = 1 AND print_used_types = 1,iv_users AND inline AND NOT ipsccp AND licm,1,0.6666666666666665,0.75,0.6,59
random_10,100,18,iv_users = 1 AND licm = 1 AND print_used_types = 1,print_used_types AND iv_users AND licm,0,1.0,1.0,1.0,59
random_20,200,29,iv_users = 1 AND licm = 1 AND print_used_types = 1,print_used_types AND iv_users AND licm,0,1.0,1.0,1.0,59
2-wise,12,1,iv_users = 1 AND licm = 1 AND print_used_types = 1,inline AND ipsccp AND NOT sccp,1,0.6666666666666666,0.5,1.0,59
3-wise,29,3,iv_users = 1 AND licm = 1 AND print_used_types = 1,ipsccp AND gvn AND print_used_types AND sccp,3,0.8,1.0,0.6666666666666666,59
4-wise,68,9,iv_users = 1 AND licm = 1 AND print_used_types = 1,gvn AND ipsccp AND print_used_types AND iv_users,0,0.7142857142857143,1.0,0.5555555555555556,59
full,1024,128,instcombine = 1 AND iv_users = 1 AND licm = 1,licm AND NOT gvn AND instcombine,4,0.5,0.5,0.5,5
random_2,20,2,instcombine = 1 AND iv_users = 1 AND licm = 1,NOT sccp AND print_used_types AND iv_users,2,0.6666666666666666,0.5,1.0,5
random_5,50,8,instcombine = 1 AND iv_users = 1 AND licm = 1,iv_users AND simplifycfg AND sccp AND NOT inline,4,0.1428571428571428,0.1666666666666666,0.125,5
random_10,100,15,instcombine = 1 AND iv_users = 1 AND licm = 1,ipsccp AND instcombine,2,0.4285714285714285,0.3333333333333333,0.6,5
random_20,200,32,instcombine = 1 AND iv_users = 1 AND licm = 1,licm AND gvn AND instcombine,0,0.5172413793103449,0.5769230769230769,0.46875,5
2-wise,12,1,instcombine = 1 AND iv_users = 1 AND licm = 1,iv_users AND gvn AND NOT jump_threading,1,0.6666666666666666,0.5,1.0,5
3-wise,24,3,instcombine = 1 AND iv_users = 1 AND licm = 1,iv_users AND print_used_types AND licm AND instcombine,1,1.0,1.0,1.0,5
4-wise,65,11,instcombine = 1 AND iv_users = 1 AND licm = 1,instcombine AND NOT inline AND jump_threading AND licm,4,0.3999999999999999,0.75,0.2727272727272727,5
full,1024,128,gvn = 1 AND iv_users = 1 AND jump_threading = 1,iv_users AND gvn AND jump_threading,0,1.0,1.0,1.0,60
random_5,50,5,gvn = 1 AND iv_users = 1 AND jump_threading = 1,ipsccp AND gvn AND iv_users AND jump_threading,0,0.7499999999999999,1.0,0.6,60
random_10,100,13,gvn = 1 AND iv_users = 1 AND jump_threading = 1,gvn AND iv_users AND jump_threading,0,1.0,1.0,1.0,60
random_20,200,23,gvn = 1 AND iv_users = 1 AND jump_threading = 1,iv_users AND gvn AND jump_threading,0,1.0,1.0,1.0,60
2-wise,13,4,gvn = 1 AND iv_users = 1 AND jump_threading = 1,gvn AND jump_threading,0,1.0,1.0,1.0,60
3-wise,31,2,gvn = 1 AND iv_users = 1 AND jump_threading = 1,inline AND NOT print_used_types AND iv_users,3,0.5,0.5,0.5,60
4-wise,58,5,gvn = 1 AND iv_users = 1 AND jump_threading = 1,gvn AND NOT ipsccp AND NOT sccp AND instcombine,0,0.4000000000000001,0.4,0.4,60
full,1024,128,licm = 1 AND print_used_types = 1 AND sccp = 1,NOT ipsccp,0,0.2,0.125,0.5,61
random_2,20,2,licm = 1 AND print_used_types = 1 AND sccp = 1,instcombine AND licm AND jump_threading,3,0.8,0.6666666666666666,1.0,61
random_5,50,8,licm = 1 AND print_used_types = 1 AND sccp = 1,sccp,3,0.4444444444444445,0.2857142857142857,1.0,61
random_10,100,12,licm = 1 AND print_used_types = 1 AND sccp = 1,NOT ipsccp,3,0.25,0.1590909090909091,0.5833333333333334,61
random_20,200,32,licm = 1 AND print_used_types = 1 AND sccp = 1,ipsccp AND NOT inline,2,0.247191011235955,0.1929824561403508,0.34375,61
2-wise,12,3,licm = 1 AND print_used_types = 1 AND sccp = 1,NOT simplifycfg AND NOT inline AND NOT gvn,4,0.8,1.0,0.6666666666666666,61
3-wise,29,5,licm = 1 AND print_used_types = 1 AND sccp = 1,print_used_types AND sccp AND iv_users,4,0.6,0.6,0.6,61
4-wise,67,11,licm = 1 AND print_used_types = 1 AND sccp = 1,jump_threading AND iv_users AND print_used_types AND sccp,2,0.3749999999999999,0.6,0.2727272727272727,61
full,1024,128,inline = 1 AND licm = 1 AND simplifycfg = 1,licm AND inline AND simplifycfg,0,1.0,1.0,1.0,62
random_2,20,4,inline = 1 AND licm = 1 AND simplifycfg = 1,ipsccp AND NOT sccp AND NOT print_used_types AND instcombine,2,0.6666666666666666,1.0,0.5,62
random_5,50,4,inline = 1 AND licm = 1 AND simplifycfg = 1,NOT print_used_types AND NOT inline AND NOT instcombine AND ipsccp,0,0.0,0.0,0.0,62
random_10,100,14,inline = 1 AND licm = 1 AND simplifycfg = 1,NOT print_used_types AND licm AND NOT sccp,2,0.3333333333333333,0.4,0.2857142857142857,62
random_20,200,30,inline = 1 AND licm = 1 AND simplifycfg = 1,inline AND sccp AND licm AND simplifycfg,0,0.7234042553191489,1.0,0.5666666666666667,62
2-wise,11,2,inline = 1 AND licm = 1 AND simplifycfg = 1,NOT sccp AND NOT iv_users AND licm,1,0.5,0.5,0.5,62
3-wise,27,2,inline = 1 AND licm = 1 AND simplifycfg = 1,gvn AND licm AND print_used_types AND simplifycfg,2,1.0,1.0,1.0,62
4-wise,63,7,inline = 1 AND licm = 1 AND simplifycfg = 1,NOT print_used_types AND NOT sccp AND NOT jump_threading AND inline,1,0.6,1.0,0.4285714285714285,62
full,1024,128,instcombine = 1 AND ipsccp = 1 AND print_used_types = 1,instcombine AND print_used_types AND ipsccp,0,1.0,1.0,1.0,63
random_2,20,3,instcombine = 1 AND ipsccp = 1 AND print_used_types = 1,NOT licm AND simplifycfg AND ipsccp AND instcombine,1,0.8,1.0,0.6666666666666666,63
random_5,50,10,instcombine = 1 AND ipsccp = 1 AND print_used_types = 1,NOT licm AND instcombine AND print_used_types AND ipsccp,2,0.6666666666666666,1.0,0.5,63
random_10,100,17,instcombine = 1 AND ipsccp = 1 AND print_used_types = 1,ipsccp AND print_used_types,1,0.8292682926829268,0.7083333333333334,1.0,63
random_20,200,25,instcombine = 1 AND ipsccp = 1 AND print_used_types = 1,ipsccp AND NOT iv_users AND print_used_types AND instcombine,0,0.6111111111111112,1.0,0.44,63
2-wise,14,4,instcombine = 1 AND ipsccp = 1 AND print_used_types = 1,instcombine AND jump_threading,4,0.6666666666666665,0.6,0.75,63
3-wise,32,3,instcombine = 1 AND ipsccp = 1 AND print_used_types = 1,ipsccp AND NOT jump_threading AND NOT licm AND instcombine,1,0.6666666666666666,0.6666666666666666,0.6666666666666666,63
4-wise,63,9,instcombine = 1 AND ipsccp = 1 AND print_used_types = 1,ipsccp AND NOT inline AND print_used_types AND instcombine,0,0.5,1.0,0.3333333333333333,63
full,1024,128,inline = 1 AND iv_users = 1 AND simplifycfg = 1,simplifycfg AND inline AND iv_users,0,1.0,1.0,1.0,64
random_2,20,3,inline = 1 AND iv_users = 1 AND simplifycfg = 1,simplifycfg AND iv_users,0,0.6666666666666666,0.5,1.0,64
random_5,50,8,inline = 1 AND iv_users = 1 AND simplifycfg = 1,inline AND iv_users AND simplifycfg,1,1.0,1.0,1.0,64
random_10,100,9,inline = 1 AND iv_users = 1 AND simplifycfg = 1,simplifycfg AND NOT sccp AND iv_users AND inline,0,0.7142857142857143,1.0,0.5555555555555556,64
random_20,200,26,inline = 1 AND iv_users = 1 AND simplifycfg = 1,instcombine AND simplifycfg AND iv_users AND inline,0,0.631578947368421,1.0,0.4615384615384615,64
2-wise,14,1,inline = 1 AND iv_users = 1 AND simplifycfg = 1,iv_users AND NOT licm AND NOT jump_threading,3,0.5,0.3333333333333333,1.0,64
3-wise,30,4,inline = 1 AND iv_users = 1 AND simplifycfg = 1,iv_users AND ipsccp AND NOT gvn AND instcombine,2,0.2857142857142857,0.3333333333333333,0.25,64
4-wise,65,9,inline = 1 AND iv_users = 1 AND simplifycfg = 1,licm AND NOT sccp AND iv_users AND inline,0,0.4615384615384615,0.75,0.3333333333333333,64
full,1024,128,instcombine = 1 AND licm = 1 AND sccp = 1,licm AND instcombine AND sccp,0,1.0,1.0,1.0,65
random_2,20,1,instcombine = 1 AND licm = 1 AND sccp = 1,licm AND simplifycfg AND NOT sccp,0,0.0,0.0,0.0,65
random_5,50,8,instcombine = 1 AND licm = 1 AND sccp = 1,ipsccp AND licm AND sccp AND instcombine,2,0.7692307692307693,1.0,0.625,65
random_10,100,12,instcombine = 1 AND licm = 1 AND sccp = 1,instcombine AND licm,1,0.631578947368421,0.4615384615384615,1.0,65
random_20,200,30,instcombine = 1 AND licm = 1 AND sccp = 1,jump_threading,1,0.2314049586776859,0.1538461538461538,0.4666666666666667,65
2-wise,12,2,instcombine = 1 AND licm = 1 AND sccp = 1,NOT jump_threading AND ipsccp,2,0.8,0.6666666666666666,1.0,65
3-wise,27,2,instcombine = 1 AND licm = 1 AND sccp = 1,sccp AND NOT ipsccp AND NOT gvn,3,0.3333333333333333,0.25,0.5,65
4-wise,62,9,instcombine = 1 AND licm = 1 AND sccp = 1,licm AND iv_users AND instcombine AND sccp,0,0.8,1.0,0.6666666666666666,65
full,1024,128,inline = 1 AND ipsccp = 1 AND iv_users = 1,inline AND ipsccp AND iv_users,0,1.0,1.0,1.0,66
random_2,20,3,inline = 1 AND ipsccp = 1 AND iv_users = 1,print_used_types AND jump_threading AND inline AND iv_users,2,0.3333333333333333,0.3333333333333333,0.3333333333333333,66
random_5,50,3,inline = 1 AND ipsccp = 1 AND iv_users = 1,simplifycfg AND jump_threading AND NOT print_used_types AND instcombine,2,0.3333333333333333,0.3333333333333333,0.3333333333333333,66
random_10,100,8,inline = 1 AND ipsccp = 1 AND iv_users = 1,NOT print_used_types AND instcombine AND NOT jump_threading AND simplifycfg,2,0.2,0.5,0.125,66
random_20,200,33,inline = 1 AND ipsccp = 1 AND iv_users = 1,licm AND inline,2,0.3469387755102041,0.2615384615384615,0.5151515151515151,66
2-wise,10,1,inline = 1 AND ipsccp = 1 AND iv_users = 1,NOT print_used_types AND licm AND NOT jump_threading,0,0.6666666666666666,0.5,1.0,66
3-wise,28,2,inline = 1 AND ipsccp = 1 AND iv_users = 1,sccp AND iv_users AND jump_threading AND simplifycfg,4,0.5,0.5,0.5,66
4-wise,73,10,inline = 1 AND ipsccp = 1 AND iv_users = 1,ipsccp AND simplifycfg AND gvn AND inline,1,0.2857142857142857,0.5,0.2,66
full,1024,128,licm = 1 AND print_used_types = 1 AND simplifycfg = 1,licm AND print_used_types AND simplifycfg,0,1.0,1.0,1.0,67
random_2,20,2,licm = 1 AND print_used_types = 1 AND simplifycfg = 1,print_used_types AND ipsccp AND NOT jump_threading,2,0.4,0.3333333333333333,0.5,67
random_5,50,6,licm = 1 AND print_used_types = 1 AND simplifycfg = 1,simplifycfg AND jump_threading AND NOT sccp AND licm,3,0.4444444444444444,0.6666666666666666,0.3333333333333333,67
random_10,100,11,licm = 1 AND print_used_types = 1 AND simplifycfg = 1,print_used_types AND NOT iv_users AND licm AND simplifycfg,0,0.8421052631578948,1.0,0.7272727272727273,67
random_20,200,27,licm = 1 AND print_used_types = 1 AND simplifycfg = 1,simplifycfg AND licm,1,0.72,0.5625,1.0,67
2-wise,14,2,licm = 1 AND print_used_types = 1 AND simplifycfg = 1,NOT iv_users AND NOT sccp AND jump_threading AND print_used_types,1,0.8,0.6666666666666666,1.0,67
3-wise,27,3,licm = 1 AND print_used_types = 1 AND simplifycfg = 1,NOT sccp AND iv_users AND inline AND NOT jump_threading,4,0.4,0.5,0.3333333333333333,67
4-wise,59,8,licm = 1 AND print_used_types = 1 AND simplifycfg = 1,print_used_types AND simplifycfg,1,0.6399999999999999,0.4705882352941176,1.0,67
full,1024,128,gvn = 1 AND licm = 1 AND sccp = 1,sccp AND licm AND gvn,0,1.0,1.0,1.0,68
random_2,20,1,gvn = 1 AND licm = 1 AND sccp = 1,NOT licm AND NOT sccp AND NOT print_used_types AND simplifycfg,0,0.0,0.0,0.0,68
random_5,50,6,gvn = 1 AND licm = 1 AND sccp = 1,NOT iv_users AND NOT print_used_types AND inline AND gvn,4,0.6,0.75,0.5,68
random_10,100,10,gvn = 1 AND licm = 1 AND sccp = 1,licm,4,0.3389830508474576,0.2040816326530612,1.0,68
random_20,200,27,gvn = 1 AND licm = 1 AND sccp = 1,NOT jump_threading,0,0.2272727272727272,0.1428571428571428,0.5555555555555556,68
3-wise,28,3,gvn = 1 AND licm = 1 AND sccp = 1,NOT sccp AND inline AND NOT instcombine AND NOT simplifycfg,0,0.0,0.0,0.0,68
4-wise,66,9,gvn = 1 AND licm = 1 AND sccp = 1,NOT jump_threading,3,0.2790697674418604,0.1764705882352941,0.6666666666666666,68
full,1024,128,gvn = 1 AND instcombine = 1 AND ipsccp = 1,gvn AND instcombine AND ipsccp,0,1.0,1.0,1.0,69
random_2,20,3,gvn = 1 AND instcombine = 1 AND ipsccp = 1,ipsccp AND NOT sccp AND iv_users AND instcombine,3,0.8,1.0,0.6666666666666666,69
random_5,50,5,gvn = 1 AND instcombine = 1 AND ipsccp = 1,simplifycfg AND NOT iv_users AND instcombine AND NOT inline,0,0.4444444444444445,0.5,0.4,69
random_10,100,17,gvn = 1 AND instcombine = 1 AND ipsccp = 1,instcombine AND ipsccp AND gvn,0,1.0,1.0,1.0,69
random_20,200,29,gvn = 1 AND instcombine = 1 AND ipsccp = 1,ipsccp AND instcombine AND gvn,0,1.0,1.0,1.0,69
2-wise,11,1,gvn = 1 AND instcombine = 1 AND ipsccp = 1,NOT simplifycfg AND NOT print_used_types,1,0.6666666666666666,0.5,1.0,69
3-wise,28,2,gvn = 1 AND instcombine = 1 AND ipsccp = 1,NOT simplifycfg AND licm AND iv_users,4,0.4,0.3333333333333333,0.5,69
4-wise,62,5,gvn = 1 AND instcombine = 1 AND ipsccp = 1,inline AND ipsccp AND NOT sccp AND gvn,2,0.5,0.6666666666666666,0.4,69
full,1024,128,licm = 1 AND sccp = 1 AND simplifycfg = 1,licm AND sccp AND jump_threading AND simplifycfg,0,0.6666666666666666,1.0,0.5,6
random_2,20,1,licm = 1 AND sccp = 1 AND simplifycfg = 1,NOT iv_users AND inline AND instcombine AND licm,0,0.0,0.0,0.0,6
random_5,50,7,licm = 1 AND sccp = 1 AND simplifycfg = 1,gvn AND NOT jump_threading AND NOT iv_users AND licm,1,0.4,0.6666666666666666,0.2857142857142857,6
random_10,100,14,licm = 1 AND sccp = 1 AND simplifycfg = 1,instcombine AND licm AND sccp AND simplifycfg,0,0.8333333333333333,1.0,0.7142857142857143,6
random_20,200,31,licm = 1 AND sccp = 1 AND simplifycfg = 1,NOT instcombine AND licm,4,0.4337349397590361,0.3461538461538461,0.5806451612903226,6
3-wise,29,4,licm = 1 AND sccp = 1 AND simplifycfg = 1,print_used_types AND simplifycfg AND iv_users AND NOT inline,2,0.2857142857142857,0.3333333333333333,0.25,6
4-wise,65,8,licm = 1 AND sccp = 1 AND simplifycfg = 1,instcombine AND NOT jump_threading AND inline AND simplifycfg,1,0.3333333333333333,0.5,0.25,6
full,1024,128,inline = 1 AND print_used_types = 1 AND sccp = 1,sccp AND inline AND print_used_types,0,1.0,1.0,1.0,70
random_2,20,1,inline = 1 AND print_used_types = 1 AND sccp = 1,simplifycfg AND NOT licm,3,0.3333333333333333,0.2,1.0,70
random_5,50,6,inline = 1 AND print_used_types = 1 AND sccp = 1,sccp AND NOT ipsccp AND instcombine AND print_used_types,3,0.8,1.0,0.6666666666666666,70
random_10,100,8,inline = 1 AND print_used_types = 1 AND sccp = 1,instcombine,2,0.1724137931034483,0.1,0.625,70
random_20,200,29,inline = 1 AND print_used_types = 1 AND sccp = 1,sccp AND NOT iv_users AND print_used_types AND inline,0,0.5499999999999999,1.0,0.3793103448275862,70
2-wise,12,1,inline = 1 AND print_used_types = 1 AND sccp = 1,NOT print_used_types AND inline AND licm AND gvn,0,0.0,0.0,0.0,70
3-wise,28,2,inline = 1 AND print_used_types = 1 AND sccp = 1,print_used_types AND NOT instcombine AND NOT simplifycfg AND gvn,0,0.0,0.0,0.0,70
4-wise,61,9,inline = 1 AND print_used_types = 1 AND sccp = 1,inline AND print_used_types AND sccp,1,1.0,1.0,1.0,70
full,1024,128,inline = 1 AND instcombine = 1 AND ipsccp = 1,instcombine AND inline AND ipsccp,0,1.0,1.0,1.0,71
random_2,20,3,inline = 1 AND instcombine = 1 AND ipsccp = 1,sccp AND instcombine AND NOT iv_users AND ipsccp,1,0.4,0.5,0.3333333333333333,71
random_5,50,7,inline = 1 AND instcombine = 1 AND ipsccp = 1,NOT iv_users AND instcombine AND NOT jump_threading,2,0.375,0.3333333333333333,0.4285714285714285,71
random_10,100,13,inline = 1 AND instcombine = 1 AND ipsccp = 1,gvn AND NOT jump_threading AND instcombine AND inline,4,0.4761904761904762,0.625,0.3846153846153846,71
random_20,200,29,inline = 1 AND instcombine = 1 AND ipsccp = 1,gvn AND instcombine,2,0.3902439024390244,0.3018867924528302,0.5517241379310345,71
2-wise,9,1,inline = 1 AND instcombine = 1 AND ipsccp = 1,simplifycfg AND NOT licm AND NOT gvn AND sccp,0,0.0,0.0,0.0,71
3-wise,30,5,inline = 1 AND instcombine = 1 AND ipsccp = 1,simplifycfg AND NOT jump_threading AND NOT print_used_types AND ipsccp,2,0.5714285714285715,1.0,0.4,71
4-wise,63,8,inline = 1 AND instcombine = 1 AND ipsccp = 1,NOT licm AND iv_users AND print_used_types,0,0.25,0.25,0.25,71
full,1024,128,iv_users = 1 AND sccp = 1 AND simplifycfg = 1,sccp AND simplifycfg AND iv_users,0,1.0,1.0,1.0,72
random_2,20,3,iv_users = 1 AND sccp = 1 AND simplifycfg = 1,sccp AND iv_users,3,0.7499999999999999,0.6,1.0,72
random_5,50,6,iv_users = 1 AND sccp = 1 AND simplifycfg = 1,iv_users AND NOT gvn AND simplifycfg,0,0.5714285714285715,0.5,0.6666666666666666,72
random_10,100,16,iv_users = 1 AND sccp = 1 AND simplifycfg = 1,iv_users AND simplifycfg AND sccp,0,1.0,1.0,1.0,72
random_20,200,27,iv_users = 1 AND sccp = 1 AND simplifycfg = 1,simplifycfg AND iv_users AND sccp,0,1.0,1.0,1.0,72
3-wise,29,4,iv_users = 1 AND sccp = 1 AND simplifycfg = 1,iv_users AND jump_threading AND simplifycfg AND NOT print_used_types,1,0.6666666666666666,1.0,0.5,72
4-wise,67,12,iv_users = 1 AND sccp = 1 AND simplifycfg = 1,simplifycfg AND iv_users AND sccp,0,1.0,1.0,1.0,72
full,1024,128,iv_users = 1 AND licm = 1 AND sccp = 1,licm AND iv_users AND sccp,0,1.0,1.0,1.0,73
random_2,20,1,iv_users = 1 AND licm = 1 AND sccp = 1,sccp AND jump_threading AND simplifycfg,2,0.6666666666666666,0.5,1.0,73
random_5,50,4,iv_users = 1 AND licm = 1 AND sccp = 1,NOT inline AND NOT instcombine AND iv_users AND sccp,3,0.6666666666666666,1.0,0.5,73
random_10,100,12,iv_users = 1 AND licm = 1 AND sccp = 1,iv_users,2,0.3934426229508196,0.2448979591836734,1.0,73
random_20,200,19,iv_users = 1 AND licm = 1 AND sccp = 1,sccp AND licm AND iv_users,0,1.0,1.0,1.0,73
2-wise,10,2,iv_users = 1 AND licm = 1 AND sccp = 1,instcombine AND licm AND jump_threading,1,0.5,0.5,0.5,73
3-wise,28,4,iv_users = 1 AND licm = 1 AND sccp = 1,NOT gvn AND simplifycfg AND instcombine AND licm,0,0.6666666666666666,1.0,0.5,73
4-wise,66,4,iv_users = 1 AND licm = 1 AND sccp = 1,sccp AND NOT instcombine AND NOT gvn,0,0.0,0.0,0.0,73
full,1024,128,inline = 1 AND iv_users = 1 AND print_used_types = 1,inline AND print_used_types AND iv_users,0,1.0,1.0,1.0,74
random_2,20,5,inline = 1 AND iv_users = 1 AND print_used_types = 1,iv_users AND sccp AND instcombine AND print_used_types,1,0.5714285714285715,1.0,0.4,74
random_5,50,4,inline = 1 AND iv_users = 1 AND print_used_types = 1,iv_users AND inline AND print_used_types,1,1.0,1.0,1.0,74
random_10,100,13,inline = 1 AND iv_users = 1 AND print_used_types = 1,print_used_types AND iv_users AND NOT licm AND NOT instcombine,0,0.5714285714285714,0.75,0.4615384615384615,74
random_20,200,24,inline = 1 AND iv_users = 1 AND print_used_types = 1,iv_users AND print_used_types AND NOT gvn AND inline,0,0.7368421052631579,1.0,0.5833333333333334,74
2-wise,12,1,inline = 1 AND iv_users = 1 AND print_used_types = 1,inline AND NOT sccp AND simplifycfg,2,0.6666666666666666,0.5,1.0,74
3-wise,32,3,inline = 1 AND iv_users = 1 AND print_used_types = 1,NOT licm AND inline AND jump_threading AND NOT ipsccp,3,0.4,0.5,0.3333333333333333,74
4-wise,70,8,inline = 1 AND iv_users = 1 AND print_used_types = 1,instcombine AND NOT licm AND iv_users AND print_used_types,2,0.3636363636363636,0.6666666666666666,0.25,74
full,1024,128,gvn = 1 AND iv_users = 1 AND licm = 1,gvn AND licm AND iv_users,0,1.0,1.0,1.0,75
random_2,20,3,gvn = 1 AND iv_users = 1 AND licm = 1,licm AND print_used_types AND NOT ipsccp AND iv_users,4,1.0,1.0,1.0,75
random_5,50,6,gvn = 1 AND iv_users = 1 AND licm = 1,gvn AND licm,2,0.8571428571428571,0.75,1.0,75
random_10,100,11,gvn = 1 AND iv_users = 1 AND licm = 1,NOT simplifycfg AND gvn AND instcombine AND iv_users,1,0.3999999999999999,0.75,0.2727272727272727,75
random_20,200,25,gvn = 1 AND iv_users = 1 AND licm = 1,gvn AND iv_users,4,0.625,0.4545454545454545,1.0,75
2-wise,12,2,gvn = 1 AND iv_users = 1 AND licm = 1,simplifycfg AND sccp,0,0.5,0.5,0.5,75
3-wise,28,4,gvn = 1 AND iv_users = 1 AND licm = 1,NOT jump_threading AND NOT simplifycfg AND NOT sccp AND licm,3,0.6666666666666666,1.0,0.5,75
4-wise,64,9,gvn = 1 AND iv_users = 1 AND licm = 1,NOT jump_threading AND gvn AND iv_users AND inline,1,0.5714285714285714,0.8,0.4444444444444444,75
full,1024,128,gvn = 1 AND licm = 1 AND print_used_types = 1,gvn AND print_used_types AND licm,0,1.0,1.0,1.0,76
random_2,20,1,gvn = 1 AND licm = 1 AND print_used_types = 1,NOT jump_threading AND NOT instcombine AND NOT sccp AND NOT licm,0,0.0,0.0,0.0,76
random_5,50,6,gvn = 1 AND licm = 1 AND print_used_types = 1,licm AND print_used_types AND gvn,0,1.0,1.0,1.0,76
random_10,100,14,gvn = 1 AND licm = 1 AND print_used_types = 1,print_used_types AND licm AND gvn,0,1.0,1.0,1.0,76
random_20,200,30,gvn = 1 AND licm = 1 AND print_used_types = 1,licm AND gvn AND print_used_types,0,1.0,1.0,1.0,76
2-wise,13,1,gvn = 1 AND licm = 1 AND print_used_types = 1,sccp AND NOT jump_threading AND NOT simplifycfg,4,0.3333333333333333,0.2,1.0,76
3-wise,31,3,gvn = 1 AND licm = 1 AND print_used_types = 1,NOT iv_users AND print_used_types AND instcombine AND licm,2,0.6666666666666666,0.6666666666666666,0.6666666666666666,76
4-wise,62,10,gvn = 1 AND licm = 1 AND print_used_types = 1,licm AND gvn AND print_used_types,0,1.0,1.0,1.0,76
full,1024,128,gvn = 1 AND inline = 1 AND print_used_types = 1,inline AND gvn AND print_used_types,0,1.0,1.0,1.0,77
random_2,20,4,gvn = 1 AND inline = 1 AND print_used_types = 1,inline AND gvn,4,0.8,0.6666666666666666,1.0,77
random_5,50,8,gvn = 1 AND inline = 1 AND print_used_types = 1,gvn AND inline AND simplifycfg,3,0.5714285714285715,0.6666666666666666,0.5,77
random_10,100,11,gvn = 1 AND inline = 1 AND print_used_types = 1,inline AND ipsccp AND print_used_types AND gvn,0,0.7058823529411764,1.0,0.5454545454545454,77
random_20,200,22,gvn = 1 AND inline = 1 AND print_used_types = 1,gvn AND inline AND print_used_types,0,1.0,1.0,1.0,77
2-wise,14,1,gvn = 1 AND inline = 1 AND print_used_types = 1,NOT inline AND NOT jump_threading AND NOT sccp AND NOT print_used_types,0,0.0,0.0,0.0,77
3-wise,31,3,gvn = 1 AND inline = 1 AND print_used_types = 1,NOT licm AND NOT simplifycfg AND jump_threading AND inline,1,0.4,0.5,0.3333333333333333,77
4-wise,64,6,gvn = 1 AND inline = 1 AND print_used_types = 1,NOT jump_threading AND NOT iv_users AND NOT ipsccp,3,0.2666666666666666,0.2222222222222222,0.3333333333333333,77
full,1024,128,instcombine = 1 AND licm = 1 AND simplifycfg = 1,licm AND instcombine AND simplifycfg,0,1.0,1.0,1.0,78
random_2,20,2,instcombine = 1 AND licm = 1 AND simplifycfg = 1,NOT jump_threading AND NOT licm AND iv_users,0,0.0,0.0,0.0,78
random_5,50,5,instcombine = 1 AND licm = 1 AND simplifycfg = 1,NOT sccp AND jump_threading AND iv_users AND licm,1,0.2857142857142857,0.5,0.2,78
random_10,100,11,instcombine = 1 AND licm = 1 AND simplifycfg = 1,NOT inline,3,0.1714285714285714,0.1016949152542373,0.5454545454545454,78
random_20,200,24,instcombine = 1 AND licm = 1 AND simplifycfg = 1,NOT inline AND simplifycfg AND licm AND instcombine,0,0.6285714285714286,1.0,0.4583333333333333,78
2-wise,11,2,instcombine = 1 AND licm = 1 AND simplifycfg = 1,NOT ipsccp AND licm AND simplifycfg,1,1.0,1.0,1.0,78
3-wise,34,7,instcombine = 1 AND licm = 1 AND simplifycfg = 1,NOT print_used_types AND instcombine AND simplifycfg,1,0.6153846153846153,0.6666666666666666,0.5714285714285714,78
4-wise,63,8,instcombine = 1 AND licm = 1 AND simplifycfg = 1,NOT print_used_types AND jump_threading AND iv_users,3,0.1333333333333333,0.1428571428571428,0.125,78
full,1024,128,inline = 1 AND ipsccp = 1 AND sccp = 1,sccp AND ipsccp AND inline,0,1.0,1.0,1.0,79
random_5,50,5,inline = 1 AND ipsccp = 1 AND sccp = 1,NOT print_used_types AND NOT gvn AND NOT instcombine AND ipsccp,3,0.5,0.6666666666666666,0.4,79
random_10,100,11,inline = 1 AND ipsccp = 1 AND sccp = 1,ipsccp AND inline AND sccp,0,1.0,1.0,1.0,79
random_20,200,25,inline = 1 AND ipsccp = 1 AND sccp = 1,gvn AND sccp AND ipsccp AND inline,0,0.8095238095238095,1.0,0.68,79
2-wise,15,3,inline = 1 AND ipsccp = 1 AND sccp = 1,ipsccp AND iv_users,1,0.8,1.0,0.6666666666666666,79
3-wise,30,4,inline = 1 AND ipsccp = 1 AND sccp = 1,ipsccp AND sccp AND inline,1,1.0,1.0,1.0,79
4-wise,69,8,inline = 1 AND ipsccp = 1 AND sccp = 1,inline AND ipsccp AND sccp,0,1.0,1.0,1.0,79
full,1024,128,jump_threading = 1 AND licm = 1 AND simplifycfg = 1,licm AND jump_threading AND simplifycfg,0,1.0,1.0,1.0,7
random_2,20,2,jump_threading = 1 AND licm = 1 AND simplifycfg = 1,gvn AND print_used_types AND licm,4,1.0,1.0,1.0,7
random_5,50,8,jump_threading = 1 AND licm = 1 AND simplifycfg = 1,simplifycfg AND jump_threading AND licm,0,1.0,1.0,1.0,7
random_10,100,11,jump_threading = 1 AND licm = 1 AND simplifycfg = 1,licm AND jump_threading AND simplifycfg,0,1.0,1.0,1.0,7
random_20,200,32,jump_threading = 1 AND licm = 1 AND simplifycfg = 1,licm AND simplifycfg AND jump_threading,0,1.0,1.0,1.0,7
2-wise,14,2,jump_threading = 1 AND licm = 1 AND simplifycfg = 1,NOT iv_users AND NOT sccp AND jump_threading,1,0.5,0.5,0.5,7
3-wise,31,3,jump_threading = 1 AND licm = 1 AND simplifycfg = 1,NOT print_used_types AND jump_threading AND iv_users,3,0.5714285714285715,0.5,0.6666666666666666,7
4-wise,62,11,jump_threading = 1 AND licm = 1 AND simplifycfg = 1,sccp AND simplifycfg AND jump_threading,2,0.6,0.6666666666666666,0.5454545454545454,7
full,1024,128,jump_threading = 1 AND licm = 1 AND simplifycfg = 1,jump_threading AND licm AND simplifycfg,0,1.0,1.0,1.0,80
random_2,20,4,jump_threading = 1 AND licm = 1 AND simplifycfg = 1,licm AND instcombine,3,0.75,0.75,0.75,80
random_5,50,4,jump_threading = 1 AND licm = 1 AND simplifycfg = 1,jump_threading AND simplifycfg AND NOT iv_users,0,0.75,0.75,0.75,80
random_10,100,10,jump_threading = 1 AND licm = 1 AND simplifycfg = 1,simplifycfg AND licm AND gvn,0,0.6666666666666666,0.6363636363636364,0.7,80
random_20,200,27,jump_threading = 1 AND licm = 1 AND simplifycfg = 1,licm AND simplifycfg AND NOT gvn AND jump_threading,0,0.6829268292682926,1.0,0.5185185185185185,80
2-wise,11,1,jump_threading = 1 AND licm = 1 AND simplifycfg = 1,NOT gvn AND ipsccp AND jump_threading,0,0.6666666666666666,0.5,1.0,80
3-wise,29,4,jump_threading = 1 AND licm = 1 AND simplifycfg = 1,simplifycfg AND inline AND ipsccp AND instcombine,3,0.2857142857142857,0.3333333333333333,0.25,80
4-wise,64,9,jump_threading = 1 AND licm = 1 AND simplifycfg = 1,NOT instcombine AND jump_threading AND NOT iv_users AND licm,4,0.4615384615384615,0.75,0.3333333333333333,80
full,1024,128,ipsccp = 1 AND print_used_types = 1 AND simplifycfg = 1,simplifycfg AND print_used_types AND ipsccp,0,1.0,1.0,1.0,81
random_2,20,5,ipsccp = 1 AND print_used_types = 1 AND simplifycfg = 1,print_used_types AND ipsccp AND NOT jump_threading,2,0.8000000000000002,0.8,0.8,81
random_5,50,4,ipsccp = 1 AND print_used_types = 1 AND simplifycfg = 1,NOT inline AND NOT gvn AND instcombine AND NOT iv_users,0,0.0,0.0,0.0,81
random_10,100,13,ipsccp = 1 AND print_used_types = 1 AND simplifycfg = 1,NOT simplifycfg AND NOT jump_threading AND NOT iv_users AND NOT instcombine,0,0.0,0.0,0.0,81
random_20,200,20,ipsccp = 1 AND print_used_types = 1 AND simplifycfg = 1,ipsccp AND simplifycfg,2,0.6153846153846153,0.4444444444444444,1.0,81
2-wise,13,1,ipsccp = 1 AND print_used_types = 1 AND simplifycfg = 1,iv_users,3,0.2857142857142857,0.1666666666666666,1.0,81
3-wise,29,3,ipsccp = 1 AND print_used_types = 1 AND simplifycfg = 1,print_used_types AND simplifycfg,3,0.7499999999999999,0.6,1.0,81
4-wise,67,7,ipsccp = 1 AND print_used_types = 1 AND simplifycfg = 1,NOT sccp AND print_used_types AND ipsccp AND simplifycfg,0,0.6,1.0,0.4285714285714285,81
full,1024,128,gvn = 1 AND inline = 1 AND iv_users = 1,gvn AND inline AND iv_users,0,1.0,1.0,1.0,82
random_2,20,3,gvn = 1 AND inline = 1 AND iv_users = 1,gvn AND NOT simplifycfg AND inline,3,0.8571428571428571,0.75,1.0,82
random_5,50,7,gvn = 1 AND inline = 1 AND iv_users = 1,NOT ipsccp AND licm AND iv_users AND inline,0,0.6,1.0,0.4285714285714285,82
random_10,100,13,gvn = 1 AND inline = 1 AND iv_users = 1,NOT jump_threading AND gvn AND inline,1,0.6923076923076923,0.6923076923076923,0.6923076923076923,82
random_20,200,20,gvn = 1 AND inline = 1 AND iv_users = 1,inline AND iv_users AND gvn,0,1.0,1.0,1.0,82
2-wise,13,2,gvn = 1 AND inline = 1 AND iv_users = 1,ipsccp AND licm AND iv_users,3,0.5,0.5,0.5,82
3-wise,29,4,gvn = 1 AND inline = 1 AND iv_users = 1,iv_users AND inline AND gvn,2,1.0,1.0,1.0,82
4-wise,63,8,gvn = 1 AND inline = 1 AND iv_users = 1,jump_threading AND sccp AND gvn AND inline,0,0.3333333333333333,0.5,0.25,82
full,1024,128,inline = 1 AND ipsccp = 1 AND jump_threading = 1,ipsccp AND jump_threading AND inline,0,1.0,1.0,1.0,83
random_2,20,1,inline = 1 AND ipsccp = 1 AND jump_threading = 1,simplifycfg AND NOT instcombine AND jump_threading,1,0.6666666666666666,0.5,1.0,83
random_5,50,7,inline = 1 AND ipsccp = 1 AND jump_threading = 1,NOT gvn AND jump_threading AND inline,0,0.6,1.0,0.4285714285714285,83
random_10,100,9,inline = 1 AND ipsccp = 1 AND jump_threading = 1,jump_threading AND inline AND ipsccp,0,1.0,1.0,1.0,83
random_20,200,26,inline = 1 AND ipsccp = 1 AND jump_threading = 1,inline AND ipsccp AND jump_threading,0,1.0,1.0,1.0,83
2-wise,13,3,inline = 1 AND ipsccp = 1 AND jump_threading = 1,NOT gvn AND print_used_types AND instcombine AND NOT sccp,1,0.6666666666666666,0.6666666666666666,0.6666666666666666,83
3-wise,32,2,inline = 1 AND ipsccp = 1 AND jump_threading = 1,inline AND sccp AND NOT print_used_types,0,0.5,0.5,0.5,83
4-wise,63,7,inline = 1 AND ipsccp = 1 AND jump_threading = 1,inline AND ipsccp AND jump_threading,1,1.0,1.0,1.0,83
full,1024,128,instcombine = 1 AND iv_users = 1 AND jump_threading = 1,instcombine AND iv_users AND jump_threading,0,1.0,1.0,1.0,84
random_2,20,3,instcombine = 1 AND iv_users = 1 AND jump_threading = 1,iv_users AND gvn AND licm AND jump_threading,0,0.8,1.0,0.6666666666666666,84
random_5,50,5,instcombine = 1 AND iv_users = 1 AND jump_threading = 1,jump_threading AND NOT print_used_types AND iv_users,2,0.7142857142857143,0.5555555555555556,1.0,84
random_10,100,8,instcombine = 1 AND iv_users = 1 AND jump_threading = 1,ipsccp AND licm AND jump_threading AND iv_users,0,0.5454545454545454,1.0,0.375,84
random_20,200,18,instcombine = 1 AND iv_users = 1 AND jump_threading = 1,NOT inline,2,0.1636363636363636,0.0978260869565217,0.5,84
2-wise,13,2,instcombine = 1 AND iv_users = 1 AND jump_threading = 1,NOT ipsccp AND instcombine,2,0.4,0.3333333333333333,0.5,84
3-wise,30,3,instcombine = 1 AND iv_users = 1 AND jump_threading = 1,print_used_types AND inline AND ipsccp AND licm,2,0.4,0.5,0.3333333333333333,84
4-wise,64,8,instcombine = 1 AND iv_users = 1 AND jump_threading = 1,iv_users AND jump_threading AND instcombine,0,1.0,1.0,1.0,84
full,1024,128,iv_users = 1 AND sccp = 1 AND simplifycfg = 1,iv_users AND sccp AND simplifycfg,0,1.0,1.0,1.0,85
random_2,20,5,iv_users = 1 AND sccp = 1 AND simplifycfg = 1,simplifycfg AND instcombine AND NOT licm,2,0.6666666666666665,0.75,0.6,85
random_5,50,6,iv_users = 1 AND sccp = 1 AND simplifycfg = 1,NOT gvn AND simplifycfg AND NOT print_used_types AND NOT licm,3,0.2222222222222222,0.3333333333333333,0.1666666666666666,85
random_10,100,10,iv_users = 1 AND sccp = 1 AND simplifycfg = 1,simplifycfg AND NOT inline AND iv_users AND sccp,0,0.7499999999999999,1.0,0.6,85
random_20,200,21,iv_users = 1 AND sccp = 1 AND simplifycfg = 1,sccp AND iv_users AND simplifycfg,0,1.0,1.0,1.0,85
2-wise,13,2,iv_users = 1 AND sccp = 1 AND simplifycfg = 1,sccp,4,0.5,0.3333333333333333,1.0,85
3-wise,28,3,iv_users = 1 AND sccp = 1 AND simplifycfg = 1,iv_users AND instcombine AND simplifycfg AND NOT licm,3,0.5714285714285715,0.5,0.6666666666666666,85
4-wise,61,6,iv_users = 1 AND sccp = 1 AND simplifycfg = 1,NOT print_used_types AND jump_threading AND iv_users,4,0.3076923076923076,0.2857142857142857,0.3333333333333333,85
full,1024,128,gvn = 1 AND inline = 1 AND ipsccp = 1,gvn AND inline AND ipsccp,0,1.0,1.0,1.0,86
random_2,20,1,gvn = 1 AND inline = 1 AND ipsccp = 1,inline AND licm AND NOT sccp AND NOT instcombine,3,0.6666666666666666,0.5,1.0,86
random_5,50,7,gvn = 1 AND inline = 1 AND ipsccp = 1,ipsccp AND simplifycfg AND gvn AND inline,1,0.7272727272727273,1.0,0.5714285714285714,86
random_10,100,13,gvn = 1 AND inline = 1 AND ipsccp = 1,gvn,4,0.4126984126984127,0.26,1.0,86
random_20,200,27,gvn = 1 AND inline = 1 AND ipsccp = 1,inline AND ipsccp AND gvn,0,1.0,1.0,1.0,86
2-wise,11,1,gvn = 1 AND inline = 1 AND ipsccp = 1,NOT simplifycfg AND gvn AND NOT iv_users,0,0.6666666666666666,0.5,1.0,86
3-wise,31,6,gvn = 1 AND inline = 1 AND ipsccp = 1,NOT licm AND NOT instcombine AND NOT simplifycfg AND NOT inline,0,0.0,0.0,0.0,86
4-wise,67,8,gvn = 1 AND inline = 1 AND ipsccp = 1,ipsccp AND gvn AND inline,0,1.0,1.0,1.0,86
full,1024,128,inline = 1 AND licm = 1 AND print_used_types = 1,print_used_types AND licm AND inline,0,1.0,1.0,1.0,87
random_2,20,2,inline = 1 AND licm = 1 AND print_used_types = 1,NOT instcombine AND gvn AND inline AND licm,2,0.8,0.6666666666666666,1.0,87
random_5,50,6,inline = 1 AND licm = 1 AND print_used_types = 1,NOT instcombine AND NOT ipsccp AND print_used_types,2,0.4615384615384615,0.4285714285714285,0.5,87
random_10,100,13,inline = 1 AND licm = 1 AND print_used_types = 1,print_used_types AND inline AND licm,0,1.0,1.0,1.0,87
random_20,200,28,inline = 1 AND licm = 1 AND print_used_types = 1,licm AND inline AND print_used_types,0,1.0,1.0,1.0,87
2-wise,11,1,inline = 1 AND licm = 1 AND print_used_types = 1,iv_users AND print_used_types,0,0.6666666666666666,0.5,1.0,87
3-wise,27,2,inline = 1 AND licm = 1 AND print_used_types = 1,NOT sccp AND NOT ipsccp AND NOT simplifycfg AND jump_threading,0,0.0,0.0,0.0,87
4-wise,66,10,inline = 1 AND licm = 1 AND print_used_types = 1,inline AND licm AND print_used_types,1,1.0,1.0,1.0,87
full,1024,128,inline = 1 AND licm = 1 AND print_used_types = 1,inline AND licm AND print_used_types,0,1.0,1.0,1.0,88
random_2,20,6,inline = 1 AND licm = 1 AND print_used_types = 1,sccp AND inline AND simplifycfg AND print_used_types,1,0.5,1.0,0.3333333333333333,88
random_5,50,5,inline = 1 AND licm = 1 AND print_used_types = 1,NOT iv_users AND NOT jump_threading AND NOT gvn,3,0.25,0.3333333333333333,0.2,88
random_10,100,9,inline = 1 AND licm = 1 AND print_used_types = 1,NOT simplifycfg AND iv_users AND instcombine,4,0.2857142857142857,0.25,0.3333333333333333,88
random_20,200,22,inline = 1 AND licm = 1 AND print_used_types = 1,licm AND inline AND print_used_types,0,1.0,1.0,1.0,88
2-wise,12,1,inline = 1 AND licm = 1 AND print_used_types = 1,NOT ipsccp AND print_used_types AND iv_users,0,0.6666666666666666,0.5,1.0,88
3-wise,27,2,inline = 1 AND licm = 1 AND print_used_types = 1,NOT inline AND jump_threading AND sccp,0,0.0,0.0,0.0,88
4-wise,66,10,inline = 1 AND licm = 1 AND print_used_types = 1,licm AND print_used_types AND inline,0,1.0,1.0,1.0,88
full,1024,128,gvn = 1 AND instcombine = 1 AND simplifycfg = 1,gvn AND instcombine AND simplifycfg,0,1.0,1.0,1.0,89
random_5,50,4,gvn = 1 AND instcombine = 1 AND simplifycfg = 1,gvn AND NOT licm AND simplifycfg AND instcombine,1,1.0,1.0,1.0,89
random_10,100,15,gvn = 1 AND instcombine = 1 AND simplifycfg = 1,gvn AND instcombine AND simplifycfg,0,1.0,1.0,1.0,89
random_20,200,24,gvn = 1 AND instcombine = 1 AND simplifycfg = 1,instcombine AND simplifycfg AND gvn,0,1.0,1.0,1.0,89
3-wise,26,3,gvn = 1 AND instcombine = 1 AND simplifycfg = 1,NOT licm AND NOT sccp AND jump_threading AND NOT inline,0,0.4,0.5,0.3333333333333333,89
4-wise,68,11,gvn = 1 AND instcombine = 1 AND simplifycfg = 1,sccp AND simplifycfg AND instcombine AND gvn,0,0.7777777777777778,1.0,0.6363636363636364,89
full,1024,128,iv_users = 1 AND jump_threading = 1 AND print_used_types = 1,iv_users AND jump_threading AND print_used_types,0,1.0,1.0,1.0,8
random_2,20,3,iv_users = 1 AND jump_threading = 1 AND print_used_types = 1,NOT inline AND NOT sccp AND NOT simplifycfg AND jump_threading,3,0.4,0.5,0.3333333333333333,8
random_5,50,3,iv_users = 1 AND jump_threading = 1 AND print_used_types = 1,NOT jump_threading AND NOT licm AND NOT ipsccp AND simplifycfg,0,0.0,0.0,0.0,8
random_10,100,12,iv_users = 1 AND jump_threading = 1 AND print_used_types = 1,NOT licm AND iv_users AND NOT gvn,3,0.4347826086956521,0.4545454545454545,0.4166666666666667,8
random_20,200,28,iv_users = 1 AND jump_threading = 1 AND print_used_types = 1,print_used_types,0,0.4375,0.28,1.0,8
2-wise,12,1,iv_users = 1 AND jump_threading = 1 AND print_used_types = 1,print_used_types AND NOT instcombine AND gvn,3,0.6666666666666666,0.5,1.0,8
3-wise,32,3,iv_users = 1 AND jump_threading = 1 AND print_used_types = 1,NOT simplifycfg AND licm AND inline,4,0.2857142857142857,0.25,0.3333333333333333,8
4-wise,62,10,iv_users = 1 AND jump_threading = 1 AND print_used_types = 1,print_used_types AND ipsccp AND iv_users AND jump_threading,0,0.8235294117647058,1.0,0.7,8
full,1024,128,instcombine = 1 AND ipsccp = 1 AND iv_users = 1,instcombine AND ipsccp AND iv_users,0,1.0,1.0,1.0,90
random_5,50,7,instcombine = 1 AND ipsccp = 1 AND iv_users = 1,ipsccp AND instcombine AND iv_users,0,1.0,1.0,1.0,90
random_10,100,12,instcombine = 1 AND ipsccp = 1 AND iv_users = 1,ipsccp AND simplifycfg AND iv_users AND instcombine,0,0.8,1.0,0.6666666666666666,90
random_20,200,17,instcombine = 1 AND ipsccp = 1 AND iv_users = 1,instcombine AND iv_users AND ipsccp,0,1.0,1.0,1.0,90
2-wise,11,2,instcombine = 1 AND ipsccp = 1 AND iv_users = 1,iv_users AND licm,1,0.5,0.5,0.5,90
3-wise,29,3,instcombine = 1 AND ipsccp = 1 AND iv_users = 1,NOT inline AND jump_threading AND NOT licm AND ipsccp,0,0.8,1.0,0.6666666666666666,90
4-wise,63,6,instcombine = 1 AND ipsccp = 1 AND iv_users = 1,instcombine AND NOT licm AND ipsccp AND iv_users,0,0.8,1.0,0.6666666666666666,90
full,1024,128,iv_users = 1 AND print_used_types = 1 AND simplifycfg = 1,print_used_types AND simplifycfg AND NOT gvn AND iv_users,0,0.6666666666666666,1.0,0.5,91
random_2,20,4,iv_users = 1 AND print_used_types = 1 AND simplifycfg = 1,NOT licm AND sccp AND NOT instcombine,4,0.75,0.75,0.75,91
random_5,50,5,iv_users = 1 AND print_used_types = 1 AND simplifycfg = 1,print_used_types AND iv_users AND NOT inline AND simplifycfg,0,0.888888888888889,1.0,0.8,91
random_10,100,16,iv_users = 1 AND print_used_types = 1 AND simplifycfg = 1,NOT inline,3,0.2622950819672131,0.1777777777777777,0.5,91
random_20,200,26,iv_users = 1 AND print_used_types = 1 AND simplifycfg = 1,print_used_types AND gvn,1,0.4,0.2962962962962963,0.6153846153846154,91
2-wise,12,2,iv_users = 1 AND print_used_types = 1 AND simplifycfg = 1,licm AND gvn AND iv_users,0,0.0,0.0,0.0,91
3-wise,33,7,iv_users = 1 AND print_used_types = 1 AND simplifycfg = 1,sccp AND print_used_types,3,0.7142857142857143,0.7142857142857143,0.7142857142857143,91
4-wise,63,7,iv_users = 1 AND print_used_types = 1 AND simplifycfg = 1,simplifycfg AND iv_users AND instcombine AND print_used_types,4,0.923076923076923,1.0,0.8571428571428571,91
full,1024,128,inline = 1 AND instcombine = 1 AND print_used_types = 1,inline AND instcombine AND print_used_types,0,1.0,1.0,1.0,92
random_2,20,3,inline = 1 AND instcombine = 1 AND print_used_types = 1,simplifycfg AND NOT ipsccp AND gvn AND iv_users,1,0.8,1.0,0.6666666666666666,92
random_5,50,3,inline = 1 AND instcombine = 1 AND print_used_types = 1,NOT jump_threading AND instcombine AND print_used_types AND inline,0,0.8,1.0,0.6666666666666666,92
random_10,100,12,inline = 1 AND instcombine = 1 AND print_used_types = 1,print_used_types AND instcombine AND inline,0,1.0,1.0,1.0,92
random_20,200,22,inline = 1 AND instcombine = 1 AND print_used_types = 1,inline AND print_used_types AND instcombine,0,1.0,1.0,1.0,92
2-wise,13,1,inline = 1 AND instcombine = 1 AND print_used_types = 1,inline AND ipsccp AND NOT sccp,1,0.6666666666666666,0.5,1.0,92
3-wise,30,4,inline = 1 AND instcombine = 1 AND print_used_types = 1,inline AND instcombine AND print_used_types,2,1.0,1.0,1.0,92
4-wise,68,11,inline = 1 AND instcombine = 1 AND print_used_types = 1,inline AND print_used_types AND instcombine,0,1.0,1.0,1.0,92
full,1024,128,instcombine = 1 AND ipsccp = 1 AND print_used_types = 1,instcombine AND print_used_types AND ipsccp,0,1.0,1.0,1.0,93
random_2,20,4,instcombine = 1 AND ipsccp = 1 AND print_used_types = 1,jump_threading AND print_used_types,0,0.6666666666666666,1.0,0.5,93
random_5,50,4,instcombine = 1 AND ipsccp = 1 AND print_used_types = 1,gvn AND NOT ipsccp AND NOT jump_threading AND NOT iv_users,0,0.0,0.0,0.0,93
random_10,100,12,instcombine = 1 AND ipsccp = 1 AND print_used_types = 1,jump_threading,4,0.2333333333333333,0.1458333333333333,0.5833333333333334,93
random_20,200,22,instcombine = 1 AND ipsccp = 1 AND print_used_types = 1,instcombine AND ipsccp,3,0.6470588235294118,0.4782608695652174,1.0,93
3-wise,28,4,instcombine = 1 AND ipsccp = 1 AND print_used_types = 1,ipsccp AND simplifycfg AND iv_users AND sccp,0,0.6666666666666666,1.0,0.5,93
4-wise,65,5,instcombine = 1 AND ipsccp = 1 AND print_used_types = 1,print_used_types AND NOT gvn AND licm,3,0.1538461538461538,0.125,0.2,93
full,1024,128,gvn = 1 AND ipsccp = 1 AND licm = 1,NOT sccp AND gvn,2,0.3333333333333333,0.25,0.5,94
random_2,20,4,gvn = 1 AND ipsccp = 1 AND licm = 1,licm AND gvn AND jump_threading AND NOT print_used_types,1,0.8571428571428571,1.0,0.75,94
random_5,50,6,gvn = 1 AND ipsccp = 1 AND licm = 1,NOT iv_users AND NOT sccp AND NOT jump_threading AND inline,2,0.2,0.25,0.1666666666666666,94
random_10,100,14,gvn = 1 AND ipsccp = 1 AND licm = 1,NOT inline AND iv_users AND ipsccp AND licm,0,0.4761904761904762,0.7142857142857143,0.3571428571428571,94
random_20,200,41,gvn = 1 AND ipsccp = 1 AND licm = 1,iv_users AND ipsccp,1,0.4285714285714285,0.3684210526315789,0.5121951219512195,94
2-wise,11,1,gvn = 1 AND ipsccp = 1 AND licm = 1,jump_threading AND NOT sccp AND simplifycfg AND NOT inline,0,0.6666666666666666,0.5,1.0,94
3-wise,29,2,gvn = 1 AND ipsccp = 1 AND licm = 1,NOT inline AND instcombine AND NOT jump_threading,0,0.0,0.0,0.0,94
4-wise,67,9,gvn = 1 AND ipsccp = 1 AND licm = 1,gvn AND NOT iv_users AND ipsccp AND NOT print_used_types,3,0.6666666666666667,0.8333333333333334,0.5555555555555556,94
full,1024,128,iv_users = 1 AND jump_threading = 1 AND licm = 1,iv_users AND jump_threading AND licm,0,1.0,1.0,1.0,95
random_2,20,2,iv_users = 1 AND jump_threading = 1 AND licm = 1,jump_threading AND NOT ipsccp AND inline,4,0.5,0.5,0.5,95
random_5,50,5,iv_users = 1 AND jump_threading = 1 AND licm = 1,jump_threading AND iv_users AND licm,1,1.0,1.0,1.0,95
random_10,100,13,iv_users = 1 AND jump_threading = 1 AND licm = 1,iv_users AND inline AND jump_threading AND licm,0,0.8181818181818181,1.0,0.6923076923076923,95
random_20,200,26,iv_users = 1 AND jump_threading = 1 AND licm = 1,iv_users AND licm AND jump_threading,0,1.0,1.0,1.0,95
2-wise,11,1,iv_users = 1 AND jump_threading = 1 AND licm = 1,NOT instcombine AND gvn AND iv_users,0,0.6666666666666666,0.5,1.0,95
3-wise,32,3,iv_users = 1 AND jump_threading = 1 AND licm = 1,NOT instcombine AND NOT jump_threading AND ipsccp AND NOT licm,0,0.0,0.0,0.0,95
4-wise,63,6,iv_users = 1 AND jump_threading = 1 AND licm = 1,NOT sccp AND instcombine AND licm AND simplifycfg,0,0.2,0.25,0.1666666666666666,95
full,1024,128,gvn = 1 AND licm = 1 AND simplifycfg = 1,licm AND simplifycfg AND gvn,0,1.0,1.0,1.0,96
random_2,20,4,gvn = 1 AND licm = 1 AND simplifycfg = 1,NOT print_used_types AND NOT sccp AND NOT instcombine AND jump_threading,0,0.0,0.0,0.0,96
random_5,50,6,gvn = 1 AND licm = 1 AND simplifycfg = 1,gvn AND NOT inline AND jump_threading AND licm,4,0.4,0.5,0.3333333333333333,96
random_10,100,20,gvn = 1 AND licm = 1 AND simplifycfg = 1,ipsccp AND gvn AND licm AND simplifycfg,0,0.787878787878788,1.0,0.65,96
random_20,200,26,gvn = 1 AND licm = 1 AND simplifycfg = 1,simplifycfg AND iv_users AND NOT inline AND licm,1,0.4736842105263157,0.75,0.3461538461538461,96
2-wise,12,2,gvn = 1 AND licm = 1 AND simplifycfg = 1,jump_threading AND print_used_types AND gvn,0,1.0,1.0,1.0,96
3-wise,28,4,gvn = 1 AND licm = 1 AND simplifycfg = 1,NOT iv_users AND NOT inline AND simplifycfg AND licm,4,0.6666666666666666,1.0,0.5,96
4-wise,73,9,gvn = 1 AND licm = 1 AND simplifycfg = 1,ipsccp AND NOT jump_threading AND simplifycfg AND gvn,3,0.5714285714285714,0.8,0.4444444444444444,96
full,1024,128,ipsccp = 1 AND print_used_types = 1 AND simplifycfg = 1,ipsccp AND simplifycfg AND print_used_types,0,1.0,1.0,1.0,97
random_2,20,1,ipsccp = 1 AND print_used_types = 1 AND simplifycfg = 1,NOT inline,4,0.25,0.1428571428571428,1.0,97
random_5,50,6,ipsccp = 1 AND print_used_types = 1 AND simplifycfg = 1,ipsccp AND instcombine,4,0.5,0.4,0.6666666666666666,97
random_10,100,10,ipsccp = 1 AND print_used_types = 1 AND simplifycfg = 1,ipsccp AND print_used_types AND NOT sccp AND simplifycfg,0,0.8235294117647058,1.0,0.7,97
random_20,200,25,ipsccp = 1 AND print_used_types = 1 AND simplifycfg = 1,print_used_types AND NOT iv_users AND ipsccp,4,0.5614035087719298,0.5,0.64,97
2-wise,13,2,ipsccp = 1 AND print_used_types = 1 AND simplifycfg = 1,NOT licm AND NOT inline,2,0.5,0.5,0.5,97
3-wise,28,5,ipsccp = 1 AND print_used_types = 1 AND simplifycfg = 1,ipsccp AND NOT inline AND print_used_types AND NOT gvn,1,0.7499999999999999,1.0,0.6,97
4-wise,65,6,ipsccp = 1 AND print_used_types = 1 AND simplifycfg = 1,simplifycfg AND print_used_types AND NOT sccp AND ipsccp,0,0.6666666666666666,1.0,0.5,97
full,1024,128,jump_threading = 1 AND print_used_types = 1 AND simplifycfg = 1,print_used_types AND simplifycfg AND jump_threading,0,1.0,1.0,1.0,98
random_2,20,1,jump_threading = 1 AND print_used_types = 1 AND simplifycfg = 1,jump_threading AND inline AND iv_users,1,0.6666666666666666,0.5,1.0,98
random_5,50,6,jump_threading = 1 AND print_used_types = 1 AND simplifycfg = 1,sccp AND jump_threading AND NOT gvn AND NOT licm,4,0.6153846153846153,0.5714285714285714,0.6666666666666666,98
random_10,100,10,jump_threading = 1 AND print_used_types = 1 AND simplifycfg = 1,print_used_types AND jump_threading AND simplifycfg,0,1.0,1.0,1.0,98
random_20,200,19,jump_threading = 1 AND print_used_types = 1 AND simplifycfg = 1,simplifycfg AND print_used_types AND jump_threading,0,1.0,1.0,1.0,98
3-wise,31,4,jump_threading = 1 AND print_used_types = 1 AND simplifycfg = 1,instcombine AND gvn AND simplifycfg AND ipsccp,1,0.8571428571428571,1.0,0.75,98
4-wise,59,7,jump_threading = 1 AND print_used_types = 1 AND simplifycfg = 1,NOT licm AND inline AND sccp AND NOT ipsccp,0,0.0,0.0,0.0,98
full,1024,128,inline = 1 AND jump_threading = 1 AND licm = 1,NOT instcombine AND inline,2,0.3333333333333333,0.25,0.5,99
random_5,50,6,inline = 1 AND jump_threading = 1 AND licm = 1,gvn AND NOT iv_users AND NOT sccp AND instcombine,0,0.0,0.0,0.0,99
random_10,100,9,inline = 1 AND jump_threading = 1 AND licm = 1,print_used_types,3,0.2,0.1176470588235294,0.6666666666666666,99
random_20,200,27,inline = 1 AND jump_threading = 1 AND licm = 1,gvn AND simplifycfg AND inline,4,0.3214285714285714,0.3103448275862069,0.3333333333333333,99
2-wise,12,1,inline = 1 AND jump_threading = 1 AND licm = 1,inline AND sccp,4,0.5,0.3333333333333333,1.0,99
3-wise,28,4,inline = 1 AND jump_threading = 1 AND licm = 1,NOT gvn AND NOT sccp AND NOT instcombine,3,0.3333333333333333,0.5,0.25,99
4-wise,67,5,inline = 1 AND jump_threading = 1 AND licm = 1,jump_threading,4,0.25,0.1428571428571428,1.0,99
full,1024,128,iv_users = 1 AND licm = 1 AND print_used_types = 1,print_used_types AND iv_users AND licm,0,1.0,1.0,1.0,9
random_2,20,3,iv_users = 1 AND licm = 1 AND print_used_types = 1,gvn AND print_used_types AND NOT simplifycfg,3,0.8,1.0,0.6666666666666666,9
random_5,50,8,iv_users = 1 AND licm = 1 AND print_used_types = 1,NOT sccp AND gvn AND licm AND print_used_types,0,0.8571428571428571,1.0,0.75,9
random_10,100,11,iv_users = 1 AND licm = 1 AND print_used_types = 1,print_used_types AND iv_users,1,0.9166666666666666,0.8461538461538461,1.0,9
random_20,200,30,iv_users = 1 AND licm = 1 AND print_used_types = 1,print_used_types AND licm AND iv_users,0,1.0,1.0,1.0,9
2-wise,11,2,iv_users = 1 AND licm = 1 AND print_used_types = 1,iv_users AND sccp AND inline,0,1.0,1.0,1.0,9
3-wise,27,4,iv_users = 1 AND licm = 1 AND print_used_types = 1,print_used_types AND licm AND iv_users,4,1.0,1.0,1.0,9
4-wise,70,13,iv_users = 1 AND licm = 1 AND print_used_types = 1,licm AND iv_users AND print_used_types,0,1.0,1.0,1.0,9
