sampling_strategy,sample_size,sg_cardinality,sg_rule,best_rule,best_rule_idx,f1,precision,recall,seed
full,216000,27000,AutoAltRef = 1 AND lossless = 1 AND FrameBoost = 1,FrameBoost AND AutoAltRef AND lossless,0,1.0,1.0,1.0,0
random_2,34,3,realtime = 1 AND AutoAltRef = 1 AND FrameBoost = 1,cpuUsed > 5.0 AND lossless AND TileColumns <= 1.5,0,0.0,0.0,0.0,0
random_5,85,6,AutoAltRef = 1 AND lossless = 1 AND FrameBoost = 1,NOT AutoAltRef AND variance,0,0.0,0.0,0.0,0
random_10,170,16,good = 1 AND AutoAltRef = 1 AND FrameBoost = 1,off AND NOT AutoAltRef AND Threads > 7.0 AND lagInFrames <= 12.0,0,0.0,0.0,0.0,0
random_20,340,45,good = 1 AND AutoAltRef = 1 AND lossless = 1,AutoAltRef AND FrameBoost AND good AND lossless,0,0.59375,1.0,0.4222222222222222,0
2-wise,52,6,good = 1 AND AutoAltRef = 1 AND lossless = 1,good AND Threads <= 7.0 AND NOT variableBitrate,4,0.4,0.3333333333333333,0.5,0
3-wise,242,33,AutoAltRef = 1 AND lossless = 1 AND FrameBoost = 1,lossless,3,0.4150943396226415,0.2619047619047619,1.0,0
4-wise,947,119,good = 1 AND lossless = 1 AND FrameBoost = 1,cpuUsed > 1.0,0,0.2242562929061784,0.1298013245033112,0.8235294117647058,0
full,216000,27000,realtime = 1 AND AutoAltRef = 1 AND lossless = 1,AutoAltRef AND lossless AND realtime,0,1.0,1.0,1.0,10
random_2,34,4,realtime = 1 AND AutoAltRef = 1 AND lossless = 1,Threads > 3.0 AND TileColumns > 4.5 AND cyclicRefresh AND NOT realtime,0,0.0,0.0,0.0,10
random_5,85,9,realtime = 1 AND AutoAltRef = 1 AND lossless = 1,lagInFrames > 4.0 AND cpuUsed <= 1.0 AND lagInFrames > 12.0 AND good,0,0.0,0.0,0.0,10
random_10,170,19,realtime = 1 AND AutoAltRef = 1 AND lossless = 1,cpuUsed > 1.0 AND Threads > 3.0 AND bitRate > 1350.0 AND Threads > 7.0,0,0.0,0.0,0.0,10
random_20,340,32,realtime = 1 AND AutoAltRef = 1 AND lossless = 1,Threads <= 7.0 AND NOT FrameBoost,4,0.1884057971014492,0.1226415094339622,0.40625,10
2-wise,51,3,realtime = 1 AND AutoAltRef = 1 AND lossless = 1,cyclicRefresh AND lagInFrames > 4.0 AND NOT variableBitrate AND NOT FrameBoost,0,0.0,0.0,0.0,10
3-wise,244,35,realtime = 1 AND AutoAltRef = 1 AND lossless = 1,realtime,2,0.4430379746835443,0.2845528455284553,1.0,10
4-wise,945,118,realtime = 1 AND AutoAltRef = 1 AND lossless = 1,lossless,0,0.3926788685524127,0.2443064182194617,1.0,10
full,216000,27000,realtime = 1 AND AutoAltRef = 1 AND lossless = 1,AutoAltRef AND NOT good AND lossless,0,1.0,1.0,1.0,11
random_2,34,8,realtime = 1 AND AutoAltRef = 1 AND lossless = 1,off AND Threads <= 9.0 AND cpuUsed > 5.0 AND lossless,0,0.4,1.0,0.25,11
random_5,85,15,realtime = 1 AND AutoAltRef = 1 AND lossless = 1,NOT good AND Threads > 7.0 AND NOT complexity AND AutoAltRef,4,0.4761904761904761,0.8333333333333334,0.3333333333333333,11
random_10,170,18,realtime = 1 AND AutoAltRef = 1 AND lossless = 1,Threads <= 3.0 AND NOT constrainedQuality AND bitRate <= 750.0,0,0.0,0.0,0.0,11
random_20,340,48,realtime = 1 AND AutoAltRef = 1 AND lossless = 1,lossless,4,0.4085106382978723,0.2566844919786096,1.0,11
2-wise,51,7,realtime = 1 AND AutoAltRef = 1 AND lossless = 1,cpuUsed <= 7.0 AND NOT AutoAltRef AND lagInFrames > 4.0 AND NOT off,0,0.0,0.0,0.0,11
3-wise,241,25,realtime = 1 AND AutoAltRef = 1 AND lossless = 1,lagInFrames <= 12.0 AND Threads > 5.0 AND off AND AutoAltRef,1,0.2857142857142856,0.3529411764705882,0.24,11
4-wise,939,128,realtime = 1 AND AutoAltRef = 1 AND lossless = 1,AutoAltRef AND NOT good AND lossless,0,1.0,1.0,1.0,11
full,216000,27000,realtime = 1 AND lossless = 1 AND FrameBoost = 1,lossless AND NOT good AND FrameBoost,0,1.0,1.0,1.0,12
random_2,34,1,realtime = 1 AND lossless = 1 AND FrameBoost = 1,bitRate > 1350.0 AND TileColumns > 1.5 AND Threads > 3.0 AND NOT AutoAltRef,0,0.0,0.0,0.0,12
random_5,85,7,realtime = 1 AND lossless = 1 AND FrameBoost = 1,cpuUsed > 5.0 AND FrameBoost AND NOT good AND NOT constantBitrate,4,0.4444444444444445,1.0,0.2857142857142857,12
random_10,170,22,realtime = 1 AND lossless = 1 AND FrameBoost = 1,NOT realtime AND TileColumns <= 1.5 AND Threads <= 7.0,0,0.0,0.0,0.0,12
random_20,340,45,realtime = 1 AND lossless = 1 AND FrameBoost = 1,Threads <= 7.0,4,0.2121212121212121,0.1278538812785388,0.6222222222222222,12
2-wise,56,4,realtime = 1 AND lossless = 1 AND FrameBoost = 1,cpuUsed <= 5.0 AND bitRate <= 1350.0 AND lagInFrames <= 4.0 AND good,0,0.0,0.0,0.0,12
3-wise,233,32,realtime = 1 AND lossless = 1 AND FrameBoost = 1,NOT variableBitrate AND lagInFrames <= 4.0 AND FrameBoost AND realtime,3,0.4347826086956521,0.7142857142857143,0.3125,12
4-wise,947,131,realtime = 1 AND lossless = 1 AND FrameBoost = 1,FrameBoost AND realtime AND lossless,0,1.0,1.0,1.0,12
full,216000,27000,good = 1 AND AutoAltRef = 1 AND FrameBoost = 1,FrameBoost AND AutoAltRef AND good,0,1.0,1.0,1.0,13
random_2,34,6,good = 1 AND AutoAltRef = 1 AND FrameBoost = 1,TileColumns > 1.5 AND bitRate <= 450.0,0,0.0,0.0,0.0,13
random_5,85,8,good = 1 AND AutoAltRef = 1 AND FrameBoost = 1,lagInFrames <= 4.0 AND lossless AND cpuUsed > 5.0 AND bitRate <= 1050.0,0,0.0,0.0,0.0,13
random_10,170,15,good = 1 AND AutoAltRef = 1 AND FrameBoost = 1,TileColumns > 4.5 AND NOT AutoAltRef AND NOT complexity AND NOT constantBitrate,0,0.0,0.0,0.0,13
random_20,340,41,good = 1 AND AutoAltRef = 1 AND FrameBoost = 1,Threads > 3.0,2,0.2049689440993788,0.1174377224199288,0.8048780487804879,13
2-wise,50,5,good = 1 AND AutoAltRef = 1 AND FrameBoost = 1,NOT FrameBoost AND constantBitrate AND cpuUsed > 5.0,0,0.0,0.0,0.0,13
3-wise,248,36,good = 1 AND AutoAltRef = 1 AND FrameBoost = 1,bitRate <= 1350.0,4,0.2372881355932203,0.14,0.7777777777777778,13
4-wise,935,124,good = 1 AND AutoAltRef = 1 AND FrameBoost = 1,NOT off AND Threads <= 9.0 AND NOT complexity AND FrameBoost,4,0.2929936305732484,0.2421052631578947,0.3709677419354839,13
full,216000,27000,AutoAltRef = 1 AND lossless = 1 AND FrameBoost = 1,FrameBoost AND lossless AND AutoAltRef,0,1.0,1.0,1.0,14
random_2,34,3,AutoAltRef = 1 AND lossless = 1 AND FrameBoost = 1,NOT FrameBoost AND constrainedQuality AND NOT cyclicRefresh,0,0.0,0.0,0.0,14
random_5,85,8,AutoAltRef = 1 AND lossless = 1 AND FrameBoost = 1,bitRate > 1350.0 AND cpuUsed > 1.0,1,0.125,0.125,0.125,14
random_10,170,18,AutoAltRef = 1 AND lossless = 1 AND FrameBoost = 1,lossless AND FrameBoost AND cpuUsed > 1.0,4,0.6363636363636364,0.5384615384615384,0.7777777777777778,14
random_20,340,39,AutoAltRef = 1 AND lossless = 1 AND FrameBoost = 1,AutoAltRef AND lossless AND FrameBoost,0,1.0,1.0,1.0,14
2-wise,50,6,AutoAltRef = 1 AND lossless = 1 AND FrameBoost = 1,TileColumns <= 4.5 AND TileColumns > 1.5 AND bitRate <= 1350.0 AND NOT cyclicRefresh,2,0.1176470588235294,0.0909090909090909,0.1666666666666666,14
3-wise,244,33,AutoAltRef = 1 AND lossless = 1 AND FrameBoost = 1,NOT realtime AND lossless AND AutoAltRef AND FrameBoost,0,0.625,1.0,0.4545454545454545,14
4-wise,944,113,AutoAltRef = 1 AND lossless = 1 AND FrameBoost = 1,FrameBoost AND lossless AND AutoAltRef,0,1.0,1.0,1.0,14
full,216000,27000,good = 1 AND lossless = 1 AND FrameBoost = 1,lossless AND FrameBoost AND NOT realtime,0,1.0,1.0,1.0,15
random_2,34,3,good = 1 AND lossless = 1 AND FrameBoost = 1,cpuUsed > 5.0 AND lagInFrames <= 4.0 AND Threads <= 7.0,0,0.0,0.0,0.0,15
random_5,85,7,good = 1 AND lossless = 1 AND FrameBoost = 1,TileColumns > 1.5 AND bitRate > 1350.0 AND NOT variance AND cpuUsed <= 5.0,0,0.0,0.0,0.0,15
random_10,170,18,good = 1 AND lossless = 1 AND FrameBoost = 1,lossless AND lagInFrames > 4.0 AND constantBitrate AND NOT realtime,3,0.4615384615384615,0.75,0.3333333333333333,15
random_20,340,44,good = 1 AND lossless = 1 AND FrameBoost = 1,good,3,0.4055299539170506,0.2543352601156069,1.0,15
2-wise,46,6,good = 1 AND lossless = 1 AND FrameBoost = 1,Threads <= 5.0 AND bitRate > 450.0 AND AutoAltRef,4,0.3749999999999999,0.3,0.5,15
3-wise,242,41,good = 1 AND lossless = 1 AND FrameBoost = 1,TileColumns > 4.5 AND FrameBoost AND NOT complexity AND lossless,1,0.5915492957746479,0.7,0.5121951219512195,15
4-wise,958,133,good = 1 AND lossless = 1 AND FrameBoost = 1,lossless AND FrameBoost AND good,0,1.0,1.0,1.0,15
full,216000,27000,good = 1 AND AutoAltRef = 1 AND lossless = 1,AutoAltRef AND lossless AND NOT realtime,0,1.0,1.0,1.0,16
random_2,34,7,good = 1 AND AutoAltRef = 1 AND lossless = 1,Threads <= 7.0 AND TileColumns > 1.5 AND lossless AND bitRate > 750.0,3,0.6153846153846153,0.6666666666666666,0.5714285714285714,16
random_5,85,14,good = 1 AND AutoAltRef = 1 AND lossless = 1,TileColumns <= 1.5 AND AutoAltRef AND cpuUsed > 1.0 AND Threads <= 9.0,4,0.1481481481481481,0.1538461538461538,0.1428571428571428,16
random_10,170,18,good = 1 AND AutoAltRef = 1 AND lossless = 1,NOT AutoAltRef AND cpuUsed > 1.0 AND complexity,0,0.0,0.0,0.0,16
random_20,340,48,good = 1 AND AutoAltRef = 1 AND lossless = 1,bitRate <= 1350.0,4,0.2709677419354839,0.1603053435114503,0.875,16
2-wise,58,6,good = 1 AND AutoAltRef = 1 AND lossless = 1,NOT lossless AND cpuUsed > 7.0 AND bitRate <= 1200.0 AND off,0,0.0,0.0,0.0,16
3-wise,248,24,good = 1 AND AutoAltRef = 1 AND lossless = 1,bitRate <= 450.0 AND NOT lossless AND FrameBoost,0,0.0,0.0,0.0,16
4-wise,946,110,good = 1 AND AutoAltRef = 1 AND lossless = 1,lossless AND NOT realtime AND AutoAltRef,0,1.0,1.0,1.0,16
full,216000,27000,good = 1 AND AutoAltRef = 1 AND lossless = 1,AutoAltRef AND lossless AND good,0,1.0,1.0,1.0,17
random_2,34,5,good = 1 AND AutoAltRef = 1 AND lossless = 1,lagInFrames > 4.0 AND cpuUsed <= 5.0 AND AutoAltRef AND NOT variance,0,0.0,0.0,0.0,17
random_5,85,13,good = 1 AND AutoAltRef = 1 AND lossless = 1,lossless AND FrameBoost AND NOT constantBitrate,4,0.16,0.1666666666666666,0.1538461538461538,17
random_10,170,18,good = 1 AND AutoAltRef = 1 AND lossless = 1,AutoAltRef AND TileColumns <= 4.5 AND lagInFrames <= 4.0 AND cpuUsed > 3.0,4,0.2857142857142857,0.4,0.2222222222222222,17
random_20,340,41,good = 1 AND AutoAltRef = 1 AND lossless = 1,bitRate > 450.0,2,0.1857585139318885,0.1063829787234042,0.7317073170731707,17
2-wise,53,8,good = 1 AND AutoAltRef = 1 AND lossless = 1,bitRate > 1050.0 AND cpuUsed <= 5.0 AND AutoAltRef AND NOT constantBitrate,0,0.0,0.0,0.0,17
3-wise,243,25,good = 1 AND AutoAltRef = 1 AND lossless = 1,NOT constantBitrate AND off AND good,4,0.3829787234042554,0.4090909090909091,0.36,17
4-wise,920,124,good = 1 AND AutoAltRef = 1 AND lossless = 1,AutoAltRef AND good AND lossless,0,1.0,1.0,1.0,17
full,216000,27000,AutoAltRef = 1 AND lossless = 1 AND FrameBoost = 1,FrameBoost AND AutoAltRef AND lossless,0,1.0,1.0,1.0,18
random_2,34,5,AutoAltRef = 1 AND lossless = 1 AND FrameBoost = 1,lagInFrames > 12.0 AND Threads > 5.0,4,0.1428571428571428,0.1111111111111111,0.2,18
random_5,85,11,AutoAltRef = 1 AND lossless = 1 AND FrameBoost = 1,NOT AutoAltRef AND cpuUsed > 3.0 AND Threads <= 5.0 AND NOT complexity,0,0.0,0.0,0.0,18
random_10,170,21,AutoAltRef = 1 AND lossless = 1 AND FrameBoost = 1,lossless,4,0.3818181818181818,0.2359550561797752,1.0,18
random_20,340,46,AutoAltRef = 1 AND lossless = 1 AND FrameBoost = 1,Threads > 3.0,2,0.2484076433121019,0.1455223880597015,0.8478260869565217,18
2-wise,53,7,AutoAltRef = 1 AND lossless = 1 AND FrameBoost = 1,bitRate <= 750.0 AND NOT realtime AND NOT cyclicRefresh,0,0.0,0.0,0.0,18
3-wise,250,22,AutoAltRef = 1 AND lossless = 1 AND FrameBoost = 1,cyclicRefresh AND AutoAltRef AND variableBitrate AND Threads <= 4.0,0,0.0,0.0,0.0,18
4-wise,971,111,AutoAltRef = 1 AND lossless = 1 AND FrameBoost = 1,lossless AND AutoAltRef AND FrameBoost,0,1.0,1.0,1.0,18
full,216000,27000,realtime = 1 AND lossless = 1 AND FrameBoost = 1,lossless AND realtime AND FrameBoost,0,1.0,1.0,1.0,19
random_2,34,4,realtime = 1 AND lossless = 1 AND FrameBoost = 1,NOT realtime AND cpuUsed > 7.0 AND bitRate <= 1200.0 AND bitRate > 450.0,0,0.0,0.0,0.0,19
random_5,85,13,realtime = 1 AND lossless = 1 AND FrameBoost = 1,realtime AND FrameBoost AND TileColumns <= 4.5 AND lossless,0,0.96,1.0,0.9230769230769232,19
random_10,170,21,realtime = 1 AND lossless = 1 AND FrameBoost = 1,realtime AND bitRate <= 1350.0 AND TileColumns <= 1.5 AND NOT variance,4,0.3636363636363636,0.5,0.2857142857142857,19
random_20,340,45,realtime = 1 AND lossless = 1 AND FrameBoost = 1,bitRate <= 1050.0 AND FrameBoost AND bitRate <= 750.0 AND realtime,4,0.4594594594594594,0.5862068965517241,0.3777777777777777,19
2-wise,54,5,realtime = 1 AND lossless = 1 AND FrameBoost = 1,off AND Threads > 3.0 AND Threads <= 7.0 AND NOT constrainedQuality,0,0.0,0.0,0.0,19
3-wise,247,41,realtime = 1 AND lossless = 1 AND FrameBoost = 1,AutoAltRef,2,0.2699386503067484,0.180327868852459,0.5365853658536586,19
4-wise,928,110,realtime = 1 AND lossless = 1 AND FrameBoost = 1,lossless AND FrameBoost AND NOT good,0,1.0,1.0,1.0,19
full,216000,27000,realtime = 1 AND AutoAltRef = 1 AND FrameBoost = 1,realtime AND AutoAltRef AND FrameBoost,0,1.0,1.0,1.0,1
random_2,34,4,realtime = 1 AND AutoAltRef = 1 AND FrameBoost = 1,constantBitrate AND Threads <= 5.0 AND cpuUsed > 5.0 AND bitRate <= 1350.0,0,0.0,0.0,0.0,1
random_5,85,7,realtime = 1 AND AutoAltRef = 1 AND FrameBoost = 1,lagInFrames > 12.0 AND NOT FrameBoost AND Threads > 3.0 AND Threads <= 9.0,0,0.0,0.0,0.0,1
random_10,170,13,realtime = 1 AND AutoAltRef = 1 AND FrameBoost = 1,cpuUsed > 1.0 AND NOT lossless AND TileColumns > 4.5 AND good,0,0.0,0.0,0.0,1
random_20,340,38,realtime = 1 AND AutoAltRef = 1 AND FrameBoost = 1,NOT off AND NOT constrainedQuality,3,0.1948717948717948,0.1210191082802547,0.5,1
2-wise,53,4,realtime = 1 AND AutoAltRef = 1 AND FrameBoost = 1,bitRate <= 750.0 AND off AND bitRate <= 450.0,0,0.0,0.0,0.0,1
3-wise,238,31,realtime = 1 AND AutoAltRef = 1 AND FrameBoost = 1,bitRate > 450.0,4,0.1973094170403587,0.1145833333333333,0.7096774193548387,1
4-wise,931,109,realtime = 1 AND AutoAltRef = 1 AND FrameBoost = 1,TileColumns <= 4.5,0,0.193103448275862,0.1136363636363636,0.6422018348623854,1
full,216000,27000,AutoAltRef = 1 AND lossless = 1 AND FrameBoost = 1,AutoAltRef AND lossless AND FrameBoost,0,1.0,1.0,1.0,20
random_2,34,4,AutoAltRef = 1 AND lossless = 1 AND FrameBoost = 1,Threads <= 7.0 AND bitRate > 1350.0 AND NOT AutoAltRef AND off,0,0.0,0.0,0.0,20
random_5,85,10,AutoAltRef = 1 AND lossless = 1 AND FrameBoost = 1,Threads <= 9.0 AND off AND bitRate > 450.0 AND NOT AutoAltRef,0,0.0,0.0,0.0,20
random_10,170,19,AutoAltRef = 1 AND lossless = 1 AND FrameBoost = 1,cpuUsed > 5.0 AND TileColumns <= 1.5 AND Threads > 9.0,3,0.1904761904761905,1.0,0.1052631578947368,20
random_20,340,38,AutoAltRef = 1 AND lossless = 1 AND FrameBoost = 1,bitRate > 450.0 AND lossless AND AutoAltRef AND FrameBoost,0,0.8823529411764706,1.0,0.7894736842105263,20
2-wise,55,8,AutoAltRef = 1 AND lossless = 1 AND FrameBoost = 1,FrameBoost AND NOT off AND Threads > 7.0 AND NOT AutoAltRef,0,0.0,0.0,0.0,20
3-wise,238,28,AutoAltRef = 1 AND lossless = 1 AND FrameBoost = 1,TileColumns <= 4.5 AND bitRate <= 450.0 AND Threads > 5.0 AND lagInFrames <= 12.0,0,0.2222222222222222,0.2941176470588235,0.1785714285714285,20
4-wise,948,131,AutoAltRef = 1 AND lossless = 1 AND FrameBoost = 1,AutoAltRef AND lossless AND FrameBoost,0,1.0,1.0,1.0,20
full,216000,27000,good = 1 AND lossless = 1 AND FrameBoost = 1,FrameBoost AND lossless AND NOT realtime,0,1.0,1.0,1.0,21
random_2,34,5,good = 1 AND lossless = 1 AND FrameBoost = 1,NOT variance AND cpuUsed > 1.0 AND NOT FrameBoost AND bitRate <= 1350.0,0,0.0,0.0,0.0,21
random_5,85,9,good = 1 AND lossless = 1 AND FrameBoost = 1,lagInFrames > 12.0 AND cpuUsed > 1.0 AND variableBitrate,0,0.0,0.0,0.0,21
random_10,170,22,good = 1 AND lossless = 1 AND FrameBoost = 1,lagInFrames > 4.0 AND NOT FrameBoost AND bitRate <= 750.0 AND cpuUsed <= 3.0,0,0.0,0.0,0.0,21
random_20,340,41,good = 1 AND lossless = 1 AND FrameBoost = 1,bitRate <= 1350.0 AND FrameBoost,4,0.3428571428571428,0.2238805970149253,0.7317073170731707,21
2-wise,53,7,good = 1 AND lossless = 1 AND FrameBoost = 1,Threads <= 5.0 AND bitRate > 750.0 AND cpuUsed > 1.0,0,0.0,0.0,0.0,21
3-wise,240,26,good = 1 AND lossless = 1 AND FrameBoost = 1,cpuUsed > 1.0,3,0.1944444444444444,0.1105263157894736,0.8076923076923077,21
4-wise,930,125,good = 1 AND lossless = 1 AND FrameBoost = 1,cpuUsed <= 7.0 AND FrameBoost AND lossless,1,0.6600000000000001,0.5657142857142857,0.792,21
full,216000,27000,good = 1 AND AutoAltRef = 1 AND FrameBoost = 1,AutoAltRef AND good AND FrameBoost,0,1.0,1.0,1.0,22
random_2,34,2,good = 1 AND AutoAltRef = 1 AND FrameBoost = 1,NOT good AND cpuUsed > 1.0 AND NOT complexity AND Threads > 3.0,0,0.0,0.0,0.0,22
random_5,85,7,good = 1 AND AutoAltRef = 1 AND FrameBoost = 1,lagInFrames <= 4.0 AND Threads <= 3.0 AND NOT variance AND NOT constrainedQuality,0,0.0,0.0,0.0,22
random_10,170,16,good = 1 AND AutoAltRef = 1 AND FrameBoost = 1,AutoAltRef AND variableBitrate AND cyclicRefresh,0,0.0,0.0,0.0,22
random_20,340,37,good = 1 AND AutoAltRef = 1 AND FrameBoost = 1,good,2,0.3814432989690722,0.2356687898089172,1.0,22
2-wise,50,6,good = 1 AND AutoAltRef = 1 AND FrameBoost = 1,complexity AND realtime AND bitRate > 900.0 AND FrameBoost,0,0.0,0.0,0.0,22
3-wise,238,26,good = 1 AND AutoAltRef = 1 AND FrameBoost = 1,Threads <= 9.0,4,0.1698113207547169,0.0967741935483871,0.6923076923076923,22
4-wise,943,129,good = 1 AND AutoAltRef = 1 AND FrameBoost = 1,good AND AutoAltRef AND bitRate <= 1350.0 AND FrameBoost,0,0.8782608695652173,1.0,0.7829457364341085,22
full,216000,27000,good = 1 AND AutoAltRef = 1 AND FrameBoost = 1,NOT realtime AND FrameBoost AND AutoAltRef,0,1.0,1.0,1.0,23
random_2,34,3,good = 1 AND AutoAltRef = 1 AND FrameBoost = 1,bitRate > 750.0 AND lagInFrames > 12.0 AND NOT off AND NOT variableBitrate,0,0.0,0.0,0.0,23
random_5,85,11,good = 1 AND AutoAltRef = 1 AND FrameBoost = 1,lagInFrames > 12.0 AND variance,0,0.0,0.0,0.0,23
random_10,170,22,good = 1 AND AutoAltRef = 1 AND FrameBoost = 1,lagInFrames <= 12.0,3,0.1492537313432836,0.0892857142857142,0.4545454545454545,23
random_20,340,35,good = 1 AND AutoAltRef = 1 AND FrameBoost = 1,TileColumns <= 4.5,3,0.1574803149606299,0.091324200913242,0.5714285714285714,23
2-wise,53,4,good = 1 AND AutoAltRef = 1 AND FrameBoost = 1,cpuUsed <= 1.0 AND Threads > 3.0 AND NOT AutoAltRef AND NOT cyclicRefresh,0,0.0,0.0,0.0,23
3-wise,238,32,good = 1 AND AutoAltRef = 1 AND FrameBoost = 1,AutoAltRef AND FrameBoost AND good,0,1.0,1.0,1.0,23
4-wise,939,102,good = 1 AND AutoAltRef = 1 AND FrameBoost = 1,FrameBoost AND AutoAltRef AND good,0,1.0,1.0,1.0,23
full,216000,27000,realtime = 1 AND lossless = 1 AND FrameBoost = 1,lossless AND realtime AND FrameBoost,0,1.0,1.0,1.0,24
random_2,34,5,realtime = 1 AND lossless = 1 AND FrameBoost = 1,NOT constantBitrate AND lagInFrames <= 12.0 AND cpuUsed <= 7.0,4,0.3749999999999999,0.2727272727272727,0.6,24
random_5,85,9,realtime = 1 AND lossless = 1 AND FrameBoost = 1,variableBitrate AND cpuUsed > 7.0 AND Threads <= 7.0,3,0.1666666666666666,0.3333333333333333,0.1111111111111111,24
random_10,170,23,realtime = 1 AND lossless = 1 AND FrameBoost = 1,NOT lossless AND bitRate <= 750.0 AND NOT AutoAltRef,0,0.0,0.0,0.0,24
random_20,340,42,realtime = 1 AND lossless = 1 AND FrameBoost = 1,lossless AND realtime AND FrameBoost,0,1.0,1.0,1.0,24
2-wise,55,3,realtime = 1 AND lossless = 1 AND FrameBoost = 1,Threads > 9.0 AND TileColumns <= 4.5,3,0.3636363636363636,0.25,0.6666666666666666,24
3-wise,244,36,realtime = 1 AND lossless = 1 AND FrameBoost = 1,bitRate > 450.0 AND cyclicRefresh AND bitRate > 750.0 AND AutoAltRef,1,0.1481481481481481,0.2222222222222222,0.1111111111111111,24
4-wise,932,114,realtime = 1 AND lossless = 1 AND FrameBoost = 1,FrameBoost AND realtime AND lossless,0,1.0,1.0,1.0,24
full,216000,27000,AutoAltRef = 1 AND lossless = 1 AND FrameBoost = 1,AutoAltRef AND FrameBoost AND lossless,0,1.0,1.0,1.0,25
random_2,34,2,AutoAltRef = 1 AND lossless = 1 AND FrameBoost = 1,constrainedQuality,0,0.0,0.0,0.0,25
random_5,85,6,AutoAltRef = 1 AND lossless = 1 AND FrameBoost = 1,Threads > 9.0 AND FrameBoost AND TileColumns <= 4.5 AND bitRate > 900.0,0,0.0,0.0,0.0,25
random_10,170,23,AutoAltRef = 1 AND lossless = 1 AND FrameBoost = 1,AutoAltRef AND constantBitrate AND bitRate <= 1050.0 AND NOT FrameBoost,0,0.0,0.0,0.0,25
random_20,340,43,AutoAltRef = 1 AND lossless = 1 AND FrameBoost = 1,AutoAltRef AND FrameBoost AND lossless,0,1.0,1.0,1.0,25
2-wise,52,7,AutoAltRef = 1 AND lossless = 1 AND FrameBoost = 1,NOT realtime AND Threads <= 5.0 AND cpuUsed <= 7.0,0,0.0,0.0,0.0,25
3-wise,240,28,AutoAltRef = 1 AND lossless = 1 AND FrameBoost = 1,NOT variance AND lossless AND AutoAltRef AND FrameBoost,0,0.88,1.0,0.7857142857142857,25
4-wise,951,116,AutoAltRef = 1 AND lossless = 1 AND FrameBoost = 1,FrameBoost AND AutoAltRef AND lossless,0,1.0,1.0,1.0,25
full,216000,27000,AutoAltRef = 1 AND lossless = 1 AND FrameBoost = 1,FrameBoost AND AutoAltRef AND lossless,0,1.0,1.0,1.0,26
random_2,34,4,AutoAltRef = 1 AND lossless = 1 AND FrameBoost = 1,NOT constantBitrate AND NOT AutoAltRef AND TileColumns <= 4.5,0,0.0,0.0,0.0,26
random_5,85,8,AutoAltRef = 1 AND lossless = 1 AND FrameBoost = 1,NOT realtime AND Threads > 7.0 AND TileColumns <= 1.5 AND NOT variableBitrate,0,0.0,0.0,0.0,26
random_10,170,17,AutoAltRef = 1 AND lossless = 1 AND FrameBoost = 1,lossless AND AutoAltRef AND lagInFrames > 4.0 AND NOT off,3,0.7027027027027027,0.65,0.7647058823529411,26
random_20,340,38,AutoAltRef = 1 AND lossless = 1 AND FrameBoost = 1,lossless,2,0.374384236453202,0.2303030303030303,1.0,26
2-wise,52,6,AutoAltRef = 1 AND lossless = 1 AND FrameBoost = 1,NOT variance AND realtime AND AutoAltRef,0,0.0,0.0,0.0,26
3-wise,241,25,AutoAltRef = 1 AND lossless = 1 AND FrameBoost = 1,lossless AND FrameBoost AND cpuUsed <= 7.0 AND AutoAltRef,0,0.9361702127659576,1.0,0.88,26
4-wise,932,127,AutoAltRef = 1 AND lossless = 1 AND FrameBoost = 1,NOT variableBitrate AND NOT cyclicRefresh AND lossless AND AutoAltRef,4,0.5224489795918368,0.5423728813559322,0.5039370078740157,26
full,216000,27000,good = 1 AND AutoAltRef = 1 AND lossless = 1,good AND AutoAltRef AND lossless,0,1.0,1.0,1.0,27
random_2,34,3,good = 1 AND AutoAltRef = 1 AND lossless = 1,TileColumns <= 4.5 AND bitRate > 750.0 AND cpuUsed <= 1.0 AND bitRate <= 1050.0,0,0.0,0.0,0.0,27
random_5,85,7,good = 1 AND AutoAltRef = 1 AND lossless = 1,TileColumns <= 1.5 AND lagInFrames > 4.0 AND bitRate > 1350.0 AND NOT constantBitrate,0,0.0,0.0,0.0,27
random_10,170,18,good = 1 AND AutoAltRef = 1 AND lossless = 1,Threads <= 3.0 AND cpuUsed > 3.0 AND lossless,4,0.2068965517241379,0.2727272727272727,0.1666666666666666,27
random_20,340,36,good = 1 AND AutoAltRef = 1 AND lossless = 1,TileColumns > 1.5 AND lagInFrames > 4.0 AND lossless,2,0.2711864406779661,0.1951219512195122,0.4444444444444444,27
2-wise,56,9,good = 1 AND AutoAltRef = 1 AND lossless = 1,AutoAltRef AND good AND NOT lossless AND FrameBoost,0,0.0,0.0,0.0,27
3-wise,237,28,good = 1 AND AutoAltRef = 1 AND lossless = 1,variableBitrate AND lagInFrames <= 4.0 AND TileColumns > 4.5,0,0.0,0.0,0.0,27
4-wise,946,133,good = 1 AND AutoAltRef = 1 AND lossless = 1,AutoAltRef AND good AND lossless,0,1.0,1.0,1.0,27
full,216000,27000,realtime = 1 AND AutoAltRef = 1 AND lossless = 1,bitRate > 750.0,0,0.2068965517241379,0.125,0.6,28
random_2,34,6,realtime = 1 AND AutoAltRef = 1 AND lossless = 1,cyclicRefresh AND Threads > 3.0 AND bitRate > 1350.0,0,0.0,0.0,0.0,28
random_5,85,12,realtime = 1 AND AutoAltRef = 1 AND lossless = 1,lagInFrames <= 12.0 AND cpuUsed > 1.0 AND NOT lossless AND lagInFrames <= 4.0,0,0.0,0.0,0.0,28
random_10,170,18,realtime = 1 AND AutoAltRef = 1 AND lossless = 1,variance AND NOT FrameBoost AND Threads <= 7.0 AND NOT constantBitrate,0,0.0,0.0,0.0,28
random_20,340,40,realtime = 1 AND AutoAltRef = 1 AND lossless = 1,Threads <= 7.0,1,0.2136752136752136,0.1288659793814432,0.625,28
2-wise,53,7,realtime = 1 AND AutoAltRef = 1 AND lossless = 1,bitRate <= 1350.0 AND TileColumns > 1.5 AND Threads <= 7.0 AND constantBitrate,0,0.0,0.0,0.0,28
3-wise,241,23,realtime = 1 AND AutoAltRef = 1 AND lossless = 1,variableBitrate AND TileColumns > 4.5 AND Threads <= 3.0 AND NOT complexity,0,0.0,0.0,0.0,28
4-wise,941,123,realtime = 1 AND AutoAltRef = 1 AND lossless = 1,NOT variance,0,0.2176541717049576,0.1278409090909091,0.7317073170731707,28
full,216000,27000,good = 1 AND AutoAltRef = 1 AND FrameBoost = 1,FrameBoost AND NOT realtime AND AutoAltRef,0,1.0,1.0,1.0,29
random_2,34,5,good = 1 AND AutoAltRef = 1 AND FrameBoost = 1,TileColumns <= 1.5 AND variableBitrate,0,0.0,0.0,0.0,29
random_5,85,11,good = 1 AND AutoAltRef = 1 AND FrameBoost = 1,Threads > 5.0 AND TileColumns <= 4.5 AND NOT constantBitrate AND lagInFrames > 12.0,2,0.1999999999999999,0.2222222222222222,0.1818181818181818,29
random_10,170,20,good = 1 AND AutoAltRef = 1 AND FrameBoost = 1,FrameBoost AND bitRate <= 1350.0 AND good AND NOT constantBitrate,3,0.4444444444444445,0.5,0.4,29
random_20,340,43,good = 1 AND AutoAltRef = 1 AND FrameBoost = 1,FrameBoost AND good,2,0.7049180327868853,0.5443037974683544,1.0,29
2-wise,49,4,good = 1 AND AutoAltRef = 1 AND FrameBoost = 1,good AND cpuUsed <= 1.0,0,0.0,0.0,0.0,29
3-wise,239,34,good = 1 AND AutoAltRef = 1 AND FrameBoost = 1,NOT cyclicRefresh,4,0.2211981566820276,0.1311475409836065,0.7058823529411765,29
4-wise,929,131,good = 1 AND AutoAltRef = 1 AND FrameBoost = 1,good AND AutoAltRef AND FrameBoost,0,1.0,1.0,1.0,29
full,216000,27000,realtime = 1 AND AutoAltRef = 1 AND lossless = 1,NOT constantBitrate,0,0.2105263157894736,0.125,0.6666666666666666,2
random_2,34,3,realtime = 1 AND AutoAltRef = 1 AND lossless = 1,bitRate > 450.0 AND constrainedQuality AND variance AND AutoAltRef,0,0.0,0.0,0.0,2
random_5,85,10,realtime = 1 AND AutoAltRef = 1 AND lossless = 1,TileColumns > 4.5 AND NOT constantBitrate AND NOT off AND Threads > 8.0,0,0.0,0.0,0.0,2
random_10,170,22,realtime = 1 AND AutoAltRef = 1 AND lossless = 1,bitRate <= 1350.0,3,0.1935483870967741,0.112781954887218,0.6818181818181818,2
random_20,340,35,realtime = 1 AND AutoAltRef = 1 AND lossless = 1,lagInFrames <= 12.0,1,0.1992337164750958,0.1150442477876106,0.7428571428571429,2
2-wise,53,7,realtime = 1 AND AutoAltRef = 1 AND lossless = 1,NOT realtime AND Threads > 5.0 AND NOT cyclicRefresh,0,0.0,0.0,0.0,2
3-wise,248,33,realtime = 1 AND AutoAltRef = 1 AND lossless = 1,NOT cyclicRefresh,4,0.2321428571428571,0.1361256544502617,0.7878787878787878,2
4-wise,936,114,realtime = 1 AND AutoAltRef = 1 AND lossless = 1,realtime,0,0.3917525773195876,0.2435897435897435,1.0,2
full,216000,27000,realtime = 1 AND AutoAltRef = 1 AND FrameBoost = 1,NOT good AND AutoAltRef AND FrameBoost,0,1.0,1.0,1.0,30
random_2,34,6,realtime = 1 AND AutoAltRef = 1 AND FrameBoost = 1,NOT variableBitrate AND good AND NOT cyclicRefresh AND lagInFrames <= 12.0,0,0.0,0.0,0.0,30
random_5,85,10,realtime = 1 AND AutoAltRef = 1 AND FrameBoost = 1,TileColumns > 4.5 AND constrainedQuality,4,0.1111111111111111,0.125,0.1,30
random_10,170,20,realtime = 1 AND AutoAltRef = 1 AND FrameBoost = 1,bitRate > 1050.0 AND FrameBoost AND NOT off,4,0.339622641509434,0.2727272727272727,0.45,30
random_20,340,38,realtime = 1 AND AutoAltRef = 1 AND FrameBoost = 1,AutoAltRef,2,0.3470319634703196,0.2099447513812154,1.0,30
2-wise,50,4,realtime = 1 AND AutoAltRef = 1 AND FrameBoost = 1,cpuUsed > 7.0 AND lossless AND variance,0,0.0,0.0,0.0,30
3-wise,236,30,realtime = 1 AND AutoAltRef = 1 AND FrameBoost = 1,AutoAltRef AND bitRate > 450.0 AND NOT good AND NOT variance,4,0.5,0.4473684210526316,0.5666666666666667,30
4-wise,947,123,realtime = 1 AND AutoAltRef = 1 AND FrameBoost = 1,cpuUsed <= 5.0 AND FrameBoost AND realtime,3,0.5461254612546126,0.5,0.6016260162601627,30
full,216000,27000,realtime = 1 AND lossless = 1 AND FrameBoost = 1,realtime AND FrameBoost AND lossless,0,1.0,1.0,1.0,31
random_2,34,3,realtime = 1 AND lossless = 1 AND FrameBoost = 1,NOT realtime AND NOT constantBitrate,0,0.0,0.0,0.0,31
random_5,85,9,realtime = 1 AND lossless = 1 AND FrameBoost = 1,Threads > 5.0 AND NOT cyclicRefresh AND FrameBoost AND NOT lossless,0,0.0,0.0,0.0,31
random_10,170,14,realtime = 1 AND lossless = 1 AND FrameBoost = 1,Threads > 7.0 AND cpuUsed <= 7.0 AND AutoAltRef AND cpuUsed > 3.0,3,0.0952380952380952,0.1428571428571428,0.0714285714285714,31
random_20,340,33,realtime = 1 AND lossless = 1 AND FrameBoost = 1,cpuUsed > 3.0,2,0.1674008810572687,0.0979381443298969,0.5757575757575758,31
2-wise,53,5,realtime = 1 AND lossless = 1 AND FrameBoost = 1,Threads > 7.0 AND AutoAltRef AND cpuUsed <= 7.0,0,0.0,0.0,0.0,31
3-wise,230,28,realtime = 1 AND lossless = 1 AND FrameBoost = 1,bitRate > 450.0 AND cpuUsed <= 1.0 AND complexity AND Threads <= 9.0,0,0.0,0.0,0.0,31
4-wise,960,117,realtime = 1 AND lossless = 1 AND FrameBoost = 1,Threads <= 5.0,1,0.1984126984126984,0.1291989664082687,0.4273504273504273,31
full,216000,27000,AutoAltRef = 1 AND lossless = 1 AND FrameBoost = 1,AutoAltRef AND FrameBoost AND lossless,0,1.0,1.0,1.0,32
random_2,34,3,AutoAltRef = 1 AND lossless = 1 AND FrameBoost = 1,NOT constantBitrate AND cyclicRefresh AND cpuUsed > 5.0,0,0.0,0.0,0.0,32
random_5,85,8,AutoAltRef = 1 AND lossless = 1 AND FrameBoost = 1,NOT variance AND Threads <= 5.0 AND NOT complexity AND cpuUsed <= 3.0,0,0.0,0.0,0.0,32
random_10,170,13,AutoAltRef = 1 AND lossless = 1 AND FrameBoost = 1,FrameBoost,4,0.2795698924731182,0.1625,1.0,32
random_20,340,39,AutoAltRef = 1 AND lossless = 1 AND FrameBoost = 1,bitRate <= 1050.0,2,0.2396694214876033,0.1428571428571428,0.7435897435897436,32
2-wise,47,4,AutoAltRef = 1 AND lossless = 1 AND FrameBoost = 1,Threads <= 9.0 AND TileColumns <= 4.5 AND cpuUsed <= 7.0 AND off,0,0.0,0.0,0.0,32
3-wise,241,34,AutoAltRef = 1 AND lossless = 1 AND FrameBoost = 1,cpuUsed > 3.0 AND bitRate > 450.0,4,0.2266666666666666,0.146551724137931,0.5,32
4-wise,956,131,AutoAltRef = 1 AND lossless = 1 AND FrameBoost = 1,bitRate > 750.0,0,0.2314285714285714,0.1423550087873462,0.6183206106870229,32
full,216000,27000,AutoAltRef = 1 AND lossless = 1 AND FrameBoost = 1,AutoAltRef AND lossless AND FrameBoost,0,1.0,1.0,1.0,33
random_2,34,1,AutoAltRef = 1 AND lossless = 1 AND FrameBoost = 1,constrainedQuality AND cpuUsed <= 5.0,0,0.0,0.0,0.0,33
random_5,85,10,AutoAltRef = 1 AND lossless = 1 AND FrameBoost = 1,bitRate <= 1050.0 AND cpuUsed > 3.0 AND cpuUsed > 5.0 AND lagInFrames <= 4.0,4,0.2352941176470588,0.2857142857142857,0.2,33
random_10,170,21,AutoAltRef = 1 AND lossless = 1 AND FrameBoost = 1,AutoAltRef AND FrameBoost AND cpuUsed > 1.0 AND Threads <= 7.0,3,0.5,0.6,0.4285714285714285,33
random_20,340,46,AutoAltRef = 1 AND lossless = 1 AND FrameBoost = 1,lossless AND AutoAltRef AND FrameBoost,0,1.0,1.0,1.0,33
2-wise,50,5,AutoAltRef = 1 AND lossless = 1 AND FrameBoost = 1,NOT lossless AND NOT good AND cpuUsed > 7.0 AND NOT variance,0,0.0,0.0,0.0,33
3-wise,237,25,AutoAltRef = 1 AND lossless = 1 AND FrameBoost = 1,NOT constrainedQuality,3,0.1956521739130435,0.1132075471698113,0.72,33
4-wise,944,123,AutoAltRef = 1 AND lossless = 1 AND FrameBoost = 1,lossless AND AutoAltRef AND FrameBoost,0,1.0,1.0,1.0,33
full,216000,27000,good = 1 AND AutoAltRef = 1 AND FrameBoost = 1,FrameBoost AND AutoAltRef AND good,0,1.0,1.0,1.0,34
random_2,34,4,good = 1 AND AutoAltRef = 1 AND FrameBoost = 1,NOT variance AND TileColumns <= 1.5,0,0.0,0.0,0.0,34
random_5,85,12,good = 1 AND AutoAltRef = 1 AND FrameBoost = 1,NOT AutoAltRef AND cpuUsed > 7.0 AND lossless AND Threads > 4.0,0,0.0,0.0,0.0,34
random_10,170,20,good = 1 AND AutoAltRef = 1 AND FrameBoost = 1,NOT good AND bitRate <= 750.0 AND lagInFrames > 4.0 AND FrameBoost,0,0.0,0.0,0.0,34
random_20,340,42,good = 1 AND AutoAltRef = 1 AND FrameBoost = 1,good AND TileColumns <= 4.5 AND NOT variableBitrate AND FrameBoost,3,0.4634146341463414,0.475,0.4523809523809524,34
2-wise,51,8,good = 1 AND AutoAltRef = 1 AND FrameBoost = 1,variance AND realtime AND cpuUsed <= 5.0 AND NOT constrainedQuality,0,0.0,0.0,0.0,34
3-wise,239,29,good = 1 AND AutoAltRef = 1 AND FrameBoost = 1,cpuUsed <= 1.0 AND lagInFrames <= 4.0 AND TileColumns > 1.5,0,0.0,0.0,0.0,34
4-wise,926,108,good = 1 AND AutoAltRef = 1 AND FrameBoost = 1,NOT off,0,0.199017199017199,0.1147308781869688,0.75,34
full,216000,27000,AutoAltRef = 1 AND lossless = 1 AND FrameBoost = 1,lossless AND AutoAltRef AND FrameBoost,0,1.0,1.0,1.0,35
random_2,34,2,AutoAltRef = 1 AND lossless = 1 AND FrameBoost = 1,Threads <= 5.0 AND bitRate > 450.0,0,0.0,0.0,0.0,35
random_5,85,5,AutoAltRef = 1 AND lossless = 1 AND FrameBoost = 1,lagInFrames <= 4.0 AND NOT cyclicRefresh AND constrainedQuality,0,0.0,0.0,0.0,35
random_10,170,20,AutoAltRef = 1 AND lossless = 1 AND FrameBoost = 1,NOT complexity AND lagInFrames > 12.0 AND NOT AutoAltRef,0,0.0,0.0,0.0,35
random_20,340,37,AutoAltRef = 1 AND lossless = 1 AND FrameBoost = 1,lagInFrames > 12.0,3,0.1879194630872483,0.125,0.3783783783783784,35
2-wise,49,7,AutoAltRef = 1 AND lossless = 1 AND FrameBoost = 1,NOT FrameBoost AND bitRate <= 1350.0 AND NOT good AND lagInFrames <= 12.0,0,0.0,0.0,0.0,35
3-wise,244,31,AutoAltRef = 1 AND lossless = 1 AND FrameBoost = 1,FrameBoost,4,0.4105960264900662,0.2583333333333333,1.0,35
4-wise,946,120,AutoAltRef = 1 AND lossless = 1 AND FrameBoost = 1,lossless,0,0.4130808950086058,0.2603036876355748,1.0,35
full,216000,27000,realtime = 1 AND AutoAltRef = 1 AND lossless = 1,lossless AND NOT good AND AutoAltRef,0,1.0,1.0,1.0,36
random_2,34,7,realtime = 1 AND AutoAltRef = 1 AND lossless = 1,bitRate > 1050.0 AND lagInFrames <= 12.0 AND NOT lossless AND TileColumns <= 4.5,0,0.0,0.0,0.0,36
random_5,85,13,realtime = 1 AND AutoAltRef = 1 AND lossless = 1,lossless AND Threads > 3.0 AND bitRate <= 450.0 AND NOT constantBitrate,0,0.0,0.0,0.0,36
random_10,170,26,realtime = 1 AND AutoAltRef = 1 AND lossless = 1,realtime AND bitRate > 1350.0 AND cpuUsed > 3.0,4,0.1081081081081081,0.1818181818181818,0.0769230769230769,36
random_20,340,45,realtime = 1 AND AutoAltRef = 1 AND lossless = 1,Threads > 7.0,2,0.2197802197802197,0.145985401459854,0.4444444444444444,36
2-wise,53,8,realtime = 1 AND AutoAltRef = 1 AND lossless = 1,NOT off AND bitRate > 750.0 AND lagInFrames > 12.0 AND Threads <= 7.0,0,0.0,0.0,0.0,36
3-wise,244,33,realtime = 1 AND AutoAltRef = 1 AND lossless = 1,lossless AND Threads > 5.0 AND AutoAltRef AND NOT good,0,0.7777777777777778,1.0,0.6363636363636364,36
4-wise,957,129,realtime = 1 AND AutoAltRef = 1 AND lossless = 1,lossless AND AutoAltRef AND NOT good,0,1.0,1.0,1.0,36
full,216000,27000,good = 1 AND AutoAltRef = 1 AND FrameBoost = 1,AutoAltRef AND FrameBoost AND good,0,1.0,1.0,1.0,37
random_2,34,4,good = 1 AND AutoAltRef = 1 AND FrameBoost = 1,AutoAltRef AND complexity AND good,4,0.6666666666666666,1.0,0.5,37
random_5,85,11,good = 1 AND AutoAltRef = 1 AND FrameBoost = 1,NOT realtime AND variance AND AutoAltRef AND lagInFrames > 8.0,2,0.3076923076923077,1.0,0.1818181818181818,37
random_10,170,27,good = 1 AND AutoAltRef = 1 AND FrameBoost = 1,cpuUsed > 3.0 AND NOT constantBitrate AND lagInFrames <= 4.0,4,0.2040816326530612,0.2272727272727272,0.1851851851851851,37
random_20,340,45,good = 1 AND AutoAltRef = 1 AND FrameBoost = 1,AutoAltRef AND FrameBoost AND NOT realtime,0,1.0,1.0,1.0,37
2-wise,51,10,good = 1 AND AutoAltRef = 1 AND FrameBoost = 1,cpuUsed <= 1.0 AND lagInFrames <= 12.0 AND NOT variableBitrate AND NOT off,0,0.0,0.0,0.0,37
3-wise,240,35,good = 1 AND AutoAltRef = 1 AND FrameBoost = 1,TileColumns <= 4.5,1,0.2549019607843137,0.1538461538461538,0.7428571428571429,37
4-wise,943,110,good = 1 AND AutoAltRef = 1 AND FrameBoost = 1,AutoAltRef AND FrameBoost AND good,0,1.0,1.0,1.0,37
full,216000,27000,good = 1 AND AutoAltRef = 1 AND FrameBoost = 1,NOT realtime AND AutoAltRef AND FrameBoost,0,1.0,1.0,1.0,38
random_2,34,6,good = 1 AND AutoAltRef = 1 AND FrameBoost = 1,NOT AutoAltRef AND lagInFrames > 12.0 AND bitRate > 750.0,0,0.0,0.0,0.0,38
random_5,85,12,good = 1 AND AutoAltRef = 1 AND FrameBoost = 1,TileColumns > 1.5 AND NOT complexity AND Threads > 3.0 AND variance,3,0.2727272727272727,0.3,0.25,38
random_10,170,26,good = 1 AND AutoAltRef = 1 AND FrameBoost = 1,AutoAltRef AND FrameBoost AND good,0,1.0,1.0,1.0,38
random_20,340,42,good = 1 AND AutoAltRef = 1 AND FrameBoost = 1,NOT realtime AND FrameBoost AND AutoAltRef,0,1.0,1.0,1.0,38
2-wise,53,8,good = 1 AND AutoAltRef = 1 AND FrameBoost = 1,Threads <= 3.0 AND NOT constantBitrate AND TileColumns > 1.5 AND NOT off,0,0.0,0.0,0.0,38
3-wise,246,18,good = 1 AND AutoAltRef = 1 AND FrameBoost = 1,cpuUsed > 3.0 AND Threads <= 9.0,4,0.106060606060606,0.0614035087719298,0.3888888888888889,38
4-wise,937,104,good = 1 AND AutoAltRef = 1 AND FrameBoost = 1,NOT realtime AND AutoAltRef AND FrameBoost,0,1.0,1.0,1.0,38
full,216000,27000,realtime = 1 AND lossless = 1 AND FrameBoost = 1,FrameBoost AND lossless AND NOT good,0,1.0,1.0,1.0,39
random_2,34,2,realtime = 1 AND lossless = 1 AND FrameBoost = 1,NOT lossless AND NOT constantBitrate AND TileColumns > 4.5 AND Threads > 7.0,0,0.0,0.0,0.0,39
random_5,85,9,realtime = 1 AND lossless = 1 AND FrameBoost = 1,lagInFrames > 12.0 AND cpuUsed > 3.0 AND cpuUsed <= 7.0 AND TileColumns <= 1.5,0,0.0,0.0,0.0,39
random_10,170,21,realtime = 1 AND lossless = 1 AND FrameBoost = 1,Threads > 3.0,4,0.1951219512195122,0.1118881118881118,0.7619047619047619,39
random_20,340,41,realtime = 1 AND lossless = 1 AND FrameBoost = 1,NOT good,3,0.3849765258215962,0.2383720930232558,1.0,39
2-wise,53,10,realtime = 1 AND lossless = 1 AND FrameBoost = 1,FrameBoost AND NOT realtime AND NOT constrainedQuality,0,0.0,0.0,0.0,39
3-wise,242,28,realtime = 1 AND lossless = 1 AND FrameBoost = 1,Threads <= 5.0,4,0.2812499999999999,0.18,0.6428571428571429,39
4-wise,950,119,realtime = 1 AND lossless = 1 AND FrameBoost = 1,NOT good AND Threads <= 7.0 AND FrameBoost,4,0.5363984674329502,0.4929577464788732,0.5882352941176471,39
full,216000,27000,good = 1 AND AutoAltRef = 1 AND FrameBoost = 1,AutoAltRef AND FrameBoost AND good,0,1.0,1.0,1.0,3
random_2,34,3,good = 1 AND AutoAltRef = 1 AND FrameBoost = 1,FrameBoost AND NOT AutoAltRef,0,0.0,0.0,0.0,3
random_5,85,11,good = 1 AND AutoAltRef = 1 AND FrameBoost = 1,NOT FrameBoost AND variance AND Threads > 7.0 AND NOT AutoAltRef,0,0.0,0.0,0.0,3
random_10,170,24,good = 1 AND AutoAltRef = 1 AND FrameBoost = 1,AutoAltRef,4,0.4247787610619469,0.2696629213483146,1.0,3
random_20,340,40,good = 1 AND AutoAltRef = 1 AND FrameBoost = 1,AutoAltRef AND bitRate > 450.0 AND FrameBoost AND NOT realtime,0,0.9189189189189187,1.0,0.85,3
2-wise,50,7,good = 1 AND AutoAltRef = 1 AND FrameBoost = 1,NOT variableBitrate AND cpuUsed <= 3.0 AND NOT variance AND NOT FrameBoost,0,0.0,0.0,0.0,3
3-wise,241,35,good = 1 AND AutoAltRef = 1 AND FrameBoost = 1,NOT constrainedQuality,2,0.2335025380710659,0.1419753086419753,0.6571428571428571,3
4-wise,927,106,good = 1 AND AutoAltRef = 1 AND FrameBoost = 1,NOT realtime AND AutoAltRef AND FrameBoost,0,1.0,1.0,1.0,3
full,216000,27000,realtime = 1 AND lossless = 1 AND FrameBoost = 1,FrameBoost AND lossless AND realtime,0,1.0,1.0,1.0,40
random_2,34,8,realtime = 1 AND lossless = 1 AND FrameBoost = 1,lagInFrames <= 4.0 AND Threads > 3.0 AND cpuUsed <= 6.0,0,0.0,0.0,0.0,40
random_5,85,19,realtime = 1 AND lossless = 1 AND FrameBoost = 1,FrameBoost AND cyclicRefresh AND lossless AND Threads <= 7.0,4,0.2727272727272727,1.0,0.1578947368421052,40
random_10,170,24,realtime = 1 AND lossless = 1 AND FrameBoost = 1,NOT variableBitrate AND lagInFrames <= 4.0 AND Threads > 9.0,4,0.0606060606060606,0.1111111111111111,0.0416666666666666,40
random_20,340,43,realtime = 1 AND lossless = 1 AND FrameBoost = 1,bitRate <= 1350.0,3,0.2172523961661341,0.1259259259259259,0.7906976744186046,40
2-wise,51,6,realtime = 1 AND lossless = 1 AND FrameBoost = 1,NOT variableBitrate AND off AND NOT constrainedQuality AND NOT realtime,0,0.0,0.0,0.0,40
3-wise,241,31,realtime = 1 AND lossless = 1 AND FrameBoost = 1,lagInFrames > 4.0,3,0.2256410256410256,0.1341463414634146,0.7096774193548387,40
4-wise,934,127,realtime = 1 AND lossless = 1 AND FrameBoost = 1,FrameBoost AND lossless AND realtime,0,1.0,1.0,1.0,40
full,216000,27000,good = 1 AND AutoAltRef = 1 AND FrameBoost = 1,good AND FrameBoost AND AutoAltRef,0,1.0,1.0,1.0,41
random_2,34,4,good = 1 AND AutoAltRef = 1 AND FrameBoost = 1,NOT constrainedQuality AND cpuUsed <= 7.0 AND NOT FrameBoost,0,0.0,0.0,0.0,41
random_5,85,9,good = 1 AND AutoAltRef = 1 AND FrameBoost = 1,NOT variableBitrate AND cpuUsed > 7.0 AND bitRate <= 1050.0,0,0.0,0.0,0.0,41
random_10,170,19,good = 1 AND AutoAltRef = 1 AND FrameBoost = 1,lagInFrames <= 12.0,4,0.208955223880597,0.1217391304347826,0.7368421052631579,41
random_20,340,43,good = 1 AND AutoAltRef = 1 AND FrameBoost = 1,bitRate <= 1350.0,2,0.2229299363057325,0.1291512915129151,0.813953488372093,41
2-wise,50,12,good = 1 AND AutoAltRef = 1 AND FrameBoost = 1,Threads > 7.0 AND lagInFrames <= 4.0 AND NOT good AND cpuUsed <= 7.0,0,0.0,0.0,0.0,41
3-wise,239,34,good = 1 AND AutoAltRef = 1 AND FrameBoost = 1,Threads <= 9.0,4,0.2300884955752212,0.1354166666666666,0.7647058823529411,41
4-wise,928,107,good = 1 AND AutoAltRef = 1 AND FrameBoost = 1,NOT constantBitrate,0,0.1926729986431478,0.1126984126984127,0.6635514018691588,41
full,216000,27000,good = 1 AND AutoAltRef = 1 AND FrameBoost = 1,NOT realtime AND FrameBoost AND AutoAltRef,0,1.0,1.0,1.0,42
random_2,34,6,good = 1 AND AutoAltRef = 1 AND FrameBoost = 1,Threads <= 7.0 AND constantBitrate,0,0.0,0.0,0.0,42
random_5,85,10,good = 1 AND AutoAltRef = 1 AND FrameBoost = 1,NOT lossless AND lagInFrames > 4.0 AND TileColumns <= 4.5 AND off,0,0.0,0.0,0.0,42
random_10,170,24,good = 1 AND AutoAltRef = 1 AND FrameBoost = 1,cpuUsed > 3.0,4,0.2764227642276423,0.1717171717171717,0.7083333333333334,42
random_20,340,37,good = 1 AND AutoAltRef = 1 AND FrameBoost = 1,FrameBoost AND AutoAltRef AND NOT realtime,0,1.0,1.0,1.0,42
2-wise,56,9,good = 1 AND AutoAltRef = 1 AND FrameBoost = 1,Threads <= 7.0 AND bitRate <= 750.0 AND NOT complexity AND bitRate <= 450.0,0,0.0,0.0,0.0,42
3-wise,250,32,good = 1 AND AutoAltRef = 1 AND FrameBoost = 1,cpuUsed <= 7.0,4,0.2297872340425532,0.1330049261083744,0.84375,42
4-wise,931,111,good = 1 AND AutoAltRef = 1 AND FrameBoost = 1,lagInFrames <= 12.0 AND cpuUsed <= 7.0,1,0.2254428341384863,0.1372549019607843,0.6306306306306306,42
full,216000,27000,realtime = 1 AND AutoAltRef = 1 AND FrameBoost = 1,FrameBoost AND realtime AND AutoAltRef,0,1.0,1.0,1.0,43
random_2,34,3,realtime = 1 AND AutoAltRef = 1 AND FrameBoost = 1,bitRate <= 1350.0 AND TileColumns <= 1.5 AND NOT complexity AND NOT realtime,0,0.0,0.0,0.0,43
random_5,85,5,realtime = 1 AND AutoAltRef = 1 AND FrameBoost = 1,Threads <= 5.0 AND bitRate > 750.0 AND cpuUsed <= 7.0,0,0.0,0.0,0.0,43
random_10,170,13,realtime = 1 AND AutoAltRef = 1 AND FrameBoost = 1,Threads <= 3.0 AND off AND NOT good AND AutoAltRef,2,0.2666666666666667,1.0,0.1538461538461538,43
random_20,340,30,realtime = 1 AND AutoAltRef = 1 AND FrameBoost = 1,NOT good AND cpuUsed <= 1.0 AND bitRate <= 1350.0 AND Threads > 5.0,4,0.0434782608695652,0.0625,0.0333333333333333,43
2-wise,57,4,realtime = 1 AND AutoAltRef = 1 AND FrameBoost = 1,lagInFrames <= 4.0 AND NOT FrameBoost AND off AND constrainedQuality,0,0.0,0.0,0.0,43
3-wise,239,34,realtime = 1 AND AutoAltRef = 1 AND FrameBoost = 1,lossless,3,0.261437908496732,0.1680672268907563,0.5882352941176471,43
4-wise,932,119,realtime = 1 AND AutoAltRef = 1 AND FrameBoost = 1,AutoAltRef AND FrameBoost AND NOT good,0,1.0,1.0,1.0,43
full,216000,27000,realtime = 1 AND lossless = 1 AND FrameBoost = 1,lossless AND NOT good AND FrameBoost,0,1.0,1.0,1.0,44
random_2,34,2,realtime = 1 AND lossless = 1 AND FrameBoost = 1,NOT FrameBoost AND Threads <= 9.0 AND Threads > 3.0,0,0.0,0.0,0.0,44
random_5,85,10,realtime = 1 AND lossless = 1 AND FrameBoost = 1,bitRate > 450.0 AND NOT AutoAltRef AND NOT FrameBoost AND lossless,0,0.0,0.0,0.0,44
random_10,170,21,realtime = 1 AND lossless = 1 AND FrameBoost = 1,bitRate > 450.0 AND cpuUsed <= 7.0 AND complexity AND TileColumns > 1.5,1,0.0625,0.0909090909090909,0.0476190476190476,44
random_20,340,37,realtime = 1 AND lossless = 1 AND FrameBoost = 1,NOT complexity,1,0.223728813559322,0.127906976744186,0.8918918918918919,44
2-wise,44,5,realtime = 1 AND lossless = 1 AND FrameBoost = 1,Threads <= 9.0 AND bitRate <= 750.0 AND cpuUsed > 7.0 AND bitRate <= 450.0,0,0.0,0.0,0.0,44
3-wise,237,19,realtime = 1 AND lossless = 1 AND FrameBoost = 1,NOT AutoAltRef AND lagInFrames <= 4.0 AND cpuUsed <= 7.0 AND cpuUsed > 1.0,2,0.2127659574468085,0.1785714285714285,0.2631578947368421,44
4-wise,932,117,realtime = 1 AND lossless = 1 AND FrameBoost = 1,Threads > 3.0,0,0.2045977011494253,0.1181938911022576,0.7606837606837606,44
full,216000,27000,good = 1 AND lossless = 1 AND FrameBoost = 1,FrameBoost AND NOT realtime AND lossless,0,1.0,1.0,1.0,45
random_2,34,8,good = 1 AND lossless = 1 AND FrameBoost = 1,TileColumns > 4.5 AND Threads > 3.0,4,0.4761904761904762,0.3846153846153846,0.625,45
random_5,85,15,good = 1 AND lossless = 1 AND FrameBoost = 1,Threads > 9.0 AND cpuUsed > 7.0 AND bitRate <= 1050.0 AND NOT off,0,0.0,0.0,0.0,45
random_10,170,22,good = 1 AND lossless = 1 AND FrameBoost = 1,NOT variableBitrate,4,0.1791044776119403,0.1071428571428571,0.5454545454545454,45
random_20,340,45,good = 1 AND lossless = 1 AND FrameBoost = 1,NOT complexity,2,0.2325581395348837,0.13671875,0.7777777777777778,45
2-wise,56,7,good = 1 AND lossless = 1 AND FrameBoost = 1,bitRate > 1350.0 AND FrameBoost AND NOT lossless AND cpuUsed > 4.0,0,0.0,0.0,0.0,45
3-wise,238,20,good = 1 AND lossless = 1 AND FrameBoost = 1,cpuUsed > 3.0,2,0.1676646706586826,0.0952380952380952,0.7,45
4-wise,935,114,good = 1 AND lossless = 1 AND FrameBoost = 1,lossless AND FrameBoost,2,0.6826347305389222,0.5181818181818182,1.0,45
full,216000,27000,good = 1 AND AutoAltRef = 1 AND FrameBoost = 1,AutoAltRef AND NOT realtime AND FrameBoost,0,1.0,1.0,1.0,46
random_2,34,2,good = 1 AND AutoAltRef = 1 AND FrameBoost = 1,NOT constantBitrate AND cpuUsed > 1.0 AND lagInFrames > 12.0 AND bitRate <= 1350.0,0,0.0,0.0,0.0,46
random_5,85,9,good = 1 AND AutoAltRef = 1 AND FrameBoost = 1,NOT AutoAltRef AND complexity AND lagInFrames > 4.0 AND NOT FrameBoost,0,0.0,0.0,0.0,46
random_10,170,24,good = 1 AND AutoAltRef = 1 AND FrameBoost = 1,NOT lossless AND NOT AutoAltRef AND bitRate <= 1350.0 AND complexity,0,0.0,0.0,0.0,46
random_20,340,41,good = 1 AND AutoAltRef = 1 AND FrameBoost = 1,Threads <= 7.0,3,0.1846153846153846,0.1095890410958904,0.5853658536585366,46
2-wise,49,9,good = 1 AND AutoAltRef = 1 AND FrameBoost = 1,Threads > 3.0 AND NOT constantBitrate AND TileColumns <= 1.5 AND Threads > 7.0,0,0.0,0.0,0.0,46
3-wise,245,28,good = 1 AND AutoAltRef = 1 AND FrameBoost = 1,cpuUsed <= 5.0,3,0.146067415730337,0.0866666666666666,0.4642857142857143,46
4-wise,948,134,good = 1 AND AutoAltRef = 1 AND FrameBoost = 1,Threads > 7.0,2,0.2300194931773879,0.1556728232189973,0.4402985074626865,46
full,216000,27000,good = 1 AND lossless = 1 AND FrameBoost = 1,lossless AND good AND FrameBoost,0,1.0,1.0,1.0,47
random_2,34,4,good = 1 AND lossless = 1 AND FrameBoost = 1,TileColumns <= 4.5 AND lagInFrames <= 12.0 AND Threads > 5.0,0,0.0,0.0,0.0,47
random_5,85,13,good = 1 AND lossless = 1 AND FrameBoost = 1,Threads > 9.0 AND NOT lossless,0,0.0,0.0,0.0,47
random_10,170,23,good = 1 AND lossless = 1 AND FrameBoost = 1,cpuUsed <= 5.0,4,0.2352941176470588,0.1415929203539823,0.6956521739130435,47
random_20,340,44,good = 1 AND lossless = 1 AND FrameBoost = 1,NOT variableBitrate,1,0.2253521126760563,0.1333333333333333,0.7272727272727273,47
2-wise,53,6,good = 1 AND lossless = 1 AND FrameBoost = 1,TileColumns <= 4.5 AND NOT constrainedQuality AND cpuUsed > 5.0 AND bitRate > 600.0,0,0.0,0.0,0.0,47
3-wise,246,30,good = 1 AND lossless = 1 AND FrameBoost = 1,Threads <= 9.0 AND bitRate > 750.0,4,0.2416107382550335,0.1512605042016806,0.6,47
4-wise,931,105,good = 1 AND lossless = 1 AND FrameBoost = 1,lagInFrames <= 12.0 AND NOT complexity AND lossless,3,0.2779456193353474,0.2035398230088495,0.4380952380952381,47
full,216000,27000,AutoAltRef = 1 AND lossless = 1 AND FrameBoost = 1,lossless AND FrameBoost AND AutoAltRef,0,1.0,1.0,1.0,48
random_2,34,4,AutoAltRef = 1 AND lossless = 1 AND FrameBoost = 1,bitRate <= 1050.0 AND lossless AND Threads <= 8.0 AND TileColumns <= 1.5,1,0.6666666666666666,1.0,0.5,48
random_5,85,11,AutoAltRef = 1 AND lossless = 1 AND FrameBoost = 1,FrameBoost AND cpuUsed > 3.0 AND bitRate > 750.0 AND Threads <= 5.0,1,0.2727272727272727,0.2727272727272727,0.2727272727272727,48
random_10,170,23,AutoAltRef = 1 AND lossless = 1 AND FrameBoost = 1,constantBitrate AND FrameBoost AND lossless AND AutoAltRef,1,0.6470588235294118,1.0,0.4782608695652174,48
random_20,340,43,AutoAltRef = 1 AND lossless = 1 AND FrameBoost = 1,lossless AND FrameBoost AND AutoAltRef,0,1.0,1.0,1.0,48
2-wise,56,11,AutoAltRef = 1 AND lossless = 1 AND FrameBoost = 1,AutoAltRef AND TileColumns <= 1.5 AND cpuUsed <= 6.0 AND lagInFrames <= 8.0,3,0.2857142857142857,0.6666666666666666,0.1818181818181818,48
3-wise,244,33,AutoAltRef = 1 AND lossless = 1 AND FrameBoost = 1,FrameBoost AND lossless AND AutoAltRef,1,1.0,1.0,1.0,48
4-wise,938,116,AutoAltRef = 1 AND lossless = 1 AND FrameBoost = 1,lossless AND AutoAltRef AND FrameBoost,0,1.0,1.0,1.0,48
full,216000,27000,realtime = 1 AND lossless = 1 AND FrameBoost = 1,NOT good AND lossless AND FrameBoost,0,1.0,1.0,1.0,49
random_2,34,2,realtime = 1 AND lossless = 1 AND FrameBoost = 1,complexity AND lagInFrames > 4.0 AND NOT lossless AND bitRate <= 1350.0,0,0.0,0.0,0.0,49
random_5,85,7,realtime = 1 AND lossless = 1 AND FrameBoost = 1,bitRate > 1350.0 AND lagInFrames > 4.0 AND NOT variance AND cpuUsed <= 7.0,0,0.0,0.0,0.0,49
random_10,170,26,realtime = 1 AND lossless = 1 AND FrameBoost = 1,NOT good,4,0.4952380952380952,0.3291139240506329,1.0,49
random_20,340,48,realtime = 1 AND lossless = 1 AND FrameBoost = 1,lagInFrames <= 12.0,1,0.2365591397849462,0.1428571428571428,0.6875,49
2-wise,53,5,realtime = 1 AND lossless = 1 AND FrameBoost = 1,off AND cpuUsed > 1.0 AND Threads <= 9.0,0,0.0,0.0,0.0,49
3-wise,242,27,realtime = 1 AND lossless = 1 AND FrameBoost = 1,NOT good,4,0.3724137931034482,0.2288135593220339,1.0,49
4-wise,958,115,realtime = 1 AND lossless = 1 AND FrameBoost = 1,FrameBoost AND Threads > 3.0 AND NOT good AND lossless,0,0.8725490196078431,1.0,0.7739130434782608,49
full,216000,27000,realtime = 1 AND lossless = 1 AND FrameBoost = 1,realtime AND FrameBoost AND lossless,0,1.0,1.0,1.0,4
random_2,34,4,realtime = 1 AND lossless = 1 AND FrameBoost = 1,bitRate > 1050.0 AND Threads <= 9.0 AND TileColumns <= 1.5 AND lagInFrames <= 4.0,0,0.0,0.0,0.0,4
random_5,85,8,realtime = 1 AND lossless = 1 AND FrameBoost = 1,NOT complexity AND Threads > 7.0 AND FrameBoost,2,0.24,0.1764705882352941,0.375,4
random_10,170,21,realtime = 1 AND lossless = 1 AND FrameBoost = 1,off AND bitRate <= 1350.0 AND cpuUsed > 5.0,0,0.0,0.0,0.0,4
random_20,340,43,realtime = 1 AND lossless = 1 AND FrameBoost = 1,TileColumns > 1.5 AND FrameBoost AND lossless AND NOT good,0,0.8055555555555556,1.0,0.6744186046511628,4
2-wise,53,5,realtime = 1 AND lossless = 1 AND FrameBoost = 1,NOT realtime AND Threads <= 3.0 AND NOT variance,0,0.0,0.0,0.0,4
3-wise,243,38,realtime = 1 AND lossless = 1 AND FrameBoost = 1,FrameBoost AND Threads > 3.0 AND lossless,3,0.6966292134831461,0.6078431372549019,0.8157894736842105,4
4-wise,932,115,realtime = 1 AND lossless = 1 AND FrameBoost = 1,realtime AND FrameBoost AND lossless,0,1.0,1.0,1.0,4
full,216000,27000,realtime = 1 AND AutoAltRef = 1 AND FrameBoost = 1,AutoAltRef AND FrameBoost AND NOT good,0,1.0,1.0,1.0,50
random_2,34,6,realtime = 1 AND AutoAltRef = 1 AND FrameBoost = 1,Threads > 9.0 AND lagInFrames <= 12.0 AND bitRate > 450.0 AND NOT variableBitrate,0,0.0,0.0,0.0,50
random_5,85,10,realtime = 1 AND AutoAltRef = 1 AND FrameBoost = 1,Threads <= 3.0 AND cpuUsed <= 5.0,4,0.2222222222222222,0.25,0.2,50
random_10,170,14,realtime = 1 AND AutoAltRef = 1 AND FrameBoost = 1,variableBitrate AND lagInFrames <= 4.0 AND bitRate <= 750.0 AND NOT variance,0,0.0,0.0,0.0,50
random_20,340,38,realtime = 1 AND AutoAltRef = 1 AND FrameBoost = 1,AutoAltRef AND FrameBoost AND realtime,0,1.0,1.0,1.0,50
2-wise,58,15,realtime = 1 AND AutoAltRef = 1 AND FrameBoost = 1,Threads > 9.0 AND lagInFrames > 12.0 AND bitRate > 750.0 AND good,0,0.0,0.0,0.0,50
3-wise,242,26,realtime = 1 AND AutoAltRef = 1 AND FrameBoost = 1,lagInFrames > 4.0,2,0.1857923497267759,0.10828025477707,0.6538461538461539,50
4-wise,948,120,realtime = 1 AND AutoAltRef = 1 AND FrameBoost = 1,FrameBoost AND AutoAltRef AND realtime,0,1.0,1.0,1.0,50
full,216000,27000,realtime = 1 AND lossless = 1 AND FrameBoost = 1,FrameBoost AND lossless AND NOT good,0,1.0,1.0,1.0,51
random_2,34,5,realtime = 1 AND lossless = 1 AND FrameBoost = 1,lagInFrames <= 12.0 AND NOT variableBitrate AND Threads > 9.0,0,0.0,0.0,0.0,51
random_5,85,9,realtime = 1 AND lossless = 1 AND FrameBoost = 1,bitRate <= 450.0 AND cpuUsed > 5.0 AND lagInFrames <= 4.0,0,0.0,0.0,0.0,51
random_10,170,22,realtime = 1 AND lossless = 1 AND FrameBoost = 1,cpuUsed <= 5.0,4,0.2096774193548387,0.1274509803921568,0.5909090909090909,51
random_20,340,44,realtime = 1 AND lossless = 1 AND FrameBoost = 1,cpuUsed <= 7.0,4,0.2084690553745928,0.1216730038022813,0.7272727272727273,51
2-wise,50,6,realtime = 1 AND lossless = 1 AND FrameBoost = 1,Threads <= 7.0 AND variance,0,0.0,0.0,0.0,51
3-wise,237,29,realtime = 1 AND lossless = 1 AND FrameBoost = 1,FrameBoost,4,0.3766233766233766,0.232,1.0,51
4-wise,953,104,realtime = 1 AND lossless = 1 AND FrameBoost = 1,lossless AND FrameBoost,3,0.6380368098159509,0.4684684684684684,1.0,51
full,216000,27000,realtime = 1 AND lossless = 1 AND FrameBoost = 1,NOT good AND lossless AND FrameBoost,0,1.0,1.0,1.0,52
random_2,34,8,realtime = 1 AND lossless = 1 AND FrameBoost = 1,lagInFrames > 12.0,4,0.4,0.3333333333333333,0.5,52
random_5,85,18,realtime = 1 AND lossless = 1 AND FrameBoost = 1,lossless AND FrameBoost AND NOT good,0,1.0,1.0,1.0,52
random_10,170,25,realtime = 1 AND lossless = 1 AND FrameBoost = 1,lossless AND realtime AND FrameBoost,0,1.0,1.0,1.0,52
random_20,340,49,realtime = 1 AND lossless = 1 AND FrameBoost = 1,NOT good AND lossless AND FrameBoost,0,1.0,1.0,1.0,52
2-wise,50,7,realtime = 1 AND lossless = 1 AND FrameBoost = 1,Threads > 3.0 AND FrameBoost AND cpuUsed > 1.0 AND bitRate > 450.0,1,0.6,0.4615384615384615,0.8571428571428571,52
3-wise,244,23,realtime = 1 AND lossless = 1 AND FrameBoost = 1,lossless AND Threads <= 3.0 AND cpuUsed <= 3.0 AND FrameBoost,4,0.2758620689655172,0.6666666666666666,0.1739130434782608,52
4-wise,938,114,realtime = 1 AND lossless = 1 AND FrameBoost = 1,FrameBoost AND realtime AND lossless,0,1.0,1.0,1.0,52
full,216000,27000,realtime = 1 AND lossless = 1 AND FrameBoost = 1,lossless AND FrameBoost AND NOT good,0,1.0,1.0,1.0,53
random_2,34,6,realtime = 1 AND lossless = 1 AND FrameBoost = 1,bitRate <= 750.0 AND good AND lagInFrames > 12.0,0,0.0,0.0,0.0,53
random_5,85,15,realtime = 1 AND lossless = 1 AND FrameBoost = 1,good AND Threads <= 3.0 AND TileColumns > 4.5,0,0.0,0.0,0.0,53
random_10,170,27,realtime = 1 AND lossless = 1 AND FrameBoost = 1,NOT cyclicRefresh AND bitRate <= 450.0 AND Threads > 3.0 AND NOT FrameBoost,0,0.0,0.0,0.0,53
random_20,340,36,realtime = 1 AND lossless = 1 AND FrameBoost = 1,NOT variance AND FrameBoost,4,0.3270440251572327,0.2113821138211382,0.7222222222222222,53
2-wise,52,4,realtime = 1 AND lossless = 1 AND FrameBoost = 1,complexity AND cpuUsed > 1.0 AND bitRate > 750.0 AND Threads <= 9.0,0,0.0,0.0,0.0,53
3-wise,247,29,realtime = 1 AND lossless = 1 AND FrameBoost = 1,bitRate > 750.0,3,0.2569832402234637,0.1533333333333333,0.7931034482758621,53
4-wise,940,109,realtime = 1 AND lossless = 1 AND FrameBoost = 1,lossless AND FrameBoost AND NOT good,0,1.0,1.0,1.0,53
full,216000,27000,realtime = 1 AND lossless = 1 AND FrameBoost = 1,realtime AND lossless AND FrameBoost,0,1.0,1.0,1.0,54
random_2,34,3,realtime = 1 AND lossless = 1 AND FrameBoost = 1,cpuUsed > 3.0 AND NOT cyclicRefresh AND NOT complexity,0,0.0,0.0,0.0,54
random_5,85,13,realtime = 1 AND lossless = 1 AND FrameBoost = 1,FrameBoost AND constantBitrate AND NOT variance,3,0.32,0.3333333333333333,0.3076923076923077,54
random_10,170,25,realtime = 1 AND lossless = 1 AND FrameBoost = 1,bitRate <= 1050.0,2,0.224,0.14,0.56,54
random_20,340,44,realtime = 1 AND lossless = 1 AND FrameBoost = 1,cpuUsed > 5.0,2,0.2295081967213115,0.1510791366906475,0.4772727272727273,54
2-wise,53,9,realtime = 1 AND lossless = 1 AND FrameBoost = 1,NOT constantBitrate AND NOT lossless AND bitRate > 450.0 AND Threads > 5.0,0,0.0,0.0,0.0,54
3-wise,237,31,realtime = 1 AND lossless = 1 AND FrameBoost = 1,TileColumns > 1.5,4,0.2732240437158469,0.1644736842105263,0.8064516129032258,54
4-wise,927,116,realtime = 1 AND lossless = 1 AND FrameBoost = 1,NOT cyclicRefresh,0,0.2183186951066499,0.1277533039647577,0.75,54
full,216000,27000,realtime = 1 AND AutoAltRef = 1 AND FrameBoost = 1,AutoAltRef AND NOT good AND FrameBoost,0,1.0,1.0,1.0,55
random_2,34,1,realtime = 1 AND AutoAltRef = 1 AND FrameBoost = 1,AutoAltRef AND lossless AND bitRate <= 1050.0,0,0.0,0.0,0.0,55
random_5,85,5,realtime = 1 AND AutoAltRef = 1 AND FrameBoost = 1,NOT good AND NOT constrainedQuality AND Threads > 5.0 AND NOT FrameBoost,0,0.0,0.0,0.0,55
random_10,170,14,realtime = 1 AND AutoAltRef = 1 AND FrameBoost = 1,bitRate <= 450.0 AND complexity AND Threads <= 7.0 AND lossless,0,0.0,0.0,0.0,55
random_20,340,37,realtime = 1 AND AutoAltRef = 1 AND FrameBoost = 1,Threads > 5.0 AND FrameBoost,2,0.3421052631578947,0.2260869565217391,0.7027027027027027,55
2-wise,53,4,realtime = 1 AND AutoAltRef = 1 AND FrameBoost = 1,cyclicRefresh AND Threads <= 9.0 AND bitRate <= 1350.0 AND Threads <= 5.0,0,0.0,0.0,0.0,55
3-wise,244,25,realtime = 1 AND AutoAltRef = 1 AND FrameBoost = 1,Threads <= 9.0 AND bitRate <= 450.0 AND variance,0,0.0,0.0,0.0,55
4-wise,917,107,realtime = 1 AND AutoAltRef = 1 AND FrameBoost = 1,NOT cyclicRefresh,0,0.1964735516372796,0.1135371179039301,0.7289719626168224,55
full,216000,27000,AutoAltRef = 1 AND lossless = 1 AND FrameBoost = 1,AutoAltRef AND FrameBoost AND lossless,0,1.0,1.0,1.0,56
random_2,34,5,AutoAltRef = 1 AND lossless = 1 AND FrameBoost = 1,good AND lagInFrames > 4.0,3,0.1333333333333333,0.1,0.2,56
random_5,85,11,AutoAltRef = 1 AND lossless = 1 AND FrameBoost = 1,AutoAltRef AND bitRate > 450.0 AND TileColumns <= 1.5,3,0.1666666666666666,0.1538461538461538,0.1818181818181818,56
random_10,170,26,AutoAltRef = 1 AND lossless = 1 AND FrameBoost = 1,AutoAltRef AND NOT cyclicRefresh AND cpuUsed > 5.0,4,0.32,0.3333333333333333,0.3076923076923077,56
random_20,340,40,AutoAltRef = 1 AND lossless = 1 AND FrameBoost = 1,lossless AND FrameBoost AND AutoAltRef,0,1.0,1.0,1.0,56
2-wise,54,5,AutoAltRef = 1 AND lossless = 1 AND FrameBoost = 1,Threads <= 7.0 AND bitRate <= 1350.0 AND NOT off AND NOT complexity,2,0.125,0.0909090909090909,0.2,56
3-wise,237,26,AutoAltRef = 1 AND lossless = 1 AND FrameBoost = 1,TileColumns > 1.5 AND AutoAltRef AND FrameBoost AND lossless,0,0.761904761904762,1.0,0.6153846153846154,56
4-wise,950,135,AutoAltRef = 1 AND lossless = 1 AND FrameBoost = 1,AutoAltRef AND FrameBoost AND lossless,0,1.0,1.0,1.0,56
full,216000,27000,good = 1 AND AutoAltRef = 1 AND FrameBoost = 1,FrameBoost AND good AND AutoAltRef,0,1.0,1.0,1.0,57
random_2,34,2,good = 1 AND AutoAltRef = 1 AND FrameBoost = 1,NOT variance AND FrameBoost AND Threads > 3.0 AND NOT constantBitrate,0,0.0,0.0,0.0,57
random_5,85,5,good = 1 AND AutoAltRef = 1 AND FrameBoost = 1,complexity AND cpuUsed <= 7.0 AND bitRate <= 1350.0 AND bitRate > 1050.0,0,0.0,0.0,0.0,57
random_10,170,19,good = 1 AND AutoAltRef = 1 AND FrameBoost = 1,Threads <= 7.0,3,0.2204724409448819,0.1296296296296296,0.7368421052631579,57
random_20,340,33,good = 1 AND AutoAltRef = 1 AND FrameBoost = 1,lagInFrames <= 4.0,3,0.1744966442953019,0.1120689655172413,0.3939393939393939,57
2-wise,52,4,good = 1 AND AutoAltRef = 1 AND FrameBoost = 1,AutoAltRef AND cpuUsed <= 1.0 AND NOT complexity AND off,0,0.0,0.0,0.0,57
3-wise,245,25,good = 1 AND AutoAltRef = 1 AND FrameBoost = 1,NOT cyclicRefresh,4,0.2285714285714286,0.1297297297297297,0.96,57
4-wise,957,110,good = 1 AND AutoAltRef = 1 AND FrameBoost = 1,NOT realtime,0,0.3722504230118443,0.2286902286902287,1.0,57
full,216000,27000,realtime = 1 AND AutoAltRef = 1 AND lossless = 1,AutoAltRef AND realtime AND lossless,0,1.0,1.0,1.0,58
random_2,34,3,realtime = 1 AND AutoAltRef = 1 AND lossless = 1,bitRate > 1050.0 AND constantBitrate,0,0.0,0.0,0.0,58
random_5,85,8,realtime = 1 AND AutoAltRef = 1 AND lossless = 1,Threads > 7.0 AND lagInFrames <= 12.0 AND NOT FrameBoost AND NOT constrainedQuality,0,0.0,0.0,0.0,58
random_10,170,14,realtime = 1 AND AutoAltRef = 1 AND lossless = 1,variableBitrate AND cyclicRefresh AND NOT AutoAltRef,0,0.0,0.0,0.0,58
random_20,340,32,realtime = 1 AND AutoAltRef = 1 AND lossless = 1,cpuUsed > 1.0,3,0.1854304635761589,0.1037037037037037,0.875,58
2-wise,51,7,realtime = 1 AND AutoAltRef = 1 AND lossless = 1,lossless AND cpuUsed <= 3.0 AND Threads > 9.0,0,0.0,0.0,0.0,58
3-wise,243,36,realtime = 1 AND AutoAltRef = 1 AND lossless = 1,lagInFrames <= 12.0 AND realtime,4,0.3826086956521739,0.2784810126582278,0.6111111111111112,58
4-wise,938,127,realtime = 1 AND AutoAltRef = 1 AND lossless = 1,bitRate <= 1350.0,0,0.2315550510783201,0.1352785145888594,0.8031496062992126,58
full,216000,27000,AutoAltRef = 1 AND lossless = 1 AND FrameBoost = 1,lossless AND AutoAltRef AND FrameBoost,0,1.0,1.0,1.0,59
random_2,34,4,AutoAltRef = 1 AND lossless = 1 AND FrameBoost = 1,NOT AutoAltRef AND cpuUsed > 3.0 AND NOT realtime,0,0.0,0.0,0.0,59
random_5,85,7,AutoAltRef = 1 AND lossless = 1 AND FrameBoost = 1,Threads <= 9.0 AND lagInFrames > 12.0 AND constantBitrate AND NOT cyclicRefresh,0,0.0,0.0,0.0,59
random_10,170,20,AutoAltRef = 1 AND lossless = 1 AND FrameBoost = 1,bitRate > 450.0,3,0.1916167664670658,0.1088435374149659,0.8,59
random_20,340,49,AutoAltRef = 1 AND lossless = 1 AND FrameBoost = 1,AutoAltRef,3,0.4434389140271493,0.2848837209302325,1.0,59
2-wise,47,3,AutoAltRef = 1 AND lossless = 1 AND FrameBoost = 1,TileColumns <= 4.5 AND cpuUsed <= 3.0 AND cpuUsed > 1.0,0,0.0,0.0,0.0,59
3-wise,235,27,AutoAltRef = 1 AND lossless = 1 AND FrameBoost = 1,FrameBoost,3,0.3829787234042552,0.2368421052631578,1.0,59
4-wise,942,120,AutoAltRef = 1 AND lossless = 1 AND FrameBoost = 1,bitRate <= 1350.0 AND FrameBoost AND AutoAltRef AND lossless,0,0.9189189189189187,1.0,0.85,59
full,216000,27000,good = 1 AND AutoAltRef = 1 AND FrameBoost = 1,AutoAltRef AND FrameBoost AND NOT realtime,0,1.0,1.0,1.0,5
random_2,34,3,good = 1 AND AutoAltRef = 1 AND FrameBoost = 1,lagInFrames <= 4.0 AND NOT cyclicRefresh AND cpuUsed <= 7.0,0,0.0,0.0,0.0,5
random_5,85,12,good = 1 AND AutoAltRef = 1 AND FrameBoost = 1,good AND FrameBoost AND NOT constantBitrate AND NOT variance,1,0.7857142857142857,0.6875,0.9166666666666666,5
random_10,170,25,good = 1 AND AutoAltRef = 1 AND FrameBoost = 1,bitRate <= 1050.0 AND lagInFrames <= 12.0 AND NOT realtime AND Threads > 7.0,0,0.3902439024390243,0.5,0.32,5
random_20,340,48,good = 1 AND AutoAltRef = 1 AND FrameBoost = 1,FrameBoost AND NOT realtime AND AutoAltRef,0,1.0,1.0,1.0,5
2-wise,51,4,good = 1 AND AutoAltRef = 1 AND FrameBoost = 1,TileColumns <= 4.5 AND NOT cyclicRefresh AND lagInFrames <= 12.0 AND NOT constantBitrate,2,0.2857142857142857,0.2,0.5,5
3-wise,238,35,good = 1 AND AutoAltRef = 1 AND FrameBoost = 1,Threads > 3.0,4,0.2202643171806167,0.1302083333333333,0.7142857142857143,5
4-wise,945,108,good = 1 AND AutoAltRef = 1 AND FrameBoost = 1,AutoAltRef AND FrameBoost AND good,0,1.0,1.0,1.0,5
full,216000,27000,realtime = 1 AND lossless = 1 AND FrameBoost = 1,lossless AND FrameBoost AND realtime,0,1.0,1.0,1.0,60
random_2,34,3,realtime = 1 AND lossless = 1 AND FrameBoost = 1,Threads > 9.0 AND cpuUsed <= 5.0 AND NOT FrameBoost,0,0.0,0.0,0.0,60
random_5,85,10,realtime = 1 AND lossless = 1 AND FrameBoost = 1,cpuUsed <= 1.0 AND NOT cyclicRefresh AND TileColumns > 4.5,0,0.0,0.0,0.0,60
random_10,170,23,realtime = 1 AND lossless = 1 AND FrameBoost = 1,realtime AND NOT variableBitrate AND Threads <= 3.0,4,0.1176470588235294,0.1818181818181818,0.0869565217391304,60
random_20,340,48,realtime = 1 AND lossless = 1 AND FrameBoost = 1,realtime AND NOT constrainedQuality AND lossless AND FrameBoost,0,0.72,1.0,0.5625,60
2-wise,48,4,realtime = 1 AND lossless = 1 AND FrameBoost = 1,NOT variableBitrate AND cpuUsed <= 5.0 AND NOT realtime,0,0.0,0.0,0.0,60
3-wise,241,41,realtime = 1 AND lossless = 1 AND FrameBoost = 1,cpuUsed > 1.0,4,0.2434782608695652,0.1481481481481481,0.6829268292682927,60
4-wise,934,122,realtime = 1 AND lossless = 1 AND FrameBoost = 1,NOT variableBitrate AND cpuUsed <= 7.0 AND NOT variance AND lossless,4,0.3076923076923076,0.2526315789473684,0.3934426229508196,60
full,216000,27000,realtime = 1 AND AutoAltRef = 1 AND FrameBoost = 1,AutoAltRef AND FrameBoost AND realtime,0,1.0,1.0,1.0,61
random_2,34,6,realtime = 1 AND AutoAltRef = 1 AND FrameBoost = 1,Threads <= 9.0 AND off AND bitRate <= 900.0 AND lagInFrames <= 8.0,0,0.0,0.0,0.0,61
random_5,85,10,realtime = 1 AND AutoAltRef = 1 AND FrameBoost = 1,lossless AND Threads > 3.0 AND NOT variableBitrate AND cpuUsed > 1.0,2,0.1874999999999999,0.1363636363636363,0.3,61
random_10,170,20,realtime = 1 AND AutoAltRef = 1 AND FrameBoost = 1,variableBitrate AND TileColumns <= 4.5 AND lagInFrames <= 4.0,0,0.0,0.0,0.0,61
random_20,340,45,realtime = 1 AND AutoAltRef = 1 AND FrameBoost = 1,cpuUsed > 1.0,3,0.25,0.1448763250883392,0.9111111111111112,61
2-wise,49,3,realtime = 1 AND AutoAltRef = 1 AND FrameBoost = 1,variance AND bitRate > 750.0 AND NOT AutoAltRef AND lossless,0,0.0,0.0,0.0,61
3-wise,233,27,realtime = 1 AND AutoAltRef = 1 AND FrameBoost = 1,NOT off AND AutoAltRef,3,0.3238095238095237,0.2179487179487179,0.6296296296296297,61
4-wise,941,125,realtime = 1 AND AutoAltRef = 1 AND FrameBoost = 1,FrameBoost,0,0.4258943781942079,0.2705627705627705,1.0,61
full,216000,27000,realtime = 1 AND AutoAltRef = 1 AND lossless = 1,lossless AND AutoAltRef AND NOT good,0,1.0,1.0,1.0,62
random_2,34,2,realtime = 1 AND AutoAltRef = 1 AND lossless = 1,Threads > 7.0 AND NOT cyclicRefresh,4,0.1666666666666666,0.1,0.5,62
random_5,85,4,realtime = 1 AND AutoAltRef = 1 AND lossless = 1,variance AND cpuUsed <= 5.0 AND NOT constrainedQuality AND bitRate > 450.0,0,0.0,0.0,0.0,62
random_10,170,12,realtime = 1 AND AutoAltRef = 1 AND lossless = 1,lagInFrames > 12.0 AND TileColumns > 1.5 AND NOT complexity AND bitRate <= 750.0,3,0.0909090909090909,0.1,0.0833333333333333,62
random_20,340,31,realtime = 1 AND AutoAltRef = 1 AND lossless = 1,variance AND realtime AND TileColumns <= 4.5,4,0.2142857142857142,0.24,0.1935483870967742,62
2-wise,52,6,realtime = 1 AND AutoAltRef = 1 AND lossless = 1,lagInFrames <= 4.0 AND NOT constrainedQuality AND TileColumns > 1.5 AND NOT FrameBoost,0,0.0,0.0,0.0,62
3-wise,234,35,realtime = 1 AND AutoAltRef = 1 AND lossless = 1,AutoAltRef AND Threads > 3.0 AND off,4,0.2909090909090909,0.4,0.2285714285714285,62
4-wise,933,138,realtime = 1 AND AutoAltRef = 1 AND lossless = 1,realtime AND lossless AND AutoAltRef,0,1.0,1.0,1.0,62
full,216000,27000,good = 1 AND AutoAltRef = 1 AND FrameBoost = 1,FrameBoost AND good AND AutoAltRef,0,1.0,1.0,1.0,63
random_2,34,6,good = 1 AND AutoAltRef = 1 AND FrameBoost = 1,variableBitrate AND NOT FrameBoost AND Threads > 5.0,0,0.0,0.0,0.0,63
random_5,85,12,good = 1 AND AutoAltRef = 1 AND FrameBoost = 1,realtime AND lagInFrames > 4.0 AND off,0,0.0,0.0,0.0,63
random_10,170,19,good = 1 AND AutoAltRef = 1 AND FrameBoost = 1,bitRate <= 450.0 AND lossless AND NOT good AND lagInFrames > 4.0,0,0.0,0.0,0.0,63
random_20,340,37,good = 1 AND AutoAltRef = 1 AND FrameBoost = 1,NOT realtime,3,0.3523809523809524,0.2138728323699422,1.0,63
2-wise,51,7,good = 1 AND AutoAltRef = 1 AND FrameBoost = 1,variance AND NOT lossless AND cpuUsed <= 5.0 AND FrameBoost,1,0.4444444444444445,1.0,0.2857142857142857,63
3-wise,240,25,good = 1 AND AutoAltRef = 1 AND FrameBoost = 1,bitRate <= 750.0,4,0.1967213114754098,0.1237113402061855,0.48,63
4-wise,957,128,good = 1 AND AutoAltRef = 1 AND FrameBoost = 1,AutoAltRef AND good AND FrameBoost,0,1.0,1.0,1.0,63
full,216000,27000,realtime = 1 AND AutoAltRef = 1 AND lossless = 1,NOT good AND lossless AND AutoAltRef,0,1.0,1.0,1.0,64
random_2,34,2,realtime = 1 AND AutoAltRef = 1 AND lossless = 1,AutoAltRef AND NOT cyclicRefresh AND Threads <= 9.0 AND NOT variableBitrate,0,0.0,0.0,0.0,64
random_5,85,11,realtime = 1 AND AutoAltRef = 1 AND lossless = 1,NOT lossless AND cpuUsed > 7.0 AND TileColumns > 4.5,0,0.0,0.0,0.0,64
random_10,170,23,realtime = 1 AND AutoAltRef = 1 AND lossless = 1,lagInFrames > 4.0 AND NOT AutoAltRef AND cpuUsed > 1.0 AND bitRate <= 450.0,0,0.0,0.0,0.0,64
random_20,340,48,realtime = 1 AND AutoAltRef = 1 AND lossless = 1,cpuUsed > 1.0,4,0.2458471760797342,0.1462450592885375,0.7708333333333334,64
2-wise,51,9,realtime = 1 AND AutoAltRef = 1 AND lossless = 1,good AND Threads <= 9.0 AND NOT complexity,0,0.0,0.0,0.0,64
3-wise,241,35,realtime = 1 AND AutoAltRef = 1 AND lossless = 1,TileColumns <= 4.5,2,0.2727272727272726,0.1656441717791411,0.7714285714285715,64
4-wise,956,116,realtime = 1 AND AutoAltRef = 1 AND lossless = 1,AutoAltRef AND lossless AND NOT variableBitrate AND NOT good,0,0.8102564102564103,1.0,0.6810344827586207,64
full,216000,27000,good = 1 AND lossless = 1 AND FrameBoost = 1,FrameBoost AND lossless AND good,0,1.0,1.0,1.0,65
random_2,34,5,good = 1 AND lossless = 1 AND FrameBoost = 1,NOT good AND AutoAltRef,0,0.0,0.0,0.0,65
random_5,85,13,good = 1 AND lossless = 1 AND FrameBoost = 1,variableBitrate AND lagInFrames <= 12.0 AND TileColumns <= 1.5 AND realtime,0,0.0,0.0,0.0,65
random_10,170,25,good = 1 AND lossless = 1 AND FrameBoost = 1,Threads > 9.0 AND NOT constantBitrate AND NOT lossless,0,0.0,0.0,0.0,65
random_20,340,43,good = 1 AND lossless = 1 AND FrameBoost = 1,NOT AutoAltRef,2,0.2125603864734299,0.1341463414634146,0.5116279069767442,65
2-wise,50,6,good = 1 AND lossless = 1 AND FrameBoost = 1,lagInFrames > 4.0 AND cpuUsed <= 1.0 AND Threads <= 7.0,0,0.0,0.0,0.0,65
3-wise,246,34,good = 1 AND lossless = 1 AND FrameBoost = 1,cpuUsed <= 1.0 AND NOT complexity AND NOT variableBitrate AND Threads > 3.0,2,0.0769230769230769,0.1111111111111111,0.0588235294117647,65
4-wise,942,117,good = 1 AND lossless = 1 AND FrameBoost = 1,cpuUsed <= 5.0,0,0.2170087976539589,0.1309734513274336,0.6324786324786325,65
full,216000,27000,AutoAltRef = 1 AND lossless = 1 AND FrameBoost = 1,FrameBoost AND AutoAltRef AND lossless,0,1.0,1.0,1.0,66
random_2,34,4,AutoAltRef = 1 AND lossless = 1 AND FrameBoost = 1,Threads <= 3.0 AND TileColumns <= 4.5,0,0.0,0.0,0.0,66
random_5,85,4,AutoAltRef = 1 AND lossless = 1 AND FrameBoost = 1,cpuUsed <= 7.0 AND lossless AND variance AND lagInFrames <= 12.0,3,0.1818181818181818,0.1428571428571428,0.25,66
random_10,170,15,AutoAltRef = 1 AND lossless = 1 AND FrameBoost = 1,bitRate <= 450.0 AND lossless AND cpuUsed > 3.0,0,0.0,0.0,0.0,66
random_20,340,40,AutoAltRef = 1 AND lossless = 1 AND FrameBoost = 1,lossless AND bitRate <= 1350.0 AND FrameBoost AND AutoAltRef,0,0.8732394366197184,1.0,0.775,66
2-wise,55,7,AutoAltRef = 1 AND lossless = 1 AND FrameBoost = 1,NOT complexity AND cpuUsed <= 5.0 AND AutoAltRef,2,0.6,0.4615384615384615,0.8571428571428571,66
3-wise,237,33,AutoAltRef = 1 AND lossless = 1 AND FrameBoost = 1,FrameBoost AND AutoAltRef AND lossless,0,1.0,1.0,1.0,66
4-wise,924,96,AutoAltRef = 1 AND lossless = 1 AND FrameBoost = 1,FrameBoost AND AutoAltRef AND lossless,0,1.0,1.0,1.0,66
full,216000,27000,realtime = 1 AND AutoAltRef = 1 AND FrameBoost = 1,FrameBoost AND AutoAltRef AND realtime,0,1.0,1.0,1.0,67
random_2,34,4,realtime = 1 AND AutoAltRef = 1 AND FrameBoost = 1,NOT off AND lagInFrames <= 4.0 AND complexity,0,0.0,0.0,0.0,67
random_5,85,10,realtime = 1 AND AutoAltRef = 1 AND FrameBoost = 1,NOT AutoAltRef AND NOT good AND TileColumns <= 4.5 AND cpuUsed > 3.0,0,0.0,0.0,0.0,67
random_10,170,24,realtime = 1 AND AutoAltRef = 1 AND FrameBoost = 1,NOT constantBitrate AND lagInFrames <= 12.0 AND FrameBoost,4,0.4788732394366197,0.3617021276595745,0.7083333333333334,67
random_20,340,47,realtime = 1 AND AutoAltRef = 1 AND FrameBoost = 1,FrameBoost,3,0.439252336448598,0.281437125748503,1.0,67
2-wise,57,12,realtime = 1 AND AutoAltRef = 1 AND FrameBoost = 1,FrameBoost AND Threads > 7.0 AND lagInFrames <= 4.0 AND TileColumns <= 4.5,3,0.4,1.0,0.25,67
3-wise,239,27,realtime = 1 AND AutoAltRef = 1 AND FrameBoost = 1,NOT good,4,0.3552631578947368,0.216,1.0,67
4-wise,953,118,realtime = 1 AND AutoAltRef = 1 AND FrameBoost = 1,FrameBoost AND cpuUsed > 1.0 AND NOT good AND AutoAltRef,0,0.8708133971291866,1.0,0.7711864406779662,67
full,216000,27000,realtime = 1 AND AutoAltRef = 1 AND lossless = 1,NOT good AND lossless AND AutoAltRef,0,1.0,1.0,1.0,68
random_2,34,7,realtime = 1 AND AutoAltRef = 1 AND lossless = 1,NOT complexity AND constantBitrate AND TileColumns > 4.5,1,0.4444444444444445,1.0,0.2857142857142857,68
random_5,85,14,realtime = 1 AND AutoAltRef = 1 AND lossless = 1,FrameBoost AND complexity AND bitRate <= 450.0,0,0.0,0.0,0.0,68
random_10,170,20,realtime = 1 AND AutoAltRef = 1 AND lossless = 1,TileColumns <= 4.5 AND variableBitrate AND Threads <= 3.0,4,0.1212121212121212,0.1538461538461538,0.1,68
random_20,340,45,realtime = 1 AND AutoAltRef = 1 AND lossless = 1,lagInFrames <= 12.0 AND TileColumns <= 4.5,3,0.2459893048128342,0.1619718309859155,0.5111111111111111,68
2-wise,55,5,realtime = 1 AND AutoAltRef = 1 AND lossless = 1,NOT constrainedQuality AND lagInFrames > 4.0 AND cpuUsed > 7.0 AND NOT complexity,0,0.0,0.0,0.0,68
3-wise,245,28,realtime = 1 AND AutoAltRef = 1 AND lossless = 1,lagInFrames <= 12.0,4,0.1570680628272251,0.0920245398773006,0.5357142857142857,68
4-wise,950,117,realtime = 1 AND AutoAltRef = 1 AND lossless = 1,NOT good,0,0.4034482758620689,0.2526997840172786,1.0,68
full,216000,27000,good = 1 AND AutoAltRef = 1 AND FrameBoost = 1,FrameBoost AND AutoAltRef AND NOT realtime,0,1.0,1.0,1.0,69
random_2,34,5,good = 1 AND AutoAltRef = 1 AND FrameBoost = 1,cpuUsed > 5.0 AND cpuUsed <= 7.0 AND lagInFrames <= 12.0,0,0.0,0.0,0.0,69
random_5,85,12,good = 1 AND AutoAltRef = 1 AND FrameBoost = 1,NOT good AND bitRate > 450.0 AND off AND Threads <= 7.0,0,0.0,0.0,0.0,69
random_10,170,21,good = 1 AND AutoAltRef = 1 AND FrameBoost = 1,cpuUsed <= 1.0 AND lagInFrames <= 4.0,0,0.0,0.0,0.0,69
random_20,340,42,good = 1 AND AutoAltRef = 1 AND FrameBoost = 1,cpuUsed <= 7.0,2,0.2101910828025477,0.1213235294117647,0.7857142857142857,69
2-wise,54,7,good = 1 AND AutoAltRef = 1 AND FrameBoost = 1,bitRate <= 450.0 AND lagInFrames > 4.0 AND lagInFrames <= 12.0 AND Threads <= 9.0,0,0.0,0.0,0.0,69
3-wise,237,32,good = 1 AND AutoAltRef = 1 AND FrameBoost = 1,FrameBoost,1,0.423841059602649,0.2689075630252101,1.0,69
4-wise,929,94,good = 1 AND AutoAltRef = 1 AND FrameBoost = 1,cpuUsed > 3.0 AND bitRate <= 1350.0 AND TileColumns > 1.5,3,0.1952506596306068,0.1298245614035087,0.3936170212765957,69
full,216000,27000,good = 1 AND AutoAltRef = 1 AND lossless = 1,lossless AND good AND AutoAltRef,0,1.0,1.0,1.0,6
random_2,34,6,good = 1 AND AutoAltRef = 1 AND lossless = 1,bitRate <= 450.0 AND TileColumns > 1.5 AND NOT constantBitrate AND NOT cyclicRefresh,0,0.0,0.0,0.0,6
random_5,85,16,good = 1 AND AutoAltRef = 1 AND lossless = 1,NOT FrameBoost AND TileColumns <= 1.5 AND Threads > 9.0 AND lagInFrames <= 12.0,0,0.0,0.0,0.0,6
random_10,170,26,good = 1 AND AutoAltRef = 1 AND lossless = 1,AutoAltRef AND Threads > 3.0 AND lossless AND good,0,0.8444444444444443,1.0,0.7307692307692307,6
random_20,340,41,good = 1 AND AutoAltRef = 1 AND lossless = 1,Threads <= 7.0 AND lossless AND bitRate > 750.0 AND cpuUsed > 7.0,4,0.1176470588235294,0.3,0.073170731707317,6
2-wise,50,5,good = 1 AND AutoAltRef = 1 AND lossless = 1,complexity AND cpuUsed <= 7.0,0,0.0,0.0,0.0,6
3-wise,258,30,good = 1 AND AutoAltRef = 1 AND lossless = 1,AutoAltRef AND lossless AND good,0,1.0,1.0,1.0,6
4-wise,944,100,good = 1 AND AutoAltRef = 1 AND lossless = 1,AutoAltRef AND lossless AND NOT realtime,0,1.0,1.0,1.0,6
full,216000,27000,realtime = 1 AND lossless = 1 AND FrameBoost = 1,FrameBoost AND lossless AND NOT good,0,1.0,1.0,1.0,70
random_2,34,1,realtime = 1 AND lossless = 1 AND FrameBoost = 1,bitRate <= 1350.0 AND cpuUsed <= 7.0 AND bitRate > 450.0 AND NOT variance,0,0.0,0.0,0.0,70
random_5,85,6,realtime = 1 AND lossless = 1 AND FrameBoost = 1,NOT good AND NOT FrameBoost AND NOT variance AND NOT AutoAltRef,0,0.0,0.0,0.0,70
random_10,170,15,realtime = 1 AND lossless = 1 AND FrameBoost = 1,bitRate > 750.0,4,0.1061946902654867,0.0612244897959183,0.4,70
random_20,340,35,realtime = 1 AND lossless = 1 AND FrameBoost = 1,NOT variableBitrate,2,0.1908396946564885,0.1101321585903083,0.7142857142857143,70
2-wise,53,3,realtime = 1 AND lossless = 1 AND FrameBoost = 1,cpuUsed <= 3.0 AND TileColumns <= 4.5 AND FrameBoost AND NOT complexity,0,0.0,0.0,0.0,70
3-wise,237,31,realtime = 1 AND lossless = 1 AND FrameBoost = 1,cpuUsed <= 3.0,3,0.238095238095238,0.1578947368421052,0.4838709677419355,70
4-wise,934,117,realtime = 1 AND lossless = 1 AND FrameBoost = 1,NOT variance,0,0.2114216281895504,0.1232294617563739,0.7435897435897436,70
full,216000,27000,good = 1 AND lossless = 1 AND FrameBoost = 1,FrameBoost AND NOT realtime AND lossless,0,1.0,1.0,1.0,71
random_2,34,5,good = 1 AND lossless = 1 AND FrameBoost = 1,cpuUsed > 7.0 AND NOT lossless AND NOT AutoAltRef,0,0.0,0.0,0.0,71
random_5,85,5,good = 1 AND lossless = 1 AND FrameBoost = 1,lagInFrames <= 4.0 AND good AND NOT variableBitrate AND bitRate <= 1350.0,3,0.4705882352941176,0.3333333333333333,0.8,71
random_10,170,17,good = 1 AND lossless = 1 AND FrameBoost = 1,NOT variableBitrate AND lagInFrames <= 12.0 AND off AND AutoAltRef,1,0.2307692307692307,0.3333333333333333,0.1764705882352941,71
random_20,340,34,good = 1 AND lossless = 1 AND FrameBoost = 1,lossless AND NOT variableBitrate AND good AND FrameBoost,0,0.7636363636363637,1.0,0.6176470588235294,71
2-wise,52,5,good = 1 AND lossless = 1 AND FrameBoost = 1,bitRate > 1350.0 AND NOT off AND NOT complexity,2,0.3333333333333333,0.2857142857142857,0.4,71
3-wise,240,26,good = 1 AND lossless = 1 AND FrameBoost = 1,FrameBoost AND lossless AND NOT realtime,0,1.0,1.0,1.0,71
4-wise,946,126,good = 1 AND lossless = 1 AND FrameBoost = 1,lossless AND NOT realtime AND FrameBoost,0,1.0,1.0,1.0,71
full,216000,27000,AutoAltRef = 1 AND lossless = 1 AND FrameBoost = 1,FrameBoost AND AutoAltRef AND lossless,0,1.0,1.0,1.0,72
random_2,34,4,AutoAltRef = 1 AND lossless = 1 AND FrameBoost = 1,bitRate > 1350.0 AND NOT FrameBoost AND cpuUsed <= 6.0,0,0.0,0.0,0.0,72
random_5,85,12,AutoAltRef = 1 AND lossless = 1 AND FrameBoost = 1,Threads <= 3.0 AND NOT realtime AND NOT FrameBoost,0,0.0,0.0,0.0,72
random_10,170,20,AutoAltRef = 1 AND lossless = 1 AND FrameBoost = 1,FrameBoost AND TileColumns > 4.5 AND cyclicRefresh AND variableBitrate,0,0.0,0.0,0.0,72
random_20,340,37,AutoAltRef = 1 AND lossless = 1 AND FrameBoost = 1,lagInFrames <= 12.0 AND bitRate > 450.0 AND lossless,4,0.2809917355371901,0.2023809523809523,0.4594594594594595,72
2-wise,51,5,AutoAltRef = 1 AND lossless = 1 AND FrameBoost = 1,cpuUsed <= 3.0 AND NOT constantBitrate AND TileColumns > 3.0,0,0.0,0.0,0.0,72
3-wise,237,28,AutoAltRef = 1 AND lossless = 1 AND FrameBoost = 1,cpuUsed > 3.0,2,0.2183908045977011,0.1301369863013698,0.6785714285714286,72
4-wise,925,109,AutoAltRef = 1 AND lossless = 1 AND FrameBoost = 1,cpuUsed > 5.0,1,0.2171189979123173,0.1405405405405405,0.4770642201834862,72
full,216000,27000,good = 1 AND lossless = 1 AND FrameBoost = 1,FrameBoost AND good AND lossless,0,1.0,1.0,1.0,73
random_2,34,4,good = 1 AND lossless = 1 AND FrameBoost = 1,NOT constantBitrate AND cpuUsed > 1.0 AND TileColumns > 4.5 AND NOT good,0,0.0,0.0,0.0,73
random_5,85,12,good = 1 AND lossless = 1 AND FrameBoost = 1,NOT AutoAltRef AND NOT good AND lagInFrames > 12.0 AND NOT complexity,0,0.0,0.0,0.0,73
random_10,170,27,good = 1 AND lossless = 1 AND FrameBoost = 1,FrameBoost AND Threads > 9.0 AND bitRate <= 1350.0,4,0.2857142857142857,0.4,0.2222222222222222,73
random_20,340,47,good = 1 AND lossless = 1 AND FrameBoost = 1,good,1,0.4585365853658536,0.2974683544303797,1.0,73
2-wise,49,6,good = 1 AND lossless = 1 AND FrameBoost = 1,cpuUsed <= 3.0 AND off AND TileColumns <= 1.5 AND lossless,0,0.0,0.0,0.0,73
3-wise,225,33,good = 1 AND lossless = 1 AND FrameBoost = 1,bitRate <= 1050.0,1,0.2395209580838323,0.1492537313432835,0.6060606060606061,73
4-wise,930,125,good = 1 AND lossless = 1 AND FrameBoost = 1,FrameBoost,0,0.4084967320261438,0.2566735112936344,1.0,73
full,216000,27000,good = 1 AND AutoAltRef = 1 AND lossless = 1,AutoAltRef AND good AND lossless,0,1.0,1.0,1.0,74
random_2,34,4,good = 1 AND AutoAltRef = 1 AND lossless = 1,realtime AND bitRate > 1050.0,0,0.0,0.0,0.0,74
random_5,85,14,good = 1 AND AutoAltRef = 1 AND lossless = 1,bitRate <= 750.0 AND AutoAltRef AND good AND lossless,1,0.8333333333333333,1.0,0.7142857142857143,74
random_10,170,27,good = 1 AND AutoAltRef = 1 AND lossless = 1,NOT realtime AND Threads <= 5.0 AND AutoAltRef AND lossless,3,0.5,1.0,0.3333333333333333,74
random_20,340,52,good = 1 AND AutoAltRef = 1 AND lossless = 1,NOT realtime AND AutoAltRef AND lossless,0,1.0,1.0,1.0,74
2-wise,51,6,good = 1 AND AutoAltRef = 1 AND lossless = 1,bitRate <= 1050.0 AND FrameBoost AND cpuUsed > 1.0 AND Threads > 3.0,0,0.0,0.0,0.0,74
3-wise,244,23,good = 1 AND AutoAltRef = 1 AND lossless = 1,cpuUsed <= 1.0 AND AutoAltRef AND lossless AND NOT realtime,1,0.5625,1.0,0.391304347826087,74
4-wise,930,114,good = 1 AND AutoAltRef = 1 AND lossless = 1,NOT realtime AND AutoAltRef AND lossless,0,1.0,1.0,1.0,74
full,216000,27000,realtime = 1 AND AutoAltRef = 1 AND FrameBoost = 1,AutoAltRef AND FrameBoost AND realtime,0,1.0,1.0,1.0,75
random_2,34,7,realtime = 1 AND AutoAltRef = 1 AND FrameBoost = 1,NOT complexity AND Threads <= 3.0 AND bitRate <= 1350.0 AND cpuUsed > 5.0,0,0.0,0.0,0.0,75
random_5,85,15,realtime = 1 AND AutoAltRef = 1 AND FrameBoost = 1,lagInFrames > 12.0 AND TileColumns > 1.5 AND bitRate <= 750.0,0,0.0,0.0,0.0,75
random_10,170,21,realtime = 1 AND AutoAltRef = 1 AND FrameBoost = 1,TileColumns > 4.5 AND bitRate > 450.0 AND NOT variance AND FrameBoost,2,0.2777777777777778,0.3333333333333333,0.238095238095238,75
random_20,340,41,realtime = 1 AND AutoAltRef = 1 AND FrameBoost = 1,lagInFrames > 4.0 AND AutoAltRef,2,0.3726708074534161,0.25,0.7317073170731707,75
2-wise,51,9,realtime = 1 AND AutoAltRef = 1 AND FrameBoost = 1,NOT AutoAltRef AND NOT cyclicRefresh AND cpuUsed > 5.0,0,0.0,0.0,0.0,75
3-wise,237,31,realtime = 1 AND AutoAltRef = 1 AND FrameBoost = 1,FrameBoost,4,0.4,0.25,1.0,75
4-wise,909,117,realtime = 1 AND AutoAltRef = 1 AND FrameBoost = 1,NOT good AND FrameBoost AND AutoAltRef,0,1.0,1.0,1.0,75
full,216000,27000,realtime = 1 AND lossless = 1 AND FrameBoost = 1,FrameBoost AND lossless AND NOT good,0,1.0,1.0,1.0,76
random_2,34,2,realtime = 1 AND lossless = 1 AND FrameBoost = 1,variance AND TileColumns > 1.5 AND TileColumns <= 4.5,0,0.0,0.0,0.0,76
random_5,85,8,realtime = 1 AND lossless = 1 AND FrameBoost = 1,TileColumns <= 4.5 AND bitRate > 1350.0,4,0.125,0.125,0.125,76
random_10,170,18,realtime = 1 AND lossless = 1 AND FrameBoost = 1,lagInFrames <= 4.0 AND NOT lossless AND cpuUsed <= 3.0 AND constantBitrate,0,0.0,0.0,0.0,76
random_20,340,39,realtime = 1 AND lossless = 1 AND FrameBoost = 1,NOT good AND lossless AND Threads > 3.0,4,0.6285714285714286,0.5,0.8461538461538461,76
2-wise,49,7,realtime = 1 AND lossless = 1 AND FrameBoost = 1,constrainedQuality AND lagInFrames > 4.0 AND NOT variance AND AutoAltRef,0,0.0,0.0,0.0,76
3-wise,227,25,realtime = 1 AND lossless = 1 AND FrameBoost = 1,NOT complexity,3,0.1624365482233502,0.0930232558139534,0.64,76
4-wise,965,126,realtime = 1 AND lossless = 1 AND FrameBoost = 1,FrameBoost AND realtime AND lossless,0,1.0,1.0,1.0,76
full,216000,27000,good = 1 AND AutoAltRef = 1 AND lossless = 1,good AND AutoAltRef AND lossless,0,1.0,1.0,1.0,77
random_2,34,2,good = 1 AND AutoAltRef = 1 AND lossless = 1,variance AND NOT AutoAltRef AND Threads > 3.0 AND realtime,0,0.0,0.0,0.0,77
random_5,85,7,good = 1 AND AutoAltRef = 1 AND lossless = 1,bitRate > 1350.0 AND NOT constantBitrate AND NOT variableBitrate,0,0.0,0.0,0.0,77
random_10,170,10,good = 1 AND AutoAltRef = 1 AND lossless = 1,good AND NOT constantBitrate,4,0.2686567164179104,0.1578947368421052,0.9,77
random_20,340,32,good = 1 AND AutoAltRef = 1 AND lossless = 1,cpuUsed > 5.0,3,0.1675977653631285,0.1020408163265306,0.46875,77
2-wise,56,3,good = 1 AND AutoAltRef = 1 AND lossless = 1,complexity AND NOT AutoAltRef AND Threads <= 9.0 AND Threads > 5.0,0,0.0,0.0,0.0,77
3-wise,236,28,good = 1 AND AutoAltRef = 1 AND lossless = 1,bitRate > 1050.0 AND complexity AND TileColumns > 4.5 AND cpuUsed > 7.0,0,0.0,0.0,0.0,77
4-wise,954,107,good = 1 AND AutoAltRef = 1 AND lossless = 1,AutoAltRef,1,0.3721739130434782,0.2286324786324786,1.0,77
full,216000,27000,good = 1 AND lossless = 1 AND FrameBoost = 1,good AND FrameBoost AND lossless,0,1.0,1.0,1.0,78
random_2,34,5,good = 1 AND lossless = 1 AND FrameBoost = 1,NOT off AND bitRate <= 1050.0 AND NOT FrameBoost AND cpuUsed <= 7.0,0,0.0,0.0,0.0,78
random_5,85,14,good = 1 AND lossless = 1 AND FrameBoost = 1,FrameBoost AND Threads > 5.0 AND bitRate > 450.0,1,0.3703703703703704,0.3846153846153846,0.3571428571428571,78
random_10,170,23,good = 1 AND lossless = 1 AND FrameBoost = 1,lossless AND NOT realtime AND FrameBoost,0,1.0,1.0,1.0,78
random_20,340,50,good = 1 AND lossless = 1 AND FrameBoost = 1,lossless AND good AND FrameBoost,0,1.0,1.0,1.0,78
2-wise,53,6,good = 1 AND lossless = 1 AND FrameBoost = 1,constantBitrate AND lagInFrames > 4.0 AND NOT off,4,0.3749999999999999,0.3,0.5,78
3-wise,236,31,good = 1 AND lossless = 1 AND FrameBoost = 1,lossless AND good AND FrameBoost,0,1.0,1.0,1.0,78
4-wise,932,107,good = 1 AND lossless = 1 AND FrameBoost = 1,lossless AND FrameBoost AND NOT realtime,0,1.0,1.0,1.0,78
full,216000,27000,realtime = 1 AND lossless = 1 AND FrameBoost = 1,NOT good AND FrameBoost AND lossless,0,1.0,1.0,1.0,79
random_2,34,4,realtime = 1 AND lossless = 1 AND FrameBoost = 1,Threads <= 3.0 AND AutoAltRef AND cpuUsed > 3.0 AND TileColumns > 3.0,0,0.0,0.0,0.0,79
random_5,85,11,realtime = 1 AND lossless = 1 AND FrameBoost = 1,Threads <= 5.0 AND FrameBoost AND TileColumns <= 4.5 AND good,0,0.0,0.0,0.0,79
random_10,170,18,realtime = 1 AND lossless = 1 AND FrameBoost = 1,cpuUsed <= 1.0 AND lagInFrames > 4.0 AND NOT FrameBoost,0,0.0,0.0,0.0,79
random_20,340,35,realtime = 1 AND lossless = 1 AND FrameBoost = 1,lagInFrames > 12.0,4,0.175,0.112,0.4,79
2-wise,54,7,realtime = 1 AND lossless = 1 AND FrameBoost = 1,bitRate <= 450.0 AND NOT realtime AND TileColumns > 3.0 AND lossless,0,0.0,0.0,0.0,79
3-wise,247,37,realtime = 1 AND lossless = 1 AND FrameBoost = 1,constrainedQuality AND cpuUsed > 5.0 AND FrameBoost AND NOT good,3,0.3478260869565217,0.8888888888888888,0.2162162162162162,79
4-wise,961,109,realtime = 1 AND lossless = 1 AND FrameBoost = 1,NOT variableBitrate,0,0.2162883845126835,0.1265625,0.7431192660550459,79
full,216000,27000,realtime = 1 AND lossless = 1 AND FrameBoost = 1,realtime AND lossless AND FrameBoost,0,1.0,1.0,1.0,7
random_2,34,5,realtime = 1 AND lossless = 1 AND FrameBoost = 1,NOT realtime AND lagInFrames <= 12.0,0,0.0,0.0,0.0,7
random_5,85,14,realtime = 1 AND lossless = 1 AND FrameBoost = 1,off AND TileColumns <= 4.5 AND NOT constantBitrate,0,0.0,0.0,0.0,7
random_10,170,21,realtime = 1 AND lossless = 1 AND FrameBoost = 1,bitRate > 450.0 AND variance AND constrainedQuality AND cpuUsed <= 7.0,3,0.1212121212121212,0.1666666666666666,0.0952380952380952,7
random_20,340,41,realtime = 1 AND lossless = 1 AND FrameBoost = 1,lagInFrames > 4.0,1,0.1949458483754512,0.1144067796610169,0.6585365853658537,7
2-wise,50,6,realtime = 1 AND lossless = 1 AND FrameBoost = 1,cpuUsed > 1.0 AND bitRate <= 1050.0 AND good AND Threads > 3.0,0,0.0,0.0,0.0,7
3-wise,241,34,realtime = 1 AND lossless = 1 AND FrameBoost = 1,cpuUsed > 7.0 AND Threads <= 9.0 AND Threads > 3.0 AND NOT lossless,0,0.0,0.0,0.0,7
4-wise,946,117,realtime = 1 AND lossless = 1 AND FrameBoost = 1,NOT off,0,0.2192448233861145,0.1278409090909091,0.7692307692307693,7
full,216000,27000,realtime = 1 AND lossless = 1 AND FrameBoost = 1,FrameBoost AND lossless AND realtime,0,1.0,1.0,1.0,80
random_2,34,5,realtime = 1 AND lossless = 1 AND FrameBoost = 1,TileColumns <= 4.5 AND NOT AutoAltRef AND cpuUsed <= 1.0,0,0.0,0.0,0.0,80
random_5,85,10,realtime = 1 AND lossless = 1 AND FrameBoost = 1,lagInFrames > 4.0 AND Threads > 7.0 AND Threads <= 9.0 AND NOT realtime,0,0.0,0.0,0.0,80
random_10,170,21,realtime = 1 AND lossless = 1 AND FrameBoost = 1,lossless AND lagInFrames > 4.0 AND Threads > 5.0 AND Threads <= 7.0,4,0.1333333333333333,0.2222222222222222,0.0952380952380952,80
random_20,340,44,realtime = 1 AND lossless = 1 AND FrameBoost = 1,lagInFrames <= 12.0 AND NOT variance,3,0.2358078602620087,0.1459459459459459,0.6136363636363636,80
2-wise,53,6,realtime = 1 AND lossless = 1 AND FrameBoost = 1,bitRate <= 750.0 AND NOT constantBitrate AND NOT AutoAltRef,0,0.0,0.0,0.0,80
3-wise,241,36,realtime = 1 AND lossless = 1 AND FrameBoost = 1,Threads <= 9.0,4,0.2347826086956522,0.1391752577319587,0.75,80
4-wise,953,125,realtime = 1 AND lossless = 1 AND FrameBoost = 1,lossless,0,0.4045307443365696,0.2535496957403651,1.0,80
full,216000,27000,good = 1 AND AutoAltRef = 1 AND FrameBoost = 1,NOT realtime AND AutoAltRef AND FrameBoost,0,1.0,1.0,1.0,81
random_2,34,2,good = 1 AND AutoAltRef = 1 AND FrameBoost = 1,NOT off AND NOT lossless AND AutoAltRef AND bitRate > 450.0,0,0.0,0.0,0.0,81
random_5,85,8,good = 1 AND AutoAltRef = 1 AND FrameBoost = 1,bitRate > 1050.0 AND NOT variance AND lagInFrames <= 12.0 AND realtime,0,0.0,0.0,0.0,81
random_10,170,22,good = 1 AND AutoAltRef = 1 AND FrameBoost = 1,bitRate <= 1350.0,3,0.2111801242236024,0.1223021582733813,0.7727272727272727,81
random_20,340,47,good = 1 AND AutoAltRef = 1 AND FrameBoost = 1,NOT lossless,2,0.2211538461538461,0.1428571428571428,0.4893617021276595,81
2-wise,54,7,good = 1 AND AutoAltRef = 1 AND FrameBoost = 1,NOT complexity AND Threads > 7.0 AND bitRate > 450.0 AND bitRate <= 750.0,0,0.0,0.0,0.0,81
3-wise,238,36,good = 1 AND AutoAltRef = 1 AND FrameBoost = 1,bitRate <= 750.0,3,0.2635658914728682,0.1827956989247312,0.4722222222222222,81
4-wise,930,122,good = 1 AND AutoAltRef = 1 AND FrameBoost = 1,NOT off,0,0.2246376811594202,0.131728045325779,0.7622950819672131,81
full,216000,27000,realtime = 1 AND lossless = 1 AND FrameBoost = 1,NOT good AND lossless AND FrameBoost,0,1.0,1.0,1.0,82
random_2,34,6,realtime = 1 AND lossless = 1 AND FrameBoost = 1,Threads > 7.0 AND NOT realtime AND NOT variance AND TileColumns <= 4.5,0,0.0,0.0,0.0,82
random_5,85,14,realtime = 1 AND lossless = 1 AND FrameBoost = 1,cyclicRefresh AND AutoAltRef,0,0.0,0.0,0.0,82
random_10,170,24,realtime = 1 AND lossless = 1 AND FrameBoost = 1,Threads > 7.0 AND cpuUsed > 3.0 AND off,0,0.0,0.0,0.0,82
random_20,340,46,realtime = 1 AND lossless = 1 AND FrameBoost = 1,cpuUsed > 1.0 AND NOT constantBitrate,4,0.2466960352422907,0.154696132596685,0.6086956521739131,82
2-wise,50,5,realtime = 1 AND lossless = 1 AND FrameBoost = 1,constantBitrate AND lagInFrames > 12.0,0,0.0,0.0,0.0,82
3-wise,243,27,realtime = 1 AND lossless = 1 AND FrameBoost = 1,TileColumns <= 4.5,2,0.1693121693121693,0.0987654320987654,0.5925925925925926,82
4-wise,949,100,realtime = 1 AND lossless = 1 AND FrameBoost = 1,NOT constrainedQuality,1,0.1841004184100418,0.1069692058346839,0.66,82
full,216000,27000,AutoAltRef = 1 AND lossless = 1 AND FrameBoost = 1,FrameBoost AND AutoAltRef AND lossless,0,1.0,1.0,1.0,83
random_2,34,2,AutoAltRef = 1 AND lossless = 1 AND FrameBoost = 1,Threads > 3.0 AND cpuUsed > 1.0 AND NOT complexity AND cpuUsed > 3.0,0,0.0,0.0,0.0,83
random_5,85,9,AutoAltRef = 1 AND lossless = 1 AND FrameBoost = 1,cpuUsed > 5.0 AND NOT AutoAltRef AND NOT constantBitrate,0,0.0,0.0,0.0,83
random_10,170,18,AutoAltRef = 1 AND lossless = 1 AND FrameBoost = 1,NOT cyclicRefresh,3,0.1560283687943262,0.089430894308943,0.6111111111111112,83
random_20,340,44,AutoAltRef = 1 AND lossless = 1 AND FrameBoost = 1,Threads > 3.0 AND NOT variance AND lagInFrames > 4.0,4,0.2073170731707317,0.1416666666666666,0.3863636363636363,83
2-wise,50,5,AutoAltRef = 1 AND lossless = 1 AND FrameBoost = 1,NOT good AND lagInFrames <= 12.0 AND cpuUsed <= 1.0 AND NOT AutoAltRef,0,0.0,0.0,0.0,83
3-wise,235,25,AutoAltRef = 1 AND lossless = 1 AND FrameBoost = 1,AutoAltRef AND FrameBoost AND Threads > 3.0 AND bitRate > 450.0,4,0.6,0.6,0.6,83
4-wise,954,130,AutoAltRef = 1 AND lossless = 1 AND FrameBoost = 1,bitRate > 750.0 AND NOT variableBitrate AND AutoAltRef,3,0.3333333333333333,0.2718446601941747,0.4307692307692308,83
full,216000,27000,realtime = 1 AND AutoAltRef = 1 AND lossless = 1,AutoAltRef AND NOT good AND lossless,0,1.0,1.0,1.0,84
random_2,34,4,realtime = 1 AND AutoAltRef = 1 AND lossless = 1,TileColumns <= 4.5 AND NOT constantBitrate AND cpuUsed > 1.0 AND NOT off,0,0.0,0.0,0.0,84
random_5,85,9,realtime = 1 AND AutoAltRef = 1 AND lossless = 1,TileColumns <= 1.5 AND variableBitrate AND lagInFrames <= 12.0,4,0.1538461538461538,0.25,0.1111111111111111,84
random_10,170,28,realtime = 1 AND AutoAltRef = 1 AND lossless = 1,AutoAltRef AND bitRate <= 1350.0 AND lossless AND realtime,1,0.9433962264150944,1.0,0.8928571428571429,84
random_20,340,51,realtime = 1 AND AutoAltRef = 1 AND lossless = 1,NOT variableBitrate,2,0.273972602739726,0.1659751037344398,0.7843137254901961,84
2-wise,51,8,realtime = 1 AND AutoAltRef = 1 AND lossless = 1,NOT variance AND NOT FrameBoost AND bitRate > 1350.0 AND cpuUsed <= 3.0,0,0.0,0.0,0.0,84
3-wise,246,29,realtime = 1 AND AutoAltRef = 1 AND lossless = 1,NOT constrainedQuality,4,0.1739130434782608,0.1032258064516129,0.5517241379310345,84
4-wise,952,122,realtime = 1 AND AutoAltRef = 1 AND lossless = 1,NOT good AND AutoAltRef AND lossless,0,1.0,1.0,1.0,84
full,216000,27000,good = 1 AND AutoAltRef = 1 AND lossless = 1,lossless AND good AND AutoAltRef,0,1.0,1.0,1.0,85
random_2,34,7,good = 1 AND AutoAltRef = 1 AND lossless = 1,NOT constrainedQuality AND cpuUsed <= 3.0 AND NOT lossless,0,0.0,0.0,0.0,85
random_5,85,12,good = 1 AND AutoAltRef = 1 AND lossless = 1,NOT off AND lagInFrames <= 4.0 AND NOT cyclicRefresh AND bitRate <= 1350.0,4,0.08,0.0769230769230769,0.0833333333333333,85
random_10,170,20,good = 1 AND AutoAltRef = 1 AND lossless = 1,Threads > 7.0 AND lagInFrames > 4.0 AND FrameBoost AND TileColumns <= 4.5,2,0.1818181818181818,0.2307692307692307,0.15,85
random_20,340,45,good = 1 AND AutoAltRef = 1 AND lossless = 1,cpuUsed > 1.0,0,0.23125,0.1345454545454545,0.8222222222222222,85
2-wise,52,8,good = 1 AND AutoAltRef = 1 AND lossless = 1,NOT variableBitrate AND cpuUsed <= 3.0 AND NOT constantBitrate AND Threads <= 7.0,0,0.0,0.0,0.0,85
3-wise,240,22,good = 1 AND AutoAltRef = 1 AND lossless = 1,constantBitrate AND NOT AutoAltRef AND variance,0,0.0,0.0,0.0,85
4-wise,960,130,good = 1 AND AutoAltRef = 1 AND lossless = 1,good AND AutoAltRef AND lossless,0,1.0,1.0,1.0,85
full,216000,27000,good = 1 AND lossless = 1 AND FrameBoost = 1,FrameBoost AND NOT realtime AND lossless,0,1.0,1.0,1.0,86
random_2,34,1,good = 1 AND lossless = 1 AND FrameBoost = 1,variance AND bitRate > 1050.0 AND NOT AutoAltRef,0,0.0,0.0,0.0,86
random_5,85,12,good = 1 AND lossless = 1 AND FrameBoost = 1,NOT variableBitrate AND lagInFrames <= 12.0 AND cpuUsed <= 5.0 AND bitRate <= 1050.0,0,0.0,0.0,0.0,86
random_10,170,23,good = 1 AND lossless = 1 AND FrameBoost = 1,bitRate <= 1350.0,2,0.2236024844720497,0.1304347826086956,0.782608695652174,86
random_20,340,42,good = 1 AND lossless = 1 AND FrameBoost = 1,Threads > 7.0,4,0.2093023255813953,0.1384615384615384,0.4285714285714285,86
2-wise,56,6,good = 1 AND lossless = 1 AND FrameBoost = 1,AutoAltRef AND lossless AND cpuUsed > 1.0 AND TileColumns > 1.5,0,0.0,0.0,0.0,86
3-wise,242,31,good = 1 AND lossless = 1 AND FrameBoost = 1,NOT FrameBoost AND constantBitrate AND bitRate <= 450.0 AND lagInFrames > 4.0,0,0.0,0.0,0.0,86
4-wise,953,112,good = 1 AND lossless = 1 AND FrameBoost = 1,lossless,1,0.3822525597269625,0.2362869198312236,1.0,86
full,216000,27000,realtime = 1 AND AutoAltRef = 1 AND FrameBoost = 1,AutoAltRef AND FrameBoost AND NOT good,0,1.0,1.0,1.0,87
random_2,34,5,realtime = 1 AND AutoAltRef = 1 AND FrameBoost = 1,FrameBoost AND bitRate <= 1050.0 AND TileColumns <= 4.5,0,0.0,0.0,0.0,87
random_5,85,11,realtime = 1 AND AutoAltRef = 1 AND FrameBoost = 1,TileColumns <= 1.5 AND cpuUsed > 5.0 AND bitRate <= 1350.0 AND NOT variance,0,0.0,0.0,0.0,87
random_10,170,15,realtime = 1 AND AutoAltRef = 1 AND FrameBoost = 1,Threads <= 7.0 AND NOT lossless AND bitRate <= 450.0 AND cpuUsed <= 3.0,0,0.0,0.0,0.0,87
random_20,340,40,realtime = 1 AND AutoAltRef = 1 AND FrameBoost = 1,realtime AND NOT complexity,3,0.4157303370786517,0.2681159420289855,0.925,87
2-wise,53,9,realtime = 1 AND AutoAltRef = 1 AND FrameBoost = 1,lossless AND AutoAltRef AND off,0,0.0,0.0,0.0,87
3-wise,247,34,realtime = 1 AND AutoAltRef = 1 AND FrameBoost = 1,realtime AND AutoAltRef AND FrameBoost,0,1.0,1.0,1.0,87
4-wise,945,129,realtime = 1 AND AutoAltRef = 1 AND FrameBoost = 1,AutoAltRef AND FrameBoost AND NOT good,0,1.0,1.0,1.0,87
full,216000,27000,good = 1 AND AutoAltRef = 1 AND FrameBoost = 1,FrameBoost AND good AND AutoAltRef,0,1.0,1.0,1.0,88
random_2,34,3,good = 1 AND AutoAltRef = 1 AND FrameBoost = 1,Threads <= 3.0 AND bitRate > 450.0 AND lagInFrames > 12.0 AND good,0,0.0,0.0,0.0,88
random_5,85,5,good = 1 AND AutoAltRef = 1 AND FrameBoost = 1,Threads <= 5.0 AND bitRate > 750.0 AND NOT off AND lagInFrames <= 12.0,0,0.0,0.0,0.0,88
random_10,170,12,good = 1 AND AutoAltRef = 1 AND FrameBoost = 1,off AND bitRate > 1350.0 AND lagInFrames <= 12.0,0,0.0,0.0,0.0,88
random_20,340,27,good = 1 AND AutoAltRef = 1 AND FrameBoost = 1,AutoAltRef,3,0.3176470588235294,0.1888111888111888,1.0,88
2-wise,55,4,good = 1 AND AutoAltRef = 1 AND FrameBoost = 1,NOT constantBitrate AND NOT lossless AND cpuUsed <= 5.0 AND TileColumns <= 4.5,0,0.0,0.0,0.0,88
3-wise,249,23,good = 1 AND AutoAltRef = 1 AND FrameBoost = 1,bitRate > 450.0 AND cpuUsed > 7.0 AND Threads <= 3.0 AND NOT complexity,0,0.0,0.0,0.0,88
4-wise,958,126,good = 1 AND AutoAltRef = 1 AND FrameBoost = 1,AutoAltRef AND FrameBoost AND good,0,1.0,1.0,1.0,88
full,216000,27000,good = 1 AND AutoAltRef = 1 AND FrameBoost = 1,good AND FrameBoost AND AutoAltRef,0,1.0,1.0,1.0,89
random_2,34,2,good = 1 AND AutoAltRef = 1 AND FrameBoost = 1,lagInFrames > 12.0 AND Threads <= 7.0 AND AutoAltRef,0,0.0,0.0,0.0,89
random_5,85,8,good = 1 AND AutoAltRef = 1 AND FrameBoost = 1,NOT variance AND Threads <= 9.0 AND lagInFrames > 12.0 AND TileColumns <= 1.5,0,0.0,0.0,0.0,89
random_10,170,18,good = 1 AND AutoAltRef = 1 AND FrameBoost = 1,lossless AND Threads > 3.0 AND cpuUsed <= 1.0 AND lagInFrames <= 12.0,3,0.0769230769230769,0.125,0.0555555555555555,89
random_20,340,43,good = 1 AND AutoAltRef = 1 AND FrameBoost = 1,bitRate > 1050.0,2,0.213903743315508,0.1388888888888889,0.4651162790697674,89
2-wise,53,7,good = 1 AND AutoAltRef = 1 AND FrameBoost = 1,lagInFrames > 4.0 AND bitRate > 1350.0 AND TileColumns <= 4.5,0,0.0,0.0,0.0,89
3-wise,242,30,good = 1 AND AutoAltRef = 1 AND FrameBoost = 1,bitRate <= 1350.0,4,0.24,0.1384615384615384,0.9,89
4-wise,941,119,good = 1 AND AutoAltRef = 1 AND FrameBoost = 1,NOT variableBitrate AND AutoAltRef AND FrameBoost,3,0.5915492957746479,0.509090909090909,0.7058823529411765,89
full,216000,27000,good = 1 AND AutoAltRef = 1 AND lossless = 1,NOT realtime AND lossless AND AutoAltRef,0,1.0,1.0,1.0,8
random_2,34,7,good = 1 AND AutoAltRef = 1 AND lossless = 1,cyclicRefresh AND bitRate > 750.0,0,0.0,0.0,0.0,8
random_5,85,11,good = 1 AND AutoAltRef = 1 AND lossless = 1,Threads <= 5.0 AND FrameBoost AND lagInFrames <= 12.0 AND NOT cyclicRefresh,0,0.0,0.0,0.0,8
random_10,170,24,good = 1 AND AutoAltRef = 1 AND lossless = 1,bitRate <= 750.0,3,0.2626262626262626,0.1733333333333333,0.5416666666666666,8
random_20,340,45,good = 1 AND AutoAltRef = 1 AND lossless = 1,AutoAltRef,1,0.4225352112676056,0.2678571428571428,1.0,8
2-wise,48,6,good = 1 AND AutoAltRef = 1 AND lossless = 1,NOT variance AND Threads > 9.0 AND NOT constrainedQuality,0,0.0,0.0,0.0,8
3-wise,241,34,good = 1 AND AutoAltRef = 1 AND lossless = 1,NOT constrainedQuality,4,0.2131979695431472,0.1288343558282208,0.6176470588235294,8
4-wise,943,125,good = 1 AND AutoAltRef = 1 AND lossless = 1,NOT complexity,1,0.2304921968787515,0.135593220338983,0.768,8
full,216000,27000,good = 1 AND AutoAltRef = 1 AND lossless = 1,AutoAltRef AND lossless AND NOT realtime,0,1.0,1.0,1.0,90
random_5,85,7,good = 1 AND AutoAltRef = 1 AND lossless = 1,Threads > 7.0 AND cpuUsed <= 7.0 AND cyclicRefresh AND NOT constantBitrate,0,0.0,0.0,0.0,90
random_10,170,26,good = 1 AND AutoAltRef = 1 AND lossless = 1,bitRate > 750.0 AND TileColumns > 1.5 AND constrainedQuality AND NOT cyclicRefresh,4,0.1764705882352941,0.375,0.1153846153846153,90
random_20,340,57,good = 1 AND AutoAltRef = 1 AND lossless = 1,FrameBoost AND NOT realtime AND lossless AND AutoAltRef,0,0.6428571428571429,1.0,0.4736842105263157,90
2-wise,51,5,good = 1 AND AutoAltRef = 1 AND lossless = 1,bitRate > 750.0 AND Threads > 5.0 AND NOT complexity,0,0.0,0.0,0.0,90
3-wise,238,32,good = 1 AND AutoAltRef = 1 AND lossless = 1,NOT realtime AND lossless AND variance AND AutoAltRef,3,0.4,1.0,0.25,90
4-wise,957,143,good = 1 AND AutoAltRef = 1 AND lossless = 1,constantBitrate AND lossless AND AutoAltRef AND NOT realtime,0,0.4198895027624309,1.0,0.2657342657342657,90
full,216000,27000,realtime = 1 AND lossless = 1 AND FrameBoost = 1,FrameBoost AND lossless AND realtime,0,1.0,1.0,1.0,91
random_2,34,7,realtime = 1 AND lossless = 1 AND FrameBoost = 1,FrameBoost AND Threads > 9.0 AND NOT good,4,0.4444444444444445,1.0,0.2857142857142857,91
random_5,85,12,realtime = 1 AND lossless = 1 AND FrameBoost = 1,constrainedQuality AND NOT good AND FrameBoost AND lossless,3,0.7368421052631579,1.0,0.5833333333333334,91
random_10,170,17,realtime = 1 AND lossless = 1 AND FrameBoost = 1,NOT FrameBoost AND AutoAltRef AND lagInFrames <= 4.0 AND NOT constantBitrate,0,0.0,0.0,0.0,91
random_20,340,45,realtime = 1 AND lossless = 1 AND FrameBoost = 1,NOT good AND lossless AND Threads <= 9.0 AND FrameBoost,0,0.8311688311688311,1.0,0.7111111111111111,91
2-wise,51,7,realtime = 1 AND lossless = 1 AND FrameBoost = 1,bitRate <= 1050.0 AND realtime AND NOT FrameBoost,0,0.0,0.0,0.0,91
3-wise,245,26,realtime = 1 AND lossless = 1 AND FrameBoost = 1,NOT good,2,0.3354838709677419,0.2015503875968992,1.0,91
4-wise,949,119,realtime = 1 AND lossless = 1 AND FrameBoost = 1,lossless AND FrameBoost AND NOT good,0,1.0,1.0,1.0,91
full,216000,27000,realtime = 1 AND AutoAltRef = 1 AND lossless = 1,realtime AND AutoAltRef AND lossless,0,1.0,1.0,1.0,92
random_2,34,5,realtime = 1 AND AutoAltRef = 1 AND lossless = 1,NOT off AND Threads <= 7.0 AND bitRate > 1350.0 AND NOT constantBitrate,0,0.0,0.0,0.0,92
random_5,85,8,realtime = 1 AND AutoAltRef = 1 AND lossless = 1,bitRate <= 450.0 AND lagInFrames <= 12.0,0,0.0,0.0,0.0,92
random_10,170,22,realtime = 1 AND AutoAltRef = 1 AND lossless = 1,Threads > 9.0 AND NOT complexity AND bitRate <= 750.0,0,0.0,0.0,0.0,92
random_20,340,35,realtime = 1 AND AutoAltRef = 1 AND lossless = 1,lossless AND lagInFrames > 4.0,4,0.3684210526315789,0.2393162393162393,0.8,92
2-wise,53,7,realtime = 1 AND AutoAltRef = 1 AND lossless = 1,cpuUsed <= 7.0 AND bitRate <= 1350.0 AND cpuUsed > 5.0 AND Threads <= 5.0,0,0.0,0.0,0.0,92
3-wise,241,33,realtime = 1 AND AutoAltRef = 1 AND lossless = 1,realtime,4,0.4429530201342281,0.2844827586206896,1.0,92
4-wise,935,112,realtime = 1 AND AutoAltRef = 1 AND lossless = 1,AutoAltRef AND realtime AND Threads > 5.0 AND lossless,0,0.7624309392265194,1.0,0.6160714285714286,92
full,216000,27000,realtime = 1 AND AutoAltRef = 1 AND lossless = 1,AutoAltRef AND realtime AND lossless,0,1.0,1.0,1.0,93
random_2,34,4,realtime = 1 AND AutoAltRef = 1 AND lossless = 1,NOT constrainedQuality AND bitRate <= 1350.0 AND cpuUsed <= 7.0 AND NOT complexity,4,0.1428571428571428,0.1,0.25,93
random_5,85,5,realtime = 1 AND AutoAltRef = 1 AND lossless = 1,lossless AND variance AND lagInFrames <= 4.0 AND TileColumns <= 1.5,0,0.0,0.0,0.0,93
random_10,170,17,realtime = 1 AND AutoAltRef = 1 AND lossless = 1,NOT off AND NOT good AND bitRate > 750.0 AND variableBitrate,3,0.1538461538461538,0.2222222222222222,0.1176470588235294,93
random_20,340,50,realtime = 1 AND AutoAltRef = 1 AND lossless = 1,AutoAltRef AND realtime AND lossless,0,1.0,1.0,1.0,93
2-wise,52,7,realtime = 1 AND AutoAltRef = 1 AND lossless = 1,Threads <= 5.0 AND AutoAltRef AND lossless AND realtime,4,0.7272727272727273,1.0,0.5714285714285714,93
3-wise,242,25,realtime = 1 AND AutoAltRef = 1 AND lossless = 1,variableBitrate,4,0.1929824561403508,0.1235955056179775,0.44,93
4-wise,957,109,realtime = 1 AND AutoAltRef = 1 AND lossless = 1,NOT good AND AutoAltRef AND lossless,0,1.0,1.0,1.0,93
full,216000,27000,realtime = 1 AND lossless = 1 AND FrameBoost = 1,lossless AND FrameBoost AND NOT good,0,1.0,1.0,1.0,94
random_2,34,6,realtime = 1 AND lossless = 1 AND FrameBoost = 1,NOT cyclicRefresh AND complexity AND NOT constrainedQuality,4,0.3076923076923076,0.2857142857142857,0.3333333333333333,94
random_5,85,13,realtime = 1 AND lossless = 1 AND FrameBoost = 1,Threads > 3.0 AND FrameBoost AND AutoAltRef,3,0.4166666666666666,0.4545454545454545,0.3846153846153846,94
random_10,170,18,realtime = 1 AND lossless = 1 AND FrameBoost = 1,TileColumns <= 1.5 AND lagInFrames > 4.0 AND realtime AND variableBitrate,2,0.1666666666666666,0.3333333333333333,0.1111111111111111,94
random_20,340,41,realtime = 1 AND lossless = 1 AND FrameBoost = 1,lagInFrames > 4.0 AND realtime AND FrameBoost AND lossless,0,0.71875,1.0,0.5609756097560976,94
2-wise,52,4,realtime = 1 AND lossless = 1 AND FrameBoost = 1,TileColumns > 4.5 AND realtime AND bitRate <= 1050.0 AND cpuUsed <= 5.0,0,0.0,0.0,0.0,94
3-wise,231,28,realtime = 1 AND lossless = 1 AND FrameBoost = 1,lossless AND NOT complexity AND realtime AND FrameBoost,0,0.8571428571428571,1.0,0.75,94
4-wise,966,112,realtime = 1 AND lossless = 1 AND FrameBoost = 1,bitRate <= 750.0 AND FrameBoost AND NOT good AND lossless,0,0.6,1.0,0.4285714285714285,94
full,216000,27000,realtime = 1 AND lossless = 1 AND FrameBoost = 1,FrameBoost AND lossless AND realtime,0,1.0,1.0,1.0,95
random_2,34,5,realtime = 1 AND lossless = 1 AND FrameBoost = 1,cpuUsed <= 3.0 AND TileColumns <= 4.5 AND NOT cyclicRefresh AND NOT FrameBoost,0,0.0,0.0,0.0,95
random_5,85,10,realtime = 1 AND lossless = 1 AND FrameBoost = 1,lagInFrames <= 4.0 AND NOT complexity AND bitRate > 450.0 AND cpuUsed <= 5.0,0,0.0,0.0,0.0,95
random_10,170,23,realtime = 1 AND lossless = 1 AND FrameBoost = 1,Threads > 9.0 AND constantBitrate,0,0.0,0.0,0.0,95
random_20,340,41,realtime = 1 AND lossless = 1 AND FrameBoost = 1,lagInFrames <= 12.0 AND lossless,3,0.3625,0.2436974789915966,0.7073170731707317,95
2-wise,47,5,realtime = 1 AND lossless = 1 AND FrameBoost = 1,TileColumns > 4.5 AND Threads > 3.0 AND NOT complexity AND NOT FrameBoost,0,0.0,0.0,0.0,95
3-wise,246,31,realtime = 1 AND lossless = 1 AND FrameBoost = 1,lossless,1,0.3780487804878049,0.2330827067669172,1.0,95
4-wise,957,113,realtime = 1 AND lossless = 1 AND FrameBoost = 1,Threads > 3.0 AND FrameBoost,1,0.3786008230452675,0.2466487935656836,0.8141592920353983,95
full,216000,27000,AutoAltRef = 1 AND lossless = 1 AND FrameBoost = 1,FrameBoost AND lossless AND AutoAltRef,0,1.0,1.0,1.0,96
random_2,34,2,AutoAltRef = 1 AND lossless = 1 AND FrameBoost = 1,off AND lagInFrames <= 12.0 AND cpuUsed > 4.0,0,0.0,0.0,0.0,96
random_5,85,7,AutoAltRef = 1 AND lossless = 1 AND FrameBoost = 1,bitRate > 1050.0 AND NOT cyclicRefresh AND NOT good,1,0.1176470588235294,0.1,0.1428571428571428,96
random_10,170,18,AutoAltRef = 1 AND lossless = 1 AND FrameBoost = 1,FrameBoost AND variance AND cpuUsed > 1.0 AND TileColumns <= 1.5,4,0.3333333333333333,0.6666666666666666,0.2222222222222222,96
random_20,340,38,AutoAltRef = 1 AND lossless = 1 AND FrameBoost = 1,FrameBoost AND lossless AND AutoAltRef,0,1.0,1.0,1.0,96
2-wise,52,6,AutoAltRef = 1 AND lossless = 1 AND FrameBoost = 1,AutoAltRef AND TileColumns <= 4.5 AND constrainedQuality,0,0.0,0.0,0.0,96
3-wise,242,25,AutoAltRef = 1 AND lossless = 1 AND FrameBoost = 1,complexity AND Threads <= 9.0 AND lagInFrames <= 4.0,0,0.0,0.0,0.0,96
4-wise,935,128,AutoAltRef = 1 AND lossless = 1 AND FrameBoost = 1,AutoAltRef AND lossless AND FrameBoost,0,1.0,1.0,1.0,96
full,216000,27000,good = 1 AND AutoAltRef = 1 AND lossless = 1,lossless AND good AND AutoAltRef,0,1.0,1.0,1.0,97
random_2,34,4,good = 1 AND AutoAltRef = 1 AND lossless = 1,bitRate <= 1350.0 AND NOT constrainedQuality AND bitRate <= 450.0 AND NOT AutoAltRef,0,0.0,0.0,0.0,97
random_5,85,10,good = 1 AND AutoAltRef = 1 AND lossless = 1,Threads > 3.0 AND constrainedQuality AND NOT AutoAltRef AND FrameBoost,0,0.0,0.0,0.0,97
random_10,170,23,good = 1 AND AutoAltRef = 1 AND lossless = 1,NOT realtime AND AutoAltRef AND cpuUsed > 1.0,4,0.8846153846153846,0.7931034482758621,1.0,97
random_20,340,48,good = 1 AND AutoAltRef = 1 AND lossless = 1,FrameBoost,3,0.25,0.1590909090909091,0.5833333333333334,97
2-wise,47,6,good = 1 AND AutoAltRef = 1 AND lossless = 1,Threads > 3.0 AND Threads <= 7.0 AND constrainedQuality AND NOT FrameBoost,0,0.0,0.0,0.0,97
3-wise,250,35,good = 1 AND AutoAltRef = 1 AND lossless = 1,complexity AND Threads > 7.0 AND cpuUsed <= 7.0 AND cpuUsed > 1.0,3,0.04,0.0666666666666666,0.0285714285714285,97
4-wise,978,115,good = 1 AND AutoAltRef = 1 AND lossless = 1,NOT realtime,0,0.3807947019867549,0.2351738241308793,1.0,97
full,216000,27000,realtime = 1 AND AutoAltRef = 1 AND FrameBoost = 1,FrameBoost AND AutoAltRef AND NOT good,0,1.0,1.0,1.0,98
random_2,34,9,realtime = 1 AND AutoAltRef = 1 AND FrameBoost = 1,NOT constrainedQuality AND good,0,0.0,0.0,0.0,98
random_5,85,17,realtime = 1 AND AutoAltRef = 1 AND FrameBoost = 1,cpuUsed <= 1.0 AND bitRate > 1350.0 AND NOT FrameBoost AND Threads > 4.0,0,0.0,0.0,0.0,98
random_10,170,31,realtime = 1 AND AutoAltRef = 1 AND FrameBoost = 1,AutoAltRef AND NOT cyclicRefresh AND bitRate > 1350.0 AND NOT variance,4,0.1395348837209302,0.25,0.0967741935483871,98
random_20,340,54,realtime = 1 AND AutoAltRef = 1 AND FrameBoost = 1,AutoAltRef AND FrameBoost AND lagInFrames <= 12.0,2,0.6865671641791045,0.575,0.8518518518518519,98
2-wise,53,7,realtime = 1 AND AutoAltRef = 1 AND FrameBoost = 1,Threads > 3.0 AND complexity AND lossless AND bitRate <= 1200.0,0,0.0,0.0,0.0,98
3-wise,238,31,realtime = 1 AND AutoAltRef = 1 AND FrameBoost = 1,AutoAltRef AND FrameBoost AND realtime,0,1.0,1.0,1.0,98
4-wise,918,121,realtime = 1 AND AutoAltRef = 1 AND FrameBoost = 1,TileColumns > 1.5,0,0.2169680111265646,0.1304347826086956,0.6446280991735537,98
full,216000,27000,realtime = 1 AND AutoAltRef = 1 AND FrameBoost = 1,AutoAltRef AND NOT good AND FrameBoost,0,1.0,1.0,1.0,99
random_2,34,2,realtime = 1 AND AutoAltRef = 1 AND FrameBoost = 1,bitRate <= 750.0 AND Threads > 3.0 AND Threads > 8.0 AND constantBitrate,0,0.0,0.0,0.0,99
random_5,85,8,realtime = 1 AND AutoAltRef = 1 AND FrameBoost = 1,NOT lossless AND Threads <= 7.0 AND lagInFrames <= 12.0 AND Threads > 3.0,0,0.0,0.0,0.0,99
random_10,170,19,realtime = 1 AND AutoAltRef = 1 AND FrameBoost = 1,cpuUsed > 1.0 AND cpuUsed <= 3.0 AND variance,0,0.0,0.0,0.0,99
random_20,340,34,realtime = 1 AND AutoAltRef = 1 AND FrameBoost = 1,cpuUsed <= 5.0,0,0.1709401709401709,0.1,0.5882352941176471,99
2-wise,51,2,realtime = 1 AND AutoAltRef = 1 AND FrameBoost = 1,TileColumns <= 1.5 AND NOT FrameBoost AND NOT constrainedQuality AND realtime,0,0.0,0.0,0.0,99
3-wise,245,29,realtime = 1 AND AutoAltRef = 1 AND FrameBoost = 1,realtime AND NOT variableBitrate,3,0.4482758620689655,0.2988505747126437,0.896551724137931,99
4-wise,954,120,realtime = 1 AND AutoAltRef = 1 AND FrameBoost = 1,FrameBoost,0,0.4137931034482758,0.2608695652173913,1.0,99
full,216000,27000,AutoAltRef = 1 AND lossless = 1 AND FrameBoost = 1,FrameBoost AND lossless AND AutoAltRef,0,1.0,1.0,1.0,9
random_2,34,7,AutoAltRef = 1 AND lossless = 1 AND FrameBoost = 1,Threads <= 9.0 AND lossless AND FrameBoost AND AutoAltRef,3,0.923076923076923,1.0,0.8571428571428571,9
random_5,85,13,AutoAltRef = 1 AND lossless = 1 AND FrameBoost = 1,TileColumns <= 1.5 AND bitRate <= 450.0 AND cpuUsed > 5.0 AND Threads <= 9.0,0,0.0,0.0,0.0,9
random_10,170,18,AutoAltRef = 1 AND lossless = 1 AND FrameBoost = 1,AutoAltRef,3,0.3428571428571428,0.2068965517241379,1.0,9
random_20,340,40,AutoAltRef = 1 AND lossless = 1 AND FrameBoost = 1,NOT variableBitrate,4,0.217391304347826,0.1271186440677966,0.75,9
2-wise,54,9,AutoAltRef = 1 AND lossless = 1 AND FrameBoost = 1,bitRate <= 450.0 AND lagInFrames > 4.0 AND lossless AND AutoAltRef,1,0.3636363636363636,1.0,0.2222222222222222,9
3-wise,247,32,AutoAltRef = 1 AND lossless = 1 AND FrameBoost = 1,TileColumns <= 4.5,4,0.2424242424242424,0.144578313253012,0.75,9
4-wise,960,125,AutoAltRef = 1 AND lossless = 1 AND FrameBoost = 1,lagInFrames > 4.0 AND lossless AND AutoAltRef,3,0.5860805860805861,0.5405405405405406,0.64,9
