sampling_strategy,sample_size,sg_cardinality,sg_rule,best_rule,best_rule_idx,f1,precision,recall,seed
full,1152,144,no_8x8dct = 1 AND no_cabac = 1 AND no_mixed_refs = 1,no_mixed_refs AND no_cabac AND no_8x8dct,0,1.0,1.0,1.0,0
random_2,18,3,no_cabac = 1 AND no_deblock = 1 AND no_fast_pskip = 1,ref <= 3.0 AND rc_lookahead <= 50.0 AND no_deblock,4,0.8,1.0,0.6666666666666666,0
random_5,45,4,no_deblock = 1 AND no_mixed_refs = 1 AND no_weightb = 1,no_fast_pskip AND no_mbtree AND NOT no_8x8dct AND rc_lookahead > 30.0,0,0.0,0.0,0.0,0
random_10,90,13,no_8x8dct = 1 AND no_fast_pskip = 1 AND no_mixed_refs = 1,no_fast_pskip AND no_8x8dct AND no_mixed_refs,0,1.0,1.0,1.0,0
random_20,180,27,no_8x8dct = 1 AND no_deblock = 1 AND no_weightb = 1,no_weightb AND NOT no_fast_pskip,2,0.4266666666666667,0.3333333333333333,0.5925925925925926,0
2-wise,19,3,no_8x8dct = 1 AND no_fast_pskip = 1 AND no_weightb = 1,no_fast_pskip AND no_weightb AND rc_lookahead <= 50.0,4,0.8571428571428571,0.75,1.0,0
3-wise,43,4,no_8x8dct = 1 AND no_cabac = 1 AND no_fast_pskip = 1,ref > 3.0 AND no_8x8dct AND NOT no_mixed_refs AND no_fast_pskip,4,0.5714285714285715,0.6666666666666666,0.5,0
4-wise,94,13,no_deblock = 1 AND no_mixed_refs = 1 AND no_weightb = 1,NOT no_fast_pskip,4,0.2903225806451613,0.1836734693877551,0.6923076923076923,0
full,1152,144,no_fast_pskip = 1 AND no_mbtree = 1 AND no_mixed_refs = 1,no_fast_pskip AND no_mixed_refs AND no_mbtree,0,1.0,1.0,1.0,10
random_5,45,8,no_fast_pskip = 1 AND no_mbtree = 1 AND no_mixed_refs = 1,no_mixed_refs AND no_mbtree,1,0.8,0.6666666666666666,1.0,10
random_10,90,14,no_fast_pskip = 1 AND no_mbtree = 1 AND no_mixed_refs = 1,no_mbtree AND no_fast_pskip AND no_mixed_refs,0,1.0,1.0,1.0,10
random_20,180,23,no_fast_pskip = 1 AND no_mbtree = 1 AND no_mixed_refs = 1,no_mbtree AND no_fast_pskip AND no_mixed_refs,0,1.0,1.0,1.0,10
2-wise,16,2,no_fast_pskip = 1 AND no_mbtree = 1 AND no_mixed_refs = 1,no_fast_pskip AND rc_lookahead <= 30.0 AND no_weightb,1,0.5,0.5,0.5,10
3-wise,44,11,no_fast_pskip = 1 AND no_mbtree = 1 AND no_mixed_refs = 1,no_fast_pskip AND no_mbtree AND rc_lookahead > 30.0 AND NOT no_weightb,1,0.761904761904762,0.8,0.7272727272727273,10
4-wise,98,15,no_fast_pskip = 1 AND no_mbtree = 1 AND no_mixed_refs = 1,rc_lookahead > 30.0 AND no_mixed_refs AND no_fast_pskip AND no_mbtree,1,0.6956521739130436,1.0,0.5333333333333333,10
full,1152,144,no_8x8dct = 1 AND no_fast_pskip = 1 AND no_mixed_refs = 1,no_fast_pskip AND no_mixed_refs AND no_8x8dct,0,1.0,1.0,1.0,11
random_2,18,5,no_8x8dct = 1 AND no_fast_pskip = 1 AND no_mixed_refs = 1,no_mixed_refs AND NOT no_mbtree AND rc_lookahead > 30.0 AND ref > 7.0,3,0.6666666666666665,0.75,0.6,11
random_5,45,6,no_8x8dct = 1 AND no_fast_pskip = 1 AND no_mixed_refs = 1,no_weightb AND no_cabac AND NOT no_deblock,3,0.6666666666666666,1.0,0.5,11
random_10,90,10,no_8x8dct = 1 AND no_fast_pskip = 1 AND no_mixed_refs = 1,rc_lookahead <= 50.0 AND no_8x8dct AND no_fast_pskip AND no_deblock,2,0.6666666666666665,0.75,0.6,11
random_20,180,28,no_8x8dct = 1 AND no_fast_pskip = 1 AND no_mixed_refs = 1,no_8x8dct AND no_mixed_refs AND no_fast_pskip,0,1.0,1.0,1.0,11
2-wise,14,3,no_8x8dct = 1 AND no_fast_pskip = 1 AND no_mixed_refs = 1,no_weightb AND ref > 7.0 AND no_8x8dct,2,0.8,1.0,0.6666666666666666,11
3-wise,41,6,no_8x8dct = 1 AND no_fast_pskip = 1 AND no_mixed_refs = 1,no_mixed_refs AND no_8x8dct AND no_fast_pskip,3,1.0,1.0,1.0,11
4-wise,111,12,no_8x8dct = 1 AND no_fast_pskip = 1 AND no_mixed_refs = 1,no_mixed_refs,3,0.3380281690140845,0.2033898305084746,1.0,11
full,1152,144,no_cabac = 1 AND no_deblock = 1 AND no_mixed_refs = 1,no_cabac AND no_deblock AND no_mixed_refs,0,1.0,1.0,1.0,12
random_2,18,2,no_cabac = 1 AND no_deblock = 1 AND no_mixed_refs = 1,ref > 3.0 AND NOT no_mixed_refs,0,0.0,0.0,0.0,12
random_5,45,7,no_cabac = 1 AND no_deblock = 1 AND no_mixed_refs = 1,rc_lookahead <= 50.0 AND no_deblock AND ref <= 3.0,4,0.2666666666666666,0.25,0.2857142857142857,12
random_10,90,7,no_cabac = 1 AND no_deblock = 1 AND no_mixed_refs = 1,no_cabac AND no_fast_pskip AND rc_lookahead <= 50.0 AND ref <= 3.0,0,0.0,0.0,0.0,12
random_20,180,12,no_cabac = 1 AND no_deblock = 1 AND no_mixed_refs = 1,ref > 3.0,0,0.1363636363636363,0.075,0.75,12
2-wise,18,1,no_cabac = 1 AND no_deblock = 1 AND no_mixed_refs = 1,no_mixed_refs AND no_cabac AND NOT no_mbtree AND rc_lookahead > 30.0,0,0.0,0.0,0.0,12
3-wise,40,4,no_cabac = 1 AND no_deblock = 1 AND no_mixed_refs = 1,NOT no_mbtree AND rc_lookahead <= 30.0 AND NOT no_weightb AND NOT no_fast_pskip,4,0.2857142857142857,0.3333333333333333,0.25,12
4-wise,96,14,no_cabac = 1 AND no_deblock = 1 AND no_mixed_refs = 1,ref > 3.0 AND rc_lookahead > 50.0 AND NOT no_weightb AND no_cabac,2,0.3809523809523809,0.5714285714285714,0.2857142857142857,12
full,1152,144,no_8x8dct = 1 AND no_fast_pskip = 1 AND no_mixed_refs = 1,no_fast_pskip AND no_8x8dct AND no_mixed_refs,0,1.0,1.0,1.0,13
random_2,18,1,no_8x8dct = 1 AND no_fast_pskip = 1 AND no_mixed_refs = 1,rc_lookahead <= 30.0 AND no_8x8dct AND ref > 5.0,3,0.6666666666666666,0.5,1.0,13
random_5,45,10,no_8x8dct = 1 AND no_fast_pskip = 1 AND no_mixed_refs = 1,no_fast_pskip AND NOT no_deblock AND ref > 3.0,4,0.3636363636363636,0.3333333333333333,0.4,13
random_10,90,9,no_8x8dct = 1 AND no_fast_pskip = 1 AND no_mixed_refs = 1,ref <= 7.0,3,0.1967213114754098,0.1153846153846153,0.6666666666666666,13
random_20,180,26,no_8x8dct = 1 AND no_fast_pskip = 1 AND no_mixed_refs = 1,no_cabac AND no_fast_pskip AND no_8x8dct,4,0.4210526315789473,0.3870967741935484,0.4615384615384615,13
2-wise,19,2,no_8x8dct = 1 AND no_fast_pskip = 1 AND no_mixed_refs = 1,ref > 7.0 AND rc_lookahead <= 50.0 AND no_8x8dct AND no_fast_pskip,2,1.0,1.0,1.0,13
3-wise,45,3,no_8x8dct = 1 AND no_fast_pskip = 1 AND no_mixed_refs = 1,no_deblock AND rc_lookahead <= 30.0 AND no_fast_pskip AND no_cabac,4,0.3333333333333333,0.3333333333333333,0.3333333333333333,13
4-wise,106,16,no_8x8dct = 1 AND no_fast_pskip = 1 AND no_mixed_refs = 1,no_mixed_refs AND no_cabac,3,0.4545454545454545,0.3571428571428571,0.625,13
full,1152,144,no_cabac = 1 AND no_deblock = 1 AND no_mbtree = 1,no_mbtree AND no_deblock AND no_mixed_refs AND no_cabac,0,0.6666666666666666,1.0,0.5,14
random_2,18,4,no_cabac = 1 AND no_deblock = 1 AND no_mbtree = 1,NOT no_8x8dct AND NOT no_mixed_refs AND no_fast_pskip AND rc_lookahead <= 50.0,2,0.2857142857142857,0.3333333333333333,0.25,14
random_5,45,7,no_cabac = 1 AND no_deblock = 1 AND no_mbtree = 1,NOT no_fast_pskip AND rc_lookahead <= 30.0 AND no_mbtree AND no_deblock,1,0.7272727272727273,1.0,0.5714285714285714,14
random_10,90,10,no_cabac = 1 AND no_deblock = 1 AND no_mbtree = 1,no_weightb,2,0.2807017543859649,0.1702127659574468,0.8,14
random_20,180,22,no_cabac = 1 AND no_deblock = 1 AND no_mbtree = 1,no_mixed_refs,1,0.2399999999999999,0.145631067961165,0.6818181818181818,14
2-wise,13,1,no_cabac = 1 AND no_deblock = 1 AND no_mbtree = 1,no_fast_pskip AND rc_lookahead <= 30.0 AND no_mixed_refs,1,0.6666666666666666,0.5,1.0,14
3-wise,43,7,no_cabac = 1 AND no_deblock = 1 AND no_mbtree = 1,rc_lookahead <= 30.0 AND NOT no_fast_pskip AND NOT no_8x8dct AND ref > 7.0,0,0.0,0.0,0.0,14
4-wise,103,18,no_cabac = 1 AND no_deblock = 1 AND no_mbtree = 1,rc_lookahead <= 30.0 AND no_deblock AND no_cabac AND no_mbtree,1,0.4347826086956522,1.0,0.2777777777777778,14
full,1152,144,no_cabac = 1 AND no_deblock = 1 AND no_weightb = 1,no_deblock AND no_cabac AND no_weightb,0,1.0,1.0,1.0,15
random_2,18,4,no_cabac = 1 AND no_deblock = 1 AND no_weightb = 1,no_cabac AND no_deblock AND no_fast_pskip,2,0.8571428571428571,1.0,0.75,15
random_5,45,4,no_cabac = 1 AND no_deblock = 1 AND no_weightb = 1,no_cabac AND no_mbtree AND no_weightb AND no_deblock,2,0.6666666666666666,1.0,0.5,15
random_10,90,7,no_cabac = 1 AND no_deblock = 1 AND no_weightb = 1,no_deblock AND ref <= 3.0 AND no_fast_pskip AND no_weightb,4,0.2222222222222222,0.5,0.1428571428571428,15
random_20,180,20,no_cabac = 1 AND no_deblock = 1 AND no_weightb = 1,no_weightb AND no_deblock AND no_cabac,0,1.0,1.0,1.0,15
2-wise,19,2,no_cabac = 1 AND no_deblock = 1 AND no_weightb = 1,ref > 3.0 AND no_fast_pskip AND no_mixed_refs AND NOT no_8x8dct,2,0.4,0.3333333333333333,0.5,15
3-wise,43,4,no_cabac = 1 AND no_deblock = 1 AND no_weightb = 1,ref <= 3.0 AND NOT no_mbtree AND NOT no_fast_pskip AND rc_lookahead <= 50.0,3,0.2857142857142857,0.3333333333333333,0.25,15
4-wise,99,10,no_cabac = 1 AND no_deblock = 1 AND no_weightb = 1,no_cabac AND NOT no_fast_pskip AND no_weightb AND no_deblock,0,0.7499999999999999,1.0,0.6,15
full,1152,144,no_8x8dct = 1 AND no_fast_pskip = 1 AND no_mixed_refs = 1,no_fast_pskip AND no_mixed_refs AND no_8x8dct,0,1.0,1.0,1.0,16
random_2,18,3,no_8x8dct = 1 AND no_fast_pskip = 1 AND no_mixed_refs = 1,no_mixed_refs,4,0.4285714285714285,0.2727272727272727,1.0,16
random_5,45,4,no_8x8dct = 1 AND no_fast_pskip = 1 AND no_mixed_refs = 1,rc_lookahead > 30.0 AND no_8x8dct AND no_mbtree AND no_fast_pskip,0,0.6666666666666666,1.0,0.5,16
random_10,90,12,no_8x8dct = 1 AND no_fast_pskip = 1 AND no_mixed_refs = 1,ref <= 7.0 AND no_fast_pskip AND no_mixed_refs AND no_8x8dct,0,0.7368421052631579,1.0,0.5833333333333334,16
random_20,180,19,no_8x8dct = 1 AND no_fast_pskip = 1 AND no_mixed_refs = 1,no_mixed_refs AND no_8x8dct AND no_fast_pskip,0,1.0,1.0,1.0,16
2-wise,16,3,no_8x8dct = 1 AND no_fast_pskip = 1 AND no_mixed_refs = 1,no_deblock AND no_fast_pskip AND NOT no_weightb,2,1.0,1.0,1.0,16
3-wise,44,8,no_8x8dct = 1 AND no_fast_pskip = 1 AND no_mixed_refs = 1,no_8x8dct AND ref > 7.0 AND no_mixed_refs,2,0.7692307692307693,1.0,0.625,16
4-wise,103,15,no_8x8dct = 1 AND no_fast_pskip = 1 AND no_mixed_refs = 1,no_fast_pskip AND no_mixed_refs AND no_8x8dct,0,1.0,1.0,1.0,16
full,1152,144,no_deblock = 1 AND no_mixed_refs = 1 AND no_weightb = 1,no_deblock AND no_weightb AND no_mixed_refs,0,1.0,1.0,1.0,17
random_5,45,3,no_deblock = 1 AND no_mixed_refs = 1 AND no_weightb = 1,ref <= 3.0 AND rc_lookahead > 30.0 AND no_cabac,0,0.0,0.0,0.0,17
random_10,90,15,no_deblock = 1 AND no_mixed_refs = 1 AND no_weightb = 1,no_deblock AND no_weightb AND no_mixed_refs,0,1.0,1.0,1.0,17
random_20,180,23,no_deblock = 1 AND no_mixed_refs = 1 AND no_weightb = 1,no_mixed_refs AND no_weightb AND no_deblock,0,1.0,1.0,1.0,17
2-wise,17,1,no_deblock = 1 AND no_mixed_refs = 1 AND no_weightb = 1,no_deblock AND rc_lookahead > 50.0 AND no_fast_pskip,4,0.6666666666666666,0.5,1.0,17
3-wise,38,7,no_deblock = 1 AND no_mixed_refs = 1 AND no_weightb = 1,ref <= 3.0 AND no_8x8dct AND no_weightb AND no_fast_pskip,1,0.4,0.6666666666666666,0.2857142857142857,17
4-wise,97,12,no_deblock = 1 AND no_mixed_refs = 1 AND no_weightb = 1,no_weightb AND no_mixed_refs AND no_deblock,0,1.0,1.0,1.0,17
full,1152,144,no_cabac = 1 AND no_mixed_refs = 1 AND no_weightb = 1,no_mixed_refs AND no_cabac AND no_weightb,0,1.0,1.0,1.0,18
random_2,18,1,no_cabac = 1 AND no_mixed_refs = 1 AND no_weightb = 1,no_cabac AND rc_lookahead <= 50.0 AND NOT no_mbtree AND NOT no_8x8dct,0,0.0,0.0,0.0,18
random_5,45,7,no_cabac = 1 AND no_mixed_refs = 1 AND no_weightb = 1,ref <= 3.0 AND NOT no_8x8dct AND no_mixed_refs AND NOT no_deblock,1,0.2,0.3333333333333333,0.1428571428571428,18
random_10,90,11,no_cabac = 1 AND no_mixed_refs = 1 AND no_weightb = 1,no_cabac AND no_weightb AND rc_lookahead <= 50.0 AND no_mixed_refs,0,0.8421052631578948,1.0,0.7272727272727273,18
random_20,180,21,no_cabac = 1 AND no_mixed_refs = 1 AND no_weightb = 1,NOT no_fast_pskip,3,0.220183486238532,0.1363636363636363,0.5714285714285714,18
2-wise,15,3,no_cabac = 1 AND no_mixed_refs = 1 AND no_weightb = 1,no_mixed_refs AND no_deblock AND no_cabac,1,0.8,1.0,0.6666666666666666,18
3-wise,48,7,no_cabac = 1 AND no_mixed_refs = 1 AND no_weightb = 1,NOT no_mbtree AND NOT no_fast_pskip AND no_mixed_refs AND no_cabac,2,0.4444444444444445,1.0,0.2857142857142857,18
4-wise,102,14,no_cabac = 1 AND no_mixed_refs = 1 AND no_weightb = 1,no_cabac AND no_mixed_refs AND NOT no_8x8dct AND no_weightb,0,0.6666666666666666,1.0,0.5,18
full,1152,144,no_8x8dct = 1 AND no_deblock = 1 AND no_mbtree = 1,no_mbtree AND no_8x8dct AND no_deblock,0,1.0,1.0,1.0,19
random_2,18,2,no_8x8dct = 1 AND no_deblock = 1 AND no_mbtree = 1,NOT no_fast_pskip AND NOT no_weightb AND rc_lookahead <= 50.0,4,0.3333333333333333,0.25,0.5,19
random_5,45,3,no_8x8dct = 1 AND no_deblock = 1 AND no_mbtree = 1,rc_lookahead > 50.0 AND no_mbtree AND NOT no_weightb,0,0.0,0.0,0.0,19
random_10,90,11,no_8x8dct = 1 AND no_deblock = 1 AND no_mbtree = 1,no_deblock AND ref <= 3.0 AND NOT no_cabac AND no_8x8dct,1,0.5263157894736842,0.625,0.4545454545454545,19
random_20,180,22,no_8x8dct = 1 AND no_deblock = 1 AND no_mbtree = 1,no_8x8dct AND no_mbtree AND no_deblock,0,1.0,1.0,1.0,19
3-wise,45,5,no_8x8dct = 1 AND no_deblock = 1 AND no_mbtree = 1,no_weightb AND no_deblock AND NOT no_mixed_refs AND no_mbtree,0,0.4444444444444445,0.5,0.4,19
4-wise,100,14,no_8x8dct = 1 AND no_deblock = 1 AND no_mbtree = 1,no_8x8dct AND no_deblock AND no_mbtree,0,1.0,1.0,1.0,19
full,1152,144,no_cabac = 1 AND no_deblock = 1 AND no_mbtree = 1,no_cabac AND no_mbtree AND no_deblock,0,1.0,1.0,1.0,1
random_2,18,1,no_cabac = 1 AND no_deblock = 1 AND no_mbtree = 1,NOT no_mbtree AND NOT no_mixed_refs AND NOT no_cabac AND no_weightb,0,0.0,0.0,0.0,1
random_5,45,7,no_cabac = 1 AND no_deblock = 1 AND no_mbtree = 1,ref <= 3.0 AND rc_lookahead <= 50.0 AND no_deblock AND no_cabac,2,0.7272727272727273,1.0,0.5714285714285714,1
random_10,90,12,no_cabac = 1 AND no_deblock = 1 AND no_mbtree = 1,no_mbtree AND ref > 3.0 AND no_cabac AND rc_lookahead <= 50.0,3,0.4761904761904762,0.5555555555555556,0.4166666666666667,1
random_20,180,22,no_cabac = 1 AND no_deblock = 1 AND no_mbtree = 1,no_mbtree AND no_8x8dct AND no_cabac AND no_deblock,0,0.5806451612903226,1.0,0.4090909090909091,1
2-wise,17,2,no_cabac = 1 AND no_deblock = 1 AND no_mbtree = 1,NOT no_cabac AND ref > 3.0 AND no_fast_pskip,0,0.0,0.0,0.0,1
3-wise,46,7,no_cabac = 1 AND no_deblock = 1 AND no_mbtree = 1,no_mbtree AND NOT no_mixed_refs AND NOT no_fast_pskip AND ref > 3.0,0,0.0,0.0,0.0,1
4-wise,98,15,no_cabac = 1 AND no_deblock = 1 AND no_mbtree = 1,ref <= 7.0 AND no_mbtree,4,0.4230769230769231,0.2972972972972973,0.7333333333333333,1
full,1152,144,no_8x8dct = 1 AND no_deblock = 1 AND no_fast_pskip = 1,no_fast_pskip AND no_8x8dct AND no_deblock,0,1.0,1.0,1.0,20
random_2,18,3,no_8x8dct = 1 AND no_deblock = 1 AND no_fast_pskip = 1,NOT no_cabac AND ref <= 7.0 AND rc_lookahead <= 50.0 AND no_mbtree,3,0.5714285714285715,0.5,0.6666666666666666,20
random_5,45,7,no_8x8dct = 1 AND no_deblock = 1 AND no_fast_pskip = 1,no_8x8dct AND no_fast_pskip AND no_deblock,0,1.0,1.0,1.0,20
random_10,90,13,no_8x8dct = 1 AND no_deblock = 1 AND no_fast_pskip = 1,NOT no_mixed_refs AND no_deblock AND no_mbtree AND no_8x8dct,3,0.4210526315789473,0.6666666666666666,0.3076923076923077,20
random_20,180,30,no_8x8dct = 1 AND no_deblock = 1 AND no_fast_pskip = 1,no_8x8dct AND no_deblock AND no_fast_pskip,0,1.0,1.0,1.0,20
2-wise,17,4,no_8x8dct = 1 AND no_deblock = 1 AND no_fast_pskip = 1,no_fast_pskip AND no_8x8dct AND no_deblock,2,1.0,1.0,1.0,20
3-wise,42,5,no_8x8dct = 1 AND no_deblock = 1 AND no_fast_pskip = 1,no_8x8dct AND NOT no_weightb AND rc_lookahead > 30.0 AND NOT no_mbtree,0,0.5714285714285715,1.0,0.4,20
4-wise,101,11,no_8x8dct = 1 AND no_deblock = 1 AND no_fast_pskip = 1,no_8x8dct AND NOT no_weightb AND no_fast_pskip,2,0.5384615384615385,0.4666666666666667,0.6363636363636364,20
full,1152,144,no_8x8dct = 1 AND no_deblock = 1 AND no_fast_pskip = 1,no_fast_pskip AND no_8x8dct AND no_weightb AND no_deblock,0,0.6666666666666666,1.0,0.5,21
random_2,18,2,no_8x8dct = 1 AND no_deblock = 1 AND no_fast_pskip = 1,NOT no_8x8dct AND NOT no_mixed_refs AND ref <= 7.0 AND ref <= 3.0,0,0.0,0.0,0.0,21
random_5,45,8,no_8x8dct = 1 AND no_deblock = 1 AND no_fast_pskip = 1,NOT no_mbtree AND NOT no_weightb AND rc_lookahead > 30.0 AND ref <= 3.0,1,0.3076923076923077,0.4,0.25,21
random_10,90,7,no_8x8dct = 1 AND no_deblock = 1 AND no_fast_pskip = 1,no_fast_pskip AND NOT no_mbtree AND no_mixed_refs,4,0.4444444444444444,0.3636363636363636,0.5714285714285714,21
random_20,180,21,no_8x8dct = 1 AND no_deblock = 1 AND no_fast_pskip = 1,NOT no_mixed_refs AND no_fast_pskip,4,0.3384615384615385,0.25,0.5238095238095238,21
2-wise,17,1,no_8x8dct = 1 AND no_deblock = 1 AND no_fast_pskip = 1,ref <= 7.0 AND no_deblock AND NOT no_mixed_refs AND rc_lookahead > 30.0,4,0.5,0.3333333333333333,1.0,21
3-wise,43,2,no_8x8dct = 1 AND no_deblock = 1 AND no_fast_pskip = 1,no_8x8dct AND NOT no_fast_pskip AND rc_lookahead <= 30.0,0,0.0,0.0,0.0,21
4-wise,103,12,no_8x8dct = 1 AND no_deblock = 1 AND no_fast_pskip = 1,NOT no_mixed_refs AND no_8x8dct AND rc_lookahead <= 30.0 AND NOT no_cabac,3,0.1333333333333333,0.3333333333333333,0.0833333333333333,21
full,1152,144,no_cabac = 1 AND no_fast_pskip = 1 AND no_mixed_refs = 1,rc_lookahead > 30.0,0,0.2105263157894736,0.125,0.6666666666666666,22
random_2,18,3,no_cabac = 1 AND no_fast_pskip = 1 AND no_mixed_refs = 1,rc_lookahead > 30.0 AND no_8x8dct AND no_mixed_refs AND no_cabac,3,0.3333333333333333,0.3333333333333333,0.3333333333333333,22
random_5,45,8,no_cabac = 1 AND no_fast_pskip = 1 AND no_mixed_refs = 1,no_weightb AND no_cabac AND ref > 7.0 AND no_mbtree,4,0.2,0.5,0.125,22
random_10,90,10,no_cabac = 1 AND no_fast_pskip = 1 AND no_mixed_refs = 1,NOT no_8x8dct,4,0.1935483870967742,0.1153846153846153,0.6,22
random_20,180,24,no_cabac = 1 AND no_fast_pskip = 1 AND no_mixed_refs = 1,ref <= 7.0 AND no_8x8dct,1,0.2682926829268293,0.1896551724137931,0.4583333333333333,22
2-wise,19,2,no_cabac = 1 AND no_fast_pskip = 1 AND no_mixed_refs = 1,no_deblock AND ref > 7.0,1,0.5,0.5,0.5,22
3-wise,40,3,no_cabac = 1 AND no_fast_pskip = 1 AND no_mixed_refs = 1,no_cabac AND NOT no_mbtree AND rc_lookahead > 50.0 AND NOT no_deblock,4,0.8,1.0,0.6666666666666666,22
4-wise,105,10,no_cabac = 1 AND no_fast_pskip = 1 AND no_mixed_refs = 1,rc_lookahead <= 50.0,4,0.15,0.0857142857142857,0.6,22
full,1152,144,no_8x8dct = 1 AND no_fast_pskip = 1 AND no_mbtree = 1,no_8x8dct AND no_fast_pskip AND no_mbtree,0,1.0,1.0,1.0,23
random_2,18,3,no_8x8dct = 1 AND no_fast_pskip = 1 AND no_mbtree = 1,no_mbtree AND no_fast_pskip AND no_deblock AND no_8x8dct,0,0.8,1.0,0.6666666666666666,23
random_5,45,6,no_8x8dct = 1 AND no_fast_pskip = 1 AND no_mbtree = 1,no_fast_pskip AND no_8x8dct AND no_mbtree,1,1.0,1.0,1.0,23
random_10,90,12,no_8x8dct = 1 AND no_fast_pskip = 1 AND no_mbtree = 1,ref > 7.0 AND no_fast_pskip AND no_8x8dct AND no_cabac,2,0.375,0.75,0.25,23
random_20,180,16,no_8x8dct = 1 AND no_fast_pskip = 1 AND no_mbtree = 1,no_fast_pskip AND no_deblock,2,0.3571428571428571,0.25,0.625,23
2-wise,19,2,no_8x8dct = 1 AND no_fast_pskip = 1 AND no_mbtree = 1,no_weightb AND no_fast_pskip AND no_cabac,2,0.5,0.5,0.5,23
3-wise,43,6,no_8x8dct = 1 AND no_fast_pskip = 1 AND no_mbtree = 1,rc_lookahead > 30.0 AND rc_lookahead <= 50.0 AND ref > 3.0 AND no_deblock,0,0.0,0.0,0.0,23
4-wise,106,16,no_8x8dct = 1 AND no_fast_pskip = 1 AND no_mbtree = 1,ref > 3.0 AND no_8x8dct AND no_mbtree AND no_fast_pskip,0,0.8148148148148148,1.0,0.6875,23
full,1152,144,no_fast_pskip = 1 AND no_mbtree = 1 AND no_mixed_refs = 1,no_mbtree AND no_fast_pskip AND no_mixed_refs,0,1.0,1.0,1.0,24
random_2,18,2,no_fast_pskip = 1 AND no_mbtree = 1 AND no_mixed_refs = 1,no_8x8dct AND no_fast_pskip AND no_weightb AND no_mixed_refs,1,0.8,0.6666666666666666,1.0,24
random_5,45,5,no_fast_pskip = 1 AND no_mbtree = 1 AND no_mixed_refs = 1,no_8x8dct AND no_mbtree AND NOT no_weightb AND ref <= 3.0,3,0.2857142857142857,0.5,0.2,24
random_10,90,9,no_fast_pskip = 1 AND no_mbtree = 1 AND no_mixed_refs = 1,no_mixed_refs AND NOT no_cabac,4,0.1212121212121212,0.0833333333333333,0.2222222222222222,24
random_20,180,23,no_fast_pskip = 1 AND no_mbtree = 1 AND no_mixed_refs = 1,no_mbtree AND NOT no_cabac AND no_mixed_refs AND no_fast_pskip,0,0.8205128205128205,1.0,0.6956521739130435,24
2-wise,18,3,no_fast_pskip = 1 AND no_mbtree = 1 AND no_mixed_refs = 1,no_mixed_refs AND ref > 3.0 AND no_fast_pskip,1,0.8571428571428571,0.75,1.0,24
3-wise,44,4,no_fast_pskip = 1 AND no_mbtree = 1 AND no_mixed_refs = 1,ref > 7.0 AND rc_lookahead > 30.0 AND no_weightb,0,0.0,0.0,0.0,24
4-wise,104,13,no_fast_pskip = 1 AND no_mbtree = 1 AND no_mixed_refs = 1,no_mbtree AND no_mixed_refs AND no_fast_pskip,0,1.0,1.0,1.0,24
full,1152,144,no_cabac = 1 AND no_fast_pskip = 1 AND no_mbtree = 1,no_cabac AND no_mbtree AND no_fast_pskip,0,1.0,1.0,1.0,25
random_2,18,1,no_cabac = 1 AND no_fast_pskip = 1 AND no_mbtree = 1,no_mbtree AND no_fast_pskip AND NOT no_weightb,2,0.6666666666666666,0.5,1.0,25
random_5,45,8,no_cabac = 1 AND no_fast_pskip = 1 AND no_mbtree = 1,no_mbtree AND no_cabac AND no_fast_pskip,0,1.0,1.0,1.0,25
random_10,90,9,no_cabac = 1 AND no_fast_pskip = 1 AND no_mbtree = 1,NOT no_deblock AND NOT no_weightb AND no_mbtree AND no_mixed_refs,3,0.2666666666666666,0.3333333333333333,0.2222222222222222,25
random_20,180,25,no_cabac = 1 AND no_fast_pskip = 1 AND no_mbtree = 1,no_mbtree AND no_fast_pskip AND no_cabac,0,1.0,1.0,1.0,25
2-wise,15,3,no_cabac = 1 AND no_fast_pskip = 1 AND no_mbtree = 1,no_fast_pskip AND no_mbtree,0,0.8571428571428571,0.75,1.0,25
3-wise,38,4,no_cabac = 1 AND no_fast_pskip = 1 AND no_mbtree = 1,rc_lookahead > 30.0 AND no_mbtree AND no_fast_pskip AND ref <= 7.0,0,1.0,1.0,1.0,25
4-wise,101,11,no_cabac = 1 AND no_fast_pskip = 1 AND no_mbtree = 1,NOT no_weightb,2,0.2222222222222222,0.1346153846153846,0.6363636363636364,25
full,1152,144,no_cabac = 1 AND no_deblock = 1 AND no_mbtree = 1,no_deblock AND no_mbtree AND no_cabac,0,1.0,1.0,1.0,26
random_2,18,1,no_cabac = 1 AND no_deblock = 1 AND no_mbtree = 1,NOT no_fast_pskip AND rc_lookahead <= 30.0,0,0.0,0.0,0.0,26
random_5,45,6,no_cabac = 1 AND no_deblock = 1 AND no_mbtree = 1,no_deblock AND no_cabac AND no_mbtree,1,1.0,1.0,1.0,26
random_10,90,12,no_cabac = 1 AND no_deblock = 1 AND no_mbtree = 1,no_deblock AND no_mbtree AND no_cabac,0,1.0,1.0,1.0,26
random_20,180,19,no_cabac = 1 AND no_deblock = 1 AND no_mbtree = 1,no_cabac AND no_mbtree AND no_deblock,0,1.0,1.0,1.0,26
2-wise,15,3,no_cabac = 1 AND no_deblock = 1 AND no_mbtree = 1,no_cabac AND no_mbtree AND no_deblock,3,1.0,1.0,1.0,26
3-wise,40,4,no_cabac = 1 AND no_deblock = 1 AND no_mbtree = 1,rc_lookahead <= 50.0 AND no_cabac AND no_8x8dct AND no_mbtree,3,0.8571428571428571,1.0,0.75,26
4-wise,103,15,no_cabac = 1 AND no_deblock = 1 AND no_mbtree = 1,no_deblock AND no_mbtree AND no_cabac,0,1.0,1.0,1.0,26
full,1152,144,no_deblock = 1 AND no_fast_pskip = 1 AND no_mbtree = 1,no_mbtree AND no_deblock AND no_fast_pskip,0,1.0,1.0,1.0,27
random_2,18,1,no_deblock = 1 AND no_fast_pskip = 1 AND no_mbtree = 1,NOT no_mbtree AND no_cabac AND rc_lookahead <= 30.0,0,0.0,0.0,0.0,27
random_5,45,4,no_deblock = 1 AND no_fast_pskip = 1 AND no_mbtree = 1,NOT no_weightb AND ref <= 3.0 AND rc_lookahead <= 30.0 AND NOT no_cabac,0,0.0,0.0,0.0,27
random_10,90,10,no_deblock = 1 AND no_fast_pskip = 1 AND no_mbtree = 1,NOT no_8x8dct AND NOT no_fast_pskip AND ref > 3.0 AND rc_lookahead > 50.0,0,0.0,0.0,0.0,27
random_20,180,19,no_deblock = 1 AND no_fast_pskip = 1 AND no_mbtree = 1,NOT no_8x8dct AND no_mbtree,3,0.3157894736842105,0.2368421052631578,0.4736842105263157,27
2-wise,16,2,no_deblock = 1 AND no_fast_pskip = 1 AND no_mbtree = 1,no_fast_pskip AND ref <= 7.0 AND NOT no_cabac AND no_mixed_refs,0,0.5,0.5,0.5,27
3-wise,38,6,no_deblock = 1 AND no_fast_pskip = 1 AND no_mbtree = 1,NOT no_cabac AND rc_lookahead > 50.0 AND NOT no_weightb AND NOT no_8x8dct,0,0.0,0.0,0.0,27
4-wise,101,13,no_deblock = 1 AND no_fast_pskip = 1 AND no_mbtree = 1,no_mbtree AND no_fast_pskip AND no_deblock,0,1.0,1.0,1.0,27
full,1152,144,no_deblock = 1 AND no_mbtree = 1 AND no_mixed_refs = 1,no_mixed_refs AND no_deblock AND no_mbtree,0,1.0,1.0,1.0,28
random_2,18,2,no_deblock = 1 AND no_mbtree = 1 AND no_mixed_refs = 1,ref <= 3.0,3,0.25,0.1666666666666666,0.5,28
random_5,45,9,no_deblock = 1 AND no_mbtree = 1 AND no_mixed_refs = 1,rc_lookahead > 50.0 AND no_mbtree AND no_deblock,2,0.5714285714285714,0.8,0.4444444444444444,28
random_10,90,13,no_deblock = 1 AND no_mbtree = 1 AND no_mixed_refs = 1,no_mbtree AND no_mixed_refs,4,0.7647058823529412,0.6190476190476191,1.0,28
random_20,180,27,no_deblock = 1 AND no_mbtree = 1 AND no_mixed_refs = 1,no_mbtree AND no_mixed_refs AND no_deblock,0,1.0,1.0,1.0,28
2-wise,15,1,no_deblock = 1 AND no_mbtree = 1 AND no_mixed_refs = 1,NOT no_fast_pskip AND no_deblock AND NOT no_8x8dct AND ref > 3.0,4,0.6666666666666666,0.5,1.0,28
3-wise,46,3,no_deblock = 1 AND no_mbtree = 1 AND no_mixed_refs = 1,rc_lookahead > 30.0 AND ref > 7.0 AND no_mbtree AND no_fast_pskip,0,0.3333333333333333,0.3333333333333333,0.3333333333333333,28
4-wise,102,15,no_deblock = 1 AND no_mbtree = 1 AND no_mixed_refs = 1,NOT no_8x8dct AND NOT no_weightb AND no_deblock,2,0.3333333333333333,0.3333333333333333,0.3333333333333333,28
full,1152,144,no_fast_pskip = 1 AND no_mixed_refs = 1 AND no_weightb = 1,no_mixed_refs AND no_fast_pskip AND no_weightb,0,1.0,1.0,1.0,29
random_2,18,2,no_fast_pskip = 1 AND no_mixed_refs = 1 AND no_weightb = 1,rc_lookahead > 30.0 AND no_fast_pskip AND no_deblock AND ref <= 7.0,0,0.3333333333333333,0.25,0.5,29
random_5,45,6,no_fast_pskip = 1 AND no_mixed_refs = 1 AND no_weightb = 1,NOT no_cabac AND no_weightb AND no_mixed_refs AND rc_lookahead <= 50.0,1,0.7272727272727272,0.8,0.6666666666666666,29
random_10,90,15,no_fast_pskip = 1 AND no_mixed_refs = 1 AND no_weightb = 1,no_fast_pskip AND no_weightb AND no_mixed_refs,0,1.0,1.0,1.0,29
random_20,180,23,no_fast_pskip = 1 AND no_mixed_refs = 1 AND no_weightb = 1,no_fast_pskip AND no_weightb AND no_mixed_refs,0,1.0,1.0,1.0,29
2-wise,16,2,no_fast_pskip = 1 AND no_mixed_refs = 1 AND no_weightb = 1,ref <= 7.0 AND no_cabac AND no_fast_pskip,1,0.5,0.5,0.5,29
3-wise,38,5,no_fast_pskip = 1 AND no_mixed_refs = 1 AND no_weightb = 1,no_weightb AND no_deblock AND no_cabac AND no_fast_pskip,0,0.7499999999999999,1.0,0.6,29
4-wise,104,19,no_fast_pskip = 1 AND no_mixed_refs = 1 AND no_weightb = 1,no_mixed_refs AND ref > 3.0,3,0.5490196078431372,0.4375,0.7368421052631579,29
full,1152,144,no_8x8dct = 1 AND no_cabac = 1 AND no_weightb = 1,no_8x8dct AND no_cabac AND no_weightb,0,1.0,1.0,1.0,2
random_2,18,3,no_8x8dct = 1 AND no_cabac = 1 AND no_weightb = 1,rc_lookahead <= 50.0 AND rc_lookahead <= 30.0 AND ref <= 7.0 AND no_8x8dct,3,0.6666666666666666,0.6666666666666666,0.6666666666666666,2
random_5,45,3,no_8x8dct = 1 AND no_cabac = 1 AND no_weightb = 1,NOT no_deblock AND no_weightb AND ref > 7.0 AND no_fast_pskip,0,0.0,0.0,0.0,2
random_10,90,7,no_8x8dct = 1 AND no_cabac = 1 AND no_weightb = 1,no_deblock AND rc_lookahead > 30.0 AND ref <= 7.0 AND NOT no_mixed_refs,0,0.1904761904761904,0.1428571428571428,0.2857142857142857,2
random_20,180,22,no_8x8dct = 1 AND no_cabac = 1 AND no_weightb = 1,rc_lookahead > 30.0 AND no_cabac AND no_8x8dct AND no_weightb,0,0.8108108108108109,1.0,0.6818181818181818,2
3-wise,45,5,no_8x8dct = 1 AND no_cabac = 1 AND no_weightb = 1,rc_lookahead <= 30.0 AND no_deblock AND NOT no_fast_pskip,1,0.2222222222222222,0.25,0.2,2
4-wise,104,17,no_8x8dct = 1 AND no_cabac = 1 AND no_weightb = 1,no_cabac AND no_weightb AND no_8x8dct,0,1.0,1.0,1.0,2
full,1152,144,no_cabac = 1 AND no_fast_pskip = 1 AND no_mixed_refs = 1,no_fast_pskip AND no_cabac AND no_mixed_refs,0,1.0,1.0,1.0,30
random_2,18,1,no_cabac = 1 AND no_fast_pskip = 1 AND no_mixed_refs = 1,no_fast_pskip AND ref <= 7.0 AND no_8x8dct,3,0.6666666666666666,0.5,1.0,30
random_10,90,10,no_cabac = 1 AND no_fast_pskip = 1 AND no_mixed_refs = 1,NOT no_mixed_refs AND no_mbtree AND rc_lookahead <= 30.0 AND no_deblock,0,0.0,0.0,0.0,30
random_20,180,22,no_cabac = 1 AND no_fast_pskip = 1 AND no_mixed_refs = 1,NOT no_mbtree AND no_mixed_refs AND rc_lookahead <= 50.0 AND NOT no_deblock,3,0.2631578947368421,0.3125,0.2272727272727272,30
2-wise,18,3,no_cabac = 1 AND no_fast_pskip = 1 AND no_mixed_refs = 1,no_cabac AND NOT no_mbtree AND no_8x8dct AND rc_lookahead > 30.0,2,0.8,1.0,0.6666666666666666,30
3-wise,52,2,no_cabac = 1 AND no_fast_pskip = 1 AND no_mixed_refs = 1,NOT no_deblock AND NOT no_weightb AND no_fast_pskip AND no_cabac,3,1.0,1.0,1.0,30
4-wise,99,10,no_cabac = 1 AND no_fast_pskip = 1 AND no_mixed_refs = 1,no_mixed_refs AND no_cabac AND no_fast_pskip,0,1.0,1.0,1.0,30
full,1152,144,no_8x8dct = 1 AND no_fast_pskip = 1 AND no_weightb = 1,no_8x8dct AND no_weightb AND no_fast_pskip,0,1.0,1.0,1.0,31
random_5,45,7,no_8x8dct = 1 AND no_fast_pskip = 1 AND no_weightb = 1,no_8x8dct AND rc_lookahead <= 30.0 AND no_deblock AND no_fast_pskip,4,0.4444444444444445,1.0,0.2857142857142857,31
random_10,90,12,no_8x8dct = 1 AND no_fast_pskip = 1 AND no_weightb = 1,no_8x8dct AND no_fast_pskip AND no_weightb,0,1.0,1.0,1.0,31
random_20,180,23,no_8x8dct = 1 AND no_fast_pskip = 1 AND no_weightb = 1,no_8x8dct AND no_fast_pskip AND no_weightb,0,1.0,1.0,1.0,31
2-wise,16,3,no_8x8dct = 1 AND no_fast_pskip = 1 AND no_weightb = 1,no_fast_pskip AND no_weightb AND no_8x8dct,1,1.0,1.0,1.0,31
3-wise,47,5,no_8x8dct = 1 AND no_fast_pskip = 1 AND no_weightb = 1,no_8x8dct AND no_weightb AND rc_lookahead > 30.0 AND ref <= 7.0,3,0.6,0.6,0.6,31
4-wise,101,12,no_8x8dct = 1 AND no_fast_pskip = 1 AND no_weightb = 1,no_8x8dct AND rc_lookahead > 30.0 AND no_fast_pskip AND no_weightb,0,0.8,1.0,0.6666666666666666,31
full,1152,144,no_8x8dct = 1 AND no_deblock = 1 AND no_weightb = 1,no_8x8dct AND no_weightb AND no_deblock,0,1.0,1.0,1.0,32
random_2,18,2,no_8x8dct = 1 AND no_deblock = 1 AND no_weightb = 1,NOT no_fast_pskip AND ref <= 7.0 AND no_deblock AND rc_lookahead > 50.0,0,0.0,0.0,0.0,32
random_5,45,2,no_8x8dct = 1 AND no_deblock = 1 AND no_weightb = 1,NOT no_cabac AND NOT no_deblock AND rc_lookahead > 50.0 AND no_weightb,0,0.0,0.0,0.0,32
random_10,90,17,no_8x8dct = 1 AND no_deblock = 1 AND no_weightb = 1,no_deblock AND no_weightb AND no_8x8dct,0,1.0,1.0,1.0,32
random_20,180,24,no_8x8dct = 1 AND no_deblock = 1 AND no_weightb = 1,no_deblock AND no_8x8dct AND no_weightb,0,1.0,1.0,1.0,32
2-wise,16,2,no_8x8dct = 1 AND no_deblock = 1 AND no_weightb = 1,no_mixed_refs AND ref > 3.0 AND no_weightb,1,0.5,0.5,0.5,32
3-wise,42,5,no_8x8dct = 1 AND no_deblock = 1 AND no_weightb = 1,no_8x8dct AND no_deblock AND NOT no_cabac AND no_weightb,1,0.888888888888889,1.0,0.8,32
4-wise,103,12,no_8x8dct = 1 AND no_deblock = 1 AND no_weightb = 1,rc_lookahead > 30.0,2,0.1927710843373494,0.1126760563380281,0.6666666666666666,32
full,1152,144,no_cabac = 1 AND no_fast_pskip = 1 AND no_mixed_refs = 1,no_cabac AND no_fast_pskip AND no_mixed_refs,0,1.0,1.0,1.0,33
random_2,18,3,no_cabac = 1 AND no_fast_pskip = 1 AND no_mixed_refs = 1,rc_lookahead > 30.0 AND no_cabac AND no_mixed_refs AND NOT no_mbtree,1,0.8571428571428571,0.75,1.0,33
random_5,45,7,no_cabac = 1 AND no_fast_pskip = 1 AND no_mixed_refs = 1,no_cabac AND no_fast_pskip AND no_mixed_refs,0,1.0,1.0,1.0,33
random_10,90,14,no_cabac = 1 AND no_fast_pskip = 1 AND no_mixed_refs = 1,no_fast_pskip AND no_mixed_refs AND no_cabac,0,1.0,1.0,1.0,33
random_20,180,23,no_cabac = 1 AND no_fast_pskip = 1 AND no_mixed_refs = 1,no_mixed_refs AND no_cabac AND no_fast_pskip,0,1.0,1.0,1.0,33
2-wise,18,3,no_cabac = 1 AND no_fast_pskip = 1 AND no_mixed_refs = 1,no_cabac AND no_fast_pskip AND no_mixed_refs,4,1.0,1.0,1.0,33
3-wise,44,6,no_cabac = 1 AND no_fast_pskip = 1 AND no_mixed_refs = 1,no_cabac AND no_fast_pskip AND no_mixed_refs,0,1.0,1.0,1.0,33
4-wise,96,10,no_cabac = 1 AND no_fast_pskip = 1 AND no_mixed_refs = 1,no_mixed_refs AND no_cabac AND no_fast_pskip,0,1.0,1.0,1.0,33
full,1152,144,no_8x8dct = 1 AND no_cabac = 1 AND no_mbtree = 1,no_mbtree AND no_cabac AND no_8x8dct,0,1.0,1.0,1.0,34
random_2,18,3,no_8x8dct = 1 AND no_cabac = 1 AND no_mbtree = 1,no_cabac AND rc_lookahead > 30.0 AND rc_lookahead <= 50.0 AND ref <= 7.0,1,0.8,1.0,0.6666666666666666,34
random_5,45,7,no_8x8dct = 1 AND no_cabac = 1 AND no_mbtree = 1,ref <= 3.0 AND rc_lookahead <= 50.0,1,0.1333333333333333,0.125,0.1428571428571428,34
random_10,90,13,no_8x8dct = 1 AND no_cabac = 1 AND no_mbtree = 1,rc_lookahead <= 30.0 AND ref > 3.0 AND no_cabac AND no_8x8dct,4,0.5,0.7142857142857143,0.3846153846153846,34
random_20,180,16,no_8x8dct = 1 AND no_cabac = 1 AND no_mbtree = 1,no_mbtree AND rc_lookahead <= 50.0,1,0.3235294117647059,0.2115384615384615,0.6875,34
2-wise,15,2,no_8x8dct = 1 AND no_cabac = 1 AND no_mbtree = 1,NOT no_8x8dct AND NOT no_cabac AND NOT no_deblock,0,0.0,0.0,0.0,34
3-wise,42,4,no_8x8dct = 1 AND no_cabac = 1 AND no_mbtree = 1,no_cabac AND NOT no_deblock,3,0.4615384615384615,0.3333333333333333,0.75,34
4-wise,102,14,no_8x8dct = 1 AND no_cabac = 1 AND no_mbtree = 1,no_mbtree AND no_8x8dct AND no_cabac,0,1.0,1.0,1.0,34
full,1152,144,no_8x8dct = 1 AND no_deblock = 1 AND no_fast_pskip = 1,no_deblock AND no_mbtree AND no_fast_pskip AND no_8x8dct,0,0.6666666666666666,1.0,0.5,35
random_2,18,3,no_8x8dct = 1 AND no_deblock = 1 AND no_fast_pskip = 1,no_deblock AND NOT no_cabac AND no_mixed_refs,4,0.5714285714285715,0.5,0.6666666666666666,35
random_5,45,9,no_8x8dct = 1 AND no_deblock = 1 AND no_fast_pskip = 1,ref > 7.0 AND no_deblock AND NOT no_cabac AND no_8x8dct,3,0.3636363636363636,1.0,0.2222222222222222,35
random_10,90,6,no_8x8dct = 1 AND no_deblock = 1 AND no_fast_pskip = 1,no_mbtree,3,0.1568627450980392,0.0888888888888888,0.6666666666666666,35
random_20,180,28,no_8x8dct = 1 AND no_deblock = 1 AND no_fast_pskip = 1,no_fast_pskip,0,0.4786324786324786,0.3146067415730337,1.0,35
2-wise,14,1,no_8x8dct = 1 AND no_deblock = 1 AND no_fast_pskip = 1,no_mbtree AND no_weightb AND no_deblock,0,0.0,0.0,0.0,35
3-wise,41,6,no_8x8dct = 1 AND no_deblock = 1 AND no_fast_pskip = 1,no_8x8dct AND ref <= 3.0 AND rc_lookahead <= 50.0 AND no_deblock,3,0.4444444444444444,0.6666666666666666,0.3333333333333333,35
4-wise,101,11,no_8x8dct = 1 AND no_deblock = 1 AND no_fast_pskip = 1,no_mbtree,2,0.1967213114754098,0.12,0.5454545454545454,35
full,1152,144,no_cabac = 1 AND no_fast_pskip = 1 AND no_mixed_refs = 1,no_fast_pskip AND no_mixed_refs AND no_cabac,0,1.0,1.0,1.0,36
random_2,18,2,no_cabac = 1 AND no_fast_pskip = 1 AND no_mixed_refs = 1,no_cabac AND no_8x8dct AND no_weightb,0,0.5,0.5,0.5,36
random_5,45,7,no_cabac = 1 AND no_fast_pskip = 1 AND no_mixed_refs = 1,no_fast_pskip AND no_cabac AND ref > 3.0 AND rc_lookahead <= 50.0,1,0.7142857142857143,0.7142857142857143,0.7142857142857143,36
random_10,90,14,no_cabac = 1 AND no_fast_pskip = 1 AND no_mixed_refs = 1,no_cabac,3,0.4375,0.28,1.0,36
random_20,180,28,no_cabac = 1 AND no_fast_pskip = 1 AND no_mixed_refs = 1,no_mixed_refs AND no_fast_pskip AND no_cabac,0,1.0,1.0,1.0,36
2-wise,17,3,no_cabac = 1 AND no_fast_pskip = 1 AND no_mixed_refs = 1,no_8x8dct AND NOT no_mbtree AND no_cabac,2,0.8,1.0,0.6666666666666666,36
3-wise,46,5,no_cabac = 1 AND no_fast_pskip = 1 AND no_mixed_refs = 1,no_fast_pskip AND NOT no_deblock AND NOT no_mbtree AND no_weightb,0,0.5,0.6666666666666666,0.4,36
4-wise,102,14,no_cabac = 1 AND no_fast_pskip = 1 AND no_mixed_refs = 1,no_cabac,4,0.4444444444444445,0.2857142857142857,1.0,36
full,1152,144,no_deblock = 1 AND no_fast_pskip = 1 AND no_mbtree = 1,no_fast_pskip AND no_mbtree AND no_deblock,0,1.0,1.0,1.0,37
random_2,18,4,no_deblock = 1 AND no_fast_pskip = 1 AND no_mbtree = 1,no_fast_pskip AND no_deblock,4,1.0,1.0,1.0,37
random_5,45,8,no_deblock = 1 AND no_fast_pskip = 1 AND no_mbtree = 1,no_mbtree AND no_deblock AND no_fast_pskip,1,1.0,1.0,1.0,37
random_10,90,11,no_deblock = 1 AND no_fast_pskip = 1 AND no_mbtree = 1,NOT no_mixed_refs AND no_fast_pskip AND rc_lookahead > 30.0 AND no_mbtree,0,0.6666666666666665,0.8571428571428571,0.5454545454545454,37
random_20,180,19,no_deblock = 1 AND no_fast_pskip = 1 AND no_mbtree = 1,no_deblock AND no_fast_pskip AND no_mbtree,0,1.0,1.0,1.0,37
2-wise,15,1,no_deblock = 1 AND no_fast_pskip = 1 AND no_mbtree = 1,no_mixed_refs AND ref > 3.0 AND ref <= 7.0 AND no_fast_pskip,1,0.5,0.3333333333333333,1.0,37
3-wise,47,4,no_deblock = 1 AND no_fast_pskip = 1 AND no_mbtree = 1,no_mbtree AND no_8x8dct AND ref > 7.0 AND no_cabac,3,0.5714285714285715,0.6666666666666666,0.5,37
4-wise,106,14,no_deblock = 1 AND no_fast_pskip = 1 AND no_mbtree = 1,no_mbtree AND no_fast_pskip AND no_deblock,0,1.0,1.0,1.0,37
full,1152,144,no_8x8dct = 1 AND no_deblock = 1 AND no_fast_pskip = 1,no_deblock AND no_8x8dct AND no_fast_pskip,0,1.0,1.0,1.0,38
random_2,18,2,no_8x8dct = 1 AND no_deblock = 1 AND no_fast_pskip = 1,no_fast_pskip AND NOT no_cabac AND NOT no_mixed_refs,1,1.0,1.0,1.0,38
random_5,45,8,no_8x8dct = 1 AND no_deblock = 1 AND no_fast_pskip = 1,no_8x8dct AND rc_lookahead > 30.0 AND no_fast_pskip AND no_deblock,2,0.9333333333333332,1.0,0.875,38
random_10,90,11,no_8x8dct = 1 AND no_deblock = 1 AND no_fast_pskip = 1,no_fast_pskip AND no_weightb AND ref > 3.0 AND no_cabac,2,0.3157894736842105,0.375,0.2727272727272727,38
random_20,180,25,no_8x8dct = 1 AND no_deblock = 1 AND no_fast_pskip = 1,no_deblock AND no_8x8dct,2,0.7246376811594203,0.5681818181818182,1.0,38
2-wise,14,5,no_8x8dct = 1 AND no_deblock = 1 AND no_fast_pskip = 1,no_8x8dct AND no_deblock AND no_fast_pskip,3,1.0,1.0,1.0,38
3-wise,50,4,no_8x8dct = 1 AND no_deblock = 1 AND no_fast_pskip = 1,ref > 7.0 AND no_deblock AND NOT no_mixed_refs AND no_fast_pskip,3,0.5714285714285715,0.6666666666666666,0.5,38
4-wise,91,10,no_8x8dct = 1 AND no_deblock = 1 AND no_fast_pskip = 1,no_fast_pskip,4,0.3703703703703703,0.2272727272727272,1.0,38
full,1152,144,no_8x8dct = 1 AND no_deblock = 1 AND no_mixed_refs = 1,no_mixed_refs AND no_deblock AND no_8x8dct,0,1.0,1.0,1.0,39
random_2,18,3,no_8x8dct = 1 AND no_deblock = 1 AND no_mixed_refs = 1,NOT no_cabac AND no_mixed_refs AND no_deblock,3,1.0,1.0,1.0,39
random_5,45,7,no_8x8dct = 1 AND no_deblock = 1 AND no_mixed_refs = 1,no_mbtree AND rc_lookahead <= 50.0 AND no_8x8dct AND no_deblock,2,0.6666666666666666,0.8,0.5714285714285714,39
random_10,90,12,no_8x8dct = 1 AND no_deblock = 1 AND no_mixed_refs = 1,rc_lookahead > 30.0 AND no_deblock AND no_8x8dct,3,0.6666666666666667,0.5555555555555556,0.8333333333333334,39
random_20,180,17,no_8x8dct = 1 AND no_deblock = 1 AND no_mixed_refs = 1,no_deblock,2,0.3148148148148148,0.1868131868131868,1.0,39
3-wise,41,6,no_8x8dct = 1 AND no_deblock = 1 AND no_mixed_refs = 1,NOT no_weightb AND no_8x8dct AND no_fast_pskip AND NOT no_mbtree,0,0.5,1.0,0.3333333333333333,39
4-wise,105,16,no_8x8dct = 1 AND no_deblock = 1 AND no_mixed_refs = 1,no_deblock,2,0.4383561643835616,0.2807017543859649,1.0,39
full,1152,144,no_8x8dct = 1 AND no_fast_pskip = 1 AND no_weightb = 1,no_fast_pskip AND no_weightb AND no_8x8dct,0,1.0,1.0,1.0,3
random_2,18,2,no_8x8dct = 1 AND no_fast_pskip = 1 AND no_weightb = 1,no_weightb AND no_8x8dct,3,1.0,1.0,1.0,3
random_5,45,4,no_8x8dct = 1 AND no_fast_pskip = 1 AND no_weightb = 1,no_8x8dct AND no_fast_pskip AND no_weightb,0,1.0,1.0,1.0,3
random_10,90,10,no_8x8dct = 1 AND no_fast_pskip = 1 AND no_weightb = 1,no_fast_pskip AND no_weightb AND no_8x8dct,1,1.0,1.0,1.0,3
random_20,180,21,no_8x8dct = 1 AND no_fast_pskip = 1 AND no_weightb = 1,no_fast_pskip AND no_weightb AND no_8x8dct,0,1.0,1.0,1.0,3
2-wise,16,3,no_8x8dct = 1 AND no_fast_pskip = 1 AND no_weightb = 1,no_mixed_refs AND no_mbtree AND no_weightb,3,0.8,1.0,0.6666666666666666,3
3-wise,44,5,no_8x8dct = 1 AND no_fast_pskip = 1 AND no_weightb = 1,no_deblock AND no_8x8dct AND no_fast_pskip AND no_weightb,1,0.888888888888889,1.0,0.8,3
4-wise,104,12,no_8x8dct = 1 AND no_fast_pskip = 1 AND no_weightb = 1,no_8x8dct AND no_fast_pskip AND no_weightb,0,1.0,1.0,1.0,3
full,1152,144,no_8x8dct = 1 AND no_deblock = 1 AND no_mbtree = 1,no_mbtree AND no_8x8dct AND no_deblock,0,1.0,1.0,1.0,40
random_2,18,1,no_8x8dct = 1 AND no_deblock = 1 AND no_mbtree = 1,rc_lookahead <= 50.0 AND NOT no_8x8dct AND no_fast_pskip,0,0.0,0.0,0.0,40
random_5,45,6,no_8x8dct = 1 AND no_deblock = 1 AND no_mbtree = 1,no_mbtree AND no_deblock AND no_8x8dct,3,1.0,1.0,1.0,40
random_10,90,6,no_8x8dct = 1 AND no_deblock = 1 AND no_mbtree = 1,ref <= 7.0 AND NOT no_fast_pskip AND NOT no_mixed_refs AND no_8x8dct,1,0.4285714285714285,0.375,0.5,40
random_20,180,19,no_8x8dct = 1 AND no_deblock = 1 AND no_mbtree = 1,NOT no_cabac,0,0.2068965517241379,0.1237113402061855,0.631578947368421,40
2-wise,14,1,no_8x8dct = 1 AND no_deblock = 1 AND no_mbtree = 1,ref <= 3.0 AND no_fast_pskip AND rc_lookahead > 30.0,3,0.6666666666666666,0.5,1.0,40
3-wise,52,7,no_8x8dct = 1 AND no_deblock = 1 AND no_mbtree = 1,no_8x8dct AND NOT no_fast_pskip AND rc_lookahead > 50.0 AND no_mbtree,0,0.5454545454545454,0.75,0.4285714285714285,40
4-wise,96,12,no_8x8dct = 1 AND no_deblock = 1 AND no_mbtree = 1,ref <= 7.0,3,0.2307692307692307,0.1363636363636363,0.75,40
full,1152,144,no_fast_pskip = 1 AND no_mixed_refs = 1 AND no_weightb = 1,no_fast_pskip AND no_mixed_refs AND no_weightb,0,1.0,1.0,1.0,41
random_2,18,2,no_fast_pskip = 1 AND no_mixed_refs = 1 AND no_weightb = 1,ref > 3.0 AND no_fast_pskip AND rc_lookahead <= 30.0 AND no_weightb,3,0.4,0.3333333333333333,0.5,41
random_5,45,2,no_fast_pskip = 1 AND no_mixed_refs = 1 AND no_weightb = 1,ref > 3.0 AND rc_lookahead > 30.0 AND no_mixed_refs AND NOT no_cabac,1,0.4,0.3333333333333333,0.5,41
random_10,90,9,no_fast_pskip = 1 AND no_mixed_refs = 1 AND no_weightb = 1,no_fast_pskip,3,0.36,0.2195121951219512,1.0,41
random_20,180,25,no_fast_pskip = 1 AND no_mixed_refs = 1 AND no_weightb = 1,no_weightb AND no_mixed_refs,2,0.704225352112676,0.5434782608695652,1.0,41
2-wise,18,1,no_fast_pskip = 1 AND no_mixed_refs = 1 AND no_weightb = 1,no_cabac AND no_deblock AND ref <= 7.0 AND NOT no_mbtree,2,0.5,0.3333333333333333,1.0,41
3-wise,45,4,no_fast_pskip = 1 AND no_mixed_refs = 1 AND no_weightb = 1,no_cabac AND ref <= 3.0 AND no_mixed_refs AND no_deblock,4,0.3333333333333333,0.5,0.25,41
4-wise,102,9,no_fast_pskip = 1 AND no_mixed_refs = 1 AND no_weightb = 1,NOT no_8x8dct AND rc_lookahead > 50.0 AND no_cabac AND ref <= 3.0,1,0.1818181818181818,0.5,0.1111111111111111,41
full,1152,144,no_8x8dct = 1 AND no_mbtree = 1 AND no_weightb = 1,no_weightb AND no_8x8dct AND no_mbtree,0,1.0,1.0,1.0,42
random_2,18,3,no_8x8dct = 1 AND no_mbtree = 1 AND no_weightb = 1,no_weightb AND NOT no_fast_pskip AND no_8x8dct,2,0.8,1.0,0.6666666666666666,42
random_5,45,5,no_8x8dct = 1 AND no_mbtree = 1 AND no_weightb = 1,no_weightb AND no_8x8dct AND ref > 3.0 AND no_mbtree,1,0.888888888888889,1.0,0.8,42
random_10,90,7,no_8x8dct = 1 AND no_mbtree = 1 AND no_weightb = 1,no_mbtree AND no_8x8dct AND no_weightb,0,1.0,1.0,1.0,42
random_20,180,22,no_8x8dct = 1 AND no_mbtree = 1 AND no_weightb = 1,no_weightb AND no_8x8dct AND no_mbtree,0,1.0,1.0,1.0,42
2-wise,17,4,no_8x8dct = 1 AND no_mbtree = 1 AND no_weightb = 1,no_8x8dct AND no_fast_pskip AND no_mbtree AND no_weightb,4,0.6666666666666666,1.0,0.5,42
3-wise,42,4,no_8x8dct = 1 AND no_mbtree = 1 AND no_weightb = 1,no_mbtree AND no_weightb AND no_fast_pskip AND no_mixed_refs,0,0.75,0.75,0.75,42
4-wise,100,14,no_8x8dct = 1 AND no_mbtree = 1 AND no_weightb = 1,no_mbtree AND no_8x8dct AND no_weightb,0,1.0,1.0,1.0,42
full,1152,144,no_deblock = 1 AND no_mbtree = 1 AND no_weightb = 1,no_weightb AND no_deblock AND no_mbtree,0,1.0,1.0,1.0,43
random_2,18,2,no_deblock = 1 AND no_mbtree = 1 AND no_weightb = 1,NOT no_fast_pskip AND NOT no_weightb AND rc_lookahead <= 50.0 AND NOT no_8x8dct,0,0.0,0.0,0.0,43
random_5,45,3,no_deblock = 1 AND no_mbtree = 1 AND no_weightb = 1,no_mbtree AND no_weightb AND rc_lookahead <= 50.0 AND no_deblock,4,0.8,1.0,0.6666666666666666,43
random_10,90,7,no_deblock = 1 AND no_mbtree = 1 AND no_weightb = 1,ref > 3.0 AND no_cabac,4,0.2272727272727272,0.1351351351351351,0.7142857142857143,43
random_20,180,18,no_deblock = 1 AND no_mbtree = 1 AND no_weightb = 1,no_weightb AND no_8x8dct AND no_mbtree AND no_deblock,0,0.8,1.0,0.6666666666666666,43
2-wise,16,2,no_deblock = 1 AND no_mbtree = 1 AND no_weightb = 1,no_weightb AND rc_lookahead > 30.0 AND no_8x8dct AND rc_lookahead <= 50.0,2,0.5,0.5,0.5,43
3-wise,44,5,no_deblock = 1 AND no_mbtree = 1 AND no_weightb = 1,NOT no_mbtree AND rc_lookahead > 50.0 AND ref > 7.0 AND no_fast_pskip,0,0.0,0.0,0.0,43
4-wise,99,16,no_deblock = 1 AND no_mbtree = 1 AND no_weightb = 1,no_deblock,3,0.4507042253521126,0.2909090909090909,1.0,43
full,1152,144,no_8x8dct = 1 AND no_deblock = 1 AND no_mbtree = 1,no_mbtree,0,0.4,0.25,1.0,44
random_2,18,3,no_8x8dct = 1 AND no_deblock = 1 AND no_mbtree = 1,no_mbtree AND NOT no_8x8dct AND rc_lookahead <= 50.0 AND NOT no_fast_pskip,0,0.0,0.0,0.0,44
random_5,45,6,no_8x8dct = 1 AND no_deblock = 1 AND no_mbtree = 1,ref <= 3.0,4,0.4347826086956522,0.2941176470588235,0.8333333333333334,44
random_10,90,16,no_8x8dct = 1 AND no_deblock = 1 AND no_mbtree = 1,NOT no_cabac,2,0.2769230769230769,0.1836734693877551,0.5625,44
random_20,180,20,no_8x8dct = 1 AND no_deblock = 1 AND no_mbtree = 1,no_deblock AND no_8x8dct,1,0.6349206349206349,0.4651162790697674,1.0,44
2-wise,15,2,no_8x8dct = 1 AND no_deblock = 1 AND no_mbtree = 1,no_deblock AND no_mbtree AND ref > 3.0,1,0.4,0.3333333333333333,0.5,44
3-wise,49,8,no_8x8dct = 1 AND no_deblock = 1 AND no_mbtree = 1,no_fast_pskip AND rc_lookahead > 30.0 AND no_mixed_refs AND no_mbtree,2,0.4615384615384615,0.6,0.375,44
4-wise,98,10,no_8x8dct = 1 AND no_deblock = 1 AND no_mbtree = 1,rc_lookahead <= 50.0,2,0.1558441558441558,0.0895522388059701,0.6,44
full,1152,144,no_8x8dct = 1 AND no_mixed_refs = 1 AND no_weightb = 1,no_8x8dct AND no_mixed_refs AND no_weightb,0,1.0,1.0,1.0,45
random_2,18,4,no_8x8dct = 1 AND no_mixed_refs = 1 AND no_weightb = 1,no_mbtree AND ref <= 7.0 AND ref > 3.0 AND no_mixed_refs,1,0.8571428571428571,1.0,0.75,45
random_5,45,6,no_8x8dct = 1 AND no_mixed_refs = 1 AND no_weightb = 1,NOT no_deblock AND no_8x8dct AND no_weightb AND no_mixed_refs,2,1.0,1.0,1.0,45
random_10,90,15,no_8x8dct = 1 AND no_mixed_refs = 1 AND no_weightb = 1,no_mixed_refs AND no_8x8dct AND no_weightb,1,1.0,1.0,1.0,45
random_20,180,20,no_8x8dct = 1 AND no_mixed_refs = 1 AND no_weightb = 1,no_mixed_refs AND no_weightb AND no_8x8dct,0,1.0,1.0,1.0,45
2-wise,18,1,no_8x8dct = 1 AND no_mixed_refs = 1 AND no_weightb = 1,rc_lookahead > 50.0 AND ref <= 7.0 AND no_mixed_refs AND no_deblock,0,0.0,0.0,0.0,45
3-wise,42,4,no_8x8dct = 1 AND no_mixed_refs = 1 AND no_weightb = 1,no_fast_pskip AND no_8x8dct AND rc_lookahead > 30.0 AND no_mbtree,1,0.5714285714285715,0.6666666666666666,0.5,45
4-wise,103,11,no_8x8dct = 1 AND no_mixed_refs = 1 AND no_weightb = 1,no_mixed_refs AND no_weightb AND no_8x8dct,0,1.0,1.0,1.0,45
full,1152,144,no_8x8dct = 1 AND no_mbtree = 1 AND no_weightb = 1,no_weightb AND no_mbtree AND no_8x8dct,0,1.0,1.0,1.0,46
random_2,18,5,no_8x8dct = 1 AND no_mbtree = 1 AND no_weightb = 1,ref > 3.0 AND ref <= 7.0 AND no_weightb,3,0.8000000000000002,0.8,0.8,46
random_5,45,7,no_8x8dct = 1 AND no_mbtree = 1 AND no_weightb = 1,no_weightb AND no_8x8dct AND no_mbtree,1,1.0,1.0,1.0,46
random_10,90,8,no_8x8dct = 1 AND no_mbtree = 1 AND no_weightb = 1,no_weightb AND no_8x8dct AND no_mbtree,0,1.0,1.0,1.0,46
random_20,180,18,no_8x8dct = 1 AND no_mbtree = 1 AND no_weightb = 1,no_weightb AND no_8x8dct AND no_mbtree,0,1.0,1.0,1.0,46
2-wise,17,2,no_8x8dct = 1 AND no_mbtree = 1 AND no_weightb = 1,NOT no_deblock AND rc_lookahead <= 30.0 AND no_weightb AND no_mbtree,2,1.0,1.0,1.0,46
3-wise,44,3,no_8x8dct = 1 AND no_mbtree = 1 AND no_weightb = 1,NOT no_deblock AND NOT no_cabac AND no_weightb AND NOT no_mbtree,0,0.0,0.0,0.0,46
4-wise,98,11,no_8x8dct = 1 AND no_mbtree = 1 AND no_weightb = 1,no_8x8dct AND no_mbtree AND no_weightb,0,1.0,1.0,1.0,46
full,1152,144,no_cabac = 1 AND no_fast_pskip = 1 AND no_mixed_refs = 1,no_mixed_refs AND no_fast_pskip AND no_cabac,0,1.0,1.0,1.0,47
random_2,18,1,no_cabac = 1 AND no_fast_pskip = 1 AND no_mixed_refs = 1,ref <= 7.0 AND rc_lookahead <= 50.0 AND no_mbtree AND NOT no_deblock,1,0.5,0.3333333333333333,1.0,47
random_5,45,2,no_cabac = 1 AND no_fast_pskip = 1 AND no_mixed_refs = 1,no_cabac AND NOT no_8x8dct AND no_weightb AND NOT no_mbtree,0,0.0,0.0,0.0,47
random_10,90,13,no_cabac = 1 AND no_fast_pskip = 1 AND no_mixed_refs = 1,no_cabac AND no_fast_pskip AND no_mixed_refs,0,1.0,1.0,1.0,47
random_20,180,23,no_cabac = 1 AND no_fast_pskip = 1 AND no_mixed_refs = 1,no_mbtree,2,0.2393162393162393,0.1489361702127659,0.6086956521739131,47
2-wise,17,4,no_cabac = 1 AND no_fast_pskip = 1 AND no_mixed_refs = 1,rc_lookahead <= 50.0 AND NOT no_weightb AND no_cabac,2,0.5714285714285715,0.6666666666666666,0.5,47
3-wise,42,6,no_cabac = 1 AND no_fast_pskip = 1 AND no_mixed_refs = 1,no_deblock AND no_fast_pskip AND no_mixed_refs,1,0.8,1.0,0.6666666666666666,47
4-wise,100,11,no_cabac = 1 AND no_fast_pskip = 1 AND no_mixed_refs = 1,no_mixed_refs AND NOT no_deblock AND no_fast_pskip,4,0.5454545454545454,0.5454545454545454,0.5454545454545454,47
full,1152,144,no_8x8dct = 1 AND no_fast_pskip = 1 AND no_mbtree = 1,no_8x8dct AND no_mbtree AND no_fast_pskip,0,1.0,1.0,1.0,48
random_2,18,1,no_8x8dct = 1 AND no_fast_pskip = 1 AND no_mbtree = 1,no_weightb AND ref <= 7.0 AND NOT no_fast_pskip AND ref > 3.0,0,0.0,0.0,0.0,48
random_5,45,5,no_8x8dct = 1 AND no_fast_pskip = 1 AND no_mbtree = 1,no_weightb AND no_mbtree AND rc_lookahead > 50.0,0,0.0,0.0,0.0,48
random_10,90,13,no_8x8dct = 1 AND no_fast_pskip = 1 AND no_mbtree = 1,no_8x8dct,2,0.4262295081967213,0.2708333333333333,1.0,48
random_20,180,17,no_8x8dct = 1 AND no_fast_pskip = 1 AND no_mbtree = 1,no_deblock,1,0.1964285714285714,0.1157894736842105,0.6470588235294118,48
2-wise,13,1,no_8x8dct = 1 AND no_fast_pskip = 1 AND no_mbtree = 1,NOT no_8x8dct AND rc_lookahead > 30.0 AND ref <= 7.0 AND no_fast_pskip,0,0.0,0.0,0.0,48
3-wise,46,5,no_8x8dct = 1 AND no_fast_pskip = 1 AND no_mbtree = 1,no_fast_pskip AND no_cabac AND no_mbtree AND rc_lookahead > 30.0,3,0.8000000000000002,0.8,0.8,48
4-wise,95,11,no_8x8dct = 1 AND no_fast_pskip = 1 AND no_mbtree = 1,no_8x8dct AND rc_lookahead <= 50.0 AND NOT no_weightb AND no_fast_pskip,3,0.4444444444444444,0.5714285714285714,0.3636363636363636,48
full,1152,144,no_8x8dct = 1 AND no_cabac = 1 AND no_weightb = 1,no_cabac AND no_8x8dct AND no_weightb,0,1.0,1.0,1.0,49
random_2,18,1,no_8x8dct = 1 AND no_cabac = 1 AND no_weightb = 1,no_fast_pskip AND NOT no_weightb AND NOT no_mixed_refs,0,0.0,0.0,0.0,49
random_5,45,3,no_8x8dct = 1 AND no_cabac = 1 AND no_weightb = 1,NOT no_mbtree AND no_8x8dct AND no_weightb AND no_cabac,0,0.8,1.0,0.6666666666666666,49
random_10,90,14,no_8x8dct = 1 AND no_cabac = 1 AND no_weightb = 1,no_8x8dct AND no_weightb AND no_cabac,0,1.0,1.0,1.0,49
random_20,180,26,no_8x8dct = 1 AND no_cabac = 1 AND no_weightb = 1,no_weightb AND no_cabac AND no_8x8dct,0,1.0,1.0,1.0,49
2-wise,15,1,no_8x8dct = 1 AND no_cabac = 1 AND no_weightb = 1,rc_lookahead > 30.0 AND NOT no_fast_pskip AND ref <= 3.0,0,0.6666666666666666,0.5,1.0,49
3-wise,48,5,no_8x8dct = 1 AND no_cabac = 1 AND no_weightb = 1,ref > 3.0 AND no_8x8dct AND no_deblock AND no_mixed_refs,1,0.4000000000000001,0.4,0.4,49
4-wise,99,12,no_8x8dct = 1 AND no_cabac = 1 AND no_weightb = 1,no_weightb AND no_8x8dct AND no_cabac,0,1.0,1.0,1.0,49
full,1152,144,no_deblock = 1 AND no_mixed_refs = 1 AND no_weightb = 1,no_deblock AND NOT no_8x8dct AND no_weightb AND no_mixed_refs,0,0.6666666666666666,1.0,0.5,4
random_2,18,4,no_deblock = 1 AND no_mixed_refs = 1 AND no_weightb = 1,no_8x8dct AND no_weightb AND ref > 7.0,4,0.6666666666666666,1.0,0.5,4
random_5,45,7,no_deblock = 1 AND no_mixed_refs = 1 AND no_weightb = 1,no_weightb AND NOT no_mbtree,4,0.5263157894736842,0.4166666666666667,0.7142857142857143,4
random_10,90,10,no_deblock = 1 AND no_mixed_refs = 1 AND no_weightb = 1,no_fast_pskip AND no_weightb AND ref > 3.0 AND no_mixed_refs,1,0.6666666666666666,1.0,0.5,4
random_20,180,27,no_deblock = 1 AND no_mixed_refs = 1 AND no_weightb = 1,no_mixed_refs AND no_deblock AND no_mbtree AND no_weightb,0,0.7142857142857143,1.0,0.5555555555555556,4
2-wise,17,1,no_deblock = 1 AND no_mixed_refs = 1 AND no_weightb = 1,NOT no_cabac AND no_8x8dct AND no_deblock,0,0.6666666666666666,0.5,1.0,4
3-wise,43,5,no_deblock = 1 AND no_mixed_refs = 1 AND no_weightb = 1,no_mixed_refs AND no_weightb AND no_8x8dct AND no_deblock,2,0.7499999999999999,1.0,0.6,4
4-wise,99,10,no_deblock = 1 AND no_mixed_refs = 1 AND no_weightb = 1,ref <= 7.0 AND no_mbtree,4,0.2272727272727272,0.1470588235294117,0.5,4
full,1152,144,no_deblock = 1 AND no_fast_pskip = 1 AND no_weightb = 1,no_deblock AND no_weightb AND no_fast_pskip,0,1.0,1.0,1.0,50
random_2,18,2,no_deblock = 1 AND no_fast_pskip = 1 AND no_weightb = 1,NOT no_8x8dct AND no_deblock AND rc_lookahead > 50.0,3,1.0,1.0,1.0,50
random_5,45,3,no_deblock = 1 AND no_fast_pskip = 1 AND no_weightb = 1,no_weightb AND no_cabac AND NOT no_8x8dct AND ref <= 7.0,0,0.0,0.0,0.0,50
random_10,90,14,no_deblock = 1 AND no_fast_pskip = 1 AND no_weightb = 1,no_deblock AND rc_lookahead <= 50.0 AND no_fast_pskip,4,0.7142857142857143,0.7142857142857143,0.7142857142857143,50
random_20,180,21,no_deblock = 1 AND no_fast_pskip = 1 AND no_weightb = 1,NOT no_mbtree AND no_deblock AND no_fast_pskip AND no_weightb,0,0.6451612903225806,1.0,0.4761904761904761,50
2-wise,18,4,no_deblock = 1 AND no_fast_pskip = 1 AND no_weightb = 1,no_weightb AND no_mixed_refs AND no_fast_pskip,4,0.75,0.75,0.75,50
3-wise,44,7,no_deblock = 1 AND no_fast_pskip = 1 AND no_weightb = 1,no_mbtree AND rc_lookahead > 50.0 AND ref <= 3.0,2,0.2222222222222222,0.5,0.1428571428571428,50
4-wise,97,13,no_deblock = 1 AND no_fast_pskip = 1 AND no_weightb = 1,no_weightb AND no_deblock,4,0.6842105263157895,0.52,1.0,50
full,1152,144,no_8x8dct = 1 AND no_deblock = 1 AND no_mbtree = 1,no_deblock AND no_8x8dct AND no_mbtree,0,1.0,1.0,1.0,51
random_2,18,1,no_8x8dct = 1 AND no_deblock = 1 AND no_mbtree = 1,no_8x8dct AND rc_lookahead > 50.0 AND no_weightb,3,0.6666666666666666,0.5,1.0,51
random_5,45,7,no_8x8dct = 1 AND no_deblock = 1 AND no_mbtree = 1,no_deblock AND no_mbtree AND no_8x8dct,0,1.0,1.0,1.0,51
random_10,90,7,no_8x8dct = 1 AND no_deblock = 1 AND no_mbtree = 1,no_weightb AND rc_lookahead > 30.0 AND NOT no_fast_pskip AND rc_lookahead <= 50.0,1,0.3333333333333333,0.4,0.2857142857142857,51
random_20,180,22,no_8x8dct = 1 AND no_deblock = 1 AND no_mbtree = 1,no_deblock AND no_mbtree AND no_8x8dct,0,1.0,1.0,1.0,51
2-wise,20,2,no_8x8dct = 1 AND no_deblock = 1 AND no_mbtree = 1,no_8x8dct AND NOT no_cabac AND no_mixed_refs,2,1.0,1.0,1.0,51
3-wise,44,9,no_8x8dct = 1 AND no_deblock = 1 AND no_mbtree = 1,no_8x8dct AND no_mbtree AND no_deblock,0,1.0,1.0,1.0,51
4-wise,103,13,no_8x8dct = 1 AND no_deblock = 1 AND no_mbtree = 1,no_8x8dct AND no_mbtree AND no_deblock,0,1.0,1.0,1.0,51
full,1152,144,no_cabac = 1 AND no_deblock = 1 AND no_weightb = 1,no_weightb AND rc_lookahead > 30.0 AND no_cabac,3,0.5714285714285715,0.5,0.6666666666666666,52
random_2,18,3,no_cabac = 1 AND no_deblock = 1 AND no_weightb = 1,no_weightb AND no_deblock AND NOT no_8x8dct AND no_cabac,1,1.0,1.0,1.0,52
random_5,45,7,no_cabac = 1 AND no_deblock = 1 AND no_weightb = 1,no_fast_pskip AND rc_lookahead <= 30.0 AND no_deblock AND ref > 7.0,2,0.2,0.3333333333333333,0.1428571428571428,52
random_10,90,17,no_cabac = 1 AND no_deblock = 1 AND no_weightb = 1,NOT no_mbtree AND NOT no_fast_pskip AND ref > 3.0,3,0.3571428571428571,0.4545454545454545,0.2941176470588235,52
random_20,180,31,no_cabac = 1 AND no_deblock = 1 AND no_weightb = 1,no_8x8dct AND ref <= 7.0 AND no_deblock,4,0.3823529411764705,0.3513513513513513,0.4193548387096774,52
2-wise,13,2,no_cabac = 1 AND no_deblock = 1 AND no_weightb = 1,NOT no_mixed_refs AND NOT no_fast_pskip,0,0.5,0.5,0.5,52
3-wise,38,4,no_cabac = 1 AND no_deblock = 1 AND no_weightb = 1,NOT no_fast_pskip AND NOT no_8x8dct AND ref <= 3.0 AND no_deblock,1,0.5714285714285715,0.6666666666666666,0.5,52
4-wise,101,14,no_cabac = 1 AND no_deblock = 1 AND no_weightb = 1,NOT no_mbtree,2,0.2580645161290322,0.1666666666666666,0.5714285714285714,52
full,1152,144,no_fast_pskip = 1 AND no_mbtree = 1 AND no_mixed_refs = 1,no_weightb AND no_fast_pskip,2,0.3333333333333333,0.25,0.5,53
random_2,18,2,no_fast_pskip = 1 AND no_mbtree = 1 AND no_mixed_refs = 1,no_mixed_refs AND no_fast_pskip AND no_mbtree,4,1.0,1.0,1.0,53
random_5,45,8,no_fast_pskip = 1 AND no_mbtree = 1 AND no_mixed_refs = 1,NOT no_weightb AND NOT no_deblock AND NOT no_8x8dct AND NOT no_cabac,0,0.0,0.0,0.0,53
random_10,90,16,no_fast_pskip = 1 AND no_mbtree = 1 AND no_mixed_refs = 1,NOT no_weightb,4,0.3050847457627118,0.2093023255813953,0.5625,53
random_20,180,30,no_fast_pskip = 1 AND no_mbtree = 1 AND no_mixed_refs = 1,no_mixed_refs AND no_8x8dct AND no_fast_pskip,0,0.6,0.6,0.6,53
2-wise,16,2,no_fast_pskip = 1 AND no_mbtree = 1 AND no_mixed_refs = 1,no_mbtree AND no_cabac AND no_8x8dct,1,0.5,0.5,0.5,53
3-wise,43,8,no_fast_pskip = 1 AND no_mbtree = 1 AND no_mixed_refs = 1,NOT no_weightb AND no_8x8dct AND no_fast_pskip AND no_mbtree,2,0.3636363636363636,0.6666666666666666,0.25,53
4-wise,97,11,no_fast_pskip = 1 AND no_mbtree = 1 AND no_mixed_refs = 1,ref > 3.0,1,0.2564102564102564,0.1492537313432835,0.9090909090909092,53
full,1152,144,no_8x8dct = 1 AND no_cabac = 1 AND no_deblock = 1,no_deblock AND no_8x8dct AND no_cabac,0,1.0,1.0,1.0,54
random_2,18,4,no_8x8dct = 1 AND no_cabac = 1 AND no_deblock = 1,NOT no_weightb AND ref > 3.0 AND NOT no_cabac AND rc_lookahead <= 50.0,0,0.0,0.0,0.0,54
random_5,45,7,no_8x8dct = 1 AND no_cabac = 1 AND no_deblock = 1,no_cabac AND NOT no_mixed_refs AND ref <= 7.0,3,0.4705882352941176,0.4,0.5714285714285714,54
random_10,90,10,no_8x8dct = 1 AND no_cabac = 1 AND no_deblock = 1,no_cabac AND NOT no_fast_pskip AND no_weightb AND no_mbtree,1,0.3749999999999999,0.5,0.3,54
random_20,180,27,no_8x8dct = 1 AND no_cabac = 1 AND no_deblock = 1,no_8x8dct AND no_deblock AND no_cabac,0,1.0,1.0,1.0,54
2-wise,18,2,no_8x8dct = 1 AND no_cabac = 1 AND no_deblock = 1,no_cabac AND no_8x8dct AND ref > 3.0 AND no_mbtree,4,1.0,1.0,1.0,54
3-wise,39,4,no_8x8dct = 1 AND no_cabac = 1 AND no_deblock = 1,NOT no_8x8dct AND rc_lookahead <= 30.0 AND NOT no_mbtree AND no_deblock,0,0.0,0.0,0.0,54
4-wise,103,11,no_8x8dct = 1 AND no_cabac = 1 AND no_deblock = 1,no_deblock AND no_8x8dct AND no_cabac,1,1.0,1.0,1.0,54
full,1152,144,no_cabac = 1 AND no_deblock = 1 AND no_fast_pskip = 1,rc_lookahead > 30.0,0,0.2105263157894736,0.125,0.6666666666666666,55
random_2,18,2,no_cabac = 1 AND no_deblock = 1 AND no_fast_pskip = 1,rc_lookahead > 30.0 AND no_weightb,3,0.2222222222222222,0.1428571428571428,0.5,55
random_5,45,9,no_cabac = 1 AND no_deblock = 1 AND no_fast_pskip = 1,rc_lookahead <= 30.0 AND NOT no_mbtree AND no_deblock,1,0.1818181818181818,0.5,0.1111111111111111,55
random_10,90,11,no_cabac = 1 AND no_deblock = 1 AND no_fast_pskip = 1,NOT no_8x8dct AND ref > 7.0 AND NOT no_mixed_refs AND no_cabac,3,0.4285714285714285,1.0,0.2727272727272727,55
random_20,180,19,no_cabac = 1 AND no_deblock = 1 AND no_fast_pskip = 1,rc_lookahead <= 30.0,3,0.2325581395348837,0.1492537313432835,0.5263157894736842,55
2-wise,14,1,no_cabac = 1 AND no_deblock = 1 AND no_fast_pskip = 1,NOT no_cabac AND ref > 7.0 AND rc_lookahead <= 50.0,0,0.0,0.0,0.0,55
3-wise,45,5,no_cabac = 1 AND no_deblock = 1 AND no_fast_pskip = 1,rc_lookahead <= 50.0 AND ref > 7.0 AND rc_lookahead <= 30.0 AND no_deblock,4,0.25,0.3333333333333333,0.2,55
4-wise,95,9,no_cabac = 1 AND no_deblock = 1 AND no_fast_pskip = 1,no_mbtree AND no_fast_pskip AND no_cabac AND ref > 3.0,2,0.4705882352941176,0.5,0.4444444444444444,55
full,1152,144,no_8x8dct = 1 AND no_cabac = 1 AND no_weightb = 1,no_cabac AND no_weightb AND no_8x8dct,0,1.0,1.0,1.0,56
random_2,18,3,no_8x8dct = 1 AND no_cabac = 1 AND no_weightb = 1,ref <= 3.0 AND no_8x8dct AND no_weightb,2,0.8,1.0,0.6666666666666666,56
random_5,45,5,no_8x8dct = 1 AND no_cabac = 1 AND no_weightb = 1,NOT no_mbtree AND no_weightb AND no_cabac AND rc_lookahead > 40.0,4,0.2857142857142857,0.5,0.2,56
random_10,90,8,no_8x8dct = 1 AND no_cabac = 1 AND no_weightb = 1,no_weightb AND no_deblock AND no_mixed_refs AND ref > 3.0,2,0.4615384615384615,0.6,0.375,56
random_20,180,16,no_8x8dct = 1 AND no_cabac = 1 AND no_weightb = 1,no_8x8dct,1,0.2990654205607477,0.1758241758241758,1.0,56
2-wise,17,2,no_8x8dct = 1 AND no_cabac = 1 AND no_weightb = 1,ref <= 7.0 AND NOT no_mixed_refs AND no_weightb AND no_cabac,3,1.0,1.0,1.0,56
3-wise,38,4,no_8x8dct = 1 AND no_cabac = 1 AND no_weightb = 1,no_fast_pskip AND no_8x8dct AND NOT no_mixed_refs AND rc_lookahead <= 30.0,2,0.6666666666666666,1.0,0.5,56
4-wise,102,15,no_8x8dct = 1 AND no_cabac = 1 AND no_weightb = 1,no_weightb,2,0.4615384615384615,0.3,1.0,56
full,1152,144,no_8x8dct = 1 AND no_cabac = 1 AND no_mixed_refs = 1,NOT no_fast_pskip,0,0.2,0.125,0.5,57
random_2,18,3,no_8x8dct = 1 AND no_cabac = 1 AND no_mixed_refs = 1,rc_lookahead <= 50.0 AND no_weightb AND NOT no_mbtree AND no_cabac,3,0.6666666666666666,0.6666666666666666,0.6666666666666666,57
random_5,45,4,no_8x8dct = 1 AND no_cabac = 1 AND no_mixed_refs = 1,NOT no_deblock AND rc_lookahead > 50.0 AND no_mbtree AND no_cabac,2,0.3333333333333333,0.5,0.25,57
random_10,90,9,no_8x8dct = 1 AND no_cabac = 1 AND no_mixed_refs = 1,ref <= 3.0 AND no_fast_pskip AND no_deblock AND rc_lookahead <= 30.0,2,0.1538461538461538,0.25,0.1111111111111111,57
random_20,180,20,no_8x8dct = 1 AND no_cabac = 1 AND no_mixed_refs = 1,no_deblock,1,0.2342342342342342,0.1428571428571428,0.65,57
2-wise,16,1,no_8x8dct = 1 AND no_cabac = 1 AND no_mixed_refs = 1,no_cabac AND rc_lookahead <= 30.0 AND ref <= 7.0,4,0.6666666666666666,0.5,1.0,57
3-wise,40,8,no_8x8dct = 1 AND no_cabac = 1 AND no_mixed_refs = 1,no_fast_pskip AND ref <= 3.0 AND NOT no_deblock AND rc_lookahead <= 50.0,2,0.4,1.0,0.25,57
4-wise,96,12,no_8x8dct = 1 AND no_cabac = 1 AND no_mixed_refs = 1,rc_lookahead <= 30.0 AND no_8x8dct AND NOT no_fast_pskip AND no_cabac,0,0.375,0.75,0.25,57
full,1152,144,no_mbtree = 1 AND no_mixed_refs = 1 AND no_weightb = 1,no_mixed_refs AND no_weightb AND no_mbtree,0,1.0,1.0,1.0,58
random_2,18,3,no_mbtree = 1 AND no_mixed_refs = 1 AND no_weightb = 1,no_mixed_refs AND ref > 3.0 AND no_8x8dct AND no_cabac,0,0.6666666666666666,0.6666666666666666,0.6666666666666666,58
random_5,45,5,no_mbtree = 1 AND no_mixed_refs = 1 AND no_weightb = 1,rc_lookahead <= 50.0 AND rc_lookahead <= 30.0 AND NOT no_fast_pskip AND NOT no_8x8dct,4,0.2222222222222222,0.25,0.2,58
random_10,90,7,no_mbtree = 1 AND no_mixed_refs = 1 AND no_weightb = 1,rc_lookahead <= 50.0 AND no_mbtree AND no_weightb AND no_mixed_refs,0,1.0,1.0,1.0,58
random_20,180,21,no_mbtree = 1 AND no_mixed_refs = 1 AND no_weightb = 1,no_weightb AND no_mixed_refs AND no_mbtree,0,1.0,1.0,1.0,58
3-wise,42,4,no_mbtree = 1 AND no_mixed_refs = 1 AND no_weightb = 1,ref > 3.0 AND no_weightb AND NOT no_fast_pskip AND no_mbtree,2,0.75,0.75,0.75,58
4-wise,100,12,no_mbtree = 1 AND no_mixed_refs = 1 AND no_weightb = 1,no_mbtree AND no_mixed_refs AND no_weightb,0,1.0,1.0,1.0,58
full,1152,144,no_fast_pskip = 1 AND no_mbtree = 1 AND no_mixed_refs = 1,no_fast_pskip AND no_mbtree AND no_mixed_refs,0,1.0,1.0,1.0,59
random_2,18,5,no_fast_pskip = 1 AND no_mbtree = 1 AND no_mixed_refs = 1,no_mixed_refs AND no_mbtree,2,1.0,1.0,1.0,59
random_5,45,7,no_fast_pskip = 1 AND no_mbtree = 1 AND no_mixed_refs = 1,no_fast_pskip AND no_mixed_refs AND no_mbtree,0,1.0,1.0,1.0,59
random_10,90,12,no_fast_pskip = 1 AND no_mbtree = 1 AND no_mixed_refs = 1,no_fast_pskip AND no_mixed_refs AND no_mbtree,0,1.0,1.0,1.0,59
random_20,180,19,no_fast_pskip = 1 AND no_mbtree = 1 AND no_mixed_refs = 1,no_mbtree AND no_mixed_refs AND no_fast_pskip,0,1.0,1.0,1.0,59
2-wise,15,1,no_fast_pskip = 1 AND no_mbtree = 1 AND no_mixed_refs = 1,no_fast_pskip AND NOT no_8x8dct AND no_mixed_refs AND ref > 5.0,4,0.6666666666666666,0.5,1.0,59
3-wise,43,7,no_fast_pskip = 1 AND no_mbtree = 1 AND no_mixed_refs = 1,NOT no_8x8dct AND no_mbtree AND no_mixed_refs AND no_fast_pskip,0,0.7272727272727273,1.0,0.5714285714285714,59
4-wise,101,14,no_fast_pskip = 1 AND no_mbtree = 1 AND no_mixed_refs = 1,no_fast_pskip AND no_mbtree AND no_mixed_refs,0,1.0,1.0,1.0,59
full,1152,144,no_cabac = 1 AND no_fast_pskip = 1 AND no_mixed_refs = 1,no_fast_pskip AND no_cabac AND no_mixed_refs,0,1.0,1.0,1.0,5
random_2,18,2,no_cabac = 1 AND no_fast_pskip = 1 AND no_mixed_refs = 1,rc_lookahead > 30.0 AND NOT no_deblock AND no_mixed_refs,3,0.3333333333333333,0.25,0.5,5
random_5,45,6,no_cabac = 1 AND no_fast_pskip = 1 AND no_mixed_refs = 1,no_mixed_refs AND rc_lookahead > 30.0 AND no_8x8dct AND no_cabac,1,0.7272727272727272,0.8,0.6666666666666666,5
random_10,90,10,no_cabac = 1 AND no_fast_pskip = 1 AND no_mixed_refs = 1,no_fast_pskip AND ref <= 7.0 AND no_mixed_refs,3,0.5384615384615384,0.4375,0.7,5
random_20,180,14,no_cabac = 1 AND no_fast_pskip = 1 AND no_mixed_refs = 1,no_cabac AND no_fast_pskip AND no_mixed_refs,0,1.0,1.0,1.0,5
2-wise,16,4,no_cabac = 1 AND no_fast_pskip = 1 AND no_mixed_refs = 1,NOT no_deblock AND NOT no_mbtree AND no_cabac AND no_weightb,4,0.6666666666666666,1.0,0.5,5
3-wise,42,7,no_cabac = 1 AND no_fast_pskip = 1 AND no_mixed_refs = 1,rc_lookahead > 30.0 AND ref <= 3.0 AND rc_lookahead <= 50.0 AND no_fast_pskip,3,0.4444444444444445,1.0,0.2857142857142857,5
4-wise,95,11,no_cabac = 1 AND no_fast_pskip = 1 AND no_mixed_refs = 1,no_mixed_refs AND no_cabac AND no_deblock AND no_fast_pskip,2,0.7058823529411764,1.0,0.5454545454545454,5
full,1152,144,no_8x8dct = 1 AND no_mixed_refs = 1 AND no_weightb = 1,no_weightb AND no_mixed_refs AND no_8x8dct,0,1.0,1.0,1.0,60
random_2,18,1,no_8x8dct = 1 AND no_mixed_refs = 1 AND no_weightb = 1,no_mixed_refs AND NOT no_cabac AND no_weightb,3,0.6666666666666666,0.5,1.0,60
random_5,45,3,no_8x8dct = 1 AND no_mixed_refs = 1 AND no_weightb = 1,ref <= 3.0 AND no_8x8dct AND rc_lookahead > 30.0 AND rc_lookahead <= 50.0,1,0.4,0.5,0.3333333333333333,60
random_10,90,11,no_8x8dct = 1 AND no_mixed_refs = 1 AND no_weightb = 1,no_cabac AND ref > 7.0,4,0.2307692307692307,0.2,0.2727272727272727,60
random_20,180,18,no_8x8dct = 1 AND no_mixed_refs = 1 AND no_weightb = 1,ref > 3.0 AND no_mixed_refs,2,0.3714285714285714,0.25,0.7222222222222222,60
2-wise,16,3,no_8x8dct = 1 AND no_mixed_refs = 1 AND no_weightb = 1,no_mixed_refs AND no_8x8dct AND no_weightb,4,1.0,1.0,1.0,60
3-wise,46,5,no_8x8dct = 1 AND no_mixed_refs = 1 AND no_weightb = 1,no_weightb AND NOT no_deblock AND NOT no_fast_pskip AND no_mixed_refs,3,0.5714285714285715,1.0,0.4,60
4-wise,103,13,no_8x8dct = 1 AND no_mixed_refs = 1 AND no_weightb = 1,ref <= 3.0 AND no_mbtree AND rc_lookahead > 30.0 AND rc_lookahead <= 50.0,4,0.2,0.2857142857142857,0.1538461538461538,60
full,1152,144,no_8x8dct = 1 AND no_deblock = 1 AND no_fast_pskip = 1,no_deblock AND no_fast_pskip AND no_8x8dct,0,1.0,1.0,1.0,61
random_2,18,4,no_8x8dct = 1 AND no_deblock = 1 AND no_fast_pskip = 1,rc_lookahead <= 30.0 AND ref > 3.0 AND no_deblock AND no_fast_pskip,1,0.6666666666666665,0.6,0.75,61
random_5,45,3,no_8x8dct = 1 AND no_deblock = 1 AND no_fast_pskip = 1,no_8x8dct AND no_mbtree AND no_cabac AND NOT no_mixed_refs,2,0.3333333333333333,0.3333333333333333,0.3333333333333333,61
random_10,90,10,no_8x8dct = 1 AND no_deblock = 1 AND no_fast_pskip = 1,rc_lookahead <= 30.0 AND no_8x8dct AND NOT no_cabac AND ref <= 7.0,0,0.2857142857142857,0.5,0.2,61
random_20,180,25,no_8x8dct = 1 AND no_deblock = 1 AND no_fast_pskip = 1,no_8x8dct AND ref <= 7.0 AND no_deblock,4,0.625,0.5128205128205128,0.8,61
2-wise,21,5,no_8x8dct = 1 AND no_deblock = 1 AND no_fast_pskip = 1,no_8x8dct AND NOT no_mixed_refs AND NOT no_weightb,3,0.5714285714285715,1.0,0.4,61
3-wise,42,6,no_8x8dct = 1 AND no_deblock = 1 AND no_fast_pskip = 1,no_fast_pskip AND rc_lookahead > 50.0 AND ref > 3.0 AND no_cabac,3,0.5,1.0,0.3333333333333333,61
4-wise,98,14,no_8x8dct = 1 AND no_deblock = 1 AND no_fast_pskip = 1,NOT no_weightb AND no_fast_pskip AND NOT no_cabac,2,0.3846153846153846,0.4166666666666667,0.3571428571428571,61
full,1152,144,no_8x8dct = 1 AND no_deblock = 1 AND no_mixed_refs = 1,no_mixed_refs AND no_8x8dct,1,0.6666666666666666,0.5,1.0,62
random_2,18,3,no_8x8dct = 1 AND no_deblock = 1 AND no_mixed_refs = 1,ref <= 7.0 AND NOT no_fast_pskip AND no_cabac AND no_8x8dct,1,0.8,1.0,0.6666666666666666,62
random_5,45,4,no_8x8dct = 1 AND no_deblock = 1 AND no_mixed_refs = 1,NOT no_cabac AND NOT no_deblock AND no_mbtree,0,0.0,0.0,0.0,62
random_10,90,13,no_8x8dct = 1 AND no_deblock = 1 AND no_mixed_refs = 1,NOT no_mbtree AND no_deblock AND NOT no_cabac AND no_mixed_refs,0,0.4444444444444444,0.8,0.3076923076923077,62
random_20,180,19,no_8x8dct = 1 AND no_deblock = 1 AND no_mixed_refs = 1,NOT no_weightb AND no_mixed_refs AND ref > 3.0 AND no_8x8dct,3,0.4666666666666667,0.6363636363636364,0.3684210526315789,62
3-wise,39,8,no_8x8dct = 1 AND no_deblock = 1 AND no_mixed_refs = 1,no_mbtree AND no_deblock AND no_8x8dct AND no_mixed_refs,2,0.6666666666666666,1.0,0.5,62
4-wise,101,14,no_8x8dct = 1 AND no_deblock = 1 AND no_mixed_refs = 1,no_mixed_refs AND ref > 7.0 AND no_deblock AND no_8x8dct,1,0.6666666666666666,1.0,0.5,62
full,1152,144,no_deblock = 1 AND no_mbtree = 1 AND no_mixed_refs = 1,no_mixed_refs AND no_deblock AND no_mbtree,0,1.0,1.0,1.0,63
random_5,45,5,no_deblock = 1 AND no_mbtree = 1 AND no_mixed_refs = 1,no_fast_pskip AND NOT no_8x8dct AND ref > 3.0 AND NOT no_cabac,2,0.2,0.2,0.2,63
random_10,90,13,no_deblock = 1 AND no_mbtree = 1 AND no_mixed_refs = 1,NOT no_cabac AND rc_lookahead <= 30.0 AND no_deblock AND NOT no_fast_pskip,0,0.0,0.0,0.0,63
random_20,180,22,no_deblock = 1 AND no_mbtree = 1 AND no_mixed_refs = 1,no_deblock AND NOT no_cabac,1,0.4054054054054054,0.2884615384615384,0.6818181818181818,63
2-wise,17,1,no_deblock = 1 AND no_mbtree = 1 AND no_mixed_refs = 1,ref <= 3.0 AND no_deblock AND no_weightb,0,0.0,0.0,0.0,63
3-wise,41,5,no_deblock = 1 AND no_mbtree = 1 AND no_mixed_refs = 1,ref > 7.0 AND rc_lookahead > 30.0 AND rc_lookahead > 50.0,0,0.0,0.0,0.0,63
4-wise,109,14,no_deblock = 1 AND no_mbtree = 1 AND no_mixed_refs = 1,ref > 3.0 AND NOT no_8x8dct,4,0.2,0.1388888888888889,0.3571428571428571,63
full,1152,144,no_cabac = 1 AND no_deblock = 1 AND no_mixed_refs = 1,no_deblock AND no_mixed_refs AND no_cabac,0,1.0,1.0,1.0,64
random_2,18,2,no_cabac = 1 AND no_deblock = 1 AND no_mixed_refs = 1,NOT no_fast_pskip AND no_mixed_refs AND rc_lookahead <= 50.0 AND no_cabac,1,1.0,1.0,1.0,64
random_5,45,2,no_cabac = 1 AND no_deblock = 1 AND no_mixed_refs = 1,rc_lookahead > 30.0 AND ref <= 7.0 AND no_deblock AND no_8x8dct,2,0.25,0.1666666666666666,0.5,64
random_10,90,13,no_cabac = 1 AND no_deblock = 1 AND no_mixed_refs = 1,rc_lookahead <= 30.0 AND no_deblock AND ref <= 7.0 AND no_mixed_refs,0,0.4705882352941176,1.0,0.3076923076923077,64
random_20,180,25,no_cabac = 1 AND no_deblock = 1 AND no_mixed_refs = 1,no_mixed_refs AND no_deblock AND no_cabac,0,1.0,1.0,1.0,64
2-wise,15,1,no_cabac = 1 AND no_deblock = 1 AND no_mixed_refs = 1,ref > 7.0 AND NOT no_weightb AND no_fast_pskip,3,0.6666666666666666,0.5,1.0,64
3-wise,44,4,no_cabac = 1 AND no_deblock = 1 AND no_mixed_refs = 1,no_cabac AND no_mixed_refs AND no_8x8dct AND ref > 7.0,4,0.6666666666666666,1.0,0.5,64
4-wise,98,12,no_cabac = 1 AND no_deblock = 1 AND no_mixed_refs = 1,rc_lookahead <= 50.0 AND no_mixed_refs AND NOT no_8x8dct AND ref > 3.0,2,0.3333333333333333,0.3333333333333333,0.3333333333333333,64
full,1152,144,no_8x8dct = 1 AND no_cabac = 1 AND no_mixed_refs = 1,no_8x8dct AND no_cabac AND no_mixed_refs,0,1.0,1.0,1.0,65
random_2,18,4,no_8x8dct = 1 AND no_cabac = 1 AND no_mixed_refs = 1,no_mbtree AND no_8x8dct AND no_cabac,1,0.888888888888889,0.8,1.0,65
random_5,45,7,no_8x8dct = 1 AND no_cabac = 1 AND no_mixed_refs = 1,no_mixed_refs AND no_8x8dct AND no_cabac,0,1.0,1.0,1.0,65
random_10,90,16,no_8x8dct = 1 AND no_cabac = 1 AND no_mixed_refs = 1,no_mixed_refs AND no_8x8dct AND no_cabac,0,1.0,1.0,1.0,65
random_20,180,19,no_8x8dct = 1 AND no_cabac = 1 AND no_mixed_refs = 1,no_8x8dct AND no_cabac AND no_mixed_refs,0,1.0,1.0,1.0,65
2-wise,15,3,no_8x8dct = 1 AND no_cabac = 1 AND no_mixed_refs = 1,rc_lookahead > 30.0 AND ref <= 7.0 AND no_cabac AND NOT no_deblock,1,0.6666666666666666,0.6666666666666666,0.6666666666666666,65
3-wise,43,9,no_8x8dct = 1 AND no_cabac = 1 AND no_mixed_refs = 1,no_cabac AND no_8x8dct AND no_mixed_refs,0,1.0,1.0,1.0,65
4-wise,101,11,no_8x8dct = 1 AND no_cabac = 1 AND no_mixed_refs = 1,no_8x8dct AND ref > 3.0 AND no_cabac AND no_mixed_refs,1,0.7777777777777778,1.0,0.6363636363636364,65
full,1152,144,no_cabac = 1 AND no_mbtree = 1 AND no_weightb = 1,no_weightb AND no_cabac,1,0.6666666666666666,0.5,1.0,66
random_2,18,4,no_cabac = 1 AND no_mbtree = 1 AND no_weightb = 1,no_deblock AND NOT no_8x8dct AND rc_lookahead > 30.0,3,0.6666666666666666,1.0,0.5,66
random_5,45,4,no_cabac = 1 AND no_mbtree = 1 AND no_weightb = 1,rc_lookahead <= 30.0 AND ref > 3.0 AND no_mixed_refs AND no_weightb,0,0.3333333333333333,0.5,0.25,66
random_10,90,5,no_cabac = 1 AND no_mbtree = 1 AND no_weightb = 1,no_cabac AND rc_lookahead > 50.0 AND ref <= 7.0 AND no_8x8dct,1,0.5,0.6666666666666666,0.4,66
random_20,180,20,no_cabac = 1 AND no_mbtree = 1 AND no_weightb = 1,rc_lookahead <= 50.0 AND no_cabac,3,0.3095238095238095,0.203125,0.65,66
2-wise,16,1,no_cabac = 1 AND no_mbtree = 1 AND no_weightb = 1,NOT no_fast_pskip AND no_mbtree AND no_deblock,0,0.0,0.0,0.0,66
3-wise,43,8,no_cabac = 1 AND no_mbtree = 1 AND no_weightb = 1,NOT no_mixed_refs AND ref > 3.0 AND no_cabac AND no_mbtree,3,0.4615384615384615,0.6,0.375,66
4-wise,102,8,no_cabac = 1 AND no_mbtree = 1 AND no_weightb = 1,ref <= 7.0,4,0.1518987341772152,0.0845070422535211,0.75,66
full,1152,144,no_deblock = 1 AND no_mbtree = 1 AND no_weightb = 1,no_weightb AND no_deblock AND no_mbtree,0,1.0,1.0,1.0,67
random_5,45,6,no_deblock = 1 AND no_mbtree = 1 AND no_weightb = 1,no_mbtree AND no_deblock AND NOT no_8x8dct AND NOT no_fast_pskip,3,0.5454545454545454,0.6,0.5,67
random_10,90,12,no_deblock = 1 AND no_mbtree = 1 AND no_weightb = 1,no_weightb AND no_deblock AND NOT no_fast_pskip AND no_mbtree,1,0.8,1.0,0.6666666666666666,67
random_20,180,29,no_deblock = 1 AND no_mbtree = 1 AND no_weightb = 1,no_mbtree AND no_deblock AND no_weightb,0,1.0,1.0,1.0,67
2-wise,18,2,no_deblock = 1 AND no_mbtree = 1 AND no_weightb = 1,no_mbtree AND no_fast_pskip AND rc_lookahead <= 50.0 AND NOT no_weightb,0,0.0,0.0,0.0,67
3-wise,39,2,no_deblock = 1 AND no_mbtree = 1 AND no_weightb = 1,rc_lookahead > 30.0 AND NOT no_fast_pskip AND ref <= 3.0 AND no_deblock,0,0.0,0.0,0.0,67
4-wise,101,11,no_deblock = 1 AND no_mbtree = 1 AND no_weightb = 1,NOT no_fast_pskip AND no_mbtree AND no_deblock AND rc_lookahead > 30.0,2,0.6,0.6666666666666666,0.5454545454545454,67
full,1152,144,no_8x8dct = 1 AND no_fast_pskip = 1 AND no_mbtree = 1,no_mbtree AND no_8x8dct AND no_fast_pskip,0,1.0,1.0,1.0,68
random_2,18,2,no_8x8dct = 1 AND no_fast_pskip = 1 AND no_mbtree = 1,NOT no_mixed_refs AND no_fast_pskip,3,0.5714285714285715,0.4,1.0,68
random_5,45,4,no_8x8dct = 1 AND no_fast_pskip = 1 AND no_mbtree = 1,no_fast_pskip AND rc_lookahead > 30.0 AND no_mbtree AND no_8x8dct,0,1.0,1.0,1.0,68
random_10,90,9,no_8x8dct = 1 AND no_fast_pskip = 1 AND no_mbtree = 1,no_mbtree AND no_fast_pskip AND no_8x8dct,0,1.0,1.0,1.0,68
random_20,180,20,no_8x8dct = 1 AND no_fast_pskip = 1 AND no_mbtree = 1,no_8x8dct AND no_fast_pskip AND no_mbtree,0,1.0,1.0,1.0,68
2-wise,18,1,no_8x8dct = 1 AND no_fast_pskip = 1 AND no_mbtree = 1,rc_lookahead <= 30.0 AND no_mixed_refs AND no_fast_pskip,2,0.6666666666666666,0.5,1.0,68
3-wise,45,7,no_8x8dct = 1 AND no_fast_pskip = 1 AND no_mbtree = 1,no_mbtree AND no_fast_pskip AND no_8x8dct,0,1.0,1.0,1.0,68
4-wise,102,15,no_8x8dct = 1 AND no_fast_pskip = 1 AND no_mbtree = 1,no_fast_pskip AND no_mbtree AND no_8x8dct,0,1.0,1.0,1.0,68
full,1152,144,no_8x8dct = 1 AND no_cabac = 1 AND no_weightb = 1,no_8x8dct AND no_weightb AND no_cabac,0,1.0,1.0,1.0,69
random_2,18,3,no_8x8dct = 1 AND no_cabac = 1 AND no_weightb = 1,no_weightb AND NOT no_deblock AND rc_lookahead <= 30.0 AND no_cabac,2,0.8,1.0,0.6666666666666666,69
random_5,45,7,no_8x8dct = 1 AND no_cabac = 1 AND no_weightb = 1,ref > 3.0 AND rc_lookahead <= 30.0 AND NOT no_fast_pskip AND no_weightb,1,0.4444444444444445,1.0,0.2857142857142857,69
random_10,90,13,no_8x8dct = 1 AND no_cabac = 1 AND no_weightb = 1,no_cabac AND no_weightb AND no_8x8dct,0,1.0,1.0,1.0,69
random_20,180,27,no_8x8dct = 1 AND no_cabac = 1 AND no_weightb = 1,no_weightb AND no_8x8dct AND no_cabac,0,1.0,1.0,1.0,69
2-wise,15,1,no_8x8dct = 1 AND no_cabac = 1 AND no_weightb = 1,NOT no_deblock AND rc_lookahead <= 50.0 AND no_8x8dct,2,0.6666666666666666,0.5,1.0,69
3-wise,41,7,no_8x8dct = 1 AND no_cabac = 1 AND no_weightb = 1,no_cabac AND no_weightb AND no_8x8dct,0,1.0,1.0,1.0,69
4-wise,102,14,no_8x8dct = 1 AND no_cabac = 1 AND no_weightb = 1,no_8x8dct AND no_weightb AND no_cabac,0,1.0,1.0,1.0,69
full,1152,144,no_deblock = 1 AND no_fast_pskip = 1 AND no_weightb = 1,NOT no_mbtree AND no_deblock AND no_weightb AND no_fast_pskip,0,0.6666666666666666,1.0,0.5,6
random_2,18,3,no_deblock = 1 AND no_fast_pskip = 1 AND no_weightb = 1,no_cabac AND rc_lookahead > 30.0,4,0.2857142857142857,0.1818181818181818,0.6666666666666666,6
random_5,45,6,no_deblock = 1 AND no_fast_pskip = 1 AND no_weightb = 1,rc_lookahead <= 30.0 AND no_fast_pskip AND NOT no_mbtree AND ref > 3.0,2,0.2222222222222222,0.3333333333333333,0.1666666666666666,6
random_10,90,15,no_deblock = 1 AND no_fast_pskip = 1 AND no_weightb = 1,no_fast_pskip AND no_deblock,1,0.7692307692307693,0.625,1.0,6
random_20,180,26,no_deblock = 1 AND no_fast_pskip = 1 AND no_weightb = 1,rc_lookahead > 30.0,0,0.2318840579710145,0.1428571428571428,0.6153846153846154,6
2-wise,18,3,no_deblock = 1 AND no_fast_pskip = 1 AND no_weightb = 1,NOT no_mixed_refs AND NOT no_fast_pskip,0,0.0,0.0,0.0,6
3-wise,41,6,no_deblock = 1 AND no_fast_pskip = 1 AND no_weightb = 1,ref > 7.0 AND NOT no_8x8dct AND rc_lookahead > 30.0 AND no_mbtree,0,0.25,0.5,0.1666666666666666,6
4-wise,103,15,no_deblock = 1 AND no_fast_pskip = 1 AND no_weightb = 1,no_mbtree AND no_weightb AND no_deblock,1,0.689655172413793,0.7142857142857143,0.6666666666666666,6
full,1152,144,no_8x8dct = 1 AND no_fast_pskip = 1 AND no_mixed_refs = 1,no_mixed_refs AND no_fast_pskip AND no_8x8dct,0,1.0,1.0,1.0,70
random_2,18,2,no_8x8dct = 1 AND no_fast_pskip = 1 AND no_mixed_refs = 1,NOT no_fast_pskip AND NOT no_mbtree AND NOT no_deblock AND rc_lookahead <= 50.0,0,0.0,0.0,0.0,70
random_5,45,5,no_8x8dct = 1 AND no_fast_pskip = 1 AND no_mixed_refs = 1,NOT no_mbtree AND no_deblock AND ref <= 7.0 AND no_weightb,2,0.5,0.6666666666666666,0.4,70
random_10,90,9,no_8x8dct = 1 AND no_fast_pskip = 1 AND no_mixed_refs = 1,no_8x8dct AND no_weightb AND ref <= 3.0 AND no_fast_pskip,1,0.5714285714285714,0.8,0.4444444444444444,70
random_20,180,28,no_8x8dct = 1 AND no_fast_pskip = 1 AND no_mixed_refs = 1,no_mixed_refs AND no_8x8dct AND no_fast_pskip,0,1.0,1.0,1.0,70
3-wise,42,5,no_8x8dct = 1 AND no_fast_pskip = 1 AND no_mixed_refs = 1,no_cabac AND ref > 3.0 AND NOT no_fast_pskip AND NOT no_deblock,0,0.0,0.0,0.0,70
4-wise,104,12,no_8x8dct = 1 AND no_fast_pskip = 1 AND no_mixed_refs = 1,rc_lookahead > 50.0 AND no_weightb AND no_mixed_refs AND no_mbtree,1,0.2222222222222222,0.3333333333333333,0.1666666666666666,70
full,1152,144,no_fast_pskip = 1 AND no_mixed_refs = 1 AND no_weightb = 1,no_weightb AND no_fast_pskip AND no_mixed_refs,0,1.0,1.0,1.0,71
random_2,18,3,no_fast_pskip = 1 AND no_mixed_refs = 1 AND no_weightb = 1,ref > 3.0 AND ref <= 7.0,4,0.1818181818181818,0.125,0.3333333333333333,71
random_5,45,5,no_fast_pskip = 1 AND no_mixed_refs = 1 AND no_weightb = 1,no_deblock AND NOT no_8x8dct AND rc_lookahead > 50.0,4,0.1538461538461538,0.125,0.2,71
random_10,90,5,no_fast_pskip = 1 AND no_mixed_refs = 1 AND no_weightb = 1,no_cabac,2,0.1071428571428571,0.0588235294117647,0.6,71
random_20,180,26,no_fast_pskip = 1 AND no_mixed_refs = 1 AND no_weightb = 1,no_fast_pskip,1,0.4333333333333333,0.2765957446808511,1.0,71
2-wise,17,1,no_fast_pskip = 1 AND no_mixed_refs = 1 AND no_weightb = 1,NOT no_weightb AND no_fast_pskip AND NOT no_mbtree,0,0.0,0.0,0.0,71
3-wise,41,4,no_fast_pskip = 1 AND no_mixed_refs = 1 AND no_weightb = 1,rc_lookahead > 30.0 AND no_fast_pskip,3,0.3157894736842105,0.2,0.75,71
4-wise,99,13,no_fast_pskip = 1 AND no_mixed_refs = 1 AND no_weightb = 1,no_mbtree,3,0.253968253968254,0.16,0.6153846153846154,71
full,1152,144,no_8x8dct = 1 AND no_cabac = 1 AND no_weightb = 1,no_8x8dct AND no_weightb AND no_cabac,0,1.0,1.0,1.0,72
random_2,18,1,no_8x8dct = 1 AND no_cabac = 1 AND no_weightb = 1,rc_lookahead <= 30.0 AND NOT no_8x8dct AND no_cabac,0,0.0,0.0,0.0,72
random_5,45,5,no_8x8dct = 1 AND no_cabac = 1 AND no_weightb = 1,no_cabac AND no_deblock AND ref <= 7.0 AND NOT no_8x8dct,0,0.0,0.0,0.0,72
random_10,90,13,no_8x8dct = 1 AND no_cabac = 1 AND no_weightb = 1,no_weightb AND ref <= 7.0 AND no_cabac AND no_8x8dct,0,0.761904761904762,1.0,0.6153846153846154,72
random_20,180,21,no_8x8dct = 1 AND no_cabac = 1 AND no_weightb = 1,ref > 3.0,1,0.1866666666666666,0.1085271317829457,0.6666666666666666,72
2-wise,16,1,no_8x8dct = 1 AND no_cabac = 1 AND no_weightb = 1,ref > 3.0 AND NOT no_mbtree AND no_weightb AND no_cabac,0,0.0,0.0,0.0,72
3-wise,43,2,no_8x8dct = 1 AND no_cabac = 1 AND no_weightb = 1,rc_lookahead <= 30.0 AND NOT no_mbtree AND ref <= 7.0 AND ref > 3.0,4,0.4,0.3333333333333333,0.5,72
4-wise,99,12,no_8x8dct = 1 AND no_cabac = 1 AND no_weightb = 1,no_fast_pskip AND NOT no_mixed_refs AND no_8x8dct AND no_cabac,1,0.6666666666666666,0.7777777777777778,0.5833333333333334,72
full,1152,144,no_8x8dct = 1 AND no_deblock = 1 AND no_weightb = 1,no_8x8dct AND no_deblock AND no_weightb,0,1.0,1.0,1.0,73
random_2,18,2,no_8x8dct = 1 AND no_deblock = 1 AND no_weightb = 1,NOT no_weightb AND no_mixed_refs,0,0.0,0.0,0.0,73
random_5,45,1,no_8x8dct = 1 AND no_deblock = 1 AND no_weightb = 1,rc_lookahead <= 50.0 AND NOT no_fast_pskip AND no_deblock AND no_weightb,4,0.5,0.3333333333333333,1.0,73
random_10,90,11,no_8x8dct = 1 AND no_deblock = 1 AND no_weightb = 1,no_weightb AND no_8x8dct AND no_deblock,0,1.0,1.0,1.0,73
random_20,180,26,no_8x8dct = 1 AND no_deblock = 1 AND no_weightb = 1,no_deblock AND no_8x8dct AND no_weightb,0,1.0,1.0,1.0,73
2-wise,17,2,no_8x8dct = 1 AND no_deblock = 1 AND no_weightb = 1,no_deblock AND NOT no_mbtree AND NOT no_fast_pskip AND no_mixed_refs,0,0.5,0.5,0.5,73
3-wise,45,7,no_8x8dct = 1 AND no_deblock = 1 AND no_weightb = 1,no_mixed_refs AND no_deblock AND no_8x8dct,4,0.7272727272727273,1.0,0.5714285714285714,73
4-wise,95,10,no_8x8dct = 1 AND no_deblock = 1 AND no_weightb = 1,no_deblock AND no_8x8dct AND no_weightb,0,1.0,1.0,1.0,73
full,1152,144,no_8x8dct = 1 AND no_cabac = 1 AND no_mixed_refs = 1,no_mixed_refs AND no_cabac AND ref > 3.0 AND no_8x8dct,0,0.8,1.0,0.6666666666666666,74
random_2,18,1,no_8x8dct = 1 AND no_cabac = 1 AND no_mixed_refs = 1,no_deblock AND NOT no_mbtree,2,0.3333333333333333,0.2,1.0,74
random_5,45,6,no_8x8dct = 1 AND no_cabac = 1 AND no_mixed_refs = 1,NOT no_cabac AND NOT no_8x8dct AND NOT no_weightb AND NOT no_deblock,0,0.0,0.0,0.0,74
random_10,90,11,no_8x8dct = 1 AND no_cabac = 1 AND no_mixed_refs = 1,no_mixed_refs AND no_8x8dct AND no_cabac,0,1.0,1.0,1.0,74
random_20,180,22,no_8x8dct = 1 AND no_cabac = 1 AND no_mixed_refs = 1,rc_lookahead <= 50.0 AND no_mixed_refs AND no_8x8dct AND no_cabac,0,0.7058823529411764,1.0,0.5454545454545454,74
2-wise,17,3,no_8x8dct = 1 AND no_cabac = 1 AND no_mixed_refs = 1,NOT no_fast_pskip AND no_8x8dct AND rc_lookahead > 50.0,1,0.4,0.5,0.3333333333333333,74
3-wise,48,7,no_8x8dct = 1 AND no_cabac = 1 AND no_mixed_refs = 1,no_cabac AND ref > 3.0 AND rc_lookahead > 50.0 AND NOT no_weightb,3,0.2222222222222222,0.5,0.1428571428571428,74
4-wise,103,10,no_8x8dct = 1 AND no_cabac = 1 AND no_mixed_refs = 1,NOT no_mbtree,2,0.2258064516129032,0.1346153846153846,0.7,74
full,1152,144,no_8x8dct = 1 AND no_cabac = 1 AND no_mbtree = 1,no_8x8dct AND no_cabac AND no_mbtree,0,1.0,1.0,1.0,75
random_2,18,2,no_8x8dct = 1 AND no_cabac = 1 AND no_mbtree = 1,ref <= 3.0 AND no_mbtree AND no_8x8dct AND NOT no_mixed_refs,0,1.0,1.0,1.0,75
random_5,45,5,no_8x8dct = 1 AND no_cabac = 1 AND no_mbtree = 1,NOT no_deblock AND NOT no_mbtree AND rc_lookahead <= 50.0 AND ref > 7.0,0,0.0,0.0,0.0,75
random_10,90,11,no_8x8dct = 1 AND no_cabac = 1 AND no_mbtree = 1,rc_lookahead <= 50.0,4,0.1643835616438356,0.0967741935483871,0.5454545454545454,75
random_20,180,13,no_8x8dct = 1 AND no_cabac = 1 AND no_mbtree = 1,no_mbtree AND no_8x8dct AND no_cabac,0,1.0,1.0,1.0,75
3-wise,44,5,no_8x8dct = 1 AND no_cabac = 1 AND no_mbtree = 1,no_mbtree AND no_8x8dct AND no_mixed_refs AND no_weightb,3,0.6,0.6,0.6,75
4-wise,96,13,no_8x8dct = 1 AND no_cabac = 1 AND no_mbtree = 1,no_8x8dct AND no_mbtree AND no_cabac,0,1.0,1.0,1.0,75
full,1152,144,no_fast_pskip = 1 AND no_mbtree = 1 AND no_mixed_refs = 1,no_mbtree AND no_mixed_refs AND no_fast_pskip,0,1.0,1.0,1.0,76
random_2,18,1,no_fast_pskip = 1 AND no_mbtree = 1 AND no_mixed_refs = 1,no_deblock AND ref <= 3.0,0,0.0,0.0,0.0,76
random_5,45,9,no_fast_pskip = 1 AND no_mbtree = 1 AND no_mixed_refs = 1,no_mixed_refs AND NOT no_8x8dct AND no_deblock,3,0.6250000000000001,0.7142857142857143,0.5555555555555556,76
random_10,90,11,no_fast_pskip = 1 AND no_mbtree = 1 AND no_mixed_refs = 1,no_fast_pskip AND no_mixed_refs AND no_mbtree,0,1.0,1.0,1.0,76
random_20,180,25,no_fast_pskip = 1 AND no_mbtree = 1 AND no_mixed_refs = 1,no_mbtree AND no_fast_pskip AND no_mixed_refs,0,1.0,1.0,1.0,76
2-wise,17,4,no_fast_pskip = 1 AND no_mbtree = 1 AND no_mixed_refs = 1,ref > 7.0 AND NOT no_deblock,1,0.6666666666666666,1.0,0.5,76
3-wise,48,9,no_fast_pskip = 1 AND no_mbtree = 1 AND no_mixed_refs = 1,no_fast_pskip AND no_mixed_refs AND no_mbtree,0,1.0,1.0,1.0,76
4-wise,99,16,no_fast_pskip = 1 AND no_mbtree = 1 AND no_mixed_refs = 1,no_mbtree AND no_fast_pskip AND no_mixed_refs,0,1.0,1.0,1.0,76
full,1152,144,no_8x8dct = 1 AND no_cabac = 1 AND no_mixed_refs = 1,no_mixed_refs AND no_8x8dct AND no_cabac,0,1.0,1.0,1.0,77
random_2,18,1,no_8x8dct = 1 AND no_cabac = 1 AND no_mixed_refs = 1,NOT no_mbtree AND no_cabac AND ref <= 7.0 AND no_weightb,0,0.0,0.0,0.0,77
random_5,45,7,no_8x8dct = 1 AND no_cabac = 1 AND no_mixed_refs = 1,no_fast_pskip AND no_cabac AND no_mixed_refs AND ref <= 7.0,1,0.6666666666666666,0.8,0.5714285714285714,77
random_10,90,13,no_8x8dct = 1 AND no_cabac = 1 AND no_mixed_refs = 1,ref <= 3.0 AND no_8x8dct AND no_mixed_refs AND no_cabac,1,0.4705882352941176,1.0,0.3076923076923077,77
random_20,180,24,no_8x8dct = 1 AND no_cabac = 1 AND no_mixed_refs = 1,no_mixed_refs AND rc_lookahead > 30.0 AND no_cabac AND no_8x8dct,0,0.7368421052631579,1.0,0.5833333333333334,77
2-wise,15,1,no_8x8dct = 1 AND no_cabac = 1 AND no_mixed_refs = 1,no_weightb AND NOT no_mbtree AND no_deblock,0,0.6666666666666666,0.5,1.0,77
3-wise,41,3,no_8x8dct = 1 AND no_cabac = 1 AND no_mixed_refs = 1,no_8x8dct AND NOT no_weightb AND ref > 3.0 AND no_deblock,0,0.0,0.0,0.0,77
4-wise,95,13,no_8x8dct = 1 AND no_cabac = 1 AND no_mixed_refs = 1,no_weightb AND ref > 7.0 AND no_8x8dct,3,0.3636363636363637,0.4444444444444444,0.3076923076923077,77
full,1152,144,no_8x8dct = 1 AND no_fast_pskip = 1 AND no_weightb = 1,no_8x8dct AND no_fast_pskip AND no_weightb,0,1.0,1.0,1.0,78
random_2,18,2,no_8x8dct = 1 AND no_fast_pskip = 1 AND no_weightb = 1,no_8x8dct AND no_mixed_refs AND ref > 7.0,3,0.5,0.5,0.5,78
random_5,45,6,no_8x8dct = 1 AND no_fast_pskip = 1 AND no_weightb = 1,NOT no_cabac AND no_deblock AND ref <= 3.0 AND rc_lookahead <= 30.0,3,0.25,0.5,0.1666666666666666,78
random_10,90,9,no_8x8dct = 1 AND no_fast_pskip = 1 AND no_weightb = 1,no_weightb AND ref > 3.0 AND no_fast_pskip AND ref <= 7.0,2,0.5555555555555556,0.5555555555555556,0.5555555555555556,78
random_20,180,24,no_8x8dct = 1 AND no_fast_pskip = 1 AND no_weightb = 1,no_fast_pskip AND no_weightb AND no_8x8dct,0,1.0,1.0,1.0,78
2-wise,15,2,no_8x8dct = 1 AND no_fast_pskip = 1 AND no_weightb = 1,ref > 7.0,0,0.0,0.0,0.0,78
3-wise,42,4,no_8x8dct = 1 AND no_fast_pskip = 1 AND no_weightb = 1,rc_lookahead > 50.0 AND NOT no_deblock AND no_fast_pskip AND ref > 7.0,2,0.3333333333333333,0.5,0.25,78
4-wise,102,11,no_8x8dct = 1 AND no_fast_pskip = 1 AND no_weightb = 1,ref <= 7.0 AND no_fast_pskip AND no_weightb AND no_8x8dct,0,0.7777777777777778,1.0,0.6363636363636364,78
full,1152,144,no_8x8dct = 1 AND no_mbtree = 1 AND no_mixed_refs = 1,no_mixed_refs,0,0.4,0.25,1.0,79
random_5,45,8,no_8x8dct = 1 AND no_mbtree = 1 AND no_mixed_refs = 1,rc_lookahead <= 50.0 AND no_mbtree AND no_mixed_refs AND no_8x8dct,0,0.9333333333333332,1.0,0.875,79
random_10,90,14,no_8x8dct = 1 AND no_mbtree = 1 AND no_mixed_refs = 1,no_mixed_refs AND rc_lookahead <= 50.0,3,0.4680851063829786,0.3333333333333333,0.7857142857142857,79
random_20,180,25,no_8x8dct = 1 AND no_mbtree = 1 AND no_mixed_refs = 1,NOT no_weightb AND no_mbtree AND no_mixed_refs AND no_8x8dct,0,0.8636363636363636,1.0,0.76,79
2-wise,16,1,no_8x8dct = 1 AND no_mbtree = 1 AND no_mixed_refs = 1,ref > 3.0 AND NOT no_deblock AND rc_lookahead > 50.0 AND NOT no_fast_pskip,1,0.6666666666666666,0.5,1.0,79
3-wise,41,7,no_8x8dct = 1 AND no_mbtree = 1 AND no_mixed_refs = 1,ref > 7.0 AND no_fast_pskip AND no_cabac AND NOT no_deblock,0,0.0,0.0,0.0,79
4-wise,102,15,no_8x8dct = 1 AND no_mbtree = 1 AND no_mixed_refs = 1,no_8x8dct,1,0.4687499999999999,0.3061224489795918,1.0,79
full,1152,144,no_cabac = 1 AND no_fast_pskip = 1 AND no_weightb = 1,no_cabac AND no_fast_pskip AND no_weightb,0,1.0,1.0,1.0,7
random_2,18,3,no_cabac = 1 AND no_fast_pskip = 1 AND no_weightb = 1,no_cabac AND no_fast_pskip,3,0.8571428571428571,0.75,1.0,7
random_5,45,4,no_cabac = 1 AND no_fast_pskip = 1 AND no_weightb = 1,no_cabac AND no_fast_pskip AND no_weightb,1,1.0,1.0,1.0,7
random_10,90,10,no_cabac = 1 AND no_fast_pskip = 1 AND no_weightb = 1,no_weightb AND no_cabac AND no_fast_pskip,0,1.0,1.0,1.0,7
random_20,180,22,no_cabac = 1 AND no_fast_pskip = 1 AND no_weightb = 1,no_fast_pskip AND no_cabac AND no_weightb,0,1.0,1.0,1.0,7
2-wise,17,3,no_cabac = 1 AND no_fast_pskip = 1 AND no_weightb = 1,ref > 3.0 AND no_8x8dct AND no_fast_pskip AND no_weightb,0,0.8,1.0,0.6666666666666666,7
3-wise,47,6,no_cabac = 1 AND no_fast_pskip = 1 AND no_weightb = 1,no_cabac AND no_fast_pskip AND no_weightb,0,1.0,1.0,1.0,7
4-wise,97,11,no_cabac = 1 AND no_fast_pskip = 1 AND no_weightb = 1,no_weightb AND no_fast_pskip AND no_cabac,0,1.0,1.0,1.0,7
full,1152,144,no_cabac = 1 AND no_deblock = 1 AND no_fast_pskip = 1,no_fast_pskip AND no_cabac AND no_deblock,0,1.0,1.0,1.0,80
random_2,18,2,no_cabac = 1 AND no_deblock = 1 AND no_fast_pskip = 1,NOT no_mbtree AND NOT no_deblock AND no_fast_pskip,0,0.0,0.0,0.0,80
random_5,45,4,no_cabac = 1 AND no_deblock = 1 AND no_fast_pskip = 1,NOT no_mixed_refs AND no_mbtree AND ref <= 7.0 AND NOT no_deblock,0,0.0,0.0,0.0,80
random_10,90,8,no_cabac = 1 AND no_deblock = 1 AND no_fast_pskip = 1,no_mbtree AND ref <= 7.0 AND NOT no_weightb AND NOT no_8x8dct,2,0.2666666666666666,0.2857142857142857,0.25,80
random_20,180,24,no_cabac = 1 AND no_deblock = 1 AND no_fast_pskip = 1,NOT no_weightb AND no_deblock,4,0.3943661971830985,0.2978723404255319,0.5833333333333334,80
2-wise,16,2,no_cabac = 1 AND no_deblock = 1 AND no_fast_pskip = 1,ref > 3.0 AND rc_lookahead > 30.0 AND ref > 7.0 AND no_fast_pskip,4,0.4,0.3333333333333333,0.5,80
3-wise,44,6,no_cabac = 1 AND no_deblock = 1 AND no_fast_pskip = 1,no_mbtree AND NOT no_cabac AND no_8x8dct AND ref <= 7.0,0,0.0,0.0,0.0,80
4-wise,98,12,no_cabac = 1 AND no_deblock = 1 AND no_fast_pskip = 1,no_deblock AND no_cabac,4,0.631578947368421,0.4615384615384615,1.0,80
full,1152,144,no_cabac = 1 AND no_fast_pskip = 1 AND no_mixed_refs = 1,no_cabac,0,0.4,0.25,1.0,81
random_2,18,1,no_cabac = 1 AND no_fast_pskip = 1 AND no_mixed_refs = 1,NOT no_weightb AND ref > 3.0 AND rc_lookahead > 50.0,3,0.6666666666666666,0.5,1.0,81
random_5,45,6,no_cabac = 1 AND no_fast_pskip = 1 AND no_mixed_refs = 1,no_mixed_refs AND no_fast_pskip AND rc_lookahead <= 50.0 AND no_cabac,0,0.8,1.0,0.6666666666666666,81
random_10,90,11,no_cabac = 1 AND no_fast_pskip = 1 AND no_mixed_refs = 1,no_mixed_refs AND no_fast_pskip AND ref > 7.0 AND no_cabac,0,0.5333333333333333,1.0,0.3636363636363636,81
random_20,180,19,no_cabac = 1 AND no_fast_pskip = 1 AND no_mixed_refs = 1,no_mbtree,1,0.2181818181818182,0.1318681318681318,0.631578947368421,81
2-wise,16,3,no_cabac = 1 AND no_fast_pskip = 1 AND no_mixed_refs = 1,rc_lookahead > 30.0 AND ref <= 7.0 AND no_cabac,3,0.4444444444444444,0.3333333333333333,0.6666666666666666,81
3-wise,46,7,no_cabac = 1 AND no_fast_pskip = 1 AND no_mixed_refs = 1,no_cabac AND NOT no_8x8dct AND no_fast_pskip AND no_mixed_refs,2,0.6,1.0,0.4285714285714285,81
4-wise,102,10,no_cabac = 1 AND no_fast_pskip = 1 AND no_mixed_refs = 1,no_8x8dct AND no_deblock,2,0.1621621621621621,0.1111111111111111,0.3,81
full,1152,144,no_cabac = 1 AND no_deblock = 1 AND no_weightb = 1,no_weightb AND no_cabac AND no_deblock,0,1.0,1.0,1.0,82
random_2,18,2,no_cabac = 1 AND no_deblock = 1 AND no_weightb = 1,rc_lookahead > 50.0 AND NOT no_fast_pskip AND no_deblock,2,0.4,0.3333333333333333,0.5,82
random_5,45,6,no_cabac = 1 AND no_deblock = 1 AND no_weightb = 1,ref > 7.0 AND no_deblock AND no_mbtree AND NOT no_8x8dct,1,0.6666666666666666,1.0,0.5,82
random_10,90,6,no_cabac = 1 AND no_deblock = 1 AND no_weightb = 1,no_deblock AND rc_lookahead <= 50.0 AND ref <= 3.0 AND no_fast_pskip,4,0.2857142857142857,0.25,0.3333333333333333,82
random_20,180,25,no_cabac = 1 AND no_deblock = 1 AND no_weightb = 1,no_cabac AND no_weightb AND no_deblock,0,1.0,1.0,1.0,82
2-wise,16,4,no_cabac = 1 AND no_deblock = 1 AND no_weightb = 1,rc_lookahead > 50.0 AND no_deblock AND no_weightb AND no_cabac,3,0.6666666666666666,1.0,0.5,82
3-wise,40,3,no_cabac = 1 AND no_deblock = 1 AND no_weightb = 1,NOT no_mbtree AND no_8x8dct AND no_deblock AND NOT no_mixed_refs,0,0.0,0.0,0.0,82
4-wise,97,12,no_cabac = 1 AND no_deblock = 1 AND no_weightb = 1,no_weightb AND rc_lookahead > 30.0 AND no_cabac,3,0.6666666666666667,0.5555555555555556,0.8333333333333334,82
full,1152,144,no_cabac = 1 AND no_deblock = 1 AND no_mixed_refs = 1,rc_lookahead <= 30.0 AND no_deblock AND no_cabac AND no_mixed_refs,0,0.5,1.0,0.3333333333333333,83
random_2,18,2,no_cabac = 1 AND no_deblock = 1 AND no_mixed_refs = 1,no_deblock AND ref > 3.0 AND no_cabac,0,0.0,0.0,0.0,83
random_5,45,8,no_cabac = 1 AND no_deblock = 1 AND no_mixed_refs = 1,ref > 3.0 AND no_fast_pskip AND NOT no_weightb AND ref > 7.0,3,0.4,1.0,0.25,83
random_10,90,9,no_cabac = 1 AND no_deblock = 1 AND no_mixed_refs = 1,no_8x8dct AND no_deblock AND rc_lookahead <= 50.0 AND no_weightb,1,0.4210526315789474,0.4,0.4444444444444444,83
random_20,180,26,no_cabac = 1 AND no_deblock = 1 AND no_mixed_refs = 1,NOT no_8x8dct AND no_mbtree,3,0.2702702702702703,0.2083333333333333,0.3846153846153846,83
2-wise,17,3,no_cabac = 1 AND no_deblock = 1 AND no_mixed_refs = 1,no_deblock AND rc_lookahead > 30.0 AND ref <= 7.0 AND no_cabac,3,0.6666666666666666,0.6666666666666666,0.6666666666666666,83
3-wise,40,5,no_cabac = 1 AND no_deblock = 1 AND no_mixed_refs = 1,no_cabac AND no_deblock AND no_mixed_refs,4,1.0,1.0,1.0,83
4-wise,104,11,no_cabac = 1 AND no_deblock = 1 AND no_mixed_refs = 1,rc_lookahead > 30.0,3,0.1772151898734177,0.1029411764705882,0.6363636363636364,83
full,1152,144,no_deblock = 1 AND no_fast_pskip = 1 AND no_weightb = 1,no_weightb AND no_fast_pskip AND no_deblock,0,1.0,1.0,1.0,84
random_2,18,2,no_deblock = 1 AND no_fast_pskip = 1 AND no_weightb = 1,ref <= 7.0 AND no_cabac AND rc_lookahead <= 30.0 AND no_weightb,1,0.5,0.5,0.5,84
random_5,45,7,no_deblock = 1 AND no_fast_pskip = 1 AND no_weightb = 1,no_weightb AND no_8x8dct AND no_deblock,2,0.6666666666666666,0.625,0.7142857142857143,84
random_10,90,9,no_deblock = 1 AND no_fast_pskip = 1 AND no_weightb = 1,no_weightb AND no_deblock AND no_fast_pskip,1,1.0,1.0,1.0,84
random_20,180,29,no_deblock = 1 AND no_fast_pskip = 1 AND no_weightb = 1,no_weightb AND no_deblock AND no_fast_pskip,0,1.0,1.0,1.0,84
2-wise,18,5,no_deblock = 1 AND no_fast_pskip = 1 AND no_weightb = 1,no_mixed_refs AND no_deblock AND no_weightb AND no_fast_pskip,0,0.7499999999999999,1.0,0.6,84
3-wise,43,4,no_deblock = 1 AND no_fast_pskip = 1 AND no_weightb = 1,no_fast_pskip AND no_weightb AND rc_lookahead > 50.0 AND no_mbtree,1,0.6666666666666665,0.6,0.75,84
4-wise,100,12,no_deblock = 1 AND no_fast_pskip = 1 AND no_weightb = 1,ref <= 7.0 AND no_cabac AND no_weightb AND ref > 3.0,2,0.3529411764705882,0.6,0.25,84
full,1152,144,no_8x8dct = 1 AND no_deblock = 1 AND no_weightb = 1,no_8x8dct AND no_deblock AND no_weightb,0,1.0,1.0,1.0,85
random_2,18,1,no_8x8dct = 1 AND no_deblock = 1 AND no_weightb = 1,rc_lookahead <= 30.0 AND no_weightb,0,0.0,0.0,0.0,85
random_5,45,5,no_8x8dct = 1 AND no_deblock = 1 AND no_weightb = 1,no_mixed_refs AND no_mbtree AND NOT no_deblock AND rc_lookahead <= 30.0,0,0.0,0.0,0.0,85
random_10,90,13,no_8x8dct = 1 AND no_deblock = 1 AND no_weightb = 1,no_weightb AND no_deblock AND no_8x8dct,1,1.0,1.0,1.0,85
random_20,180,23,no_8x8dct = 1 AND no_deblock = 1 AND no_weightb = 1,ref > 3.0,0,0.23841059602649,0.140625,0.782608695652174,85
3-wise,44,7,no_8x8dct = 1 AND no_deblock = 1 AND no_weightb = 1,rc_lookahead > 50.0 AND NOT no_8x8dct AND NOT no_fast_pskip AND NOT no_weightb,0,0.0,0.0,0.0,85
4-wise,93,11,no_8x8dct = 1 AND no_deblock = 1 AND no_weightb = 1,rc_lookahead > 50.0 AND no_deblock AND ref > 7.0 AND NOT no_8x8dct,0,0.0,0.0,0.0,85
full,1152,144,no_cabac = 1 AND no_mbtree = 1 AND no_weightb = 1,no_cabac AND no_weightb AND no_mbtree,0,1.0,1.0,1.0,86
random_2,18,2,no_cabac = 1 AND no_mbtree = 1 AND no_weightb = 1,rc_lookahead <= 50.0 AND ref > 7.0,4,0.4444444444444445,0.2857142857142857,1.0,86
random_5,45,5,no_cabac = 1 AND no_mbtree = 1 AND no_weightb = 1,rc_lookahead <= 30.0 AND NOT no_mixed_refs AND ref <= 3.0,0,0.0,0.0,0.0,86
random_10,90,7,no_cabac = 1 AND no_mbtree = 1 AND no_weightb = 1,rc_lookahead <= 50.0,3,0.1176470588235294,0.0655737704918032,0.5714285714285714,86
random_20,180,29,no_cabac = 1 AND no_mbtree = 1 AND no_weightb = 1,no_8x8dct AND no_weightb AND no_mbtree AND no_cabac,0,0.6818181818181819,1.0,0.5172413793103449,86
2-wise,15,1,no_cabac = 1 AND no_mbtree = 1 AND no_weightb = 1,NOT no_8x8dct AND NOT no_mbtree AND NOT no_mixed_refs,0,0.0,0.0,0.0,86
3-wise,41,9,no_cabac = 1 AND no_mbtree = 1 AND no_weightb = 1,no_8x8dct AND no_weightb AND no_mbtree AND no_cabac,1,0.8,1.0,0.6666666666666666,86
4-wise,97,12,no_cabac = 1 AND no_mbtree = 1 AND no_weightb = 1,ref > 3.0,0,0.2531645569620253,0.1492537313432835,0.8333333333333334,86
full,1152,144,no_8x8dct = 1 AND no_mbtree = 1 AND no_mixed_refs = 1,NOT no_fast_pskip AND no_mixed_refs AND no_8x8dct AND no_mbtree,0,0.6666666666666666,1.0,0.5,87
random_2,18,4,no_8x8dct = 1 AND no_mbtree = 1 AND no_mixed_refs = 1,no_cabac AND NOT no_deblock AND NOT no_weightb AND no_8x8dct,2,0.5714285714285715,0.6666666666666666,0.5,87
random_5,45,5,no_8x8dct = 1 AND no_mbtree = 1 AND no_mixed_refs = 1,no_mbtree AND no_mixed_refs AND no_fast_pskip AND no_8x8dct,0,0.888888888888889,1.0,0.8,87
random_10,90,11,no_8x8dct = 1 AND no_mbtree = 1 AND no_mixed_refs = 1,no_fast_pskip,2,0.2413793103448275,0.1489361702127659,0.6363636363636364,87
random_20,180,17,no_8x8dct = 1 AND no_mbtree = 1 AND no_mixed_refs = 1,no_mbtree,1,0.3269230769230769,0.1954022988505747,1.0,87
2-wise,16,2,no_8x8dct = 1 AND no_mbtree = 1 AND no_mixed_refs = 1,rc_lookahead <= 30.0,4,0.2857142857142857,0.2,0.5,87
3-wise,42,7,no_8x8dct = 1 AND no_mbtree = 1 AND no_mixed_refs = 1,no_fast_pskip AND NOT no_cabac AND rc_lookahead > 30.0 AND no_mixed_refs,3,0.4,0.6666666666666666,0.2857142857142857,87
4-wise,98,9,no_8x8dct = 1 AND no_mbtree = 1 AND no_mixed_refs = 1,no_mbtree AND rc_lookahead > 30.0,4,0.3902439024390244,0.25,0.8888888888888888,87
full,1152,144,no_deblock = 1 AND no_mbtree = 1 AND no_weightb = 1,NOT no_cabac AND no_mbtree,3,0.3333333333333333,0.25,0.5,88
random_5,45,5,no_deblock = 1 AND no_mbtree = 1 AND no_weightb = 1,no_mbtree AND NOT no_8x8dct AND no_deblock AND rc_lookahead > 30.0,1,1.0,1.0,1.0,88
random_10,90,20,no_deblock = 1 AND no_mbtree = 1 AND no_weightb = 1,NOT no_8x8dct,3,0.2816901408450704,0.196078431372549,0.5,88
random_20,180,21,no_deblock = 1 AND no_mbtree = 1 AND no_weightb = 1,no_weightb,0,0.3529411764705882,0.2142857142857142,1.0,88
2-wise,17,3,no_deblock = 1 AND no_mbtree = 1 AND no_weightb = 1,no_deblock AND no_mbtree,3,1.0,1.0,1.0,88
3-wise,51,5,no_deblock = 1 AND no_mbtree = 1 AND no_weightb = 1,rc_lookahead <= 30.0 AND NOT no_fast_pskip AND NOT no_8x8dct AND NOT no_deblock,0,0.0,0.0,0.0,88
4-wise,101,15,no_deblock = 1 AND no_mbtree = 1 AND no_weightb = 1,no_mbtree,3,0.4477611940298507,0.2884615384615384,1.0,88
full,1152,144,no_8x8dct = 1 AND no_fast_pskip = 1 AND no_mbtree = 1,no_fast_pskip AND no_mbtree AND no_8x8dct,0,1.0,1.0,1.0,89
random_2,18,2,no_8x8dct = 1 AND no_fast_pskip = 1 AND no_mbtree = 1,no_deblock AND no_weightb AND NOT no_cabac AND rc_lookahead <= 30.0,0,0.0,0.0,0.0,89
random_5,45,4,no_8x8dct = 1 AND no_fast_pskip = 1 AND no_mbtree = 1,no_fast_pskip AND NOT no_mixed_refs AND no_mbtree AND no_8x8dct,2,0.6666666666666666,1.0,0.5,89
random_10,90,13,no_8x8dct = 1 AND no_fast_pskip = 1 AND no_mbtree = 1,no_deblock AND no_8x8dct AND no_mbtree,1,0.64,0.6666666666666666,0.6153846153846154,89
random_20,180,21,no_8x8dct = 1 AND no_fast_pskip = 1 AND no_mbtree = 1,no_deblock AND ref > 3.0,2,0.3058823529411764,0.203125,0.6190476190476191,89
2-wise,16,3,no_8x8dct = 1 AND no_fast_pskip = 1 AND no_mbtree = 1,no_8x8dct AND NOT no_deblock,1,0.6666666666666666,0.6666666666666666,0.6666666666666666,89
3-wise,41,5,no_8x8dct = 1 AND no_fast_pskip = 1 AND no_mbtree = 1,no_deblock AND ref > 7.0 AND rc_lookahead <= 30.0 AND no_fast_pskip,0,0.2857142857142857,0.5,0.2,89
4-wise,96,10,no_8x8dct = 1 AND no_fast_pskip = 1 AND no_mbtree = 1,no_fast_pskip AND no_8x8dct AND NOT no_mixed_refs AND no_mbtree,0,0.7499999999999999,1.0,0.6,89
full,1152,144,no_8x8dct = 1 AND no_cabac = 1 AND no_weightb = 1,no_mbtree AND rc_lookahead > 30.0 AND no_weightb,4,0.2857142857142857,0.25,0.3333333333333333,8
random_2,18,1,no_8x8dct = 1 AND no_cabac = 1 AND no_weightb = 1,ref > 7.0 AND NOT no_fast_pskip,2,0.6666666666666666,0.5,1.0,8
random_5,45,7,no_8x8dct = 1 AND no_cabac = 1 AND no_weightb = 1,ref <= 7.0 AND no_weightb AND no_8x8dct AND no_cabac,0,0.923076923076923,1.0,0.8571428571428571,8
random_10,90,14,no_8x8dct = 1 AND no_cabac = 1 AND no_weightb = 1,rc_lookahead > 50.0 AND no_8x8dct AND NOT no_mbtree AND no_cabac,0,0.5714285714285714,0.8571428571428571,0.4285714285714285,8
random_20,180,22,no_8x8dct = 1 AND no_cabac = 1 AND no_weightb = 1,no_mixed_refs,1,0.2522522522522522,0.1573033707865168,0.6363636363636364,8
2-wise,15,3,no_8x8dct = 1 AND no_cabac = 1 AND no_weightb = 1,ref <= 7.0 AND no_cabac AND no_8x8dct AND rc_lookahead > 30.0,0,1.0,1.0,1.0,8
3-wise,45,4,no_8x8dct = 1 AND no_cabac = 1 AND no_weightb = 1,NOT no_deblock AND ref > 3.0 AND no_mixed_refs AND rc_lookahead > 30.0,0,0.0,0.0,0.0,8
4-wise,106,11,no_8x8dct = 1 AND no_cabac = 1 AND no_weightb = 1,rc_lookahead > 30.0 AND rc_lookahead <= 50.0 AND no_cabac,4,0.2580645161290322,0.2,0.3636363636363636,8
full,1152,144,no_8x8dct = 1 AND no_cabac = 1 AND no_weightb = 1,no_cabac AND no_8x8dct AND no_weightb,0,1.0,1.0,1.0,90
random_2,18,1,no_8x8dct = 1 AND no_cabac = 1 AND no_weightb = 1,no_mbtree AND rc_lookahead <= 50.0 AND no_cabac AND rc_lookahead > 30.0,0,0.0,0.0,0.0,90
random_5,45,8,no_8x8dct = 1 AND no_cabac = 1 AND no_weightb = 1,no_mbtree AND no_8x8dct AND no_cabac,1,0.7999999999999999,0.8571428571428571,0.75,90
random_10,90,8,no_8x8dct = 1 AND no_cabac = 1 AND no_weightb = 1,ref > 3.0 AND no_weightb AND no_cabac AND no_8x8dct,0,0.9333333333333332,1.0,0.875,90
random_20,180,20,no_8x8dct = 1 AND no_cabac = 1 AND no_weightb = 1,no_weightb AND no_cabac AND no_8x8dct,0,1.0,1.0,1.0,90
2-wise,15,3,no_8x8dct = 1 AND no_cabac = 1 AND no_weightb = 1,no_cabac AND no_8x8dct,4,1.0,1.0,1.0,90
3-wise,40,5,no_8x8dct = 1 AND no_cabac = 1 AND no_weightb = 1,no_8x8dct AND no_weightb AND no_cabac,2,1.0,1.0,1.0,90
4-wise,95,9,no_8x8dct = 1 AND no_cabac = 1 AND no_weightb = 1,NOT no_fast_pskip,3,0.2307692307692307,0.1395348837209302,0.6666666666666666,90
full,1152,144,no_8x8dct = 1 AND no_mbtree = 1 AND no_weightb = 1,no_8x8dct AND no_mbtree AND no_weightb,0,1.0,1.0,1.0,91
random_2,18,2,no_8x8dct = 1 AND no_mbtree = 1 AND no_weightb = 1,no_weightb AND rc_lookahead <= 50.0 AND no_cabac,4,0.4444444444444445,0.2857142857142857,1.0,91
random_5,45,4,no_8x8dct = 1 AND no_mbtree = 1 AND no_weightb = 1,no_mbtree AND ref <= 7.0 AND no_8x8dct AND NOT no_cabac,4,0.5,0.5,0.5,91
random_10,90,13,no_8x8dct = 1 AND no_mbtree = 1 AND no_weightb = 1,no_8x8dct AND no_weightb AND no_mbtree,0,1.0,1.0,1.0,91
random_20,180,29,no_8x8dct = 1 AND no_mbtree = 1 AND no_weightb = 1,no_weightb AND no_mbtree AND no_8x8dct,0,1.0,1.0,1.0,91
2-wise,18,1,no_8x8dct = 1 AND no_mbtree = 1 AND no_weightb = 1,ref > 7.0 AND NOT no_cabac AND NOT no_fast_pskip,0,0.0,0.0,0.0,91
3-wise,45,5,no_8x8dct = 1 AND no_mbtree = 1 AND no_weightb = 1,no_8x8dct AND rc_lookahead > 30.0 AND NOT no_cabac AND NOT no_fast_pskip,3,0.2222222222222222,0.25,0.2,91
4-wise,96,14,no_8x8dct = 1 AND no_mbtree = 1 AND no_weightb = 1,no_weightb AND no_mbtree AND no_8x8dct,0,1.0,1.0,1.0,91
full,1152,144,no_deblock = 1 AND no_mbtree = 1 AND no_weightb = 1,no_mbtree AND no_deblock AND no_weightb,0,1.0,1.0,1.0,92
random_2,18,3,no_deblock = 1 AND no_mbtree = 1 AND no_weightb = 1,no_weightb AND no_mbtree AND no_deblock,1,1.0,1.0,1.0,92
random_5,45,8,no_deblock = 1 AND no_mbtree = 1 AND no_weightb = 1,no_mbtree AND no_8x8dct AND no_weightb AND no_deblock,0,1.0,1.0,1.0,92
random_10,90,6,no_deblock = 1 AND no_mbtree = 1 AND no_weightb = 1,no_deblock AND no_mbtree AND no_weightb,1,1.0,1.0,1.0,92
random_20,180,23,no_deblock = 1 AND no_mbtree = 1 AND no_weightb = 1,no_mbtree AND no_weightb AND no_deblock,0,1.0,1.0,1.0,92
2-wise,16,4,no_deblock = 1 AND no_mbtree = 1 AND no_weightb = 1,no_deblock AND NOT no_8x8dct AND rc_lookahead > 30.0,3,0.6666666666666666,1.0,0.5,92
3-wise,40,5,no_deblock = 1 AND no_mbtree = 1 AND no_weightb = 1,ref > 7.0 AND NOT no_8x8dct AND NOT no_deblock AND no_mixed_refs,0,0.0,0.0,0.0,92
4-wise,110,14,no_deblock = 1 AND no_mbtree = 1 AND no_weightb = 1,no_deblock AND no_mbtree AND no_weightb,0,1.0,1.0,1.0,92
full,1152,144,no_8x8dct = 1 AND no_cabac = 1 AND no_fast_pskip = 1,no_mixed_refs,0,0.2,0.125,0.5,93
random_2,18,2,no_8x8dct = 1 AND no_cabac = 1 AND no_fast_pskip = 1,rc_lookahead > 30.0 AND no_deblock AND no_weightb AND no_fast_pskip,3,0.4,0.3333333333333333,0.5,93
random_5,45,2,no_8x8dct = 1 AND no_cabac = 1 AND no_fast_pskip = 1,no_mixed_refs AND NOT no_weightb AND no_mbtree AND ref > 3.0,0,0.0,0.0,0.0,93
random_10,90,14,no_8x8dct = 1 AND no_cabac = 1 AND no_fast_pskip = 1,no_mbtree AND no_cabac AND no_deblock,2,0.3333333333333333,0.4,0.2857142857142857,93
random_20,180,24,no_8x8dct = 1 AND no_cabac = 1 AND no_fast_pskip = 1,NOT no_mbtree,0,0.2654867256637168,0.1685393258426966,0.625,93
2-wise,18,3,no_8x8dct = 1 AND no_cabac = 1 AND no_fast_pskip = 1,NOT no_mbtree AND NOT no_deblock AND no_8x8dct,1,0.8,1.0,0.6666666666666666,93
3-wise,44,4,no_8x8dct = 1 AND no_cabac = 1 AND no_fast_pskip = 1,rc_lookahead > 50.0 AND no_weightb,3,0.2,0.1666666666666666,0.25,93
4-wise,98,15,no_8x8dct = 1 AND no_cabac = 1 AND no_fast_pskip = 1,no_8x8dct AND no_fast_pskip AND no_cabac,0,1.0,1.0,1.0,93
full,1152,144,no_fast_pskip = 1 AND no_mbtree = 1 AND no_weightb = 1,rc_lookahead <= 50.0 AND no_fast_pskip,2,0.3636363636363636,0.25,0.6666666666666666,94
random_2,18,3,no_fast_pskip = 1 AND no_mbtree = 1 AND no_weightb = 1,no_fast_pskip AND no_weightb AND rc_lookahead <= 50.0 AND no_mbtree,0,1.0,1.0,1.0,94
random_5,45,7,no_fast_pskip = 1 AND no_mbtree = 1 AND no_weightb = 1,no_mbtree AND no_fast_pskip AND rc_lookahead <= 30.0 AND no_weightb,1,0.6,1.0,0.4285714285714285,94
random_10,90,12,no_fast_pskip = 1 AND no_mbtree = 1 AND no_weightb = 1,no_weightb AND no_mbtree AND no_fast_pskip,0,1.0,1.0,1.0,94
random_20,180,21,no_fast_pskip = 1 AND no_mbtree = 1 AND no_weightb = 1,no_cabac AND rc_lookahead <= 50.0,3,0.2150537634408602,0.1388888888888889,0.4761904761904761,94
2-wise,16,2,no_fast_pskip = 1 AND no_mbtree = 1 AND no_weightb = 1,rc_lookahead > 50.0 AND NOT no_mbtree AND ref <= 5.0,0,0.0,0.0,0.0,94
3-wise,45,10,no_fast_pskip = 1 AND no_mbtree = 1 AND no_weightb = 1,no_weightb AND ref > 7.0 AND no_mbtree AND no_fast_pskip,0,0.6666666666666666,1.0,0.5,94
4-wise,102,12,no_fast_pskip = 1 AND no_mbtree = 1 AND no_weightb = 1,ref <= 7.0,2,0.225,0.1323529411764706,0.75,94
full,1152,144,no_fast_pskip = 1 AND no_mbtree = 1 AND no_weightb = 1,no_fast_pskip AND no_weightb AND no_mbtree,0,1.0,1.0,1.0,95
random_2,18,3,no_fast_pskip = 1 AND no_mbtree = 1 AND no_weightb = 1,no_weightb AND no_fast_pskip AND no_mixed_refs AND no_mbtree,1,1.0,1.0,1.0,95
random_5,45,6,no_fast_pskip = 1 AND no_mbtree = 1 AND no_weightb = 1,no_weightb AND no_fast_pskip AND ref <= 7.0 AND no_mbtree,0,1.0,1.0,1.0,95
random_10,90,11,no_fast_pskip = 1 AND no_mbtree = 1 AND no_weightb = 1,no_weightb AND no_fast_pskip AND no_mbtree,0,1.0,1.0,1.0,95
random_20,180,24,no_fast_pskip = 1 AND no_mbtree = 1 AND no_weightb = 1,no_weightb AND no_fast_pskip AND no_mbtree,0,1.0,1.0,1.0,95
2-wise,16,3,no_fast_pskip = 1 AND no_mbtree = 1 AND no_weightb = 1,no_mbtree AND rc_lookahead <= 50.0 AND ref <= 7.0 AND no_fast_pskip,2,1.0,1.0,1.0,95
3-wise,45,5,no_fast_pskip = 1 AND no_mbtree = 1 AND no_weightb = 1,no_8x8dct AND no_cabac AND NOT no_fast_pskip AND ref <= 7.0,0,0.0,0.0,0.0,95
4-wise,101,10,no_fast_pskip = 1 AND no_mbtree = 1 AND no_weightb = 1,no_weightb AND no_fast_pskip AND no_mbtree,0,1.0,1.0,1.0,95
full,1152,144,no_fast_pskip = 1 AND no_mixed_refs = 1 AND no_weightb = 1,no_fast_pskip AND no_mixed_refs AND no_weightb,0,1.0,1.0,1.0,96
random_2,18,4,no_fast_pskip = 1 AND no_mixed_refs = 1 AND no_weightb = 1,ref <= 7.0 AND rc_lookahead > 30.0 AND no_cabac AND NOT no_mbtree,1,0.3333333333333333,0.5,0.25,96
random_5,45,5,no_fast_pskip = 1 AND no_mixed_refs = 1 AND no_weightb = 1,no_mbtree AND no_weightb AND no_mixed_refs AND no_8x8dct,4,0.8000000000000002,0.8,0.8,96
random_10,90,15,no_fast_pskip = 1 AND no_mixed_refs = 1 AND no_weightb = 1,no_fast_pskip AND no_weightb AND no_mixed_refs,0,1.0,1.0,1.0,96
random_20,180,28,no_fast_pskip = 1 AND no_mixed_refs = 1 AND no_weightb = 1,no_mixed_refs AND no_weightb AND no_fast_pskip,0,1.0,1.0,1.0,96
2-wise,17,2,no_fast_pskip = 1 AND no_mixed_refs = 1 AND no_weightb = 1,NOT no_cabac AND no_deblock AND no_weightb,1,0.8,0.6666666666666666,1.0,96
3-wise,45,5,no_fast_pskip = 1 AND no_mixed_refs = 1 AND no_weightb = 1,NOT no_8x8dct AND NOT no_mbtree AND no_cabac AND rc_lookahead > 30.0,3,0.3636363636363636,0.3333333333333333,0.4,96
4-wise,98,9,no_fast_pskip = 1 AND no_mixed_refs = 1 AND no_weightb = 1,NOT no_mbtree AND no_weightb AND NOT no_cabac AND no_fast_pskip,1,0.5333333333333333,0.6666666666666666,0.4444444444444444,96
full,1152,144,no_8x8dct = 1 AND no_cabac = 1 AND no_mixed_refs = 1,no_deblock AND no_mixed_refs AND no_8x8dct,4,0.5,0.5,0.5,97
random_5,45,3,no_8x8dct = 1 AND no_cabac = 1 AND no_mixed_refs = 1,no_cabac AND ref <= 3.0 AND no_deblock,0,0.0,0.0,0.0,97
random_10,90,11,no_8x8dct = 1 AND no_cabac = 1 AND no_mixed_refs = 1,no_mixed_refs AND rc_lookahead > 50.0 AND no_cabac,2,0.5882352941176471,0.8333333333333334,0.4545454545454545,97
random_20,180,22,no_8x8dct = 1 AND no_cabac = 1 AND no_mixed_refs = 1,no_deblock AND no_weightb,3,0.2153846153846154,0.1627906976744186,0.3181818181818182,97
2-wise,15,1,no_8x8dct = 1 AND no_cabac = 1 AND no_mixed_refs = 1,ref > 3.0 AND NOT no_weightb AND NOT no_cabac AND rc_lookahead <= 30.0,0,0.0,0.0,0.0,97
3-wise,43,6,no_8x8dct = 1 AND no_cabac = 1 AND no_mixed_refs = 1,rc_lookahead > 30.0 AND no_cabac AND no_weightb,2,0.2666666666666666,0.2222222222222222,0.3333333333333333,97
4-wise,101,14,no_8x8dct = 1 AND no_cabac = 1 AND no_mixed_refs = 1,ref <= 3.0 AND NOT no_deblock,2,0.2857142857142857,0.2857142857142857,0.2857142857142857,97
full,1152,144,no_8x8dct = 1 AND no_mbtree = 1 AND no_mixed_refs = 1,no_mixed_refs AND no_mbtree AND no_8x8dct,0,1.0,1.0,1.0,98
random_2,18,3,no_8x8dct = 1 AND no_mbtree = 1 AND no_mixed_refs = 1,rc_lookahead <= 50.0 AND ref > 3.0 AND NOT no_deblock,3,0.4444444444444444,0.3333333333333333,0.6666666666666666,98
random_5,45,5,no_8x8dct = 1 AND no_mbtree = 1 AND no_mixed_refs = 1,no_cabac AND no_mbtree AND NOT no_8x8dct AND no_deblock,0,0.0,0.0,0.0,98
random_10,90,17,no_8x8dct = 1 AND no_mbtree = 1 AND no_mixed_refs = 1,no_mbtree AND no_8x8dct AND rc_lookahead > 30.0,0,0.9142857142857144,0.8888888888888888,0.9411764705882352,98
random_20,180,18,no_8x8dct = 1 AND no_mbtree = 1 AND no_mixed_refs = 1,no_mixed_refs AND no_mbtree AND no_8x8dct,0,1.0,1.0,1.0,98
2-wise,15,1,no_8x8dct = 1 AND no_mbtree = 1 AND no_mixed_refs = 1,NOT no_weightb AND NOT no_mixed_refs AND no_cabac AND no_fast_pskip,0,0.0,0.0,0.0,98
3-wise,46,4,no_8x8dct = 1 AND no_mbtree = 1 AND no_mixed_refs = 1,NOT no_cabac AND no_mixed_refs AND ref <= 7.0 AND rc_lookahead <= 50.0,3,0.3636363636363636,0.2857142857142857,0.5,98
4-wise,98,13,no_8x8dct = 1 AND no_mbtree = 1 AND no_mixed_refs = 1,no_mbtree AND no_8x8dct AND no_mixed_refs,0,1.0,1.0,1.0,98
full,1152,144,no_8x8dct = 1 AND no_deblock = 1 AND no_mbtree = 1,no_8x8dct AND no_deblock AND no_mbtree,0,1.0,1.0,1.0,99
random_2,18,2,no_8x8dct = 1 AND no_deblock = 1 AND no_mbtree = 1,no_deblock AND NOT no_cabac AND NOT no_8x8dct AND ref <= 7.0,0,0.0,0.0,0.0,99
random_5,45,3,no_8x8dct = 1 AND no_deblock = 1 AND no_mbtree = 1,ref > 3.0 AND no_mbtree AND rc_lookahead <= 30.0 AND no_deblock,2,0.8,1.0,0.6666666666666666,99
random_10,90,9,no_8x8dct = 1 AND no_deblock = 1 AND no_mbtree = 1,no_mbtree AND NOT no_fast_pskip AND no_deblock AND rc_lookahead <= 30.0,3,0.4285714285714285,0.6,0.3333333333333333,99
random_20,180,25,no_8x8dct = 1 AND no_deblock = 1 AND no_mbtree = 1,no_8x8dct,1,0.4504504504504504,0.2906976744186046,1.0,99
2-wise,17,4,no_8x8dct = 1 AND no_deblock = 1 AND no_mbtree = 1,no_8x8dct AND no_deblock AND rc_lookahead <= 50.0,1,1.0,1.0,1.0,99
3-wise,46,7,no_8x8dct = 1 AND no_deblock = 1 AND no_mbtree = 1,no_deblock AND rc_lookahead <= 30.0 AND no_mbtree,3,0.7142857142857143,0.7142857142857143,0.7142857142857143,99
4-wise,98,7,no_8x8dct = 1 AND no_deblock = 1 AND no_mbtree = 1,rc_lookahead <= 30.0 AND ref > 7.0 AND no_cabac AND no_deblock,3,0.1818181818181818,0.25,0.1428571428571428,99
full,1152,144,no_cabac = 1 AND no_fast_pskip = 1 AND no_mixed_refs = 1,no_fast_pskip AND no_mixed_refs AND no_cabac,0,1.0,1.0,1.0,9
random_2,18,4,no_cabac = 1 AND no_fast_pskip = 1 AND no_mixed_refs = 1,ref <= 7.0 AND no_fast_pskip AND no_mbtree AND no_cabac,1,0.8571428571428571,1.0,0.75,9
random_5,45,7,no_cabac = 1 AND no_fast_pskip = 1 AND no_mixed_refs = 1,ref > 3.0 AND no_fast_pskip AND no_8x8dct AND no_deblock,3,0.3636363636363636,0.5,0.2857142857142857,9
random_10,90,13,no_cabac = 1 AND no_fast_pskip = 1 AND no_mixed_refs = 1,NOT no_deblock AND no_cabac AND ref > 7.0 AND no_fast_pskip,2,0.3529411764705882,0.75,0.2307692307692307,9
random_20,180,17,no_cabac = 1 AND no_fast_pskip = 1 AND no_mixed_refs = 1,no_mixed_refs AND NOT no_weightb AND no_fast_pskip,4,0.3888888888888889,0.3684210526315789,0.4117647058823529,9
2-wise,18,3,no_cabac = 1 AND no_fast_pskip = 1 AND no_mixed_refs = 1,NOT no_weightb AND no_cabac AND no_fast_pskip,3,0.4,0.5,0.3333333333333333,9
3-wise,46,7,no_cabac = 1 AND no_fast_pskip = 1 AND no_mixed_refs = 1,no_fast_pskip AND NOT no_8x8dct AND ref <= 7.0 AND no_mixed_refs,0,0.4,0.6666666666666666,0.2857142857142857,9
4-wise,101,11,no_cabac = 1 AND no_fast_pskip = 1 AND no_mixed_refs = 1,no_fast_pskip AND no_mixed_refs AND rc_lookahead > 30.0 AND no_cabac,0,0.7777777777777778,1.0,0.6363636363636364,9
