sg_distribution,sg_cardinality,sg_rule,best_rule,best_rule_idx,f1,precision,recall,seed
normal,24192,DisableExplicitGC = 1 AND UseAdaptiveGCBoundary = 1 AND UseAdaptiveSizeDecayMajorGCCost = 1,UseAdaptiveSizeDecayMajorGCCost >= 1.0  AND  UseAdaptiveGCBoundary >= 1.0  AND  SurvivorRatio >= 23.5  AND  DisableExplicitGC >= 1.0,1.0,0.4444444444444445,1.0,0.2857142857142857,0
uniform,24192,DisableExplicitGC = 1 AND UseAdaptiveSizeDecayMajorGCCost = 1 AND UseAdaptiveSizePolicyFootprintGoal = 1,DisableExplicitGC >= 1.0  AND  UseAdaptiveSizeDecayMajorGCCost >= 1.0  AND  16.0 <= SurvivorRatio < 28.5  AND  UseAdaptiveSizePolicyFootprintGoal >= 1.0,1.0,0.6,1.0,0.4285714285714285,0
bi_modal_split,24192,DisableExplicitGC = 1 AND UseAdaptiveSizeDecayMajorGCCost = 1 AND UseAdaptiveSizePolicy = 1,DisableExplicitGC >= 1.0  AND  UseAdaptiveSizePolicy >= 1.0  AND  UseAdaptiveSizeDecayMajorGCCost >= 1.0  AND  4.0 <= MinSurvivorRatio < 10.0,1.0,0.6666666666666666,1.0,0.5,0
tri_modal_split,24192,UseAdaptiveGCBoundary = 1 AND UseAdaptiveSizeDecayMajorGCCost = 1 AND UseAdaptiveSizePolicy = 1,UseAdaptiveGCBoundary >= 1.0  AND  UseAdaptiveSizePolicy >= 1.0  AND  UseAdaptiveSizeDecayMajorGCCost >= 1.0  AND  0.0 <= UseAdaptiveSizePolicyFootprintGoal < 1.0,0.0,0.6666666666666666,1.0,0.5,0
power_law,24192,UseAdaptiveGCBoundary = 1 AND UseAdaptiveSizeDecayMajorGCCost = 1 AND UseAdaptiveSizePolicyFootprintGoal = 1,UseAdaptiveGCBoundary >= 1.0  AND  UseAdaptiveSizeDecayMajorGCCost >= 1.0  AND  UseAdaptiveSizePolicyFootprintGoal >= 1.0  AND  DisableExplicitGC >= 1.0,1.0,0.6666666666666666,1.0,0.5,0
normal,24192,DisableExplicitGC = 1 AND UseAdaptiveSizePolicy = 1 AND UseAdaptiveSizePolicyFootprintGoal = 1,DisableExplicitGC >= 1.0  AND  UseAdaptiveSizePolicy >= 1.0  AND  UseAdaptiveSizePolicyFootprintGoal >= 1.0  AND  2.0 <= NewRatio < 32.0,4.0,0.8,1.0,0.6666666666666666,10
uniform,24192,DisableExplicitGC = 1 AND UseAdaptiveSizePolicy = 1 AND UseAdaptiveSizePolicyFootprintGoal = 1,DisableExplicitGC >= 1.0  AND  UseAdaptiveSizePolicyFootprintGoal >= 1.0  AND  UseAdaptiveSizePolicy >= 1.0  AND  0.0 <= TenuredGenerationSizeSupplement_90 < 0.5,1.0,0.8,1.0,0.6666666666666666,10
bi_modal_split,24192,DisableExplicitGC = 1 AND UseAdaptiveSizePolicy = 1 AND UseAdaptiveSizePolicyFootprintGoal = 1,UseAdaptiveSizePolicyFootprintGoal >= 1.0  AND  UseAdaptiveSizePolicy >= 1.0  AND  DisableExplicitGC >= 1.0  AND  SurvivorRatio < 13.5,1.0,0.6,1.0,0.4285714285714285,10
tri_modal_split,24192,DisableExplicitGC = 1 AND UseAdaptiveSizePolicy = 1 AND UseAdaptiveSizePolicyFootprintGoal = 1,DisableExplicitGC >= 1.0  AND  UseAdaptiveSizePolicy >= 1.0  AND  NewRatio < 8.0  AND  UseAdaptiveSizePolicyFootprintGoal >= 1.0,0.0,0.6666666666666666,1.0,0.5,10
power_law,24192,DisableExplicitGC = 1 AND UseAdaptiveSizePolicy = 1 AND UseAdaptiveSizePolicyFootprintGoal = 1,DisableExplicitGC >= 1.0  AND  UseAdaptiveSizePolicy >= 1.0  AND  0.0 <= UseAdaptiveGCBoundary < 1.0  AND  UseAdaptiveSizePolicyFootprintGoal >= 1.0,0.0,0.6666666666666666,1.0,0.5,10
normal,24192,DisableExplicitGC = 1 AND UseAdaptiveGCBoundary = 1 AND UseAdaptiveSizePolicy = 1,DisableExplicitGC >= 1.0  AND  UseAdaptiveSizePolicy >= 1.0  AND  SurvivorRatio >= 8.5  AND  MinSurvivorRatio < 10.0,4.0,0.5172413793103449,0.5,0.5357142857142857,11
uniform,24192,DisableExplicitGC = 1 AND UseAdaptiveGCBoundary = 1 AND UseAdaptiveSizePolicy = 1,DisableExplicitGC >= 1.0  AND  UseAdaptiveGCBoundary >= 1.0  AND  TenuredGenerationSizeSupplementDecay >= 8.0  AND  UseAdaptiveSizePolicy >= 1.0,0.0,0.6666666666666666,1.0,0.5,11
bi_modal_split,24192,DisableExplicitGC = 1 AND UseAdaptiveGCBoundary = 1 AND UseAdaptiveSizePolicy = 1,DisableExplicitGC >= 1.0  AND  UseAdaptiveGCBoundary >= 1.0  AND  UseAdaptiveSizePolicy >= 1.0  AND  0.0 <= TenuredGenerationSizeSupplement_70 < 0.5,1.0,0.8,1.0,0.6666666666666666,11
tri_modal_split,24192,DisableExplicitGC = 1 AND UseAdaptiveGCBoundary = 1 AND UseAdaptiveSizePolicy = 1,UseAdaptiveSizePolicy >= 1.0  AND  UseAdaptiveGCBoundary >= 1.0  AND  UseAdaptiveSizePolicyFootprintGoal >= 1.0  AND  DisableExplicitGC >= 1.0,1.0,0.6666666666666666,1.0,0.5,11
power_law,24192,DisableExplicitGC = 1 AND UseAdaptiveGCBoundary = 1 AND UseAdaptiveSizePolicy = 1,UseAdaptiveSizePolicy >= 1.0  AND  UseAdaptiveGCBoundary >= 1.0  AND  TenuredGenerationSizeSupplementDecay >= 8.0  AND  DisableExplicitGC >= 1.0,0.0,0.6666666666666666,1.0,0.5,11
normal,24192,UseAdaptiveSizeDecayMajorGCCost = 1 AND UseAdaptiveSizePolicy = 1 AND UseAdaptiveSizePolicyFootprintGoal = 1,UseAdaptiveSizeDecayMajorGCCost >= 1.0  AND  UseAdaptiveSizePolicy >= 1.0  AND  UseAdaptiveSizePolicyFootprintGoal >= 1.0  AND  MaxTenuringThreshold < 7.5,1.0,0.5,1.0,0.3333333333333333,12
uniform,24192,UseAdaptiveSizeDecayMajorGCCost = 1 AND UseAdaptiveSizePolicy = 1 AND UseAdaptiveSizePolicyFootprintGoal = 1,UseAdaptiveSizePolicy >= 1.0  AND  UseAdaptiveSizePolicyFootprintGoal >= 1.0  AND  0.0 <= UseAdaptiveGCBoundary < 1.0  AND  UseAdaptiveSizeDecayMajorGCCost >= 1.0,0.0,0.6666666666666666,1.0,0.5,12
bi_modal_split,24192,UseAdaptiveSizeDecayMajorGCCost = 1 AND UseAdaptiveSizePolicy = 1 AND UseAdaptiveSizePolicyFootprintGoal = 1,UseAdaptiveSizePolicyFootprintGoal >= 1.0  AND  UseAdaptiveSizeDecayMajorGCCost >= 1.0  AND  0.0 <= DisableExplicitGC < 1.0  AND  UseAdaptiveSizePolicy >= 1.0,1.0,0.6666666666666666,1.0,0.5,12
tri_modal_split,24192,UseAdaptiveSizeDecayMajorGCCost = 1 AND UseAdaptiveSizePolicy = 1 AND UseAdaptiveSizePolicyFootprintGoal = 1,UseAdaptiveSizePolicyFootprintGoal >= 1.0  AND  UseAdaptiveSizePolicy >= 1.0  AND  UseAdaptiveSizeDecayMajorGCCost >= 1.0  AND  TenuredGenerationSizeSupplement_90 >= 0.5,1.0,0.5,1.0,0.3333333333333333,12
power_law,24192,UseAdaptiveSizeDecayMajorGCCost = 1 AND UseAdaptiveSizePolicy = 1 AND UseAdaptiveSizePolicyFootprintGoal = 1,UseAdaptiveSizePolicy >= 1.0  AND  UseAdaptiveSizePolicyFootprintGoal >= 1.0  AND  UseAdaptiveSizeDecayMajorGCCost >= 1.0  AND  0.0 <= UseAdaptiveGCBoundary < 1.0,0.0,0.6666666666666666,1.0,0.5,12
normal,24192,DisableExplicitGC = 1 AND UseAdaptiveSizeDecayMajorGCCost = 1 AND UseAdaptiveSizePolicyFootprintGoal = 1,UseAdaptiveSizePolicyFootprintGoal >= 1.0  AND  UseAdaptiveSizeDecayMajorGCCost >= 1.0  AND  DisableExplicitGC >= 1.0  AND  MinSurvivorRatio >= 7.0,1.0,0.6666666666666666,1.0,0.5,13
uniform,24192,DisableExplicitGC = 1 AND UseAdaptiveSizeDecayMajorGCCost = 1 AND UseAdaptiveSizePolicyFootprintGoal = 1,DisableExplicitGC >= 1.0  AND  UseAdaptiveSizePolicyFootprintGoal >= 1.0  AND  11.0 <= SurvivorRatio < 26.0  AND  UseAdaptiveSizeDecayMajorGCCost >= 1.0,1.0,0.6,1.0,0.4285714285714285,13
bi_modal_split,24192,DisableExplicitGC = 1 AND UseAdaptiveSizeDecayMajorGCCost = 1 AND UseAdaptiveSizePolicyFootprintGoal = 1,DisableExplicitGC >= 1.0  AND  UseAdaptiveSizeDecayMajorGCCost >= 1.0  AND  UseAdaptiveSizePolicyFootprintGoal >= 1.0  AND  0.0 <= UseAdaptiveGCBoundary < 1.0,1.0,0.6666666666666666,1.0,0.5,13
tri_modal_split,24192,DisableExplicitGC = 1 AND UseAdaptiveSizeDecayMajorGCCost = 1 AND UseAdaptiveSizePolicyFootprintGoal = 1,UseAdaptiveSizePolicyFootprintGoal >= 1.0  AND  UseAdaptiveSizeDecayMajorGCCost >= 1.0  AND  DisableExplicitGC >= 1.0  AND  UseAdaptiveSizePolicy >= 1.0,1.0,0.6666666666666666,1.0,0.5,13
power_law,24192,DisableExplicitGC = 1 AND UseAdaptiveSizeDecayMajorGCCost = 1 AND UseAdaptiveSizePolicyFootprintGoal = 1,DisableExplicitGC >= 1.0  AND  UseAdaptiveSizeDecayMajorGCCost >= 1.0  AND  SurvivorRatio < 31.0  AND  UseAdaptiveSizePolicyFootprintGoal >= 1.0,0.0,0.923076923076923,1.0,0.8571428571428571,13
normal,24192,DisableExplicitGC = 1 AND UseAdaptiveSizePolicy = 1 AND UseAdaptiveSizePolicyFootprintGoal = 1,DisableExplicitGC >= 1.0  AND  UseAdaptiveSizePolicy >= 1.0  AND  UseAdaptiveSizePolicyFootprintGoal >= 1.0  AND  UseAdaptiveGCBoundary >= 1.0,0.0,0.6666666666666666,1.0,0.5,14
uniform,24192,DisableExplicitGC = 1 AND UseAdaptiveSizePolicy = 1 AND UseAdaptiveSizePolicyFootprintGoal = 1,UseAdaptiveSizePolicyFootprintGoal >= 1.0  AND  UseAdaptiveSizePolicy >= 1.0  AND  13.5 <= SurvivorRatio < 23.5  AND  DisableExplicitGC >= 1.0,1.0,0.4444444444444445,1.0,0.2857142857142857,14
bi_modal_split,24192,DisableExplicitGC = 1 AND UseAdaptiveSizePolicy = 1 AND UseAdaptiveSizePolicyFootprintGoal = 1,DisableExplicitGC >= 1.0  AND  UseAdaptiveSizePolicy >= 1.0  AND  11.0 <= SurvivorRatio < 21.0  AND  UseAdaptiveSizePolicyFootprintGoal >= 1.0,1.0,0.4444444444444445,1.0,0.2857142857142857,14
tri_modal_split,24192,DisableExplicitGC = 1 AND UseAdaptiveSizePolicy = 1 AND UseAdaptiveSizePolicyFootprintGoal = 1,UseAdaptiveSizePolicy >= 1.0  AND  UseAdaptiveSizePolicyFootprintGoal >= 1.0  AND  DisableExplicitGC >= 1.0  AND  4.0 <= TenuredGenerationSizeSupplementDecay < 16.0,1.0,0.6666666666666666,1.0,0.5,14
power_law,24192,DisableExplicitGC = 1 AND UseAdaptiveSizePolicy = 1 AND UseAdaptiveSizePolicyFootprintGoal = 1,DisableExplicitGC >= 1.0  AND  UseAdaptiveSizePolicyFootprintGoal >= 1.0  AND  0.0 <= UseAdaptiveSizeDecayMajorGCCost < 1.0  AND  UseAdaptiveSizePolicy >= 1.0,0.0,0.6666666666666666,1.0,0.5,14
normal,24192,DisableExplicitGC = 1 AND UseAdaptiveSizeDecayMajorGCCost = 1 AND UseAdaptiveSizePolicy = 1,DisableExplicitGC >= 1.0  AND  UseAdaptiveSizeDecayMajorGCCost >= 1.0  AND  UseAdaptiveSizePolicy >= 1.0  AND  MaxTenuringThreshold >= 7.5,1.0,0.8,1.0,0.6666666666666666,15
uniform,24192,DisableExplicitGC = 1 AND UseAdaptiveSizeDecayMajorGCCost = 1 AND UseAdaptiveSizePolicy = 1,DisableExplicitGC >= 1.0  AND  UseAdaptiveSizeDecayMajorGCCost >= 1.0  AND  UseAdaptiveSizePolicy >= 1.0  AND  TenuredGenerationSizeSupplement_70 >= 0.5,1.0,0.5,1.0,0.3333333333333333,15
bi_modal_split,24192,DisableExplicitGC = 1 AND UseAdaptiveSizeDecayMajorGCCost = 1 AND UseAdaptiveSizePolicy = 1,DisableExplicitGC >= 1.0  AND  UseAdaptiveSizePolicy >= 1.0  AND  TenuredGenerationSizeSupplement_90 >= 1.0  AND  UseAdaptiveSizeDecayMajorGCCost >= 1.0,0.0,0.5,1.0,0.3333333333333333,15
tri_modal_split,24192,DisableExplicitGC = 1 AND UseAdaptiveSizeDecayMajorGCCost = 1 AND UseAdaptiveSizePolicy = 1,DisableExplicitGC >= 1.0  AND  UseAdaptiveSizeDecayMajorGCCost >= 1.0  AND  2.0 <= NewRatio < 8.0  AND  UseAdaptiveSizePolicy >= 1.0,1.0,0.5,1.0,0.3333333333333333,15
power_law,24192,DisableExplicitGC = 1 AND UseAdaptiveSizeDecayMajorGCCost = 1 AND UseAdaptiveSizePolicy = 1,UseAdaptiveSizePolicy >= 1.0  AND  DisableExplicitGC >= 1.0  AND  UseAdaptiveSizeDecayMajorGCCost >= 1.0  AND  SurvivorRatio < 28.5,4.0,0.923076923076923,1.0,0.8571428571428571,15
normal,24192,UseAdaptiveSizeDecayMajorGCCost = 1 AND UseAdaptiveSizePolicy = 1 AND UseAdaptiveSizePolicyFootprintGoal = 1,UseAdaptiveSizePolicy >= 1.0  AND  UseAdaptiveSizeDecayMajorGCCost >= 1.0  AND  UseAdaptiveSizePolicyFootprintGoal >= 1.0  AND  TenuredGenerationSizeSupplementDecay >= 8.0,1.0,0.6666666666666666,1.0,0.5,16
uniform,24192,UseAdaptiveSizeDecayMajorGCCost = 1 AND UseAdaptiveSizePolicy = 1 AND UseAdaptiveSizePolicyFootprintGoal = 1,UseAdaptiveSizeDecayMajorGCCost >= 1.0  AND  UseAdaptiveSizePolicy >= 1.0  AND  8.5 <= SurvivorRatio < 23.5  AND  UseAdaptiveSizePolicyFootprintGoal >= 1.0,1.0,0.6,1.0,0.4285714285714285,16
bi_modal_split,24192,UseAdaptiveSizeDecayMajorGCCost = 1 AND UseAdaptiveSizePolicy = 1 AND UseAdaptiveSizePolicyFootprintGoal = 1,UseAdaptiveSizePolicyFootprintGoal >= 1.0  AND  UseAdaptiveSizePolicy >= 1.0  AND  UseAdaptiveSizeDecayMajorGCCost >= 1.0  AND  MaxTenuringThreshold < 12.5,1.0,0.8,1.0,0.6666666666666666,16
tri_modal_split,24192,UseAdaptiveSizeDecayMajorGCCost = 1 AND UseAdaptiveSizePolicy = 1 AND UseAdaptiveSizePolicyFootprintGoal = 1,UseAdaptiveSizeDecayMajorGCCost >= 1.0  AND  UseAdaptiveSizePolicyFootprintGoal >= 1.0  AND  MaxTenuringThreshold < 10.0  AND  UseAdaptiveSizePolicy >= 1.0,0.0,0.5,1.0,0.3333333333333333,16
power_law,24192,UseAdaptiveSizeDecayMajorGCCost = 1 AND UseAdaptiveSizePolicy = 1 AND UseAdaptiveSizePolicyFootprintGoal = 1,UseAdaptiveSizePolicyFootprintGoal >= 1.0  AND  UseAdaptiveSizeDecayMajorGCCost >= 1.0  AND  MinSurvivorRatio < 7.0  AND  UseAdaptiveSizePolicy >= 1.0,0.0,0.6666666666666666,1.0,0.5,16
normal,24192,UseAdaptiveGCBoundary = 1 AND UseAdaptiveSizeDecayMajorGCCost = 1 AND UseAdaptiveSizePolicyFootprintGoal = 1,UseAdaptiveSizePolicyFootprintGoal >= 1.0  AND  UseAdaptiveGCBoundary >= 1.0  AND  UseAdaptiveSizeDecayMajorGCCost >= 1.0  AND  2.0 <= NewRatio < 8.0,0.0,0.5,1.0,0.3333333333333333,17
uniform,24192,UseAdaptiveGCBoundary = 1 AND UseAdaptiveSizeDecayMajorGCCost = 1 AND UseAdaptiveSizePolicyFootprintGoal = 1,UseAdaptiveGCBoundary >= 1.0  AND  UseAdaptiveSizeDecayMajorGCCost >= 1.0  AND  6.0 <= SurvivorRatio < 21.0  AND  UseAdaptiveSizePolicyFootprintGoal >= 1.0,1.0,0.6,1.0,0.4285714285714285,17
bi_modal_split,24192,UseAdaptiveGCBoundary = 1 AND UseAdaptiveSizeDecayMajorGCCost = 1 AND UseAdaptiveSizePolicyFootprintGoal = 1,UseAdaptiveSizeDecayMajorGCCost >= 1.0  AND  UseAdaptiveGCBoundary >= 1.0  AND  SurvivorRatio < 8.5  AND  UseAdaptiveSizePolicyFootprintGoal >= 1.0,1.0,0.4444444444444445,1.0,0.2857142857142857,17
tri_modal_split,24192,UseAdaptiveGCBoundary = 1 AND UseAdaptiveSizeDecayMajorGCCost = 1 AND UseAdaptiveSizePolicyFootprintGoal = 1,UseAdaptiveSizeDecayMajorGCCost >= 1.0  AND  UseAdaptiveGCBoundary >= 1.0  AND  TenuredGenerationSizeSupplement_70 >= 1.0  AND  UseAdaptiveSizePolicyFootprintGoal >= 1.0,1.0,0.5,1.0,0.3333333333333333,17
power_law,24192,UseAdaptiveGCBoundary = 1 AND UseAdaptiveSizeDecayMajorGCCost = 1 AND UseAdaptiveSizePolicyFootprintGoal = 1,UseAdaptiveSizeDecayMajorGCCost >= 1.0  AND  UseAdaptiveGCBoundary >= 1.0  AND  UseAdaptiveSizePolicyFootprintGoal >= 1.0,0.0,1.0,1.0,1.0,17
normal,24192,DisableExplicitGC = 1 AND UseAdaptiveSizeDecayMajorGCCost = 1 AND UseAdaptiveSizePolicy = 1,DisableExplicitGC >= 1.0  AND  UseAdaptiveSizePolicy >= 1.0  AND  UseAdaptiveSizeDecayMajorGCCost >= 1.0  AND  TenuredGenerationSizeSupplement_50 >= 0.5,1.0,0.5,1.0,0.3333333333333333,18
uniform,24192,DisableExplicitGC = 1 AND UseAdaptiveSizeDecayMajorGCCost = 1 AND UseAdaptiveSizePolicy = 1,DisableExplicitGC >= 1.0  AND  UseAdaptiveSizeDecayMajorGCCost >= 1.0  AND  UseAdaptiveSizePolicy >= 1.0  AND  8.0 <= NewRatio < 32.0,1.0,0.5,1.0,0.3333333333333333,18
bi_modal_split,24192,DisableExplicitGC = 1 AND UseAdaptiveSizeDecayMajorGCCost = 1 AND UseAdaptiveSizePolicy = 1,DisableExplicitGC >= 1.0  AND  UseAdaptiveSizePolicy >= 1.0  AND  TenuredGenerationSizeSupplement_50 >= 0.5  AND  UseAdaptiveSizeDecayMajorGCCost >= 1.0,0.0,0.5,1.0,0.3333333333333333,18
tri_modal_split,24192,DisableExplicitGC = 1 AND UseAdaptiveSizeDecayMajorGCCost = 1 AND UseAdaptiveSizePolicy = 1,DisableExplicitGC >= 1.0  AND  UseAdaptiveSizeDecayMajorGCCost >= 1.0,4.0,0.6666666666666666,0.5,1.0,18
power_law,24192,DisableExplicitGC = 1 AND UseAdaptiveSizeDecayMajorGCCost = 1 AND UseAdaptiveSizePolicy = 1,DisableExplicitGC >= 1.0  AND  UseAdaptiveSizeDecayMajorGCCost >= 1.0  AND  UseAdaptiveSizePolicy >= 1.0  AND  UseAdaptiveGCBoundary >= 1.0,0.0,0.6666666666666666,1.0,0.5,18
normal,24192,DisableExplicitGC = 1 AND UseAdaptiveGCBoundary = 1 AND UseAdaptiveSizeDecayMajorGCCost = 1,DisableExplicitGC >= 1.0  AND  UseAdaptiveGCBoundary >= 1.0  AND  UseAdaptiveSizeDecayMajorGCCost >= 1.0  AND  4.0 <= MinSurvivorRatio < 10.0,0.0,0.6666666666666666,1.0,0.5,19
uniform,24192,DisableExplicitGC = 1 AND UseAdaptiveGCBoundary = 1 AND UseAdaptiveSizeDecayMajorGCCost = 1,DisableExplicitGC >= 1.0  AND  UseAdaptiveSizeDecayMajorGCCost >= 1.0  AND  UseAdaptiveGCBoundary >= 1.0  AND  0.0 <= UseAdaptiveSizePolicyFootprintGoal < 1.0,1.0,0.6666666666666666,1.0,0.5,19
bi_modal_split,24192,DisableExplicitGC = 1 AND UseAdaptiveGCBoundary = 1 AND UseAdaptiveSizeDecayMajorGCCost = 1,UseAdaptiveSizeDecayMajorGCCost >= 1.0  AND  UseAdaptiveGCBoundary >= 1.0  AND  MaxTenuringThreshold < 7.5  AND  DisableExplicitGC >= 1.0,0.0,0.5,1.0,0.3333333333333333,19
tri_modal_split,24192,DisableExplicitGC = 1 AND UseAdaptiveGCBoundary = 1 AND UseAdaptiveSizeDecayMajorGCCost = 1,DisableExplicitGC >= 1.0  AND  UseAdaptiveGCBoundary >= 1.0  AND  TenuredGenerationSizeSupplement_50 >= 1.0  AND  UseAdaptiveSizeDecayMajorGCCost >= 1.0,1.0,0.5,1.0,0.3333333333333333,19
power_law,24192,DisableExplicitGC = 1 AND UseAdaptiveGCBoundary = 1 AND UseAdaptiveSizeDecayMajorGCCost = 1,UseAdaptiveSizeDecayMajorGCCost >= 1.0  AND  UseAdaptiveGCBoundary >= 1.0  AND  21.0 <= SurvivorRatio < 31.0  AND  DisableExplicitGC >= 1.0,1.0,0.4444444444444445,1.0,0.2857142857142857,19
normal,24192,DisableExplicitGC = 1 AND UseAdaptiveSizePolicy = 1 AND UseAdaptiveSizePolicyFootprintGoal = 1,UseAdaptiveSizePolicy >= 1.0  AND  UseAdaptiveSizePolicyFootprintGoal >= 1.0  AND  NewRatio < 12.0  AND  DisableExplicitGC >= 1.0,1.0,0.8,1.0,0.6666666666666666,1
uniform,24192,DisableExplicitGC = 1 AND UseAdaptiveSizePolicy = 1 AND UseAdaptiveSizePolicyFootprintGoal = 1,UseAdaptiveSizePolicyFootprintGoal >= 1.0  AND  UseAdaptiveSizePolicy >= 1.0  AND  DisableExplicitGC >= 1.0  AND  NewRatio < 8.0,1.0,0.6666666666666666,1.0,0.5,1
bi_modal_split,24192,DisableExplicitGC = 1 AND UseAdaptiveSizePolicy = 1 AND UseAdaptiveSizePolicyFootprintGoal = 1,DisableExplicitGC >= 1.0  AND  UseAdaptiveSizePolicy >= 1.0  AND  NewRatio < 8.0  AND  UseAdaptiveSizePolicyFootprintGoal >= 1.0,0.0,0.6666666666666666,1.0,0.5,1
tri_modal_split,24192,DisableExplicitGC = 1 AND UseAdaptiveSizePolicy = 1 AND UseAdaptiveSizePolicyFootprintGoal = 1,DisableExplicitGC >= 1.0  AND  UseAdaptiveSizePolicy >= 1.0  AND  UseAdaptiveSizeDecayMajorGCCost >= 1.0  AND  UseAdaptiveSizePolicyFootprintGoal >= 1.0,1.0,0.6666666666666666,1.0,0.5,1
power_law,24192,DisableExplicitGC = 1 AND UseAdaptiveSizePolicy = 1 AND UseAdaptiveSizePolicyFootprintGoal = 1,UseAdaptiveSizePolicyFootprintGoal >= 1.0  AND  UseAdaptiveSizePolicy >= 1.0  AND  SurvivorRatio >= 21.0  AND  DisableExplicitGC >= 1.0,0.0,0.6,1.0,0.4285714285714285,1
normal,24192,UseAdaptiveGCBoundary = 1 AND UseAdaptiveSizePolicy = 1 AND UseAdaptiveSizePolicyFootprintGoal = 1,UseAdaptiveGCBoundary >= 1.0  AND  UseAdaptiveSizePolicy >= 1.0  AND  TenuredGenerationSizeSupplementDecay >= 8.0  AND  UseAdaptiveSizePolicyFootprintGoal >= 1.0,1.0,0.6666666666666666,1.0,0.5,20
uniform,24192,UseAdaptiveGCBoundary = 1 AND UseAdaptiveSizePolicy = 1 AND UseAdaptiveSizePolicyFootprintGoal = 1,UseAdaptiveSizePolicy >= 1.0  AND  UseAdaptiveSizePolicyFootprintGoal >= 1.0  AND  SurvivorRatio >= 23.5  AND  UseAdaptiveGCBoundary >= 1.0,1.0,0.4444444444444445,1.0,0.2857142857142857,20
bi_modal_split,24192,UseAdaptiveGCBoundary = 1 AND UseAdaptiveSizePolicy = 1 AND UseAdaptiveSizePolicyFootprintGoal = 1,UseAdaptiveSizePolicyFootprintGoal >= 1.0  AND  UseAdaptiveSizePolicy >= 1.0  AND  UseAdaptiveGCBoundary >= 1.0  AND  NewRatio < 3.0,0.0,0.5,1.0,0.3333333333333333,20
tri_modal_split,24192,UseAdaptiveGCBoundary = 1 AND UseAdaptiveSizePolicy = 1 AND UseAdaptiveSizePolicyFootprintGoal = 1,UseAdaptiveGCBoundary >= 1.0  AND  UseAdaptiveSizePolicy >= 1.0  AND  6.0 <= SurvivorRatio < 18.5  AND  UseAdaptiveSizePolicyFootprintGoal >= 1.0,1.0,0.6,1.0,0.4285714285714285,20
power_law,24192,UseAdaptiveGCBoundary = 1 AND UseAdaptiveSizePolicy = 1 AND UseAdaptiveSizePolicyFootprintGoal = 1,UseAdaptiveSizePolicy >= 1.0  AND  UseAdaptiveGCBoundary >= 1.0  AND  UseAdaptiveSizePolicyFootprintGoal >= 1.0  AND  TenuredGenerationSizeSupplement_90 >= 0.5,0.0,0.5,1.0,0.3333333333333333,20
normal,24192,DisableExplicitGC = 1 AND UseAdaptiveGCBoundary = 1 AND UseAdaptiveSizePolicyFootprintGoal = 1,UseAdaptiveSizePolicyFootprintGoal >= 1.0  AND  UseAdaptiveGCBoundary >= 1.0  AND  DisableExplicitGC >= 1.0  AND  MinSurvivorRatio >= 10.0,0.0,0.4,1.0,0.25,21
uniform,24192,DisableExplicitGC = 1 AND UseAdaptiveGCBoundary = 1 AND UseAdaptiveSizePolicyFootprintGoal = 1,UseAdaptiveGCBoundary >= 1.0  AND  UseAdaptiveSizePolicyFootprintGoal >= 1.0  AND  DisableExplicitGC >= 1.0  AND  4.0 <= TenuredGenerationSizeSupplementDecay < 8.0,0.0,0.4,1.0,0.25,21
bi_modal_split,24192,DisableExplicitGC = 1 AND UseAdaptiveGCBoundary = 1 AND UseAdaptiveSizePolicyFootprintGoal = 1,DisableExplicitGC >= 1.0  AND  UseAdaptiveSizePolicyFootprintGoal >= 1.0  AND  SurvivorRatio < 13.5  AND  UseAdaptiveGCBoundary >= 1.0,1.0,0.6,1.0,0.4285714285714285,21
tri_modal_split,24192,DisableExplicitGC = 1 AND UseAdaptiveGCBoundary = 1 AND UseAdaptiveSizePolicyFootprintGoal = 1,DisableExplicitGC >= 1.0  AND  UseAdaptiveSizePolicyFootprintGoal >= 1.0  AND  UseAdaptiveGCBoundary >= 1.0  AND  NewRatio >= 12.0,0.0,0.5,1.0,0.3333333333333333,21
power_law,24192,DisableExplicitGC = 1 AND UseAdaptiveGCBoundary = 1 AND UseAdaptiveSizePolicyFootprintGoal = 1,DisableExplicitGC >= 1.0  AND  UseAdaptiveSizePolicyFootprintGoal >= 1.0  AND  UseAdaptiveGCBoundary >= 1.0  AND  8.5 <= SurvivorRatio < 28.5,1.0,0.7272727272727273,1.0,0.5714285714285714,21
normal,24192,UseAdaptiveGCBoundary = 1 AND UseAdaptiveSizePolicy = 1 AND UseAdaptiveSizePolicyFootprintGoal = 1,UseAdaptiveSizePolicy >= 1.0  AND  UseAdaptiveGCBoundary >= 1.0  AND  UseAdaptiveSizePolicyFootprintGoal >= 1.0  AND  DisableExplicitGC >= 1.0,2.0,0.6666666666666666,1.0,0.5,22
uniform,24192,UseAdaptiveGCBoundary = 1 AND UseAdaptiveSizePolicy = 1 AND UseAdaptiveSizePolicyFootprintGoal = 1,UseAdaptiveGCBoundary >= 1.0  AND  UseAdaptiveSizePolicy >= 1.0  AND  UseAdaptiveSizePolicyFootprintGoal >= 1.0  AND  0.0 <= TenuredGenerationSizeSupplement_90 < 0.5,1.0,0.8,1.0,0.6666666666666666,22
bi_modal_split,24192,UseAdaptiveGCBoundary = 1 AND UseAdaptiveSizePolicy = 1 AND UseAdaptiveSizePolicyFootprintGoal = 1,UseAdaptiveGCBoundary >= 1.0  AND  UseAdaptiveSizePolicy >= 1.0  AND  TenuredGenerationSizeSupplement_90 >= 0.5  AND  UseAdaptiveSizePolicyFootprintGoal >= 1.0,1.0,0.5,1.0,0.3333333333333333,22
tri_modal_split,24192,UseAdaptiveGCBoundary = 1 AND UseAdaptiveSizePolicy = 1 AND UseAdaptiveSizePolicyFootprintGoal = 1,UseAdaptiveGCBoundary >= 1.0  AND  UseAdaptiveSizePolicyFootprintGoal >= 1.0  AND  10.0 <= MaxTenuringThreshold < 15.0  AND  UseAdaptiveSizePolicy >= 1.0,0.0,0.5,1.0,0.3333333333333333,22
power_law,24192,UseAdaptiveGCBoundary = 1 AND UseAdaptiveSizePolicy = 1 AND UseAdaptiveSizePolicyFootprintGoal = 1,UseAdaptiveGCBoundary >= 1.0  AND  UseAdaptiveSizePolicyFootprintGoal >= 1.0  AND  UseAdaptiveSizePolicy >= 1.0  AND  NewRatio < 32.0,0.0,0.9090909090909092,1.0,0.8333333333333334,22
normal,24192,DisableExplicitGC = 1 AND UseAdaptiveSizeDecayMajorGCCost = 1 AND UseAdaptiveSizePolicy = 1,DisableExplicitGC >= 1.0  AND  UseAdaptiveSizeDecayMajorGCCost >= 1.0  AND  UseAdaptiveSizePolicy >= 1.0  AND  8.0 <= NewRatio < 32.0,0.0,0.5,1.0,0.3333333333333333,23
uniform,24192,DisableExplicitGC = 1 AND UseAdaptiveSizeDecayMajorGCCost = 1 AND UseAdaptiveSizePolicy = 1,DisableExplicitGC >= 1.0  AND  UseAdaptiveSizeDecayMajorGCCost >= 1.0  AND  UseAdaptiveSizePolicy >= 1.0  AND  UseAdaptiveSizePolicyFootprintGoal >= 1.0,1.0,0.6666666666666666,1.0,0.5,23
bi_modal_split,24192,DisableExplicitGC = 1 AND UseAdaptiveSizeDecayMajorGCCost = 1 AND UseAdaptiveSizePolicy = 1,DisableExplicitGC >= 1.0  AND  UseAdaptiveSizeDecayMajorGCCost >= 1.0  AND  SurvivorRatio < 18.5  AND  UseAdaptiveSizePolicy >= 1.0,1.0,0.7272727272727273,1.0,0.5714285714285714,23
tri_modal_split,24192,DisableExplicitGC = 1 AND UseAdaptiveSizeDecayMajorGCCost = 1 AND UseAdaptiveSizePolicy = 1,DisableExplicitGC >= 1.0  AND  UseAdaptiveSizeDecayMajorGCCost >= 1.0  AND  21.0 <= SurvivorRatio < 31.0  AND  UseAdaptiveSizePolicy >= 1.0,1.0,0.4444444444444445,1.0,0.2857142857142857,23
power_law,24192,DisableExplicitGC = 1 AND UseAdaptiveSizeDecayMajorGCCost = 1 AND UseAdaptiveSizePolicy = 1,DisableExplicitGC >= 1.0  AND  UseAdaptiveSizeDecayMajorGCCost >= 1.0  AND  UseAdaptiveSizePolicy >= 1.0  AND  MinSurvivorRatio < 7.0,1.0,0.6666666666666666,1.0,0.5,23
normal,24192,DisableExplicitGC = 1 AND UseAdaptiveSizeDecayMajorGCCost = 1 AND UseAdaptiveSizePolicy = 1,UseAdaptiveSizePolicy >= 1.0  AND  UseAdaptiveSizeDecayMajorGCCost >= 1.0  AND  NewRatio < 12.0  AND  DisableExplicitGC >= 1.0,1.0,0.8,1.0,0.6666666666666666,24
uniform,24192,DisableExplicitGC = 1 AND UseAdaptiveSizeDecayMajorGCCost = 1 AND UseAdaptiveSizePolicy = 1,DisableExplicitGC >= 1.0  AND  UseAdaptiveSizePolicy >= 1.0  AND  NewRatio < 8.0  AND  UseAdaptiveSizeDecayMajorGCCost >= 1.0,1.0,0.6666666666666666,1.0,0.5,24
bi_modal_split,24192,DisableExplicitGC = 1 AND UseAdaptiveSizeDecayMajorGCCost = 1 AND UseAdaptiveSizePolicy = 1,DisableExplicitGC >= 1.0  AND  UseAdaptiveSizeDecayMajorGCCost >= 1.0  AND  UseAdaptiveSizePolicy >= 1.0  AND  TenuredGenerationSizeSupplementDecay >= 8.0,1.0,0.6666666666666666,1.0,0.5,24
tri_modal_split,24192,DisableExplicitGC = 1 AND UseAdaptiveSizeDecayMajorGCCost = 1 AND UseAdaptiveSizePolicy = 1,DisableExplicitGC >= 1.0  AND  UseAdaptiveSizeDecayMajorGCCost >= 1.0  AND  UseAdaptiveSizePolicy >= 1.0  AND  0.0 <= TenuredGenerationSizeSupplement_70 < 0.5,1.0,0.8,1.0,0.6666666666666666,24
power_law,24192,DisableExplicitGC = 1 AND UseAdaptiveSizeDecayMajorGCCost = 1 AND UseAdaptiveSizePolicy = 1,DisableExplicitGC >= 1.0  AND  UseAdaptiveSizeDecayMajorGCCost >= 1.0  AND  6.0 <= SurvivorRatio < 16.0  AND  UseAdaptiveSizePolicy >= 1.0,0.0,0.4444444444444445,1.0,0.2857142857142857,24
normal,24192,DisableExplicitGC = 1 AND UseAdaptiveSizePolicy = 1 AND UseAdaptiveSizePolicyFootprintGoal = 1,DisableExplicitGC >= 1.0  AND  UseAdaptiveSizePolicy >= 1.0  AND  UseAdaptiveSizePolicyFootprintGoal >= 1.0  AND  NewRatio >= 12.0,1.0,0.5,1.0,0.3333333333333333,25
uniform,24192,DisableExplicitGC = 1 AND UseAdaptiveSizePolicy = 1 AND UseAdaptiveSizePolicyFootprintGoal = 1,DisableExplicitGC >= 1.0  AND  UseAdaptiveSizePolicyFootprintGoal >= 1.0  AND  0.0 <= UseAdaptiveSizeDecayMajorGCCost < 1.0  AND  UseAdaptiveSizePolicy >= 1.0,0.0,0.6666666666666666,1.0,0.5,25
bi_modal_split,24192,DisableExplicitGC = 1 AND UseAdaptiveSizePolicy = 1 AND UseAdaptiveSizePolicyFootprintGoal = 1,UseAdaptiveSizePolicyFootprintGoal >= 1.0  AND  UseAdaptiveSizePolicy >= 1.0  AND  DisableExplicitGC >= 1.0  AND  MaxTenuringThreshold >= 12.5,1.0,0.5,1.0,0.3333333333333333,25
tri_modal_split,24192,DisableExplicitGC = 1 AND UseAdaptiveSizePolicy = 1 AND UseAdaptiveSizePolicyFootprintGoal = 1,UseAdaptiveSizePolicy >= 1.0  AND  UseAdaptiveSizePolicyFootprintGoal >= 1.0  AND  MaxTenuringThreshold < 10.0  AND  DisableExplicitGC >= 1.0,0.0,0.5,1.0,0.3333333333333333,25
power_law,24192,DisableExplicitGC = 1 AND UseAdaptiveSizePolicy = 1 AND UseAdaptiveSizePolicyFootprintGoal = 1,DisableExplicitGC >= 1.0  AND  UseAdaptiveSizePolicy >= 1.0  AND  0.0 <= UseAdaptiveGCBoundary < 1.0  AND  UseAdaptiveSizePolicyFootprintGoal >= 1.0,1.0,0.6666666666666666,1.0,0.5,25
normal,24192,UseAdaptiveGCBoundary = 1 AND UseAdaptiveSizePolicy = 1 AND UseAdaptiveSizePolicyFootprintGoal = 1,UseAdaptiveSizePolicyFootprintGoal >= 1.0  AND  UseAdaptiveGCBoundary >= 1.0  AND  UseAdaptiveSizePolicy >= 1.0  AND  SurvivorRatio < 23.5,1.0,0.8333333333333333,1.0,0.7142857142857143,26
uniform,24192,UseAdaptiveGCBoundary = 1 AND UseAdaptiveSizePolicy = 1 AND UseAdaptiveSizePolicyFootprintGoal = 1,UseAdaptiveSizePolicy >= 1.0  AND  UseAdaptiveGCBoundary >= 1.0  AND  UseAdaptiveSizePolicyFootprintGoal >= 1.0  AND  3.0 <= NewRatio < 12.0,1.0,0.5,1.0,0.3333333333333333,26
bi_modal_split,24192,UseAdaptiveGCBoundary = 1 AND UseAdaptiveSizePolicy = 1 AND UseAdaptiveSizePolicyFootprintGoal = 1,UseAdaptiveGCBoundary >= 1.0  AND  UseAdaptiveSizePolicy >= 1.0  AND  UseAdaptiveSizePolicyFootprintGoal >= 1.0  AND  MinSurvivorRatio < 7.0,1.0,0.6666666666666666,1.0,0.5,26
tri_modal_split,24192,UseAdaptiveGCBoundary = 1 AND UseAdaptiveSizePolicy = 1 AND UseAdaptiveSizePolicyFootprintGoal = 1,UseAdaptiveSizePolicyFootprintGoal >= 1.0  AND  UseAdaptiveGCBoundary >= 1.0  AND  13.5 <= SurvivorRatio < 28.5  AND  UseAdaptiveSizePolicy >= 1.0,1.0,0.6,1.0,0.4285714285714285,26
power_law,24192,UseAdaptiveGCBoundary = 1 AND UseAdaptiveSizePolicy = 1 AND UseAdaptiveSizePolicyFootprintGoal = 1,UseAdaptiveGCBoundary >= 1.0  AND  UseAdaptiveSizePolicy >= 1.0  AND  UseAdaptiveSizePolicyFootprintGoal >= 1.0  AND  NewRatio < 12.0,1.0,0.8,1.0,0.6666666666666666,26
normal,24192,UseAdaptiveSizeDecayMajorGCCost = 1 AND UseAdaptiveSizePolicy = 1 AND UseAdaptiveSizePolicyFootprintGoal = 1,UseAdaptiveSizePolicyFootprintGoal >= 1.0  AND  UseAdaptiveSizePolicy >= 1.0  AND  UseAdaptiveSizeDecayMajorGCCost >= 1.0  AND  0.0 <= UseAdaptiveGCBoundary < 1.0,1.0,0.6666666666666666,1.0,0.5,27
uniform,24192,UseAdaptiveSizeDecayMajorGCCost = 1 AND UseAdaptiveSizePolicy = 1 AND UseAdaptiveSizePolicyFootprintGoal = 1,UseAdaptiveSizePolicy >= 1.0  AND  UseAdaptiveSizeDecayMajorGCCost >= 1.0  AND  4.0 <= MinSurvivorRatio < 7.0  AND  UseAdaptiveSizePolicyFootprintGoal >= 1.0,0.0,0.4,1.0,0.25,27
bi_modal_split,24192,UseAdaptiveSizeDecayMajorGCCost = 1 AND UseAdaptiveSizePolicy = 1 AND UseAdaptiveSizePolicyFootprintGoal = 1,UseAdaptiveSizeDecayMajorGCCost >= 1.0  AND  UseAdaptiveSizePolicy >= 1.0  AND  TenuredGenerationSizeSupplement_50 >= 0.5  AND  UseAdaptiveSizePolicyFootprintGoal >= 1.0,1.0,0.5,1.0,0.3333333333333333,27
tri_modal_split,24192,UseAdaptiveSizeDecayMajorGCCost = 1 AND UseAdaptiveSizePolicy = 1 AND UseAdaptiveSizePolicyFootprintGoal = 1,UseAdaptiveSizePolicy >= 1.0  AND  UseAdaptiveSizeDecayMajorGCCost >= 1.0  AND  0.0 <= DisableExplicitGC < 1.0  AND  UseAdaptiveSizePolicyFootprintGoal >= 1.0,0.0,0.6666666666666666,1.0,0.5,27
power_law,24192,UseAdaptiveSizeDecayMajorGCCost = 1 AND UseAdaptiveSizePolicy = 1 AND UseAdaptiveSizePolicyFootprintGoal = 1,UseAdaptiveSizePolicyFootprintGoal >= 1.0  AND  UseAdaptiveSizePolicy >= 1.0  AND  UseAdaptiveGCBoundary >= 1.0  AND  UseAdaptiveSizeDecayMajorGCCost >= 1.0,1.0,0.6666666666666666,1.0,0.5,27
normal,24192,UseAdaptiveGCBoundary = 1 AND UseAdaptiveSizePolicy = 1 AND UseAdaptiveSizePolicyFootprintGoal = 1,UseAdaptiveGCBoundary >= 1.0  AND  UseAdaptiveSizePolicy >= 1.0  AND  2.0 <= NewRatio < 16.0  AND  UseAdaptiveSizePolicyFootprintGoal >= 1.0,4.0,0.6666666666666666,1.0,0.5,28
uniform,24192,UseAdaptiveGCBoundary = 1 AND UseAdaptiveSizePolicy = 1 AND UseAdaptiveSizePolicyFootprintGoal = 1,UseAdaptiveSizePolicyFootprintGoal >= 1.0  AND  UseAdaptiveGCBoundary >= 1.0  AND  UseAdaptiveSizePolicy >= 1.0  AND  DisableExplicitGC >= 1.0,0.0,0.6666666666666666,1.0,0.5,28
bi_modal_split,24192,UseAdaptiveGCBoundary = 1 AND UseAdaptiveSizePolicy = 1 AND UseAdaptiveSizePolicyFootprintGoal = 1,UseAdaptiveSizePolicy >= 1.0  AND  UseAdaptiveGCBoundary >= 1.0  AND  UseAdaptiveSizePolicyFootprintGoal >= 1.0  AND  3.5 <= SurvivorRatio < 18.5,1.0,0.6,1.0,0.4285714285714285,28
tri_modal_split,24192,UseAdaptiveGCBoundary = 1 AND UseAdaptiveSizePolicy = 1 AND UseAdaptiveSizePolicyFootprintGoal = 1,UseAdaptiveGCBoundary >= 1.0  AND  UseAdaptiveSizePolicy >= 1.0  AND  UseAdaptiveSizePolicyFootprintGoal >= 1.0  AND  TenuredGenerationSizeSupplement_50 >= 0.5,1.0,0.5,1.0,0.3333333333333333,28
power_law,24192,UseAdaptiveGCBoundary = 1 AND UseAdaptiveSizePolicy = 1 AND UseAdaptiveSizePolicyFootprintGoal = 1,UseAdaptiveGCBoundary >= 1.0  AND  UseAdaptiveSizePolicyFootprintGoal >= 1.0  AND  UseAdaptiveSizePolicy >= 1.0  AND  MinSurvivorRatio < 7.0,2.0,0.6666666666666666,1.0,0.5,28
normal,24192,UseAdaptiveGCBoundary = 1 AND UseAdaptiveSizeDecayMajorGCCost = 1 AND UseAdaptiveSizePolicy = 1,UseAdaptiveGCBoundary >= 1.0  AND  UseAdaptiveSizeDecayMajorGCCost >= 1.0  AND  UseAdaptiveSizePolicy >= 1.0  AND  TenuredGenerationSizeSupplementDecay < 4.0,0.0,0.4,1.0,0.25,29
uniform,24192,UseAdaptiveGCBoundary = 1 AND UseAdaptiveSizeDecayMajorGCCost = 1 AND UseAdaptiveSizePolicy = 1,UseAdaptiveSizePolicy >= 1.0  AND  UseAdaptiveGCBoundary >= 1.0  AND  NewRatio < 3.0  AND  UseAdaptiveSizeDecayMajorGCCost >= 1.0,1.0,0.5,1.0,0.3333333333333333,29
bi_modal_split,24192,UseAdaptiveGCBoundary = 1 AND UseAdaptiveSizeDecayMajorGCCost = 1 AND UseAdaptiveSizePolicy = 1,UseAdaptiveSizeDecayMajorGCCost >= 1.0  AND  UseAdaptiveGCBoundary >= 1.0  AND  3.0 <= NewRatio < 12.0  AND  UseAdaptiveSizePolicy >= 1.0,1.0,0.5,1.0,0.3333333333333333,29
tri_modal_split,24192,UseAdaptiveGCBoundary = 1 AND UseAdaptiveSizeDecayMajorGCCost = 1 AND UseAdaptiveSizePolicy = 1,UseAdaptiveSizeDecayMajorGCCost >= 1.0  AND  UseAdaptiveGCBoundary >= 1.0  AND  NewRatio >= 4.0  AND  UseAdaptiveSizePolicy >= 1.0,1.0,0.8,1.0,0.6666666666666666,29
power_law,24192,UseAdaptiveGCBoundary = 1 AND UseAdaptiveSizeDecayMajorGCCost = 1 AND UseAdaptiveSizePolicy = 1,UseAdaptiveSizeDecayMajorGCCost >= 1.0  AND  UseAdaptiveGCBoundary >= 1.0  AND  10.0 <= MaxTenuringThreshold < 15.0  AND  UseAdaptiveSizePolicy >= 1.0,0.0,0.5,1.0,0.3333333333333333,29
normal,24192,DisableExplicitGC = 1 AND UseAdaptiveSizeDecayMajorGCCost = 1 AND UseAdaptiveSizePolicy = 1,DisableExplicitGC >= 1.0  AND  UseAdaptiveSizeDecayMajorGCCost >= 1.0  AND  UseAdaptiveSizePolicy >= 1.0  AND  2.0 <= NewRatio < 12.0,0.0,0.6666666666666666,1.0,0.5,2
uniform,24192,DisableExplicitGC = 1 AND UseAdaptiveSizeDecayMajorGCCost = 1 AND UseAdaptiveSizePolicy = 1,UseAdaptiveSizeDecayMajorGCCost >= 1.0  AND  UseAdaptiveSizePolicy >= 1.0  AND  8.0 <= NewRatio < 32.0  AND  DisableExplicitGC >= 1.0,0.0,0.5,1.0,0.3333333333333333,2
bi_modal_split,24192,DisableExplicitGC = 1 AND UseAdaptiveSizeDecayMajorGCCost = 1 AND UseAdaptiveSizePolicy = 1,DisableExplicitGC >= 1.0  AND  UseAdaptiveSizePolicy >= 1.0  AND  UseAdaptiveSizeDecayMajorGCCost >= 1.0  AND  4.0 <= MinSurvivorRatio < 7.0,0.0,0.4,1.0,0.25,2
tri_modal_split,24192,DisableExplicitGC = 1 AND UseAdaptiveSizeDecayMajorGCCost = 1 AND UseAdaptiveSizePolicy = 1,UseAdaptiveSizePolicy >= 1.0  AND  UseAdaptiveSizeDecayMajorGCCost >= 1.0  AND  DisableExplicitGC >= 1.0,0.0,1.0,1.0,1.0,2
power_law,24192,DisableExplicitGC = 1 AND UseAdaptiveSizeDecayMajorGCCost = 1 AND UseAdaptiveSizePolicy = 1,DisableExplicitGC >= 1.0  AND  UseAdaptiveSizeDecayMajorGCCost >= 1.0  AND  8.0 <= NewRatio < 32.0  AND  UseAdaptiveSizePolicy >= 1.0,1.0,0.5,1.0,0.3333333333333333,2
normal,24192,DisableExplicitGC = 1 AND UseAdaptiveGCBoundary = 1 AND UseAdaptiveSizePolicy = 1,DisableExplicitGC >= 1.0  AND  UseAdaptiveGCBoundary >= 1.0  AND  UseAdaptiveSizePolicy >= 1.0  AND  SurvivorRatio >= 23.5,1.0,0.4444444444444445,1.0,0.2857142857142857,30
uniform,24192,DisableExplicitGC = 1 AND UseAdaptiveGCBoundary = 1 AND UseAdaptiveSizePolicy = 1,UseAdaptiveGCBoundary >= 1.0  AND  UseAdaptiveSizePolicy >= 1.0  AND  3.5 <= SurvivorRatio < 21.0  AND  DisableExplicitGC >= 1.0,1.0,0.6,1.0,0.4285714285714285,30
bi_modal_split,24192,DisableExplicitGC = 1 AND UseAdaptiveGCBoundary = 1 AND UseAdaptiveSizePolicy = 1,DisableExplicitGC >= 1.0  AND  UseAdaptiveGCBoundary >= 1.0  AND  SurvivorRatio >= 18.5  AND  UseAdaptiveSizePolicy >= 1.0,0.0,0.6,1.0,0.4285714285714285,30
tri_modal_split,24192,DisableExplicitGC = 1 AND UseAdaptiveGCBoundary = 1 AND UseAdaptiveSizePolicy = 1,DisableExplicitGC >= 1.0  AND  UseAdaptiveSizePolicy >= 1.0  AND  4.0 <= NewRatio < 16.0  AND  UseAdaptiveGCBoundary >= 1.0,0.0,0.5,1.0,0.3333333333333333,30
power_law,24192,DisableExplicitGC = 1 AND UseAdaptiveGCBoundary = 1 AND UseAdaptiveSizePolicy = 1,UseAdaptiveSizePolicy >= 1.0  AND  UseAdaptiveGCBoundary >= 1.0  AND  SurvivorRatio >= 6.0  AND  DisableExplicitGC >= 1.0,0.0,0.923076923076923,1.0,0.8571428571428571,30
normal,24192,DisableExplicitGC = 1 AND UseAdaptiveGCBoundary = 1 AND UseAdaptiveSizePolicy = 1,UseAdaptiveGCBoundary >= 1.0  AND  DisableExplicitGC >= 1.0  AND  UseAdaptiveSizePolicy >= 1.0  AND  0.0 <= UseAdaptiveSizeDecayMajorGCCost < 1.0,4.0,0.6666666666666666,1.0,0.5,31
uniform,24192,DisableExplicitGC = 1 AND UseAdaptiveGCBoundary = 1 AND UseAdaptiveSizePolicy = 1,DisableExplicitGC >= 1.0  AND  UseAdaptiveGCBoundary >= 1.0  AND  NewRatio < 3.0  AND  UseAdaptiveSizePolicy >= 1.0,0.0,0.5,1.0,0.3333333333333333,31
bi_modal_split,24192,DisableExplicitGC = 1 AND UseAdaptiveGCBoundary = 1 AND UseAdaptiveSizePolicy = 1,UseAdaptiveSizePolicy >= 1.0  AND  UseAdaptiveGCBoundary >= 1.0  AND  DisableExplicitGC >= 1.0  AND  UseAdaptiveSizePolicyFootprintGoal >= 1.0,1.0,0.6666666666666666,1.0,0.5,31
tri_modal_split,24192,DisableExplicitGC = 1 AND UseAdaptiveGCBoundary = 1 AND UseAdaptiveSizePolicy = 1,DisableExplicitGC >= 1.0  AND  UseAdaptiveGCBoundary >= 1.0  AND  UseAdaptiveSizePolicy >= 1.0  AND  4.0 <= TenuredGenerationSizeSupplementDecay < 16.0,1.0,0.6666666666666666,1.0,0.5,31
power_law,24192,DisableExplicitGC = 1 AND UseAdaptiveGCBoundary = 1 AND UseAdaptiveSizePolicy = 1,DisableExplicitGC >= 1.0  AND  UseAdaptiveGCBoundary >= 1.0  AND  0.0 <= UseAdaptiveSizeDecayMajorGCCost < 1.0  AND  UseAdaptiveSizePolicy >= 1.0,0.0,0.6666666666666666,1.0,0.5,31
normal,24192,DisableExplicitGC = 1 AND UseAdaptiveGCBoundary = 1 AND UseAdaptiveSizeDecayMajorGCCost = 1,DisableExplicitGC >= 1.0  AND  UseAdaptiveSizeDecayMajorGCCost >= 1.0  AND  UseAdaptiveGCBoundary >= 1.0  AND  TenuredGenerationSizeSupplement_90 >= 0.5,0.0,0.5,1.0,0.3333333333333333,32
uniform,24192,DisableExplicitGC = 1 AND UseAdaptiveGCBoundary = 1 AND UseAdaptiveSizeDecayMajorGCCost = 1,UseAdaptiveGCBoundary >= 1.0  AND  UseAdaptiveSizeDecayMajorGCCost >= 1.0  AND  DisableExplicitGC >= 1.0  AND  3.0 <= NewRatio < 32.0,1.0,0.6666666666666666,1.0,0.5,32
bi_modal_split,24192,DisableExplicitGC = 1 AND UseAdaptiveGCBoundary = 1 AND UseAdaptiveSizeDecayMajorGCCost = 1,DisableExplicitGC >= 1.0  AND  UseAdaptiveSizeDecayMajorGCCost >= 1.0  AND  UseAdaptiveGCBoundary >= 1.0  AND  MaxTenuringThreshold >= 12.5,0.0,0.5,1.0,0.3333333333333333,32
tri_modal_split,24192,DisableExplicitGC = 1 AND UseAdaptiveGCBoundary = 1 AND UseAdaptiveSizeDecayMajorGCCost = 1,UseAdaptiveGCBoundary >= 1.0  AND  UseAdaptiveSizeDecayMajorGCCost >= 1.0  AND  TenuredGenerationSizeSupplementDecay >= 8.0  AND  DisableExplicitGC >= 1.0,1.0,0.6666666666666666,1.0,0.5,32
power_law,24192,DisableExplicitGC = 1 AND UseAdaptiveGCBoundary = 1 AND UseAdaptiveSizeDecayMajorGCCost = 1,DisableExplicitGC >= 1.0  AND  UseAdaptiveSizeDecayMajorGCCost >= 1.0  AND  0.0 <= UseAdaptiveSizePolicyFootprintGoal < 1.0  AND  UseAdaptiveGCBoundary >= 1.0,0.0,0.6666666666666666,1.0,0.5,32
normal,24192,DisableExplicitGC = 1 AND UseAdaptiveSizeDecayMajorGCCost = 1 AND UseAdaptiveSizePolicy = 1,DisableExplicitGC >= 1.0  AND  UseAdaptiveSizePolicy >= 1.0  AND  SurvivorRatio >= 26.0  AND  UseAdaptiveSizeDecayMajorGCCost >= 1.0,0.0,0.4444444444444445,1.0,0.2857142857142857,33
uniform,24192,DisableExplicitGC = 1 AND UseAdaptiveSizeDecayMajorGCCost = 1 AND UseAdaptiveSizePolicy = 1,DisableExplicitGC >= 1.0  AND  UseAdaptiveSizePolicy >= 1.0  AND  UseAdaptiveSizePolicyFootprintGoal >= 1.0  AND  UseAdaptiveSizeDecayMajorGCCost >= 1.0,1.0,0.6666666666666666,1.0,0.5,33
bi_modal_split,24192,DisableExplicitGC = 1 AND UseAdaptiveSizeDecayMajorGCCost = 1 AND UseAdaptiveSizePolicy = 1,DisableExplicitGC >= 1.0  AND  UseAdaptiveSizePolicy >= 1.0  AND  11.0 <= SurvivorRatio < 23.5  AND  UseAdaptiveSizeDecayMajorGCCost >= 1.0,1.0,0.6,1.0,0.4285714285714285,33
tri_modal_split,24192,DisableExplicitGC = 1 AND UseAdaptiveSizeDecayMajorGCCost = 1 AND UseAdaptiveSizePolicy = 1,DisableExplicitGC >= 1.0  AND  UseAdaptiveSizeDecayMajorGCCost >= 1.0  AND  UseAdaptiveSizePolicy >= 1.0  AND  TenuredGenerationSizeSupplementDecay >= 8.0,1.0,0.6666666666666666,1.0,0.5,33
power_law,24192,DisableExplicitGC = 1 AND UseAdaptiveSizeDecayMajorGCCost = 1 AND UseAdaptiveSizePolicy = 1,UseAdaptiveSizeDecayMajorGCCost >= 1.0  AND  UseAdaptiveSizePolicy >= 1.0  AND  UseAdaptiveSizePolicyFootprintGoal >= 1.0  AND  DisableExplicitGC >= 1.0,1.0,0.6666666666666666,1.0,0.5,33
normal,24192,DisableExplicitGC = 1 AND UseAdaptiveSizeDecayMajorGCCost = 1 AND UseAdaptiveSizePolicyFootprintGoal = 1,DisableExplicitGC >= 1.0  AND  UseAdaptiveSizeDecayMajorGCCost >= 1.0  AND  UseAdaptiveSizePolicyFootprintGoal >= 1.0  AND  MinSurvivorRatio < 10.0,1.0,0.8571428571428571,1.0,0.75,34
uniform,24192,DisableExplicitGC = 1 AND UseAdaptiveSizeDecayMajorGCCost = 1 AND UseAdaptiveSizePolicyFootprintGoal = 1,UseAdaptiveSizeDecayMajorGCCost >= 1.0  AND  UseAdaptiveSizePolicyFootprintGoal >= 1.0  AND  DisableExplicitGC >= 1.0  AND  NewRatio < 3.0,1.0,0.5,1.0,0.3333333333333333,34
bi_modal_split,24192,DisableExplicitGC = 1 AND UseAdaptiveSizeDecayMajorGCCost = 1 AND UseAdaptiveSizePolicyFootprintGoal = 1,DisableExplicitGC >= 1.0  AND  UseAdaptiveSizeDecayMajorGCCost >= 1.0  AND  UseAdaptiveSizePolicyFootprintGoal >= 1.0  AND  7.5 <= MaxTenuringThreshold < 12.5,1.0,0.5,1.0,0.3333333333333333,34
tri_modal_split,24192,DisableExplicitGC = 1 AND UseAdaptiveSizeDecayMajorGCCost = 1 AND UseAdaptiveSizePolicyFootprintGoal = 1,DisableExplicitGC >= 1.0  AND  UseAdaptiveSizePolicyFootprintGoal >= 1.0  AND  4.0 <= TenuredGenerationSizeSupplementDecay < 16.0  AND  UseAdaptiveSizeDecayMajorGCCost >= 1.0,1.0,0.6666666666666666,1.0,0.5,34
power_law,24192,DisableExplicitGC = 1 AND UseAdaptiveSizeDecayMajorGCCost = 1 AND UseAdaptiveSizePolicyFootprintGoal = 1,DisableExplicitGC >= 1.0  AND  UseAdaptiveSizeDecayMajorGCCost >= 1.0  AND  UseAdaptiveSizePolicyFootprintGoal >= 1.0  AND  SurvivorRatio >= 13.5,1.0,0.7272727272727273,1.0,0.5714285714285714,34
normal,24192,DisableExplicitGC = 1 AND UseAdaptiveGCBoundary = 1 AND UseAdaptiveSizePolicyFootprintGoal = 1,DisableExplicitGC >= 1.0  AND  UseAdaptiveGCBoundary >= 1.0  AND  UseAdaptiveSizePolicyFootprintGoal >= 1.0  AND  TenuredGenerationSizeSupplementDecay >= 8.0,1.0,0.6666666666666666,1.0,0.5,35
uniform,24192,DisableExplicitGC = 1 AND UseAdaptiveGCBoundary = 1 AND UseAdaptiveSizePolicyFootprintGoal = 1,UseAdaptiveSizePolicyFootprintGoal >= 1.0  AND  UseAdaptiveGCBoundary >= 1.0  AND  NewRatio < 8.0  AND  DisableExplicitGC >= 1.0,1.0,0.6666666666666666,1.0,0.5,35
bi_modal_split,24192,DisableExplicitGC = 1 AND UseAdaptiveGCBoundary = 1 AND UseAdaptiveSizePolicyFootprintGoal = 1,DisableExplicitGC >= 1.0  AND  UseAdaptiveSizePolicyFootprintGoal >= 1.0  AND  UseAdaptiveGCBoundary >= 1.0  AND  3.5 <= SurvivorRatio < 18.5,1.0,0.6,1.0,0.4285714285714285,35
tri_modal_split,24192,DisableExplicitGC = 1 AND UseAdaptiveGCBoundary = 1 AND UseAdaptiveSizePolicyFootprintGoal = 1,DisableExplicitGC >= 1.0  AND  UseAdaptiveGCBoundary >= 1.0  AND  UseAdaptiveSizePolicyFootprintGoal >= 1.0  AND  2.0 <= NewRatio < 32.0,1.0,0.8,1.0,0.6666666666666666,35
power_law,24192,DisableExplicitGC = 1 AND UseAdaptiveGCBoundary = 1 AND UseAdaptiveSizePolicyFootprintGoal = 1,UseAdaptiveGCBoundary >= 1.0  AND  UseAdaptiveSizePolicyFootprintGoal >= 1.0  AND  DisableExplicitGC >= 1.0  AND  UseAdaptiveSizePolicy >= 1.0,0.0,0.6666666666666666,1.0,0.5,35
normal,24192,DisableExplicitGC = 1 AND UseAdaptiveSizeDecayMajorGCCost = 1 AND UseAdaptiveSizePolicy = 1,DisableExplicitGC >= 1.0  AND  UseAdaptiveSizePolicy >= 1.0  AND  UseAdaptiveSizeDecayMajorGCCost >= 1.0  AND  TenuredGenerationSizeSupplementDecay >= 8.0,1.0,0.6666666666666666,1.0,0.5,36
uniform,24192,DisableExplicitGC = 1 AND UseAdaptiveSizeDecayMajorGCCost = 1 AND UseAdaptiveSizePolicy = 1,UseAdaptiveSizePolicy >= 1.0  AND  UseAdaptiveSizeDecayMajorGCCost >= 1.0  AND  7.5 <= MaxTenuringThreshold < 12.5  AND  DisableExplicitGC >= 1.0,0.0,0.5,1.0,0.3333333333333333,36
bi_modal_split,24192,DisableExplicitGC = 1 AND UseAdaptiveSizeDecayMajorGCCost = 1 AND UseAdaptiveSizePolicy = 1,UseAdaptiveSizeDecayMajorGCCost >= 1.0  AND  UseAdaptiveSizePolicy >= 1.0  AND  DisableExplicitGC >= 1.0  AND  8.0 <= NewRatio < 32.0,0.0,0.5,1.0,0.3333333333333333,36
tri_modal_split,24192,DisableExplicitGC = 1 AND UseAdaptiveSizeDecayMajorGCCost = 1 AND UseAdaptiveSizePolicy = 1,UseAdaptiveSizePolicy >= 1.0  AND  UseAdaptiveSizeDecayMajorGCCost >= 1.0  AND  TenuredGenerationSizeSupplement_70 >= 1.0  AND  DisableExplicitGC >= 1.0,0.0,0.5,1.0,0.3333333333333333,36
power_law,24192,DisableExplicitGC = 1 AND UseAdaptiveSizeDecayMajorGCCost = 1 AND UseAdaptiveSizePolicy = 1,DisableExplicitGC >= 1.0  AND  UseAdaptiveSizeDecayMajorGCCost >= 1.0  AND  MaxTenuringThreshold >= 7.5  AND  UseAdaptiveSizePolicy >= 1.0,1.0,0.8,1.0,0.6666666666666666,36
normal,24192,DisableExplicitGC = 1 AND UseAdaptiveSizePolicy = 1 AND UseAdaptiveSizePolicyFootprintGoal = 1,DisableExplicitGC >= 1.0  AND  UseAdaptiveSizePolicy >= 1.0  AND  UseAdaptiveSizePolicyFootprintGoal >= 1.0  AND  3.0 <= NewRatio < 32.0,1.0,0.6666666666666666,1.0,0.5,37
uniform,24192,DisableExplicitGC = 1 AND UseAdaptiveSizePolicy = 1 AND UseAdaptiveSizePolicyFootprintGoal = 1,DisableExplicitGC >= 1.0  AND  UseAdaptiveSizePolicy >= 1.0  AND  UseAdaptiveSizePolicyFootprintGoal >= 1.0  AND  0.0 <= UseAdaptiveSizeDecayMajorGCCost < 1.0,0.0,0.6666666666666666,1.0,0.5,37
bi_modal_split,24192,DisableExplicitGC = 1 AND UseAdaptiveSizePolicy = 1 AND UseAdaptiveSizePolicyFootprintGoal = 1,UseAdaptiveSizePolicyFootprintGoal >= 1.0  AND  UseAdaptiveSizePolicy >= 1.0  AND  NewRatio < 8.0  AND  DisableExplicitGC >= 1.0,0.0,0.6666666666666666,1.0,0.5,37
tri_modal_split,24192,DisableExplicitGC = 1 AND UseAdaptiveSizePolicy = 1 AND UseAdaptiveSizePolicyFootprintGoal = 1,DisableExplicitGC >= 1.0  AND  UseAdaptiveSizePolicy >= 1.0  AND  6.0 <= SurvivorRatio < 13.5  AND  UseAdaptiveSizePolicyFootprintGoal >= 1.0,1.0,0.4444444444444445,1.0,0.2857142857142857,37
power_law,24192,DisableExplicitGC = 1 AND UseAdaptiveSizePolicy = 1 AND UseAdaptiveSizePolicyFootprintGoal = 1,DisableExplicitGC >= 1.0  AND  UseAdaptiveSizePolicyFootprintGoal >= 1.0  AND  UseAdaptiveSizePolicy >= 1.0  AND  3.0 <= NewRatio < 12.0,1.0,0.5,1.0,0.3333333333333333,37
normal,24192,DisableExplicitGC = 1 AND UseAdaptiveGCBoundary = 1 AND UseAdaptiveSizePolicyFootprintGoal = 1,UseAdaptiveGCBoundary >= 1.0  AND  UseAdaptiveSizePolicyFootprintGoal >= 1.0  AND  0.0 <= UseAdaptiveSizePolicy < 1.0  AND  DisableExplicitGC >= 1.0,0.0,0.6666666666666666,1.0,0.5,38
uniform,24192,DisableExplicitGC = 1 AND UseAdaptiveGCBoundary = 1 AND UseAdaptiveSizePolicyFootprintGoal = 1,UseAdaptiveSizePolicyFootprintGoal >= 1.0  AND  UseAdaptiveGCBoundary >= 1.0  AND  DisableExplicitGC >= 1.0  AND  TenuredGenerationSizeSupplementDecay >= 8.0,1.0,0.6666666666666666,1.0,0.5,38
bi_modal_split,24192,DisableExplicitGC = 1 AND UseAdaptiveGCBoundary = 1 AND UseAdaptiveSizePolicyFootprintGoal = 1,DisableExplicitGC >= 1.0  AND  UseAdaptiveSizePolicyFootprintGoal >= 1.0  AND  TenuredGenerationSizeSupplement_70 >= 0.5  AND  UseAdaptiveGCBoundary >= 1.0,1.0,0.5,1.0,0.3333333333333333,38
tri_modal_split,24192,DisableExplicitGC = 1 AND UseAdaptiveGCBoundary = 1 AND UseAdaptiveSizePolicyFootprintGoal = 1,DisableExplicitGC >= 1.0  AND  UseAdaptiveGCBoundary >= 1.0  AND  UseAdaptiveSizePolicyFootprintGoal >= 1.0  AND  MaxTenuringThreshold >= 12.5,1.0,0.5,1.0,0.3333333333333333,38
power_law,24192,DisableExplicitGC = 1 AND UseAdaptiveGCBoundary = 1 AND UseAdaptiveSizePolicyFootprintGoal = 1,DisableExplicitGC >= 1.0  AND  UseAdaptiveGCBoundary >= 1.0  AND  UseAdaptiveSizeDecayMajorGCCost >= 1.0  AND  UseAdaptiveSizePolicyFootprintGoal >= 1.0,0.0,0.6666666666666666,1.0,0.5,38
normal,24192,DisableExplicitGC = 1 AND UseAdaptiveSizeDecayMajorGCCost = 1 AND UseAdaptiveSizePolicy = 1,UseAdaptiveSizePolicy >= 1.0  AND  UseAdaptiveSizeDecayMajorGCCost >= 1.0  AND  DisableExplicitGC >= 1.0  AND  13.5 <= SurvivorRatio < 23.5,1.0,0.4444444444444445,1.0,0.2857142857142857,39
uniform,24192,DisableExplicitGC = 1 AND UseAdaptiveSizeDecayMajorGCCost = 1 AND UseAdaptiveSizePolicy = 1,DisableExplicitGC >= 1.0  AND  UseAdaptiveSizePolicy >= 1.0  AND  UseAdaptiveSizePolicyFootprintGoal >= 1.0  AND  UseAdaptiveSizeDecayMajorGCCost >= 1.0,1.0,0.6666666666666666,1.0,0.5,39
bi_modal_split,24192,DisableExplicitGC = 1 AND UseAdaptiveSizeDecayMajorGCCost = 1 AND UseAdaptiveSizePolicy = 1,DisableExplicitGC >= 1.0  AND  UseAdaptiveSizeDecayMajorGCCost >= 1.0  AND  8.0 <= NewRatio < 32.0  AND  UseAdaptiveSizePolicy >= 1.0,1.0,0.5,1.0,0.3333333333333333,39
tri_modal_split,24192,DisableExplicitGC = 1 AND UseAdaptiveSizeDecayMajorGCCost = 1 AND UseAdaptiveSizePolicy = 1,DisableExplicitGC >= 1.0  AND  UseAdaptiveSizeDecayMajorGCCost >= 1.0  AND  UseAdaptiveSizePolicy >= 1.0  AND  TenuredGenerationSizeSupplementDecay >= 8.0,1.0,0.6666666666666666,1.0,0.5,39
power_law,24192,DisableExplicitGC = 1 AND UseAdaptiveSizeDecayMajorGCCost = 1 AND UseAdaptiveSizePolicy = 1,DisableExplicitGC >= 1.0  AND  UseAdaptiveSizeDecayMajorGCCost >= 1.0  AND  UseAdaptiveSizePolicyFootprintGoal >= 1.0  AND  UseAdaptiveSizePolicy >= 1.0,1.0,0.6666666666666666,1.0,0.5,39
normal,24192,UseAdaptiveGCBoundary = 1 AND UseAdaptiveSizeDecayMajorGCCost = 1 AND UseAdaptiveSizePolicyFootprintGoal = 1,UseAdaptiveSizeDecayMajorGCCost >= 1.0  AND  UseAdaptiveGCBoundary >= 1.0  AND  UseAdaptiveSizePolicyFootprintGoal >= 1.0  AND  TenuredGenerationSizeSupplement_90 >= 0.5,0.0,0.5,1.0,0.3333333333333333,3
uniform,24192,UseAdaptiveGCBoundary = 1 AND UseAdaptiveSizeDecayMajorGCCost = 1 AND UseAdaptiveSizePolicyFootprintGoal = 1,UseAdaptiveGCBoundary >= 1.0  AND  UseAdaptiveSizeDecayMajorGCCost >= 1.0  AND  UseAdaptiveSizePolicyFootprintGoal >= 1.0  AND  7.5 <= MaxTenuringThreshold < 12.5,1.0,0.5,1.0,0.3333333333333333,3
bi_modal_split,24192,UseAdaptiveGCBoundary = 1 AND UseAdaptiveSizeDecayMajorGCCost = 1 AND UseAdaptiveSizePolicyFootprintGoal = 1,UseAdaptiveSizePolicyFootprintGoal >= 1.0  AND  UseAdaptiveSizeDecayMajorGCCost >= 1.0  AND  NewRatio < 8.0  AND  UseAdaptiveGCBoundary >= 1.0,1.0,0.6666666666666666,1.0,0.5,3
tri_modal_split,24192,UseAdaptiveGCBoundary = 1 AND UseAdaptiveSizeDecayMajorGCCost = 1 AND UseAdaptiveSizePolicyFootprintGoal = 1,UseAdaptiveGCBoundary >= 1.0  AND  UseAdaptiveSizePolicyFootprintGoal >= 1.0  AND  UseAdaptiveSizeDecayMajorGCCost >= 1.0  AND  2.0 <= NewRatio < 12.0,1.0,0.6666666666666666,1.0,0.5,3
power_law,0,UseAdaptiveGCBoundary = 1 AND UseAdaptiveSizeDecayMajorGCCost = 1 AND UseAdaptiveSizePolicyFootprintGoal = 1,,,0.0,0.0,0.0,3
normal,24192,UseAdaptiveSizeDecayMajorGCCost = 1 AND UseAdaptiveSizePolicy = 1 AND UseAdaptiveSizePolicyFootprintGoal = 1,UseAdaptiveSizePolicy >= 1.0  AND  UseAdaptiveSizeDecayMajorGCCost >= 1.0  AND  0.0 <= UseAdaptiveGCBoundary < 1.0  AND  UseAdaptiveSizePolicyFootprintGoal >= 1.0,0.0,0.6666666666666666,1.0,0.5,40
uniform,24192,UseAdaptiveSizeDecayMajorGCCost = 1 AND UseAdaptiveSizePolicy = 1 AND UseAdaptiveSizePolicyFootprintGoal = 1,UseAdaptiveSizeDecayMajorGCCost >= 1.0  AND  UseAdaptiveSizePolicy >= 1.0  AND  UseAdaptiveSizePolicyFootprintGoal >= 1.0  AND  0.0 <= UseAdaptiveGCBoundary < 1.0,1.0,0.6666666666666666,1.0,0.5,40
bi_modal_split,24192,UseAdaptiveSizeDecayMajorGCCost = 1 AND UseAdaptiveSizePolicy = 1 AND UseAdaptiveSizePolicyFootprintGoal = 1,UseAdaptiveSizePolicy >= 1.0  AND  UseAdaptiveSizePolicyFootprintGoal >= 1.0  AND  6.0 <= SurvivorRatio < 26.0  AND  UseAdaptiveSizeDecayMajorGCCost >= 1.0,1.0,0.7272727272727273,1.0,0.5714285714285714,40
tri_modal_split,24192,UseAdaptiveSizeDecayMajorGCCost = 1 AND UseAdaptiveSizePolicy = 1 AND UseAdaptiveSizePolicyFootprintGoal = 1,UseAdaptiveSizePolicy >= 1.0  AND  UseAdaptiveSizePolicyFootprintGoal >= 1.0  AND  8.0 <= NewRatio < 32.0  AND  UseAdaptiveSizeDecayMajorGCCost >= 1.0,0.0,0.5,1.0,0.3333333333333333,40
power_law,24192,UseAdaptiveSizeDecayMajorGCCost = 1 AND UseAdaptiveSizePolicy = 1 AND UseAdaptiveSizePolicyFootprintGoal = 1,UseAdaptiveSizePolicyFootprintGoal >= 1.0  AND  UseAdaptiveSizeDecayMajorGCCost >= 1.0  AND  3.5 <= SurvivorRatio < 21.0  AND  UseAdaptiveSizePolicy >= 1.0,1.0,0.6,1.0,0.4285714285714285,40
normal,24192,DisableExplicitGC = 1 AND UseAdaptiveGCBoundary = 1 AND UseAdaptiveSizePolicy = 1,DisableExplicitGC >= 1.0  AND  UseAdaptiveSizePolicy >= 1.0  AND  0.0 <= TenuredGenerationSizeSupplement_70 < 0.5  AND  UseAdaptiveGCBoundary >= 1.0,0.0,0.8,1.0,0.6666666666666666,41
uniform,24192,DisableExplicitGC = 1 AND UseAdaptiveGCBoundary = 1 AND UseAdaptiveSizePolicy = 1,UseAdaptiveSizePolicy >= 1.0  AND  UseAdaptiveGCBoundary >= 1.0  AND  DisableExplicitGC >= 1.0  AND  0.0 <= UseAdaptiveSizePolicyFootprintGoal < 1.0,1.0,0.6666666666666666,1.0,0.5,41
bi_modal_split,24192,DisableExplicitGC = 1 AND UseAdaptiveGCBoundary = 1 AND UseAdaptiveSizePolicy = 1,UseAdaptiveGCBoundary >= 1.0  AND  UseAdaptiveSizePolicy >= 1.0  AND  DisableExplicitGC >= 1.0  AND  4.0 <= MinSurvivorRatio < 10.0,1.0,0.6666666666666666,1.0,0.5,41
tri_modal_split,24192,DisableExplicitGC = 1 AND UseAdaptiveGCBoundary = 1 AND UseAdaptiveSizePolicy = 1,UseAdaptiveSizePolicy >= 1.0  AND  UseAdaptiveGCBoundary >= 1.0  AND  DisableExplicitGC >= 1.0  AND  MinSurvivorRatio >= 7.0,1.0,0.6666666666666666,1.0,0.5,41
power_law,24192,DisableExplicitGC = 1 AND UseAdaptiveGCBoundary = 1 AND UseAdaptiveSizePolicy = 1,UseAdaptiveSizePolicy >= 1.0  AND  UseAdaptiveGCBoundary >= 1.0  AND  TenuredGenerationSizeSupplementDecay >= 8.0  AND  DisableExplicitGC >= 1.0,0.0,0.6666666666666666,1.0,0.5,41
normal,24192,DisableExplicitGC = 1 AND UseAdaptiveSizeDecayMajorGCCost = 1 AND UseAdaptiveSizePolicy = 1,DisableExplicitGC >= 1.0  AND  UseAdaptiveSizeDecayMajorGCCost >= 1.0  AND  UseAdaptiveSizePolicy >= 1.0  AND  MinSurvivorRatio >= 7.0,1.0,0.6666666666666666,1.0,0.5,42
uniform,24192,DisableExplicitGC = 1 AND UseAdaptiveSizeDecayMajorGCCost = 1 AND UseAdaptiveSizePolicy = 1,DisableExplicitGC >= 1.0  AND  UseAdaptiveSizePolicy >= 1.0  AND  UseAdaptiveSizePolicyFootprintGoal >= 1.0  AND  UseAdaptiveSizeDecayMajorGCCost >= 1.0,1.0,0.6666666666666666,1.0,0.5,42
bi_modal_split,24192,DisableExplicitGC = 1 AND UseAdaptiveSizeDecayMajorGCCost = 1 AND UseAdaptiveSizePolicy = 1,DisableExplicitGC >= 1.0  AND  UseAdaptiveSizeDecayMajorGCCost >= 1.0  AND  4.0 <= TenuredGenerationSizeSupplementDecay < 8.0  AND  UseAdaptiveSizePolicy >= 1.0,0.0,0.4,1.0,0.25,42
tri_modal_split,24192,DisableExplicitGC = 1 AND UseAdaptiveSizeDecayMajorGCCost = 1 AND UseAdaptiveSizePolicy = 1,UseAdaptiveSizeDecayMajorGCCost >= 1.0  AND  UseAdaptiveSizePolicy >= 1.0  AND  NewRatio < 3.0  AND  DisableExplicitGC >= 1.0,0.0,0.5,1.0,0.3333333333333333,42
power_law,24192,DisableExplicitGC = 1 AND UseAdaptiveSizeDecayMajorGCCost = 1 AND UseAdaptiveSizePolicy = 1,DisableExplicitGC >= 1.0  AND  UseAdaptiveSizeDecayMajorGCCost >= 1.0  AND  UseAdaptiveSizePolicyFootprintGoal >= 1.0  AND  UseAdaptiveSizePolicy >= 1.0,0.0,0.6666666666666666,1.0,0.5,42
normal,24192,DisableExplicitGC = 1 AND UseAdaptiveGCBoundary = 1 AND UseAdaptiveSizePolicy = 1,UseAdaptiveGCBoundary >= 1.0  AND  DisableExplicitGC >= 1.0  AND  UseAdaptiveSizePolicy >= 1.0  AND  0.0 <= UseAdaptiveSizeDecayMajorGCCost < 1.0,4.0,0.6666666666666666,1.0,0.5,43
uniform,24192,DisableExplicitGC = 1 AND UseAdaptiveGCBoundary = 1 AND UseAdaptiveSizePolicy = 1,DisableExplicitGC >= 1.0  AND  UseAdaptiveSizePolicy >= 1.0  AND  SurvivorRatio >= 21.0  AND  UseAdaptiveGCBoundary >= 1.0,1.0,0.6,1.0,0.4285714285714285,43
bi_modal_split,24192,DisableExplicitGC = 1 AND UseAdaptiveGCBoundary = 1 AND UseAdaptiveSizePolicy = 1,DisableExplicitGC >= 1.0  AND  UseAdaptiveGCBoundary >= 1.0  AND  UseAdaptiveSizePolicy >= 1.0  AND  NewRatio >= 12.0,1.0,0.5,1.0,0.3333333333333333,43
tri_modal_split,24192,DisableExplicitGC = 1 AND UseAdaptiveGCBoundary = 1 AND UseAdaptiveSizePolicy = 1,UseAdaptiveSizePolicy >= 1.0  AND  DisableExplicitGC >= 1.0  AND  UseAdaptiveGCBoundary >= 1.0  AND  4.0 <= MinSurvivorRatio < 10.0,1.0,0.6666666666666666,1.0,0.5,43
power_law,24192,DisableExplicitGC = 1 AND UseAdaptiveGCBoundary = 1 AND UseAdaptiveSizePolicy = 1,DisableExplicitGC >= 1.0  AND  UseAdaptiveGCBoundary >= 1.0  AND  UseAdaptiveSizePolicy >= 1.0  AND  NewRatio < 3.0,1.0,0.5,1.0,0.3333333333333333,43
normal,24192,DisableExplicitGC = 1 AND UseAdaptiveSizeDecayMajorGCCost = 1 AND UseAdaptiveSizePolicyFootprintGoal = 1,DisableExplicitGC >= 1.0  AND  UseAdaptiveSizePolicyFootprintGoal >= 1.0  AND  UseAdaptiveSizeDecayMajorGCCost >= 1.0  AND  TenuredGenerationSizeSupplement_90 >= 0.5,0.0,0.5,1.0,0.3333333333333333,44
uniform,24192,DisableExplicitGC = 1 AND UseAdaptiveSizeDecayMajorGCCost = 1 AND UseAdaptiveSizePolicyFootprintGoal = 1,DisableExplicitGC >= 1.0  AND  UseAdaptiveSizePolicyFootprintGoal >= 1.0  AND  4.0 <= NewRatio < 12.0  AND  UseAdaptiveSizeDecayMajorGCCost >= 1.0,1.0,0.5,1.0,0.3333333333333333,44
bi_modal_split,24192,DisableExplicitGC = 1 AND UseAdaptiveSizeDecayMajorGCCost = 1 AND UseAdaptiveSizePolicyFootprintGoal = 1,DisableExplicitGC >= 1.0  AND  UseAdaptiveSizeDecayMajorGCCost >= 1.0  AND  UseAdaptiveSizePolicyFootprintGoal >= 1.0  AND  SurvivorRatio >= 18.5,1.0,0.6,1.0,0.4285714285714285,44
tri_modal_split,24192,DisableExplicitGC = 1 AND UseAdaptiveSizeDecayMajorGCCost = 1 AND UseAdaptiveSizePolicyFootprintGoal = 1,DisableExplicitGC >= 1.0  AND  UseAdaptiveSizeDecayMajorGCCost >= 1.0  AND  11.0 <= SurvivorRatio < 18.5  AND  UseAdaptiveSizePolicyFootprintGoal >= 1.0,1.0,0.4444444444444445,1.0,0.2857142857142857,44
power_law,24192,DisableExplicitGC = 1 AND UseAdaptiveSizeDecayMajorGCCost = 1 AND UseAdaptiveSizePolicyFootprintGoal = 1,DisableExplicitGC >= 1.0  AND  UseAdaptiveSizePolicyFootprintGoal >= 1.0  AND  TenuredGenerationSizeSupplement_90 >= 0.5  AND  UseAdaptiveSizeDecayMajorGCCost >= 1.0,1.0,0.5,1.0,0.3333333333333333,44
normal,24192,DisableExplicitGC = 1 AND UseAdaptiveGCBoundary = 1 AND UseAdaptiveSizePolicy = 1,DisableExplicitGC >= 1.0  AND  UseAdaptiveGCBoundary >= 1.0  AND  UseAdaptiveSizePolicy >= 1.0  AND  MaxTenuringThreshold < 7.5,1.0,0.5,1.0,0.3333333333333333,45
uniform,24192,DisableExplicitGC = 1 AND UseAdaptiveGCBoundary = 1 AND UseAdaptiveSizePolicy = 1,DisableExplicitGC >= 1.0  AND  UseAdaptiveSizePolicy >= 1.0  AND  UseAdaptiveGCBoundary >= 1.0  AND  2.0 <= NewRatio < 8.0,0.0,0.5,1.0,0.3333333333333333,45
bi_modal_split,24192,DisableExplicitGC = 1 AND UseAdaptiveGCBoundary = 1 AND UseAdaptiveSizePolicy = 1,DisableExplicitGC >= 1.0  AND  UseAdaptiveGCBoundary >= 1.0  AND  UseAdaptiveSizePolicy >= 1.0  AND  0.0 <= UseAdaptiveSizeDecayMajorGCCost < 1.0,4.0,0.6666666666666666,1.0,0.5,45
tri_modal_split,24192,DisableExplicitGC = 1 AND UseAdaptiveGCBoundary = 1 AND UseAdaptiveSizePolicy = 1,DisableExplicitGC >= 1.0  AND  UseAdaptiveSizePolicy >= 1.0  AND  2.0 <= NewRatio < 32.0  AND  UseAdaptiveGCBoundary >= 1.0,0.0,0.8,1.0,0.6666666666666666,45
power_law,0,DisableExplicitGC = 1 AND UseAdaptiveGCBoundary = 1 AND UseAdaptiveSizePolicy = 1,,,0.0,0.0,0.0,45
normal,24192,UseAdaptiveSizeDecayMajorGCCost = 1 AND UseAdaptiveSizePolicy = 1 AND UseAdaptiveSizePolicyFootprintGoal = 1,UseAdaptiveSizeDecayMajorGCCost >= 1.0  AND  UseAdaptiveSizePolicyFootprintGoal >= 1.0  AND  SurvivorRatio >= 13.5  AND  UseAdaptiveSizePolicy >= 1.0,0.0,0.7272727272727273,1.0,0.5714285714285714,46
uniform,24192,UseAdaptiveSizeDecayMajorGCCost = 1 AND UseAdaptiveSizePolicy = 1 AND UseAdaptiveSizePolicyFootprintGoal = 1,UseAdaptiveSizeDecayMajorGCCost >= 1.0  AND  UseAdaptiveSizePolicy >= 1.0  AND  7.5 <= MaxTenuringThreshold < 12.5  AND  UseAdaptiveSizePolicyFootprintGoal >= 1.0,1.0,0.5,1.0,0.3333333333333333,46
bi_modal_split,24192,UseAdaptiveSizeDecayMajorGCCost = 1 AND UseAdaptiveSizePolicy = 1 AND UseAdaptiveSizePolicyFootprintGoal = 1,UseAdaptiveSizePolicy >= 1.0  AND  UseAdaptiveSizePolicyFootprintGoal >= 1.0  AND  SurvivorRatio >= 23.5  AND  UseAdaptiveSizeDecayMajorGCCost >= 1.0,1.0,0.4444444444444445,1.0,0.2857142857142857,46
tri_modal_split,24192,UseAdaptiveSizeDecayMajorGCCost = 1 AND UseAdaptiveSizePolicy = 1 AND UseAdaptiveSizePolicyFootprintGoal = 1,UseAdaptiveSizeDecayMajorGCCost >= 1.0  AND  UseAdaptiveSizePolicy >= 1.0  AND  UseAdaptiveSizePolicyFootprintGoal >= 1.0  AND  MaxTenuringThreshold < 7.5,1.0,0.5,1.0,0.3333333333333333,46
power_law,24192,UseAdaptiveSizeDecayMajorGCCost = 1 AND UseAdaptiveSizePolicy = 1 AND UseAdaptiveSizePolicyFootprintGoal = 1,UseAdaptiveSizeDecayMajorGCCost >= 1.0  AND  UseAdaptiveSizePolicyFootprintGoal >= 1.0  AND  NewRatio < 3.0  AND  UseAdaptiveSizePolicy >= 1.0,0.0,0.5,1.0,0.3333333333333333,46
normal,24192,DisableExplicitGC = 1 AND UseAdaptiveGCBoundary = 1 AND UseAdaptiveSizePolicy = 1,UseAdaptiveGCBoundary >= 1.0  AND  DisableExplicitGC >= 1.0  AND  UseAdaptiveSizePolicy >= 1.0  AND  MaxTenuringThreshold < 12.5,4.0,0.8,1.0,0.6666666666666666,47
uniform,24192,DisableExplicitGC = 1 AND UseAdaptiveGCBoundary = 1 AND UseAdaptiveSizePolicy = 1,DisableExplicitGC >= 1.0  AND  UseAdaptiveGCBoundary >= 1.0  AND  UseAdaptiveSizePolicy >= 1.0  AND  8.5 <= SurvivorRatio < 23.5,1.0,0.6,1.0,0.4285714285714285,47
bi_modal_split,24192,DisableExplicitGC = 1 AND UseAdaptiveGCBoundary = 1 AND UseAdaptiveSizePolicy = 1,DisableExplicitGC >= 1.0  AND  UseAdaptiveGCBoundary >= 1.0  AND  TenuredGenerationSizeSupplement_70 >= 0.5  AND  UseAdaptiveSizePolicy >= 1.0,1.0,0.5,1.0,0.3333333333333333,47
tri_modal_split,24192,DisableExplicitGC = 1 AND UseAdaptiveGCBoundary = 1 AND UseAdaptiveSizePolicy = 1,UseAdaptiveGCBoundary >= 1.0  AND  UseAdaptiveSizePolicy >= 1.0  AND  DisableExplicitGC >= 1.0  AND  MaxTenuringThreshold >= 12.5,0.0,0.5,1.0,0.3333333333333333,47
power_law,24192,DisableExplicitGC = 1 AND UseAdaptiveGCBoundary = 1 AND UseAdaptiveSizePolicy = 1,DisableExplicitGC >= 1.0  AND  UseAdaptiveGCBoundary >= 1.0  AND  3.5 <= SurvivorRatio < 18.5  AND  UseAdaptiveSizePolicy >= 1.0,1.0,0.6,1.0,0.4285714285714285,47
normal,24192,DisableExplicitGC = 1 AND UseAdaptiveGCBoundary = 1 AND UseAdaptiveSizePolicyFootprintGoal = 1,UseAdaptiveGCBoundary >= 1.0  AND  UseAdaptiveSizePolicyFootprintGoal >= 1.0  AND  DisableExplicitGC >= 1.0  AND  0.0 <= TenuredGenerationSizeSupplement_70 < 0.5,1.0,0.8,1.0,0.6666666666666666,48
uniform,24192,DisableExplicitGC = 1 AND UseAdaptiveGCBoundary = 1 AND UseAdaptiveSizePolicyFootprintGoal = 1,DisableExplicitGC >= 1.0  AND  UseAdaptiveGCBoundary >= 1.0  AND  2.0 <= NewRatio < 8.0  AND  UseAdaptiveSizePolicyFootprintGoal >= 1.0,0.0,0.5,1.0,0.3333333333333333,48
bi_modal_split,24192,DisableExplicitGC = 1 AND UseAdaptiveGCBoundary = 1 AND UseAdaptiveSizePolicyFootprintGoal = 1,DisableExplicitGC >= 1.0  AND  UseAdaptiveSizePolicyFootprintGoal >= 1.0  AND  UseAdaptiveGCBoundary >= 1.0  AND  NewRatio >= 8.0,1.0,0.6666666666666666,1.0,0.5,48
tri_modal_split,24192,DisableExplicitGC = 1 AND UseAdaptiveGCBoundary = 1 AND UseAdaptiveSizePolicyFootprintGoal = 1,DisableExplicitGC >= 1.0  AND  UseAdaptiveGCBoundary >= 1.0  AND  UseAdaptiveSizePolicy >= 1.0  AND  UseAdaptiveSizePolicyFootprintGoal >= 1.0,1.0,0.6666666666666666,1.0,0.5,48
power_law,24192,DisableExplicitGC = 1 AND UseAdaptiveGCBoundary = 1 AND UseAdaptiveSizePolicyFootprintGoal = 1,UseAdaptiveSizePolicyFootprintGoal >= 1.0  AND  DisableExplicitGC >= 1.0  AND  UseAdaptiveGCBoundary >= 1.0,1.0,1.0,1.0,1.0,48
normal,24192,DisableExplicitGC = 1 AND UseAdaptiveGCBoundary = 1 AND UseAdaptiveSizePolicyFootprintGoal = 1,UseAdaptiveGCBoundary >= 1.0  AND  UseAdaptiveSizePolicyFootprintGoal >= 1.0  AND  0.0 <= UseAdaptiveSizePolicy < 1.0  AND  DisableExplicitGC >= 1.0,1.0,0.6666666666666666,1.0,0.5,49
uniform,24192,DisableExplicitGC = 1 AND UseAdaptiveGCBoundary = 1 AND UseAdaptiveSizePolicyFootprintGoal = 1,UseAdaptiveSizePolicyFootprintGoal >= 1.0  AND  UseAdaptiveGCBoundary >= 1.0  AND  8.5 <= SurvivorRatio < 18.5  AND  DisableExplicitGC >= 1.0,1.0,0.4444444444444445,1.0,0.2857142857142857,49
bi_modal_split,24192,DisableExplicitGC = 1 AND UseAdaptiveGCBoundary = 1 AND UseAdaptiveSizePolicyFootprintGoal = 1,DisableExplicitGC >= 1.0  AND  UseAdaptiveSizePolicyFootprintGoal >= 1.0  AND  UseAdaptiveGCBoundary >= 1.0  AND  TenuredGenerationSizeSupplement_70 >= 0.5,0.0,0.5,1.0,0.3333333333333333,49
tri_modal_split,24192,DisableExplicitGC = 1 AND UseAdaptiveGCBoundary = 1 AND UseAdaptiveSizePolicyFootprintGoal = 1,UseAdaptiveGCBoundary >= 1.0  AND  UseAdaptiveSizePolicyFootprintGoal >= 1.0  AND  DisableExplicitGC >= 1.0  AND  3.0 <= NewRatio < 32.0,1.0,0.6666666666666666,1.0,0.5,49
power_law,24192,DisableExplicitGC = 1 AND UseAdaptiveGCBoundary = 1 AND UseAdaptiveSizePolicyFootprintGoal = 1,DisableExplicitGC >= 1.0  AND  UseAdaptiveGCBoundary >= 1.0  AND  MaxTenuringThreshold >= 7.5  AND  UseAdaptiveSizePolicyFootprintGoal >= 1.0,0.0,0.8,1.0,0.6666666666666666,49
normal,24192,DisableExplicitGC = 1 AND UseAdaptiveSizePolicy = 1 AND UseAdaptiveSizePolicyFootprintGoal = 1,UseAdaptiveSizePolicy >= 1.0  AND  UseAdaptiveSizePolicyFootprintGoal >= 1.0  AND  DisableExplicitGC >= 1.0  AND  8.5 <= SurvivorRatio < 18.5,0.0,0.4444444444444445,1.0,0.2857142857142857,4
uniform,24192,DisableExplicitGC = 1 AND UseAdaptiveSizePolicy = 1 AND UseAdaptiveSizePolicyFootprintGoal = 1,UseAdaptiveSizePolicyFootprintGoal >= 1.0  AND  UseAdaptiveSizePolicy >= 1.0  AND  DisableExplicitGC >= 1.0  AND  3.0 <= NewRatio < 12.0,1.0,0.5,1.0,0.3333333333333333,4
bi_modal_split,24192,DisableExplicitGC = 1 AND UseAdaptiveSizePolicy = 1 AND UseAdaptiveSizePolicyFootprintGoal = 1,DisableExplicitGC >= 1.0  AND  UseAdaptiveSizePolicyFootprintGoal >= 1.0  AND  UseAdaptiveSizePolicy >= 1.0  AND  SurvivorRatio >= 3.5,0.0,0.923076923076923,1.0,0.8571428571428571,4
tri_modal_split,24192,DisableExplicitGC = 1 AND UseAdaptiveSizePolicy = 1 AND UseAdaptiveSizePolicyFootprintGoal = 1,DisableExplicitGC >= 1.0  AND  UseAdaptiveSizePolicyFootprintGoal >= 1.0  AND  UseAdaptiveSizePolicy >= 1.0  AND  4.0 <= MinSurvivorRatio < 10.0,1.0,0.6666666666666666,1.0,0.5,4
power_law,24192,DisableExplicitGC = 1 AND UseAdaptiveSizePolicy = 1 AND UseAdaptiveSizePolicyFootprintGoal = 1,DisableExplicitGC >= 1.0  AND  UseAdaptiveSizePolicy >= 1.0  AND  8.5 <= SurvivorRatio < 21.0  AND  UseAdaptiveSizePolicyFootprintGoal >= 1.0,0.0,0.4444444444444445,1.0,0.2857142857142857,4
normal,24192,UseAdaptiveGCBoundary = 1 AND UseAdaptiveSizeDecayMajorGCCost = 1 AND UseAdaptiveSizePolicy = 1,UseAdaptiveSizeDecayMajorGCCost >= 1.0  AND  UseAdaptiveSizePolicy >= 1.0  AND  UseAdaptiveGCBoundary >= 1.0  AND  8.0 <= TenuredGenerationSizeSupplementDecay < 16.0,0.0,0.4,1.0,0.25,50
uniform,24192,UseAdaptiveGCBoundary = 1 AND UseAdaptiveSizeDecayMajorGCCost = 1 AND UseAdaptiveSizePolicy = 1,UseAdaptiveGCBoundary >= 1.0  AND  UseAdaptiveSizeDecayMajorGCCost >= 1.0  AND  MaxTenuringThreshold < 7.5  AND  UseAdaptiveSizePolicy >= 1.0,1.0,0.5,1.0,0.3333333333333333,50
bi_modal_split,24192,UseAdaptiveGCBoundary = 1 AND UseAdaptiveSizeDecayMajorGCCost = 1 AND UseAdaptiveSizePolicy = 1,UseAdaptiveSizeDecayMajorGCCost >= 1.0  AND  UseAdaptiveGCBoundary >= 1.0  AND  UseAdaptiveSizePolicy >= 1.0  AND  MinSurvivorRatio >= 7.0,1.0,0.6666666666666666,1.0,0.5,50
tri_modal_split,24192,UseAdaptiveGCBoundary = 1 AND UseAdaptiveSizeDecayMajorGCCost = 1 AND UseAdaptiveSizePolicy = 1,UseAdaptiveSizePolicy >= 1.0  AND  UseAdaptiveSizeDecayMajorGCCost >= 1.0  AND  TenuredGenerationSizeSupplement_70 >= 1.0  AND  UseAdaptiveGCBoundary >= 1.0,1.0,0.5,1.0,0.3333333333333333,50
power_law,24192,UseAdaptiveGCBoundary = 1 AND UseAdaptiveSizeDecayMajorGCCost = 1 AND UseAdaptiveSizePolicy = 1,UseAdaptiveSizeDecayMajorGCCost >= 1.0  AND  UseAdaptiveGCBoundary >= 1.0  AND  UseAdaptiveSizePolicy >= 1.0,1.0,1.0,1.0,1.0,50
normal,24192,DisableExplicitGC = 1 AND UseAdaptiveGCBoundary = 1 AND UseAdaptiveSizePolicyFootprintGoal = 1,UseAdaptiveGCBoundary >= 1.0  AND  UseAdaptiveSizePolicyFootprintGoal >= 1.0  AND  DisableExplicitGC >= 1.0  AND  NewRatio >= 8.0,0.0,0.6666666666666666,1.0,0.5,51
uniform,24192,DisableExplicitGC = 1 AND UseAdaptiveGCBoundary = 1 AND UseAdaptiveSizePolicyFootprintGoal = 1,DisableExplicitGC >= 1.0  AND  UseAdaptiveGCBoundary >= 1.0  AND  UseAdaptiveSizePolicyFootprintGoal >= 1.0  AND  NewRatio < 8.0,1.0,0.6666666666666666,1.0,0.5,51
bi_modal_split,24192,DisableExplicitGC = 1 AND UseAdaptiveGCBoundary = 1 AND UseAdaptiveSizePolicyFootprintGoal = 1,DisableExplicitGC >= 1.0  AND  UseAdaptiveGCBoundary >= 1.0  AND  UseAdaptiveSizePolicyFootprintGoal >= 1.0  AND  0.0 <= UseAdaptiveSizeDecayMajorGCCost < 1.0,0.0,0.6666666666666666,1.0,0.5,51
tri_modal_split,24192,DisableExplicitGC = 1 AND UseAdaptiveGCBoundary = 1 AND UseAdaptiveSizePolicyFootprintGoal = 1,DisableExplicitGC >= 1.0  AND  UseAdaptiveGCBoundary >= 1.0  AND  2.0 <= NewRatio < 8.0  AND  UseAdaptiveSizePolicyFootprintGoal >= 1.0,0.0,0.5,1.0,0.3333333333333333,51
power_law,24192,DisableExplicitGC = 1 AND UseAdaptiveGCBoundary = 1 AND UseAdaptiveSizePolicyFootprintGoal = 1,DisableExplicitGC >= 1.0  AND  UseAdaptiveGCBoundary >= 1.0  AND  0.0 <= UseAdaptiveSizeDecayMajorGCCost < 1.0  AND  UseAdaptiveSizePolicyFootprintGoal >= 1.0,1.0,0.6666666666666666,1.0,0.5,51
normal,24192,DisableExplicitGC = 1 AND UseAdaptiveGCBoundary = 1 AND UseAdaptiveSizePolicy = 1,DisableExplicitGC >= 1.0  AND  UseAdaptiveGCBoundary >= 1.0  AND  UseAdaptiveSizePolicy >= 1.0  AND  MaxTenuringThreshold < 7.5,1.0,0.5,1.0,0.3333333333333333,52
uniform,24192,DisableExplicitGC = 1 AND UseAdaptiveGCBoundary = 1 AND UseAdaptiveSizePolicy = 1,DisableExplicitGC >= 1.0  AND  UseAdaptiveSizePolicy >= 1.0  AND  UseAdaptiveGCBoundary >= 1.0  AND  NewRatio >= 8.0,1.0,0.6666666666666666,1.0,0.5,52
bi_modal_split,24192,DisableExplicitGC = 1 AND UseAdaptiveGCBoundary = 1 AND UseAdaptiveSizePolicy = 1,UseAdaptiveGCBoundary >= 1.0  AND  UseAdaptiveSizePolicy >= 1.0  AND  DisableExplicitGC >= 1.0  AND  4.0 <= MinSurvivorRatio < 10.0,1.0,0.6666666666666666,1.0,0.5,52
tri_modal_split,24192,DisableExplicitGC = 1 AND UseAdaptiveGCBoundary = 1 AND UseAdaptiveSizePolicy = 1,DisableExplicitGC >= 1.0  AND  UseAdaptiveGCBoundary >= 1.0  AND  UseAdaptiveSizePolicy >= 1.0  AND  UseAdaptiveSizeDecayMajorGCCost >= 1.0,0.0,0.6666666666666666,1.0,0.5,52
power_law,24192,DisableExplicitGC = 1 AND UseAdaptiveGCBoundary = 1 AND UseAdaptiveSizePolicy = 1,DisableExplicitGC >= 1.0  AND  UseAdaptiveSizePolicy >= 1.0  AND  UseAdaptiveGCBoundary >= 1.0,0.0,1.0,1.0,1.0,52
normal,24192,UseAdaptiveSizeDecayMajorGCCost = 1 AND UseAdaptiveSizePolicy = 1 AND UseAdaptiveSizePolicyFootprintGoal = 1,UseAdaptiveSizePolicy >= 1.0  AND  UseAdaptiveSizePolicyFootprintGoal >= 1.0  AND  UseAdaptiveSizeDecayMajorGCCost >= 1.0  AND  3.0 <= NewRatio < 12.0,1.0,0.5,1.0,0.3333333333333333,53
uniform,24192,UseAdaptiveSizeDecayMajorGCCost = 1 AND UseAdaptiveSizePolicy = 1 AND UseAdaptiveSizePolicyFootprintGoal = 1,UseAdaptiveSizeDecayMajorGCCost >= 1.0  AND  UseAdaptiveSizePolicy >= 1.0  AND  UseAdaptiveSizePolicyFootprintGoal >= 1.0  AND  2.0 <= NewRatio < 32.0,1.0,0.8,1.0,0.6666666666666666,53
bi_modal_split,24192,UseAdaptiveSizeDecayMajorGCCost = 1 AND UseAdaptiveSizePolicy = 1 AND UseAdaptiveSizePolicyFootprintGoal = 1,UseAdaptiveSizePolicy >= 1.0  AND  UseAdaptiveSizeDecayMajorGCCost >= 1.0  AND  TenuredGenerationSizeSupplementDecay < 8.0  AND  UseAdaptiveSizePolicyFootprintGoal >= 1.0,1.0,0.6666666666666666,1.0,0.5,53
tri_modal_split,24192,UseAdaptiveSizeDecayMajorGCCost = 1 AND UseAdaptiveSizePolicy = 1 AND UseAdaptiveSizePolicyFootprintGoal = 1,UseAdaptiveSizePolicy >= 1.0  AND  UseAdaptiveSizeDecayMajorGCCost >= 1.0  AND  SurvivorRatio >= 18.5  AND  UseAdaptiveSizePolicyFootprintGoal >= 1.0,1.0,0.6,1.0,0.4285714285714285,53
power_law,24192,UseAdaptiveSizeDecayMajorGCCost = 1 AND UseAdaptiveSizePolicy = 1 AND UseAdaptiveSizePolicyFootprintGoal = 1,UseAdaptiveSizeDecayMajorGCCost >= 1.0  AND  UseAdaptiveSizePolicyFootprintGoal >= 1.0  AND  UseAdaptiveSizePolicy >= 1.0  AND  SurvivorRatio >= 13.5,0.0,0.7272727272727273,1.0,0.5714285714285714,53
normal,24192,DisableExplicitGC = 1 AND UseAdaptiveGCBoundary = 1 AND UseAdaptiveSizeDecayMajorGCCost = 1,DisableExplicitGC >= 1.0  AND  UseAdaptiveSizeDecayMajorGCCost >= 1.0  AND  3.0 <= NewRatio < 12.0  AND  UseAdaptiveGCBoundary >= 1.0,0.0,0.5,1.0,0.3333333333333333,54
uniform,24192,DisableExplicitGC = 1 AND UseAdaptiveGCBoundary = 1 AND UseAdaptiveSizeDecayMajorGCCost = 1,DisableExplicitGC >= 1.0  AND  UseAdaptiveGCBoundary >= 1.0  AND  8.0 <= NewRatio < 32.0  AND  UseAdaptiveSizeDecayMajorGCCost >= 1.0,1.0,0.5,1.0,0.3333333333333333,54
bi_modal_split,24192,DisableExplicitGC = 1 AND UseAdaptiveGCBoundary = 1 AND UseAdaptiveSizeDecayMajorGCCost = 1,UseAdaptiveGCBoundary >= 1.0  AND  UseAdaptiveSizeDecayMajorGCCost >= 1.0  AND  DisableExplicitGC >= 1.0  AND  3.5 <= SurvivorRatio < 18.5,1.0,0.6,1.0,0.4285714285714285,54
tri_modal_split,24192,DisableExplicitGC = 1 AND UseAdaptiveGCBoundary = 1 AND UseAdaptiveSizeDecayMajorGCCost = 1,UseAdaptiveGCBoundary >= 1.0  AND  UseAdaptiveSizeDecayMajorGCCost >= 1.0  AND  2.0 <= NewRatio < 12.0  AND  DisableExplicitGC >= 1.0,1.0,0.6666666666666666,1.0,0.5,54
power_law,24192,DisableExplicitGC = 1 AND UseAdaptiveGCBoundary = 1 AND UseAdaptiveSizeDecayMajorGCCost = 1,DisableExplicitGC >= 1.0  AND  UseAdaptiveSizeDecayMajorGCCost >= 1.0  AND  8.0 <= NewRatio < 32.0  AND  UseAdaptiveGCBoundary >= 1.0,0.0,0.5,1.0,0.3333333333333333,54
normal,24192,DisableExplicitGC = 1 AND UseAdaptiveSizePolicy = 1 AND UseAdaptiveSizePolicyFootprintGoal = 1,UseAdaptiveSizePolicy >= 1.0  AND  UseAdaptiveSizePolicyFootprintGoal >= 1.0  AND  MaxTenuringThreshold < 7.5  AND  DisableExplicitGC >= 1.0,0.0,0.5,1.0,0.3333333333333333,55
uniform,24192,DisableExplicitGC = 1 AND UseAdaptiveSizePolicy = 1 AND UseAdaptiveSizePolicyFootprintGoal = 1,DisableExplicitGC >= 1.0  AND  UseAdaptiveSizePolicy >= 1.0  AND  4.0 <= MinSurvivorRatio < 10.0  AND  UseAdaptiveSizePolicyFootprintGoal >= 1.0,0.0,0.6666666666666666,1.0,0.5,55
bi_modal_split,24192,DisableExplicitGC = 1 AND UseAdaptiveSizePolicy = 1 AND UseAdaptiveSizePolicyFootprintGoal = 1,UseAdaptiveSizePolicy >= 1.0  AND  UseAdaptiveSizePolicyFootprintGoal >= 1.0  AND  DisableExplicitGC >= 1.0  AND  3.0 <= NewRatio < 32.0,4.0,0.6666666666666666,1.0,0.5,55
tri_modal_split,24192,DisableExplicitGC = 1 AND UseAdaptiveSizePolicy = 1 AND UseAdaptiveSizePolicyFootprintGoal = 1,DisableExplicitGC >= 1.0  AND  UseAdaptiveSizePolicy >= 1.0  AND  UseAdaptiveSizePolicyFootprintGoal >= 1.0  AND  3.0 <= NewRatio < 12.0,1.0,0.5,1.0,0.3333333333333333,55
power_law,24192,DisableExplicitGC = 1 AND UseAdaptiveSizePolicy = 1 AND UseAdaptiveSizePolicyFootprintGoal = 1,DisableExplicitGC >= 1.0  AND  UseAdaptiveSizePolicyFootprintGoal >= 1.0  AND  8.0 <= NewRatio < 32.0  AND  UseAdaptiveSizePolicy >= 1.0,1.0,0.5,1.0,0.3333333333333333,55
normal,24192,UseAdaptiveSizeDecayMajorGCCost = 1 AND UseAdaptiveSizePolicy = 1 AND UseAdaptiveSizePolicyFootprintGoal = 1,UseAdaptiveSizePolicy >= 1.0  AND  UseAdaptiveSizeDecayMajorGCCost >= 1.0  AND  UseAdaptiveSizePolicyFootprintGoal >= 1.0  AND  MaxTenuringThreshold < 12.5,4.0,0.8,1.0,0.6666666666666666,56
uniform,24192,UseAdaptiveSizeDecayMajorGCCost = 1 AND UseAdaptiveSizePolicy = 1 AND UseAdaptiveSizePolicyFootprintGoal = 1,UseAdaptiveSizePolicy >= 1.0  AND  UseAdaptiveSizePolicyFootprintGoal >= 1.0  AND  UseAdaptiveSizeDecayMajorGCCost >= 1.0  AND  TenuredGenerationSizeSupplement_50 >= 0.5,1.0,0.5,1.0,0.3333333333333333,56
bi_modal_split,24192,UseAdaptiveSizeDecayMajorGCCost = 1 AND UseAdaptiveSizePolicy = 1 AND UseAdaptiveSizePolicyFootprintGoal = 1,UseAdaptiveSizeDecayMajorGCCost >= 1.0  AND  UseAdaptiveSizePolicyFootprintGoal >= 1.0  AND  UseAdaptiveSizePolicy >= 1.0  AND  2.0 <= NewRatio < 32.0,1.0,0.8,1.0,0.6666666666666666,56
tri_modal_split,24192,UseAdaptiveSizeDecayMajorGCCost = 1 AND UseAdaptiveSizePolicy = 1 AND UseAdaptiveSizePolicyFootprintGoal = 1,UseAdaptiveSizeDecayMajorGCCost >= 1.0  AND  UseAdaptiveSizePolicyFootprintGoal >= 1.0  AND  UseAdaptiveSizePolicy >= 1.0  AND  TenuredGenerationSizeSupplement_90 >= 0.5,1.0,0.5,1.0,0.3333333333333333,56
power_law,24192,UseAdaptiveSizeDecayMajorGCCost = 1 AND UseAdaptiveSizePolicy = 1 AND UseAdaptiveSizePolicyFootprintGoal = 1,UseAdaptiveSizePolicyFootprintGoal >= 1.0  AND  UseAdaptiveSizeDecayMajorGCCost >= 1.0  AND  DisableExplicitGC >= 1.0  AND  UseAdaptiveSizePolicy >= 1.0,1.0,0.6666666666666666,1.0,0.5,56
normal,24192,DisableExplicitGC = 1 AND UseAdaptiveGCBoundary = 1 AND UseAdaptiveSizePolicy = 1,DisableExplicitGC >= 1.0  AND  UseAdaptiveSizePolicy >= 1.0  AND  UseAdaptiveGCBoundary >= 1.0  AND  TenuredGenerationSizeSupplementDecay >= 8.0,1.0,0.6666666666666666,1.0,0.5,57
uniform,24192,DisableExplicitGC = 1 AND UseAdaptiveGCBoundary = 1 AND UseAdaptiveSizePolicy = 1,DisableExplicitGC >= 1.0  AND  UseAdaptiveSizePolicy >= 1.0  AND  4.0 <= MinSurvivorRatio < 10.0  AND  UseAdaptiveGCBoundary >= 1.0,1.0,0.6666666666666666,1.0,0.5,57
bi_modal_split,24192,DisableExplicitGC = 1 AND UseAdaptiveGCBoundary = 1 AND UseAdaptiveSizePolicy = 1,DisableExplicitGC >= 1.0  AND  UseAdaptiveGCBoundary >= 1.0  AND  13.5 <= SurvivorRatio < 23.5  AND  UseAdaptiveSizePolicy >= 1.0,1.0,0.4444444444444445,1.0,0.2857142857142857,57
tri_modal_split,24192,DisableExplicitGC = 1 AND UseAdaptiveGCBoundary = 1 AND UseAdaptiveSizePolicy = 1,DisableExplicitGC >= 1.0  AND  UseAdaptiveGCBoundary >= 1.0  AND  UseAdaptiveSizePolicy >= 1.0  AND  MaxTenuringThreshold >= 12.5,1.0,0.5,1.0,0.3333333333333333,57
power_law,24192,DisableExplicitGC = 1 AND UseAdaptiveGCBoundary = 1 AND UseAdaptiveSizePolicy = 1,DisableExplicitGC >= 1.0  AND  NewRatio >= 3.0  AND  UseAdaptiveGCBoundary >= 1.0  AND  UseAdaptiveSizePolicy >= 1.0,0.0,0.8,1.0,0.6666666666666666,57
normal,24192,DisableExplicitGC = 1 AND UseAdaptiveGCBoundary = 1 AND UseAdaptiveSizePolicyFootprintGoal = 1,DisableExplicitGC >= 1.0  AND  UseAdaptiveGCBoundary >= 1.0  AND  UseAdaptiveSizePolicyFootprintGoal >= 1.0  AND  2.0 <= NewRatio < 8.0,1.0,0.5,1.0,0.3333333333333333,58
uniform,24192,DisableExplicitGC = 1 AND UseAdaptiveGCBoundary = 1 AND UseAdaptiveSizePolicyFootprintGoal = 1,DisableExplicitGC >= 1.0  AND  UseAdaptiveSizePolicyFootprintGoal >= 1.0  AND  NewRatio >= 8.0  AND  UseAdaptiveGCBoundary >= 1.0,0.0,0.6666666666666666,1.0,0.5,58
bi_modal_split,24192,DisableExplicitGC = 1 AND UseAdaptiveGCBoundary = 1 AND UseAdaptiveSizePolicyFootprintGoal = 1,DisableExplicitGC >= 1.0  AND  UseAdaptiveGCBoundary >= 1.0  AND  0.0 <= UseAdaptiveSizeDecayMajorGCCost < 1.0  AND  UseAdaptiveSizePolicyFootprintGoal >= 1.0,1.0,0.6666666666666666,1.0,0.5,58
tri_modal_split,24192,DisableExplicitGC = 1 AND UseAdaptiveGCBoundary = 1 AND UseAdaptiveSizePolicyFootprintGoal = 1,UseAdaptiveSizePolicyFootprintGoal >= 1.0  AND  UseAdaptiveGCBoundary >= 1.0  AND  DisableExplicitGC >= 1.0  AND  MaxTenuringThreshold >= 12.5,1.0,0.5,1.0,0.3333333333333333,58
power_law,24192,DisableExplicitGC = 1 AND UseAdaptiveGCBoundary = 1 AND UseAdaptiveSizePolicyFootprintGoal = 1,DisableExplicitGC >= 1.0  AND  UseAdaptiveGCBoundary >= 1.0  AND  NewRatio >= 8.0  AND  UseAdaptiveSizePolicyFootprintGoal >= 1.0,0.0,0.6666666666666666,1.0,0.5,58
normal,24192,UseAdaptiveGCBoundary = 1 AND UseAdaptiveSizePolicy = 1 AND UseAdaptiveSizePolicyFootprintGoal = 1,UseAdaptiveGCBoundary >= 1.0  AND  UseAdaptiveSizePolicyFootprintGoal >= 1.0  AND  TenuredGenerationSizeSupplementDecay < 8.0  AND  UseAdaptiveSizePolicy >= 1.0,1.0,0.6666666666666666,1.0,0.5,59
uniform,24192,UseAdaptiveGCBoundary = 1 AND UseAdaptiveSizePolicy = 1 AND UseAdaptiveSizePolicyFootprintGoal = 1,UseAdaptiveGCBoundary >= 1.0  AND  UseAdaptiveSizePolicy >= 1.0  AND  UseAdaptiveSizePolicyFootprintGoal >= 1.0  AND  NewRatio >= 12.0,1.0,0.5,1.0,0.3333333333333333,59
bi_modal_split,24192,UseAdaptiveGCBoundary = 1 AND UseAdaptiveSizePolicy = 1 AND UseAdaptiveSizePolicyFootprintGoal = 1,UseAdaptiveGCBoundary >= 1.0  AND  UseAdaptiveSizePolicy >= 1.0  AND  UseAdaptiveSizePolicyFootprintGoal >= 1.0  AND  3.0 <= NewRatio < 12.0,1.0,0.5,1.0,0.3333333333333333,59
tri_modal_split,24192,UseAdaptiveGCBoundary = 1 AND UseAdaptiveSizePolicy = 1 AND UseAdaptiveSizePolicyFootprintGoal = 1,UseAdaptiveSizePolicy >= 1.0  AND  UseAdaptiveGCBoundary >= 1.0  AND  UseAdaptiveSizePolicyFootprintGoal >= 1.0  AND  8.5 <= SurvivorRatio < 23.5,1.0,0.6,1.0,0.4285714285714285,59
power_law,24192,UseAdaptiveGCBoundary = 1 AND UseAdaptiveSizePolicy = 1 AND UseAdaptiveSizePolicyFootprintGoal = 1,UseAdaptiveSizePolicyFootprintGoal >= 1.0  AND  UseAdaptiveSizePolicy >= 1.0  AND  UseAdaptiveGCBoundary >= 1.0  AND  MinSurvivorRatio < 7.0,1.0,0.6666666666666666,1.0,0.5,59
normal,24192,DisableExplicitGC = 1 AND UseAdaptiveSizeDecayMajorGCCost = 1 AND UseAdaptiveSizePolicy = 1,DisableExplicitGC >= 1.0  AND  UseAdaptiveSizeDecayMajorGCCost >= 1.0  AND  UseAdaptiveSizePolicy >= 1.0  AND  MinSurvivorRatio < 4.0,0.0,0.4,1.0,0.25,5
uniform,24192,DisableExplicitGC = 1 AND UseAdaptiveSizeDecayMajorGCCost = 1 AND UseAdaptiveSizePolicy = 1,DisableExplicitGC >= 1.0  AND  UseAdaptiveSizeDecayMajorGCCost >= 1.0  AND  UseAdaptiveSizePolicy >= 1.0  AND  8.0 <= NewRatio < 32.0,1.0,0.5,1.0,0.3333333333333333,5
bi_modal_split,24192,DisableExplicitGC = 1 AND UseAdaptiveSizeDecayMajorGCCost = 1 AND UseAdaptiveSizePolicy = 1,DisableExplicitGC >= 1.0  AND  UseAdaptiveSizePolicy >= 1.0  AND  TenuredGenerationSizeSupplement_50 >= 0.5  AND  UseAdaptiveSizeDecayMajorGCCost >= 1.0,0.0,0.5,1.0,0.3333333333333333,5
tri_modal_split,24192,DisableExplicitGC = 1 AND UseAdaptiveSizeDecayMajorGCCost = 1 AND UseAdaptiveSizePolicy = 1,DisableExplicitGC >= 1.0  AND  UseAdaptiveSizePolicy >= 1.0  AND  UseAdaptiveSizePolicyFootprintGoal >= 1.0  AND  UseAdaptiveSizeDecayMajorGCCost >= 1.0,1.0,0.6666666666666666,1.0,0.5,5
power_law,24192,DisableExplicitGC = 1 AND UseAdaptiveSizeDecayMajorGCCost = 1 AND UseAdaptiveSizePolicy = 1,DisableExplicitGC >= 1.0  AND  UseAdaptiveSizeDecayMajorGCCost >= 1.0  AND  UseAdaptiveGCBoundary >= 1.0  AND  UseAdaptiveSizePolicy >= 1.0,0.0,0.6666666666666666,1.0,0.5,5
normal,24192,UseAdaptiveGCBoundary = 1 AND UseAdaptiveSizeDecayMajorGCCost = 1 AND UseAdaptiveSizePolicyFootprintGoal = 1,UseAdaptiveSizePolicyFootprintGoal >= 1.0  AND  UseAdaptiveGCBoundary >= 1.0  AND  MaxTenuringThreshold >= 10.0  AND  UseAdaptiveSizeDecayMajorGCCost >= 1.0,1.0,0.8,1.0,0.6666666666666666,60
uniform,24192,UseAdaptiveGCBoundary = 1 AND UseAdaptiveSizeDecayMajorGCCost = 1 AND UseAdaptiveSizePolicyFootprintGoal = 1,UseAdaptiveGCBoundary >= 1.0  AND  UseAdaptiveSizePolicyFootprintGoal >= 1.0  AND  TenuredGenerationSizeSupplement_50 >= 1.0  AND  UseAdaptiveSizeDecayMajorGCCost >= 1.0,1.0,0.5,1.0,0.3333333333333333,60
bi_modal_split,24192,UseAdaptiveGCBoundary = 1 AND UseAdaptiveSizeDecayMajorGCCost = 1 AND UseAdaptiveSizePolicyFootprintGoal = 1,UseAdaptiveSizePolicyFootprintGoal >= 1.0  AND  UseAdaptiveGCBoundary >= 1.0  AND  4.0 <= TenuredGenerationSizeSupplementDecay < 8.0  AND  UseAdaptiveSizeDecayMajorGCCost >= 1.0,0.0,0.4,1.0,0.25,60
tri_modal_split,24192,UseAdaptiveGCBoundary = 1 AND UseAdaptiveSizeDecayMajorGCCost = 1 AND UseAdaptiveSizePolicyFootprintGoal = 1,UseAdaptiveSizePolicyFootprintGoal >= 1.0  AND  UseAdaptiveGCBoundary >= 1.0  AND  NewRatio >= 12.0  AND  UseAdaptiveSizeDecayMajorGCCost >= 1.0,0.0,0.5,1.0,0.3333333333333333,60
power_law,24192,UseAdaptiveGCBoundary = 1 AND UseAdaptiveSizeDecayMajorGCCost = 1 AND UseAdaptiveSizePolicyFootprintGoal = 1,UseAdaptiveSizeDecayMajorGCCost >= 1.0  AND  UseAdaptiveGCBoundary >= 1.0  AND  UseAdaptiveSizePolicyFootprintGoal >= 1.0  AND  2.0 <= NewRatio < 8.0,1.0,0.5,1.0,0.3333333333333333,60
normal,24192,DisableExplicitGC = 1 AND UseAdaptiveGCBoundary = 1 AND UseAdaptiveSizePolicy = 1,DisableExplicitGC >= 1.0  AND  UseAdaptiveGCBoundary >= 1.0  AND  UseAdaptiveSizePolicy >= 1.0  AND  TenuredGenerationSizeSupplementDecay < 8.0,1.0,0.6666666666666666,1.0,0.5,61
uniform,24192,DisableExplicitGC = 1 AND UseAdaptiveGCBoundary = 1 AND UseAdaptiveSizePolicy = 1,DisableExplicitGC >= 1.0  AND  UseAdaptiveGCBoundary >= 1.0  AND  UseAdaptiveSizePolicy >= 1.0  AND  UseAdaptiveSizePolicyFootprintGoal >= 1.0,1.0,0.6666666666666666,1.0,0.5,61
bi_modal_split,24192,DisableExplicitGC = 1 AND UseAdaptiveGCBoundary = 1 AND UseAdaptiveSizePolicy = 1,DisableExplicitGC >= 1.0  AND  UseAdaptiveSizePolicy >= 1.0  AND  UseAdaptiveGCBoundary >= 1.0  AND  TenuredGenerationSizeSupplementDecay >= 8.0,1.0,0.6666666666666666,1.0,0.5,61
tri_modal_split,24192,DisableExplicitGC = 1 AND UseAdaptiveGCBoundary = 1 AND UseAdaptiveSizePolicy = 1,DisableExplicitGC >= 1.0  AND  UseAdaptiveGCBoundary >= 1.0  AND  UseAdaptiveSizePolicy >= 1.0  AND  MaxTenuringThreshold >= 12.5,1.0,0.5,1.0,0.3333333333333333,61
power_law,24192,DisableExplicitGC = 1 AND UseAdaptiveGCBoundary = 1 AND UseAdaptiveSizePolicy = 1,DisableExplicitGC >= 1.0  AND  UseAdaptiveGCBoundary >= 1.0  AND  UseAdaptiveSizePolicy >= 1.0  AND  UseAdaptiveSizePolicyFootprintGoal >= 1.0,1.0,0.6666666666666666,1.0,0.5,61
normal,24192,UseAdaptiveGCBoundary = 1 AND UseAdaptiveSizeDecayMajorGCCost = 1 AND UseAdaptiveSizePolicyFootprintGoal = 1,UseAdaptiveSizeDecayMajorGCCost >= 1.0  AND  UseAdaptiveGCBoundary >= 1.0  AND  UseAdaptiveSizePolicyFootprintGoal >= 1.0  AND  TenuredGenerationSizeSupplementDecay >= 8.0,1.0,0.6666666666666666,1.0,0.5,62
uniform,24192,UseAdaptiveGCBoundary = 1 AND UseAdaptiveSizeDecayMajorGCCost = 1 AND UseAdaptiveSizePolicyFootprintGoal = 1,UseAdaptiveGCBoundary >= 1.0  AND  UseAdaptiveSizeDecayMajorGCCost >= 1.0  AND  UseAdaptiveSizePolicyFootprintGoal >= 1.0  AND  0.0 <= UseAdaptiveSizePolicy < 1.0,1.0,0.6666666666666666,1.0,0.5,62
bi_modal_split,24192,UseAdaptiveGCBoundary = 1 AND UseAdaptiveSizeDecayMajorGCCost = 1 AND UseAdaptiveSizePolicyFootprintGoal = 1,UseAdaptiveGCBoundary >= 1.0  AND  UseAdaptiveSizeDecayMajorGCCost >= 1.0  AND  DisableExplicitGC >= 1.0  AND  UseAdaptiveSizePolicyFootprintGoal >= 1.0,1.0,0.6666666666666666,1.0,0.5,62
tri_modal_split,24192,UseAdaptiveGCBoundary = 1 AND UseAdaptiveSizeDecayMajorGCCost = 1 AND UseAdaptiveSizePolicyFootprintGoal = 1,UseAdaptiveSizeDecayMajorGCCost >= 1.0  AND  UseAdaptiveSizePolicyFootprintGoal >= 1.0  AND  UseAdaptiveSizePolicy >= 1.0  AND  UseAdaptiveGCBoundary >= 1.0,1.0,0.6666666666666666,1.0,0.5,62
power_law,24192,UseAdaptiveGCBoundary = 1 AND UseAdaptiveSizeDecayMajorGCCost = 1 AND UseAdaptiveSizePolicyFootprintGoal = 1,UseAdaptiveSizePolicyFootprintGoal >= 1.0  AND  UseAdaptiveGCBoundary >= 1.0  AND  TenuredGenerationSizeSupplementDecay < 8.0  AND  UseAdaptiveSizeDecayMajorGCCost >= 1.0,1.0,0.6666666666666666,1.0,0.5,62
normal,24192,DisableExplicitGC = 1 AND UseAdaptiveGCBoundary = 1 AND UseAdaptiveSizePolicy = 1,DisableExplicitGC >= 1.0  AND  UseAdaptiveGCBoundary >= 1.0  AND  UseAdaptiveSizePolicy >= 1.0  AND  7.5 <= MaxTenuringThreshold < 12.5,1.0,0.5,1.0,0.3333333333333333,63
uniform,24192,DisableExplicitGC = 1 AND UseAdaptiveGCBoundary = 1 AND UseAdaptiveSizePolicy = 1,DisableExplicitGC >= 1.0  AND  UseAdaptiveGCBoundary >= 1.0  AND  NewRatio < 4.0  AND  UseAdaptiveSizePolicy >= 1.0,0.0,0.5,1.0,0.3333333333333333,63
bi_modal_split,24192,DisableExplicitGC = 1 AND UseAdaptiveGCBoundary = 1 AND UseAdaptiveSizePolicy = 1,UseAdaptiveSizePolicy >= 1.0  AND  UseAdaptiveGCBoundary >= 1.0  AND  DisableExplicitGC >= 1.0  AND  TenuredGenerationSizeSupplement_90 >= 0.5,0.0,0.5,1.0,0.3333333333333333,63
tri_modal_split,24192,DisableExplicitGC = 1 AND UseAdaptiveGCBoundary = 1 AND UseAdaptiveSizePolicy = 1,DisableExplicitGC >= 1.0  AND  UseAdaptiveGCBoundary >= 1.0  AND  UseAdaptiveSizePolicyFootprintGoal >= 1.0  AND  UseAdaptiveSizePolicy >= 1.0,1.0,0.6666666666666666,1.0,0.5,63
power_law,24192,DisableExplicitGC = 1 AND UseAdaptiveGCBoundary = 1 AND UseAdaptiveSizePolicy = 1,DisableExplicitGC >= 1.0  AND  UseAdaptiveGCBoundary >= 1.0  AND  UseAdaptiveSizePolicy >= 1.0  AND  MaxTenuringThreshold < 7.5,1.0,0.5,1.0,0.3333333333333333,63
normal,24192,UseAdaptiveGCBoundary = 1 AND UseAdaptiveSizeDecayMajorGCCost = 1 AND UseAdaptiveSizePolicy = 1,UseAdaptiveSizeDecayMajorGCCost >= 1.0  AND  UseAdaptiveGCBoundary >= 1.0  AND  UseAdaptiveSizePolicy >= 1.0  AND  NewRatio < 8.0,1.0,0.6666666666666666,1.0,0.5,64
uniform,24192,UseAdaptiveGCBoundary = 1 AND UseAdaptiveSizeDecayMajorGCCost = 1 AND UseAdaptiveSizePolicy = 1,UseAdaptiveGCBoundary >= 1.0  AND  UseAdaptiveSizeDecayMajorGCCost >= 1.0  AND  MaxTenuringThreshold >= 12.5  AND  UseAdaptiveSizePolicy >= 1.0,1.0,0.5,1.0,0.3333333333333333,64
bi_modal_split,24192,UseAdaptiveGCBoundary = 1 AND UseAdaptiveSizeDecayMajorGCCost = 1 AND UseAdaptiveSizePolicy = 1,UseAdaptiveGCBoundary >= 1.0  AND  UseAdaptiveSizePolicy >= 1.0  AND  DisableExplicitGC >= 1.0  AND  UseAdaptiveSizeDecayMajorGCCost >= 1.0,1.0,0.6666666666666666,1.0,0.5,64
tri_modal_split,24192,UseAdaptiveGCBoundary = 1 AND UseAdaptiveSizeDecayMajorGCCost = 1 AND UseAdaptiveSizePolicy = 1,UseAdaptiveGCBoundary >= 1.0  AND  UseAdaptiveSizeDecayMajorGCCost >= 1.0  AND  UseAdaptiveSizePolicy >= 1.0  AND  13.5 <= SurvivorRatio < 23.5,1.0,0.4444444444444445,1.0,0.2857142857142857,64
power_law,24192,UseAdaptiveGCBoundary = 1 AND UseAdaptiveSizeDecayMajorGCCost = 1 AND UseAdaptiveSizePolicy = 1,UseAdaptiveSizePolicy >= 1.0  AND  UseAdaptiveSizeDecayMajorGCCost >= 1.0  AND  UseAdaptiveSizePolicyFootprintGoal >= 1.0  AND  UseAdaptiveGCBoundary >= 1.0,1.0,0.6666666666666666,1.0,0.5,64
normal,24192,DisableExplicitGC = 1 AND UseAdaptiveSizeDecayMajorGCCost = 1 AND UseAdaptiveSizePolicyFootprintGoal = 1,DisableExplicitGC >= 1.0  AND  UseAdaptiveSizePolicyFootprintGoal >= 1.0  AND  11.0 <= SurvivorRatio < 31.0  AND  UseAdaptiveSizeDecayMajorGCCost >= 1.0,0.0,0.7272727272727273,1.0,0.5714285714285714,65
uniform,24192,DisableExplicitGC = 1 AND UseAdaptiveSizeDecayMajorGCCost = 1 AND UseAdaptiveSizePolicyFootprintGoal = 1,UseAdaptiveSizeDecayMajorGCCost >= 1.0  AND  UseAdaptiveSizePolicyFootprintGoal >= 1.0  AND  DisableExplicitGC >= 1.0  AND  UseAdaptiveGCBoundary >= 1.0,1.0,0.6666666666666666,1.0,0.5,65
bi_modal_split,24192,DisableExplicitGC = 1 AND UseAdaptiveSizeDecayMajorGCCost = 1 AND UseAdaptiveSizePolicyFootprintGoal = 1,DisableExplicitGC >= 1.0  AND  UseAdaptiveSizeDecayMajorGCCost >= 1.0  AND  8.5 <= SurvivorRatio < 28.5  AND  UseAdaptiveSizePolicyFootprintGoal >= 1.0,0.0,0.7272727272727273,1.0,0.5714285714285714,65
tri_modal_split,24192,DisableExplicitGC = 1 AND UseAdaptiveSizeDecayMajorGCCost = 1 AND UseAdaptiveSizePolicyFootprintGoal = 1,DisableExplicitGC >= 1.0  AND  UseAdaptiveSizeDecayMajorGCCost >= 1.0  AND  MinSurvivorRatio >= 10.0  AND  UseAdaptiveSizePolicyFootprintGoal >= 1.0,0.0,0.4,1.0,0.25,65
power_law,24192,DisableExplicitGC = 1 AND UseAdaptiveSizeDecayMajorGCCost = 1 AND UseAdaptiveSizePolicyFootprintGoal = 1,DisableExplicitGC >= 1.0  AND  UseAdaptiveSizePolicyFootprintGoal >= 1.0  AND  NewRatio < 32.0  AND  UseAdaptiveSizeDecayMajorGCCost >= 1.0,0.0,0.9090909090909092,1.0,0.8333333333333334,65
normal,24192,UseAdaptiveGCBoundary = 1 AND UseAdaptiveSizeDecayMajorGCCost = 1 AND UseAdaptiveSizePolicy = 1,UseAdaptiveSizePolicy >= 1.0  AND  UseAdaptiveSizeDecayMajorGCCost >= 1.0  AND  MaxTenuringThreshold >= 12.5  AND  UseAdaptiveGCBoundary >= 1.0,1.0,0.5,1.0,0.3333333333333333,66
uniform,24192,UseAdaptiveGCBoundary = 1 AND UseAdaptiveSizeDecayMajorGCCost = 1 AND UseAdaptiveSizePolicy = 1,UseAdaptiveSizePolicy >= 1.0  AND  UseAdaptiveSizeDecayMajorGCCost >= 1.0  AND  UseAdaptiveGCBoundary >= 1.0  AND  MaxTenuringThreshold >= 12.5,1.0,0.5,1.0,0.3333333333333333,66
bi_modal_split,24192,UseAdaptiveGCBoundary = 1 AND UseAdaptiveSizeDecayMajorGCCost = 1 AND UseAdaptiveSizePolicy = 1,UseAdaptiveSizePolicy >= 1.0  AND  UseAdaptiveGCBoundary >= 1.0  AND  UseAdaptiveSizeDecayMajorGCCost >= 1.0,0.0,1.0,1.0,1.0,66
tri_modal_split,24192,UseAdaptiveGCBoundary = 1 AND UseAdaptiveSizeDecayMajorGCCost = 1 AND UseAdaptiveSizePolicy = 1,UseAdaptiveSizePolicy >= 1.0  AND  UseAdaptiveGCBoundary >= 1.0  AND  UseAdaptiveSizeDecayMajorGCCost >= 1.0  AND  TenuredGenerationSizeSupplementDecay >= 16.0,0.0,0.4,1.0,0.25,66
power_law,24192,UseAdaptiveGCBoundary = 1 AND UseAdaptiveSizeDecayMajorGCCost = 1 AND UseAdaptiveSizePolicy = 1,UseAdaptiveSizePolicy >= 1.0  AND  UseAdaptiveGCBoundary >= 1.0  AND  13.5 <= SurvivorRatio < 23.5  AND  UseAdaptiveSizeDecayMajorGCCost >= 1.0,1.0,0.4444444444444445,1.0,0.2857142857142857,66
normal,24192,DisableExplicitGC = 1 AND UseAdaptiveGCBoundary = 1 AND UseAdaptiveSizePolicyFootprintGoal = 1,DisableExplicitGC >= 1.0  AND  UseAdaptiveGCBoundary >= 1.0  AND  UseAdaptiveSizePolicyFootprintGoal >= 1.0  AND  UseAdaptiveSizePolicy >= 1.0,1.0,0.6666666666666666,1.0,0.5,67
uniform,24192,DisableExplicitGC = 1 AND UseAdaptiveGCBoundary = 1 AND UseAdaptiveSizePolicyFootprintGoal = 1,UseAdaptiveGCBoundary >= 1.0  AND  UseAdaptiveSizePolicyFootprintGoal >= 1.0  AND  3.5 <= SurvivorRatio < 21.0  AND  DisableExplicitGC >= 1.0,1.0,0.6,1.0,0.4285714285714285,67
bi_modal_split,24192,DisableExplicitGC = 1 AND UseAdaptiveGCBoundary = 1 AND UseAdaptiveSizePolicyFootprintGoal = 1,DisableExplicitGC >= 1.0  AND  UseAdaptiveGCBoundary >= 1.0  AND  UseAdaptiveSizePolicyFootprintGoal >= 1.0  AND  0.0 <= TenuredGenerationSizeSupplement_50 < 0.5,1.0,0.8,1.0,0.6666666666666666,67
tri_modal_split,24192,DisableExplicitGC = 1 AND UseAdaptiveGCBoundary = 1 AND UseAdaptiveSizePolicyFootprintGoal = 1,UseAdaptiveGCBoundary >= 1.0  AND  UseAdaptiveSizePolicyFootprintGoal >= 1.0  AND  UseAdaptiveSizePolicy >= 1.0  AND  DisableExplicitGC >= 1.0,1.0,0.6666666666666666,1.0,0.5,67
power_law,24192,DisableExplicitGC = 1 AND UseAdaptiveGCBoundary = 1 AND UseAdaptiveSizePolicyFootprintGoal = 1,DisableExplicitGC >= 1.0  AND  UseAdaptiveSizePolicyFootprintGoal >= 1.0  AND  3.5 <= SurvivorRatio < 31.0  AND  UseAdaptiveGCBoundary >= 1.0,1.0,0.8333333333333333,1.0,0.7142857142857143,67
normal,24192,UseAdaptiveSizeDecayMajorGCCost = 1 AND UseAdaptiveSizePolicy = 1 AND UseAdaptiveSizePolicyFootprintGoal = 1,UseAdaptiveSizeDecayMajorGCCost >= 1.0  AND  UseAdaptiveSizePolicy >= 1.0  AND  UseAdaptiveSizePolicyFootprintGoal >= 1.0  AND  4.0 <= TenuredGenerationSizeSupplementDecay < 16.0,1.0,0.6666666666666666,1.0,0.5,68
uniform,24192,UseAdaptiveSizeDecayMajorGCCost = 1 AND UseAdaptiveSizePolicy = 1 AND UseAdaptiveSizePolicyFootprintGoal = 1,UseAdaptiveSizePolicyFootprintGoal >= 1.0  AND  UseAdaptiveSizeDecayMajorGCCost >= 1.0  AND  UseAdaptiveSizePolicy >= 1.0  AND  NewRatio < 12.0,1.0,0.8,1.0,0.6666666666666666,68
bi_modal_split,24192,UseAdaptiveSizeDecayMajorGCCost = 1 AND UseAdaptiveSizePolicy = 1 AND UseAdaptiveSizePolicyFootprintGoal = 1,UseAdaptiveSizePolicyFootprintGoal >= 1.0  AND  UseAdaptiveSizeDecayMajorGCCost >= 1.0  AND  UseAdaptiveSizePolicy >= 1.0  AND  MinSurvivorRatio >= 7.0,1.0,0.6666666666666666,1.0,0.5,68
tri_modal_split,24192,UseAdaptiveSizeDecayMajorGCCost = 1 AND UseAdaptiveSizePolicy = 1 AND UseAdaptiveSizePolicyFootprintGoal = 1,UseAdaptiveSizePolicyFootprintGoal >= 1.0  AND  UseAdaptiveSizeDecayMajorGCCost >= 1.0  AND  4.0 <= MinSurvivorRatio < 10.0  AND  UseAdaptiveSizePolicy >= 1.0,1.0,0.6666666666666666,1.0,0.5,68
power_law,24192,UseAdaptiveSizeDecayMajorGCCost = 1 AND UseAdaptiveSizePolicy = 1 AND UseAdaptiveSizePolicyFootprintGoal = 1,UseAdaptiveSizeDecayMajorGCCost >= 1.0  AND  UseAdaptiveSizePolicy >= 1.0  AND  MinSurvivorRatio >= 4.0  AND  UseAdaptiveSizePolicyFootprintGoal >= 1.0,0.0,0.8571428571428571,1.0,0.75,68
normal,24192,UseAdaptiveGCBoundary = 1 AND UseAdaptiveSizeDecayMajorGCCost = 1 AND UseAdaptiveSizePolicy = 1,UseAdaptiveSizePolicy >= 1.0  AND  UseAdaptiveSizeDecayMajorGCCost >= 1.0  AND  MinSurvivorRatio >= 7.0  AND  UseAdaptiveGCBoundary >= 1.0,0.0,0.6666666666666666,1.0,0.5,69
uniform,24192,UseAdaptiveGCBoundary = 1 AND UseAdaptiveSizeDecayMajorGCCost = 1 AND UseAdaptiveSizePolicy = 1,UseAdaptiveSizePolicy >= 1.0  AND  UseAdaptiveSizeDecayMajorGCCost >= 1.0  AND  UseAdaptiveGCBoundary >= 1.0  AND  SurvivorRatio >= 23.5,0.0,0.4444444444444445,1.0,0.2857142857142857,69
bi_modal_split,24192,UseAdaptiveGCBoundary = 1 AND UseAdaptiveSizeDecayMajorGCCost = 1 AND UseAdaptiveSizePolicy = 1,UseAdaptiveGCBoundary >= 1.0  AND  UseAdaptiveSizeDecayMajorGCCost >= 1.0  AND  UseAdaptiveSizePolicy >= 1.0  AND  TenuredGenerationSizeSupplement_90 >= 0.5,0.0,0.5,1.0,0.3333333333333333,69
tri_modal_split,24192,UseAdaptiveGCBoundary = 1 AND UseAdaptiveSizeDecayMajorGCCost = 1 AND UseAdaptiveSizePolicy = 1,UseAdaptiveSizeDecayMajorGCCost >= 1.0  AND  UseAdaptiveSizePolicy >= 1.0  AND  DisableExplicitGC >= 1.0  AND  UseAdaptiveGCBoundary >= 1.0,0.0,0.6666666666666666,1.0,0.5,69
power_law,24192,UseAdaptiveGCBoundary = 1 AND UseAdaptiveSizeDecayMajorGCCost = 1 AND UseAdaptiveSizePolicy = 1,UseAdaptiveGCBoundary >= 1.0  AND  UseAdaptiveSizeDecayMajorGCCost >= 1.0  AND  NewRatio >= 8.0  AND  UseAdaptiveSizePolicy >= 1.0,1.0,0.6666666666666666,1.0,0.5,69
normal,24192,UseAdaptiveGCBoundary = 1 AND UseAdaptiveSizePolicy = 1 AND UseAdaptiveSizePolicyFootprintGoal = 1,UseAdaptiveSizePolicy >= 1.0  AND  UseAdaptiveGCBoundary >= 1.0  AND  UseAdaptiveSizePolicyFootprintGoal >= 1.0  AND  0.0 <= DisableExplicitGC < 1.0,1.0,0.6666666666666666,1.0,0.5,6
uniform,24192,UseAdaptiveGCBoundary = 1 AND UseAdaptiveSizePolicy = 1 AND UseAdaptiveSizePolicyFootprintGoal = 1,UseAdaptiveSizePolicyFootprintGoal >= 1.0  AND  UseAdaptiveSizePolicy >= 1.0  AND  MinSurvivorRatio < 7.0  AND  UseAdaptiveGCBoundary >= 1.0,0.0,0.6666666666666666,1.0,0.5,6
bi_modal_split,24192,UseAdaptiveGCBoundary = 1 AND UseAdaptiveSizePolicy = 1 AND UseAdaptiveSizePolicyFootprintGoal = 1,UseAdaptiveSizePolicy >= 1.0  AND  UseAdaptiveGCBoundary >= 1.0  AND  TenuredGenerationSizeSupplement_50 >= 1.0  AND  UseAdaptiveSizePolicyFootprintGoal >= 1.0,0.0,0.5,1.0,0.3333333333333333,6
tri_modal_split,24192,UseAdaptiveGCBoundary = 1 AND UseAdaptiveSizePolicy = 1 AND UseAdaptiveSizePolicyFootprintGoal = 1,UseAdaptiveSizePolicy >= 1.0  AND  UseAdaptiveGCBoundary >= 1.0  AND  UseAdaptiveSizePolicyFootprintGoal >= 1.0  AND  SurvivorRatio >= 23.5,1.0,0.4444444444444445,1.0,0.2857142857142857,6
power_law,24192,UseAdaptiveGCBoundary = 1 AND UseAdaptiveSizePolicy = 1 AND UseAdaptiveSizePolicyFootprintGoal = 1,UseAdaptiveSizePolicy >= 1.0  AND  UseAdaptiveGCBoundary >= 1.0  AND  0.0 <= TenuredGenerationSizeSupplement_70 < 0.5  AND  UseAdaptiveSizePolicyFootprintGoal >= 1.0,1.0,0.8,1.0,0.6666666666666666,6
normal,24192,UseAdaptiveGCBoundary = 1 AND UseAdaptiveSizeDecayMajorGCCost = 1 AND UseAdaptiveSizePolicyFootprintGoal = 1,UseAdaptiveGCBoundary >= 1.0  AND  UseAdaptiveSizeDecayMajorGCCost >= 1.0  AND  UseAdaptiveSizePolicyFootprintGoal >= 1.0  AND  8.0 <= TenuredGenerationSizeSupplementDecay < 16.0,0.0,0.4,1.0,0.25,70
uniform,24192,UseAdaptiveGCBoundary = 1 AND UseAdaptiveSizeDecayMajorGCCost = 1 AND UseAdaptiveSizePolicyFootprintGoal = 1,UseAdaptiveSizePolicyFootprintGoal >= 1.0  AND  UseAdaptiveSizeDecayMajorGCCost >= 1.0  AND  NewRatio >= 16.0  AND  UseAdaptiveGCBoundary >= 1.0,1.0,0.5,1.0,0.3333333333333333,70
bi_modal_split,24192,UseAdaptiveGCBoundary = 1 AND UseAdaptiveSizeDecayMajorGCCost = 1 AND UseAdaptiveSizePolicyFootprintGoal = 1,UseAdaptiveSizePolicyFootprintGoal >= 1.0  AND  UseAdaptiveGCBoundary >= 1.0  AND  UseAdaptiveSizeDecayMajorGCCost >= 1.0,3.0,1.0,1.0,1.0,70
tri_modal_split,24192,UseAdaptiveGCBoundary = 1 AND UseAdaptiveSizeDecayMajorGCCost = 1 AND UseAdaptiveSizePolicyFootprintGoal = 1,UseAdaptiveGCBoundary >= 1.0  AND  UseAdaptiveSizeDecayMajorGCCost >= 1.0  AND  SurvivorRatio >= 23.5  AND  UseAdaptiveSizePolicyFootprintGoal >= 1.0,1.0,0.4444444444444445,1.0,0.2857142857142857,70
power_law,24192,UseAdaptiveGCBoundary = 1 AND UseAdaptiveSizeDecayMajorGCCost = 1 AND UseAdaptiveSizePolicyFootprintGoal = 1,UseAdaptiveSizeDecayMajorGCCost >= 1.0  AND  UseAdaptiveGCBoundary >= 1.0  AND  UseAdaptiveSizePolicyFootprintGoal >= 1.0  AND  0.0 <= TenuredGenerationSizeSupplement_90 < 0.5,1.0,0.8,1.0,0.6666666666666666,70
normal,24192,DisableExplicitGC = 1 AND UseAdaptiveSizePolicy = 1 AND UseAdaptiveSizePolicyFootprintGoal = 1,DisableExplicitGC >= 1.0  AND  UseAdaptiveSizePolicyFootprintGoal >= 1.0  AND  UseAdaptiveSizePolicy >= 1.0  AND  8.0 <= NewRatio < 32.0,1.0,0.5,1.0,0.3333333333333333,71
uniform,24192,DisableExplicitGC = 1 AND UseAdaptiveSizePolicy = 1 AND UseAdaptiveSizePolicyFootprintGoal = 1,DisableExplicitGC >= 1.0  AND  UseAdaptiveSizePolicy >= 1.0  AND  UseAdaptiveSizePolicyFootprintGoal >= 1.0  AND  UseAdaptiveSizeDecayMajorGCCost >= 1.0,4.0,0.6666666666666666,1.0,0.5,71
bi_modal_split,24192,DisableExplicitGC = 1 AND UseAdaptiveSizePolicy = 1 AND UseAdaptiveSizePolicyFootprintGoal = 1,DisableExplicitGC >= 1.0  AND  UseAdaptiveSizePolicyFootprintGoal >= 1.0  AND  TenuredGenerationSizeSupplement_50 >= 1.0  AND  UseAdaptiveSizePolicy >= 1.0,0.0,0.5,1.0,0.3333333333333333,71
tri_modal_split,24192,DisableExplicitGC = 1 AND UseAdaptiveSizePolicy = 1 AND UseAdaptiveSizePolicyFootprintGoal = 1,UseAdaptiveSizePolicy >= 1.0  AND  UseAdaptiveSizePolicyFootprintGoal >= 1.0  AND  UseAdaptiveGCBoundary >= 1.0  AND  DisableExplicitGC >= 1.0,0.0,0.6666666666666666,1.0,0.5,71
power_law,24192,DisableExplicitGC = 1 AND UseAdaptiveSizePolicy = 1 AND UseAdaptiveSizePolicyFootprintGoal = 1,DisableExplicitGC >= 1.0  AND  UseAdaptiveSizePolicy >= 1.0  AND  NewRatio >= 2.0  AND  UseAdaptiveSizePolicyFootprintGoal >= 1.0,1.0,0.9090909090909092,1.0,0.8333333333333334,71
normal,24192,UseAdaptiveGCBoundary = 1 AND UseAdaptiveSizeDecayMajorGCCost = 1 AND UseAdaptiveSizePolicy = 1,UseAdaptiveGCBoundary >= 1.0  AND  UseAdaptiveSizePolicy >= 1.0  AND  MaxTenuringThreshold < 15.0  AND  UseAdaptiveSizeDecayMajorGCCost >= 1.0,4.0,0.8,1.0,0.6666666666666666,72
uniform,24192,UseAdaptiveGCBoundary = 1 AND UseAdaptiveSizeDecayMajorGCCost = 1 AND UseAdaptiveSizePolicy = 1,UseAdaptiveGCBoundary >= 1.0  AND  UseAdaptiveSizePolicy >= 1.0  AND  0.0 <= DisableExplicitGC < 1.0  AND  UseAdaptiveSizeDecayMajorGCCost >= 1.0,1.0,0.6666666666666666,1.0,0.5,72
bi_modal_split,24192,UseAdaptiveGCBoundary = 1 AND UseAdaptiveSizeDecayMajorGCCost = 1 AND UseAdaptiveSizePolicy = 1,UseAdaptiveGCBoundary >= 1.0  AND  UseAdaptiveSizePolicy >= 1.0  AND  UseAdaptiveSizeDecayMajorGCCost >= 1.0  AND  MinSurvivorRatio >= 7.0,1.0,0.6666666666666666,1.0,0.5,72
tri_modal_split,24192,UseAdaptiveGCBoundary = 1 AND UseAdaptiveSizeDecayMajorGCCost = 1 AND UseAdaptiveSizePolicy = 1,UseAdaptiveSizeDecayMajorGCCost >= 1.0  AND  UseAdaptiveGCBoundary >= 1.0  AND  13.5 <= SurvivorRatio < 31.0  AND  UseAdaptiveSizePolicy >= 1.0,1.0,0.6,1.0,0.4285714285714285,72
power_law,24192,UseAdaptiveGCBoundary = 1 AND UseAdaptiveSizeDecayMajorGCCost = 1 AND UseAdaptiveSizePolicy = 1,UseAdaptiveGCBoundary >= 1.0  AND  UseAdaptiveSizeDecayMajorGCCost >= 1.0  AND  0.0 <= DisableExplicitGC < 1.0  AND  UseAdaptiveSizePolicy >= 1.0,1.0,0.6666666666666666,1.0,0.5,72
normal,24192,UseAdaptiveGCBoundary = 1 AND UseAdaptiveSizeDecayMajorGCCost = 1 AND UseAdaptiveSizePolicy = 1,UseAdaptiveSizePolicy >= 1.0  AND  UseAdaptiveSizeDecayMajorGCCost >= 1.0  AND  UseAdaptiveGCBoundary >= 1.0  AND  NewRatio >= 8.0,1.0,0.6666666666666666,1.0,0.5,73
uniform,24192,UseAdaptiveGCBoundary = 1 AND UseAdaptiveSizeDecayMajorGCCost = 1 AND UseAdaptiveSizePolicy = 1,UseAdaptiveGCBoundary >= 1.0  AND  UseAdaptiveSizeDecayMajorGCCost >= 1.0  AND  UseAdaptiveSizePolicy >= 1.0  AND  SurvivorRatio >= 23.5,1.0,0.4444444444444445,1.0,0.2857142857142857,73
bi_modal_split,24192,UseAdaptiveGCBoundary = 1 AND UseAdaptiveSizeDecayMajorGCCost = 1 AND UseAdaptiveSizePolicy = 1,UseAdaptiveSizeDecayMajorGCCost >= 1.0  AND  UseAdaptiveGCBoundary >= 1.0  AND  UseAdaptiveSizePolicy >= 1.0  AND  0.0 <= TenuredGenerationSizeSupplement_50 < 0.5,1.0,0.8,1.0,0.6666666666666666,73
tri_modal_split,24192,UseAdaptiveGCBoundary = 1 AND UseAdaptiveSizeDecayMajorGCCost = 1 AND UseAdaptiveSizePolicy = 1,UseAdaptiveSizeDecayMajorGCCost >= 1.0  AND  UseAdaptiveGCBoundary >= 1.0  AND  UseAdaptiveSizePolicy >= 1.0  AND  NewRatio < 12.0,1.0,0.8,1.0,0.6666666666666666,73
power_law,24192,UseAdaptiveGCBoundary = 1 AND UseAdaptiveSizeDecayMajorGCCost = 1 AND UseAdaptiveSizePolicy = 1,UseAdaptiveSizeDecayMajorGCCost >= 1.0  AND  UseAdaptiveGCBoundary >= 1.0  AND  0.0 <= UseAdaptiveSizePolicyFootprintGoal < 1.0  AND  UseAdaptiveSizePolicy >= 1.0,1.0,0.6666666666666666,1.0,0.5,73
normal,24192,DisableExplicitGC = 1 AND UseAdaptiveGCBoundary = 1 AND UseAdaptiveSizeDecayMajorGCCost = 1,DisableExplicitGC >= 1.0  AND  UseAdaptiveGCBoundary >= 1.0  AND  UseAdaptiveSizeDecayMajorGCCost >= 1.0  AND  UseAdaptiveSizePolicyFootprintGoal >= 1.0,1.0,0.6666666666666666,1.0,0.5,74
uniform,24192,DisableExplicitGC = 1 AND UseAdaptiveGCBoundary = 1 AND UseAdaptiveSizeDecayMajorGCCost = 1,UseAdaptiveGCBoundary >= 1.0  AND  UseAdaptiveSizeDecayMajorGCCost >= 1.0  AND  4.0 <= MinSurvivorRatio < 10.0  AND  DisableExplicitGC >= 1.0,1.0,0.6666666666666666,1.0,0.5,74
bi_modal_split,24192,DisableExplicitGC = 1 AND UseAdaptiveGCBoundary = 1 AND UseAdaptiveSizeDecayMajorGCCost = 1,DisableExplicitGC >= 1.0  AND  UseAdaptiveGCBoundary >= 1.0  AND  7.5 <= MaxTenuringThreshold < 15.0  AND  UseAdaptiveSizeDecayMajorGCCost >= 1.0,0.0,0.5,1.0,0.3333333333333333,74
tri_modal_split,24192,DisableExplicitGC = 1 AND UseAdaptiveGCBoundary = 1 AND UseAdaptiveSizeDecayMajorGCCost = 1,DisableExplicitGC >= 1.0  AND  UseAdaptiveSizeDecayMajorGCCost >= 1.0  AND  UseAdaptiveGCBoundary >= 1.0  AND  7.5 <= MaxTenuringThreshold < 12.5,1.0,0.5,1.0,0.3333333333333333,74
power_law,24192,DisableExplicitGC = 1 AND UseAdaptiveGCBoundary = 1 AND UseAdaptiveSizeDecayMajorGCCost = 1,DisableExplicitGC >= 1.0  AND  UseAdaptiveGCBoundary >= 1.0  AND  UseAdaptiveSizeDecayMajorGCCost >= 1.0  AND  SurvivorRatio >= 18.5,1.0,0.6,1.0,0.4285714285714285,74
normal,24192,DisableExplicitGC = 1 AND UseAdaptiveSizeDecayMajorGCCost = 1 AND UseAdaptiveSizePolicy = 1,UseAdaptiveSizePolicy >= 1.0  AND  UseAdaptiveSizeDecayMajorGCCost >= 1.0  AND  TenuredGenerationSizeSupplementDecay >= 8.0  AND  DisableExplicitGC >= 1.0,0.0,0.6666666666666666,1.0,0.5,75
uniform,24192,DisableExplicitGC = 1 AND UseAdaptiveSizeDecayMajorGCCost = 1 AND UseAdaptiveSizePolicy = 1,DisableExplicitGC >= 1.0  AND  UseAdaptiveSizeDecayMajorGCCost >= 1.0  AND  UseAdaptiveSizePolicy >= 1.0  AND  0.0 <= UseAdaptiveGCBoundary < 1.0,1.0,0.6666666666666666,1.0,0.5,75
bi_modal_split,24192,DisableExplicitGC = 1 AND UseAdaptiveSizeDecayMajorGCCost = 1 AND UseAdaptiveSizePolicy = 1,UseAdaptiveSizePolicy >= 1.0  AND  UseAdaptiveSizeDecayMajorGCCost >= 1.0  AND  DisableExplicitGC >= 1.0  AND  NewRatio < 3.0,1.0,0.5,1.0,0.3333333333333333,75
tri_modal_split,24192,DisableExplicitGC = 1 AND UseAdaptiveSizeDecayMajorGCCost = 1 AND UseAdaptiveSizePolicy = 1,UseAdaptiveSizeDecayMajorGCCost >= 1.0  AND  UseAdaptiveSizePolicy >= 1.0  AND  TenuredGenerationSizeSupplementDecay < 8.0  AND  DisableExplicitGC >= 1.0,1.0,0.6666666666666666,1.0,0.5,75
power_law,24192,DisableExplicitGC = 1 AND UseAdaptiveSizeDecayMajorGCCost = 1 AND UseAdaptiveSizePolicy = 1,UseAdaptiveSizePolicy >= 1.0  AND  UseAdaptiveSizeDecayMajorGCCost >= 1.0  AND  NewRatio >= 3.0  AND  DisableExplicitGC >= 1.0,0.0,0.8,1.0,0.6666666666666666,75
normal,24192,DisableExplicitGC = 1 AND UseAdaptiveGCBoundary = 1 AND UseAdaptiveSizePolicy = 1,DisableExplicitGC >= 1.0  AND  UseAdaptiveGCBoundary >= 1.0  AND  UseAdaptiveSizePolicy >= 1.0  AND  SurvivorRatio >= 18.5,1.0,0.6,1.0,0.4285714285714285,76
uniform,24192,DisableExplicitGC = 1 AND UseAdaptiveGCBoundary = 1 AND UseAdaptiveSizePolicy = 1,DisableExplicitGC >= 1.0  AND  UseAdaptiveGCBoundary >= 1.0  AND  UseAdaptiveSizePolicy >= 1.0  AND  MaxTenuringThreshold < 7.5,0.0,0.5,1.0,0.3333333333333333,76
bi_modal_split,24192,DisableExplicitGC = 1 AND UseAdaptiveGCBoundary = 1 AND UseAdaptiveSizePolicy = 1,DisableExplicitGC >= 1.0  AND  UseAdaptiveGCBoundary >= 1.0  AND  UseAdaptiveSizePolicy >= 1.0  AND  TenuredGenerationSizeSupplement_90 >= 0.5,0.0,0.5,1.0,0.3333333333333333,76
tri_modal_split,24192,DisableExplicitGC = 1 AND UseAdaptiveGCBoundary = 1 AND UseAdaptiveSizePolicy = 1,DisableExplicitGC >= 1.0  AND  UseAdaptiveGCBoundary >= 1.0  AND  UseAdaptiveSizePolicy >= 1.0  AND  TenuredGenerationSizeSupplementDecay >= 8.0,1.0,0.6666666666666666,1.0,0.5,76
power_law,24192,DisableExplicitGC = 1 AND UseAdaptiveGCBoundary = 1 AND UseAdaptiveSizePolicy = 1,DisableExplicitGC >= 1.0  AND  UseAdaptiveGCBoundary >= 1.0  AND  4.0 <= MinSurvivorRatio < 10.0  AND  UseAdaptiveSizePolicy >= 1.0,0.0,0.6666666666666666,1.0,0.5,76
normal,24192,DisableExplicitGC = 1 AND UseAdaptiveSizeDecayMajorGCCost = 1 AND UseAdaptiveSizePolicyFootprintGoal = 1,DisableExplicitGC >= 1.0  AND  UseAdaptiveSizeDecayMajorGCCost >= 1.0  AND  SurvivorRatio >= 16.0  AND  UseAdaptiveSizePolicyFootprintGoal >= 1.0,4.0,0.7272727272727273,1.0,0.5714285714285714,77
uniform,24192,DisableExplicitGC = 1 AND UseAdaptiveSizeDecayMajorGCCost = 1 AND UseAdaptiveSizePolicyFootprintGoal = 1,UseAdaptiveSizePolicyFootprintGoal >= 1.0  AND  UseAdaptiveSizeDecayMajorGCCost >= 1.0  AND  DisableExplicitGC >= 1.0  AND  TenuredGenerationSizeSupplement_70 >= 0.5,1.0,0.5,1.0,0.3333333333333333,77
bi_modal_split,24192,DisableExplicitGC = 1 AND UseAdaptiveSizeDecayMajorGCCost = 1 AND UseAdaptiveSizePolicyFootprintGoal = 1,DisableExplicitGC >= 1.0  AND  UseAdaptiveSizeDecayMajorGCCost >= 1.0  AND  UseAdaptiveSizePolicyFootprintGoal >= 1.0  AND  TenuredGenerationSizeSupplementDecay < 8.0,1.0,0.6666666666666666,1.0,0.5,77
tri_modal_split,24192,DisableExplicitGC = 1 AND UseAdaptiveSizeDecayMajorGCCost = 1 AND UseAdaptiveSizePolicyFootprintGoal = 1,DisableExplicitGC >= 1.0  AND  UseAdaptiveSizeDecayMajorGCCost >= 1.0  AND  2.0 <= NewRatio < 12.0  AND  UseAdaptiveSizePolicyFootprintGoal >= 1.0,1.0,0.6666666666666666,1.0,0.5,77
power_law,24192,DisableExplicitGC = 1 AND UseAdaptiveSizeDecayMajorGCCost = 1 AND UseAdaptiveSizePolicyFootprintGoal = 1,DisableExplicitGC >= 1.0  AND  UseAdaptiveSizeDecayMajorGCCost >= 1.0  AND  UseAdaptiveSizePolicyFootprintGoal >= 1.0  AND  TenuredGenerationSizeSupplement_70 >= 0.5,1.0,0.5,1.0,0.3333333333333333,77
normal,24192,DisableExplicitGC = 1 AND UseAdaptiveGCBoundary = 1 AND UseAdaptiveSizePolicyFootprintGoal = 1,UseAdaptiveSizePolicyFootprintGoal >= 1.0  AND  UseAdaptiveGCBoundary >= 1.0  AND  DisableExplicitGC >= 1.0  AND  MinSurvivorRatio >= 10.0,0.0,0.4,1.0,0.25,78
uniform,24192,DisableExplicitGC = 1 AND UseAdaptiveGCBoundary = 1 AND UseAdaptiveSizePolicyFootprintGoal = 1,UseAdaptiveSizePolicyFootprintGoal >= 1.0  AND  UseAdaptiveGCBoundary >= 1.0  AND  DisableExplicitGC >= 1.0  AND  UseAdaptiveSizePolicy >= 1.0,1.0,0.6666666666666666,1.0,0.5,78
bi_modal_split,24192,DisableExplicitGC = 1 AND UseAdaptiveGCBoundary = 1 AND UseAdaptiveSizePolicyFootprintGoal = 1,DisableExplicitGC >= 1.0  AND  UseAdaptiveSizePolicyFootprintGoal >= 1.0  AND  UseAdaptiveGCBoundary >= 1.0  AND  UseAdaptiveSizePolicy >= 1.0,0.0,0.6666666666666666,1.0,0.5,78
tri_modal_split,24192,DisableExplicitGC = 1 AND UseAdaptiveGCBoundary = 1 AND UseAdaptiveSizePolicyFootprintGoal = 1,UseAdaptiveSizePolicyFootprintGoal >= 1.0  AND  UseAdaptiveGCBoundary >= 1.0  AND  DisableExplicitGC >= 1.0  AND  MinSurvivorRatio >= 7.0,1.0,0.6666666666666666,1.0,0.5,78
power_law,24192,DisableExplicitGC = 1 AND UseAdaptiveGCBoundary = 1 AND UseAdaptiveSizePolicyFootprintGoal = 1,UseAdaptiveSizePolicyFootprintGoal >= 1.0  AND  UseAdaptiveGCBoundary >= 1.0  AND  DisableExplicitGC >= 1.0  AND  NewRatio < 8.0,0.0,0.6666666666666666,1.0,0.5,78
normal,24192,DisableExplicitGC = 1 AND UseAdaptiveGCBoundary = 1 AND UseAdaptiveSizeDecayMajorGCCost = 1,DisableExplicitGC >= 1.0  AND  UseAdaptiveSizeDecayMajorGCCost >= 1.0  AND  UseAdaptiveGCBoundary >= 1.0  AND  8.5 <= SurvivorRatio < 18.5,1.0,0.4444444444444445,1.0,0.2857142857142857,79
uniform,24192,DisableExplicitGC = 1 AND UseAdaptiveGCBoundary = 1 AND UseAdaptiveSizeDecayMajorGCCost = 1,DisableExplicitGC >= 1.0  AND  UseAdaptiveGCBoundary >= 1.0  AND  UseAdaptiveSizeDecayMajorGCCost >= 1.0  AND  8.0 <= NewRatio < 32.0,1.0,0.5,1.0,0.3333333333333333,79
bi_modal_split,24192,DisableExplicitGC = 1 AND UseAdaptiveGCBoundary = 1 AND UseAdaptiveSizeDecayMajorGCCost = 1,UseAdaptiveGCBoundary >= 1.0  AND  UseAdaptiveSizeDecayMajorGCCost >= 1.0  AND  13.5 <= SurvivorRatio < 31.0  AND  DisableExplicitGC >= 1.0,1.0,0.6,1.0,0.4285714285714285,79
tri_modal_split,24192,DisableExplicitGC = 1 AND UseAdaptiveGCBoundary = 1 AND UseAdaptiveSizeDecayMajorGCCost = 1,DisableExplicitGC >= 1.0  AND  UseAdaptiveSizeDecayMajorGCCost >= 1.0  AND  MaxTenuringThreshold < 10.0  AND  UseAdaptiveGCBoundary >= 1.0,0.0,0.5,1.0,0.3333333333333333,79
power_law,24192,DisableExplicitGC = 1 AND UseAdaptiveGCBoundary = 1 AND UseAdaptiveSizeDecayMajorGCCost = 1,UseAdaptiveGCBoundary >= 1.0  AND  UseAdaptiveSizeDecayMajorGCCost >= 1.0  AND  MaxTenuringThreshold < 7.5  AND  DisableExplicitGC >= 1.0,0.0,0.5,1.0,0.3333333333333333,79
normal,24192,DisableExplicitGC = 1 AND UseAdaptiveSizeDecayMajorGCCost = 1 AND UseAdaptiveSizePolicy = 1,UseAdaptiveSizePolicy >= 1.0  AND  UseAdaptiveSizeDecayMajorGCCost >= 1.0  AND  DisableExplicitGC >= 1.0  AND  SurvivorRatio < 28.5,1.0,0.923076923076923,1.0,0.8571428571428571,7
uniform,24192,DisableExplicitGC = 1 AND UseAdaptiveSizeDecayMajorGCCost = 1 AND UseAdaptiveSizePolicy = 1,UseAdaptiveSizeDecayMajorGCCost >= 1.0  AND  UseAdaptiveSizePolicy >= 1.0  AND  DisableExplicitGC >= 1.0  AND  NewRatio < 3.0,1.0,0.5,1.0,0.3333333333333333,7
bi_modal_split,24192,DisableExplicitGC = 1 AND UseAdaptiveSizeDecayMajorGCCost = 1 AND UseAdaptiveSizePolicy = 1,UseAdaptiveSizePolicy >= 1.0  AND  UseAdaptiveSizeDecayMajorGCCost >= 1.0  AND  DisableExplicitGC >= 1.0  AND  0.0 <= UseAdaptiveGCBoundary < 1.0,1.0,0.6666666666666666,1.0,0.5,7
tri_modal_split,24192,DisableExplicitGC = 1 AND UseAdaptiveSizeDecayMajorGCCost = 1 AND UseAdaptiveSizePolicy = 1,UseAdaptiveSizeDecayMajorGCCost >= 1.0  AND  UseAdaptiveSizePolicy >= 1.0  AND  NewRatio >= 12.0  AND  DisableExplicitGC >= 1.0,1.0,0.5,1.0,0.3333333333333333,7
power_law,24192,DisableExplicitGC = 1 AND UseAdaptiveSizeDecayMajorGCCost = 1 AND UseAdaptiveSizePolicy = 1,DisableExplicitGC >= 1.0  AND  UseAdaptiveSizeDecayMajorGCCost >= 1.0  AND  UseAdaptiveSizePolicy >= 1.0  AND  NewRatio < 3.0,1.0,0.5,1.0,0.3333333333333333,7
normal,24192,DisableExplicitGC = 1 AND UseAdaptiveGCBoundary = 1 AND UseAdaptiveSizeDecayMajorGCCost = 1,DisableExplicitGC >= 1.0  AND  UseAdaptiveGCBoundary >= 1.0  AND  UseAdaptiveSizeDecayMajorGCCost >= 1.0  AND  3.0 <= NewRatio < 12.0,1.0,0.5,1.0,0.3333333333333333,80
uniform,24192,DisableExplicitGC = 1 AND UseAdaptiveGCBoundary = 1 AND UseAdaptiveSizeDecayMajorGCCost = 1,DisableExplicitGC >= 1.0  AND  UseAdaptiveSizeDecayMajorGCCost >= 1.0  AND  UseAdaptiveGCBoundary >= 1.0  AND  MaxTenuringThreshold < 7.5,1.0,0.5,1.0,0.3333333333333333,80
bi_modal_split,24192,DisableExplicitGC = 1 AND UseAdaptiveGCBoundary = 1 AND UseAdaptiveSizeDecayMajorGCCost = 1,DisableExplicitGC >= 1.0  AND  UseAdaptiveGCBoundary >= 1.0  AND  UseAdaptiveSizeDecayMajorGCCost >= 1.0  AND  UseAdaptiveSizePolicy >= 1.0,1.0,0.6666666666666666,1.0,0.5,80
tri_modal_split,24192,DisableExplicitGC = 1 AND UseAdaptiveGCBoundary = 1 AND UseAdaptiveSizeDecayMajorGCCost = 1,DisableExplicitGC >= 1.0  AND  UseAdaptiveGCBoundary >= 1.0  AND  4.0 <= TenuredGenerationSizeSupplementDecay < 8.0  AND  UseAdaptiveSizeDecayMajorGCCost >= 1.0,0.0,0.4,1.0,0.25,80
power_law,24192,DisableExplicitGC = 1 AND UseAdaptiveGCBoundary = 1 AND UseAdaptiveSizeDecayMajorGCCost = 1,DisableExplicitGC >= 1.0  AND  UseAdaptiveGCBoundary >= 1.0  AND  SurvivorRatio < 18.5  AND  UseAdaptiveSizeDecayMajorGCCost >= 1.0,0.0,0.7272727272727273,1.0,0.5714285714285714,80
normal,24192,DisableExplicitGC = 1 AND UseAdaptiveSizeDecayMajorGCCost = 1 AND UseAdaptiveSizePolicy = 1,DisableExplicitGC >= 1.0  AND  UseAdaptiveSizeDecayMajorGCCost >= 1.0  AND  UseAdaptiveSizePolicy >= 1.0  AND  0.0 <= UseAdaptiveGCBoundary < 1.0,1.0,0.6666666666666666,1.0,0.5,81
uniform,24192,DisableExplicitGC = 1 AND UseAdaptiveSizeDecayMajorGCCost = 1 AND UseAdaptiveSizePolicy = 1,UseAdaptiveSizePolicy >= 1.0  AND  UseAdaptiveSizeDecayMajorGCCost >= 1.0  AND  TenuredGenerationSizeSupplement_70 >= 0.5  AND  DisableExplicitGC >= 1.0,1.0,0.5,1.0,0.3333333333333333,81
bi_modal_split,24192,DisableExplicitGC = 1 AND UseAdaptiveSizeDecayMajorGCCost = 1 AND UseAdaptiveSizePolicy = 1,DisableExplicitGC >= 1.0  AND  UseAdaptiveSizeDecayMajorGCCost >= 1.0  AND  UseAdaptiveSizePolicy >= 1.0  AND  8.0 <= NewRatio < 32.0,0.0,0.5,1.0,0.3333333333333333,81
tri_modal_split,24192,DisableExplicitGC = 1 AND UseAdaptiveSizeDecayMajorGCCost = 1 AND UseAdaptiveSizePolicy = 1,DisableExplicitGC >= 1.0  AND  UseAdaptiveSizePolicy >= 1.0  AND  MinSurvivorRatio < 7.0  AND  UseAdaptiveSizeDecayMajorGCCost >= 1.0,4.0,0.6666666666666666,1.0,0.5,81
power_law,24192,DisableExplicitGC = 1 AND UseAdaptiveSizeDecayMajorGCCost = 1 AND UseAdaptiveSizePolicy = 1,DisableExplicitGC >= 1.0  AND  UseAdaptiveSizeDecayMajorGCCost >= 1.0  AND  TenuredGenerationSizeSupplement_70 >= 0.5  AND  UseAdaptiveSizePolicy >= 1.0,1.0,0.5,1.0,0.3333333333333333,81
normal,24192,UseAdaptiveGCBoundary = 1 AND UseAdaptiveSizeDecayMajorGCCost = 1 AND UseAdaptiveSizePolicy = 1,UseAdaptiveSizePolicy >= 1.0  AND  UseAdaptiveGCBoundary >= 1.0  AND  UseAdaptiveSizeDecayMajorGCCost >= 1.0  AND  0.0 <= DisableExplicitGC < 1.0,1.0,0.6666666666666666,1.0,0.5,82
uniform,24192,UseAdaptiveGCBoundary = 1 AND UseAdaptiveSizeDecayMajorGCCost = 1 AND UseAdaptiveSizePolicy = 1,UseAdaptiveSizePolicy >= 1.0  AND  UseAdaptiveGCBoundary >= 1.0  AND  UseAdaptiveSizeDecayMajorGCCost >= 1.0  AND  0.0 <= TenuredGenerationSizeSupplement_90 < 0.5,4.0,0.8,1.0,0.6666666666666666,82
bi_modal_split,24192,UseAdaptiveGCBoundary = 1 AND UseAdaptiveSizeDecayMajorGCCost = 1 AND UseAdaptiveSizePolicy = 1,UseAdaptiveGCBoundary >= 1.0  AND  UseAdaptiveSizePolicy >= 1.0  AND  MaxTenuringThreshold >= 15.0  AND  UseAdaptiveSizeDecayMajorGCCost >= 1.0,0.0,0.5,1.0,0.3333333333333333,82
tri_modal_split,24192,UseAdaptiveGCBoundary = 1 AND UseAdaptiveSizeDecayMajorGCCost = 1 AND UseAdaptiveSizePolicy = 1,UseAdaptiveGCBoundary >= 1.0  AND  UseAdaptiveSizeDecayMajorGCCost >= 1.0  AND  8.0 <= NewRatio < 32.0  AND  UseAdaptiveSizePolicy >= 1.0,1.0,0.5,1.0,0.3333333333333333,82
power_law,24192,UseAdaptiveGCBoundary = 1 AND UseAdaptiveSizeDecayMajorGCCost = 1 AND UseAdaptiveSizePolicy = 1,UseAdaptiveSizePolicy >= 1.0  AND  UseAdaptiveGCBoundary >= 1.0  AND  MaxTenuringThreshold < 7.5  AND  UseAdaptiveSizeDecayMajorGCCost >= 1.0,0.0,0.5,1.0,0.3333333333333333,82
normal,24192,UseAdaptiveSizeDecayMajorGCCost = 1 AND UseAdaptiveSizePolicy = 1 AND UseAdaptiveSizePolicyFootprintGoal = 1,UseAdaptiveSizeDecayMajorGCCost >= 1.0  AND  UseAdaptiveSizePolicyFootprintGoal >= 1.0  AND  UseAdaptiveSizePolicy >= 1.0  AND  UseAdaptiveGCBoundary >= 1.0,1.0,0.6666666666666666,1.0,0.5,83
uniform,24192,UseAdaptiveSizeDecayMajorGCCost = 1 AND UseAdaptiveSizePolicy = 1 AND UseAdaptiveSizePolicyFootprintGoal = 1,UseAdaptiveSizeDecayMajorGCCost >= 1.0  AND  UseAdaptiveSizePolicyFootprintGoal >= 1.0  AND  UseAdaptiveSizePolicy >= 1.0  AND  TenuredGenerationSizeSupplement_70 >= 0.5,1.0,0.5,1.0,0.3333333333333333,83
bi_modal_split,24192,UseAdaptiveSizeDecayMajorGCCost = 1 AND UseAdaptiveSizePolicy = 1 AND UseAdaptiveSizePolicyFootprintGoal = 1,UseAdaptiveSizePolicyFootprintGoal >= 1.0  AND  UseAdaptiveSizeDecayMajorGCCost >= 1.0  AND  7.5 <= MaxTenuringThreshold < 15.0  AND  UseAdaptiveSizePolicy >= 1.0,1.0,0.5,1.0,0.3333333333333333,83
tri_modal_split,24192,UseAdaptiveSizeDecayMajorGCCost = 1 AND UseAdaptiveSizePolicy = 1 AND UseAdaptiveSizePolicyFootprintGoal = 1,UseAdaptiveSizePolicyFootprintGoal >= 1.0  AND  UseAdaptiveSizeDecayMajorGCCost >= 1.0  AND  UseAdaptiveSizePolicy >= 1.0  AND  4.0 <= TenuredGenerationSizeSupplementDecay < 16.0,1.0,0.6666666666666666,1.0,0.5,83
power_law,24192,UseAdaptiveSizeDecayMajorGCCost = 1 AND UseAdaptiveSizePolicy = 1 AND UseAdaptiveSizePolicyFootprintGoal = 1,UseAdaptiveSizeDecayMajorGCCost >= 1.0  AND  UseAdaptiveSizePolicyFootprintGoal >= 1.0  AND  0.0 <= TenuredGenerationSizeSupplement_50 < 0.5  AND  UseAdaptiveSizePolicy >= 1.0,0.0,0.8,1.0,0.6666666666666666,83
normal,24192,DisableExplicitGC = 1 AND UseAdaptiveGCBoundary = 1 AND UseAdaptiveSizePolicyFootprintGoal = 1,UseAdaptiveGCBoundary >= 1.0  AND  UseAdaptiveSizePolicyFootprintGoal >= 1.0  AND  DisableExplicitGC >= 1.0  AND  7.5 <= MaxTenuringThreshold < 12.5,0.0,0.5,1.0,0.3333333333333333,84
uniform,24192,DisableExplicitGC = 1 AND UseAdaptiveGCBoundary = 1 AND UseAdaptiveSizePolicyFootprintGoal = 1,DisableExplicitGC >= 1.0  AND  UseAdaptiveSizePolicyFootprintGoal >= 1.0  AND  TenuredGenerationSizeSupplement_70 >= 1.0  AND  UseAdaptiveGCBoundary >= 1.0,0.0,0.5,1.0,0.3333333333333333,84
bi_modal_split,24192,DisableExplicitGC = 1 AND UseAdaptiveGCBoundary = 1 AND UseAdaptiveSizePolicyFootprintGoal = 1,DisableExplicitGC >= 1.0  AND  UseAdaptiveGCBoundary >= 1.0  AND  UseAdaptiveSizePolicyFootprintGoal >= 1.0  AND  SurvivorRatio < 8.5,1.0,0.4444444444444445,1.0,0.2857142857142857,84
tri_modal_split,24192,DisableExplicitGC = 1 AND UseAdaptiveGCBoundary = 1 AND UseAdaptiveSizePolicyFootprintGoal = 1,DisableExplicitGC >= 1.0  AND  UseAdaptiveSizePolicyFootprintGoal >= 1.0  AND  UseAdaptiveGCBoundary >= 1.0  AND  8.5 <= SurvivorRatio < 23.5,1.0,0.6,1.0,0.4285714285714285,84
power_law,24192,DisableExplicitGC = 1 AND UseAdaptiveGCBoundary = 1 AND UseAdaptiveSizePolicyFootprintGoal = 1,DisableExplicitGC >= 1.0  AND  UseAdaptiveSizePolicyFootprintGoal >= 1.0  AND  7.5 <= MaxTenuringThreshold < 15.0  AND  UseAdaptiveGCBoundary >= 1.0,1.0,0.5,1.0,0.3333333333333333,84
normal,24192,DisableExplicitGC = 1 AND UseAdaptiveSizeDecayMajorGCCost = 1 AND UseAdaptiveSizePolicy = 1,DisableExplicitGC >= 1.0  AND  UseAdaptiveSizeDecayMajorGCCost >= 1.0  AND  UseAdaptiveSizePolicy >= 1.0  AND  2.0 <= NewRatio < 12.0,1.0,0.6666666666666666,1.0,0.5,85
uniform,24192,DisableExplicitGC = 1 AND UseAdaptiveSizeDecayMajorGCCost = 1 AND UseAdaptiveSizePolicy = 1,DisableExplicitGC >= 1.0  AND  UseAdaptiveSizePolicy >= 1.0  AND  16.0 <= SurvivorRatio < 26.0  AND  UseAdaptiveSizeDecayMajorGCCost >= 1.0,1.0,0.4444444444444445,1.0,0.2857142857142857,85
bi_modal_split,24192,DisableExplicitGC = 1 AND UseAdaptiveSizeDecayMajorGCCost = 1 AND UseAdaptiveSizePolicy = 1,UseAdaptiveSizePolicy >= 1.0  AND  UseAdaptiveSizeDecayMajorGCCost >= 1.0  AND  4.0 <= TenuredGenerationSizeSupplementDecay < 16.0  AND  DisableExplicitGC >= 1.0,1.0,0.6666666666666666,1.0,0.5,85
tri_modal_split,24192,DisableExplicitGC = 1 AND UseAdaptiveSizeDecayMajorGCCost = 1 AND UseAdaptiveSizePolicy = 1,DisableExplicitGC >= 1.0  AND  UseAdaptiveSizePolicy >= 1.0  AND  UseAdaptiveSizeDecayMajorGCCost >= 1.0  AND  0.0 <= UseAdaptiveGCBoundary < 1.0,0.0,0.6666666666666666,1.0,0.5,85
power_law,24192,DisableExplicitGC = 1 AND UseAdaptiveSizeDecayMajorGCCost = 1 AND UseAdaptiveSizePolicy = 1,DisableExplicitGC >= 1.0  AND  UseAdaptiveSizeDecayMajorGCCost >= 1.0  AND  TenuredGenerationSizeSupplementDecay < 8.0  AND  UseAdaptiveSizePolicy >= 1.0,1.0,0.6666666666666666,1.0,0.5,85
normal,24192,DisableExplicitGC = 1 AND UseAdaptiveGCBoundary = 1 AND UseAdaptiveSizePolicyFootprintGoal = 1,DisableExplicitGC >= 1.0  AND  UseAdaptiveGCBoundary >= 1.0  AND  UseAdaptiveSizePolicyFootprintGoal >= 1.0  AND  MaxTenuringThreshold < 7.5,1.0,0.5,1.0,0.3333333333333333,86
uniform,24192,DisableExplicitGC = 1 AND UseAdaptiveGCBoundary = 1 AND UseAdaptiveSizePolicyFootprintGoal = 1,UseAdaptiveSizePolicyFootprintGoal >= 1.0  AND  UseAdaptiveGCBoundary >= 1.0  AND  UseAdaptiveSizeDecayMajorGCCost >= 1.0  AND  DisableExplicitGC >= 1.0,0.0,0.6666666666666666,1.0,0.5,86
bi_modal_split,24192,DisableExplicitGC = 1 AND UseAdaptiveGCBoundary = 1 AND UseAdaptiveSizePolicyFootprintGoal = 1,DisableExplicitGC >= 1.0  AND  UseAdaptiveGCBoundary >= 1.0  AND  3.5 <= SurvivorRatio < 16.0  AND  UseAdaptiveSizePolicyFootprintGoal >= 1.0,1.0,0.4444444444444445,1.0,0.2857142857142857,86
tri_modal_split,24192,DisableExplicitGC = 1 AND UseAdaptiveGCBoundary = 1 AND UseAdaptiveSizePolicyFootprintGoal = 1,DisableExplicitGC >= 1.0  AND  UseAdaptiveSizePolicyFootprintGoal >= 1.0  AND  0.0 <= UseAdaptiveSizeDecayMajorGCCost < 1.0  AND  UseAdaptiveGCBoundary >= 1.0,0.0,0.6666666666666666,1.0,0.5,86
power_law,24192,DisableExplicitGC = 1 AND UseAdaptiveGCBoundary = 1 AND UseAdaptiveSizePolicyFootprintGoal = 1,UseAdaptiveSizePolicyFootprintGoal >= 1.0  AND  UseAdaptiveGCBoundary >= 1.0  AND  DisableExplicitGC >= 1.0  AND  3.0 <= NewRatio < 32.0,4.0,0.6666666666666666,1.0,0.5,86
normal,24192,UseAdaptiveGCBoundary = 1 AND UseAdaptiveSizeDecayMajorGCCost = 1 AND UseAdaptiveSizePolicyFootprintGoal = 1,UseAdaptiveGCBoundary >= 1.0  AND  UseAdaptiveSizeDecayMajorGCCost >= 1.0  AND  UseAdaptiveSizePolicyFootprintGoal >= 1.0  AND  TenuredGenerationSizeSupplementDecay < 8.0,1.0,0.6666666666666666,1.0,0.5,87
uniform,24192,UseAdaptiveGCBoundary = 1 AND UseAdaptiveSizeDecayMajorGCCost = 1 AND UseAdaptiveSizePolicyFootprintGoal = 1,UseAdaptiveSizeDecayMajorGCCost >= 1.0  AND  UseAdaptiveGCBoundary >= 1.0  AND  TenuredGenerationSizeSupplementDecay < 8.0  AND  UseAdaptiveSizePolicyFootprintGoal >= 1.0,0.0,0.6666666666666666,1.0,0.5,87
bi_modal_split,24192,UseAdaptiveGCBoundary = 1 AND UseAdaptiveSizeDecayMajorGCCost = 1 AND UseAdaptiveSizePolicyFootprintGoal = 1,UseAdaptiveSizePolicyFootprintGoal >= 1.0  AND  UseAdaptiveGCBoundary >= 1.0  AND  TenuredGenerationSizeSupplementDecay < 8.0  AND  UseAdaptiveSizeDecayMajorGCCost >= 1.0,1.0,0.6666666666666666,1.0,0.5,87
tri_modal_split,24192,UseAdaptiveGCBoundary = 1 AND UseAdaptiveSizeDecayMajorGCCost = 1 AND UseAdaptiveSizePolicyFootprintGoal = 1,UseAdaptiveSizePolicyFootprintGoal >= 1.0  AND  UseAdaptiveSizeDecayMajorGCCost >= 1.0  AND  TenuredGenerationSizeSupplementDecay < 16.0  AND  UseAdaptiveGCBoundary >= 1.0,3.0,0.8571428571428571,1.0,0.75,87
power_law,24192,UseAdaptiveGCBoundary = 1 AND UseAdaptiveSizeDecayMajorGCCost = 1 AND UseAdaptiveSizePolicyFootprintGoal = 1,UseAdaptiveSizePolicyFootprintGoal >= 1.0  AND  UseAdaptiveGCBoundary >= 1.0  AND  UseAdaptiveSizeDecayMajorGCCost >= 1.0  AND  TenuredGenerationSizeSupplement_70 >= 0.5,1.0,0.5,1.0,0.3333333333333333,87
normal,24192,UseAdaptiveGCBoundary = 1 AND UseAdaptiveSizeDecayMajorGCCost = 1 AND UseAdaptiveSizePolicy = 1,UseAdaptiveSizeDecayMajorGCCost >= 1.0  AND  UseAdaptiveSizePolicy >= 1.0  AND  UseAdaptiveGCBoundary >= 1.0  AND  TenuredGenerationSizeSupplementDecay < 8.0,1.0,0.6666666666666666,1.0,0.5,88
uniform,24192,UseAdaptiveGCBoundary = 1 AND UseAdaptiveSizeDecayMajorGCCost = 1 AND UseAdaptiveSizePolicy = 1,UseAdaptiveGCBoundary >= 1.0  AND  UseAdaptiveSizePolicy >= 1.0  AND  MinSurvivorRatio < 7.0  AND  UseAdaptiveSizeDecayMajorGCCost >= 1.0,1.0,0.6666666666666666,1.0,0.5,88
bi_modal_split,24192,UseAdaptiveGCBoundary = 1 AND UseAdaptiveSizeDecayMajorGCCost = 1 AND UseAdaptiveSizePolicy = 1,UseAdaptiveGCBoundary >= 1.0  AND  UseAdaptiveSizeDecayMajorGCCost >= 1.0  AND  UseAdaptiveSizePolicy >= 1.0  AND  MinSurvivorRatio >= 7.0,0.0,0.6666666666666666,1.0,0.5,88
tri_modal_split,24192,UseAdaptiveGCBoundary = 1 AND UseAdaptiveSizeDecayMajorGCCost = 1 AND UseAdaptiveSizePolicy = 1,UseAdaptiveSizeDecayMajorGCCost >= 1.0  AND  UseAdaptiveSizePolicy >= 1.0  AND  UseAdaptiveGCBoundary >= 1.0  AND  NewRatio >= 8.0,1.0,0.6666666666666666,1.0,0.5,88
power_law,24192,UseAdaptiveGCBoundary = 1 AND UseAdaptiveSizeDecayMajorGCCost = 1 AND UseAdaptiveSizePolicy = 1,UseAdaptiveGCBoundary >= 1.0  AND  UseAdaptiveSizePolicy >= 1.0  AND  MinSurvivorRatio < 7.0  AND  UseAdaptiveSizeDecayMajorGCCost >= 1.0,1.0,0.6666666666666666,1.0,0.5,88
normal,24192,UseAdaptiveGCBoundary = 1 AND UseAdaptiveSizePolicy = 1 AND UseAdaptiveSizePolicyFootprintGoal = 1,UseAdaptiveSizePolicyFootprintGoal >= 1.0  AND  UseAdaptiveSizePolicy >= 1.0  AND  UseAdaptiveGCBoundary >= 1.0  AND  UseAdaptiveSizeDecayMajorGCCost >= 1.0,0.0,0.6666666666666666,1.0,0.5,89
uniform,24192,UseAdaptiveGCBoundary = 1 AND UseAdaptiveSizePolicy = 1 AND UseAdaptiveSizePolicyFootprintGoal = 1,UseAdaptiveSizePolicyFootprintGoal >= 1.0  AND  UseAdaptiveGCBoundary >= 1.0  AND  UseAdaptiveSizePolicy >= 1.0  AND  SurvivorRatio < 18.5,1.0,0.7272727272727273,1.0,0.5714285714285714,89
bi_modal_split,24192,UseAdaptiveGCBoundary = 1 AND UseAdaptiveSizePolicy = 1 AND UseAdaptiveSizePolicyFootprintGoal = 1,UseAdaptiveSizePolicyFootprintGoal >= 1.0  AND  UseAdaptiveSizePolicy >= 1.0  AND  SurvivorRatio < 11.0  AND  UseAdaptiveGCBoundary >= 1.0,1.0,0.4444444444444445,1.0,0.2857142857142857,89
tri_modal_split,24192,UseAdaptiveGCBoundary = 1 AND UseAdaptiveSizePolicy = 1 AND UseAdaptiveSizePolicyFootprintGoal = 1,UseAdaptiveGCBoundary >= 1.0  AND  UseAdaptiveSizePolicy >= 1.0  AND  UseAdaptiveSizePolicyFootprintGoal >= 1.0  AND  TenuredGenerationSizeSupplementDecay < 8.0,1.0,0.6666666666666666,1.0,0.5,89
power_law,24192,UseAdaptiveGCBoundary = 1 AND UseAdaptiveSizePolicy = 1 AND UseAdaptiveSizePolicyFootprintGoal = 1,UseAdaptiveGCBoundary >= 1.0  AND  UseAdaptiveSizePolicy >= 1.0  AND  UseAdaptiveSizePolicyFootprintGoal >= 1.0  AND  TenuredGenerationSizeSupplement_50 >= 0.5,1.0,0.5,1.0,0.3333333333333333,89
normal,24192,DisableExplicitGC = 1 AND UseAdaptiveGCBoundary = 1 AND UseAdaptiveSizeDecayMajorGCCost = 1,UseAdaptiveSizeDecayMajorGCCost >= 1.0  AND  UseAdaptiveGCBoundary >= 1.0  AND  DisableExplicitGC >= 1.0  AND  TenuredGenerationSizeSupplementDecay < 16.0,1.0,0.8571428571428571,1.0,0.75,8
uniform,24192,DisableExplicitGC = 1 AND UseAdaptiveGCBoundary = 1 AND UseAdaptiveSizeDecayMajorGCCost = 1,DisableExplicitGC >= 1.0  AND  UseAdaptiveSizeDecayMajorGCCost >= 1.0  AND  UseAdaptiveGCBoundary >= 1.0  AND  4.0 <= MinSurvivorRatio < 10.0,1.0,0.6666666666666666,1.0,0.5,8
bi_modal_split,24192,DisableExplicitGC = 1 AND UseAdaptiveGCBoundary = 1 AND UseAdaptiveSizeDecayMajorGCCost = 1,UseAdaptiveGCBoundary >= 1.0  AND  UseAdaptiveSizeDecayMajorGCCost >= 1.0  AND  4.0 <= TenuredGenerationSizeSupplementDecay < 16.0  AND  DisableExplicitGC >= 1.0,1.0,0.6666666666666666,1.0,0.5,8
tri_modal_split,24192,DisableExplicitGC = 1 AND UseAdaptiveGCBoundary = 1 AND UseAdaptiveSizeDecayMajorGCCost = 1,UseAdaptiveGCBoundary >= 1.0  AND  UseAdaptiveSizeDecayMajorGCCost >= 1.0  AND  NewRatio < 3.0  AND  DisableExplicitGC >= 1.0,1.0,0.5,1.0,0.3333333333333333,8
power_law,0,DisableExplicitGC = 1 AND UseAdaptiveGCBoundary = 1 AND UseAdaptiveSizeDecayMajorGCCost = 1,,,0.0,0.0,0.0,8
normal,24192,UseAdaptiveGCBoundary = 1 AND UseAdaptiveSizeDecayMajorGCCost = 1 AND UseAdaptiveSizePolicy = 1,UseAdaptiveSizePolicy >= 1.0  AND  UseAdaptiveSizeDecayMajorGCCost >= 1.0  AND  UseAdaptiveGCBoundary >= 1.0  AND  2.0 <= NewRatio < 8.0,0.0,0.5,1.0,0.3333333333333333,90
uniform,24192,UseAdaptiveGCBoundary = 1 AND UseAdaptiveSizeDecayMajorGCCost = 1 AND UseAdaptiveSizePolicy = 1,UseAdaptiveSizeDecayMajorGCCost >= 1.0  AND  UseAdaptiveGCBoundary >= 1.0  AND  UseAdaptiveSizePolicy >= 1.0  AND  MaxTenuringThreshold < 7.5,0.0,0.5,1.0,0.3333333333333333,90
bi_modal_split,24192,UseAdaptiveGCBoundary = 1 AND UseAdaptiveSizeDecayMajorGCCost = 1 AND UseAdaptiveSizePolicy = 1,UseAdaptiveSizePolicy >= 1.0  AND  UseAdaptiveGCBoundary >= 1.0  AND  UseAdaptiveSizeDecayMajorGCCost >= 1.0  AND  3.5 <= SurvivorRatio < 23.5,1.0,0.7272727272727273,1.0,0.5714285714285714,90
tri_modal_split,24192,UseAdaptiveGCBoundary = 1 AND UseAdaptiveSizeDecayMajorGCCost = 1 AND UseAdaptiveSizePolicy = 1,UseAdaptiveGCBoundary >= 1.0  AND  UseAdaptiveSizeDecayMajorGCCost >= 1.0  AND  UseAdaptiveSizePolicy >= 1.0  AND  TenuredGenerationSizeSupplementDecay < 8.0,1.0,0.6666666666666666,1.0,0.5,90
power_law,24192,UseAdaptiveGCBoundary = 1 AND UseAdaptiveSizeDecayMajorGCCost = 1 AND UseAdaptiveSizePolicy = 1,UseAdaptiveSizePolicy >= 1.0  AND  UseAdaptiveGCBoundary >= 1.0  AND  UseAdaptiveSizeDecayMajorGCCost >= 1.0  AND  TenuredGenerationSizeSupplement_70 >= 0.5,1.0,0.5,1.0,0.3333333333333333,90
normal,24192,DisableExplicitGC = 1 AND UseAdaptiveSizePolicy = 1 AND UseAdaptiveSizePolicyFootprintGoal = 1,UseAdaptiveSizePolicy >= 1.0  AND  UseAdaptiveSizePolicyFootprintGoal >= 1.0  AND  DisableExplicitGC >= 1.0  AND  TenuredGenerationSizeSupplement_90 >= 0.5,0.0,0.5,1.0,0.3333333333333333,91
uniform,24192,DisableExplicitGC = 1 AND UseAdaptiveSizePolicy = 1 AND UseAdaptiveSizePolicyFootprintGoal = 1,UseAdaptiveSizePolicy >= 1.0  AND  UseAdaptiveSizePolicyFootprintGoal >= 1.0  AND  UseAdaptiveSizeDecayMajorGCCost >= 1.0  AND  DisableExplicitGC >= 1.0,1.0,0.6666666666666666,1.0,0.5,91
bi_modal_split,24192,DisableExplicitGC = 1 AND UseAdaptiveSizePolicy = 1 AND UseAdaptiveSizePolicyFootprintGoal = 1,UseAdaptiveSizePolicy >= 1.0  AND  UseAdaptiveSizePolicyFootprintGoal >= 1.0  AND  SurvivorRatio >= 18.5  AND  DisableExplicitGC >= 1.0,1.0,0.6,1.0,0.4285714285714285,91
tri_modal_split,24192,DisableExplicitGC = 1 AND UseAdaptiveSizePolicy = 1 AND UseAdaptiveSizePolicyFootprintGoal = 1,DisableExplicitGC >= 1.0  AND  UseAdaptiveSizePolicy >= 1.0  AND  MinSurvivorRatio < 4.0  AND  UseAdaptiveSizePolicyFootprintGoal >= 1.0,0.0,0.4,1.0,0.25,91
power_law,24192,DisableExplicitGC = 1 AND UseAdaptiveSizePolicy = 1 AND UseAdaptiveSizePolicyFootprintGoal = 1,DisableExplicitGC >= 1.0  AND  UseAdaptiveSizePolicy >= 1.0  AND  UseAdaptiveSizePolicyFootprintGoal >= 1.0  AND  0.0 <= UseAdaptiveGCBoundary < 1.0,3.0,0.6666666666666666,1.0,0.5,91
normal,24192,DisableExplicitGC = 1 AND UseAdaptiveGCBoundary = 1 AND UseAdaptiveSizePolicyFootprintGoal = 1,UseAdaptiveSizePolicyFootprintGoal >= 1.0  AND  UseAdaptiveGCBoundary >= 1.0  AND  DisableExplicitGC >= 1.0  AND  SurvivorRatio >= 18.5,1.0,0.6,1.0,0.4285714285714285,92
uniform,24192,DisableExplicitGC = 1 AND UseAdaptiveGCBoundary = 1 AND UseAdaptiveSizePolicyFootprintGoal = 1,DisableExplicitGC >= 1.0  AND  UseAdaptiveSizePolicyFootprintGoal >= 1.0  AND  SurvivorRatio >= 16.0  AND  UseAdaptiveGCBoundary >= 1.0,1.0,0.7272727272727273,1.0,0.5714285714285714,92
bi_modal_split,24192,DisableExplicitGC = 1 AND UseAdaptiveGCBoundary = 1 AND UseAdaptiveSizePolicyFootprintGoal = 1,DisableExplicitGC >= 1.0  AND  UseAdaptiveGCBoundary >= 1.0  AND  UseAdaptiveSizePolicyFootprintGoal >= 1.0  AND  8.0 <= NewRatio < 32.0,1.0,0.5,1.0,0.3333333333333333,92
tri_modal_split,24192,DisableExplicitGC = 1 AND UseAdaptiveGCBoundary = 1 AND UseAdaptiveSizePolicyFootprintGoal = 1,DisableExplicitGC >= 1.0  AND  UseAdaptiveGCBoundary >= 1.0  AND  NewRatio >= 8.0  AND  UseAdaptiveSizePolicyFootprintGoal >= 1.0,0.0,0.6666666666666666,1.0,0.5,92
power_law,24192,DisableExplicitGC = 1 AND UseAdaptiveGCBoundary = 1 AND UseAdaptiveSizePolicyFootprintGoal = 1,UseAdaptiveSizePolicyFootprintGoal >= 1.0  AND  UseAdaptiveGCBoundary >= 1.0  AND  SurvivorRatio >= 8.5  AND  DisableExplicitGC >= 1.0,0.0,0.8333333333333333,1.0,0.7142857142857143,92
normal,24192,UseAdaptiveGCBoundary = 1 AND UseAdaptiveSizePolicy = 1 AND UseAdaptiveSizePolicyFootprintGoal = 1,UseAdaptiveSizePolicyFootprintGoal >= 1.0  AND  UseAdaptiveGCBoundary >= 1.0  AND  UseAdaptiveSizePolicy >= 1.0  AND  MaxTenuringThreshold < 7.5,1.0,0.5,1.0,0.3333333333333333,93
uniform,24192,UseAdaptiveGCBoundary = 1 AND UseAdaptiveSizePolicy = 1 AND UseAdaptiveSizePolicyFootprintGoal = 1,UseAdaptiveSizePolicyFootprintGoal >= 1.0  AND  UseAdaptiveGCBoundary >= 1.0  AND  TenuredGenerationSizeSupplement_50 >= 1.0  AND  UseAdaptiveSizePolicy >= 1.0,0.0,0.5,1.0,0.3333333333333333,93
bi_modal_split,24192,UseAdaptiveGCBoundary = 1 AND UseAdaptiveSizePolicy = 1 AND UseAdaptiveSizePolicyFootprintGoal = 1,UseAdaptiveGCBoundary >= 1.0  AND  UseAdaptiveSizePolicy >= 1.0  AND  UseAdaptiveSizePolicyFootprintGoal >= 1.0  AND  TenuredGenerationSizeSupplementDecay < 8.0,1.0,0.6666666666666666,1.0,0.5,93
tri_modal_split,24192,UseAdaptiveGCBoundary = 1 AND UseAdaptiveSizePolicy = 1 AND UseAdaptiveSizePolicyFootprintGoal = 1,UseAdaptiveGCBoundary >= 1.0  AND  UseAdaptiveSizePolicyFootprintGoal >= 1.0  AND  TenuredGenerationSizeSupplement_90 >= 1.0  AND  UseAdaptiveSizePolicy >= 1.0,0.0,0.5,1.0,0.3333333333333333,93
power_law,24192,UseAdaptiveGCBoundary = 1 AND UseAdaptiveSizePolicy = 1 AND UseAdaptiveSizePolicyFootprintGoal = 1,UseAdaptiveSizePolicy >= 1.0  AND  UseAdaptiveGCBoundary >= 1.0  AND  4.0 <= MinSurvivorRatio < 7.0  AND  UseAdaptiveSizePolicyFootprintGoal >= 1.0,0.0,0.4,1.0,0.25,93
normal,24192,UseAdaptiveGCBoundary = 1 AND UseAdaptiveSizeDecayMajorGCCost = 1 AND UseAdaptiveSizePolicyFootprintGoal = 1,UseAdaptiveSizePolicyFootprintGoal >= 1.0  AND  UseAdaptiveSizeDecayMajorGCCost >= 1.0  AND  UseAdaptiveGCBoundary >= 1.0  AND  MaxTenuringThreshold >= 12.5,1.0,0.5,1.0,0.3333333333333333,94
uniform,24192,UseAdaptiveGCBoundary = 1 AND UseAdaptiveSizeDecayMajorGCCost = 1 AND UseAdaptiveSizePolicyFootprintGoal = 1,UseAdaptiveSizeDecayMajorGCCost >= 1.0  AND  UseAdaptiveSizePolicyFootprintGoal >= 1.0  AND  UseAdaptiveSizePolicy >= 1.0  AND  UseAdaptiveGCBoundary >= 1.0,0.0,0.6666666666666666,1.0,0.5,94
bi_modal_split,24192,UseAdaptiveGCBoundary = 1 AND UseAdaptiveSizeDecayMajorGCCost = 1 AND UseAdaptiveSizePolicyFootprintGoal = 1,UseAdaptiveSizePolicyFootprintGoal >= 1.0  AND  UseAdaptiveSizeDecayMajorGCCost >= 1.0  AND  TenuredGenerationSizeSupplementDecay >= 8.0  AND  UseAdaptiveGCBoundary >= 1.0,1.0,0.6666666666666666,1.0,0.5,94
tri_modal_split,24192,UseAdaptiveGCBoundary = 1 AND UseAdaptiveSizeDecayMajorGCCost = 1 AND UseAdaptiveSizePolicyFootprintGoal = 1,UseAdaptiveSizePolicyFootprintGoal >= 1.0  AND  UseAdaptiveGCBoundary >= 1.0  AND  UseAdaptiveSizeDecayMajorGCCost >= 1.0  AND  TenuredGenerationSizeSupplement_50 >= 0.5,1.0,0.5,1.0,0.3333333333333333,94
power_law,24192,UseAdaptiveGCBoundary = 1 AND UseAdaptiveSizeDecayMajorGCCost = 1 AND UseAdaptiveSizePolicyFootprintGoal = 1,UseAdaptiveSizePolicyFootprintGoal >= 1.0  AND  UseAdaptiveGCBoundary >= 1.0  AND  UseAdaptiveSizeDecayMajorGCCost >= 1.0  AND  TenuredGenerationSizeSupplementDecay < 16.0,1.0,0.8571428571428571,1.0,0.75,94
normal,24192,DisableExplicitGC = 1 AND UseAdaptiveSizeDecayMajorGCCost = 1 AND UseAdaptiveSizePolicy = 1,UseAdaptiveSizeDecayMajorGCCost >= 1.0  AND  UseAdaptiveSizePolicy >= 1.0  AND  DisableExplicitGC >= 1.0  AND  0.0 <= UseAdaptiveSizePolicyFootprintGoal < 1.0,0.0,0.6666666666666666,1.0,0.5,95
uniform,24192,DisableExplicitGC = 1 AND UseAdaptiveSizeDecayMajorGCCost = 1 AND UseAdaptiveSizePolicy = 1,UseAdaptiveSizePolicy >= 1.0  AND  UseAdaptiveSizeDecayMajorGCCost >= 1.0  AND  DisableExplicitGC >= 1.0  AND  MinSurvivorRatio < 7.0,1.0,0.6666666666666666,1.0,0.5,95
bi_modal_split,24192,DisableExplicitGC = 1 AND UseAdaptiveSizeDecayMajorGCCost = 1 AND UseAdaptiveSizePolicy = 1,DisableExplicitGC >= 1.0  AND  UseAdaptiveSizePolicy >= 1.0  AND  0.0 <= UseAdaptiveSizePolicyFootprintGoal < 1.0  AND  UseAdaptiveSizeDecayMajorGCCost >= 1.0,0.0,0.6666666666666666,1.0,0.5,95
tri_modal_split,24192,DisableExplicitGC = 1 AND UseAdaptiveSizeDecayMajorGCCost = 1 AND UseAdaptiveSizePolicy = 1,UseAdaptiveSizePolicy >= 1.0  AND  UseAdaptiveSizeDecayMajorGCCost >= 1.0  AND  3.0 <= NewRatio < 32.0  AND  DisableExplicitGC >= 1.0,0.0,0.6666666666666666,1.0,0.5,95
power_law,24192,DisableExplicitGC = 1 AND UseAdaptiveSizeDecayMajorGCCost = 1 AND UseAdaptiveSizePolicy = 1,DisableExplicitGC >= 1.0  AND  UseAdaptiveSizePolicy >= 1.0  AND  UseAdaptiveSizeDecayMajorGCCost >= 1.0  AND  0.0 <= TenuredGenerationSizeSupplement_70 < 0.5,1.0,0.8,1.0,0.6666666666666666,95
normal,24192,DisableExplicitGC = 1 AND UseAdaptiveGCBoundary = 1 AND UseAdaptiveSizePolicyFootprintGoal = 1,DisableExplicitGC >= 1.0  AND  UseAdaptiveGCBoundary >= 1.0  AND  UseAdaptiveSizePolicyFootprintGoal >= 1.0  AND  NewRatio < 3.0,0.0,0.5,1.0,0.3333333333333333,96
uniform,24192,DisableExplicitGC = 1 AND UseAdaptiveGCBoundary = 1 AND UseAdaptiveSizePolicyFootprintGoal = 1,UseAdaptiveGCBoundary >= 1.0  AND  UseAdaptiveSizePolicyFootprintGoal >= 1.0  AND  DisableExplicitGC >= 1.0  AND  4.0 <= TenuredGenerationSizeSupplementDecay < 16.0,1.0,0.6666666666666666,1.0,0.5,96
bi_modal_split,24192,DisableExplicitGC = 1 AND UseAdaptiveGCBoundary = 1 AND UseAdaptiveSizePolicyFootprintGoal = 1,DisableExplicitGC >= 1.0  AND  UseAdaptiveGCBoundary >= 1.0  AND  UseAdaptiveSizePolicyFootprintGoal >= 1.0  AND  TenuredGenerationSizeSupplementDecay >= 4.0,1.0,0.8571428571428571,1.0,0.75,96
tri_modal_split,24192,DisableExplicitGC = 1 AND UseAdaptiveGCBoundary = 1 AND UseAdaptiveSizePolicyFootprintGoal = 1,UseAdaptiveGCBoundary >= 1.0  AND  UseAdaptiveSizePolicyFootprintGoal >= 1.0  AND  TenuredGenerationSizeSupplementDecay >= 8.0  AND  DisableExplicitGC >= 1.0,1.0,0.6666666666666666,1.0,0.5,96
power_law,24192,DisableExplicitGC = 1 AND UseAdaptiveGCBoundary = 1 AND UseAdaptiveSizePolicyFootprintGoal = 1,UseAdaptiveSizePolicyFootprintGoal >= 1.0  AND  UseAdaptiveGCBoundary >= 1.0  AND  DisableExplicitGC >= 1.0  AND  SurvivorRatio < 13.5,1.0,0.6,1.0,0.4285714285714285,96
normal,24192,UseAdaptiveGCBoundary = 1 AND UseAdaptiveSizeDecayMajorGCCost = 1 AND UseAdaptiveSizePolicy = 1,UseAdaptiveSizePolicy >= 1.0  AND  UseAdaptiveGCBoundary >= 1.0  AND  UseAdaptiveSizeDecayMajorGCCost >= 1.0  AND  TenuredGenerationSizeSupplementDecay < 8.0,0.0,0.6666666666666666,1.0,0.5,97
uniform,24192,UseAdaptiveGCBoundary = 1 AND UseAdaptiveSizeDecayMajorGCCost = 1 AND UseAdaptiveSizePolicy = 1,UseAdaptiveSizeDecayMajorGCCost >= 1.0  AND  UseAdaptiveSizePolicy >= 1.0  AND  UseAdaptiveGCBoundary >= 1.0  AND  0.0 <= DisableExplicitGC < 1.0,0.0,0.6666666666666666,1.0,0.5,97
bi_modal_split,24192,UseAdaptiveGCBoundary = 1 AND UseAdaptiveSizeDecayMajorGCCost = 1 AND UseAdaptiveSizePolicy = 1,UseAdaptiveGCBoundary >= 1.0  AND  UseAdaptiveSizeDecayMajorGCCost >= 1.0  AND  UseAdaptiveSizePolicy >= 1.0  AND  4.0 <= TenuredGenerationSizeSupplementDecay < 16.0,1.0,0.6666666666666666,1.0,0.5,97
tri_modal_split,24192,UseAdaptiveGCBoundary = 1 AND UseAdaptiveSizeDecayMajorGCCost = 1 AND UseAdaptiveSizePolicy = 1,UseAdaptiveSizeDecayMajorGCCost >= 1.0  AND  UseAdaptiveSizePolicy >= 1.0  AND  UseAdaptiveGCBoundary >= 1.0  AND  TenuredGenerationSizeSupplementDecay >= 8.0,1.0,0.6666666666666666,1.0,0.5,97
power_law,24192,UseAdaptiveGCBoundary = 1 AND UseAdaptiveSizeDecayMajorGCCost = 1 AND UseAdaptiveSizePolicy = 1,UseAdaptiveGCBoundary >= 1.0  AND  UseAdaptiveSizePolicy >= 1.0  AND  UseAdaptiveSizeDecayMajorGCCost >= 1.0  AND  18.5 <= SurvivorRatio < 28.5,1.0,0.4444444444444445,1.0,0.2857142857142857,97
normal,24192,UseAdaptiveGCBoundary = 1 AND UseAdaptiveSizePolicy = 1 AND UseAdaptiveSizePolicyFootprintGoal = 1,UseAdaptiveGCBoundary >= 1.0  AND  UseAdaptiveSizePolicy >= 1.0  AND  UseAdaptiveSizePolicyFootprintGoal >= 1.0  AND  MinSurvivorRatio >= 4.0,4.0,0.8571428571428571,1.0,0.75,98
uniform,24192,UseAdaptiveGCBoundary = 1 AND UseAdaptiveSizePolicy = 1 AND UseAdaptiveSizePolicyFootprintGoal = 1,UseAdaptiveSizePolicyFootprintGoal >= 1.0  AND  UseAdaptiveGCBoundary >= 1.0  AND  UseAdaptiveSizePolicy >= 1.0  AND  8.0 <= NewRatio < 32.0,1.0,0.5,1.0,0.3333333333333333,98
bi_modal_split,24192,UseAdaptiveGCBoundary = 1 AND UseAdaptiveSizePolicy = 1 AND UseAdaptiveSizePolicyFootprintGoal = 1,UseAdaptiveGCBoundary >= 1.0  AND  UseAdaptiveSizePolicy >= 1.0  AND  UseAdaptiveSizePolicyFootprintGoal >= 1.0  AND  TenuredGenerationSizeSupplement_70 >= 0.5,1.0,0.5,1.0,0.3333333333333333,98
tri_modal_split,24192,UseAdaptiveGCBoundary = 1 AND UseAdaptiveSizePolicy = 1 AND UseAdaptiveSizePolicyFootprintGoal = 1,UseAdaptiveGCBoundary >= 1.0  AND  UseAdaptiveSizePolicyFootprintGoal >= 1.0  AND  TenuredGenerationSizeSupplement_50 >= 0.5  AND  UseAdaptiveSizePolicy >= 1.0,1.0,0.5,1.0,0.3333333333333333,98
power_law,24192,UseAdaptiveGCBoundary = 1 AND UseAdaptiveSizePolicy = 1 AND UseAdaptiveSizePolicyFootprintGoal = 1,UseAdaptiveSizePolicyFootprintGoal >= 1.0  AND  UseAdaptiveGCBoundary >= 1.0  AND  SurvivorRatio >= 18.5  AND  UseAdaptiveSizePolicy >= 1.0,1.0,0.6,1.0,0.4285714285714285,98
normal,24192,UseAdaptiveGCBoundary = 1 AND UseAdaptiveSizeDecayMajorGCCost = 1 AND UseAdaptiveSizePolicy = 1,UseAdaptiveSizeDecayMajorGCCost >= 1.0  AND  UseAdaptiveGCBoundary >= 1.0  AND  UseAdaptiveSizePolicy >= 1.0  AND  NewRatio >= 12.0,0.0,0.5,1.0,0.3333333333333333,99
uniform,24192,UseAdaptiveGCBoundary = 1 AND UseAdaptiveSizeDecayMajorGCCost = 1 AND UseAdaptiveSizePolicy = 1,UseAdaptiveGCBoundary >= 1.0  AND  UseAdaptiveSizeDecayMajorGCCost >= 1.0  AND  UseAdaptiveSizePolicy >= 1.0  AND  NewRatio >= 8.0,1.0,0.6666666666666666,1.0,0.5,99
bi_modal_split,24192,UseAdaptiveGCBoundary = 1 AND UseAdaptiveSizeDecayMajorGCCost = 1 AND UseAdaptiveSizePolicy = 1,UseAdaptiveSizePolicy >= 1.0  AND  UseAdaptiveGCBoundary >= 1.0  AND  NewRatio >= 16.0  AND  UseAdaptiveSizeDecayMajorGCCost >= 1.0,0.0,0.5,1.0,0.3333333333333333,99
tri_modal_split,24192,UseAdaptiveGCBoundary = 1 AND UseAdaptiveSizeDecayMajorGCCost = 1 AND UseAdaptiveSizePolicy = 1,UseAdaptiveGCBoundary >= 1.0  AND  UseAdaptiveSizePolicy >= 1.0  AND  0.0 <= TenuredGenerationSizeSupplement_50 < 0.5  AND  UseAdaptiveSizeDecayMajorGCCost >= 1.0,1.0,0.8,1.0,0.6666666666666666,99
power_law,24192,UseAdaptiveGCBoundary = 1 AND UseAdaptiveSizeDecayMajorGCCost = 1 AND UseAdaptiveSizePolicy = 1,UseAdaptiveSizePolicy >= 1.0  AND  UseAdaptiveGCBoundary >= 1.0  AND  UseAdaptiveSizePolicyFootprintGoal >= 1.0  AND  UseAdaptiveSizeDecayMajorGCCost >= 1.0,0.0,0.6666666666666666,1.0,0.5,99
normal,24192,DisableExplicitGC = 1 AND UseAdaptiveGCBoundary = 1 AND UseAdaptiveSizeDecayMajorGCCost = 1,DisableExplicitGC >= 1.0  AND  UseAdaptiveGCBoundary >= 1.0  AND  UseAdaptiveSizeDecayMajorGCCost >= 1.0  AND  4.0 <= MinSurvivorRatio < 10.0,1.0,0.6666666666666666,1.0,0.5,9
uniform,24192,DisableExplicitGC = 1 AND UseAdaptiveGCBoundary = 1 AND UseAdaptiveSizeDecayMajorGCCost = 1,DisableExplicitGC >= 1.0  AND  UseAdaptiveSizeDecayMajorGCCost >= 1.0  AND  18.5 <= SurvivorRatio < 31.0  AND  UseAdaptiveGCBoundary >= 1.0,1.0,0.4444444444444445,1.0,0.2857142857142857,9
bi_modal_split,24192,DisableExplicitGC = 1 AND UseAdaptiveGCBoundary = 1 AND UseAdaptiveSizeDecayMajorGCCost = 1,UseAdaptiveGCBoundary >= 1.0  AND  UseAdaptiveSizeDecayMajorGCCost >= 1.0  AND  TenuredGenerationSizeSupplement_70 >= 0.5  AND  DisableExplicitGC >= 1.0,0.0,0.5,1.0,0.3333333333333333,9
tri_modal_split,24192,DisableExplicitGC = 1 AND UseAdaptiveGCBoundary = 1 AND UseAdaptiveSizeDecayMajorGCCost = 1,DisableExplicitGC >= 1.0  AND  UseAdaptiveSizeDecayMajorGCCost >= 1.0  AND  TenuredGenerationSizeSupplement_70 >= 0.5  AND  UseAdaptiveGCBoundary >= 1.0,1.0,0.5,1.0,0.3333333333333333,9
power_law,24192,DisableExplicitGC = 1 AND UseAdaptiveGCBoundary = 1 AND UseAdaptiveSizeDecayMajorGCCost = 1,DisableExplicitGC >= 1.0  AND  UseAdaptiveSizeDecayMajorGCCost >= 1.0  AND  0.0 <= TenuredGenerationSizeSupplement_50 < 0.5  AND  UseAdaptiveGCBoundary >= 1.0,0.0,0.8,1.0,0.6666666666666666,9
