param_name,param_value,n_groups,f1_0,precision_0,recall_0,f1_1,precision_1,recall_1,f1_2,precision_2,recall_2,seed,runtime
beam_width,20.0,1,1.0,1.0,1.0,0.0,0.0,0.0,0.0,0.0,0.0,0,32.821990728378296
beam_width,20.0,2,0.7398843930635839,1.0,0.5871559633027523,1.0,1.0,1.0,0.0,0.0,0.0,0,29.784433126449585
beam_width,20.0,3,0.8934010152284264,1.0,0.8073394495412844,1.0,1.0,1.0,0.9043478260869564,1.0,0.8253968253968254,0,29.18400502204895
beam_width,40.0,1,1.0,1.0,1.0,0.0,0.0,0.0,0.0,0.0,0.0,0,31.023287057876587
beam_width,40.0,2,0.8934010152284264,1.0,0.8073394495412844,1.0,1.0,1.0,0.0,0.0,0.0,0,31.19115924835205
beam_width,40.0,3,0.8934010152284264,1.0,0.8073394495412844,1.0,1.0,1.0,0.9043478260869564,1.0,0.8253968253968254,0,29.05036783218384
beam_width,80.0,1,1.0,1.0,1.0,0.0,0.0,0.0,0.0,0.0,0.0,0,30.91966986656189
beam_width,80.0,2,0.8934010152284264,1.0,0.8073394495412844,1.0,1.0,1.0,0.0,0.0,0.0,0,31.96358728408813
beam_width,80.0,3,0.8934010152284264,1.0,0.8073394495412844,1.0,1.0,1.0,0.9043478260869564,1.0,0.8253968253968254,0,29.13295006752014
beam_width,160.0,1,1.0,1.0,1.0,0.0,0.0,0.0,0.0,0.0,0.0,0,31.02222752571106
beam_width,160.0,2,0.8934010152284264,1.0,0.8073394495412844,1.0,1.0,1.0,0.0,0.0,0.0,0,32.17154884338379
beam_width,160.0,3,0.8934010152284264,1.0,0.8073394495412844,1.0,1.0,1.0,0.9043478260869564,1.0,0.8253968253968254,0,28.884595155715942
rsd_min_support,0.01,1,1.0,1.0,1.0,0.0,0.0,0.0,0.0,0.0,0.0,0,33.80770206451416
rsd_min_support,0.01,2,1.0,1.0,1.0,1.0,1.0,1.0,0.0,0.0,0.0,0,33.80250382423401
rsd_min_support,0.01,3,0.8934010152284264,1.0,0.8073394495412844,1.0,1.0,1.0,1.0,1.0,1.0,0,33.99498915672302
rsd_min_support,0.025,1,1.0,1.0,1.0,0.0,0.0,0.0,0.0,0.0,0.0,0,30.778587341308597
rsd_min_support,0.025,2,0.8934010152284264,1.0,0.8073394495412844,1.0,1.0,1.0,0.0,0.0,0.0,0,32.51110410690308
rsd_min_support,0.025,3,0.8934010152284264,1.0,0.8073394495412844,1.0,1.0,1.0,0.9043478260869564,1.0,0.8253968253968254,0,28.95229721069336
rsd_min_support,0.05,1,0.7176470588235294,1.0,0.5596330275229358,0.0,0.0,0.0,0.0,0.0,0.0,0,23.3764922618866
rsd_min_support,0.05,2,0.8934010152284264,1.0,0.8073394495412844,1.0,1.0,1.0,0.0,0.0,0.0,0,26.5289843082428
rsd_min_support,0.05,3,0.8934010152284264,1.0,0.8073394495412844,1.0,1.0,1.0,0.9043478260869564,1.0,0.8253968253968254,0,26.14042019844055
rsd_min_support,0.1,1,0.7663702506063056,1.0,0.6212319790301442,0.0,0.0,0.0,0.0,0.0,0.0,0,18.712085723876957
rsd_min_support,0.1,2,0.7663702506063056,1.0,0.6212319790301442,1.0,1.0,1.0,0.0,0.0,0.0,0,17.153269052505493
rsd_min_support,0.1,3,0.7663702506063056,1.0,0.6212319790301442,1.0,1.0,1.0,1.0,1.0,1.0,0,15.65508246421814
beam_width,20.0,1,1.0,1.0,1.0,0.0,0.0,0.0,0.0,0.0,0.0,1,26.518043518066406
beam_width,20.0,2,1.0,1.0,1.0,1.0,1.0,1.0,0.0,0.0,0.0,1,31.79969096183777
beam_width,20.0,3,1.0,1.0,1.0,1.0,1.0,1.0,1.0,1.0,1.0,1,31.14094090461731
beam_width,40.0,1,1.0,1.0,1.0,0.0,0.0,0.0,0.0,0.0,0.0,1,32.978007078170776
beam_width,40.0,2,1.0,1.0,1.0,1.0,1.0,1.0,0.0,0.0,0.0,1,30.997211694717407
beam_width,40.0,3,1.0,1.0,1.0,1.0,1.0,1.0,1.0,1.0,1.0,1,31.0511314868927
beam_width,80.0,1,1.0,1.0,1.0,0.0,0.0,0.0,0.0,0.0,0.0,1,31.105121612548828
beam_width,80.0,2,1.0,1.0,1.0,1.0,1.0,1.0,0.0,0.0,0.0,1,32.49499583244324
beam_width,80.0,3,1.0,1.0,1.0,1.0,1.0,1.0,1.0,1.0,1.0,1,32.55054521560669
beam_width,160.0,1,1.0,1.0,1.0,0.0,0.0,0.0,0.0,0.0,0.0,1,33.51416516304016
beam_width,160.0,2,1.0,1.0,1.0,1.0,1.0,1.0,0.0,0.0,0.0,1,30.683354377746586
beam_width,160.0,3,1.0,1.0,1.0,1.0,1.0,1.0,1.0,1.0,1.0,1,32.6305410861969
rsd_min_support,0.01,1,1.0,1.0,1.0,0.0,0.0,0.0,0.0,0.0,0.0,1,33.04179620742798
rsd_min_support,0.01,2,1.0,1.0,1.0,1.0,1.0,1.0,0.0,0.0,0.0,1,35.78216361999512
rsd_min_support,0.01,3,1.0,1.0,1.0,1.0,1.0,1.0,1.0,1.0,1.0,1,36.41080021858215
rsd_min_support,0.025,1,1.0,1.0,1.0,0.0,0.0,0.0,0.0,0.0,0.0,1,28.04260754585266
rsd_min_support,0.025,2,1.0,1.0,1.0,1.0,1.0,1.0,0.0,0.0,0.0,1,30.96527576446533
rsd_min_support,0.025,3,1.0,1.0,1.0,1.0,1.0,1.0,1.0,1.0,1.0,1,30.580105304718018
rsd_min_support,0.05,1,1.0,1.0,1.0,0.0,0.0,0.0,0.0,0.0,0.0,1,24.025654077529907
rsd_min_support,0.05,2,1.0,1.0,1.0,1.0,1.0,1.0,0.0,0.0,0.0,1,26.645787954330444
rsd_min_support,0.05,3,1.0,1.0,1.0,1.0,1.0,1.0,0.7521793275217934,1.0,0.6027944111776448,1,25.067668437957764
rsd_min_support,0.1,1,1.0,1.0,1.0,0.0,0.0,0.0,0.0,0.0,0.0,1,20.527872800827023
rsd_min_support,0.1,2,1.0,1.0,1.0,1.0,1.0,1.0,0.0,0.0,0.0,1,17.112982988357544
rsd_min_support,0.1,3,1.0,1.0,1.0,1.0,1.0,1.0,1.0,1.0,1.0,1,17.374635219573975
beam_width,20.0,1,1.0,1.0,1.0,0.0,0.0,0.0,0.0,0.0,0.0,10,24.63366675376892
beam_width,20.0,2,1.0,1.0,1.0,1.0,1.0,1.0,0.0,0.0,0.0,10,28.95946574211121
beam_width,20.0,3,1.0,1.0,1.0,1.0,1.0,1.0,1.0,1.0,1.0,10,28.565956354141235
beam_width,40.0,1,1.0,1.0,1.0,0.0,0.0,0.0,0.0,0.0,0.0,10,29.350494384765625
beam_width,40.0,2,1.0,1.0,1.0,1.0,1.0,1.0,0.0,0.0,0.0,10,27.05603098869324
beam_width,40.0,3,1.0,1.0,1.0,1.0,1.0,1.0,1.0,1.0,1.0,10,28.62031316757202
beam_width,80.0,1,1.0,1.0,1.0,0.0,0.0,0.0,0.0,0.0,0.0,10,24.25239992141724
beam_width,80.0,2,1.0,1.0,1.0,1.0,1.0,1.0,0.0,0.0,0.0,10,29.35024356842041
beam_width,80.0,3,1.0,1.0,1.0,1.0,1.0,1.0,1.0,1.0,1.0,10,28.52375316619873
beam_width,160.0,1,1.0,1.0,1.0,0.0,0.0,0.0,0.0,0.0,0.0,10,26.8392231464386
beam_width,160.0,2,1.0,1.0,1.0,1.0,1.0,1.0,0.0,0.0,0.0,10,29.11436462402344
beam_width,160.0,3,1.0,1.0,1.0,1.0,1.0,1.0,1.0,1.0,1.0,10,28.66016435623169
rsd_min_support,0.01,1,1.0,1.0,1.0,0.0,0.0,0.0,0.0,0.0,0.0,10,33.46440935134888
rsd_min_support,0.01,2,1.0,1.0,1.0,1.0,1.0,1.0,0.0,0.0,0.0,10,31.84530735015869
rsd_min_support,0.01,3,1.0,1.0,1.0,1.0,1.0,1.0,1.0,1.0,1.0,10,32.02935528755188
rsd_min_support,0.025,1,1.0,1.0,1.0,0.0,0.0,0.0,0.0,0.0,0.0,10,25.547733783721924
rsd_min_support,0.025,2,1.0,1.0,1.0,1.0,1.0,1.0,0.0,0.0,0.0,10,29.90916919708252
rsd_min_support,0.025,3,1.0,1.0,1.0,1.0,1.0,1.0,1.0,1.0,1.0,10,28.494492530822757
rsd_min_support,0.05,1,1.0,1.0,1.0,0.0,0.0,0.0,0.0,0.0,0.0,10,25.890930652618408
rsd_min_support,0.05,2,1.0,1.0,1.0,1.0,1.0,1.0,0.0,0.0,0.0,10,23.567382097244263
rsd_min_support,0.05,3,1.0,1.0,1.0,1.0,1.0,1.0,0.9036363636363636,1.0,0.824212271973466,10,23.714821338653564
rsd_min_support,0.1,1,0.850642927794263,1.0,0.7401032702237521,0.0,0.0,0.0,0.0,0.0,0.0,10,16.692641735076904
rsd_min_support,0.1,2,0.850642927794263,1.0,0.7401032702237521,1.0,1.0,1.0,0.0,0.0,0.0,10,15.984050750732422
rsd_min_support,0.1,3,0.850642927794263,1.0,0.7401032702237521,1.0,1.0,1.0,0.9036363636363636,1.0,0.824212271973466,10,14.557547330856323
beam_width,20.0,1,1.0,1.0,1.0,0.0,0.0,0.0,0.0,0.0,0.0,11,30.645973682403564
beam_width,20.0,2,1.0,1.0,1.0,1.0,1.0,1.0,0.0,0.0,0.0,11,31.19434118270874
beam_width,20.0,3,1.0,1.0,1.0,1.0,1.0,1.0,0.8825995807127883,1.0,0.7898686679174484,11,31.715039014816284
beam_width,40.0,1,1.0,1.0,1.0,0.0,0.0,0.0,0.0,0.0,0.0,11,21.665415048599243
beam_width,40.0,2,1.0,1.0,1.0,1.0,1.0,1.0,0.0,0.0,0.0,11,29.752380847930908
beam_width,40.0,3,1.0,1.0,1.0,1.0,1.0,1.0,0.8825995807127883,1.0,0.7898686679174484,11,32.03800296783447
beam_width,80.0,1,1.0,1.0,1.0,0.0,0.0,0.0,0.0,0.0,0.0,11,21.87138056755066
beam_width,80.0,2,1.0,1.0,1.0,1.0,1.0,1.0,0.0,0.0,0.0,11,32.96992373466492
beam_width,80.0,3,1.0,1.0,1.0,1.0,1.0,1.0,0.8825995807127883,1.0,0.7898686679174484,11,31.599233865737915
beam_width,160.0,1,1.0,1.0,1.0,0.0,0.0,0.0,0.0,0.0,0.0,11,21.946911573410038
beam_width,160.0,2,1.0,1.0,1.0,1.0,1.0,1.0,0.0,0.0,0.0,11,30.69939613342285
beam_width,160.0,3,1.0,1.0,1.0,1.0,1.0,1.0,0.8825995807127883,1.0,0.7898686679174484,11,31.49790406227112
rsd_min_support,0.01,1,1.0,1.0,1.0,0.0,0.0,0.0,0.0,0.0,0.0,11,24.513359546661377
rsd_min_support,0.01,2,1.0,1.0,1.0,1.0,1.0,1.0,0.0,0.0,0.0,11,33.85955595970154
rsd_min_support,0.01,3,1.0,1.0,1.0,1.0,1.0,1.0,0.8825995807127883,1.0,0.7898686679174484,11,34.78225231170654
rsd_min_support,0.025,1,1.0,1.0,1.0,0.0,0.0,0.0,0.0,0.0,0.0,11,28.951032638549805
rsd_min_support,0.025,2,1.0,1.0,1.0,1.0,1.0,1.0,0.0,0.0,0.0,11,33.86413240432739
rsd_min_support,0.025,3,1.0,1.0,1.0,1.0,1.0,1.0,0.8825995807127883,1.0,0.7898686679174484,11,31.796590328216556
rsd_min_support,0.05,1,1.0,1.0,1.0,0.0,0.0,0.0,0.0,0.0,0.0,11,15.429943323135376
rsd_min_support,0.05,2,1.0,1.0,1.0,1.0,1.0,1.0,0.0,0.0,0.0,11,26.886475801467896
rsd_min_support,0.05,3,1.0,1.0,1.0,1.0,1.0,1.0,0.7981961668545658,1.0,0.6641651031894934,11,23.216110229492188
rsd_min_support,0.1,1,1.0,1.0,1.0,0.0,0.0,0.0,0.0,0.0,0.0,11,13.129430532455444
rsd_min_support,0.1,2,1.0,1.0,1.0,1.0,1.0,1.0,0.0,0.0,0.0,11,15.794427394866943
rsd_min_support,0.1,3,1.0,1.0,1.0,1.0,1.0,1.0,0.8825995807127883,1.0,0.7898686679174484,11,17.55250310897827
beam_width,20.0,1,1.0,1.0,1.0,0.0,0.0,0.0,0.0,0.0,0.0,12,30.466057777404785
beam_width,20.0,2,1.0,1.0,1.0,1.0,1.0,1.0,0.0,0.0,0.0,12,29.95785617828369
beam_width,20.0,3,0.7870837537840566,1.0,0.64891846921797,1.0,1.0,1.0,1.0,1.0,1.0,12,30.922812938690186
beam_width,40.0,1,1.0,1.0,1.0,0.0,0.0,0.0,0.0,0.0,0.0,12,31.85440826416016
beam_width,40.0,2,1.0,1.0,1.0,1.0,1.0,1.0,0.0,0.0,0.0,12,29.09388327598572
beam_width,40.0,3,0.7870837537840566,1.0,0.64891846921797,1.0,1.0,1.0,1.0,1.0,1.0,12,31.224191427230835
beam_width,80.0,1,1.0,1.0,1.0,0.0,0.0,0.0,0.0,0.0,0.0,12,28.744898796081543
beam_width,80.0,2,1.0,1.0,1.0,1.0,1.0,1.0,0.0,0.0,0.0,12,30.129798650741577
beam_width,80.0,3,0.7870837537840566,1.0,0.64891846921797,1.0,1.0,1.0,1.0,1.0,1.0,12,31.49807286262512
beam_width,160.0,1,1.0,1.0,1.0,0.0,0.0,0.0,0.0,0.0,0.0,12,32.605592489242554
beam_width,160.0,2,1.0,1.0,1.0,1.0,1.0,1.0,0.0,0.0,0.0,12,31.56750750541687
beam_width,160.0,3,0.7870837537840566,1.0,0.64891846921797,1.0,1.0,1.0,1.0,1.0,1.0,12,30.323845386505127
rsd_min_support,0.01,1,1.0,1.0,1.0,0.0,0.0,0.0,0.0,0.0,0.0,12,34.35631227493286
rsd_min_support,0.01,2,1.0,1.0,1.0,1.0,1.0,1.0,0.0,0.0,0.0,12,31.97123074531555
rsd_min_support,0.01,3,0.7870837537840566,1.0,0.64891846921797,1.0,1.0,1.0,1.0,1.0,1.0,12,34.34815216064453
rsd_min_support,0.025,1,1.0,1.0,1.0,0.0,0.0,0.0,0.0,0.0,0.0,12,30.081186294555664
rsd_min_support,0.025,2,1.0,1.0,1.0,1.0,1.0,1.0,0.0,0.0,0.0,12,29.04909658432007
rsd_min_support,0.025,3,0.7870837537840566,1.0,0.64891846921797,1.0,1.0,1.0,1.0,1.0,1.0,12,30.503379344940186
rsd_min_support,0.05,1,1.0,1.0,1.0,0.0,0.0,0.0,0.0,0.0,0.0,12,24.981834411621094
rsd_min_support,0.05,2,1.0,1.0,1.0,1.0,1.0,1.0,0.0,0.0,0.0,12,23.68180227279663
rsd_min_support,0.05,3,1.0,1.0,1.0,0.8244734202607823,1.0,0.7013651877133106,1.0,1.0,1.0,12,22.44885993003845
rsd_min_support,0.1,1,1.0,1.0,1.0,0.0,0.0,0.0,0.0,0.0,0.0,12,20.17869806289673
rsd_min_support,0.1,2,1.0,1.0,1.0,1.0,1.0,1.0,0.0,0.0,0.0,12,19.856691122055054
rsd_min_support,0.1,3,1.0,1.0,1.0,1.0,1.0,1.0,0.8946840521564694,1.0,0.809437386569873,12,16.93791699409485
beam_width,20.0,1,1.0,1.0,1.0,0.0,0.0,0.0,0.0,0.0,0.0,13,26.002745389938354
beam_width,20.0,2,1.0,1.0,1.0,1.0,1.0,1.0,0.0,0.0,0.0,13,30.11788892745972
beam_width,20.0,3,0.7228525121555917,1.0,0.565989847715736,1.0,1.0,1.0,1.0,1.0,1.0,13,29.47189450263977
beam_width,40.0,1,1.0,1.0,1.0,0.0,0.0,0.0,0.0,0.0,0.0,13,24.143195629119877
beam_width,40.0,2,1.0,1.0,1.0,1.0,1.0,1.0,0.0,0.0,0.0,13,30.10503315925598
beam_width,40.0,3,0.7228525121555917,1.0,0.565989847715736,1.0,1.0,1.0,1.0,1.0,1.0,13,29.33681035041809
beam_width,80.0,1,1.0,1.0,1.0,0.0,0.0,0.0,0.0,0.0,0.0,13,29.055404663085938
beam_width,80.0,2,1.0,1.0,1.0,1.0,1.0,1.0,0.0,0.0,0.0,13,30.489884614944454
beam_width,80.0,3,0.7228525121555917,1.0,0.565989847715736,1.0,1.0,1.0,1.0,1.0,1.0,13,29.337866067886356
beam_width,160.0,1,1.0,1.0,1.0,0.0,0.0,0.0,0.0,0.0,0.0,13,27.92717337608337
beam_width,160.0,2,1.0,1.0,1.0,1.0,1.0,1.0,0.0,0.0,0.0,13,30.273269414901733
beam_width,160.0,3,0.7228525121555917,1.0,0.565989847715736,1.0,1.0,1.0,1.0,1.0,1.0,13,29.03720474243164
rsd_min_support,0.01,1,1.0,1.0,1.0,0.0,0.0,0.0,0.0,0.0,0.0,13,33.08113074302673
rsd_min_support,0.01,2,1.0,1.0,1.0,1.0,1.0,1.0,0.0,0.0,0.0,13,35.11627817153931
rsd_min_support,0.01,3,0.7228525121555917,1.0,0.565989847715736,1.0,1.0,1.0,1.0,1.0,1.0,13,34.35947942733765
rsd_min_support,0.025,1,1.0,1.0,1.0,0.0,0.0,0.0,0.0,0.0,0.0,13,23.90546178817749
rsd_min_support,0.025,2,1.0,1.0,1.0,1.0,1.0,1.0,0.0,0.0,0.0,13,29.77160716056824
rsd_min_support,0.025,3,0.7228525121555917,1.0,0.565989847715736,1.0,1.0,1.0,1.0,1.0,1.0,13,29.388198614120483
rsd_min_support,0.05,1,1.0,1.0,1.0,0.0,0.0,0.0,0.0,0.0,0.0,13,21.431750774383545
rsd_min_support,0.05,2,0.7228525121555917,1.0,0.565989847715736,1.0,1.0,1.0,0.0,0.0,0.0,13,23.64251732826233
rsd_min_support,0.05,3,0.7228525121555917,1.0,0.565989847715736,1.0,1.0,1.0,1.0,1.0,1.0,13,24.07518768310547
rsd_min_support,0.1,1,1.0,1.0,1.0,0.0,0.0,0.0,0.0,0.0,0.0,13,14.812493085861206
rsd_min_support,0.1,2,1.0,1.0,1.0,0.8453976764968723,1.0,0.7321981424148607,0.0,0.0,0.0,13,19.758533239364624
rsd_min_support,0.1,3,1.0,1.0,1.0,0.8453976764968723,1.0,0.7321981424148607,1.0,1.0,1.0,13,17.4959135055542
beam_width,20.0,1,1.0,1.0,1.0,0.0,0.0,0.0,0.0,0.0,0.0,14,25.40416145324707
beam_width,20.0,2,1.0,1.0,1.0,1.0,1.0,1.0,0.0,0.0,0.0,14,31.37109589576721
beam_width,20.0,3,1.0,1.0,1.0,0.513347022587269,1.0,0.3453038674033149,1.0,1.0,1.0,14,31.21950078010559
beam_width,40.0,1,1.0,1.0,1.0,0.0,0.0,0.0,0.0,0.0,0.0,14,30.526878595352173
beam_width,40.0,2,1.0,1.0,1.0,1.0,1.0,1.0,0.0,0.0,0.0,14,30.85004472732544
beam_width,40.0,3,1.0,1.0,1.0,0.513347022587269,1.0,0.3453038674033149,1.0,1.0,1.0,14,31.13460850715637
beam_width,80.0,1,1.0,1.0,1.0,0.0,0.0,0.0,0.0,0.0,0.0,14,21.49583125114441
beam_width,80.0,2,1.0,1.0,1.0,1.0,1.0,1.0,0.0,0.0,0.0,14,31.37368631362915
beam_width,80.0,3,1.0,1.0,1.0,0.513347022587269,1.0,0.3453038674033149,1.0,1.0,1.0,14,30.5952410697937
beam_width,160.0,1,1.0,1.0,1.0,0.0,0.0,0.0,0.0,0.0,0.0,14,24.147146940231323
beam_width,160.0,2,1.0,1.0,1.0,1.0,1.0,1.0,0.0,0.0,0.0,14,31.306071043014526
beam_width,160.0,3,1.0,1.0,1.0,0.513347022587269,1.0,0.3453038674033149,1.0,1.0,1.0,14,31.215574741363525
rsd_min_support,0.01,1,1.0,1.0,1.0,0.0,0.0,0.0,0.0,0.0,0.0,14,25.828913927078247
rsd_min_support,0.01,2,1.0,1.0,1.0,1.0,1.0,1.0,0.0,0.0,0.0,14,36.544899702072144
rsd_min_support,0.01,3,1.0,1.0,1.0,0.513347022587269,1.0,0.3453038674033149,1.0,1.0,1.0,14,34.669514894485474
rsd_min_support,0.025,1,1.0,1.0,1.0,0.0,0.0,0.0,0.0,0.0,0.0,14,25.20475697517395
rsd_min_support,0.025,2,1.0,1.0,1.0,1.0,1.0,1.0,0.0,0.0,0.0,14,30.939391136169437
rsd_min_support,0.025,3,1.0,1.0,1.0,0.513347022587269,1.0,0.3453038674033149,1.0,1.0,1.0,14,31.2096643447876
rsd_min_support,0.05,1,1.0,1.0,1.0,0.0,0.0,0.0,0.0,0.0,0.0,14,20.362435340881348
rsd_min_support,0.05,2,1.0,1.0,1.0,0.7973421926910298,1.0,0.6629834254143646,0.0,0.0,0.0,14,25.570410013198853
rsd_min_support,0.05,3,1.0,1.0,1.0,0.513347022587269,1.0,0.3453038674033149,1.0,1.0,1.0,14,24.61463141441345
rsd_min_support,0.1,1,1.0,1.0,1.0,0.0,0.0,0.0,0.0,0.0,0.0,14,14.65082836151123
rsd_min_support,0.1,2,0.7973856209150326,0.7497206703910615,0.8515228426395939,0.7973421926910298,1.0,0.6629834254143646,0.0,0.0,0.0,14,19.62846541404724
rsd_min_support,0.1,3,0.7867298578199052,0.7377777777777778,0.8426395939086294,0.7973421926910298,1.0,0.6629834254143646,0.7561168113654302,1.0,0.6078680203045685,14,17.585036993026733
beam_width,20.0,1,1.0,1.0,1.0,0.0,0.0,0.0,0.0,0.0,0.0,15,34.12018871307373
beam_width,20.0,2,1.0,1.0,1.0,1.0,1.0,1.0,0.0,0.0,0.0,15,32.09122133255005
beam_width,20.0,3,1.0,1.0,1.0,1.0,1.0,1.0,1.0,1.0,1.0,15,31.218393325805664
beam_width,40.0,1,1.0,1.0,1.0,0.0,0.0,0.0,0.0,0.0,0.0,15,32.88217854499817
beam_width,40.0,2,1.0,1.0,1.0,1.0,1.0,1.0,0.0,0.0,0.0,15,33.167447328567505
beam_width,40.0,3,1.0,1.0,1.0,1.0,1.0,1.0,1.0,1.0,1.0,15,31.509984731674194
beam_width,80.0,1,1.0,1.0,1.0,0.0,0.0,0.0,0.0,0.0,0.0,15,35.29077363014221
beam_width,80.0,2,1.0,1.0,1.0,1.0,1.0,1.0,0.0,0.0,0.0,15,33.2187397480011
beam_width,80.0,3,1.0,1.0,1.0,1.0,1.0,1.0,1.0,1.0,1.0,15,31.459598302841187
beam_width,160.0,1,1.0,1.0,1.0,0.0,0.0,0.0,0.0,0.0,0.0,15,32.87938642501831
beam_width,160.0,2,1.0,1.0,1.0,1.0,1.0,1.0,0.0,0.0,0.0,15,32.520411014556885
beam_width,160.0,3,1.0,1.0,1.0,1.0,1.0,1.0,1.0,1.0,1.0,15,31.175318241119385
rsd_min_support,0.01,1,1.0,1.0,1.0,0.0,0.0,0.0,0.0,0.0,0.0,15,35.27621054649353
rsd_min_support,0.01,2,1.0,1.0,1.0,1.0,1.0,1.0,0.0,0.0,0.0,15,35.23491144180298
rsd_min_support,0.01,3,1.0,1.0,1.0,1.0,1.0,1.0,1.0,1.0,1.0,15,36.22132134437561
rsd_min_support,0.025,1,1.0,1.0,1.0,0.0,0.0,0.0,0.0,0.0,0.0,15,35.9343945980072
rsd_min_support,0.025,2,1.0,1.0,1.0,1.0,1.0,1.0,0.0,0.0,0.0,15,31.653276443481445
rsd_min_support,0.025,3,1.0,1.0,1.0,1.0,1.0,1.0,1.0,1.0,1.0,15,31.52632236480713
rsd_min_support,0.05,1,1.0,1.0,1.0,0.0,0.0,0.0,0.0,0.0,0.0,15,26.656254529953003
rsd_min_support,0.05,2,1.0,1.0,1.0,1.0,1.0,1.0,0.0,0.0,0.0,15,24.09493041038513
rsd_min_support,0.05,3,1.0,1.0,1.0,1.0,1.0,1.0,1.0,1.0,1.0,15,24.797963619232178
rsd_min_support,0.1,1,1.0,1.0,1.0,0.0,0.0,0.0,0.0,0.0,0.0,15,19.7419912815094
rsd_min_support,0.1,2,1.0,1.0,1.0,0.8739495798319328,1.0,0.7761194029850746,0.0,0.0,0.0,15,15.318886280059814
rsd_min_support,0.1,3,1.0,1.0,1.0,0.8739495798319328,1.0,0.7761194029850746,1.0,1.0,1.0,15,16.365819692611694
beam_width,20.0,1,0.8837579617834395,1.0,0.7917261055634808,0.0,0.0,0.0,0.0,0.0,0.0,16,33.721062660217285
beam_width,20.0,2,0.8837579617834395,1.0,0.7917261055634808,1.0,1.0,1.0,0.0,0.0,0.0,16,29.72238183021545
beam_width,20.0,3,0.8837579617834395,1.0,0.7917261055634808,0.8875096974398758,1.0,0.797768479776848,1.0,1.0,1.0,16,29.0483078956604
beam_width,40.0,1,0.8837579617834395,1.0,0.7917261055634808,0.0,0.0,0.0,0.0,0.0,0.0,16,33.134297132492065
beam_width,40.0,2,0.8837579617834395,1.0,0.7917261055634808,1.0,1.0,1.0,0.0,0.0,0.0,16,29.170177698135376
beam_width,40.0,3,0.8837579617834395,1.0,0.7917261055634808,0.8875096974398758,1.0,0.797768479776848,1.0,1.0,1.0,16,29.216055870056152
beam_width,80.0,1,0.8837579617834395,1.0,0.7917261055634808,0.0,0.0,0.0,0.0,0.0,0.0,16,34.098544120788574
beam_width,80.0,2,0.8837579617834395,1.0,0.7917261055634808,1.0,1.0,1.0,0.0,0.0,0.0,16,28.956310510635376
beam_width,80.0,3,0.8837579617834395,1.0,0.7917261055634808,0.8875096974398758,1.0,0.797768479776848,1.0,1.0,1.0,16,29.11909008026123
beam_width,160.0,1,0.8837579617834395,1.0,0.7917261055634808,0.0,0.0,0.0,0.0,0.0,0.0,16,31.655425310134888
beam_width,160.0,2,0.8837579617834395,1.0,0.7917261055634808,1.0,1.0,1.0,0.0,0.0,0.0,16,29.14004588127136
beam_width,160.0,3,0.8837579617834395,1.0,0.7917261055634808,0.8875096974398758,1.0,0.797768479776848,1.0,1.0,1.0,16,29.27725911140442
rsd_min_support,0.01,1,1.0,1.0,1.0,0.0,0.0,0.0,0.0,0.0,0.0,16,35.31932806968689
rsd_min_support,0.01,2,1.0,1.0,1.0,1.0,1.0,1.0,0.0,0.0,0.0,16,31.97373962402344
rsd_min_support,0.01,3,0.8837579617834395,1.0,0.7917261055634808,0.8875096974398758,1.0,0.797768479776848,1.0,1.0,1.0,16,33.24547624588013
rsd_min_support,0.025,1,0.8837579617834395,1.0,0.7917261055634808,0.0,0.0,0.0,0.0,0.0,0.0,16,33.49236297607422
rsd_min_support,0.025,2,0.8837579617834395,1.0,0.7917261055634808,1.0,1.0,1.0,0.0,0.0,0.0,16,28.82790207862854
rsd_min_support,0.025,3,0.8837579617834395,1.0,0.7917261055634808,0.8875096974398758,1.0,0.797768479776848,1.0,1.0,1.0,16,29.19566822052002
rsd_min_support,0.05,1,0.8837579617834395,1.0,0.7917261055634808,0.0,0.0,0.0,0.0,0.0,0.0,16,24.71006941795349
rsd_min_support,0.05,2,0.8837579617834395,1.0,0.7917261055634808,0.8875096974398758,1.0,0.797768479776848,0.0,0.0,0.0,16,25.46674633026123
rsd_min_support,0.05,3,0.8837579617834395,1.0,0.7917261055634808,0.8875096974398758,1.0,0.797768479776848,1.0,1.0,1.0,16,24.22835946083069
rsd_min_support,0.1,1,0.762577228596646,1.0,0.6162624821683309,0.0,0.0,0.0,0.0,0.0,0.0,16,17.714704036712646
rsd_min_support,0.1,2,0.762577228596646,1.0,0.6162624821683309,0.8875096974398758,1.0,0.797768479776848,0.0,0.0,0.0,16,16.784839153289795
rsd_min_support,0.1,3,0.8595953402820355,0.7537634408602151,1.0,0.8875096974398758,1.0,0.797768479776848,0.8094405594405594,1.0,0.6798825256975036,16,17.47520160675049
beam_width,20.0,1,1.0,1.0,1.0,0.0,0.0,0.0,0.0,0.0,0.0,17,32.083128452301025
beam_width,20.0,2,1.0,1.0,1.0,0.8852459016393442,1.0,0.7941176470588235,0.0,0.0,0.0,17,28.875720739364624
beam_width,20.0,3,1.0,1.0,1.0,0.8852459016393442,1.0,0.7941176470588235,0.8603435399551904,1.0,0.7549148099606815,17,29.915987253189087
beam_width,40.0,1,1.0,1.0,1.0,0.0,0.0,0.0,0.0,0.0,0.0,17,31.80598258972168
beam_width,40.0,2,1.0,1.0,1.0,0.8852459016393442,1.0,0.7941176470588235,0.0,0.0,0.0,17,28.206271171569824
beam_width,40.0,3,1.0,1.0,1.0,0.8852459016393442,1.0,0.7941176470588235,0.8603435399551904,1.0,0.7549148099606815,17,30.513378858566284
beam_width,80.0,1,1.0,1.0,1.0,0.0,0.0,0.0,0.0,0.0,0.0,17,30.52654218673706
beam_width,80.0,2,1.0,1.0,1.0,0.8852459016393442,1.0,0.7941176470588235,0.0,0.0,0.0,17,28.529608249664307
beam_width,80.0,3,1.0,1.0,1.0,0.8852459016393442,1.0,0.7941176470588235,0.8603435399551904,1.0,0.7549148099606815,17,30.516653537750244
beam_width,160.0,1,1.0,1.0,1.0,0.0,0.0,0.0,0.0,0.0,0.0,17,31.224225282669067
beam_width,160.0,2,1.0,1.0,1.0,0.8852459016393442,1.0,0.7941176470588235,0.0,0.0,0.0,17,30.805544137954712
beam_width,160.0,3,1.0,1.0,1.0,0.8852459016393442,1.0,0.7941176470588235,0.8603435399551904,1.0,0.7549148099606815,17,30.93346047401428
rsd_min_support,0.01,1,1.0,1.0,1.0,0.0,0.0,0.0,0.0,0.0,0.0,17,32.30396795272827
rsd_min_support,0.01,2,1.0,1.0,1.0,1.0,1.0,1.0,0.0,0.0,0.0,17,33.91715621948242
rsd_min_support,0.01,3,1.0,1.0,1.0,0.8852459016393442,1.0,0.7941176470588235,1.0,1.0,1.0,17,34.845924615859985
rsd_min_support,0.025,1,1.0,1.0,1.0,0.0,0.0,0.0,0.0,0.0,0.0,17,31.663026809692383
rsd_min_support,0.025,2,1.0,1.0,1.0,0.8852459016393442,1.0,0.7941176470588235,0.0,0.0,0.0,17,29.487314462661743
rsd_min_support,0.025,3,1.0,1.0,1.0,0.8852459016393442,1.0,0.7941176470588235,0.8603435399551904,1.0,0.7549148099606815,17,30.69046688079834
rsd_min_support,0.05,1,1.0,1.0,1.0,0.0,0.0,0.0,0.0,0.0,0.0,17,26.53158497810364
rsd_min_support,0.05,2,1.0,1.0,1.0,0.8852459016393442,1.0,0.7941176470588235,0.0,0.0,0.0,17,26.509503602981567
rsd_min_support,0.05,3,1.0,1.0,1.0,0.8852459016393442,1.0,0.7941176470588235,0.8603435399551904,1.0,0.7549148099606815,17,26.11544179916382
rsd_min_support,0.1,1,1.0,1.0,1.0,0.0,0.0,0.0,0.0,0.0,0.0,17,19.424171924591064
rsd_min_support,0.1,2,1.0,1.0,1.0,1.0,1.0,1.0,0.0,0.0,0.0,17,18.818779468536377
rsd_min_support,0.1,3,1.0,1.0,1.0,1.0,1.0,1.0,0.7742971887550201,1.0,0.6317169069462647,17,17.05102849006653
beam_width,20.0,1,1.0,1.0,1.0,0.0,0.0,0.0,0.0,0.0,0.0,18,19.46041440963745
beam_width,20.0,2,1.0,1.0,1.0,0.8998505231689088,1.0,0.8179347826086957,0.0,0.0,0.0,18,32.05790615081787
beam_width,20.0,3,1.0,1.0,1.0,1.0,1.0,1.0,1.0,1.0,1.0,18,31.658282041549683
beam_width,40.0,1,1.0,1.0,1.0,0.0,0.0,0.0,0.0,0.0,0.0,18,19.326595306396484
beam_width,40.0,2,1.0,1.0,1.0,0.8998505231689088,1.0,0.8179347826086957,0.0,0.0,0.0,18,31.21815395355225
beam_width,40.0,3,1.0,1.0,1.0,1.0,1.0,1.0,1.0,1.0,1.0,18,30.690305948257446
beam_width,80.0,1,1.0,1.0,1.0,0.0,0.0,0.0,0.0,0.0,0.0,18,19.293458461761475
beam_width,80.0,2,1.0,1.0,1.0,0.8998505231689088,1.0,0.8179347826086957,0.0,0.0,0.0,18,31.293174505233765
beam_width,80.0,3,1.0,1.0,1.0,1.0,1.0,1.0,1.0,1.0,1.0,18,30.216947317123413
beam_width,160.0,1,1.0,1.0,1.0,0.0,0.0,0.0,0.0,0.0,0.0,18,16.632068157196045
beam_width,160.0,2,1.0,1.0,1.0,0.8998505231689088,1.0,0.8179347826086957,0.0,0.0,0.0,18,31.068464994430546
beam_width,160.0,3,1.0,1.0,1.0,1.0,1.0,1.0,1.0,1.0,1.0,18,31.163525104522705
rsd_min_support,0.01,1,1.0,1.0,1.0,0.0,0.0,0.0,0.0,0.0,0.0,18,19.59182620048523
rsd_min_support,0.01,2,1.0,1.0,1.0,0.8998505231689088,1.0,0.8179347826086957,0.0,0.0,0.0,18,34.4971022605896
rsd_min_support,0.01,3,1.0,1.0,1.0,1.0,1.0,1.0,1.0,1.0,1.0,18,34.01571226119995
rsd_min_support,0.025,1,1.0,1.0,1.0,0.0,0.0,0.0,0.0,0.0,0.0,18,19.58413767814636
rsd_min_support,0.025,2,1.0,1.0,1.0,0.8998505231689088,1.0,0.8179347826086957,0.0,0.0,0.0,18,32.03964877128601
rsd_min_support,0.025,3,1.0,1.0,1.0,1.0,1.0,1.0,1.0,1.0,1.0,18,30.396143674850464
rsd_min_support,0.05,1,1.0,1.0,1.0,0.0,0.0,0.0,0.0,0.0,0.0,18,15.07378911972046
rsd_min_support,0.05,2,1.0,1.0,1.0,1.0,1.0,1.0,0.0,0.0,0.0,18,27.19046902656555
rsd_min_support,0.05,3,1.0,1.0,1.0,1.0,1.0,1.0,1.0,1.0,1.0,18,24.798895120620728
rsd_min_support,0.1,1,1.0,1.0,1.0,0.0,0.0,0.0,0.0,0.0,0.0,18,12.787205457687378
rsd_min_support,0.1,2,1.0,1.0,1.0,0.8998505231689088,1.0,0.8179347826086957,0.0,0.0,0.0,18,17.246888875961304
rsd_min_support,0.1,3,1.0,1.0,1.0,1.0,1.0,1.0,1.0,1.0,1.0,18,17.69682812690735
beam_width,20.0,1,1.0,1.0,1.0,0.0,0.0,0.0,0.0,0.0,0.0,19,34.109480142593384
beam_width,20.0,2,1.0,1.0,1.0,0.877922077922078,1.0,0.7824074074074074,0.0,0.0,0.0,19,31.245495557785038
beam_width,20.0,3,0.955067920585162,1.0,0.914,0.877922077922078,1.0,0.7824074074074074,1.0,1.0,1.0,19,30.652400493621823
beam_width,40.0,1,1.0,1.0,1.0,0.0,0.0,0.0,0.0,0.0,0.0,19,32.656734466552734
beam_width,40.0,2,1.0,1.0,1.0,0.877922077922078,1.0,0.7824074074074074,0.0,0.0,0.0,19,31.220561265945435
beam_width,40.0,3,1.0,1.0,1.0,0.877922077922078,1.0,0.7824074074074074,1.0,1.0,1.0,19,30.30712342262268
beam_width,80.0,1,1.0,1.0,1.0,0.0,0.0,0.0,0.0,0.0,0.0,19,34.79204845428467
beam_width,80.0,2,1.0,1.0,1.0,0.877922077922078,1.0,0.7824074074074074,0.0,0.0,0.0,19,30.140977382659912
beam_width,80.0,3,0.955067920585162,1.0,0.914,0.877922077922078,1.0,0.7824074074074074,1.0,1.0,1.0,19,30.61575722694397
beam_width,160.0,1,1.0,1.0,1.0,0.0,0.0,0.0,0.0,0.0,0.0,19,33.41805648803711
beam_width,160.0,2,1.0,1.0,1.0,0.877922077922078,1.0,0.7824074074074074,0.0,0.0,0.0,19,32.10346245765686
beam_width,160.0,3,0.955067920585162,1.0,0.914,0.877922077922078,1.0,0.7824074074074074,1.0,1.0,1.0,19,30.115111112594604
rsd_min_support,0.01,1,1.0,1.0,1.0,0.0,0.0,0.0,0.0,0.0,0.0,19,35.672935009002686
rsd_min_support,0.01,2,1.0,1.0,1.0,1.0,1.0,1.0,0.0,0.0,0.0,19,34.07534193992615
rsd_min_support,0.01,3,1.0,1.0,1.0,0.8837209302325582,1.0,0.7916666666666666,1.0,1.0,1.0,19,35.336928844451904
rsd_min_support,0.025,1,1.0,1.0,1.0,0.0,0.0,0.0,0.0,0.0,0.0,19,30.876699924468998
rsd_min_support,0.025,2,1.0,1.0,1.0,0.877922077922078,1.0,0.7824074074074074,0.0,0.0,0.0,19,31.669578790664676
rsd_min_support,0.025,3,1.0,1.0,1.0,0.877922077922078,1.0,0.7824074074074074,1.0,1.0,1.0,19,30.790807485580444
rsd_min_support,0.05,1,1.0,1.0,1.0,0.0,0.0,0.0,0.0,0.0,0.0,19,26.115643978118896
rsd_min_support,0.05,2,1.0,1.0,1.0,0.877922077922078,1.0,0.7824074074074074,0.0,0.0,0.0,19,26.78795981407165
rsd_min_support,0.05,3,1.0,1.0,1.0,0.877922077922078,1.0,0.7824074074074074,0.7874465049928673,1.0,0.6494117647058824,19,25.461653232574463
rsd_min_support,0.1,1,1.0,1.0,1.0,0.0,0.0,0.0,0.0,0.0,0.0,19,19.68197798728943
rsd_min_support,0.1,2,1.0,1.0,1.0,1.0,1.0,1.0,0.0,0.0,0.0,19,18.660063982009888
rsd_min_support,0.1,3,1.0,1.0,1.0,1.0,1.0,1.0,1.0,1.0,1.0,19,16.49470090866089
beam_width,20.0,1,1.0,1.0,1.0,0.0,0.0,0.0,0.0,0.0,0.0,2,31.51996397972107
beam_width,20.0,2,1.0,1.0,1.0,0.8711340206185566,1.0,0.771689497716895,0.0,0.0,0.0,2,30.621564388275143
beam_width,20.0,3,1.0,1.0,1.0,0.8711340206185566,1.0,0.771689497716895,1.0,1.0,1.0,2,30.702402353286743
beam_width,40.0,1,1.0,1.0,1.0,0.0,0.0,0.0,0.0,0.0,0.0,2,30.339755296707157
beam_width,40.0,2,1.0,1.0,1.0,0.8711340206185566,1.0,0.771689497716895,0.0,0.0,0.0,2,30.564552545547485
beam_width,40.0,3,1.0,1.0,1.0,0.8711340206185566,1.0,0.771689497716895,1.0,1.0,1.0,2,30.797436475753784
beam_width,80.0,1,1.0,1.0,1.0,0.0,0.0,0.0,0.0,0.0,0.0,2,32.31142568588257
beam_width,80.0,2,1.0,1.0,1.0,0.8711340206185566,1.0,0.771689497716895,0.0,0.0,0.0,2,29.009207010269165
beam_width,80.0,3,1.0,1.0,1.0,0.8711340206185566,1.0,0.771689497716895,1.0,1.0,1.0,2,30.56461906433105
beam_width,160.0,1,1.0,1.0,1.0,0.0,0.0,0.0,0.0,0.0,0.0,2,29.96921157836914
beam_width,160.0,2,1.0,1.0,1.0,0.8711340206185566,1.0,0.771689497716895,0.0,0.0,0.0,2,30.53942060470581
beam_width,160.0,3,1.0,1.0,1.0,0.8711340206185566,1.0,0.771689497716895,1.0,1.0,1.0,2,31.15377879142761
rsd_min_support,0.01,1,1.0,1.0,1.0,0.0,0.0,0.0,0.0,0.0,0.0,2,34.523560523986816
rsd_min_support,0.01,2,1.0,1.0,1.0,1.0,1.0,1.0,0.0,0.0,0.0,2,33.04662585258484
rsd_min_support,0.01,3,1.0,1.0,1.0,1.0,1.0,1.0,1.0,1.0,1.0,2,32.616910457611084
rsd_min_support,0.025,1,1.0,1.0,1.0,0.0,0.0,0.0,0.0,0.0,0.0,2,31.439791679382324
rsd_min_support,0.025,2,1.0,1.0,1.0,0.8711340206185566,1.0,0.771689497716895,0.0,0.0,0.0,2,30.071739673614506
rsd_min_support,0.025,3,1.0,1.0,1.0,0.8711340206185566,1.0,0.771689497716895,1.0,1.0,1.0,2,31.221508502960205
rsd_min_support,0.05,1,0.8910505836575876,1.0,0.8035087719298246,0.0,0.0,0.0,0.0,0.0,0.0,2,25.71001482009888
rsd_min_support,0.05,2,0.8910505836575876,1.0,0.8035087719298246,0.8711340206185566,1.0,0.771689497716895,0.0,0.0,0.0,2,26.02779197692871
rsd_min_support,0.05,3,1.0,1.0,1.0,1.0,1.0,1.0,1.0,1.0,1.0,2,26.623883485794067
rsd_min_support,0.1,1,0.8910505836575876,1.0,0.8035087719298246,0.0,0.0,0.0,0.0,0.0,0.0,2,19.853975772857662
rsd_min_support,0.1,2,0.8910505836575876,1.0,0.8035087719298246,1.0,1.0,1.0,0.0,0.0,0.0,2,18.238523244857788
rsd_min_support,0.1,3,1.0,1.0,1.0,1.0,1.0,1.0,1.0,1.0,1.0,2,17.931478261947632
beam_width,20.0,1,1.0,1.0,1.0,0.0,0.0,0.0,0.0,0.0,0.0,20,34.52708888053894
beam_width,20.0,2,1.0,1.0,1.0,1.0,1.0,1.0,0.0,0.0,0.0,20,31.941294193267822
beam_width,20.0,3,0.7712082262210797,1.0,0.6276150627615062,1.0,1.0,1.0,1.0,1.0,1.0,20,32.73524332046509
beam_width,40.0,1,1.0,1.0,1.0,0.0,0.0,0.0,0.0,0.0,0.0,20,30.757078409194943
beam_width,40.0,2,1.0,1.0,1.0,1.0,1.0,1.0,0.0,0.0,0.0,20,30.945055723190308
beam_width,40.0,3,0.7712082262210797,1.0,0.6276150627615062,1.0,1.0,1.0,1.0,1.0,1.0,20,32.65615797042847
beam_width,80.0,1,1.0,1.0,1.0,0.0,0.0,0.0,0.0,0.0,0.0,20,34.912779808044434
beam_width,80.0,2,1.0,1.0,1.0,1.0,1.0,1.0,0.0,0.0,0.0,20,32.04871702194214
beam_width,80.0,3,0.7712082262210797,1.0,0.6276150627615062,1.0,1.0,1.0,1.0,1.0,1.0,20,32.75106716156006
beam_width,160.0,1,1.0,1.0,1.0,0.0,0.0,0.0,0.0,0.0,0.0,20,34.56442666053772
beam_width,160.0,2,1.0,1.0,1.0,1.0,1.0,1.0,0.0,0.0,0.0,20,31.79789614677429
beam_width,160.0,3,0.7712082262210797,1.0,0.6276150627615062,1.0,1.0,1.0,1.0,1.0,1.0,20,33.042667388916016
rsd_min_support,0.01,1,1.0,1.0,1.0,0.0,0.0,0.0,0.0,0.0,0.0,20,37.72048211097717
rsd_min_support,0.01,2,1.0,1.0,1.0,1.0,1.0,1.0,0.0,0.0,0.0,20,36.519479751586914
rsd_min_support,0.01,3,0.7712082262210797,1.0,0.6276150627615062,1.0,1.0,1.0,1.0,1.0,1.0,20,37.64722895622253
rsd_min_support,0.025,1,1.0,1.0,1.0,0.0,0.0,0.0,0.0,0.0,0.0,20,32.62627959251404
rsd_min_support,0.025,2,1.0,1.0,1.0,1.0,1.0,1.0,0.0,0.0,0.0,20,32.07120060920715
rsd_min_support,0.025,3,0.7712082262210797,1.0,0.6276150627615062,1.0,1.0,1.0,1.0,1.0,1.0,20,33.06527853012085
rsd_min_support,0.05,1,0.7712082262210797,1.0,0.6276150627615062,0.0,0.0,0.0,0.0,0.0,0.0,20,22.437000036239624
rsd_min_support,0.05,2,0.7712082262210797,1.0,0.6276150627615062,1.0,1.0,1.0,0.0,0.0,0.0,20,27.28635883331299
rsd_min_support,0.05,3,0.7712082262210797,1.0,0.6276150627615062,1.0,1.0,1.0,0.8045977011494253,1.0,0.6730769230769231,20,27.52720260620117
rsd_min_support,0.1,1,0.7712082262210797,1.0,0.6276150627615062,0.0,0.0,0.0,0.0,0.0,0.0,20,21.296371459960938
rsd_min_support,0.1,2,0.7712082262210797,1.0,0.6276150627615062,1.0,1.0,1.0,0.0,0.0,0.0,20,18.72978472709656
rsd_min_support,0.1,3,0.7712082262210797,1.0,0.6276150627615062,1.0,1.0,1.0,0.8045977011494253,1.0,0.6730769230769231,20,17.961788654327393
beam_width,20.0,1,1.0,1.0,1.0,0.0,0.0,0.0,0.0,0.0,0.0,21,19.461743593215942
beam_width,20.0,2,1.0,1.0,1.0,0.8946840521564694,1.0,0.809437386569873,0.0,0.0,0.0,21,30.16854786872864
beam_width,20.0,3,1.0,1.0,1.0,0.8946840521564694,1.0,0.809437386569873,0.9092996555683124,1.0,0.8336842105263158,21,27.888437032699585
beam_width,40.0,1,1.0,1.0,1.0,0.0,0.0,0.0,0.0,0.0,0.0,21,20.96322202682495
beam_width,40.0,2,1.0,1.0,1.0,0.8946840521564694,1.0,0.809437386569873,0.0,0.0,0.0,21,30.982813358306885
beam_width,40.0,3,1.0,1.0,1.0,0.8946840521564694,1.0,0.809437386569873,0.9092996555683124,1.0,0.8336842105263158,21,27.90358090400696
beam_width,80.0,1,1.0,1.0,1.0,0.0,0.0,0.0,0.0,0.0,0.0,21,25.73538875579834
beam_width,80.0,2,1.0,1.0,1.0,0.8946840521564694,1.0,0.809437386569873,0.0,0.0,0.0,21,30.87745761871338
beam_width,80.0,3,1.0,1.0,1.0,0.8946840521564694,1.0,0.809437386569873,0.9092996555683124,1.0,0.8336842105263158,21,27.754369497299194
beam_width,160.0,1,1.0,1.0,1.0,0.0,0.0,0.0,0.0,0.0,0.0,21,18.504528760910038
beam_width,160.0,2,1.0,1.0,1.0,0.8946840521564694,1.0,0.809437386569873,0.0,0.0,0.0,21,31.72254180908203
beam_width,160.0,3,1.0,1.0,1.0,0.8946840521564694,1.0,0.809437386569873,0.9092996555683124,1.0,0.8336842105263158,21,27.79983878135681
rsd_min_support,0.01,1,1.0,1.0,1.0,0.0,0.0,0.0,0.0,0.0,0.0,21,20.1624174118042
rsd_min_support,0.01,2,1.0,1.0,1.0,1.0,1.0,1.0,0.0,0.0,0.0,21,33.77155518531799
rsd_min_support,0.01,3,1.0,1.0,1.0,0.8946840521564694,1.0,0.809437386569873,1.0,1.0,1.0,21,34.535794734954834
rsd_min_support,0.025,1,1.0,1.0,1.0,0.0,0.0,0.0,0.0,0.0,0.0,21,26.00672483444214
rsd_min_support,0.025,2,1.0,1.0,1.0,0.8946840521564694,1.0,0.809437386569873,0.0,0.0,0.0,21,30.86694431304932
rsd_min_support,0.025,3,1.0,1.0,1.0,0.8946840521564694,1.0,0.809437386569873,0.9092996555683124,1.0,0.8336842105263158,21,27.684857606887817
rsd_min_support,0.05,1,1.0,1.0,1.0,0.0,0.0,0.0,0.0,0.0,0.0,21,17.270782232284546
rsd_min_support,0.05,2,1.0,1.0,1.0,0.8946840521564694,1.0,0.809437386569873,0.0,0.0,0.0,21,26.03119421005249
rsd_min_support,0.05,3,1.0,1.0,1.0,0.8946840521564694,1.0,0.809437386569873,0.9092996555683124,1.0,0.8336842105263158,21,23.13990616798401
rsd_min_support,0.1,1,1.0,1.0,1.0,0.0,0.0,0.0,0.0,0.0,0.0,21,14.48918342590332
rsd_min_support,0.1,2,1.0,1.0,1.0,0.8946840521564694,1.0,0.809437386569873,0.0,0.0,0.0,21,16.23515224456787
rsd_min_support,0.1,3,1.0,1.0,1.0,0.8946840521564694,1.0,0.809437386569873,1.0,1.0,1.0,21,16.279245376586914
beam_width,20.0,1,0.9249692496924968,1.0,0.8604118993135011,0.0,0.0,0.0,0.0,0.0,0.0,22,21.40170693397522
beam_width,20.0,2,1.0,1.0,1.0,1.0,1.0,1.0,0.0,0.0,0.0,22,32.492249965667725
beam_width,20.0,3,1.0,1.0,1.0,1.0,1.0,1.0,0.731578947368421,1.0,0.5767634854771784,22,31.8433620929718
beam_width,40.0,1,0.9249692496924968,1.0,0.8604118993135011,0.0,0.0,0.0,0.0,0.0,0.0,22,21.086270332336422
beam_width,40.0,2,1.0,1.0,1.0,1.0,1.0,1.0,0.0,0.0,0.0,22,32.98098397254944
beam_width,40.0,3,1.0,1.0,1.0,1.0,1.0,1.0,0.731578947368421,1.0,0.5767634854771784,22,31.79681158065796
beam_width,80.0,1,0.9249692496924968,1.0,0.8604118993135011,0.0,0.0,0.0,0.0,0.0,0.0,22,22.683215618133545
beam_width,80.0,2,1.0,1.0,1.0,1.0,1.0,1.0,0.0,0.0,0.0,22,33.08696246147156
beam_width,80.0,3,1.0,1.0,1.0,1.0,1.0,1.0,0.731578947368421,1.0,0.5767634854771784,22,31.714695692062374
beam_width,160.0,1,0.9249692496924968,1.0,0.8604118993135011,0.0,0.0,0.0,0.0,0.0,0.0,22,18.63842868804932
beam_width,160.0,2,1.0,1.0,1.0,1.0,1.0,1.0,0.0,0.0,0.0,22,32.87379455566406
beam_width,160.0,3,1.0,1.0,1.0,1.0,1.0,1.0,0.731578947368421,1.0,0.5767634854771784,22,31.841996669769287
rsd_min_support,0.01,1,0.9249692496924968,1.0,0.8604118993135011,0.0,0.0,0.0,0.0,0.0,0.0,22,27.034919500350952
rsd_min_support,0.01,2,1.0,1.0,1.0,1.0,1.0,1.0,0.0,0.0,0.0,22,35.05232095718384
rsd_min_support,0.01,3,0.0,0.0,0.0,1.0,1.0,1.0,1.0,1.0,1.0,22,37.01721239089966
rsd_min_support,0.025,1,0.9249692496924968,1.0,0.8604118993135011,0.0,0.0,0.0,0.0,0.0,0.0,22,18.172529935836792
rsd_min_support,0.025,2,1.0,1.0,1.0,1.0,1.0,1.0,0.0,0.0,0.0,22,32.42565846443176
rsd_min_support,0.025,3,1.0,1.0,1.0,1.0,1.0,1.0,0.731578947368421,1.0,0.5767634854771784,22,30.76663064956665
rsd_min_support,0.05,1,0.9249692496924968,1.0,0.8604118993135011,0.0,0.0,0.0,0.0,0.0,0.0,22,20.93294405937195
rsd_min_support,0.05,2,1.0,1.0,1.0,1.0,1.0,1.0,0.0,0.0,0.0,22,28.16941213607788
rsd_min_support,0.05,3,1.0,1.0,1.0,1.0,1.0,1.0,0.5933852140077821,1.0,0.4218533886583679,22,23.97533082962036
rsd_min_support,0.1,1,0.9801633605600932,1.0,0.9610983981693364,0.0,0.0,0.0,0.0,0.0,0.0,22,14.450477838516235
rsd_min_support,0.1,2,1.0,1.0,1.0,1.0,1.0,1.0,0.0,0.0,0.0,22,17.359519004821777
rsd_min_support,0.1,3,0.6488492947290274,0.4802197802197802,1.0,1.0,1.0,1.0,0.7909698996655519,1.0,0.6542185338865837,22,17.270118951797485
beam_width,20.0,1,0.9218884120171672,1.0,0.8550955414012739,0.0,0.0,0.0,0.0,0.0,0.0,23,32.67618656158447
beam_width,20.0,2,1.0,1.0,1.0,0.8928121059268601,1.0,0.806378132118451,0.0,0.0,0.0,23,31.45726990699768
beam_width,20.0,3,0.3581699346405229,1.0,0.2181528662420382,1.0,1.0,1.0,1.0,1.0,1.0,23,29.07955241203308
beam_width,40.0,1,0.9218884120171672,1.0,0.8550955414012739,0.0,0.0,0.0,0.0,0.0,0.0,23,30.984107732772827
beam_width,40.0,2,1.0,1.0,1.0,0.8928121059268601,1.0,0.806378132118451,0.0,0.0,0.0,23,28.403117418289185
beam_width,40.0,3,0.3581699346405229,1.0,0.2181528662420382,1.0,1.0,1.0,1.0,1.0,1.0,23,28.38860058784485
beam_width,80.0,1,0.9218884120171672,1.0,0.8550955414012739,0.0,0.0,0.0,0.0,0.0,0.0,23,31.81074261665344
beam_width,80.0,2,1.0,1.0,1.0,0.8928121059268601,1.0,0.806378132118451,0.0,0.0,0.0,23,31.537334203720093
beam_width,80.0,3,0.3581699346405229,1.0,0.2181528662420382,1.0,1.0,1.0,1.0,1.0,1.0,23,28.607749938964844
beam_width,160.0,1,0.9218884120171672,1.0,0.8550955414012739,0.0,0.0,0.0,0.0,0.0,0.0,23,31.14464020729065
beam_width,160.0,2,1.0,1.0,1.0,0.8928121059268601,1.0,0.806378132118451,0.0,0.0,0.0,23,29.702629566192627
beam_width,160.0,3,0.3581699346405229,1.0,0.2181528662420382,1.0,1.0,1.0,1.0,1.0,1.0,23,28.881696939468384
rsd_min_support,0.01,1,1.0,1.0,1.0,0.0,0.0,0.0,0.0,0.0,0.0,23,34.74392223358154
rsd_min_support,0.01,2,1.0,1.0,1.0,1.0,1.0,1.0,0.0,0.0,0.0,23,33.86561036109924
rsd_min_support,0.01,3,0.3581699346405229,1.0,0.2181528662420382,1.0,1.0,1.0,1.0,1.0,1.0,23,33.42418146133423
rsd_min_support,0.025,1,0.9218884120171672,1.0,0.8550955414012739,0.0,0.0,0.0,0.0,0.0,0.0,23,30.15549159049988
rsd_min_support,0.025,2,1.0,1.0,1.0,0.8928121059268601,1.0,0.806378132118451,0.0,0.0,0.0,23,29.438751935958862
rsd_min_support,0.025,3,0.3581699346405229,1.0,0.2181528662420382,1.0,1.0,1.0,1.0,1.0,1.0,23,28.60118579864502
rsd_min_support,0.05,1,0.9218884120171672,1.0,0.8550955414012739,0.0,0.0,0.0,0.0,0.0,0.0,23,26.18505859375
rsd_min_support,0.05,2,0.9218884120171672,1.0,0.8550955414012739,0.8928121059268601,1.0,0.806378132118451,0.0,0.0,0.0,23,23.91645216941833
rsd_min_support,0.05,3,0.9218884120171672,1.0,0.8550955414012739,0.7598870056497175,1.0,0.6127562642369021,0.8292682926829268,1.0,0.7083333333333334,23,23.64197826385498
rsd_min_support,0.1,1,1.0,1.0,1.0,0.0,0.0,0.0,0.0,0.0,0.0,23,17.77577042579651
rsd_min_support,0.1,2,0.8571428571428571,1.0,0.75,1.0,1.0,1.0,0.0,0.0,0.0,23,18.022894144058228
rsd_min_support,0.1,3,0.8571428571428571,1.0,0.75,1.0,1.0,1.0,1.0,1.0,1.0,23,16.11022663116455
beam_width,20.0,1,1.0,1.0,1.0,0.0,0.0,0.0,0.0,0.0,0.0,24,33.1851282119751
beam_width,20.0,2,1.0,1.0,1.0,1.0,1.0,1.0,0.0,0.0,0.0,24,31.986254453659058
beam_width,20.0,3,0.671875,1.0,0.5058823529411764,1.0,1.0,1.0,1.0,1.0,1.0,24,30.17155170440674
beam_width,40.0,1,1.0,1.0,1.0,0.0,0.0,0.0,0.0,0.0,0.0,24,33.35007858276367
beam_width,40.0,2,1.0,1.0,1.0,1.0,1.0,1.0,0.0,0.0,0.0,24,32.19080758094788
beam_width,40.0,3,0.8194444444444444,1.0,0.6941176470588235,1.0,1.0,1.0,1.0,1.0,1.0,24,30.50417900085449
beam_width,80.0,1,1.0,1.0,1.0,0.0,0.0,0.0,0.0,0.0,0.0,24,32.94228219985962
beam_width,80.0,2,1.0,1.0,1.0,1.0,1.0,1.0,0.0,0.0,0.0,24,30.90588855743408
beam_width,80.0,3,0.8194444444444444,1.0,0.6941176470588235,1.0,1.0,1.0,1.0,1.0,1.0,24,30.246007680892944
beam_width,160.0,1,1.0,1.0,1.0,0.0,0.0,0.0,0.0,0.0,0.0,24,33.60852575302124
beam_width,160.0,2,1.0,1.0,1.0,1.0,1.0,1.0,0.0,0.0,0.0,24,32.54585647583008
beam_width,160.0,3,0.8194444444444444,1.0,0.6941176470588235,1.0,1.0,1.0,1.0,1.0,1.0,24,30.03600001335144
rsd_min_support,0.01,1,1.0,1.0,1.0,0.0,0.0,0.0,0.0,0.0,0.0,24,38.233874797821045
rsd_min_support,0.01,2,1.0,1.0,1.0,1.0,1.0,1.0,0.0,0.0,0.0,24,35.0310115814209
rsd_min_support,0.01,3,0.8194444444444444,1.0,0.6941176470588235,1.0,1.0,1.0,1.0,1.0,1.0,24,34.889002323150635
rsd_min_support,0.025,1,1.0,1.0,1.0,0.0,0.0,0.0,0.0,0.0,0.0,24,31.134202003479004
rsd_min_support,0.025,2,1.0,1.0,1.0,1.0,1.0,1.0,0.0,0.0,0.0,24,29.778186321258545
rsd_min_support,0.025,3,0.8194444444444444,1.0,0.6941176470588235,1.0,1.0,1.0,1.0,1.0,1.0,24,29.544386863708496
rsd_min_support,0.05,1,0.8194444444444444,1.0,0.6941176470588235,0.0,0.0,0.0,0.0,0.0,0.0,24,27.316563844680783
rsd_min_support,0.05,2,1.0,1.0,1.0,1.0,1.0,1.0,0.0,0.0,0.0,24,24.02075242996216
rsd_min_support,0.05,3,1.0,1.0,1.0,0.7789232531500573,1.0,0.6378986866791745,0.8255416191562144,1.0,0.7029126213592233,24,22.453182697296143
rsd_min_support,0.1,1,1.0,1.0,1.0,0.0,0.0,0.0,0.0,0.0,0.0,24,17.63624930381775
rsd_min_support,0.1,2,1.0,1.0,1.0,1.0,1.0,1.0,0.0,0.0,0.0,24,17.800359964370728
rsd_min_support,0.1,3,1.0,1.0,1.0,0.8825995807127883,1.0,0.7898686679174484,1.0,1.0,1.0,24,17.96420431137085
beam_width,20.0,1,0.91581868640148,1.0,0.8447098976109215,0.0,0.0,0.0,0.0,0.0,0.0,25,32.119186878204346
beam_width,20.0,2,1.0,1.0,1.0,1.0,1.0,1.0,0.0,0.0,0.0,25,30.49787330627441
beam_width,20.0,3,1.0,1.0,1.0,1.0,1.0,1.0,0.8977556109725686,1.0,0.8144796380090498,25,28.60501265525818
beam_width,40.0,1,0.91581868640148,1.0,0.8447098976109215,0.0,0.0,0.0,0.0,0.0,0.0,25,31.919817686080933
beam_width,40.0,2,1.0,1.0,1.0,1.0,1.0,1.0,0.0,0.0,0.0,25,29.55702257156372
beam_width,40.0,3,1.0,1.0,1.0,1.0,1.0,1.0,0.8977556109725686,1.0,0.8144796380090498,25,29.24315643310547
beam_width,80.0,1,0.91581868640148,1.0,0.8447098976109215,0.0,0.0,0.0,0.0,0.0,0.0,25,32.46891951560974
beam_width,80.0,2,1.0,1.0,1.0,1.0,1.0,1.0,0.0,0.0,0.0,25,32.87213468551636
beam_width,80.0,3,1.0,1.0,1.0,1.0,1.0,1.0,0.8977556109725686,1.0,0.8144796380090498,25,30.23822498321533
beam_width,160.0,1,0.91581868640148,1.0,0.8447098976109215,0.0,0.0,0.0,0.0,0.0,0.0,25,30.90671133995056
beam_width,160.0,2,1.0,1.0,1.0,1.0,1.0,1.0,0.0,0.0,0.0,25,31.64251279830933
beam_width,160.0,3,1.0,1.0,1.0,1.0,1.0,1.0,0.8977556109725686,1.0,0.8144796380090498,25,29.58714175224304
rsd_min_support,0.01,1,1.0,1.0,1.0,0.0,0.0,0.0,0.0,0.0,0.0,25,35.81431341171265
rsd_min_support,0.01,2,1.0,1.0,1.0,1.0,1.0,1.0,0.0,0.0,0.0,25,33.82848310470581
rsd_min_support,0.01,3,1.0,1.0,1.0,1.0,1.0,1.0,1.0,1.0,1.0,25,33.85931634902954
rsd_min_support,0.025,1,0.91581868640148,1.0,0.8447098976109215,0.0,0.0,0.0,0.0,0.0,0.0,25,30.64331650733948
rsd_min_support,0.025,2,1.0,1.0,1.0,1.0,1.0,1.0,0.0,0.0,0.0,25,31.806008100509644
rsd_min_support,0.025,3,1.0,1.0,1.0,1.0,1.0,1.0,0.8977556109725686,1.0,0.8144796380090498,25,30.13639736175537
rsd_min_support,0.05,1,0.91581868640148,1.0,0.8447098976109215,0.0,0.0,0.0,0.0,0.0,0.0,25,27.6867733001709
rsd_min_support,0.05,2,1.0,1.0,1.0,1.0,1.0,1.0,0.0,0.0,0.0,25,26.680362701416016
rsd_min_support,0.05,3,1.0,1.0,1.0,1.0,1.0,1.0,0.8977556109725686,1.0,0.8144796380090498,25,25.50166702270508
rsd_min_support,0.1,1,0.91581868640148,1.0,0.8447098976109215,0.0,0.0,0.0,0.0,0.0,0.0,25,17.237555265426636
rsd_min_support,0.1,2,1.0,1.0,1.0,1.0,1.0,1.0,0.0,0.0,0.0,25,16.872889041900635
rsd_min_support,0.1,3,1.0,1.0,1.0,1.0,1.0,1.0,1.0,1.0,1.0,25,16.381789207458496
beam_width,20.0,1,0.8666666666666666,1.0,0.7647058823529411,0.0,0.0,0.0,0.0,0.0,0.0,26,34.017457008361816
beam_width,20.0,2,0.8666666666666666,1.0,0.7647058823529411,0.9063291139240508,1.0,0.8287037037037037,0.0,0.0,0.0,26,32.303305864334106
beam_width,20.0,3,0.8666666666666666,1.0,0.7647058823529411,0.8735332464146024,1.0,0.7754629629629629,1.0,1.0,1.0,26,32.8386766910553
beam_width,40.0,1,0.8666666666666666,1.0,0.7647058823529411,0.0,0.0,0.0,0.0,0.0,0.0,26,34.13937711715698
beam_width,40.0,2,0.8666666666666666,1.0,0.7647058823529411,0.8735332464146024,1.0,0.7754629629629629,0.0,0.0,0.0,26,32.325708627700806
beam_width,40.0,3,0.8666666666666666,1.0,0.7647058823529411,0.8735332464146024,1.0,0.7754629629629629,1.0,1.0,1.0,26,30.933270931243896
beam_width,80.0,1,0.8666666666666666,1.0,0.7647058823529411,0.0,0.0,0.0,0.0,0.0,0.0,26,32.73384380340576
beam_width,80.0,2,0.8666666666666666,1.0,0.7647058823529411,0.8735332464146024,1.0,0.7754629629629629,0.0,0.0,0.0,26,31.78359293937683
beam_width,80.0,3,0.8666666666666666,1.0,0.7647058823529411,0.8735332464146024,1.0,0.7754629629629629,1.0,1.0,1.0,26,31.497790098190308
beam_width,160.0,1,0.8666666666666666,1.0,0.7647058823529411,0.0,0.0,0.0,0.0,0.0,0.0,26,32.61391091346741
beam_width,160.0,2,0.8666666666666666,1.0,0.7647058823529411,0.8735332464146024,1.0,0.7754629629629629,0.0,0.0,0.0,26,33.27216982841492
beam_width,160.0,3,1.0,1.0,1.0,0.8735332464146024,1.0,0.7754629629629629,1.0,1.0,1.0,26,30.875470399856567
rsd_min_support,0.01,1,1.0,1.0,1.0,0.0,0.0,0.0,0.0,0.0,0.0,26,36.1144859790802
rsd_min_support,0.01,2,1.0,1.0,1.0,1.0,1.0,1.0,0.0,0.0,0.0,26,35.904773473739624
rsd_min_support,0.01,3,1.0,1.0,1.0,1.0,1.0,1.0,1.0,1.0,1.0,26,32.91915845870972
rsd_min_support,0.025,1,0.8666666666666666,1.0,0.7647058823529411,0.0,0.0,0.0,0.0,0.0,0.0,26,33.3531129360199
rsd_min_support,0.025,2,0.8666666666666666,1.0,0.7647058823529411,0.8735332464146024,1.0,0.7754629629629629,0.0,0.0,0.0,26,30.809686183929443
rsd_min_support,0.025,3,0.8666666666666666,1.0,0.7647058823529411,0.8735332464146024,1.0,0.7754629629629629,1.0,1.0,1.0,26,31.013408660888672
rsd_min_support,0.05,1,0.8666666666666666,1.0,0.7647058823529411,0.0,0.0,0.0,0.0,0.0,0.0,26,27.328775882720947
rsd_min_support,0.05,2,0.8666666666666666,1.0,0.7647058823529411,0.8735332464146024,1.0,0.7754629629629629,0.0,0.0,0.0,26,27.205188274383545
rsd_min_support,0.05,3,0.8666666666666666,1.0,0.7647058823529411,0.8735332464146024,1.0,0.7754629629629629,1.0,1.0,1.0,26,25.766924381256104
rsd_min_support,0.1,1,1.0,1.0,1.0,0.0,0.0,0.0,0.0,0.0,0.0,26,18.674545288085938
rsd_min_support,0.1,2,1.0,1.0,1.0,1.0,1.0,1.0,0.0,0.0,0.0,26,19.164498567581177
rsd_min_support,0.1,3,1.0,1.0,1.0,1.0,1.0,1.0,1.0,1.0,1.0,26,17.50390100479126
beam_width,20.0,1,1.0,1.0,1.0,0.0,0.0,0.0,0.0,0.0,0.0,27,30.996281385421756
beam_width,20.0,2,1.0,1.0,1.0,0.909437559580553,1.0,0.833916083916084,0.0,0.0,0.0,27,28.468804121017456
beam_width,20.0,3,0.8012872083668545,0.8397976391231029,0.7661538461538462,1.0,1.0,1.0,0.955503512880562,1.0,0.9147982062780268,27,29.983348846435547
beam_width,40.0,1,1.0,1.0,1.0,0.0,0.0,0.0,0.0,0.0,0.0,27,29.698241233825684
beam_width,40.0,2,1.0,1.0,1.0,0.909437559580553,1.0,0.833916083916084,0.0,0.0,0.0,27,28.05135226249695
beam_width,40.0,3,0.867595818815331,1.0,0.7661538461538462,1.0,1.0,1.0,0.955503512880562,1.0,0.9147982062780268,27,29.890105962753296
beam_width,80.0,1,1.0,1.0,1.0,0.0,0.0,0.0,0.0,0.0,0.0,27,30.27948546409607
beam_width,80.0,2,1.0,1.0,1.0,0.909437559580553,1.0,0.833916083916084,0.0,0.0,0.0,27,28.01406192779541
beam_width,80.0,3,0.867595818815331,1.0,0.7661538461538462,1.0,1.0,1.0,1.0,1.0,1.0,27,29.597158193588257
beam_width,160.0,1,1.0,1.0,1.0,0.0,0.0,0.0,0.0,0.0,0.0,27,29.64410805702209
beam_width,160.0,2,1.0,1.0,1.0,0.909437559580553,1.0,0.833916083916084,0.0,0.0,0.0,27,27.33941054344177
beam_width,160.0,3,0.867595818815331,1.0,0.7661538461538462,1.0,1.0,1.0,0.955503512880562,1.0,0.9147982062780268,27,29.786000728607178
rsd_min_support,0.01,1,1.0,1.0,1.0,0.0,0.0,0.0,0.0,0.0,0.0,27,34.58715558052063
rsd_min_support,0.01,2,1.0,1.0,1.0,1.0,1.0,1.0,0.0,0.0,0.0,27,31.91366219520569
rsd_min_support,0.01,3,0.867595818815331,1.0,0.7661538461538462,1.0,1.0,1.0,0.955503512880562,1.0,0.9147982062780268,27,33.601667404174805
rsd_min_support,0.025,1,1.0,1.0,1.0,0.0,0.0,0.0,0.0,0.0,0.0,27,28.57235598564148
rsd_min_support,0.025,2,1.0,1.0,1.0,0.909437559580553,1.0,0.833916083916084,0.0,0.0,0.0,27,27.93760919570923
rsd_min_support,0.025,3,0.867595818815331,1.0,0.7661538461538462,1.0,1.0,1.0,0.955503512880562,1.0,0.9147982062780268,27,29.65658450126648
rsd_min_support,0.05,1,0.931899641577061,0.87248322147651,1.0,0.0,0.0,0.0,0.0,0.0,0.0,27,22.48082184791565
rsd_min_support,0.05,2,0.931899641577061,0.87248322147651,1.0,0.909437559580553,1.0,0.833916083916084,0.0,0.0,0.0,27,24.189988613128666
rsd_min_support,0.05,3,0.867595818815331,1.0,0.7661538461538462,1.0,1.0,1.0,0.7880434782608696,1.0,0.6502242152466368,27,22.743762016296387
rsd_min_support,0.1,1,0.867595818815331,1.0,0.7661538461538462,0.0,0.0,0.0,0.0,0.0,0.0,27,17.011892795562744
rsd_min_support,0.1,2,0.867595818815331,1.0,0.7661538461538462,0.909437559580553,1.0,0.833916083916084,0.0,0.0,0.0,27,16.888891458511353
rsd_min_support,0.1,3,0.867595818815331,1.0,0.7661538461538462,0.909437559580553,1.0,0.833916083916084,1.0,1.0,1.0,27,15.720762491226196
beam_width,20.0,1,0.9132075471698112,1.0,0.8402777777777778,0.0,0.0,0.0,0.0,0.0,0.0,28,31.12735152244568
beam_width,20.0,2,1.0,1.0,1.0,1.0,1.0,1.0,0.0,0.0,0.0,28,27.978756189346317
beam_width,20.0,3,0.6646058732612056,1.0,0.4976851851851852,1.0,1.0,1.0,0.8523489932885906,1.0,0.7426900584795322,28,27.63663387298584
beam_width,40.0,1,0.9132075471698112,1.0,0.8402777777777778,0.0,0.0,0.0,0.0,0.0,0.0,28,28.74815535545349
beam_width,40.0,2,1.0,1.0,1.0,1.0,1.0,1.0,0.0,0.0,0.0,28,29.27899432182312
beam_width,40.0,3,0.6646058732612056,1.0,0.4976851851851852,1.0,1.0,1.0,0.8523489932885906,1.0,0.7426900584795322,28,28.09757399559021
beam_width,80.0,1,0.9132075471698112,1.0,0.8402777777777778,0.0,0.0,0.0,0.0,0.0,0.0,28,31.43396306037903
beam_width,80.0,2,1.0,1.0,1.0,1.0,1.0,1.0,0.0,0.0,0.0,28,29.144896745681763
beam_width,80.0,3,0.6646058732612056,1.0,0.4976851851851852,1.0,1.0,1.0,0.8523489932885906,1.0,0.7426900584795322,28,28.065301656723022
beam_width,160.0,1,0.9132075471698112,1.0,0.8402777777777778,0.0,0.0,0.0,0.0,0.0,0.0,28,28.79407525062561
beam_width,160.0,2,1.0,1.0,1.0,1.0,1.0,1.0,0.0,0.0,0.0,28,27.931507110595703
beam_width,160.0,3,0.6646058732612056,1.0,0.4976851851851852,1.0,1.0,1.0,0.8523489932885906,1.0,0.7426900584795322,28,29.021222352981567
rsd_min_support,0.01,1,1.0,1.0,1.0,0.0,0.0,0.0,0.0,0.0,0.0,28,34.66818308830261
rsd_min_support,0.01,2,1.0,1.0,1.0,1.0,1.0,1.0,0.0,0.0,0.0,28,33.66169500350952
rsd_min_support,0.01,3,0.0,0.0,0.0,1.0,1.0,1.0,1.0,1.0,1.0,28,32.892752170562744
rsd_min_support,0.025,1,0.9132075471698112,1.0,0.8402777777777778,0.0,0.0,0.0,0.0,0.0,0.0,28,31.942307233810425
rsd_min_support,0.025,2,1.0,1.0,1.0,1.0,1.0,1.0,0.0,0.0,0.0,28,28.771178722381592
rsd_min_support,0.025,3,0.6646058732612056,1.0,0.4976851851851852,1.0,1.0,1.0,0.8523489932885906,1.0,0.7426900584795322,28,27.618051767349243
rsd_min_support,0.05,1,0.9132075471698112,1.0,0.8402777777777778,0.0,0.0,0.0,0.0,0.0,0.0,28,26.829270601272583
rsd_min_support,0.05,2,1.0,1.0,1.0,0.8843663274745606,1.0,0.7927031509121062,0.0,0.0,0.0,28,24.74689674377441
rsd_min_support,0.05,3,1.0,1.0,1.0,0.8843663274745606,1.0,0.7927031509121062,0.8523489932885906,1.0,0.7426900584795322,28,22.60308051109314
rsd_min_support,0.1,1,1.0,1.0,1.0,0.0,0.0,0.0,0.0,0.0,0.0,28,19.94672560691833
rsd_min_support,0.1,2,1.0,1.0,1.0,0.8843663274745606,1.0,0.7927031509121062,0.0,0.0,0.0,28,16.940747499465942
rsd_min_support,0.1,3,1.0,1.0,1.0,0.8843663274745606,1.0,0.7927031509121062,0.7936507936507937,1.0,0.6578947368421053,28,15.29246187210083
beam_width,20.0,1,1.0,1.0,1.0,0.0,0.0,0.0,0.0,0.0,0.0,29,32.67126250267029
beam_width,20.0,2,0.868421052631579,1.0,0.7674418604651163,1.0,1.0,1.0,0.0,0.0,0.0,29,28.50024628639221
beam_width,20.0,3,0.6159052453468697,0.5133991537376587,0.7695560253699789,1.0,1.0,1.0,1.0,1.0,1.0,29,29.505282163619995
beam_width,40.0,1,1.0,1.0,1.0,0.0,0.0,0.0,0.0,0.0,0.0,29,29.472007751464844
beam_width,40.0,2,0.868421052631579,1.0,0.7674418604651163,1.0,1.0,1.0,0.0,0.0,0.0,29,29.055951833724976
beam_width,40.0,3,0.8697729988052569,1.0,0.7695560253699789,1.0,1.0,1.0,1.0,1.0,1.0,29,29.55921697616577
beam_width,80.0,1,1.0,1.0,1.0,0.0,0.0,0.0,0.0,0.0,0.0,29,30.49262571334839
beam_width,80.0,2,0.868421052631579,1.0,0.7674418604651163,1.0,1.0,1.0,0.0,0.0,0.0,29,28.909535884857178
beam_width,80.0,3,0.8697729988052569,1.0,0.7695560253699789,1.0,1.0,1.0,1.0,1.0,1.0,29,29.6837375164032
beam_width,160.0,1,1.0,1.0,1.0,0.0,0.0,0.0,0.0,0.0,0.0,29,31.283573627471924
beam_width,160.0,2,0.868421052631579,1.0,0.7674418604651163,1.0,1.0,1.0,0.0,0.0,0.0,29,28.54863286018372
beam_width,160.0,3,0.6159052453468697,0.5133991537376587,0.7695560253699789,1.0,1.0,1.0,1.0,1.0,1.0,29,29.5642409324646
rsd_min_support,0.01,1,1.0,1.0,1.0,0.0,0.0,0.0,0.0,0.0,0.0,29,37.42578315734863
rsd_min_support,0.01,2,0.868421052631579,1.0,0.7674418604651163,1.0,1.0,1.0,0.0,0.0,0.0,29,34.04714274406433
rsd_min_support,0.01,3,0.8697729988052569,1.0,0.7695560253699789,1.0,1.0,1.0,1.0,1.0,1.0,29,34.66839051246643
rsd_min_support,0.025,1,1.0,1.0,1.0,0.0,0.0,0.0,0.0,0.0,0.0,29,31.14154171943665
rsd_min_support,0.025,2,0.868421052631579,1.0,0.7674418604651163,1.0,1.0,1.0,0.0,0.0,0.0,29,28.145631551742557
rsd_min_support,0.025,3,0.6159052453468697,0.5133991537376587,0.7695560253699789,1.0,1.0,1.0,1.0,1.0,1.0,29,29.209560871124268
rsd_min_support,0.05,1,0.8055555555555556,1.0,0.6744186046511628,0.0,0.0,0.0,0.0,0.0,0.0,29,25.17496657371521
rsd_min_support,0.05,2,0.8055555555555556,1.0,0.6744186046511628,0.7850055126791621,1.0,0.6460980036297641,0.0,0.0,0.0,29,24.20449686050415
rsd_min_support,0.05,3,0.6159052453468697,0.5133991537376587,0.7695560253699789,0.7850055126791621,1.0,0.6460980036297641,1.0,1.0,1.0,29,23.436570167541504
rsd_min_support,0.1,1,1.0,1.0,1.0,0.0,0.0,0.0,0.0,0.0,0.0,29,19.775583744049072
rsd_min_support,0.1,2,1.0,1.0,1.0,1.0,1.0,1.0,0.0,0.0,0.0,29,18.0628604888916
rsd_min_support,0.1,3,1.0,1.0,1.0,1.0,1.0,1.0,0.7598627787307033,1.0,0.6127247579529738,29,15.451910257339478
beam_width,20.0,1,1.0,1.0,1.0,0.0,0.0,0.0,0.0,0.0,0.0,3,33.23810791969299
beam_width,20.0,2,1.0,1.0,1.0,1.0,1.0,1.0,0.0,0.0,0.0,3,31.00682640075684
beam_width,20.0,3,0.5373961218836565,1.0,0.3674242424242424,1.0,1.0,1.0,1.0,1.0,1.0,3,31.877904891967773
beam_width,40.0,1,1.0,1.0,1.0,0.0,0.0,0.0,0.0,0.0,0.0,3,31.077081441879272
beam_width,40.0,2,0.8685714285714284,1.0,0.7676767676767676,1.0,1.0,1.0,0.0,0.0,0.0,3,30.9924054145813
beam_width,40.0,3,0.5373961218836565,1.0,0.3674242424242424,1.0,1.0,1.0,1.0,1.0,1.0,3,32.18668031692505
beam_width,80.0,1,1.0,1.0,1.0,0.0,0.0,0.0,0.0,0.0,0.0,3,30.17175054550171
beam_width,80.0,2,1.0,1.0,1.0,1.0,1.0,1.0,0.0,0.0,0.0,3,31.6119282245636
beam_width,80.0,3,0.5373961218836565,1.0,0.3674242424242424,1.0,1.0,1.0,1.0,1.0,1.0,3,31.831549167633057
beam_width,160.0,1,1.0,1.0,1.0,0.0,0.0,0.0,0.0,0.0,0.0,3,31.046539545059204
beam_width,160.0,2,1.0,1.0,1.0,1.0,1.0,1.0,0.0,0.0,0.0,3,30.22941637039185
beam_width,160.0,3,0.5373961218836565,1.0,0.3674242424242424,1.0,1.0,1.0,1.0,1.0,1.0,3,32.11028456687927
rsd_min_support,0.01,1,1.0,1.0,1.0,0.0,0.0,0.0,0.0,0.0,0.0,3,32.751065731048584
rsd_min_support,0.01,2,1.0,1.0,1.0,1.0,1.0,1.0,0.0,0.0,0.0,3,34.82544302940369
rsd_min_support,0.01,3,0.5373961218836565,1.0,0.3674242424242424,1.0,1.0,1.0,1.0,1.0,1.0,3,35.59799861907959
rsd_min_support,0.025,1,1.0,1.0,1.0,0.0,0.0,0.0,0.0,0.0,0.0,3,30.786630630493164
rsd_min_support,0.025,2,1.0,1.0,1.0,1.0,1.0,1.0,0.0,0.0,0.0,3,29.68055772781372
rsd_min_support,0.025,3,0.5373961218836565,1.0,0.3674242424242424,1.0,1.0,1.0,1.0,1.0,1.0,3,31.518314599990845
rsd_min_support,0.05,1,0.9128345916266302,1.0,0.8396464646464646,0.0,0.0,0.0,0.0,0.0,0.0,3,27.04473662376404
rsd_min_support,0.05,2,0.8685714285714284,1.0,0.7676767676767676,0.7457142857142857,1.0,0.5945330296127562,0.0,0.0,0.0,3,25.29608035087585
rsd_min_support,0.05,3,0.9128345916266302,1.0,0.8396464646464646,0.7457142857142857,1.0,0.5945330296127562,1.0,1.0,1.0,3,26.02236318588257
rsd_min_support,0.1,1,0.9128345916266302,1.0,0.8396464646464646,0.0,0.0,0.0,0.0,0.0,0.0,3,19.79369354248047
rsd_min_support,0.1,2,0.9128345916266302,1.0,0.8396464646464646,1.0,1.0,1.0,0.0,0.0,0.0,3,17.814423084259033
rsd_min_support,0.1,3,0.8144635447540012,0.7675977653631285,0.8674242424242424,1.0,1.0,1.0,0.7092547092547093,1.0,0.549492385786802,3,16.100194692611694
beam_width,20.0,1,1.0,1.0,1.0,0.0,0.0,0.0,0.0,0.0,0.0,30,31.992373943328857
beam_width,20.0,2,1.0,1.0,1.0,1.0,1.0,1.0,0.0,0.0,0.0,30,32.59993124008179
beam_width,20.0,3,0.2920634920634921,0.8789808917197452,0.1751269035532995,0.868421052631579,1.0,0.7674418604651163,1.0,1.0,1.0,30,28.88778328895569
beam_width,40.0,1,1.0,1.0,1.0,0.0,0.0,0.0,0.0,0.0,0.0,30,32.28448557853699
beam_width,40.0,2,1.0,1.0,1.0,1.0,1.0,1.0,0.0,0.0,0.0,30,31.78757357597351
beam_width,40.0,3,0.2920634920634921,0.8789808917197452,0.1751269035532995,0.868421052631579,1.0,0.7674418604651163,1.0,1.0,1.0,30,28.705249786376957
beam_width,80.0,1,1.0,1.0,1.0,0.0,0.0,0.0,0.0,0.0,0.0,30,33.01058554649353
beam_width,80.0,2,1.0,1.0,1.0,1.0,1.0,1.0,0.0,0.0,0.0,30,31.65975570678711
beam_width,80.0,3,0.2980561555075594,1.0,0.1751269035532995,0.868421052631579,1.0,0.7674418604651163,1.0,1.0,1.0,30,28.73468327522278
beam_width,160.0,1,1.0,1.0,1.0,0.0,0.0,0.0,0.0,0.0,0.0,30,32.84931254386902
beam_width,160.0,2,1.0,1.0,1.0,1.0,1.0,1.0,0.0,0.0,0.0,30,32.09760904312134
beam_width,160.0,3,0.2980561555075594,1.0,0.1751269035532995,0.5916870415647922,0.4814323607427055,0.7674418604651163,1.0,1.0,1.0,30,28.49186754226685
rsd_min_support,0.01,1,1.0,1.0,1.0,0.0,0.0,0.0,0.0,0.0,0.0,30,35.01313805580139
rsd_min_support,0.01,2,1.0,1.0,1.0,1.0,1.0,1.0,0.0,0.0,0.0,30,35.99001908302307
rsd_min_support,0.01,3,0.2980561555075594,1.0,0.1751269035532995,0.868421052631579,1.0,0.7674418604651163,1.0,1.0,1.0,30,34.98808169364929
rsd_min_support,0.025,1,1.0,1.0,1.0,0.0,0.0,0.0,0.0,0.0,0.0,30,33.118891954422
rsd_min_support,0.025,2,1.0,1.0,1.0,1.0,1.0,1.0,0.0,0.0,0.0,30,32.02942967414856
rsd_min_support,0.025,3,0.2980561555075594,1.0,0.1751269035532995,0.5916870415647922,0.4814323607427055,0.7674418604651163,1.0,1.0,1.0,30,28.905662536621094
rsd_min_support,0.05,1,1.0,1.0,1.0,0.0,0.0,0.0,0.0,0.0,0.0,30,25.564015865325928
rsd_min_support,0.05,2,1.0,1.0,1.0,0.868421052631579,1.0,0.7674418604651163,0.0,0.0,0.0,30,25.171839952468872
rsd_min_support,0.05,3,0.8932584269662921,1.0,0.8071065989847716,0.868421052631579,1.0,0.7674418604651163,0.7598627787307033,1.0,0.6127247579529738,30,24.409607648849487
rsd_min_support,0.1,1,0.7770780856423173,0.77125,0.7829949238578681,0.0,0.0,0.0,0.0,0.0,0.0,30,16.472742795944214
rsd_min_support,0.1,2,0.744223107569721,1.0,0.5926395939086294,0.9477196885428254,1.0,0.9006342494714588,0.0,0.0,0.0,30,19.43628740310669
rsd_min_support,0.1,3,0.8932584269662921,1.0,0.8071065989847716,0.9477196885428254,1.0,0.9006342494714588,0.9152288072018004,1.0,0.8437067773167358,30,18.393410682678223
beam_width,20.0,1,1.0,1.0,1.0,0.0,0.0,0.0,0.0,0.0,0.0,31,31.324604511260983
beam_width,20.0,2,1.0,1.0,1.0,0.917864476386037,1.0,0.8481973434535104,0.0,0.0,0.0,31,31.80604577064514
beam_width,20.0,3,1.0,1.0,1.0,1.0,1.0,1.0,1.0,1.0,1.0,31,29.958129167556763
beam_width,40.0,1,1.0,1.0,1.0,0.0,0.0,0.0,0.0,0.0,0.0,31,32.03791785240173
beam_width,40.0,2,1.0,1.0,1.0,0.917864476386037,1.0,0.8481973434535104,0.0,0.0,0.0,31,30.544835329055783
beam_width,40.0,3,1.0,1.0,1.0,1.0,1.0,1.0,1.0,1.0,1.0,31,30.15191960334778
beam_width,80.0,1,1.0,1.0,1.0,0.0,0.0,0.0,0.0,0.0,0.0,31,33.2052960395813
beam_width,80.0,2,1.0,1.0,1.0,0.917864476386037,1.0,0.8481973434535104,0.0,0.0,0.0,31,30.55604314804077
beam_width,80.0,3,1.0,1.0,1.0,1.0,1.0,1.0,1.0,1.0,1.0,31,30.146265983581543
beam_width,160.0,1,1.0,1.0,1.0,0.0,0.0,0.0,0.0,0.0,0.0,31,33.291133880615234
beam_width,160.0,2,1.0,1.0,1.0,0.917864476386037,1.0,0.8481973434535104,0.0,0.0,0.0,31,31.5195791721344
beam_width,160.0,3,1.0,1.0,1.0,1.0,1.0,1.0,1.0,1.0,1.0,31,30.30062437057495
rsd_min_support,0.01,1,1.0,1.0,1.0,0.0,0.0,0.0,0.0,0.0,0.0,31,38.13801336288452
rsd_min_support,0.01,2,1.0,1.0,1.0,1.0,1.0,1.0,0.0,0.0,0.0,31,33.943957567214966
rsd_min_support,0.01,3,1.0,1.0,1.0,1.0,1.0,1.0,1.0,1.0,1.0,31,34.14822745323181
rsd_min_support,0.025,1,1.0,1.0,1.0,0.0,0.0,0.0,0.0,0.0,0.0,31,32.38363838195801
rsd_min_support,0.025,2,1.0,1.0,1.0,0.917864476386037,1.0,0.8481973434535104,0.0,0.0,0.0,31,29.214184761047363
rsd_min_support,0.025,3,1.0,1.0,1.0,1.0,1.0,1.0,1.0,1.0,1.0,31,30.51788830757141
rsd_min_support,0.05,1,0.9366869037294016,0.8809135399673735,1.0,0.0,0.0,0.0,0.0,0.0,0.0,31,26.15141606330872
rsd_min_support,0.05,2,0.7768969422423555,1.0,0.6351851851851852,0.917864476386037,1.0,0.8481973434535104,0.0,0.0,0.0,31,26.98339295387268
rsd_min_support,0.05,3,0.9366869037294016,0.8809135399673735,1.0,0.8799149840595111,1.0,0.7855787476280834,1.0,1.0,1.0,31,25.581768035888672
rsd_min_support,0.1,1,0.929633300297324,1.0,0.8685185185185185,0.0,0.0,0.0,0.0,0.0,0.0,31,19.23888063430786
rsd_min_support,0.1,2,1.0,1.0,1.0,0.917864476386037,1.0,0.8481973434535104,0.0,0.0,0.0,31,17.77864384651184
rsd_min_support,0.1,3,0.929633300297324,1.0,0.8685185185185185,0.917864476386037,1.0,0.8481973434535104,1.0,1.0,1.0,31,17.493346691131592
beam_width,20.0,1,1.0,1.0,1.0,0.0,0.0,0.0,0.0,0.0,0.0,32,34.84356641769409
beam_width,20.0,2,1.0,1.0,1.0,0.9406474820143884,1.0,0.8879456706281834,0.0,0.0,0.0,32,30.20542812347412
beam_width,20.0,3,1.0,1.0,1.0,0.9406474820143884,1.0,0.8879456706281834,0.9070294784580498,1.0,0.8298755186721992,32,27.118520975112915
beam_width,40.0,1,1.0,1.0,1.0,0.0,0.0,0.0,0.0,0.0,0.0,32,33.098294496536255
beam_width,40.0,2,1.0,1.0,1.0,0.9406474820143884,1.0,0.8879456706281834,0.0,0.0,0.0,32,30.533138513565063
beam_width,40.0,3,1.0,1.0,1.0,0.9406474820143884,1.0,0.8879456706281834,0.9070294784580498,1.0,0.8298755186721992,32,26.881439685821533
beam_width,80.0,1,1.0,1.0,1.0,0.0,0.0,0.0,0.0,0.0,0.0,32,34.71539044380188
beam_width,80.0,2,1.0,1.0,1.0,0.9406474820143884,1.0,0.8879456706281834,0.0,0.0,0.0,32,29.42201232910156
beam_width,80.0,3,1.0,1.0,1.0,0.9406474820143884,1.0,0.8879456706281834,0.9070294784580498,1.0,0.8298755186721992,32,27.224080562591556
beam_width,160.0,1,1.0,1.0,1.0,0.0,0.0,0.0,0.0,0.0,0.0,32,30.52807331085205
beam_width,160.0,2,1.0,1.0,1.0,0.9406474820143884,1.0,0.8879456706281834,0.0,0.0,0.0,32,29.67549228668213
beam_width,160.0,3,1.0,1.0,1.0,0.9406474820143884,1.0,0.8879456706281834,0.9070294784580498,1.0,0.8298755186721992,32,27.09832739830017
rsd_min_support,0.01,1,1.0,1.0,1.0,0.0,0.0,0.0,0.0,0.0,0.0,32,35.33142328262329
rsd_min_support,0.01,2,0.9619952494061758,1.0,0.9267734553775744,1.0,1.0,1.0,0.0,0.0,0.0,32,32.83784294128418
rsd_min_support,0.01,3,1.0,1.0,1.0,0.9406474820143884,1.0,0.8879456706281834,1.0,1.0,1.0,32,33.05785512924194
rsd_min_support,0.025,1,1.0,1.0,1.0,0.0,0.0,0.0,0.0,0.0,0.0,32,30.68518853187561
rsd_min_support,0.025,2,1.0,1.0,1.0,0.9406474820143884,1.0,0.8879456706281834,0.0,0.0,0.0,32,30.79531764984131
rsd_min_support,0.025,3,1.0,1.0,1.0,0.9406474820143884,1.0,0.8879456706281834,0.9070294784580498,1.0,0.8298755186721992,32,27.15248250961304
rsd_min_support,0.05,1,0.8634590377113134,1.0,0.7597254004576659,0.0,0.0,0.0,0.0,0.0,0.0,32,26.56663608551025
rsd_min_support,0.05,2,0.8634590377113134,1.0,0.7597254004576659,0.9406474820143884,1.0,0.8879456706281834,0.0,0.0,0.0,32,26.279017686843872
rsd_min_support,0.05,3,0.8634590377113134,1.0,0.7597254004576659,0.9406474820143884,1.0,0.8879456706281834,0.9070294784580498,1.0,0.8298755186721992,32,25.108360290527344
rsd_min_support,0.1,1,1.0,1.0,1.0,0.0,0.0,0.0,0.0,0.0,0.0,32,21.1101348400116
rsd_min_support,0.1,2,1.0,1.0,1.0,0.9406474820143884,1.0,0.8879456706281834,0.0,0.0,0.0,32,17.36780047416687
rsd_min_support,0.1,3,1.0,1.0,1.0,0.9406474820143884,1.0,0.8879456706281834,1.0,1.0,1.0,32,16.84402108192444
beam_width,20.0,1,0.9144338807260156,1.0,0.8423566878980892,0.0,0.0,0.0,0.0,0.0,0.0,33,34.04156422615051
beam_width,20.0,2,0.9144338807260156,1.0,0.8423566878980892,1.0,1.0,1.0,0.0,0.0,0.0,33,31.28803896903992
beam_width,20.0,3,0.9144338807260156,1.0,0.8423566878980892,1.0,1.0,1.0,1.0,1.0,1.0,33,28.03661322593689
beam_width,40.0,1,0.9144338807260156,1.0,0.8423566878980892,0.0,0.0,0.0,0.0,0.0,0.0,33,31.0586519241333
beam_width,40.0,2,0.9144338807260156,1.0,0.8423566878980892,1.0,1.0,1.0,0.0,0.0,0.0,33,29.02688765525818
beam_width,40.0,3,0.9144338807260156,1.0,0.8423566878980892,1.0,1.0,1.0,1.0,1.0,1.0,33,28.10367703437805
beam_width,80.0,1,0.9144338807260156,1.0,0.8423566878980892,0.0,0.0,0.0,0.0,0.0,0.0,33,31.36797022819519
beam_width,80.0,2,0.9144338807260156,1.0,0.8423566878980892,1.0,1.0,1.0,0.0,0.0,0.0,33,29.642189025878903
beam_width,80.0,3,0.9144338807260156,1.0,0.8423566878980892,1.0,1.0,1.0,1.0,1.0,1.0,33,28.406087160110477
beam_width,160.0,1,0.9144338807260156,1.0,0.8423566878980892,0.0,0.0,0.0,0.0,0.0,0.0,33,29.67536401748657
beam_width,160.0,2,0.9144338807260156,1.0,0.8423566878980892,1.0,1.0,1.0,0.0,0.0,0.0,33,29.770495891571045
beam_width,160.0,3,0.9144338807260156,1.0,0.8423566878980892,1.0,1.0,1.0,1.0,1.0,1.0,33,28.15397572517395
rsd_min_support,0.01,1,0.9144338807260156,1.0,0.8423566878980892,0.0,0.0,0.0,0.0,0.0,0.0,33,36.162635803222656
rsd_min_support,0.01,2,0.9144338807260156,1.0,0.8423566878980892,1.0,1.0,1.0,0.0,0.0,0.0,33,33.0411217212677
rsd_min_support,0.01,3,0.9144338807260156,1.0,0.8423566878980892,1.0,1.0,1.0,1.0,1.0,1.0,33,31.967219352722168
rsd_min_support,0.025,1,0.9144338807260156,1.0,0.8423566878980892,0.0,0.0,0.0,0.0,0.0,0.0,33,33.08725714683533
rsd_min_support,0.025,2,0.9144338807260156,1.0,0.8423566878980892,1.0,1.0,1.0,0.0,0.0,0.0,33,29.26272130012512
rsd_min_support,0.025,3,0.9144338807260156,1.0,0.8423566878980892,1.0,1.0,1.0,1.0,1.0,1.0,33,27.934194564819336
rsd_min_support,0.05,1,1.0,1.0,1.0,0.0,0.0,0.0,0.0,0.0,0.0,33,25.335444450378414
rsd_min_support,0.05,2,0.9144338807260156,1.0,0.8423566878980892,1.0,1.0,1.0,0.0,0.0,0.0,33,24.6199369430542
rsd_min_support,0.05,3,0.9144338807260156,1.0,0.8423566878980892,1.0,1.0,1.0,0.9029733959311425,1.0,0.8231098430813124,33,23.0605628490448
rsd_min_support,0.1,1,1.0,1.0,1.0,0.0,0.0,0.0,0.0,0.0,0.0,33,18.263636350631717
rsd_min_support,0.1,2,1.0,1.0,1.0,1.0,1.0,1.0,0.0,0.0,0.0,33,17.118778228759766
rsd_min_support,0.1,3,1.0,1.0,1.0,1.0,1.0,1.0,0.9029733959311425,1.0,0.8231098430813124,33,16.34838318824768
beam_width,20.0,1,0.9494252873563218,1.0,0.9037199124726476,0.0,0.0,0.0,0.0,0.0,0.0,34,31.00069642066956
beam_width,20.0,2,0.9494252873563218,1.0,0.9037199124726476,1.0,1.0,1.0,0.0,0.0,0.0,34,34.03932166099548
beam_width,20.0,3,0.9494252873563218,1.0,0.9037199124726476,1.0,1.0,1.0,1.0,1.0,1.0,34,30.53503131866455
beam_width,40.0,1,0.9494252873563218,1.0,0.9037199124726476,0.0,0.0,0.0,0.0,0.0,0.0,34,22.420071363449097
beam_width,40.0,2,1.0,1.0,1.0,1.0,1.0,1.0,0.0,0.0,0.0,34,32.01516079902649
beam_width,40.0,3,0.9494252873563218,1.0,0.9037199124726476,1.0,1.0,1.0,1.0,1.0,1.0,34,29.12499713897705
beam_width,80.0,1,0.9494252873563218,1.0,0.9037199124726476,0.0,0.0,0.0,0.0,0.0,0.0,34,28.21615529060364
beam_width,80.0,2,0.9494252873563218,1.0,0.9037199124726476,1.0,1.0,1.0,0.0,0.0,0.0,34,32.145511865615845
beam_width,80.0,3,0.9494252873563218,1.0,0.9037199124726476,1.0,1.0,1.0,1.0,1.0,1.0,34,30.712412118911743
beam_width,160.0,1,0.9494252873563218,1.0,0.9037199124726476,0.0,0.0,0.0,0.0,0.0,0.0,34,30.88692259788513
beam_width,160.0,2,0.9494252873563218,1.0,0.9037199124726476,1.0,1.0,1.0,0.0,0.0,0.0,34,31.597825050354004
beam_width,160.0,3,0.9494252873563218,1.0,0.9037199124726476,1.0,1.0,1.0,1.0,1.0,1.0,34,30.142901182174683
rsd_min_support,0.01,1,1.0,1.0,1.0,0.0,0.0,0.0,0.0,0.0,0.0,34,30.11535358428955
rsd_min_support,0.01,2,1.0,1.0,1.0,1.0,1.0,1.0,0.0,0.0,0.0,34,33.18334937095642
rsd_min_support,0.01,3,1.0,1.0,1.0,1.0,1.0,1.0,1.0,1.0,1.0,34,33.33341765403748
rsd_min_support,0.025,1,0.9494252873563218,1.0,0.9037199124726476,0.0,0.0,0.0,0.0,0.0,0.0,34,29.205081462860107
rsd_min_support,0.025,2,0.9494252873563218,1.0,0.9037199124726476,1.0,1.0,1.0,0.0,0.0,0.0,34,32.451348304748535
rsd_min_support,0.025,3,0.9494252873563218,1.0,0.9037199124726476,1.0,1.0,1.0,1.0,1.0,1.0,34,31.322434663772583
rsd_min_support,0.05,1,0.9494252873563218,1.0,0.9037199124726476,0.0,0.0,0.0,0.0,0.0,0.0,34,24.433953523635864
rsd_min_support,0.05,2,0.9494252873563218,1.0,0.9037199124726476,1.0,1.0,1.0,0.0,0.0,0.0,34,27.94397115707397
rsd_min_support,0.05,3,0.9494252873563218,1.0,0.9037199124726476,1.0,1.0,1.0,1.0,1.0,1.0,34,24.20864152908325
rsd_min_support,0.1,1,1.0,1.0,1.0,0.0,0.0,0.0,0.0,0.0,0.0,34,18.11197113990784
rsd_min_support,0.1,2,1.0,1.0,1.0,1.0,1.0,1.0,0.0,0.0,0.0,34,20.372206211090088
rsd_min_support,0.1,3,1.0,1.0,1.0,1.0,1.0,1.0,1.0,1.0,1.0,34,17.124292373657227
beam_width,20.0,1,0.9154676258992804,1.0,0.8441127694859039,0.0,0.0,0.0,0.0,0.0,0.0,35,33.389686584472656
beam_width,20.0,2,0.9154676258992804,1.0,0.8441127694859039,1.0,1.0,1.0,0.0,0.0,0.0,35,31.26789426803589
beam_width,20.0,3,0.9154676258992804,1.0,0.8441127694859039,1.0,1.0,1.0,1.0,1.0,1.0,35,29.35205292701721
beam_width,40.0,1,0.9154676258992804,1.0,0.8441127694859039,0.0,0.0,0.0,0.0,0.0,0.0,35,29.69321846961975
beam_width,40.0,2,0.9154676258992804,1.0,0.8441127694859039,1.0,1.0,1.0,0.0,0.0,0.0,35,29.711788177490234
beam_width,40.0,3,0.9154676258992804,1.0,0.8441127694859039,1.0,1.0,1.0,1.0,1.0,1.0,35,28.83683705329895
beam_width,80.0,1,0.9154676258992804,1.0,0.8441127694859039,0.0,0.0,0.0,0.0,0.0,0.0,35,32.320210218429565
beam_width,80.0,2,0.9154676258992804,1.0,0.8441127694859039,1.0,1.0,1.0,0.0,0.0,0.0,35,31.33644938468933
beam_width,80.0,3,0.9154676258992804,1.0,0.8441127694859039,1.0,1.0,1.0,1.0,1.0,1.0,35,28.761797428131104
beam_width,160.0,1,0.9154676258992804,1.0,0.8441127694859039,0.0,0.0,0.0,0.0,0.0,0.0,35,31.605132341384888
beam_width,160.0,2,0.9154676258992804,1.0,0.8441127694859039,1.0,1.0,1.0,0.0,0.0,0.0,35,30.976593017578125
beam_width,160.0,3,0.9154676258992804,1.0,0.8441127694859039,1.0,1.0,1.0,1.0,1.0,1.0,35,28.836559295654297
rsd_min_support,0.01,1,1.0,1.0,1.0,0.0,0.0,0.0,0.0,0.0,0.0,35,34.09784817695618
rsd_min_support,0.01,2,1.0,1.0,1.0,1.0,1.0,1.0,0.0,0.0,0.0,35,34.55488061904907
rsd_min_support,0.01,3,1.0,1.0,1.0,1.0,1.0,1.0,1.0,1.0,1.0,35,32.805091381073
rsd_min_support,0.025,1,0.9154676258992804,1.0,0.8441127694859039,0.0,0.0,0.0,0.0,0.0,0.0,35,33.68512940406799
rsd_min_support,0.025,2,0.9154676258992804,1.0,0.8441127694859039,1.0,1.0,1.0,0.0,0.0,0.0,35,32.64366436004639
rsd_min_support,0.025,3,0.9154676258992804,1.0,0.8441127694859039,1.0,1.0,1.0,1.0,1.0,1.0,35,29.293295860290527
rsd_min_support,0.05,1,0.9154676258992804,1.0,0.8441127694859039,0.0,0.0,0.0,0.0,0.0,0.0,35,25.939593076705933
rsd_min_support,0.05,2,0.9154676258992804,1.0,0.8441127694859039,1.0,1.0,1.0,0.0,0.0,0.0,35,25.20821595191956
rsd_min_support,0.05,3,0.9154676258992804,1.0,0.8441127694859039,1.0,1.0,1.0,1.0,1.0,1.0,35,26.03119945526123
rsd_min_support,0.1,1,0.9154676258992804,1.0,0.8441127694859039,0.0,0.0,0.0,0.0,0.0,0.0,35,16.000206232070923
rsd_min_support,0.1,2,0.9154676258992804,1.0,0.8441127694859039,1.0,1.0,1.0,0.0,0.0,0.0,35,18.0170636177063
rsd_min_support,0.1,3,0.9154676258992804,1.0,0.8441127694859039,1.0,1.0,1.0,1.0,1.0,1.0,35,15.920900821685793
beam_width,20.0,1,0.8915929203539823,1.0,0.8043912175648703,0.0,0.0,0.0,0.0,0.0,0.0,36,36.64935326576233
beam_width,20.0,2,0.8915929203539823,1.0,0.8043912175648703,1.0,1.0,1.0,0.0,0.0,0.0,36,32.51805353164673
beam_width,20.0,3,1.0,1.0,1.0,1.0,1.0,1.0,1.0,1.0,1.0,36,29.60419249534607
beam_width,40.0,1,0.8915929203539823,1.0,0.8043912175648703,0.0,0.0,0.0,0.0,0.0,0.0,36,34.32182240486145
beam_width,40.0,2,0.8915929203539823,1.0,0.8043912175648703,1.0,1.0,1.0,0.0,0.0,0.0,36,33.168909788131714
beam_width,40.0,3,1.0,1.0,1.0,1.0,1.0,1.0,1.0,1.0,1.0,36,30.38235592842102
beam_width,80.0,1,0.8915929203539823,1.0,0.8043912175648703,0.0,0.0,0.0,0.0,0.0,0.0,36,32.88524913787842
beam_width,80.0,2,0.8915929203539823,1.0,0.8043912175648703,1.0,1.0,1.0,0.0,0.0,0.0,36,33.29529881477356
beam_width,80.0,3,0.9155844155844156,1.0,0.844311377245509,1.0,1.0,1.0,1.0,1.0,1.0,36,32.75579524040222
beam_width,160.0,1,0.8915929203539823,1.0,0.8043912175648703,0.0,0.0,0.0,0.0,0.0,0.0,36,32.323431730270386
beam_width,160.0,2,0.8915929203539823,1.0,0.8043912175648703,1.0,1.0,1.0,0.0,0.0,0.0,36,32.92137050628662
beam_width,160.0,3,0.9155844155844156,1.0,0.844311377245509,1.0,1.0,1.0,1.0,1.0,1.0,36,31.340591430664062
rsd_min_support,0.01,1,1.0,1.0,1.0,0.0,0.0,0.0,0.0,0.0,0.0,36,35.71165060997009
rsd_min_support,0.01,2,1.0,1.0,1.0,1.0,1.0,1.0,0.0,0.0,0.0,36,34.82542157173157
rsd_min_support,0.01,3,1.0,1.0,1.0,1.0,1.0,1.0,1.0,1.0,1.0,36,34.02006816864014
rsd_min_support,0.025,1,0.8915929203539823,1.0,0.8043912175648703,0.0,0.0,0.0,0.0,0.0,0.0,36,34.240169286727905
rsd_min_support,0.025,2,0.8915929203539823,1.0,0.8043912175648703,1.0,1.0,1.0,0.0,0.0,0.0,36,32.62282848358154
rsd_min_support,0.025,3,1.0,1.0,1.0,1.0,1.0,1.0,1.0,1.0,1.0,36,30.403305768966675
rsd_min_support,0.05,1,0.8915929203539823,1.0,0.8043912175648703,0.0,0.0,0.0,0.0,0.0,0.0,36,27.040472507476807
rsd_min_support,0.05,2,0.8915929203539823,1.0,0.8043912175648703,1.0,1.0,1.0,0.0,0.0,0.0,36,26.716097831726078
rsd_min_support,0.05,3,0.9155844155844156,1.0,0.844311377245509,1.0,1.0,1.0,1.0,1.0,1.0,36,26.53159499168396
rsd_min_support,0.1,1,0.9155844155844156,1.0,0.844311377245509,0.0,0.0,0.0,0.0,0.0,0.0,36,18.548437356948853
rsd_min_support,0.1,2,0.9155844155844156,1.0,0.844311377245509,1.0,1.0,1.0,0.0,0.0,0.0,36,16.88055968284607
rsd_min_support,0.1,3,0.9155844155844156,1.0,0.844311377245509,1.0,1.0,1.0,1.0,1.0,1.0,36,17.405640363693237
beam_width,20.0,1,0.9277721261444556,1.0,0.8652751423149905,0.0,0.0,0.0,0.0,0.0,0.0,37,34.69911575317383
beam_width,20.0,2,0.9277721261444556,1.0,0.8652751423149905,1.0,1.0,1.0,0.0,0.0,0.0,37,34.001970529556274
beam_width,20.0,3,0.9277721261444556,1.0,0.8652751423149905,1.0,1.0,1.0,1.0,1.0,1.0,37,30.429733753204346
beam_width,40.0,1,0.9277721261444556,1.0,0.8652751423149905,0.0,0.0,0.0,0.0,0.0,0.0,37,31.72930884361267
beam_width,40.0,2,0.9277721261444556,1.0,0.8652751423149905,1.0,1.0,1.0,0.0,0.0,0.0,37,34.1003532409668
beam_width,40.0,3,0.9277721261444556,1.0,0.8652751423149905,1.0,1.0,1.0,1.0,1.0,1.0,37,31.03874135017395
beam_width,80.0,1,0.9277721261444556,1.0,0.8652751423149905,0.0,0.0,0.0,0.0,0.0,0.0,37,33.92559266090393
beam_width,80.0,2,0.9277721261444556,1.0,0.8652751423149905,1.0,1.0,1.0,0.0,0.0,0.0,37,33.131580114364624
beam_width,80.0,3,0.9277721261444556,1.0,0.8652751423149905,1.0,1.0,1.0,1.0,1.0,1.0,37,32.10017251968384
beam_width,160.0,1,0.9277721261444556,1.0,0.8652751423149905,0.0,0.0,0.0,0.0,0.0,0.0,37,33.58290982246399
beam_width,160.0,2,0.9277721261444556,1.0,0.8652751423149905,1.0,1.0,1.0,0.0,0.0,0.0,37,33.51230525970459
beam_width,160.0,3,0.9277721261444556,1.0,0.8652751423149905,1.0,1.0,1.0,1.0,1.0,1.0,37,32.823880672454834
rsd_min_support,0.01,1,0.9836065573770492,1.0,0.967741935483871,0.0,0.0,0.0,0.0,0.0,0.0,37,34.59102177619934
rsd_min_support,0.01,2,0.9277721261444556,1.0,0.8652751423149905,1.0,1.0,1.0,0.0,0.0,0.0,37,35.18262767791748
rsd_min_support,0.01,3,0.9836065573770492,1.0,0.967741935483871,1.0,1.0,1.0,1.0,1.0,1.0,37,34.3983359336853
rsd_min_support,0.025,1,0.9277721261444556,1.0,0.8652751423149905,0.0,0.0,0.0,0.0,0.0,0.0,37,31.84544014930725
rsd_min_support,0.025,2,0.9277721261444556,1.0,0.8652751423149905,1.0,1.0,1.0,0.0,0.0,0.0,37,31.92067527770996
rsd_min_support,0.025,3,0.9277721261444556,1.0,0.8652751423149905,1.0,1.0,1.0,1.0,1.0,1.0,37,31.683895349502563
rsd_min_support,0.05,1,0.9277721261444556,1.0,0.8652751423149905,0.0,0.0,0.0,0.0,0.0,0.0,37,28.71101975440979
rsd_min_support,0.05,2,0.9277721261444556,1.0,0.8652751423149905,0.7441860465116279,1.0,0.5925925925925926,0.0,0.0,0.0,37,28.50157785415649
rsd_min_support,0.05,3,0.9277721261444556,1.0,0.8652751423149905,0.7441860465116279,1.0,0.5925925925925926,1.0,1.0,1.0,37,27.084481477737427
rsd_min_support,0.1,1,0.9277721261444556,1.0,0.8652751423149905,0.0,0.0,0.0,0.0,0.0,0.0,37,19.06611132621765
rsd_min_support,0.1,2,0.9277721261444556,1.0,0.8652751423149905,1.0,1.0,1.0,0.0,0.0,0.0,37,18.86456537246704
rsd_min_support,0.1,3,0.9277721261444556,1.0,0.8652751423149905,1.0,1.0,1.0,1.0,1.0,1.0,37,17.428069829940796
beam_width,20.0,1,0.8817733990147782,1.0,0.788546255506608,0.0,0.0,0.0,0.0,0.0,0.0,38,33.22805881500244
beam_width,20.0,2,0.8817733990147782,1.0,0.788546255506608,1.0,1.0,1.0,0.0,0.0,0.0,38,31.5851366519928
beam_width,20.0,3,0.0,0.0,0.0,1.0,1.0,1.0,1.0,1.0,1.0,38,27.12816858291626
beam_width,40.0,1,0.8817733990147782,1.0,0.788546255506608,0.0,0.0,0.0,0.0,0.0,0.0,38,31.633034706115723
beam_width,40.0,2,0.8817733990147782,1.0,0.788546255506608,1.0,1.0,1.0,0.0,0.0,0.0,38,30.433165311813354
beam_width,40.0,3,0.0,0.0,0.0,1.0,1.0,1.0,1.0,1.0,1.0,38,27.550541400909424
beam_width,80.0,1,0.8817733990147782,1.0,0.788546255506608,0.0,0.0,0.0,0.0,0.0,0.0,38,31.54999709129333
beam_width,80.0,2,0.8817733990147782,1.0,0.788546255506608,1.0,1.0,1.0,0.0,0.0,0.0,38,30.079444885253903
beam_width,80.0,3,0.0,0.0,0.0,1.0,1.0,1.0,1.0,1.0,1.0,38,27.10051918029785
beam_width,160.0,1,0.8817733990147782,1.0,0.788546255506608,0.0,0.0,0.0,0.0,0.0,0.0,38,31.20314645767212
beam_width,160.0,2,0.8817733990147782,1.0,0.788546255506608,1.0,1.0,1.0,0.0,0.0,0.0,38,28.46739411354065
beam_width,160.0,3,0.5797705943691345,1.0,0.408223201174743,1.0,1.0,1.0,0.7793974732750243,1.0,0.6385350318471338,38,29.700406551361084
rsd_min_support,0.01,1,1.0,1.0,1.0,0.0,0.0,0.0,0.0,0.0,0.0,38,34.613770723342896
rsd_min_support,0.01,2,1.0,1.0,1.0,1.0,1.0,1.0,0.0,0.0,0.0,38,33.05685043334961
rsd_min_support,0.01,3,0.0,0.0,0.0,1.0,1.0,1.0,1.0,1.0,1.0,38,33.655630588531494
rsd_min_support,0.025,1,0.8817733990147782,1.0,0.788546255506608,0.0,0.0,0.0,0.0,0.0,0.0,38,31.9874746799469
rsd_min_support,0.025,2,0.8817733990147782,1.0,0.788546255506608,1.0,1.0,1.0,0.0,0.0,0.0,38,29.84279751777649
rsd_min_support,0.025,3,0.0,0.0,0.0,1.0,1.0,1.0,1.0,1.0,1.0,38,27.15589070320129
rsd_min_support,0.05,1,0.8817733990147782,1.0,0.788546255506608,0.0,0.0,0.0,0.0,0.0,0.0,38,26.668012380599976
rsd_min_support,0.05,2,0.8817733990147782,1.0,0.788546255506608,1.0,1.0,1.0,0.0,0.0,0.0,38,21.94090414047241
rsd_min_support,0.05,3,0.5797705943691345,1.0,0.408223201174743,1.0,1.0,1.0,1.0,1.0,1.0,38,22.056480884552
rsd_min_support,0.1,1,0.8094405594405594,1.0,0.6798825256975036,0.0,0.0,0.0,0.0,0.0,0.0,38,18.421557903289795
rsd_min_support,0.1,2,0.8094405594405594,1.0,0.6798825256975036,0.9454545454545454,1.0,0.896551724137931,0.0,0.0,0.0,38,15.95999789237976
rsd_min_support,0.1,3,0.8094405594405594,1.0,0.6798825256975036,0.9454545454545454,1.0,0.896551724137931,0.9355932203389832,1.0,0.8789808917197452,38,16.553189277648926
beam_width,20.0,1,0.7979882648784576,1.0,0.6638772663877266,0.0,0.0,0.0,0.0,0.0,0.0,39,31.590606927871704
beam_width,20.0,2,1.0,1.0,1.0,0.9131905298759864,1.0,0.8402489626556017,0.0,0.0,0.0,39,28.561362504959103
beam_width,20.0,3,0.8509615384615384,1.0,0.7405857740585774,0.8343409915356711,1.0,0.7157676348547718,1.0,1.0,1.0,39,30.16780161857605
beam_width,40.0,1,0.7979882648784576,1.0,0.6638772663877266,0.0,0.0,0.0,0.0,0.0,0.0,39,32.25818753242493
beam_width,40.0,2,1.0,1.0,1.0,0.9131905298759864,1.0,0.8402489626556017,0.0,0.0,0.0,39,28.397915363311768
beam_width,40.0,3,0.8509615384615384,1.0,0.7405857740585774,0.8343409915356711,1.0,0.7157676348547718,1.0,1.0,1.0,39,30.172191858291622
beam_width,80.0,1,0.7979882648784576,1.0,0.6638772663877266,0.0,0.0,0.0,0.0,0.0,0.0,39,30.992679357528687
beam_width,80.0,2,1.0,1.0,1.0,0.9131905298759864,1.0,0.8402489626556017,0.0,0.0,0.0,39,27.968416213989254
beam_width,80.0,3,0.8509615384615384,1.0,0.7405857740585774,0.8343409915356711,1.0,0.7157676348547718,1.0,1.0,1.0,39,29.821638345718384
beam_width,160.0,1,0.7979882648784576,1.0,0.6638772663877266,0.0,0.0,0.0,0.0,0.0,0.0,39,31.194382667541504
beam_width,160.0,2,1.0,1.0,1.0,0.9131905298759864,1.0,0.8402489626556017,0.0,0.0,0.0,39,28.52746105194092
beam_width,160.0,3,0.8509615384615384,1.0,0.7405857740585774,0.8343409915356711,1.0,0.7157676348547718,1.0,1.0,1.0,39,30.372737884521484
rsd_min_support,0.01,1,1.0,1.0,1.0,0.0,0.0,0.0,0.0,0.0,0.0,39,34.20984506607056
rsd_min_support,0.01,2,0.8119304059652029,1.0,0.6834030683403068,1.0,1.0,1.0,0.0,0.0,0.0,39,33.33927345275879
rsd_min_support,0.01,3,0.8509615384615384,1.0,0.7405857740585774,0.8343409915356711,1.0,0.7157676348547718,1.0,1.0,1.0,39,33.76174855232239
rsd_min_support,0.025,1,0.7979882648784576,1.0,0.6638772663877266,0.0,0.0,0.0,0.0,0.0,0.0,39,30.897980213165283
rsd_min_support,0.025,2,1.0,1.0,1.0,0.9131905298759864,1.0,0.8402489626556017,0.0,0.0,0.0,39,28.37570285797119
rsd_min_support,0.025,3,0.8509615384615384,1.0,0.7405857740585774,0.8343409915356711,1.0,0.7157676348547718,1.0,1.0,1.0,39,30.41659379005432
rsd_min_support,0.05,1,0.7979882648784576,1.0,0.6638772663877266,0.0,0.0,0.0,0.0,0.0,0.0,39,26.596545696258545
rsd_min_support,0.05,2,0.8119304059652029,1.0,0.6834030683403068,0.9131905298759864,1.0,0.8402489626556017,0.0,0.0,0.0,39,26.266610860824585
rsd_min_support,0.05,3,0.8509615384615384,1.0,0.7405857740585774,0.8343409915356711,1.0,0.7157676348547718,1.0,1.0,1.0,39,23.898816108703613
rsd_min_support,0.1,1,0.8119304059652029,1.0,0.6834030683403068,0.0,0.0,0.0,0.0,0.0,0.0,39,17.11750864982605
rsd_min_support,0.1,2,0.8119304059652029,1.0,0.6834030683403068,1.0,1.0,1.0,0.0,0.0,0.0,39,15.165907382965088
rsd_min_support,0.1,3,0.8119304059652029,1.0,0.6834030683403068,1.0,1.0,1.0,1.0,1.0,1.0,39,17.295522212982178
beam_width,20.0,1,0.9066901408450704,1.0,0.8293075684380032,0.0,0.0,0.0,0.0,0.0,0.0,4,31.96170926094055
beam_width,20.0,2,0.9066901408450704,1.0,0.8293075684380032,0.9218989280245024,1.0,0.8551136363636364,0.0,0.0,0.0,4,31.065421104431152
beam_width,20.0,3,0.9066901408450704,1.0,0.8293075684380032,1.0,1.0,1.0,0.8837209302325582,1.0,0.7916666666666666,4,32.84747099876404
beam_width,40.0,1,0.9066901408450704,1.0,0.8293075684380032,0.0,0.0,0.0,0.0,0.0,0.0,4,23.72461771965027
beam_width,40.0,2,0.9066901408450704,1.0,0.8293075684380032,0.9218989280245024,1.0,0.8551136363636364,0.0,0.0,0.0,4,31.924855709075928
beam_width,40.0,3,0.9066901408450704,1.0,0.8293075684380032,1.0,1.0,1.0,0.8837209302325582,1.0,0.7916666666666666,4,32.757351875305176
beam_width,80.0,1,0.9066901408450704,1.0,0.8293075684380032,0.0,0.0,0.0,0.0,0.0,0.0,4,33.44116735458374
beam_width,80.0,2,0.9066901408450704,1.0,0.8293075684380032,0.9218989280245024,1.0,0.8551136363636364,0.0,0.0,0.0,4,30.587425708770752
beam_width,80.0,3,0.9066901408450704,1.0,0.8293075684380032,1.0,1.0,1.0,0.8837209302325582,1.0,0.7916666666666666,4,32.60218119621277
beam_width,160.0,1,0.9066901408450704,1.0,0.8293075684380032,0.0,0.0,0.0,0.0,0.0,0.0,4,28.21465539932251
beam_width,160.0,2,0.9066901408450704,1.0,0.8293075684380032,0.9218989280245024,1.0,0.8551136363636364,0.0,0.0,0.0,4,29.369364738464355
beam_width,160.0,3,0.9066901408450704,1.0,0.8293075684380032,1.0,1.0,1.0,0.8837209302325582,1.0,0.7916666666666666,4,32.853633642196655
rsd_min_support,0.01,1,1.0,1.0,1.0,0.0,0.0,0.0,0.0,0.0,0.0,4,34.16446495056152
rsd_min_support,0.01,2,1.0,1.0,1.0,1.0,1.0,1.0,0.0,0.0,0.0,4,34.313371896743774
rsd_min_support,0.01,3,0.6485310119695322,1.0,0.4798711755233494,1.0,1.0,1.0,1.0,1.0,1.0,4,36.68682789802551
rsd_min_support,0.025,1,0.9066901408450704,1.0,0.8293075684380032,0.0,0.0,0.0,0.0,0.0,0.0,4,27.87763786315918
rsd_min_support,0.025,2,0.9066901408450704,1.0,0.8293075684380032,0.9218989280245024,1.0,0.8551136363636364,0.0,0.0,0.0,4,31.692689418792725
rsd_min_support,0.025,3,0.9066901408450704,1.0,0.8293075684380032,1.0,1.0,1.0,0.8837209302325582,1.0,0.7916666666666666,4,32.775718688964844
rsd_min_support,0.05,1,0.9066901408450704,1.0,0.8293075684380032,0.0,0.0,0.0,0.0,0.0,0.0,4,27.352424144744877
rsd_min_support,0.05,2,0.9066901408450704,1.0,0.8293075684380032,0.9218989280245024,1.0,0.8551136363636364,0.0,0.0,0.0,4,26.02871680259705
rsd_min_support,0.05,3,0.9066901408450704,1.0,0.8293075684380032,1.0,1.0,1.0,0.8837209302325582,1.0,0.7916666666666666,4,26.72465825080872
rsd_min_support,0.1,1,0.8092042186001919,1.0,0.679549114331723,0.0,0.0,0.0,0.0,0.0,0.0,4,17.37405800819397
rsd_min_support,0.1,2,0.9066901408450704,1.0,0.8293075684380032,0.9218989280245024,1.0,0.8551136363636364,0.0,0.0,0.0,4,20.38986849784851
rsd_min_support,0.1,3,0.9066901408450704,1.0,0.8293075684380032,0.8708901363271853,1.0,0.7713068181818182,1.0,1.0,1.0,4,17.856496334075928
beam_width,20.0,1,1.0,1.0,1.0,0.0,0.0,0.0,0.0,0.0,0.0,40,32.47441864013672
beam_width,20.0,2,0.9277721261444556,1.0,0.8652751423149905,1.0,1.0,1.0,0.0,0.0,0.0,40,32.441609144210815
beam_width,20.0,3,1.0,1.0,1.0,1.0,1.0,1.0,1.0,1.0,1.0,40,29.54590940475464
beam_width,40.0,1,1.0,1.0,1.0,0.0,0.0,0.0,0.0,0.0,0.0,40,32.17184042930603
beam_width,40.0,2,1.0,1.0,1.0,1.0,1.0,1.0,0.0,0.0,0.0,40,29.481290817260746
beam_width,40.0,3,1.0,1.0,1.0,1.0,1.0,1.0,1.0,1.0,1.0,40,30.1071355342865
beam_width,80.0,1,1.0,1.0,1.0,0.0,0.0,0.0,0.0,0.0,0.0,40,33.36767792701721
beam_width,80.0,2,1.0,1.0,1.0,1.0,1.0,1.0,0.0,0.0,0.0,40,31.770107984542847
beam_width,80.0,3,1.0,1.0,1.0,1.0,1.0,1.0,1.0,1.0,1.0,40,29.5973162651062
beam_width,160.0,1,1.0,1.0,1.0,0.0,0.0,0.0,0.0,0.0,0.0,40,32.17842149734497
beam_width,160.0,2,1.0,1.0,1.0,1.0,1.0,1.0,0.0,0.0,0.0,40,32.447182178497314
beam_width,160.0,3,1.0,1.0,1.0,1.0,1.0,1.0,1.0,1.0,1.0,40,30.0503191947937
rsd_min_support,0.01,1,1.0,1.0,1.0,0.0,0.0,0.0,0.0,0.0,0.0,40,37.88528180122376
rsd_min_support,0.01,2,1.0,1.0,1.0,1.0,1.0,1.0,0.0,0.0,0.0,40,34.299413442611694
rsd_min_support,0.01,3,1.0,1.0,1.0,1.0,1.0,1.0,1.0,1.0,1.0,40,32.95168328285217
rsd_min_support,0.025,1,1.0,1.0,1.0,0.0,0.0,0.0,0.0,0.0,0.0,40,33.26075983047485
rsd_min_support,0.025,2,0.9277721261444556,1.0,0.8652751423149905,1.0,1.0,1.0,0.0,0.0,0.0,40,30.998488664627075
rsd_min_support,0.025,3,1.0,1.0,1.0,1.0,1.0,1.0,1.0,1.0,1.0,40,30.00873613357544
rsd_min_support,0.05,1,0.7898966704936854,1.0,0.6527514231499051,0.0,0.0,0.0,0.0,0.0,0.0,40,27.055678844451904
rsd_min_support,0.05,2,0.7898966704936854,1.0,0.6527514231499051,1.0,1.0,1.0,0.0,0.0,0.0,40,27.31886076927185
rsd_min_support,0.05,3,0.7898966704936854,1.0,0.6527514231499051,1.0,1.0,1.0,1.0,1.0,1.0,40,25.821451902389526
rsd_min_support,0.1,1,0.9277721261444556,1.0,0.8652751423149905,0.0,0.0,0.0,0.0,0.0,0.0,40,19.18999171257019
rsd_min_support,0.1,2,1.0,1.0,1.0,1.0,1.0,1.0,0.0,0.0,0.0,40,19.3843834400177
rsd_min_support,0.1,3,0.9277721261444556,1.0,0.8652751423149905,1.0,1.0,1.0,1.0,1.0,1.0,40,18.186199426651
beam_width,20.0,1,1.0,1.0,1.0,0.0,0.0,0.0,0.0,0.0,0.0,41,32.818976163864136
beam_width,20.0,2,0.8852459016393442,1.0,0.7941176470588235,1.0,1.0,1.0,0.0,0.0,0.0,41,31.268731832504272
beam_width,20.0,3,0.8852459016393442,1.0,0.7941176470588235,1.0,1.0,1.0,0.9514563106796116,1.0,0.9074074074074074,41,27.11591005325317
beam_width,40.0,1,1.0,1.0,1.0,0.0,0.0,0.0,0.0,0.0,0.0,41,29.460668802261356
beam_width,40.0,2,0.8852459016393442,1.0,0.7941176470588235,1.0,1.0,1.0,0.0,0.0,0.0,41,29.515280723571777
beam_width,40.0,3,0.8852459016393442,1.0,0.7941176470588235,1.0,1.0,1.0,0.9514563106796116,1.0,0.9074074074074074,41,27.198610305786133
beam_width,80.0,1,1.0,1.0,1.0,0.0,0.0,0.0,0.0,0.0,0.0,41,26.35037732124329
beam_width,80.0,2,0.8852459016393442,1.0,0.7941176470588235,1.0,1.0,1.0,0.0,0.0,0.0,41,30.035489320755005
beam_width,80.0,3,0.8852459016393442,1.0,0.7941176470588235,1.0,1.0,1.0,0.9514563106796116,1.0,0.9074074074074074,41,27.294225454330444
beam_width,160.0,1,1.0,1.0,1.0,0.0,0.0,0.0,0.0,0.0,0.0,41,29.119412660598755
beam_width,160.0,2,0.8852459016393442,1.0,0.7941176470588235,1.0,1.0,1.0,0.0,0.0,0.0,41,29.23743748664856
beam_width,160.0,3,0.8852459016393442,1.0,0.7941176470588235,1.0,1.0,1.0,0.9514563106796116,1.0,0.9074074074074074,41,27.130204439163208
rsd_min_support,0.01,1,1.0,1.0,1.0,0.0,0.0,0.0,0.0,0.0,0.0,41,32.06937575340271
rsd_min_support,0.01,2,1.0,1.0,1.0,1.0,1.0,1.0,0.0,0.0,0.0,41,33.020529985427856
rsd_min_support,0.01,3,1.0,1.0,1.0,1.0,1.0,1.0,0.9514563106796116,1.0,0.9074074074074074,41,32.0834264755249
rsd_min_support,0.025,1,1.0,1.0,1.0,0.0,0.0,0.0,0.0,0.0,0.0,41,26.674065589904785
rsd_min_support,0.025,2,0.8852459016393442,1.0,0.7941176470588235,1.0,1.0,1.0,0.0,0.0,0.0,41,29.370418310165405
rsd_min_support,0.025,3,0.8852459016393442,1.0,0.7941176470588235,1.0,1.0,1.0,0.9514563106796116,1.0,0.9074074074074074,41,27.0389301776886
rsd_min_support,0.05,1,1.0,1.0,1.0,0.0,0.0,0.0,0.0,0.0,0.0,41,23.576833486557007
rsd_min_support,0.05,2,0.8852459016393442,1.0,0.7941176470588235,0.9052783803326104,1.0,0.8269484808454426,0.0,0.0,0.0,41,24.407994985580444
rsd_min_support,0.05,3,0.8852459016393442,1.0,0.7941176470588235,0.9052783803326104,1.0,0.8269484808454426,0.9514563106796116,1.0,0.9074074074074074,41,23.606106519699097
rsd_min_support,0.1,1,1.0,1.0,1.0,0.0,0.0,0.0,0.0,0.0,0.0,41,16.96192693710327
rsd_min_support,0.1,2,1.0,1.0,1.0,0.9052783803326104,1.0,0.8269484808454426,0.0,0.0,0.0,41,16.8851101398468
rsd_min_support,0.1,3,1.0,1.0,1.0,0.9052783803326104,1.0,0.8269484808454426,1.0,1.0,1.0,41,16.017542362213135
beam_width,20.0,1,0.8705179282868526,1.0,0.7707231040564374,0.0,0.0,0.0,0.0,0.0,0.0,42,33.48965167999268
beam_width,20.0,2,0.8705179282868526,1.0,0.7707231040564374,1.0,1.0,1.0,0.0,0.0,0.0,42,31.312391996383667
beam_width,20.0,3,1.0,1.0,1.0,1.0,1.0,1.0,1.0,1.0,1.0,42,29.86425876617432
beam_width,40.0,1,0.8705179282868526,1.0,0.7707231040564374,0.0,0.0,0.0,0.0,0.0,0.0,42,31.615277528762817
beam_width,40.0,2,0.8705179282868526,1.0,0.7707231040564374,1.0,1.0,1.0,0.0,0.0,0.0,42,30.98797607421875
beam_width,40.0,3,1.0,1.0,1.0,1.0,1.0,1.0,1.0,1.0,1.0,42,30.14341950416565
beam_width,80.0,1,0.8705179282868526,1.0,0.7707231040564374,0.0,0.0,0.0,0.0,0.0,0.0,42,31.4184410572052
beam_width,80.0,2,0.8705179282868526,1.0,0.7707231040564374,1.0,1.0,1.0,0.0,0.0,0.0,42,30.759121417999268
beam_width,80.0,3,1.0,1.0,1.0,1.0,1.0,1.0,1.0,1.0,1.0,42,30.135231733322144
beam_width,160.0,1,0.8705179282868526,1.0,0.7707231040564374,0.0,0.0,0.0,0.0,0.0,0.0,42,32.61931014060974
beam_width,160.0,2,0.8705179282868526,1.0,0.7707231040564374,1.0,1.0,1.0,0.0,0.0,0.0,42,31.75255441665649
beam_width,160.0,3,1.0,1.0,1.0,1.0,1.0,1.0,1.0,1.0,1.0,42,30.325650930404663
rsd_min_support,0.01,1,0.8705179282868526,1.0,0.7707231040564374,0.0,0.0,0.0,0.0,0.0,0.0,42,37.06335949897766
rsd_min_support,0.01,2,0.8705179282868526,1.0,0.7707231040564374,1.0,1.0,1.0,0.0,0.0,0.0,42,33.5987765789032
rsd_min_support,0.01,3,1.0,1.0,1.0,1.0,1.0,1.0,1.0,1.0,1.0,42,34.52335715293884
rsd_min_support,0.025,1,0.8705179282868526,1.0,0.7707231040564374,0.0,0.0,0.0,0.0,0.0,0.0,42,32.975385427474976
rsd_min_support,0.025,2,0.8705179282868526,1.0,0.7707231040564374,1.0,1.0,1.0,0.0,0.0,0.0,42,30.462158203125
rsd_min_support,0.025,3,1.0,1.0,1.0,1.0,1.0,1.0,1.0,1.0,1.0,42,30.08918809890747
rsd_min_support,0.05,1,0.8603015075376884,1.0,0.7548500881834215,0.0,0.0,0.0,0.0,0.0,0.0,42,25.389851808547974
rsd_min_support,0.05,2,0.8603015075376884,1.0,0.7548500881834215,1.0,1.0,1.0,0.0,0.0,0.0,42,27.66665983200073
rsd_min_support,0.05,3,0.8603015075376884,1.0,0.7548500881834215,1.0,1.0,1.0,1.0,1.0,1.0,42,24.4378764629364
rsd_min_support,0.1,1,0.8603015075376884,1.0,0.7548500881834215,0.0,0.0,0.0,0.0,0.0,0.0,42,23.93710947036743
rsd_min_support,0.1,2,0.8603015075376884,1.0,0.7548500881834215,1.0,1.0,1.0,0.0,0.0,0.0,42,18.298811435699463
rsd_min_support,0.1,3,0.8603015075376884,1.0,0.7548500881834215,1.0,1.0,1.0,1.0,1.0,1.0,42,16.811930656433105
beam_width,20.0,1,1.0,1.0,1.0,0.0,0.0,0.0,0.0,0.0,0.0,43,34.63924312591553
beam_width,20.0,2,1.0,1.0,1.0,0.9298507462686568,1.0,0.8688981868898187,0.0,0.0,0.0,43,28.311400890350345
beam_width,20.0,3,0.7965299684542586,1.0,0.6618610747051114,0.8388663967611336,1.0,0.7224546722454672,1.0,1.0,1.0,43,29.20818519592285
beam_width,40.0,1,1.0,1.0,1.0,0.0,0.0,0.0,0.0,0.0,0.0,43,31.20789337158203
beam_width,40.0,2,1.0,1.0,1.0,0.9298507462686568,1.0,0.8688981868898187,0.0,0.0,0.0,43,28.20415306091309
beam_width,40.0,3,0.6601307189542484,0.6584093872229465,0.6618610747051114,0.8388663967611336,1.0,0.7224546722454672,1.0,1.0,1.0,43,29.255463361740112
beam_width,80.0,1,1.0,1.0,1.0,0.0,0.0,0.0,0.0,0.0,0.0,43,31.9141047000885
beam_width,80.0,2,1.0,1.0,1.0,0.9298507462686568,1.0,0.8688981868898187,0.0,0.0,0.0,43,28.471729278564453
beam_width,80.0,3,0.7965299684542586,1.0,0.6618610747051114,0.8388663967611336,1.0,0.7224546722454672,1.0,1.0,1.0,43,29.435306072235107
beam_width,160.0,1,1.0,1.0,1.0,0.0,0.0,0.0,0.0,0.0,0.0,43,28.923150539398197
beam_width,160.0,2,1.0,1.0,1.0,0.9298507462686568,1.0,0.8688981868898187,0.0,0.0,0.0,43,28.152033805847168
beam_width,160.0,3,0.7965299684542586,1.0,0.6618610747051114,0.8388663967611336,1.0,0.7224546722454672,1.0,1.0,1.0,43,29.08148312568665
rsd_min_support,0.01,1,1.0,1.0,1.0,0.0,0.0,0.0,0.0,0.0,0.0,43,33.87407040596008
rsd_min_support,0.01,2,1.0,1.0,1.0,0.9298507462686568,1.0,0.8688981868898187,0.0,0.0,0.0,43,32.71181511878967
rsd_min_support,0.01,3,0.7965299684542586,1.0,0.6618610747051114,0.0,0.0,0.0,1.0,1.0,1.0,43,31.606016159057617
rsd_min_support,0.025,1,1.0,1.0,1.0,0.0,0.0,0.0,0.0,0.0,0.0,43,31.541853427886963
rsd_min_support,0.025,2,1.0,1.0,1.0,0.9298507462686568,1.0,0.8688981868898187,0.0,0.0,0.0,43,28.300912857055664
rsd_min_support,0.025,3,0.6601307189542484,0.6584093872229465,0.6618610747051114,0.8388663967611336,1.0,0.7224546722454672,1.0,1.0,1.0,43,29.171258449554443
rsd_min_support,0.05,1,1.0,1.0,1.0,0.0,0.0,0.0,0.0,0.0,0.0,43,27.60226845741272
rsd_min_support,0.05,2,1.0,1.0,1.0,0.8388663967611336,1.0,0.7224546722454672,0.0,0.0,0.0,43,23.12849521636963
rsd_min_support,0.05,3,1.0,1.0,1.0,0.8388663967611336,1.0,0.7224546722454672,0.8837579617834395,1.0,0.7917261055634808,43,24.553895473480225
rsd_min_support,0.1,1,0.7532679738562092,1.0,0.6041939711664482,0.0,0.0,0.0,0.0,0.0,0.0,43,19.08642530441284
rsd_min_support,0.1,2,0.7532679738562092,1.0,0.6041939711664482,0.8388663967611336,1.0,0.7224546722454672,0.0,0.0,0.0,43,17.181017637252808
rsd_min_support,0.1,3,0.7532679738562092,1.0,0.6041939711664482,0.8388663967611336,1.0,0.7224546722454672,0.8837579617834395,1.0,0.7917261055634808,43,15.73629641532898
beam_width,20.0,1,1.0,1.0,1.0,0.0,0.0,0.0,0.0,0.0,0.0,44,33.44673132896423
beam_width,20.0,2,1.0,1.0,1.0,1.0,1.0,1.0,0.0,0.0,0.0,44,30.151487350463867
beam_width,20.0,3,0.4221105527638191,1.0,0.267515923566879,1.0,1.0,1.0,1.0,1.0,1.0,44,30.09540343284607
beam_width,40.0,1,1.0,1.0,1.0,0.0,0.0,0.0,0.0,0.0,0.0,44,32.119805335998535
beam_width,40.0,2,1.0,1.0,1.0,1.0,1.0,1.0,0.0,0.0,0.0,44,30.45803737640381
beam_width,40.0,3,0.4221105527638191,1.0,0.267515923566879,1.0,1.0,1.0,1.0,1.0,1.0,44,30.128254413604736
beam_width,80.0,1,1.0,1.0,1.0,0.0,0.0,0.0,0.0,0.0,0.0,44,31.91296100616455
beam_width,80.0,2,1.0,1.0,1.0,1.0,1.0,1.0,0.0,0.0,0.0,44,30.291339635849
beam_width,80.0,3,1.0,1.0,1.0,1.0,1.0,1.0,0.9052369077306732,1.0,0.826879271070615,44,30.85870599746704
beam_width,160.0,1,1.0,1.0,1.0,0.0,0.0,0.0,0.0,0.0,0.0,44,32.85300087928772
beam_width,160.0,2,1.0,1.0,1.0,1.0,1.0,1.0,0.0,0.0,0.0,44,29.94053888320923
beam_width,160.0,3,0.4221105527638191,1.0,0.267515923566879,1.0,1.0,1.0,1.0,1.0,1.0,44,30.218156814575195
rsd_min_support,0.01,1,1.0,1.0,1.0,0.0,0.0,0.0,0.0,0.0,0.0,44,36.134477376937866
rsd_min_support,0.01,2,1.0,1.0,1.0,1.0,1.0,1.0,0.0,0.0,0.0,44,34.08157515525818
rsd_min_support,0.01,3,0.4221105527638191,1.0,0.267515923566879,1.0,1.0,1.0,1.0,1.0,1.0,44,35.286264181137085
rsd_min_support,0.025,1,1.0,1.0,1.0,0.0,0.0,0.0,0.0,0.0,0.0,44,30.577718257904053
rsd_min_support,0.025,2,1.0,1.0,1.0,1.0,1.0,1.0,0.0,0.0,0.0,44,29.95611810684204
rsd_min_support,0.025,3,0.4221105527638191,1.0,0.267515923566879,1.0,1.0,1.0,1.0,1.0,1.0,44,30.33208131790161
rsd_min_support,0.05,1,1.0,1.0,1.0,0.0,0.0,0.0,0.0,0.0,0.0,44,26.52744960784912
rsd_min_support,0.05,2,1.0,1.0,1.0,1.0,1.0,1.0,0.0,0.0,0.0,44,22.8141508102417
rsd_min_support,0.05,3,1.0,1.0,1.0,1.0,1.0,1.0,0.7771587743732591,1.0,0.6355353075170843,44,22.537592887878414
rsd_min_support,0.1,1,1.0,1.0,1.0,0.0,0.0,0.0,0.0,0.0,0.0,44,19.73186731338501
rsd_min_support,0.1,2,1.0,1.0,1.0,0.8991008991008991,1.0,0.8166969147005445,0.0,0.0,0.0,44,16.74990725517273
rsd_min_support,0.1,3,1.0,1.0,1.0,0.8991008991008991,1.0,0.8166969147005445,1.0,1.0,1.0,44,17.15702772140503
beam_width,20.0,1,1.0,1.0,1.0,0.0,0.0,0.0,0.0,0.0,0.0,45,31.897819995880127
beam_width,20.0,2,1.0,1.0,1.0,1.0,1.0,1.0,0.0,0.0,0.0,45,29.588876485824585
beam_width,20.0,3,1.0,1.0,1.0,1.0,1.0,1.0,1.0,1.0,1.0,45,27.354998111724854
beam_width,40.0,1,1.0,1.0,1.0,0.0,0.0,0.0,0.0,0.0,0.0,45,30.30290365219116
beam_width,40.0,2,1.0,1.0,1.0,1.0,1.0,1.0,0.0,0.0,0.0,45,29.03125286102295
beam_width,40.0,3,1.0,1.0,1.0,1.0,1.0,1.0,1.0,1.0,1.0,45,27.054093599319454
beam_width,80.0,1,1.0,1.0,1.0,0.0,0.0,0.0,0.0,0.0,0.0,45,31.06030869483948
beam_width,80.0,2,1.0,1.0,1.0,1.0,1.0,1.0,0.0,0.0,0.0,45,29.34602522850037
beam_width,80.0,3,1.0,1.0,1.0,1.0,1.0,1.0,1.0,1.0,1.0,45,27.97667694091797
beam_width,160.0,1,1.0,1.0,1.0,0.0,0.0,0.0,0.0,0.0,0.0,45,31.09911417961121
beam_width,160.0,2,1.0,1.0,1.0,1.0,1.0,1.0,0.0,0.0,0.0,45,29.34262704849243
beam_width,160.0,3,1.0,1.0,1.0,1.0,1.0,1.0,1.0,1.0,1.0,45,27.340662479400635
rsd_min_support,0.01,1,1.0,1.0,1.0,0.0,0.0,0.0,0.0,0.0,0.0,45,36.20175361633301
rsd_min_support,0.01,2,1.0,1.0,1.0,1.0,1.0,1.0,0.0,0.0,0.0,45,33.333877086639404
rsd_min_support,0.01,3,1.0,1.0,1.0,1.0,1.0,1.0,1.0,1.0,1.0,45,30.62424945831299
rsd_min_support,0.025,1,1.0,1.0,1.0,0.0,0.0,0.0,0.0,0.0,0.0,45,29.822749853134155
rsd_min_support,0.025,2,1.0,1.0,1.0,1.0,1.0,1.0,0.0,0.0,0.0,45,29.136440753936768
rsd_min_support,0.025,3,1.0,1.0,1.0,1.0,1.0,1.0,1.0,1.0,1.0,45,27.07468867301941
rsd_min_support,0.05,1,1.0,1.0,1.0,0.0,0.0,0.0,0.0,0.0,0.0,45,26.69814682006836
rsd_min_support,0.05,2,1.0,1.0,1.0,1.0,1.0,1.0,0.0,0.0,0.0,45,24.750391006469727
rsd_min_support,0.05,3,0.6947689182326054,0.532295719844358,1.0,1.0,1.0,1.0,1.0,1.0,1.0,45,22.455053091049194
rsd_min_support,0.1,1,0.790450928381963,1.0,0.6535087719298246,0.0,0.0,0.0,0.0,0.0,0.0,45,19.895153999328613
rsd_min_support,0.1,2,0.6218938885157824,0.5751552795031056,0.6769005847953217,1.0,1.0,1.0,0.0,0.0,0.0,45,18.40952205657959
rsd_min_support,0.1,3,0.6305916305916306,0.6225071225071225,0.6388888888888888,1.0,1.0,1.0,1.0,1.0,1.0,45,16.644445419311523
beam_width,20.0,1,0.8705179282868526,1.0,0.7707231040564374,0.0,0.0,0.0,0.0,0.0,0.0,46,35.21366882324219
beam_width,20.0,2,1.0,1.0,1.0,0.8125000000000001,1.0,0.6842105263157895,0.0,0.0,0.0,46,30.14241099357605
beam_width,20.0,3,1.0,1.0,1.0,0.8125000000000001,1.0,0.6842105263157895,1.0,1.0,1.0,46,30.30719542503357
beam_width,40.0,1,0.8705179282868526,1.0,0.7707231040564374,0.0,0.0,0.0,0.0,0.0,0.0,46,33.20492911338806
beam_width,40.0,2,1.0,1.0,1.0,0.8125000000000001,1.0,0.6842105263157895,0.0,0.0,0.0,46,31.676023960113525
beam_width,40.0,3,1.0,1.0,1.0,0.8125000000000001,1.0,0.6842105263157895,1.0,1.0,1.0,46,29.64844036102295
beam_width,80.0,1,0.8705179282868526,1.0,0.7707231040564374,0.0,0.0,0.0,0.0,0.0,0.0,46,34.13737154006958
beam_width,80.0,2,1.0,1.0,1.0,0.8125000000000001,1.0,0.6842105263157895,0.0,0.0,0.0,46,31.07575488090515
beam_width,80.0,3,1.0,1.0,1.0,0.8125000000000001,1.0,0.6842105263157895,1.0,1.0,1.0,46,30.1802818775177
beam_width,160.0,1,0.8705179282868526,1.0,0.7707231040564374,0.0,0.0,0.0,0.0,0.0,0.0,46,34.57075834274292
beam_width,160.0,2,1.0,1.0,1.0,1.0,1.0,1.0,0.0,0.0,0.0,46,32.749542474746704
beam_width,160.0,3,1.0,1.0,1.0,0.8125000000000001,1.0,0.6842105263157895,1.0,1.0,1.0,46,31.05677580833435
rsd_min_support,0.01,1,0.8705179282868526,1.0,0.7707231040564374,0.0,0.0,0.0,0.0,0.0,0.0,46,37.24234104156494
rsd_min_support,0.01,2,1.0,1.0,1.0,0.8125000000000001,1.0,0.6842105263157895,0.0,0.0,0.0,46,34.40244936943054
rsd_min_support,0.01,3,1.0,1.0,1.0,0.8125000000000001,1.0,0.6842105263157895,1.0,1.0,1.0,46,34.316041707992554
rsd_min_support,0.025,1,0.8705179282868526,1.0,0.7707231040564374,0.0,0.0,0.0,0.0,0.0,0.0,46,34.328991413116455
rsd_min_support,0.025,2,1.0,1.0,1.0,0.8125000000000001,1.0,0.6842105263157895,0.0,0.0,0.0,46,31.49274015426636
rsd_min_support,0.025,3,1.0,1.0,1.0,0.8125000000000001,1.0,0.6842105263157895,1.0,1.0,1.0,46,29.62465715408325
rsd_min_support,0.05,1,0.8705179282868526,1.0,0.7707231040564374,0.0,0.0,0.0,0.0,0.0,0.0,46,28.34655737876892
rsd_min_support,0.05,2,1.0,1.0,1.0,0.8125000000000001,1.0,0.6842105263157895,0.0,0.0,0.0,46,25.531816959381104
rsd_min_support,0.05,3,1.0,1.0,1.0,0.8125000000000001,1.0,0.6842105263157895,1.0,1.0,1.0,46,25.103934049606323
rsd_min_support,0.1,1,1.0,1.0,1.0,0.0,0.0,0.0,0.0,0.0,0.0,46,20.76516032218933
rsd_min_support,0.1,2,1.0,1.0,1.0,1.0,1.0,1.0,0.0,0.0,0.0,46,18.705480098724365
rsd_min_support,0.1,3,1.0,1.0,1.0,1.0,1.0,1.0,1.0,1.0,1.0,46,17.495680809020996
beam_width,20.0,1,1.0,1.0,1.0,0.0,0.0,0.0,0.0,0.0,0.0,47,34.71924567222595
beam_width,20.0,2,1.0,1.0,1.0,0.955067920585162,1.0,0.914,0.0,0.0,0.0,47,32.08994960784912
beam_width,20.0,3,1.0,1.0,1.0,0.955067920585162,1.0,0.914,1.0,1.0,1.0,47,30.60424780845642
beam_width,40.0,1,1.0,1.0,1.0,0.0,0.0,0.0,0.0,0.0,0.0,47,29.146235942840576
beam_width,40.0,2,0.877922077922078,1.0,0.7824074074074074,0.955067920585162,1.0,0.914,0.0,0.0,0.0,47,32.52898669242859
beam_width,40.0,3,1.0,1.0,1.0,0.955067920585162,1.0,0.914,1.0,1.0,1.0,47,31.418761014938354
beam_width,80.0,1,1.0,1.0,1.0,0.0,0.0,0.0,0.0,0.0,0.0,47,31.714231491088867
beam_width,80.0,2,1.0,1.0,1.0,0.955067920585162,1.0,0.914,0.0,0.0,0.0,47,31.87591981887817
beam_width,80.0,3,1.0,1.0,1.0,0.955067920585162,1.0,0.914,1.0,1.0,1.0,47,32.45988249778748
beam_width,160.0,1,1.0,1.0,1.0,0.0,0.0,0.0,0.0,0.0,0.0,47,35.82186245918274
beam_width,160.0,2,0.877922077922078,1.0,0.7824074074074074,0.955067920585162,1.0,0.914,0.0,0.0,0.0,47,32.20258545875549
beam_width,160.0,3,1.0,1.0,1.0,0.955067920585162,1.0,0.914,1.0,1.0,1.0,47,32.16134262084961
rsd_min_support,0.01,1,1.0,1.0,1.0,0.0,0.0,0.0,0.0,0.0,0.0,47,31.23726725578308
rsd_min_support,0.01,2,1.0,1.0,1.0,1.0,1.0,1.0,0.0,0.0,0.0,47,32.703559160232544
rsd_min_support,0.01,3,1.0,1.0,1.0,1.0,1.0,1.0,1.0,1.0,1.0,47,33.35968399047852
rsd_min_support,0.025,1,1.0,1.0,1.0,0.0,0.0,0.0,0.0,0.0,0.0,47,34.92763018608093
rsd_min_support,0.025,2,1.0,1.0,1.0,0.955067920585162,1.0,0.914,0.0,0.0,0.0,47,33.34609365463257
rsd_min_support,0.025,3,1.0,1.0,1.0,0.955067920585162,1.0,0.914,1.0,1.0,1.0,47,32.620922803878784
rsd_min_support,0.05,1,1.0,1.0,1.0,0.0,0.0,0.0,0.0,0.0,0.0,47,28.14264225959778
rsd_min_support,0.05,2,1.0,1.0,1.0,0.955067920585162,1.0,0.914,0.0,0.0,0.0,47,26.38450503349304
rsd_min_support,0.05,3,1.0,1.0,1.0,0.955067920585162,1.0,0.914,1.0,1.0,1.0,47,24.69615149497986
rsd_min_support,0.1,1,1.0,1.0,1.0,0.0,0.0,0.0,0.0,0.0,0.0,47,19.640000581741333
rsd_min_support,0.1,2,1.0,1.0,1.0,0.955067920585162,1.0,0.914,0.0,0.0,0.0,47,20.00066375732422
rsd_min_support,0.1,3,1.0,1.0,1.0,0.955067920585162,1.0,0.914,0.929633300297324,1.0,0.8685185185185185,47,16.88577961921692
beam_width,20.0,1,0.8370044052863437,1.0,0.7196969696969697,0.0,0.0,0.0,0.0,0.0,0.0,48,34.95291495323181
beam_width,20.0,2,1.0,1.0,1.0,0.908762420957543,1.0,0.8327814569536424,0.0,0.0,0.0,48,32.46425151824951
beam_width,20.0,3,0.7153284671532847,1.0,0.5568181818181818,0.7584789311408016,1.0,0.6109271523178808,1.0,1.0,1.0,48,30.22552061080933
beam_width,40.0,1,0.8370044052863437,1.0,0.7196969696969697,0.0,0.0,0.0,0.0,0.0,0.0,48,32.14977169036865
beam_width,40.0,2,1.0,1.0,1.0,0.908762420957543,1.0,0.8327814569536424,0.0,0.0,0.0,48,33.50612998008728
beam_width,40.0,3,0.7153284671532847,1.0,0.5568181818181818,0.7584789311408016,1.0,0.6109271523178808,1.0,1.0,1.0,48,30.275460958480835
beam_width,80.0,1,0.8370044052863437,1.0,0.7196969696969697,0.0,0.0,0.0,0.0,0.0,0.0,48,33.6539523601532
beam_width,80.0,2,1.0,1.0,1.0,0.908762420957543,1.0,0.8327814569536424,0.0,0.0,0.0,48,32.45183968544006
beam_width,80.0,3,0.7153284671532847,1.0,0.5568181818181818,1.0,1.0,1.0,1.0,1.0,1.0,48,30.47390842437744
beam_width,160.0,1,0.8370044052863437,1.0,0.7196969696969697,0.0,0.0,0.0,0.0,0.0,0.0,48,32.900665044784546
beam_width,160.0,2,1.0,1.0,1.0,0.908762420957543,1.0,0.8327814569536424,0.0,0.0,0.0,48,31.921776056289676
beam_width,160.0,3,0.7153284671532847,1.0,0.5568181818181818,0.7584789311408016,1.0,0.6109271523178808,1.0,1.0,1.0,48,30.31824350357056
rsd_min_support,0.01,1,1.0,1.0,1.0,0.0,0.0,0.0,0.0,0.0,0.0,48,38.54761004447937
rsd_min_support,0.01,2,1.0,1.0,1.0,0.908762420957543,1.0,0.8327814569536424,0.0,0.0,0.0,48,37.3642954826355
rsd_min_support,0.01,3,0.7153284671532847,1.0,0.5568181818181818,0.7584789311408016,1.0,0.6109271523178808,1.0,1.0,1.0,48,35.07985186576843
rsd_min_support,0.025,1,0.8370044052863437,1.0,0.7196969696969697,0.0,0.0,0.0,0.0,0.0,0.0,48,33.336254358291626
rsd_min_support,0.025,2,1.0,1.0,1.0,0.908762420957543,1.0,0.8327814569536424,0.0,0.0,0.0,48,32.656538248062134
rsd_min_support,0.025,3,0.7153284671532847,1.0,0.5568181818181818,0.7584789311408016,1.0,0.6109271523178808,1.0,1.0,1.0,48,29.822276830673218
rsd_min_support,0.05,1,1.0,1.0,1.0,0.0,0.0,0.0,0.0,0.0,0.0,48,27.749412536621094
rsd_min_support,0.05,2,1.0,1.0,1.0,0.908762420957543,1.0,0.8327814569536424,0.0,0.0,0.0,48,26.04744052886963
rsd_min_support,0.05,3,1.0,1.0,1.0,0.908762420957543,1.0,0.8327814569536424,0.9185959671396564,1.0,0.8494475138121547,48,24.48314094543457
rsd_min_support,0.1,1,0.8223048327137547,1.0,0.6982323232323232,0.0,0.0,0.0,0.0,0.0,0.0,48,15.064610481262209
rsd_min_support,0.1,2,0.7153284671532847,1.0,0.5568181818181818,0.8794063079777366,1.0,0.7847682119205298,0.0,0.0,0.0,48,19.0785653591156
rsd_min_support,0.1,3,0.7153284671532847,1.0,0.5568181818181818,0.8794063079777366,1.0,0.7847682119205298,0.9185959671396564,1.0,0.8494475138121547,48,18.648959398269653
beam_width,20.0,1,1.0,1.0,1.0,0.0,0.0,0.0,0.0,0.0,0.0,49,32.03276228904724
beam_width,20.0,2,1.0,1.0,1.0,0.8860759493670886,1.0,0.7954545454545454,0.0,0.0,0.0,49,31.810185194015503
beam_width,20.0,3,0.8810810810810812,1.0,0.7874396135265701,0.8860759493670886,1.0,0.7954545454545454,1.0,1.0,1.0,49,31.772576808929443
beam_width,40.0,1,1.0,1.0,1.0,0.0,0.0,0.0,0.0,0.0,0.0,49,32.61753511428833
beam_width,40.0,2,1.0,1.0,1.0,0.8860759493670886,1.0,0.7954545454545454,0.0,0.0,0.0,49,30.307930946350098
beam_width,40.0,3,0.8810810810810812,1.0,0.7874396135265701,0.8860759493670886,1.0,0.7954545454545454,1.0,1.0,1.0,49,31.394428968429565
beam_width,80.0,1,1.0,1.0,1.0,0.0,0.0,0.0,0.0,0.0,0.0,49,31.84966206550598
beam_width,80.0,2,1.0,1.0,1.0,0.8860759493670886,1.0,0.7954545454545454,0.0,0.0,0.0,49,32.25274395942688
beam_width,80.0,3,0.8810810810810812,1.0,0.7874396135265701,0.8860759493670886,1.0,0.7954545454545454,1.0,1.0,1.0,49,31.408608436584476
beam_width,160.0,1,1.0,1.0,1.0,0.0,0.0,0.0,0.0,0.0,0.0,49,34.4760947227478
beam_width,160.0,2,1.0,1.0,1.0,0.8860759493670886,1.0,0.7954545454545454,0.0,0.0,0.0,49,31.735933303833008
beam_width,160.0,3,0.8810810810810812,1.0,0.7874396135265701,0.8860759493670886,1.0,0.7954545454545454,1.0,1.0,1.0,49,31.771385192871094
rsd_min_support,0.01,1,1.0,1.0,1.0,0.0,0.0,0.0,0.0,0.0,0.0,49,36.04297757148743
rsd_min_support,0.01,2,1.0,1.0,1.0,1.0,1.0,1.0,0.0,0.0,0.0,49,35.89711785316467
rsd_min_support,0.01,3,0.0,0.0,0.0,1.0,1.0,1.0,1.0,1.0,1.0,49,35.22362279891968
rsd_min_support,0.025,1,1.0,1.0,1.0,0.0,0.0,0.0,0.0,0.0,0.0,49,33.29846787452698
rsd_min_support,0.025,2,1.0,1.0,1.0,0.8860759493670886,1.0,0.7954545454545454,0.0,0.0,0.0,49,30.71563005447388
rsd_min_support,0.025,3,0.8810810810810812,1.0,0.7874396135265701,0.8860759493670886,1.0,0.7954545454545454,1.0,1.0,1.0,49,31.38082242012024
rsd_min_support,0.05,1,0.8810810810810812,1.0,0.7874396135265701,0.0,0.0,0.0,0.0,0.0,0.0,49,27.49330687522888
rsd_min_support,0.05,2,0.8810810810810812,1.0,0.7874396135265701,0.8860759493670886,1.0,0.7954545454545454,0.0,0.0,0.0,49,27.61379885673523
rsd_min_support,0.05,3,0.8810810810810812,1.0,0.7874396135265701,0.8860759493670886,1.0,0.7954545454545454,0.6905829596412556,1.0,0.5273972602739726,49,23.281677722930908
rsd_min_support,0.1,1,0.8810810810810812,1.0,0.7874396135265701,0.0,0.0,0.0,0.0,0.0,0.0,49,20.855653285980225
rsd_min_support,0.1,2,0.8810810810810812,1.0,0.7874396135265701,0.7934875749785776,1.0,0.6576704545454546,0.0,0.0,0.0,49,20.01904964447021
rsd_min_support,0.1,3,0.8810810810810812,1.0,0.7874396135265701,0.7934875749785776,1.0,0.6576704545454546,1.0,1.0,1.0,49,17.056159734725952
beam_width,20.0,1,1.0,1.0,1.0,0.0,0.0,0.0,0.0,0.0,0.0,5,19.86456036567688
beam_width,20.0,2,0.9355932203389832,1.0,0.8789808917197452,0.91581868640148,1.0,0.8447098976109215,0.0,0.0,0.0,5,30.62489318847656
beam_width,20.0,3,0.9355932203389832,1.0,0.8789808917197452,0.91581868640148,1.0,0.8447098976109215,1.0,1.0,1.0,5,28.144485235214237
beam_width,40.0,1,1.0,1.0,1.0,0.0,0.0,0.0,0.0,0.0,0.0,5,17.92089605331421
beam_width,40.0,2,0.9355932203389832,1.0,0.8789808917197452,0.91581868640148,1.0,0.8447098976109215,0.0,0.0,0.0,5,30.030036687850952
beam_width,40.0,3,0.9355932203389832,1.0,0.8789808917197452,0.91581868640148,1.0,0.8447098976109215,1.0,1.0,1.0,5,27.896345138549805
beam_width,80.0,1,1.0,1.0,1.0,0.0,0.0,0.0,0.0,0.0,0.0,5,19.74039387702942
beam_width,80.0,2,0.9355932203389832,1.0,0.8789808917197452,0.91581868640148,1.0,0.8447098976109215,0.0,0.0,0.0,5,28.27678060531616
beam_width,80.0,3,0.9355932203389832,1.0,0.8789808917197452,0.91581868640148,1.0,0.8447098976109215,1.0,1.0,1.0,5,28.357535123825077
beam_width,160.0,1,1.0,1.0,1.0,0.0,0.0,0.0,0.0,0.0,0.0,5,16.73133397102356
beam_width,160.0,2,0.9355932203389832,1.0,0.8789808917197452,0.91581868640148,1.0,0.8447098976109215,0.0,0.0,0.0,5,28.41862535476685
beam_width,160.0,3,0.9355932203389832,1.0,0.8789808917197452,0.91581868640148,1.0,0.8447098976109215,1.0,1.0,1.0,5,28.37629985809326
rsd_min_support,0.01,1,1.0,1.0,1.0,0.0,0.0,0.0,0.0,0.0,0.0,5,16.53595280647278
rsd_min_support,0.01,2,0.9355932203389832,1.0,0.8789808917197452,1.0,1.0,1.0,0.0,0.0,0.0,5,33.1744236946106
rsd_min_support,0.01,3,0.9355932203389832,1.0,0.8789808917197452,1.0,1.0,1.0,1.0,1.0,1.0,5,30.784358263015747
rsd_min_support,0.025,1,1.0,1.0,1.0,0.0,0.0,0.0,0.0,0.0,0.0,5,17.15717315673828
rsd_min_support,0.025,2,0.9355932203389832,1.0,0.8789808917197452,0.91581868640148,1.0,0.8447098976109215,0.0,0.0,0.0,5,27.790492296218872
rsd_min_support,0.025,3,0.9355932203389832,1.0,0.8789808917197452,0.91581868640148,1.0,0.8447098976109215,1.0,1.0,1.0,5,26.74346947669983
rsd_min_support,0.05,1,1.0,1.0,1.0,0.0,0.0,0.0,0.0,0.0,0.0,5,15.43595838546753
rsd_min_support,0.05,2,0.9355932203389832,1.0,0.8789808917197452,0.91581868640148,1.0,0.8447098976109215,0.0,0.0,0.0,5,24.816685438156128
rsd_min_support,0.05,3,0.9355932203389832,1.0,0.8789808917197452,0.91581868640148,1.0,0.8447098976109215,1.0,1.0,1.0,5,23.88573670387268
rsd_min_support,0.1,1,1.0,1.0,1.0,0.0,0.0,0.0,0.0,0.0,0.0,5,13.279497146606444
rsd_min_support,0.1,2,0.8633484162895928,1.0,0.7595541401273885,0.91581868640148,1.0,0.8447098976109215,0.0,0.0,0.0,5,17.82494878768921
rsd_min_support,0.1,3,0.8633484162895928,1.0,0.7595541401273885,0.91581868640148,1.0,0.8447098976109215,1.0,1.0,1.0,5,16.51933240890503
beam_width,20.0,1,1.0,1.0,1.0,0.0,0.0,0.0,0.0,0.0,0.0,50,32.096911907196045
beam_width,20.0,2,1.0,1.0,1.0,1.0,1.0,1.0,0.0,0.0,0.0,50,32.83081793785095
beam_width,20.0,3,1.0,1.0,1.0,1.0,1.0,1.0,0.9337474120082816,1.0,0.8757281553398059,50,31.94309425354004
beam_width,40.0,1,1.0,1.0,1.0,0.0,0.0,0.0,0.0,0.0,0.0,50,33.53636145591736
beam_width,40.0,2,1.0,1.0,1.0,1.0,1.0,1.0,0.0,0.0,0.0,50,31.828468799591064
beam_width,40.0,3,0.8666666666666666,1.0,0.7647058823529411,1.0,1.0,1.0,0.9337474120082816,1.0,0.8757281553398059,50,31.653329610824585
beam_width,80.0,1,1.0,1.0,1.0,0.0,0.0,0.0,0.0,0.0,0.0,50,31.8324830532074
beam_width,80.0,2,1.0,1.0,1.0,1.0,1.0,1.0,0.0,0.0,0.0,50,34.17471933364868
beam_width,80.0,3,1.0,1.0,1.0,1.0,1.0,1.0,0.9337474120082816,1.0,0.8757281553398059,50,31.96837592124939
beam_width,160.0,1,1.0,1.0,1.0,0.0,0.0,0.0,0.0,0.0,0.0,50,30.7768132686615
beam_width,160.0,2,1.0,1.0,1.0,1.0,1.0,1.0,0.0,0.0,0.0,50,32.21721529960632
beam_width,160.0,3,1.0,1.0,1.0,1.0,1.0,1.0,0.9337474120082816,1.0,0.8757281553398059,50,32.452353954315186
rsd_min_support,0.01,1,1.0,1.0,1.0,0.0,0.0,0.0,0.0,0.0,0.0,50,31.96176791191101
rsd_min_support,0.01,2,1.0,1.0,1.0,1.0,1.0,1.0,0.0,0.0,0.0,50,36.951385736465454
rsd_min_support,0.01,3,1.0,1.0,1.0,1.0,1.0,1.0,1.0,1.0,1.0,50,35.28440260887146
rsd_min_support,0.025,1,1.0,1.0,1.0,0.0,0.0,0.0,0.0,0.0,0.0,50,30.27985620498657
rsd_min_support,0.025,2,1.0,1.0,1.0,1.0,1.0,1.0,0.0,0.0,0.0,50,31.65907621383667
rsd_min_support,0.025,3,1.0,1.0,1.0,1.0,1.0,1.0,0.9337474120082816,1.0,0.8757281553398059,50,30.84856486320496
rsd_min_support,0.05,1,1.0,1.0,1.0,0.0,0.0,0.0,0.0,0.0,0.0,50,28.840142250061035
rsd_min_support,0.05,2,1.0,1.0,1.0,0.7865168539325843,1.0,0.6481481481481481,0.0,0.0,0.0,50,24.290881633758545
rsd_min_support,0.05,3,1.0,1.0,1.0,0.7865168539325843,1.0,0.6481481481481481,0.9337474120082816,1.0,0.8757281553398059,50,24.440678358078003
rsd_min_support,0.1,1,1.0,1.0,1.0,0.0,0.0,0.0,0.0,0.0,0.0,50,21.86482858657837
rsd_min_support,0.1,2,1.0,1.0,1.0,1.0,1.0,1.0,0.0,0.0,0.0,50,19.563538789749146
rsd_min_support,0.1,3,1.0,1.0,1.0,1.0,1.0,1.0,0.9337474120082816,1.0,0.8757281553398059,50,17.356178522109985
beam_width,20.0,1,1.0,1.0,1.0,0.0,0.0,0.0,0.0,0.0,0.0,51,34.12474751472473
beam_width,20.0,2,0.8294062205466541,1.0,0.7085346215780999,1.0,1.0,1.0,0.0,0.0,0.0,51,30.46761417388916
beam_width,20.0,3,0.878048780487805,1.0,0.782608695652174,1.0,1.0,1.0,1.0,1.0,1.0,51,28.39710760116577
beam_width,40.0,1,1.0,1.0,1.0,0.0,0.0,0.0,0.0,0.0,0.0,51,30.18433117866516
beam_width,40.0,2,0.8294062205466541,1.0,0.7085346215780999,1.0,1.0,1.0,0.0,0.0,0.0,51,30.691906929016117
beam_width,40.0,3,0.878048780487805,1.0,0.782608695652174,1.0,1.0,1.0,1.0,1.0,1.0,51,28.92048168182373
beam_width,80.0,1,1.0,1.0,1.0,0.0,0.0,0.0,0.0,0.0,0.0,51,31.640288591384888
beam_width,80.0,2,0.8294062205466541,1.0,0.7085346215780999,1.0,1.0,1.0,0.0,0.0,0.0,51,30.094802856445312
beam_width,80.0,3,0.878048780487805,1.0,0.782608695652174,1.0,1.0,1.0,1.0,1.0,1.0,51,28.95533227920532
beam_width,160.0,1,1.0,1.0,1.0,0.0,0.0,0.0,0.0,0.0,0.0,51,31.233481645584103
beam_width,160.0,2,0.8294062205466541,1.0,0.7085346215780999,1.0,1.0,1.0,0.0,0.0,0.0,51,30.579073905944824
beam_width,160.0,3,0.878048780487805,1.0,0.782608695652174,1.0,1.0,1.0,1.0,1.0,1.0,51,28.892231225967407
rsd_min_support,0.01,1,1.0,1.0,1.0,0.0,0.0,0.0,0.0,0.0,0.0,51,36.58402943611145
rsd_min_support,0.01,2,1.0,1.0,1.0,1.0,1.0,1.0,0.0,0.0,0.0,51,33.70548367500305
rsd_min_support,0.01,3,0.878048780487805,1.0,0.782608695652174,1.0,1.0,1.0,1.0,1.0,1.0,51,34.06545209884644
rsd_min_support,0.025,1,1.0,1.0,1.0,0.0,0.0,0.0,0.0,0.0,0.0,51,31.517802715301517
rsd_min_support,0.025,2,0.8294062205466541,1.0,0.7085346215780999,1.0,1.0,1.0,0.0,0.0,0.0,51,29.663844108581543
rsd_min_support,0.025,3,0.878048780487805,1.0,0.782608695652174,1.0,1.0,1.0,1.0,1.0,1.0,51,29.093158721923828
rsd_min_support,0.05,1,0.8294062205466541,1.0,0.7085346215780999,0.0,0.0,0.0,0.0,0.0,0.0,51,26.36034059524536
rsd_min_support,0.05,2,0.8294062205466541,1.0,0.7085346215780999,0.8643410852713178,1.0,0.7610921501706485,0.0,0.0,0.0,51,24.8368558883667
rsd_min_support,0.05,3,0.878048780487805,1.0,0.782608695652174,0.8643410852713178,1.0,0.7610921501706485,0.8936170212765957,1.0,0.8076923076923077,51,24.43758797645569
rsd_min_support,0.1,1,0.8294062205466541,1.0,0.7085346215780999,0.0,0.0,0.0,0.0,0.0,0.0,51,20.32656598091125
rsd_min_support,0.1,2,0.8294062205466541,1.0,0.7085346215780999,0.8643410852713178,1.0,0.7610921501706485,0.0,0.0,0.0,51,17.39380717277527
rsd_min_support,0.1,3,0.878048780487805,1.0,0.782608695652174,0.8643410852713178,1.0,0.7610921501706485,0.8936170212765957,1.0,0.8076923076923077,51,16.55920386314392
beam_width,20.0,1,1.0,1.0,1.0,0.0,0.0,0.0,0.0,0.0,0.0,52,32.37414336204529
beam_width,20.0,2,1.0,1.0,1.0,0.8878048780487805,1.0,0.7982456140350878,0.0,0.0,0.0,52,29.301565408706665
beam_width,20.0,3,0.4989293361884369,1.0,0.3323823109843081,0.8878048780487805,1.0,0.7982456140350878,0.9319852941176472,1.0,0.8726333907056799,52,28.927467823028564
beam_width,40.0,1,1.0,1.0,1.0,0.0,0.0,0.0,0.0,0.0,0.0,52,31.424943923950195
beam_width,40.0,2,1.0,1.0,1.0,0.8878048780487805,1.0,0.7982456140350878,0.0,0.0,0.0,52,28.958407640457157
beam_width,40.0,3,0.4989293361884369,1.0,0.3323823109843081,0.8878048780487805,1.0,0.7982456140350878,0.9319852941176472,1.0,0.8726333907056799,52,28.81802773475647
beam_width,80.0,1,1.0,1.0,1.0,0.0,0.0,0.0,0.0,0.0,0.0,52,31.575906991958615
beam_width,80.0,2,1.0,1.0,1.0,0.8878048780487805,1.0,0.7982456140350878,0.0,0.0,0.0,52,29.09145855903625
beam_width,80.0,3,0.4989293361884369,1.0,0.3323823109843081,0.8878048780487805,1.0,0.7982456140350878,0.9319852941176472,1.0,0.8726333907056799,52,28.649620532989506
beam_width,160.0,1,1.0,1.0,1.0,0.0,0.0,0.0,0.0,0.0,0.0,52,31.05274033546448
beam_width,160.0,2,1.0,1.0,1.0,0.8878048780487805,1.0,0.7982456140350878,0.0,0.0,0.0,52,29.289225101470947
beam_width,160.0,3,0.4989293361884369,1.0,0.3323823109843081,0.8878048780487805,1.0,0.7982456140350878,0.9319852941176472,1.0,0.8726333907056799,52,28.39730429649353
rsd_min_support,0.01,1,1.0,1.0,1.0,0.0,0.0,0.0,0.0,0.0,0.0,52,35.585230350494385
rsd_min_support,0.01,2,1.0,1.0,1.0,0.8878048780487805,1.0,0.7982456140350878,0.0,0.0,0.0,52,33.330721616744995
rsd_min_support,0.01,3,0.4989293361884369,1.0,0.3323823109843081,0.8878048780487805,1.0,0.7982456140350878,1.0,1.0,1.0,52,32.3171181678772
rsd_min_support,0.025,1,1.0,1.0,1.0,0.0,0.0,0.0,0.0,0.0,0.0,52,31.103392362594604
rsd_min_support,0.025,2,1.0,1.0,1.0,0.8878048780487805,1.0,0.7982456140350878,0.0,0.0,0.0,52,28.76284909248352
rsd_min_support,0.025,3,0.4989293361884369,1.0,0.3323823109843081,0.8878048780487805,1.0,0.7982456140350878,0.9319852941176472,1.0,0.8726333907056799,52,28.769232511520386
rsd_min_support,0.05,1,0.6519230769230769,1.0,0.4835948644793152,0.0,0.0,0.0,0.0,0.0,0.0,52,25.377881050109863
rsd_min_support,0.05,2,0.6173570019723865,1.0,0.4465049928673323,0.8878048780487805,1.0,0.7982456140350878,0.0,0.0,0.0,52,21.35101628303528
rsd_min_support,0.05,3,0.6173570019723865,1.0,0.4465049928673323,0.8878048780487805,1.0,0.7982456140350878,0.9319852941176472,1.0,0.8726333907056799,52,21.92522931098938
rsd_min_support,0.1,1,0.8000000000000002,0.7768817204301075,0.8245363766048502,0.0,0.0,0.0,0.0,0.0,0.0,52,17.756611585617065
rsd_min_support,0.1,2,0.7744755244755246,1.0,0.6319543509272468,0.7741935483870968,1.0,0.631578947368421,0.0,0.0,0.0,52,16.0031316280365
rsd_min_support,0.1,3,0.9029733959311425,1.0,0.8231098430813124,0.7741935483870968,1.0,0.631578947368421,0.9319852941176472,1.0,0.8726333907056799,52,15.48347234725952
beam_width,20.0,1,1.0,1.0,1.0,0.0,0.0,0.0,0.0,0.0,0.0,53,22.58216166496277
beam_width,20.0,2,1.0,1.0,1.0,1.0,1.0,1.0,0.0,0.0,0.0,53,27.87208890914917
beam_width,20.0,3,1.0,1.0,1.0,0.6234054353854687,0.5022341376228776,0.8216374269005848,1.0,1.0,1.0,53,27.331886768341064
beam_width,40.0,1,0.8946840521564694,1.0,0.809437386569873,0.0,0.0,0.0,0.0,0.0,0.0,53,20.498910903930664
beam_width,40.0,2,1.0,1.0,1.0,1.0,1.0,1.0,0.0,0.0,0.0,53,27.45499348640442
beam_width,40.0,3,1.0,1.0,1.0,0.6234054353854687,0.5022341376228776,0.8216374269005848,1.0,1.0,1.0,53,27.156468391418457
beam_width,80.0,1,1.0,1.0,1.0,0.0,0.0,0.0,0.0,0.0,0.0,53,22.263657093048096
beam_width,80.0,2,1.0,1.0,1.0,1.0,1.0,1.0,0.0,0.0,0.0,53,27.95192050933838
beam_width,80.0,3,1.0,1.0,1.0,0.6234054353854687,0.5022341376228776,0.8216374269005848,1.0,1.0,1.0,53,27.54648208618164
beam_width,160.0,1,1.0,1.0,1.0,0.0,0.0,0.0,0.0,0.0,0.0,53,30.06294822692871
beam_width,160.0,2,1.0,1.0,1.0,1.0,1.0,1.0,0.0,0.0,0.0,53,27.7173810005188
beam_width,160.0,3,1.0,1.0,1.0,0.6234054353854687,0.5022341376228776,0.8216374269005848,1.0,1.0,1.0,53,27.806426763534542
rsd_min_support,0.01,1,1.0,1.0,1.0,0.0,0.0,0.0,0.0,0.0,0.0,53,23.835533618927
rsd_min_support,0.01,2,1.0,1.0,1.0,1.0,1.0,1.0,0.0,0.0,0.0,53,32.37164306640625
rsd_min_support,0.01,3,1.0,1.0,1.0,0.6234054353854687,0.5022341376228776,0.8216374269005848,1.0,1.0,1.0,53,32.69373369216919
rsd_min_support,0.025,1,1.0,1.0,1.0,0.0,0.0,0.0,0.0,0.0,0.0,53,21.737180948257446
rsd_min_support,0.025,2,1.0,1.0,1.0,1.0,1.0,1.0,0.0,0.0,0.0,53,28.10959029197693
rsd_min_support,0.025,3,1.0,1.0,1.0,0.6234054353854687,0.5022341376228776,0.8216374269005848,1.0,1.0,1.0,53,27.18666386604309
rsd_min_support,0.05,1,1.0,1.0,1.0,0.0,0.0,0.0,0.0,0.0,0.0,53,18.90904664993286
rsd_min_support,0.05,2,0.8326271186440677,1.0,0.7132486388384754,0.9020866773675764,1.0,0.8216374269005848,0.0,0.0,0.0,53,22.151307106018063
rsd_min_support,0.05,3,0.8326271186440677,1.0,0.7132486388384754,0.9020866773675764,1.0,0.8216374269005848,0.8343777976723367,1.0,0.7158218125960062,53,22.206587314605716
rsd_min_support,0.1,1,0.8946840521564694,1.0,0.809437386569873,0.0,0.0,0.0,0.0,0.0,0.0,53,11.392493963241575
rsd_min_support,0.1,2,0.8946840521564694,1.0,0.809437386569873,0.9020866773675764,1.0,0.8216374269005848,0.0,0.0,0.0,53,17.797678232192993
rsd_min_support,0.1,3,0.8946840521564694,1.0,0.809437386569873,0.9020866773675764,1.0,0.8216374269005848,0.8343777976723367,1.0,0.7158218125960062,53,16.528095960617065
beam_width,20.0,1,1.0,1.0,1.0,0.0,0.0,0.0,0.0,0.0,0.0,54,34.263272523880005
beam_width,20.0,2,1.0,1.0,1.0,1.0,1.0,1.0,0.0,0.0,0.0,54,29.533142805099487
beam_width,20.0,3,0.8934010152284264,1.0,0.8073394495412844,1.0,1.0,1.0,1.0,1.0,1.0,54,28.767696619033813
beam_width,40.0,1,1.0,1.0,1.0,0.0,0.0,0.0,0.0,0.0,0.0,54,33.22183895111084
beam_width,40.0,2,1.0,1.0,1.0,1.0,1.0,1.0,0.0,0.0,0.0,54,29.25898623466492
beam_width,40.0,3,0.8934010152284264,1.0,0.8073394495412844,1.0,1.0,1.0,1.0,1.0,1.0,54,28.886075019836422
beam_width,80.0,1,1.0,1.0,1.0,0.0,0.0,0.0,0.0,0.0,0.0,54,32.01583504676819
beam_width,80.0,2,1.0,1.0,1.0,1.0,1.0,1.0,0.0,0.0,0.0,54,28.143126487731934
beam_width,80.0,3,0.8934010152284264,1.0,0.8073394495412844,1.0,1.0,1.0,1.0,1.0,1.0,54,29.019596815109253
beam_width,160.0,1,1.0,1.0,1.0,0.0,0.0,0.0,0.0,0.0,0.0,54,32.9802987575531
beam_width,160.0,2,1.0,1.0,1.0,1.0,1.0,1.0,0.0,0.0,0.0,54,30.221214532852173
beam_width,160.0,3,0.8934010152284264,1.0,0.8073394495412844,1.0,1.0,1.0,1.0,1.0,1.0,54,28.52431869506836
rsd_min_support,0.01,1,1.0,1.0,1.0,0.0,0.0,0.0,0.0,0.0,0.0,54,35.62414526939392
rsd_min_support,0.01,2,1.0,1.0,1.0,1.0,1.0,1.0,0.0,0.0,0.0,54,33.303590536117554
rsd_min_support,0.01,3,0.8934010152284264,1.0,0.8073394495412844,1.0,1.0,1.0,1.0,1.0,1.0,54,32.80576300621033
rsd_min_support,0.025,1,1.0,1.0,1.0,0.0,0.0,0.0,0.0,0.0,0.0,54,30.876060962677
rsd_min_support,0.025,2,1.0,1.0,1.0,1.0,1.0,1.0,0.0,0.0,0.0,54,29.733754634857178
rsd_min_support,0.025,3,0.8934010152284264,1.0,0.8073394495412844,1.0,1.0,1.0,1.0,1.0,1.0,54,28.715002298355103
rsd_min_support,0.05,1,1.0,1.0,1.0,0.0,0.0,0.0,0.0,0.0,0.0,54,25.961792469024655
rsd_min_support,0.05,2,1.0,1.0,1.0,0.8896925858951176,0.8864864864864865,0.8929219600725953,0.0,0.0,0.0,54,21.74738311767578
rsd_min_support,0.05,3,0.8934010152284264,1.0,0.8073394495412844,0.8412197686645636,1.0,0.7259528130671506,1.0,1.0,1.0,54,24.07930850982666
rsd_min_support,0.1,1,0.7752808988764045,1.0,0.6330275229357798,0.0,0.0,0.0,0.0,0.0,0.0,54,18.47858715057373
rsd_min_support,0.1,2,0.7752808988764045,1.0,0.6330275229357798,1.0,1.0,1.0,0.0,0.0,0.0,54,17.325908660888672
rsd_min_support,0.1,3,0.7752808988764045,1.0,0.6330275229357798,1.0,1.0,1.0,1.0,1.0,1.0,54,18.613682746887207
beam_width,20.0,1,1.0,1.0,1.0,0.0,0.0,0.0,0.0,0.0,0.0,55,31.807816743850708
beam_width,20.0,2,0.8382923673997412,1.0,0.7216035634743875,1.0,1.0,1.0,0.0,0.0,0.0,55,28.986687660217285
beam_width,20.0,3,0.8382923673997412,1.0,0.7216035634743875,1.0,1.0,1.0,1.0,1.0,1.0,55,29.756041049957275
beam_width,40.0,1,1.0,1.0,1.0,0.0,0.0,0.0,0.0,0.0,0.0,55,21.97786593437195
beam_width,40.0,2,0.8382923673997412,1.0,0.7216035634743875,1.0,1.0,1.0,0.0,0.0,0.0,55,32.51827907562256
beam_width,40.0,3,0.8382923673997412,1.0,0.7216035634743875,1.0,1.0,1.0,1.0,1.0,1.0,55,30.21691417694092
beam_width,80.0,1,1.0,1.0,1.0,0.0,0.0,0.0,0.0,0.0,0.0,55,21.855581521987915
beam_width,80.0,2,0.8382923673997412,1.0,0.7216035634743875,1.0,1.0,1.0,0.0,0.0,0.0,55,30.337035179138184
beam_width,80.0,3,0.8382923673997412,1.0,0.7216035634743875,1.0,1.0,1.0,1.0,1.0,1.0,55,30.3430233001709
beam_width,160.0,1,1.0,1.0,1.0,0.0,0.0,0.0,0.0,0.0,0.0,55,21.802072048187256
beam_width,160.0,2,0.8382923673997412,1.0,0.7216035634743875,1.0,1.0,1.0,0.0,0.0,0.0,55,30.94686508178711
beam_width,160.0,3,0.8382923673997412,1.0,0.7216035634743875,1.0,1.0,1.0,1.0,1.0,1.0,55,29.875368118286133
rsd_min_support,0.01,1,1.0,1.0,1.0,0.0,0.0,0.0,0.0,0.0,0.0,55,23.521271228790283
rsd_min_support,0.01,2,0.8382923673997412,1.0,0.7216035634743875,1.0,1.0,1.0,0.0,0.0,0.0,55,33.55608797073364
rsd_min_support,0.01,3,0.8382923673997412,1.0,0.7216035634743875,1.0,1.0,1.0,1.0,1.0,1.0,55,33.81001615524292
rsd_min_support,0.025,1,1.0,1.0,1.0,0.0,0.0,0.0,0.0,0.0,0.0,55,21.7999210357666
rsd_min_support,0.025,2,0.8382923673997412,1.0,0.7216035634743875,1.0,1.0,1.0,0.0,0.0,0.0,55,30.875184774398804
rsd_min_support,0.025,3,0.8382923673997412,1.0,0.7216035634743875,1.0,1.0,1.0,1.0,1.0,1.0,55,29.73353624343872
rsd_min_support,0.05,1,0.928400954653938,1.0,0.8663697104677061,0.0,0.0,0.0,0.0,0.0,0.0,55,14.280742883682253
rsd_min_support,0.05,2,0.928400954653938,1.0,0.8663697104677061,1.0,1.0,1.0,0.0,0.0,0.0,55,25.910621643066406
rsd_min_support,0.05,3,0.928400954653938,1.0,0.8663697104677061,1.0,1.0,1.0,0.7369826435246996,1.0,0.5835095137420718,55,23.739182472229004
rsd_min_support,0.1,1,1.0,1.0,1.0,0.0,0.0,0.0,0.0,0.0,0.0,55,11.741118907928469
rsd_min_support,0.1,2,0.9760547320410492,1.0,0.9532293986636972,1.0,1.0,1.0,0.0,0.0,0.0,55,18.65986132621765
rsd_min_support,0.1,3,0.9760547320410492,1.0,0.9532293986636972,1.0,1.0,1.0,1.0,1.0,1.0,55,16.260034799575806
beam_width,20.0,1,1.0,1.0,1.0,0.0,0.0,0.0,0.0,0.0,0.0,56,33.14924478530884
beam_width,20.0,2,1.0,1.0,1.0,1.0,1.0,1.0,0.0,0.0,0.0,56,29.591778993606567
beam_width,20.0,3,0.880952380952381,1.0,0.7872340425531915,1.0,1.0,1.0,0.8928121059268601,1.0,0.806378132118451,56,28.900085926055908
beam_width,40.0,1,0.880952380952381,1.0,0.7872340425531915,0.0,0.0,0.0,0.0,0.0,0.0,56,31.83994197845459
beam_width,40.0,2,1.0,1.0,1.0,1.0,1.0,1.0,0.0,0.0,0.0,56,30.76926183700561
beam_width,40.0,3,0.880952380952381,1.0,0.7872340425531915,1.0,1.0,1.0,0.8928121059268601,1.0,0.806378132118451,56,29.33871078491211
beam_width,80.0,1,0.880952380952381,1.0,0.7872340425531915,0.0,0.0,0.0,0.0,0.0,0.0,56,33.34330630302429
beam_width,80.0,2,1.0,1.0,1.0,1.0,1.0,1.0,0.0,0.0,0.0,56,30.52144193649292
beam_width,80.0,3,0.880952380952381,1.0,0.7872340425531915,1.0,1.0,1.0,0.8928121059268601,1.0,0.806378132118451,56,29.38344383239746
beam_width,160.0,1,1.0,1.0,1.0,0.0,0.0,0.0,0.0,0.0,0.0,56,33.513500928878784
beam_width,160.0,2,1.0,1.0,1.0,1.0,1.0,1.0,0.0,0.0,0.0,56,30.4238805770874
beam_width,160.0,3,0.880952380952381,1.0,0.7872340425531915,1.0,1.0,1.0,0.8928121059268601,1.0,0.806378132118451,56,29.30493760108948
rsd_min_support,0.01,1,1.0,1.0,1.0,0.0,0.0,0.0,0.0,0.0,0.0,56,33.306222438812256
rsd_min_support,0.01,2,1.0,1.0,1.0,1.0,1.0,1.0,0.0,0.0,0.0,56,34.311320066452026
rsd_min_support,0.01,3,0.7123287671232876,1.0,0.5531914893617021,1.0,1.0,1.0,1.0,1.0,1.0,56,33.757426500320435
rsd_min_support,0.025,1,1.0,1.0,1.0,0.0,0.0,0.0,0.0,0.0,0.0,56,32.89849257469177
rsd_min_support,0.025,2,1.0,1.0,1.0,1.0,1.0,1.0,0.0,0.0,0.0,56,30.849334001541138
rsd_min_support,0.025,3,0.880952380952381,1.0,0.7872340425531915,1.0,1.0,1.0,0.8928121059268601,1.0,0.806378132118451,56,29.003632068634037
rsd_min_support,0.05,1,1.0,1.0,1.0,0.0,0.0,0.0,0.0,0.0,0.0,56,28.635700941085812
rsd_min_support,0.05,2,1.0,1.0,1.0,0.9183333333333332,0.8489984591679507,1.0,0.0,0.0,0.0,56,23.284433603286743
rsd_min_support,0.05,3,1.0,1.0,1.0,0.8313891834570519,1.0,0.7114337568058077,0.8928121059268601,1.0,0.806378132118451,56,24.239635467529297
rsd_min_support,0.1,1,1.0,1.0,1.0,0.0,0.0,0.0,0.0,0.0,0.0,56,22.337899446487427
rsd_min_support,0.1,2,1.0,1.0,1.0,1.0,1.0,1.0,0.0,0.0,0.0,56,17.831916332244873
rsd_min_support,0.1,3,1.0,1.0,1.0,1.0,1.0,1.0,1.0,1.0,1.0,56,15.587022066116331
beam_width,20.0,1,0.8168776371308016,1.0,0.6904422253922967,0.0,0.0,0.0,0.0,0.0,0.0,57,31.63647437095642
beam_width,20.0,2,0.8168776371308016,1.0,0.6904422253922967,0.7714884696016772,1.0,0.6279863481228669,0.0,0.0,0.0,57,29.33594417572021
beam_width,20.0,3,1.0,1.0,1.0,0.431057563587684,1.0,0.2747440273037542,1.0,1.0,1.0,57,28.982722997665405
beam_width,40.0,1,0.8168776371308016,1.0,0.6904422253922967,0.0,0.0,0.0,0.0,0.0,0.0,57,31.278106212615967
beam_width,40.0,2,0.8168776371308016,1.0,0.6904422253922967,0.7714884696016772,1.0,0.6279863481228669,0.0,0.0,0.0,57,29.12437987327576
beam_width,40.0,3,1.0,1.0,1.0,0.431057563587684,1.0,0.2747440273037542,1.0,1.0,1.0,57,29.423436403274536
beam_width,80.0,1,0.8168776371308016,1.0,0.6904422253922967,0.0,0.0,0.0,0.0,0.0,0.0,57,31.331992864608765
beam_width,80.0,2,0.8168776371308016,1.0,0.6904422253922967,0.7714884696016772,1.0,0.6279863481228669,0.0,0.0,0.0,57,29.575327396392822
beam_width,80.0,3,1.0,1.0,1.0,0.431057563587684,1.0,0.2747440273037542,1.0,1.0,1.0,57,29.0766339302063
beam_width,160.0,1,0.8168776371308016,1.0,0.6904422253922967,0.0,0.0,0.0,0.0,0.0,0.0,57,30.417376041412357
beam_width,160.0,2,0.8168776371308016,1.0,0.6904422253922967,0.7714884696016772,1.0,0.6279863481228669,0.0,0.0,0.0,57,29.77104520797729
beam_width,160.0,3,1.0,1.0,1.0,0.431057563587684,1.0,0.2747440273037542,1.0,1.0,1.0,57,29.114233255386356
rsd_min_support,0.01,1,0.8168776371308016,1.0,0.6904422253922967,0.0,0.0,0.0,0.0,0.0,0.0,57,33.77259612083435
rsd_min_support,0.01,2,0.8168776371308016,1.0,0.6904422253922967,0.7714884696016772,1.0,0.6279863481228669,0.0,0.0,0.0,57,34.47535753250122
rsd_min_support,0.01,3,1.0,1.0,1.0,0.431057563587684,1.0,0.2747440273037542,1.0,1.0,1.0,57,33.99360466003418
rsd_min_support,0.025,1,0.8168776371308016,1.0,0.6904422253922967,0.0,0.0,0.0,0.0,0.0,0.0,57,31.32818913459778
rsd_min_support,0.025,2,0.8168776371308016,1.0,0.6904422253922967,0.7714884696016772,1.0,0.6279863481228669,0.0,0.0,0.0,57,29.496401071548465
rsd_min_support,0.025,3,1.0,1.0,1.0,0.431057563587684,1.0,0.2747440273037542,1.0,1.0,1.0,57,28.816866636276245
rsd_min_support,0.05,1,0.8168776371308016,1.0,0.6904422253922967,0.0,0.0,0.0,0.0,0.0,0.0,57,25.43988966941833
rsd_min_support,0.05,2,0.8168776371308016,1.0,0.6904422253922967,0.8016359918200409,1.0,0.6689419795221843,0.0,0.0,0.0,57,22.98223614692688
rsd_min_support,0.05,3,1.0,1.0,1.0,0.8016359918200409,1.0,0.6689419795221843,0.8312387791741471,1.0,0.7112135176651305,57,23.221840381622314
rsd_min_support,0.1,1,0.8168776371308016,1.0,0.6904422253922967,0.0,0.0,0.0,0.0,0.0,0.0,57,19.538421154022217
rsd_min_support,0.1,2,0.8168776371308016,1.0,0.6904422253922967,0.9355131698455948,1.0,0.878839590443686,0.0,0.0,0.0,57,16.577723026275635
rsd_min_support,0.1,3,0.8595953402820355,0.7537634408602151,1.0,0.9355131698455948,1.0,0.878839590443686,0.8312387791741471,1.0,0.7112135176651305,57,16.58523678779602
beam_width,20.0,1,1.0,1.0,1.0,0.0,0.0,0.0,0.0,0.0,0.0,58,32.77367186546326
beam_width,20.0,2,1.0,1.0,1.0,1.0,1.0,1.0,0.0,0.0,0.0,58,30.5778067111969
beam_width,20.0,3,0.8790697674418605,1.0,0.7842323651452282,1.0,1.0,1.0,0.8676599474145487,1.0,0.7662538699690402,58,30.619335889816284
beam_width,40.0,1,1.0,1.0,1.0,0.0,0.0,0.0,0.0,0.0,0.0,58,32.80687117576599
beam_width,40.0,2,1.0,1.0,1.0,1.0,1.0,1.0,0.0,0.0,0.0,58,30.66323566436768
beam_width,40.0,3,0.8790697674418605,1.0,0.7842323651452282,1.0,1.0,1.0,0.8676599474145487,1.0,0.7662538699690402,58,29.317837953567505
beam_width,80.0,1,1.0,1.0,1.0,0.0,0.0,0.0,0.0,0.0,0.0,58,30.954375505447388
beam_width,80.0,2,1.0,1.0,1.0,1.0,1.0,1.0,0.0,0.0,0.0,58,30.35090398788452
beam_width,80.0,3,0.8790697674418605,1.0,0.7842323651452282,1.0,1.0,1.0,0.8676599474145487,1.0,0.7662538699690402,58,29.28817582130432
beam_width,160.0,1,1.0,1.0,1.0,0.0,0.0,0.0,0.0,0.0,0.0,58,31.52128005027771
beam_width,160.0,2,1.0,1.0,1.0,1.0,1.0,1.0,0.0,0.0,0.0,58,30.473973512649536
beam_width,160.0,3,0.8790697674418605,1.0,0.7842323651452282,1.0,1.0,1.0,0.8676599474145487,1.0,0.7662538699690402,58,29.535580158233643
rsd_min_support,0.01,1,1.0,1.0,1.0,0.0,0.0,0.0,0.0,0.0,0.0,58,35.37798190116882
rsd_min_support,0.01,2,1.0,1.0,1.0,1.0,1.0,1.0,0.0,0.0,0.0,58,34.17206263542175
rsd_min_support,0.01,3,1.0,1.0,1.0,1.0,1.0,1.0,1.0,1.0,1.0,58,33.908446073532104
rsd_min_support,0.025,1,1.0,1.0,1.0,0.0,0.0,0.0,0.0,0.0,0.0,58,29.320776224136356
rsd_min_support,0.025,2,1.0,1.0,1.0,1.0,1.0,1.0,0.0,0.0,0.0,58,30.76019811630249
rsd_min_support,0.025,3,0.8790697674418605,1.0,0.7842323651452282,1.0,1.0,1.0,0.8676599474145487,1.0,0.7662538699690402,58,29.220065355300903
rsd_min_support,0.05,1,1.0,1.0,1.0,0.0,0.0,0.0,0.0,0.0,0.0,58,27.7564389705658
rsd_min_support,0.05,2,1.0,1.0,1.0,1.0,1.0,1.0,0.0,0.0,0.0,58,26.5078604221344
rsd_min_support,0.05,3,0.8790697674418605,1.0,0.7842323651452282,1.0,1.0,1.0,0.8676599474145487,1.0,0.7662538699690402,58,22.809566259384155
rsd_min_support,0.1,1,1.0,1.0,1.0,0.0,0.0,0.0,0.0,0.0,0.0,58,20.2333242893219
rsd_min_support,0.1,2,1.0,1.0,1.0,1.0,1.0,1.0,0.0,0.0,0.0,58,17.99156641960144
rsd_min_support,0.1,3,1.0,1.0,1.0,1.0,1.0,1.0,0.8676599474145487,1.0,0.7662538699690402,58,17.37197756767273
beam_width,20.0,1,1.0,1.0,1.0,0.0,0.0,0.0,0.0,0.0,0.0,59,34.801382541656494
beam_width,20.0,2,1.0,1.0,1.0,0.9129129129129128,0.8397790055248618,1.0,0.0,0.0,0.0,59,30.05064821243286
beam_width,20.0,3,1.0,1.0,1.0,0.6980728051391862,1.0,0.5361842105263158,0.928400954653938,1.0,0.8663697104677061,59,29.09556245803833
beam_width,40.0,1,1.0,1.0,1.0,0.0,0.0,0.0,0.0,0.0,0.0,59,32.02345252037048
beam_width,40.0,2,1.0,1.0,1.0,0.9129129129129128,0.8397790055248618,1.0,0.0,0.0,0.0,59,29.77119874954224
beam_width,40.0,3,1.0,1.0,1.0,0.6980728051391862,1.0,0.5361842105263158,0.928400954653938,1.0,0.8663697104677061,59,29.20893502235413
beam_width,80.0,1,1.0,1.0,1.0,0.0,0.0,0.0,0.0,0.0,0.0,59,31.26267147064209
beam_width,80.0,2,1.0,1.0,1.0,0.9129129129129128,0.8397790055248618,1.0,0.0,0.0,0.0,59,29.742918491363525
beam_width,80.0,3,1.0,1.0,1.0,0.6980728051391862,1.0,0.5361842105263158,0.928400954653938,1.0,0.8663697104677061,59,29.18114185333252
beam_width,160.0,1,1.0,1.0,1.0,0.0,0.0,0.0,0.0,0.0,0.0,59,31.95203995704651
beam_width,160.0,2,1.0,1.0,1.0,0.9129129129129128,0.8397790055248618,1.0,0.0,0.0,0.0,59,29.850355625152588
beam_width,160.0,3,1.0,1.0,1.0,0.6980728051391862,1.0,0.5361842105263158,0.928400954653938,1.0,0.8663697104677061,59,29.256312131881717
rsd_min_support,0.01,1,1.0,1.0,1.0,0.0,0.0,0.0,0.0,0.0,0.0,59,36.720518589019775
rsd_min_support,0.01,2,1.0,1.0,1.0,1.0,1.0,1.0,0.0,0.0,0.0,59,35.90322303771973
rsd_min_support,0.01,3,0.8468899521531101,1.0,0.7344398340248963,0.6980728051391862,1.0,0.5361842105263158,1.0,1.0,1.0,59,34.653061628341675
rsd_min_support,0.025,1,1.0,1.0,1.0,0.0,0.0,0.0,0.0,0.0,0.0,59,31.086355924606323
rsd_min_support,0.025,2,1.0,1.0,1.0,0.9129129129129128,0.8397790055248618,1.0,0.0,0.0,0.0,59,29.908376216888428
rsd_min_support,0.025,3,1.0,1.0,1.0,0.6980728051391862,1.0,0.5361842105263158,0.928400954653938,1.0,0.8663697104677061,59,29.15284466743469
rsd_min_support,0.05,1,1.0,1.0,1.0,0.0,0.0,0.0,0.0,0.0,0.0,59,27.55361533164978
rsd_min_support,0.05,2,1.0,1.0,1.0,0.6980728051391862,1.0,0.5361842105263158,0.0,0.0,0.0,59,27.48848962783813
rsd_min_support,0.05,3,0.8468899521531101,1.0,0.7344398340248963,0.6980728051391862,1.0,0.5361842105263158,0.928400954653938,1.0,0.8663697104677061,59,23.580463409423828
rsd_min_support,0.1,1,1.0,1.0,1.0,0.0,0.0,0.0,0.0,0.0,0.0,59,20.180827379226685
rsd_min_support,0.1,2,1.0,1.0,1.0,1.0,1.0,1.0,0.0,0.0,0.0,59,17.7036771774292
rsd_min_support,0.1,3,1.0,1.0,1.0,1.0,1.0,1.0,1.0,1.0,1.0,59,17.95635962486267
beam_width,20.0,1,1.0,1.0,1.0,0.0,0.0,0.0,0.0,0.0,0.0,6,32.10475778579712
beam_width,20.0,2,1.0,1.0,1.0,1.0,1.0,1.0,0.0,0.0,0.0,6,26.235280990600582
beam_width,20.0,3,0.8122529644268774,1.0,0.6838602329450915,0.8597402597402598,1.0,0.7539863325740319,0.8654750705550328,1.0,0.7628524046434494,6,30.40120530128479
beam_width,40.0,1,1.0,1.0,1.0,0.0,0.0,0.0,0.0,0.0,0.0,6,32.14827513694763
beam_width,40.0,2,1.0,1.0,1.0,1.0,1.0,1.0,0.0,0.0,0.0,6,26.247897148132324
beam_width,40.0,3,0.8122529644268774,1.0,0.6838602329450915,0.8597402597402598,1.0,0.7539863325740319,0.8654750705550328,1.0,0.7628524046434494,6,30.432373046875
beam_width,80.0,1,1.0,1.0,1.0,0.0,0.0,0.0,0.0,0.0,0.0,6,26.874242544174194
beam_width,80.0,2,1.0,1.0,1.0,1.0,1.0,1.0,0.0,0.0,0.0,6,26.762693166732788
beam_width,80.0,3,0.8122529644268774,1.0,0.6838602329450915,0.8597402597402598,1.0,0.7539863325740319,0.8654750705550328,1.0,0.7628524046434494,6,30.53920197486877
beam_width,160.0,1,1.0,1.0,1.0,0.0,0.0,0.0,0.0,0.0,0.0,6,27.416943073272705
beam_width,160.0,2,1.0,1.0,1.0,1.0,1.0,1.0,0.0,0.0,0.0,6,26.606712341308597
beam_width,160.0,3,0.8122529644268774,1.0,0.6838602329450915,0.8597402597402598,1.0,0.7539863325740319,0.8654750705550328,1.0,0.7628524046434494,6,30.237424612045288
rsd_min_support,0.01,1,0.8122529644268774,1.0,0.6838602329450915,0.0,0.0,0.0,0.0,0.0,0.0,6,34.25581121444702
rsd_min_support,0.01,2,0.8122529644268774,1.0,0.6838602329450915,1.0,1.0,1.0,0.0,0.0,0.0,6,32.56836700439453
rsd_min_support,0.01,3,0.5908558030480656,1.0,0.4193011647254576,0.8597402597402598,1.0,0.7539863325740319,0.8654750705550328,1.0,0.7628524046434494,6,34.023462533950806
rsd_min_support,0.025,1,1.0,1.0,1.0,0.0,0.0,0.0,0.0,0.0,0.0,6,32.26625919342041
rsd_min_support,0.025,2,1.0,1.0,1.0,1.0,1.0,1.0,0.0,0.0,0.0,6,26.199886083602905
rsd_min_support,0.025,3,0.8122529644268774,1.0,0.6838602329450915,0.8597402597402598,1.0,0.7539863325740319,0.8654750705550328,1.0,0.7628524046434494,6,30.46427297592163
rsd_min_support,0.05,1,0.8122529644268774,1.0,0.6838602329450915,0.0,0.0,0.0,0.0,0.0,0.0,6,17.324899673461914
rsd_min_support,0.05,2,0.8122529644268774,1.0,0.6838602329450915,0.8597402597402598,1.0,0.7539863325740319,0.0,0.0,0.0,6,22.549580097198486
rsd_min_support,0.05,3,0.8122529644268774,1.0,0.6838602329450915,0.8597402597402598,1.0,0.7539863325740319,0.8654750705550328,1.0,0.7628524046434494,6,23.708644151687626
rsd_min_support,0.1,1,0.8638941398865785,1.0,0.7603993344425957,0.0,0.0,0.0,0.0,0.0,0.0,6,14.981542587280272
rsd_min_support,0.1,2,0.8638941398865785,1.0,0.7603993344425957,1.0,1.0,1.0,0.0,0.0,0.0,6,16.689175844192505
rsd_min_support,0.1,3,0.8638941398865785,1.0,0.7603993344425957,1.0,1.0,1.0,0.8654750705550328,1.0,0.7628524046434494,6,14.643272161483765
beam_width,20.0,1,1.0,1.0,1.0,0.0,0.0,0.0,0.0,0.0,0.0,60,36.87156915664673
beam_width,20.0,2,1.0,1.0,1.0,0.8435754189944134,1.0,0.7294685990338164,0.0,0.0,0.0,60,31.970038652420044
beam_width,20.0,3,1.0,1.0,1.0,1.0,1.0,1.0,1.0,1.0,1.0,60,31.32634210586548
beam_width,40.0,1,0.7913188647746244,1.0,0.6546961325966851,0.0,0.0,0.0,0.0,0.0,0.0,60,28.28339672088623
beam_width,40.0,2,1.0,1.0,1.0,0.8435754189944134,1.0,0.7294685990338164,0.0,0.0,0.0,60,32.05933976173401
beam_width,40.0,3,1.0,1.0,1.0,1.0,1.0,1.0,1.0,1.0,1.0,60,31.516932487487797
beam_width,80.0,1,1.0,1.0,1.0,0.0,0.0,0.0,0.0,0.0,0.0,60,24.20692729949951
beam_width,80.0,2,1.0,1.0,1.0,0.8435754189944134,1.0,0.7294685990338164,0.0,0.0,0.0,60,32.27423357963562
beam_width,80.0,3,1.0,1.0,1.0,1.0,1.0,1.0,1.0,1.0,1.0,60,31.98969006538391
beam_width,160.0,1,1.0,1.0,1.0,0.0,0.0,0.0,0.0,0.0,0.0,60,29.876728773117065
beam_width,160.0,2,1.0,1.0,1.0,0.8435754189944134,1.0,0.7294685990338164,0.0,0.0,0.0,60,32.045241594314575
beam_width,160.0,3,1.0,1.0,1.0,1.0,1.0,1.0,1.0,1.0,1.0,60,31.435842990875244
rsd_min_support,0.01,1,1.0,1.0,1.0,0.0,0.0,0.0,0.0,0.0,0.0,60,30.17786407470703
rsd_min_support,0.01,2,1.0,1.0,1.0,1.0,1.0,1.0,0.0,0.0,0.0,60,37.95124554634094
rsd_min_support,0.01,3,1.0,1.0,1.0,1.0,1.0,1.0,1.0,1.0,1.0,60,36.22843360900879
rsd_min_support,0.025,1,1.0,1.0,1.0,0.0,0.0,0.0,0.0,0.0,0.0,60,32.730839252471924
rsd_min_support,0.025,2,1.0,1.0,1.0,0.8435754189944134,1.0,0.7294685990338164,0.0,0.0,0.0,60,31.86407852172852
rsd_min_support,0.025,3,1.0,1.0,1.0,1.0,1.0,1.0,1.0,1.0,1.0,60,31.434775352478027
rsd_min_support,0.05,1,1.0,1.0,1.0,0.0,0.0,0.0,0.0,0.0,0.0,60,21.61547565460205
rsd_min_support,0.05,2,1.0,1.0,1.0,0.8605504587155963,1.0,0.7552334943639292,0.0,0.0,0.0,60,24.133800745010376
rsd_min_support,0.05,3,1.0,1.0,1.0,0.8605504587155963,1.0,0.7552334943639292,1.0,1.0,1.0,60,23.834932804107662
rsd_min_support,0.1,1,0.7474048442906575,1.0,0.5966850828729282,0.0,0.0,0.0,0.0,0.0,0.0,60,12.783427476882936
rsd_min_support,0.1,2,0.8179591836734694,1.0,0.6919889502762431,0.8605504587155963,1.0,0.7552334943639292,0.0,0.0,0.0,60,17.830598831176758
rsd_min_support,0.1,3,0.8179591836734694,1.0,0.6919889502762431,0.8605504587155963,1.0,0.7552334943639292,1.0,1.0,1.0,60,17.89958906173706
beam_width,20.0,1,1.0,1.0,1.0,0.0,0.0,0.0,0.0,0.0,0.0,61,32.417067766189575
beam_width,20.0,2,1.0,1.0,1.0,1.0,1.0,1.0,0.0,0.0,0.0,61,32.84478282928467
beam_width,20.0,3,1.0,1.0,1.0,1.0,1.0,1.0,0.9412955465587044,1.0,0.8891013384321224,61,29.02014183998108
beam_width,40.0,1,1.0,1.0,1.0,0.0,0.0,0.0,0.0,0.0,0.0,61,29.155476331710812
beam_width,40.0,2,1.0,1.0,1.0,1.0,1.0,1.0,0.0,0.0,0.0,61,31.952351808547974
beam_width,40.0,3,1.0,1.0,1.0,1.0,1.0,1.0,0.9412955465587044,1.0,0.8891013384321224,61,28.91170907020569
beam_width,80.0,1,1.0,1.0,1.0,0.0,0.0,0.0,0.0,0.0,0.0,61,31.872091054916385
beam_width,80.0,2,1.0,1.0,1.0,1.0,1.0,1.0,0.0,0.0,0.0,61,29.73274564743042
beam_width,80.0,3,1.0,1.0,1.0,1.0,1.0,1.0,0.9412955465587044,1.0,0.8891013384321224,61,29.11866855621338
beam_width,160.0,1,1.0,1.0,1.0,0.0,0.0,0.0,0.0,0.0,0.0,61,34.817992210388184
beam_width,160.0,2,1.0,1.0,1.0,1.0,1.0,1.0,0.0,0.0,0.0,61,31.1309506893158
beam_width,160.0,3,1.0,1.0,1.0,1.0,1.0,1.0,0.9412955465587044,1.0,0.8891013384321224,61,28.990487337112427
rsd_min_support,0.01,1,1.0,1.0,1.0,0.0,0.0,0.0,0.0,0.0,0.0,61,35.95962595939636
rsd_min_support,0.01,2,1.0,1.0,1.0,1.0,1.0,1.0,0.0,0.0,0.0,61,34.751203298568726
rsd_min_support,0.01,3,0.8732394366197184,1.0,0.775,1.0,1.0,1.0,1.0,1.0,1.0,61,32.48986554145813
rsd_min_support,0.025,1,1.0,1.0,1.0,0.0,0.0,0.0,0.0,0.0,0.0,61,34.66117763519287
rsd_min_support,0.025,2,1.0,1.0,1.0,1.0,1.0,1.0,0.0,0.0,0.0,61,29.830583810806274
rsd_min_support,0.025,3,1.0,1.0,1.0,1.0,1.0,1.0,0.9412955465587044,1.0,0.8891013384321224,61,28.85159468650818
rsd_min_support,0.05,1,1.0,1.0,1.0,0.0,0.0,0.0,0.0,0.0,0.0,61,26.62052154541016
rsd_min_support,0.05,2,0.8732394366197184,1.0,0.775,0.7537688442211055,1.0,0.6048387096774194,0.0,0.0,0.0,61,22.79170799255371
rsd_min_support,0.05,3,0.8732394366197184,1.0,0.775,0.7537688442211055,1.0,0.6048387096774194,0.9412955465587044,1.0,0.8891013384321224,61,24.933353424072266
rsd_min_support,0.1,1,0.8732394366197184,1.0,0.775,0.0,0.0,0.0,0.0,0.0,0.0,61,19.72000360488892
rsd_min_support,0.1,2,0.8732394366197184,1.0,0.775,1.0,1.0,1.0,0.0,0.0,0.0,61,17.029419898986816
rsd_min_support,0.1,3,0.8732394366197184,1.0,0.775,1.0,1.0,1.0,0.9412955465587044,1.0,0.8891013384321224,61,17.11658763885498
beam_width,20.0,1,1.0,1.0,1.0,0.0,0.0,0.0,0.0,0.0,0.0,62,34.579081296920776
beam_width,20.0,2,1.0,1.0,1.0,1.0,1.0,1.0,0.0,0.0,0.0,62,30.98831820487976
beam_width,20.0,3,0.9480381760339344,1.0,0.9012096774193548,1.0,1.0,1.0,1.0,1.0,1.0,62,32.107197999954224
beam_width,40.0,1,1.0,1.0,1.0,0.0,0.0,0.0,0.0,0.0,0.0,62,29.47927212715149
beam_width,40.0,2,1.0,1.0,1.0,1.0,1.0,1.0,0.0,0.0,0.0,62,31.33636736869812
beam_width,40.0,3,0.9480381760339344,1.0,0.9012096774193548,1.0,1.0,1.0,1.0,1.0,1.0,62,32.32591962814331
beam_width,80.0,1,1.0,1.0,1.0,0.0,0.0,0.0,0.0,0.0,0.0,62,30.85927152633667
beam_width,80.0,2,1.0,1.0,1.0,1.0,1.0,1.0,0.0,0.0,0.0,62,32.18362998962402
beam_width,80.0,3,0.9480381760339344,1.0,0.9012096774193548,1.0,1.0,1.0,1.0,1.0,1.0,62,32.54146456718445
beam_width,160.0,1,1.0,1.0,1.0,0.0,0.0,0.0,0.0,0.0,0.0,62,32.01627850532532
beam_width,160.0,2,1.0,1.0,1.0,1.0,1.0,1.0,0.0,0.0,0.0,62,31.53580617904663
beam_width,160.0,3,0.9480381760339344,1.0,0.9012096774193548,1.0,1.0,1.0,1.0,1.0,1.0,62,32.60532021522522
rsd_min_support,0.01,1,1.0,1.0,1.0,0.0,0.0,0.0,0.0,0.0,0.0,62,33.83077669143677
rsd_min_support,0.01,2,1.0,1.0,1.0,1.0,1.0,1.0,0.0,0.0,0.0,62,36.37065982818604
rsd_min_support,0.01,3,0.9480381760339344,1.0,0.9012096774193548,1.0,1.0,1.0,1.0,1.0,1.0,62,36.42891836166382
rsd_min_support,0.025,1,1.0,1.0,1.0,0.0,0.0,0.0,0.0,0.0,0.0,62,30.991023778915405
rsd_min_support,0.025,2,1.0,1.0,1.0,1.0,1.0,1.0,0.0,0.0,0.0,62,31.16946530342102
rsd_min_support,0.025,3,0.9480381760339344,1.0,0.9012096774193548,1.0,1.0,1.0,1.0,1.0,1.0,62,32.37610077857971
rsd_min_support,0.05,1,1.0,1.0,1.0,0.0,0.0,0.0,0.0,0.0,0.0,62,24.76161026954651
rsd_min_support,0.05,2,1.0,1.0,1.0,1.0,1.0,1.0,0.0,0.0,0.0,62,26.53905463218689
rsd_min_support,0.05,3,0.9480381760339344,1.0,0.9012096774193548,1.0,1.0,1.0,0.7591836734693876,1.0,0.6118421052631579,62,26.094952821731567
rsd_min_support,0.1,1,1.0,1.0,1.0,0.0,0.0,0.0,0.0,0.0,0.0,62,16.65936303138733
rsd_min_support,0.1,2,1.0,1.0,1.0,1.0,1.0,1.0,0.0,0.0,0.0,62,17.788185596466064
rsd_min_support,0.1,3,0.9480381760339344,1.0,0.9012096774193548,1.0,1.0,1.0,0.9054905490549054,1.0,0.8273026315789473,62,18.504780769348145
beam_width,20.0,1,1.0,1.0,1.0,0.0,0.0,0.0,0.0,0.0,0.0,63,31.350289583206177
beam_width,20.0,2,1.0,1.0,1.0,0.8375,1.0,0.7204301075268817,0.0,0.0,0.0,63,30.01749014854431
beam_width,20.0,3,0.551063829787234,1.0,0.3803230543318649,0.6563467492260062,1.0,0.488479262672811,1.0,1.0,1.0,63,28.967012643814087
beam_width,40.0,1,1.0,1.0,1.0,0.0,0.0,0.0,0.0,0.0,0.0,63,31.945961952209476
beam_width,40.0,2,1.0,1.0,1.0,0.8375,1.0,0.7204301075268817,0.0,0.0,0.0,63,29.778124809265137
beam_width,40.0,3,0.551063829787234,1.0,0.3803230543318649,0.6563467492260062,1.0,0.488479262672811,1.0,1.0,1.0,63,29.34925103187561
beam_width,80.0,1,1.0,1.0,1.0,0.0,0.0,0.0,0.0,0.0,0.0,63,30.71251654624939
beam_width,80.0,2,1.0,1.0,1.0,0.8375,1.0,0.7204301075268817,0.0,0.0,0.0,63,30.506664037704468
beam_width,80.0,3,0.551063829787234,1.0,0.3803230543318649,0.6563467492260062,1.0,0.488479262672811,1.0,1.0,1.0,63,28.0938138961792
beam_width,160.0,1,1.0,1.0,1.0,0.0,0.0,0.0,0.0,0.0,0.0,63,31.35865521430969
beam_width,160.0,2,1.0,1.0,1.0,0.8375,1.0,0.7204301075268817,0.0,0.0,0.0,63,29.900733470916748
beam_width,160.0,3,0.551063829787234,1.0,0.3803230543318649,0.6563467492260062,1.0,0.488479262672811,1.0,1.0,1.0,63,28.43530297279358
rsd_min_support,0.01,1,1.0,1.0,1.0,0.0,0.0,0.0,0.0,0.0,0.0,63,33.439069509506226
rsd_min_support,0.01,2,1.0,1.0,1.0,0.8375,1.0,0.7204301075268817,0.0,0.0,0.0,63,34.571157932281494
rsd_min_support,0.01,3,0.551063829787234,1.0,0.3803230543318649,0.6563467492260062,1.0,0.488479262672811,1.0,1.0,1.0,63,33.983532667160034
rsd_min_support,0.025,1,1.0,1.0,1.0,0.0,0.0,0.0,0.0,0.0,0.0,63,29.496058702468872
rsd_min_support,0.025,2,1.0,1.0,1.0,0.8375,1.0,0.7204301075268817,0.0,0.0,0.0,63,29.97149634361267
rsd_min_support,0.025,3,0.551063829787234,1.0,0.3803230543318649,0.6563467492260062,1.0,0.488479262672811,1.0,1.0,1.0,63,28.83634114265442
rsd_min_support,0.05,1,1.0,1.0,1.0,0.0,0.0,0.0,0.0,0.0,0.0,63,28.057682514190677
rsd_min_support,0.05,2,1.0,1.0,1.0,0.8375,1.0,0.7204301075268817,0.0,0.0,0.0,63,25.028791427612305
rsd_min_support,0.05,3,0.7651858567543065,1.0,0.6196769456681351,0.6563467492260062,1.0,0.488479262672811,0.8412197686645636,1.0,0.7259528130671506,63,22.922056674957275
rsd_min_support,0.1,1,1.0,1.0,1.0,0.0,0.0,0.0,0.0,0.0,0.0,63,18.66734719276428
rsd_min_support,0.1,2,1.0,1.0,1.0,0.8688097306689834,1.0,0.7680491551459293,0.0,0.0,0.0,63,17.027363538742065
rsd_min_support,0.1,3,0.772972972972973,1.0,0.6299559471365639,0.8688097306689834,1.0,0.7680491551459293,1.0,1.0,1.0,63,15.67982530593872
beam_width,20.0,1,0.9434324065196548,1.0,0.8929219600725953,0.0,0.0,0.0,0.0,0.0,0.0,64,16.525044202804565
beam_width,20.0,2,1.0,1.0,1.0,1.0,1.0,1.0,0.0,0.0,0.0,64,29.00645613670349
beam_width,20.0,3,0.8008705114254625,1.0,0.6678765880217786,1.0,1.0,1.0,1.0,1.0,1.0,64,30.471831798553467
beam_width,40.0,1,0.9434324065196548,1.0,0.8929219600725953,0.0,0.0,0.0,0.0,0.0,0.0,64,22.922479391098022
beam_width,40.0,2,1.0,1.0,1.0,1.0,1.0,1.0,0.0,0.0,0.0,64,29.928900480270386
beam_width,40.0,3,0.8008705114254625,1.0,0.6678765880217786,1.0,1.0,1.0,1.0,1.0,1.0,64,30.570465564727783
beam_width,80.0,1,0.9434324065196548,1.0,0.8929219600725953,0.0,0.0,0.0,0.0,0.0,0.0,64,16.40130066871643
beam_width,80.0,2,1.0,1.0,1.0,1.0,1.0,1.0,0.0,0.0,0.0,64,29.70053267478943
beam_width,80.0,3,0.8008705114254625,1.0,0.6678765880217786,1.0,1.0,1.0,1.0,1.0,1.0,64,30.7418475151062
beam_width,160.0,1,0.9434324065196548,1.0,0.8929219600725953,0.0,0.0,0.0,0.0,0.0,0.0,64,16.613826990127563
beam_width,160.0,2,1.0,1.0,1.0,1.0,1.0,1.0,0.0,0.0,0.0,64,29.21138048171997
beam_width,160.0,3,1.0,1.0,1.0,1.0,1.0,1.0,0.8928121059268601,1.0,0.806378132118451,64,28.91812205314636
rsd_min_support,0.01,1,1.0,1.0,1.0,0.0,0.0,0.0,0.0,0.0,0.0,64,22.220443725585938
rsd_min_support,0.01,2,1.0,1.0,1.0,1.0,1.0,1.0,0.0,0.0,0.0,64,32.54161477088928
rsd_min_support,0.01,3,1.0,1.0,1.0,1.0,1.0,1.0,1.0,1.0,1.0,64,34.67402935028076
rsd_min_support,0.025,1,0.9434324065196548,1.0,0.8929219600725953,0.0,0.0,0.0,0.0,0.0,0.0,64,16.36019992828369
rsd_min_support,0.025,2,1.0,1.0,1.0,1.0,1.0,1.0,0.0,0.0,0.0,64,30.21945142745972
rsd_min_support,0.025,3,1.0,1.0,1.0,1.0,1.0,1.0,1.0,1.0,1.0,64,30.134280920028687
rsd_min_support,0.05,1,0.9434324065196548,1.0,0.8929219600725953,0.0,0.0,0.0,0.0,0.0,0.0,64,20.135093450546265
rsd_min_support,0.05,2,0.7850055126791621,1.0,0.6460980036297641,1.0,1.0,1.0,0.0,0.0,0.0,64,23.614404678344727
rsd_min_support,0.05,3,0.7850055126791621,1.0,0.6460980036297641,1.0,1.0,1.0,0.8928121059268601,1.0,0.806378132118451,64,24.050943613052368
rsd_min_support,0.1,1,0.9434324065196548,1.0,0.8929219600725953,0.0,0.0,0.0,0.0,0.0,0.0,64,12.196961641311646
rsd_min_support,0.1,2,0.8834853090172239,1.0,0.7912885662431942,1.0,1.0,1.0,0.0,0.0,0.0,64,17.210499048233032
rsd_min_support,0.1,3,0.8834853090172239,1.0,0.7912885662431942,1.0,1.0,1.0,1.0,1.0,1.0,64,16.467474460601807
beam_width,20.0,1,1.0,1.0,1.0,0.0,0.0,0.0,0.0,0.0,0.0,65,33.14406991004944
beam_width,20.0,2,0.9502645502645504,1.0,0.905241935483871,0.7918683446272992,0.8833693304535637,0.7175438596491228,0.0,0.0,0.0,65,32.975364685058594
beam_width,20.0,3,0.9502645502645504,1.0,0.905241935483871,0.7688984881209503,1.0,0.624561403508772,1.0,1.0,1.0,65,30.73086881637573
beam_width,40.0,1,1.0,1.0,1.0,0.0,0.0,0.0,0.0,0.0,0.0,65,27.859347343444824
beam_width,40.0,2,0.9502645502645504,1.0,0.905241935483871,0.7688984881209503,1.0,0.624561403508772,0.0,0.0,0.0,65,31.88957667350769
beam_width,40.0,3,0.9502645502645504,1.0,0.905241935483871,0.7688984881209503,1.0,0.624561403508772,1.0,1.0,1.0,65,29.69318914413452
beam_width,80.0,1,1.0,1.0,1.0,0.0,0.0,0.0,0.0,0.0,0.0,65,33.82799410820007
beam_width,80.0,2,0.9502645502645504,1.0,0.905241935483871,0.7918683446272992,0.8833693304535637,0.7175438596491228,0.0,0.0,0.0,65,32.40483570098877
beam_width,80.0,3,0.9502645502645504,1.0,0.905241935483871,0.7688984881209503,1.0,0.624561403508772,1.0,1.0,1.0,65,29.9009952545166
beam_width,160.0,1,1.0,1.0,1.0,0.0,0.0,0.0,0.0,0.0,0.0,65,32.76409339904785
beam_width,160.0,2,0.9502645502645504,1.0,0.905241935483871,0.7918683446272992,0.8833693304535637,0.7175438596491228,0.0,0.0,0.0,65,33.53428554534912
beam_width,160.0,3,0.9502645502645504,1.0,0.905241935483871,0.7688984881209503,1.0,0.624561403508772,1.0,1.0,1.0,65,30.38919329643249
rsd_min_support,0.01,1,1.0,1.0,1.0,0.0,0.0,0.0,0.0,0.0,0.0,65,33.2433876991272
rsd_min_support,0.01,2,1.0,1.0,1.0,1.0,1.0,1.0,0.0,0.0,0.0,65,32.29759383201599
rsd_min_support,0.01,3,1.0,1.0,1.0,0.7688984881209503,1.0,0.624561403508772,1.0,1.0,1.0,65,31.393527030944824
rsd_min_support,0.025,1,1.0,1.0,1.0,0.0,0.0,0.0,0.0,0.0,0.0,65,31.628552436828613
rsd_min_support,0.025,2,0.9502645502645504,1.0,0.905241935483871,0.7918683446272992,0.8833693304535637,0.7175438596491228,0.0,0.0,0.0,65,33.225426197052
rsd_min_support,0.025,3,0.9502645502645504,1.0,0.905241935483871,0.7688984881209503,1.0,0.624561403508772,1.0,1.0,1.0,65,30.398845911026
rsd_min_support,0.05,1,1.0,1.0,1.0,0.0,0.0,0.0,0.0,0.0,0.0,65,24.699167490005493
rsd_min_support,0.05,2,0.9502645502645504,1.0,0.905241935483871,1.0,1.0,1.0,0.0,0.0,0.0,65,26.31061172485352
rsd_min_support,0.05,3,0.9502645502645504,1.0,0.905241935483871,1.0,1.0,1.0,1.0,1.0,1.0,65,24.67761921882629
rsd_min_support,0.1,1,1.0,1.0,1.0,0.0,0.0,0.0,0.0,0.0,0.0,65,21.280917406082157
rsd_min_support,0.1,2,0.9502645502645504,1.0,0.905241935483871,0.898550724637681,1.0,0.8157894736842105,0.0,0.0,0.0,65,20.015187740325928
rsd_min_support,0.1,3,0.9502645502645504,1.0,0.905241935483871,0.898550724637681,1.0,0.8157894736842105,1.0,1.0,1.0,65,17.672985076904297
beam_width,20.0,1,1.0,1.0,1.0,0.0,0.0,0.0,0.0,0.0,0.0,66,33.41651391983032
beam_width,20.0,2,1.0,1.0,1.0,1.0,1.0,1.0,0.0,0.0,0.0,66,29.67697167396545
beam_width,20.0,3,0.763157894736842,1.0,0.6170212765957447,1.0,1.0,1.0,1.0,1.0,1.0,66,30.429381847381592
beam_width,40.0,1,1.0,1.0,1.0,0.0,0.0,0.0,0.0,0.0,0.0,66,30.352669715881348
beam_width,40.0,2,1.0,1.0,1.0,1.0,1.0,1.0,0.0,0.0,0.0,66,30.438097953796387
beam_width,40.0,3,0.8274428274428274,1.0,0.7056737588652482,1.0,1.0,1.0,1.0,1.0,1.0,66,30.23551654815674
beam_width,80.0,1,1.0,1.0,1.0,0.0,0.0,0.0,0.0,0.0,0.0,66,31.06958842277527
beam_width,80.0,2,1.0,1.0,1.0,1.0,1.0,1.0,0.0,0.0,0.0,66,30.68399810791016
beam_width,80.0,3,1.0,1.0,1.0,1.0,1.0,1.0,1.0,1.0,1.0,66,30.15200877189636
beam_width,160.0,1,1.0,1.0,1.0,0.0,0.0,0.0,0.0,0.0,0.0,66,32.11182403564453
beam_width,160.0,2,1.0,1.0,1.0,1.0,1.0,1.0,0.0,0.0,0.0,66,30.108662605285645
beam_width,160.0,3,1.0,1.0,1.0,1.0,1.0,1.0,1.0,1.0,1.0,66,29.65090298652649
rsd_min_support,0.01,1,1.0,1.0,1.0,0.0,0.0,0.0,0.0,0.0,0.0,66,32.657644271850586
rsd_min_support,0.01,2,1.0,1.0,1.0,1.0,1.0,1.0,0.0,0.0,0.0,66,33.971959352493286
rsd_min_support,0.01,3,0.8274428274428274,1.0,0.7056737588652482,1.0,1.0,1.0,1.0,1.0,1.0,66,35.32099652290344
rsd_min_support,0.025,1,1.0,1.0,1.0,0.0,0.0,0.0,0.0,0.0,0.0,66,32.11223387718201
rsd_min_support,0.025,2,1.0,1.0,1.0,1.0,1.0,1.0,0.0,0.0,0.0,66,30.20625329017639
rsd_min_support,0.025,3,1.0,1.0,1.0,1.0,1.0,1.0,1.0,1.0,1.0,66,30.623688220977783
rsd_min_support,0.05,1,1.0,1.0,1.0,0.0,0.0,0.0,0.0,0.0,0.0,66,25.59086513519287
rsd_min_support,0.05,2,0.8274428274428274,1.0,0.7056737588652482,1.0,1.0,1.0,0.0,0.0,0.0,66,25.63171362876892
rsd_min_support,0.05,3,0.763157894736842,1.0,0.6170212765957447,1.0,1.0,1.0,0.7616361071932299,1.0,0.6150341685649203,66,24.04433917999268
rsd_min_support,0.1,1,1.0,1.0,1.0,0.0,0.0,0.0,0.0,0.0,0.0,66,18.255308628082275
rsd_min_support,0.1,2,0.901655306718598,1.0,0.8209219858156028,0.8359683794466404,1.0,0.7181663837011885,0.0,0.0,0.0,66,16.969026565551758
rsd_min_support,0.1,3,0.936852026390198,1.0,0.8812056737588653,1.0,1.0,1.0,1.0,1.0,1.0,66,17.27746272087097
beam_width,20.0,1,1.0,1.0,1.0,0.0,0.0,0.0,0.0,0.0,0.0,67,33.30536460876465
beam_width,20.0,2,1.0,1.0,1.0,1.0,1.0,1.0,0.0,0.0,0.0,67,31.49467420578003
beam_width,20.0,3,0.9523809523809524,1.0,0.9090909090909092,1.0,1.0,1.0,1.0,1.0,1.0,67,31.33390188217163
beam_width,40.0,1,1.0,1.0,1.0,0.0,0.0,0.0,0.0,0.0,0.0,67,31.891705751419067
beam_width,40.0,2,1.0,1.0,1.0,1.0,1.0,1.0,0.0,0.0,0.0,67,32.18085622787476
beam_width,40.0,3,0.8724999999999999,1.0,0.7738359201773836,1.0,1.0,1.0,1.0,1.0,1.0,67,31.45107626914978
beam_width,80.0,1,1.0,1.0,1.0,0.0,0.0,0.0,0.0,0.0,0.0,67,33.38032650947571
beam_width,80.0,2,1.0,1.0,1.0,1.0,1.0,1.0,0.0,0.0,0.0,67,31.1625816822052
beam_width,80.0,3,0.8724999999999999,1.0,0.7738359201773836,1.0,1.0,1.0,1.0,1.0,1.0,67,31.38847184181213
beam_width,160.0,1,1.0,1.0,1.0,0.0,0.0,0.0,0.0,0.0,0.0,67,31.563151359558105
beam_width,160.0,2,1.0,1.0,1.0,1.0,1.0,1.0,0.0,0.0,0.0,67,31.716110229492188
beam_width,160.0,3,0.8724999999999999,1.0,0.7738359201773836,1.0,1.0,1.0,1.0,1.0,1.0,67,31.32918119430542
rsd_min_support,0.01,1,1.0,1.0,1.0,0.0,0.0,0.0,0.0,0.0,0.0,67,34.63756847381592
rsd_min_support,0.01,2,1.0,1.0,1.0,1.0,1.0,1.0,0.0,0.0,0.0,67,36.12892532348633
rsd_min_support,0.01,3,0.8724999999999999,1.0,0.7738359201773836,1.0,1.0,1.0,1.0,1.0,1.0,67,37.91748881340027
rsd_min_support,0.025,1,1.0,1.0,1.0,0.0,0.0,0.0,0.0,0.0,0.0,67,33.5921311378479
rsd_min_support,0.025,2,1.0,1.0,1.0,1.0,1.0,1.0,0.0,0.0,0.0,67,32.02079176902771
rsd_min_support,0.025,3,0.8724999999999999,1.0,0.7738359201773836,1.0,1.0,1.0,1.0,1.0,1.0,67,31.463870525360107
rsd_min_support,0.05,1,1.0,1.0,1.0,0.0,0.0,0.0,0.0,0.0,0.0,67,26.29979133605957
rsd_min_support,0.05,2,1.0,1.0,1.0,1.0,1.0,1.0,0.0,0.0,0.0,67,26.54370903968811
rsd_min_support,0.05,3,0.9523809523809524,1.0,0.9090909090909092,1.0,1.0,1.0,1.0,1.0,1.0,67,23.51178383827209
rsd_min_support,0.1,1,1.0,1.0,1.0,0.0,0.0,0.0,0.0,0.0,0.0,67,18.171016693115234
rsd_min_support,0.1,2,1.0,1.0,1.0,1.0,1.0,1.0,0.0,0.0,0.0,67,18.65990376472473
rsd_min_support,0.1,3,1.0,1.0,1.0,1.0,1.0,1.0,1.0,1.0,1.0,67,16.707687616348267
beam_width,20.0,1,1.0,1.0,1.0,0.0,0.0,0.0,0.0,0.0,0.0,68,30.84414529800415
beam_width,20.0,2,1.0,1.0,1.0,1.0,1.0,1.0,0.0,0.0,0.0,68,32.10348677635193
beam_width,20.0,3,1.0,1.0,1.0,1.0,1.0,1.0,1.0,1.0,1.0,68,31.779916763305664
beam_width,40.0,1,1.0,1.0,1.0,0.0,0.0,0.0,0.0,0.0,0.0,68,27.216315984725952
beam_width,40.0,2,1.0,1.0,1.0,1.0,1.0,1.0,0.0,0.0,0.0,68,32.29051852226257
beam_width,40.0,3,1.0,1.0,1.0,1.0,1.0,1.0,1.0,1.0,1.0,68,31.045939207077023
beam_width,80.0,1,1.0,1.0,1.0,0.0,0.0,0.0,0.0,0.0,0.0,68,26.99843716621399
beam_width,80.0,2,1.0,1.0,1.0,1.0,1.0,1.0,0.0,0.0,0.0,68,32.370479583740234
beam_width,80.0,3,1.0,1.0,1.0,1.0,1.0,1.0,1.0,1.0,1.0,68,31.23682451248169
beam_width,160.0,1,1.0,1.0,1.0,0.0,0.0,0.0,0.0,0.0,0.0,68,32.616504192352295
beam_width,160.0,2,1.0,1.0,1.0,1.0,1.0,1.0,0.0,0.0,0.0,68,30.917251110076904
beam_width,160.0,3,1.0,1.0,1.0,1.0,1.0,1.0,1.0,1.0,1.0,68,32.37397241592407
rsd_min_support,0.01,1,1.0,1.0,1.0,0.0,0.0,0.0,0.0,0.0,0.0,68,31.881324529647827
rsd_min_support,0.01,2,1.0,1.0,1.0,1.0,1.0,1.0,0.0,0.0,0.0,68,33.12640428543091
rsd_min_support,0.01,3,1.0,1.0,1.0,1.0,1.0,1.0,1.0,1.0,1.0,68,35.14720058441162
rsd_min_support,0.025,1,1.0,1.0,1.0,0.0,0.0,0.0,0.0,0.0,0.0,68,28.622954607009888
rsd_min_support,0.025,2,1.0,1.0,1.0,1.0,1.0,1.0,0.0,0.0,0.0,68,30.485870122909542
rsd_min_support,0.025,3,1.0,1.0,1.0,1.0,1.0,1.0,1.0,1.0,1.0,68,30.937618255615234
rsd_min_support,0.05,1,1.0,1.0,1.0,0.0,0.0,0.0,0.0,0.0,0.0,68,28.94521427154541
rsd_min_support,0.05,2,1.0,1.0,1.0,1.0,1.0,1.0,0.0,0.0,0.0,68,26.684704780578613
rsd_min_support,0.05,3,1.0,1.0,1.0,1.0,1.0,1.0,1.0,1.0,1.0,68,25.818610429763797
rsd_min_support,0.1,1,1.0,1.0,1.0,0.0,0.0,0.0,0.0,0.0,0.0,68,20.45315194129944
rsd_min_support,0.1,2,1.0,1.0,1.0,1.0,1.0,1.0,0.0,0.0,0.0,68,19.76459240913391
rsd_min_support,0.1,3,1.0,1.0,1.0,1.0,1.0,1.0,1.0,1.0,1.0,68,17.443007230758667
beam_width,20.0,1,1.0,1.0,1.0,0.0,0.0,0.0,0.0,0.0,0.0,69,29.890950679779053
beam_width,20.0,2,1.0,1.0,1.0,1.0,1.0,1.0,0.0,0.0,0.0,69,28.546756267547607
beam_width,20.0,3,1.0,1.0,1.0,1.0,1.0,1.0,1.0,1.0,1.0,69,29.092000007629395
beam_width,40.0,1,1.0,1.0,1.0,0.0,0.0,0.0,0.0,0.0,0.0,69,31.84241223335266
beam_width,40.0,2,1.0,1.0,1.0,1.0,1.0,1.0,0.0,0.0,0.0,69,30.284204244613647
beam_width,40.0,3,1.0,1.0,1.0,1.0,1.0,1.0,1.0,1.0,1.0,69,28.862075328826904
beam_width,80.0,1,1.0,1.0,1.0,0.0,0.0,0.0,0.0,0.0,0.0,69,31.72685718536377
beam_width,80.0,2,1.0,1.0,1.0,1.0,1.0,1.0,0.0,0.0,0.0,69,30.07591390609741
beam_width,80.0,3,0.7980049875311721,1.0,0.6639004149377593,1.0,1.0,1.0,1.0,1.0,1.0,69,29.465410232543945
beam_width,160.0,1,1.0,1.0,1.0,0.0,0.0,0.0,0.0,0.0,0.0,69,32.49399924278259
beam_width,160.0,2,1.0,1.0,1.0,1.0,1.0,1.0,0.0,0.0,0.0,69,29.989063024520878
beam_width,160.0,3,1.0,1.0,1.0,1.0,1.0,1.0,1.0,1.0,1.0,69,28.873905420303345
rsd_min_support,0.01,1,1.0,1.0,1.0,0.0,0.0,0.0,0.0,0.0,0.0,69,34.831921339035034
rsd_min_support,0.01,2,1.0,1.0,1.0,1.0,1.0,1.0,0.0,0.0,0.0,69,35.32074785232544
rsd_min_support,0.01,3,1.0,1.0,1.0,1.0,1.0,1.0,1.0,1.0,1.0,69,33.79207110404968
rsd_min_support,0.025,1,1.0,1.0,1.0,0.0,0.0,0.0,0.0,0.0,0.0,69,33.20529818534851
rsd_min_support,0.025,2,1.0,1.0,1.0,1.0,1.0,1.0,0.0,0.0,0.0,69,29.22618770599365
rsd_min_support,0.025,3,0.7980049875311721,1.0,0.6639004149377593,1.0,1.0,1.0,1.0,1.0,1.0,69,28.99236011505127
rsd_min_support,0.05,1,1.0,1.0,1.0,0.0,0.0,0.0,0.0,0.0,0.0,69,26.61829924583435
rsd_min_support,0.05,2,0.8385542168674698,1.0,0.7219917012448133,1.0,1.0,1.0,0.0,0.0,0.0,69,26.60666418075561
rsd_min_support,0.05,3,0.8385542168674698,1.0,0.7219917012448133,1.0,1.0,1.0,1.0,1.0,1.0,69,24.941900730133057
rsd_min_support,0.1,1,1.0,1.0,1.0,0.0,0.0,0.0,0.0,0.0,0.0,69,18.48315119743347
rsd_min_support,0.1,2,1.0,1.0,1.0,0.8462291870714985,1.0,0.733446519524618,0.0,0.0,0.0,69,18.63585615158081
rsd_min_support,0.1,3,1.0,1.0,1.0,0.8462291870714985,1.0,0.733446519524618,1.0,1.0,1.0,69,16.10315728187561
beam_width,20.0,1,1.0,1.0,1.0,0.0,0.0,0.0,0.0,0.0,0.0,7,33.662118911743164
beam_width,20.0,2,1.0,1.0,1.0,1.0,1.0,1.0,0.0,0.0,0.0,7,30.02810430526733
beam_width,20.0,3,1.0,1.0,1.0,1.0,1.0,1.0,1.0,1.0,1.0,7,28.584837913513184
beam_width,40.0,1,1.0,1.0,1.0,0.0,0.0,0.0,0.0,0.0,0.0,7,29.51457142829895
beam_width,40.0,2,1.0,1.0,1.0,1.0,1.0,1.0,0.0,0.0,0.0,7,31.4431836605072
beam_width,40.0,3,1.0,1.0,1.0,1.0,1.0,1.0,1.0,1.0,1.0,7,28.071990251541138
beam_width,80.0,1,1.0,1.0,1.0,0.0,0.0,0.0,0.0,0.0,0.0,7,28.680280208587646
beam_width,80.0,2,1.0,1.0,1.0,1.0,1.0,1.0,0.0,0.0,0.0,7,30.887574195861816
beam_width,80.0,3,1.0,1.0,1.0,1.0,1.0,1.0,1.0,1.0,1.0,7,29.83832025527954
beam_width,160.0,1,1.0,1.0,1.0,0.0,0.0,0.0,0.0,0.0,0.0,7,31.91554379463196
beam_width,160.0,2,1.0,1.0,1.0,1.0,1.0,1.0,0.0,0.0,0.0,7,31.25946879386902
beam_width,160.0,3,1.0,1.0,1.0,1.0,1.0,1.0,1.0,1.0,1.0,7,28.424392461776733
rsd_min_support,0.01,1,1.0,1.0,1.0,0.0,0.0,0.0,0.0,0.0,0.0,7,33.93594813346863
rsd_min_support,0.01,2,1.0,1.0,1.0,1.0,1.0,1.0,0.0,0.0,0.0,7,35.29985284805298
rsd_min_support,0.01,3,1.0,1.0,1.0,1.0,1.0,1.0,1.0,1.0,1.0,7,33.521904945373535
rsd_min_support,0.025,1,1.0,1.0,1.0,0.0,0.0,0.0,0.0,0.0,0.0,7,30.536985158920288
rsd_min_support,0.025,2,1.0,1.0,1.0,1.0,1.0,1.0,0.0,0.0,0.0,7,31.21625685691833
rsd_min_support,0.025,3,1.0,1.0,1.0,1.0,1.0,1.0,1.0,1.0,1.0,7,29.55788397789001
rsd_min_support,0.05,1,0.8946840521564694,1.0,0.809437386569873,0.0,0.0,0.0,0.0,0.0,0.0,7,26.569730520248413
rsd_min_support,0.05,2,1.0,1.0,1.0,0.8675914249684741,1.0,0.7661469933184856,0.0,0.0,0.0,7,24.84085702896118
rsd_min_support,0.05,3,1.0,1.0,1.0,0.8675914249684741,1.0,0.7661469933184856,1.0,1.0,1.0,7,25.670626640319824
rsd_min_support,0.1,1,0.8946840521564694,1.0,0.809437386569873,0.0,0.0,0.0,0.0,0.0,0.0,7,18.71730351448059
rsd_min_support,0.1,2,1.0,1.0,1.0,1.0,1.0,1.0,0.0,0.0,0.0,7,17.832928895950317
rsd_min_support,0.1,3,1.0,1.0,1.0,1.0,1.0,1.0,1.0,1.0,1.0,7,14.34660816192627
beam_width,20.0,1,0.9422294548413344,1.0,0.8907692307692308,0.0,0.0,0.0,0.0,0.0,0.0,70,34.73115563392639
beam_width,20.0,2,0.7354085603112841,1.0,0.5815384615384616,1.0,1.0,1.0,0.0,0.0,0.0,70,28.49551224708557
beam_width,20.0,3,0.8235294117647058,1.0,0.7,1.0,1.0,1.0,1.0,1.0,1.0,70,28.626466512680054
beam_width,40.0,1,0.9422294548413344,1.0,0.8907692307692308,0.0,0.0,0.0,0.0,0.0,0.0,70,29.23800230026245
beam_width,40.0,2,0.7354085603112841,1.0,0.5815384615384616,1.0,1.0,1.0,0.0,0.0,0.0,70,27.78627109527588
beam_width,40.0,3,0.8235294117647058,1.0,0.7,1.0,1.0,1.0,1.0,1.0,1.0,70,27.95078063011169
beam_width,80.0,1,0.9422294548413344,1.0,0.8907692307692308,0.0,0.0,0.0,0.0,0.0,0.0,70,30.9032883644104
beam_width,80.0,2,0.7354085603112841,1.0,0.5815384615384616,1.0,1.0,1.0,0.0,0.0,0.0,70,29.384960889816284
beam_width,80.0,3,0.8235294117647058,1.0,0.7,1.0,1.0,1.0,1.0,1.0,1.0,70,28.087499141693115
beam_width,160.0,1,0.9422294548413344,1.0,0.8907692307692308,0.0,0.0,0.0,0.0,0.0,0.0,70,26.766921758651733
beam_width,160.0,2,0.8413547237076648,1.0,0.7261538461538461,1.0,1.0,1.0,0.0,0.0,0.0,70,28.701192140579224
beam_width,160.0,3,0.8235294117647058,1.0,0.7,1.0,1.0,1.0,1.0,1.0,1.0,70,28.03847908973694
rsd_min_support,0.01,1,1.0,1.0,1.0,0.0,0.0,0.0,0.0,0.0,0.0,70,31.929616451263428
rsd_min_support,0.01,2,1.0,1.0,1.0,1.0,1.0,1.0,0.0,0.0,0.0,70,31.08349370956421
rsd_min_support,0.01,3,0.8235294117647058,1.0,0.7,1.0,1.0,1.0,1.0,1.0,1.0,70,32.032734394073486
rsd_min_support,0.025,1,0.9422294548413344,1.0,0.8907692307692308,0.0,0.0,0.0,0.0,0.0,0.0,70,28.71631669998169
rsd_min_support,0.025,2,0.931899641577061,0.87248322147651,1.0,1.0,1.0,1.0,0.0,0.0,0.0,70,28.803931951522827
rsd_min_support,0.025,3,0.8235294117647058,1.0,0.7,1.0,1.0,1.0,1.0,1.0,1.0,70,27.96291303634644
rsd_min_support,0.05,1,0.9422294548413344,1.0,0.8907692307692308,0.0,0.0,0.0,0.0,0.0,0.0,70,28.11632180213928
rsd_min_support,0.05,2,0.8413547237076648,1.0,0.7261538461538461,0.8286290322580645,1.0,0.7074010327022375,0.0,0.0,0.0,70,22.05274987220764
rsd_min_support,0.05,3,0.8235294117647058,1.0,0.7,0.8286290322580645,1.0,0.7074010327022375,0.8843663274745606,1.0,0.7927031509121062,70,23.703333854675293
rsd_min_support,0.1,1,0.9422294548413344,1.0,0.8907692307692308,0.0,0.0,0.0,0.0,0.0,0.0,70,22.54742431640625
rsd_min_support,0.1,2,0.8235294117647058,1.0,0.7,0.8772946859903382,1.0,0.7814113597246127,0.0,0.0,0.0,70,16.77819013595581
rsd_min_support,0.1,3,0.8235294117647058,1.0,0.7,0.8772946859903382,1.0,0.7814113597246127,0.8843663274745606,1.0,0.7927031509121062,70,14.98793601989746
beam_width,20.0,1,1.0,1.0,1.0,0.0,0.0,0.0,0.0,0.0,0.0,71,33.070653200149536
beam_width,20.0,2,1.0,1.0,1.0,0.7448591012947449,1.0,0.5934466019417476,0.0,0.0,0.0,71,31.49034094810486
beam_width,20.0,3,1.0,1.0,1.0,0.7448591012947449,1.0,0.5934466019417476,1.0,1.0,1.0,71,30.185543298721317
beam_width,40.0,1,1.0,1.0,1.0,0.0,0.0,0.0,0.0,0.0,0.0,71,31.01556420326233
beam_width,40.0,2,1.0,1.0,1.0,0.7448591012947449,1.0,0.5934466019417476,0.0,0.0,0.0,71,29.974175930023197
beam_width,40.0,3,1.0,1.0,1.0,0.7448591012947449,1.0,0.5934466019417476,1.0,1.0,1.0,71,30.42636489868164
beam_width,80.0,1,1.0,1.0,1.0,0.0,0.0,0.0,0.0,0.0,0.0,71,33.34373116493225
beam_width,80.0,2,1.0,1.0,1.0,0.7448591012947449,1.0,0.5934466019417476,0.0,0.0,0.0,71,30.696483373641968
beam_width,80.0,3,1.0,1.0,1.0,0.7448591012947449,1.0,0.5934466019417476,1.0,1.0,1.0,71,30.37246608734131
beam_width,160.0,1,1.0,1.0,1.0,0.0,0.0,0.0,0.0,0.0,0.0,71,33.19323539733887
beam_width,160.0,2,1.0,1.0,1.0,0.7448591012947449,1.0,0.5934466019417476,0.0,0.0,0.0,71,30.272265434265137
beam_width,160.0,3,1.0,1.0,1.0,0.7448591012947449,1.0,0.5934466019417476,1.0,1.0,1.0,71,30.64071273803711
rsd_min_support,0.01,1,1.0,1.0,1.0,0.0,0.0,0.0,0.0,0.0,0.0,71,32.530597448349
rsd_min_support,0.01,2,1.0,1.0,1.0,0.7448591012947449,1.0,0.5934466019417476,0.0,0.0,0.0,71,34.712658166885376
rsd_min_support,0.01,3,1.0,1.0,1.0,0.7448591012947449,1.0,0.5934466019417476,1.0,1.0,1.0,71,34.93296265602112
rsd_min_support,0.025,1,1.0,1.0,1.0,0.0,0.0,0.0,0.0,0.0,0.0,71,33.00921630859375
rsd_min_support,0.025,2,1.0,1.0,1.0,0.7448591012947449,1.0,0.5934466019417476,0.0,0.0,0.0,71,31.43165063858032
rsd_min_support,0.025,3,1.0,1.0,1.0,0.7448591012947449,1.0,0.5934466019417476,1.0,1.0,1.0,71,30.423903465271
rsd_min_support,0.05,1,1.0,1.0,1.0,0.0,0.0,0.0,0.0,0.0,0.0,71,29.72748041152954
rsd_min_support,0.05,2,1.0,1.0,1.0,0.7448591012947449,1.0,0.5934466019417476,0.0,0.0,0.0,71,25.43895697593689
rsd_min_support,0.05,3,1.0,1.0,1.0,0.7448591012947449,1.0,0.5934466019417476,0.7898966704936854,1.0,0.6527514231499051,71,25.11040687561035
rsd_min_support,0.1,1,1.0,1.0,1.0,0.0,0.0,0.0,0.0,0.0,0.0,71,19.6315176486969
rsd_min_support,0.1,2,1.0,1.0,1.0,0.9268841394825648,0.8637316561844863,1.0,0.0,0.0,0.0,71,18.19957041740417
rsd_min_support,0.1,3,1.0,1.0,1.0,0.7448591012947449,1.0,0.5934466019417476,1.0,1.0,1.0,71,18.1926109790802
beam_width,20.0,1,1.0,1.0,1.0,0.0,0.0,0.0,0.0,0.0,0.0,72,32.71158242225647
beam_width,20.0,2,0.9176915799432356,1.0,0.8479020979020979,1.0,1.0,1.0,0.0,0.0,0.0,72,30.690063953399655
beam_width,20.0,3,0.7605633802816901,1.0,0.6136363636363636,0.9278846153846152,1.0,0.8654708520179372,1.0,1.0,1.0,72,29.936597108840942
beam_width,40.0,1,1.0,1.0,1.0,0.0,0.0,0.0,0.0,0.0,0.0,72,30.801507234573364
beam_width,40.0,2,0.9176915799432356,1.0,0.8479020979020979,1.0,1.0,1.0,0.0,0.0,0.0,72,30.55498623847961
beam_width,40.0,3,0.7605633802816901,1.0,0.6136363636363636,0.9278846153846152,1.0,0.8654708520179372,1.0,1.0,1.0,72,29.884716510772705
beam_width,80.0,1,1.0,1.0,1.0,0.0,0.0,0.0,0.0,0.0,0.0,72,29.40828585624695
beam_width,80.0,2,0.9176915799432356,1.0,0.8479020979020979,1.0,1.0,1.0,0.0,0.0,0.0,72,30.836053609848022
beam_width,80.0,3,0.7605633802816901,1.0,0.6136363636363636,0.9278846153846152,1.0,0.8654708520179372,1.0,1.0,1.0,72,29.544631719589237
beam_width,160.0,1,1.0,1.0,1.0,0.0,0.0,0.0,0.0,0.0,0.0,72,31.0644588470459
beam_width,160.0,2,0.9176915799432356,1.0,0.8479020979020979,1.0,1.0,1.0,0.0,0.0,0.0,72,29.167120695114136
beam_width,160.0,3,0.7605633802816901,1.0,0.6136363636363636,0.9278846153846152,1.0,0.8654708520179372,1.0,1.0,1.0,72,29.74411916732788
rsd_min_support,0.01,1,1.0,1.0,1.0,0.0,0.0,0.0,0.0,0.0,0.0,72,34.7420551776886
rsd_min_support,0.01,2,1.0,1.0,1.0,1.0,1.0,1.0,0.0,0.0,0.0,72,31.09912133216858
rsd_min_support,0.01,3,0.7605633802816901,1.0,0.6136363636363636,1.0,1.0,1.0,1.0,1.0,1.0,72,33.08296322822571
rsd_min_support,0.025,1,1.0,1.0,1.0,0.0,0.0,0.0,0.0,0.0,0.0,72,31.497864484786987
rsd_min_support,0.025,2,0.9176915799432356,1.0,0.8479020979020979,1.0,1.0,1.0,0.0,0.0,0.0,72,30.12236189842224
rsd_min_support,0.025,3,0.7605633802816901,1.0,0.6136363636363636,0.9278846153846152,1.0,0.8654708520179372,1.0,1.0,1.0,72,29.974199771881104
rsd_min_support,0.05,1,0.8762278978388999,1.0,0.7797202797202797,0.0,0.0,0.0,0.0,0.0,0.0,72,26.127819061279297
rsd_min_support,0.05,2,0.9318394024276376,1.0,0.8723776223776224,1.0,1.0,1.0,0.0,0.0,0.0,72,24.837548971176147
rsd_min_support,0.05,3,1.0,1.0,1.0,0.9278846153846152,1.0,0.8654708520179372,1.0,1.0,1.0,72,22.868643283843998
rsd_min_support,0.1,1,0.8762278978388999,1.0,0.7797202797202797,0.0,0.0,0.0,0.0,0.0,0.0,72,20.1306734085083
rsd_min_support,0.1,2,0.8762278978388999,1.0,0.7797202797202797,1.0,1.0,1.0,0.0,0.0,0.0,72,17.536195993423462
rsd_min_support,0.1,3,0.8762278978388999,1.0,0.7797202797202797,0.0776302349336057,0.0712945590994371,0.085201793721973,1.0,1.0,1.0,72,17.15539860725403
beam_width,20.0,1,0.6715867158671587,1.0,0.5055555555555555,0.0,0.0,0.0,0.0,0.0,0.0,73,33.19309091567993
beam_width,20.0,2,0.6715867158671587,1.0,0.5055555555555555,1.0,1.0,1.0,0.0,0.0,0.0,73,28.487930059432983
beam_width,20.0,3,1.0,1.0,1.0,0.869674185463659,1.0,0.7694013303769401,0.8837209302325582,1.0,0.7916666666666666,73,30.28517246246338
beam_width,40.0,1,0.6715867158671587,1.0,0.5055555555555555,0.0,0.0,0.0,0.0,0.0,0.0,73,31.874364376068115
beam_width,40.0,2,0.7228661749209695,0.8386308068459658,0.6351851851851852,1.0,1.0,1.0,0.0,0.0,0.0,73,28.587859392166138
beam_width,40.0,3,1.0,1.0,1.0,0.869674185463659,1.0,0.7694013303769401,0.8837209302325582,1.0,0.7916666666666666,73,30.57889437675476
beam_width,80.0,1,0.6715867158671587,1.0,0.5055555555555555,0.0,0.0,0.0,0.0,0.0,0.0,73,33.40418863296509
beam_width,80.0,2,1.0,1.0,1.0,1.0,1.0,1.0,0.0,0.0,0.0,73,31.08900809288025
beam_width,80.0,3,1.0,1.0,1.0,0.869674185463659,1.0,0.7694013303769401,0.8837209302325582,1.0,0.7916666666666666,73,30.56789970397949
beam_width,160.0,1,0.6715867158671587,1.0,0.5055555555555555,0.0,0.0,0.0,0.0,0.0,0.0,73,33.34388875961304
beam_width,160.0,2,0.6715867158671587,1.0,0.5055555555555555,1.0,1.0,1.0,0.0,0.0,0.0,73,28.78231430053711
beam_width,160.0,3,1.0,1.0,1.0,0.869674185463659,1.0,0.7694013303769401,0.8837209302325582,1.0,0.7916666666666666,73,30.480204582214355
rsd_min_support,0.01,1,1.0,1.0,1.0,0.0,0.0,0.0,0.0,0.0,0.0,73,36.81959295272827
rsd_min_support,0.01,2,1.0,1.0,1.0,1.0,1.0,1.0,0.0,0.0,0.0,73,35.24539542198181
rsd_min_support,0.01,3,0.6715867158671587,1.0,0.5055555555555555,0.869674185463659,1.0,0.7694013303769401,1.0,1.0,1.0,73,36.343323945999146
rsd_min_support,0.025,1,0.6715867158671587,1.0,0.5055555555555555,0.0,0.0,0.0,0.0,0.0,0.0,73,34.63564467430115
rsd_min_support,0.025,2,1.0,1.0,1.0,1.0,1.0,1.0,0.0,0.0,0.0,73,30.61536192893982
rsd_min_support,0.025,3,1.0,1.0,1.0,0.869674185463659,1.0,0.7694013303769401,0.8837209302325582,1.0,0.7916666666666666,73,29.965590715408325
rsd_min_support,0.05,1,0.7309048178613397,1.0,0.575925925925926,0.0,0.0,0.0,0.0,0.0,0.0,73,26.51822853088379
rsd_min_support,0.05,2,1.0,1.0,1.0,0.7744565217391305,1.0,0.6319290465631929,0.0,0.0,0.0,73,23.20392870903015
rsd_min_support,0.05,3,1.0,1.0,1.0,0.7744565217391305,1.0,0.6319290465631929,0.8837209302325582,1.0,0.7916666666666666,73,23.512421131134037
rsd_min_support,0.1,1,1.0,1.0,1.0,0.0,0.0,0.0,0.0,0.0,0.0,73,17.350720643997192
rsd_min_support,0.1,2,1.0,1.0,1.0,1.0,1.0,1.0,0.0,0.0,0.0,73,18.166332006454468
rsd_min_support,0.1,3,1.0,1.0,1.0,1.0,1.0,1.0,1.0,1.0,1.0,73,18.041632652282715
beam_width,20.0,1,1.0,1.0,1.0,0.0,0.0,0.0,0.0,0.0,0.0,74,32.73513746261597
beam_width,20.0,2,1.0,1.0,1.0,0.9094170403587444,1.0,0.8338815789473685,0.0,0.0,0.0,74,27.93480849266052
beam_width,20.0,3,0.881194840461643,1.0,0.787621359223301,0.9094170403587444,1.0,0.8338815789473685,1.0,1.0,1.0,74,29.18562936782837
beam_width,40.0,1,1.0,1.0,1.0,0.0,0.0,0.0,0.0,0.0,0.0,74,31.59661674499512
beam_width,40.0,2,1.0,1.0,1.0,0.9094170403587444,1.0,0.8338815789473685,0.0,0.0,0.0,74,29.374265432357788
beam_width,40.0,3,0.881194840461643,1.0,0.787621359223301,0.9094170403587444,1.0,0.8338815789473685,1.0,1.0,1.0,74,29.325087785720825
beam_width,80.0,1,1.0,1.0,1.0,0.0,0.0,0.0,0.0,0.0,0.0,74,29.989917755126957
beam_width,80.0,2,1.0,1.0,1.0,0.9094170403587444,1.0,0.8338815789473685,0.0,0.0,0.0,74,27.95036482810974
beam_width,80.0,3,1.0,1.0,1.0,0.9094170403587444,1.0,0.8338815789473685,1.0,1.0,1.0,74,29.58148217201233
beam_width,160.0,1,1.0,1.0,1.0,0.0,0.0,0.0,0.0,0.0,0.0,74,30.82863521575928
beam_width,160.0,2,1.0,1.0,1.0,0.9094170403587444,1.0,0.8338815789473685,0.0,0.0,0.0,74,27.752224445343018
beam_width,160.0,3,1.0,1.0,1.0,0.9094170403587444,1.0,0.8338815789473685,1.0,1.0,1.0,74,29.333658456802368
rsd_min_support,0.01,1,1.0,1.0,1.0,0.0,0.0,0.0,0.0,0.0,0.0,74,33.81416964530945
rsd_min_support,0.01,2,1.0,1.0,1.0,1.0,1.0,1.0,0.0,0.0,0.0,74,32.54433846473694
rsd_min_support,0.01,3,1.0,1.0,1.0,1.0,1.0,1.0,1.0,1.0,1.0,74,32.44617867469788
rsd_min_support,0.025,1,1.0,1.0,1.0,0.0,0.0,0.0,0.0,0.0,0.0,74,30.51800847053528
rsd_min_support,0.025,2,1.0,1.0,1.0,0.9094170403587444,1.0,0.8338815789473685,0.0,0.0,0.0,74,28.495405673980716
rsd_min_support,0.025,3,1.0,1.0,1.0,0.9094170403587444,1.0,0.8338815789473685,1.0,1.0,1.0,74,29.111787796020508
rsd_min_support,0.05,1,1.0,1.0,1.0,0.0,0.0,0.0,0.0,0.0,0.0,74,29.02516913414001
rsd_min_support,0.05,2,1.0,1.0,1.0,0.9094170403587444,1.0,0.8338815789473685,0.0,0.0,0.0,74,25.46463704109192
rsd_min_support,0.05,3,0.869684499314129,1.0,0.7694174757281553,0.9094170403587444,1.0,0.8338815789473685,1.0,1.0,1.0,74,25.058147192001343
rsd_min_support,0.1,1,1.0,1.0,1.0,0.0,0.0,0.0,0.0,0.0,0.0,74,16.722467184066772
rsd_min_support,0.1,2,1.0,1.0,1.0,0.9094170403587444,1.0,0.8338815789473685,0.0,0.0,0.0,74,17.238218784332275
rsd_min_support,0.1,3,1.0,1.0,1.0,0.9094170403587444,1.0,0.8338815789473685,1.0,1.0,1.0,74,17.501669883728027
beam_width,20.0,1,1.0,1.0,1.0,0.0,0.0,0.0,0.0,0.0,0.0,75,34.89673495292664
beam_width,20.0,2,1.0,1.0,1.0,1.0,1.0,1.0,0.0,0.0,0.0,75,29.639418601989743
beam_width,20.0,3,1.0,1.0,1.0,1.0,1.0,1.0,1.0,1.0,1.0,75,29.463642597198486
beam_width,40.0,1,1.0,1.0,1.0,0.0,0.0,0.0,0.0,0.0,0.0,75,33.1782591342926
beam_width,40.0,2,1.0,1.0,1.0,1.0,1.0,1.0,0.0,0.0,0.0,75,29.76073956489563
beam_width,40.0,3,1.0,1.0,1.0,1.0,1.0,1.0,1.0,1.0,1.0,75,29.71938109397888
beam_width,80.0,1,1.0,1.0,1.0,0.0,0.0,0.0,0.0,0.0,0.0,75,30.669703006744385
beam_width,80.0,2,1.0,1.0,1.0,1.0,1.0,1.0,0.0,0.0,0.0,75,30.27171301841736
beam_width,80.0,3,1.0,1.0,1.0,1.0,1.0,1.0,1.0,1.0,1.0,75,29.5278594493866
beam_width,160.0,1,1.0,1.0,1.0,0.0,0.0,0.0,0.0,0.0,0.0,75,33.784223794937134
beam_width,160.0,2,1.0,1.0,1.0,1.0,1.0,1.0,0.0,0.0,0.0,75,29.76240348815918
beam_width,160.0,3,1.0,1.0,1.0,1.0,1.0,1.0,1.0,1.0,1.0,75,29.288490056991577
rsd_min_support,0.01,1,1.0,1.0,1.0,0.0,0.0,0.0,0.0,0.0,0.0,75,33.839144468307495
rsd_min_support,0.01,2,1.0,1.0,1.0,1.0,1.0,1.0,0.0,0.0,0.0,75,33.980032205581665
rsd_min_support,0.01,3,1.0,1.0,1.0,1.0,1.0,1.0,1.0,1.0,1.0,75,34.255844593048096
rsd_min_support,0.025,1,1.0,1.0,1.0,0.0,0.0,0.0,0.0,0.0,0.0,75,30.72323846817017
rsd_min_support,0.025,2,1.0,1.0,1.0,1.0,1.0,1.0,0.0,0.0,0.0,75,29.14448595046997
rsd_min_support,0.025,3,1.0,1.0,1.0,1.0,1.0,1.0,1.0,1.0,1.0,75,29.74644947052002
rsd_min_support,0.05,1,1.0,1.0,1.0,0.0,0.0,0.0,0.0,0.0,0.0,75,25.66173100471497
rsd_min_support,0.05,2,1.0,1.0,1.0,1.0,1.0,1.0,0.0,0.0,0.0,75,25.33664894104004
rsd_min_support,0.05,3,1.0,1.0,1.0,1.0,1.0,1.0,1.0,1.0,1.0,75,22.953004837036133
rsd_min_support,0.1,1,1.0,1.0,1.0,0.0,0.0,0.0,0.0,0.0,0.0,75,19.951724767684937
rsd_min_support,0.1,2,1.0,1.0,1.0,0.8676599474145487,1.0,0.7662538699690402,0.0,0.0,0.0,75,17.55210590362549
rsd_min_support,0.1,3,1.0,1.0,1.0,0.8676599474145487,1.0,0.7662538699690402,1.0,1.0,1.0,75,17.058005571365356
beam_width,20.0,1,0.869684499314129,1.0,0.7694174757281553,0.0,0.0,0.0,0.0,0.0,0.0,76,32.95795130729675
beam_width,20.0,2,0.869684499314129,1.0,0.7694174757281553,0.8666666666666666,1.0,0.7647058823529411,0.0,0.0,0.0,76,30.39593982696533
beam_width,20.0,3,1.0,1.0,1.0,1.0,1.0,1.0,1.0,1.0,1.0,76,30.18194890022278
beam_width,40.0,1,0.869684499314129,1.0,0.7694174757281553,0.0,0.0,0.0,0.0,0.0,0.0,76,31.49599814414978
beam_width,40.0,2,0.869684499314129,1.0,0.7694174757281553,0.8666666666666666,1.0,0.7647058823529411,0.0,0.0,0.0,76,29.482475996017456
beam_width,40.0,3,1.0,1.0,1.0,1.0,1.0,1.0,1.0,1.0,1.0,76,28.82602334022522
beam_width,80.0,1,0.869684499314129,1.0,0.7694174757281553,0.0,0.0,0.0,0.0,0.0,0.0,76,32.583754777908325
beam_width,80.0,2,0.869684499314129,1.0,0.7694174757281553,0.8666666666666666,1.0,0.7647058823529411,0.0,0.0,0.0,76,30.20787477493286
beam_width,80.0,3,1.0,1.0,1.0,1.0,1.0,1.0,1.0,1.0,1.0,76,29.209486484527588
beam_width,160.0,1,0.869684499314129,1.0,0.7694174757281553,0.0,0.0,0.0,0.0,0.0,0.0,76,30.74280619621277
beam_width,160.0,2,0.869684499314129,1.0,0.7694174757281553,0.8666666666666666,1.0,0.7647058823529411,0.0,0.0,0.0,76,29.602935314178467
beam_width,160.0,3,1.0,1.0,1.0,1.0,1.0,1.0,1.0,1.0,1.0,76,28.636983394622803
rsd_min_support,0.01,1,1.0,1.0,1.0,0.0,0.0,0.0,0.0,0.0,0.0,76,34.192543506622314
rsd_min_support,0.01,2,1.0,1.0,1.0,0.8666666666666666,1.0,0.7647058823529411,0.0,0.0,0.0,76,34.14002966880798
rsd_min_support,0.01,3,1.0,1.0,1.0,1.0,1.0,1.0,1.0,1.0,1.0,76,32.512036085128784
rsd_min_support,0.025,1,0.869684499314129,1.0,0.7694174757281553,0.0,0.0,0.0,0.0,0.0,0.0,76,31.50859999656677
rsd_min_support,0.025,2,0.869684499314129,1.0,0.7694174757281553,0.8666666666666666,1.0,0.7647058823529411,0.0,0.0,0.0,76,30.22245216369629
rsd_min_support,0.025,3,1.0,1.0,1.0,1.0,1.0,1.0,1.0,1.0,1.0,76,30.24373269081116
rsd_min_support,0.05,1,0.869684499314129,1.0,0.7694174757281553,0.0,0.0,0.0,0.0,0.0,0.0,76,28.214088916778564
rsd_min_support,0.05,2,0.869684499314129,1.0,0.7694174757281553,0.7313432835820896,1.0,0.5764705882352941,0.0,0.0,0.0,76,27.191393613815308
rsd_min_support,0.05,3,0.869684499314129,1.0,0.7694174757281553,0.7313432835820896,1.0,0.5764705882352941,1.0,1.0,1.0,76,25.686386346817017
rsd_min_support,0.1,1,0.869684499314129,1.0,0.7694174757281553,0.0,0.0,0.0,0.0,0.0,0.0,76,20.54401588439941
rsd_min_support,0.1,2,0.869684499314129,1.0,0.7694174757281553,1.0,1.0,1.0,0.0,0.0,0.0,76,18.72213768959045
rsd_min_support,0.1,3,0.869684499314129,1.0,0.7694174757281553,1.0,1.0,1.0,1.0,1.0,1.0,76,17.14317512512207
beam_width,20.0,1,1.0,1.0,1.0,0.0,0.0,0.0,0.0,0.0,0.0,77,24.374443531036377
beam_width,20.0,2,1.0,1.0,1.0,1.0,1.0,1.0,0.0,0.0,0.0,77,29.26008105278015
beam_width,20.0,3,1.0,1.0,1.0,1.0,1.0,1.0,1.0,1.0,1.0,77,27.79367184638977
beam_width,40.0,1,1.0,1.0,1.0,0.0,0.0,0.0,0.0,0.0,0.0,77,23.272374868392944
beam_width,40.0,2,1.0,1.0,1.0,1.0,1.0,1.0,0.0,0.0,0.0,77,28.920984745025635
beam_width,40.0,3,1.0,1.0,1.0,1.0,1.0,1.0,1.0,1.0,1.0,77,28.408724784851078
beam_width,80.0,1,1.0,1.0,1.0,0.0,0.0,0.0,0.0,0.0,0.0,77,28.534973859786987
beam_width,80.0,2,1.0,1.0,1.0,1.0,1.0,1.0,0.0,0.0,0.0,77,30.121533393859863
beam_width,80.0,3,1.0,1.0,1.0,1.0,1.0,1.0,1.0,1.0,1.0,77,28.517736196517944
beam_width,160.0,1,1.0,1.0,1.0,0.0,0.0,0.0,0.0,0.0,0.0,77,24.435352087020878
beam_width,160.0,2,1.0,1.0,1.0,1.0,1.0,1.0,0.0,0.0,0.0,77,29.36154675483704
beam_width,160.0,3,1.0,1.0,1.0,1.0,1.0,1.0,1.0,1.0,1.0,77,28.52724599838257
rsd_min_support,0.01,1,1.0,1.0,1.0,0.0,0.0,0.0,0.0,0.0,0.0,77,25.29339909553528
rsd_min_support,0.01,2,1.0,1.0,1.0,1.0,1.0,1.0,0.0,0.0,0.0,77,33.113974809646606
rsd_min_support,0.01,3,1.0,1.0,1.0,1.0,1.0,1.0,1.0,1.0,1.0,77,31.79605174064636
rsd_min_support,0.025,1,1.0,1.0,1.0,0.0,0.0,0.0,0.0,0.0,0.0,77,25.0692150592804
rsd_min_support,0.025,2,1.0,1.0,1.0,1.0,1.0,1.0,0.0,0.0,0.0,77,28.15298175811768
rsd_min_support,0.025,3,1.0,1.0,1.0,1.0,1.0,1.0,1.0,1.0,1.0,77,28.529268503189087
rsd_min_support,0.05,1,1.0,1.0,1.0,0.0,0.0,0.0,0.0,0.0,0.0,77,20.00433707237244
rsd_min_support,0.05,2,0.8157635467980296,1.0,0.6888519134775375,0.7741935483870968,1.0,0.631578947368421,0.0,0.0,0.0,77,22.339710235595703
rsd_min_support,0.05,3,0.8356164383561643,0.8606701940035273,0.8119800332778702,0.7741935483870968,1.0,0.631578947368421,1.0,1.0,1.0,77,22.68432569503784
rsd_min_support,0.1,1,1.0,1.0,1.0,0.0,0.0,0.0,0.0,0.0,0.0,77,13.568876028060911
rsd_min_support,0.1,2,1.0,1.0,1.0,1.0,1.0,1.0,0.0,0.0,0.0,77,16.86044955253601
rsd_min_support,0.1,3,1.0,1.0,1.0,1.0,1.0,1.0,1.0,1.0,1.0,77,14.904995918273926
beam_width,20.0,1,1.0,1.0,1.0,0.0,0.0,0.0,0.0,0.0,0.0,78,32.16755247116089
beam_width,20.0,2,1.0,1.0,1.0,1.0,1.0,1.0,0.0,0.0,0.0,78,32.35131859779358
beam_width,20.0,3,1.0,1.0,1.0,1.0,1.0,1.0,1.0,1.0,1.0,78,28.87565779685974
beam_width,40.0,1,1.0,1.0,1.0,0.0,0.0,0.0,0.0,0.0,0.0,78,28.468288898468018
beam_width,40.0,2,1.0,1.0,1.0,1.0,1.0,1.0,0.0,0.0,0.0,78,30.79209613800049
beam_width,40.0,3,1.0,1.0,1.0,1.0,1.0,1.0,1.0,1.0,1.0,78,28.73324489593506
beam_width,80.0,1,1.0,1.0,1.0,0.0,0.0,0.0,0.0,0.0,0.0,78,33.13205933570862
beam_width,80.0,2,1.0,1.0,1.0,1.0,1.0,1.0,0.0,0.0,0.0,78,31.06617832183838
beam_width,80.0,3,1.0,1.0,1.0,1.0,1.0,1.0,1.0,1.0,1.0,78,28.980583429336548
beam_width,160.0,1,1.0,1.0,1.0,0.0,0.0,0.0,0.0,0.0,0.0,78,28.430455923080444
beam_width,160.0,2,1.0,1.0,1.0,1.0,1.0,1.0,0.0,0.0,0.0,78,30.9633948802948
beam_width,160.0,3,1.0,1.0,1.0,1.0,1.0,1.0,1.0,1.0,1.0,78,28.944880485534668
rsd_min_support,0.01,1,1.0,1.0,1.0,0.0,0.0,0.0,0.0,0.0,0.0,78,33.305148124694824
rsd_min_support,0.01,2,1.0,1.0,1.0,1.0,1.0,1.0,0.0,0.0,0.0,78,35.887523889541626
rsd_min_support,0.01,3,1.0,1.0,1.0,1.0,1.0,1.0,1.0,1.0,1.0,78,33.42223596572876
rsd_min_support,0.025,1,1.0,1.0,1.0,0.0,0.0,0.0,0.0,0.0,0.0,78,28.98570203781128
rsd_min_support,0.025,2,1.0,1.0,1.0,1.0,1.0,1.0,0.0,0.0,0.0,78,30.503636360168457
rsd_min_support,0.025,3,1.0,1.0,1.0,1.0,1.0,1.0,1.0,1.0,1.0,78,29.02268671989441
rsd_min_support,0.05,1,0.7809734513274336,1.0,0.6406533575317604,0.0,0.0,0.0,0.0,0.0,0.0,78,23.677406787872314
rsd_min_support,0.05,2,1.0,1.0,1.0,0.7460992907801418,1.0,0.5950226244343891,0.0,0.0,0.0,78,23.138813257217407
rsd_min_support,0.05,3,1.0,1.0,1.0,0.7460992907801418,1.0,0.5950226244343891,1.0,1.0,1.0,78,22.65294289588928
rsd_min_support,0.1,1,1.0,1.0,1.0,0.0,0.0,0.0,0.0,0.0,0.0,78,17.6016628742218
rsd_min_support,0.1,2,1.0,1.0,1.0,1.0,1.0,1.0,0.0,0.0,0.0,78,18.00714349746704
rsd_min_support,0.1,3,1.0,1.0,1.0,1.0,1.0,1.0,1.0,1.0,1.0,78,17.497466325759888
beam_width,20.0,1,1.0,1.0,1.0,0.0,0.0,0.0,0.0,0.0,0.0,79,32.937209606170654
beam_width,20.0,2,1.0,1.0,1.0,1.0,1.0,1.0,0.0,0.0,0.0,79,31.325428009033203
beam_width,20.0,3,1.0,1.0,1.0,1.0,1.0,1.0,0.9042675893886966,1.0,0.8252631578947368,79,31.202428340911865
beam_width,40.0,1,1.0,1.0,1.0,0.0,0.0,0.0,0.0,0.0,0.0,79,31.64703941345215
beam_width,40.0,2,1.0,1.0,1.0,1.0,1.0,1.0,0.0,0.0,0.0,79,29.51614785194397
beam_width,40.0,3,1.0,1.0,1.0,1.0,1.0,1.0,0.9042675893886966,1.0,0.8252631578947368,79,28.93400621414185
beam_width,80.0,1,1.0,1.0,1.0,0.0,0.0,0.0,0.0,0.0,0.0,79,31.707429885864254
beam_width,80.0,2,1.0,1.0,1.0,1.0,1.0,1.0,0.0,0.0,0.0,79,30.580921173095703
beam_width,80.0,3,1.0,1.0,1.0,1.0,1.0,1.0,0.9042675893886966,1.0,0.8252631578947368,79,30.56136989593506
beam_width,160.0,1,1.0,1.0,1.0,0.0,0.0,0.0,0.0,0.0,0.0,79,33.44693183898926
beam_width,160.0,2,1.0,1.0,1.0,1.0,1.0,1.0,0.0,0.0,0.0,79,30.960981369018555
beam_width,160.0,3,1.0,1.0,1.0,1.0,1.0,1.0,0.9042675893886966,1.0,0.8252631578947368,79,30.3672399520874
rsd_min_support,0.01,1,1.0,1.0,1.0,0.0,0.0,0.0,0.0,0.0,0.0,79,33.605881452560425
rsd_min_support,0.01,2,1.0,1.0,1.0,1.0,1.0,1.0,0.0,0.0,0.0,79,34.78037643432617
rsd_min_support,0.01,3,1.0,1.0,1.0,1.0,1.0,1.0,1.0,1.0,1.0,79,35.71280002593994
rsd_min_support,0.025,1,1.0,1.0,1.0,0.0,0.0,0.0,0.0,0.0,0.0,79,31.633520364761356
rsd_min_support,0.025,2,1.0,1.0,1.0,1.0,1.0,1.0,0.0,0.0,0.0,79,31.7888503074646
rsd_min_support,0.025,3,1.0,1.0,1.0,1.0,1.0,1.0,0.9042675893886966,1.0,0.8252631578947368,79,30.691662311553955
rsd_min_support,0.05,1,1.0,1.0,1.0,0.0,0.0,0.0,0.0,0.0,0.0,79,28.613571166992188
rsd_min_support,0.05,2,1.0,1.0,1.0,0.8621997471554994,1.0,0.7577777777777778,0.0,0.0,0.0,79,26.90715074539185
rsd_min_support,0.05,3,1.0,1.0,1.0,0.8621997471554994,1.0,0.7577777777777778,0.9042675893886966,1.0,0.8252631578947368,79,26.14970731735229
rsd_min_support,0.1,1,1.0,1.0,1.0,0.0,0.0,0.0,0.0,0.0,0.0,79,19.29621648788452
rsd_min_support,0.1,2,1.0,1.0,1.0,1.0,1.0,1.0,0.0,0.0,0.0,79,19.001749515533447
rsd_min_support,0.1,3,1.0,1.0,1.0,1.0,1.0,1.0,1.0,1.0,1.0,79,15.789417505264282
beam_width,20.0,1,1.0,1.0,1.0,0.0,0.0,0.0,0.0,0.0,0.0,8,35.13433504104614
beam_width,20.0,2,0.9494252873563218,1.0,0.9037199124726476,0.7954802259887005,1.0,0.6604127579737336,0.0,0.0,0.0,8,33.7487518787384
beam_width,20.0,3,1.0,1.0,1.0,0.7954802259887005,1.0,0.6604127579737336,1.0,1.0,1.0,8,29.904470205307007
beam_width,40.0,1,1.0,1.0,1.0,0.0,0.0,0.0,0.0,0.0,0.0,8,30.927550077438354
beam_width,40.0,2,0.9494252873563218,1.0,0.9037199124726476,0.7954802259887005,1.0,0.6604127579737336,0.0,0.0,0.0,8,32.19217324256897
beam_width,40.0,3,1.0,1.0,1.0,0.7954802259887005,1.0,0.6604127579737336,1.0,1.0,1.0,8,30.181843042373657
beam_width,80.0,1,1.0,1.0,1.0,0.0,0.0,0.0,0.0,0.0,0.0,8,29.12756609916687
beam_width,80.0,2,0.9494252873563218,1.0,0.9037199124726476,0.7954802259887005,1.0,0.6604127579737336,0.0,0.0,0.0,8,32.42688488960266
beam_width,80.0,3,1.0,1.0,1.0,0.7954802259887005,1.0,0.6604127579737336,1.0,1.0,1.0,8,29.89332389831543
beam_width,160.0,1,1.0,1.0,1.0,0.0,0.0,0.0,0.0,0.0,0.0,8,33.353400230407715
beam_width,160.0,2,0.9494252873563218,1.0,0.9037199124726476,0.7954802259887005,1.0,0.6604127579737336,0.0,0.0,0.0,8,32.32576560974121
beam_width,160.0,3,1.0,1.0,1.0,0.7954802259887005,1.0,0.6604127579737336,1.0,1.0,1.0,8,29.85891485214233
rsd_min_support,0.01,1,1.0,1.0,1.0,0.0,0.0,0.0,0.0,0.0,0.0,8,33.98526906967163
rsd_min_support,0.01,2,1.0,1.0,1.0,0.7954802259887005,1.0,0.6604127579737336,0.0,0.0,0.0,8,33.51273274421692
rsd_min_support,0.01,3,1.0,1.0,1.0,0.7954802259887005,1.0,0.6604127579737336,1.0,1.0,1.0,8,33.91648507118225
rsd_min_support,0.025,1,1.0,1.0,1.0,0.0,0.0,0.0,0.0,0.0,0.0,8,33.14776539802551
rsd_min_support,0.025,2,0.9494252873563218,1.0,0.9037199124726476,0.7954802259887005,1.0,0.6604127579737336,0.0,0.0,0.0,8,32.287938833236694
rsd_min_support,0.025,3,1.0,1.0,1.0,0.7954802259887005,1.0,0.6604127579737336,1.0,1.0,1.0,8,30.08502840995789
rsd_min_support,0.05,1,1.0,1.0,1.0,0.0,0.0,0.0,0.0,0.0,0.0,8,29.40097689628601
rsd_min_support,0.05,2,0.9494252873563218,1.0,0.9037199124726476,0.7954802259887005,1.0,0.6604127579737336,0.0,0.0,0.0,8,27.140469551086422
rsd_min_support,0.05,3,1.0,1.0,1.0,0.7954802259887005,1.0,0.6604127579737336,0.8848484848484849,1.0,0.7934782608695652,8,25.949938535690308
rsd_min_support,0.1,1,1.0,1.0,1.0,0.0,0.0,0.0,0.0,0.0,0.0,8,21.228577136993408
rsd_min_support,0.1,2,1.0,1.0,1.0,0.9122448979591836,1.0,0.8386491557223265,0.0,0.0,0.0,8,17.726417064666748
rsd_min_support,0.1,3,1.0,1.0,1.0,0.9122448979591836,1.0,0.8386491557223265,0.8848484848484849,1.0,0.7934782608695652,8,17.204386234283447
beam_width,20.0,1,1.0,1.0,1.0,0.0,0.0,0.0,0.0,0.0,0.0,80,18.236737728118896
beam_width,20.0,2,1.0,1.0,1.0,1.0,1.0,1.0,0.0,0.0,0.0,80,32.0642876625061
beam_width,20.0,3,1.0,1.0,1.0,0.925969447708578,1.0,0.862144420131291,1.0,1.0,1.0,80,31.746526956558228
beam_width,40.0,1,1.0,1.0,1.0,0.0,0.0,0.0,0.0,0.0,0.0,80,17.248940229415894
beam_width,40.0,2,1.0,1.0,1.0,1.0,1.0,1.0,0.0,0.0,0.0,80,31.884296417236328
beam_width,40.0,3,1.0,1.0,1.0,0.925969447708578,1.0,0.862144420131291,1.0,1.0,1.0,80,31.78611445426941
beam_width,80.0,1,1.0,1.0,1.0,0.0,0.0,0.0,0.0,0.0,0.0,80,17.077637910842896
beam_width,80.0,2,1.0,1.0,1.0,1.0,1.0,1.0,0.0,0.0,0.0,80,33.54337525367737
beam_width,80.0,3,1.0,1.0,1.0,0.925969447708578,1.0,0.862144420131291,1.0,1.0,1.0,80,31.080016136169437
beam_width,160.0,1,1.0,1.0,1.0,0.0,0.0,0.0,0.0,0.0,0.0,80,17.135950803756714
beam_width,160.0,2,1.0,1.0,1.0,1.0,1.0,1.0,0.0,0.0,0.0,80,32.76460933685303
beam_width,160.0,3,1.0,1.0,1.0,0.925969447708578,1.0,0.862144420131291,1.0,1.0,1.0,80,32.15486407279968
rsd_min_support,0.01,1,1.0,1.0,1.0,0.0,0.0,0.0,0.0,0.0,0.0,80,18.09444832801819
rsd_min_support,0.01,2,1.0,1.0,1.0,1.0,1.0,1.0,0.0,0.0,0.0,80,35.03420305252075
rsd_min_support,0.01,3,1.0,1.0,1.0,0.925969447708578,1.0,0.862144420131291,1.0,1.0,1.0,80,36.23217439651489
rsd_min_support,0.025,1,1.0,1.0,1.0,0.0,0.0,0.0,0.0,0.0,0.0,80,17.45008111000061
rsd_min_support,0.025,2,1.0,1.0,1.0,1.0,1.0,1.0,0.0,0.0,0.0,80,32.567376375198364
rsd_min_support,0.025,3,1.0,1.0,1.0,0.925969447708578,1.0,0.862144420131291,1.0,1.0,1.0,80,31.886510610580444
rsd_min_support,0.05,1,1.0,1.0,1.0,0.0,0.0,0.0,0.0,0.0,0.0,80,15.810295581817629
rsd_min_support,0.05,2,1.0,1.0,1.0,1.0,1.0,1.0,0.0,0.0,0.0,80,29.08185768127441
rsd_min_support,0.05,3,1.0,1.0,1.0,0.8206451612903225,1.0,0.6958424507658644,1.0,1.0,1.0,80,26.435158729553223
rsd_min_support,0.1,1,1.0,1.0,1.0,0.0,0.0,0.0,0.0,0.0,0.0,80,13.198686361312866
rsd_min_support,0.1,2,1.0,1.0,1.0,1.0,1.0,1.0,0.0,0.0,0.0,80,20.552348613739014
rsd_min_support,0.1,3,1.0,1.0,1.0,1.0,1.0,1.0,1.0,1.0,1.0,80,17.33503770828247
beam_width,20.0,1,1.0,1.0,1.0,0.0,0.0,0.0,0.0,0.0,0.0,81,35.41754746437073
beam_width,20.0,2,1.0,1.0,1.0,0.912280701754386,1.0,0.8387096774193549,0.0,0.0,0.0,81,27.100582599639893
beam_width,20.0,3,0.984936268829664,1.0,0.9703196347031964,0.912280701754386,1.0,0.8387096774193549,1.0,1.0,1.0,81,29.98343086242676
beam_width,40.0,1,1.0,1.0,1.0,0.0,0.0,0.0,0.0,0.0,0.0,81,30.80240297317505
beam_width,40.0,2,1.0,1.0,1.0,0.912280701754386,1.0,0.8387096774193549,0.0,0.0,0.0,81,28.74984169006348
beam_width,40.0,3,0.984936268829664,1.0,0.9703196347031964,0.912280701754386,1.0,0.8387096774193549,1.0,1.0,1.0,81,29.291560888290405
beam_width,80.0,1,1.0,1.0,1.0,0.0,0.0,0.0,0.0,0.0,0.0,81,32.909761905670166
beam_width,80.0,2,1.0,1.0,1.0,0.912280701754386,1.0,0.8387096774193549,0.0,0.0,0.0,81,27.93368935585022
beam_width,80.0,3,0.984936268829664,1.0,0.9703196347031964,0.912280701754386,1.0,0.8387096774193549,1.0,1.0,1.0,81,29.13351249694824
beam_width,160.0,1,1.0,1.0,1.0,0.0,0.0,0.0,0.0,0.0,0.0,81,31.46546101570129
beam_width,160.0,2,1.0,1.0,1.0,0.912280701754386,1.0,0.8387096774193549,0.0,0.0,0.0,81,27.516908407211304
beam_width,160.0,3,0.984936268829664,1.0,0.9703196347031964,0.912280701754386,1.0,0.8387096774193549,1.0,1.0,1.0,81,28.59407091140747
rsd_min_support,0.01,1,1.0,1.0,1.0,0.0,0.0,0.0,0.0,0.0,0.0,81,35.26451826095581
rsd_min_support,0.01,2,1.0,1.0,1.0,1.0,1.0,1.0,0.0,0.0,0.0,81,33.17928671836853
rsd_min_support,0.01,3,0.984936268829664,1.0,0.9703196347031964,0.912280701754386,1.0,0.8387096774193549,1.0,1.0,1.0,81,32.23713254928589
rsd_min_support,0.025,1,1.0,1.0,1.0,0.0,0.0,0.0,0.0,0.0,0.0,81,31.922096252441406
rsd_min_support,0.025,2,1.0,1.0,1.0,0.912280701754386,1.0,0.8387096774193549,0.0,0.0,0.0,81,28.05543708801269
rsd_min_support,0.025,3,0.984936268829664,1.0,0.9703196347031964,0.912280701754386,1.0,0.8387096774193549,1.0,1.0,1.0,81,28.546862363815308
rsd_min_support,0.05,1,0.8130081300813007,1.0,0.684931506849315,0.0,0.0,0.0,0.0,0.0,0.0,81,28.14263939857483
rsd_min_support,0.05,2,0.8130081300813007,1.0,0.684931506849315,0.912280701754386,1.0,0.8387096774193549,0.0,0.0,0.0,81,26.50810122489929
rsd_min_support,0.05,3,0.984936268829664,1.0,0.9703196347031964,0.912280701754386,1.0,0.8387096774193549,0.8946840521564694,1.0,0.809437386569873,81,25.304331302642822
rsd_min_support,0.1,1,0.984936268829664,1.0,0.9703196347031964,0.0,0.0,0.0,0.0,0.0,0.0,81,20.096386432647705
rsd_min_support,0.1,2,0.984936268829664,1.0,0.9703196347031964,1.0,1.0,1.0,0.0,0.0,0.0,81,17.98387098312378
rsd_min_support,0.1,3,0.984936268829664,1.0,0.9703196347031964,1.0,1.0,1.0,0.8946840521564694,1.0,0.809437386569873,81,16.20786190032959
beam_width,20.0,1,1.0,1.0,1.0,0.0,0.0,0.0,0.0,0.0,0.0,82,22.743255138397217
beam_width,20.0,2,1.0,1.0,1.0,0.8705179282868526,1.0,0.7707231040564374,0.0,0.0,0.0,82,34.09947419166565
beam_width,20.0,3,1.0,1.0,1.0,1.0,1.0,1.0,1.0,1.0,1.0,82,30.354841470718384
beam_width,40.0,1,1.0,1.0,1.0,0.0,0.0,0.0,0.0,0.0,0.0,82,17.433592319488525
beam_width,40.0,2,1.0,1.0,1.0,0.8705179282868526,1.0,0.7707231040564374,0.0,0.0,0.0,82,32.76418256759644
beam_width,40.0,3,1.0,1.0,1.0,1.0,1.0,1.0,1.0,1.0,1.0,82,31.52997922897339
beam_width,80.0,1,1.0,1.0,1.0,0.0,0.0,0.0,0.0,0.0,0.0,82,16.987032175064087
beam_width,80.0,2,1.0,1.0,1.0,0.8705179282868526,1.0,0.7707231040564374,0.0,0.0,0.0,82,33.21007037162781
beam_width,80.0,3,1.0,1.0,1.0,1.0,1.0,1.0,1.0,1.0,1.0,82,29.316548109054565
beam_width,160.0,1,1.0,1.0,1.0,0.0,0.0,0.0,0.0,0.0,0.0,82,18.69045615196228
beam_width,160.0,2,1.0,1.0,1.0,0.8705179282868526,1.0,0.7707231040564374,0.0,0.0,0.0,82,33.47466540336609
beam_width,160.0,3,1.0,1.0,1.0,1.0,1.0,1.0,1.0,1.0,1.0,82,31.272069215774536
rsd_min_support,0.01,1,1.0,1.0,1.0,0.0,0.0,0.0,0.0,0.0,0.0,82,22.547455072402958
rsd_min_support,0.01,2,1.0,1.0,1.0,1.0,1.0,1.0,0.0,0.0,0.0,82,36.66923546791077
rsd_min_support,0.01,3,1.0,1.0,1.0,1.0,1.0,1.0,1.0,1.0,1.0,82,34.71064782142639
rsd_min_support,0.025,1,1.0,1.0,1.0,0.0,0.0,0.0,0.0,0.0,0.0,82,18.665228605270386
rsd_min_support,0.025,2,1.0,1.0,1.0,0.8705179282868526,1.0,0.7707231040564374,0.0,0.0,0.0,82,32.768178939819336
rsd_min_support,0.025,3,1.0,1.0,1.0,1.0,1.0,1.0,1.0,1.0,1.0,82,30.83125686645508
rsd_min_support,0.05,1,1.0,1.0,1.0,0.0,0.0,0.0,0.0,0.0,0.0,82,19.788265705108643
rsd_min_support,0.05,2,1.0,1.0,1.0,0.8705179282868526,1.0,0.7707231040564374,0.0,0.0,0.0,82,27.085490465164185
rsd_min_support,0.05,3,1.0,1.0,1.0,1.0,1.0,1.0,1.0,1.0,1.0,82,25.24037861824036
rsd_min_support,0.1,1,1.0,1.0,1.0,0.0,0.0,0.0,0.0,0.0,0.0,82,13.702910900115969
rsd_min_support,0.1,2,1.0,1.0,1.0,0.8914956011730205,1.0,0.8042328042328042,0.0,0.0,0.0,82,17.58527421951294
rsd_min_support,0.1,3,1.0,1.0,1.0,0.8914956011730205,1.0,0.8042328042328042,1.0,1.0,1.0,82,19.28010892868042
beam_width,20.0,1,1.0,1.0,1.0,0.0,0.0,0.0,0.0,0.0,0.0,83,28.450422286987305
beam_width,20.0,2,1.0,1.0,1.0,1.0,1.0,1.0,0.0,0.0,0.0,83,33.2690486907959
beam_width,20.0,3,1.0,1.0,1.0,1.0,1.0,1.0,1.0,1.0,1.0,83,29.582852602005005
beam_width,40.0,1,1.0,1.0,1.0,0.0,0.0,0.0,0.0,0.0,0.0,83,32.145832538604736
beam_width,40.0,2,1.0,1.0,1.0,1.0,1.0,1.0,0.0,0.0,0.0,83,33.82494235038757
beam_width,40.0,3,1.0,1.0,1.0,1.0,1.0,1.0,1.0,1.0,1.0,83,30.158905029296875
beam_width,80.0,1,1.0,1.0,1.0,0.0,0.0,0.0,0.0,0.0,0.0,83,30.743407487869263
beam_width,80.0,2,1.0,1.0,1.0,1.0,1.0,1.0,0.0,0.0,0.0,83,32.31680178642273
beam_width,80.0,3,1.0,1.0,1.0,1.0,1.0,1.0,1.0,1.0,1.0,83,30.46525549888611
beam_width,160.0,1,1.0,1.0,1.0,0.0,0.0,0.0,0.0,0.0,0.0,83,29.65277576446533
beam_width,160.0,2,1.0,1.0,1.0,1.0,1.0,1.0,0.0,0.0,0.0,83,31.438223838806152
beam_width,160.0,3,1.0,1.0,1.0,1.0,1.0,1.0,1.0,1.0,1.0,83,30.359452724456787
rsd_min_support,0.01,1,1.0,1.0,1.0,0.0,0.0,0.0,0.0,0.0,0.0,83,33.91406869888306
rsd_min_support,0.01,2,1.0,1.0,1.0,1.0,1.0,1.0,0.0,0.0,0.0,83,37.14057946205139
rsd_min_support,0.01,3,1.0,1.0,1.0,1.0,1.0,1.0,1.0,1.0,1.0,83,34.924397468566895
rsd_min_support,0.025,1,1.0,1.0,1.0,0.0,0.0,0.0,0.0,0.0,0.0,83,32.6298291683197
rsd_min_support,0.025,2,1.0,1.0,1.0,1.0,1.0,1.0,0.0,0.0,0.0,83,32.820162296295166
rsd_min_support,0.025,3,1.0,1.0,1.0,1.0,1.0,1.0,1.0,1.0,1.0,83,29.96789073944092
rsd_min_support,0.05,1,0.7437325905292479,1.0,0.5920177383592018,0.0,0.0,0.0,0.0,0.0,0.0,83,26.53578472137451
rsd_min_support,0.05,2,0.7534246575342465,0.7764705882352941,0.7317073170731707,1.0,1.0,1.0,0.0,0.0,0.0,83,26.450303077697757
rsd_min_support,0.05,3,1.0,1.0,1.0,1.0,1.0,1.0,0.8491008600469117,1.0,0.7377717391304348,83,26.283904790878296
rsd_min_support,0.1,1,1.0,1.0,1.0,0.0,0.0,0.0,0.0,0.0,0.0,83,18.20395374298096
rsd_min_support,0.1,2,1.0,1.0,1.0,1.0,1.0,1.0,0.0,0.0,0.0,83,18.66178822517395
rsd_min_support,0.1,3,1.0,1.0,1.0,1.0,1.0,1.0,0.8491008600469117,1.0,0.7377717391304348,83,17.627625465393066
beam_width,20.0,1,1.0,1.0,1.0,0.0,0.0,0.0,0.0,0.0,0.0,84,30.827794075012207
beam_width,20.0,2,1.0,1.0,1.0,1.0,1.0,1.0,0.0,0.0,0.0,84,29.776756048202515
beam_width,20.0,3,0.9310344827586208,1.0,0.8709677419354839,1.0,1.0,1.0,1.0,1.0,1.0,84,29.047969818115234
beam_width,40.0,1,1.0,1.0,1.0,0.0,0.0,0.0,0.0,0.0,0.0,84,31.19416379928589
beam_width,40.0,2,1.0,1.0,1.0,1.0,1.0,1.0,0.0,0.0,0.0,84,29.776618719100952
beam_width,40.0,3,1.0,1.0,1.0,1.0,1.0,1.0,1.0,1.0,1.0,84,29.03765273094177
beam_width,80.0,1,1.0,1.0,1.0,0.0,0.0,0.0,0.0,0.0,0.0,84,31.85440349578857
beam_width,80.0,2,1.0,1.0,1.0,1.0,1.0,1.0,0.0,0.0,0.0,84,29.173875093460083
beam_width,80.0,3,0.7623574144486692,1.0,0.6159754224270353,1.0,1.0,1.0,1.0,1.0,1.0,84,28.78913378715515
beam_width,160.0,1,1.0,1.0,1.0,0.0,0.0,0.0,0.0,0.0,0.0,84,30.533469438552856
beam_width,160.0,2,1.0,1.0,1.0,1.0,1.0,1.0,0.0,0.0,0.0,84,28.61422324180603
beam_width,160.0,3,1.0,1.0,1.0,1.0,1.0,1.0,1.0,1.0,1.0,84,29.12286400794983
rsd_min_support,0.01,1,1.0,1.0,1.0,0.0,0.0,0.0,0.0,0.0,0.0,84,34.67968130111694
rsd_min_support,0.01,2,1.0,1.0,1.0,1.0,1.0,1.0,0.0,0.0,0.0,84,34.15296006202698
rsd_min_support,0.01,3,0.7623574144486692,1.0,0.6159754224270353,1.0,1.0,1.0,1.0,1.0,1.0,84,34.1895170211792
rsd_min_support,0.025,1,1.0,1.0,1.0,0.0,0.0,0.0,0.0,0.0,0.0,84,33.06074357032776
rsd_min_support,0.025,2,1.0,1.0,1.0,1.0,1.0,1.0,0.0,0.0,0.0,84,29.743065118789676
rsd_min_support,0.025,3,0.7623574144486692,1.0,0.6159754224270353,1.0,1.0,1.0,1.0,1.0,1.0,84,29.221267700195312
rsd_min_support,0.05,1,1.0,1.0,1.0,0.0,0.0,0.0,0.0,0.0,0.0,84,26.40107107162476
rsd_min_support,0.05,2,1.0,1.0,1.0,0.8326271186440677,1.0,0.7132486388384754,0.0,0.0,0.0,84,23.623798370361328
rsd_min_support,0.05,3,1.0,1.0,1.0,0.8326271186440677,1.0,0.7132486388384754,0.8339973439575032,1.0,0.715261958997722,84,24.418506383895878
rsd_min_support,0.1,1,1.0,1.0,1.0,0.0,0.0,0.0,0.0,0.0,0.0,84,18.63265919685364
rsd_min_support,0.1,2,1.0,1.0,1.0,0.9434324065196548,1.0,0.8929219600725953,0.0,0.0,0.0,84,16.173840045928955
rsd_min_support,0.1,3,1.0,1.0,1.0,0.9434324065196548,1.0,0.8929219600725953,1.0,1.0,1.0,84,17.065988779067993
beam_width,20.0,1,0.9249692496924968,1.0,0.8604118993135011,0.0,0.0,0.0,0.0,0.0,0.0,85,17.109932899475098
beam_width,20.0,2,1.0,1.0,1.0,0.9036363636363636,1.0,0.824212271973466,0.0,0.0,0.0,85,30.80049204826355
beam_width,20.0,3,1.0,1.0,1.0,0.9036363636363636,1.0,0.824212271973466,0.912280701754386,1.0,0.8387096774193549,85,29.459360599517822
beam_width,40.0,1,0.9249692496924968,1.0,0.8604118993135011,0.0,0.0,0.0,0.0,0.0,0.0,85,15.912837266921995
beam_width,40.0,2,1.0,1.0,1.0,0.9036363636363636,1.0,0.824212271973466,0.0,0.0,0.0,85,30.49444556236267
beam_width,40.0,3,1.0,1.0,1.0,0.9036363636363636,1.0,0.824212271973466,0.912280701754386,1.0,0.8387096774193549,85,29.53741431236267
beam_width,80.0,1,0.9249692496924968,1.0,0.8604118993135011,0.0,0.0,0.0,0.0,0.0,0.0,85,16.255534172058105
beam_width,80.0,2,1.0,1.0,1.0,0.9036363636363636,1.0,0.824212271973466,0.0,0.0,0.0,85,32.30998158454895
beam_width,80.0,3,1.0,1.0,1.0,0.9036363636363636,1.0,0.824212271973466,0.912280701754386,1.0,0.8387096774193549,85,29.423837661743164
beam_width,160.0,1,0.9249692496924968,1.0,0.8604118993135011,0.0,0.0,0.0,0.0,0.0,0.0,85,16.222522020339966
beam_width,160.0,2,1.0,1.0,1.0,0.9036363636363636,1.0,0.824212271973466,0.0,0.0,0.0,85,30.50077986717224
beam_width,160.0,3,1.0,1.0,1.0,0.9036363636363636,1.0,0.824212271973466,0.912280701754386,1.0,0.8387096774193549,85,30.57646155357361
rsd_min_support,0.01,1,0.963226571767497,1.0,0.9290617848970252,0.0,0.0,0.0,0.0,0.0,0.0,85,23.633240222930908
rsd_min_support,0.01,2,1.0,1.0,1.0,0.9036363636363636,1.0,0.824212271973466,0.0,0.0,0.0,85,33.999347448349
rsd_min_support,0.01,3,1.0,1.0,1.0,0.9036363636363636,1.0,0.824212271973466,0.9223638470451913,1.0,0.8559139784946237,85,33.41627526283264
rsd_min_support,0.025,1,0.9249692496924968,1.0,0.8604118993135011,0.0,0.0,0.0,0.0,0.0,0.0,85,16.000536918640137
rsd_min_support,0.025,2,1.0,1.0,1.0,0.9036363636363636,1.0,0.824212271973466,0.0,0.0,0.0,85,30.864799737930294
rsd_min_support,0.025,3,1.0,1.0,1.0,0.9036363636363636,1.0,0.824212271973466,0.912280701754386,1.0,0.8387096774193549,85,28.922314643859863
rsd_min_support,0.05,1,0.9249692496924968,1.0,0.8604118993135011,0.0,0.0,0.0,0.0,0.0,0.0,85,14.742123126983644
rsd_min_support,0.05,2,1.0,1.0,1.0,0.9036363636363636,1.0,0.824212271973466,0.0,0.0,0.0,85,24.50682544708252
rsd_min_support,0.05,3,1.0,1.0,1.0,0.9036363636363636,1.0,0.824212271973466,0.912280701754386,1.0,0.8387096774193549,85,23.475666046142575
rsd_min_support,0.1,1,1.0,1.0,1.0,0.0,0.0,0.0,0.0,0.0,0.0,85,12.375749349594116
rsd_min_support,0.1,2,1.0,1.0,1.0,1.0,1.0,1.0,0.0,0.0,0.0,85,16.656293869018555
rsd_min_support,0.1,3,1.0,1.0,1.0,1.0,1.0,1.0,1.0,1.0,1.0,85,14.383609294891356
beam_width,20.0,1,0.9074550128534704,1.0,0.8305882352941176,0.0,0.0,0.0,0.0,0.0,0.0,86,16.94991970062256
beam_width,20.0,2,1.0,1.0,1.0,1.0,1.0,1.0,0.0,0.0,0.0,86,31.116605758666992
beam_width,20.0,3,1.0,1.0,1.0,1.0,1.0,1.0,1.0,1.0,1.0,86,30.663431644439697
beam_width,40.0,1,0.9074550128534704,1.0,0.8305882352941176,0.0,0.0,0.0,0.0,0.0,0.0,86,16.07141613960266
beam_width,40.0,2,1.0,1.0,1.0,1.0,1.0,1.0,0.0,0.0,0.0,86,31.782934188842773
beam_width,40.0,3,1.0,1.0,1.0,1.0,1.0,1.0,1.0,1.0,1.0,86,30.331952571868896
beam_width,80.0,1,0.9074550128534704,1.0,0.8305882352941176,0.0,0.0,0.0,0.0,0.0,0.0,86,16.09440326690674
beam_width,80.0,2,1.0,1.0,1.0,1.0,1.0,1.0,0.0,0.0,0.0,86,32.64196252822876
beam_width,80.0,3,1.0,1.0,1.0,1.0,1.0,1.0,1.0,1.0,1.0,86,31.0281023979187
beam_width,160.0,1,0.9074550128534704,1.0,0.8305882352941176,0.0,0.0,0.0,0.0,0.0,0.0,86,16.278319358825684
beam_width,160.0,2,1.0,1.0,1.0,1.0,1.0,1.0,0.0,0.0,0.0,86,31.871214151382446
beam_width,160.0,3,1.0,1.0,1.0,1.0,1.0,1.0,1.0,1.0,1.0,86,30.44107460975647
rsd_min_support,0.01,1,1.0,1.0,1.0,0.0,0.0,0.0,0.0,0.0,0.0,86,23.41707754135132
rsd_min_support,0.01,2,1.0,1.0,1.0,1.0,1.0,1.0,0.0,0.0,0.0,86,35.368605852127075
rsd_min_support,0.01,3,1.0,1.0,1.0,1.0,1.0,1.0,1.0,1.0,1.0,86,35.64495038986206
rsd_min_support,0.025,1,0.9074550128534704,1.0,0.8305882352941176,0.0,0.0,0.0,0.0,0.0,0.0,86,15.825686693191528
rsd_min_support,0.025,2,1.0,1.0,1.0,1.0,1.0,1.0,0.0,0.0,0.0,86,32.370991468429565
rsd_min_support,0.025,3,1.0,1.0,1.0,1.0,1.0,1.0,1.0,1.0,1.0,86,30.74122714996338
rsd_min_support,0.05,1,0.9074550128534704,1.0,0.8305882352941176,0.0,0.0,0.0,0.0,0.0,0.0,86,15.204904794692991
rsd_min_support,0.05,2,1.0,1.0,1.0,1.0,1.0,1.0,0.0,0.0,0.0,86,26.330358028411865
rsd_min_support,0.05,3,1.0,1.0,1.0,1.0,1.0,1.0,1.0,1.0,1.0,86,24.10709571838379
rsd_min_support,0.1,1,1.0,1.0,1.0,0.0,0.0,0.0,0.0,0.0,0.0,86,12.57844614982605
rsd_min_support,0.1,2,1.0,1.0,1.0,1.0,1.0,1.0,0.0,0.0,0.0,86,18.31615400314331
rsd_min_support,0.1,3,1.0,1.0,1.0,1.0,1.0,1.0,0.8974895397489541,1.0,0.8140417457305503,86,17.125520944595337
beam_width,20.0,1,0.9164677804295944,1.0,0.8458149779735683,0.0,0.0,0.0,0.0,0.0,0.0,87,33.11397647857666
beam_width,20.0,2,1.0,1.0,1.0,0.982017200938233,1.0,0.9646697388632872,0.0,0.0,0.0,87,29.638570308685303
beam_width,20.0,3,1.0,1.0,1.0,0.982017200938233,1.0,0.9646697388632872,1.0,1.0,1.0,87,28.31655859947205
beam_width,40.0,1,0.9164677804295944,1.0,0.8458149779735683,0.0,0.0,0.0,0.0,0.0,0.0,87,28.61448454856873
beam_width,40.0,2,1.0,1.0,1.0,0.982017200938233,1.0,0.9646697388632872,0.0,0.0,0.0,87,30.155235528945923
beam_width,40.0,3,1.0,1.0,1.0,0.982017200938233,1.0,0.9646697388632872,1.0,1.0,1.0,87,27.84880471229553
beam_width,80.0,1,0.9164677804295944,1.0,0.8458149779735683,0.0,0.0,0.0,0.0,0.0,0.0,87,34.038731813430786
beam_width,80.0,2,1.0,1.0,1.0,0.982017200938233,1.0,0.9646697388632872,0.0,0.0,0.0,87,29.026893615722656
beam_width,80.0,3,1.0,1.0,1.0,0.982017200938233,1.0,0.9646697388632872,1.0,1.0,1.0,87,28.547719955444336
beam_width,160.0,1,0.9164677804295944,1.0,0.8458149779735683,0.0,0.0,0.0,0.0,0.0,0.0,87,30.395820140838623
beam_width,160.0,2,1.0,1.0,1.0,0.982017200938233,1.0,0.9646697388632872,0.0,0.0,0.0,87,28.16630983352661
beam_width,160.0,3,1.0,1.0,1.0,0.982017200938233,1.0,0.9646697388632872,1.0,1.0,1.0,87,28.01625156402588
rsd_min_support,0.01,1,1.0,1.0,1.0,0.0,0.0,0.0,0.0,0.0,0.0,87,34.14399337768555
rsd_min_support,0.01,2,1.0,1.0,1.0,0.982017200938233,1.0,0.9646697388632872,0.0,0.0,0.0,87,32.511640787124634
rsd_min_support,0.01,3,1.0,1.0,1.0,0.982017200938233,1.0,0.9646697388632872,1.0,1.0,1.0,87,32.46459150314331
rsd_min_support,0.025,1,0.9164677804295944,1.0,0.8458149779735683,0.0,0.0,0.0,0.0,0.0,0.0,87,32.94444704055786
rsd_min_support,0.025,2,1.0,1.0,1.0,0.982017200938233,1.0,0.9646697388632872,0.0,0.0,0.0,87,28.45020365715027
rsd_min_support,0.025,3,1.0,1.0,1.0,0.982017200938233,1.0,0.9646697388632872,1.0,1.0,1.0,87,28.836297273635864
rsd_min_support,0.05,1,0.9164677804295944,1.0,0.8458149779735683,0.0,0.0,0.0,0.0,0.0,0.0,87,26.825849771499637
rsd_min_support,0.05,2,1.0,1.0,1.0,0.982017200938233,1.0,0.9646697388632872,0.0,0.0,0.0,87,24.697465419769287
rsd_min_support,0.05,3,1.0,1.0,1.0,1.0,1.0,1.0,1.0,1.0,1.0,87,24.20332360267639
rsd_min_support,0.1,1,0.7696476964769647,1.0,0.6255506607929515,0.0,0.0,0.0,0.0,0.0,0.0,87,19.881839275360107
rsd_min_support,0.1,2,0.7696476964769647,1.0,0.6255506607929515,0.982017200938233,1.0,0.9646697388632872,0.0,0.0,0.0,87,17.814945936203003
rsd_min_support,0.1,3,0.7696476964769647,1.0,0.6255506607929515,0.982017200938233,1.0,0.9646697388632872,1.0,1.0,1.0,87,16.01788353919983
beam_width,20.0,1,1.0,1.0,1.0,0.0,0.0,0.0,0.0,0.0,0.0,88,32.117958784103394
beam_width,20.0,2,1.0,1.0,1.0,1.0,1.0,1.0,0.0,0.0,0.0,88,30.764198541641235
beam_width,20.0,3,1.0,1.0,1.0,1.0,1.0,1.0,1.0,1.0,1.0,88,31.505284070968628
beam_width,40.0,1,1.0,1.0,1.0,0.0,0.0,0.0,0.0,0.0,0.0,88,32.413039684295654
beam_width,40.0,2,1.0,1.0,1.0,1.0,1.0,1.0,0.0,0.0,0.0,88,28.48838186264038
beam_width,40.0,3,1.0,1.0,1.0,1.0,1.0,1.0,1.0,1.0,1.0,88,31.528608798980716
beam_width,80.0,1,1.0,1.0,1.0,0.0,0.0,0.0,0.0,0.0,0.0,88,33.95588135719299
beam_width,80.0,2,1.0,1.0,1.0,1.0,1.0,1.0,0.0,0.0,0.0,88,30.40437173843384
beam_width,80.0,3,1.0,1.0,1.0,1.0,1.0,1.0,1.0,1.0,1.0,88,31.08505940437317
beam_width,160.0,1,1.0,1.0,1.0,0.0,0.0,0.0,0.0,0.0,0.0,88,33.936145305633545
beam_width,160.0,2,1.0,1.0,1.0,1.0,1.0,1.0,0.0,0.0,0.0,88,28.954487800598145
beam_width,160.0,3,1.0,1.0,1.0,1.0,1.0,1.0,1.0,1.0,1.0,88,31.1435821056366
rsd_min_support,0.01,1,1.0,1.0,1.0,0.0,0.0,0.0,0.0,0.0,0.0,88,32.462809562683105
rsd_min_support,0.01,2,1.0,1.0,1.0,1.0,1.0,1.0,0.0,0.0,0.0,88,35.211488008499146
rsd_min_support,0.01,3,1.0,1.0,1.0,1.0,1.0,1.0,1.0,1.0,1.0,88,36.2840678691864
rsd_min_support,0.025,1,1.0,1.0,1.0,0.0,0.0,0.0,0.0,0.0,0.0,88,30.4450523853302
rsd_min_support,0.025,2,1.0,1.0,1.0,1.0,1.0,1.0,0.0,0.0,0.0,88,29.662148237228397
rsd_min_support,0.025,3,1.0,1.0,1.0,1.0,1.0,1.0,1.0,1.0,1.0,88,31.301203727722168
rsd_min_support,0.05,1,1.0,1.0,1.0,0.0,0.0,0.0,0.0,0.0,0.0,88,33.83917164802551
rsd_min_support,0.05,2,1.0,1.0,1.0,0.9103101424979044,1.0,0.8353846153846154,0.0,0.0,0.0,88,27.56903386116028
rsd_min_support,0.05,3,1.0,1.0,1.0,1.0,1.0,1.0,0.8191593352883676,1.0,0.6937086092715232,88,27.394803285598755
rsd_min_support,0.1,1,1.0,1.0,1.0,0.0,0.0,0.0,0.0,0.0,0.0,88,22.27961015701294
rsd_min_support,0.1,2,1.0,1.0,1.0,0.9103101424979044,1.0,0.8353846153846154,0.0,0.0,0.0,88,18.28975224494934
rsd_min_support,0.1,3,1.0,1.0,1.0,0.9103101424979044,1.0,0.8353846153846154,0.8237585199610515,1.0,0.7003311258278145,88,18.44600248336792
beam_width,20.0,1,0.9559164733178652,1.0,0.9155555555555556,0.0,0.0,0.0,0.0,0.0,0.0,89,18.67285442352295
beam_width,20.0,2,0.9559164733178652,1.0,0.9155555555555556,1.0,1.0,1.0,0.0,0.0,0.0,89,31.05197787284851
beam_width,20.0,3,0.9559164733178652,1.0,0.9155555555555556,1.0,1.0,1.0,1.0,1.0,1.0,89,27.90224957466125
beam_width,40.0,1,0.9559164733178652,1.0,0.9155555555555556,0.0,0.0,0.0,0.0,0.0,0.0,89,16.438191890716553
beam_width,40.0,2,0.9559164733178652,1.0,0.9155555555555556,1.0,1.0,1.0,0.0,0.0,0.0,89,30.322487592697144
beam_width,40.0,3,0.9559164733178652,1.0,0.9155555555555556,1.0,1.0,1.0,1.0,1.0,1.0,89,27.942172288894653
beam_width,80.0,1,0.9559164733178652,1.0,0.9155555555555556,0.0,0.0,0.0,0.0,0.0,0.0,89,18.290613651275635
beam_width,80.0,2,0.9559164733178652,1.0,0.9155555555555556,1.0,1.0,1.0,0.0,0.0,0.0,89,30.654908895492557
beam_width,80.0,3,0.9559164733178652,1.0,0.9155555555555556,1.0,1.0,1.0,1.0,1.0,1.0,89,27.99300241470337
beam_width,160.0,1,0.9559164733178652,1.0,0.9155555555555556,0.0,0.0,0.0,0.0,0.0,0.0,89,16.63317060470581
beam_width,160.0,2,0.9559164733178652,1.0,0.9155555555555556,1.0,1.0,1.0,0.0,0.0,0.0,89,30.30469512939453
beam_width,160.0,3,0.9559164733178652,1.0,0.9155555555555556,1.0,1.0,1.0,1.0,1.0,1.0,89,27.372100353240967
rsd_min_support,0.01,1,0.9559164733178652,1.0,0.9155555555555556,0.0,0.0,0.0,0.0,0.0,0.0,89,20.58514881134033
rsd_min_support,0.01,2,0.9559164733178652,1.0,0.9155555555555556,1.0,1.0,1.0,0.0,0.0,0.0,89,33.35186719894409
rsd_min_support,0.01,3,0.9559164733178652,1.0,0.9155555555555556,1.0,1.0,1.0,1.0,1.0,1.0,89,31.957305192947388
rsd_min_support,0.025,1,0.9559164733178652,1.0,0.9155555555555556,0.0,0.0,0.0,0.0,0.0,0.0,89,20.779044151306152
rsd_min_support,0.025,2,0.9559164733178652,1.0,0.9155555555555556,1.0,1.0,1.0,0.0,0.0,0.0,89,30.55384850502014
rsd_min_support,0.025,3,0.9559164733178652,1.0,0.9155555555555556,1.0,1.0,1.0,1.0,1.0,1.0,89,29.4018976688385
rsd_min_support,0.05,1,0.9559164733178652,1.0,0.9155555555555556,0.0,0.0,0.0,0.0,0.0,0.0,89,14.36516571044922
rsd_min_support,0.05,2,0.9559164733178652,1.0,0.9155555555555556,0.8554829339143065,1.0,0.7474619289340102,0.0,0.0,0.0,89,24.12869524955749
rsd_min_support,0.05,3,0.9559164733178652,1.0,0.9155555555555556,0.8554829339143065,1.0,0.7474619289340102,1.0,1.0,1.0,89,23.40218734741211
rsd_min_support,0.1,1,1.0,1.0,1.0,0.0,0.0,0.0,0.0,0.0,0.0,89,13.789303541183472
rsd_min_support,0.1,2,1.0,1.0,1.0,0.8554829339143065,1.0,0.7474619289340102,0.0,0.0,0.0,89,18.83561635017395
rsd_min_support,0.1,3,1.0,1.0,1.0,0.8554829339143065,1.0,0.7474619289340102,1.0,1.0,1.0,89,16.812300205230713
beam_width,20.0,1,1.0,1.0,1.0,0.0,0.0,0.0,0.0,0.0,0.0,9,34.76095104217529
beam_width,20.0,2,1.0,1.0,1.0,1.0,1.0,1.0,0.0,0.0,0.0,9,32.011924743652344
beam_width,20.0,3,0.7305122494432071,1.0,0.5754385964912281,1.0,1.0,1.0,1.0,1.0,1.0,9,30.77060031890869
beam_width,40.0,1,1.0,1.0,1.0,0.0,0.0,0.0,0.0,0.0,0.0,9,32.939706325531006
beam_width,40.0,2,1.0,1.0,1.0,1.0,1.0,1.0,0.0,0.0,0.0,9,31.17681097984314
beam_width,40.0,3,0.7305122494432071,1.0,0.5754385964912281,1.0,1.0,1.0,1.0,1.0,1.0,9,30.673927783966064
beam_width,80.0,1,1.0,1.0,1.0,0.0,0.0,0.0,0.0,0.0,0.0,9,36.52121353149414
beam_width,80.0,2,1.0,1.0,1.0,1.0,1.0,1.0,0.0,0.0,0.0,9,31.04276704788208
beam_width,80.0,3,0.7305122494432071,1.0,0.5754385964912281,1.0,1.0,1.0,1.0,1.0,1.0,9,30.80950355529785
beam_width,160.0,1,1.0,1.0,1.0,0.0,0.0,0.0,0.0,0.0,0.0,9,34.37557005882263
beam_width,160.0,2,1.0,1.0,1.0,1.0,1.0,1.0,0.0,0.0,0.0,9,32.0038423538208
beam_width,160.0,3,0.7305122494432071,1.0,0.5754385964912281,1.0,1.0,1.0,1.0,1.0,1.0,9,30.75651788711548
rsd_min_support,0.01,1,1.0,1.0,1.0,0.0,0.0,0.0,0.0,0.0,0.0,9,37.26291871070862
rsd_min_support,0.01,2,1.0,1.0,1.0,1.0,1.0,1.0,0.0,0.0,0.0,9,37.7983295917511
rsd_min_support,0.01,3,0.7305122494432071,1.0,0.5754385964912281,1.0,1.0,1.0,1.0,1.0,1.0,9,36.57169198989868
rsd_min_support,0.025,1,1.0,1.0,1.0,0.0,0.0,0.0,0.0,0.0,0.0,9,37.99207401275635
rsd_min_support,0.025,2,1.0,1.0,1.0,1.0,1.0,1.0,0.0,0.0,0.0,9,31.54757595062256
rsd_min_support,0.025,3,0.7305122494432071,1.0,0.5754385964912281,1.0,1.0,1.0,1.0,1.0,1.0,9,30.65634703636169
rsd_min_support,0.05,1,1.0,1.0,1.0,0.0,0.0,0.0,0.0,0.0,0.0,9,29.845317363739014
rsd_min_support,0.05,2,1.0,1.0,1.0,0.8513513513513514,1.0,0.7411764705882353,0.0,0.0,0.0,9,26.475238800048828
rsd_min_support,0.05,3,1.0,1.0,1.0,0.8513513513513514,1.0,0.7411764705882353,1.0,1.0,1.0,9,24.315274953842163
rsd_min_support,0.1,1,1.0,1.0,1.0,0.0,0.0,0.0,0.0,0.0,0.0,9,21.79693579673767
rsd_min_support,0.1,2,1.0,1.0,1.0,1.0,1.0,1.0,0.0,0.0,0.0,9,20.73602414131165
rsd_min_support,0.1,3,1.0,1.0,1.0,1.0,1.0,1.0,1.0,1.0,1.0,9,17.309397220611572
beam_width,20.0,1,1.0,1.0,1.0,0.0,0.0,0.0,0.0,0.0,0.0,90,35.8641140460968
beam_width,20.0,2,0.7894736842105263,1.0,0.6521739130434783,1.0,1.0,1.0,0.0,0.0,0.0,90,30.85872197151184
beam_width,20.0,3,0.6787234042553191,1.0,0.5136876006441223,0.7249190938511327,1.0,0.5685279187817259,1.0,1.0,1.0,90,30.93181800842285
beam_width,40.0,1,1.0,1.0,1.0,0.0,0.0,0.0,0.0,0.0,0.0,90,33.068265438079834
beam_width,40.0,2,0.7894736842105263,1.0,0.6521739130434783,1.0,1.0,1.0,0.0,0.0,0.0,90,30.733867406845093
beam_width,40.0,3,0.0,0.0,0.0,1.0,1.0,1.0,1.0,1.0,1.0,90,30.679811716079712
beam_width,80.0,1,1.0,1.0,1.0,0.0,0.0,0.0,0.0,0.0,0.0,90,35.438682556152344
beam_width,80.0,2,0.7894736842105263,1.0,0.6521739130434783,1.0,1.0,1.0,0.0,0.0,0.0,90,30.746888399124146
beam_width,80.0,3,0.0,0.0,0.0,1.0,1.0,1.0,1.0,1.0,1.0,90,29.19458222389221
beam_width,160.0,1,1.0,1.0,1.0,0.0,0.0,0.0,0.0,0.0,0.0,90,32.48276376724243
beam_width,160.0,2,0.7894736842105263,1.0,0.6521739130434783,1.0,1.0,1.0,0.0,0.0,0.0,90,30.83461833000183
beam_width,160.0,3,0.6787234042553191,1.0,0.5136876006441223,0.7249190938511327,1.0,0.5685279187817259,1.0,1.0,1.0,90,31.10703539848328
rsd_min_support,0.01,1,1.0,1.0,1.0,0.0,0.0,0.0,0.0,0.0,0.0,90,34.662649631500244
rsd_min_support,0.01,2,0.7894736842105263,1.0,0.6521739130434783,1.0,1.0,1.0,0.0,0.0,0.0,90,36.99661612510681
rsd_min_support,0.01,3,0.6787234042553191,1.0,0.5136876006441223,0.7249190938511327,1.0,0.5685279187817259,1.0,1.0,1.0,90,35.623100996017456
rsd_min_support,0.025,1,1.0,1.0,1.0,0.0,0.0,0.0,0.0,0.0,0.0,90,33.727445125579834
rsd_min_support,0.025,2,0.7894736842105263,1.0,0.6521739130434783,1.0,1.0,1.0,0.0,0.0,0.0,90,30.61730122566223
rsd_min_support,0.025,3,0.6787234042553191,1.0,0.5136876006441223,0.7249190938511327,1.0,0.5685279187817259,1.0,1.0,1.0,90,30.80208706855774
rsd_min_support,0.05,1,1.0,1.0,1.0,0.0,0.0,0.0,0.0,0.0,0.0,90,27.724671125411987
rsd_min_support,0.05,2,0.7894736842105263,1.0,0.6521739130434783,0.7249190938511327,1.0,0.5685279187817259,0.0,0.0,0.0,90,25.95603632926941
rsd_min_support,0.05,3,0.7894736842105263,1.0,0.6521739130434783,0.7249190938511327,1.0,0.5685279187817259,0.8386243386243385,1.0,0.7220956719817767,90,24.58982396125793
rsd_min_support,0.1,1,0.8283018867924529,1.0,0.7069243156199678,0.0,0.0,0.0,0.0,0.0,0.0,90,22.457470893859863
rsd_min_support,0.1,2,0.8283018867924529,1.0,0.7069243156199678,0.7249190938511327,1.0,0.5685279187817259,0.0,0.0,0.0,90,19.19701552391052
rsd_min_support,0.1,3,0.8283018867924529,1.0,0.7069243156199678,0.7249190938511327,1.0,0.5685279187817259,1.0,1.0,1.0,90,16.975780248641968
beam_width,20.0,1,1.0,1.0,1.0,0.0,0.0,0.0,0.0,0.0,0.0,91,33.05328965187073
beam_width,20.0,2,1.0,1.0,1.0,0.9103101424979044,1.0,0.8353846153846154,0.0,0.0,0.0,91,29.032861948013306
beam_width,20.0,3,0.8859934853420195,1.0,0.7953216374269005,1.0,1.0,1.0,1.0,1.0,1.0,91,31.05734395980835
beam_width,40.0,1,1.0,1.0,1.0,0.0,0.0,0.0,0.0,0.0,0.0,91,31.627111673355103
beam_width,40.0,2,1.0,1.0,1.0,0.9103101424979044,1.0,0.8353846153846154,0.0,0.0,0.0,91,30.01300573348999
beam_width,40.0,3,0.8859934853420195,1.0,0.7953216374269005,1.0,1.0,1.0,1.0,1.0,1.0,91,28.546565055847168
beam_width,80.0,1,1.0,1.0,1.0,0.0,0.0,0.0,0.0,0.0,0.0,91,33.97920203208923
beam_width,80.0,2,1.0,1.0,1.0,0.9103101424979044,1.0,0.8353846153846154,0.0,0.0,0.0,91,29.107938528060917
beam_width,80.0,3,0.8859934853420195,1.0,0.7953216374269005,1.0,1.0,1.0,1.0,1.0,1.0,91,28.357338190078732
beam_width,160.0,1,1.0,1.0,1.0,0.0,0.0,0.0,0.0,0.0,0.0,91,30.841144323349
beam_width,160.0,2,1.0,1.0,1.0,0.9103101424979044,1.0,0.8353846153846154,0.0,0.0,0.0,91,29.40945029258728
beam_width,160.0,3,0.8859934853420195,1.0,0.7953216374269005,1.0,1.0,1.0,1.0,1.0,1.0,91,28.269899129867557
rsd_min_support,0.01,1,1.0,1.0,1.0,0.0,0.0,0.0,0.0,0.0,0.0,91,33.830490589141846
rsd_min_support,0.01,2,1.0,1.0,1.0,1.0,1.0,1.0,0.0,0.0,0.0,91,31.78488564491272
rsd_min_support,0.01,3,0.8859934853420195,1.0,0.7953216374269005,1.0,1.0,1.0,1.0,1.0,1.0,91,32.24116110801697
rsd_min_support,0.025,1,1.0,1.0,1.0,0.0,0.0,0.0,0.0,0.0,0.0,91,30.91825008392334
rsd_min_support,0.025,2,1.0,1.0,1.0,0.9103101424979044,1.0,0.8353846153846154,0.0,0.0,0.0,91,29.75643539428711
rsd_min_support,0.025,3,0.8859934853420195,1.0,0.7953216374269005,1.0,1.0,1.0,1.0,1.0,1.0,91,30.81744694709778
rsd_min_support,0.05,1,0.8859934853420195,1.0,0.7953216374269005,0.0,0.0,0.0,0.0,0.0,0.0,91,25.56338858604431
rsd_min_support,0.05,2,0.8859934853420195,1.0,0.7953216374269005,0.9103101424979044,1.0,0.8353846153846154,0.0,0.0,0.0,91,25.465351819992065
rsd_min_support,0.05,3,0.8859934853420195,1.0,0.7953216374269005,0.9103101424979044,1.0,0.8353846153846154,0.7401129943502824,1.0,0.5874439461883408,91,22.88708734512329
rsd_min_support,0.1,1,0.8859934853420195,1.0,0.7953216374269005,0.0,0.0,0.0,0.0,0.0,0.0,91,19.78665041923523
rsd_min_support,0.1,2,0.8859934853420195,1.0,0.7953216374269005,0.9103101424979044,1.0,0.8353846153846154,0.0,0.0,0.0,91,16.218231439590454
rsd_min_support,0.1,3,0.8859934853420195,1.0,0.7953216374269005,0.9103101424979044,1.0,0.8353846153846154,1.0,1.0,1.0,91,15.85845422744751
beam_width,20.0,1,1.0,1.0,1.0,0.0,0.0,0.0,0.0,0.0,0.0,92,22.66219043731689
beam_width,20.0,2,1.0,1.0,1.0,1.0,1.0,1.0,0.0,0.0,0.0,92,28.66336798667908
beam_width,20.0,3,0.8825161887141536,1.0,0.7897350993377483,1.0,1.0,1.0,1.0,1.0,1.0,92,29.856884956359863
beam_width,40.0,1,1.0,1.0,1.0,0.0,0.0,0.0,0.0,0.0,0.0,92,21.76246380805969
beam_width,40.0,2,1.0,1.0,1.0,1.0,1.0,1.0,0.0,0.0,0.0,92,28.95522236824036
beam_width,40.0,3,0.8825161887141536,1.0,0.7897350993377483,1.0,1.0,1.0,1.0,1.0,1.0,92,29.6471905708313
beam_width,80.0,1,1.0,1.0,1.0,0.0,0.0,0.0,0.0,0.0,0.0,92,21.25368809700012
beam_width,80.0,2,1.0,1.0,1.0,1.0,1.0,1.0,0.0,0.0,0.0,92,28.3777449131012
beam_width,80.0,3,0.8825161887141536,1.0,0.7897350993377483,1.0,1.0,1.0,1.0,1.0,1.0,92,29.78006076812744
beam_width,160.0,1,1.0,1.0,1.0,0.0,0.0,0.0,0.0,0.0,0.0,92,30.094606399536133
beam_width,160.0,2,1.0,1.0,1.0,1.0,1.0,1.0,0.0,0.0,0.0,92,28.563881397247314
beam_width,160.0,3,0.8825161887141536,1.0,0.7897350993377483,1.0,1.0,1.0,1.0,1.0,1.0,92,29.645416498184204
rsd_min_support,0.01,1,1.0,1.0,1.0,0.0,0.0,0.0,0.0,0.0,0.0,92,33.159223318099976
rsd_min_support,0.01,2,1.0,1.0,1.0,1.0,1.0,1.0,0.0,0.0,0.0,92,35.0638120174408
rsd_min_support,0.01,3,1.0,1.0,1.0,0.9193669932177844,1.0,0.8507670850767085,1.0,1.0,1.0,92,35.88490867614746
rsd_min_support,0.025,1,1.0,1.0,1.0,0.0,0.0,0.0,0.0,0.0,0.0,92,21.71363520622253
rsd_min_support,0.025,2,1.0,1.0,1.0,1.0,1.0,1.0,0.0,0.0,0.0,92,27.882206439971924
rsd_min_support,0.025,3,0.8825161887141536,1.0,0.7897350993377483,0.9193669932177844,1.0,0.8507670850767085,1.0,1.0,1.0,92,31.25000905990601
rsd_min_support,0.05,1,0.8825161887141536,1.0,0.7897350993377483,0.0,0.0,0.0,0.0,0.0,0.0,92,15.41097617149353
rsd_min_support,0.05,2,0.8825161887141536,1.0,0.7897350993377483,0.9193669932177844,1.0,0.8507670850767085,0.0,0.0,0.0,92,25.33785057067871
rsd_min_support,0.05,3,0.8825161887141536,1.0,0.7897350993377483,0.9193669932177844,1.0,0.8507670850767085,1.0,1.0,1.0,92,25.497093439102173
rsd_min_support,0.1,1,0.8825161887141536,1.0,0.7897350993377483,0.0,0.0,0.0,0.0,0.0,0.0,92,13.031947374343872
rsd_min_support,0.1,2,0.8825161887141536,1.0,0.7897350993377483,0.9193669932177844,1.0,0.8507670850767085,0.0,0.0,0.0,92,19.482030391693115
rsd_min_support,0.1,3,0.8825161887141536,1.0,0.7897350993377483,0.9193669932177844,1.0,0.8507670850767085,0.7205169628432957,1.0,0.5631313131313131,92,18.30930018424988
beam_width,20.0,1,1.0,1.0,1.0,0.0,0.0,0.0,0.0,0.0,0.0,93,35.026867151260376
beam_width,20.0,2,1.0,1.0,1.0,1.0,1.0,1.0,0.0,0.0,0.0,93,32.14026069641113
beam_width,20.0,3,1.0,1.0,1.0,1.0,1.0,1.0,1.0,1.0,1.0,93,30.992555618286133
beam_width,40.0,1,1.0,1.0,1.0,0.0,0.0,0.0,0.0,0.0,0.0,93,34.32331156730652
beam_width,40.0,2,1.0,1.0,1.0,1.0,1.0,1.0,0.0,0.0,0.0,93,32.10938143730164
beam_width,40.0,3,1.0,1.0,1.0,1.0,1.0,1.0,1.0,1.0,1.0,93,30.86273217201233
beam_width,80.0,1,1.0,1.0,1.0,0.0,0.0,0.0,0.0,0.0,0.0,93,33.932111978530884
beam_width,80.0,2,1.0,1.0,1.0,1.0,1.0,1.0,0.0,0.0,0.0,93,32.552063941955566
beam_width,80.0,3,1.0,1.0,1.0,1.0,1.0,1.0,1.0,1.0,1.0,93,31.232468366622925
beam_width,160.0,1,1.0,1.0,1.0,0.0,0.0,0.0,0.0,0.0,0.0,93,33.152278900146484
beam_width,160.0,2,1.0,1.0,1.0,1.0,1.0,1.0,0.0,0.0,0.0,93,31.28854322433472
beam_width,160.0,3,1.0,1.0,1.0,1.0,1.0,1.0,1.0,1.0,1.0,93,30.89474368095398
rsd_min_support,0.01,1,1.0,1.0,1.0,0.0,0.0,0.0,0.0,0.0,0.0,93,35.24001336097717
rsd_min_support,0.01,2,1.0,1.0,1.0,1.0,1.0,1.0,0.0,0.0,0.0,93,35.45308971405029
rsd_min_support,0.01,3,1.0,1.0,1.0,1.0,1.0,1.0,0.8529014844804318,1.0,0.7435294117647059,93,35.212899684906006
rsd_min_support,0.025,1,1.0,1.0,1.0,0.0,0.0,0.0,0.0,0.0,0.0,93,31.819700002670288
rsd_min_support,0.025,2,1.0,1.0,1.0,1.0,1.0,1.0,0.0,0.0,0.0,93,32.74415349960327
rsd_min_support,0.025,3,1.0,1.0,1.0,1.0,1.0,1.0,1.0,1.0,1.0,93,31.220858335494995
rsd_min_support,0.05,1,0.7704728950403692,1.0,0.626641651031895,0.0,0.0,0.0,0.0,0.0,0.0,93,27.41787433624268
rsd_min_support,0.05,2,0.7704728950403692,1.0,0.626641651031895,1.0,1.0,1.0,0.0,0.0,0.0,93,25.264821767807007
rsd_min_support,0.05,3,1.0,1.0,1.0,1.0,1.0,1.0,0.8529014844804318,1.0,0.7435294117647059,93,25.21309876441956
rsd_min_support,0.1,1,1.0,1.0,1.0,0.0,0.0,0.0,0.0,0.0,0.0,93,18.449855089187626
rsd_min_support,0.1,2,1.0,1.0,1.0,0.8462291870714985,1.0,0.733446519524618,0.0,0.0,0.0,93,17.657443523406982
rsd_min_support,0.1,3,1.0,1.0,1.0,0.8462291870714985,1.0,0.733446519524618,1.0,1.0,1.0,93,18.11961340904236
beam_width,20.0,1,1.0,1.0,1.0,0.0,0.0,0.0,0.0,0.0,0.0,94,32.479893922805786
beam_width,20.0,2,1.0,1.0,1.0,1.0,1.0,1.0,0.0,0.0,0.0,94,32.68397259712219
beam_width,20.0,3,1.0,1.0,1.0,0.8177339901477833,1.0,0.6916666666666667,1.0,1.0,1.0,94,30.71575903892517
beam_width,40.0,1,1.0,1.0,1.0,0.0,0.0,0.0,0.0,0.0,0.0,94,32.96956753730774
beam_width,40.0,2,1.0,1.0,1.0,1.0,1.0,1.0,0.0,0.0,0.0,94,30.641921758651733
beam_width,40.0,3,1.0,1.0,1.0,0.8177339901477833,1.0,0.6916666666666667,1.0,1.0,1.0,94,30.795648097991943
beam_width,80.0,1,1.0,1.0,1.0,0.0,0.0,0.0,0.0,0.0,0.0,94,33.24561309814453
beam_width,80.0,2,1.0,1.0,1.0,1.0,1.0,1.0,0.0,0.0,0.0,94,31.452232837677
beam_width,80.0,3,1.0,1.0,1.0,0.8177339901477833,1.0,0.6916666666666667,1.0,1.0,1.0,94,30.76373314857483
beam_width,160.0,1,1.0,1.0,1.0,0.0,0.0,0.0,0.0,0.0,0.0,94,33.088412046432495
beam_width,160.0,2,1.0,1.0,1.0,1.0,1.0,1.0,0.0,0.0,0.0,94,31.93892526626587
beam_width,160.0,3,1.0,1.0,1.0,0.8177339901477833,1.0,0.6916666666666667,1.0,1.0,1.0,94,30.906259536743164
rsd_min_support,0.01,1,1.0,1.0,1.0,0.0,0.0,0.0,0.0,0.0,0.0,94,37.82438015937805
rsd_min_support,0.01,2,1.0,1.0,1.0,1.0,1.0,1.0,0.0,0.0,0.0,94,35.935439109802246
rsd_min_support,0.01,3,1.0,1.0,1.0,0.8177339901477833,1.0,0.6916666666666667,1.0,1.0,1.0,94,34.60809135437012
rsd_min_support,0.025,1,1.0,1.0,1.0,0.0,0.0,0.0,0.0,0.0,0.0,94,32.121092796325684
rsd_min_support,0.025,2,1.0,1.0,1.0,1.0,1.0,1.0,0.0,0.0,0.0,94,31.29198956489563
rsd_min_support,0.025,3,1.0,1.0,1.0,0.8177339901477833,1.0,0.6916666666666667,1.0,1.0,1.0,94,30.557427406311035
rsd_min_support,0.05,1,0.8522267206477733,1.0,0.7425044091710759,0.0,0.0,0.0,0.0,0.0,0.0,94,29.19654583930969
rsd_min_support,0.05,2,1.0,1.0,1.0,0.7891019172552977,1.0,0.6516666666666666,0.0,0.0,0.0,94,24.2533962726593
rsd_min_support,0.05,3,1.0,1.0,1.0,0.8177339901477833,1.0,0.6916666666666667,1.0,1.0,1.0,94,26.670061826705933
rsd_min_support,0.1,1,0.8522267206477733,1.0,0.7425044091710759,0.0,0.0,0.0,0.0,0.0,0.0,94,19.63323211669922
rsd_min_support,0.1,2,0.8522267206477733,1.0,0.7425044091710759,1.0,1.0,1.0,0.0,0.0,0.0,94,18.481401443481445
rsd_min_support,0.1,3,0.8522267206477733,1.0,0.7425044091710759,1.0,1.0,1.0,1.0,1.0,1.0,94,17.1764132976532
beam_width,20.0,1,1.0,1.0,1.0,0.0,0.0,0.0,0.0,0.0,0.0,95,28.826537370681763
beam_width,20.0,2,1.0,1.0,1.0,1.0,1.0,1.0,0.0,0.0,0.0,95,33.66905236244202
beam_width,20.0,3,0.8711340206185566,1.0,0.771689497716895,1.0,1.0,1.0,1.0,1.0,1.0,95,28.72965693473816
beam_width,40.0,1,1.0,1.0,1.0,0.0,0.0,0.0,0.0,0.0,0.0,95,30.3768162727356
beam_width,40.0,2,1.0,1.0,1.0,1.0,1.0,1.0,0.0,0.0,0.0,95,30.19429564476013
beam_width,40.0,3,0.8711340206185566,1.0,0.771689497716895,1.0,1.0,1.0,1.0,1.0,1.0,95,28.180784702301025
beam_width,80.0,1,1.0,1.0,1.0,0.0,0.0,0.0,0.0,0.0,0.0,95,32.02208185195923
beam_width,80.0,2,1.0,1.0,1.0,1.0,1.0,1.0,0.0,0.0,0.0,95,31.920105457305908
beam_width,80.0,3,0.8711340206185566,1.0,0.771689497716895,1.0,1.0,1.0,1.0,1.0,1.0,95,28.672524452209476
beam_width,160.0,1,1.0,1.0,1.0,0.0,0.0,0.0,0.0,0.0,0.0,95,28.15862202644348
beam_width,160.0,2,1.0,1.0,1.0,1.0,1.0,1.0,0.0,0.0,0.0,95,31.43719172477722
beam_width,160.0,3,0.8711340206185566,1.0,0.771689497716895,1.0,1.0,1.0,1.0,1.0,1.0,95,29.221598625183105
rsd_min_support,0.01,1,1.0,1.0,1.0,0.0,0.0,0.0,0.0,0.0,0.0,95,33.01087260246277
rsd_min_support,0.01,2,1.0,1.0,1.0,1.0,1.0,1.0,0.0,0.0,0.0,95,33.540716886520386
rsd_min_support,0.01,3,1.0,1.0,1.0,1.0,1.0,1.0,1.0,1.0,1.0,95,32.577675580978394
rsd_min_support,0.025,1,1.0,1.0,1.0,0.0,0.0,0.0,0.0,0.0,0.0,95,31.02907419204712
rsd_min_support,0.025,2,1.0,1.0,1.0,1.0,1.0,1.0,0.0,0.0,0.0,95,31.87769222259521
rsd_min_support,0.025,3,0.8711340206185566,1.0,0.771689497716895,1.0,1.0,1.0,1.0,1.0,1.0,95,29.14079427719116
rsd_min_support,0.05,1,1.0,1.0,1.0,0.0,0.0,0.0,0.0,0.0,0.0,95,26.933600902557373
rsd_min_support,0.05,2,1.0,1.0,1.0,1.0,1.0,1.0,0.0,0.0,0.0,95,27.00600242614746
rsd_min_support,0.05,3,0.8711340206185566,1.0,0.771689497716895,1.0,1.0,1.0,1.0,1.0,1.0,95,22.944568395614624
rsd_min_support,0.1,1,1.0,1.0,1.0,0.0,0.0,0.0,0.0,0.0,0.0,95,19.814327716827396
rsd_min_support,0.1,2,1.0,1.0,1.0,1.0,1.0,1.0,0.0,0.0,0.0,95,18.62882161140442
rsd_min_support,0.1,3,1.0,1.0,1.0,1.0,1.0,1.0,1.0,1.0,1.0,95,18.030925750732425
beam_width,20.0,1,1.0,1.0,1.0,0.0,0.0,0.0,0.0,0.0,0.0,96,34.82559275627136
beam_width,20.0,2,1.0,1.0,1.0,1.0,1.0,1.0,0.0,0.0,0.0,96,32.1981155872345
beam_width,20.0,3,1.0,1.0,1.0,1.0,1.0,1.0,1.0,1.0,1.0,96,30.93795609474182
beam_width,40.0,1,1.0,1.0,1.0,0.0,0.0,0.0,0.0,0.0,0.0,96,31.58928918838501
beam_width,40.0,2,1.0,1.0,1.0,1.0,1.0,1.0,0.0,0.0,0.0,96,31.928706645965576
beam_width,40.0,3,1.0,1.0,1.0,1.0,1.0,1.0,1.0,1.0,1.0,96,31.26692795753479
beam_width,80.0,1,1.0,1.0,1.0,0.0,0.0,0.0,0.0,0.0,0.0,96,31.14943099021912
beam_width,80.0,2,1.0,1.0,1.0,1.0,1.0,1.0,0.0,0.0,0.0,96,31.55360412597656
beam_width,80.0,3,1.0,1.0,1.0,1.0,1.0,1.0,1.0,1.0,1.0,96,31.204192638397217
beam_width,160.0,1,1.0,1.0,1.0,0.0,0.0,0.0,0.0,0.0,0.0,96,32.9609649181366
beam_width,160.0,2,1.0,1.0,1.0,1.0,1.0,1.0,0.0,0.0,0.0,96,30.25329828262329
beam_width,160.0,3,1.0,1.0,1.0,1.0,1.0,1.0,1.0,1.0,1.0,96,31.292038679122925
rsd_min_support,0.01,1,1.0,1.0,1.0,0.0,0.0,0.0,0.0,0.0,0.0,96,34.98637366294861
rsd_min_support,0.01,2,1.0,1.0,1.0,1.0,1.0,1.0,0.0,0.0,0.0,96,35.15426754951477
rsd_min_support,0.01,3,1.0,1.0,1.0,1.0,1.0,1.0,1.0,1.0,1.0,96,34.794026374816895
rsd_min_support,0.025,1,1.0,1.0,1.0,0.0,0.0,0.0,0.0,0.0,0.0,96,30.906209468841556
rsd_min_support,0.025,2,1.0,1.0,1.0,1.0,1.0,1.0,0.0,0.0,0.0,96,31.99658489227295
rsd_min_support,0.025,3,1.0,1.0,1.0,1.0,1.0,1.0,1.0,1.0,1.0,96,31.651268243789676
rsd_min_support,0.05,1,1.0,1.0,1.0,0.0,0.0,0.0,0.0,0.0,0.0,96,28.07243704795837
rsd_min_support,0.05,2,1.0,1.0,1.0,1.0,1.0,1.0,0.0,0.0,0.0,96,27.025707006454468
rsd_min_support,0.05,3,1.0,1.0,1.0,1.0,1.0,1.0,1.0,1.0,1.0,96,28.422568798065186
rsd_min_support,0.1,1,1.0,1.0,1.0,0.0,0.0,0.0,0.0,0.0,0.0,96,19.19745349884033
rsd_min_support,0.1,2,1.0,1.0,1.0,1.0,1.0,1.0,0.0,0.0,0.0,96,19.06498003005981
rsd_min_support,0.1,3,1.0,1.0,1.0,1.0,1.0,1.0,1.0,1.0,1.0,96,16.165897369384766
beam_width,20.0,1,1.0,1.0,1.0,0.0,0.0,0.0,0.0,0.0,0.0,97,32.87739968299866
beam_width,20.0,2,1.0,1.0,1.0,1.0,1.0,1.0,0.0,0.0,0.0,97,30.590811252593998
beam_width,20.0,3,1.0,1.0,1.0,1.0,1.0,1.0,1.0,1.0,1.0,97,30.332655429840088
beam_width,40.0,1,1.0,1.0,1.0,0.0,0.0,0.0,0.0,0.0,0.0,97,33.78644180297852
beam_width,40.0,2,1.0,1.0,1.0,1.0,1.0,1.0,0.0,0.0,0.0,97,30.631812572479248
beam_width,40.0,3,1.0,1.0,1.0,1.0,1.0,1.0,1.0,1.0,1.0,97,29.462916374206543
beam_width,80.0,1,1.0,1.0,1.0,0.0,0.0,0.0,0.0,0.0,0.0,97,32.76883864402771
beam_width,80.0,2,1.0,1.0,1.0,1.0,1.0,1.0,0.0,0.0,0.0,97,31.390897512435917
beam_width,80.0,3,0.9406474820143884,1.0,0.8879456706281834,1.0,1.0,1.0,1.0,1.0,1.0,97,30.71891522407532
beam_width,160.0,1,1.0,1.0,1.0,0.0,0.0,0.0,0.0,0.0,0.0,97,32.729783058166504
beam_width,160.0,2,1.0,1.0,1.0,1.0,1.0,1.0,0.0,0.0,0.0,97,29.86234474182129
beam_width,160.0,3,1.0,1.0,1.0,1.0,1.0,1.0,1.0,1.0,1.0,97,30.71152377128601
rsd_min_support,0.01,1,1.0,1.0,1.0,0.0,0.0,0.0,0.0,0.0,0.0,97,36.04563570022583
rsd_min_support,0.01,2,1.0,1.0,1.0,1.0,1.0,1.0,0.0,0.0,0.0,97,34.53808617591858
rsd_min_support,0.01,3,1.0,1.0,1.0,1.0,1.0,1.0,1.0,1.0,1.0,97,33.76868939399719
rsd_min_support,0.025,1,1.0,1.0,1.0,0.0,0.0,0.0,0.0,0.0,0.0,97,30.869811296463013
rsd_min_support,0.025,2,1.0,1.0,1.0,1.0,1.0,1.0,0.0,0.0,0.0,97,31.642807722091675
rsd_min_support,0.025,3,1.0,1.0,1.0,1.0,1.0,1.0,1.0,1.0,1.0,97,28.426140069961548
rsd_min_support,0.05,1,1.0,1.0,1.0,0.0,0.0,0.0,0.0,0.0,0.0,97,28.08539748191833
rsd_min_support,0.05,2,1.0,1.0,1.0,1.0,1.0,1.0,0.0,0.0,0.0,97,26.062781810760494
rsd_min_support,0.05,3,1.0,1.0,1.0,1.0,1.0,1.0,1.0,1.0,1.0,97,26.38458824157715
rsd_min_support,0.1,1,0.877025738798856,1.0,0.7809847198641766,0.0,0.0,0.0,0.0,0.0,0.0,97,17.53671145439148
rsd_min_support,0.1,2,0.877025738798856,1.0,0.7809847198641766,1.0,1.0,1.0,0.0,0.0,0.0,97,18.15437364578247
rsd_min_support,0.1,3,1.0,1.0,1.0,1.0,1.0,1.0,1.0,1.0,1.0,97,16.10917830467224
beam_width,20.0,1,0.8509615384615384,1.0,0.7405857740585774,0.0,0.0,0.0,0.0,0.0,0.0,98,26.061779260635376
beam_width,20.0,2,0.8388663967611336,1.0,0.7224546722454672,1.0,1.0,1.0,0.0,0.0,0.0,98,28.55548667907715
beam_width,20.0,3,0.8509615384615384,1.0,0.7405857740585774,1.0,1.0,1.0,1.0,1.0,1.0,98,28.930020093917847
beam_width,40.0,1,0.8509615384615384,1.0,0.7405857740585774,0.0,0.0,0.0,0.0,0.0,0.0,98,20.274330377578732
beam_width,40.0,2,0.8509615384615384,1.0,0.7405857740585774,1.0,1.0,1.0,0.0,0.0,0.0,98,28.357141494750977
beam_width,40.0,3,0.8509615384615384,1.0,0.7405857740585774,1.0,1.0,1.0,1.0,1.0,1.0,98,28.91789054870605
beam_width,80.0,1,0.8509615384615384,1.0,0.7405857740585774,0.0,0.0,0.0,0.0,0.0,0.0,98,24.02074503898621
beam_width,80.0,2,0.8509615384615384,1.0,0.7405857740585774,1.0,1.0,1.0,0.0,0.0,0.0,98,28.46204710006714
beam_width,80.0,3,0.8509615384615384,1.0,0.7405857740585774,1.0,1.0,1.0,1.0,1.0,1.0,98,28.92152953147888
beam_width,160.0,1,0.8509615384615384,1.0,0.7405857740585774,0.0,0.0,0.0,0.0,0.0,0.0,98,25.06911563873291
beam_width,160.0,2,0.8388663967611336,1.0,0.7224546722454672,1.0,1.0,1.0,0.0,0.0,0.0,98,28.15683650970459
beam_width,160.0,3,0.8509615384615384,1.0,0.7405857740585774,1.0,1.0,1.0,1.0,1.0,1.0,98,29.18932843208313
rsd_min_support,0.01,1,1.0,1.0,1.0,0.0,0.0,0.0,0.0,0.0,0.0,98,30.55925226211548
rsd_min_support,0.01,2,0.8509615384615384,1.0,0.7405857740585774,1.0,1.0,1.0,0.0,0.0,0.0,98,34.799317598342896
rsd_min_support,0.01,3,0.8509615384615384,1.0,0.7405857740585774,1.0,1.0,1.0,1.0,1.0,1.0,98,34.60438513755798
rsd_min_support,0.025,1,0.8509615384615384,1.0,0.7405857740585774,0.0,0.0,0.0,0.0,0.0,0.0,98,20.343926668167114
rsd_min_support,0.025,2,0.8509615384615384,1.0,0.7405857740585774,1.0,1.0,1.0,0.0,0.0,0.0,98,28.63065242767334
rsd_min_support,0.025,3,0.8509615384615384,1.0,0.7405857740585774,1.0,1.0,1.0,1.0,1.0,1.0,98,29.333226919174194
rsd_min_support,0.05,1,0.8509615384615384,1.0,0.7405857740585774,0.0,0.0,0.0,0.0,0.0,0.0,98,19.61440134048462
rsd_min_support,0.05,2,0.8509615384615384,1.0,0.7405857740585774,0.7259911894273128,1.0,0.5698478561549101,0.0,0.0,0.0,98,25.29066300392151
rsd_min_support,0.05,3,0.8509615384615384,1.0,0.7405857740585774,0.7259911894273128,1.0,0.5698478561549101,1.0,1.0,1.0,98,22.73311138153076
rsd_min_support,0.1,1,0.8509615384615384,1.0,0.7405857740585774,0.0,0.0,0.0,0.0,0.0,0.0,98,12.036707401275637
rsd_min_support,0.1,2,0.8509615384615384,1.0,0.7405857740585774,0.7598627787307033,1.0,0.6127247579529738,0.0,0.0,0.0,98,16.843521118164062
rsd_min_support,0.1,3,0.8509615384615384,1.0,0.7405857740585774,0.7598627787307033,1.0,0.6127247579529738,1.0,1.0,1.0,98,16.866939067840576
beam_width,20.0,1,1.0,1.0,1.0,0.0,0.0,0.0,0.0,0.0,0.0,99,31.94205045700073
beam_width,20.0,2,1.0,1.0,1.0,1.0,1.0,1.0,0.0,0.0,0.0,99,32.030577421188354
beam_width,20.0,3,1.0,1.0,1.0,1.0,1.0,1.0,1.0,1.0,1.0,99,31.85983657836914
beam_width,40.0,1,1.0,1.0,1.0,0.0,0.0,0.0,0.0,0.0,0.0,99,30.813289403915405
beam_width,40.0,2,1.0,1.0,1.0,1.0,1.0,1.0,0.0,0.0,0.0,99,30.67635941505432
beam_width,40.0,3,1.0,1.0,1.0,1.0,1.0,1.0,1.0,1.0,1.0,99,31.749244689941406
beam_width,80.0,1,1.0,1.0,1.0,0.0,0.0,0.0,0.0,0.0,0.0,99,32.33832335472107
beam_width,80.0,2,1.0,1.0,1.0,1.0,1.0,1.0,0.0,0.0,0.0,99,31.75372838973999
beam_width,80.0,3,1.0,1.0,1.0,1.0,1.0,1.0,1.0,1.0,1.0,99,32.384647607803345
beam_width,160.0,1,1.0,1.0,1.0,0.0,0.0,0.0,0.0,0.0,0.0,99,31.840958833694454
beam_width,160.0,2,1.0,1.0,1.0,1.0,1.0,1.0,0.0,0.0,0.0,99,32.19003367424011
beam_width,160.0,3,1.0,1.0,1.0,1.0,1.0,1.0,1.0,1.0,1.0,99,31.991769313812256
rsd_min_support,0.01,1,1.0,1.0,1.0,0.0,0.0,0.0,0.0,0.0,0.0,99,32.92113208770752
rsd_min_support,0.01,2,1.0,1.0,1.0,1.0,1.0,1.0,0.0,0.0,0.0,99,34.707412242889404
rsd_min_support,0.01,3,1.0,1.0,1.0,1.0,1.0,1.0,1.0,1.0,1.0,99,34.56232953071594
rsd_min_support,0.025,1,1.0,1.0,1.0,0.0,0.0,0.0,0.0,0.0,0.0,99,30.958091735839844
rsd_min_support,0.025,2,1.0,1.0,1.0,1.0,1.0,1.0,0.0,0.0,0.0,99,32.27763652801514
rsd_min_support,0.025,3,1.0,1.0,1.0,1.0,1.0,1.0,1.0,1.0,1.0,99,32.42692351341248
rsd_min_support,0.05,1,1.0,1.0,1.0,0.0,0.0,0.0,0.0,0.0,0.0,99,24.254091024398804
rsd_min_support,0.05,2,1.0,1.0,1.0,0.8532110091743119,1.0,0.744,0.0,0.0,0.0,99,26.92120742797852
rsd_min_support,0.05,3,1.0,1.0,1.0,0.8532110091743119,1.0,0.744,1.0,1.0,1.0,99,26.271931886672974
rsd_min_support,0.1,1,1.0,1.0,1.0,0.0,0.0,0.0,0.0,0.0,0.0,99,18.874176025390625
rsd_min_support,0.1,2,1.0,1.0,1.0,1.0,1.0,1.0,0.0,0.0,0.0,99,19.798015594482425
rsd_min_support,0.1,3,1.0,1.0,1.0,1.0,1.0,1.0,1.0,1.0,1.0,99,17.510021686553955
