sg_distribution,sg_cardinality,sg_rule,best_rule,best_rule_idx,f1,precision,recall,seed
normal,214,OPTIMIZE_EVALUATABLE_SUBQUERIES = 1 AND PAGE_STORE_TRIM = 1 AND PAGE_STORE_INTERNAL_COUNT = 1,OPTIMIZE_EVALUATABLE_SUBQUERIES >= 1.0  AND  PAGE_STORE_TRIM >= 1.0  AND  PAGE_STORE_INTERNAL_COUNT >= 1.0,0.0,1.0,1.0,1.0,0
uniform,342,OPTIMIZE_INSERT_FROM_SELECT = 1 AND IGNORE_CATALOGS = 1 AND DROP_RESTRICT = 1,IGNORE_CATALOGS >= 1.0  AND  DROP_RESTRICT >= 1.0  AND  OPTIMIZE_INSERT_FROM_SELECT >= 1.0,0.0,1.0,1.0,1.0,0
bi_modal_split,300,OPTIMIZE_TWO_EQUALS = 1 AND OPTIMIZE_EVALUATABLE_SUBQUERIES = 1 AND REUSE_SPACE = 1,OPTIMIZE_TWO_EQUALS >= 1.0  AND  REUSE_SPACE >= 1.0  AND  OPTIMIZE_EVALUATABLE_SUBQUERIES >= 1.0,0.0,1.0,1.0,1.0,0
tri_modal_split,0,COMPRESS = 1 AND OPTIMIZE_OR = 1 AND PAGE_STORE_INTERNAL_COUNT = 1,,,0.0,0.0,0.0,0
power_law,221,OPTIMIZE_EVALUATABLE_SUBQUERIES = 1 AND PAGE_STORE_TRIM = 1 AND COMPRESS = 1,PAGE_STORE_TRIM >= 1.0  AND  COMPRESS >= 1.0  AND  OPTIMIZE_EVALUATABLE_SUBQUERIES >= 1.0  AND  PAGE_STORE_INTERNAL_COUNT >= 1.0,2.0,0.8637532133676092,1.0,0.7601809954751131,0
normal,224,OPTIMIZE_TWO_EQUALS = 1 AND PAGE_STORE_TRIM = 1 AND PAGE_STORE_INTERNAL_COUNT = 1,PAGE_STORE_TRIM >= 1.0  AND  PAGE_STORE_INTERNAL_COUNT >= 1.0  AND  OPTIMIZE_TWO_EQUALS >= 1.0,0.0,1.0,1.0,1.0,10
uniform,224,OPTIMIZE_TWO_EQUALS = 1 AND PAGE_STORE_TRIM = 1 AND PAGE_STORE_INTERNAL_COUNT = 1,OPTIMIZE_TWO_EQUALS >= 1.0  AND  PAGE_STORE_TRIM >= 1.0  AND  PAGE_STORE_INTERNAL_COUNT >= 1.0,0.0,1.0,1.0,1.0,10
bi_modal_split,224,OPTIMIZE_TWO_EQUALS = 1 AND PAGE_STORE_TRIM = 1 AND PAGE_STORE_INTERNAL_COUNT = 1,PAGE_STORE_TRIM >= 1.0  AND  PAGE_STORE_INTERNAL_COUNT >= 1.0  AND  OPTIMIZE_IN_SELECT >= 1.0  AND  OPTIMIZE_TWO_EQUALS >= 1.0,0.0,0.8771929824561403,1.0,0.78125,10
tri_modal_split,0,OPTIMIZE_TWO_EQUALS = 1 AND PAGE_STORE_TRIM = 1 AND PAGE_STORE_INTERNAL_COUNT = 1,,,0.0,0.0,0.0,10
power_law,224,OPTIMIZE_TWO_EQUALS = 1 AND PAGE_STORE_TRIM = 1 AND PAGE_STORE_INTERNAL_COUNT = 1,PAGE_STORE_TRIM >= 1.0  AND  PAGE_STORE_INTERNAL_COUNT >= 1.0  AND  OPTIMIZE_TWO_EQUALS >= 1.0  AND  DROP_RESTRICT >= 1.0,0.0,0.8363636363636363,1.0,0.71875,10
normal,380,OPTIMIZE_INSERT_FROM_SELECT = 1 AND COMPRESS = 1 AND PAGE_STORE_INTERNAL_COUNT = 1,OPTIMIZE_INSERT_FROM_SELECT >= 1.0  AND  COMPRESS >= 1.0  AND  PAGE_STORE_INTERNAL_COUNT >= 1.0  AND  OPTIMIZE_DISTINCT >= 1.0,0.0,0.8271604938271605,1.0,0.7052631578947368,11
uniform,380,OPTIMIZE_INSERT_FROM_SELECT = 1 AND COMPRESS = 1 AND PAGE_STORE_INTERNAL_COUNT = 1,OPTIMIZE_INSERT_FROM_SELECT >= 1.0  AND  COMPRESS >= 1.0  AND  PAGE_STORE_INTERNAL_COUNT >= 1.0,0.0,1.0,1.0,1.0,11
bi_modal_split,380,OPTIMIZE_INSERT_FROM_SELECT = 1 AND COMPRESS = 1 AND PAGE_STORE_INTERNAL_COUNT = 1,COMPRESS >= 1.0  AND  PAGE_STORE_INTERNAL_COUNT >= 1.0  AND  OPTIMIZE_INSERT_FROM_SELECT >= 1.0,0.0,1.0,1.0,1.0,11
tri_modal_split,0,OPTIMIZE_INSERT_FROM_SELECT = 1 AND COMPRESS = 1 AND PAGE_STORE_INTERNAL_COUNT = 1,,,0.0,0.0,0.0,11
power_law,380,OPTIMIZE_INSERT_FROM_SELECT = 1 AND COMPRESS = 1 AND PAGE_STORE_INTERNAL_COUNT = 1,OPTIMIZE_INSERT_FROM_SELECT >= 1.0  AND  COMPRESS >= 1.0  AND  PAGE_STORE_INTERNAL_COUNT >= 1.0  AND  PAGE_STORE_TRIM >= 1.0,0.0,0.5951940850277264,1.0,0.4236842105263158,11
normal,355,OPTIMIZE_IN_LIST = 1 AND OPTIMIZE_EVALUATABLE_SUBQUERIES = 1 AND IGNORE_CATALOGS = 1,OPTIMIZE_IN_LIST >= 1.0  AND  OPTIMIZE_EVALUATABLE_SUBQUERIES >= 1.0  AND  IGNORE_CATALOGS >= 1.0,0.0,1.0,1.0,1.0,12
uniform,355,OPTIMIZE_IN_LIST = 1 AND OPTIMIZE_EVALUATABLE_SUBQUERIES = 1 AND IGNORE_CATALOGS = 1,OPTIMIZE_IN_LIST >= 1.0  AND  IGNORE_CATALOGS >= 1.0  AND  OPTIMIZE_EVALUATABLE_SUBQUERIES >= 1.0,0.0,1.0,1.0,1.0,12
bi_modal_split,355,OPTIMIZE_IN_LIST = 1 AND OPTIMIZE_EVALUATABLE_SUBQUERIES = 1 AND IGNORE_CATALOGS = 1,OPTIMIZE_EVALUATABLE_SUBQUERIES >= 1.0  AND  IGNORE_CATALOGS >= 1.0  AND  OPTIMIZE_IN_LIST >= 1.0,0.0,1.0,1.0,1.0,12
tri_modal_split,355,OPTIMIZE_IN_LIST = 1 AND OPTIMIZE_EVALUATABLE_SUBQUERIES = 1 AND IGNORE_CATALOGS = 1,OPTIMIZE_IN_LIST >= 1.0  AND  IGNORE_CATALOGS >= 1.0  AND  OPTIMIZE_EVALUATABLE_SUBQUERIES >= 1.0,0.0,1.0,1.0,1.0,12
power_law,355,OPTIMIZE_IN_LIST = 1 AND OPTIMIZE_EVALUATABLE_SUBQUERIES = 1 AND IGNORE_CATALOGS = 1,OPTIMIZE_EVALUATABLE_SUBQUERIES >= 1.0  AND  IGNORE_CATALOGS >= 1.0  AND  OPTIMIZE_IN_LIST >= 1.0  AND  OPTIMIZE_OR >= 1.0,2.0,0.8006756756756757,1.0,0.6676056338028169,12
normal,361,RECOMPILE_ALWAYS = 1 AND REUSE_SPACE = 1 AND OPTIMIZE_DISTINCT = 1,RECOMPILE_ALWAYS >= 1.0  AND  REUSE_SPACE >= 1.0  AND  OPTIMIZE_DISTINCT >= 1.0,0.0,1.0,1.0,1.0,13
uniform,361,RECOMPILE_ALWAYS = 1 AND REUSE_SPACE = 1 AND OPTIMIZE_DISTINCT = 1,RECOMPILE_ALWAYS >= 1.0  AND  REUSE_SPACE >= 1.0  AND  OPTIMIZE_DISTINCT >= 1.0,0.0,1.0,1.0,1.0,13
bi_modal_split,361,RECOMPILE_ALWAYS = 1 AND REUSE_SPACE = 1 AND OPTIMIZE_DISTINCT = 1,REUSE_SPACE >= 1.0  AND  OPTIMIZE_DISTINCT >= 1.0  AND  RECOMPILE_ALWAYS >= 1.0,0.0,1.0,1.0,1.0,13
tri_modal_split,361,RECOMPILE_ALWAYS = 1 AND REUSE_SPACE = 1 AND OPTIMIZE_DISTINCT = 1,RECOMPILE_ALWAYS >= 1.0  AND  REUSE_SPACE >= 1.0  AND  OPTIMIZE_DISTINCT >= 1.0,0.0,1.0,1.0,1.0,13
power_law,361,RECOMPILE_ALWAYS = 1 AND REUSE_SPACE = 1 AND OPTIMIZE_DISTINCT = 1,RECOMPILE_ALWAYS >= 1.0  AND  REUSE_SPACE >= 1.0  AND  OPTIMIZE_TWO_EQUALS >= 1.0  AND  OPTIMIZE_DISTINCT >= 1.0,1.0,0.8373590982286635,1.0,0.7202216066481995,13
normal,199,RECOMPILE_ALWAYS = 1 AND REUSE_SPACE = 1 AND MVSTORE = 1,REUSE_SPACE >= 1.0  AND  MVSTORE >= 1.0  AND  RECOMPILE_ALWAYS >= 1.0,0.0,1.0,1.0,1.0,14
uniform,199,RECOMPILE_ALWAYS = 1 AND REUSE_SPACE = 1 AND MVSTORE = 1,RECOMPILE_ALWAYS >= 1.0  AND  MVSTORE >= 1.0  AND  REUSE_SPACE >= 1.0,0.0,1.0,1.0,1.0,14
bi_modal_split,199,RECOMPILE_ALWAYS = 1 AND REUSE_SPACE = 1 AND MVSTORE = 1,RECOMPILE_ALWAYS >= 1.0  AND  REUSE_SPACE >= 1.0  AND  MVSTORE >= 1.0,0.0,1.0,1.0,1.0,14
tri_modal_split,199,RECOMPILE_ALWAYS = 1 AND REUSE_SPACE = 1 AND MVSTORE = 1,REUSE_SPACE >= 1.0  AND  MVSTORE >= 1.0  AND  DEFRAG_ALWAYS >= 1.0  AND  RECOMPILE_ALWAYS >= 1.0,0.0,0.9243243243243244,1.0,0.8592964824120602,14
power_law,199,RECOMPILE_ALWAYS = 1 AND REUSE_SPACE = 1 AND MVSTORE = 1,RECOMPILE_ALWAYS >= 1.0  AND  MVSTORE >= 1.0  AND  0.0 <= OPTIMIZE_IN_SELECT < 1.0  AND  REUSE_SPACE >= 1.0,0.0,0.6416382252559727,1.0,0.4723618090452261,14
normal,351,OPTIMIZE_INSERT_FROM_SELECT = 1 AND OPTIMIZE_TWO_EQUALS = 1 AND IGNORE_CATALOGS = 1,OPTIMIZE_INSERT_FROM_SELECT >= 1.0  AND  IGNORE_CATALOGS >= 1.0  AND  OPTIMIZE_TWO_EQUALS >= 1.0,0.0,1.0,1.0,1.0,15
uniform,351,OPTIMIZE_INSERT_FROM_SELECT = 1 AND OPTIMIZE_TWO_EQUALS = 1 AND IGNORE_CATALOGS = 1,OPTIMIZE_INSERT_FROM_SELECT >= 1.0  AND  OPTIMIZE_TWO_EQUALS >= 1.0  AND  IGNORE_CATALOGS >= 1.0,0.0,1.0,1.0,1.0,15
bi_modal_split,351,OPTIMIZE_INSERT_FROM_SELECT = 1 AND OPTIMIZE_TWO_EQUALS = 1 AND IGNORE_CATALOGS = 1,OPTIMIZE_INSERT_FROM_SELECT >= 1.0  AND  OPTIMIZE_TWO_EQUALS >= 1.0  AND  IGNORE_CATALOGS >= 1.0,0.0,1.0,1.0,1.0,15
tri_modal_split,351,OPTIMIZE_INSERT_FROM_SELECT = 1 AND OPTIMIZE_TWO_EQUALS = 1 AND IGNORE_CATALOGS = 1,OPTIMIZE_INSERT_FROM_SELECT >= 1.0  AND  OPTIMIZE_TWO_EQUALS >= 1.0  AND  IGNORE_CATALOGS >= 1.0,0.0,1.0,1.0,1.0,15
power_law,351,OPTIMIZE_INSERT_FROM_SELECT = 1 AND OPTIMIZE_TWO_EQUALS = 1 AND IGNORE_CATALOGS = 1,OPTIMIZE_TWO_EQUALS >= 1.0  AND  IGNORE_CATALOGS >= 1.0  AND  OPTIMIZE_OR >= 1.0  AND  OPTIMIZE_INSERT_FROM_SELECT >= 1.0,1.0,0.7662565905096661,1.0,0.6210826210826211,15
normal,354,OPTIMIZE_IN_LIST = 1 AND PAGE_STORE_INTERNAL_COUNT = 1 AND DEFRAG_ALWAYS = 1,RECOMPILE_ALWAYS >= 1.0  AND  PAGE_STORE_INTERNAL_COUNT >= 1.0  AND  DEFRAG_ALWAYS >= 1.0  AND  OPTIMIZE_IN_LIST >= 1.0,0.0,0.8779714738510301,1.0,0.7824858757062146,16
uniform,354,OPTIMIZE_IN_LIST = 1 AND PAGE_STORE_INTERNAL_COUNT = 1 AND DEFRAG_ALWAYS = 1,OPTIMIZE_IN_LIST >= 1.0  AND  PAGE_STORE_INTERNAL_COUNT >= 1.0  AND  DEFRAG_ALWAYS >= 1.0,0.0,1.0,1.0,1.0,16
bi_modal_split,354,OPTIMIZE_IN_LIST = 1 AND PAGE_STORE_INTERNAL_COUNT = 1 AND DEFRAG_ALWAYS = 1,OPTIMIZE_IN_LIST >= 1.0  AND  PAGE_STORE_INTERNAL_COUNT >= 1.0  AND  DEFRAG_ALWAYS >= 1.0,0.0,1.0,1.0,1.0,16
tri_modal_split,354,OPTIMIZE_IN_LIST = 1 AND PAGE_STORE_INTERNAL_COUNT = 1 AND DEFRAG_ALWAYS = 1,OPTIMIZE_IN_LIST >= 1.0  AND  DEFRAG_ALWAYS >= 1.0  AND  PAGE_STORE_INTERNAL_COUNT >= 1.0,0.0,1.0,1.0,1.0,16
power_law,354,OPTIMIZE_IN_LIST = 1 AND PAGE_STORE_INTERNAL_COUNT = 1 AND DEFRAG_ALWAYS = 1,PAGE_STORE_INTERNAL_COUNT >= 1.0  AND  DEFRAG_ALWAYS >= 1.0  AND  OPTIMIZE_IN_LIST >= 1.0  AND  COMPRESS >= 1.0,2.0,0.8160535117056855,1.0,0.6892655367231638,16
normal,234,OPTIMIZE_IN_SELECT = 1 AND PAGE_STORE_TRIM = 1 AND OPTIMIZE_DISTINCT = 1,OPTIMIZE_EVALUATABLE_SUBQUERIES >= 1.0  AND  PAGE_STORE_TRIM >= 1.0  AND  OPTIMIZE_DISTINCT >= 1.0  AND  OPTIMIZE_IN_SELECT >= 1.0,0.0,0.8668280871670702,1.0,0.7649572649572649,17
uniform,234,OPTIMIZE_IN_SELECT = 1 AND PAGE_STORE_TRIM = 1 AND OPTIMIZE_DISTINCT = 1,PAGE_STORE_TRIM >= 1.0  AND  OPTIMIZE_DISTINCT >= 1.0  AND  OPTIMIZE_IN_SELECT >= 1.0,0.0,1.0,1.0,1.0,17
bi_modal_split,234,OPTIMIZE_IN_SELECT = 1 AND PAGE_STORE_TRIM = 1 AND OPTIMIZE_DISTINCT = 1,OPTIMIZE_IN_SELECT >= 1.0  AND  PAGE_STORE_TRIM >= 1.0  AND  OPTIMIZE_DISTINCT >= 1.0,0.0,1.0,1.0,1.0,17
tri_modal_split,0,OPTIMIZE_IN_SELECT = 1 AND PAGE_STORE_TRIM = 1 AND OPTIMIZE_DISTINCT = 1,,,0.0,0.0,0.0,17
power_law,234,OPTIMIZE_IN_SELECT = 1 AND PAGE_STORE_TRIM = 1 AND OPTIMIZE_DISTINCT = 1,PAGE_STORE_TRIM >= 1.0  AND  OPTIMIZE_DISTINCT >= 1.0  AND  OPTIMIZE_IN_SELECT >= 1.0  AND  DEFRAG_ALWAYS >= 1.0,1.0,0.8270676691729323,1.0,0.7051282051282052,17
normal,379,OPTIMIZE_EVALUATABLE_SUBQUERIES = 1 AND IGNORE_CATALOGS = 1 AND DROP_RESTRICT = 1,IGNORE_CATALOGS >= 1.0  AND  DROP_RESTRICT >= 1.0  AND  OPTIMIZE_EVALUATABLE_SUBQUERIES >= 1.0,0.0,1.0,1.0,1.0,18
uniform,379,OPTIMIZE_EVALUATABLE_SUBQUERIES = 1 AND IGNORE_CATALOGS = 1 AND DROP_RESTRICT = 1,OPTIMIZE_EVALUATABLE_SUBQUERIES >= 1.0  AND  IGNORE_CATALOGS >= 1.0  AND  DROP_RESTRICT >= 1.0,0.0,1.0,1.0,1.0,18
bi_modal_split,379,OPTIMIZE_EVALUATABLE_SUBQUERIES = 1 AND IGNORE_CATALOGS = 1 AND DROP_RESTRICT = 1,OPTIMIZE_EVALUATABLE_SUBQUERIES >= 1.0  AND  IGNORE_CATALOGS >= 1.0  AND  DROP_RESTRICT >= 1.0,0.0,1.0,1.0,1.0,18
tri_modal_split,379,OPTIMIZE_EVALUATABLE_SUBQUERIES = 1 AND IGNORE_CATALOGS = 1 AND DROP_RESTRICT = 1,IGNORE_CATALOGS >= 1.0  AND  DROP_RESTRICT >= 1.0  AND  OPTIMIZE_EVALUATABLE_SUBQUERIES >= 1.0,0.0,1.0,1.0,1.0,18
power_law,379,OPTIMIZE_EVALUATABLE_SUBQUERIES = 1 AND IGNORE_CATALOGS = 1 AND DROP_RESTRICT = 1,OPTIMIZE_EVALUATABLE_SUBQUERIES >= 1.0  AND  DROP_RESTRICT >= 1.0  AND  RECOMPILE_ALWAYS >= 1.0  AND  IGNORE_CATALOGS >= 1.0,1.0,0.8480243161094225,1.0,0.7361477572559367,18
normal,376,OPTIMIZE_TWO_EQUALS = 1 AND IGNORE_CATALOGS = 1 AND DEFRAG_ALWAYS = 1,OPTIMIZE_TWO_EQUALS >= 1.0  AND  DEFRAG_ALWAYS >= 1.0  AND  IGNORE_CATALOGS >= 1.0,0.0,1.0,1.0,1.0,19
uniform,376,OPTIMIZE_TWO_EQUALS = 1 AND IGNORE_CATALOGS = 1 AND DEFRAG_ALWAYS = 1,IGNORE_CATALOGS >= 1.0  AND  DEFRAG_ALWAYS >= 1.0  AND  OPTIMIZE_TWO_EQUALS >= 1.0,0.0,1.0,1.0,1.0,19
bi_modal_split,376,OPTIMIZE_TWO_EQUALS = 1 AND IGNORE_CATALOGS = 1 AND DEFRAG_ALWAYS = 1,IGNORE_CATALOGS >= 1.0  AND  DEFRAG_ALWAYS >= 1.0  AND  OPTIMIZE_TWO_EQUALS >= 1.0,0.0,1.0,1.0,1.0,19
tri_modal_split,376,OPTIMIZE_TWO_EQUALS = 1 AND IGNORE_CATALOGS = 1 AND DEFRAG_ALWAYS = 1,OPTIMIZE_TWO_EQUALS >= 1.0  AND  IGNORE_CATALOGS >= 1.0  AND  DEFRAG_ALWAYS >= 1.0  AND  OPTIMIZE_IN_LIST >= 1.0,0.0,0.8322981366459626,1.0,0.7127659574468085,19
power_law,376,OPTIMIZE_TWO_EQUALS = 1 AND IGNORE_CATALOGS = 1 AND DEFRAG_ALWAYS = 1,OPTIMIZE_TWO_EQUALS >= 1.0  AND  IGNORE_CATALOGS >= 1.0  AND  REUSE_SPACE >= 1.0  AND  DEFRAG_ALWAYS >= 1.0,1.0,0.7189097103918228,1.0,0.5611702127659575,19
normal,334,OPTIMIZE_EVALUATABLE_SUBQUERIES = 1 AND COMPRESS = 1 AND PAGE_STORE_INTERNAL_COUNT = 1,PAGE_STORE_INTERNAL_COUNT >= 1.0  AND  OPTIMIZE_DISTINCT >= 1.0  AND  COMPRESS >= 1.0  AND  OPTIMIZE_EVALUATABLE_SUBQUERIES >= 1.0,0.0,0.8502581755593803,1.0,0.7395209580838323,1
uniform,334,OPTIMIZE_EVALUATABLE_SUBQUERIES = 1 AND COMPRESS = 1 AND PAGE_STORE_INTERNAL_COUNT = 1,OPTIMIZE_EVALUATABLE_SUBQUERIES >= 1.0  AND  PAGE_STORE_INTERNAL_COUNT >= 1.0  AND  COMPRESS >= 1.0,0.0,1.0,1.0,1.0,1
bi_modal_split,334,OPTIMIZE_EVALUATABLE_SUBQUERIES = 1 AND COMPRESS = 1 AND PAGE_STORE_INTERNAL_COUNT = 1,OPTIMIZE_EVALUATABLE_SUBQUERIES >= 1.0  AND  PAGE_STORE_INTERNAL_COUNT >= 1.0  AND  COMPRESS >= 1.0,0.0,1.0,1.0,1.0,1
tri_modal_split,334,OPTIMIZE_EVALUATABLE_SUBQUERIES = 1 AND COMPRESS = 1 AND PAGE_STORE_INTERNAL_COUNT = 1,COMPRESS >= 1.0  AND  PAGE_STORE_INTERNAL_COUNT >= 1.0  AND  OPTIMIZE_EVALUATABLE_SUBQUERIES >= 1.0,0.0,1.0,1.0,1.0,1
power_law,334,OPTIMIZE_EVALUATABLE_SUBQUERIES = 1 AND COMPRESS = 1 AND PAGE_STORE_INTERNAL_COUNT = 1,OPTIMIZE_EVALUATABLE_SUBQUERIES >= 1.0  AND  COMPRESS >= 1.0  AND  PAGE_STORE_INTERNAL_COUNT >= 1.0  AND  0.0 <= REUSE_SPACE < 1.0,1.0,0.6505050505050506,1.0,0.4820359281437126,1
normal,344,OPTIMIZE_IN_SELECT = 1 AND IGNORE_CATALOGS = 1 AND OPTIMIZE_OR = 1,IGNORE_CATALOGS >= 1.0  AND  OPTIMIZE_OR >= 1.0  AND  OPTIMIZE_IN_SELECT >= 1.0,0.0,1.0,1.0,1.0,20
uniform,344,OPTIMIZE_IN_SELECT = 1 AND IGNORE_CATALOGS = 1 AND OPTIMIZE_OR = 1,IGNORE_CATALOGS >= 1.0  AND  OPTIMIZE_OR >= 1.0  AND  OPTIMIZE_IN_SELECT >= 1.0,0.0,1.0,1.0,1.0,20
bi_modal_split,344,OPTIMIZE_IN_SELECT = 1 AND IGNORE_CATALOGS = 1 AND OPTIMIZE_OR = 1,IGNORE_CATALOGS >= 1.0  AND  OPTIMIZE_OR >= 1.0  AND  OPTIMIZE_IN_SELECT >= 1.0,0.0,1.0,1.0,1.0,20
tri_modal_split,344,OPTIMIZE_IN_SELECT = 1 AND IGNORE_CATALOGS = 1 AND OPTIMIZE_OR = 1,IGNORE_CATALOGS >= 1.0  AND  OPTIMIZE_OR >= 1.0  AND  OPTIMIZE_IN_SELECT >= 1.0,0.0,1.0,1.0,1.0,20
power_law,344,OPTIMIZE_IN_SELECT = 1 AND IGNORE_CATALOGS = 1 AND OPTIMIZE_OR = 1,IGNORE_CATALOGS >= 1.0  AND  OPTIMIZE_OR >= 1.0  AND  DEFRAG_ALWAYS >= 1.0  AND  OPTIMIZE_IN_SELECT >= 1.0,1.0,0.8299319727891157,1.0,0.7093023255813954,20
normal,218,OPTIMIZE_EVALUATABLE_SUBQUERIES = 1 AND DROP_RESTRICT = 1 AND MVSTORE = 1,DROP_RESTRICT >= 1.0  AND  MVSTORE >= 1.0  AND  OPTIMIZE_EVALUATABLE_SUBQUERIES >= 1.0  AND  RECOMPILE_ALWAYS >= 1.0,0.0,0.7542857142857143,1.0,0.6055045871559633,21
uniform,218,OPTIMIZE_EVALUATABLE_SUBQUERIES = 1 AND DROP_RESTRICT = 1 AND MVSTORE = 1,DROP_RESTRICT >= 1.0  AND  MVSTORE >= 1.0  AND  OPTIMIZE_EVALUATABLE_SUBQUERIES >= 1.0,0.0,1.0,1.0,1.0,21
bi_modal_split,218,OPTIMIZE_EVALUATABLE_SUBQUERIES = 1 AND DROP_RESTRICT = 1 AND MVSTORE = 1,DROP_RESTRICT >= 1.0  AND  MVSTORE >= 1.0  AND  OPTIMIZE_EVALUATABLE_SUBQUERIES >= 1.0,0.0,1.0,1.0,1.0,21
tri_modal_split,218,OPTIMIZE_EVALUATABLE_SUBQUERIES = 1 AND DROP_RESTRICT = 1 AND MVSTORE = 1,OPTIMIZE_EVALUATABLE_SUBQUERIES >= 1.0  AND  DROP_RESTRICT >= 1.0  AND  MVSTORE >= 1.0,0.0,1.0,1.0,1.0,21
power_law,218,OPTIMIZE_EVALUATABLE_SUBQUERIES = 1 AND DROP_RESTRICT = 1 AND MVSTORE = 1,OPTIMIZE_EVALUATABLE_SUBQUERIES >= 1.0  AND  MVSTORE >= 1.0  AND  REUSE_SPACE >= 1.0  AND  DROP_RESTRICT >= 1.0,0.0,0.6827794561933536,1.0,0.518348623853211,21
normal,316,OPTIMIZE_OR = 1 AND REUSE_SPACE = 1 AND DROP_RESTRICT = 1,OPTIMIZE_OR >= 1.0  AND  REUSE_SPACE >= 1.0  AND  DROP_RESTRICT >= 1.0,2.0,1.0,1.0,1.0,22
uniform,316,OPTIMIZE_OR = 1 AND REUSE_SPACE = 1 AND DROP_RESTRICT = 1,OPTIMIZE_OR >= 1.0  AND  REUSE_SPACE >= 1.0  AND  DROP_RESTRICT >= 1.0,0.0,1.0,1.0,1.0,22
bi_modal_split,316,OPTIMIZE_OR = 1 AND REUSE_SPACE = 1 AND DROP_RESTRICT = 1,OPTIMIZE_OR >= 1.0  AND  DROP_RESTRICT >= 1.0  AND  REUSE_SPACE >= 1.0,0.0,1.0,1.0,1.0,22
tri_modal_split,316,OPTIMIZE_OR = 1 AND REUSE_SPACE = 1 AND DROP_RESTRICT = 1,OPTIMIZE_OR >= 1.0  AND  DROP_RESTRICT >= 1.0  AND  REUSE_SPACE >= 1.0,0.0,1.0,1.0,1.0,22
power_law,316,OPTIMIZE_OR = 1 AND REUSE_SPACE = 1 AND DROP_RESTRICT = 1,OPTIMIZE_OR >= 1.0  AND  REUSE_SPACE >= 1.0  AND  DROP_RESTRICT >= 1.0  AND  PAGE_STORE_INTERNAL_COUNT >= 1.0,1.0,0.6722689075630253,1.0,0.5063291139240507,22
normal,198,PAGE_STORE_TRIM = 1 AND COMPRESS = 1 AND IGNORE_CATALOGS = 1,PAGE_STORE_TRIM >= 1.0  AND  COMPRESS >= 1.0  AND  RECOMPILE_ALWAYS >= 1.0  AND  IGNORE_CATALOGS >= 1.0,0.0,0.8454810495626823,1.0,0.7323232323232324,23
uniform,198,PAGE_STORE_TRIM = 1 AND COMPRESS = 1 AND IGNORE_CATALOGS = 1,PAGE_STORE_TRIM >= 1.0  AND  COMPRESS >= 1.0  AND  IGNORE_CATALOGS >= 1.0,0.0,1.0,1.0,1.0,23
bi_modal_split,0,PAGE_STORE_TRIM = 1 AND COMPRESS = 1 AND IGNORE_CATALOGS = 1,,,0.0,0.0,0.0,23
tri_modal_split,0,PAGE_STORE_TRIM = 1 AND COMPRESS = 1 AND IGNORE_CATALOGS = 1,,,0.0,0.0,0.0,23
power_law,198,PAGE_STORE_TRIM = 1 AND COMPRESS = 1 AND IGNORE_CATALOGS = 1,PAGE_STORE_TRIM >= 1.0  AND  IGNORE_CATALOGS >= 1.0  AND  OPTIMIZE_DISTINCT >= 1.0  AND  COMPRESS >= 1.0,1.0,0.8750000000000001,1.0,0.7777777777777778,23
normal,383,OPTIMIZE_INSERT_FROM_SELECT = 1 AND OPTIMIZE_IN_LIST = 1 AND PAGE_STORE_INTERNAL_COUNT = 1,OPTIMIZE_INSERT_FROM_SELECT >= 1.0  AND  PAGE_STORE_INTERNAL_COUNT >= 1.0  AND  OPTIMIZE_IN_LIST >= 1.0,0.0,1.0,1.0,1.0,24
uniform,383,OPTIMIZE_INSERT_FROM_SELECT = 1 AND OPTIMIZE_IN_LIST = 1 AND PAGE_STORE_INTERNAL_COUNT = 1,OPTIMIZE_IN_LIST >= 1.0  AND  PAGE_STORE_INTERNAL_COUNT >= 1.0  AND  OPTIMIZE_INSERT_FROM_SELECT >= 1.0,0.0,1.0,1.0,1.0,24
bi_modal_split,383,OPTIMIZE_INSERT_FROM_SELECT = 1 AND OPTIMIZE_IN_LIST = 1 AND PAGE_STORE_INTERNAL_COUNT = 1,OPTIMIZE_IN_LIST >= 1.0  AND  PAGE_STORE_INTERNAL_COUNT >= 1.0  AND  OPTIMIZE_INSERT_FROM_SELECT >= 1.0,0.0,1.0,1.0,1.0,24
tri_modal_split,383,OPTIMIZE_INSERT_FROM_SELECT = 1 AND OPTIMIZE_IN_LIST = 1 AND PAGE_STORE_INTERNAL_COUNT = 1,OPTIMIZE_INSERT_FROM_SELECT >= 1.0  AND  PAGE_STORE_INTERNAL_COUNT >= 1.0  AND  OPTIMIZE_IN_LIST >= 1.0,0.0,1.0,1.0,1.0,24
power_law,383,OPTIMIZE_INSERT_FROM_SELECT = 1 AND OPTIMIZE_IN_LIST = 1 AND PAGE_STORE_INTERNAL_COUNT = 1,OPTIMIZE_INSERT_FROM_SELECT >= 1.0  AND  PAGE_STORE_INTERNAL_COUNT >= 1.0  AND  OPTIMIZE_IN_LIST >= 1.0  AND  OPTIMIZE_TWO_EQUALS >= 1.0,0.0,0.8269525267993875,1.0,0.7049608355091384,24
normal,199,OPTIMIZE_EVALUATABLE_SUBQUERIES = 1 AND DEFRAG_ALWAYS = 1 AND MVSTORE = 1,DEFRAG_ALWAYS >= 1.0  AND  MVSTORE >= 1.0  AND  OPTIMIZE_EVALUATABLE_SUBQUERIES >= 1.0,0.0,1.0,1.0,1.0,25
uniform,199,OPTIMIZE_EVALUATABLE_SUBQUERIES = 1 AND DEFRAG_ALWAYS = 1 AND MVSTORE = 1,DEFRAG_ALWAYS >= 1.0  AND  MVSTORE >= 1.0  AND  OPTIMIZE_EVALUATABLE_SUBQUERIES >= 1.0,0.0,1.0,1.0,1.0,25
bi_modal_split,199,OPTIMIZE_EVALUATABLE_SUBQUERIES = 1 AND DEFRAG_ALWAYS = 1 AND MVSTORE = 1,DEFRAG_ALWAYS >= 1.0  AND  MVSTORE >= 1.0  AND  OPTIMIZE_EVALUATABLE_SUBQUERIES >= 1.0,0.0,1.0,1.0,1.0,25
tri_modal_split,199,OPTIMIZE_EVALUATABLE_SUBQUERIES = 1 AND DEFRAG_ALWAYS = 1 AND MVSTORE = 1,DEFRAG_ALWAYS >= 1.0  AND  MVSTORE >= 1.0  AND  OPTIMIZE_EVALUATABLE_SUBQUERIES >= 1.0,0.0,1.0,1.0,1.0,25
power_law,199,OPTIMIZE_EVALUATABLE_SUBQUERIES = 1 AND DEFRAG_ALWAYS = 1 AND MVSTORE = 1,OPTIMIZE_EVALUATABLE_SUBQUERIES >= 1.0  AND  MVSTORE >= 1.0  AND  COMPRESS >= 1.0  AND  DEFRAG_ALWAYS >= 1.0,1.0,0.6688963210702341,1.0,0.5025125628140703,25
normal,218,OPTIMIZE_EVALUATABLE_SUBQUERIES = 1 AND DROP_RESTRICT = 1 AND MVSTORE = 1,DROP_RESTRICT >= 1.0  AND  MVSTORE >= 1.0  AND  OPTIMIZE_EVALUATABLE_SUBQUERIES >= 1.0,0.0,1.0,1.0,1.0,26
uniform,218,OPTIMIZE_EVALUATABLE_SUBQUERIES = 1 AND DROP_RESTRICT = 1 AND MVSTORE = 1,DROP_RESTRICT >= 1.0  AND  MVSTORE >= 1.0  AND  OPTIMIZE_EVALUATABLE_SUBQUERIES >= 1.0,0.0,1.0,1.0,1.0,26
bi_modal_split,218,OPTIMIZE_EVALUATABLE_SUBQUERIES = 1 AND DROP_RESTRICT = 1 AND MVSTORE = 1,OPTIMIZE_EVALUATABLE_SUBQUERIES >= 1.0  AND  MVSTORE >= 1.0  AND  DROP_RESTRICT >= 1.0,0.0,1.0,1.0,1.0,26
tri_modal_split,218,OPTIMIZE_EVALUATABLE_SUBQUERIES = 1 AND DROP_RESTRICT = 1 AND MVSTORE = 1,DROP_RESTRICT >= 1.0  AND  MVSTORE >= 1.0  AND  OPTIMIZE_EVALUATABLE_SUBQUERIES >= 1.0,0.0,1.0,1.0,1.0,26
power_law,218,OPTIMIZE_EVALUATABLE_SUBQUERIES = 1 AND DROP_RESTRICT = 1 AND MVSTORE = 1,DROP_RESTRICT >= 1.0  AND  MVSTORE >= 1.0  AND  OPTIMIZE_EVALUATABLE_SUBQUERIES >= 1.0  AND  DEFRAG_ALWAYS >= 1.0,0.0,0.7988980716253444,1.0,0.6651376146788991,26
normal,286,IGNORE_CATALOGS = 1 AND PAGE_STORE_INTERNAL_COUNT = 1 AND DEFRAG_ALWAYS = 1,IGNORE_CATALOGS >= 1.0  AND  PAGE_STORE_INTERNAL_COUNT >= 1.0  AND  DEFRAG_ALWAYS >= 1.0,0.0,1.0,1.0,1.0,27
uniform,286,IGNORE_CATALOGS = 1 AND PAGE_STORE_INTERNAL_COUNT = 1 AND DEFRAG_ALWAYS = 1,IGNORE_CATALOGS >= 1.0  AND  PAGE_STORE_INTERNAL_COUNT >= 1.0  AND  DEFRAG_ALWAYS >= 1.0,0.0,1.0,1.0,1.0,27
bi_modal_split,0,IGNORE_CATALOGS = 1 AND PAGE_STORE_INTERNAL_COUNT = 1 AND DEFRAG_ALWAYS = 1,,,0.0,0.0,0.0,27
tri_modal_split,0,IGNORE_CATALOGS = 1 AND PAGE_STORE_INTERNAL_COUNT = 1 AND DEFRAG_ALWAYS = 1,,,0.0,0.0,0.0,27
power_law,286,IGNORE_CATALOGS = 1 AND PAGE_STORE_INTERNAL_COUNT = 1 AND DEFRAG_ALWAYS = 1,PAGE_STORE_INTERNAL_COUNT >= 1.0  AND  DEFRAG_ALWAYS >= 1.0  AND  0.0 <= OPTIMIZE_IN_SELECT < 1.0  AND  IGNORE_CATALOGS >= 1.0,0.0,0.4242424242424242,1.0,0.2692307692307692,27
normal,323,COMPRESS = 1 AND PAGE_STORE_INTERNAL_COUNT = 1 AND DROP_RESTRICT = 1,COMPRESS >= 1.0  AND  PAGE_STORE_INTERNAL_COUNT >= 1.0  AND  DROP_RESTRICT >= 1.0,0.0,1.0,1.0,1.0,28
uniform,323,COMPRESS = 1 AND PAGE_STORE_INTERNAL_COUNT = 1 AND DROP_RESTRICT = 1,COMPRESS >= 1.0  AND  PAGE_STORE_INTERNAL_COUNT >= 1.0  AND  DROP_RESTRICT >= 1.0,0.0,1.0,1.0,1.0,28
bi_modal_split,323,COMPRESS = 1 AND PAGE_STORE_INTERNAL_COUNT = 1 AND DROP_RESTRICT = 1,COMPRESS >= 1.0  AND  PAGE_STORE_INTERNAL_COUNT >= 1.0  AND  DROP_RESTRICT >= 1.0,0.0,1.0,1.0,1.0,28
tri_modal_split,323,COMPRESS = 1 AND PAGE_STORE_INTERNAL_COUNT = 1 AND DROP_RESTRICT = 1,COMPRESS >= 1.0  AND  PAGE_STORE_INTERNAL_COUNT >= 1.0  AND  DROP_RESTRICT >= 1.0,0.0,1.0,1.0,1.0,28
power_law,323,COMPRESS = 1 AND PAGE_STORE_INTERNAL_COUNT = 1 AND DROP_RESTRICT = 1,COMPRESS >= 1.0  AND  PAGE_STORE_INTERNAL_COUNT >= 1.0  AND  DROP_RESTRICT >= 1.0  AND  OPTIMIZE_OR >= 1.0,1.0,0.8081180811808119,1.0,0.6780185758513931,28
normal,216,OPTIMIZE_INSERT_FROM_SELECT = 1 AND PAGE_STORE_TRIM = 1 AND COMPRESS = 1,PAGE_STORE_TRIM >= 1.0  AND  COMPRESS >= 1.0  AND  OPTIMIZE_INSERT_FROM_SELECT >= 1.0,0.0,1.0,1.0,1.0,29
uniform,216,OPTIMIZE_INSERT_FROM_SELECT = 1 AND PAGE_STORE_TRIM = 1 AND COMPRESS = 1,PAGE_STORE_TRIM >= 1.0  AND  COMPRESS >= 1.0  AND  OPTIMIZE_INSERT_FROM_SELECT >= 1.0  AND  OPTIMIZE_EVALUATABLE_SUBQUERIES >= 1.0,0.0,0.877922077922078,1.0,0.7824074074074074,29
bi_modal_split,216,OPTIMIZE_INSERT_FROM_SELECT = 1 AND PAGE_STORE_TRIM = 1 AND COMPRESS = 1,PAGE_STORE_TRIM >= 1.0  AND  COMPRESS >= 1.0  AND  OPTIMIZE_INSERT_FROM_SELECT >= 1.0,0.0,1.0,1.0,1.0,29
tri_modal_split,216,OPTIMIZE_INSERT_FROM_SELECT = 1 AND PAGE_STORE_TRIM = 1 AND COMPRESS = 1,OPTIMIZE_INSERT_FROM_SELECT >= 1.0  AND  COMPRESS >= 1.0  AND  PAGE_STORE_TRIM >= 1.0,0.0,1.0,1.0,1.0,29
power_law,216,OPTIMIZE_INSERT_FROM_SELECT = 1 AND PAGE_STORE_TRIM = 1 AND COMPRESS = 1,OPTIMIZE_INSERT_FROM_SELECT >= 1.0  AND  PAGE_STORE_TRIM >= 1.0  AND  COMPRESS >= 1.0  AND  OPTIMIZE_DISTINCT >= 1.0,1.0,0.8865979381443299,1.0,0.7962962962962963,29
normal,343,OPTIMIZE_IN_LIST = 1 AND IGNORE_CATALOGS = 1 AND OPTIMIZE_OR = 1,IGNORE_CATALOGS >= 1.0  AND  OPTIMIZE_OR >= 1.0  AND  OPTIMIZE_IN_LIST >= 1.0,0.0,1.0,1.0,1.0,2
uniform,343,OPTIMIZE_IN_LIST = 1 AND IGNORE_CATALOGS = 1 AND OPTIMIZE_OR = 1,IGNORE_CATALOGS >= 1.0  AND  OPTIMIZE_OR >= 1.0  AND  OPTIMIZE_IN_LIST >= 1.0,0.0,1.0,1.0,1.0,2
bi_modal_split,343,OPTIMIZE_IN_LIST = 1 AND IGNORE_CATALOGS = 1 AND OPTIMIZE_OR = 1,IGNORE_CATALOGS >= 1.0  AND  OPTIMIZE_OR >= 1.0  AND  OPTIMIZE_IN_LIST >= 1.0,0.0,1.0,1.0,1.0,2
tri_modal_split,343,OPTIMIZE_IN_LIST = 1 AND IGNORE_CATALOGS = 1 AND OPTIMIZE_OR = 1,IGNORE_CATALOGS >= 1.0  AND  OPTIMIZE_OR >= 1.0  AND  OPTIMIZE_IN_LIST >= 1.0,0.0,1.0,1.0,1.0,2
power_law,343,OPTIMIZE_IN_LIST = 1 AND IGNORE_CATALOGS = 1 AND OPTIMIZE_OR = 1,OPTIMIZE_IN_LIST >= 1.0  AND  OPTIMIZE_OR >= 1.0  AND  OPTIMIZE_EVALUATABLE_SUBQUERIES >= 1.0  AND  IGNORE_CATALOGS >= 1.0,1.0,0.8172413793103448,1.0,0.6909620991253644,2
normal,372,OPTIMIZE_IN_SELECT = 1 AND RECOMPILE_ALWAYS = 1 AND IGNORE_CATALOGS = 1,OPTIMIZE_IN_SELECT >= 1.0  AND  IGNORE_CATALOGS >= 1.0  AND  RECOMPILE_ALWAYS >= 1.0,0.0,1.0,1.0,1.0,30
uniform,372,OPTIMIZE_IN_SELECT = 1 AND RECOMPILE_ALWAYS = 1 AND IGNORE_CATALOGS = 1,OPTIMIZE_IN_SELECT >= 1.0  AND  IGNORE_CATALOGS >= 1.0  AND  RECOMPILE_ALWAYS >= 1.0,0.0,1.0,1.0,1.0,30
bi_modal_split,372,OPTIMIZE_IN_SELECT = 1 AND RECOMPILE_ALWAYS = 1 AND IGNORE_CATALOGS = 1,RECOMPILE_ALWAYS >= 1.0  AND  IGNORE_CATALOGS >= 1.0  AND  OPTIMIZE_IN_SELECT >= 1.0,0.0,1.0,1.0,1.0,30
tri_modal_split,372,OPTIMIZE_IN_SELECT = 1 AND RECOMPILE_ALWAYS = 1 AND IGNORE_CATALOGS = 1,RECOMPILE_ALWAYS >= 1.0  AND  IGNORE_CATALOGS >= 1.0  AND  OPTIMIZE_TWO_EQUALS >= 1.0  AND  OPTIMIZE_IN_SELECT >= 1.0,0.0,0.8393135725429017,1.0,0.7231182795698925,30
power_law,372,OPTIMIZE_IN_SELECT = 1 AND RECOMPILE_ALWAYS = 1 AND IGNORE_CATALOGS = 1,RECOMPILE_ALWAYS >= 1.0  AND  IGNORE_CATALOGS >= 1.0  AND  OPTIMIZE_IN_SELECT >= 1.0  AND  0.0 <= REUSE_SPACE < 1.0,1.0,0.6546112115732369,1.0,0.4865591397849462,30
normal,330,OPTIMIZE_IN_SELECT = 1 AND PAGE_STORE_INTERNAL_COUNT = 1 AND DROP_RESTRICT = 1,OPTIMIZE_IN_SELECT >= 1.0  AND  PAGE_STORE_INTERNAL_COUNT >= 1.0  AND  DROP_RESTRICT >= 1.0,0.0,1.0,1.0,1.0,31
uniform,330,OPTIMIZE_IN_SELECT = 1 AND PAGE_STORE_INTERNAL_COUNT = 1 AND DROP_RESTRICT = 1,PAGE_STORE_INTERNAL_COUNT >= 1.0  AND  DROP_RESTRICT >= 1.0  AND  OPTIMIZE_INSERT_FROM_SELECT >= 1.0  AND  OPTIMIZE_IN_SELECT >= 1.0,0.0,0.8359788359788359,1.0,0.7181818181818181,31
bi_modal_split,330,OPTIMIZE_IN_SELECT = 1 AND PAGE_STORE_INTERNAL_COUNT = 1 AND DROP_RESTRICT = 1,PAGE_STORE_INTERNAL_COUNT >= 1.0  AND  DROP_RESTRICT >= 1.0  AND  OPTIMIZE_IN_SELECT >= 1.0,0.0,1.0,1.0,1.0,31
tri_modal_split,330,OPTIMIZE_IN_SELECT = 1 AND PAGE_STORE_INTERNAL_COUNT = 1 AND DROP_RESTRICT = 1,PAGE_STORE_INTERNAL_COUNT >= 1.0  AND  DROP_RESTRICT >= 1.0  AND  OPTIMIZE_IN_SELECT >= 1.0,0.0,1.0,1.0,1.0,31
power_law,330,OPTIMIZE_IN_SELECT = 1 AND PAGE_STORE_INTERNAL_COUNT = 1 AND DROP_RESTRICT = 1,OPTIMIZE_IN_SELECT >= 1.0  AND  PAGE_STORE_INTERNAL_COUNT >= 1.0  AND  DROP_RESTRICT >= 1.0  AND  IGNORE_CATALOGS >= 1.0,0.0,0.7617260787992495,1.0,0.6151515151515151,31
normal,289,IGNORE_CATALOGS = 1 AND PAGE_STORE_INTERNAL_COUNT = 1 AND DROP_RESTRICT = 1,IGNORE_CATALOGS >= 1.0  AND  PAGE_STORE_INTERNAL_COUNT >= 1.0  AND  DROP_RESTRICT >= 1.0,0.0,1.0,1.0,1.0,32
uniform,289,IGNORE_CATALOGS = 1 AND PAGE_STORE_INTERNAL_COUNT = 1 AND DROP_RESTRICT = 1,IGNORE_CATALOGS >= 1.0  AND  DROP_RESTRICT >= 1.0  AND  PAGE_STORE_INTERNAL_COUNT >= 1.0,0.0,1.0,1.0,1.0,32
bi_modal_split,289,IGNORE_CATALOGS = 1 AND PAGE_STORE_INTERNAL_COUNT = 1 AND DROP_RESTRICT = 1,IGNORE_CATALOGS >= 1.0  AND  PAGE_STORE_INTERNAL_COUNT >= 1.0  AND  DROP_RESTRICT >= 1.0,0.0,1.0,1.0,1.0,32
tri_modal_split,0,IGNORE_CATALOGS = 1 AND PAGE_STORE_INTERNAL_COUNT = 1 AND DROP_RESTRICT = 1,,,0.0,0.0,0.0,32
power_law,289,IGNORE_CATALOGS = 1 AND PAGE_STORE_INTERNAL_COUNT = 1 AND DROP_RESTRICT = 1,IGNORE_CATALOGS >= 1.0  AND  PAGE_STORE_INTERNAL_COUNT >= 1.0  AND  DROP_RESTRICT >= 1.0  AND  0.0 <= PAGE_STORE_TRIM < 1.0,1.0,0.6526806526806527,1.0,0.4844290657439446,32
normal,389,OPTIMIZE_TWO_EQUALS = 1 AND RECOMPILE_ALWAYS = 1 AND OPTIMIZE_OR = 1,RECOMPILE_ALWAYS >= 1.0  AND  DROP_RESTRICT >= 1.0  AND  OPTIMIZE_TWO_EQUALS >= 1.0  AND  OPTIMIZE_OR >= 1.0,0.0,0.833583208395802,1.0,0.7146529562982005,33
uniform,389,OPTIMIZE_TWO_EQUALS = 1 AND RECOMPILE_ALWAYS = 1 AND OPTIMIZE_OR = 1,RECOMPILE_ALWAYS >= 1.0  AND  OPTIMIZE_OR >= 1.0,2.0,0.834763948497854,0.716390423572744,1.0,33
bi_modal_split,389,OPTIMIZE_TWO_EQUALS = 1 AND RECOMPILE_ALWAYS = 1 AND OPTIMIZE_OR = 1,RECOMPILE_ALWAYS >= 1.0  AND  OPTIMIZE_OR >= 1.0  AND  OPTIMIZE_TWO_EQUALS >= 1.0,0.0,1.0,1.0,1.0,33
tri_modal_split,0,OPTIMIZE_TWO_EQUALS = 1 AND RECOMPILE_ALWAYS = 1 AND OPTIMIZE_OR = 1,,,0.0,0.0,0.0,33
power_law,389,OPTIMIZE_TWO_EQUALS = 1 AND RECOMPILE_ALWAYS = 1 AND OPTIMIZE_OR = 1,RECOMPILE_ALWAYS >= 1.0  AND  OPTIMIZE_OR >= 1.0  AND  OPTIMIZE_TWO_EQUALS >= 1.0  AND  OPTIMIZE_DISTINCT >= 1.0,2.0,0.8558823529411764,1.0,0.7480719794344473,33
normal,295,OPTIMIZE_IN_SELECT = 1 AND OPTIMIZE_EVALUATABLE_SUBQUERIES = 1 AND REUSE_SPACE = 1,OPTIMIZE_IN_SELECT >= 1.0  AND  REUSE_SPACE >= 1.0  AND  OPTIMIZE_EVALUATABLE_SUBQUERIES >= 1.0,0.0,1.0,1.0,1.0,34
uniform,295,OPTIMIZE_IN_SELECT = 1 AND OPTIMIZE_EVALUATABLE_SUBQUERIES = 1 AND REUSE_SPACE = 1,OPTIMIZE_EVALUATABLE_SUBQUERIES >= 1.0  AND  REUSE_SPACE >= 1.0  AND  OPTIMIZE_IN_SELECT >= 1.0,0.0,1.0,1.0,1.0,34
bi_modal_split,295,OPTIMIZE_IN_SELECT = 1 AND OPTIMIZE_EVALUATABLE_SUBQUERIES = 1 AND REUSE_SPACE = 1,OPTIMIZE_IN_SELECT >= 1.0  AND  OPTIMIZE_EVALUATABLE_SUBQUERIES >= 1.0  AND  REUSE_SPACE >= 1.0,0.0,1.0,1.0,1.0,34
tri_modal_split,0,OPTIMIZE_IN_SELECT = 1 AND OPTIMIZE_EVALUATABLE_SUBQUERIES = 1 AND REUSE_SPACE = 1,,,0.0,0.0,0.0,34
power_law,295,OPTIMIZE_IN_SELECT = 1 AND OPTIMIZE_EVALUATABLE_SUBQUERIES = 1 AND REUSE_SPACE = 1,OPTIMIZE_IN_SELECT >= 1.0  AND  REUSE_SPACE >= 1.0  AND  OPTIMIZE_EVALUATABLE_SUBQUERIES >= 1.0  AND  0.0 <= OPTIMIZE_INSERT_FROM_SELECT < 1.0,1.0,0.4554973821989529,1.0,0.2949152542372881,34
normal,218,OPTIMIZE_EVALUATABLE_SUBQUERIES = 1 AND DROP_RESTRICT = 1 AND MVSTORE = 1,DROP_RESTRICT >= 1.0  AND  MVSTORE >= 1.0  AND  OPTIMIZE_EVALUATABLE_SUBQUERIES >= 1.0,0.0,1.0,1.0,1.0,35
uniform,218,OPTIMIZE_EVALUATABLE_SUBQUERIES = 1 AND DROP_RESTRICT = 1 AND MVSTORE = 1,DROP_RESTRICT >= 1.0  AND  MVSTORE >= 1.0  AND  OPTIMIZE_EVALUATABLE_SUBQUERIES >= 1.0,0.0,1.0,1.0,1.0,35
bi_modal_split,218,OPTIMIZE_EVALUATABLE_SUBQUERIES = 1 AND DROP_RESTRICT = 1 AND MVSTORE = 1,DROP_RESTRICT >= 1.0  AND  MVSTORE >= 1.0  AND  OPTIMIZE_EVALUATABLE_SUBQUERIES >= 1.0,0.0,1.0,1.0,1.0,35
tri_modal_split,218,OPTIMIZE_EVALUATABLE_SUBQUERIES = 1 AND DROP_RESTRICT = 1 AND MVSTORE = 1,OPTIMIZE_EVALUATABLE_SUBQUERIES >= 1.0  AND  MVSTORE >= 1.0  AND  DROP_RESTRICT >= 1.0,0.0,1.0,1.0,1.0,35
power_law,218,OPTIMIZE_EVALUATABLE_SUBQUERIES = 1 AND DROP_RESTRICT = 1 AND MVSTORE = 1,OPTIMIZE_EVALUATABLE_SUBQUERIES >= 1.0  AND  DROP_RESTRICT >= 1.0  AND  MVSTORE >= 1.0  AND  OPTIMIZE_TWO_EQUALS >= 1.0,0.0,0.7718309859154929,1.0,0.6284403669724771,35
normal,329,PAGE_STORE_INTERNAL_COUNT = 1 AND DROP_RESTRICT = 1 AND OPTIMIZE_DISTINCT = 1,DROP_RESTRICT >= 1.0  AND  OPTIMIZE_DISTINCT >= 1.0  AND  PAGE_STORE_INTERNAL_COUNT >= 1.0,0.0,1.0,1.0,1.0,36
uniform,329,PAGE_STORE_INTERNAL_COUNT = 1 AND DROP_RESTRICT = 1 AND OPTIMIZE_DISTINCT = 1,PAGE_STORE_INTERNAL_COUNT >= 1.0  AND  DROP_RESTRICT >= 1.0  AND  OPTIMIZE_DISTINCT >= 1.0,0.0,1.0,1.0,1.0,36
bi_modal_split,329,PAGE_STORE_INTERNAL_COUNT = 1 AND DROP_RESTRICT = 1 AND OPTIMIZE_DISTINCT = 1,DROP_RESTRICT >= 1.0  AND  OPTIMIZE_DISTINCT >= 1.0  AND  PAGE_STORE_INTERNAL_COUNT >= 1.0,0.0,1.0,1.0,1.0,36
tri_modal_split,329,PAGE_STORE_INTERNAL_COUNT = 1 AND DROP_RESTRICT = 1 AND OPTIMIZE_DISTINCT = 1,PAGE_STORE_INTERNAL_COUNT >= 1.0  AND  DROP_RESTRICT >= 1.0  AND  OPTIMIZE_DISTINCT >= 1.0,0.0,1.0,1.0,1.0,36
power_law,329,PAGE_STORE_INTERNAL_COUNT = 1 AND DROP_RESTRICT = 1 AND OPTIMIZE_DISTINCT = 1,PAGE_STORE_INTERNAL_COUNT >= 1.0  AND  DROP_RESTRICT >= 1.0  AND  OPTIMIZE_DISTINCT >= 1.0  AND  OPTIMIZE_INSERT_FROM_SELECT >= 1.0,1.0,0.8333333333333333,1.0,0.7142857142857143,36
normal,321,OPTIMIZE_INSERT_FROM_SELECT = 1 AND OPTIMIZE_EVALUATABLE_SUBQUERIES = 1 AND IGNORE_CATALOGS = 1,OPTIMIZE_INSERT_FROM_SELECT >= 1.0  AND  IGNORE_CATALOGS >= 1.0  AND  OPTIMIZE_TWO_EQUALS >= 1.0  AND  OPTIMIZE_EVALUATABLE_SUBQUERIES >= 1.0,0.0,0.8284671532846715,1.0,0.7071651090342679,37
uniform,321,OPTIMIZE_INSERT_FROM_SELECT = 1 AND OPTIMIZE_EVALUATABLE_SUBQUERIES = 1 AND IGNORE_CATALOGS = 1,OPTIMIZE_INSERT_FROM_SELECT >= 1.0  AND  IGNORE_CATALOGS >= 1.0  AND  OPTIMIZE_EVALUATABLE_SUBQUERIES >= 1.0,0.0,1.0,1.0,1.0,37
bi_modal_split,321,OPTIMIZE_INSERT_FROM_SELECT = 1 AND OPTIMIZE_EVALUATABLE_SUBQUERIES = 1 AND IGNORE_CATALOGS = 1,OPTIMIZE_INSERT_FROM_SELECT >= 1.0  AND  IGNORE_CATALOGS >= 1.0  AND  OPTIMIZE_EVALUATABLE_SUBQUERIES >= 1.0,0.0,1.0,1.0,1.0,37
tri_modal_split,321,OPTIMIZE_INSERT_FROM_SELECT = 1 AND OPTIMIZE_EVALUATABLE_SUBQUERIES = 1 AND IGNORE_CATALOGS = 1,OPTIMIZE_EVALUATABLE_SUBQUERIES >= 1.0  AND  IGNORE_CATALOGS >= 1.0  AND  OPTIMIZE_INSERT_FROM_SELECT >= 1.0,0.0,1.0,1.0,1.0,37
power_law,321,OPTIMIZE_INSERT_FROM_SELECT = 1 AND OPTIMIZE_EVALUATABLE_SUBQUERIES = 1 AND IGNORE_CATALOGS = 1,OPTIMIZE_INSERT_FROM_SELECT >= 1.0  AND  IGNORE_CATALOGS >= 1.0  AND  OPTIMIZE_EVALUATABLE_SUBQUERIES >= 1.0  AND  COMPRESS >= 1.0,2.0,0.8327272727272728,1.0,0.7133956386292835,37
normal,379,OPTIMIZE_INSERT_FROM_SELECT = 1 AND REUSE_SPACE = 1 AND OPTIMIZE_DISTINCT = 1,OPTIMIZE_INSERT_FROM_SELECT >= 1.0  AND  OPTIMIZE_DISTINCT >= 1.0  AND  REUSE_SPACE >= 1.0,3.0,1.0,1.0,1.0,38
uniform,379,OPTIMIZE_INSERT_FROM_SELECT = 1 AND REUSE_SPACE = 1 AND OPTIMIZE_DISTINCT = 1,OPTIMIZE_INSERT_FROM_SELECT >= 1.0  AND  REUSE_SPACE >= 1.0  AND  OPTIMIZE_DISTINCT >= 1.0,0.0,1.0,1.0,1.0,38
bi_modal_split,379,OPTIMIZE_INSERT_FROM_SELECT = 1 AND REUSE_SPACE = 1 AND OPTIMIZE_DISTINCT = 1,OPTIMIZE_INSERT_FROM_SELECT >= 1.0  AND  OPTIMIZE_DISTINCT >= 1.0  AND  REUSE_SPACE >= 1.0,0.0,1.0,1.0,1.0,38
tri_modal_split,379,OPTIMIZE_INSERT_FROM_SELECT = 1 AND REUSE_SPACE = 1 AND OPTIMIZE_DISTINCT = 1,REUSE_SPACE >= 1.0  AND  OPTIMIZE_DISTINCT >= 1.0  AND  OPTIMIZE_INSERT_FROM_SELECT >= 1.0,0.0,1.0,1.0,1.0,38
power_law,379,OPTIMIZE_INSERT_FROM_SELECT = 1 AND REUSE_SPACE = 1 AND OPTIMIZE_DISTINCT = 1,OPTIMIZE_INSERT_FROM_SELECT >= 1.0  AND  REUSE_SPACE >= 1.0,4.0,0.826608505997819,0.7044609665427509,1.0,38
normal,379,OPTIMIZE_INSERT_FROM_SELECT = 1 AND REUSE_SPACE = 1 AND OPTIMIZE_DISTINCT = 1,REUSE_SPACE >= 1.0  AND  DEFRAG_ALWAYS >= 1.0  AND  OPTIMIZE_INSERT_FROM_SELECT >= 1.0  AND  OPTIMIZE_DISTINCT >= 1.0,0.0,0.8409785932721712,1.0,0.7255936675461742,39
uniform,379,OPTIMIZE_INSERT_FROM_SELECT = 1 AND REUSE_SPACE = 1 AND OPTIMIZE_DISTINCT = 1,REUSE_SPACE >= 1.0  AND  OPTIMIZE_DISTINCT >= 1.0  AND  OPTIMIZE_INSERT_FROM_SELECT >= 1.0,0.0,1.0,1.0,1.0,39
bi_modal_split,0,OPTIMIZE_INSERT_FROM_SELECT = 1 AND REUSE_SPACE = 1 AND OPTIMIZE_DISTINCT = 1,,,0.0,0.0,0.0,39
tri_modal_split,0,OPTIMIZE_INSERT_FROM_SELECT = 1 AND REUSE_SPACE = 1 AND OPTIMIZE_DISTINCT = 1,,,0.0,0.0,0.0,39
power_law,379,OPTIMIZE_INSERT_FROM_SELECT = 1 AND REUSE_SPACE = 1 AND OPTIMIZE_DISTINCT = 1,OPTIMIZE_INSERT_FROM_SELECT >= 1.0  AND  REUSE_SPACE >= 1.0  AND  OPTIMIZE_DISTINCT >= 1.0  AND  DEFRAG_ALWAYS >= 1.0,3.0,0.8409785932721712,1.0,0.7255936675461742,39
normal,361,OPTIMIZE_IN_LIST = 1 AND RECOMPILE_ALWAYS = 1 AND PAGE_STORE_INTERNAL_COUNT = 1,RECOMPILE_ALWAYS >= 1.0  AND  PAGE_STORE_INTERNAL_COUNT >= 1.0  AND  OPTIMIZE_IN_LIST >= 1.0,0.0,1.0,1.0,1.0,3
uniform,361,OPTIMIZE_IN_LIST = 1 AND RECOMPILE_ALWAYS = 1 AND PAGE_STORE_INTERNAL_COUNT = 1,OPTIMIZE_IN_LIST >= 1.0  AND  RECOMPILE_ALWAYS >= 1.0  AND  PAGE_STORE_INTERNAL_COUNT >= 1.0,0.0,1.0,1.0,1.0,3
bi_modal_split,361,OPTIMIZE_IN_LIST = 1 AND RECOMPILE_ALWAYS = 1 AND PAGE_STORE_INTERNAL_COUNT = 1,RECOMPILE_ALWAYS >= 1.0  AND  PAGE_STORE_INTERNAL_COUNT >= 1.0  AND  OPTIMIZE_IN_LIST >= 1.0,0.0,1.0,1.0,1.0,3
tri_modal_split,361,OPTIMIZE_IN_LIST = 1 AND RECOMPILE_ALWAYS = 1 AND PAGE_STORE_INTERNAL_COUNT = 1,RECOMPILE_ALWAYS >= 1.0  AND  PAGE_STORE_INTERNAL_COUNT >= 1.0  AND  OPTIMIZE_IN_LIST >= 1.0,0.0,1.0,1.0,1.0,3
power_law,361,OPTIMIZE_IN_LIST = 1 AND RECOMPILE_ALWAYS = 1 AND PAGE_STORE_INTERNAL_COUNT = 1,OPTIMIZE_IN_LIST >= 1.0  AND  RECOMPILE_ALWAYS >= 1.0  AND  PAGE_STORE_INTERNAL_COUNT >= 1.0  AND  IGNORE_CATALOGS >= 1.0,0.0,0.757314974182444,1.0,0.6094182825484764,3
normal,361,OPTIMIZE_EVALUATABLE_SUBQUERIES = 1 AND OPTIMIZE_OR = 1 AND PAGE_STORE_INTERNAL_COUNT = 1,OPTIMIZE_EVALUATABLE_SUBQUERIES >= 1.0  AND  OPTIMIZE_OR >= 1.0  AND  PAGE_STORE_INTERNAL_COUNT >= 1.0,0.0,1.0,1.0,1.0,40
uniform,361,OPTIMIZE_EVALUATABLE_SUBQUERIES = 1 AND OPTIMIZE_OR = 1 AND PAGE_STORE_INTERNAL_COUNT = 1,OPTIMIZE_OR >= 1.0  AND  PAGE_STORE_INTERNAL_COUNT >= 1.0  AND  OPTIMIZE_EVALUATABLE_SUBQUERIES >= 1.0,0.0,1.0,1.0,1.0,40
bi_modal_split,0,OPTIMIZE_EVALUATABLE_SUBQUERIES = 1 AND OPTIMIZE_OR = 1 AND PAGE_STORE_INTERNAL_COUNT = 1,,,0.0,0.0,0.0,40
tri_modal_split,0,OPTIMIZE_EVALUATABLE_SUBQUERIES = 1 AND OPTIMIZE_OR = 1 AND PAGE_STORE_INTERNAL_COUNT = 1,,,0.0,0.0,0.0,40
power_law,361,OPTIMIZE_EVALUATABLE_SUBQUERIES = 1 AND OPTIMIZE_OR = 1 AND PAGE_STORE_INTERNAL_COUNT = 1,OPTIMIZE_EVALUATABLE_SUBQUERIES >= 1.0  AND  OPTIMIZE_OR >= 1.0  AND  PAGE_STORE_INTERNAL_COUNT >= 1.0  AND  0.0 <= PAGE_STORE_TRIM < 1.0,1.0,0.7130124777183601,1.0,0.554016620498615,40
normal,325,OPTIMIZE_INSERT_FROM_SELECT = 1 AND RECOMPILE_ALWAYS = 1 AND IGNORE_CATALOGS = 1,OPTIMIZE_INSERT_FROM_SELECT >= 1.0  AND  DEFRAG_ALWAYS >= 1.0  AND  RECOMPILE_ALWAYS >= 1.0  AND  IGNORE_CATALOGS >= 1.0,0.0,0.8926746166950595,1.0,0.8061538461538461,41
uniform,325,OPTIMIZE_INSERT_FROM_SELECT = 1 AND RECOMPILE_ALWAYS = 1 AND IGNORE_CATALOGS = 1,RECOMPILE_ALWAYS >= 1.0  AND  IGNORE_CATALOGS >= 1.0  AND  OPTIMIZE_INSERT_FROM_SELECT >= 1.0,0.0,1.0,1.0,1.0,41
bi_modal_split,0,OPTIMIZE_INSERT_FROM_SELECT = 1 AND RECOMPILE_ALWAYS = 1 AND IGNORE_CATALOGS = 1,,,0.0,0.0,0.0,41
tri_modal_split,325,OPTIMIZE_INSERT_FROM_SELECT = 1 AND RECOMPILE_ALWAYS = 1 AND IGNORE_CATALOGS = 1,OPTIMIZE_INSERT_FROM_SELECT >= 1.0  AND  RECOMPILE_ALWAYS >= 1.0  AND  IGNORE_CATALOGS >= 1.0,0.0,1.0,1.0,1.0,41
power_law,325,OPTIMIZE_INSERT_FROM_SELECT = 1 AND RECOMPILE_ALWAYS = 1 AND IGNORE_CATALOGS = 1,OPTIMIZE_INSERT_FROM_SELECT >= 1.0  AND  IGNORE_CATALOGS >= 1.0  AND  RECOMPILE_ALWAYS >= 1.0  AND  COMPRESS >= 1.0,1.0,0.8392857142857142,1.0,0.7230769230769231,41
normal,374,RECOMPILE_ALWAYS = 1 AND IGNORE_CATALOGS = 1 AND OPTIMIZE_DISTINCT = 1,RECOMPILE_ALWAYS >= 1.0  AND  IGNORE_CATALOGS >= 1.0  AND  OPTIMIZE_DISTINCT >= 1.0,0.0,1.0,1.0,1.0,42
uniform,374,RECOMPILE_ALWAYS = 1 AND IGNORE_CATALOGS = 1 AND OPTIMIZE_DISTINCT = 1,IGNORE_CATALOGS >= 1.0  AND  OPTIMIZE_DISTINCT >= 1.0  AND  RECOMPILE_ALWAYS >= 1.0,0.0,1.0,1.0,1.0,42
bi_modal_split,374,RECOMPILE_ALWAYS = 1 AND IGNORE_CATALOGS = 1 AND OPTIMIZE_DISTINCT = 1,RECOMPILE_ALWAYS >= 1.0  AND  OPTIMIZE_DISTINCT >= 1.0  AND  IGNORE_CATALOGS >= 1.0,0.0,1.0,1.0,1.0,42
tri_modal_split,374,RECOMPILE_ALWAYS = 1 AND IGNORE_CATALOGS = 1 AND OPTIMIZE_DISTINCT = 1,RECOMPILE_ALWAYS >= 1.0  AND  IGNORE_CATALOGS >= 1.0  AND  OPTIMIZE_DISTINCT >= 1.0,0.0,1.0,1.0,1.0,42
power_law,374,RECOMPILE_ALWAYS = 1 AND IGNORE_CATALOGS = 1 AND OPTIMIZE_DISTINCT = 1,RECOMPILE_ALWAYS >= 1.0  AND  IGNORE_CATALOGS >= 1.0  AND  OPTIMIZE_DISTINCT >= 1.0  AND  OPTIMIZE_INSERT_FROM_SELECT >= 1.0,1.0,0.7817589576547231,1.0,0.6417112299465241,42
normal,375,COMPRESS = 1 AND PAGE_STORE_INTERNAL_COUNT = 1 AND OPTIMIZE_DISTINCT = 1,COMPRESS >= 1.0  AND  OPTIMIZE_DISTINCT >= 1.0  AND  PAGE_STORE_INTERNAL_COUNT >= 1.0,0.0,1.0,1.0,1.0,43
uniform,375,COMPRESS = 1 AND PAGE_STORE_INTERNAL_COUNT = 1 AND OPTIMIZE_DISTINCT = 1,COMPRESS >= 1.0  AND  PAGE_STORE_INTERNAL_COUNT >= 1.0  AND  OPTIMIZE_DISTINCT >= 1.0,0.0,1.0,1.0,1.0,43
bi_modal_split,375,COMPRESS = 1 AND PAGE_STORE_INTERNAL_COUNT = 1 AND OPTIMIZE_DISTINCT = 1,COMPRESS >= 1.0  AND  PAGE_STORE_INTERNAL_COUNT >= 1.0  AND  OPTIMIZE_DISTINCT >= 1.0,0.0,1.0,1.0,1.0,43
tri_modal_split,375,COMPRESS = 1 AND PAGE_STORE_INTERNAL_COUNT = 1 AND OPTIMIZE_DISTINCT = 1,PAGE_STORE_INTERNAL_COUNT >= 1.0  AND  OPTIMIZE_DISTINCT >= 1.0  AND  COMPRESS >= 1.0,0.0,1.0,1.0,1.0,43
power_law,375,COMPRESS = 1 AND PAGE_STORE_INTERNAL_COUNT = 1 AND OPTIMIZE_DISTINCT = 1,COMPRESS >= 1.0  AND  PAGE_STORE_INTERNAL_COUNT >= 1.0  AND  OPTIMIZE_DISTINCT >= 1.0  AND  0.0 <= RECOMPILE_ALWAYS < 1.0,0.0,0.4969939879759519,1.0,0.3306666666666666,43
normal,353,COMPRESS = 1 AND OPTIMIZE_OR = 1 AND PAGE_STORE_INTERNAL_COUNT = 1,COMPRESS >= 1.0  AND  PAGE_STORE_INTERNAL_COUNT >= 1.0  AND  OPTIMIZE_OR >= 1.0,0.0,1.0,1.0,1.0,44
uniform,353,COMPRESS = 1 AND OPTIMIZE_OR = 1 AND PAGE_STORE_INTERNAL_COUNT = 1,COMPRESS >= 1.0  AND  PAGE_STORE_INTERNAL_COUNT >= 1.0  AND  OPTIMIZE_OR >= 1.0,0.0,1.0,1.0,1.0,44
bi_modal_split,353,COMPRESS = 1 AND OPTIMIZE_OR = 1 AND PAGE_STORE_INTERNAL_COUNT = 1,OPTIMIZE_OR >= 1.0  AND  PAGE_STORE_INTERNAL_COUNT >= 1.0  AND  COMPRESS >= 1.0,0.0,1.0,1.0,1.0,44
tri_modal_split,353,COMPRESS = 1 AND OPTIMIZE_OR = 1 AND PAGE_STORE_INTERNAL_COUNT = 1,OPTIMIZE_OR >= 1.0  AND  PAGE_STORE_INTERNAL_COUNT >= 1.0  AND  COMPRESS >= 1.0,0.0,1.0,1.0,1.0,44
power_law,353,COMPRESS = 1 AND OPTIMIZE_OR = 1 AND PAGE_STORE_INTERNAL_COUNT = 1,COMPRESS >= 1.0  AND  OPTIMIZE_OR >= 1.0  AND  PAGE_STORE_INTERNAL_COUNT >= 1.0  AND  0.0 <= OPTIMIZE_IN_LIST < 1.0,0.0,0.4483516483516483,1.0,0.2889518413597733,44
normal,374,OPTIMIZE_INSERT_FROM_SELECT = 1 AND OPTIMIZE_IN_LIST = 1 AND REUSE_SPACE = 1,OPTIMIZE_IN_LIST >= 1.0  AND  REUSE_SPACE >= 1.0  AND  OPTIMIZE_INSERT_FROM_SELECT >= 1.0,0.0,1.0,1.0,1.0,45
uniform,374,OPTIMIZE_INSERT_FROM_SELECT = 1 AND OPTIMIZE_IN_LIST = 1 AND REUSE_SPACE = 1,OPTIMIZE_IN_LIST >= 1.0  AND  REUSE_SPACE >= 1.0  AND  OPTIMIZE_INSERT_FROM_SELECT >= 1.0,0.0,1.0,1.0,1.0,45
bi_modal_split,0,OPTIMIZE_INSERT_FROM_SELECT = 1 AND OPTIMIZE_IN_LIST = 1 AND REUSE_SPACE = 1,,,0.0,0.0,0.0,45
tri_modal_split,0,OPTIMIZE_INSERT_FROM_SELECT = 1 AND OPTIMIZE_IN_LIST = 1 AND REUSE_SPACE = 1,,,0.0,0.0,0.0,45
power_law,374,OPTIMIZE_INSERT_FROM_SELECT = 1 AND OPTIMIZE_IN_LIST = 1 AND REUSE_SPACE = 1,OPTIMIZE_IN_LIST >= 1.0  AND  REUSE_SPACE >= 1.0  AND  OPTIMIZE_INSERT_FROM_SELECT >= 1.0  AND  OPTIMIZE_TWO_EQUALS >= 1.0,4.0,0.8597560975609757,1.0,0.7540106951871658,45
normal,351,OPTIMIZE_INSERT_FROM_SELECT = 1 AND OPTIMIZE_TWO_EQUALS = 1 AND IGNORE_CATALOGS = 1,OPTIMIZE_INSERT_FROM_SELECT >= 1.0  AND  IGNORE_CATALOGS >= 1.0  AND  OPTIMIZE_TWO_EQUALS >= 1.0  AND  OPTIMIZE_DISTINCT >= 1.0,0.0,0.8453947368421053,1.0,0.7321937321937322,46
uniform,351,OPTIMIZE_INSERT_FROM_SELECT = 1 AND OPTIMIZE_TWO_EQUALS = 1 AND IGNORE_CATALOGS = 1,OPTIMIZE_INSERT_FROM_SELECT >= 1.0  AND  OPTIMIZE_TWO_EQUALS >= 1.0  AND  0.0 <= MVSTORE < 1.0  AND  IGNORE_CATALOGS >= 1.0,0.0,0.892744479495268,1.0,0.8062678062678063,46
bi_modal_split,351,OPTIMIZE_INSERT_FROM_SELECT = 1 AND OPTIMIZE_TWO_EQUALS = 1 AND IGNORE_CATALOGS = 1,OPTIMIZE_INSERT_FROM_SELECT >= 1.0  AND  IGNORE_CATALOGS >= 1.0  AND  OPTIMIZE_TWO_EQUALS >= 1.0,0.0,1.0,1.0,1.0,46
tri_modal_split,0,OPTIMIZE_INSERT_FROM_SELECT = 1 AND OPTIMIZE_TWO_EQUALS = 1 AND IGNORE_CATALOGS = 1,,,0.0,0.0,0.0,46
power_law,351,OPTIMIZE_INSERT_FROM_SELECT = 1 AND OPTIMIZE_TWO_EQUALS = 1 AND IGNORE_CATALOGS = 1,OPTIMIZE_TWO_EQUALS >= 1.0  AND  IGNORE_CATALOGS >= 1.0  AND  OPTIMIZE_INSERT_FROM_SELECT >= 1.0  AND  PAGE_STORE_INTERNAL_COUNT >= 1.0,1.0,0.7508896797153026,1.0,0.6011396011396012,46
normal,302,OPTIMIZE_EVALUATABLE_SUBQUERIES = 1 AND OPTIMIZE_OR = 1 AND REUSE_SPACE = 1,OPTIMIZE_EVALUATABLE_SUBQUERIES >= 1.0  AND  OPTIMIZE_OR >= 1.0  AND  REUSE_SPACE >= 1.0,2.0,1.0,1.0,1.0,47
uniform,302,OPTIMIZE_EVALUATABLE_SUBQUERIES = 1 AND OPTIMIZE_OR = 1 AND REUSE_SPACE = 1,OPTIMIZE_OR >= 1.0  AND  REUSE_SPACE >= 1.0  AND  OPTIMIZE_EVALUATABLE_SUBQUERIES >= 1.0,0.0,1.0,1.0,1.0,47
bi_modal_split,302,OPTIMIZE_EVALUATABLE_SUBQUERIES = 1 AND OPTIMIZE_OR = 1 AND REUSE_SPACE = 1,OPTIMIZE_EVALUATABLE_SUBQUERIES >= 1.0  AND  OPTIMIZE_OR >= 1.0  AND  REUSE_SPACE >= 1.0,0.0,1.0,1.0,1.0,47
tri_modal_split,302,OPTIMIZE_EVALUATABLE_SUBQUERIES = 1 AND OPTIMIZE_OR = 1 AND REUSE_SPACE = 1,OPTIMIZE_EVALUATABLE_SUBQUERIES >= 1.0  AND  OPTIMIZE_OR >= 1.0  AND  REUSE_SPACE >= 1.0,0.0,1.0,1.0,1.0,47
power_law,302,OPTIMIZE_EVALUATABLE_SUBQUERIES = 1 AND OPTIMIZE_OR = 1 AND REUSE_SPACE = 1,OPTIMIZE_EVALUATABLE_SUBQUERIES >= 1.0  AND  REUSE_SPACE >= 1.0  AND  OPTIMIZE_OR >= 1.0  AND  OPTIMIZE_IN_SELECT >= 1.0,1.0,0.8339768339768339,1.0,0.7152317880794702,47
normal,198,PAGE_STORE_TRIM = 1 AND COMPRESS = 1 AND IGNORE_CATALOGS = 1,PAGE_STORE_TRIM >= 1.0  AND  IGNORE_CATALOGS >= 1.0  AND  COMPRESS >= 1.0,0.0,1.0,1.0,1.0,48
uniform,198,PAGE_STORE_TRIM = 1 AND COMPRESS = 1 AND IGNORE_CATALOGS = 1,PAGE_STORE_TRIM >= 1.0  AND  COMPRESS >= 1.0  AND  IGNORE_CATALOGS >= 1.0,0.0,1.0,1.0,1.0,48
bi_modal_split,198,PAGE_STORE_TRIM = 1 AND COMPRESS = 1 AND IGNORE_CATALOGS = 1,PAGE_STORE_TRIM >= 1.0  AND  COMPRESS >= 1.0  AND  IGNORE_CATALOGS >= 1.0,0.0,1.0,1.0,1.0,48
tri_modal_split,198,PAGE_STORE_TRIM = 1 AND COMPRESS = 1 AND IGNORE_CATALOGS = 1,PAGE_STORE_TRIM >= 1.0  AND  COMPRESS >= 1.0  AND  IGNORE_CATALOGS >= 1.0,0.0,1.0,1.0,1.0,48
power_law,198,PAGE_STORE_TRIM = 1 AND COMPRESS = 1 AND IGNORE_CATALOGS = 1,PAGE_STORE_TRIM >= 1.0  AND  COMPRESS >= 1.0  AND  DROP_RESTRICT >= 1.0  AND  IGNORE_CATALOGS >= 1.0,0.0,0.8845070422535212,1.0,0.7929292929292929,48
normal,356,OPTIMIZE_IN_SELECT = 1 AND OPTIMIZE_OR = 1 AND REUSE_SPACE = 1,OPTIMIZE_IN_SELECT >= 1.0  AND  OPTIMIZE_INSERT_FROM_SELECT >= 1.0  AND  REUSE_SPACE >= 1.0  AND  OPTIMIZE_OR >= 1.0,0.0,0.8366013071895425,1.0,0.7191011235955056,49
uniform,356,OPTIMIZE_IN_SELECT = 1 AND OPTIMIZE_OR = 1 AND REUSE_SPACE = 1,OPTIMIZE_IN_SELECT >= 1.0  AND  OPTIMIZE_OR >= 1.0  AND  REUSE_SPACE >= 1.0,0.0,1.0,1.0,1.0,49
bi_modal_split,356,OPTIMIZE_IN_SELECT = 1 AND OPTIMIZE_OR = 1 AND REUSE_SPACE = 1,OPTIMIZE_IN_SELECT >= 1.0  AND  OPTIMIZE_OR >= 1.0  AND  REUSE_SPACE >= 1.0,0.0,1.0,1.0,1.0,49
tri_modal_split,356,OPTIMIZE_IN_SELECT = 1 AND OPTIMIZE_OR = 1 AND REUSE_SPACE = 1,OPTIMIZE_IN_SELECT >= 1.0  AND  OPTIMIZE_OR >= 1.0  AND  REUSE_SPACE >= 1.0,0.0,1.0,1.0,1.0,49
power_law,356,OPTIMIZE_IN_SELECT = 1 AND OPTIMIZE_OR = 1 AND REUSE_SPACE = 1,COMPRESS >= 1.0  AND  OPTIMIZE_OR >= 1.0  AND  REUSE_SPACE >= 1.0  AND  OPTIMIZE_IN_SELECT >= 1.0,0.0,0.8384991843393149,1.0,0.7219101123595506,49
normal,386,COMPRESS = 1 AND IGNORE_CATALOGS = 1 AND OPTIMIZE_DISTINCT = 1,COMPRESS >= 1.0  AND  IGNORE_CATALOGS >= 1.0  AND  OPTIMIZE_DISTINCT >= 1.0,0.0,1.0,1.0,1.0,4
uniform,386,COMPRESS = 1 AND IGNORE_CATALOGS = 1 AND OPTIMIZE_DISTINCT = 1,IGNORE_CATALOGS >= 1.0  AND  OPTIMIZE_DISTINCT >= 1.0  AND  COMPRESS >= 1.0,0.0,1.0,1.0,1.0,4
bi_modal_split,386,COMPRESS = 1 AND IGNORE_CATALOGS = 1 AND OPTIMIZE_DISTINCT = 1,COMPRESS >= 1.0  AND  IGNORE_CATALOGS >= 1.0  AND  OPTIMIZE_DISTINCT >= 1.0,0.0,1.0,1.0,1.0,4
tri_modal_split,386,COMPRESS = 1 AND IGNORE_CATALOGS = 1 AND OPTIMIZE_DISTINCT = 1,IGNORE_CATALOGS >= 1.0  AND  OPTIMIZE_DISTINCT >= 1.0  AND  COMPRESS >= 1.0,0.0,1.0,1.0,1.0,4
power_law,386,COMPRESS = 1 AND IGNORE_CATALOGS = 1 AND OPTIMIZE_DISTINCT = 1,COMPRESS >= 1.0  AND  IGNORE_CATALOGS >= 1.0  AND  RECOMPILE_ALWAYS >= 1.0  AND  OPTIMIZE_DISTINCT >= 1.0,2.0,0.8068006182380216,1.0,0.6761658031088082,4
normal,351,OPTIMIZE_INSERT_FROM_SELECT = 1 AND OPTIMIZE_TWO_EQUALS = 1 AND IGNORE_CATALOGS = 1,OPTIMIZE_INSERT_FROM_SELECT >= 1.0  AND  IGNORE_CATALOGS >= 1.0  AND  OPTIMIZE_TWO_EQUALS >= 1.0,2.0,1.0,1.0,1.0,50
uniform,351,OPTIMIZE_INSERT_FROM_SELECT = 1 AND OPTIMIZE_TWO_EQUALS = 1 AND IGNORE_CATALOGS = 1,OPTIMIZE_TWO_EQUALS >= 1.0  AND  IGNORE_CATALOGS >= 1.0  AND  OPTIMIZE_INSERT_FROM_SELECT >= 1.0,0.0,1.0,1.0,1.0,50
bi_modal_split,351,OPTIMIZE_INSERT_FROM_SELECT = 1 AND OPTIMIZE_TWO_EQUALS = 1 AND IGNORE_CATALOGS = 1,OPTIMIZE_INSERT_FROM_SELECT >= 1.0  AND  IGNORE_CATALOGS >= 1.0  AND  OPTIMIZE_TWO_EQUALS >= 1.0,0.0,1.0,1.0,1.0,50
tri_modal_split,0,OPTIMIZE_INSERT_FROM_SELECT = 1 AND OPTIMIZE_TWO_EQUALS = 1 AND IGNORE_CATALOGS = 1,,,0.0,0.0,0.0,50
power_law,351,OPTIMIZE_INSERT_FROM_SELECT = 1 AND OPTIMIZE_TWO_EQUALS = 1 AND IGNORE_CATALOGS = 1,OPTIMIZE_INSERT_FROM_SELECT >= 1.0  AND  OPTIMIZE_DISTINCT >= 1.0  AND  OPTIMIZE_TWO_EQUALS >= 1.0  AND  IGNORE_CATALOGS >= 1.0,0.0,0.8453947368421053,1.0,0.7321937321937322,50
normal,300,OPTIMIZE_OR = 1 AND PAGE_STORE_INTERNAL_COUNT = 1 AND DEFRAG_ALWAYS = 1,OPTIMIZE_OR >= 1.0  AND  PAGE_STORE_INTERNAL_COUNT >= 1.0  AND  DEFRAG_ALWAYS >= 1.0,0.0,1.0,1.0,1.0,51
uniform,300,OPTIMIZE_OR = 1 AND PAGE_STORE_INTERNAL_COUNT = 1 AND DEFRAG_ALWAYS = 1,PAGE_STORE_INTERNAL_COUNT >= 1.0  AND  DEFRAG_ALWAYS >= 1.0  AND  OPTIMIZE_OR >= 1.0,0.0,1.0,1.0,1.0,51
bi_modal_split,300,OPTIMIZE_OR = 1 AND PAGE_STORE_INTERNAL_COUNT = 1 AND DEFRAG_ALWAYS = 1,OPTIMIZE_OR >= 1.0  AND  PAGE_STORE_INTERNAL_COUNT >= 1.0  AND  DEFRAG_ALWAYS >= 1.0,0.0,1.0,1.0,1.0,51
tri_modal_split,300,OPTIMIZE_OR = 1 AND PAGE_STORE_INTERNAL_COUNT = 1 AND DEFRAG_ALWAYS = 1,OPTIMIZE_OR >= 1.0  AND  PAGE_STORE_INTERNAL_COUNT >= 1.0  AND  DEFRAG_ALWAYS >= 1.0,0.0,1.0,1.0,1.0,51
power_law,300,OPTIMIZE_OR = 1 AND PAGE_STORE_INTERNAL_COUNT = 1 AND DEFRAG_ALWAYS = 1,PAGE_STORE_INTERNAL_COUNT >= 1.0  AND  DEFRAG_ALWAYS >= 1.0  AND  OPTIMIZE_INSERT_FROM_SELECT >= 1.0  AND  OPTIMIZE_OR >= 1.0,2.0,0.8721804511278195,1.0,0.7733333333333333,51
normal,365,OPTIMIZE_TWO_EQUALS = 1 AND RECOMPILE_ALWAYS = 1 AND REUSE_SPACE = 1,OPTIMIZE_TWO_EQUALS >= 1.0  AND  REUSE_SPACE >= 1.0  AND  RECOMPILE_ALWAYS >= 1.0,0.0,1.0,1.0,1.0,52
uniform,365,OPTIMIZE_TWO_EQUALS = 1 AND RECOMPILE_ALWAYS = 1 AND REUSE_SPACE = 1,RECOMPILE_ALWAYS >= 1.0  AND  REUSE_SPACE >= 1.0  AND  OPTIMIZE_TWO_EQUALS >= 1.0,0.0,1.0,1.0,1.0,52
bi_modal_split,365,OPTIMIZE_TWO_EQUALS = 1 AND RECOMPILE_ALWAYS = 1 AND REUSE_SPACE = 1,OPTIMIZE_TWO_EQUALS >= 1.0  AND  REUSE_SPACE >= 1.0  AND  RECOMPILE_ALWAYS >= 1.0,0.0,1.0,1.0,1.0,52
tri_modal_split,365,OPTIMIZE_TWO_EQUALS = 1 AND RECOMPILE_ALWAYS = 1 AND REUSE_SPACE = 1,RECOMPILE_ALWAYS >= 1.0  AND  REUSE_SPACE >= 1.0  AND  OPTIMIZE_TWO_EQUALS >= 1.0,0.0,1.0,1.0,1.0,52
power_law,365,OPTIMIZE_TWO_EQUALS = 1 AND RECOMPILE_ALWAYS = 1 AND REUSE_SPACE = 1,RECOMPILE_ALWAYS >= 1.0  AND  REUSE_SPACE >= 1.0  AND  OPTIMIZE_TWO_EQUALS >= 1.0  AND  OPTIMIZE_EVALUATABLE_SUBQUERIES >= 1.0,0.0,0.7147887323943662,1.0,0.5561643835616439,52
normal,214,OPTIMIZE_IN_SELECT = 1 AND PAGE_STORE_TRIM = 1 AND RECOMPILE_ALWAYS = 1,PAGE_STORE_TRIM >= 1.0  AND  RECOMPILE_ALWAYS >= 1.0  AND  OPTIMIZE_IN_SELECT >= 1.0,0.0,1.0,1.0,1.0,53
uniform,214,OPTIMIZE_IN_SELECT = 1 AND PAGE_STORE_TRIM = 1 AND RECOMPILE_ALWAYS = 1,PAGE_STORE_TRIM >= 1.0  AND  RECOMPILE_ALWAYS >= 1.0  AND  OPTIMIZE_IN_SELECT >= 1.0,0.0,1.0,1.0,1.0,53
bi_modal_split,214,OPTIMIZE_IN_SELECT = 1 AND PAGE_STORE_TRIM = 1 AND RECOMPILE_ALWAYS = 1,PAGE_STORE_TRIM >= 1.0  AND  RECOMPILE_ALWAYS >= 1.0  AND  OPTIMIZE_IN_SELECT >= 1.0,0.0,1.0,1.0,1.0,53
tri_modal_split,0,OPTIMIZE_IN_SELECT = 1 AND PAGE_STORE_TRIM = 1 AND RECOMPILE_ALWAYS = 1,,,0.0,0.0,0.0,53
power_law,214,OPTIMIZE_IN_SELECT = 1 AND PAGE_STORE_TRIM = 1 AND RECOMPILE_ALWAYS = 1,PAGE_STORE_TRIM >= 1.0  AND  RECOMPILE_ALWAYS >= 1.0  AND  DROP_RESTRICT >= 1.0  AND  OPTIMIZE_IN_SELECT >= 1.0,1.0,0.8647214854111406,1.0,0.7616822429906542,53
normal,349,OPTIMIZE_IN_SELECT = 1 AND OPTIMIZE_INSERT_FROM_SELECT = 1 AND IGNORE_CATALOGS = 1,IGNORE_CATALOGS >= 1.0  AND  0.0 <= MVSTORE < 1.0  AND  OPTIMIZE_IN_SELECT >= 1.0  AND  OPTIMIZE_INSERT_FROM_SELECT >= 1.0,0.0,0.890302066772655,1.0,0.8022922636103151,54
uniform,349,OPTIMIZE_IN_SELECT = 1 AND OPTIMIZE_INSERT_FROM_SELECT = 1 AND IGNORE_CATALOGS = 1,OPTIMIZE_INSERT_FROM_SELECT >= 1.0  AND  IGNORE_CATALOGS >= 1.0  AND  OPTIMIZE_IN_SELECT >= 1.0,0.0,1.0,1.0,1.0,54
bi_modal_split,349,OPTIMIZE_IN_SELECT = 1 AND OPTIMIZE_INSERT_FROM_SELECT = 1 AND IGNORE_CATALOGS = 1,OPTIMIZE_IN_SELECT >= 1.0  AND  IGNORE_CATALOGS >= 1.0  AND  OPTIMIZE_INSERT_FROM_SELECT >= 1.0,0.0,1.0,1.0,1.0,54
tri_modal_split,349,OPTIMIZE_IN_SELECT = 1 AND OPTIMIZE_INSERT_FROM_SELECT = 1 AND IGNORE_CATALOGS = 1,OPTIMIZE_IN_SELECT >= 1.0  AND  IGNORE_CATALOGS >= 1.0  AND  OPTIMIZE_INSERT_FROM_SELECT >= 1.0,0.0,1.0,1.0,1.0,54
power_law,349,OPTIMIZE_IN_SELECT = 1 AND OPTIMIZE_INSERT_FROM_SELECT = 1 AND IGNORE_CATALOGS = 1,OPTIMIZE_IN_SELECT >= 1.0  AND  IGNORE_CATALOGS >= 1.0  AND  OPTIMIZE_INSERT_FROM_SELECT >= 1.0  AND  0.0 <= REUSE_SPACE < 1.0,0.0,0.5955734406438632,1.0,0.4240687679083094,54
normal,207,PAGE_STORE_TRIM = 1 AND RECOMPILE_ALWAYS = 1 AND DROP_RESTRICT = 1,PAGE_STORE_TRIM >= 1.0  AND  RECOMPILE_ALWAYS >= 1.0  AND  DROP_RESTRICT >= 1.0  AND  OPTIMIZE_IN_LIST >= 1.0,0.0,0.8810810810810812,1.0,0.7874396135265701,55
uniform,207,PAGE_STORE_TRIM = 1 AND RECOMPILE_ALWAYS = 1 AND DROP_RESTRICT = 1,PAGE_STORE_TRIM >= 1.0  AND  RECOMPILE_ALWAYS >= 1.0  AND  DROP_RESTRICT >= 1.0,0.0,1.0,1.0,1.0,55
bi_modal_split,207,PAGE_STORE_TRIM = 1 AND RECOMPILE_ALWAYS = 1 AND DROP_RESTRICT = 1,PAGE_STORE_TRIM >= 1.0  AND  RECOMPILE_ALWAYS >= 1.0  AND  DROP_RESTRICT >= 1.0,0.0,1.0,1.0,1.0,55
tri_modal_split,207,PAGE_STORE_TRIM = 1 AND RECOMPILE_ALWAYS = 1 AND DROP_RESTRICT = 1,PAGE_STORE_TRIM >= 1.0  AND  RECOMPILE_ALWAYS >= 1.0  AND  DROP_RESTRICT >= 1.0,0.0,1.0,1.0,1.0,55
power_law,207,PAGE_STORE_TRIM = 1 AND RECOMPILE_ALWAYS = 1 AND DROP_RESTRICT = 1,PAGE_STORE_TRIM >= 1.0  AND  RECOMPILE_ALWAYS >= 1.0  AND  IGNORE_CATALOGS >= 1.0  AND  DROP_RESTRICT >= 1.0,1.0,0.8271954674220964,1.0,0.7053140096618358,55
normal,341,OPTIMIZE_TWO_EQUALS = 1 AND PAGE_STORE_INTERNAL_COUNT = 1 AND DEFRAG_ALWAYS = 1,OPTIMIZE_TWO_EQUALS >= 1.0  AND  PAGE_STORE_INTERNAL_COUNT >= 1.0  AND  DEFRAG_ALWAYS >= 1.0,0.0,1.0,1.0,1.0,56
uniform,341,OPTIMIZE_TWO_EQUALS = 1 AND PAGE_STORE_INTERNAL_COUNT = 1 AND DEFRAG_ALWAYS = 1,PAGE_STORE_INTERNAL_COUNT >= 1.0  AND  DEFRAG_ALWAYS >= 1.0  AND  OPTIMIZE_TWO_EQUALS >= 1.0,0.0,1.0,1.0,1.0,56
bi_modal_split,341,OPTIMIZE_TWO_EQUALS = 1 AND PAGE_STORE_INTERNAL_COUNT = 1 AND DEFRAG_ALWAYS = 1,OPTIMIZE_TWO_EQUALS >= 1.0  AND  PAGE_STORE_INTERNAL_COUNT >= 1.0  AND  DEFRAG_ALWAYS >= 1.0,0.0,1.0,1.0,1.0,56
tri_modal_split,341,OPTIMIZE_TWO_EQUALS = 1 AND PAGE_STORE_INTERNAL_COUNT = 1 AND DEFRAG_ALWAYS = 1,OPTIMIZE_TWO_EQUALS >= 1.0  AND  DEFRAG_ALWAYS >= 1.0  AND  PAGE_STORE_INTERNAL_COUNT >= 1.0,0.0,1.0,1.0,1.0,56
power_law,341,OPTIMIZE_TWO_EQUALS = 1 AND PAGE_STORE_INTERNAL_COUNT = 1 AND DEFRAG_ALWAYS = 1,PAGE_STORE_INTERNAL_COUNT >= 1.0  AND  DEFRAG_ALWAYS >= 1.0  AND  OPTIMIZE_TWO_EQUALS >= 1.0  AND  RECOMPILE_ALWAYS >= 1.0,2.0,0.8764415156507414,1.0,0.7800586510263929,56
normal,364,OPTIMIZE_INSERT_FROM_SELECT = 1 AND OPTIMIZE_OR = 1 AND DROP_RESTRICT = 1,OPTIMIZE_OR >= 1.0  AND  DROP_RESTRICT >= 1.0  AND  OPTIMIZE_INSERT_FROM_SELECT >= 1.0  AND  0.0 <= PAGE_STORE_TRIM < 1.0,0.0,0.7661016949152543,1.0,0.6208791208791209,57
uniform,364,OPTIMIZE_INSERT_FROM_SELECT = 1 AND OPTIMIZE_OR = 1 AND DROP_RESTRICT = 1,OPTIMIZE_INSERT_FROM_SELECT >= 1.0  AND  DROP_RESTRICT >= 1.0  AND  OPTIMIZE_OR >= 1.0,0.0,1.0,1.0,1.0,57
bi_modal_split,364,OPTIMIZE_INSERT_FROM_SELECT = 1 AND OPTIMIZE_OR = 1 AND DROP_RESTRICT = 1,OPTIMIZE_OR >= 1.0  AND  DROP_RESTRICT >= 1.0  AND  OPTIMIZE_INSERT_FROM_SELECT >= 1.0,0.0,1.0,1.0,1.0,57
tri_modal_split,0,OPTIMIZE_INSERT_FROM_SELECT = 1 AND OPTIMIZE_OR = 1 AND DROP_RESTRICT = 1,,,0.0,0.0,0.0,57
power_law,364,OPTIMIZE_INSERT_FROM_SELECT = 1 AND OPTIMIZE_OR = 1 AND DROP_RESTRICT = 1,OPTIMIZE_INSERT_FROM_SELECT >= 1.0  AND  DROP_RESTRICT >= 1.0  AND  OPTIMIZE_OR >= 1.0  AND  RECOMPILE_ALWAYS >= 1.0,2.0,0.816260162601626,1.0,0.6895604395604396,57
normal,374,RECOMPILE_ALWAYS = 1 AND IGNORE_CATALOGS = 1 AND OPTIMIZE_DISTINCT = 1,RECOMPILE_ALWAYS >= 1.0  AND  IGNORE_CATALOGS >= 1.0  AND  OPTIMIZE_DISTINCT >= 1.0,0.0,1.0,1.0,1.0,58
uniform,374,RECOMPILE_ALWAYS = 1 AND IGNORE_CATALOGS = 1 AND OPTIMIZE_DISTINCT = 1,RECOMPILE_ALWAYS >= 1.0  AND  OPTIMIZE_DISTINCT >= 1.0  AND  IGNORE_CATALOGS >= 1.0,0.0,1.0,1.0,1.0,58
bi_modal_split,374,RECOMPILE_ALWAYS = 1 AND IGNORE_CATALOGS = 1 AND OPTIMIZE_DISTINCT = 1,RECOMPILE_ALWAYS >= 1.0  AND  IGNORE_CATALOGS >= 1.0  AND  OPTIMIZE_DISTINCT >= 1.0,0.0,1.0,1.0,1.0,58
tri_modal_split,374,RECOMPILE_ALWAYS = 1 AND IGNORE_CATALOGS = 1 AND OPTIMIZE_DISTINCT = 1,IGNORE_CATALOGS >= 1.0  AND  OPTIMIZE_DISTINCT >= 1.0  AND  RECOMPILE_ALWAYS >= 1.0,0.0,1.0,1.0,1.0,58
power_law,374,RECOMPILE_ALWAYS = 1 AND IGNORE_CATALOGS = 1 AND OPTIMIZE_DISTINCT = 1,IGNORE_CATALOGS >= 1.0  AND  OPTIMIZE_DISTINCT >= 1.0  AND  RECOMPILE_ALWAYS >= 1.0  AND  0.0 <= MVSTORE < 1.0,2.0,0.8509984639016897,1.0,0.7406417112299465,58
normal,215,OPTIMIZE_TWO_EQUALS = 1 AND DEFRAG_ALWAYS = 1 AND MVSTORE = 1,DEFRAG_ALWAYS >= 1.0  AND  MVSTORE >= 1.0  AND  OPTIMIZE_TWO_EQUALS >= 1.0,0.0,1.0,1.0,1.0,59
uniform,215,OPTIMIZE_TWO_EQUALS = 1 AND DEFRAG_ALWAYS = 1 AND MVSTORE = 1,OPTIMIZE_TWO_EQUALS >= 1.0  AND  MVSTORE >= 1.0  AND  DEFRAG_ALWAYS >= 1.0,0.0,1.0,1.0,1.0,59
bi_modal_split,0,OPTIMIZE_TWO_EQUALS = 1 AND DEFRAG_ALWAYS = 1 AND MVSTORE = 1,,,0.0,0.0,0.0,59
tri_modal_split,0,OPTIMIZE_TWO_EQUALS = 1 AND DEFRAG_ALWAYS = 1 AND MVSTORE = 1,,,0.0,0.0,0.0,59
power_law,215,OPTIMIZE_TWO_EQUALS = 1 AND DEFRAG_ALWAYS = 1 AND MVSTORE = 1,OPTIMIZE_TWO_EQUALS >= 1.0  AND  MVSTORE >= 1.0  AND  0.0 <= OPTIMIZE_EVALUATABLE_SUBQUERIES < 1.0  AND  DEFRAG_ALWAYS >= 1.0,0.0,0.6728395061728396,1.0,0.5069767441860465,59
normal,352,RECOMPILE_ALWAYS = 1 AND COMPRESS = 1 AND REUSE_SPACE = 1,RECOMPILE_ALWAYS >= 1.0  AND  COMPRESS >= 1.0  AND  REUSE_SPACE >= 1.0,0.0,1.0,1.0,1.0,5
uniform,352,RECOMPILE_ALWAYS = 1 AND COMPRESS = 1 AND REUSE_SPACE = 1,RECOMPILE_ALWAYS >= 1.0  AND  REUSE_SPACE >= 1.0  AND  COMPRESS >= 1.0,0.0,1.0,1.0,1.0,5
bi_modal_split,352,RECOMPILE_ALWAYS = 1 AND COMPRESS = 1 AND REUSE_SPACE = 1,RECOMPILE_ALWAYS >= 1.0  AND  COMPRESS >= 1.0  AND  REUSE_SPACE >= 1.0,0.0,1.0,1.0,1.0,5
tri_modal_split,352,RECOMPILE_ALWAYS = 1 AND COMPRESS = 1 AND REUSE_SPACE = 1,COMPRESS >= 1.0  AND  REUSE_SPACE >= 1.0  AND  RECOMPILE_ALWAYS >= 1.0,0.0,1.0,1.0,1.0,5
power_law,352,RECOMPILE_ALWAYS = 1 AND COMPRESS = 1 AND REUSE_SPACE = 1,RECOMPILE_ALWAYS >= 1.0  AND  REUSE_SPACE >= 1.0  AND  COMPRESS >= 1.0  AND  OPTIMIZE_IN_LIST >= 1.0,3.0,0.8247078464106844,1.0,0.7017045454545454,5
normal,383,OPTIMIZE_IN_SELECT = 1 AND IGNORE_CATALOGS = 1 AND DEFRAG_ALWAYS = 1,IGNORE_CATALOGS >= 1.0  AND  DEFRAG_ALWAYS >= 1.0  AND  OPTIMIZE_IN_SELECT >= 1.0,0.0,1.0,1.0,1.0,60
uniform,383,OPTIMIZE_IN_SELECT = 1 AND IGNORE_CATALOGS = 1 AND DEFRAG_ALWAYS = 1,OPTIMIZE_IN_SELECT >= 1.0  AND  IGNORE_CATALOGS >= 1.0  AND  DEFRAG_ALWAYS >= 1.0,0.0,1.0,1.0,1.0,60
bi_modal_split,0,OPTIMIZE_IN_SELECT = 1 AND IGNORE_CATALOGS = 1 AND DEFRAG_ALWAYS = 1,,,0.0,0.0,0.0,60
tri_modal_split,383,OPTIMIZE_IN_SELECT = 1 AND IGNORE_CATALOGS = 1 AND DEFRAG_ALWAYS = 1,OPTIMIZE_IN_SELECT >= 1.0  AND  DEFRAG_ALWAYS >= 1.0  AND  IGNORE_CATALOGS >= 1.0,0.0,1.0,1.0,1.0,60
power_law,383,OPTIMIZE_IN_SELECT = 1 AND IGNORE_CATALOGS = 1 AND DEFRAG_ALWAYS = 1,OPTIMIZE_IN_SELECT >= 1.0  AND  IGNORE_CATALOGS >= 1.0  AND  DEFRAG_ALWAYS >= 1.0  AND  OPTIMIZE_TWO_EQUALS >= 1.0,2.0,0.8376327769347497,1.0,0.720626631853786,60
normal,225,PAGE_STORE_TRIM = 1 AND PAGE_STORE_INTERNAL_COUNT = 1 AND OPTIMIZE_DISTINCT = 1,PAGE_STORE_TRIM >= 1.0  AND  PAGE_STORE_INTERNAL_COUNT >= 1.0  AND  OPTIMIZE_DISTINCT >= 1.0,0.0,1.0,1.0,1.0,61
uniform,225,PAGE_STORE_TRIM = 1 AND PAGE_STORE_INTERNAL_COUNT = 1 AND OPTIMIZE_DISTINCT = 1,PAGE_STORE_TRIM >= 1.0  AND  PAGE_STORE_INTERNAL_COUNT >= 1.0  AND  OPTIMIZE_DISTINCT >= 1.0,0.0,1.0,1.0,1.0,61
bi_modal_split,0,PAGE_STORE_TRIM = 1 AND PAGE_STORE_INTERNAL_COUNT = 1 AND OPTIMIZE_DISTINCT = 1,,,0.0,0.0,0.0,61
tri_modal_split,0,PAGE_STORE_TRIM = 1 AND PAGE_STORE_INTERNAL_COUNT = 1 AND OPTIMIZE_DISTINCT = 1,,,0.0,0.0,0.0,61
power_law,225,PAGE_STORE_TRIM = 1 AND PAGE_STORE_INTERNAL_COUNT = 1 AND OPTIMIZE_DISTINCT = 1,PAGE_STORE_TRIM >= 1.0  AND  PAGE_STORE_INTERNAL_COUNT >= 1.0  AND  OPTIMIZE_DISTINCT >= 1.0  AND  0.0 <= REUSE_SPACE < 1.0,2.0,0.7499999999999999,1.0,0.6,61
normal,224,OPTIMIZE_IN_SELECT = 1 AND OPTIMIZE_EVALUATABLE_SUBQUERIES = 1 AND PAGE_STORE_TRIM = 1,OPTIMIZE_EVALUATABLE_SUBQUERIES >= 1.0  AND  PAGE_STORE_TRIM >= 1.0  AND  OPTIMIZE_IN_SELECT >= 1.0,0.0,1.0,1.0,1.0,62
uniform,224,OPTIMIZE_IN_SELECT = 1 AND OPTIMIZE_EVALUATABLE_SUBQUERIES = 1 AND PAGE_STORE_TRIM = 1,OPTIMIZE_EVALUATABLE_SUBQUERIES >= 1.0  AND  PAGE_STORE_TRIM >= 1.0  AND  OPTIMIZE_IN_SELECT >= 1.0,0.0,1.0,1.0,1.0,62
bi_modal_split,224,OPTIMIZE_IN_SELECT = 1 AND OPTIMIZE_EVALUATABLE_SUBQUERIES = 1 AND PAGE_STORE_TRIM = 1,OPTIMIZE_IN_SELECT >= 1.0  AND  OPTIMIZE_EVALUATABLE_SUBQUERIES >= 1.0  AND  PAGE_STORE_TRIM >= 1.0,0.0,1.0,1.0,1.0,62
tri_modal_split,224,OPTIMIZE_IN_SELECT = 1 AND OPTIMIZE_EVALUATABLE_SUBQUERIES = 1 AND PAGE_STORE_TRIM = 1,OPTIMIZE_IN_SELECT >= 1.0  AND  PAGE_STORE_TRIM >= 1.0  AND  OPTIMIZE_EVALUATABLE_SUBQUERIES >= 1.0,0.0,1.0,1.0,1.0,62
power_law,224,OPTIMIZE_IN_SELECT = 1 AND OPTIMIZE_EVALUATABLE_SUBQUERIES = 1 AND PAGE_STORE_TRIM = 1,OPTIMIZE_EVALUATABLE_SUBQUERIES >= 1.0  AND  PAGE_STORE_TRIM >= 1.0  AND  OPTIMIZE_IN_SELECT >= 1.0  AND  DEFRAG_ALWAYS >= 1.0,1.0,0.8629441624365483,1.0,0.7589285714285714,62
normal,359,RECOMPILE_ALWAYS = 1 AND COMPRESS = 1 AND IGNORE_CATALOGS = 1,RECOMPILE_ALWAYS >= 1.0  AND  COMPRESS >= 1.0  AND  IGNORE_CATALOGS >= 1.0,0.0,1.0,1.0,1.0,63
uniform,359,RECOMPILE_ALWAYS = 1 AND COMPRESS = 1 AND IGNORE_CATALOGS = 1,RECOMPILE_ALWAYS >= 1.0  AND  COMPRESS >= 1.0  AND  IGNORE_CATALOGS >= 1.0,0.0,1.0,1.0,1.0,63
bi_modal_split,359,RECOMPILE_ALWAYS = 1 AND COMPRESS = 1 AND IGNORE_CATALOGS = 1,RECOMPILE_ALWAYS >= 1.0  AND  COMPRESS >= 1.0  AND  IGNORE_CATALOGS >= 1.0,0.0,1.0,1.0,1.0,63
tri_modal_split,359,RECOMPILE_ALWAYS = 1 AND COMPRESS = 1 AND IGNORE_CATALOGS = 1,COMPRESS >= 1.0  AND  IGNORE_CATALOGS >= 1.0  AND  RECOMPILE_ALWAYS >= 1.0,0.0,1.0,1.0,1.0,63
power_law,359,RECOMPILE_ALWAYS = 1 AND COMPRESS = 1 AND IGNORE_CATALOGS = 1,RECOMPILE_ALWAYS >= 1.0  AND  OPTIMIZE_OR >= 1.0  AND  COMPRESS >= 1.0  AND  IGNORE_CATALOGS >= 1.0,0.0,0.7851099830795263,1.0,0.6462395543175488,63
normal,361,OPTIMIZE_IN_LIST = 1 AND RECOMPILE_ALWAYS = 1 AND PAGE_STORE_INTERNAL_COUNT = 1,OPTIMIZE_IN_LIST >= 1.0  AND  RECOMPILE_ALWAYS >= 1.0  AND  PAGE_STORE_INTERNAL_COUNT >= 1.0,0.0,1.0,1.0,1.0,64
uniform,361,OPTIMIZE_IN_LIST = 1 AND RECOMPILE_ALWAYS = 1 AND PAGE_STORE_INTERNAL_COUNT = 1,RECOMPILE_ALWAYS >= 1.0  AND  PAGE_STORE_INTERNAL_COUNT >= 1.0  AND  OPTIMIZE_IN_LIST >= 1.0,0.0,1.0,1.0,1.0,64
bi_modal_split,361,OPTIMIZE_IN_LIST = 1 AND RECOMPILE_ALWAYS = 1 AND PAGE_STORE_INTERNAL_COUNT = 1,OPTIMIZE_IN_LIST >= 1.0  AND  RECOMPILE_ALWAYS >= 1.0  AND  PAGE_STORE_INTERNAL_COUNT >= 1.0,0.0,1.0,1.0,1.0,64
tri_modal_split,0,OPTIMIZE_IN_LIST = 1 AND RECOMPILE_ALWAYS = 1 AND PAGE_STORE_INTERNAL_COUNT = 1,,,0.0,0.0,0.0,64
power_law,361,OPTIMIZE_IN_LIST = 1 AND RECOMPILE_ALWAYS = 1 AND PAGE_STORE_INTERNAL_COUNT = 1,OPTIMIZE_TWO_EQUALS >= 1.0  AND  RECOMPILE_ALWAYS >= 1.0  AND  OPTIMIZE_IN_LIST >= 1.0  AND  PAGE_STORE_INTERNAL_COUNT >= 1.0,3.0,0.8260162601626018,1.0,0.703601108033241,64
normal,202,PAGE_STORE_TRIM = 1 AND OPTIMIZE_OR = 1 AND PAGE_STORE_INTERNAL_COUNT = 1,OPTIMIZE_OR >= 1.0  AND  PAGE_STORE_INTERNAL_COUNT >= 1.0  AND  PAGE_STORE_TRIM >= 1.0,0.0,1.0,1.0,1.0,65
uniform,202,PAGE_STORE_TRIM = 1 AND OPTIMIZE_OR = 1 AND PAGE_STORE_INTERNAL_COUNT = 1,PAGE_STORE_TRIM >= 1.0  AND  OPTIMIZE_OR >= 1.0  AND  PAGE_STORE_INTERNAL_COUNT >= 1.0,0.0,1.0,1.0,1.0,65
bi_modal_split,202,PAGE_STORE_TRIM = 1 AND OPTIMIZE_OR = 1 AND PAGE_STORE_INTERNAL_COUNT = 1,PAGE_STORE_TRIM >= 1.0  AND  OPTIMIZE_OR >= 1.0  AND  PAGE_STORE_INTERNAL_COUNT >= 1.0,0.0,1.0,1.0,1.0,65
tri_modal_split,202,PAGE_STORE_TRIM = 1 AND OPTIMIZE_OR = 1 AND PAGE_STORE_INTERNAL_COUNT = 1,PAGE_STORE_TRIM >= 1.0  AND  OPTIMIZE_OR >= 1.0  AND  PAGE_STORE_INTERNAL_COUNT >= 1.0,0.0,1.0,1.0,1.0,65
power_law,202,PAGE_STORE_TRIM = 1 AND OPTIMIZE_OR = 1 AND PAGE_STORE_INTERNAL_COUNT = 1,PAGE_STORE_TRIM >= 1.0  AND  OPTIMIZE_OR >= 1.0  AND  REUSE_SPACE >= 1.0  AND  PAGE_STORE_INTERNAL_COUNT >= 1.0,2.0,0.5923344947735192,1.0,0.4207920792079208,65
normal,281,OPTIMIZE_IN_LIST = 1 AND IGNORE_CATALOGS = 1 AND REUSE_SPACE = 1,OPTIMIZE_IN_LIST >= 1.0  AND  IGNORE_CATALOGS >= 1.0  AND  REUSE_SPACE >= 1.0,0.0,1.0,1.0,1.0,66
uniform,281,OPTIMIZE_IN_LIST = 1 AND IGNORE_CATALOGS = 1 AND REUSE_SPACE = 1,IGNORE_CATALOGS >= 1.0  AND  REUSE_SPACE >= 1.0  AND  OPTIMIZE_IN_LIST >= 1.0,0.0,1.0,1.0,1.0,66
bi_modal_split,281,OPTIMIZE_IN_LIST = 1 AND IGNORE_CATALOGS = 1 AND REUSE_SPACE = 1,IGNORE_CATALOGS >= 1.0  AND  REUSE_SPACE >= 1.0  AND  OPTIMIZE_IN_LIST >= 1.0,0.0,1.0,1.0,1.0,66
tri_modal_split,281,OPTIMIZE_IN_LIST = 1 AND IGNORE_CATALOGS = 1 AND REUSE_SPACE = 1,IGNORE_CATALOGS >= 1.0  AND  REUSE_SPACE >= 1.0  AND  OPTIMIZE_IN_LIST >= 1.0,0.0,1.0,1.0,1.0,66
power_law,281,OPTIMIZE_IN_LIST = 1 AND IGNORE_CATALOGS = 1 AND REUSE_SPACE = 1,OPTIMIZE_IN_LIST >= 1.0  AND  REUSE_SPACE >= 1.0  AND  IGNORE_CATALOGS >= 1.0  AND  OPTIMIZE_DISTINCT >= 1.0,2.0,0.8483606557377049,1.0,0.7366548042704626,66
normal,342,IGNORE_CATALOGS = 1 AND OPTIMIZE_OR = 1 AND OPTIMIZE_DISTINCT = 1,IGNORE_CATALOGS >= 1.0  AND  OPTIMIZE_OR >= 1.0  AND  RECOMPILE_ALWAYS >= 1.0  AND  OPTIMIZE_DISTINCT >= 1.0,0.0,0.8145580589254766,1.0,0.6871345029239766,67
uniform,342,IGNORE_CATALOGS = 1 AND OPTIMIZE_OR = 1 AND OPTIMIZE_DISTINCT = 1,IGNORE_CATALOGS >= 1.0  AND  OPTIMIZE_DISTINCT >= 1.0  AND  OPTIMIZE_OR >= 1.0,0.0,1.0,1.0,1.0,67
bi_modal_split,0,IGNORE_CATALOGS = 1 AND OPTIMIZE_OR = 1 AND OPTIMIZE_DISTINCT = 1,,,0.0,0.0,0.0,67
tri_modal_split,342,IGNORE_CATALOGS = 1 AND OPTIMIZE_OR = 1 AND OPTIMIZE_DISTINCT = 1,IGNORE_CATALOGS >= 1.0  AND  OPTIMIZE_OR >= 1.0  AND  OPTIMIZE_DISTINCT >= 1.0,0.0,1.0,1.0,1.0,67
power_law,342,IGNORE_CATALOGS = 1 AND OPTIMIZE_OR = 1 AND OPTIMIZE_DISTINCT = 1,IGNORE_CATALOGS >= 1.0  AND  OPTIMIZE_OR >= 1.0  AND  OPTIMIZE_DISTINCT >= 1.0  AND  OPTIMIZE_IN_SELECT >= 1.0,2.0,0.8426395939086295,1.0,0.7280701754385965,67
normal,329,OPTIMIZE_TWO_EQUALS = 1 AND PAGE_STORE_INTERNAL_COUNT = 1 AND DROP_RESTRICT = 1,PAGE_STORE_INTERNAL_COUNT >= 1.0  AND  DROP_RESTRICT >= 1.0  AND  OPTIMIZE_EVALUATABLE_SUBQUERIES >= 1.0  AND  OPTIMIZE_TWO_EQUALS >= 1.0,0.0,0.8079710144927537,1.0,0.6778115501519757,68
uniform,329,OPTIMIZE_TWO_EQUALS = 1 AND PAGE_STORE_INTERNAL_COUNT = 1 AND DROP_RESTRICT = 1,OPTIMIZE_TWO_EQUALS >= 1.0  AND  PAGE_STORE_INTERNAL_COUNT >= 1.0  AND  DROP_RESTRICT >= 1.0,0.0,1.0,1.0,1.0,68
bi_modal_split,329,OPTIMIZE_TWO_EQUALS = 1 AND PAGE_STORE_INTERNAL_COUNT = 1 AND DROP_RESTRICT = 1,OPTIMIZE_TWO_EQUALS >= 1.0  AND  PAGE_STORE_INTERNAL_COUNT >= 1.0  AND  DROP_RESTRICT >= 1.0,0.0,1.0,1.0,1.0,68
tri_modal_split,0,OPTIMIZE_TWO_EQUALS = 1 AND PAGE_STORE_INTERNAL_COUNT = 1 AND DROP_RESTRICT = 1,,,0.0,0.0,0.0,68
power_law,329,OPTIMIZE_TWO_EQUALS = 1 AND PAGE_STORE_INTERNAL_COUNT = 1 AND DROP_RESTRICT = 1,PAGE_STORE_INTERNAL_COUNT >= 1.0  AND  DROP_RESTRICT >= 1.0  AND  OPTIMIZE_TWO_EQUALS >= 1.0  AND  0.0 <= DEFRAG_ALWAYS < 1.0,1.0,0.4590163934426229,1.0,0.2978723404255319,68
normal,329,OPTIMIZE_IN_LIST = 1 AND PAGE_STORE_INTERNAL_COUNT = 1 AND DROP_RESTRICT = 1,PAGE_STORE_INTERNAL_COUNT >= 1.0  AND  DROP_RESTRICT >= 1.0  AND  OPTIMIZE_IN_LIST >= 1.0,0.0,1.0,1.0,1.0,69
uniform,329,OPTIMIZE_IN_LIST = 1 AND PAGE_STORE_INTERNAL_COUNT = 1 AND DROP_RESTRICT = 1,PAGE_STORE_INTERNAL_COUNT >= 1.0  AND  DROP_RESTRICT >= 1.0  AND  OPTIMIZE_IN_LIST >= 1.0,0.0,1.0,1.0,1.0,69
bi_modal_split,329,OPTIMIZE_IN_LIST = 1 AND PAGE_STORE_INTERNAL_COUNT = 1 AND DROP_RESTRICT = 1,OPTIMIZE_IN_LIST >= 1.0  AND  PAGE_STORE_INTERNAL_COUNT >= 1.0  AND  DROP_RESTRICT >= 1.0,0.0,1.0,1.0,1.0,69
tri_modal_split,329,OPTIMIZE_IN_LIST = 1 AND PAGE_STORE_INTERNAL_COUNT = 1 AND DROP_RESTRICT = 1,PAGE_STORE_INTERNAL_COUNT >= 1.0  AND  DROP_RESTRICT >= 1.0  AND  OPTIMIZE_IN_LIST >= 1.0,0.0,1.0,1.0,1.0,69
power_law,329,OPTIMIZE_IN_LIST = 1 AND PAGE_STORE_INTERNAL_COUNT = 1 AND DROP_RESTRICT = 1,PAGE_STORE_INTERNAL_COUNT >= 1.0  AND  DROP_RESTRICT >= 1.0  AND  OPTIMIZE_IN_LIST >= 1.0  AND  0.0 <= DEFRAG_ALWAYS < 1.0,0.0,0.4626168224299065,1.0,0.3009118541033435,69
normal,281,OPTIMIZE_IN_SELECT = 1 AND IGNORE_CATALOGS = 1 AND REUSE_SPACE = 1,OPTIMIZE_IN_SELECT >= 1.0  AND  IGNORE_CATALOGS >= 1.0  AND  REUSE_SPACE >= 1.0,0.0,1.0,1.0,1.0,6
uniform,281,OPTIMIZE_IN_SELECT = 1 AND IGNORE_CATALOGS = 1 AND REUSE_SPACE = 1,IGNORE_CATALOGS >= 1.0  AND  REUSE_SPACE >= 1.0  AND  OPTIMIZE_IN_SELECT >= 1.0,0.0,1.0,1.0,1.0,6
bi_modal_split,0,OPTIMIZE_IN_SELECT = 1 AND IGNORE_CATALOGS = 1 AND REUSE_SPACE = 1,,,0.0,0.0,0.0,6
tri_modal_split,0,OPTIMIZE_IN_SELECT = 1 AND IGNORE_CATALOGS = 1 AND REUSE_SPACE = 1,,,0.0,0.0,0.0,6
power_law,281,OPTIMIZE_IN_SELECT = 1 AND IGNORE_CATALOGS = 1 AND REUSE_SPACE = 1,IGNORE_CATALOGS >= 1.0  AND  REUSE_SPACE >= 1.0  AND  OPTIMIZE_IN_SELECT >= 1.0  AND  OPTIMIZE_DISTINCT >= 1.0,1.0,0.8459958932238192,1.0,0.7330960854092526,6
normal,222,OPTIMIZE_TWO_EQUALS = 1 AND PAGE_STORE_TRIM = 1 AND DROP_RESTRICT = 1,OPTIMIZE_TWO_EQUALS >= 1.0  AND  PAGE_STORE_TRIM >= 1.0  AND  DROP_RESTRICT >= 1.0  AND  DEFRAG_ALWAYS >= 1.0,0.0,0.8556701030927836,1.0,0.7477477477477478,70
uniform,222,OPTIMIZE_TWO_EQUALS = 1 AND PAGE_STORE_TRIM = 1 AND DROP_RESTRICT = 1,PAGE_STORE_TRIM >= 1.0  AND  DROP_RESTRICT >= 1.0  AND  OPTIMIZE_TWO_EQUALS >= 1.0,0.0,1.0,1.0,1.0,70
bi_modal_split,222,OPTIMIZE_TWO_EQUALS = 1 AND PAGE_STORE_TRIM = 1 AND DROP_RESTRICT = 1,OPTIMIZE_TWO_EQUALS >= 1.0  AND  PAGE_STORE_TRIM >= 1.0  AND  DROP_RESTRICT >= 1.0,0.0,1.0,1.0,1.0,70
tri_modal_split,0,OPTIMIZE_TWO_EQUALS = 1 AND PAGE_STORE_TRIM = 1 AND DROP_RESTRICT = 1,,,0.0,0.0,0.0,70
power_law,222,OPTIMIZE_TWO_EQUALS = 1 AND PAGE_STORE_TRIM = 1 AND DROP_RESTRICT = 1,OPTIMIZE_TWO_EQUALS >= 1.0  AND  PAGE_STORE_TRIM >= 1.0  AND  DROP_RESTRICT >= 1.0  AND  OPTIMIZE_IN_SELECT >= 1.0,1.0,0.8872180451127819,1.0,0.7972972972972973,70
normal,267,RECOMPILE_ALWAYS = 1 AND PAGE_STORE_INTERNAL_COUNT = 1 AND REUSE_SPACE = 1,PAGE_STORE_INTERNAL_COUNT >= 1.0  AND  REUSE_SPACE >= 1.0  AND  RECOMPILE_ALWAYS >= 1.0,0.0,1.0,1.0,1.0,71
uniform,267,RECOMPILE_ALWAYS = 1 AND PAGE_STORE_INTERNAL_COUNT = 1 AND REUSE_SPACE = 1,PAGE_STORE_INTERNAL_COUNT >= 1.0  AND  REUSE_SPACE >= 1.0  AND  RECOMPILE_ALWAYS >= 1.0,0.0,1.0,1.0,1.0,71
bi_modal_split,267,RECOMPILE_ALWAYS = 1 AND PAGE_STORE_INTERNAL_COUNT = 1 AND REUSE_SPACE = 1,RECOMPILE_ALWAYS >= 1.0  AND  REUSE_SPACE >= 1.0  AND  PAGE_STORE_INTERNAL_COUNT >= 1.0,0.0,1.0,1.0,1.0,71
tri_modal_split,267,RECOMPILE_ALWAYS = 1 AND PAGE_STORE_INTERNAL_COUNT = 1 AND REUSE_SPACE = 1,PAGE_STORE_INTERNAL_COUNT >= 1.0  AND  REUSE_SPACE >= 1.0  AND  RECOMPILE_ALWAYS >= 1.0,0.0,1.0,1.0,1.0,71
power_law,267,RECOMPILE_ALWAYS = 1 AND PAGE_STORE_INTERNAL_COUNT = 1 AND REUSE_SPACE = 1,PAGE_STORE_INTERNAL_COUNT >= 1.0  AND  REUSE_SPACE >= 1.0  AND  RECOMPILE_ALWAYS >= 1.0  AND  0.0 <= COMPRESS < 1.0,1.0,0.4201183431952662,1.0,0.2659176029962546,71
normal,374,OPTIMIZE_TWO_EQUALS = 1 AND COMPRESS = 1 AND PAGE_STORE_INTERNAL_COUNT = 1,OPTIMIZE_TWO_EQUALS >= 1.0  AND  PAGE_STORE_INTERNAL_COUNT >= 1.0  AND  COMPRESS >= 1.0,0.0,1.0,1.0,1.0,72
uniform,374,OPTIMIZE_TWO_EQUALS = 1 AND COMPRESS = 1 AND PAGE_STORE_INTERNAL_COUNT = 1,COMPRESS >= 1.0  AND  PAGE_STORE_INTERNAL_COUNT >= 1.0  AND  OPTIMIZE_TWO_EQUALS >= 1.0,0.0,1.0,1.0,1.0,72
bi_modal_split,374,OPTIMIZE_TWO_EQUALS = 1 AND COMPRESS = 1 AND PAGE_STORE_INTERNAL_COUNT = 1,OPTIMIZE_TWO_EQUALS >= 1.0  AND  COMPRESS >= 1.0  AND  PAGE_STORE_INTERNAL_COUNT >= 1.0,0.0,1.0,1.0,1.0,72
tri_modal_split,374,OPTIMIZE_TWO_EQUALS = 1 AND COMPRESS = 1 AND PAGE_STORE_INTERNAL_COUNT = 1,COMPRESS >= 1.0  AND  PAGE_STORE_INTERNAL_COUNT >= 1.0  AND  OPTIMIZE_TWO_EQUALS >= 1.0,0.0,1.0,1.0,1.0,72
power_law,374,OPTIMIZE_TWO_EQUALS = 1 AND COMPRESS = 1 AND PAGE_STORE_INTERNAL_COUNT = 1,PAGE_STORE_INTERNAL_COUNT >= 1.0  AND  DEFRAG_ALWAYS >= 1.0  AND  OPTIMIZE_TWO_EQUALS >= 1.0  AND  COMPRESS >= 1.0,0.0,0.8012820512820513,1.0,0.6684491978609626,72
normal,383,OPTIMIZE_IN_SELECT = 1 AND OPTIMIZE_IN_LIST = 1 AND PAGE_STORE_INTERNAL_COUNT = 1,OPTIMIZE_IN_SELECT >= 1.0  AND  PAGE_STORE_INTERNAL_COUNT >= 1.0  AND  OPTIMIZE_IN_LIST >= 1.0,0.0,1.0,1.0,1.0,73
uniform,383,OPTIMIZE_IN_SELECT = 1 AND OPTIMIZE_IN_LIST = 1 AND PAGE_STORE_INTERNAL_COUNT = 1,OPTIMIZE_IN_SELECT >= 1.0  AND  OPTIMIZE_IN_LIST >= 1.0  AND  PAGE_STORE_INTERNAL_COUNT >= 1.0,0.0,1.0,1.0,1.0,73
bi_modal_split,383,OPTIMIZE_IN_SELECT = 1 AND OPTIMIZE_IN_LIST = 1 AND PAGE_STORE_INTERNAL_COUNT = 1,OPTIMIZE_IN_LIST >= 1.0  AND  PAGE_STORE_INTERNAL_COUNT >= 1.0  AND  OPTIMIZE_IN_SELECT >= 1.0,3.0,1.0,1.0,1.0,73
tri_modal_split,383,OPTIMIZE_IN_SELECT = 1 AND OPTIMIZE_IN_LIST = 1 AND PAGE_STORE_INTERNAL_COUNT = 1,OPTIMIZE_IN_SELECT >= 1.0  AND  OPTIMIZE_IN_LIST >= 1.0  AND  PAGE_STORE_INTERNAL_COUNT >= 1.0,0.0,1.0,1.0,1.0,73
power_law,383,OPTIMIZE_IN_SELECT = 1 AND OPTIMIZE_IN_LIST = 1 AND PAGE_STORE_INTERNAL_COUNT = 1,OPTIMIZE_IN_LIST >= 1.0  AND  PAGE_STORE_INTERNAL_COUNT >= 1.0  AND  OPTIMIZE_IN_SELECT >= 1.0  AND  OPTIMIZE_DISTINCT >= 1.0,1.0,0.8323170731707317,1.0,0.7127937336814621,73
normal,281,OPTIMIZE_IN_LIST = 1 AND IGNORE_CATALOGS = 1 AND REUSE_SPACE = 1,IGNORE_CATALOGS >= 1.0  AND  REUSE_SPACE >= 1.0  AND  OPTIMIZE_IN_LIST >= 1.0,0.0,1.0,1.0,1.0,74
uniform,281,OPTIMIZE_IN_LIST = 1 AND IGNORE_CATALOGS = 1 AND REUSE_SPACE = 1,OPTIMIZE_IN_LIST >= 1.0  AND  IGNORE_CATALOGS >= 1.0  AND  REUSE_SPACE >= 1.0,0.0,1.0,1.0,1.0,74
bi_modal_split,281,OPTIMIZE_IN_LIST = 1 AND IGNORE_CATALOGS = 1 AND REUSE_SPACE = 1,IGNORE_CATALOGS >= 1.0  AND  REUSE_SPACE >= 1.0  AND  OPTIMIZE_IN_LIST >= 1.0,0.0,1.0,1.0,1.0,74
tri_modal_split,281,OPTIMIZE_IN_LIST = 1 AND IGNORE_CATALOGS = 1 AND REUSE_SPACE = 1,IGNORE_CATALOGS >= 1.0  AND  REUSE_SPACE >= 1.0  AND  OPTIMIZE_IN_LIST >= 1.0,0.0,1.0,1.0,1.0,74
power_law,281,OPTIMIZE_IN_LIST = 1 AND IGNORE_CATALOGS = 1 AND REUSE_SPACE = 1,IGNORE_CATALOGS >= 1.0  AND  REUSE_SPACE >= 1.0  AND  OPTIMIZE_IN_LIST >= 1.0  AND  OPTIMIZE_DISTINCT >= 1.0,1.0,0.8483606557377049,1.0,0.7366548042704626,74
normal,351,OPTIMIZE_INSERT_FROM_SELECT = 1 AND OPTIMIZE_IN_LIST = 1 AND IGNORE_CATALOGS = 1,OPTIMIZE_INSERT_FROM_SELECT >= 1.0  AND  OPTIMIZE_IN_LIST >= 1.0  AND  IGNORE_CATALOGS >= 1.0,0.0,1.0,1.0,1.0,75
uniform,351,OPTIMIZE_INSERT_FROM_SELECT = 1 AND OPTIMIZE_IN_LIST = 1 AND IGNORE_CATALOGS = 1,OPTIMIZE_INSERT_FROM_SELECT >= 1.0  AND  IGNORE_CATALOGS >= 1.0  AND  OPTIMIZE_IN_LIST >= 1.0,0.0,1.0,1.0,1.0,75
bi_modal_split,351,OPTIMIZE_INSERT_FROM_SELECT = 1 AND OPTIMIZE_IN_LIST = 1 AND IGNORE_CATALOGS = 1,OPTIMIZE_IN_LIST >= 1.0  AND  IGNORE_CATALOGS >= 1.0  AND  OPTIMIZE_INSERT_FROM_SELECT >= 1.0,0.0,1.0,1.0,1.0,75
tri_modal_split,0,OPTIMIZE_INSERT_FROM_SELECT = 1 AND OPTIMIZE_IN_LIST = 1 AND IGNORE_CATALOGS = 1,,,0.0,0.0,0.0,75
power_law,351,OPTIMIZE_INSERT_FROM_SELECT = 1 AND OPTIMIZE_IN_LIST = 1 AND IGNORE_CATALOGS = 1,OPTIMIZE_INSERT_FROM_SELECT >= 1.0  AND  IGNORE_CATALOGS >= 1.0  AND  OPTIMIZE_IN_LIST >= 1.0  AND  RECOMPILE_ALWAYS >= 1.0,1.0,0.8181818181818181,1.0,0.6923076923076923,75
normal,359,OPTIMIZE_INSERT_FROM_SELECT = 1 AND RECOMPILE_ALWAYS = 1 AND OPTIMIZE_OR = 1,OPTIMIZE_INSERT_FROM_SELECT >= 1.0  AND  OPTIMIZE_OR >= 1.0  AND  COMPRESS >= 1.0  AND  RECOMPILE_ALWAYS >= 1.0,0.0,0.8493589743589743,1.0,0.7381615598885793,76
uniform,359,OPTIMIZE_INSERT_FROM_SELECT = 1 AND RECOMPILE_ALWAYS = 1 AND OPTIMIZE_OR = 1,OPTIMIZE_INSERT_FROM_SELECT >= 1.0  AND  RECOMPILE_ALWAYS >= 1.0  AND  OPTIMIZE_OR >= 1.0  AND  DEFRAG_ALWAYS >= 1.0,0.0,0.8798751950078003,1.0,0.7855153203342619,76
bi_modal_split,359,OPTIMIZE_INSERT_FROM_SELECT = 1 AND RECOMPILE_ALWAYS = 1 AND OPTIMIZE_OR = 1,OPTIMIZE_INSERT_FROM_SELECT >= 1.0  AND  OPTIMIZE_OR >= 1.0  AND  RECOMPILE_ALWAYS >= 1.0,0.0,1.0,1.0,1.0,76
tri_modal_split,359,OPTIMIZE_INSERT_FROM_SELECT = 1 AND RECOMPILE_ALWAYS = 1 AND OPTIMIZE_OR = 1,RECOMPILE_ALWAYS >= 1.0  AND  OPTIMIZE_OR >= 1.0  AND  OPTIMIZE_INSERT_FROM_SELECT >= 1.0,0.0,1.0,1.0,1.0,76
power_law,359,OPTIMIZE_INSERT_FROM_SELECT = 1 AND RECOMPILE_ALWAYS = 1 AND OPTIMIZE_OR = 1,RECOMPILE_ALWAYS >= 1.0  AND  OPTIMIZE_OR >= 1.0  AND  OPTIMIZE_INSERT_FROM_SELECT >= 1.0  AND  0.0 <= PAGE_STORE_TRIM < 1.0,1.0,0.7314487632508834,1.0,0.5766016713091922,76
normal,326,OPTIMIZE_EVALUATABLE_SUBQUERIES = 1 AND PAGE_STORE_INTERNAL_COUNT = 1 AND DEFRAG_ALWAYS = 1,PAGE_STORE_INTERNAL_COUNT >= 1.0  AND  DEFRAG_ALWAYS >= 1.0  AND  OPTIMIZE_EVALUATABLE_SUBQUERIES >= 1.0,0.0,1.0,1.0,1.0,77
uniform,326,OPTIMIZE_EVALUATABLE_SUBQUERIES = 1 AND PAGE_STORE_INTERNAL_COUNT = 1 AND DEFRAG_ALWAYS = 1,PAGE_STORE_INTERNAL_COUNT >= 1.0  AND  DEFRAG_ALWAYS >= 1.0  AND  OPTIMIZE_EVALUATABLE_SUBQUERIES >= 1.0,0.0,1.0,1.0,1.0,77
bi_modal_split,0,OPTIMIZE_EVALUATABLE_SUBQUERIES = 1 AND PAGE_STORE_INTERNAL_COUNT = 1 AND DEFRAG_ALWAYS = 1,,,0.0,0.0,0.0,77
tri_modal_split,326,OPTIMIZE_EVALUATABLE_SUBQUERIES = 1 AND PAGE_STORE_INTERNAL_COUNT = 1 AND DEFRAG_ALWAYS = 1,OPTIMIZE_EVALUATABLE_SUBQUERIES >= 1.0  AND  PAGE_STORE_INTERNAL_COUNT >= 1.0  AND  DEFRAG_ALWAYS >= 1.0,0.0,1.0,1.0,1.0,77
power_law,326,OPTIMIZE_EVALUATABLE_SUBQUERIES = 1 AND PAGE_STORE_INTERNAL_COUNT = 1 AND DEFRAG_ALWAYS = 1,OPTIMIZE_EVALUATABLE_SUBQUERIES >= 1.0  AND  PAGE_STORE_INTERNAL_COUNT >= 1.0  AND  DEFRAG_ALWAYS >= 1.0  AND  OPTIMIZE_OR >= 1.0,0.0,0.8541300527240774,1.0,0.745398773006135,77
normal,339,COMPRESS = 1 AND REUSE_SPACE = 1 AND DROP_RESTRICT = 1,COMPRESS >= 1.0  AND  DROP_RESTRICT >= 1.0  AND  OPTIMIZE_TWO_EQUALS >= 1.0  AND  REUSE_SPACE >= 1.0,0.0,0.8643216080402011,1.0,0.7610619469026548,78
uniform,339,COMPRESS = 1 AND REUSE_SPACE = 1 AND DROP_RESTRICT = 1,COMPRESS >= 1.0  AND  REUSE_SPACE >= 1.0  AND  DROP_RESTRICT >= 1.0,0.0,1.0,1.0,1.0,78
bi_modal_split,339,COMPRESS = 1 AND REUSE_SPACE = 1 AND DROP_RESTRICT = 1,COMPRESS >= 1.0  AND  REUSE_SPACE >= 1.0  AND  DROP_RESTRICT >= 1.0,0.0,1.0,1.0,1.0,78
tri_modal_split,339,COMPRESS = 1 AND REUSE_SPACE = 1 AND DROP_RESTRICT = 1,COMPRESS >= 1.0  AND  REUSE_SPACE >= 1.0  AND  DROP_RESTRICT >= 1.0  AND  0.0 <= PAGE_STORE_TRIM < 1.0,0.0,0.8605042016806722,1.0,0.7551622418879056,78
power_law,339,COMPRESS = 1 AND REUSE_SPACE = 1 AND DROP_RESTRICT = 1,COMPRESS >= 1.0  AND  REUSE_SPACE >= 1.0  AND  DROP_RESTRICT >= 1.0,2.0,1.0,1.0,1.0,78
normal,320,RECOMPILE_ALWAYS = 1 AND IGNORE_CATALOGS = 1 AND OPTIMIZE_OR = 1,IGNORE_CATALOGS >= 1.0  AND  OPTIMIZE_OR >= 1.0  AND  RECOMPILE_ALWAYS >= 1.0,0.0,1.0,1.0,1.0,79
uniform,320,RECOMPILE_ALWAYS = 1 AND IGNORE_CATALOGS = 1 AND OPTIMIZE_OR = 1,IGNORE_CATALOGS >= 1.0  AND  OPTIMIZE_OR >= 1.0  AND  RECOMPILE_ALWAYS >= 1.0,0.0,1.0,1.0,1.0,79
bi_modal_split,320,RECOMPILE_ALWAYS = 1 AND IGNORE_CATALOGS = 1 AND OPTIMIZE_OR = 1,RECOMPILE_ALWAYS >= 1.0  AND  IGNORE_CATALOGS >= 1.0  AND  OPTIMIZE_OR >= 1.0,0.0,1.0,1.0,1.0,79
tri_modal_split,320,RECOMPILE_ALWAYS = 1 AND IGNORE_CATALOGS = 1 AND OPTIMIZE_OR = 1,IGNORE_CATALOGS >= 1.0  AND  OPTIMIZE_OR >= 1.0  AND  RECOMPILE_ALWAYS >= 1.0,0.0,1.0,1.0,1.0,79
power_law,320,RECOMPILE_ALWAYS = 1 AND IGNORE_CATALOGS = 1 AND OPTIMIZE_OR = 1,RECOMPILE_ALWAYS >= 1.0  AND  OPTIMIZE_OR >= 1.0  AND  IGNORE_CATALOGS >= 1.0  AND  PAGE_STORE_INTERNAL_COUNT >= 1.0,2.0,0.7301587301587301,1.0,0.575,79
normal,360,OPTIMIZE_TWO_EQUALS = 1 AND OPTIMIZE_OR = 1 AND PAGE_STORE_INTERNAL_COUNT = 1,OPTIMIZE_OR >= 1.0  AND  PAGE_STORE_INTERNAL_COUNT >= 1.0  AND  OPTIMIZE_TWO_EQUALS >= 1.0,0.0,1.0,1.0,1.0,7
uniform,360,OPTIMIZE_TWO_EQUALS = 1 AND OPTIMIZE_OR = 1 AND PAGE_STORE_INTERNAL_COUNT = 1,OPTIMIZE_OR >= 1.0  AND  PAGE_STORE_INTERNAL_COUNT >= 1.0  AND  OPTIMIZE_TWO_EQUALS >= 1.0,0.0,1.0,1.0,1.0,7
bi_modal_split,360,OPTIMIZE_TWO_EQUALS = 1 AND OPTIMIZE_OR = 1 AND PAGE_STORE_INTERNAL_COUNT = 1,OPTIMIZE_TWO_EQUALS >= 1.0  AND  OPTIMIZE_OR >= 1.0  AND  PAGE_STORE_INTERNAL_COUNT >= 1.0,0.0,1.0,1.0,1.0,7
tri_modal_split,0,OPTIMIZE_TWO_EQUALS = 1 AND OPTIMIZE_OR = 1 AND PAGE_STORE_INTERNAL_COUNT = 1,,,0.0,0.0,0.0,7
power_law,360,OPTIMIZE_TWO_EQUALS = 1 AND OPTIMIZE_OR = 1 AND PAGE_STORE_INTERNAL_COUNT = 1,RECOMPILE_ALWAYS >= 1.0  AND  PAGE_STORE_INTERNAL_COUNT >= 1.0  AND  OPTIMIZE_OR >= 1.0  AND  OPTIMIZE_TWO_EQUALS >= 1.0,0.0,0.7755102040816326,1.0,0.6333333333333333,7
normal,334,COMPRESS = 1 AND PAGE_STORE_INTERNAL_COUNT = 1 AND DEFRAG_ALWAYS = 1,COMPRESS >= 1.0  AND  PAGE_STORE_INTERNAL_COUNT >= 1.0  AND  DEFRAG_ALWAYS >= 1.0,2.0,1.0,1.0,1.0,80
uniform,334,COMPRESS = 1 AND PAGE_STORE_INTERNAL_COUNT = 1 AND DEFRAG_ALWAYS = 1,PAGE_STORE_INTERNAL_COUNT >= 1.0  AND  DEFRAG_ALWAYS >= 1.0  AND  COMPRESS >= 1.0,0.0,1.0,1.0,1.0,80
bi_modal_split,334,COMPRESS = 1 AND PAGE_STORE_INTERNAL_COUNT = 1 AND DEFRAG_ALWAYS = 1,COMPRESS >= 1.0  AND  PAGE_STORE_INTERNAL_COUNT >= 1.0  AND  DEFRAG_ALWAYS >= 1.0,0.0,1.0,1.0,1.0,80
tri_modal_split,334,COMPRESS = 1 AND PAGE_STORE_INTERNAL_COUNT = 1 AND DEFRAG_ALWAYS = 1,COMPRESS >= 1.0  AND  PAGE_STORE_INTERNAL_COUNT >= 1.0  AND  DEFRAG_ALWAYS >= 1.0,0.0,1.0,1.0,1.0,80
power_law,334,COMPRESS = 1 AND PAGE_STORE_INTERNAL_COUNT = 1 AND DEFRAG_ALWAYS = 1,PAGE_STORE_INTERNAL_COUNT >= 1.0  AND  DEFRAG_ALWAYS >= 1.0  AND  COMPRESS >= 1.0  AND  OPTIMIZE_OR >= 1.0,1.0,0.7920433996383363,1.0,0.655688622754491,80
normal,196,PAGE_STORE_TRIM = 1 AND PAGE_STORE_INTERNAL_COUNT = 1 AND DROP_RESTRICT = 1,PAGE_STORE_TRIM >= 1.0  AND  PAGE_STORE_INTERNAL_COUNT >= 1.0  AND  DROP_RESTRICT >= 1.0,0.0,1.0,1.0,1.0,81
uniform,196,PAGE_STORE_TRIM = 1 AND PAGE_STORE_INTERNAL_COUNT = 1 AND DROP_RESTRICT = 1,PAGE_STORE_TRIM >= 1.0  AND  PAGE_STORE_INTERNAL_COUNT >= 1.0  AND  DROP_RESTRICT >= 1.0,0.0,1.0,1.0,1.0,81
bi_modal_split,196,PAGE_STORE_TRIM = 1 AND PAGE_STORE_INTERNAL_COUNT = 1 AND DROP_RESTRICT = 1,PAGE_STORE_TRIM >= 1.0  AND  PAGE_STORE_INTERNAL_COUNT >= 1.0  AND  DROP_RESTRICT >= 1.0,0.0,1.0,1.0,1.0,81
tri_modal_split,196,PAGE_STORE_TRIM = 1 AND PAGE_STORE_INTERNAL_COUNT = 1 AND DROP_RESTRICT = 1,PAGE_STORE_INTERNAL_COUNT >= 1.0  AND  DROP_RESTRICT >= 1.0  AND  PAGE_STORE_TRIM >= 1.0,0.0,1.0,1.0,1.0,81
power_law,196,PAGE_STORE_TRIM = 1 AND PAGE_STORE_INTERNAL_COUNT = 1 AND DROP_RESTRICT = 1,PAGE_STORE_TRIM >= 1.0  AND  PAGE_STORE_INTERNAL_COUNT >= 1.0  AND  DROP_RESTRICT >= 1.0  AND  OPTIMIZE_OR >= 1.0,0.0,0.8703170028818444,1.0,0.7704081632653061,81
normal,320,RECOMPILE_ALWAYS = 1 AND IGNORE_CATALOGS = 1 AND OPTIMIZE_OR = 1,IGNORE_CATALOGS >= 1.0  AND  OPTIMIZE_OR >= 1.0  AND  RECOMPILE_ALWAYS >= 1.0,0.0,1.0,1.0,1.0,82
uniform,320,RECOMPILE_ALWAYS = 1 AND IGNORE_CATALOGS = 1 AND OPTIMIZE_OR = 1,IGNORE_CATALOGS >= 1.0  AND  OPTIMIZE_OR >= 1.0  AND  RECOMPILE_ALWAYS >= 1.0,0.0,1.0,1.0,1.0,82
bi_modal_split,320,RECOMPILE_ALWAYS = 1 AND IGNORE_CATALOGS = 1 AND OPTIMIZE_OR = 1,IGNORE_CATALOGS >= 1.0  AND  OPTIMIZE_OR >= 1.0  AND  RECOMPILE_ALWAYS >= 1.0,0.0,1.0,1.0,1.0,82
tri_modal_split,320,RECOMPILE_ALWAYS = 1 AND IGNORE_CATALOGS = 1 AND OPTIMIZE_OR = 1,RECOMPILE_ALWAYS >= 1.0  AND  IGNORE_CATALOGS >= 1.0  AND  OPTIMIZE_OR >= 1.0,0.0,1.0,1.0,1.0,82
power_law,320,RECOMPILE_ALWAYS = 1 AND IGNORE_CATALOGS = 1 AND OPTIMIZE_OR = 1,IGNORE_CATALOGS >= 1.0  AND  OPTIMIZE_OR >= 1.0  AND  PAGE_STORE_TRIM >= 1.0  AND  RECOMPILE_ALWAYS >= 1.0,2.0,0.5840707964601769,1.0,0.4125,82
normal,304,OPTIMIZE_INSERT_FROM_SELECT = 1 AND IGNORE_CATALOGS = 1 AND OPTIMIZE_OR = 1,IGNORE_CATALOGS >= 1.0  AND  OPTIMIZE_OR >= 1.0  AND  OPTIMIZE_INSERT_FROM_SELECT >= 1.0,0.0,1.0,1.0,1.0,83
uniform,304,OPTIMIZE_INSERT_FROM_SELECT = 1 AND IGNORE_CATALOGS = 1 AND OPTIMIZE_OR = 1,IGNORE_CATALOGS >= 1.0  AND  OPTIMIZE_OR >= 1.0  AND  OPTIMIZE_INSERT_FROM_SELECT >= 1.0,0.0,1.0,1.0,1.0,83
bi_modal_split,0,OPTIMIZE_INSERT_FROM_SELECT = 1 AND IGNORE_CATALOGS = 1 AND OPTIMIZE_OR = 1,,,0.0,0.0,0.0,83
tri_modal_split,0,OPTIMIZE_INSERT_FROM_SELECT = 1 AND IGNORE_CATALOGS = 1 AND OPTIMIZE_OR = 1,,,0.0,0.0,0.0,83
power_law,304,OPTIMIZE_INSERT_FROM_SELECT = 1 AND IGNORE_CATALOGS = 1 AND OPTIMIZE_OR = 1,OPTIMIZE_INSERT_FROM_SELECT >= 1.0  AND  IGNORE_CATALOGS >= 1.0  AND  OPTIMIZE_OR >= 1.0  AND  OPTIMIZE_DISTINCT >= 1.0,2.0,0.8285163776493256,1.0,0.7072368421052632,83
normal,342,OPTIMIZE_INSERT_FROM_SELECT = 1 AND IGNORE_CATALOGS = 1 AND DROP_RESTRICT = 1,IGNORE_CATALOGS >= 1.0  AND  DROP_RESTRICT >= 1.0  AND  OPTIMIZE_INSERT_FROM_SELECT >= 1.0  AND  RECOMPILE_ALWAYS >= 1.0,0.0,0.832764505119454,1.0,0.7134502923976608,84
uniform,342,OPTIMIZE_INSERT_FROM_SELECT = 1 AND IGNORE_CATALOGS = 1 AND DROP_RESTRICT = 1,IGNORE_CATALOGS >= 1.0  AND  DROP_RESTRICT >= 1.0  AND  OPTIMIZE_INSERT_FROM_SELECT >= 1.0,0.0,1.0,1.0,1.0,84
bi_modal_split,342,OPTIMIZE_INSERT_FROM_SELECT = 1 AND IGNORE_CATALOGS = 1 AND DROP_RESTRICT = 1,IGNORE_CATALOGS >= 1.0  AND  DROP_RESTRICT >= 1.0  AND  OPTIMIZE_INSERT_FROM_SELECT >= 1.0,0.0,1.0,1.0,1.0,84
tri_modal_split,342,OPTIMIZE_INSERT_FROM_SELECT = 1 AND IGNORE_CATALOGS = 1 AND DROP_RESTRICT = 1,IGNORE_CATALOGS >= 1.0  AND  DROP_RESTRICT >= 1.0  AND  OPTIMIZE_INSERT_FROM_SELECT >= 1.0,0.0,1.0,1.0,1.0,84
power_law,342,OPTIMIZE_INSERT_FROM_SELECT = 1 AND IGNORE_CATALOGS = 1 AND DROP_RESTRICT = 1,OPTIMIZE_INSERT_FROM_SELECT >= 1.0  AND  IGNORE_CATALOGS >= 1.0  AND  OPTIMIZE_OR >= 1.0  AND  DROP_RESTRICT >= 1.0,0.0,0.7518248175182481,1.0,0.6023391812865497,84
normal,320,RECOMPILE_ALWAYS = 1 AND IGNORE_CATALOGS = 1 AND OPTIMIZE_OR = 1,RECOMPILE_ALWAYS >= 1.0  AND  IGNORE_CATALOGS >= 1.0  AND  OPTIMIZE_OR >= 1.0,0.0,1.0,1.0,1.0,85
uniform,320,RECOMPILE_ALWAYS = 1 AND IGNORE_CATALOGS = 1 AND OPTIMIZE_OR = 1,RECOMPILE_ALWAYS >= 1.0  AND  IGNORE_CATALOGS >= 1.0  AND  OPTIMIZE_OR >= 1.0,0.0,1.0,1.0,1.0,85
bi_modal_split,320,RECOMPILE_ALWAYS = 1 AND IGNORE_CATALOGS = 1 AND OPTIMIZE_OR = 1,IGNORE_CATALOGS >= 1.0  AND  OPTIMIZE_OR >= 1.0  AND  RECOMPILE_ALWAYS >= 1.0,0.0,1.0,1.0,1.0,85
tri_modal_split,320,RECOMPILE_ALWAYS = 1 AND IGNORE_CATALOGS = 1 AND OPTIMIZE_OR = 1,RECOMPILE_ALWAYS >= 1.0  AND  IGNORE_CATALOGS >= 1.0  AND  OPTIMIZE_OR >= 1.0,0.0,1.0,1.0,1.0,85
power_law,320,RECOMPILE_ALWAYS = 1 AND IGNORE_CATALOGS = 1 AND OPTIMIZE_OR = 1,RECOMPILE_ALWAYS >= 1.0  AND  IGNORE_CATALOGS >= 1.0  AND  OPTIMIZE_OR >= 1.0  AND  0.0 <= COMPRESS < 1.0,1.0,0.4313725490196079,1.0,0.275,85
normal,290,OPTIMIZE_EVALUATABLE_SUBQUERIES = 1 AND COMPRESS = 1 AND REUSE_SPACE = 1,OPTIMIZE_EVALUATABLE_SUBQUERIES >= 1.0  AND  COMPRESS >= 1.0  AND  REUSE_SPACE >= 1.0,2.0,1.0,1.0,1.0,86
uniform,290,OPTIMIZE_EVALUATABLE_SUBQUERIES = 1 AND COMPRESS = 1 AND REUSE_SPACE = 1,OPTIMIZE_EVALUATABLE_SUBQUERIES >= 1.0  AND  COMPRESS >= 1.0  AND  REUSE_SPACE >= 1.0,0.0,1.0,1.0,1.0,86
bi_modal_split,290,OPTIMIZE_EVALUATABLE_SUBQUERIES = 1 AND COMPRESS = 1 AND REUSE_SPACE = 1,OPTIMIZE_EVALUATABLE_SUBQUERIES >= 1.0  AND  COMPRESS >= 1.0  AND  REUSE_SPACE >= 1.0,0.0,1.0,1.0,1.0,86
tri_modal_split,290,OPTIMIZE_EVALUATABLE_SUBQUERIES = 1 AND COMPRESS = 1 AND REUSE_SPACE = 1,OPTIMIZE_EVALUATABLE_SUBQUERIES >= 1.0  AND  REUSE_SPACE >= 1.0  AND  COMPRESS >= 1.0,0.0,1.0,1.0,1.0,86
power_law,290,OPTIMIZE_EVALUATABLE_SUBQUERIES = 1 AND COMPRESS = 1 AND REUSE_SPACE = 1,COMPRESS >= 1.0  AND  REUSE_SPACE >= 1.0  AND  OPTIMIZE_EVALUATABLE_SUBQUERIES >= 1.0  AND  0.0 <= PAGE_STORE_TRIM < 1.0,1.0,0.8560157790927022,1.0,0.7482758620689656,86
normal,353,COMPRESS = 1 AND OPTIMIZE_OR = 1 AND PAGE_STORE_INTERNAL_COUNT = 1,COMPRESS >= 1.0  AND  PAGE_STORE_INTERNAL_COUNT >= 1.0  AND  OPTIMIZE_OR >= 1.0,0.0,1.0,1.0,1.0,87
uniform,353,COMPRESS = 1 AND OPTIMIZE_OR = 1 AND PAGE_STORE_INTERNAL_COUNT = 1,COMPRESS >= 1.0  AND  OPTIMIZE_OR >= 1.0  AND  PAGE_STORE_INTERNAL_COUNT >= 1.0,0.0,1.0,1.0,1.0,87
bi_modal_split,353,COMPRESS = 1 AND OPTIMIZE_OR = 1 AND PAGE_STORE_INTERNAL_COUNT = 1,OPTIMIZE_OR >= 1.0  AND  PAGE_STORE_INTERNAL_COUNT >= 1.0  AND  COMPRESS >= 1.0,0.0,1.0,1.0,1.0,87
tri_modal_split,353,COMPRESS = 1 AND OPTIMIZE_OR = 1 AND PAGE_STORE_INTERNAL_COUNT = 1,OPTIMIZE_OR >= 1.0  AND  PAGE_STORE_INTERNAL_COUNT >= 1.0  AND  COMPRESS >= 1.0,0.0,1.0,1.0,1.0,87
power_law,353,COMPRESS = 1 AND OPTIMIZE_OR = 1 AND PAGE_STORE_INTERNAL_COUNT = 1,COMPRESS >= 1.0  AND  OPTIMIZE_OR >= 1.0  AND  PAGE_STORE_TRIM >= 1.0  AND  PAGE_STORE_INTERNAL_COUNT >= 1.0,1.0,0.6237816764132553,1.0,0.4532577903682719,87
normal,379,OPTIMIZE_INSERT_FROM_SELECT = 1 AND REUSE_SPACE = 1 AND OPTIMIZE_DISTINCT = 1,OPTIMIZE_INSERT_FROM_SELECT >= 1.0  AND  OPTIMIZE_DISTINCT >= 1.0  AND  REUSE_SPACE >= 1.0,0.0,1.0,1.0,1.0,88
uniform,379,OPTIMIZE_INSERT_FROM_SELECT = 1 AND REUSE_SPACE = 1 AND OPTIMIZE_DISTINCT = 1,OPTIMIZE_INSERT_FROM_SELECT >= 1.0  AND  OPTIMIZE_DISTINCT >= 1.0  AND  REUSE_SPACE >= 1.0,0.0,1.0,1.0,1.0,88
bi_modal_split,379,OPTIMIZE_INSERT_FROM_SELECT = 1 AND REUSE_SPACE = 1 AND OPTIMIZE_DISTINCT = 1,OPTIMIZE_INSERT_FROM_SELECT >= 1.0  AND  OPTIMIZE_DISTINCT >= 1.0  AND  REUSE_SPACE >= 1.0,0.0,1.0,1.0,1.0,88
tri_modal_split,379,OPTIMIZE_INSERT_FROM_SELECT = 1 AND REUSE_SPACE = 1 AND OPTIMIZE_DISTINCT = 1,OPTIMIZE_INSERT_FROM_SELECT >= 1.0  AND  REUSE_SPACE >= 1.0  AND  0.0 <= PAGE_STORE_TRIM < 1.0  AND  OPTIMIZE_DISTINCT >= 1.0,0.0,0.858433734939759,1.0,0.7519788918205804,88
power_law,379,OPTIMIZE_INSERT_FROM_SELECT = 1 AND REUSE_SPACE = 1 AND OPTIMIZE_DISTINCT = 1,REUSE_SPACE >= 1.0  AND  OPTIMIZE_DISTINCT >= 1.0  AND  OPTIMIZE_INSERT_FROM_SELECT >= 1.0  AND  0.0 <= PAGE_STORE_INTERNAL_COUNT < 1.0,0.0,0.591078066914498,1.0,0.4195250659630606,88
normal,281,OPTIMIZE_IN_LIST = 1 AND IGNORE_CATALOGS = 1 AND REUSE_SPACE = 1,IGNORE_CATALOGS >= 1.0  AND  REUSE_SPACE >= 1.0  AND  OPTIMIZE_IN_LIST >= 1.0,0.0,1.0,1.0,1.0,89
uniform,281,OPTIMIZE_IN_LIST = 1 AND IGNORE_CATALOGS = 1 AND REUSE_SPACE = 1,IGNORE_CATALOGS >= 1.0  AND  REUSE_SPACE >= 1.0  AND  OPTIMIZE_IN_LIST >= 1.0,0.0,1.0,1.0,1.0,89
bi_modal_split,281,OPTIMIZE_IN_LIST = 1 AND IGNORE_CATALOGS = 1 AND REUSE_SPACE = 1,IGNORE_CATALOGS >= 1.0  AND  REUSE_SPACE >= 1.0  AND  OPTIMIZE_IN_LIST >= 1.0,0.0,1.0,1.0,1.0,89
tri_modal_split,281,OPTIMIZE_IN_LIST = 1 AND IGNORE_CATALOGS = 1 AND REUSE_SPACE = 1,IGNORE_CATALOGS >= 1.0  AND  REUSE_SPACE >= 1.0  AND  OPTIMIZE_IN_LIST >= 1.0,0.0,1.0,1.0,1.0,89
power_law,281,OPTIMIZE_IN_LIST = 1 AND IGNORE_CATALOGS = 1 AND REUSE_SPACE = 1,IGNORE_CATALOGS >= 1.0  AND  REUSE_SPACE >= 1.0  AND  OPTIMIZE_IN_LIST >= 1.0  AND  0.0 <= PAGE_STORE_INTERNAL_COUNT < 1.0,1.0,0.6457831325301205,1.0,0.4768683274021352,89
normal,217,OPTIMIZE_IN_SELECT = 1 AND PAGE_STORE_TRIM = 1 AND DROP_RESTRICT = 1,PAGE_STORE_TRIM >= 1.0  AND  DROP_RESTRICT >= 1.0  AND  OPTIMIZE_IN_SELECT >= 1.0,0.0,1.0,1.0,1.0,8
uniform,217,OPTIMIZE_IN_SELECT = 1 AND PAGE_STORE_TRIM = 1 AND DROP_RESTRICT = 1,OPTIMIZE_IN_SELECT >= 1.0  AND  PAGE_STORE_TRIM >= 1.0  AND  DROP_RESTRICT >= 1.0,0.0,1.0,1.0,1.0,8
bi_modal_split,217,OPTIMIZE_IN_SELECT = 1 AND PAGE_STORE_TRIM = 1 AND DROP_RESTRICT = 1,PAGE_STORE_TRIM >= 1.0  AND  DROP_RESTRICT >= 1.0  AND  OPTIMIZE_IN_SELECT >= 1.0,0.0,1.0,1.0,1.0,8
tri_modal_split,0,OPTIMIZE_IN_SELECT = 1 AND PAGE_STORE_TRIM = 1 AND DROP_RESTRICT = 1,,,0.0,0.0,0.0,8
power_law,217,OPTIMIZE_IN_SELECT = 1 AND PAGE_STORE_TRIM = 1 AND DROP_RESTRICT = 1,PAGE_STORE_TRIM >= 1.0  AND  DROP_RESTRICT >= 1.0  AND  OPTIMIZE_IN_SELECT >= 1.0  AND  OPTIMIZE_IN_LIST >= 1.0,1.0,0.8814432989690721,1.0,0.7880184331797235,8
normal,229,OPTIMIZE_IN_SELECT = 1 AND PAGE_STORE_TRIM = 1 AND COMPRESS = 1,PAGE_STORE_TRIM >= 1.0  AND  COMPRESS >= 1.0  AND  OPTIMIZE_IN_SELECT >= 1.0,0.0,1.0,1.0,1.0,90
uniform,229,OPTIMIZE_IN_SELECT = 1 AND PAGE_STORE_TRIM = 1 AND COMPRESS = 1,PAGE_STORE_TRIM >= 1.0  AND  COMPRESS >= 1.0  AND  OPTIMIZE_IN_SELECT >= 1.0,0.0,1.0,1.0,1.0,90
bi_modal_split,229,OPTIMIZE_IN_SELECT = 1 AND PAGE_STORE_TRIM = 1 AND COMPRESS = 1,OPTIMIZE_IN_SELECT >= 1.0  AND  PAGE_STORE_TRIM >= 1.0  AND  COMPRESS >= 1.0,0.0,1.0,1.0,1.0,90
tri_modal_split,229,OPTIMIZE_IN_SELECT = 1 AND PAGE_STORE_TRIM = 1 AND COMPRESS = 1,PAGE_STORE_TRIM >= 1.0  AND  COMPRESS >= 1.0  AND  OPTIMIZE_IN_SELECT >= 1.0,0.0,1.0,1.0,1.0,90
power_law,229,OPTIMIZE_IN_SELECT = 1 AND PAGE_STORE_TRIM = 1 AND COMPRESS = 1,PAGE_STORE_TRIM >= 1.0  AND  COMPRESS >= 1.0  AND  OPTIMIZE_IN_SELECT >= 1.0  AND  DROP_RESTRICT >= 1.0,2.0,0.8521303258145363,1.0,0.74235807860262,90
normal,217,OPTIMIZE_IN_SELECT = 1 AND PAGE_STORE_TRIM = 1 AND DROP_RESTRICT = 1,PAGE_STORE_TRIM >= 1.0  AND  DROP_RESTRICT >= 1.0  AND  OPTIMIZE_IN_SELECT >= 1.0  AND  OPTIMIZE_TWO_EQUALS >= 1.0,0.0,0.8984771573604061,1.0,0.815668202764977,91
uniform,217,OPTIMIZE_IN_SELECT = 1 AND PAGE_STORE_TRIM = 1 AND DROP_RESTRICT = 1,PAGE_STORE_TRIM >= 1.0  AND  DROP_RESTRICT >= 1.0  AND  OPTIMIZE_IN_SELECT >= 1.0,0.0,1.0,1.0,1.0,91
bi_modal_split,217,OPTIMIZE_IN_SELECT = 1 AND PAGE_STORE_TRIM = 1 AND DROP_RESTRICT = 1,OPTIMIZE_IN_SELECT >= 1.0  AND  PAGE_STORE_TRIM >= 1.0  AND  DROP_RESTRICT >= 1.0,0.0,1.0,1.0,1.0,91
tri_modal_split,0,OPTIMIZE_IN_SELECT = 1 AND PAGE_STORE_TRIM = 1 AND DROP_RESTRICT = 1,,,0.0,0.0,0.0,91
power_law,217,OPTIMIZE_IN_SELECT = 1 AND PAGE_STORE_TRIM = 1 AND DROP_RESTRICT = 1,PAGE_STORE_TRIM >= 1.0  AND  DROP_RESTRICT >= 1.0  AND  OPTIMIZE_IN_SELECT >= 1.0  AND  OPTIMIZE_IN_LIST >= 1.0,1.0,0.8814432989690721,1.0,0.7880184331797235,91
normal,305,RECOMPILE_ALWAYS = 1 AND OPTIMIZE_OR = 1 AND PAGE_STORE_INTERNAL_COUNT = 1,OPTIMIZE_OR >= 1.0  AND  PAGE_STORE_INTERNAL_COUNT >= 1.0  AND  RECOMPILE_ALWAYS >= 1.0,0.0,1.0,1.0,1.0,92
uniform,305,RECOMPILE_ALWAYS = 1 AND OPTIMIZE_OR = 1 AND PAGE_STORE_INTERNAL_COUNT = 1,RECOMPILE_ALWAYS >= 1.0  AND  OPTIMIZE_OR >= 1.0  AND  PAGE_STORE_INTERNAL_COUNT >= 1.0,0.0,1.0,1.0,1.0,92
bi_modal_split,305,RECOMPILE_ALWAYS = 1 AND OPTIMIZE_OR = 1 AND PAGE_STORE_INTERNAL_COUNT = 1,OPTIMIZE_OR >= 1.0  AND  PAGE_STORE_INTERNAL_COUNT >= 1.0  AND  RECOMPILE_ALWAYS >= 1.0,0.0,1.0,1.0,1.0,92
tri_modal_split,0,RECOMPILE_ALWAYS = 1 AND OPTIMIZE_OR = 1 AND PAGE_STORE_INTERNAL_COUNT = 1,,,0.0,0.0,0.0,92
power_law,305,RECOMPILE_ALWAYS = 1 AND OPTIMIZE_OR = 1 AND PAGE_STORE_INTERNAL_COUNT = 1,RECOMPILE_ALWAYS >= 1.0  AND  OPTIMIZE_OR >= 1.0  AND  PAGE_STORE_INTERNAL_COUNT >= 1.0  AND  REUSE_SPACE >= 1.0,1.0,0.7130801687763713,1.0,0.5540983606557377,92
normal,334,OPTIMIZE_EVALUATABLE_SUBQUERIES = 1 AND COMPRESS = 1 AND PAGE_STORE_INTERNAL_COUNT = 1,OPTIMIZE_EVALUATABLE_SUBQUERIES >= 1.0  AND  COMPRESS >= 1.0  AND  PAGE_STORE_INTERNAL_COUNT >= 1.0,0.0,1.0,1.0,1.0,93
uniform,334,OPTIMIZE_EVALUATABLE_SUBQUERIES = 1 AND COMPRESS = 1 AND PAGE_STORE_INTERNAL_COUNT = 1,OPTIMIZE_EVALUATABLE_SUBQUERIES >= 1.0  AND  COMPRESS >= 1.0  AND  PAGE_STORE_INTERNAL_COUNT >= 1.0,0.0,1.0,1.0,1.0,93
bi_modal_split,334,OPTIMIZE_EVALUATABLE_SUBQUERIES = 1 AND COMPRESS = 1 AND PAGE_STORE_INTERNAL_COUNT = 1,OPTIMIZE_EVALUATABLE_SUBQUERIES >= 1.0  AND  COMPRESS >= 1.0  AND  PAGE_STORE_INTERNAL_COUNT >= 1.0,0.0,1.0,1.0,1.0,93
tri_modal_split,334,OPTIMIZE_EVALUATABLE_SUBQUERIES = 1 AND COMPRESS = 1 AND PAGE_STORE_INTERNAL_COUNT = 1,OPTIMIZE_EVALUATABLE_SUBQUERIES >= 1.0  AND  COMPRESS >= 1.0  AND  PAGE_STORE_INTERNAL_COUNT >= 1.0,0.0,1.0,1.0,1.0,93
power_law,334,OPTIMIZE_EVALUATABLE_SUBQUERIES = 1 AND COMPRESS = 1 AND PAGE_STORE_INTERNAL_COUNT = 1,OPTIMIZE_EVALUATABLE_SUBQUERIES >= 1.0  AND  COMPRESS >= 1.0  AND  PAGE_STORE_INTERNAL_COUNT >= 1.0  AND  IGNORE_CATALOGS >= 1.0,1.0,0.7697974217311234,1.0,0.625748502994012,93
normal,286,IGNORE_CATALOGS = 1 AND PAGE_STORE_INTERNAL_COUNT = 1 AND DEFRAG_ALWAYS = 1,IGNORE_CATALOGS >= 1.0  AND  PAGE_STORE_INTERNAL_COUNT >= 1.0  AND  DEFRAG_ALWAYS >= 1.0,0.0,1.0,1.0,1.0,94
uniform,286,IGNORE_CATALOGS = 1 AND PAGE_STORE_INTERNAL_COUNT = 1 AND DEFRAG_ALWAYS = 1,IGNORE_CATALOGS >= 1.0  AND  PAGE_STORE_INTERNAL_COUNT >= 1.0  AND  DEFRAG_ALWAYS >= 1.0,0.0,1.0,1.0,1.0,94
bi_modal_split,286,IGNORE_CATALOGS = 1 AND PAGE_STORE_INTERNAL_COUNT = 1 AND DEFRAG_ALWAYS = 1,IGNORE_CATALOGS >= 1.0  AND  PAGE_STORE_INTERNAL_COUNT >= 1.0  AND  DEFRAG_ALWAYS >= 1.0,0.0,1.0,1.0,1.0,94
tri_modal_split,286,IGNORE_CATALOGS = 1 AND PAGE_STORE_INTERNAL_COUNT = 1 AND DEFRAG_ALWAYS = 1,IGNORE_CATALOGS >= 1.0  AND  DEFRAG_ALWAYS >= 1.0  AND  PAGE_STORE_INTERNAL_COUNT >= 1.0,0.0,1.0,1.0,1.0,94
power_law,286,IGNORE_CATALOGS = 1 AND PAGE_STORE_INTERNAL_COUNT = 1 AND DEFRAG_ALWAYS = 1,IGNORE_CATALOGS >= 1.0  AND  PAGE_STORE_INTERNAL_COUNT >= 1.0  AND  DEFRAG_ALWAYS >= 1.0  AND  0.0 <= REUSE_SPACE < 1.0,2.0,0.6413301662707839,1.0,0.472027972027972,94
normal,380,OPTIMIZE_INSERT_FROM_SELECT = 1 AND OPTIMIZE_OR = 1 AND DEFRAG_ALWAYS = 1,OPTIMIZE_INSERT_FROM_SELECT >= 1.0  AND  DEFRAG_ALWAYS >= 1.0  AND  OPTIMIZE_OR >= 1.0,0.0,1.0,1.0,1.0,95
uniform,380,OPTIMIZE_INSERT_FROM_SELECT = 1 AND OPTIMIZE_OR = 1 AND DEFRAG_ALWAYS = 1,OPTIMIZE_INSERT_FROM_SELECT >= 1.0  AND  OPTIMIZE_OR >= 1.0  AND  DEFRAG_ALWAYS >= 1.0,0.0,1.0,1.0,1.0,95
bi_modal_split,380,OPTIMIZE_INSERT_FROM_SELECT = 1 AND OPTIMIZE_OR = 1 AND DEFRAG_ALWAYS = 1,OPTIMIZE_INSERT_FROM_SELECT >= 1.0  AND  OPTIMIZE_OR >= 1.0  AND  DEFRAG_ALWAYS >= 1.0,0.0,1.0,1.0,1.0,95
tri_modal_split,0,OPTIMIZE_INSERT_FROM_SELECT = 1 AND OPTIMIZE_OR = 1 AND DEFRAG_ALWAYS = 1,,,0.0,0.0,0.0,95
power_law,380,OPTIMIZE_INSERT_FROM_SELECT = 1 AND OPTIMIZE_OR = 1 AND DEFRAG_ALWAYS = 1,OPTIMIZE_INSERT_FROM_SELECT >= 1.0  AND  DEFRAG_ALWAYS >= 1.0  AND  OPTIMIZE_OR >= 1.0  AND  0.0 <= OPTIMIZE_EVALUATABLE_SUBQUERIES < 1.0,0.0,0.4521384928716904,1.0,0.2921052631578947,95
normal,351,OPTIMIZE_INSERT_FROM_SELECT = 1 AND OPTIMIZE_TWO_EQUALS = 1 AND IGNORE_CATALOGS = 1,OPTIMIZE_INSERT_FROM_SELECT >= 1.0  AND  IGNORE_CATALOGS >= 1.0  AND  DROP_RESTRICT >= 1.0  AND  OPTIMIZE_TWO_EQUALS >= 1.0,0.0,0.8491803278688526,1.0,0.7378917378917379,96
uniform,351,OPTIMIZE_INSERT_FROM_SELECT = 1 AND OPTIMIZE_TWO_EQUALS = 1 AND IGNORE_CATALOGS = 1,OPTIMIZE_TWO_EQUALS >= 1.0  AND  IGNORE_CATALOGS >= 1.0  AND  OPTIMIZE_INSERT_FROM_SELECT >= 1.0,0.0,1.0,1.0,1.0,96
bi_modal_split,351,OPTIMIZE_INSERT_FROM_SELECT = 1 AND OPTIMIZE_TWO_EQUALS = 1 AND IGNORE_CATALOGS = 1,OPTIMIZE_INSERT_FROM_SELECT >= 1.0  AND  IGNORE_CATALOGS >= 1.0  AND  OPTIMIZE_TWO_EQUALS >= 1.0,0.0,1.0,1.0,1.0,96
tri_modal_split,351,OPTIMIZE_INSERT_FROM_SELECT = 1 AND OPTIMIZE_TWO_EQUALS = 1 AND IGNORE_CATALOGS = 1,OPTIMIZE_INSERT_FROM_SELECT >= 1.0  AND  IGNORE_CATALOGS >= 1.0  AND  OPTIMIZE_TWO_EQUALS >= 1.0,0.0,1.0,1.0,1.0,96
power_law,351,OPTIMIZE_INSERT_FROM_SELECT = 1 AND OPTIMIZE_TWO_EQUALS = 1 AND IGNORE_CATALOGS = 1,OPTIMIZE_INSERT_FROM_SELECT >= 1.0  AND  IGNORE_CATALOGS >= 1.0  AND  OPTIMIZE_TWO_EQUALS >= 1.0  AND  0.0 <= REUSE_SPACE < 1.0,2.0,0.5818181818181819,1.0,0.4102564102564102,96
normal,229,OPTIMIZE_IN_LIST = 1 AND PAGE_STORE_TRIM = 1 AND OPTIMIZE_DISTINCT = 1,OPTIMIZE_IN_LIST >= 1.0  AND  OPTIMIZE_DISTINCT >= 1.0  AND  PAGE_STORE_TRIM >= 1.0,0.0,1.0,1.0,1.0,97
uniform,229,OPTIMIZE_IN_LIST = 1 AND PAGE_STORE_TRIM = 1 AND OPTIMIZE_DISTINCT = 1,PAGE_STORE_TRIM >= 1.0  AND  OPTIMIZE_DISTINCT >= 1.0  AND  OPTIMIZE_IN_LIST >= 1.0,0.0,1.0,1.0,1.0,97
bi_modal_split,229,OPTIMIZE_IN_LIST = 1 AND PAGE_STORE_TRIM = 1 AND OPTIMIZE_DISTINCT = 1,OPTIMIZE_IN_LIST >= 1.0  AND  PAGE_STORE_TRIM >= 1.0  AND  OPTIMIZE_DISTINCT >= 1.0,0.0,1.0,1.0,1.0,97
tri_modal_split,229,OPTIMIZE_IN_LIST = 1 AND PAGE_STORE_TRIM = 1 AND OPTIMIZE_DISTINCT = 1,OPTIMIZE_IN_LIST >= 1.0  AND  PAGE_STORE_TRIM >= 1.0  AND  OPTIMIZE_DISTINCT >= 1.0,0.0,1.0,1.0,1.0,97
power_law,229,OPTIMIZE_IN_LIST = 1 AND PAGE_STORE_TRIM = 1 AND OPTIMIZE_DISTINCT = 1,OPTIMIZE_IN_LIST >= 1.0  AND  PAGE_STORE_TRIM >= 1.0  AND  OPTIMIZE_TWO_EQUALS >= 1.0  AND  OPTIMIZE_DISTINCT >= 1.0,1.0,0.8774509803921569,1.0,0.7816593886462883,97
normal,389,OPTIMIZE_TWO_EQUALS = 1 AND RECOMPILE_ALWAYS = 1 AND OPTIMIZE_OR = 1,RECOMPILE_ALWAYS >= 1.0  AND  OPTIMIZE_OR >= 1.0  AND  OPTIMIZE_TWO_EQUALS >= 1.0  AND  0.0 <= PAGE_STORE_TRIM < 1.0,0.0,0.7471819645732689,1.0,0.596401028277635,98
uniform,389,OPTIMIZE_TWO_EQUALS = 1 AND RECOMPILE_ALWAYS = 1 AND OPTIMIZE_OR = 1,OPTIMIZE_TWO_EQUALS >= 1.0  AND  OPTIMIZE_OR >= 1.0  AND  RECOMPILE_ALWAYS >= 1.0,0.0,1.0,1.0,1.0,98
bi_modal_split,0,OPTIMIZE_TWO_EQUALS = 1 AND RECOMPILE_ALWAYS = 1 AND OPTIMIZE_OR = 1,,,0.0,0.0,0.0,98
tri_modal_split,0,OPTIMIZE_TWO_EQUALS = 1 AND RECOMPILE_ALWAYS = 1 AND OPTIMIZE_OR = 1,,,0.0,0.0,0.0,98
power_law,389,OPTIMIZE_TWO_EQUALS = 1 AND RECOMPILE_ALWAYS = 1 AND OPTIMIZE_OR = 1,RECOMPILE_ALWAYS >= 1.0  AND  OPTIMIZE_OR >= 1.0  AND  OPTIMIZE_TWO_EQUALS >= 1.0  AND  PAGE_STORE_INTERNAL_COUNT >= 1.0,4.0,0.7390599675850892,1.0,0.5861182519280206,98
normal,349,PAGE_STORE_INTERNAL_COUNT = 1 AND DEFRAG_ALWAYS = 1 AND OPTIMIZE_DISTINCT = 1,PAGE_STORE_INTERNAL_COUNT >= 1.0  AND  OPTIMIZE_DISTINCT >= 1.0  AND  DEFRAG_ALWAYS >= 1.0,0.0,1.0,1.0,1.0,99
uniform,349,PAGE_STORE_INTERNAL_COUNT = 1 AND DEFRAG_ALWAYS = 1 AND OPTIMIZE_DISTINCT = 1,PAGE_STORE_INTERNAL_COUNT >= 1.0  AND  DEFRAG_ALWAYS >= 1.0  AND  OPTIMIZE_DISTINCT >= 1.0,0.0,1.0,1.0,1.0,99
bi_modal_split,349,PAGE_STORE_INTERNAL_COUNT = 1 AND DEFRAG_ALWAYS = 1 AND OPTIMIZE_DISTINCT = 1,PAGE_STORE_INTERNAL_COUNT >= 1.0  AND  DEFRAG_ALWAYS >= 1.0  AND  OPTIMIZE_DISTINCT >= 1.0,0.0,1.0,1.0,1.0,99
tri_modal_split,349,PAGE_STORE_INTERNAL_COUNT = 1 AND DEFRAG_ALWAYS = 1 AND OPTIMIZE_DISTINCT = 1,PAGE_STORE_INTERNAL_COUNT >= 1.0  AND  DEFRAG_ALWAYS >= 1.0  AND  OPTIMIZE_DISTINCT >= 1.0,0.0,1.0,1.0,1.0,99
power_law,349,PAGE_STORE_INTERNAL_COUNT = 1 AND DEFRAG_ALWAYS = 1 AND OPTIMIZE_DISTINCT = 1,PAGE_STORE_INTERNAL_COUNT >= 1.0  AND  DEFRAG_ALWAYS >= 1.0  AND  OPTIMIZE_DISTINCT >= 1.0  AND  COMPRESS >= 1.0,1.0,0.8327759197324415,1.0,0.7134670487106017,99
normal,363,OPTIMIZE_IN_LIST = 1 AND OPTIMIZE_OR = 1 AND PAGE_STORE_INTERNAL_COUNT = 1,OPTIMIZE_IN_LIST >= 1.0  AND  OPTIMIZE_OR >= 1.0  AND  PAGE_STORE_INTERNAL_COUNT >= 1.0,0.0,1.0,1.0,1.0,9
uniform,363,OPTIMIZE_IN_LIST = 1 AND OPTIMIZE_OR = 1 AND PAGE_STORE_INTERNAL_COUNT = 1,OPTIMIZE_IN_LIST >= 1.0  AND  OPTIMIZE_OR >= 1.0  AND  PAGE_STORE_INTERNAL_COUNT >= 1.0,0.0,1.0,1.0,1.0,9
bi_modal_split,363,OPTIMIZE_IN_LIST = 1 AND OPTIMIZE_OR = 1 AND PAGE_STORE_INTERNAL_COUNT = 1,OPTIMIZE_IN_LIST >= 1.0  AND  OPTIMIZE_OR >= 1.0  AND  PAGE_STORE_INTERNAL_COUNT >= 1.0,0.0,1.0,1.0,1.0,9
tri_modal_split,363,OPTIMIZE_IN_LIST = 1 AND OPTIMIZE_OR = 1 AND PAGE_STORE_INTERNAL_COUNT = 1,OPTIMIZE_OR >= 1.0  AND  PAGE_STORE_INTERNAL_COUNT >= 1.0  AND  OPTIMIZE_IN_LIST >= 1.0,0.0,1.0,1.0,1.0,9
power_law,363,OPTIMIZE_IN_LIST = 1 AND OPTIMIZE_OR = 1 AND PAGE_STORE_INTERNAL_COUNT = 1,OPTIMIZE_OR >= 1.0  AND  PAGE_STORE_INTERNAL_COUNT >= 1.0  AND  0.0 <= DROP_RESTRICT < 1.0  AND  OPTIMIZE_IN_LIST >= 1.0,0.0,0.5623762376237624,1.0,0.3911845730027548,9
