sampling_strategy,sample_size,sg_cardinality,sg_rule,best_rule,best_rule_idx,f1,precision,recall,seed
full,68640,8580,HeaderCompressionOff = 1 AND filterOff = 1 AND tmOff = 1,HeaderCompressionOff >= 1.0  AND  tmOff >= 1.0  AND  filterOff >= 1.0  AND  x >= 3.0,0.0,0.8,1.0,0.6666666666666666,0
random_2,24,1,HeaderCompressionOff = 1 AND filterOff = 1 AND tmOff = 1,0.0 <= LZMA < 1.0  AND  5.0 <= Files < 65.0,0.0,0.0,0.0,0.0,0
random_5,60,0,HeaderCompressionOff = 1 AND filterOff = 1 AND tmOff = 1,,,0.0,0.0,0.0,0
random_10,120,15,filterOff = 1 AND mtOff = 1 AND tmOff = 1,filterOff >= 1.0  AND  mtOff >= 1.0  AND  tmOff >= 1.0,1.0,1.0,1.0,1.0,0
random_20,240,31,HeaderCompressionOff = 1 AND filterOff = 1 AND tmOff = 1,filterOff >= 1.0  AND  tmOff >= 1.0  AND  HeaderCompressionOff >= 1.0  AND  Files < 100.0,0.0,0.9836065573770492,1.0,0.967741935483871,0
2-wise,165,23,HeaderCompressionOff = 1 AND filterOff = 1 AND mtOff = 1,HeaderCompressionOff >= 1.0  AND  mtOff >= 1.0  AND  filterOff >= 1.0,0.0,1.0,1.0,1.0,0
3-wise,1121,154,HeaderCompressionOff = 1 AND mtOff = 1 AND tmOff = 1,mtOff >= 1.0  AND  HeaderCompressionOff >= 1.0  AND  tmOff >= 1.0,0.0,1.0,1.0,1.0,0
4-wise,4875,615,HeaderCompressionOff = 1 AND mtOff = 1 AND tmOff = 1,mtOff >= 1.0  AND  tmOff >= 1.0  AND  0.0 <= LZMA < 1.0  AND  HeaderCompressionOff >= 1.0,0.0,0.8868778280542986,1.0,0.7967479674796748,0
full,68640,8580,HeaderCompressionOff = 1 AND mtOff = 1 AND tmOff = 1,mtOff >= 1.0  AND  tmOff >= 1.0  AND  HeaderCompressionOff >= 1.0  AND  x < 3.0,1.0,0.5,1.0,0.3333333333333333,10
random_2,24,0,HeaderCompressionOff = 1 AND mtOff = 1 AND tmOff = 1,,,0.0,0.0,0.0,10
random_5,60,0,HeaderCompressionOff = 1 AND mtOff = 1 AND tmOff = 1,,,0.0,0.0,0.0,10
random_10,120,0,HeaderCompressionOff = 1 AND mtOff = 1 AND tmOff = 1,,,0.0,0.0,0.0,10
random_20,240,25,HeaderCompressionOff = 1 AND mtOff = 1 AND tmOff = 1,0.0 <= tmOff < 1.0  AND  LZMA2 >= 1.0  AND  Files < 90.0,0.0,0.0,0.0,0.0,10
2-wise,172,19,HeaderCompressionOff = 1 AND mtOff = 1 AND tmOff = 1,HeaderCompressionOff >= 1.0  AND  tmOff >= 1.0,2.0,0.6229508196721312,0.4523809523809524,1.0,10
3-wise,1106,154,HeaderCompressionOff = 1 AND mtOff = 1 AND tmOff = 1,tmOff >= 1.0  AND  mtOff >= 1.0  AND  0.0 <= LZMA2 < 1.0  AND  HeaderCompressionOff >= 1.0,0.0,0.9,1.0,0.8181818181818182,10
4-wise,4855,612,HeaderCompressionOff = 1 AND mtOff = 1 AND tmOff = 1,HeaderCompressionOff >= 1.0  AND  mtOff >= 1.0  AND  tmOff >= 1.0,3.0,1.0,1.0,1.0,10
full,68640,8580,HeaderCompressionOff = 1 AND filterOff = 1 AND tmOff = 1,filterOff >= 1.0  AND  HeaderCompressionOff >= 1.0  AND  tmOff >= 1.0  AND  BlockSize >= 128.0,0.0,0.631578947368421,1.0,0.4615384615384615,11
random_2,24,0,HeaderCompressionOff = 1 AND filterOff = 1 AND tmOff = 1,,,0.0,0.0,0.0,11
random_5,60,0,HeaderCompressionOff = 1 AND filterOff = 1 AND tmOff = 1,,,0.0,0.0,0.0,11
random_10,120,22,HeaderCompressionOff = 1 AND filterOff = 1 AND tmOff = 1,tmOff >= 1.0  AND  filterOff >= 1.0  AND  HeaderCompressionOff >= 1.0,0.0,1.0,1.0,1.0,11
random_20,240,38,HeaderCompressionOff = 1 AND filterOff = 1 AND tmOff = 1,HeaderCompressionOff >= 1.0  AND  filterOff >= 1.0  AND  tmOff >= 1.0,0.0,1.0,1.0,1.0,11
2-wise,169,32,HeaderCompressionOff = 1 AND filterOff = 1 AND tmOff = 1,HeaderCompressionOff >= 1.0  AND  filterOff >= 1.0  AND  tmOff >= 1.0,0.0,1.0,1.0,1.0,11
3-wise,1135,129,HeaderCompressionOff = 1 AND filterOff = 1 AND tmOff = 1,tmOff >= 1.0  AND  filterOff >= 1.0  AND  HeaderCompressionOff >= 1.0,0.0,1.0,1.0,1.0,11
4-wise,4883,580,HeaderCompressionOff = 1 AND filterOff = 1 AND tmOff = 1,HeaderCompressionOff >= 1.0  AND  filterOff >= 1.0  AND  tmOff >= 1.0  AND  2.0 <= BlockSize < 1024.0,0.0,0.8163265306122449,1.0,0.6896551724137931,11
full,68640,8580,HeaderCompressionOff = 1 AND filterOff = 1 AND tmOff = 1,HeaderCompressionOff >= 1.0  AND  tmOff >= 1.0  AND  filterOff >= 1.0  AND  mtOff >= 1.0,4.0,0.6666666666666666,1.0,0.5,12
random_2,24,0,HeaderCompressionOff = 1 AND filterOff = 1 AND tmOff = 1,,,0.0,0.0,0.0,12
random_5,60,0,HeaderCompressionOff = 1 AND filterOff = 1 AND tmOff = 1,,,0.0,0.0,0.0,12
random_10,120,17,HeaderCompressionOff = 1 AND filterOff = 1 AND tmOff = 1,tmOff >= 1.0  AND  HeaderCompressionOff >= 1.0  AND  filterOff >= 1.0,0.0,1.0,1.0,1.0,12
random_20,240,41,HeaderCompressionOff = 1 AND filterOff = 1 AND tmOff = 1,tmOff >= 1.0  AND  filterOff >= 1.0  AND  HeaderCompressionOff >= 1.0  AND  BlockSize < 2048.0,0.0,0.9487179487179488,1.0,0.902439024390244,12
2-wise,174,24,HeaderCompressionOff = 1 AND filterOff = 1 AND tmOff = 1,HeaderCompressionOff >= 1.0  AND  filterOff >= 1.0  AND  tmOff >= 1.0,0.0,1.0,1.0,1.0,12
3-wise,1128,166,HeaderCompressionOff = 1 AND filterOff = 1 AND tmOff = 1,HeaderCompressionOff >= 1.0  AND  filterOff >= 1.0  AND  tmOff >= 1.0  AND  Files >= 20.0,0.0,0.8970099667774087,1.0,0.8132530120481928,12
4-wise,4909,623,HeaderCompressionOff = 1 AND filterOff = 1 AND tmOff = 1,tmOff >= 1.0  AND  HeaderCompressionOff >= 1.0  AND  0.0 <= BZip2 < 1.0  AND  filterOff >= 1.0,0.0,0.8845120859444942,1.0,0.7929373996789727,12
full,68640,8580,HeaderCompressionOff = 1 AND filterOff = 1 AND tmOff = 1,filterOff >= 1.0  AND  HeaderCompressionOff >= 1.0  AND  tmOff >= 1.0  AND  BlockSize < 16.0,1.0,0.4705882352941176,1.0,0.3076923076923077,13
random_2,24,0,HeaderCompressionOff = 1 AND filterOff = 1 AND tmOff = 1,,,0.0,0.0,0.0,13
random_5,60,9,HeaderCompressionOff = 1 AND filterOff = 1 AND tmOff = 1,0.0 <= tmOff < 1.0  AND  0.0 <= filterOff < 1.0  AND  0.0 <= LZMA < 1.0,0.0,0.0,0.0,0.0,13
random_10,120,14,HeaderCompressionOff = 1 AND filterOff = 1 AND tmOff = 1,filterOff >= 1.0  AND  tmOff >= 1.0  AND  HeaderCompressionOff >= 1.0,0.0,1.0,1.0,1.0,13
random_20,240,26,HeaderCompressionOff = 1 AND filterOff = 1 AND tmOff = 1,tmOff >= 1.0  AND  filterOff >= 1.0  AND  HeaderCompressionOff >= 1.0,0.0,1.0,1.0,1.0,13
2-wise,172,24,HeaderCompressionOff = 1 AND filterOff = 1 AND tmOff = 1,HeaderCompressionOff >= 1.0  AND  tmOff >= 1.0  AND  filterOff >= 1.0,0.0,1.0,1.0,1.0,13
3-wise,1112,130,HeaderCompressionOff = 1 AND filterOff = 1 AND tmOff = 1,tmOff >= 1.0  AND  filterOff >= 1.0  AND  HeaderCompressionOff >= 1.0,0.0,1.0,1.0,1.0,13
4-wise,4890,594,HeaderCompressionOff = 1 AND filterOff = 1 AND tmOff = 1,filterOff >= 1.0  AND  tmOff >= 1.0  AND  HeaderCompressionOff >= 1.0  AND  x < 10.0,0.0,0.9180327868852458,1.0,0.8484848484848485,13
full,68640,8580,HeaderCompressionOff = 1 AND filterOff = 1 AND tmOff = 1,tmOff >= 1.0  AND  HeaderCompressionOff >= 1.0  AND  filterOff >= 1.0  AND  128.0 <= BlockSize < 4096.0,4.0,0.5555555555555556,1.0,0.3846153846153846,14
random_2,24,0,HeaderCompressionOff = 1 AND filterOff = 1 AND tmOff = 1,,,0.0,0.0,0.0,14
random_5,60,10,HeaderCompressionOff = 1 AND filterOff = 1 AND tmOff = 1,tmOff >= 1.0  AND  filterOff >= 1.0  AND  HeaderCompressionOff >= 0.5,0.0,1.0,1.0,1.0,14
random_10,120,16,HeaderCompressionOff = 1 AND filterOff = 1 AND tmOff = 1,tmOff >= 1.0  AND  filterOff >= 1.0  AND  HeaderCompressionOff >= 1.0,0.0,1.0,1.0,1.0,14
random_20,240,37,HeaderCompressionOff = 1 AND filterOff = 1 AND tmOff = 1,filterOff >= 1.0  AND  tmOff >= 1.0  AND  HeaderCompressionOff >= 1.0,0.0,1.0,1.0,1.0,14
2-wise,168,19,HeaderCompressionOff = 1 AND filterOff = 1 AND tmOff = 1,tmOff >= 1.0  AND  HeaderCompressionOff >= 1.0  AND  filterOff >= 1.0,0.0,1.0,1.0,1.0,14
3-wise,1126,158,HeaderCompressionOff = 1 AND filterOff = 1 AND tmOff = 1,tmOff >= 1.0  AND  HeaderCompressionOff >= 1.0  AND  filterOff >= 1.0,0.0,1.0,1.0,1.0,14
4-wise,4862,568,HeaderCompressionOff = 1 AND filterOff = 1 AND tmOff = 1,HeaderCompressionOff >= 1.0  AND  filterOff >= 1.0  AND  tmOff >= 1.0  AND  8.0 <= BlockSize < 2048.0,0.0,0.7543859649122806,1.0,0.6056338028169014,14
full,68640,8580,HeaderCompressionOff = 1 AND filterOff = 1 AND tmOff = 1,HeaderCompressionOff >= 1.0  AND  filterOff >= 1.0  AND  tmOff >= 1.0  AND  Files < 50.0,0.0,0.625,1.0,0.4545454545454545,15
random_2,24,0,HeaderCompressionOff = 1 AND filterOff = 1 AND tmOff = 1,,,0.0,0.0,0.0,15
random_5,60,12,HeaderCompressionOff = 1 AND filterOff = 1 AND tmOff = 1,tmOff >= 0.5  AND  HeaderCompressionOff >= 1.0,1.0,0.8275862068965517,0.7058823529411765,1.0,15
random_10,120,21,HeaderCompressionOff = 1 AND filterOff = 1 AND tmOff = 1,tmOff >= 1.0  AND  HeaderCompressionOff >= 0.5  AND  filterOff >= 1.0,1.0,1.0,1.0,1.0,15
random_20,240,32,HeaderCompressionOff = 1 AND filterOff = 1 AND tmOff = 1,filterOff >= 1.0  AND  HeaderCompressionOff >= 1.0  AND  tmOff >= 1.0,0.0,1.0,1.0,1.0,15
2-wise,166,23,HeaderCompressionOff = 1 AND filterOff = 1 AND tmOff = 1,tmOff >= 1.0  AND  filterOff >= 1.0  AND  HeaderCompressionOff >= 1.0,1.0,1.0,1.0,1.0,15
3-wise,1094,146,HeaderCompressionOff = 1 AND filterOff = 1 AND tmOff = 1,tmOff >= 1.0  AND  HeaderCompressionOff >= 1.0  AND  filterOff >= 1.0,0.0,1.0,1.0,1.0,15
4-wise,4850,618,HeaderCompressionOff = 1 AND filterOff = 1 AND tmOff = 1,tmOff >= 1.0  AND  HeaderCompressionOff >= 1.0  AND  BlockSize < 1024.0  AND  filterOff >= 1.0,0.0,0.8824593128390597,1.0,0.7896440129449838,15
full,68640,8580,filterOff = 1 AND mtOff = 1 AND tmOff = 1,mtOff >= 1.0  AND  filterOff >= 1.0  AND  tmOff >= 1.0  AND  Files >= 70.0,1.0,0.5333333333333333,1.0,0.3636363636363636,16
random_2,24,0,filterOff = 1 AND mtOff = 1 AND tmOff = 1,,,0.0,0.0,0.0,16
random_5,60,4,filterOff = 1 AND mtOff = 1 AND tmOff = 1,0.0 <= BZip2 < 1.0  AND  0.0 <= tmOff < 1.0  AND  0.0 <= LZMA2 < 1.0  AND  0.0 <= HeaderCompressionOff < 1.0,0.0,0.0,0.0,0.0,16
random_10,120,0,filterOff = 1 AND mtOff = 1 AND tmOff = 1,,,0.0,0.0,0.0,16
random_20,240,27,filterOff = 1 AND mtOff = 1 AND tmOff = 1,filterOff >= 1.0  AND  tmOff >= 1.0  AND  mtOff >= 1.0,0.0,1.0,1.0,1.0,16
2-wise,167,23,filterOff = 1 AND mtOff = 1 AND tmOff = 1,mtOff >= 0.5  AND  tmOff >= 1.0  AND  filterOff >= 1.0,0.0,1.0,1.0,1.0,16
3-wise,1112,134,filterOff = 1 AND mtOff = 1 AND tmOff = 1,filterOff >= 1.0  AND  mtOff >= 1.0  AND  tmOff >= 1.0,0.0,1.0,1.0,1.0,16
4-wise,4893,640,filterOff = 1 AND mtOff = 1 AND tmOff = 1,filterOff >= 1.0  AND  mtOff >= 1.0  AND  tmOff >= 1.0  AND  Files >= 30.0,0.0,0.8213627992633519,1.0,0.696875,16
full,68640,8580,HeaderCompressionOff = 1 AND mtOff = 1 AND tmOff = 1,mtOff >= 1.0  AND  HeaderCompressionOff >= 1.0  AND  tmOff >= 1.0  AND  Files >= 40.0,4.0,0.7777777777777778,1.0,0.6363636363636364,17
random_5,60,4,HeaderCompressionOff = 1 AND mtOff = 1 AND tmOff = 1,0.0 <= filterOff < 1.0  AND  BlockSize >= 48.0,0.0,0.0,0.0,0.0,17
random_10,120,11,HeaderCompressionOff = 1 AND mtOff = 1 AND tmOff = 1,tmOff >= 1.0  AND  mtOff >= 1.0  AND  HeaderCompressionOff >= 1.0,1.0,1.0,1.0,1.0,17
random_20,240,27,HeaderCompressionOff = 1 AND mtOff = 1 AND tmOff = 1,tmOff >= 1.0  AND  mtOff >= 1.0  AND  HeaderCompressionOff >= 1.0,0.0,1.0,1.0,1.0,17
2-wise,164,20,HeaderCompressionOff = 1 AND mtOff = 1 AND tmOff = 1,HeaderCompressionOff >= 1.0  AND  mtOff >= 1.0  AND  tmOff >= 1.0,0.0,1.0,1.0,1.0,17
3-wise,1122,158,HeaderCompressionOff = 1 AND mtOff = 1 AND tmOff = 1,HeaderCompressionOff >= 1.0  AND  tmOff >= 1.0  AND  0.0 <= LZMA2 < 1.0  AND  mtOff >= 1.0,0.0,0.8989547038327527,1.0,0.8164556962025317,17
4-wise,4887,611,HeaderCompressionOff = 1 AND mtOff = 1 AND tmOff = 1,mtOff >= 1.0  AND  HeaderCompressionOff >= 1.0  AND  tmOff >= 1.0,0.0,1.0,1.0,1.0,17
full,68640,8580,HeaderCompressionOff = 1 AND mtOff = 1 AND tmOff = 1,tmOff >= 1.0  AND  HeaderCompressionOff >= 1.0  AND  mtOff >= 1.0  AND  2.0 <= BlockSize < 32.0,0.0,0.4705882352941176,1.0,0.3076923076923077,18
random_2,24,0,HeaderCompressionOff = 1 AND mtOff = 1 AND tmOff = 1,,,0.0,0.0,0.0,18
random_5,60,4,HeaderCompressionOff = 1 AND mtOff = 1 AND tmOff = 1,35.0 <= Files < 65.0,0.0,0.0,0.0,0.0,18
random_10,120,8,HeaderCompressionOff = 1 AND mtOff = 1 AND tmOff = 1,HeaderCompressionOff >= 1.0,2.0,0.2352941176470588,0.1333333333333333,1.0,18
random_20,240,23,HeaderCompressionOff = 1 AND mtOff = 1 AND tmOff = 1,mtOff >= 1.0  AND  tmOff >= 1.0  AND  HeaderCompressionOff >= 1.0,1.0,1.0,1.0,1.0,18
2-wise,170,15,HeaderCompressionOff = 1 AND mtOff = 1 AND tmOff = 1,0.0 <= tmOff < 1.0  AND  0.0 <= HeaderCompressionOff < 1.0  AND  0.0 <= BZip2 < 1.0,0.0,0.0,0.0,0.0,18
3-wise,1127,149,HeaderCompressionOff = 1 AND mtOff = 1 AND tmOff = 1,tmOff >= 1.0  AND  mtOff >= 1.0  AND  HeaderCompressionOff >= 1.0,0.0,1.0,1.0,1.0,18
4-wise,4853,635,HeaderCompressionOff = 1 AND mtOff = 1 AND tmOff = 1,mtOff >= 1.0  AND  HeaderCompressionOff >= 1.0  AND  tmOff >= 1.0,3.0,1.0,1.0,1.0,18
full,68640,8580,HeaderCompressionOff = 1 AND mtOff = 1 AND tmOff = 1,HeaderCompressionOff >= 1.0  AND  tmOff >= 1.0  AND  mtOff >= 1.0  AND  20.0 <= Files < 80.0,1.0,0.7058823529411764,1.0,0.5454545454545454,19
random_2,24,0,HeaderCompressionOff = 1 AND mtOff = 1 AND tmOff = 1,,,0.0,0.0,0.0,19
random_5,60,4,HeaderCompressionOff = 1 AND mtOff = 1 AND tmOff = 1,0.0 <= BZip2 < 0.5  AND  x >= 8.0,0.0,0.0,0.0,0.0,19
random_10,120,0,HeaderCompressionOff = 1 AND mtOff = 1 AND tmOff = 1,,,0.0,0.0,0.0,19
random_20,240,23,HeaderCompressionOff = 1 AND mtOff = 1 AND tmOff = 1,tmOff >= 1.0,4.0,0.3285714285714285,0.1965811965811965,1.0,19
2-wise,164,0,HeaderCompressionOff = 1 AND mtOff = 1 AND tmOff = 1,,,0.0,0.0,0.0,19
3-wise,1114,165,HeaderCompressionOff = 1 AND mtOff = 1 AND tmOff = 1,mtOff >= 1.0  AND  tmOff >= 1.0  AND  HeaderCompressionOff >= 1.0,0.0,1.0,1.0,1.0,19
4-wise,4869,636,HeaderCompressionOff = 1 AND mtOff = 1 AND tmOff = 1,mtOff >= 1.0  AND  tmOff >= 1.0  AND  x >= 2.0  AND  HeaderCompressionOff >= 1.0,0.0,0.91928632115548,1.0,0.85062893081761,19
full,68640,8580,filterOff = 1 AND mtOff = 1 AND tmOff = 1,tmOff >= 1.0  AND  filterOff >= 1.0  AND  mtOff >= 1.0  AND  2.0 <= BlockSize < 32.0,0.0,0.4705882352941176,1.0,0.3076923076923077,1
random_2,24,0,filterOff = 1 AND mtOff = 1 AND tmOff = 1,,,0.0,0.0,0.0,1
random_5,60,0,filterOff = 1 AND mtOff = 1 AND tmOff = 1,,,0.0,0.0,0.0,1
random_10,120,10,filterOff = 1 AND mtOff = 1 AND tmOff = 1,Files >= 50.0  AND  0.0 <= mtOff < 1.0  AND  4.0 <= BlockSize < 3072.0,0.0,0.0,0.0,0.0,1
random_20,240,22,filterOff = 1 AND mtOff = 1 AND tmOff = 1,filterOff >= 1.0  AND  tmOff >= 1.0  AND  mtOff >= 1.0,1.0,1.0,1.0,1.0,1
2-wise,171,0,filterOff = 1 AND mtOff = 1 AND tmOff = 1,,,0.0,0.0,0.0,1
3-wise,1108,132,filterOff = 1 AND mtOff = 1 AND tmOff = 1,tmOff >= 1.0  AND  filterOff >= 1.0  AND  mtOff >= 1.0,0.0,1.0,1.0,1.0,1
4-wise,4907,604,filterOff = 1 AND mtOff = 1 AND tmOff = 1,filterOff >= 1.0  AND  mtOff >= 1.0  AND  tmOff >= 1.0,0.0,1.0,1.0,1.0,1
full,68640,8580,HeaderCompressionOff = 1 AND filterOff = 1 AND tmOff = 1,filterOff >= 1.0  AND  tmOff >= 1.0  AND  HeaderCompressionOff >= 1.0  AND  3.0 <= x < 7.0,0.0,0.5,1.0,0.3333333333333333,20
random_2,24,0,HeaderCompressionOff = 1 AND filterOff = 1 AND tmOff = 1,,,0.0,0.0,0.0,20
random_5,60,4,HeaderCompressionOff = 1 AND filterOff = 1 AND tmOff = 1,BlockSize >= 12.0  AND  mtOff >= 0.5,0.0,0.0,0.0,0.0,20
random_10,120,15,HeaderCompressionOff = 1 AND filterOff = 1 AND tmOff = 1,filterOff >= 1.0  AND  tmOff >= 1.0  AND  HeaderCompressionOff >= 1.0,1.0,1.0,1.0,1.0,20
random_20,240,27,HeaderCompressionOff = 1 AND filterOff = 1 AND tmOff = 1,tmOff >= 1.0  AND  HeaderCompressionOff >= 1.0  AND  filterOff >= 1.0,1.0,1.0,1.0,1.0,20
2-wise,166,23,HeaderCompressionOff = 1 AND filterOff = 1 AND tmOff = 1,0.0 <= Deflate < 1.0  AND  0.0 <= HeaderCompressionOff < 1.0  AND  x < 8.0,0.0,0.0,0.0,0.0,20
3-wise,1115,135,HeaderCompressionOff = 1 AND filterOff = 1 AND tmOff = 1,HeaderCompressionOff >= 1.0  AND  tmOff >= 1.0  AND  filterOff >= 1.0  AND  0.0 <= Deflate < 1.0,0.0,0.8362068965517242,1.0,0.7185185185185186,20
4-wise,4898,603,HeaderCompressionOff = 1 AND filterOff = 1 AND tmOff = 1,HeaderCompressionOff >= 1.0  AND  tmOff >= 1.0  AND  filterOff >= 1.0,2.0,1.0,1.0,1.0,20
full,68640,8580,filterOff = 1 AND mtOff = 1 AND tmOff = 1,filterOff >= 1.0  AND  tmOff >= 1.0  AND  mtOff >= 1.0  AND  50.0 <= Files < 90.0,1.0,0.5333333333333333,1.0,0.3636363636363636,21
random_2,24,0,filterOff = 1 AND mtOff = 1 AND tmOff = 1,,,0.0,0.0,0.0,21
random_5,60,8,filterOff = 1 AND mtOff = 1 AND tmOff = 1,80.0 <= Files < 95.0,0.0,0.0,0.0,0.0,21
random_10,120,0,filterOff = 1 AND mtOff = 1 AND tmOff = 1,,,0.0,0.0,0.0,21
random_20,240,38,filterOff = 1 AND mtOff = 1 AND tmOff = 1,mtOff >= 1.0  AND  filterOff >= 1.0  AND  tmOff >= 1.0,0.0,1.0,1.0,1.0,21
2-wise,168,26,filterOff = 1 AND mtOff = 1 AND tmOff = 1,filterOff >= 1.0  AND  mtOff >= 1.0  AND  tmOff >= 1.0,0.0,1.0,1.0,1.0,21
3-wise,1115,134,filterOff = 1 AND mtOff = 1 AND tmOff = 1,mtOff >= 1.0  AND  filterOff >= 1.0  AND  tmOff >= 1.0,0.0,1.0,1.0,1.0,21
4-wise,4889,595,filterOff = 1 AND mtOff = 1 AND tmOff = 1,filterOff >= 1.0  AND  mtOff >= 1.0  AND  tmOff >= 1.0  AND  Files < 100.0,0.0,0.945969884853853,1.0,0.8974789915966387,21
full,68640,8580,filterOff = 1 AND mtOff = 1 AND tmOff = 1,mtOff >= 1.0  AND  tmOff >= 1.0  AND  filterOff >= 1.0  AND  Files < 60.0,1.0,0.7058823529411764,1.0,0.5454545454545454,22
random_2,24,4,filterOff = 1 AND mtOff = 1 AND tmOff = 1,0.0 <= mtOff < 0.5,0.0,0.0,0.0,0.0,22
random_5,60,0,filterOff = 1 AND mtOff = 1 AND tmOff = 1,,,0.0,0.0,0.0,22
random_10,120,14,filterOff = 1 AND mtOff = 1 AND tmOff = 1,mtOff >= 1.0  AND  tmOff >= 1.0  AND  filterOff >= 1.0,0.0,1.0,1.0,1.0,22
random_20,240,35,filterOff = 1 AND mtOff = 1 AND tmOff = 1,mtOff >= 1.0  AND  tmOff >= 1.0  AND  filterOff >= 1.0  AND  0.0 <= BZip2 < 1.0,0.0,0.870967741935484,1.0,0.7714285714285715,22
2-wise,167,20,filterOff = 1 AND mtOff = 1 AND tmOff = 1,filterOff >= 1.0  AND  tmOff >= 1.0  AND  mtOff >= 1.0,0.0,1.0,1.0,1.0,22
3-wise,1115,128,filterOff = 1 AND mtOff = 1 AND tmOff = 1,tmOff >= 1.0  AND  mtOff >= 1.0  AND  filterOff >= 1.0  AND  0.0 <= PPMd < 1.0,0.0,0.9288702928870292,1.0,0.8671875,22
4-wise,4901,621,filterOff = 1 AND mtOff = 1 AND tmOff = 1,filterOff >= 1.0  AND  tmOff >= 1.0  AND  mtOff >= 1.0  AND  Files >= 10.0,0.0,0.9501267962806424,1.0,0.9049919484702094,22
full,68640,8580,HeaderCompressionOff = 1 AND filterOff = 1 AND mtOff = 1,mtOff >= 1.0  AND  filterOff >= 1.0  AND  HeaderCompressionOff >= 1.0  AND  3.0 <= x < 10.0,1.0,0.6666666666666666,1.0,0.5,23
random_2,24,2,HeaderCompressionOff = 1 AND filterOff = 1 AND mtOff = 1,0.0 <= tmOff < 0.5  AND  BlockSize < 1536.0,0.0,0.0,0.0,0.0,23
random_5,60,4,HeaderCompressionOff = 1 AND filterOff = 1 AND mtOff = 1,0.0 <= HeaderCompressionOff < 1.0  AND  0.0 <= LZMA2 < 1.0  AND  0.0 <= BZip2 < 1.0  AND  BlockSize >= 2.0,0.0,0.0,0.0,0.0,23
random_10,120,20,HeaderCompressionOff = 1 AND filterOff = 1 AND mtOff = 1,filterOff >= 1.0  AND  HeaderCompressionOff >= 1.0  AND  mtOff >= 1.0,0.0,1.0,1.0,1.0,23
random_20,240,35,HeaderCompressionOff = 1 AND filterOff = 1 AND mtOff = 1,HeaderCompressionOff >= 1.0  AND  mtOff >= 1.0  AND  filterOff >= 1.0,0.0,1.0,1.0,1.0,23
2-wise,161,25,HeaderCompressionOff = 1 AND filterOff = 1 AND mtOff = 1,HeaderCompressionOff >= 1.0  AND  filterOff >= 1.0  AND  mtOff >= 1.0,0.0,1.0,1.0,1.0,23
3-wise,1109,137,HeaderCompressionOff = 1 AND filterOff = 1 AND mtOff = 1,mtOff >= 1.0  AND  filterOff >= 1.0  AND  HeaderCompressionOff >= 1.0,0.0,1.0,1.0,1.0,23
4-wise,4915,611,HeaderCompressionOff = 1 AND filterOff = 1 AND mtOff = 1,HeaderCompressionOff >= 1.0  AND  filterOff >= 1.0  AND  0.0 <= Deflate < 1.0  AND  mtOff >= 1.0,0.0,0.9069767441860463,1.0,0.8297872340425532,23
full,68640,8580,HeaderCompressionOff = 1 AND mtOff = 1 AND tmOff = 1,HeaderCompressionOff >= 1.0  AND  mtOff >= 1.0  AND  filterOff >= 1.0  AND  tmOff >= 1.0,0.0,0.6666666666666666,1.0,0.5,24
random_5,60,4,HeaderCompressionOff = 1 AND mtOff = 1 AND tmOff = 1,50.0 <= Files < 70.0,0.0,0.0,0.0,0.0,24
random_10,120,13,HeaderCompressionOff = 1 AND mtOff = 1 AND tmOff = 1,mtOff >= 0.5  AND  tmOff >= 1.0  AND  HeaderCompressionOff >= 1.0,2.0,1.0,1.0,1.0,24
random_20,240,33,HeaderCompressionOff = 1 AND mtOff = 1 AND tmOff = 1,mtOff >= 1.0  AND  tmOff >= 1.0  AND  HeaderCompressionOff >= 1.0,0.0,1.0,1.0,1.0,24
2-wise,171,28,HeaderCompressionOff = 1 AND mtOff = 1 AND tmOff = 1,tmOff >= 1.0  AND  HeaderCompressionOff >= 1.0  AND  mtOff >= 0.5,0.0,1.0,1.0,1.0,24
3-wise,1085,131,HeaderCompressionOff = 1 AND mtOff = 1 AND tmOff = 1,HeaderCompressionOff >= 1.0  AND  tmOff >= 1.0  AND  mtOff >= 1.0,0.0,1.0,1.0,1.0,24
4-wise,4881,597,HeaderCompressionOff = 1 AND mtOff = 1 AND tmOff = 1,HeaderCompressionOff >= 1.0  AND  tmOff >= 1.0  AND  mtOff >= 1.0  AND  Files < 60.0,2.0,0.7021739130434783,1.0,0.541038525963149,24
full,68640,8580,HeaderCompressionOff = 1 AND filterOff = 1 AND mtOff = 1,mtOff >= 1.0  AND  HeaderCompressionOff >= 1.0  AND  filterOff >= 1.0  AND  Files < 30.0,1.0,0.4285714285714285,1.0,0.2727272727272727,25
random_2,24,0,HeaderCompressionOff = 1 AND filterOff = 1 AND mtOff = 1,,,0.0,0.0,0.0,25
random_5,60,7,HeaderCompressionOff = 1 AND filterOff = 1 AND mtOff = 1,3.0 <= x < 10.0  AND  4.0 <= BlockSize < 32.0,0.0,0.0,0.0,0.0,25
random_10,120,11,HeaderCompressionOff = 1 AND filterOff = 1 AND mtOff = 1,HeaderCompressionOff >= 1.0  AND  mtOff >= 1.0  AND  filterOff >= 1.0,1.0,1.0,1.0,1.0,25
random_20,240,19,HeaderCompressionOff = 1 AND filterOff = 1 AND mtOff = 1,Files < 100.0  AND  BlockSize < 2.0,0.0,0.0,0.0,0.0,25
2-wise,171,0,HeaderCompressionOff = 1 AND filterOff = 1 AND mtOff = 1,,,0.0,0.0,0.0,25
3-wise,1125,164,HeaderCompressionOff = 1 AND filterOff = 1 AND mtOff = 1,mtOff >= 1.0  AND  HeaderCompressionOff >= 1.0  AND  filterOff >= 1.0,0.0,1.0,1.0,1.0,25
4-wise,4901,588,HeaderCompressionOff = 1 AND filterOff = 1 AND mtOff = 1,mtOff >= 1.0  AND  HeaderCompressionOff >= 1.0  AND  filterOff >= 1.0,3.0,1.0,1.0,1.0,25
full,68640,8580,HeaderCompressionOff = 1 AND mtOff = 1 AND tmOff = 1,tmOff >= 1.0  AND  BlockSize < 64.0  AND  mtOff >= 1.0  AND  HeaderCompressionOff >= 1.0,1.0,0.631578947368421,1.0,0.4615384615384615,26
random_2,24,0,HeaderCompressionOff = 1 AND mtOff = 1 AND tmOff = 1,,,0.0,0.0,0.0,26
random_5,60,0,HeaderCompressionOff = 1 AND mtOff = 1 AND tmOff = 1,,,0.0,0.0,0.0,26
random_10,120,0,HeaderCompressionOff = 1 AND mtOff = 1 AND tmOff = 1,,,0.0,0.0,0.0,26
random_20,240,33,HeaderCompressionOff = 1 AND mtOff = 1 AND tmOff = 1,2.0 <= x < 4.0  AND  0.0 <= filterOff < 0.5,1.0,0.2222222222222222,0.2333333333333333,0.2121212121212121,26
2-wise,170,24,HeaderCompressionOff = 1 AND mtOff = 1 AND tmOff = 1,mtOff >= 1.0  AND  HeaderCompressionOff >= 1.0  AND  tmOff >= 1.0,0.0,1.0,1.0,1.0,26
3-wise,1109,146,HeaderCompressionOff = 1 AND mtOff = 1 AND tmOff = 1,tmOff >= 1.0  AND  HeaderCompressionOff >= 1.0  AND  0.0 <= PPMd < 1.0  AND  mtOff >= 1.0,0.0,0.9104477611940298,1.0,0.8356164383561644,26
4-wise,4926,582,HeaderCompressionOff = 1 AND mtOff = 1 AND tmOff = 1,tmOff >= 1.0  AND  HeaderCompressionOff >= 1.0  AND  mtOff >= 1.0  AND  10.0 <= Files < 80.0,3.0,0.7747368421052632,1.0,0.6323024054982818,26
full,68640,8580,filterOff = 1 AND mtOff = 1 AND tmOff = 1,tmOff >= 1.0  AND  filterOff >= 1.0  AND  mtOff >= 1.0  AND  HeaderCompressionOff >= 1.0,0.0,0.6666666666666666,1.0,0.5,27
random_2,24,0,filterOff = 1 AND mtOff = 1 AND tmOff = 1,,,0.0,0.0,0.0,27
random_5,60,10,filterOff = 1 AND mtOff = 1 AND tmOff = 1,mtOff >= 0.5  AND  tmOff >= 1.0  AND  filterOff >= 1.0,1.0,1.0,1.0,1.0,27
random_10,120,16,filterOff = 1 AND mtOff = 1 AND tmOff = 1,mtOff >= 1.0  AND  filterOff >= 1.0,1.0,0.653061224489796,0.4848484848484848,1.0,27
random_20,240,30,filterOff = 1 AND mtOff = 1 AND tmOff = 1,tmOff >= 1.0  AND  filterOff >= 1.0  AND  mtOff >= 1.0,0.0,1.0,1.0,1.0,27
2-wise,173,17,filterOff = 1 AND mtOff = 1 AND tmOff = 1,tmOff >= 1.0  AND  mtOff >= 1.0  AND  filterOff >= 1.0,0.0,1.0,1.0,1.0,27
3-wise,1116,130,filterOff = 1 AND mtOff = 1 AND tmOff = 1,tmOff >= 1.0  AND  mtOff >= 1.0  AND  filterOff >= 1.0,0.0,1.0,1.0,1.0,27
4-wise,4842,607,filterOff = 1 AND mtOff = 1 AND tmOff = 1,tmOff >= 1.0  AND  filterOff >= 1.0  AND  mtOff >= 1.0  AND  0.0 <= PPMd < 1.0,4.0,0.8973660308810173,1.0,0.8138385502471169,27
full,68640,8580,filterOff = 1 AND mtOff = 1 AND tmOff = 1,mtOff >= 1.0  AND  filterOff >= 1.0  AND  tmOff >= 1.0  AND  30.0 <= Files < 60.0,1.0,0.4285714285714285,1.0,0.2727272727272727,28
random_5,60,5,filterOff = 1 AND mtOff = 1 AND tmOff = 1,0.0 <= tmOff < 0.5  AND  BlockSize < 48.0,0.0,0.0,0.0,0.0,28
random_10,120,14,filterOff = 1 AND mtOff = 1 AND tmOff = 1,filterOff >= 1.0  AND  tmOff >= 1.0  AND  mtOff >= 1.0,0.0,1.0,1.0,1.0,28
random_20,240,30,filterOff = 1 AND mtOff = 1 AND tmOff = 1,filterOff >= 1.0  AND  mtOff >= 1.0  AND  tmOff >= 1.0,0.0,1.0,1.0,1.0,28
2-wise,166,20,filterOff = 1 AND mtOff = 1 AND tmOff = 1,tmOff >= 1.0  AND  mtOff >= 1.0  AND  filterOff >= 1.0,2.0,1.0,1.0,1.0,28
3-wise,1124,140,filterOff = 1 AND mtOff = 1 AND tmOff = 1,tmOff >= 1.0  AND  filterOff >= 1.0  AND  BlockSize < 2048.0  AND  mtOff >= 1.0,0.0,0.9189189189189187,1.0,0.85,28
4-wise,4914,634,filterOff = 1 AND mtOff = 1 AND tmOff = 1,tmOff >= 1.0  AND  filterOff >= 1.0  AND  8.0 <= BlockSize < 4096.0  AND  mtOff >= 1.0,0.0,0.8270120259019426,1.0,0.7050473186119873,28
full,68640,8580,HeaderCompressionOff = 1 AND filterOff = 1 AND mtOff = 1,mtOff >= 1.0  AND  filterOff >= 1.0  AND  HeaderCompressionOff >= 1.0  AND  8.0 <= BlockSize < 256.0,0.0,0.5555555555555556,1.0,0.3846153846153846,29
random_2,24,0,HeaderCompressionOff = 1 AND filterOff = 1 AND mtOff = 1,,,0.0,0.0,0.0,29
random_5,60,0,HeaderCompressionOff = 1 AND filterOff = 1 AND mtOff = 1,,,0.0,0.0,0.0,29
random_10,120,18,HeaderCompressionOff = 1 AND filterOff = 1 AND mtOff = 1,Files < 90.0  AND  4.0 <= BlockSize < 256.0,1.0,0.3793103448275862,0.275,0.6111111111111112,29
random_20,240,0,HeaderCompressionOff = 1 AND filterOff = 1 AND mtOff = 1,,,0.0,0.0,0.0,29
2-wise,169,23,HeaderCompressionOff = 1 AND filterOff = 1 AND mtOff = 1,filterOff >= 1.0  AND  mtOff >= 1.0  AND  HeaderCompressionOff >= 1.0,2.0,1.0,1.0,1.0,29
3-wise,1105,156,HeaderCompressionOff = 1 AND filterOff = 1 AND mtOff = 1,filterOff >= 1.0  AND  HeaderCompressionOff >= 1.0  AND  mtOff >= 0.5,0.0,1.0,1.0,1.0,29
4-wise,4894,637,HeaderCompressionOff = 1 AND filterOff = 1 AND mtOff = 1,mtOff >= 1.0  AND  HeaderCompressionOff >= 1.0  AND  filterOff >= 1.0  AND  BlockSize < 512.0,0.0,0.8126747437092265,1.0,0.6844583987441131,29
full,68640,8580,filterOff = 1 AND mtOff = 1 AND tmOff = 1,mtOff >= 1.0  AND  filterOff >= 1.0  AND  tmOff >= 1.0  AND  Files >= 30.0,0.0,0.8421052631578948,1.0,0.7272727272727273,2
random_2,24,0,filterOff = 1 AND mtOff = 1 AND tmOff = 1,,,0.0,0.0,0.0,2
random_5,60,8,filterOff = 1 AND mtOff = 1 AND tmOff = 1,mtOff >= 1.0  AND  tmOff >= 1.0  AND  filterOff >= 0.5,1.0,1.0,1.0,1.0,2
random_10,120,18,filterOff = 1 AND mtOff = 1 AND tmOff = 1,tmOff >= 1.0  AND  mtOff >= 1.0  AND  filterOff >= 1.0,2.0,1.0,1.0,1.0,2
random_20,240,24,filterOff = 1 AND mtOff = 1 AND tmOff = 1,mtOff >= 1.0  AND  tmOff >= 1.0  AND  filterOff >= 1.0,0.0,1.0,1.0,1.0,2
2-wise,169,23,filterOff = 1 AND mtOff = 1 AND tmOff = 1,tmOff >= 0.5  AND  mtOff >= 1.0  AND  filterOff >= 1.0,0.0,1.0,1.0,1.0,2
3-wise,1098,145,filterOff = 1 AND mtOff = 1 AND tmOff = 1,mtOff >= 1.0  AND  tmOff >= 1.0  AND  filterOff >= 1.0,0.0,1.0,1.0,1.0,2
4-wise,4856,616,filterOff = 1 AND mtOff = 1 AND tmOff = 1,mtOff >= 1.0  AND  filterOff >= 1.0  AND  BlockSize >= 32.0  AND  tmOff >= 1.0,0.0,0.7593152064451159,1.0,0.612012987012987,2
full,68640,8580,HeaderCompressionOff = 1 AND mtOff = 1 AND tmOff = 1,mtOff >= 1.0  AND  tmOff >= 1.0  AND  HeaderCompressionOff >= 1.0  AND  x >= 6.0,4.0,0.6666666666666666,1.0,0.5,30
random_2,24,0,HeaderCompressionOff = 1 AND mtOff = 1 AND tmOff = 1,,,0.0,0.0,0.0,30
random_5,60,0,HeaderCompressionOff = 1 AND mtOff = 1 AND tmOff = 1,,,0.0,0.0,0.0,30
random_10,120,20,HeaderCompressionOff = 1 AND mtOff = 1 AND tmOff = 1,tmOff >= 1.0  AND  mtOff >= 1.0  AND  HeaderCompressionOff >= 1.0,2.0,1.0,1.0,1.0,30
random_20,240,30,HeaderCompressionOff = 1 AND mtOff = 1 AND tmOff = 1,tmOff >= 1.0  AND  HeaderCompressionOff >= 1.0  AND  mtOff >= 1.0,0.0,1.0,1.0,1.0,30
2-wise,168,21,HeaderCompressionOff = 1 AND mtOff = 1 AND tmOff = 1,0.0 <= filterOff < 1.0  AND  40.0 <= Files < 60.0,0.0,0.0,0.0,0.0,30
3-wise,1125,155,HeaderCompressionOff = 1 AND mtOff = 1 AND tmOff = 1,BlockSize < 256.0  AND  tmOff >= 1.0  AND  mtOff >= 1.0  AND  HeaderCompressionOff >= 1.0,0.0,0.7649402390438247,1.0,0.6193548387096774,30
4-wise,4854,594,HeaderCompressionOff = 1 AND mtOff = 1 AND tmOff = 1,mtOff >= 1.0  AND  HeaderCompressionOff >= 1.0  AND  tmOff >= 1.0  AND  0.0 <= LZMA < 1.0,0.0,0.8834586466165414,1.0,0.7912457912457912,30
full,68640,8580,HeaderCompressionOff = 1 AND filterOff = 1 AND mtOff = 1,HeaderCompressionOff >= 1.0  AND  mtOff >= 1.0  AND  filterOff >= 1.0  AND  0.0 <= BZip2 < 1.0,1.0,0.888888888888889,1.0,0.8,31
random_2,24,0,HeaderCompressionOff = 1 AND filterOff = 1 AND mtOff = 1,,,0.0,0.0,0.0,31
random_5,60,0,HeaderCompressionOff = 1 AND filterOff = 1 AND mtOff = 1,,,0.0,0.0,0.0,31
random_10,120,21,HeaderCompressionOff = 1 AND filterOff = 1 AND mtOff = 1,0.0 <= filterOff < 1.0  AND  50.0 <= Files < 80.0,0.0,0.0,0.0,0.0,31
random_20,240,38,HeaderCompressionOff = 1 AND filterOff = 1 AND mtOff = 1,mtOff >= 1.0  AND  filterOff >= 1.0  AND  HeaderCompressionOff >= 1.0,0.0,1.0,1.0,1.0,31
2-wise,166,31,HeaderCompressionOff = 1 AND filterOff = 1 AND mtOff = 1,filterOff >= 1.0  AND  mtOff >= 1.0  AND  HeaderCompressionOff >= 1.0,1.0,1.0,1.0,1.0,31
3-wise,1119,135,HeaderCompressionOff = 1 AND filterOff = 1 AND mtOff = 1,HeaderCompressionOff >= 1.0  AND  filterOff >= 1.0  AND  mtOff >= 1.0,0.0,1.0,1.0,1.0,31
4-wise,4896,594,HeaderCompressionOff = 1 AND filterOff = 1 AND mtOff = 1,mtOff >= 1.0  AND  filterOff >= 1.0  AND  BlockSize < 256.0  AND  HeaderCompressionOff >= 1.0,0.0,0.7494736842105263,1.0,0.5993265993265994,31
full,68640,8580,HeaderCompressionOff = 1 AND filterOff = 1 AND mtOff = 1,filterOff >= 1.0  AND  HeaderCompressionOff >= 1.0  AND  mtOff >= 1.0  AND  Files < 30.0,1.0,0.4285714285714285,1.0,0.2727272727272727,32
random_2,24,0,HeaderCompressionOff = 1 AND filterOff = 1 AND mtOff = 1,,,0.0,0.0,0.0,32
random_5,60,8,HeaderCompressionOff = 1 AND filterOff = 1 AND mtOff = 1,mtOff >= 0.5  AND  filterOff >= 1.0  AND  HeaderCompressionOff >= 1.0,0.0,1.0,1.0,1.0,32
random_10,120,18,HeaderCompressionOff = 1 AND filterOff = 1 AND mtOff = 1,filterOff >= 1.0  AND  HeaderCompressionOff >= 1.0  AND  mtOff >= 1.0,1.0,1.0,1.0,1.0,32
random_20,240,32,HeaderCompressionOff = 1 AND filterOff = 1 AND mtOff = 1,mtOff >= 1.0  AND  HeaderCompressionOff >= 1.0  AND  filterOff >= 1.0,0.0,1.0,1.0,1.0,32
2-wise,159,0,HeaderCompressionOff = 1 AND filterOff = 1 AND mtOff = 1,,,0.0,0.0,0.0,32
3-wise,1112,140,HeaderCompressionOff = 1 AND filterOff = 1 AND mtOff = 1,mtOff >= 1.0  AND  filterOff >= 1.0  AND  HeaderCompressionOff >= 1.0  AND  BlockSize >= 2.0,0.0,0.966789667896679,1.0,0.9357142857142856,32
4-wise,4847,591,HeaderCompressionOff = 1 AND filterOff = 1 AND mtOff = 1,mtOff >= 1.0  AND  filterOff >= 1.0  AND  HeaderCompressionOff >= 1.0  AND  4.0 <= BlockSize < 2048.0,0.0,0.8084677419354839,1.0,0.6785109983079526,32
full,68640,8580,HeaderCompressionOff = 1 AND mtOff = 1 AND tmOff = 1,mtOff >= 1.0  AND  HeaderCompressionOff >= 1.0  AND  tmOff >= 1.0  AND  BlockSize < 32.0,1.0,0.5555555555555556,1.0,0.3846153846153846,33
random_2,24,0,HeaderCompressionOff = 1 AND mtOff = 1 AND tmOff = 1,,,0.0,0.0,0.0,33
random_5,60,0,HeaderCompressionOff = 1 AND mtOff = 1 AND tmOff = 1,,,0.0,0.0,0.0,33
random_10,120,22,HeaderCompressionOff = 1 AND mtOff = 1 AND tmOff = 1,tmOff >= 1.0  AND  HeaderCompressionOff >= 1.0  AND  mtOff >= 1.0,1.0,1.0,1.0,1.0,33
random_20,240,33,HeaderCompressionOff = 1 AND mtOff = 1 AND tmOff = 1,mtOff >= 1.0  AND  tmOff >= 1.0  AND  HeaderCompressionOff >= 1.0,0.0,1.0,1.0,1.0,33
2-wise,161,25,HeaderCompressionOff = 1 AND mtOff = 1 AND tmOff = 1,HeaderCompressionOff >= 1.0  AND  tmOff >= 1.0  AND  mtOff >= 1.0,0.0,1.0,1.0,1.0,33
3-wise,1110,131,HeaderCompressionOff = 1 AND mtOff = 1 AND tmOff = 1,mtOff >= 1.0  AND  HeaderCompressionOff >= 1.0  AND  tmOff >= 1.0,0.0,1.0,1.0,1.0,33
4-wise,4877,592,HeaderCompressionOff = 1 AND mtOff = 1 AND tmOff = 1,mtOff >= 1.0  AND  tmOff >= 1.0  AND  0.0 <= BZip2 < 1.0  AND  HeaderCompressionOff >= 1.0,0.0,0.8830188679245283,1.0,0.7905405405405406,33
full,68640,8580,HeaderCompressionOff = 1 AND mtOff = 1 AND tmOff = 1,tmOff >= 1.0  AND  HeaderCompressionOff >= 1.0  AND  mtOff >= 1.0  AND  0.0 <= LZMA < 1.0,2.0,0.888888888888889,1.0,0.8,34
random_2,24,0,HeaderCompressionOff = 1 AND mtOff = 1 AND tmOff = 1,,,0.0,0.0,0.0,34
random_5,60,0,HeaderCompressionOff = 1 AND mtOff = 1 AND tmOff = 1,,,0.0,0.0,0.0,34
random_10,120,0,HeaderCompressionOff = 1 AND mtOff = 1 AND tmOff = 1,,,0.0,0.0,0.0,34
random_20,240,0,HeaderCompressionOff = 1 AND mtOff = 1 AND tmOff = 1,,,0.0,0.0,0.0,34
2-wise,169,27,HeaderCompressionOff = 1 AND mtOff = 1 AND tmOff = 1,20.0 <= Files < 80.0,1.0,0.2314049586776859,0.1489361702127659,0.5185185185185185,34
3-wise,1119,125,HeaderCompressionOff = 1 AND mtOff = 1 AND tmOff = 1,HeaderCompressionOff >= 1.0  AND  tmOff >= 1.0  AND  mtOff >= 1.0,0.0,1.0,1.0,1.0,34
4-wise,4872,589,HeaderCompressionOff = 1 AND mtOff = 1 AND tmOff = 1,HeaderCompressionOff >= 1.0  AND  tmOff >= 1.0  AND  mtOff >= 1.0,2.0,1.0,1.0,1.0,34
full,68640,8580,filterOff = 1 AND mtOff = 1 AND tmOff = 1,mtOff >= 1.0  AND  tmOff >= 1.0  AND  filterOff >= 1.0  AND  Files >= 60.0,0.0,0.625,1.0,0.4545454545454545,35
random_2,24,0,filterOff = 1 AND mtOff = 1 AND tmOff = 1,,,0.0,0.0,0.0,35
random_5,60,7,filterOff = 1 AND mtOff = 1 AND tmOff = 1,mtOff >= 1.0  AND  tmOff >= 1.0  AND  filterOff >= 1.0,1.0,1.0,1.0,1.0,35
random_10,120,12,filterOff = 1 AND mtOff = 1 AND tmOff = 1,tmOff >= 1.0  AND  mtOff >= 1.0  AND  filterOff >= 1.0,0.0,1.0,1.0,1.0,35
random_20,240,24,filterOff = 1 AND mtOff = 1 AND tmOff = 1,filterOff >= 1.0  AND  tmOff >= 1.0  AND  mtOff >= 1.0,0.0,1.0,1.0,1.0,35
2-wise,170,18,filterOff = 1 AND mtOff = 1 AND tmOff = 1,mtOff >= 1.0  AND  filterOff >= 1.0  AND  tmOff >= 1.0,0.0,1.0,1.0,1.0,35
3-wise,1113,139,filterOff = 1 AND mtOff = 1 AND tmOff = 1,tmOff >= 1.0  AND  mtOff >= 1.0  AND  filterOff >= 1.0  AND  0.0 <= PPMd < 1.0,0.0,0.860655737704918,1.0,0.7553956834532374,35
4-wise,4894,620,filterOff = 1 AND mtOff = 1 AND tmOff = 1,filterOff >= 1.0  AND  mtOff >= 1.0  AND  tmOff >= 1.0  AND  0.0 <= LZMA2 < 1.0,0.0,0.8798554652213189,1.0,0.785483870967742,35
full,68640,8580,HeaderCompressionOff = 1 AND filterOff = 1 AND tmOff = 1,HeaderCompressionOff >= 1.0  AND  filterOff >= 1.0  AND  tmOff >= 1.0  AND  256.0 <= BlockSize < 4096.0,1.0,0.4705882352941176,1.0,0.3076923076923077,36
random_2,24,0,HeaderCompressionOff = 1 AND filterOff = 1 AND tmOff = 1,,,0.0,0.0,0.0,36
random_5,60,12,HeaderCompressionOff = 1 AND filterOff = 1 AND tmOff = 1,filterOff >= 1.0  AND  HeaderCompressionOff >= 0.5,1.0,0.8,0.6666666666666666,1.0,36
random_10,120,22,HeaderCompressionOff = 1 AND filterOff = 1 AND tmOff = 1,HeaderCompressionOff >= 1.0  AND  filterOff >= 1.0  AND  tmOff >= 1.0,1.0,1.0,1.0,1.0,36
random_20,240,31,HeaderCompressionOff = 1 AND filterOff = 1 AND tmOff = 1,HeaderCompressionOff >= 1.0  AND  filterOff >= 1.0  AND  tmOff >= 1.0,0.0,1.0,1.0,1.0,36
2-wise,166,22,HeaderCompressionOff = 1 AND filterOff = 1 AND tmOff = 1,HeaderCompressionOff >= 1.0  AND  tmOff >= 1.0  AND  filterOff >= 1.0,0.0,1.0,1.0,1.0,36
3-wise,1097,143,HeaderCompressionOff = 1 AND filterOff = 1 AND tmOff = 1,filterOff >= 1.0  AND  tmOff >= 1.0  AND  HeaderCompressionOff >= 1.0,0.0,1.0,1.0,1.0,36
4-wise,4904,630,HeaderCompressionOff = 1 AND filterOff = 1 AND tmOff = 1,filterOff >= 1.0  AND  HeaderCompressionOff >= 1.0  AND  tmOff >= 1.0  AND  0.0 <= LZMA2 < 1.0,0.0,0.8760035682426406,1.0,0.7793650793650794,36
full,68640,8580,HeaderCompressionOff = 1 AND mtOff = 1 AND tmOff = 1,mtOff >= 1.0  AND  HeaderCompressionOff >= 1.0  AND  tmOff >= 1.0  AND  Files < 60.0,1.0,0.7058823529411764,1.0,0.5454545454545454,37
random_2,24,0,HeaderCompressionOff = 1 AND mtOff = 1 AND tmOff = 1,,,0.0,0.0,0.0,37
random_5,60,10,HeaderCompressionOff = 1 AND mtOff = 1 AND tmOff = 1,HeaderCompressionOff >= 1.0  AND  tmOff >= 1.0  AND  mtOff >= 0.5,1.0,1.0,1.0,1.0,37
random_10,120,18,HeaderCompressionOff = 1 AND mtOff = 1 AND tmOff = 1,mtOff >= 1.0  AND  HeaderCompressionOff >= 1.0  AND  tmOff >= 1.0,1.0,1.0,1.0,1.0,37
random_20,240,33,HeaderCompressionOff = 1 AND mtOff = 1 AND tmOff = 1,tmOff >= 1.0  AND  mtOff >= 1.0  AND  HeaderCompressionOff >= 1.0,0.0,1.0,1.0,1.0,37
2-wise,169,25,HeaderCompressionOff = 1 AND mtOff = 1 AND tmOff = 1,tmOff >= 0.5  AND  mtOff >= 1.0  AND  HeaderCompressionOff >= 1.0,0.0,1.0,1.0,1.0,37
3-wise,1103,139,HeaderCompressionOff = 1 AND mtOff = 1 AND tmOff = 1,tmOff >= 1.0  AND  mtOff >= 1.0  AND  HeaderCompressionOff >= 1.0,0.0,1.0,1.0,1.0,37
4-wise,4889,607,HeaderCompressionOff = 1 AND mtOff = 1 AND tmOff = 1,tmOff >= 1.0  AND  mtOff >= 1.0  AND  0.0 <= BZip2 < 1.0  AND  HeaderCompressionOff >= 1.0,1.0,0.890310786106033,1.0,0.8023064250411862,37
full,68640,8580,HeaderCompressionOff = 1 AND filterOff = 1 AND mtOff = 1,HeaderCompressionOff >= 1.0  AND  filterOff >= 1.0  AND  mtOff >= 1.0  AND  BlockSize >= 32.0,0.0,0.761904761904762,1.0,0.6153846153846154,38
random_2,24,0,HeaderCompressionOff = 1 AND filterOff = 1 AND mtOff = 1,,,0.0,0.0,0.0,38
random_5,60,0,HeaderCompressionOff = 1 AND filterOff = 1 AND mtOff = 1,,,0.0,0.0,0.0,38
random_10,120,19,HeaderCompressionOff = 1 AND filterOff = 1 AND mtOff = 1,0.0 <= HeaderCompressionOff < 1.0  AND  2.0 <= x < 4.0,0.0,0.0,0.0,0.0,38
random_20,240,33,HeaderCompressionOff = 1 AND filterOff = 1 AND mtOff = 1,HeaderCompressionOff >= 0.5  AND  mtOff >= 1.0  AND  filterOff >= 1.0,0.0,1.0,1.0,1.0,38
2-wise,170,22,HeaderCompressionOff = 1 AND filterOff = 1 AND mtOff = 1,0.0 <= HeaderCompressionOff < 1.0  AND  60.0 <= Files < 70.0,0.0,0.0,0.0,0.0,38
3-wise,1128,156,HeaderCompressionOff = 1 AND filterOff = 1 AND mtOff = 1,HeaderCompressionOff >= 1.0  AND  filterOff >= 1.0  AND  mtOff >= 1.0  AND  BlockSize < 1024.0,0.0,0.8613138686131386,1.0,0.7564102564102564,38
4-wise,4903,610,HeaderCompressionOff = 1 AND filterOff = 1 AND mtOff = 1,mtOff >= 1.0  AND  HeaderCompressionOff >= 1.0  AND  0.0 <= LZMA < 1.0  AND  filterOff >= 1.0,0.0,0.8838060384263495,1.0,0.7918032786885246,38
full,68640,8580,HeaderCompressionOff = 1 AND filterOff = 1 AND mtOff = 1,HeaderCompressionOff >= 1.0  AND  filterOff >= 1.0  AND  mtOff >= 1.0  AND  BlockSize < 64.0,2.0,0.631578947368421,1.0,0.4615384615384615,39
random_2,24,0,HeaderCompressionOff = 1 AND filterOff = 1 AND mtOff = 1,,,0.0,0.0,0.0,39
random_5,60,13,HeaderCompressionOff = 1 AND filterOff = 1 AND mtOff = 1,mtOff >= 1.0  AND  HeaderCompressionOff >= 1.0  AND  filterOff >= 1.0,1.0,1.0,1.0,1.0,39
random_10,120,19,HeaderCompressionOff = 1 AND filterOff = 1 AND mtOff = 1,0.0 <= PPMd < 1.0  AND  HeaderCompressionOff >= 1.0  AND  0.0 <= mtOff < 1.0,0.0,0.0,0.0,0.0,39
random_20,240,35,HeaderCompressionOff = 1 AND filterOff = 1 AND mtOff = 1,filterOff >= 1.0  AND  mtOff >= 1.0  AND  HeaderCompressionOff >= 1.0,0.0,1.0,1.0,1.0,39
2-wise,164,22,HeaderCompressionOff = 1 AND filterOff = 1 AND mtOff = 1,Files < 90.0  AND  BlockSize >= 1024.0,0.0,0.0357142857142857,0.0294117647058823,0.0454545454545454,39
3-wise,1123,143,HeaderCompressionOff = 1 AND filterOff = 1 AND mtOff = 1,HeaderCompressionOff >= 1.0  AND  filterOff >= 1.0  AND  mtOff >= 1.0,0.0,1.0,1.0,1.0,39
4-wise,4858,610,HeaderCompressionOff = 1 AND filterOff = 1 AND mtOff = 1,HeaderCompressionOff >= 1.0  AND  mtOff >= 1.0  AND  filterOff >= 1.0,3.0,1.0,1.0,1.0,39
full,68640,8580,HeaderCompressionOff = 1 AND mtOff = 1 AND tmOff = 1,tmOff >= 1.0  AND  HeaderCompressionOff >= 1.0  AND  mtOff >= 1.0  AND  30.0 <= Files < 60.0,0.0,0.4285714285714285,1.0,0.2727272727272727,3
random_2,24,0,HeaderCompressionOff = 1 AND mtOff = 1 AND tmOff = 1,,,0.0,0.0,0.0,3
random_5,60,7,HeaderCompressionOff = 1 AND mtOff = 1 AND tmOff = 1,Files < 20.0,0.0,0.0,0.0,0.0,3
random_10,120,15,HeaderCompressionOff = 1 AND mtOff = 1 AND tmOff = 1,tmOff >= 1.0  AND  HeaderCompressionOff >= 0.5  AND  mtOff >= 1.0,1.0,1.0,1.0,1.0,3
random_20,240,32,HeaderCompressionOff = 1 AND mtOff = 1 AND tmOff = 1,HeaderCompressionOff >= 1.0  AND  mtOff >= 1.0  AND  tmOff >= 1.0,0.0,1.0,1.0,1.0,3
2-wise,169,24,HeaderCompressionOff = 1 AND mtOff = 1 AND tmOff = 1,HeaderCompressionOff >= 1.0  AND  tmOff >= 1.0  AND  mtOff >= 1.0,0.0,1.0,1.0,1.0,3
3-wise,1116,133,HeaderCompressionOff = 1 AND mtOff = 1 AND tmOff = 1,mtOff >= 1.0  AND  HeaderCompressionOff >= 1.0  AND  tmOff >= 1.0  AND  0.0 <= LZMA < 1.0,0.0,0.8870292887029287,1.0,0.7969924812030075,3
4-wise,4866,615,HeaderCompressionOff = 1 AND mtOff = 1 AND tmOff = 1,HeaderCompressionOff >= 1.0  AND  mtOff >= 1.0  AND  0.0 <= BZip2 < 1.0  AND  tmOff >= 1.0,0.0,0.8938848920863309,1.0,0.808130081300813,3
full,68640,8580,filterOff = 1 AND mtOff = 1 AND tmOff = 1,filterOff >= 1.0  AND  tmOff >= 1.0  AND  mtOff >= 1.0  AND  60.0 <= Files < 90.0,1.0,0.4285714285714285,1.0,0.2727272727272727,40
random_2,24,0,filterOff = 1 AND mtOff = 1 AND tmOff = 1,,,0.0,0.0,0.0,40
random_5,60,0,filterOff = 1 AND mtOff = 1 AND tmOff = 1,,,0.0,0.0,0.0,40
random_10,120,12,filterOff = 1 AND mtOff = 1 AND tmOff = 1,filterOff >= 1.0  AND  mtOff >= 0.5  AND  tmOff >= 1.0,1.0,1.0,1.0,1.0,40
random_20,240,31,filterOff = 1 AND mtOff = 1 AND tmOff = 1,filterOff >= 1.0  AND  mtOff >= 1.0  AND  tmOff >= 1.0,0.0,1.0,1.0,1.0,40
2-wise,163,18,filterOff = 1 AND mtOff = 1 AND tmOff = 1,filterOff >= 1.0  AND  mtOff >= 1.0  AND  tmOff >= 1.0,0.0,1.0,1.0,1.0,40
3-wise,1115,133,filterOff = 1 AND mtOff = 1 AND tmOff = 1,tmOff >= 1.0  AND  mtOff >= 1.0  AND  0.0 <= PPMd < 1.0  AND  filterOff >= 1.0,0.0,0.8916666666666667,1.0,0.8045112781954887,40
4-wise,4868,630,filterOff = 1 AND mtOff = 1 AND tmOff = 1,filterOff >= 1.0  AND  mtOff >= 1.0  AND  tmOff >= 1.0  AND  x < 8.0,0.0,0.8034188034188035,1.0,0.6714285714285714,40
full,68640,8580,HeaderCompressionOff = 1 AND filterOff = 1 AND mtOff = 1,filterOff >= 1.0  AND  HeaderCompressionOff >= 1.0  AND  mtOff >= 1.0  AND  6.0 <= x < 10.0,1.0,0.5,1.0,0.3333333333333333,41
random_2,24,1,HeaderCompressionOff = 1 AND filterOff = 1 AND mtOff = 1,20.0 <= Files < 85.0  AND  x >= 5.0,0.0,0.0,0.0,0.0,41
random_5,60,4,HeaderCompressionOff = 1 AND filterOff = 1 AND mtOff = 1,BZip2 >= 1.0,0.0,0.0,0.0,0.0,41
random_10,120,12,HeaderCompressionOff = 1 AND filterOff = 1 AND mtOff = 1,mtOff >= 1.0  AND  HeaderCompressionOff >= 1.0  AND  filterOff >= 1.0,0.0,1.0,1.0,1.0,41
random_20,240,33,HeaderCompressionOff = 1 AND filterOff = 1 AND mtOff = 1,mtOff >= 1.0  AND  filterOff >= 1.0  AND  HeaderCompressionOff >= 1.0,0.0,1.0,1.0,1.0,41
2-wise,172,21,HeaderCompressionOff = 1 AND filterOff = 1 AND mtOff = 1,filterOff >= 1.0  AND  HeaderCompressionOff >= 1.0  AND  mtOff >= 0.5,0.0,1.0,1.0,1.0,41
3-wise,1129,122,HeaderCompressionOff = 1 AND filterOff = 1 AND mtOff = 1,mtOff >= 1.0  AND  HeaderCompressionOff >= 1.0  AND  filterOff >= 1.0  AND  0.0 <= PPMd < 1.0,0.0,0.8909090909090909,1.0,0.8032786885245902,41
4-wise,4896,555,HeaderCompressionOff = 1 AND filterOff = 1 AND mtOff = 1,HeaderCompressionOff >= 1.0  AND  filterOff >= 1.0  AND  mtOff >= 1.0,4.0,1.0,1.0,1.0,41
full,68640,8580,HeaderCompressionOff = 1 AND filterOff = 1 AND mtOff = 1,filterOff >= 1.0  AND  mtOff >= 1.0  AND  HeaderCompressionOff >= 1.0  AND  32.0 <= BlockSize < 2048.0,0.0,0.631578947368421,1.0,0.4615384615384615,42
random_2,24,0,HeaderCompressionOff = 1 AND filterOff = 1 AND mtOff = 1,,,0.0,0.0,0.0,42
random_5,60,0,HeaderCompressionOff = 1 AND filterOff = 1 AND mtOff = 1,,,0.0,0.0,0.0,42
random_10,120,17,HeaderCompressionOff = 1 AND filterOff = 1 AND mtOff = 1,0.0 <= filterOff < 1.0  AND  BZip2 >= 1.0,0.0,0.0,0.0,0.0,42
random_20,240,0,HeaderCompressionOff = 1 AND filterOff = 1 AND mtOff = 1,,,0.0,0.0,0.0,42
2-wise,166,25,HeaderCompressionOff = 1 AND filterOff = 1 AND mtOff = 1,mtOff >= 1.0  AND  HeaderCompressionOff >= 1.0  AND  filterOff >= 1.0,0.0,1.0,1.0,1.0,42
3-wise,1130,136,HeaderCompressionOff = 1 AND filterOff = 1 AND mtOff = 1,filterOff >= 1.0  AND  mtOff >= 1.0  AND  HeaderCompressionOff >= 1.0,0.0,1.0,1.0,1.0,42
4-wise,4862,638,HeaderCompressionOff = 1 AND filterOff = 1 AND mtOff = 1,x >= 2.0  AND  HeaderCompressionOff >= 1.0  AND  filterOff >= 1.0  AND  mtOff >= 1.0,0.0,0.9056603773584906,1.0,0.8275862068965517,42
full,68640,8580,HeaderCompressionOff = 1 AND filterOff = 1 AND tmOff = 1,HeaderCompressionOff >= 1.0  AND  tmOff >= 1.0  AND  x >= 6.0  AND  filterOff >= 1.0,0.0,0.6666666666666666,1.0,0.5,43
random_2,24,0,HeaderCompressionOff = 1 AND filterOff = 1 AND tmOff = 1,,,0.0,0.0,0.0,43
random_5,60,10,HeaderCompressionOff = 1 AND filterOff = 1 AND tmOff = 1,tmOff >= 1.0  AND  filterOff >= 1.0  AND  HeaderCompressionOff >= 1.0,0.0,1.0,1.0,1.0,43
random_10,120,14,HeaderCompressionOff = 1 AND filterOff = 1 AND tmOff = 1,0.0 <= mtOff < 1.0  AND  BlockSize >= 256.0  AND  0.0 <= filterOff < 1.0,0.0,0.0,0.0,0.0,43
random_20,240,24,HeaderCompressionOff = 1 AND filterOff = 1 AND tmOff = 1,BlockSize < 128.0  AND  PPMd >= 1.0  AND  Files < 50.0,0.0,0.0,0.0,0.0,43
2-wise,164,23,HeaderCompressionOff = 1 AND filterOff = 1 AND tmOff = 1,tmOff >= 1.0  AND  filterOff >= 1.0  AND  HeaderCompressionOff >= 1.0,2.0,1.0,1.0,1.0,43
3-wise,1111,137,HeaderCompressionOff = 1 AND filterOff = 1 AND tmOff = 1,HeaderCompressionOff >= 1.0  AND  filterOff >= 1.0  AND  Files < 90.0  AND  tmOff >= 1.0,0.0,0.9212598425196852,1.0,0.8540145985401459,43
4-wise,4883,615,HeaderCompressionOff = 1 AND filterOff = 1 AND tmOff = 1,tmOff >= 1.0  AND  filterOff >= 1.0  AND  HeaderCompressionOff >= 1.0,1.0,1.0,1.0,1.0,43
full,68640,8580,HeaderCompressionOff = 1 AND mtOff = 1 AND tmOff = 1,mtOff >= 1.0  AND  tmOff >= 1.0  AND  HeaderCompressionOff >= 1.0  AND  BlockSize >= 1024.0,0.0,0.375,1.0,0.2307692307692307,44
random_2,24,0,HeaderCompressionOff = 1 AND mtOff = 1 AND tmOff = 1,,,0.0,0.0,0.0,44
random_5,60,14,HeaderCompressionOff = 1 AND mtOff = 1 AND tmOff = 1,tmOff >= 1.0  AND  HeaderCompressionOff >= 1.0  AND  mtOff >= 0.5,1.0,1.0,1.0,1.0,44
random_10,120,26,HeaderCompressionOff = 1 AND mtOff = 1 AND tmOff = 1,mtOff >= 1.0  AND  HeaderCompressionOff >= 1.0  AND  tmOff >= 1.0,0.0,1.0,1.0,1.0,44
random_20,240,40,HeaderCompressionOff = 1 AND mtOff = 1 AND tmOff = 1,tmOff >= 1.0  AND  mtOff >= 1.0  AND  HeaderCompressionOff >= 1.0,0.0,1.0,1.0,1.0,44
2-wise,166,29,HeaderCompressionOff = 1 AND mtOff = 1 AND tmOff = 1,0.0 <= mtOff < 1.0  AND  0.0 <= filterOff < 1.0  AND  x < 4.0,0.0,0.0,0.0,0.0,44
3-wise,1128,159,HeaderCompressionOff = 1 AND mtOff = 1 AND tmOff = 1,mtOff >= 1.0  AND  tmOff >= 1.0  AND  HeaderCompressionOff >= 1.0,0.0,1.0,1.0,1.0,44
4-wise,4888,654,HeaderCompressionOff = 1 AND mtOff = 1 AND tmOff = 1,tmOff >= 1.0  AND  HeaderCompressionOff >= 1.0  AND  mtOff >= 1.0  AND  0.0 <= LZMA < 1.0,3.0,0.8962025316455697,1.0,0.8119266055045872,44
full,68640,8580,HeaderCompressionOff = 1 AND filterOff = 1 AND tmOff = 1,filterOff >= 1.0  AND  tmOff >= 1.0  AND  HeaderCompressionOff >= 1.0  AND  0.0 <= LZMA < 1.0,1.0,0.888888888888889,1.0,0.8,45
random_2,24,0,HeaderCompressionOff = 1 AND filterOff = 1 AND tmOff = 1,,,0.0,0.0,0.0,45
random_5,60,0,HeaderCompressionOff = 1 AND filterOff = 1 AND tmOff = 1,,,0.0,0.0,0.0,45
random_10,120,14,HeaderCompressionOff = 1 AND filterOff = 1 AND tmOff = 1,0.0 <= HeaderCompressionOff < 1.0  AND  BlockSize >= 256.0,0.0,0.0,0.0,0.0,45
random_20,240,28,HeaderCompressionOff = 1 AND filterOff = 1 AND tmOff = 1,filterOff >= 1.0  AND  tmOff >= 1.0  AND  HeaderCompressionOff >= 1.0,0.0,1.0,1.0,1.0,45
2-wise,165,17,HeaderCompressionOff = 1 AND filterOff = 1 AND tmOff = 1,filterOff >= 1.0  AND  HeaderCompressionOff >= 1.0  AND  tmOff >= 1.0,0.0,1.0,1.0,1.0,45
3-wise,1114,115,HeaderCompressionOff = 1 AND filterOff = 1 AND tmOff = 1,HeaderCompressionOff >= 1.0  AND  tmOff >= 1.0  AND  filterOff >= 1.0,0.0,1.0,1.0,1.0,45
4-wise,4846,572,HeaderCompressionOff = 1 AND filterOff = 1 AND tmOff = 1,HeaderCompressionOff >= 1.0  AND  tmOff >= 1.0  AND  filterOff >= 1.0,0.0,1.0,1.0,1.0,45
full,68640,8580,HeaderCompressionOff = 1 AND filterOff = 1 AND mtOff = 1,mtOff >= 1.0  AND  HeaderCompressionOff >= 1.0  AND  filterOff >= 1.0  AND  BlockSize < 256.0,1.0,0.761904761904762,1.0,0.6153846153846154,46
random_2,24,0,HeaderCompressionOff = 1 AND filterOff = 1 AND mtOff = 1,,,0.0,0.0,0.0,46
random_5,60,0,HeaderCompressionOff = 1 AND filterOff = 1 AND mtOff = 1,,,0.0,0.0,0.0,46
random_10,120,0,HeaderCompressionOff = 1 AND filterOff = 1 AND mtOff = 1,,,0.0,0.0,0.0,46
random_20,240,38,HeaderCompressionOff = 1 AND filterOff = 1 AND mtOff = 1,HeaderCompressionOff >= 1.0  AND  filterOff >= 0.5  AND  mtOff >= 1.0,4.0,1.0,1.0,1.0,46
2-wise,171,0,HeaderCompressionOff = 1 AND filterOff = 1 AND mtOff = 1,,,0.0,0.0,0.0,46
3-wise,1093,134,HeaderCompressionOff = 1 AND filterOff = 1 AND mtOff = 1,filterOff >= 1.0  AND  HeaderCompressionOff >= 1.0  AND  mtOff >= 1.0,0.0,1.0,1.0,1.0,46
4-wise,4889,616,HeaderCompressionOff = 1 AND filterOff = 1 AND mtOff = 1,mtOff >= 1.0  AND  HeaderCompressionOff >= 1.0  AND  filterOff >= 1.0  AND  0.0 <= PPMd < 1.0,0.0,0.8960573476702508,1.0,0.8116883116883117,46
full,68640,8580,filterOff = 1 AND mtOff = 1 AND tmOff = 1,tmOff >= 1.0  AND  filterOff >= 1.0  AND  mtOff >= 1.0  AND  x >= 7.0,0.0,0.5,1.0,0.3333333333333333,47
random_2,24,0,filterOff = 1 AND mtOff = 1 AND tmOff = 1,,,0.0,0.0,0.0,47
random_5,60,8,filterOff = 1 AND mtOff = 1 AND tmOff = 1,0.0 <= mtOff < 1.0  AND  LZMA2 >= 0.5,0.0,0.0,0.0,0.0,47
random_10,120,15,filterOff = 1 AND mtOff = 1 AND tmOff = 1,0.0 <= tmOff < 1.0  AND  filterOff >= 1.0  AND  0.0 <= Deflate < 1.0  AND  20.0 <= Files < 80.0,0.0,0.0,0.0,0.0,47
random_20,240,35,filterOff = 1 AND mtOff = 1 AND tmOff = 1,filterOff >= 1.0  AND  tmOff >= 1.0  AND  mtOff >= 0.5,0.0,1.0,1.0,1.0,47
2-wise,170,24,filterOff = 1 AND mtOff = 1 AND tmOff = 1,mtOff >= 1.0  AND  tmOff >= 1.0  AND  filterOff >= 1.0  AND  0.0 <= LZMA2 < 1.0,0.0,0.9333333333333332,1.0,0.875,47
3-wise,1131,124,filterOff = 1 AND mtOff = 1 AND tmOff = 1,filterOff >= 1.0  AND  mtOff >= 1.0  AND  tmOff >= 1.0,0.0,1.0,1.0,1.0,47
4-wise,4898,627,filterOff = 1 AND mtOff = 1 AND tmOff = 1,mtOff >= 1.0  AND  tmOff >= 1.0  AND  0.0 <= Deflate < 1.0  AND  filterOff >= 1.0,0.0,0.886323268206039,1.0,0.79585326953748,47
full,68640,8580,HeaderCompressionOff = 1 AND filterOff = 1 AND mtOff = 1,HeaderCompressionOff >= 1.0  AND  filterOff >= 1.0  AND  mtOff >= 1.0  AND  3.0 <= x < 10.0,4.0,0.6666666666666666,1.0,0.5,48
random_2,24,0,HeaderCompressionOff = 1 AND filterOff = 1 AND mtOff = 1,,,0.0,0.0,0.0,48
random_5,60,9,HeaderCompressionOff = 1 AND filterOff = 1 AND mtOff = 1,0.0 <= Deflate < 1.0  AND  0.0 <= filterOff < 1.0  AND  BlockSize < 64.0,0.0,0.0,0.0,0.0,48
random_10,120,15,HeaderCompressionOff = 1 AND filterOff = 1 AND mtOff = 1,60.0 <= Files < 80.0  AND  0.0 <= LZMA < 1.0,0.0,0.0,0.0,0.0,48
random_20,240,24,HeaderCompressionOff = 1 AND filterOff = 1 AND mtOff = 1,0.0 <= LZMA < 1.0  AND  0.0 <= mtOff < 1.0  AND  64.0 <= BlockSize < 1024.0  AND  x < 8.0,0.0,0.0,0.0,0.0,48
2-wise,167,15,HeaderCompressionOff = 1 AND filterOff = 1 AND mtOff = 1,0.0 <= HeaderCompressionOff < 1.0  AND  128.0 <= BlockSize < 2048.0  AND  Files >= 70.0,0.0,0.0,0.0,0.0,48
3-wise,1125,140,HeaderCompressionOff = 1 AND filterOff = 1 AND mtOff = 1,mtOff >= 1.0  AND  filterOff >= 1.0  AND  HeaderCompressionOff >= 1.0,0.0,1.0,1.0,1.0,48
4-wise,4908,630,HeaderCompressionOff = 1 AND filterOff = 1 AND mtOff = 1,HeaderCompressionOff >= 1.0  AND  filterOff >= 1.0  AND  BlockSize < 4096.0  AND  mtOff >= 1.0,0.0,0.9638157894736842,1.0,0.9301587301587302,48
full,68640,8580,HeaderCompressionOff = 1 AND filterOff = 1 AND mtOff = 1,mtOff >= 1.0  AND  filterOff >= 1.0  AND  HeaderCompressionOff >= 1.0  AND  128.0 <= BlockSize < 2048.0,0.0,0.4705882352941176,1.0,0.3076923076923077,49
random_2,24,0,HeaderCompressionOff = 1 AND filterOff = 1 AND mtOff = 1,,,0.0,0.0,0.0,49
random_5,60,0,HeaderCompressionOff = 1 AND filterOff = 1 AND mtOff = 1,,,0.0,0.0,0.0,49
random_10,120,16,HeaderCompressionOff = 1 AND filterOff = 1 AND mtOff = 1,0.0 <= mtOff < 1.0  AND  x >= 8.0,0.0,0.0,0.0,0.0,49
random_20,240,34,HeaderCompressionOff = 1 AND filterOff = 1 AND mtOff = 1,HeaderCompressionOff >= 1.0  AND  filterOff >= 1.0  AND  mtOff >= 1.0,0.0,1.0,1.0,1.0,49
2-wise,165,20,HeaderCompressionOff = 1 AND filterOff = 1 AND mtOff = 1,0.0 <= tmOff < 1.0,3.0,0.1489361702127659,0.0945945945945946,0.35,49
3-wise,1129,131,HeaderCompressionOff = 1 AND filterOff = 1 AND mtOff = 1,mtOff >= 1.0  AND  HeaderCompressionOff >= 1.0  AND  filterOff >= 1.0,0.0,1.0,1.0,1.0,49
4-wise,4870,587,HeaderCompressionOff = 1 AND filterOff = 1 AND mtOff = 1,HeaderCompressionOff >= 1.0  AND  mtOff >= 1.0  AND  0.0 <= LZMA < 1.0  AND  filterOff >= 1.0,0.0,0.8976525821596244,1.0,0.8143100511073254,49
full,68640,8580,HeaderCompressionOff = 1 AND filterOff = 1 AND tmOff = 1,HeaderCompressionOff >= 1.0  AND  filterOff >= 1.0  AND  tmOff >= 1.0  AND  0.0 <= Deflate < 1.0,1.0,0.888888888888889,1.0,0.8,4
random_5,60,0,HeaderCompressionOff = 1 AND filterOff = 1 AND tmOff = 1,,,0.0,0.0,0.0,4
random_10,120,0,HeaderCompressionOff = 1 AND filterOff = 1 AND tmOff = 1,,,0.0,0.0,0.0,4
random_20,240,29,HeaderCompressionOff = 1 AND filterOff = 1 AND tmOff = 1,0.0 <= LZMA < 1.0  AND  40.0 <= Files < 60.0  AND  0.0 <= LZMA2 < 1.0,0.0,0.1509433962264151,0.1666666666666666,0.1379310344827586,4
2-wise,163,21,HeaderCompressionOff = 1 AND filterOff = 1 AND tmOff = 1,filterOff >= 1.0  AND  tmOff >= 1.0  AND  HeaderCompressionOff >= 1.0,0.0,1.0,1.0,1.0,4
3-wise,1141,148,HeaderCompressionOff = 1 AND filterOff = 1 AND tmOff = 1,HeaderCompressionOff >= 1.0  AND  tmOff >= 1.0  AND  filterOff >= 1.0,0.0,1.0,1.0,1.0,4
4-wise,4895,603,HeaderCompressionOff = 1 AND filterOff = 1 AND tmOff = 1,filterOff >= 1.0  AND  tmOff >= 1.0  AND  HeaderCompressionOff >= 1.0,0.0,1.0,1.0,1.0,4
full,68640,8580,HeaderCompressionOff = 1 AND filterOff = 1 AND mtOff = 1,mtOff >= 1.0  AND  HeaderCompressionOff >= 1.0  AND  filterOff >= 1.0  AND  16.0 <= BlockSize < 512.0,4.0,0.5555555555555556,1.0,0.3846153846153846,50
random_2,24,0,HeaderCompressionOff = 1 AND filterOff = 1 AND mtOff = 1,,,0.0,0.0,0.0,50
random_5,60,0,HeaderCompressionOff = 1 AND filterOff = 1 AND mtOff = 1,,,0.0,0.0,0.0,50
random_10,120,9,HeaderCompressionOff = 1 AND filterOff = 1 AND mtOff = 1,filterOff >= 1.0  AND  0.0 <= Deflate < 1.0,0.0,0.2222222222222222,0.1333333333333333,0.6666666666666666,50
random_20,240,0,HeaderCompressionOff = 1 AND filterOff = 1 AND mtOff = 1,,,0.0,0.0,0.0,50
2-wise,170,13,HeaderCompressionOff = 1 AND filterOff = 1 AND mtOff = 1,Deflate >= 1.0  AND  0.0 <= HeaderCompressionOff < 1.0  AND  0.0 <= filterOff < 0.5,0.0,0.0,0.0,0.0,50
3-wise,1119,131,HeaderCompressionOff = 1 AND filterOff = 1 AND mtOff = 1,mtOff >= 1.0  AND  HeaderCompressionOff >= 1.0  AND  filterOff >= 1.0,0.0,1.0,1.0,1.0,50
4-wise,4881,621,HeaderCompressionOff = 1 AND filterOff = 1 AND mtOff = 1,filterOff >= 1.0  AND  HeaderCompressionOff >= 1.0  AND  mtOff >= 1.0,2.0,1.0,1.0,1.0,50
full,68640,8580,HeaderCompressionOff = 1 AND filterOff = 1 AND tmOff = 1,tmOff >= 1.0  AND  HeaderCompressionOff >= 1.0  AND  filterOff >= 1.0  AND  6.0 <= x < 10.0,0.0,0.5,1.0,0.3333333333333333,51
random_2,24,0,HeaderCompressionOff = 1 AND filterOff = 1 AND tmOff = 1,,,0.0,0.0,0.0,51
random_5,60,11,HeaderCompressionOff = 1 AND filterOff = 1 AND tmOff = 1,HeaderCompressionOff >= 1.0  AND  tmOff >= 0.5  AND  filterOff >= 1.0,0.0,1.0,1.0,1.0,51
random_10,120,0,HeaderCompressionOff = 1 AND filterOff = 1 AND tmOff = 1,,,0.0,0.0,0.0,51
random_20,240,38,HeaderCompressionOff = 1 AND filterOff = 1 AND tmOff = 1,tmOff >= 1.0  AND  HeaderCompressionOff >= 1.0  AND  filterOff >= 1.0,1.0,1.0,1.0,1.0,51
2-wise,167,24,HeaderCompressionOff = 1 AND filterOff = 1 AND tmOff = 1,HeaderCompressionOff >= 1.0  AND  tmOff >= 1.0  AND  filterOff >= 1.0,0.0,1.0,1.0,1.0,51
3-wise,1113,166,HeaderCompressionOff = 1 AND filterOff = 1 AND tmOff = 1,filterOff >= 1.0  AND  tmOff >= 1.0  AND  HeaderCompressionOff >= 1.0  AND  0.0 <= Deflate < 1.0,0.0,0.8630136986301369,1.0,0.7590361445783133,51
4-wise,4903,597,HeaderCompressionOff = 1 AND filterOff = 1 AND tmOff = 1,tmOff >= 1.0  AND  filterOff >= 1.0  AND  HeaderCompressionOff >= 1.0  AND  0.0 <= PPMd < 1.0,1.0,0.8788732394366198,1.0,0.7839195979899497,51
full,68640,8580,filterOff = 1 AND mtOff = 1 AND tmOff = 1,tmOff >= 1.0  AND  mtOff >= 1.0  AND  Files >= 60.0  AND  filterOff >= 1.0,1.0,0.625,1.0,0.4545454545454545,52
random_2,24,0,filterOff = 1 AND mtOff = 1 AND tmOff = 1,,,0.0,0.0,0.0,52
random_5,60,4,filterOff = 1 AND mtOff = 1 AND tmOff = 1,64.0 <= BlockSize < 256.0,0.0,0.1428571428571428,0.1,0.25,52
random_10,120,13,filterOff = 1 AND mtOff = 1 AND tmOff = 1,64.0 <= BlockSize < 2048.0,0.0,0.1886792452830188,0.125,0.3846153846153846,52
random_20,240,21,filterOff = 1 AND mtOff = 1 AND tmOff = 1,30.0 <= Files < 50.0  AND  2.0 <= x < 6.0,0.0,0.1538461538461538,0.1666666666666666,0.1428571428571428,52
2-wise,161,18,filterOff = 1 AND mtOff = 1 AND tmOff = 1,mtOff >= 1.0  AND  filterOff >= 1.0  AND  tmOff >= 1.0,0.0,1.0,1.0,1.0,52
3-wise,1110,131,filterOff = 1 AND mtOff = 1 AND tmOff = 1,mtOff >= 1.0  AND  tmOff >= 1.0  AND  filterOff >= 1.0  AND  BlockSize < 4096.0,0.0,0.9561752988047808,1.0,0.916030534351145,52
4-wise,4900,579,filterOff = 1 AND mtOff = 1 AND tmOff = 1,mtOff >= 1.0  AND  tmOff >= 1.0  AND  filterOff >= 1.0  AND  BlockSize < 512.0,0.0,0.8183673469387756,1.0,0.6925734024179621,52
full,68640,8580,HeaderCompressionOff = 1 AND filterOff = 1 AND tmOff = 1,filterOff >= 1.0  AND  tmOff >= 1.0  AND  HeaderCompressionOff >= 1.0  AND  2.0 <= x < 7.0,0.0,0.6666666666666666,1.0,0.5,53
random_2,24,0,HeaderCompressionOff = 1 AND filterOff = 1 AND tmOff = 1,,,0.0,0.0,0.0,53
random_5,60,11,HeaderCompressionOff = 1 AND filterOff = 1 AND tmOff = 1,50.0 <= Files < 90.0  AND  x < 8.0,0.0,0.0,0.0,0.0,53
random_10,120,16,HeaderCompressionOff = 1 AND filterOff = 1 AND tmOff = 1,10.0 <= Files < 20.0  AND  BlockSize >= 16.0,0.0,0.0,0.0,0.0,53
random_20,240,31,HeaderCompressionOff = 1 AND filterOff = 1 AND tmOff = 1,0.0 <= LZMA < 1.0  AND  20.0 <= Files < 40.0  AND  x < 6.0  AND  8.0 <= BlockSize < 256.0,0.0,0.054054054054054,0.1666666666666666,0.032258064516129,53
2-wise,171,0,HeaderCompressionOff = 1 AND filterOff = 1 AND tmOff = 1,,,0.0,0.0,0.0,53
3-wise,1115,130,HeaderCompressionOff = 1 AND filterOff = 1 AND tmOff = 1,filterOff >= 1.0  AND  tmOff >= 1.0  AND  HeaderCompressionOff >= 1.0,0.0,1.0,1.0,1.0,53
4-wise,4868,620,HeaderCompressionOff = 1 AND filterOff = 1 AND tmOff = 1,tmOff >= 1.0  AND  filterOff >= 1.0  AND  HeaderCompressionOff >= 1.0  AND  BlockSize >= 32.0,0.0,0.7242798353909464,1.0,0.567741935483871,53
full,68640,8580,HeaderCompressionOff = 1 AND mtOff = 1 AND tmOff = 1,HeaderCompressionOff >= 1.0  AND  mtOff >= 1.0  AND  tmOff >= 1.0  AND  0.0 <= LZMA < 1.0,3.0,0.888888888888889,1.0,0.8,54
random_2,24,0,HeaderCompressionOff = 1 AND mtOff = 1 AND tmOff = 1,,,0.0,0.0,0.0,54
random_5,60,7,HeaderCompressionOff = 1 AND mtOff = 1 AND tmOff = 1,15.0 <= Files < 30.0,0.0,0.0,0.0,0.0,54
random_10,120,0,HeaderCompressionOff = 1 AND mtOff = 1 AND tmOff = 1,,,0.0,0.0,0.0,54
random_20,240,23,HeaderCompressionOff = 1 AND mtOff = 1 AND tmOff = 1,mtOff >= 1.0  AND  tmOff >= 0.5  AND  HeaderCompressionOff >= 1.0,0.0,1.0,1.0,1.0,54
2-wise,171,0,HeaderCompressionOff = 1 AND mtOff = 1 AND tmOff = 1,,,0.0,0.0,0.0,54
3-wise,1129,157,HeaderCompressionOff = 1 AND mtOff = 1 AND tmOff = 1,mtOff >= 1.0  AND  tmOff >= 1.0  AND  HeaderCompressionOff >= 1.0,0.0,1.0,1.0,1.0,54
4-wise,4874,635,HeaderCompressionOff = 1 AND mtOff = 1 AND tmOff = 1,mtOff >= 1.0  AND  tmOff >= 1.0  AND  HeaderCompressionOff >= 1.0  AND  30.0 <= Files < 80.0,0.0,0.6431623931623932,1.0,0.474015748031496,54
full,68640,8580,HeaderCompressionOff = 1 AND mtOff = 1 AND tmOff = 1,mtOff >= 1.0  AND  tmOff >= 1.0  AND  0.0 <= filterOff < 1.0  AND  HeaderCompressionOff >= 1.0,0.0,0.6666666666666666,1.0,0.5,55
random_2,24,0,HeaderCompressionOff = 1 AND mtOff = 1 AND tmOff = 1,,,0.0,0.0,0.0,55
random_5,60,9,HeaderCompressionOff = 1 AND mtOff = 1 AND tmOff = 1,mtOff >= 1.0  AND  HeaderCompressionOff >= 1.0  AND  tmOff >= 1.0,1.0,1.0,1.0,1.0,55
random_10,120,17,HeaderCompressionOff = 1 AND mtOff = 1 AND tmOff = 1,mtOff >= 1.0  AND  tmOff >= 1.0  AND  HeaderCompressionOff >= 1.0,1.0,1.0,1.0,1.0,55
random_20,240,33,HeaderCompressionOff = 1 AND mtOff = 1 AND tmOff = 1,tmOff >= 1.0  AND  mtOff >= 0.5  AND  HeaderCompressionOff >= 1.0,1.0,1.0,1.0,1.0,55
2-wise,165,24,HeaderCompressionOff = 1 AND mtOff = 1 AND tmOff = 1,HeaderCompressionOff >= 1.0  AND  tmOff >= 1.0  AND  mtOff >= 1.0,0.0,1.0,1.0,1.0,55
3-wise,1110,139,HeaderCompressionOff = 1 AND mtOff = 1 AND tmOff = 1,mtOff >= 1.0  AND  tmOff >= 1.0  AND  HeaderCompressionOff >= 1.0  AND  BlockSize >= 4.0,0.0,0.9140625,1.0,0.841726618705036,55
4-wise,4910,608,HeaderCompressionOff = 1 AND mtOff = 1 AND tmOff = 1,tmOff >= 1.0  AND  HeaderCompressionOff >= 1.0  AND  mtOff >= 1.0,0.0,1.0,1.0,1.0,55
full,68640,8580,HeaderCompressionOff = 1 AND filterOff = 1 AND tmOff = 1,filterOff >= 1.0  AND  HeaderCompressionOff >= 1.0  AND  BlockSize < 32.0  AND  tmOff >= 1.0,1.0,0.5555555555555556,1.0,0.3846153846153846,56
random_2,24,4,HeaderCompressionOff = 1 AND filterOff = 1 AND tmOff = 1,Files >= 40.0  AND  0.0 <= tmOff < 0.5,0.0,0.0,0.0,0.0,56
random_5,60,6,HeaderCompressionOff = 1 AND filterOff = 1 AND tmOff = 1,0.0 <= tmOff < 0.5  AND  128.0 <= BlockSize < 4096.0,0.0,0.0,0.0,0.0,56
random_10,120,16,HeaderCompressionOff = 1 AND filterOff = 1 AND tmOff = 1,filterOff >= 1.0  AND  tmOff >= 0.5  AND  HeaderCompressionOff >= 1.0,1.0,1.0,1.0,1.0,56
random_20,240,34,HeaderCompressionOff = 1 AND filterOff = 1 AND tmOff = 1,tmOff >= 1.0  AND  HeaderCompressionOff >= 1.0  AND  filterOff >= 1.0,0.0,1.0,1.0,1.0,56
2-wise,165,25,HeaderCompressionOff = 1 AND filterOff = 1 AND tmOff = 1,filterOff >= 1.0  AND  HeaderCompressionOff >= 1.0  AND  tmOff >= 0.5,1.0,1.0,1.0,1.0,56
3-wise,1100,135,HeaderCompressionOff = 1 AND filterOff = 1 AND tmOff = 1,filterOff >= 1.0  AND  HeaderCompressionOff >= 1.0  AND  tmOff >= 1.0,0.0,1.0,1.0,1.0,56
4-wise,4853,632,HeaderCompressionOff = 1 AND filterOff = 1 AND tmOff = 1,filterOff >= 1.0  AND  HeaderCompressionOff >= 1.0  AND  tmOff >= 1.0  AND  Files < 80.0,0.0,0.8382352941176471,1.0,0.7215189873417721,56
full,68640,8580,filterOff = 1 AND mtOff = 1 AND tmOff = 1,tmOff >= 1.0  AND  filterOff >= 1.0  AND  mtOff >= 1.0  AND  HeaderCompressionOff >= 1.0,1.0,0.6666666666666666,1.0,0.5,57
random_2,24,0,filterOff = 1 AND mtOff = 1 AND tmOff = 1,,,0.0,0.0,0.0,57
random_5,60,8,filterOff = 1 AND mtOff = 1 AND tmOff = 1,0.0 <= Deflate < 1.0  AND  5.0 <= Files < 20.0,0.0,0.0,0.0,0.0,57
random_10,120,0,filterOff = 1 AND mtOff = 1 AND tmOff = 1,,,0.0,0.0,0.0,57
random_20,240,0,filterOff = 1 AND mtOff = 1 AND tmOff = 1,,,0.0,0.0,0.0,57
2-wise,168,0,filterOff = 1 AND mtOff = 1 AND tmOff = 1,,,0.0,0.0,0.0,57
3-wise,1120,131,filterOff = 1 AND mtOff = 1 AND tmOff = 1,mtOff >= 1.0  AND  tmOff >= 1.0  AND  filterOff >= 1.0,0.0,1.0,1.0,1.0,57
4-wise,4895,646,filterOff = 1 AND mtOff = 1 AND tmOff = 1,tmOff >= 1.0  AND  filterOff >= 1.0  AND  mtOff >= 1.0,0.0,1.0,1.0,1.0,57
full,68640,8580,HeaderCompressionOff = 1 AND filterOff = 1 AND mtOff = 1,mtOff >= 1.0  AND  HeaderCompressionOff >= 1.0  AND  filterOff >= 1.0  AND  40.0 <= Files < 70.0,0.0,0.4285714285714285,1.0,0.2727272727272727,58
random_2,24,1,HeaderCompressionOff = 1 AND filterOff = 1 AND mtOff = 1,0.0 <= HeaderCompressionOff < 0.5,0.0,0.0,0.0,0.0,58
random_5,60,8,HeaderCompressionOff = 1 AND filterOff = 1 AND mtOff = 1,HeaderCompressionOff >= 1.0  AND  filterOff >= 1.0  AND  mtOff >= 1.0,0.0,1.0,1.0,1.0,58
random_10,120,14,HeaderCompressionOff = 1 AND filterOff = 1 AND mtOff = 1,HeaderCompressionOff >= 1.0  AND  filterOff >= 1.0  AND  mtOff >= 1.0  AND  0.0 <= PPMd < 1.0,0.0,0.962962962962963,1.0,0.9285714285714286,58
random_20,240,29,HeaderCompressionOff = 1 AND filterOff = 1 AND mtOff = 1,filterOff >= 1.0  AND  HeaderCompressionOff >= 1.0  AND  mtOff >= 1.0,0.0,1.0,1.0,1.0,58
2-wise,172,26,HeaderCompressionOff = 1 AND filterOff = 1 AND mtOff = 1,HeaderCompressionOff >= 1.0  AND  mtOff >= 1.0  AND  filterOff >= 0.5,0.0,1.0,1.0,1.0,58
3-wise,1112,154,HeaderCompressionOff = 1 AND filterOff = 1 AND mtOff = 1,mtOff >= 1.0  AND  filterOff >= 1.0  AND  HeaderCompressionOff >= 1.0,0.0,1.0,1.0,1.0,58
4-wise,4913,637,HeaderCompressionOff = 1 AND filterOff = 1 AND mtOff = 1,HeaderCompressionOff >= 1.0  AND  mtOff >= 1.0  AND  filterOff >= 1.0,0.0,1.0,1.0,1.0,58
full,68640,8580,HeaderCompressionOff = 1 AND filterOff = 1 AND mtOff = 1,filterOff >= 1.0  AND  HeaderCompressionOff >= 1.0  AND  mtOff >= 1.0  AND  2.0 <= x < 7.0,3.0,0.6666666666666666,1.0,0.5,59
random_2,24,0,HeaderCompressionOff = 1 AND filterOff = 1 AND mtOff = 1,,,0.0,0.0,0.0,59
random_5,60,0,HeaderCompressionOff = 1 AND filterOff = 1 AND mtOff = 1,,,0.0,0.0,0.0,59
random_10,120,13,HeaderCompressionOff = 1 AND filterOff = 1 AND mtOff = 1,BlockSize >= 64.0,0.0,0.1621621621621621,0.0983606557377049,0.4615384615384615,59
random_20,240,25,HeaderCompressionOff = 1 AND filterOff = 1 AND mtOff = 1,20.0 <= Files < 80.0  AND  x < 8.0,0.0,0.1981981981981982,0.127906976744186,0.44,59
2-wise,173,0,HeaderCompressionOff = 1 AND filterOff = 1 AND mtOff = 1,,,0.0,0.0,0.0,59
3-wise,1133,122,HeaderCompressionOff = 1 AND filterOff = 1 AND mtOff = 1,Files < 80.0  AND  mtOff >= 1.0  AND  HeaderCompressionOff >= 1.0  AND  filterOff >= 1.0,2.0,0.8909090909090909,1.0,0.8032786885245902,59
4-wise,4872,637,HeaderCompressionOff = 1 AND filterOff = 1 AND mtOff = 1,mtOff >= 1.0  AND  HeaderCompressionOff >= 1.0  AND  2.0 <= BlockSize < 512.0  AND  filterOff >= 1.0,0.0,0.7655038759689922,1.0,0.6200941915227629,59
full,68640,8580,HeaderCompressionOff = 1 AND mtOff = 1 AND tmOff = 1,HeaderCompressionOff >= 1.0  AND  tmOff >= 1.0  AND  mtOff >= 1.0  AND  0.0 <= PPMd < 1.0,1.0,0.888888888888889,1.0,0.8,5
random_2,24,0,HeaderCompressionOff = 1 AND mtOff = 1 AND tmOff = 1,,,0.0,0.0,0.0,5
random_5,60,0,HeaderCompressionOff = 1 AND mtOff = 1 AND tmOff = 1,,,0.0,0.0,0.0,5
random_10,120,17,HeaderCompressionOff = 1 AND mtOff = 1 AND tmOff = 1,0.0 <= Deflate < 1.0,1.0,0.247787610619469,0.1458333333333333,0.8235294117647058,5
random_20,240,36,HeaderCompressionOff = 1 AND mtOff = 1 AND tmOff = 1,HeaderCompressionOff >= 1.0  AND  tmOff >= 1.0  AND  mtOff >= 1.0,0.0,1.0,1.0,1.0,5
2-wise,169,23,HeaderCompressionOff = 1 AND mtOff = 1 AND tmOff = 1,0.0 <= Deflate < 1.0  AND  2.0 <= x < 6.0  AND  BlockSize < 1024.0  AND  0.0 <= BZip2 < 1.0,0.0,0.0,0.0,0.0,5
3-wise,1124,126,HeaderCompressionOff = 1 AND mtOff = 1 AND tmOff = 1,HeaderCompressionOff >= 1.0  AND  mtOff >= 1.0  AND  tmOff >= 1.0  AND  Files >= 20.0,0.0,0.9184549356223176,1.0,0.8492063492063492,5
4-wise,4853,627,HeaderCompressionOff = 1 AND mtOff = 1 AND tmOff = 1,mtOff >= 1.0  AND  BlockSize >= 4.0  AND  HeaderCompressionOff >= 1.0  AND  tmOff >= 1.0,0.0,0.9170984455958548,1.0,0.84688995215311,5
full,68640,8580,filterOff = 1 AND mtOff = 1 AND tmOff = 1,filterOff >= 1.0  AND  tmOff >= 1.0  AND  mtOff >= 1.0  AND  0.0 <= PPMd < 1.0,3.0,0.888888888888889,1.0,0.8,60
random_2,24,0,filterOff = 1 AND mtOff = 1 AND tmOff = 1,,,0.0,0.0,0.0,60
random_5,60,12,filterOff = 1 AND mtOff = 1 AND tmOff = 1,filterOff >= 0.5  AND  mtOff >= 1.0  AND  tmOff >= 0.5,1.0,1.0,1.0,1.0,60
random_10,120,21,filterOff = 1 AND mtOff = 1 AND tmOff = 1,mtOff >= 1.0  AND  tmOff >= 1.0  AND  filterOff >= 1.0,1.0,1.0,1.0,1.0,60
random_20,240,40,filterOff = 1 AND mtOff = 1 AND tmOff = 1,mtOff >= 1.0  AND  tmOff >= 1.0  AND  filterOff >= 1.0,0.0,1.0,1.0,1.0,60
2-wise,171,29,filterOff = 1 AND mtOff = 1 AND tmOff = 1,tmOff >= 1.0  AND  mtOff >= 1.0  AND  filterOff >= 1.0,1.0,1.0,1.0,1.0,60
3-wise,1120,127,filterOff = 1 AND mtOff = 1 AND tmOff = 1,filterOff >= 1.0  AND  tmOff >= 1.0  AND  x < 10.0  AND  mtOff >= 1.0,0.0,0.9098712446351932,1.0,0.8346456692913385,60
4-wise,4869,558,filterOff = 1 AND mtOff = 1 AND tmOff = 1,tmOff >= 1.0  AND  filterOff >= 1.0  AND  mtOff >= 1.0  AND  0.0 <= LZMA < 1.0,0.0,0.8961424332344213,1.0,0.8118279569892473,60
full,68640,8580,HeaderCompressionOff = 1 AND filterOff = 1 AND tmOff = 1,HeaderCompressionOff >= 1.0  AND  filterOff >= 1.0  AND  BlockSize >= 256.0  AND  tmOff >= 1.0,1.0,0.5555555555555556,1.0,0.3846153846153846,61
random_2,24,0,HeaderCompressionOff = 1 AND filterOff = 1 AND tmOff = 1,,,0.0,0.0,0.0,61
random_5,60,6,HeaderCompressionOff = 1 AND filterOff = 1 AND tmOff = 1,BlockSize < 512.0,0.0,0.1702127659574468,0.0975609756097561,0.6666666666666666,61
random_10,120,14,HeaderCompressionOff = 1 AND filterOff = 1 AND tmOff = 1,HeaderCompressionOff >= 1.0  AND  tmOff >= 1.0  AND  filterOff >= 1.0,3.0,1.0,1.0,1.0,61
random_20,240,31,HeaderCompressionOff = 1 AND filterOff = 1 AND tmOff = 1,filterOff >= 1.0  AND  tmOff >= 1.0  AND  HeaderCompressionOff >= 1.0,0.0,1.0,1.0,1.0,61
2-wise,173,22,HeaderCompressionOff = 1 AND filterOff = 1 AND tmOff = 1,mtOff >= 1.0,1.0,0.1886792452830188,0.119047619047619,0.4545454545454545,61
3-wise,1118,141,HeaderCompressionOff = 1 AND filterOff = 1 AND tmOff = 1,tmOff >= 1.0  AND  filterOff >= 1.0  AND  0.0 <= LZMA2 < 1.0  AND  HeaderCompressionOff >= 1.0,0.0,0.9027237354085604,1.0,0.8226950354609929,61
4-wise,4868,613,HeaderCompressionOff = 1 AND filterOff = 1 AND tmOff = 1,filterOff >= 1.0  AND  HeaderCompressionOff >= 1.0  AND  tmOff >= 1.0,0.0,1.0,1.0,1.0,61
full,68640,8580,filterOff = 1 AND mtOff = 1 AND tmOff = 1,mtOff >= 1.0  AND  filterOff >= 1.0  AND  tmOff >= 1.0  AND  0.0 <= LZMA2 < 1.0,1.0,0.888888888888889,1.0,0.8,62
random_2,24,0,filterOff = 1 AND mtOff = 1 AND tmOff = 1,,,0.0,0.0,0.0,62
random_5,60,0,filterOff = 1 AND mtOff = 1 AND tmOff = 1,,,0.0,0.0,0.0,62
random_10,120,10,filterOff = 1 AND mtOff = 1 AND tmOff = 1,0.0 <= LZMA2 < 1.0  AND  0.0 <= mtOff < 1.0  AND  8.0 <= BlockSize < 2048.0,0.0,0.0,0.0,0.0,62
random_20,240,25,filterOff = 1 AND mtOff = 1 AND tmOff = 1,0.0 <= tmOff < 1.0  AND  x < 4.0,0.0,0.0,0.0,0.0,62
2-wise,169,17,filterOff = 1 AND mtOff = 1 AND tmOff = 1,Files >= 50.0  AND  x < 2.0,0.0,0.0,0.0,0.0,62
3-wise,1123,140,filterOff = 1 AND mtOff = 1 AND tmOff = 1,mtOff >= 1.0  AND  filterOff >= 1.0  AND  tmOff >= 1.0,0.0,1.0,1.0,1.0,62
4-wise,4853,593,filterOff = 1 AND mtOff = 1 AND tmOff = 1,filterOff >= 1.0  AND  mtOff >= 1.0  AND  tmOff >= 1.0  AND  BlockSize < 2048.0,0.0,0.9119266055045872,1.0,0.8381112984822934,62
full,68640,8580,HeaderCompressionOff = 1 AND filterOff = 1 AND mtOff = 1,mtOff >= 1.0  AND  filterOff >= 1.0  AND  HeaderCompressionOff >= 1.0  AND  2.0 <= x < 7.0,1.0,0.6666666666666666,1.0,0.5,63
random_2,24,0,HeaderCompressionOff = 1 AND filterOff = 1 AND mtOff = 1,,,0.0,0.0,0.0,63
random_5,60,0,HeaderCompressionOff = 1 AND filterOff = 1 AND mtOff = 1,,,0.0,0.0,0.0,63
random_10,120,0,HeaderCompressionOff = 1 AND filterOff = 1 AND mtOff = 1,,,0.0,0.0,0.0,63
random_20,240,35,HeaderCompressionOff = 1 AND filterOff = 1 AND mtOff = 1,HeaderCompressionOff >= 1.0  AND  mtOff >= 1.0  AND  filterOff >= 1.0,1.0,1.0,1.0,1.0,63
2-wise,166,23,HeaderCompressionOff = 1 AND filterOff = 1 AND mtOff = 1,x >= 4.0  AND  55.0 <= Files < 70.0,0.0,0.2,0.4285714285714285,0.1304347826086956,63
3-wise,1121,138,HeaderCompressionOff = 1 AND filterOff = 1 AND mtOff = 1,filterOff >= 1.0  AND  mtOff >= 1.0  AND  HeaderCompressionOff >= 1.0,0.0,1.0,1.0,1.0,63
4-wise,4842,622,HeaderCompressionOff = 1 AND filterOff = 1 AND mtOff = 1,HeaderCompressionOff >= 1.0  AND  filterOff >= 1.0  AND  mtOff >= 1.0  AND  Files < 60.0,0.0,0.7055150884495317,1.0,0.545016077170418,63
full,68640,8580,HeaderCompressionOff = 1 AND filterOff = 1 AND tmOff = 1,filterOff >= 1.0  AND  tmOff >= 1.0  AND  HeaderCompressionOff >= 1.0  AND  2.0 <= x < 7.0,4.0,0.6666666666666666,1.0,0.5,64
random_2,24,0,HeaderCompressionOff = 1 AND filterOff = 1 AND tmOff = 1,,,0.0,0.0,0.0,64
random_5,60,0,HeaderCompressionOff = 1 AND filterOff = 1 AND tmOff = 1,,,0.0,0.0,0.0,64
random_10,120,18,HeaderCompressionOff = 1 AND filterOff = 1 AND tmOff = 1,mtOff >= 1.0  AND  0.0 <= HeaderCompressionOff < 0.5  AND  0.0 <= LZMA2 < 1.0  AND  64.0 <= BlockSize < 4096.0,0.0,0.0,0.0,0.0,64
random_20,240,30,HeaderCompressionOff = 1 AND filterOff = 1 AND tmOff = 1,filterOff >= 1.0  AND  HeaderCompressionOff >= 1.0  AND  tmOff >= 1.0,0.0,1.0,1.0,1.0,64
2-wise,167,22,HeaderCompressionOff = 1 AND filterOff = 1 AND tmOff = 1,10.0 <= Files < 90.0,2.0,0.2083333333333333,0.1229508196721311,0.6818181818181818,64
3-wise,1116,133,HeaderCompressionOff = 1 AND filterOff = 1 AND tmOff = 1,BlockSize < 32.0  AND  tmOff >= 1.0  AND  filterOff >= 1.0  AND  HeaderCompressionOff >= 1.0,0.0,0.5384615384615384,1.0,0.3684210526315789,64
4-wise,4903,627,HeaderCompressionOff = 1 AND filterOff = 1 AND tmOff = 1,0.0 <= PPMd < 1.0  AND  filterOff >= 1.0  AND  tmOff >= 1.0  AND  HeaderCompressionOff >= 1.0,0.0,0.9057591623036648,1.0,0.8277511961722488,64
full,68640,8580,filterOff = 1 AND mtOff = 1 AND tmOff = 1,tmOff >= 1.0  AND  mtOff >= 1.0  AND  filterOff >= 1.0  AND  16.0 <= BlockSize < 2048.0,1.0,0.7000000000000001,1.0,0.5384615384615384,65
random_2,24,0,filterOff = 1 AND mtOff = 1 AND tmOff = 1,,,0.0,0.0,0.0,65
random_5,60,0,filterOff = 1 AND mtOff = 1 AND tmOff = 1,,,0.0,0.0,0.0,65
random_10,120,20,filterOff = 1 AND mtOff = 1 AND tmOff = 1,tmOff >= 1.0  AND  filterOff >= 1.0  AND  mtOff >= 1.0,1.0,1.0,1.0,1.0,65
random_20,240,31,filterOff = 1 AND mtOff = 1 AND tmOff = 1,filterOff >= 1.0  AND  mtOff >= 1.0  AND  tmOff >= 1.0,0.0,1.0,1.0,1.0,65
2-wise,169,20,filterOff = 1 AND mtOff = 1 AND tmOff = 1,filterOff >= 1.0  AND  tmOff >= 1.0  AND  mtOff >= 1.0,0.0,1.0,1.0,1.0,65
3-wise,1104,150,filterOff = 1 AND mtOff = 1 AND tmOff = 1,filterOff >= 1.0  AND  mtOff >= 1.0  AND  tmOff >= 1.0,0.0,1.0,1.0,1.0,65
4-wise,4871,640,filterOff = 1 AND mtOff = 1 AND tmOff = 1,tmOff >= 1.0  AND  filterOff >= 1.0  AND  mtOff >= 1.0  AND  x >= 4.0,4.0,0.8014981273408239,1.0,0.66875,65
full,68640,8580,HeaderCompressionOff = 1 AND filterOff = 1 AND mtOff = 1,filterOff >= 1.0  AND  HeaderCompressionOff >= 1.0  AND  mtOff >= 1.0  AND  BlockSize >= 256.0,1.0,0.5555555555555556,1.0,0.3846153846153846,66
random_2,24,0,HeaderCompressionOff = 1 AND filterOff = 1 AND mtOff = 1,,,0.0,0.0,0.0,66
random_5,60,8,HeaderCompressionOff = 1 AND filterOff = 1 AND mtOff = 1,Files < 35.0,0.0,0.0,0.0,0.0,66
random_10,120,0,HeaderCompressionOff = 1 AND filterOff = 1 AND mtOff = 1,,,0.0,0.0,0.0,66
random_20,240,38,HeaderCompressionOff = 1 AND filterOff = 1 AND mtOff = 1,mtOff >= 1.0  AND  HeaderCompressionOff >= 1.0  AND  filterOff >= 1.0,0.0,1.0,1.0,1.0,66
2-wise,170,23,HeaderCompressionOff = 1 AND filterOff = 1 AND mtOff = 1,filterOff >= 1.0  AND  HeaderCompressionOff >= 1.0  AND  mtOff >= 1.0,0.0,1.0,1.0,1.0,66
3-wise,1110,130,HeaderCompressionOff = 1 AND filterOff = 1 AND mtOff = 1,HeaderCompressionOff >= 1.0  AND  mtOff >= 1.0  AND  filterOff >= 1.0,0.0,1.0,1.0,1.0,66
4-wise,4850,575,HeaderCompressionOff = 1 AND filterOff = 1 AND mtOff = 1,HeaderCompressionOff >= 1.0  AND  filterOff >= 1.0  AND  mtOff >= 1.0  AND  0.0 <= Deflate < 1.0,0.0,0.8845780795344326,1.0,0.7930434782608695,66
full,68640,8580,filterOff = 1 AND mtOff = 1 AND tmOff = 1,mtOff >= 1.0  AND  tmOff >= 1.0  AND  filterOff >= 1.0  AND  4.0 <= BlockSize < 4096.0,1.0,0.8695652173913044,1.0,0.7692307692307693,67
random_2,24,2,filterOff = 1 AND mtOff = 1 AND tmOff = 1,0.0 <= LZMA2 < 0.5  AND  0.0 <= HeaderCompressionOff < 0.5,0.0,0.0,0.0,0.0,67
random_5,60,0,filterOff = 1 AND mtOff = 1 AND tmOff = 1,,,0.0,0.0,0.0,67
random_10,120,17,filterOff = 1 AND mtOff = 1 AND tmOff = 1,tmOff >= 1.0  AND  mtOff >= 1.0  AND  filterOff >= 1.0,0.0,1.0,1.0,1.0,67
random_20,240,32,filterOff = 1 AND mtOff = 1 AND tmOff = 1,mtOff >= 1.0  AND  filterOff >= 1.0  AND  tmOff >= 1.0,0.0,1.0,1.0,1.0,67
2-wise,167,23,filterOff = 1 AND mtOff = 1 AND tmOff = 1,mtOff >= 1.0  AND  filterOff >= 1.0  AND  tmOff >= 1.0,0.0,1.0,1.0,1.0,67
3-wise,1131,131,filterOff = 1 AND mtOff = 1 AND tmOff = 1,mtOff >= 1.0  AND  tmOff >= 1.0  AND  filterOff >= 1.0,0.0,1.0,1.0,1.0,67
4-wise,4904,620,filterOff = 1 AND mtOff = 1 AND tmOff = 1,mtOff >= 1.0  AND  tmOff >= 1.0  AND  filterOff >= 1.0,0.0,1.0,1.0,1.0,67
full,68640,8580,HeaderCompressionOff = 1 AND filterOff = 1 AND mtOff = 1,HeaderCompressionOff >= 1.0  AND  mtOff >= 1.0  AND  10.0 <= Files < 50.0  AND  filterOff >= 1.0,4.0,0.5333333333333333,1.0,0.3636363636363636,68
random_2,24,0,HeaderCompressionOff = 1 AND filterOff = 1 AND mtOff = 1,,,0.0,0.0,0.0,68
random_5,60,8,HeaderCompressionOff = 1 AND filterOff = 1 AND mtOff = 1,Files >= 40.0  AND  0.0 <= mtOff < 1.0,0.0,0.0,0.0,0.0,68
random_10,120,0,HeaderCompressionOff = 1 AND filterOff = 1 AND mtOff = 1,,,0.0,0.0,0.0,68
random_20,240,31,HeaderCompressionOff = 1 AND filterOff = 1 AND mtOff = 1,0.0 <= filterOff < 1.0  AND  35.0 <= Files < 50.0,0.0,0.0,0.0,0.0,68
2-wise,163,21,HeaderCompressionOff = 1 AND filterOff = 1 AND mtOff = 1,0.0 <= mtOff < 1.0  AND  Deflate >= 1.0  AND  Files < 100.0,0.0,0.0,0.0,0.0,68
3-wise,1129,125,HeaderCompressionOff = 1 AND filterOff = 1 AND mtOff = 1,filterOff >= 1.0  AND  mtOff >= 1.0  AND  HeaderCompressionOff >= 1.0,0.0,1.0,1.0,1.0,68
4-wise,4855,583,HeaderCompressionOff = 1 AND filterOff = 1 AND mtOff = 1,HeaderCompressionOff >= 1.0  AND  filterOff >= 1.0  AND  Files >= 60.0  AND  mtOff >= 1.0,0.0,0.641025641025641,1.0,0.4716981132075472,68
full,68640,8580,HeaderCompressionOff = 1 AND filterOff = 1 AND tmOff = 1,tmOff >= 1.0  AND  filterOff >= 1.0  AND  HeaderCompressionOff >= 1.0  AND  6.0 <= x < 10.0,0.0,0.5,1.0,0.3333333333333333,69
random_2,24,0,HeaderCompressionOff = 1 AND filterOff = 1 AND tmOff = 1,,,0.0,0.0,0.0,69
random_5,60,7,HeaderCompressionOff = 1 AND filterOff = 1 AND tmOff = 1,0.0 <= tmOff < 1.0  AND  BlockSize < 16.0,0.0,0.0,0.0,0.0,69
random_10,120,9,HeaderCompressionOff = 1 AND filterOff = 1 AND tmOff = 1,filterOff >= 1.0  AND  HeaderCompressionOff >= 1.0  AND  tmOff >= 1.0,0.0,1.0,1.0,1.0,69
random_20,240,25,HeaderCompressionOff = 1 AND filterOff = 1 AND tmOff = 1,filterOff >= 1.0  AND  HeaderCompressionOff >= 1.0  AND  tmOff >= 1.0,0.0,1.0,1.0,1.0,69
2-wise,166,20,HeaderCompressionOff = 1 AND filterOff = 1 AND tmOff = 1,tmOff >= 1.0  AND  filterOff >= 1.0  AND  HeaderCompressionOff >= 1.0,0.0,1.0,1.0,1.0,69
3-wise,1118,150,HeaderCompressionOff = 1 AND filterOff = 1 AND tmOff = 1,HeaderCompressionOff >= 1.0  AND  filterOff >= 1.0  AND  tmOff >= 1.0,4.0,1.0,1.0,1.0,69
4-wise,4886,622,HeaderCompressionOff = 1 AND filterOff = 1 AND tmOff = 1,HeaderCompressionOff >= 1.0  AND  tmOff >= 1.0  AND  filterOff >= 1.0,0.0,1.0,1.0,1.0,69
full,68640,8580,filterOff = 1 AND mtOff = 1 AND tmOff = 1,mtOff >= 1.0  AND  tmOff >= 1.0  AND  filterOff >= 1.0  AND  4.0 <= BlockSize < 1024.0,1.0,0.761904761904762,1.0,0.6153846153846154,6
random_2,24,0,filterOff = 1 AND mtOff = 1 AND tmOff = 1,,,0.0,0.0,0.0,6
random_5,60,0,filterOff = 1 AND mtOff = 1 AND tmOff = 1,,,0.0,0.0,0.0,6
random_10,120,10,filterOff = 1 AND mtOff = 1 AND tmOff = 1,Files < 30.0  AND  0.0 <= filterOff < 0.5,0.0,0.0,0.0,0.0,6
random_20,240,31,filterOff = 1 AND mtOff = 1 AND tmOff = 1,filterOff >= 1.0  AND  mtOff >= 1.0  AND  tmOff >= 1.0,0.0,1.0,1.0,1.0,6
2-wise,165,16,filterOff = 1 AND mtOff = 1 AND tmOff = 1,BlockSize < 4096.0  AND  x >= 4.0,1.0,0.188034188034188,0.1089108910891089,0.6875,6
3-wise,1116,150,filterOff = 1 AND mtOff = 1 AND tmOff = 1,0.0 <= BZip2 < 1.0  AND  filterOff >= 1.0  AND  mtOff >= 1.0  AND  tmOff >= 1.0,0.0,0.924731182795699,1.0,0.86,6
4-wise,4883,592,filterOff = 1 AND mtOff = 1 AND tmOff = 1,filterOff >= 1.0  AND  tmOff >= 1.0  AND  mtOff >= 1.0  AND  0.0 <= Deflate < 1.0,0.0,0.8851224105461395,1.0,0.793918918918919,6
full,68640,8580,HeaderCompressionOff = 1 AND mtOff = 1 AND tmOff = 1,mtOff >= 1.0  AND  HeaderCompressionOff >= 1.0  AND  tmOff >= 1.0  AND  3.0 <= x < 7.0,1.0,0.5,1.0,0.3333333333333333,70
random_2,24,0,HeaderCompressionOff = 1 AND mtOff = 1 AND tmOff = 1,,,0.0,0.0,0.0,70
random_5,60,0,HeaderCompressionOff = 1 AND mtOff = 1 AND tmOff = 1,,,0.0,0.0,0.0,70
random_10,120,13,HeaderCompressionOff = 1 AND mtOff = 1 AND tmOff = 1,0.0 <= HeaderCompressionOff < 1.0  AND  10.0 <= Files < 50.0  AND  tmOff >= 1.0,0.0,0.0,0.0,0.0,70
random_20,240,27,HeaderCompressionOff = 1 AND mtOff = 1 AND tmOff = 1,HeaderCompressionOff >= 1.0  AND  mtOff >= 1.0  AND  tmOff >= 1.0  AND  0.0 <= LZMA2 < 1.0,0.0,0.9615384615384616,1.0,0.925925925925926,70
2-wise,170,20,HeaderCompressionOff = 1 AND mtOff = 1 AND tmOff = 1,tmOff >= 1.0  AND  HeaderCompressionOff >= 1.0  AND  0.0 <= LZMA2 < 1.0  AND  mtOff >= 0.5,0.0,0.9743589743589745,1.0,0.95,70
3-wise,1110,122,HeaderCompressionOff = 1 AND mtOff = 1 AND tmOff = 1,tmOff >= 1.0  AND  HeaderCompressionOff >= 1.0  AND  mtOff >= 1.0,0.0,1.0,1.0,1.0,70
4-wise,4890,603,HeaderCompressionOff = 1 AND mtOff = 1 AND tmOff = 1,HeaderCompressionOff >= 1.0  AND  tmOff >= 1.0  AND  mtOff >= 1.0  AND  Files >= 20.0,0.0,0.8935779816513761,1.0,0.8076285240464345,70
full,68640,8580,filterOff = 1 AND mtOff = 1 AND tmOff = 1,filterOff >= 1.0  AND  mtOff >= 1.0  AND  Files < 60.0  AND  tmOff >= 1.0,4.0,0.7058823529411764,1.0,0.5454545454545454,71
random_2,24,0,filterOff = 1 AND mtOff = 1 AND tmOff = 1,,,0.0,0.0,0.0,71
random_5,60,0,filterOff = 1 AND mtOff = 1 AND tmOff = 1,,,0.0,0.0,0.0,71
random_10,120,19,filterOff = 1 AND mtOff = 1 AND tmOff = 1,HeaderCompressionOff >= 1.0  AND  0.0 <= filterOff < 1.0  AND  0.0 <= tmOff < 1.0,0.0,0.0,0.0,0.0,71
random_20,240,0,filterOff = 1 AND mtOff = 1 AND tmOff = 1,,,0.0,0.0,0.0,71
2-wise,164,32,filterOff = 1 AND mtOff = 1 AND tmOff = 1,tmOff >= 0.5  AND  mtOff >= 1.0  AND  filterOff >= 0.5,0.0,1.0,1.0,1.0,71
3-wise,1120,120,filterOff = 1 AND mtOff = 1 AND tmOff = 1,filterOff >= 1.0  AND  mtOff >= 1.0  AND  tmOff >= 1.0,0.0,1.0,1.0,1.0,71
4-wise,4868,611,filterOff = 1 AND mtOff = 1 AND tmOff = 1,mtOff >= 1.0  AND  filterOff >= 1.0  AND  tmOff >= 1.0  AND  x >= 4.0,0.0,0.7984267453294002,1.0,0.6644844517184942,71
full,68640,8580,HeaderCompressionOff = 1 AND mtOff = 1 AND tmOff = 1,tmOff >= 1.0  AND  HeaderCompressionOff >= 1.0  AND  mtOff >= 1.0  AND  x >= 6.0,0.0,0.6666666666666666,1.0,0.5,72
random_2,24,0,HeaderCompressionOff = 1 AND mtOff = 1 AND tmOff = 1,,,0.0,0.0,0.0,72
random_5,60,7,HeaderCompressionOff = 1 AND mtOff = 1 AND tmOff = 1,0.0 <= filterOff < 1.0  AND  0.0 <= tmOff < 1.0  AND  0.0 <= HeaderCompressionOff < 1.0,0.0,0.0,0.0,0.0,72
random_10,120,13,HeaderCompressionOff = 1 AND mtOff = 1 AND tmOff = 1,tmOff >= 1.0  AND  mtOff >= 1.0,2.0,0.7027027027027027,0.5416666666666666,1.0,72
random_20,240,25,HeaderCompressionOff = 1 AND mtOff = 1 AND tmOff = 1,tmOff >= 1.0  AND  mtOff >= 1.0  AND  HeaderCompressionOff >= 1.0,0.0,1.0,1.0,1.0,72
2-wise,176,21,HeaderCompressionOff = 1 AND mtOff = 1 AND tmOff = 1,0.0 <= mtOff < 1.0  AND  70.0 <= Files < 85.0,0.0,0.0,0.0,0.0,72
3-wise,1127,128,HeaderCompressionOff = 1 AND mtOff = 1 AND tmOff = 1,mtOff >= 1.0  AND  HeaderCompressionOff >= 1.0  AND  x < 10.0  AND  tmOff >= 1.0,0.0,0.9377593360995852,1.0,0.8828125,72
4-wise,4870,602,HeaderCompressionOff = 1 AND mtOff = 1 AND tmOff = 1,mtOff >= 1.0  AND  tmOff >= 1.0  AND  BlockSize >= 8.0  AND  HeaderCompressionOff >= 1.0,0.0,0.8789571694599628,1.0,0.7840531561461794,72
full,68640,8580,HeaderCompressionOff = 1 AND filterOff = 1 AND tmOff = 1,HeaderCompressionOff >= 1.0  AND  tmOff >= 1.0  AND  filterOff >= 1.0  AND  mtOff >= 1.0,0.0,0.6666666666666666,1.0,0.5,73
random_2,24,0,HeaderCompressionOff = 1 AND filterOff = 1 AND tmOff = 1,,,0.0,0.0,0.0,73
random_5,60,12,HeaderCompressionOff = 1 AND filterOff = 1 AND tmOff = 1,tmOff >= 1.0  AND  filterOff >= 1.0  AND  HeaderCompressionOff >= 1.0  AND  x < 10.0,1.0,0.9565217391304348,1.0,0.9166666666666666,73
random_10,120,0,HeaderCompressionOff = 1 AND filterOff = 1 AND tmOff = 1,,,0.0,0.0,0.0,73
random_20,240,44,HeaderCompressionOff = 1 AND filterOff = 1 AND tmOff = 1,HeaderCompressionOff >= 1.0  AND  tmOff >= 1.0  AND  filterOff >= 1.0,0.0,1.0,1.0,1.0,73
2-wise,169,0,HeaderCompressionOff = 1 AND filterOff = 1 AND tmOff = 1,,,0.0,0.0,0.0,73
3-wise,1112,137,HeaderCompressionOff = 1 AND filterOff = 1 AND tmOff = 1,tmOff >= 1.0  AND  filterOff >= 1.0  AND  HeaderCompressionOff >= 1.0,0.0,1.0,1.0,1.0,73
4-wise,4832,576,HeaderCompressionOff = 1 AND filterOff = 1 AND tmOff = 1,tmOff >= 1.0  AND  HeaderCompressionOff >= 1.0  AND  filterOff >= 1.0  AND  Files >= 10.0,1.0,0.940202391904324,1.0,0.8871527777777778,73
full,68640,8580,filterOff = 1 AND mtOff = 1 AND tmOff = 1,mtOff >= 1.0  AND  filterOff >= 1.0  AND  tmOff >= 1.0  AND  0.0 <= LZMA < 1.0,4.0,0.888888888888889,1.0,0.8,74
random_2,24,0,filterOff = 1 AND mtOff = 1 AND tmOff = 1,,,0.0,0.0,0.0,74
random_5,60,0,filterOff = 1 AND mtOff = 1 AND tmOff = 1,,,0.0,0.0,0.0,74
random_10,120,12,filterOff = 1 AND mtOff = 1 AND tmOff = 1,filterOff >= 1.0  AND  tmOff >= 1.0,4.0,0.5333333333333333,0.3636363636363636,1.0,74
random_20,240,27,filterOff = 1 AND mtOff = 1 AND tmOff = 1,0.0 <= mtOff < 1.0  AND  LZMA2 >= 1.0,0.0,0.0,0.0,0.0,74
2-wise,172,19,filterOff = 1 AND mtOff = 1 AND tmOff = 1,tmOff >= 1.0  AND  mtOff >= 1.0  AND  filterOff >= 1.0,1.0,1.0,1.0,1.0,74
3-wise,1134,144,filterOff = 1 AND mtOff = 1 AND tmOff = 1,mtOff >= 1.0  AND  filterOff >= 1.0  AND  tmOff >= 1.0,0.0,1.0,1.0,1.0,74
4-wise,4871,603,filterOff = 1 AND mtOff = 1 AND tmOff = 1,filterOff >= 1.0  AND  mtOff >= 1.0  AND  0.0 <= Deflate < 1.0  AND  tmOff >= 1.0,3.0,0.9016393442622952,1.0,0.8208955223880597,74
full,68640,8580,filterOff = 1 AND mtOff = 1 AND tmOff = 1,tmOff >= 1.0  AND  mtOff >= 1.0  AND  0.0 <= HeaderCompressionOff < 1.0  AND  filterOff >= 1.0,1.0,0.6666666666666666,1.0,0.5,75
random_2,24,0,filterOff = 1 AND mtOff = 1 AND tmOff = 1,,,0.0,0.0,0.0,75
random_5,60,0,filterOff = 1 AND mtOff = 1 AND tmOff = 1,,,0.0,0.0,0.0,75
random_10,120,20,filterOff = 1 AND mtOff = 1 AND tmOff = 1,tmOff >= 1.0  AND  mtOff >= 1.0  AND  filterOff >= 1.0,1.0,1.0,1.0,1.0,75
random_20,240,26,filterOff = 1 AND mtOff = 1 AND tmOff = 1,mtOff >= 1.0  AND  filterOff >= 1.0  AND  tmOff >= 1.0,0.0,1.0,1.0,1.0,75
2-wise,161,21,filterOff = 1 AND mtOff = 1 AND tmOff = 1,0.0 <= filterOff < 1.0  AND  x < 2.0,0.0,0.0,0.0,0.0,75
3-wise,1140,126,filterOff = 1 AND mtOff = 1 AND tmOff = 1,filterOff >= 1.0  AND  tmOff >= 1.0  AND  0.0 <= LZMA2 < 1.0  AND  mtOff >= 1.0,0.0,0.9137931034482758,1.0,0.8412698412698413,75
4-wise,4852,602,filterOff = 1 AND mtOff = 1 AND tmOff = 1,tmOff >= 1.0  AND  mtOff >= 1.0  AND  0.0 <= BZip2 < 1.0  AND  filterOff >= 1.0,3.0,0.8913443830570902,1.0,0.8039867109634552,75
full,68640,8580,HeaderCompressionOff = 1 AND mtOff = 1 AND tmOff = 1,mtOff >= 1.0  AND  HeaderCompressionOff >= 1.0  AND  tmOff >= 1.0  AND  4.0 <= BlockSize < 4096.0,1.0,0.8695652173913044,1.0,0.7692307692307693,76
random_2,24,0,HeaderCompressionOff = 1 AND mtOff = 1 AND tmOff = 1,,,0.0,0.0,0.0,76
random_5,60,5,HeaderCompressionOff = 1 AND mtOff = 1 AND tmOff = 1,filterOff >= 1.0  AND  0.0 <= LZMA < 1.0  AND  Files >= 60.0,0.0,0.0,0.0,0.0,76
random_10,120,0,HeaderCompressionOff = 1 AND mtOff = 1 AND tmOff = 1,,,0.0,0.0,0.0,76
random_20,240,29,HeaderCompressionOff = 1 AND mtOff = 1 AND tmOff = 1,HeaderCompressionOff >= 1.0  AND  tmOff >= 1.0  AND  mtOff >= 0.5,0.0,1.0,1.0,1.0,76
2-wise,170,22,HeaderCompressionOff = 1 AND mtOff = 1 AND tmOff = 1,HeaderCompressionOff >= 1.0  AND  mtOff >= 1.0  AND  tmOff >= 1.0,0.0,1.0,1.0,1.0,76
3-wise,1111,131,HeaderCompressionOff = 1 AND mtOff = 1 AND tmOff = 1,tmOff >= 1.0  AND  HeaderCompressionOff >= 1.0  AND  mtOff >= 1.0,0.0,1.0,1.0,1.0,76
4-wise,4862,629,HeaderCompressionOff = 1 AND mtOff = 1 AND tmOff = 1,tmOff >= 1.0  AND  HeaderCompressionOff >= 1.0  AND  mtOff >= 1.0  AND  0.0 <= PPMd < 1.0,0.0,0.8945518453427065,1.0,0.809220985691574,76
full,68640,8580,HeaderCompressionOff = 1 AND filterOff = 1 AND mtOff = 1,HeaderCompressionOff >= 1.0  AND  mtOff >= 1.0  AND  filterOff >= 1.0  AND  x >= 7.0,1.0,0.5,1.0,0.3333333333333333,77
random_2,24,0,HeaderCompressionOff = 1 AND filterOff = 1 AND mtOff = 1,,,0.0,0.0,0.0,77
random_5,60,0,HeaderCompressionOff = 1 AND filterOff = 1 AND mtOff = 1,,,0.0,0.0,0.0,77
random_10,120,15,HeaderCompressionOff = 1 AND filterOff = 1 AND mtOff = 1,mtOff >= 1.0  AND  HeaderCompressionOff >= 1.0  AND  filterOff >= 1.0  AND  BlockSize < 1024.0,2.0,0.9655172413793104,1.0,0.9333333333333332,77
random_20,240,27,HeaderCompressionOff = 1 AND filterOff = 1 AND mtOff = 1,filterOff >= 1.0  AND  mtOff >= 1.0  AND  HeaderCompressionOff >= 1.0,0.0,1.0,1.0,1.0,77
2-wise,170,20,HeaderCompressionOff = 1 AND filterOff = 1 AND mtOff = 1,mtOff >= 1.0  AND  filterOff >= 1.0  AND  HeaderCompressionOff >= 0.5,0.0,1.0,1.0,1.0,77
3-wise,1124,145,HeaderCompressionOff = 1 AND filterOff = 1 AND mtOff = 1,HeaderCompressionOff >= 1.0  AND  filterOff >= 1.0  AND  mtOff >= 1.0,0.0,1.0,1.0,1.0,77
4-wise,4886,597,HeaderCompressionOff = 1 AND filterOff = 1 AND mtOff = 1,filterOff >= 1.0  AND  HeaderCompressionOff >= 1.0  AND  mtOff >= 1.0  AND  0.0 <= BZip2 < 1.0,0.0,0.8820224719101123,1.0,0.7889447236180904,77
full,68640,8580,HeaderCompressionOff = 1 AND filterOff = 1 AND mtOff = 1,HeaderCompressionOff >= 1.0  AND  filterOff >= 1.0  AND  0.0 <= LZMA < 1.0  AND  mtOff >= 1.0,1.0,0.888888888888889,1.0,0.8,78
random_2,24,0,HeaderCompressionOff = 1 AND filterOff = 1 AND mtOff = 1,,,0.0,0.0,0.0,78
random_5,60,0,HeaderCompressionOff = 1 AND filterOff = 1 AND mtOff = 1,,,0.0,0.0,0.0,78
random_10,120,0,HeaderCompressionOff = 1 AND filterOff = 1 AND mtOff = 1,,,0.0,0.0,0.0,78
random_20,240,27,HeaderCompressionOff = 1 AND filterOff = 1 AND mtOff = 1,x >= 8.0  AND  64.0 <= BlockSize < 512.0  AND  Files >= 10.0  AND  0.0 <= HeaderCompressionOff < 1.0,0.0,0.0,0.0,0.0,78
2-wise,171,21,HeaderCompressionOff = 1 AND filterOff = 1 AND mtOff = 1,filterOff >= 1.0  AND  mtOff >= 1.0  AND  HeaderCompressionOff >= 1.0,0.0,1.0,1.0,1.0,78
3-wise,1112,148,HeaderCompressionOff = 1 AND filterOff = 1 AND mtOff = 1,HeaderCompressionOff >= 1.0  AND  mtOff >= 1.0  AND  filterOff >= 1.0,0.0,1.0,1.0,1.0,78
4-wise,4898,611,HeaderCompressionOff = 1 AND filterOff = 1 AND mtOff = 1,filterOff >= 1.0  AND  HeaderCompressionOff >= 1.0  AND  mtOff >= 1.0  AND  0.0 <= PPMd < 1.0,0.0,0.8951175406871609,1.0,0.8101472995090017,78
full,68640,8580,HeaderCompressionOff = 1 AND mtOff = 1 AND tmOff = 1,mtOff >= 1.0  AND  HeaderCompressionOff >= 1.0  AND  tmOff >= 1.0  AND  0.0 <= filterOff < 1.0,1.0,0.6666666666666666,1.0,0.5,79
random_2,24,0,HeaderCompressionOff = 1 AND mtOff = 1 AND tmOff = 1,,,0.0,0.0,0.0,79
random_5,60,3,HeaderCompressionOff = 1 AND mtOff = 1 AND tmOff = 1,0.0 <= mtOff < 1.0  AND  0.0 <= filterOff < 1.0  AND  0.0 <= PPMd < 1.0,0.0,0.0,0.0,0.0,79
random_10,120,9,HeaderCompressionOff = 1 AND mtOff = 1 AND tmOff = 1,0.0 <= tmOff < 1.0  AND  70.0 <= Files < 90.0  AND  0.0 <= Deflate < 1.0,0.0,0.0,0.0,0.0,79
random_20,240,31,HeaderCompressionOff = 1 AND mtOff = 1 AND tmOff = 1,HeaderCompressionOff >= 1.0  AND  tmOff >= 1.0  AND  mtOff >= 1.0,0.0,1.0,1.0,1.0,79
2-wise,172,17,HeaderCompressionOff = 1 AND mtOff = 1 AND tmOff = 1,HeaderCompressionOff >= 1.0  AND  mtOff >= 1.0  AND  tmOff >= 0.5,0.0,1.0,1.0,1.0,79
3-wise,1130,134,HeaderCompressionOff = 1 AND mtOff = 1 AND tmOff = 1,HeaderCompressionOff >= 1.0  AND  mtOff >= 1.0  AND  tmOff >= 1.0,0.0,1.0,1.0,1.0,79
4-wise,4865,589,HeaderCompressionOff = 1 AND mtOff = 1 AND tmOff = 1,HeaderCompressionOff >= 1.0  AND  tmOff >= 1.0  AND  mtOff >= 1.0  AND  x < 8.0,0.0,0.8076923076923077,1.0,0.6774193548387096,79
full,68640,8580,HeaderCompressionOff = 1 AND filterOff = 1 AND tmOff = 1,HeaderCompressionOff >= 1.0  AND  filterOff >= 1.0  AND  60.0 <= Files < 100.0  AND  tmOff >= 1.0,0.0,0.5333333333333333,1.0,0.3636363636363636,7
random_2,24,0,HeaderCompressionOff = 1 AND filterOff = 1 AND tmOff = 1,,,0.0,0.0,0.0,7
random_5,60,0,HeaderCompressionOff = 1 AND filterOff = 1 AND tmOff = 1,,,0.0,0.0,0.0,7
random_10,120,17,HeaderCompressionOff = 1 AND filterOff = 1 AND tmOff = 1,HeaderCompressionOff >= 1.0  AND  tmOff >= 1.0  AND  filterOff >= 1.0,0.0,1.0,1.0,1.0,7
random_20,240,29,HeaderCompressionOff = 1 AND filterOff = 1 AND tmOff = 1,HeaderCompressionOff >= 1.0  AND  tmOff >= 0.5  AND  filterOff >= 1.0,0.0,1.0,1.0,1.0,7
2-wise,167,18,HeaderCompressionOff = 1 AND filterOff = 1 AND tmOff = 1,filterOff >= 1.0  AND  tmOff >= 1.0  AND  HeaderCompressionOff >= 1.0,1.0,1.0,1.0,1.0,7
3-wise,1124,141,HeaderCompressionOff = 1 AND filterOff = 1 AND tmOff = 1,HeaderCompressionOff >= 1.0  AND  tmOff >= 1.0  AND  filterOff >= 1.0,0.0,1.0,1.0,1.0,7
4-wise,4878,625,HeaderCompressionOff = 1 AND filterOff = 1 AND tmOff = 1,filterOff >= 1.0  AND  HeaderCompressionOff >= 1.0  AND  tmOff >= 1.0  AND  0.0 <= LZMA2 < 1.0,0.0,0.8947833775419982,1.0,0.8096,7
full,68640,8580,HeaderCompressionOff = 1 AND mtOff = 1 AND tmOff = 1,mtOff >= 1.0  AND  tmOff >= 1.0  AND  HeaderCompressionOff >= 1.0  AND  x >= 7.0,1.0,0.5,1.0,0.3333333333333333,80
random_2,24,0,HeaderCompressionOff = 1 AND mtOff = 1 AND tmOff = 1,,,0.0,0.0,0.0,80
random_5,60,0,HeaderCompressionOff = 1 AND mtOff = 1 AND tmOff = 1,,,0.0,0.0,0.0,80
random_10,120,0,HeaderCompressionOff = 1 AND mtOff = 1 AND tmOff = 1,,,0.0,0.0,0.0,80
random_20,240,0,HeaderCompressionOff = 1 AND mtOff = 1 AND tmOff = 1,,,0.0,0.0,0.0,80
2-wise,166,21,HeaderCompressionOff = 1 AND mtOff = 1 AND tmOff = 1,0.0 <= mtOff < 1.0  AND  0.0 <= LZMA2 < 0.5  AND  0.0 <= HeaderCompressionOff < 1.0  AND  0.0 <= LZMA < 1.0,0.0,0.0,0.0,0.0,80
3-wise,1116,138,HeaderCompressionOff = 1 AND mtOff = 1 AND tmOff = 1,HeaderCompressionOff >= 1.0  AND  mtOff >= 1.0  AND  tmOff >= 1.0,0.0,1.0,1.0,1.0,80
4-wise,4868,594,HeaderCompressionOff = 1 AND mtOff = 1 AND tmOff = 1,mtOff >= 1.0  AND  tmOff >= 1.0  AND  HeaderCompressionOff >= 1.0  AND  0.0 <= Deflate < 1.0,0.0,0.8928238583410998,1.0,0.8063973063973064,80
full,68640,8580,HeaderCompressionOff = 1 AND filterOff = 1 AND mtOff = 1,filterOff >= 1.0  AND  mtOff >= 1.0  AND  HeaderCompressionOff >= 1.0  AND  0.0 <= Deflate < 1.0,1.0,0.888888888888889,1.0,0.8,81
random_2,24,0,HeaderCompressionOff = 1 AND filterOff = 1 AND mtOff = 1,,,0.0,0.0,0.0,81
random_5,60,9,HeaderCompressionOff = 1 AND filterOff = 1 AND mtOff = 1,HeaderCompressionOff >= 0.5  AND  mtOff >= 1.0  AND  filterOff >= 0.5,0.0,1.0,1.0,1.0,81
random_10,120,18,HeaderCompressionOff = 1 AND filterOff = 1 AND mtOff = 1,0.0 <= HeaderCompressionOff < 0.5  AND  PPMd >= 1.0,0.0,0.0,0.0,0.0,81
random_20,240,31,HeaderCompressionOff = 1 AND filterOff = 1 AND mtOff = 1,mtOff >= 1.0  AND  HeaderCompressionOff >= 1.0  AND  filterOff >= 1.0,2.0,1.0,1.0,1.0,81
2-wise,162,17,HeaderCompressionOff = 1 AND filterOff = 1 AND mtOff = 1,mtOff >= 1.0  AND  HeaderCompressionOff >= 1.0  AND  filterOff >= 1.0,0.0,1.0,1.0,1.0,81
3-wise,1126,129,HeaderCompressionOff = 1 AND filterOff = 1 AND mtOff = 1,HeaderCompressionOff >= 1.0  AND  mtOff >= 1.0  AND  filterOff >= 1.0,0.0,1.0,1.0,1.0,81
4-wise,4903,602,HeaderCompressionOff = 1 AND filterOff = 1 AND mtOff = 1,HeaderCompressionOff >= 1.0  AND  mtOff >= 1.0  AND  2.0 <= x < 10.0  AND  filterOff >= 1.0,0.0,0.8114511352418559,1.0,0.6827242524916943,81
full,68640,8580,HeaderCompressionOff = 1 AND filterOff = 1 AND tmOff = 1,HeaderCompressionOff >= 1.0  AND  filterOff >= 1.0  AND  tmOff >= 1.0  AND  0.0 <= LZMA2 < 1.0,1.0,0.888888888888889,1.0,0.8,82
random_2,24,2,HeaderCompressionOff = 1 AND filterOff = 1 AND tmOff = 1,70.0 <= Files < 75.0,0.0,0.0,0.0,0.0,82
random_5,60,0,HeaderCompressionOff = 1 AND filterOff = 1 AND tmOff = 1,,,0.0,0.0,0.0,82
random_10,120,19,HeaderCompressionOff = 1 AND filterOff = 1 AND tmOff = 1,HeaderCompressionOff >= 0.5  AND  filterOff >= 1.0  AND  tmOff >= 1.0,0.0,1.0,1.0,1.0,82
random_20,240,37,HeaderCompressionOff = 1 AND filterOff = 1 AND tmOff = 1,HeaderCompressionOff >= 1.0  AND  filterOff >= 1.0  AND  tmOff >= 1.0,1.0,1.0,1.0,1.0,82
2-wise,167,23,HeaderCompressionOff = 1 AND filterOff = 1 AND tmOff = 1,tmOff >= 0.5  AND  filterOff >= 1.0  AND  HeaderCompressionOff >= 1.0,0.0,1.0,1.0,1.0,82
3-wise,1122,125,HeaderCompressionOff = 1 AND filterOff = 1 AND tmOff = 1,HeaderCompressionOff >= 1.0  AND  filterOff >= 1.0  AND  tmOff >= 1.0,0.0,1.0,1.0,1.0,82
4-wise,4865,617,HeaderCompressionOff = 1 AND filterOff = 1 AND tmOff = 1,HeaderCompressionOff >= 1.0  AND  tmOff >= 1.0  AND  filterOff >= 1.0  AND  0.0 <= LZMA2 < 1.0,0.0,0.8761384335154827,1.0,0.779578606158833,82
full,68640,8580,HeaderCompressionOff = 1 AND filterOff = 1 AND tmOff = 1,filterOff >= 1.0  AND  tmOff >= 1.0  AND  HeaderCompressionOff >= 1.0  AND  4.0 <= BlockSize < 64.0,1.0,0.4705882352941176,1.0,0.3076923076923077,83
random_2,24,4,HeaderCompressionOff = 1 AND filterOff = 1 AND tmOff = 1,0.0 <= HeaderCompressionOff < 0.5,0.0,0.0,0.0,0.0,83
random_5,60,9,HeaderCompressionOff = 1 AND filterOff = 1 AND tmOff = 1,HeaderCompressionOff >= 1.0  AND  tmOff >= 0.5,1.0,0.72,0.5625,1.0,83
random_10,120,10,HeaderCompressionOff = 1 AND filterOff = 1 AND tmOff = 1,HeaderCompressionOff >= 1.0  AND  filterOff >= 1.0  AND  tmOff >= 1.0,1.0,1.0,1.0,1.0,83
random_20,240,21,HeaderCompressionOff = 1 AND filterOff = 1 AND tmOff = 1,HeaderCompressionOff >= 1.0  AND  filterOff >= 1.0  AND  tmOff >= 1.0,0.0,1.0,1.0,1.0,83
2-wise,171,19,HeaderCompressionOff = 1 AND filterOff = 1 AND tmOff = 1,tmOff >= 1.0  AND  HeaderCompressionOff >= 1.0  AND  filterOff >= 1.0,0.0,1.0,1.0,1.0,83
3-wise,1112,122,HeaderCompressionOff = 1 AND filterOff = 1 AND tmOff = 1,filterOff >= 1.0  AND  HeaderCompressionOff >= 1.0  AND  tmOff >= 1.0  AND  0.0 <= LZMA < 1.0,0.0,0.9203539823008848,1.0,0.8524590163934426,83
4-wise,4878,612,HeaderCompressionOff = 1 AND filterOff = 1 AND tmOff = 1,HeaderCompressionOff >= 1.0  AND  tmOff >= 1.0  AND  filterOff >= 1.0  AND  BlockSize < 512.0,0.0,0.8298279158699808,1.0,0.7091503267973857,83
full,68640,8580,HeaderCompressionOff = 1 AND mtOff = 1 AND tmOff = 1,tmOff >= 1.0  AND  mtOff >= 1.0  AND  HeaderCompressionOff >= 1.0  AND  20.0 <= Files < 100.0,1.0,0.8421052631578948,1.0,0.7272727272727273,84
random_5,60,0,HeaderCompressionOff = 1 AND mtOff = 1 AND tmOff = 1,,,0.0,0.0,0.0,84
random_10,120,17,HeaderCompressionOff = 1 AND mtOff = 1 AND tmOff = 1,x < 2.0  AND  0.0 <= mtOff < 1.0,0.0,0.0,0.0,0.0,84
random_20,240,33,HeaderCompressionOff = 1 AND mtOff = 1 AND tmOff = 1,tmOff >= 1.0  AND  HeaderCompressionOff >= 1.0  AND  mtOff >= 1.0  AND  0.0 <= PPMd < 1.0,0.0,0.9,1.0,0.8181818181818182,84
2-wise,173,25,HeaderCompressionOff = 1 AND mtOff = 1 AND tmOff = 1,tmOff >= 1.0  AND  mtOff >= 0.5  AND  HeaderCompressionOff >= 1.0,1.0,1.0,1.0,1.0,84
3-wise,1125,160,HeaderCompressionOff = 1 AND mtOff = 1 AND tmOff = 1,tmOff >= 1.0  AND  mtOff >= 1.0  AND  HeaderCompressionOff >= 1.0,0.0,1.0,1.0,1.0,84
4-wise,4879,603,HeaderCompressionOff = 1 AND mtOff = 1 AND tmOff = 1,mtOff >= 1.0  AND  tmOff >= 1.0  AND  HeaderCompressionOff >= 1.0  AND  BlockSize >= 16.0,0.0,0.8059405940594059,1.0,0.6749585406301825,84
full,68640,8580,filterOff = 1 AND mtOff = 1 AND tmOff = 1,tmOff >= 1.0  AND  filterOff >= 1.0  AND  mtOff >= 1.0  AND  BlockSize >= 128.0,0.0,0.631578947368421,1.0,0.4615384615384615,85
random_2,24,0,filterOff = 1 AND mtOff = 1 AND tmOff = 1,,,0.0,0.0,0.0,85
random_5,60,0,filterOff = 1 AND mtOff = 1 AND tmOff = 1,,,0.0,0.0,0.0,85
random_10,120,17,filterOff = 1 AND mtOff = 1 AND tmOff = 1,BlockSize < 8.0  AND  0.0 <= PPMd < 1.0,0.0,0.1818181818181818,0.1481481481481481,0.2352941176470588,85
random_20,240,38,filterOff = 1 AND mtOff = 1 AND tmOff = 1,mtOff >= 1.0  AND  tmOff >= 0.5  AND  filterOff >= 0.5,0.0,1.0,1.0,1.0,85
2-wise,165,22,filterOff = 1 AND mtOff = 1 AND tmOff = 1,mtOff >= 1.0  AND  tmOff >= 1.0  AND  filterOff >= 1.0,0.0,1.0,1.0,1.0,85
3-wise,1122,160,filterOff = 1 AND mtOff = 1 AND tmOff = 1,filterOff >= 1.0  AND  tmOff >= 1.0  AND  mtOff >= 1.0,0.0,1.0,1.0,1.0,85
4-wise,4868,606,filterOff = 1 AND mtOff = 1 AND tmOff = 1,filterOff >= 1.0  AND  mtOff >= 1.0  AND  tmOff >= 1.0,0.0,1.0,1.0,1.0,85
full,68640,8580,HeaderCompressionOff = 1 AND filterOff = 1 AND mtOff = 1,mtOff >= 1.0  AND  filterOff >= 1.0  AND  HeaderCompressionOff >= 1.0  AND  0.0 <= LZMA < 1.0,1.0,0.888888888888889,1.0,0.8,86
random_2,24,0,HeaderCompressionOff = 1 AND filterOff = 1 AND mtOff = 1,,,0.0,0.0,0.0,86
random_5,60,0,HeaderCompressionOff = 1 AND filterOff = 1 AND mtOff = 1,,,0.0,0.0,0.0,86
random_10,120,15,HeaderCompressionOff = 1 AND filterOff = 1 AND mtOff = 1,filterOff >= 1.0  AND  mtOff >= 1.0  AND  HeaderCompressionOff >= 1.0,0.0,1.0,1.0,1.0,86
random_20,240,27,HeaderCompressionOff = 1 AND filterOff = 1 AND mtOff = 1,mtOff >= 1.0  AND  HeaderCompressionOff >= 1.0  AND  filterOff >= 1.0,0.0,1.0,1.0,1.0,86
2-wise,165,21,HeaderCompressionOff = 1 AND filterOff = 1 AND mtOff = 1,mtOff >= 1.0  AND  filterOff >= 1.0  AND  HeaderCompressionOff >= 1.0,0.0,1.0,1.0,1.0,86
3-wise,1119,130,HeaderCompressionOff = 1 AND filterOff = 1 AND mtOff = 1,filterOff >= 1.0  AND  mtOff >= 1.0  AND  HeaderCompressionOff >= 1.0,0.0,1.0,1.0,1.0,86
4-wise,4824,604,HeaderCompressionOff = 1 AND filterOff = 1 AND mtOff = 1,mtOff >= 1.0  AND  filterOff >= 1.0  AND  HeaderCompressionOff >= 1.0  AND  Files >= 20.0,0.0,0.9008189262966332,1.0,0.8195364238410596,86
full,68640,8580,HeaderCompressionOff = 1 AND filterOff = 1 AND mtOff = 1,HeaderCompressionOff >= 1.0  AND  filterOff >= 1.0  AND  mtOff >= 1.0  AND  BlockSize < 128.0,0.0,0.7000000000000001,1.0,0.5384615384615384,87
random_2,24,0,HeaderCompressionOff = 1 AND filterOff = 1 AND mtOff = 1,,,0.0,0.0,0.0,87
random_5,60,6,HeaderCompressionOff = 1 AND filterOff = 1 AND mtOff = 1,0.0 <= tmOff < 1.0  AND  30.0 <= Files < 70.0,0.0,0.0,0.0,0.0,87
random_10,120,11,HeaderCompressionOff = 1 AND filterOff = 1 AND mtOff = 1,0.0 <= HeaderCompressionOff < 1.0  AND  filterOff >= 1.0  AND  0.0 <= LZMA2 < 1.0,0.0,0.0,0.0,0.0,87
random_20,240,26,HeaderCompressionOff = 1 AND filterOff = 1 AND mtOff = 1,filterOff >= 1.0  AND  HeaderCompressionOff >= 1.0  AND  mtOff >= 1.0,0.0,1.0,1.0,1.0,87
2-wise,169,22,HeaderCompressionOff = 1 AND filterOff = 1 AND mtOff = 1,filterOff >= 0.5  AND  mtOff >= 1.0  AND  HeaderCompressionOff >= 1.0,0.0,1.0,1.0,1.0,87
3-wise,1136,130,HeaderCompressionOff = 1 AND filterOff = 1 AND mtOff = 1,mtOff >= 1.0  AND  HeaderCompressionOff >= 1.0  AND  Files < 100.0  AND  filterOff >= 1.0,0.0,0.9641434262948207,1.0,0.9307692307692308,87
4-wise,4886,636,HeaderCompressionOff = 1 AND filterOff = 1 AND mtOff = 1,mtOff >= 1.0  AND  filterOff >= 1.0  AND  0.0 <= PPMd < 1.0  AND  HeaderCompressionOff >= 1.0,0.0,0.8996539792387543,1.0,0.8176100628930818,87
full,68640,8580,HeaderCompressionOff = 1 AND mtOff = 1 AND tmOff = 1,HeaderCompressionOff >= 1.0  AND  mtOff >= 1.0  AND  tmOff >= 1.0  AND  2.0 <= x < 7.0,1.0,0.6666666666666666,1.0,0.5,88
random_5,60,5,HeaderCompressionOff = 1 AND mtOff = 1 AND tmOff = 1,BZip2 >= 0.5  AND  BlockSize < 1536.0,0.0,0.0,0.0,0.0,88
random_10,120,9,HeaderCompressionOff = 1 AND mtOff = 1 AND tmOff = 1,0.0 <= tmOff < 1.0  AND  0.0 <= LZMA < 1.0  AND  x < 3.0,0.0,0.0,0.0,0.0,88
random_20,240,23,HeaderCompressionOff = 1 AND mtOff = 1 AND tmOff = 1,HeaderCompressionOff >= 1.0  AND  mtOff >= 1.0  AND  tmOff >= 1.0,0.0,1.0,1.0,1.0,88
2-wise,160,16,HeaderCompressionOff = 1 AND mtOff = 1 AND tmOff = 1,mtOff >= 1.0  AND  tmOff >= 1.0  AND  HeaderCompressionOff >= 1.0,3.0,1.0,1.0,1.0,88
3-wise,1117,142,HeaderCompressionOff = 1 AND mtOff = 1 AND tmOff = 1,tmOff >= 1.0  AND  HeaderCompressionOff >= 1.0  AND  mtOff >= 1.0,0.0,1.0,1.0,1.0,88
4-wise,4893,610,HeaderCompressionOff = 1 AND mtOff = 1 AND tmOff = 1,mtOff >= 1.0  AND  tmOff >= 1.0  AND  HeaderCompressionOff >= 1.0,0.0,1.0,1.0,1.0,88
full,68640,8580,filterOff = 1 AND mtOff = 1 AND tmOff = 1,tmOff >= 1.0  AND  filterOff >= 1.0  AND  mtOff >= 1.0  AND  6.0 <= x < 10.0,1.0,0.5,1.0,0.3333333333333333,89
random_2,24,0,filterOff = 1 AND mtOff = 1 AND tmOff = 1,,,0.0,0.0,0.0,89
random_5,60,8,filterOff = 1 AND mtOff = 1 AND tmOff = 1,tmOff >= 1.0  AND  mtOff >= 1.0,1.0,0.6956521739130436,0.5333333333333333,1.0,89
random_10,120,0,filterOff = 1 AND mtOff = 1 AND tmOff = 1,,,0.0,0.0,0.0,89
random_20,240,25,filterOff = 1 AND mtOff = 1 AND tmOff = 1,BlockSize < 512.0  AND  PPMd >= 1.0  AND  x < 10.0,0.0,0.0,0.0,0.0,89
2-wise,173,20,filterOff = 1 AND mtOff = 1 AND tmOff = 1,filterOff >= 1.0  AND  mtOff >= 1.0  AND  tmOff >= 1.0,1.0,1.0,1.0,1.0,89
3-wise,1101,136,filterOff = 1 AND mtOff = 1 AND tmOff = 1,mtOff >= 1.0  AND  tmOff >= 1.0  AND  filterOff >= 1.0,0.0,1.0,1.0,1.0,89
4-wise,4864,600,filterOff = 1 AND mtOff = 1 AND tmOff = 1,tmOff >= 1.0  AND  mtOff >= 1.0  AND  filterOff >= 1.0  AND  0.0 <= Deflate < 1.0,0.0,0.8857938718662953,1.0,0.795,89
full,68640,8580,HeaderCompressionOff = 1 AND filterOff = 1 AND tmOff = 1,tmOff >= 1.0  AND  HeaderCompressionOff >= 1.0  AND  filterOff >= 1.0  AND  x >= 7.0,1.0,0.5,1.0,0.3333333333333333,8
random_2,24,3,HeaderCompressionOff = 1 AND filterOff = 1 AND tmOff = 1,BlockSize >= 192.0,0.0,0.0,0.0,0.0,8
random_5,60,0,HeaderCompressionOff = 1 AND filterOff = 1 AND tmOff = 1,,,0.0,0.0,0.0,8
random_10,120,15,HeaderCompressionOff = 1 AND filterOff = 1 AND tmOff = 1,mtOff >= 1.0  AND  30.0 <= Files < 60.0,0.0,0.0,0.0,0.0,8
random_20,240,27,HeaderCompressionOff = 1 AND filterOff = 1 AND tmOff = 1,HeaderCompressionOff >= 1.0  AND  tmOff >= 0.5  AND  filterOff >= 1.0,0.0,1.0,1.0,1.0,8
2-wise,167,16,HeaderCompressionOff = 1 AND filterOff = 1 AND tmOff = 1,0.0 <= Deflate < 1.0  AND  x < 10.0  AND  Files >= 5.0,0.0,0.1428571428571428,0.0833333333333333,0.5,8
3-wise,1117,130,HeaderCompressionOff = 1 AND filterOff = 1 AND tmOff = 1,filterOff >= 1.0  AND  tmOff >= 1.0  AND  HeaderCompressionOff >= 1.0,3.0,1.0,1.0,1.0,8
4-wise,4886,608,HeaderCompressionOff = 1 AND filterOff = 1 AND tmOff = 1,filterOff >= 1.0  AND  tmOff >= 1.0  AND  HeaderCompressionOff >= 1.0  AND  0.0 <= PPMd < 1.0,0.0,0.9054905490549054,1.0,0.8273026315789473,8
full,68640,8580,HeaderCompressionOff = 1 AND filterOff = 1 AND tmOff = 1,tmOff >= 1.0  AND  HeaderCompressionOff >= 1.0  AND  filterOff >= 1.0  AND  BlockSize >= 64.0,1.0,0.7000000000000001,1.0,0.5384615384615384,90
random_2,24,0,HeaderCompressionOff = 1 AND filterOff = 1 AND tmOff = 1,,,0.0,0.0,0.0,90
random_5,60,0,HeaderCompressionOff = 1 AND filterOff = 1 AND tmOff = 1,,,0.0,0.0,0.0,90
random_10,120,0,HeaderCompressionOff = 1 AND filterOff = 1 AND tmOff = 1,,,0.0,0.0,0.0,90
random_20,240,22,HeaderCompressionOff = 1 AND filterOff = 1 AND tmOff = 1,0.0 <= filterOff < 1.0  AND  x < 2.0  AND  0.0 <= PPMd < 1.0,0.0,0.0,0.0,0.0,90
2-wise,163,12,HeaderCompressionOff = 1 AND filterOff = 1 AND tmOff = 1,HeaderCompressionOff >= 1.0  AND  filterOff >= 1.0  AND  tmOff >= 1.0,2.0,1.0,1.0,1.0,90
3-wise,1116,159,HeaderCompressionOff = 1 AND filterOff = 1 AND tmOff = 1,filterOff >= 1.0  AND  tmOff >= 1.0  AND  HeaderCompressionOff >= 1.0,0.0,1.0,1.0,1.0,90
4-wise,4868,594,HeaderCompressionOff = 1 AND filterOff = 1 AND tmOff = 1,tmOff >= 1.0  AND  HeaderCompressionOff >= 1.0  AND  filterOff >= 1.0  AND  BlockSize >= 16.0,0.0,0.8108108108108109,1.0,0.6818181818181818,90
full,68640,8580,filterOff = 1 AND mtOff = 1 AND tmOff = 1,mtOff >= 1.0  AND  tmOff >= 1.0  AND  filterOff >= 1.0  AND  64.0 <= BlockSize < 1024.0,1.0,0.4705882352941176,1.0,0.3076923076923077,91
random_2,24,0,filterOff = 1 AND mtOff = 1 AND tmOff = 1,,,0.0,0.0,0.0,91
random_5,60,8,filterOff = 1 AND mtOff = 1 AND tmOff = 1,tmOff >= 1.0  AND  filterOff >= 1.0  AND  mtOff >= 0.5,1.0,1.0,1.0,1.0,91
random_10,120,12,filterOff = 1 AND mtOff = 1 AND tmOff = 1,0.0 <= tmOff < 1.0  AND  30.0 <= Files < 70.0  AND  0.0 <= PPMd < 1.0  AND  x < 10.0,0.0,0.0,0.0,0.0,91
random_20,240,26,filterOff = 1 AND mtOff = 1 AND tmOff = 1,filterOff >= 1.0  AND  tmOff >= 1.0  AND  mtOff >= 1.0,0.0,1.0,1.0,1.0,91
2-wise,168,19,filterOff = 1 AND mtOff = 1 AND tmOff = 1,filterOff >= 1.0  AND  mtOff >= 1.0  AND  tmOff >= 1.0,0.0,1.0,1.0,1.0,91
3-wise,1111,143,filterOff = 1 AND mtOff = 1 AND tmOff = 1,filterOff >= 1.0  AND  mtOff >= 1.0  AND  tmOff >= 1.0  AND  0.0 <= LZMA < 1.0,0.0,0.9083969465648856,1.0,0.8321678321678322,91
4-wise,4886,635,filterOff = 1 AND mtOff = 1 AND tmOff = 1,filterOff >= 1.0  AND  mtOff >= 1.0  AND  0.0 <= LZMA2 < 1.0  AND  tmOff >= 1.0,0.0,0.8840070298769772,1.0,0.7921259842519685,91
full,68640,8580,filterOff = 1 AND mtOff = 1 AND tmOff = 1,mtOff >= 1.0  AND  filterOff >= 1.0  AND  tmOff >= 1.0  AND  Files < 80.0,1.0,0.8421052631578948,1.0,0.7272727272727273,92
random_2,24,0,filterOff = 1 AND mtOff = 1 AND tmOff = 1,,,0.0,0.0,0.0,92
random_5,60,0,filterOff = 1 AND mtOff = 1 AND tmOff = 1,,,0.0,0.0,0.0,92
random_10,120,0,filterOff = 1 AND mtOff = 1 AND tmOff = 1,,,0.0,0.0,0.0,92
random_20,240,35,filterOff = 1 AND mtOff = 1 AND tmOff = 1,filterOff >= 1.0  AND  mtOff >= 1.0  AND  tmOff >= 1.0,0.0,1.0,1.0,1.0,92
2-wise,169,21,filterOff = 1 AND mtOff = 1 AND tmOff = 1,0.0 <= LZMA2 < 1.0  AND  0.0 <= Deflate < 1.0,2.0,0.1551724137931034,0.0947368421052631,0.4285714285714285,92
3-wise,1105,149,filterOff = 1 AND mtOff = 1 AND tmOff = 1,filterOff >= 1.0  AND  mtOff >= 1.0  AND  tmOff >= 1.0  AND  x < 10.0,0.0,0.8962962962962964,1.0,0.8120805369127517,92
4-wise,4856,563,filterOff = 1 AND mtOff = 1 AND tmOff = 1,filterOff >= 1.0  AND  mtOff >= 1.0  AND  0.0 <= Deflate < 1.0  AND  tmOff >= 1.0,0.0,0.8862512363996042,1.0,0.7957371225577264,92
full,68640,8580,HeaderCompressionOff = 1 AND filterOff = 1 AND mtOff = 1,HeaderCompressionOff >= 1.0  AND  filterOff >= 1.0  AND  mtOff >= 1.0  AND  x < 10.0,1.0,0.9090909090909092,1.0,0.8333333333333334,93
random_2,24,0,HeaderCompressionOff = 1 AND filterOff = 1 AND mtOff = 1,,,0.0,0.0,0.0,93
random_5,60,12,HeaderCompressionOff = 1 AND filterOff = 1 AND mtOff = 1,HeaderCompressionOff >= 1.0  AND  filterOff >= 1.0  AND  mtOff >= 1.0,0.0,1.0,1.0,1.0,93
random_10,120,25,HeaderCompressionOff = 1 AND filterOff = 1 AND mtOff = 1,HeaderCompressionOff >= 1.0  AND  filterOff >= 1.0  AND  mtOff >= 1.0,0.0,1.0,1.0,1.0,93
random_20,240,35,HeaderCompressionOff = 1 AND filterOff = 1 AND mtOff = 1,HeaderCompressionOff >= 1.0  AND  mtOff >= 0.5  AND  filterOff >= 0.5,0.0,1.0,1.0,1.0,93
2-wise,167,32,HeaderCompressionOff = 1 AND filterOff = 1 AND mtOff = 1,filterOff >= 1.0  AND  HeaderCompressionOff >= 1.0  AND  mtOff >= 1.0,0.0,1.0,1.0,1.0,93
3-wise,1127,124,HeaderCompressionOff = 1 AND filterOff = 1 AND mtOff = 1,HeaderCompressionOff >= 1.0  AND  mtOff >= 1.0  AND  filterOff >= 1.0  AND  0.0 <= Deflate < 1.0,0.0,0.8518518518518519,1.0,0.7419354838709677,93
4-wise,4848,587,HeaderCompressionOff = 1 AND filterOff = 1 AND mtOff = 1,mtOff >= 1.0  AND  HeaderCompressionOff >= 1.0  AND  filterOff >= 1.0  AND  4.0 <= BlockSize < 1024.0,0.0,0.7693920335429769,1.0,0.6252129471890971,93
full,68640,8580,filterOff = 1 AND mtOff = 1 AND tmOff = 1,tmOff >= 1.0  AND  mtOff >= 1.0  AND  filterOff >= 1.0  AND  x >= 2.0,2.0,0.9090909090909092,1.0,0.8333333333333334,94
random_2,24,0,filterOff = 1 AND mtOff = 1 AND tmOff = 1,,,0.0,0.0,0.0,94
random_5,60,0,filterOff = 1 AND mtOff = 1 AND tmOff = 1,,,0.0,0.0,0.0,94
random_10,120,14,filterOff = 1 AND mtOff = 1 AND tmOff = 1,0.0 <= BZip2 < 1.0  AND  x < 2.0,0.0,0.0,0.0,0.0,94
random_20,240,31,filterOff = 1 AND mtOff = 1 AND tmOff = 1,filterOff >= 1.0  AND  mtOff >= 1.0  AND  tmOff >= 1.0,0.0,1.0,1.0,1.0,94
2-wise,165,19,filterOff = 1 AND mtOff = 1 AND tmOff = 1,PPMd >= 1.0  AND  BlockSize < 1024.0  AND  Files < 65.0,0.0,0.0,0.0,0.0,94
3-wise,1136,148,filterOff = 1 AND mtOff = 1 AND tmOff = 1,mtOff >= 1.0  AND  filterOff >= 1.0  AND  0.0 <= BZip2 < 1.0  AND  tmOff >= 1.0,0.0,0.8702290076335879,1.0,0.7702702702702703,94
4-wise,4885,612,filterOff = 1 AND mtOff = 1 AND tmOff = 1,mtOff >= 1.0  AND  filterOff >= 1.0  AND  x >= 4.0  AND  tmOff >= 1.0,0.0,0.8128031037827352,1.0,0.684640522875817,94
full,68640,8580,filterOff = 1 AND mtOff = 1 AND tmOff = 1,mtOff >= 1.0  AND  tmOff >= 1.0  AND  filterOff >= 1.0  AND  2.0 <= x < 7.0,1.0,0.6666666666666666,1.0,0.5,95
random_2,24,0,filterOff = 1 AND mtOff = 1 AND tmOff = 1,,,0.0,0.0,0.0,95
random_5,60,0,filterOff = 1 AND mtOff = 1 AND tmOff = 1,,,0.0,0.0,0.0,95
random_10,120,13,filterOff = 1 AND mtOff = 1 AND tmOff = 1,filterOff >= 1.0  AND  mtOff >= 1.0  AND  tmOff >= 1.0,0.0,1.0,1.0,1.0,95
random_20,240,26,filterOff = 1 AND mtOff = 1 AND tmOff = 1,tmOff >= 1.0  AND  filterOff >= 1.0  AND  mtOff >= 1.0,0.0,1.0,1.0,1.0,95
2-wise,179,21,filterOff = 1 AND mtOff = 1 AND tmOff = 1,tmOff >= 1.0  AND  filterOff >= 1.0  AND  mtOff >= 1.0,1.0,1.0,1.0,1.0,95
3-wise,1128,144,filterOff = 1 AND mtOff = 1 AND tmOff = 1,mtOff >= 1.0  AND  filterOff >= 1.0  AND  tmOff >= 1.0,3.0,1.0,1.0,1.0,95
4-wise,4901,623,filterOff = 1 AND mtOff = 1 AND tmOff = 1,filterOff >= 1.0  AND  tmOff >= 1.0  AND  mtOff >= 1.0  AND  4.0 <= BlockSize < 1024.0,0.0,0.751503006012024,1.0,0.6019261637239165,95
full,68640,8580,HeaderCompressionOff = 1 AND filterOff = 1 AND tmOff = 1,tmOff >= 1.0  AND  filterOff >= 1.0  AND  0.0 <= PPMd < 1.0  AND  HeaderCompressionOff >= 1.0,4.0,0.888888888888889,1.0,0.8,96
random_2,24,0,HeaderCompressionOff = 1 AND filterOff = 1 AND tmOff = 1,,,0.0,0.0,0.0,96
random_5,60,0,HeaderCompressionOff = 1 AND filterOff = 1 AND tmOff = 1,,,0.0,0.0,0.0,96
random_10,120,0,HeaderCompressionOff = 1 AND filterOff = 1 AND tmOff = 1,,,0.0,0.0,0.0,96
random_20,240,37,HeaderCompressionOff = 1 AND filterOff = 1 AND tmOff = 1,tmOff >= 1.0  AND  filterOff >= 1.0  AND  HeaderCompressionOff >= 1.0  AND  0.0 <= LZMA < 1.0,0.0,0.9577464788732396,1.0,0.918918918918919,96
2-wise,167,17,HeaderCompressionOff = 1 AND filterOff = 1 AND tmOff = 1,Deflate >= 1.0  AND  256.0 <= BlockSize < 4096.0,0.0,0.0,0.0,0.0,96
3-wise,1116,134,HeaderCompressionOff = 1 AND filterOff = 1 AND tmOff = 1,HeaderCompressionOff >= 1.0  AND  tmOff >= 1.0  AND  filterOff >= 1.0  AND  BlockSize >= 8.0,0.0,0.8595744680851063,1.0,0.753731343283582,96
4-wise,4896,591,HeaderCompressionOff = 1 AND filterOff = 1 AND tmOff = 1,tmOff >= 1.0  AND  filterOff >= 1.0  AND  HeaderCompressionOff >= 1.0,1.0,1.0,1.0,1.0,96
full,68640,8580,filterOff = 1 AND mtOff = 1 AND tmOff = 1,tmOff >= 1.0  AND  filterOff >= 1.0  AND  mtOff >= 1.0  AND  30.0 <= Files < 80.0,1.0,0.625,1.0,0.4545454545454545,97
random_2,24,0,filterOff = 1 AND mtOff = 1 AND tmOff = 1,,,0.0,0.0,0.0,97
random_5,60,0,filterOff = 1 AND mtOff = 1 AND tmOff = 1,,,0.0,0.0,0.0,97
random_10,120,14,filterOff = 1 AND mtOff = 1 AND tmOff = 1,tmOff >= 1.0  AND  filterOff >= 1.0  AND  mtOff >= 1.0,1.0,1.0,1.0,1.0,97
random_20,240,28,filterOff = 1 AND mtOff = 1 AND tmOff = 1,mtOff >= 1.0  AND  filterOff >= 1.0  AND  tmOff >= 1.0,1.0,1.0,1.0,1.0,97
2-wise,165,19,filterOff = 1 AND mtOff = 1 AND tmOff = 1,filterOff >= 1.0  AND  mtOff >= 1.0  AND  tmOff >= 1.0,0.0,1.0,1.0,1.0,97
3-wise,1103,126,filterOff = 1 AND mtOff = 1 AND tmOff = 1,mtOff >= 1.0  AND  filterOff >= 1.0  AND  0.0 <= LZMA < 1.0  AND  tmOff >= 1.0,0.0,0.8947368421052632,1.0,0.8095238095238095,97
4-wise,4878,599,filterOff = 1 AND mtOff = 1 AND tmOff = 1,mtOff >= 1.0  AND  0.0 <= LZMA < 1.0  AND  filterOff >= 1.0  AND  tmOff >= 1.0,0.0,0.8772258669165885,1.0,0.7813021702838063,97
full,68640,8580,HeaderCompressionOff = 1 AND filterOff = 1 AND tmOff = 1,tmOff >= 1.0  AND  HeaderCompressionOff >= 1.0  AND  filterOff >= 1.0  AND  x >= 7.0,1.0,0.5,1.0,0.3333333333333333,98
random_2,24,0,HeaderCompressionOff = 1 AND filterOff = 1 AND tmOff = 1,,,0.0,0.0,0.0,98
random_5,60,12,HeaderCompressionOff = 1 AND filterOff = 1 AND tmOff = 1,HeaderCompressionOff >= 1.0  AND  tmOff >= 1.0,1.0,0.7741935483870968,0.631578947368421,1.0,98
random_10,120,22,HeaderCompressionOff = 1 AND filterOff = 1 AND tmOff = 1,tmOff >= 1.0  AND  filterOff >= 1.0  AND  HeaderCompressionOff >= 1.0,0.0,1.0,1.0,1.0,98
random_20,240,36,HeaderCompressionOff = 1 AND filterOff = 1 AND tmOff = 1,HeaderCompressionOff >= 1.0  AND  filterOff >= 1.0  AND  tmOff >= 1.0,0.0,1.0,1.0,1.0,98
2-wise,161,19,HeaderCompressionOff = 1 AND filterOff = 1 AND tmOff = 1,HeaderCompressionOff >= 1.0  AND  filterOff >= 0.5  AND  tmOff >= 1.0,1.0,1.0,1.0,1.0,98
3-wise,1110,138,HeaderCompressionOff = 1 AND filterOff = 1 AND tmOff = 1,HeaderCompressionOff >= 1.0  AND  filterOff >= 1.0  AND  tmOff >= 1.0  AND  0.0 <= LZMA < 0.5,0.0,0.878048780487805,1.0,0.782608695652174,98
4-wise,4886,617,HeaderCompressionOff = 1 AND filterOff = 1 AND tmOff = 1,filterOff >= 1.0  AND  HeaderCompressionOff >= 1.0  AND  tmOff >= 1.0  AND  0.0 <= LZMA < 1.0,0.0,0.8972296693476318,1.0,0.813614262560778,98
full,68640,8580,HeaderCompressionOff = 1 AND filterOff = 1 AND mtOff = 1,HeaderCompressionOff >= 1.0  AND  filterOff >= 1.0  AND  mtOff >= 1.0  AND  32.0 <= BlockSize < 2048.0,0.0,0.631578947368421,1.0,0.4615384615384615,99
random_2,24,2,HeaderCompressionOff = 1 AND filterOff = 1 AND mtOff = 1,BlockSize >= 20.0  AND  0.0 <= Deflate < 0.5,0.0,0.0,0.0,0.0,99
random_5,60,6,HeaderCompressionOff = 1 AND filterOff = 1 AND mtOff = 1,x >= 1.0  AND  0.0 <= HeaderCompressionOff < 1.0,0.0,0.0,0.0,0.0,99
random_10,120,11,HeaderCompressionOff = 1 AND filterOff = 1 AND mtOff = 1,HeaderCompressionOff >= 1.0  AND  mtOff >= 1.0  AND  filterOff >= 1.0,2.0,1.0,1.0,1.0,99
random_20,240,25,HeaderCompressionOff = 1 AND filterOff = 1 AND mtOff = 1,filterOff >= 1.0  AND  HeaderCompressionOff >= 1.0  AND  mtOff >= 1.0,0.0,1.0,1.0,1.0,99
2-wise,164,18,HeaderCompressionOff = 1 AND filterOff = 1 AND mtOff = 1,mtOff >= 0.5  AND  filterOff >= 1.0  AND  HeaderCompressionOff >= 1.0,1.0,1.0,1.0,1.0,99
3-wise,1120,157,HeaderCompressionOff = 1 AND filterOff = 1 AND mtOff = 1,mtOff >= 1.0  AND  HeaderCompressionOff >= 1.0  AND  filterOff >= 1.0,0.0,1.0,1.0,1.0,99
4-wise,4888,576,HeaderCompressionOff = 1 AND filterOff = 1 AND mtOff = 1,HeaderCompressionOff >= 1.0  AND  mtOff >= 1.0  AND  0.0 <= LZMA2 < 1.0  AND  filterOff >= 1.0,0.0,0.896551724137931,1.0,0.8125,99
full,68640,8580,HeaderCompressionOff = 1 AND filterOff = 1 AND mtOff = 1,filterOff >= 1.0  AND  HeaderCompressionOff >= 1.0  AND  mtOff >= 1.0  AND  20.0 <= Files < 80.0,1.0,0.7058823529411764,1.0,0.5454545454545454,9
random_2,24,0,HeaderCompressionOff = 1 AND filterOff = 1 AND mtOff = 1,,,0.0,0.0,0.0,9
random_5,60,6,HeaderCompressionOff = 1 AND filterOff = 1 AND mtOff = 1,4.0 <= BlockSize < 24.0,0.0,0.0,0.0,0.0,9
random_10,120,0,HeaderCompressionOff = 1 AND filterOff = 1 AND mtOff = 1,,,0.0,0.0,0.0,9
random_20,240,31,HeaderCompressionOff = 1 AND filterOff = 1 AND mtOff = 1,filterOff >= 1.0  AND  mtOff >= 1.0  AND  HeaderCompressionOff >= 1.0,0.0,1.0,1.0,1.0,9
2-wise,168,21,HeaderCompressionOff = 1 AND filterOff = 1 AND mtOff = 1,mtOff >= 1.0  AND  HeaderCompressionOff >= 1.0  AND  filterOff >= 1.0,3.0,1.0,1.0,1.0,9
3-wise,1111,145,HeaderCompressionOff = 1 AND filterOff = 1 AND mtOff = 1,filterOff >= 1.0  AND  mtOff >= 1.0  AND  HeaderCompressionOff >= 1.0,0.0,1.0,1.0,1.0,9
4-wise,4897,638,HeaderCompressionOff = 1 AND filterOff = 1 AND mtOff = 1,filterOff >= 1.0  AND  HeaderCompressionOff >= 1.0  AND  mtOff >= 1.0,1.0,1.0,1.0,1.0,9
