sampling_strategy,sample_size,sg_cardinality,sg_rule,best_rule,best_rule_idx,f1,precision,recall,seed
full,13485,1380,CUDA = 1 AND LocalMemory = 1 AND pixelPerThread = 2,0.0 <= OpenCL < 1.0  AND  2.0 <= pixelPerThread < 3.0  AND  LocalMemory >= 1.0  AND  0.0 <= bs_32x8 < 1.0,0.0,0.9743589743589745,1.0,0.95,0
random_2,62,0,CUDA = 1 AND TextureMemory = 1 AND pixelPerThread = 3,,,0.0,0.0,0.0,0
random_5,155,13,CUDA = 1 AND TextureMemory = 1 AND pixelPerThread = 4,TextureMemory >= 1.0  AND  pixelPerThread >= 4.0,0.0,1.0,1.0,1.0,0
random_10,310,64,CUDA = 1 AND Linear2D = 1 AND TextureMemory = 1,Linear2D >= 1.0,0.0,1.0,1.0,1.0,0
random_20,620,78,CUDA = 1 AND TextureMemory = 1 AND pixelPerThread = 4,pixelPerThread >= 4.0  AND  TextureMemory >= 1.0,0.0,0.9936305732484078,0.9873417721518988,1.0,0
2-wise,380,45,CUDA = 1 AND LocalMemory = 1 AND pixelPerThread = 2,2.0 <= pixelPerThread < 3.0  AND  LocalMemory >= 0.5  AND  0.0 <= OpenCL < 1.0,0.0,1.0,1.0,1.0,0
3-wise,2039,437,CUDA = 1 AND Linear2D = 1 AND TextureMemory = 1,Linear2D >= 1.0,1.0,1.0,1.0,1.0,0
4-wise,6771,1534,CUDA = 1 AND Linear1D = 1 AND TextureMemory = 1,Linear1D >= 1.0  AND  0.0 <= bs_128x4 < 1.0  AND  0.0 <= bs_128x2 < 1.0,2.0,0.9482344874871445,1.0,0.9015645371577576,0
full,13485,2184,CUDA = 1 AND TextureMemory = 1 AND pixelPerThread = 1,TextureMemory >= 1.0  AND  pixelPerThread < 2.0  AND  128.0 <= padding < 256.0  AND  0.0 <= bs_256x1 < 1.0,1.0,0.3603603603603603,1.0,0.2197802197802197,10
random_2,62,8,CUDA = 1 AND TextureMemory = 1 AND pixelPerThread = 1,TextureMemory >= 1.0  AND  pixelPerThread < 2.0,0.0,1.0,1.0,1.0,10
random_5,155,30,CUDA = 1 AND TextureMemory = 1 AND pixelPerThread = 1,TextureMemory >= 1.0  AND  pixelPerThread < 2.0,0.0,1.0,1.0,1.0,10
random_10,310,49,CUDA = 1 AND TextureMemory = 1 AND pixelPerThread = 1,0.0 <= OpenCL < 1.0  AND  pixelPerThread < 2.0  AND  TextureMemory >= 1.0,0.0,1.0,1.0,1.0,10
random_20,620,119,CUDA = 1 AND TextureMemory = 1 AND pixelPerThread = 1,TextureMemory >= 1.0  AND  pixelPerThread < 2.0  AND  0.0 <= OpenCL < 1.0,0.0,1.0,1.0,1.0,10
2-wise,368,73,CUDA = 1 AND TextureMemory = 1 AND pixelPerThread = 1,0.0 <= OpenCL < 1.0  AND  pixelPerThread < 1.5  AND  TextureMemory >= 1.0,0.0,1.0,1.0,1.0,10
3-wise,2051,359,CUDA = 1 AND TextureMemory = 1 AND pixelPerThread = 1,TextureMemory >= 1.0  AND  pixelPerThread < 2.0  AND  padding >= 32.0,0.0,0.96987087517934,1.0,0.9415041782729804,10
4-wise,6743,1202,CUDA = 1 AND TextureMemory = 1 AND pixelPerThread = 1,pixelPerThread < 2.0  AND  Ldg >= 1.0,2.0,0.4946775203506575,1.0,0.3286189683860233,10
full,13485,2132,CUDA = 1 AND TextureMemory = 1 AND pixelPerThread = 2,2.0 <= pixelPerThread < 3.0  AND  32.0 <= padding < 288.0  AND  TextureMemory >= 1.0  AND  0.0 <= bs_128x2 < 1.0,1.0,0.6101694915254238,1.0,0.4390243902439024,11
random_2,62,0,CUDA = 1 AND TextureMemory = 1 AND pixelPerThread = 2,,,0.0,0.0,0.0,11
random_5,155,33,CUDA = 1 AND TextureMemory = 1 AND pixelPerThread = 2,TextureMemory >= 1.0  AND  2.0 <= pixelPerThread < 3.0  AND  0.0 <= OpenCL < 1.0,0.0,1.0,1.0,1.0,11
random_10,310,40,CUDA = 1 AND TextureMemory = 1 AND pixelPerThread = 2,TextureMemory >= 1.0  AND  2.0 <= pixelPerThread < 3.0  AND  0.0 <= OpenCL < 1.0,0.0,1.0,1.0,1.0,11
random_20,620,96,CUDA = 1 AND TextureMemory = 1 AND pixelPerThread = 2,TextureMemory >= 1.0  AND  2.0 <= pixelPerThread < 3.0,1.0,0.9948186528497408,0.9896907216494846,1.0,11
2-wise,376,65,CUDA = 1 AND TextureMemory = 1 AND pixelPerThread = 2,TextureMemory >= 1.0  AND  2.0 <= pixelPerThread < 3.0,0.0,1.0,1.0,1.0,11
3-wise,2037,366,CUDA = 1 AND TextureMemory = 1 AND pixelPerThread = 2,0.0 <= OpenCL < 1.0  AND  2.0 <= pixelPerThread < 3.0  AND  TextureMemory >= 1.0,0.0,1.0,1.0,1.0,11
4-wise,6772,1191,CUDA = 1 AND TextureMemory = 1 AND pixelPerThread = 2,0.0 <= OpenCL < 1.0  AND  2.0 <= pixelPerThread < 3.0  AND  TextureMemory >= 1.0  AND  0.0 <= bs_128x2 < 1.0,1.0,0.9759243336199483,1.0,0.9529806884970612,11
full,13485,2635,CUDA = 1 AND Linear2D = 1 AND TextureMemory = 1,Linear2D >= 1.0  AND  128.0 <= padding < 448.0  AND  0.0 <= bs_32x4 < 1.0  AND  0.0 <= bs_32x8 < 1.0,3.0,0.6906832298136646,1.0,0.5275142314990512,12
random_2,62,9,CUDA = 1 AND Linear2D = 1 AND TextureMemory = 1,Linear2D >= 0.5,0.0,1.0,1.0,1.0,12
random_5,155,31,CUDA = 1 AND Linear2D = 1 AND TextureMemory = 1,Linear2D >= 1.0,0.0,1.0,1.0,1.0,12
random_10,310,61,CUDA = 1 AND Linear2D = 1 AND TextureMemory = 1,Linear2D >= 1.0,0.0,1.0,1.0,1.0,12
random_20,620,114,CUDA = 1 AND Linear2D = 1 AND TextureMemory = 1,Linear2D >= 1.0  AND  0.0 <= bs_128x1 < 1.0  AND  0.0 <= bs_128x2 < 1.0,0.0,0.9395348837209304,1.0,0.8859649122807017,12
2-wise,377,75,CUDA = 1 AND Linear2D = 1 AND TextureMemory = 1,Linear2D >= 1.0,0.0,1.0,1.0,1.0,12
3-wise,2040,450,CUDA = 1 AND Linear2D = 1 AND TextureMemory = 1,Linear2D >= 1.0  AND  0.0 <= bs_128x8 < 1.0,0.0,0.9749430523917996,1.0,0.9511111111111112,12
4-wise,6789,1529,CUDA = 1 AND Linear2D = 1 AND TextureMemory = 1,Linear2D >= 1.0,2.0,1.0,1.0,1.0,12
full,13485,2635,CUDA = 1 AND Linear1D = 1 AND TextureMemory = 1,Linear1D >= 1.0,3.0,1.0,1.0,1.0,13
random_2,62,0,CUDA = 1 AND Linear1D = 1 AND TextureMemory = 1,,,0.0,0.0,0.0,13
random_5,155,25,CUDA = 1 AND Linear1D = 1 AND TextureMemory = 1,Linear1D >= 1.0,0.0,1.0,1.0,1.0,13
random_10,310,64,CUDA = 1 AND Linear1D = 1 AND TextureMemory = 1,Linear1D >= 1.0,0.0,1.0,1.0,1.0,13
random_20,620,121,CUDA = 1 AND Linear1D = 1 AND TextureMemory = 1,Linear1D >= 1.0,0.0,1.0,1.0,1.0,13
2-wise,375,79,CUDA = 1 AND Linear1D = 1 AND TextureMemory = 1,Linear1D >= 1.0  AND  0.0 <= bs_32x16 < 0.5,0.0,0.974025974025974,1.0,0.9493670886075948,13
3-wise,2043,446,CUDA = 1 AND Linear1D = 1 AND TextureMemory = 1,Linear1D >= 1.0  AND  0.0 <= bs_64x1 < 1.0  AND  0.0 <= bs_256x1 < 0.5,0.0,0.9481132075471698,1.0,0.9013452914798208,13
4-wise,6770,1522,CUDA = 1 AND Linear1D = 1 AND TextureMemory = 1,Linear1D >= 1.0  AND  pixelPerThread < 4.0,2.0,0.8590704647676162,1.0,0.7529566360052562,13
full,13485,1872,CUDA = 1 AND TextureMemory = 1 AND pixelPerThread = 4,pixelPerThread >= 4.0  AND  0.0 <= OpenCL < 1.0  AND  TextureMemory >= 1.0  AND  0.0 <= bs_32x4 < 1.0,2.0,0.9714285714285714,1.0,0.9444444444444444,14
random_2,62,0,CUDA = 1 AND TextureMemory = 1 AND pixelPerThread = 4,,,0.0,0.0,0.0,14
random_5,155,20,CUDA = 1 AND TextureMemory = 1 AND pixelPerThread = 4,0.0 <= bs_64x2 < 1.0  AND  pixelPerThread >= 3.5  AND  TextureMemory >= 1.0,0.0,1.0,1.0,1.0,14
random_10,310,48,CUDA = 1 AND TextureMemory = 1 AND pixelPerThread = 4,0.0 <= bs_64x1 < 1.0  AND  pixelPerThread >= 4.0  AND  TextureMemory >= 1.0,0.0,0.967741935483871,1.0,0.9375,14
random_20,620,102,CUDA = 1 AND TextureMemory = 1 AND pixelPerThread = 4,pixelPerThread >= 4.0  AND  TextureMemory >= 1.0  AND  0.0 <= bs_64x1 < 1.0,0.0,0.98,1.0,0.9607843137254902,14
2-wise,373,57,CUDA = 1 AND TextureMemory = 1 AND pixelPerThread = 4,TextureMemory >= 1.0  AND  pixelPerThread >= 4.0,0.0,1.0,1.0,1.0,14
3-wise,2045,330,CUDA = 1 AND TextureMemory = 1 AND pixelPerThread = 4,0.0 <= OpenCL < 1.0  AND  pixelPerThread >= 4.0  AND  TextureMemory >= 1.0  AND  0.0 <= bs_256x2 < 1.0,0.0,0.973561430793157,1.0,0.9484848484848484,14
4-wise,6768,1152,CUDA = 1 AND TextureMemory = 1 AND pixelPerThread = 4,TextureMemory >= 1.0  AND  pixelPerThread >= 4.0  AND  0.0 <= OpenCL < 1.0,0.0,1.0,1.0,1.0,14
full,13485,2132,CUDA = 1 AND TextureMemory = 1 AND pixelPerThread = 2,2.0 <= pixelPerThread < 3.0  AND  0.0 <= OpenCL < 1.0  AND  0.0 <= bs_128x1 < 1.0  AND  0.0 <= bs_256x2 < 1.0,3.0,0.8213447171824974,0.7536231884057971,0.902439024390244,15
random_2,62,0,CUDA = 1 AND TextureMemory = 1 AND pixelPerThread = 2,,,0.0,0.0,0.0,15
random_5,155,25,CUDA = 1 AND TextureMemory = 1 AND pixelPerThread = 2,TextureMemory >= 1.0  AND  2.0 <= pixelPerThread < 3.0,0.0,1.0,1.0,1.0,15
random_10,310,34,CUDA = 1 AND TextureMemory = 1 AND pixelPerThread = 2,TextureMemory >= 1.0  AND  2.0 <= pixelPerThread < 3.0  AND  0.0 <= OpenCL < 1.0  AND  0.0 <= bs_32x4 < 1.0,0.0,0.9696969696969696,1.0,0.9411764705882352,15
random_20,620,80,CUDA = 1 AND TextureMemory = 1 AND pixelPerThread = 2,TextureMemory >= 1.0  AND  2.0 <= pixelPerThread < 3.0  AND  0.0 <= OpenCL < 1.0,0.0,1.0,1.0,1.0,15
2-wise,375,69,CUDA = 1 AND TextureMemory = 1 AND pixelPerThread = 2,2.0 <= pixelPerThread < 3.0  AND  TextureMemory >= 1.0  AND  0.0 <= bs_32x32 < 0.5,0.0,0.9927007299270074,1.0,0.9855072463768116,15
3-wise,2039,370,CUDA = 1 AND TextureMemory = 1 AND pixelPerThread = 2,0.0 <= OpenCL < 1.0  AND  2.0 <= pixelPerThread < 3.0  AND  TextureMemory >= 1.0  AND  0.0 <= bs_128x8 < 1.0,0.0,0.9693593314763232,1.0,0.9405405405405406,15
4-wise,6765,1187,CUDA = 1 AND TextureMemory = 1 AND pixelPerThread = 2,0.0 <= OpenCL < 1.0  AND  2.0 <= pixelPerThread < 3.0  AND  TextureMemory >= 1.0  AND  0.0 <= Linear1D < 1.0,1.0,0.8004042445679637,1.0,0.6672283066554339,15
full,13485,1449,CUDA = 1 AND LocalMemory = 1 AND pixelPerThread = 1,pixelPerThread < 2.0  AND  LocalMemory >= 1.0  AND  0.0 <= OpenCL < 1.0  AND  0.0 <= bs_128x4 < 1.0,0.0,0.975609756097561,1.0,0.9523809523809524,16
random_2,62,0,CUDA = 1 AND LocalMemory = 1 AND pixelPerThread = 1,,,0.0,0.0,0.0,16
random_5,155,17,CUDA = 1 AND LocalMemory = 1 AND pixelPerThread = 1,LocalMemory >= 1.0  AND  pixelPerThread < 2.0  AND  CUDA >= 1.0,0.0,1.0,1.0,1.0,16
random_10,310,37,CUDA = 1 AND LocalMemory = 1 AND pixelPerThread = 1,LocalMemory >= 1.0  AND  pixelPerThread < 1.5  AND  0.0 <= OpenCL < 1.0,0.0,1.0,1.0,1.0,16
random_20,620,61,CUDA = 1 AND LocalMemory = 1 AND pixelPerThread = 1,0.0 <= OpenCL < 1.0  AND  pixelPerThread < 2.0  AND  LocalMemory >= 1.0,0.0,1.0,1.0,1.0,16
2-wise,382,50,CUDA = 1 AND LocalMemory = 1 AND pixelPerThread = 1,0.0 <= OpenCL < 1.0  AND  pixelPerThread < 2.0  AND  LocalMemory >= 1.0,0.0,1.0,1.0,1.0,16
3-wise,2062,232,CUDA = 1 AND LocalMemory = 1 AND pixelPerThread = 1,0.0 <= OpenCL < 1.0  AND  pixelPerThread < 2.0  AND  LocalMemory >= 1.0  AND  0.0 <= Ldg < 1.0,0.0,0.8571428571428571,1.0,0.75,16
4-wise,6799,754,CUDA = 1 AND LocalMemory = 1 AND pixelPerThread = 1,LocalMemory >= 1.0  AND  pixelPerThread < 2.0  AND  0.0 <= OpenCL < 1.0  AND  0.0 <= Ldg < 1.0,0.0,0.8264591439688717,1.0,0.7042440318302388,16
full,13485,1872,CUDA = 1 AND TextureMemory = 1 AND pixelPerThread = 3,3.0 <= pixelPerThread < 4.0  AND  0.0 <= OpenCL < 1.0  AND  TextureMemory >= 1.0  AND  0.0 <= bs_64x4 < 1.0,3.0,0.9714285714285714,1.0,0.9444444444444444,17
random_2,62,0,CUDA = 1 AND TextureMemory = 1 AND pixelPerThread = 3,,,0.0,0.0,0.0,17
random_5,155,20,CUDA = 1 AND TextureMemory = 1 AND pixelPerThread = 3,TextureMemory >= 1.0  AND  3.0 <= pixelPerThread < 4.0,0.0,1.0,1.0,1.0,17
random_10,310,56,CUDA = 1 AND TextureMemory = 1 AND pixelPerThread = 3,3.0 <= pixelPerThread < 4.0  AND  0.0 <= OpenCL < 1.0  AND  TextureMemory >= 1.0,0.0,1.0,1.0,1.0,17
random_20,620,103,CUDA = 1 AND TextureMemory = 1 AND pixelPerThread = 3,3.0 <= pixelPerThread < 4.0  AND  0.0 <= OpenCL < 1.0  AND  TextureMemory >= 1.0,0.0,1.0,1.0,1.0,17
2-wise,369,59,CUDA = 1 AND TextureMemory = 1 AND pixelPerThread = 3,0.0 <= OpenCL < 1.0  AND  3.0 <= pixelPerThread < 4.0  AND  TextureMemory >= 1.0,0.0,1.0,1.0,1.0,17
3-wise,2054,350,CUDA = 1 AND TextureMemory = 1 AND pixelPerThread = 3,3.0 <= pixelPerThread < 3.5  AND  TextureMemory >= 1.0  AND  0.0 <= OpenCL < 1.0,1.0,1.0,1.0,1.0,17
4-wise,6803,1157,CUDA = 1 AND TextureMemory = 1 AND pixelPerThread = 3,3.0 <= pixelPerThread < 4.0  AND  padding >= 32.0  AND  TextureMemory >= 1.0,1.0,0.9595323741007192,1.0,0.9222126188418324,17
full,13485,2635,CUDA = 1 AND Linear1D = 1 AND TextureMemory = 1,padding < 416.0  AND  Linear1D >= 1.0,2.0,0.8666666666666666,1.0,0.7647058823529411,18
random_2,62,11,CUDA = 1 AND Linear1D = 1 AND TextureMemory = 1,Linear1D >= 1.0,0.0,1.0,1.0,1.0,18
random_5,155,23,CUDA = 1 AND Linear1D = 1 AND TextureMemory = 1,Linear1D >= 1.0,0.0,1.0,1.0,1.0,18
random_10,310,54,CUDA = 1 AND Linear1D = 1 AND TextureMemory = 1,Linear1D >= 1.0,0.0,1.0,1.0,1.0,18
random_20,620,112,CUDA = 1 AND Linear1D = 1 AND TextureMemory = 1,Linear1D >= 1.0,0.0,1.0,1.0,1.0,18
2-wise,373,72,CUDA = 1 AND Linear1D = 1 AND TextureMemory = 1,Linear1D >= 1.0,0.0,1.0,1.0,1.0,18
3-wise,2034,437,CUDA = 1 AND Linear1D = 1 AND TextureMemory = 1,Linear1D >= 1.0,1.0,1.0,1.0,1.0,18
4-wise,6741,1522,CUDA = 1 AND Linear1D = 1 AND TextureMemory = 1,Linear1D >= 1.0,2.0,1.0,1.0,1.0,18
full,13485,1380,CUDA = 1 AND LocalMemory = 1 AND pixelPerThread = 2,0.0 <= OpenCL < 1.0  AND  2.0 <= pixelPerThread < 3.0  AND  LocalMemory >= 1.0  AND  0.0 <= bs_128x1 < 1.0,0.0,0.9743589743589745,1.0,0.95,19
random_2,62,0,CUDA = 1 AND LocalMemory = 1 AND pixelPerThread = 2,,,0.0,0.0,0.0,19
random_5,155,0,CUDA = 1 AND LocalMemory = 1 AND pixelPerThread = 2,,,0.0,0.0,0.0,19
random_10,310,0,CUDA = 1 AND LocalMemory = 1 AND pixelPerThread = 2,,,0.0,0.0,0.0,19
random_20,620,55,CUDA = 1 AND LocalMemory = 1 AND pixelPerThread = 2,LocalMemory >= 1.0  AND  2.0 <= pixelPerThread < 3.0  AND  0.0 <= OpenCL < 1.0,0.0,1.0,1.0,1.0,19
2-wise,380,51,CUDA = 1 AND LocalMemory = 1 AND pixelPerThread = 2,2.0 <= pixelPerThread < 3.0  AND  LocalMemory >= 1.0  AND  0.0 <= OpenCL < 1.0,0.0,1.0,1.0,1.0,19
3-wise,2043,206,CUDA = 1 AND LocalMemory = 1 AND pixelPerThread = 2,0.0 <= OpenCL < 1.0  AND  2.0 <= pixelPerThread < 3.0  AND  LocalMemory >= 1.0  AND  0.0 <= Ldg < 1.0,0.0,0.8126801152737753,1.0,0.6844660194174758,19
4-wise,6801,671,CUDA = 1 AND LocalMemory = 1 AND pixelPerThread = 2,2.0 <= pixelPerThread < 3.0  AND  0.0 <= bs_64x16 < 0.5  AND  LocalMemory >= 1.0  AND  0.0 <= OpenCL < 1.0,0.0,0.9668976135488838,1.0,0.9359165424739196,19
full,13485,2184,CUDA = 1 AND TextureMemory = 1 AND pixelPerThread = 1,TextureMemory >= 1.0  AND  pixelPerThread < 2.0  AND  0.0 <= bs_32x2 < 1.0,3.0,0.966542750929368,0.981132075471698,0.9523809523809524,1
random_2,62,0,CUDA = 1 AND TextureMemory = 1 AND pixelPerThread = 1,,,0.0,0.0,0.0,1
random_5,155,25,CUDA = 1 AND TextureMemory = 1 AND pixelPerThread = 1,TextureMemory >= 1.0  AND  pixelPerThread < 2.0  AND  0.0 <= bs_32x8 < 1.0,0.0,0.9583333333333334,1.0,0.92,1
random_10,310,48,CUDA = 1 AND TextureMemory = 1 AND pixelPerThread = 1,pixelPerThread < 2.0  AND  TextureMemory >= 1.0,0.0,1.0,1.0,1.0,1
random_20,620,96,CUDA = 1 AND TextureMemory = 1 AND pixelPerThread = 1,pixelPerThread < 2.0  AND  TextureMemory >= 1.0,0.0,1.0,1.0,1.0,1
2-wise,376,68,CUDA = 1 AND TextureMemory = 1 AND pixelPerThread = 1,TextureMemory >= 1.0  AND  pixelPerThread < 2.0  AND  0.0 <= OpenCL < 1.0,0.0,1.0,1.0,1.0,1
3-wise,2031,383,CUDA = 1 AND TextureMemory = 1 AND pixelPerThread = 1,0.0 <= OpenCL < 1.0  AND  pixelPerThread < 2.0  AND  TextureMemory >= 1.0,1.0,1.0,1.0,1.0,1
4-wise,6792,1208,CUDA = 1 AND TextureMemory = 1 AND pixelPerThread = 1,TextureMemory >= 1.0  AND  pixelPerThread < 2.0  AND  0.0 <= OpenCL < 1.0  AND  0.0 <= bs_128x1 < 1.0,0.0,0.9758372191606614,1.0,0.9528145695364238,1
full,13485,2184,CUDA = 1 AND TextureMemory = 1 AND pixelPerThread = 1,TextureMemory >= 1.0  AND  pixelPerThread < 2.0  AND  32.0 <= padding < 448.0  AND  0.0 <= bs_256x1 < 1.0,0.0,0.8333333333333333,1.0,0.7142857142857143,20
random_2,62,12,CUDA = 1 AND TextureMemory = 1 AND pixelPerThread = 1,pixelPerThread < 1.5  AND  TextureMemory >= 0.5,0.0,1.0,1.0,1.0,20
random_5,155,24,CUDA = 1 AND TextureMemory = 1 AND pixelPerThread = 1,TextureMemory >= 1.0  AND  pixelPerThread < 2.0,0.0,1.0,1.0,1.0,20
random_10,310,43,CUDA = 1 AND TextureMemory = 1 AND pixelPerThread = 1,pixelPerThread < 2.0  AND  TextureMemory >= 1.0,0.0,1.0,1.0,1.0,20
random_20,620,103,CUDA = 1 AND TextureMemory = 1 AND pixelPerThread = 1,0.0 <= OpenCL < 1.0  AND  pixelPerThread < 2.0  AND  TextureMemory >= 1.0,0.0,1.0,1.0,1.0,20
2-wise,372,59,CUDA = 1 AND TextureMemory = 1 AND pixelPerThread = 1,TextureMemory >= 1.0  AND  pixelPerThread < 2.0  AND  0.0 <= OpenCL < 1.0  AND  0.0 <= bs_256x2 < 0.5,0.0,0.9914529914529916,1.0,0.9830508474576272,20
3-wise,2039,371,CUDA = 1 AND TextureMemory = 1 AND pixelPerThread = 1,0.0 <= OpenCL < 1.0  AND  pixelPerThread < 2.0  AND  TextureMemory >= 1.0  AND  0.0 <= Linear1D < 1.0,1.0,0.8032258064516129,1.0,0.6711590296495957,20
4-wise,6767,1201,CUDA = 1 AND TextureMemory = 1 AND pixelPerThread = 1,TextureMemory >= 1.0  AND  pixelPerThread < 2.0  AND  0.0 <= OpenCL < 1.0  AND  0.0 <= bs_256x1 < 0.5,0.0,0.9761295822676896,1.0,0.9533721898417984,20
full,13485,2132,CUDA = 1 AND TextureMemory = 1 AND pixelPerThread = 2,2.0 <= pixelPerThread < 3.0  AND  padding >= 64.0  AND  TextureMemory >= 1.0  AND  0.0 <= bs_32x2 < 1.0,0.0,0.903010033444816,1.0,0.823170731707317,21
random_2,62,9,CUDA = 1 AND TextureMemory = 1 AND pixelPerThread = 2,0.0 <= OpenCL < 1.0  AND  2.0 <= pixelPerThread < 3.0  AND  TextureMemory >= 1.0,0.0,1.0,1.0,1.0,21
random_5,155,38,CUDA = 1 AND TextureMemory = 1 AND pixelPerThread = 2,TextureMemory >= 1.0  AND  2.0 <= pixelPerThread < 3.0,0.0,1.0,1.0,1.0,21
random_10,310,49,CUDA = 1 AND TextureMemory = 1 AND pixelPerThread = 2,TextureMemory >= 1.0  AND  2.0 <= pixelPerThread < 3.0  AND  0.0 <= OpenCL < 1.0,0.0,1.0,1.0,1.0,21
random_20,620,108,CUDA = 1 AND TextureMemory = 1 AND pixelPerThread = 2,0.0 <= OpenCL < 1.0  AND  2.0 <= pixelPerThread < 3.0  AND  TextureMemory >= 1.0,0.0,1.0,1.0,1.0,21
2-wise,372,55,CUDA = 1 AND TextureMemory = 1 AND pixelPerThread = 2,TextureMemory >= 1.0  AND  2.0 <= pixelPerThread < 3.0  AND  0.0 <= OpenCL < 1.0,0.0,1.0,1.0,1.0,21
3-wise,2060,376,CUDA = 1 AND TextureMemory = 1 AND pixelPerThread = 2,2.0 <= pixelPerThread < 3.0  AND  0.0 <= OpenCL < 1.0  AND  TextureMemory >= 1.0,1.0,1.0,1.0,1.0,21
4-wise,6733,1184,CUDA = 1 AND TextureMemory = 1 AND pixelPerThread = 2,padding >= 96.0  AND  2.0 <= pixelPerThread < 3.0  AND  TextureMemory >= 1.0  AND  0.0 <= bs_32x2 < 1.0,0.0,0.8648130393096836,1.0,0.7618243243243243,21
full,13485,1449,CUDA = 1 AND LocalMemory = 1 AND pixelPerThread = 1,0.0 <= OpenCL < 1.0  AND  pixelPerThread < 2.0  AND  LocalMemory >= 1.0  AND  0.0 <= Ldg < 1.0,0.0,0.859504132231405,1.0,0.7536231884057971,22
random_2,62,0,CUDA = 1 AND LocalMemory = 1 AND pixelPerThread = 1,,,0.0,0.0,0.0,22
random_5,155,20,CUDA = 1 AND LocalMemory = 1 AND pixelPerThread = 1,LocalMemory >= 1.0  AND  pixelPerThread < 2.0  AND  0.0 <= OpenCL < 1.0,0.0,1.0,1.0,1.0,22
random_10,310,39,CUDA = 1 AND LocalMemory = 1 AND pixelPerThread = 1,0.0 <= OpenCL < 1.0  AND  pixelPerThread < 2.0  AND  LocalMemory >= 1.0,0.0,1.0,1.0,1.0,22
random_20,620,73,CUDA = 1 AND LocalMemory = 1 AND pixelPerThread = 1,0.0 <= OpenCL < 1.0  AND  pixelPerThread < 2.0  AND  LocalMemory >= 1.0,0.0,1.0,1.0,1.0,22
2-wise,379,39,CUDA = 1 AND LocalMemory = 1 AND pixelPerThread = 1,LocalMemory >= 1.0  AND  pixelPerThread < 2.0  AND  0.0 <= OpenCL < 1.0,0.0,1.0,1.0,1.0,22
3-wise,2055,231,CUDA = 1 AND LocalMemory = 1 AND pixelPerThread = 1,0.0 <= OpenCL < 1.0  AND  pixelPerThread < 2.0  AND  LocalMemory >= 1.0,0.0,1.0,1.0,1.0,22
4-wise,6734,722,CUDA = 1 AND LocalMemory = 1 AND pixelPerThread = 1,pixelPerThread < 2.0  AND  LocalMemory >= 1.0  AND  0.0 <= OpenCL < 1.0,3.0,1.0,1.0,1.0,22
full,13485,1449,CUDA = 1 AND LocalMemory = 1 AND pixelPerThread = 1,LocalMemory >= 1.0  AND  pixelPerThread < 2.0  AND  TextureMemory >= 1.0  AND  0.0 <= OpenCL < 1.0,0.0,0.859504132231405,1.0,0.7536231884057971,23
random_2,62,0,CUDA = 1 AND LocalMemory = 1 AND pixelPerThread = 1,,,0.0,0.0,0.0,23
random_5,155,19,CUDA = 1 AND LocalMemory = 1 AND pixelPerThread = 1,LocalMemory >= 1.0  AND  pixelPerThread < 2.0  AND  0.0 <= OpenCL < 1.0,0.0,1.0,1.0,1.0,23
random_10,310,41,CUDA = 1 AND LocalMemory = 1 AND pixelPerThread = 1,LocalMemory >= 1.0  AND  pixelPerThread < 2.0  AND  0.0 <= OpenCL < 1.0,0.0,1.0,1.0,1.0,23
random_20,620,81,CUDA = 1 AND LocalMemory = 1 AND pixelPerThread = 1,pixelPerThread < 2.0  AND  LocalMemory >= 1.0  AND  0.0 <= OpenCL < 1.0,0.0,1.0,1.0,1.0,23
2-wise,378,37,CUDA = 1 AND LocalMemory = 1 AND pixelPerThread = 1,LocalMemory >= 1.0  AND  pixelPerThread < 2.0  AND  0.0 <= OpenCL < 0.5,0.0,1.0,1.0,1.0,23
3-wise,2047,201,CUDA = 1 AND LocalMemory = 1 AND pixelPerThread = 1,pixelPerThread < 2.0  AND  LocalMemory >= 1.0  AND  0.0 <= OpenCL < 1.0,0.0,1.0,1.0,1.0,23
4-wise,6772,724,CUDA = 1 AND LocalMemory = 1 AND pixelPerThread = 1,LocalMemory >= 1.0  AND  pixelPerThread < 2.0  AND  0.0 <= OpenCL < 1.0  AND  0.0 <= bs_256x2 < 1.0,0.0,0.9788434414668548,1.0,0.9585635359116024,23
full,13485,1872,CUDA = 1 AND TextureMemory = 1 AND pixelPerThread = 4,pixelPerThread >= 4.0  AND  Linear2D >= 1.0,0.0,0.4927536231884058,1.0,0.3269230769230769,24
random_2,62,0,CUDA = 1 AND TextureMemory = 1 AND pixelPerThread = 4,,,0.0,0.0,0.0,24
random_5,155,32,CUDA = 1 AND TextureMemory = 1 AND pixelPerThread = 4,pixelPerThread >= 4.0  AND  TextureMemory >= 1.0,0.0,1.0,1.0,1.0,24
random_10,310,41,CUDA = 1 AND TextureMemory = 1 AND pixelPerThread = 4,pixelPerThread >= 4.0  AND  TextureMemory >= 1.0,0.0,1.0,1.0,1.0,24
random_20,620,71,CUDA = 1 AND TextureMemory = 1 AND pixelPerThread = 4,TextureMemory >= 1.0  AND  pixelPerThread >= 4.0,0.0,1.0,1.0,1.0,24
2-wise,377,44,CUDA = 1 AND TextureMemory = 1 AND pixelPerThread = 4,0.0 <= OpenCL < 1.0  AND  pixelPerThread >= 4.0  AND  TextureMemory >= 1.0,0.0,1.0,1.0,1.0,24
3-wise,2027,351,CUDA = 1 AND TextureMemory = 1 AND pixelPerThread = 4,TextureMemory >= 1.0  AND  pixelPerThread >= 4.0  AND  0.0 <= OpenCL < 1.0  AND  0.0 <= bs_32x1 < 1.0,1.0,0.972181551976574,1.0,0.945868945868946,24
4-wise,6785,1156,CUDA = 1 AND TextureMemory = 1 AND pixelPerThread = 4,pixelPerThread >= 4.0  AND  0.0 <= OpenCL < 1.0  AND  TextureMemory >= 1.0  AND  0.0 <= bs_32x8 < 1.0,2.0,0.974267968056788,1.0,0.9498269896193772,24
full,13485,1380,CUDA = 1 AND LocalMemory = 1 AND pixelPerThread = 2,LocalMemory >= 1.0  AND  2.0 <= pixelPerThread < 3.0  AND  0.0 <= OpenCL < 1.0  AND  padding < 480.0,0.0,0.9384615384615386,1.0,0.8840579710144928,25
random_2,62,0,CUDA = 1 AND LocalMemory = 1 AND pixelPerThread = 2,,,0.0,0.0,0.0,25
random_5,155,17,CUDA = 1 AND LocalMemory = 1 AND pixelPerThread = 2,LocalMemory >= 1.0  AND  2.0 <= pixelPerThread < 3.0  AND  0.0 <= OpenCL < 0.5,0.0,1.0,1.0,1.0,25
random_10,310,32,CUDA = 1 AND LocalMemory = 1 AND pixelPerThread = 2,2.0 <= pixelPerThread < 3.0  AND  LocalMemory >= 0.5  AND  0.0 <= bs_128x4 < 1.0  AND  0.0 <= OpenCL < 1.0,0.0,0.9508196721311476,1.0,0.90625,25
random_20,620,60,CUDA = 1 AND LocalMemory = 1 AND pixelPerThread = 2,0.0 <= bs_128x4 < 0.5  AND  2.0 <= pixelPerThread < 3.0  AND  LocalMemory >= 1.0  AND  0.0 <= OpenCL < 1.0,0.0,0.9655172413793104,1.0,0.9333333333333332,25
2-wise,375,40,CUDA = 1 AND LocalMemory = 1 AND pixelPerThread = 2,0.0 <= OpenCL < 1.0  AND  2.0 <= pixelPerThread < 3.0  AND  LocalMemory >= 1.0,0.0,1.0,1.0,1.0,25
3-wise,2048,206,CUDA = 1 AND LocalMemory = 1 AND pixelPerThread = 2,LocalMemory >= 1.0  AND  2.0 <= pixelPerThread < 3.0  AND  0.0 <= OpenCL < 1.0,0.0,1.0,1.0,1.0,25
4-wise,6773,653,CUDA = 1 AND LocalMemory = 1 AND pixelPerThread = 2,LocalMemory >= 1.0  AND  2.0 <= pixelPerThread < 3.0  AND  0.0 <= bs_256x1 < 1.0  AND  0.0 <= OpenCL < 1.0,0.0,0.9756862745098038,1.0,0.9525267993874426,25
full,13485,1380,CUDA = 1 AND LocalMemory = 1 AND pixelPerThread = 2,2.0 <= pixelPerThread < 3.0  AND  0.0 <= OpenCL < 1.0  AND  LocalMemory >= 1.0  AND  0.0 <= bs_256x1 < 1.0,0.0,0.9743589743589745,1.0,0.95,26
random_2,62,9,CUDA = 1 AND LocalMemory = 1 AND pixelPerThread = 2,0.0 <= OpenCL < 1.0  AND  pixelPerThread >= 2.0  AND  LocalMemory >= 1.0,1.0,0.72,0.5625,1.0,26
random_5,155,15,CUDA = 1 AND LocalMemory = 1 AND pixelPerThread = 2,2.0 <= pixelPerThread < 3.0  AND  0.0 <= OpenCL < 1.0  AND  LocalMemory >= 1.0,0.0,1.0,1.0,1.0,26
random_10,310,35,CUDA = 1 AND LocalMemory = 1 AND pixelPerThread = 2,LocalMemory >= 1.0  AND  2.0 <= pixelPerThread < 3.0  AND  0.0 <= OpenCL < 1.0,0.0,1.0,1.0,1.0,26
random_20,620,70,CUDA = 1 AND LocalMemory = 1 AND pixelPerThread = 2,LocalMemory >= 1.0  AND  2.0 <= pixelPerThread < 3.0  AND  0.0 <= OpenCL < 1.0,0.0,1.0,1.0,1.0,26
2-wise,372,36,CUDA = 1 AND LocalMemory = 1 AND pixelPerThread = 2,LocalMemory >= 1.0  AND  2.0 <= pixelPerThread < 3.0  AND  0.0 <= OpenCL < 1.0,0.0,1.0,1.0,1.0,26
3-wise,2054,206,CUDA = 1 AND LocalMemory = 1 AND pixelPerThread = 2,0.0 <= OpenCL < 1.0  AND  2.0 <= pixelPerThread < 3.0  AND  LocalMemory >= 1.0  AND  0.0 <= bs_128x2 < 1.0,0.0,0.982716049382716,1.0,0.9660194174757282,26
4-wise,6776,623,CUDA = 1 AND LocalMemory = 1 AND pixelPerThread = 2,0.0 <= OpenCL < 1.0  AND  2.0 <= pixelPerThread < 3.0  AND  LocalMemory >= 1.0  AND  0.0 <= bs_32x16 < 1.0,0.0,0.96597510373444,1.0,0.9341894060995184,26
full,13485,2132,CUDA = 1 AND TextureMemory = 1 AND pixelPerThread = 2,TextureMemory >= 1.0  AND  2.0 <= pixelPerThread < 3.0  AND  padding >= 288.0  AND  0.0 <= bs_128x4 < 1.0,1.0,0.6101694915254238,1.0,0.4390243902439024,27
random_2,62,10,CUDA = 1 AND TextureMemory = 1 AND pixelPerThread = 2,1.5 <= pixelPerThread < 3.0  AND  TextureMemory >= 1.0,0.0,1.0,1.0,1.0,27
random_5,155,15,CUDA = 1 AND TextureMemory = 1 AND pixelPerThread = 2,TextureMemory >= 1.0  AND  2.0 <= pixelPerThread < 3.0,0.0,1.0,1.0,1.0,27
random_10,310,65,CUDA = 1 AND TextureMemory = 1 AND pixelPerThread = 2,TextureMemory >= 1.0  AND  1.5 <= pixelPerThread < 3.0  AND  0.0 <= OpenCL < 1.0,0.0,1.0,1.0,1.0,27
random_20,620,107,CUDA = 1 AND TextureMemory = 1 AND pixelPerThread = 2,TextureMemory >= 1.0  AND  2.0 <= pixelPerThread < 3.0  AND  0.0 <= OpenCL < 1.0,0.0,1.0,1.0,1.0,27
2-wise,379,59,CUDA = 1 AND TextureMemory = 1 AND pixelPerThread = 2,0.0 <= OpenCL < 1.0  AND  2.0 <= pixelPerThread < 3.0  AND  TextureMemory >= 1.0,0.0,1.0,1.0,1.0,27
3-wise,2051,348,CUDA = 1 AND TextureMemory = 1 AND pixelPerThread = 2,TextureMemory >= 1.0  AND  2.0 <= pixelPerThread < 3.0  AND  padding >= 64.0,0.0,0.9308755760368664,1.0,0.8706896551724138,27
4-wise,6815,1209,CUDA = 1 AND TextureMemory = 1 AND pixelPerThread = 2,0.0 <= OpenCL < 1.0  AND  2.0 <= pixelPerThread < 3.0  AND  TextureMemory >= 1.0  AND  0.0 <= Linear2D < 1.0,0.0,0.8076923076923077,1.0,0.6774193548387096,27
full,13485,2184,CUDA = 1 AND TextureMemory = 1 AND pixelPerThread = 1,pixelPerThread < 2.0  AND  0.0 <= OpenCL < 1.0  AND  TextureMemory >= 1.0  AND  0.0 <= bs_32x4 < 1.0,1.0,0.975609756097561,1.0,0.9523809523809524,28
random_2,62,8,CUDA = 1 AND TextureMemory = 1 AND pixelPerThread = 1,TextureMemory >= 0.5  AND  pixelPerThread < 2.0,0.0,1.0,1.0,1.0,28
random_5,155,27,CUDA = 1 AND TextureMemory = 1 AND pixelPerThread = 1,TextureMemory >= 1.0  AND  pixelPerThread < 2.0,0.0,1.0,1.0,1.0,28
random_10,310,50,CUDA = 1 AND TextureMemory = 1 AND pixelPerThread = 1,0.0 <= OpenCL < 1.0  AND  pixelPerThread < 2.0  AND  TextureMemory >= 1.0,0.0,1.0,1.0,1.0,28
random_20,620,96,CUDA = 1 AND TextureMemory = 1 AND pixelPerThread = 1,0.0 <= OpenCL < 1.0  AND  pixelPerThread < 2.0  AND  TextureMemory >= 1.0  AND  0.0 <= bs_32x2 < 1.0,0.0,0.984126984126984,1.0,0.96875,28
2-wise,380,76,CUDA = 1 AND TextureMemory = 1 AND pixelPerThread = 1,TextureMemory >= 1.0  AND  pixelPerThread < 2.0  AND  0.0 <= OpenCL < 1.0,0.0,1.0,1.0,1.0,28
3-wise,2037,389,CUDA = 1 AND TextureMemory = 1 AND pixelPerThread = 1,TextureMemory >= 1.0  AND  pixelPerThread < 2.0  AND  0.0 <= OpenCL < 1.0  AND  0.0 <= bs_1024x1 < 1.0,0.0,0.9585006693440428,1.0,0.9203084832904884,28
4-wise,6779,1209,CUDA = 1 AND TextureMemory = 1 AND pixelPerThread = 1,pixelPerThread < 2.0  AND  0.0 <= OpenCL < 1.0  AND  TextureMemory >= 1.0  AND  0.0 <= Linear2D < 1.0,1.0,0.802970297029703,1.0,0.6708023159636063,28
full,13485,2635,CUDA = 1 AND Linear2D = 1 AND TextureMemory = 1,Linear2D >= 1.0  AND  0.0 <= bs_32x2 < 1.0  AND  0.0 <= bs_512x1 < 1.0  AND  0.0 <= bs_256x1 < 1.0,2.0,0.916083916083916,1.0,0.8451612903225807,29
random_2,62,0,CUDA = 1 AND Linear2D = 1 AND TextureMemory = 1,,,0.0,0.0,0.0,29
random_5,155,27,CUDA = 1 AND Linear2D = 1 AND TextureMemory = 1,Linear2D >= 1.0,0.0,1.0,1.0,1.0,29
random_10,310,53,CUDA = 1 AND Linear2D = 1 AND TextureMemory = 1,Linear2D >= 1.0,0.0,1.0,1.0,1.0,29
random_20,620,116,CUDA = 1 AND Linear2D = 1 AND TextureMemory = 1,Linear2D >= 1.0,0.0,1.0,1.0,1.0,29
2-wise,373,74,CUDA = 1 AND Linear2D = 1 AND TextureMemory = 1,Linear2D >= 1.0,0.0,1.0,1.0,1.0,29
3-wise,2042,443,CUDA = 1 AND Linear2D = 1 AND TextureMemory = 1,Linear2D >= 1.0  AND  padding < 480.0,0.0,0.9427207637231504,1.0,0.891647855530474,29
4-wise,6783,1539,CUDA = 1 AND Linear2D = 1 AND TextureMemory = 1,Linear2D >= 1.0,1.0,1.0,1.0,1.0,29
full,13485,2132,CUDA = 1 AND TextureMemory = 1 AND pixelPerThread = 2,2.0 <= pixelPerThread < 3.0  AND  TextureMemory >= 1.0  AND  0.0 <= OpenCL < 1.0  AND  0.0 <= bs_32x4 < 1.0,1.0,0.975,1.0,0.951219512195122,2
random_2,62,0,CUDA = 1 AND TextureMemory = 1 AND pixelPerThread = 2,,,0.0,0.0,0.0,2
random_5,155,25,CUDA = 1 AND TextureMemory = 1 AND pixelPerThread = 2,TextureMemory >= 1.0  AND  2.0 <= pixelPerThread < 3.0,0.0,1.0,1.0,1.0,2
random_10,310,45,CUDA = 1 AND TextureMemory = 1 AND pixelPerThread = 2,TextureMemory >= 1.0  AND  2.0 <= pixelPerThread < 3.0,0.0,0.989010989010989,0.9782608695652174,1.0,2
random_20,620,94,CUDA = 1 AND TextureMemory = 1 AND pixelPerThread = 2,2.0 <= pixelPerThread < 3.0  AND  TextureMemory >= 1.0  AND  0.0 <= bs_512x1 < 1.0  AND  0.0 <= OpenCL < 1.0,0.0,0.9837837837837838,1.0,0.9680851063829788,2
2-wise,375,63,CUDA = 1 AND TextureMemory = 1 AND pixelPerThread = 2,0.0 <= OpenCL < 1.0  AND  2.0 <= pixelPerThread < 3.0  AND  TextureMemory >= 1.0,0.0,1.0,1.0,1.0,2
3-wise,2044,362,CUDA = 1 AND TextureMemory = 1 AND pixelPerThread = 2,2.0 <= pixelPerThread < 3.0  AND  TextureMemory >= 1.0  AND  0.0 <= OpenCL < 1.0,1.0,1.0,1.0,1.0,2
4-wise,6795,1196,CUDA = 1 AND TextureMemory = 1 AND pixelPerThread = 2,TextureMemory >= 1.0  AND  2.0 <= pixelPerThread < 3.0  AND  0.0 <= OpenCL < 1.0  AND  0.0 <= bs_32x1 < 1.0,0.0,0.9764655541292254,1.0,0.9540133779264214,2
full,13485,1872,CUDA = 1 AND TextureMemory = 1 AND pixelPerThread = 4,pixelPerThread >= 4.0  AND  TextureMemory >= 1.0  AND  0.0 <= bs_64x2 < 1.0  AND  0.0 <= OpenCL < 1.0,3.0,0.9714285714285714,1.0,0.9444444444444444,30
random_2,62,9,CUDA = 1 AND TextureMemory = 1 AND pixelPerThread = 4,0.0 <= OpenCL < 1.0  AND  pixelPerThread >= 4.0  AND  TextureMemory >= 1.0,0.0,1.0,1.0,1.0,30
random_5,155,25,CUDA = 1 AND TextureMemory = 1 AND pixelPerThread = 4,TextureMemory >= 1.0  AND  pixelPerThread >= 4.0,0.0,1.0,1.0,1.0,30
random_10,310,46,CUDA = 1 AND TextureMemory = 1 AND pixelPerThread = 4,pixelPerThread >= 4.0  AND  TextureMemory >= 1.0,0.0,1.0,1.0,1.0,30
random_20,620,88,CUDA = 1 AND TextureMemory = 1 AND pixelPerThread = 4,TextureMemory >= 1.0  AND  pixelPerThread >= 4.0,0.0,1.0,1.0,1.0,30
2-wise,375,48,CUDA = 1 AND TextureMemory = 1 AND pixelPerThread = 4,0.0 <= OpenCL < 1.0  AND  pixelPerThread >= 4.0  AND  TextureMemory >= 1.0,0.0,1.0,1.0,1.0,30
3-wise,2060,315,CUDA = 1 AND TextureMemory = 1 AND pixelPerThread = 4,TextureMemory >= 1.0  AND  pixelPerThread >= 4.0  AND  0.0 <= OpenCL < 1.0,0.0,1.0,1.0,1.0,30
4-wise,6803,1160,CUDA = 1 AND TextureMemory = 1 AND pixelPerThread = 4,pixelPerThread >= 4.0  AND  TextureMemory >= 1.0  AND  0.0 <= OpenCL < 1.0  AND  0.0 <= bs_32x4 < 1.0,1.0,0.9757174392935984,1.0,0.9525862068965516,30
full,13485,2132,CUDA = 1 AND TextureMemory = 1 AND pixelPerThread = 2,2.0 <= pixelPerThread < 3.0  AND  TextureMemory >= 1.0  AND  0.0 <= Linear1D < 1.0  AND  0.0 <= OpenCL < 1.0,4.0,0.8045977011494253,1.0,0.6730769230769231,31
random_2,62,0,CUDA = 1 AND TextureMemory = 1 AND pixelPerThread = 2,,,0.0,0.0,0.0,31
random_5,155,30,CUDA = 1 AND TextureMemory = 1 AND pixelPerThread = 2,2.0 <= pixelPerThread < 3.0  AND  TextureMemory >= 1.0  AND  0.0 <= bs_32x4 < 1.0,0.0,0.9655172413793104,1.0,0.9333333333333332,31
random_10,310,47,CUDA = 1 AND TextureMemory = 1 AND pixelPerThread = 2,0.0 <= OpenCL < 1.0  AND  2.0 <= pixelPerThread < 3.0  AND  TextureMemory >= 1.0,0.0,1.0,1.0,1.0,31
random_20,620,87,CUDA = 1 AND TextureMemory = 1 AND pixelPerThread = 2,0.0 <= OpenCL < 1.0  AND  2.0 <= pixelPerThread < 2.5  AND  TextureMemory >= 1.0  AND  0.0 <= bs_32x1 < 1.0,0.0,0.976470588235294,1.0,0.9540229885057472,31
2-wise,373,56,CUDA = 1 AND TextureMemory = 1 AND pixelPerThread = 2,0.0 <= Array2D < 1.0  AND  2.0 <= pixelPerThread < 3.0  AND  TextureMemory >= 1.0,0.0,0.9818181818181818,1.0,0.9642857142857144,31
3-wise,2040,351,CUDA = 1 AND TextureMemory = 1 AND pixelPerThread = 2,TextureMemory >= 1.0  AND  2.0 <= pixelPerThread < 3.0  AND  0.0 <= OpenCL < 1.0,0.0,1.0,1.0,1.0,31
4-wise,6775,1192,CUDA = 1 AND TextureMemory = 1 AND pixelPerThread = 2,TextureMemory >= 1.0  AND  2.0 <= pixelPerThread < 3.0  AND  0.0 <= OpenCL < 1.0  AND  0.0 <= bs_64x2 < 1.0,0.0,0.9763847144697294,1.0,0.9538590604026844,31
full,13485,1380,CUDA = 1 AND LocalMemory = 1 AND pixelPerThread = 2,0.0 <= OpenCL < 1.0  AND  2.0 <= pixelPerThread < 3.0  AND  LocalMemory >= 1.0  AND  0.0 <= Linear2D < 1.0,0.0,0.859504132231405,1.0,0.7536231884057971,32
random_2,62,0,CUDA = 1 AND LocalMemory = 1 AND pixelPerThread = 2,,,0.0,0.0,0.0,32
random_5,155,15,CUDA = 1 AND LocalMemory = 1 AND pixelPerThread = 2,2.0 <= pixelPerThread < 3.0  AND  0.0 <= OpenCL < 0.5  AND  LocalMemory >= 1.0,0.0,1.0,1.0,1.0,32
random_10,310,43,CUDA = 1 AND LocalMemory = 1 AND pixelPerThread = 2,LocalMemory >= 1.0  AND  2.0 <= pixelPerThread < 3.0  AND  0.0 <= OpenCL < 1.0,0.0,1.0,1.0,1.0,32
random_20,620,71,CUDA = 1 AND LocalMemory = 1 AND pixelPerThread = 2,LocalMemory >= 1.0  AND  2.0 <= pixelPerThread < 3.0  AND  0.0 <= OpenCL < 1.0,0.0,1.0,1.0,1.0,32
2-wise,372,36,CUDA = 1 AND LocalMemory = 1 AND pixelPerThread = 2,LocalMemory >= 1.0  AND  2.0 <= pixelPerThread < 3.0  AND  0.0 <= OpenCL < 1.0,0.0,1.0,1.0,1.0,32
3-wise,2072,200,CUDA = 1 AND LocalMemory = 1 AND pixelPerThread = 2,0.0 <= OpenCL < 1.0  AND  2.0 <= pixelPerThread < 3.0  AND  LocalMemory >= 1.0  AND  0.0 <= bs_128x1 < 1.0,0.0,0.96640826873385,1.0,0.935,32
4-wise,6762,638,CUDA = 1 AND LocalMemory = 1 AND pixelPerThread = 2,2.0 <= pixelPerThread < 3.0  AND  0.0 <= bs_128x4 < 1.0  AND  LocalMemory >= 1.0  AND  0.0 <= OpenCL < 1.0,0.0,0.9808306709265175,1.0,0.962382445141066,32
full,13485,1872,CUDA = 1 AND TextureMemory = 1 AND pixelPerThread = 3,TextureMemory >= 1.0  AND  3.0 <= pixelPerThread < 4.0  AND  0.0 <= OpenCL < 1.0  AND  0.0 <= Ldg < 1.0,1.0,0.8045977011494253,1.0,0.6730769230769231,33
random_2,62,8,CUDA = 1 AND TextureMemory = 1 AND pixelPerThread = 3,TextureMemory >= 0.5  AND  3.0 <= pixelPerThread < 4.0,0.0,1.0,1.0,1.0,33
random_5,155,22,CUDA = 1 AND TextureMemory = 1 AND pixelPerThread = 3,0.0 <= OpenCL < 0.5  AND  3.0 <= pixelPerThread < 4.0  AND  TextureMemory >= 1.0,0.0,1.0,1.0,1.0,33
random_10,310,44,CUDA = 1 AND TextureMemory = 1 AND pixelPerThread = 3,3.0 <= pixelPerThread < 3.5  AND  0.0 <= OpenCL < 1.0  AND  TextureMemory >= 1.0,0.0,1.0,1.0,1.0,33
random_20,620,90,CUDA = 1 AND TextureMemory = 1 AND pixelPerThread = 3,0.0 <= OpenCL < 1.0  AND  3.0 <= pixelPerThread < 4.0  AND  TextureMemory >= 1.0,0.0,1.0,1.0,1.0,33
2-wise,381,45,CUDA = 1 AND TextureMemory = 1 AND pixelPerThread = 3,3.0 <= pixelPerThread < 4.0  AND  0.0 <= OpenCL < 1.0  AND  TextureMemory >= 1.0,0.0,1.0,1.0,1.0,33
3-wise,2070,322,CUDA = 1 AND TextureMemory = 1 AND pixelPerThread = 3,3.0 <= pixelPerThread < 4.0  AND  0.0 <= OpenCL < 1.0  AND  TextureMemory >= 1.0,0.0,1.0,1.0,1.0,33
4-wise,6773,1143,CUDA = 1 AND TextureMemory = 1 AND pixelPerThread = 3,TextureMemory >= 1.0  AND  3.0 <= pixelPerThread < 4.0  AND  0.0 <= OpenCL < 0.5  AND  0.0 <= bs_32x4 < 0.5,0.0,0.97442799461642,1.0,0.9501312335958004,33
full,13485,2635,CUDA = 1 AND Ldg = 1 AND TextureMemory = 1,Ldg >= 1.0  AND  0.0 <= bs_64x8 < 1.0  AND  0.0 <= bs_256x2 < 1.0  AND  padding >= 160.0,0.0,0.7752730653032768,1.0,0.6330170777988615,34
random_2,62,14,CUDA = 1 AND Ldg = 1 AND TextureMemory = 1,Ldg >= 1.0,0.0,1.0,1.0,1.0,34
random_5,155,24,CUDA = 1 AND Ldg = 1 AND TextureMemory = 1,Ldg >= 1.0,0.0,1.0,1.0,1.0,34
random_10,310,64,CUDA = 1 AND Ldg = 1 AND TextureMemory = 1,Ldg >= 1.0  AND  0.0 <= bs_256x2 < 0.5,0.0,0.967741935483871,1.0,0.9375,34
random_20,620,119,CUDA = 1 AND Ldg = 1 AND TextureMemory = 1,Ldg >= 1.0,0.0,1.0,1.0,1.0,34
2-wise,373,81,CUDA = 1 AND Ldg = 1 AND TextureMemory = 1,Ldg >= 1.0,0.0,1.0,1.0,1.0,34
3-wise,2057,448,CUDA = 1 AND Ldg = 1 AND TextureMemory = 1,Ldg >= 1.0,0.0,1.0,1.0,1.0,34
4-wise,6800,1543,CUDA = 1 AND Ldg = 1 AND TextureMemory = 1,Ldg >= 1.0,1.0,1.0,1.0,1.0,34
full,13485,1380,CUDA = 1 AND LocalMemory = 1 AND pixelPerThread = 2,LocalMemory >= 1.0  AND  2.0 <= pixelPerThread < 3.0  AND  padding < 288.0  AND  0.0 <= OpenCL < 1.0,1.0,0.6981132075471698,1.0,0.5362318840579711,35
random_2,62,0,CUDA = 1 AND LocalMemory = 1 AND pixelPerThread = 2,,,0.0,0.0,0.0,35
random_5,155,0,CUDA = 1 AND LocalMemory = 1 AND pixelPerThread = 2,,,0.0,0.0,0.0,35
random_10,310,0,CUDA = 1 AND LocalMemory = 1 AND pixelPerThread = 2,,,0.0,0.0,0.0,35
random_20,620,55,CUDA = 1 AND LocalMemory = 1 AND pixelPerThread = 2,LocalMemory >= 1.0  AND  2.0 <= pixelPerThread < 2.5  AND  0.0 <= OpenCL < 1.0,0.0,1.0,1.0,1.0,35
2-wise,369,33,CUDA = 1 AND LocalMemory = 1 AND pixelPerThread = 2,LocalMemory >= 1.0  AND  2.0 <= pixelPerThread < 3.0  AND  0.0 <= OpenCL < 1.0,0.0,1.0,1.0,1.0,35
3-wise,2028,181,CUDA = 1 AND LocalMemory = 1 AND pixelPerThread = 2,LocalMemory >= 1.0  AND  2.0 <= pixelPerThread < 3.0  AND  0.0 <= OpenCL < 1.0,0.0,1.0,1.0,1.0,35
4-wise,6795,661,CUDA = 1 AND LocalMemory = 1 AND pixelPerThread = 2,0.0 <= OpenCL < 1.0  AND  2.0 <= pixelPerThread < 3.0  AND  LocalMemory >= 1.0,2.0,1.0,1.0,1.0,35
full,13485,2184,CUDA = 1 AND TextureMemory = 1 AND pixelPerThread = 1,Linear1D >= 1.0  AND  pixelPerThread < 2.0  AND  0.0 <= bs_128x2 < 1.0  AND  0.0 <= bs_32x16 < 1.0,0.0,0.4565371024734982,1.0,0.2957875457875458,36
random_2,62,11,CUDA = 1 AND TextureMemory = 1 AND pixelPerThread = 1,pixelPerThread < 2.0  AND  TextureMemory >= 1.0,0.0,1.0,1.0,1.0,36
random_5,155,19,CUDA = 1 AND TextureMemory = 1 AND pixelPerThread = 1,TextureMemory >= 1.0  AND  pixelPerThread < 2.0  AND  0.0 <= OpenCL < 1.0,0.0,1.0,1.0,1.0,36
random_10,310,52,CUDA = 1 AND TextureMemory = 1 AND pixelPerThread = 1,TextureMemory >= 1.0  AND  pixelPerThread < 2.0  AND  0.0 <= OpenCL < 1.0,0.0,1.0,1.0,1.0,36
random_20,620,105,CUDA = 1 AND TextureMemory = 1 AND pixelPerThread = 1,pixelPerThread < 2.0  AND  0.0 <= OpenCL < 1.0  AND  TextureMemory >= 1.0,0.0,1.0,1.0,1.0,36
2-wise,374,54,CUDA = 1 AND TextureMemory = 1 AND pixelPerThread = 1,TextureMemory >= 1.0  AND  pixelPerThread < 2.0  AND  0.0 <= OpenCL < 1.0  AND  0.0 <= bs_128x1 < 1.0,0.0,0.981132075471698,1.0,0.9629629629629628,36
3-wise,2050,391,CUDA = 1 AND TextureMemory = 1 AND pixelPerThread = 1,0.0 <= OpenCL < 1.0  AND  pixelPerThread < 2.0  AND  TextureMemory >= 1.0  AND  0.0 <= bs_512x1 < 0.5,0.0,0.9830949284785436,1.0,0.9667519181585678,36
4-wise,6778,1223,CUDA = 1 AND TextureMemory = 1 AND pixelPerThread = 1,0.0 <= OpenCL < 1.0  AND  pixelPerThread < 2.0  AND  TextureMemory >= 1.0  AND  padding < 416.0,0.0,0.8691631992602867,1.0,0.7686017988552739,36
full,13485,1380,CUDA = 1 AND LocalMemory = 1 AND pixelPerThread = 2,0.0 <= OpenCL < 1.0  AND  2.0 <= pixelPerThread < 3.0  AND  LocalMemory >= 1.0  AND  0.0 <= Ldg < 1.0,0.0,0.859504132231405,1.0,0.7536231884057971,37
random_2,62,10,CUDA = 1 AND LocalMemory = 1 AND pixelPerThread = 2,LocalMemory >= 1.0  AND  2.0 <= pixelPerThread < 2.5  AND  0.0 <= OpenCL < 0.5  AND  0.0 <= Linear2D < 1.0,1.0,0.9473684210526316,1.0,0.9,37
random_5,155,16,CUDA = 1 AND LocalMemory = 1 AND pixelPerThread = 2,LocalMemory >= 1.0  AND  2.0 <= pixelPerThread < 3.0  AND  0.0 <= OpenCL < 0.5,0.0,1.0,1.0,1.0,37
random_10,310,26,CUDA = 1 AND LocalMemory = 1 AND pixelPerThread = 2,0.0 <= OpenCL < 1.0  AND  2.0 <= pixelPerThread < 3.0  AND  LocalMemory >= 1.0,0.0,1.0,1.0,1.0,37
random_20,620,55,CUDA = 1 AND LocalMemory = 1 AND pixelPerThread = 2,LocalMemory >= 1.0  AND  2.0 <= pixelPerThread < 3.0  AND  0.0 <= OpenCL < 1.0,0.0,1.0,1.0,1.0,37
2-wise,374,32,CUDA = 1 AND LocalMemory = 1 AND pixelPerThread = 2,0.0 <= OpenCL < 1.0  AND  2.0 <= pixelPerThread < 3.0  AND  LocalMemory >= 1.0,0.0,1.0,1.0,1.0,37
3-wise,2043,194,CUDA = 1 AND LocalMemory = 1 AND pixelPerThread = 2,LocalMemory >= 1.0  AND  2.0 <= pixelPerThread < 3.0  AND  padding >= 64.0  AND  0.0 <= OpenCL < 1.0,0.0,0.931129476584022,1.0,0.8711340206185567,37
4-wise,6786,634,CUDA = 1 AND LocalMemory = 1 AND pixelPerThread = 2,0.0 <= OpenCL < 1.0  AND  2.0 <= pixelPerThread < 3.0  AND  LocalMemory >= 1.0  AND  padding < 512.0,0.0,0.9691056910569108,1.0,0.94006309148265,37
full,13485,2184,CUDA = 1 AND TextureMemory = 1 AND pixelPerThread = 1,pixelPerThread < 2.0  AND  TextureMemory >= 1.0  AND  0.0 <= OpenCL < 1.0  AND  0.0 <= bs_256x1 < 1.0,2.0,0.975609756097561,1.0,0.9523809523809524,38
random_2,62,0,CUDA = 1 AND TextureMemory = 1 AND pixelPerThread = 1,,,0.0,0.0,0.0,38
random_5,155,32,CUDA = 1 AND TextureMemory = 1 AND pixelPerThread = 1,TextureMemory >= 1.0  AND  pixelPerThread < 2.0,0.0,1.0,1.0,1.0,38
random_10,310,46,CUDA = 1 AND TextureMemory = 1 AND pixelPerThread = 1,pixelPerThread < 2.0  AND  0.0 <= OpenCL < 1.0  AND  TextureMemory >= 0.5,0.0,1.0,1.0,1.0,38
random_20,620,95,CUDA = 1 AND TextureMemory = 1 AND pixelPerThread = 1,0.0 <= OpenCL < 1.0  AND  pixelPerThread < 2.0  AND  TextureMemory >= 1.0,0.0,1.0,1.0,1.0,38
2-wise,382,72,CUDA = 1 AND TextureMemory = 1 AND pixelPerThread = 1,0.0 <= bs_256x1 < 0.5  AND  pixelPerThread < 2.0  AND  TextureMemory >= 1.0  AND  0.0 <= OpenCL < 1.0,0.0,0.9714285714285714,1.0,0.9444444444444444,38
3-wise,2031,329,CUDA = 1 AND TextureMemory = 1 AND pixelPerThread = 1,pixelPerThread < 2.0  AND  0.0 <= OpenCL < 1.0  AND  TextureMemory >= 1.0,0.0,1.0,1.0,1.0,38
4-wise,6791,1214,CUDA = 1 AND TextureMemory = 1 AND pixelPerThread = 1,0.0 <= OpenCL < 1.0  AND  pixelPerThread < 2.0  AND  TextureMemory >= 1.0,1.0,1.0,1.0,1.0,38
full,13485,1872,CUDA = 1 AND TextureMemory = 1 AND pixelPerThread = 3,TextureMemory >= 1.0  AND  3.0 <= pixelPerThread < 4.0  AND  0.0 <= OpenCL < 1.0  AND  0.0 <= bs_64x8 < 1.0,0.0,0.9714285714285714,1.0,0.9444444444444444,39
random_2,62,0,CUDA = 1 AND TextureMemory = 1 AND pixelPerThread = 3,,,0.0,0.0,0.0,39
random_5,155,27,CUDA = 1 AND TextureMemory = 1 AND pixelPerThread = 3,TextureMemory >= 1.0  AND  3.0 <= pixelPerThread < 4.0,0.0,1.0,1.0,1.0,39
random_10,310,37,CUDA = 1 AND TextureMemory = 1 AND pixelPerThread = 3,TextureMemory >= 1.0  AND  3.0 <= pixelPerThread < 4.0,0.0,1.0,1.0,1.0,39
random_20,620,89,CUDA = 1 AND TextureMemory = 1 AND pixelPerThread = 3,TextureMemory >= 1.0  AND  3.0 <= pixelPerThread < 4.0  AND  0.0 <= bs_256x1 < 1.0,0.0,0.9770114942528736,1.0,0.9550561797752808,39
2-wise,376,58,CUDA = 1 AND TextureMemory = 1 AND pixelPerThread = 3,TextureMemory >= 1.0  AND  3.0 <= pixelPerThread < 4.0,0.0,0.9914529914529916,0.9830508474576272,1.0,39
3-wise,2019,346,CUDA = 1 AND TextureMemory = 1 AND pixelPerThread = 3,3.0 <= pixelPerThread < 4.0  AND  TextureMemory >= 1.0  AND  0.0 <= OpenCL < 1.0,0.0,1.0,1.0,1.0,39
4-wise,6794,1149,CUDA = 1 AND TextureMemory = 1 AND pixelPerThread = 3,TextureMemory >= 1.0  AND  3.0 <= pixelPerThread < 4.0  AND  0.0 <= OpenCL < 1.0  AND  0.0 <= Linear2D < 1.0,0.0,0.8031250000000001,1.0,0.6710182767624021,39
full,13485,2635,CUDA = 1 AND Ldg = 1 AND TextureMemory = 1,Ldg >= 1.0  AND  0.0 <= bs_32x8 < 1.0  AND  0.0 <= bs_64x2 < 1.0,1.0,0.945578231292517,1.0,0.896774193548387,3
random_2,62,0,CUDA = 1 AND Ldg = 1 AND TextureMemory = 1,,,0.0,0.0,0.0,3
random_5,155,27,CUDA = 1 AND Ldg = 1 AND TextureMemory = 1,Ldg >= 1.0,0.0,1.0,1.0,1.0,3
random_10,310,57,CUDA = 1 AND Ldg = 1 AND TextureMemory = 1,Ldg >= 1.0,0.0,1.0,1.0,1.0,3
random_20,620,119,CUDA = 1 AND Ldg = 1 AND TextureMemory = 1,Ldg >= 1.0,0.0,1.0,1.0,1.0,3
2-wise,376,77,CUDA = 1 AND Ldg = 1 AND TextureMemory = 1,Ldg >= 1.0,0.0,1.0,1.0,1.0,3
3-wise,2043,449,CUDA = 1 AND Ldg = 1 AND TextureMemory = 1,Ldg >= 1.0,1.0,1.0,1.0,1.0,3
4-wise,6800,1556,CUDA = 1 AND Ldg = 1 AND TextureMemory = 1,Ldg >= 1.0,2.0,1.0,1.0,1.0,3
full,13485,2635,CUDA = 1 AND Ldg = 1 AND TextureMemory = 1,Ldg >= 1.0  AND  0.0 <= bs_64x2 < 1.0  AND  pixelPerThread >= 2.0  AND  0.0 <= bs_128x2 < 1.0,1.0,0.7890625,1.0,0.6516129032258065,40
random_2,62,12,CUDA = 1 AND Ldg = 1 AND TextureMemory = 1,Ldg >= 0.5,0.0,1.0,1.0,1.0,40
random_5,155,29,CUDA = 1 AND Ldg = 1 AND TextureMemory = 1,Ldg >= 1.0,0.0,1.0,1.0,1.0,40
random_10,310,54,CUDA = 1 AND Ldg = 1 AND TextureMemory = 1,Ldg >= 1.0,0.0,1.0,1.0,1.0,40
random_20,620,120,CUDA = 1 AND Ldg = 1 AND TextureMemory = 1,Ldg >= 1.0,0.0,1.0,1.0,1.0,40
2-wise,377,74,CUDA = 1 AND Ldg = 1 AND TextureMemory = 1,Ldg >= 1.0,0.0,1.0,1.0,1.0,40
3-wise,2047,455,CUDA = 1 AND Ldg = 1 AND TextureMemory = 1,Ldg >= 1.0,1.0,1.0,1.0,1.0,40
4-wise,6749,1528,CUDA = 1 AND Ldg = 1 AND TextureMemory = 1,Ldg >= 1.0  AND  0.0 <= bs_64x1 < 0.5,2.0,0.9755279919544082,1.0,0.9522251308900525,40
full,13485,1380,CUDA = 1 AND LocalMemory = 1 AND pixelPerThread = 2,LocalMemory >= 1.0  AND  2.0 <= pixelPerThread < 3.0  AND  0.0 <= OpenCL < 1.0  AND  0.0 <= Linear1D < 1.0,0.0,0.859504132231405,1.0,0.7536231884057971,41
random_2,62,5,CUDA = 1 AND LocalMemory = 1 AND pixelPerThread = 2,0.0 <= Linear1D < 0.5  AND  3.0 <= pixelPerThread < 4.0,0.0,0.0,0.0,0.0,41
random_5,155,20,CUDA = 1 AND LocalMemory = 1 AND pixelPerThread = 2,LocalMemory >= 1.0  AND  2.0 <= pixelPerThread < 3.0  AND  0.0 <= OpenCL < 1.0,0.0,1.0,1.0,1.0,41
random_10,310,32,CUDA = 1 AND LocalMemory = 1 AND pixelPerThread = 2,LocalMemory >= 1.0  AND  2.0 <= pixelPerThread < 3.0  AND  0.0 <= OpenCL < 1.0,0.0,1.0,1.0,1.0,41
random_20,620,67,CUDA = 1 AND LocalMemory = 1 AND pixelPerThread = 2,0.0 <= OpenCL < 1.0  AND  2.0 <= pixelPerThread < 3.0  AND  LocalMemory >= 0.5  AND  0.0 <= Linear1D < 1.0,0.0,0.864406779661017,1.0,0.7611940298507462,41
2-wise,373,40,CUDA = 1 AND LocalMemory = 1 AND pixelPerThread = 2,LocalMemory >= 1.0  AND  2.0 <= pixelPerThread < 3.0  AND  0.0 <= OpenCL < 1.0,0.0,1.0,1.0,1.0,41
3-wise,2050,204,CUDA = 1 AND LocalMemory = 1 AND pixelPerThread = 2,0.0 <= OpenCL < 1.0  AND  2.0 <= pixelPerThread < 3.0  AND  LocalMemory >= 1.0,0.0,1.0,1.0,1.0,41
4-wise,6773,662,CUDA = 1 AND LocalMemory = 1 AND pixelPerThread = 2,LocalMemory >= 1.0  AND  2.0 <= pixelPerThread < 3.0  AND  0.0 <= OpenCL < 1.0  AND  0.0 <= bs_256x2 < 1.0,0.0,0.9744384198295896,1.0,0.9501510574018128,41
full,13485,2635,CUDA = 1 AND Ldg = 1 AND TextureMemory = 1,Ldg >= 1.0,1.0,1.0,1.0,1.0,42
random_2,62,16,CUDA = 1 AND Ldg = 1 AND TextureMemory = 1,Ldg >= 1.0,0.0,1.0,1.0,1.0,42
random_5,155,28,CUDA = 1 AND Ldg = 1 AND TextureMemory = 1,Ldg >= 1.0,0.0,1.0,1.0,1.0,42
random_10,310,58,CUDA = 1 AND Ldg = 1 AND TextureMemory = 1,Ldg >= 1.0,0.0,1.0,1.0,1.0,42
random_20,620,111,CUDA = 1 AND Ldg = 1 AND TextureMemory = 1,Ldg >= 1.0,0.0,1.0,1.0,1.0,42
2-wise,379,69,CUDA = 1 AND Ldg = 1 AND TextureMemory = 1,Ldg >= 1.0,0.0,1.0,1.0,1.0,42
3-wise,2057,460,CUDA = 1 AND Ldg = 1 AND TextureMemory = 1,Ldg >= 1.0  AND  0.0 <= bs_32x1 < 1.0  AND  0.0 <= bs_1024x1 < 1.0,0.0,0.9497716894977168,1.0,0.9043478260869564,42
4-wise,6769,1542,CUDA = 1 AND Ldg = 1 AND TextureMemory = 1,Ldg >= 1.0,1.0,1.0,1.0,1.0,42
full,13485,1872,CUDA = 1 AND TextureMemory = 1 AND pixelPerThread = 3,32.0 <= padding < 448.0  AND  3.0 <= pixelPerThread < 4.0  AND  TextureMemory >= 1.0  AND  0.0 <= bs_32x2 < 1.0,0.0,0.8292682926829268,1.0,0.7083333333333334,43
random_2,62,9,CUDA = 1 AND TextureMemory = 1 AND pixelPerThread = 3,3.0 <= pixelPerThread < 3.5  AND  TextureMemory >= 0.5,0.0,1.0,1.0,1.0,43
random_5,155,24,CUDA = 1 AND TextureMemory = 1 AND pixelPerThread = 3,TextureMemory >= 1.0  AND  3.0 <= pixelPerThread < 4.0,0.0,1.0,1.0,1.0,43
random_10,310,34,CUDA = 1 AND TextureMemory = 1 AND pixelPerThread = 3,TextureMemory >= 1.0  AND  3.0 <= pixelPerThread < 4.0  AND  0.0 <= Array2D < 0.5,0.0,1.0,1.0,1.0,43
random_20,620,73,CUDA = 1 AND TextureMemory = 1 AND pixelPerThread = 3,0.0 <= OpenCL < 1.0  AND  3.0 <= pixelPerThread < 4.0  AND  TextureMemory >= 1.0  AND  0.0 <= bs_32x4 < 1.0,0.0,0.9790209790209792,1.0,0.958904109589041,43
2-wise,378,45,CUDA = 1 AND TextureMemory = 1 AND pixelPerThread = 3,TextureMemory >= 1.0  AND  3.0 <= pixelPerThread < 4.0,0.0,1.0,1.0,1.0,43
3-wise,2036,310,CUDA = 1 AND TextureMemory = 1 AND pixelPerThread = 3,TextureMemory >= 1.0  AND  3.0 <= pixelPerThread < 4.0  AND  0.0 <= OpenCL < 1.0  AND  0.0 <= bs_32x2 < 1.0,0.0,0.9683860232945092,1.0,0.9387096774193548,43
4-wise,6796,1142,CUDA = 1 AND TextureMemory = 1 AND pixelPerThread = 3,3.0 <= pixelPerThread < 4.0  AND  0.0 <= OpenCL < 1.0  AND  TextureMemory >= 1.0  AND  0.0 <= bs_512x1 < 0.5,3.0,0.9753252579632122,1.0,0.9518388791593696,43
full,13485,1449,CUDA = 1 AND LocalMemory = 1 AND pixelPerThread = 1,0.0 <= OpenCL < 1.0  AND  pixelPerThread < 2.0  AND  LocalMemory >= 1.0  AND  0.0 <= bs_32x4 < 1.0,0.0,0.975609756097561,1.0,0.9523809523809524,44
random_2,62,0,CUDA = 1 AND LocalMemory = 1 AND pixelPerThread = 1,,,0.0,0.0,0.0,44
random_5,155,0,CUDA = 1 AND LocalMemory = 1 AND pixelPerThread = 1,,,0.0,0.0,0.0,44
random_10,310,0,CUDA = 1 AND LocalMemory = 1 AND pixelPerThread = 1,,,0.0,0.0,0.0,44
random_20,620,62,CUDA = 1 AND LocalMemory = 1 AND pixelPerThread = 1,pixelPerThread < 2.0  AND  LocalMemory >= 1.0  AND  0.0 <= OpenCL < 1.0,0.0,1.0,1.0,1.0,44
2-wise,381,39,CUDA = 1 AND LocalMemory = 1 AND pixelPerThread = 1,LocalMemory >= 1.0  AND  pixelPerThread < 2.0  AND  0.0 <= OpenCL < 1.0,0.0,1.0,1.0,1.0,44
3-wise,2060,224,CUDA = 1 AND LocalMemory = 1 AND pixelPerThread = 1,LocalMemory >= 1.0  AND  pixelPerThread < 2.0  AND  0.0 <= OpenCL < 1.0,0.0,1.0,1.0,1.0,44
4-wise,6796,720,CUDA = 1 AND LocalMemory = 1 AND pixelPerThread = 1,LocalMemory >= 1.0  AND  pixelPerThread < 2.0  AND  0.0 <= bs_32x4 < 1.0  AND  0.0 <= OpenCL < 1.0,0.0,0.9816124469589816,1.0,0.9638888888888888,44
full,13485,1449,CUDA = 1 AND LocalMemory = 1 AND pixelPerThread = 1,0.0 <= OpenCL < 1.0  AND  pixelPerThread < 2.0  AND  LocalMemory >= 1.0  AND  0.0 <= Linear1D < 1.0,0.0,0.859504132231405,1.0,0.7536231884057971,45
random_2,62,7,CUDA = 1 AND LocalMemory = 1 AND pixelPerThread = 1,LocalMemory >= 1.0  AND  pixelPerThread < 2.0,0.0,1.0,1.0,1.0,45
random_5,155,12,CUDA = 1 AND LocalMemory = 1 AND pixelPerThread = 1,LocalMemory >= 1.0  AND  pixelPerThread < 2.0  AND  0.0 <= OpenCL < 1.0,0.0,1.0,1.0,1.0,45
random_10,310,37,CUDA = 1 AND LocalMemory = 1 AND pixelPerThread = 1,LocalMemory >= 1.0  AND  pixelPerThread < 2.0  AND  0.0 <= OpenCL < 1.0,0.0,1.0,1.0,1.0,45
random_20,620,76,CUDA = 1 AND LocalMemory = 1 AND pixelPerThread = 1,0.0 <= OpenCL < 1.0  AND  pixelPerThread < 2.0  AND  LocalMemory >= 1.0,0.0,1.0,1.0,1.0,45
2-wise,377,47,CUDA = 1 AND LocalMemory = 1 AND pixelPerThread = 1,LocalMemory >= 1.0  AND  pixelPerThread < 2.0  AND  0.0 <= OpenCL < 1.0,0.0,1.0,1.0,1.0,45
3-wise,2045,209,CUDA = 1 AND LocalMemory = 1 AND pixelPerThread = 1,LocalMemory >= 1.0  AND  pixelPerThread < 2.0  AND  0.0 <= OpenCL < 1.0,0.0,1.0,1.0,1.0,45
4-wise,6801,730,CUDA = 1 AND LocalMemory = 1 AND pixelPerThread = 1,pixelPerThread < 2.0  AND  0.0 <= OpenCL < 1.0  AND  LocalMemory >= 1.0  AND  0.0 <= bs_32x16 < 1.0,0.0,0.9775910364145658,1.0,0.9561643835616438,45
full,13485,1872,CUDA = 1 AND TextureMemory = 1 AND pixelPerThread = 4,pixelPerThread >= 4.0  AND  0.0 <= OpenCL < 1.0  AND  TextureMemory >= 1.0  AND  0.0 <= bs_64x2 < 1.0,2.0,0.9714285714285714,1.0,0.9444444444444444,46
random_2,62,0,CUDA = 1 AND TextureMemory = 1 AND pixelPerThread = 4,,,0.0,0.0,0.0,46
random_5,155,23,CUDA = 1 AND TextureMemory = 1 AND pixelPerThread = 4,pixelPerThread >= 4.0  AND  TextureMemory >= 1.0,0.0,1.0,1.0,1.0,46
random_10,310,41,CUDA = 1 AND TextureMemory = 1 AND pixelPerThread = 4,TextureMemory >= 1.0  AND  pixelPerThread >= 4.0,0.0,1.0,1.0,1.0,46
random_20,620,82,CUDA = 1 AND TextureMemory = 1 AND pixelPerThread = 4,pixelPerThread >= 4.0  AND  TextureMemory >= 1.0  AND  0.0 <= OpenCL < 1.0,0.0,1.0,1.0,1.0,46
2-wise,379,55,CUDA = 1 AND TextureMemory = 1 AND pixelPerThread = 4,0.0 <= OpenCL < 1.0  AND  pixelPerThread >= 4.0  AND  TextureMemory >= 1.0,0.0,1.0,1.0,1.0,46
3-wise,2050,342,CUDA = 1 AND TextureMemory = 1 AND pixelPerThread = 4,pixelPerThread >= 4.0  AND  TextureMemory >= 1.0  AND  0.0 <= OpenCL < 1.0,1.0,1.0,1.0,1.0,46
4-wise,6790,1146,CUDA = 1 AND TextureMemory = 1 AND pixelPerThread = 4,pixelPerThread >= 4.0  AND  0.0 <= OpenCL < 1.0  AND  TextureMemory >= 1.0  AND  0.0 <= bs_512x1 < 1.0,1.0,0.9758713136729222,1.0,0.9528795811518324,46
full,13485,1872,CUDA = 1 AND TextureMemory = 1 AND pixelPerThread = 3,TextureMemory >= 1.0  AND  3.0 <= pixelPerThread < 4.0  AND  0.0 <= OpenCL < 1.0  AND  0.0 <= bs_128x1 < 1.0,0.0,0.9714285714285714,1.0,0.9444444444444444,47
random_2,62,11,CUDA = 1 AND TextureMemory = 1 AND pixelPerThread = 3,TextureMemory >= 1.0  AND  3.0 <= pixelPerThread < 4.0,0.0,1.0,1.0,1.0,47
random_5,155,28,CUDA = 1 AND TextureMemory = 1 AND pixelPerThread = 3,3.0 <= pixelPerThread < 3.5  AND  TextureMemory >= 1.0,0.0,1.0,1.0,1.0,47
random_10,310,47,CUDA = 1 AND TextureMemory = 1 AND pixelPerThread = 3,TextureMemory >= 1.0  AND  3.0 <= pixelPerThread < 4.0  AND  0.0 <= OpenCL < 1.0,0.0,1.0,1.0,1.0,47
random_20,620,85,CUDA = 1 AND TextureMemory = 1 AND pixelPerThread = 3,0.0 <= OpenCL < 1.0  AND  3.0 <= pixelPerThread < 4.0  AND  TextureMemory >= 1.0,0.0,1.0,1.0,1.0,47
2-wise,378,56,CUDA = 1 AND TextureMemory = 1 AND pixelPerThread = 3,0.0 <= Array2D < 1.0  AND  3.0 <= pixelPerThread < 4.0  AND  TextureMemory >= 1.0,0.0,0.9818181818181818,1.0,0.9642857142857144,47
3-wise,2034,326,CUDA = 1 AND TextureMemory = 1 AND pixelPerThread = 3,TextureMemory >= 1.0  AND  3.0 <= pixelPerThread < 4.0  AND  0.0 <= OpenCL < 1.0  AND  0.0 <= bs_128x8 < 1.0,0.0,0.9764521193092622,1.0,0.9539877300613496,47
4-wise,6793,1144,CUDA = 1 AND TextureMemory = 1 AND pixelPerThread = 3,3.0 <= pixelPerThread < 4.0  AND  TextureMemory >= 1.0  AND  0.0 <= OpenCL < 1.0  AND  0.0 <= bs_128x2 < 1.0,1.0,0.9762863534675614,1.0,0.9536713286713286,47
full,13485,2132,CUDA = 1 AND TextureMemory = 1 AND pixelPerThread = 2,2.0 <= pixelPerThread < 3.0  AND  padding >= 320.0  AND  TextureMemory >= 1.0  AND  0.0 <= bs_64x2 < 1.0,2.0,0.5550660792951542,1.0,0.3841463414634146,48
random_2,62,0,CUDA = 1 AND TextureMemory = 1 AND pixelPerThread = 2,,,0.0,0.0,0.0,48
random_5,155,31,CUDA = 1 AND TextureMemory = 1 AND pixelPerThread = 2,1.5 <= pixelPerThread < 3.0  AND  0.0 <= OpenCL < 1.0  AND  TextureMemory >= 1.0  AND  0.0 <= bs_128x2 < 1.0,0.0,0.9836065573770492,1.0,0.967741935483871,48
random_10,310,45,CUDA = 1 AND TextureMemory = 1 AND pixelPerThread = 2,TextureMemory >= 1.0  AND  2.0 <= pixelPerThread < 3.0  AND  0.0 <= bs_64x2 < 1.0,0.0,0.9887640449438202,1.0,0.9777777777777776,48
random_20,620,84,CUDA = 1 AND TextureMemory = 1 AND pixelPerThread = 2,TextureMemory >= 1.0  AND  2.0 <= pixelPerThread < 3.0  AND  0.0 <= bs_64x2 < 1.0,0.0,0.975609756097561,1.0,0.9523809523809524,48
2-wise,381,61,CUDA = 1 AND TextureMemory = 1 AND pixelPerThread = 2,0.0 <= OpenCL < 1.0  AND  2.0 <= pixelPerThread < 3.0  AND  TextureMemory >= 1.0,0.0,1.0,1.0,1.0,48
3-wise,2048,359,CUDA = 1 AND TextureMemory = 1 AND pixelPerThread = 2,0.0 <= OpenCL < 1.0  AND  2.0 <= pixelPerThread < 3.0  AND  TextureMemory >= 1.0  AND  0.0 <= bs_64x16 < 1.0,0.0,0.96987087517934,1.0,0.9415041782729804,48
4-wise,6764,1193,CUDA = 1 AND TextureMemory = 1 AND pixelPerThread = 2,0.0 <= OpenCL < 1.0  AND  2.0 <= pixelPerThread < 3.0  AND  TextureMemory >= 1.0  AND  0.0 <= bs_128x1 < 1.0,1.0,0.9759656652360515,1.0,0.953059513830679,48
full,13485,2635,CUDA = 1 AND Linear2D = 1 AND TextureMemory = 1,Linear2D >= 1.0  AND  0.0 <= LocalMemory < 1.0  AND  0.0 <= bs_128x4 < 1.0  AND  0.0 <= bs_64x8 < 1.0,1.0,0.658008658008658,1.0,0.4903225806451612,49
random_2,62,13,CUDA = 1 AND Linear2D = 1 AND TextureMemory = 1,Linear2D >= 1.0,0.0,1.0,1.0,1.0,49
random_5,155,25,CUDA = 1 AND Linear2D = 1 AND TextureMemory = 1,Linear2D >= 1.0,0.0,1.0,1.0,1.0,49
random_10,310,61,CUDA = 1 AND Linear2D = 1 AND TextureMemory = 1,Linear2D >= 1.0,0.0,1.0,1.0,1.0,49
random_20,620,114,CUDA = 1 AND Linear2D = 1 AND TextureMemory = 1,Linear2D >= 1.0  AND  0.0 <= bs_128x4 < 1.0,0.0,0.9636363636363636,1.0,0.9298245614035088,49
2-wise,372,74,CUDA = 1 AND Linear2D = 1 AND TextureMemory = 1,Linear2D >= 1.0,0.0,1.0,1.0,1.0,49
3-wise,2036,429,CUDA = 1 AND Linear2D = 1 AND TextureMemory = 1,Linear2D >= 1.0  AND  0.0 <= bs_32x2 < 1.0,0.0,0.9761336515513128,1.0,0.9533799533799534,49
4-wise,6788,1525,CUDA = 1 AND Linear2D = 1 AND TextureMemory = 1,Linear2D >= 1.0  AND  padding >= 256.0,2.0,0.6904250751395449,1.0,0.5272131147540984,49
full,13485,2635,CUDA = 1 AND Linear2D = 1 AND TextureMemory = 1,Linear2D >= 1.0  AND  0.0 <= bs_256x2 < 1.0  AND  0.0 <= bs_128x1 < 1.0  AND  0.0 <= bs_64x4 < 1.0,3.0,0.916083916083916,1.0,0.8451612903225807,4
random_2,62,11,CUDA = 1 AND Linear2D = 1 AND TextureMemory = 1,Linear2D >= 1.0,0.0,1.0,1.0,1.0,4
random_5,155,30,CUDA = 1 AND Linear2D = 1 AND TextureMemory = 1,Linear2D >= 0.5,0.0,1.0,1.0,1.0,4
random_10,310,49,CUDA = 1 AND Linear2D = 1 AND TextureMemory = 1,Linear2D >= 1.0,0.0,1.0,1.0,1.0,4
random_20,620,103,CUDA = 1 AND Linear2D = 1 AND TextureMemory = 1,Linear2D >= 1.0  AND  0.0 <= bs_256x2 < 1.0,0.0,0.9648241206030151,1.0,0.9320388349514565,4
2-wise,376,74,CUDA = 1 AND Linear2D = 1 AND TextureMemory = 1,Linear2D >= 1.0  AND  0.0 <= bs_512x2 < 0.5,0.0,0.9793103448275862,1.0,0.9594594594594594,4
3-wise,2039,457,CUDA = 1 AND Linear2D = 1 AND TextureMemory = 1,Linear2D >= 1.0  AND  0.0 <= bs_32x4 < 1.0,1.0,0.9764837625979844,1.0,0.9540481400437636,4
4-wise,6779,1526,CUDA = 1 AND Linear2D = 1 AND TextureMemory = 1,Linear2D >= 1.0,3.0,1.0,1.0,1.0,4
full,13485,1380,CUDA = 1 AND LocalMemory = 1 AND pixelPerThread = 2,0.0 <= OpenCL < 1.0  AND  2.0 <= pixelPerThread < 3.0  AND  LocalMemory >= 1.0  AND  0.0 <= bs_128x2 < 1.0,0.0,0.9743589743589745,1.0,0.95,50
random_2,62,10,CUDA = 1 AND LocalMemory = 1 AND pixelPerThread = 2,LocalMemory >= 0.5  AND  2.0 <= pixelPerThread < 3.0  AND  0.0 <= OpenCL < 1.0,0.0,1.0,1.0,1.0,50
random_5,155,8,CUDA = 1 AND LocalMemory = 1 AND pixelPerThread = 2,0.0 <= LocalMemory < 1.0  AND  320.0 <= padding < 480.0  AND  0.0 <= bs_32x8 < 1.0,0.0,0.0,0.0,0.0,50
random_10,310,28,CUDA = 1 AND LocalMemory = 1 AND pixelPerThread = 2,2.0 <= pixelPerThread < 3.0  AND  LocalMemory >= 1.0  AND  0.0 <= OpenCL < 1.0,0.0,1.0,1.0,1.0,50
random_20,620,51,CUDA = 1 AND LocalMemory = 1 AND pixelPerThread = 2,LocalMemory >= 1.0  AND  2.0 <= pixelPerThread < 3.0  AND  0.0 <= bs_32x4 < 1.0  AND  0.0 <= OpenCL < 1.0,0.0,0.9696969696969696,1.0,0.9411764705882352,50
2-wise,381,37,CUDA = 1 AND LocalMemory = 1 AND pixelPerThread = 2,0.0 <= OpenCL < 1.0  AND  2.0 <= pixelPerThread < 3.0  AND  LocalMemory >= 1.0,0.0,1.0,1.0,1.0,50
3-wise,2035,208,CUDA = 1 AND LocalMemory = 1 AND pixelPerThread = 2,LocalMemory >= 1.0  AND  2.0 <= pixelPerThread < 3.0  AND  0.0 <= OpenCL < 1.0  AND  0.0 <= bs_32x32 < 1.0,0.0,0.965174129353234,1.0,0.9326923076923076,50
4-wise,6751,657,CUDA = 1 AND LocalMemory = 1 AND pixelPerThread = 2,LocalMemory >= 1.0  AND  2.0 <= pixelPerThread < 3.0  AND  TextureMemory >= 1.0  AND  padding >= 32.0,0.0,0.9031719532554258,1.0,0.8234398782343988,50
full,13485,2635,CUDA = 1 AND Linear2D = 1 AND TextureMemory = 1,Linear2D >= 1.0  AND  0.0 <= bs_128x4 < 1.0,3.0,0.9735099337748344,1.0,0.9483870967741936,51
random_2,62,16,CUDA = 1 AND Linear2D = 1 AND TextureMemory = 1,Linear2D >= 1.0,0.0,1.0,1.0,1.0,51
random_5,155,37,CUDA = 1 AND Linear2D = 1 AND TextureMemory = 1,Linear2D >= 0.5,0.0,1.0,1.0,1.0,51
random_10,310,57,CUDA = 1 AND Linear2D = 1 AND TextureMemory = 1,Linear2D >= 1.0,0.0,1.0,1.0,1.0,51
random_20,620,117,CUDA = 1 AND Linear2D = 1 AND TextureMemory = 1,Linear2D >= 1.0  AND  0.0 <= bs_128x4 < 1.0,0.0,0.96,1.0,0.9230769230769232,51
2-wise,377,77,CUDA = 1 AND Linear2D = 1 AND TextureMemory = 1,Linear2D >= 1.0,0.0,1.0,1.0,1.0,51
3-wise,2019,433,CUDA = 1 AND Linear2D = 1 AND TextureMemory = 1,Linear2D >= 1.0,1.0,1.0,1.0,1.0,51
4-wise,6795,1546,CUDA = 1 AND Linear2D = 1 AND TextureMemory = 1,Linear2D >= 1.0  AND  0.0 <= bs_128x4 < 1.0,3.0,0.9748010610079576,1.0,0.9508408796895214,51
full,13485,1380,CUDA = 1 AND LocalMemory = 1 AND pixelPerThread = 2,0.0 <= bs_512x1 < 1.0  AND  2.0 <= pixelPerThread < 3.0  AND  LocalMemory >= 1.0  AND  0.0 <= OpenCL < 1.0,0.0,0.9743589743589745,1.0,0.95,52
random_2,62,0,CUDA = 1 AND LocalMemory = 1 AND pixelPerThread = 2,,,0.0,0.0,0.0,52
random_5,155,0,CUDA = 1 AND LocalMemory = 1 AND pixelPerThread = 2,,,0.0,0.0,0.0,52
random_10,310,35,CUDA = 1 AND LocalMemory = 1 AND pixelPerThread = 2,LocalMemory >= 1.0  AND  2.0 <= pixelPerThread < 3.0  AND  0.0 <= OpenCL < 1.0,0.0,1.0,1.0,1.0,52
random_20,620,56,CUDA = 1 AND LocalMemory = 1 AND pixelPerThread = 2,LocalMemory >= 1.0  AND  1.5 <= pixelPerThread < 3.0  AND  0.0 <= OpenCL < 0.5,0.0,1.0,1.0,1.0,52
2-wise,371,0,CUDA = 1 AND LocalMemory = 1 AND pixelPerThread = 2,,,0.0,0.0,0.0,52
3-wise,2045,0,CUDA = 1 AND LocalMemory = 1 AND pixelPerThread = 2,,,0.0,0.0,0.0,52
4-wise,6774,668,CUDA = 1 AND LocalMemory = 1 AND pixelPerThread = 2,0.0 <= bs_128x2 < 1.0  AND  2.0 <= pixelPerThread < 3.0  AND  LocalMemory >= 1.0  AND  0.0 <= OpenCL < 0.5,0.0,0.9801526717557252,1.0,0.9610778443113772,52
full,13485,2635,CUDA = 1 AND Linear2D = 1 AND TextureMemory = 1,Linear2D >= 1.0  AND  pixelPerThread < 3.0  AND  0.0 <= bs_32x8 < 1.0  AND  0.0 <= bs_512x1 < 1.0,3.0,0.6521739130434783,1.0,0.4838709677419355,53
random_2,62,13,CUDA = 1 AND Linear2D = 1 AND TextureMemory = 1,Linear2D >= 1.0,0.0,1.0,1.0,1.0,53
random_5,155,21,CUDA = 1 AND Linear2D = 1 AND TextureMemory = 1,Linear2D >= 1.0,0.0,1.0,1.0,1.0,53
random_10,310,53,CUDA = 1 AND Linear2D = 1 AND TextureMemory = 1,Linear2D >= 1.0,0.0,1.0,1.0,1.0,53
random_20,620,118,CUDA = 1 AND Linear2D = 1 AND TextureMemory = 1,Linear2D >= 0.5,0.0,1.0,1.0,1.0,53
2-wise,379,74,CUDA = 1 AND Linear2D = 1 AND TextureMemory = 1,Linear2D >= 1.0,0.0,1.0,1.0,1.0,53
3-wise,2049,448,CUDA = 1 AND Linear2D = 1 AND TextureMemory = 1,Linear2D >= 1.0  AND  0.0 <= bs_128x8 < 1.0,0.0,0.9748283752860412,1.0,0.9508928571428572,53
4-wise,6745,1549,CUDA = 1 AND Linear2D = 1 AND TextureMemory = 1,Linear2D >= 1.0  AND  0.0 <= bs_512x1 < 1.0  AND  pixelPerThread < 4.0,2.0,0.836213373403456,1.0,0.7185280826339574,53
full,13485,2132,CUDA = 1 AND TextureMemory = 1 AND pixelPerThread = 2,2.0 <= pixelPerThread < 3.0  AND  TextureMemory >= 1.0  AND  0.0 <= OpenCL < 1.0  AND  0.0 <= bs_256x1 < 1.0,1.0,0.975,1.0,0.951219512195122,54
random_2,62,0,CUDA = 1 AND TextureMemory = 1 AND pixelPerThread = 2,,,0.0,0.0,0.0,54
random_5,155,19,CUDA = 1 AND TextureMemory = 1 AND pixelPerThread = 2,TextureMemory >= 1.0  AND  2.0 <= pixelPerThread < 3.0,0.0,1.0,1.0,1.0,54
random_10,310,44,CUDA = 1 AND TextureMemory = 1 AND pixelPerThread = 2,2.0 <= pixelPerThread < 3.0  AND  0.0 <= OpenCL < 1.0  AND  TextureMemory >= 1.0,0.0,1.0,1.0,1.0,54
random_20,620,94,CUDA = 1 AND TextureMemory = 1 AND pixelPerThread = 2,0.0 <= OpenCL < 1.0  AND  2.0 <= pixelPerThread < 3.0  AND  TextureMemory >= 1.0,0.0,1.0,1.0,1.0,54
2-wise,376,74,CUDA = 1 AND TextureMemory = 1 AND pixelPerThread = 2,0.0 <= OpenCL < 1.0  AND  2.0 <= pixelPerThread < 3.0  AND  TextureMemory >= 1.0,0.0,1.0,1.0,1.0,54
3-wise,2041,361,CUDA = 1 AND TextureMemory = 1 AND pixelPerThread = 2,0.0 <= OpenCL < 1.0  AND  2.0 <= pixelPerThread < 3.0  AND  TextureMemory >= 1.0,0.0,1.0,1.0,1.0,54
4-wise,6783,1184,CUDA = 1 AND TextureMemory = 1 AND pixelPerThread = 2,0.0 <= OpenCL < 1.0  AND  2.0 <= pixelPerThread < 3.0  AND  TextureMemory >= 1.0  AND  0.0 <= bs_1024x1 < 1.0,0.0,0.9775474956822108,1.0,0.956081081081081,54
full,13485,2635,CUDA = 1 AND Ldg = 1 AND TextureMemory = 1,Ldg >= 1.0  AND  0.0 <= LocalMemory < 1.0,2.0,0.7029288702928871,1.0,0.5419354838709678,55
random_2,62,0,CUDA = 1 AND Ldg = 1 AND TextureMemory = 1,,,0.0,0.0,0.0,55
random_5,155,38,CUDA = 1 AND Ldg = 1 AND TextureMemory = 1,Ldg >= 1.0,0.0,1.0,1.0,1.0,55
random_10,310,66,CUDA = 1 AND Ldg = 1 AND TextureMemory = 1,Ldg >= 1.0,0.0,1.0,1.0,1.0,55
random_20,620,131,CUDA = 1 AND Ldg = 1 AND TextureMemory = 1,Ldg >= 1.0,0.0,1.0,1.0,1.0,55
2-wise,381,68,CUDA = 1 AND Ldg = 1 AND TextureMemory = 1,Ldg >= 1.0,1.0,1.0,1.0,1.0,55
3-wise,2026,449,CUDA = 1 AND Ldg = 1 AND TextureMemory = 1,Ldg >= 1.0  AND  0.0 <= bs_64x16 < 1.0  AND  0.0 <= bs_512x2 < 0.5,1.0,0.9484777517564402,1.0,0.9020044543429844,55
4-wise,6735,1528,CUDA = 1 AND Ldg = 1 AND TextureMemory = 1,Ldg >= 1.0  AND  0.0 <= bs_64x16 < 1.0  AND  0.0 <= bs_64x2 < 1.0,2.0,0.9501889385091036,1.0,0.9051047120418848,55
full,13485,1449,CUDA = 1 AND LocalMemory = 1 AND pixelPerThread = 1,pixelPerThread < 2.0  AND  LocalMemory >= 1.0  AND  0.0 <= OpenCL < 1.0  AND  0.0 <= bs_64x2 < 1.0,1.0,0.975609756097561,1.0,0.9523809523809524,56
random_2,62,0,CUDA = 1 AND LocalMemory = 1 AND pixelPerThread = 1,,,0.0,0.0,0.0,56
random_5,155,0,CUDA = 1 AND LocalMemory = 1 AND pixelPerThread = 1,,,0.0,0.0,0.0,56
random_10,310,31,CUDA = 1 AND LocalMemory = 1 AND pixelPerThread = 1,pixelPerThread < 2.0  AND  LocalMemory >= 1.0  AND  0.0 <= OpenCL < 1.0,0.0,1.0,1.0,1.0,56
random_20,620,62,CUDA = 1 AND LocalMemory = 1 AND pixelPerThread = 1,pixelPerThread < 2.0  AND  LocalMemory >= 1.0  AND  0.0 <= OpenCL < 1.0,0.0,1.0,1.0,1.0,56
2-wise,378,39,CUDA = 1 AND LocalMemory = 1 AND pixelPerThread = 1,LocalMemory >= 1.0  AND  pixelPerThread < 2.0  AND  0.0 <= OpenCL < 1.0  AND  0.0 <= bs_64x8 < 0.5,0.0,0.96,1.0,0.9230769230769232,56
3-wise,2031,223,CUDA = 1 AND LocalMemory = 1 AND pixelPerThread = 1,pixelPerThread < 2.0  AND  0.0 <= OpenCL < 1.0  AND  LocalMemory >= 1.0  AND  0.0 <= bs_512x2 < 1.0,0.0,0.9747126436781608,1.0,0.9506726457399104,56
4-wise,6783,713,CUDA = 1 AND LocalMemory = 1 AND pixelPerThread = 1,pixelPerThread < 2.0  AND  0.0 <= OpenCL < 1.0  AND  LocalMemory >= 1.0  AND  0.0 <= bs_256x2 < 1.0,1.0,0.9777777777777776,1.0,0.9565217391304348,56
full,13485,2184,CUDA = 1 AND TextureMemory = 1 AND pixelPerThread = 1,pixelPerThread < 2.0  AND  TextureMemory >= 1.0  AND  padding >= 192.0  AND  0.0 <= bs_128x1 < 1.0,2.0,0.7534246575342465,1.0,0.6043956043956044,57
random_2,62,0,CUDA = 1 AND TextureMemory = 1 AND pixelPerThread = 1,,,0.0,0.0,0.0,57
random_5,155,23,CUDA = 1 AND TextureMemory = 1 AND pixelPerThread = 1,TextureMemory >= 1.0  AND  pixelPerThread < 2.0,0.0,1.0,1.0,1.0,57
random_10,310,57,CUDA = 1 AND TextureMemory = 1 AND pixelPerThread = 1,TextureMemory >= 1.0  AND  pixelPerThread < 2.0,0.0,1.0,1.0,1.0,57
random_20,620,107,CUDA = 1 AND TextureMemory = 1 AND pixelPerThread = 1,0.0 <= OpenCL < 1.0  AND  pixelPerThread < 2.0  AND  TextureMemory >= 1.0  AND  0.0 <= bs_256x4 < 0.5,0.0,0.971153846153846,1.0,0.9439252336448598,57
2-wise,371,60,CUDA = 1 AND TextureMemory = 1 AND pixelPerThread = 1,pixelPerThread < 2.0  AND  0.0 <= OpenCL < 1.0  AND  TextureMemory >= 1.0  AND  0.0 <= bs_256x4 < 1.0,0.0,0.9743589743589745,1.0,0.95,57
3-wise,2039,359,CUDA = 1 AND TextureMemory = 1 AND pixelPerThread = 1,TextureMemory >= 1.0  AND  pixelPerThread < 2.0  AND  0.0 <= OpenCL < 1.0  AND  0.0 <= bs_64x16 < 1.0,1.0,0.9654178674351584,1.0,0.9331476323119776,57
4-wise,6778,1201,CUDA = 1 AND TextureMemory = 1 AND pixelPerThread = 1,TextureMemory >= 1.0  AND  pixelPerThread < 2.0,2.0,0.988477366255144,0.9772172497965824,1.0,57
full,13485,1449,CUDA = 1 AND LocalMemory = 1 AND pixelPerThread = 1,padding >= 32.0  AND  pixelPerThread < 2.0  AND  LocalMemory >= 1.0  AND  0.0 <= OpenCL < 1.0,0.0,0.962406015037594,1.0,0.927536231884058,58
random_2,62,0,CUDA = 1 AND LocalMemory = 1 AND pixelPerThread = 1,,,0.0,0.0,0.0,58
random_5,155,23,CUDA = 1 AND LocalMemory = 1 AND pixelPerThread = 1,0.0 <= OpenCL < 1.0  AND  pixelPerThread < 2.0  AND  LocalMemory >= 1.0,0.0,1.0,1.0,1.0,58
random_10,310,33,CUDA = 1 AND LocalMemory = 1 AND pixelPerThread = 1,0.0 <= OpenCL < 1.0  AND  pixelPerThread < 2.0  AND  LocalMemory >= 1.0,0.0,1.0,1.0,1.0,58
random_20,620,64,CUDA = 1 AND LocalMemory = 1 AND pixelPerThread = 1,0.0 <= OpenCL < 1.0  AND  pixelPerThread < 1.5  AND  LocalMemory >= 1.0,0.0,1.0,1.0,1.0,58
2-wise,378,47,CUDA = 1 AND LocalMemory = 1 AND pixelPerThread = 1,0.0 <= OpenCL < 1.0  AND  pixelPerThread < 2.0  AND  LocalMemory >= 1.0,0.0,1.0,1.0,1.0,58
3-wise,2060,216,CUDA = 1 AND LocalMemory = 1 AND pixelPerThread = 1,LocalMemory >= 1.0  AND  pixelPerThread < 2.0  AND  0.0 <= OpenCL < 1.0,0.0,1.0,1.0,1.0,58
4-wise,6797,738,CUDA = 1 AND LocalMemory = 1 AND pixelPerThread = 1,LocalMemory >= 1.0  AND  pixelPerThread < 2.0  AND  0.0 <= OpenCL < 1.0  AND  padding >= 32.0,0.0,0.9590973201692524,1.0,0.9214092140921408,58
full,13485,2635,CUDA = 1 AND Linear2D = 1 AND TextureMemory = 1,Linear2D >= 1.0  AND  0.0 <= bs_512x1 < 1.0,3.0,0.9735099337748344,1.0,0.9483870967741936,59
random_2,62,9,CUDA = 1 AND Linear2D = 1 AND TextureMemory = 1,Linear2D >= 0.5,0.0,1.0,1.0,1.0,59
random_5,155,36,CUDA = 1 AND Linear2D = 1 AND TextureMemory = 1,Linear2D >= 1.0,0.0,1.0,1.0,1.0,59
random_10,310,60,CUDA = 1 AND Linear2D = 1 AND TextureMemory = 1,Linear2D >= 1.0,0.0,1.0,1.0,1.0,59
random_20,620,122,CUDA = 1 AND Linear2D = 1 AND TextureMemory = 1,Linear2D >= 1.0,0.0,1.0,1.0,1.0,59
2-wise,378,85,CUDA = 1 AND Linear2D = 1 AND TextureMemory = 1,Linear2D >= 1.0,0.0,1.0,1.0,1.0,59
3-wise,2052,446,CUDA = 1 AND Linear2D = 1 AND TextureMemory = 1,Linear2D >= 1.0,0.0,1.0,1.0,1.0,59
4-wise,6775,1535,CUDA = 1 AND Linear2D = 1 AND TextureMemory = 1,Linear2D >= 1.0  AND  0.0 <= bs_32x16 < 1.0  AND  pixelPerThread < 4.0  AND  0.0 <= bs_128x4 < 0.5,2.0,0.8123791102514507,1.0,0.6840390879478827,59
full,13485,2184,CUDA = 1 AND TextureMemory = 1 AND pixelPerThread = 1,0.0 <= OpenCL < 1.0  AND  pixelPerThread < 2.0  AND  TextureMemory >= 1.0  AND  0.0 <= bs_32x1 < 1.0,2.0,0.975609756097561,1.0,0.9523809523809524,5
random_2,62,0,CUDA = 1 AND TextureMemory = 1 AND pixelPerThread = 1,,,0.0,0.0,0.0,5
random_5,155,25,CUDA = 1 AND TextureMemory = 1 AND pixelPerThread = 1,TextureMemory >= 1.0  AND  pixelPerThread < 2.0,0.0,1.0,1.0,1.0,5
random_10,310,51,CUDA = 1 AND TextureMemory = 1 AND pixelPerThread = 1,TextureMemory >= 1.0  AND  pixelPerThread < 2.0,0.0,0.9902912621359222,0.9807692307692308,1.0,5
random_20,620,105,CUDA = 1 AND TextureMemory = 1 AND pixelPerThread = 1,0.0 <= OpenCL < 1.0  AND  pixelPerThread < 2.0  AND  TextureMemory >= 1.0,0.0,1.0,1.0,1.0,5
2-wise,376,68,CUDA = 1 AND TextureMemory = 1 AND pixelPerThread = 1,0.0 <= Array2D < 1.0  AND  pixelPerThread < 2.0  AND  TextureMemory >= 1.0,0.0,0.9696969696969696,1.0,0.9411764705882352,5
3-wise,2052,370,CUDA = 1 AND TextureMemory = 1 AND pixelPerThread = 1,TextureMemory >= 1.0  AND  pixelPerThread < 2.0  AND  0.0 <= OpenCL < 1.0,0.0,1.0,1.0,1.0,5
4-wise,6767,1202,CUDA = 1 AND TextureMemory = 1 AND pixelPerThread = 1,TextureMemory >= 1.0  AND  pixelPerThread < 2.0  AND  0.0 <= OpenCL < 1.0  AND  0.0 <= bs_128x2 < 1.0,1.0,0.9770212765957448,1.0,0.9550748752079868,5
full,13485,2635,CUDA = 1 AND Linear2D = 1 AND TextureMemory = 1,Linear2D >= 1.0  AND  0.0 <= bs_64x1 < 1.0  AND  0.0 <= bs_32x1 < 1.0,1.0,0.945578231292517,1.0,0.896774193548387,60
random_2,62,0,CUDA = 1 AND Linear2D = 1 AND TextureMemory = 1,,,0.0,0.0,0.0,60
random_5,155,25,CUDA = 1 AND Linear2D = 1 AND TextureMemory = 1,Linear2D >= 1.0,0.0,1.0,1.0,1.0,60
random_10,310,68,CUDA = 1 AND Linear2D = 1 AND TextureMemory = 1,Linear2D >= 1.0,0.0,1.0,1.0,1.0,60
random_20,620,127,CUDA = 1 AND Linear2D = 1 AND TextureMemory = 1,Linear2D >= 1.0,0.0,1.0,1.0,1.0,60
2-wise,375,68,CUDA = 1 AND Linear2D = 1 AND TextureMemory = 1,Linear2D >= 1.0,0.0,1.0,1.0,1.0,60
3-wise,2028,439,CUDA = 1 AND Linear2D = 1 AND TextureMemory = 1,Linear2D >= 1.0  AND  0.0 <= bs_32x1 < 0.5,0.0,0.9766899766899768,1.0,0.9544419134396356,60
4-wise,6735,1525,CUDA = 1 AND Linear2D = 1 AND TextureMemory = 1,Linear2D >= 1.0  AND  pixelPerThread < 3.0,1.0,0.6796536796536797,1.0,0.5147540983606558,60
full,13485,1872,CUDA = 1 AND TextureMemory = 1 AND pixelPerThread = 3,0.0 <= bs_128x2 < 1.0  AND  3.0 <= pixelPerThread < 4.0  AND  Linear2D >= 1.0  AND  0.0 <= bs_128x4 < 1.0,0.0,0.4503311258278146,1.0,0.2905982905982906,61
random_2,62,0,CUDA = 1 AND TextureMemory = 1 AND pixelPerThread = 3,,,0.0,0.0,0.0,61
random_5,155,19,CUDA = 1 AND TextureMemory = 1 AND pixelPerThread = 3,TextureMemory >= 1.0  AND  3.0 <= pixelPerThread < 4.0,0.0,0.9743589743589745,0.95,1.0,61
random_10,310,47,CUDA = 1 AND TextureMemory = 1 AND pixelPerThread = 3,3.0 <= pixelPerThread < 4.0  AND  TextureMemory >= 1.0  AND  0.0 <= OpenCL < 1.0,0.0,1.0,1.0,1.0,61
random_20,620,85,CUDA = 1 AND TextureMemory = 1 AND pixelPerThread = 3,0.0 <= OpenCL < 1.0  AND  3.0 <= pixelPerThread < 4.0  AND  TextureMemory >= 1.0,0.0,1.0,1.0,1.0,61
2-wise,371,62,CUDA = 1 AND TextureMemory = 1 AND pixelPerThread = 3,3.0 <= pixelPerThread < 4.0  AND  0.0 <= OpenCL < 1.0  AND  TextureMemory >= 1.0  AND  0.0 <= bs_64x8 < 0.5,0.0,0.9836065573770492,1.0,0.967741935483871,61
3-wise,2033,333,CUDA = 1 AND TextureMemory = 1 AND pixelPerThread = 3,TextureMemory >= 1.0  AND  3.0 <= pixelPerThread < 4.0  AND  0.0 <= OpenCL < 1.0  AND  0.0 <= bs_64x2 < 1.0,0.0,0.9753846153846154,1.0,0.951951951951952,61
4-wise,6785,1166,CUDA = 1 AND TextureMemory = 1 AND pixelPerThread = 3,0.0 <= bs_64x8 < 1.0  AND  3.0 <= pixelPerThread < 4.0  AND  Ldg >= 1.0,1.0,0.4758169934640523,1.0,0.3121783876500857,61
full,13485,1380,CUDA = 1 AND LocalMemory = 1 AND pixelPerThread = 2,0.0 <= OpenCL < 1.0  AND  2.0 <= pixelPerThread < 3.0  AND  LocalMemory >= 1.0  AND  padding < 320.0,0.0,0.7454545454545455,1.0,0.5942028985507246,62
random_2,62,0,CUDA = 1 AND LocalMemory = 1 AND pixelPerThread = 2,,,0.0,0.0,0.0,62
random_5,155,0,CUDA = 1 AND LocalMemory = 1 AND pixelPerThread = 2,,,0.0,0.0,0.0,62
random_10,310,0,CUDA = 1 AND LocalMemory = 1 AND pixelPerThread = 2,,,0.0,0.0,0.0,62
random_20,620,0,CUDA = 1 AND LocalMemory = 1 AND pixelPerThread = 2,,,0.0,0.0,0.0,62
2-wise,379,0,CUDA = 1 AND LocalMemory = 1 AND pixelPerThread = 2,,,0.0,0.0,0.0,62
3-wise,2055,190,CUDA = 1 AND LocalMemory = 1 AND pixelPerThread = 2,2.0 <= pixelPerThread < 3.0  AND  LocalMemory >= 1.0  AND  0.0 <= OpenCL < 1.0  AND  0.0 <= Linear2D < 1.0,0.0,0.8379204892966361,1.0,0.7210526315789474,62
4-wise,6770,663,CUDA = 1 AND LocalMemory = 1 AND pixelPerThread = 2,LocalMemory >= 1.0  AND  2.0 <= pixelPerThread < 3.0  AND  0.0 <= OpenCL < 1.0  AND  0.0 <= bs_128x1 < 0.5,0.0,0.976851851851852,1.0,0.9547511312217196,62
full,13485,2132,CUDA = 1 AND TextureMemory = 1 AND pixelPerThread = 2,0.0 <= OpenCL < 1.0  AND  2.0 <= pixelPerThread < 3.0  AND  TextureMemory >= 1.0  AND  0.0 <= bs_64x2 < 1.0,0.0,0.975,1.0,0.951219512195122,63
random_2,62,8,CUDA = 1 AND TextureMemory = 1 AND pixelPerThread = 2,96.0 <= padding < 288.0,0.0,0.0,0.0,0.0,63
random_5,155,32,CUDA = 1 AND TextureMemory = 1 AND pixelPerThread = 2,2.0 <= pixelPerThread < 3.0  AND  TextureMemory >= 0.5,0.0,1.0,1.0,1.0,63
random_10,310,53,CUDA = 1 AND TextureMemory = 1 AND pixelPerThread = 2,TextureMemory >= 1.0  AND  2.0 <= pixelPerThread < 3.0,0.0,0.9906542056074767,0.9814814814814816,1.0,63
random_20,620,101,CUDA = 1 AND TextureMemory = 1 AND pixelPerThread = 2,2.0 <= pixelPerThread < 3.0  AND  TextureMemory >= 1.0  AND  0.0 <= OpenCL < 1.0  AND  0.0 <= bs_128x4 < 1.0,0.0,0.9746192893401014,1.0,0.9504950495049505,63
2-wise,377,64,CUDA = 1 AND TextureMemory = 1 AND pixelPerThread = 2,2.0 <= pixelPerThread < 3.0  AND  0.0 <= OpenCL < 1.0  AND  TextureMemory >= 1.0,0.0,1.0,1.0,1.0,63
3-wise,2049,358,CUDA = 1 AND TextureMemory = 1 AND pixelPerThread = 2,2.0 <= pixelPerThread < 3.0  AND  TextureMemory >= 1.0  AND  0.0 <= OpenCL < 1.0,3.0,1.0,1.0,1.0,63
4-wise,6741,1185,CUDA = 1 AND TextureMemory = 1 AND pixelPerThread = 2,2.0 <= pixelPerThread < 3.0  AND  TextureMemory >= 1.0  AND  0.0 <= bs_64x2 < 1.0  AND  0.0 <= OpenCL < 1.0,4.0,0.9749134948096886,1.0,0.9510548523206752,63
full,13485,2635,CUDA = 1 AND Linear2D = 1 AND TextureMemory = 1,Linear2D >= 1.0  AND  0.0 <= bs_64x2 < 1.0  AND  0.0 <= bs_256x2 < 1.0  AND  0.0 <= bs_64x4 < 1.0,2.0,0.916083916083916,1.0,0.8451612903225807,64
random_2,62,11,CUDA = 1 AND Linear2D = 1 AND TextureMemory = 1,Linear2D >= 1.0,0.0,1.0,1.0,1.0,64
random_5,155,26,CUDA = 1 AND Linear2D = 1 AND TextureMemory = 1,Linear2D >= 1.0,0.0,1.0,1.0,1.0,64
random_10,310,47,CUDA = 1 AND Linear2D = 1 AND TextureMemory = 1,Linear2D >= 1.0,0.0,1.0,1.0,1.0,64
random_20,620,100,CUDA = 1 AND Linear2D = 1 AND TextureMemory = 1,Linear2D >= 1.0,0.0,1.0,1.0,1.0,64
2-wise,376,67,CUDA = 1 AND Linear2D = 1 AND TextureMemory = 1,Linear2D >= 1.0,0.0,1.0,1.0,1.0,64
3-wise,2041,449,CUDA = 1 AND Linear2D = 1 AND TextureMemory = 1,Linear2D >= 1.0,1.0,1.0,1.0,1.0,64
4-wise,6758,1532,CUDA = 1 AND Linear2D = 1 AND TextureMemory = 1,Linear2D >= 1.0,1.0,1.0,1.0,1.0,64
full,13485,2635,CUDA = 1 AND Linear1D = 1 AND TextureMemory = 1,Linear1D >= 1.0  AND  0.0 <= bs_512x1 < 1.0  AND  0.0 <= bs_64x4 < 1.0  AND  0.0 <= bs_32x8 < 1.0,1.0,0.916083916083916,1.0,0.8451612903225807,65
random_2,62,9,CUDA = 1 AND Linear1D = 1 AND TextureMemory = 1,Linear1D >= 0.5,0.0,1.0,1.0,1.0,65
random_5,155,24,CUDA = 1 AND Linear1D = 1 AND TextureMemory = 1,Linear1D >= 1.0,0.0,1.0,1.0,1.0,65
random_10,310,75,CUDA = 1 AND Linear1D = 1 AND TextureMemory = 1,Linear1D >= 1.0,0.0,1.0,1.0,1.0,65
random_20,620,141,CUDA = 1 AND Linear1D = 1 AND TextureMemory = 1,Linear1D >= 1.0,0.0,1.0,1.0,1.0,65
2-wise,375,66,CUDA = 1 AND Linear1D = 1 AND TextureMemory = 1,Linear1D >= 1.0,0.0,1.0,1.0,1.0,65
3-wise,2038,452,CUDA = 1 AND Linear1D = 1 AND TextureMemory = 1,Linear1D >= 1.0,1.0,1.0,1.0,1.0,65
4-wise,6757,1532,CUDA = 1 AND Linear1D = 1 AND TextureMemory = 1,Linear1D >= 1.0,1.0,1.0,1.0,1.0,65
full,13485,2635,CUDA = 1 AND Linear2D = 1 AND TextureMemory = 1,Linear2D >= 1.0  AND  0.0 <= bs_64x4 < 1.0  AND  0.0 <= bs_32x4 < 1.0  AND  0.0 <= bs_128x4 < 1.0,2.0,0.916083916083916,1.0,0.8451612903225807,66
random_2,62,15,CUDA = 1 AND Linear2D = 1 AND TextureMemory = 1,Linear2D >= 0.5,0.0,1.0,1.0,1.0,66
random_5,155,37,CUDA = 1 AND Linear2D = 1 AND TextureMemory = 1,Linear2D >= 0.5,0.0,1.0,1.0,1.0,66
random_10,310,65,CUDA = 1 AND Linear2D = 1 AND TextureMemory = 1,Linear2D >= 1.0  AND  0.0 <= bs_64x8 < 1.0,0.0,0.9516129032258064,1.0,0.9076923076923076,66
random_20,620,127,CUDA = 1 AND Linear2D = 1 AND TextureMemory = 1,Linear2D >= 1.0,0.0,1.0,1.0,1.0,66
2-wise,377,69,CUDA = 1 AND Linear2D = 1 AND TextureMemory = 1,Linear2D >= 1.0,0.0,1.0,1.0,1.0,66
3-wise,2049,445,CUDA = 1 AND Linear2D = 1 AND TextureMemory = 1,Linear2D >= 1.0  AND  0.0 <= bs_64x4 < 1.0  AND  0.0 <= bs_1024x1 < 0.5,0.0,0.9504716981132076,1.0,0.90561797752809,66
4-wise,6792,1539,CUDA = 1 AND Linear2D = 1 AND TextureMemory = 1,Linear2D >= 1.0  AND  pixelPerThread >= 2.0,1.0,0.854484555266096,1.0,0.7459389213775178,66
full,13485,2635,CUDA = 1 AND Linear1D = 1 AND TextureMemory = 1,Linear1D >= 1.0,1.0,1.0,1.0,1.0,67
random_2,62,12,CUDA = 1 AND Linear1D = 1 AND TextureMemory = 1,Linear1D >= 0.5,0.0,1.0,1.0,1.0,67
random_5,155,37,CUDA = 1 AND Linear1D = 1 AND TextureMemory = 1,Linear1D >= 0.5,0.0,1.0,1.0,1.0,67
random_10,310,65,CUDA = 1 AND Linear1D = 1 AND TextureMemory = 1,Linear1D >= 1.0  AND  0.0 <= bs_128x2 < 0.5,0.0,0.9763779527559054,1.0,0.953846153846154,67
random_20,620,123,CUDA = 1 AND Linear1D = 1 AND TextureMemory = 1,Linear1D >= 1.0,0.0,1.0,1.0,1.0,67
2-wise,379,75,CUDA = 1 AND Linear1D = 1 AND TextureMemory = 1,Linear1D >= 1.0,0.0,1.0,1.0,1.0,67
3-wise,2053,456,CUDA = 1 AND Linear1D = 1 AND TextureMemory = 1,Linear1D >= 1.0,1.0,1.0,1.0,1.0,67
4-wise,6760,1531,CUDA = 1 AND Linear1D = 1 AND TextureMemory = 1,Linear1D >= 1.0,1.0,1.0,1.0,1.0,67
full,13485,2184,CUDA = 1 AND TextureMemory = 1 AND pixelPerThread = 1,pixelPerThread < 2.0  AND  TextureMemory >= 1.0  AND  32.0 <= padding < 256.0  AND  0.0 <= bs_256x1 < 1.0,0.0,0.5555555555555556,1.0,0.3846153846153846,68
random_2,62,0,CUDA = 1 AND TextureMemory = 1 AND pixelPerThread = 1,,,0.0,0.0,0.0,68
random_5,155,0,CUDA = 1 AND TextureMemory = 1 AND pixelPerThread = 1,,,0.0,0.0,0.0,68
random_10,310,51,CUDA = 1 AND TextureMemory = 1 AND pixelPerThread = 1,TextureMemory >= 1.0  AND  pixelPerThread < 1.5  AND  0.0 <= OpenCL < 1.0,0.0,1.0,1.0,1.0,68
random_20,620,102,CUDA = 1 AND TextureMemory = 1 AND pixelPerThread = 1,0.0 <= OpenCL < 1.0  AND  pixelPerThread < 2.0  AND  TextureMemory >= 1.0,0.0,1.0,1.0,1.0,68
2-wise,373,71,CUDA = 1 AND TextureMemory = 1 AND pixelPerThread = 1,TextureMemory >= 1.0  AND  pixelPerThread < 2.0,0.0,0.993006993006993,0.9861111111111112,1.0,68
3-wise,2031,369,CUDA = 1 AND TextureMemory = 1 AND pixelPerThread = 1,0.0 <= OpenCL < 1.0  AND  pixelPerThread < 2.0  AND  TextureMemory >= 1.0,0.0,1.0,1.0,1.0,68
4-wise,6750,1203,CUDA = 1 AND TextureMemory = 1 AND pixelPerThread = 1,TextureMemory >= 1.0  AND  pixelPerThread < 2.0  AND  0.0 <= OpenCL < 1.0,3.0,1.0,1.0,1.0,68
full,13485,2132,CUDA = 1 AND TextureMemory = 1 AND pixelPerThread = 2,2.0 <= pixelPerThread < 3.0  AND  0.0 <= OpenCL < 1.0  AND  TextureMemory >= 1.0  AND  0.0 <= bs_128x1 < 1.0,0.0,0.975,1.0,0.951219512195122,69
random_2,62,0,CUDA = 1 AND TextureMemory = 1 AND pixelPerThread = 2,,,0.0,0.0,0.0,69
random_5,155,28,CUDA = 1 AND TextureMemory = 1 AND pixelPerThread = 2,TextureMemory >= 1.0  AND  2.0 <= pixelPerThread < 3.0,0.0,1.0,1.0,1.0,69
random_10,310,50,CUDA = 1 AND TextureMemory = 1 AND pixelPerThread = 2,TextureMemory >= 1.0  AND  2.0 <= pixelPerThread < 2.5,0.0,1.0,1.0,1.0,69
random_20,620,95,CUDA = 1 AND TextureMemory = 1 AND pixelPerThread = 2,TextureMemory >= 1.0  AND  2.0 <= pixelPerThread < 3.0  AND  0.0 <= OpenCL < 1.0,0.0,1.0,1.0,1.0,69
2-wise,378,60,CUDA = 1 AND TextureMemory = 1 AND pixelPerThread = 2,TextureMemory >= 1.0  AND  2.0 <= pixelPerThread < 3.0  AND  0.0 <= OpenCL < 1.0,0.0,1.0,1.0,1.0,69
3-wise,2037,380,CUDA = 1 AND TextureMemory = 1 AND pixelPerThread = 2,0.0 <= OpenCL < 1.0  AND  2.0 <= pixelPerThread < 3.0  AND  TextureMemory >= 1.0  AND  0.0 <= bs_32x1 < 1.0,0.0,0.9743589743589745,1.0,0.95,69
4-wise,6791,1187,CUDA = 1 AND TextureMemory = 1 AND pixelPerThread = 2,TextureMemory >= 1.0  AND  2.0 <= pixelPerThread < 3.0  AND  0.0 <= OpenCL < 1.0  AND  0.0 <= bs_128x1 < 1.0,0.0,0.976282880551962,1.0,0.953664700926706,69
full,13485,1380,CUDA = 1 AND LocalMemory = 1 AND pixelPerThread = 2,0.0 <= bs_256x2 < 1.0  AND  2.0 <= pixelPerThread < 3.0  AND  LocalMemory >= 1.0  AND  0.0 <= OpenCL < 1.0,0.0,0.9743589743589745,1.0,0.95,6
random_2,62,0,CUDA = 1 AND LocalMemory = 1 AND pixelPerThread = 2,,,0.0,0.0,0.0,6
random_5,155,21,CUDA = 1 AND LocalMemory = 1 AND pixelPerThread = 2,LocalMemory >= 1.0  AND  2.0 <= pixelPerThread < 3.0  AND  0.0 <= OpenCL < 1.0,0.0,1.0,1.0,1.0,6
random_10,310,0,CUDA = 1 AND LocalMemory = 1 AND pixelPerThread = 2,,,0.0,0.0,0.0,6
random_20,620,59,CUDA = 1 AND LocalMemory = 1 AND pixelPerThread = 2,LocalMemory >= 1.0  AND  2.0 <= pixelPerThread < 3.0  AND  0.0 <= OpenCL < 1.0,0.0,1.0,1.0,1.0,6
2-wise,370,34,CUDA = 1 AND LocalMemory = 1 AND pixelPerThread = 2,LocalMemory >= 1.0  AND  2.0 <= pixelPerThread < 3.0  AND  0.0 <= OpenCL < 1.0  AND  0.0 <= bs_256x1 < 0.5,0.0,0.9375,1.0,0.8823529411764706,6
3-wise,2022,181,CUDA = 1 AND LocalMemory = 1 AND pixelPerThread = 2,LocalMemory >= 1.0  AND  0.0 <= OpenCL < 1.0  AND  2.0 <= pixelPerThread < 3.0,0.0,1.0,1.0,1.0,6
4-wise,6794,660,CUDA = 1 AND LocalMemory = 1 AND pixelPerThread = 2,0.0 <= bs_128x4 < 1.0  AND  2.0 <= pixelPerThread < 3.0  AND  LocalMemory >= 1.0  AND  0.0 <= OpenCL < 1.0,0.0,0.9799072642967545,1.0,0.9606060606060606,6
full,13485,1872,CUDA = 1 AND TextureMemory = 1 AND pixelPerThread = 4,pixelPerThread >= 4.0  AND  0.0 <= OpenCL < 1.0  AND  TextureMemory >= 1.0  AND  0.0 <= bs_256x2 < 1.0,4.0,0.9714285714285714,1.0,0.9444444444444444,70
random_2,62,0,CUDA = 1 AND TextureMemory = 1 AND pixelPerThread = 4,,,0.0,0.0,0.0,70
random_5,155,20,CUDA = 1 AND TextureMemory = 1 AND pixelPerThread = 4,TextureMemory >= 1.0  AND  pixelPerThread >= 4.0,0.0,1.0,1.0,1.0,70
random_10,310,51,CUDA = 1 AND TextureMemory = 1 AND pixelPerThread = 4,pixelPerThread >= 4.0  AND  TextureMemory >= 1.0,0.0,0.9902912621359222,0.9807692307692308,1.0,70
random_20,620,97,CUDA = 1 AND TextureMemory = 1 AND pixelPerThread = 4,0.0 <= OpenCL < 1.0  AND  pixelPerThread >= 4.0  AND  TextureMemory >= 1.0,0.0,1.0,1.0,1.0,70
2-wise,375,67,CUDA = 1 AND TextureMemory = 1 AND pixelPerThread = 4,0.0 <= OpenCL < 1.0  AND  pixelPerThread >= 4.0  AND  TextureMemory >= 1.0  AND  0.0 <= bs_32x8 < 1.0,0.0,0.953125,1.0,0.9104477611940298,70
3-wise,2040,322,CUDA = 1 AND TextureMemory = 1 AND pixelPerThread = 4,pixelPerThread >= 4.0  AND  0.0 <= OpenCL < 1.0  AND  TextureMemory >= 1.0,1.0,1.0,1.0,1.0,70
4-wise,6780,1167,CUDA = 1 AND TextureMemory = 1 AND pixelPerThread = 4,pixelPerThread >= 4.0  AND  0.0 <= OpenCL < 1.0  AND  TextureMemory >= 1.0  AND  0.0 <= bs_256x2 < 1.0,1.0,0.974065934065934,1.0,0.9494430162810624,70
full,13485,2132,CUDA = 1 AND TextureMemory = 1 AND pixelPerThread = 2,TextureMemory >= 1.0  AND  2.0 <= pixelPerThread < 3.0  AND  0.0 <= OpenCL < 1.0  AND  0.0 <= Linear1D < 1.0,0.0,0.8045977011494253,1.0,0.6730769230769231,71
random_2,62,0,CUDA = 1 AND TextureMemory = 1 AND pixelPerThread = 2,,,0.0,0.0,0.0,71
random_5,155,24,CUDA = 1 AND TextureMemory = 1 AND pixelPerThread = 2,TextureMemory >= 1.0  AND  2.0 <= pixelPerThread < 2.5  AND  0.0 <= OpenCL < 1.0,0.0,1.0,1.0,1.0,71
random_10,310,43,CUDA = 1 AND TextureMemory = 1 AND pixelPerThread = 2,0.0 <= OpenCL < 1.0  AND  2.0 <= pixelPerThread < 3.0  AND  TextureMemory >= 1.0,0.0,1.0,1.0,1.0,71
random_20,620,82,CUDA = 1 AND TextureMemory = 1 AND pixelPerThread = 2,TextureMemory >= 1.0  AND  2.0 <= pixelPerThread < 3.0  AND  0.0 <= OpenCL < 1.0,0.0,1.0,1.0,1.0,71
2-wise,378,66,CUDA = 1 AND TextureMemory = 1 AND pixelPerThread = 2,2.0 <= pixelPerThread < 3.0  AND  0.0 <= OpenCL < 1.0  AND  TextureMemory >= 1.0  AND  0.0 <= bs_64x4 < 1.0,0.0,0.9767441860465116,1.0,0.9545454545454546,71
3-wise,2066,364,CUDA = 1 AND TextureMemory = 1 AND pixelPerThread = 2,TextureMemory >= 1.0  AND  2.0 <= pixelPerThread < 3.0,1.0,0.9904761904761904,0.981132075471698,1.0,71
4-wise,6784,1181,CUDA = 1 AND TextureMemory = 1 AND pixelPerThread = 2,TextureMemory >= 1.0  AND  2.0 <= pixelPerThread < 3.0  AND  0.0 <= OpenCL < 1.0  AND  0.0 <= bs_32x1 < 1.0,0.0,0.9752711496746204,1.0,0.951735817104149,71
full,13485,1380,CUDA = 1 AND LocalMemory = 1 AND pixelPerThread = 2,LocalMemory >= 1.0  AND  2.0 <= pixelPerThread < 3.0  AND  0.0 <= bs_32x1 < 1.0  AND  0.0 <= OpenCL < 1.0,1.0,0.9743589743589745,1.0,0.95,72
random_2,62,0,CUDA = 1 AND LocalMemory = 1 AND pixelPerThread = 2,,,0.0,0.0,0.0,72
random_5,155,0,CUDA = 1 AND LocalMemory = 1 AND pixelPerThread = 2,,,0.0,0.0,0.0,72
random_10,310,0,CUDA = 1 AND LocalMemory = 1 AND pixelPerThread = 2,,,0.0,0.0,0.0,72
random_20,620,0,CUDA = 1 AND LocalMemory = 1 AND pixelPerThread = 2,,,0.0,0.0,0.0,72
2-wise,374,0,CUDA = 1 AND LocalMemory = 1 AND pixelPerThread = 2,,,0.0,0.0,0.0,72
3-wise,2013,183,CUDA = 1 AND LocalMemory = 1 AND pixelPerThread = 2,LocalMemory >= 1.0  AND  0.0 <= OpenCL < 1.0  AND  2.0 <= pixelPerThread < 3.0,0.0,1.0,1.0,1.0,72
4-wise,6764,663,CUDA = 1 AND LocalMemory = 1 AND pixelPerThread = 2,padding < 320.0  AND  2.0 <= pixelPerThread < 3.0  AND  LocalMemory >= 1.0  AND  0.0 <= OpenCL < 1.0,0.0,0.7490566037735849,1.0,0.5987933634992458,72
full,13485,2635,CUDA = 1 AND Linear2D = 1 AND TextureMemory = 1,Linear2D >= 1.0  AND  0.0 <= bs_64x8 < 1.0  AND  0.0 <= bs_128x4 < 1.0  AND  0.0 <= bs_256x1 < 1.0,1.0,0.916083916083916,1.0,0.8451612903225807,73
random_2,62,0,CUDA = 1 AND Linear2D = 1 AND TextureMemory = 1,,,0.0,0.0,0.0,73
random_5,155,24,CUDA = 1 AND Linear2D = 1 AND TextureMemory = 1,Linear2D >= 1.0,0.0,1.0,1.0,1.0,73
random_10,310,68,CUDA = 1 AND Linear2D = 1 AND TextureMemory = 1,Linear2D >= 1.0,0.0,1.0,1.0,1.0,73
random_20,620,115,CUDA = 1 AND Linear2D = 1 AND TextureMemory = 1,Linear2D >= 1.0,0.0,1.0,1.0,1.0,73
2-wise,372,70,CUDA = 1 AND Linear2D = 1 AND TextureMemory = 1,Linear2D >= 1.0,0.0,1.0,1.0,1.0,73
3-wise,2036,462,CUDA = 1 AND Linear2D = 1 AND TextureMemory = 1,Linear2D >= 1.0,1.0,1.0,1.0,1.0,73
4-wise,6773,1537,CUDA = 1 AND Linear2D = 1 AND TextureMemory = 1,Linear2D >= 1.0,1.0,1.0,1.0,1.0,73
full,13485,2132,CUDA = 1 AND TextureMemory = 1 AND pixelPerThread = 2,2.0 <= pixelPerThread < 3.0  AND  TextureMemory >= 1.0  AND  0.0 <= OpenCL < 1.0  AND  0.0 <= Linear1D < 1.0,3.0,0.8045977011494253,1.0,0.6730769230769231,74
random_2,62,0,CUDA = 1 AND TextureMemory = 1 AND pixelPerThread = 2,,,0.0,0.0,0.0,74
random_5,155,26,CUDA = 1 AND TextureMemory = 1 AND pixelPerThread = 2,TextureMemory >= 1.0  AND  1.5 <= pixelPerThread < 3.0  AND  0.0 <= bs_128x4 < 1.0,0.0,0.9387755102040816,1.0,0.8846153846153846,74
random_10,310,48,CUDA = 1 AND TextureMemory = 1 AND pixelPerThread = 2,TextureMemory >= 1.0  AND  2.0 <= pixelPerThread < 3.0  AND  0.0 <= OpenCL < 1.0,0.0,1.0,1.0,1.0,74
random_20,620,95,CUDA = 1 AND TextureMemory = 1 AND pixelPerThread = 2,0.0 <= OpenCL < 1.0  AND  2.0 <= pixelPerThread < 3.0  AND  TextureMemory >= 1.0,0.0,1.0,1.0,1.0,74
2-wise,376,65,CUDA = 1 AND TextureMemory = 1 AND pixelPerThread = 2,TextureMemory >= 1.0  AND  2.0 <= pixelPerThread < 3.0  AND  0.0 <= Array2D < 1.0,0.0,0.992248062015504,1.0,0.9846153846153848,74
3-wise,2050,355,CUDA = 1 AND TextureMemory = 1 AND pixelPerThread = 2,0.0 <= OpenCL < 1.0  AND  2.0 <= pixelPerThread < 3.0  AND  TextureMemory >= 1.0  AND  0.0 <= bs_128x8 < 1.0,0.0,0.9665211062590976,1.0,0.9352112676056338,74
4-wise,6764,1188,CUDA = 1 AND TextureMemory = 1 AND pixelPerThread = 2,TextureMemory >= 1.0  AND  2.0 <= pixelPerThread < 3.0  AND  0.0 <= OpenCL < 1.0  AND  0.0 <= bs_32x8 < 1.0,1.0,0.9758620689655172,1.0,0.9528619528619529,74
full,13485,1380,CUDA = 1 AND LocalMemory = 1 AND pixelPerThread = 2,LocalMemory >= 1.0  AND  2.0 <= pixelPerThread < 3.0  AND  0.0 <= OpenCL < 1.0  AND  96.0 <= padding < 512.0,0.0,0.859504132231405,1.0,0.7536231884057971,75
random_2,62,10,CUDA = 1 AND LocalMemory = 1 AND pixelPerThread = 2,1.5 <= pixelPerThread < 2.5  AND  0.0 <= OpenCL < 1.0  AND  0.0 <= Linear2D < 1.0,2.0,0.7826086956521738,0.6923076923076923,0.9,75
random_5,155,21,CUDA = 1 AND LocalMemory = 1 AND pixelPerThread = 2,LocalMemory >= 1.0  AND  2.0 <= pixelPerThread < 3.0  AND  0.0 <= OpenCL < 1.0,0.0,1.0,1.0,1.0,75
random_10,310,41,CUDA = 1 AND LocalMemory = 1 AND pixelPerThread = 2,LocalMemory >= 1.0  AND  2.0 <= pixelPerThread < 3.0  AND  0.0 <= OpenCL < 1.0,0.0,1.0,1.0,1.0,75
random_20,620,74,CUDA = 1 AND LocalMemory = 1 AND pixelPerThread = 2,0.0 <= OpenCL < 1.0  AND  2.0 <= pixelPerThread < 3.0  AND  LocalMemory >= 1.0,0.0,1.0,1.0,1.0,75
2-wise,380,31,CUDA = 1 AND LocalMemory = 1 AND pixelPerThread = 2,LocalMemory >= 1.0  AND  2.0 <= pixelPerThread < 3.0  AND  0.0 <= OpenCL < 1.0,0.0,1.0,1.0,1.0,75
3-wise,2052,203,CUDA = 1 AND LocalMemory = 1 AND pixelPerThread = 2,0.0 <= OpenCL < 1.0  AND  2.0 <= pixelPerThread < 3.0  AND  LocalMemory >= 1.0,0.0,1.0,1.0,1.0,75
4-wise,6747,650,CUDA = 1 AND LocalMemory = 1 AND pixelPerThread = 2,LocalMemory >= 1.0  AND  2.0 <= pixelPerThread < 3.0  AND  96.0 <= padding < 480.0  AND  0.0 <= OpenCL < 1.0,0.0,0.8213961922030826,1.0,0.696923076923077,75
full,13485,2635,CUDA = 1 AND Linear2D = 1 AND TextureMemory = 1,0.0 <= Linear1D < 1.0  AND  TextureMemory >= 1.0  AND  0.0 <= Ldg < 1.0,3.0,0.9444444444444444,0.8947368421052632,1.0,76
random_2,62,0,CUDA = 1 AND Linear2D = 1 AND TextureMemory = 1,,,0.0,0.0,0.0,76
random_5,155,0,CUDA = 1 AND Linear2D = 1 AND TextureMemory = 1,,,0.0,0.0,0.0,76
random_10,310,54,CUDA = 1 AND Linear2D = 1 AND TextureMemory = 1,Linear2D >= 1.0,0.0,1.0,1.0,1.0,76
random_20,620,103,CUDA = 1 AND Linear2D = 1 AND TextureMemory = 1,Linear2D >= 1.0,0.0,1.0,1.0,1.0,76
2-wise,383,70,CUDA = 1 AND Linear2D = 1 AND TextureMemory = 1,Linear2D >= 1.0,0.0,1.0,1.0,1.0,76
3-wise,2031,433,CUDA = 1 AND Linear2D = 1 AND TextureMemory = 1,Linear2D >= 1.0,1.0,1.0,1.0,1.0,76
4-wise,6784,1528,CUDA = 1 AND Linear2D = 1 AND TextureMemory = 1,Linear2D >= 1.0,2.0,1.0,1.0,1.0,76
full,13485,1872,CUDA = 1 AND TextureMemory = 1 AND pixelPerThread = 4,pixelPerThread >= 4.0  AND  TextureMemory >= 1.0  AND  0.0 <= bs_32x2 < 1.0  AND  0.0 <= OpenCL < 1.0,2.0,0.9714285714285714,1.0,0.9444444444444444,77
random_2,62,0,CUDA = 1 AND TextureMemory = 1 AND pixelPerThread = 4,,,0.0,0.0,0.0,77
random_5,155,19,CUDA = 1 AND TextureMemory = 1 AND pixelPerThread = 4,TextureMemory >= 1.0  AND  pixelPerThread >= 4.0,0.0,1.0,1.0,1.0,77
random_10,310,44,CUDA = 1 AND TextureMemory = 1 AND pixelPerThread = 4,0.0 <= OpenCL < 1.0  AND  pixelPerThread >= 4.0  AND  TextureMemory >= 1.0,0.0,1.0,1.0,1.0,77
random_20,620,87,CUDA = 1 AND TextureMemory = 1 AND pixelPerThread = 4,0.0 <= OpenCL < 1.0  AND  pixelPerThread >= 3.5  AND  TextureMemory >= 1.0,0.0,1.0,1.0,1.0,77
2-wise,379,43,CUDA = 1 AND TextureMemory = 1 AND pixelPerThread = 4,TextureMemory >= 1.0  AND  pixelPerThread >= 4.0  AND  0.0 <= OpenCL < 1.0,0.0,1.0,1.0,1.0,77
3-wise,2057,338,CUDA = 1 AND TextureMemory = 1 AND pixelPerThread = 4,TextureMemory >= 1.0  AND  pixelPerThread >= 4.0  AND  0.0 <= OpenCL < 1.0,1.0,1.0,1.0,1.0,77
4-wise,6792,1162,CUDA = 1 AND TextureMemory = 1 AND pixelPerThread = 4,TextureMemory >= 1.0  AND  pixelPerThread >= 4.0  AND  0.0 <= OpenCL < 1.0,3.0,1.0,1.0,1.0,77
full,13485,2132,CUDA = 1 AND TextureMemory = 1 AND pixelPerThread = 2,2.0 <= pixelPerThread < 3.0  AND  TextureMemory >= 1.0  AND  0.0 <= bs_64x2 < 1.0  AND  0.0 <= OpenCL < 1.0,3.0,0.975,1.0,0.951219512195122,78
random_2,62,14,CUDA = 1 AND TextureMemory = 1 AND pixelPerThread = 2,TextureMemory >= 0.5  AND  2.0 <= pixelPerThread < 3.0,0.0,1.0,1.0,1.0,78
random_5,155,22,CUDA = 1 AND TextureMemory = 1 AND pixelPerThread = 2,TextureMemory >= 1.0  AND  2.0 <= pixelPerThread < 3.0,0.0,1.0,1.0,1.0,78
random_10,310,46,CUDA = 1 AND TextureMemory = 1 AND pixelPerThread = 2,0.0 <= OpenCL < 1.0  AND  2.0 <= pixelPerThread < 3.0  AND  TextureMemory >= 1.0,0.0,1.0,1.0,1.0,78
random_20,620,88,CUDA = 1 AND TextureMemory = 1 AND pixelPerThread = 2,2.0 <= pixelPerThread < 3.0  AND  TextureMemory >= 1.0  AND  0.0 <= OpenCL < 1.0,0.0,1.0,1.0,1.0,78
2-wise,378,68,CUDA = 1 AND TextureMemory = 1 AND pixelPerThread = 2,2.0 <= pixelPerThread < 3.0  AND  TextureMemory >= 1.0  AND  0.0 <= OpenCL < 1.0,0.0,1.0,1.0,1.0,78
3-wise,2034,322,CUDA = 1 AND TextureMemory = 1 AND pixelPerThread = 2,TextureMemory >= 1.0  AND  2.0 <= pixelPerThread < 3.0  AND  0.0 <= OpenCL < 1.0  AND  0.0 <= bs_64x1 < 1.0,0.0,0.9793977812995246,1.0,0.9596273291925466,78
4-wise,6812,1195,CUDA = 1 AND TextureMemory = 1 AND pixelPerThread = 2,2.0 <= pixelPerThread < 3.0  AND  Linear1D >= 1.0,1.0,0.4911616161616162,1.0,0.3255230125523012,78
full,13485,2635,CUDA = 1 AND Ldg = 1 AND TextureMemory = 1,Ldg >= 1.0  AND  0.0 <= bs_32x8 < 1.0  AND  0.0 <= bs_32x1 < 1.0,3.0,0.945578231292517,1.0,0.896774193548387,79
random_2,62,16,CUDA = 1 AND Ldg = 1 AND TextureMemory = 1,Ldg >= 1.0,0.0,1.0,1.0,1.0,79
random_5,155,34,CUDA = 1 AND Ldg = 1 AND TextureMemory = 1,Ldg >= 1.0,0.0,1.0,1.0,1.0,79
random_10,310,61,CUDA = 1 AND Ldg = 1 AND TextureMemory = 1,Ldg >= 1.0,0.0,1.0,1.0,1.0,79
random_20,620,118,CUDA = 1 AND Ldg = 1 AND TextureMemory = 1,Ldg >= 0.5,0.0,1.0,1.0,1.0,79
2-wise,381,89,CUDA = 1 AND Ldg = 1 AND TextureMemory = 1,Ldg >= 1.0,0.0,1.0,1.0,1.0,79
3-wise,2037,448,CUDA = 1 AND Ldg = 1 AND TextureMemory = 1,Ldg >= 1.0,0.0,1.0,1.0,1.0,79
4-wise,6764,1532,CUDA = 1 AND Ldg = 1 AND TextureMemory = 1,Ldg >= 1.0  AND  0.0 <= LocalMemory < 1.0  AND  0.0 <= bs_32x1 < 1.0,1.0,0.6972789115646258,1.0,0.5352480417754569,79
full,13485,1449,CUDA = 1 AND LocalMemory = 1 AND pixelPerThread = 1,pixelPerThread < 2.0  AND  0.0 <= OpenCL < 1.0  AND  LocalMemory >= 1.0  AND  0.0 <= bs_32x8 < 1.0,1.0,0.975609756097561,1.0,0.9523809523809524,7
random_2,62,0,CUDA = 1 AND LocalMemory = 1 AND pixelPerThread = 1,,,0.0,0.0,0.0,7
random_5,155,0,CUDA = 1 AND LocalMemory = 1 AND pixelPerThread = 1,,,0.0,0.0,0.0,7
random_10,310,0,CUDA = 1 AND LocalMemory = 1 AND pixelPerThread = 1,,,0.0,0.0,0.0,7
random_20,620,0,CUDA = 1 AND LocalMemory = 1 AND pixelPerThread = 1,,,0.0,0.0,0.0,7
2-wise,372,46,CUDA = 1 AND LocalMemory = 1 AND pixelPerThread = 1,LocalMemory >= 1.0  AND  pixelPerThread < 2.0  AND  0.0 <= OpenCL < 1.0,0.0,1.0,1.0,1.0,7
3-wise,2031,207,CUDA = 1 AND LocalMemory = 1 AND pixelPerThread = 1,pixelPerThread < 2.0  AND  0.0 <= OpenCL < 1.0  AND  LocalMemory >= 1.0,0.0,1.0,1.0,1.0,7
4-wise,6801,711,CUDA = 1 AND LocalMemory = 1 AND pixelPerThread = 1,LocalMemory >= 1.0  AND  pixelPerThread < 2.0  AND  0.0 <= OpenCL < 1.0  AND  padding >= 96.0,0.0,0.8890625000000001,1.0,0.8002812939521801,7
full,13485,2132,CUDA = 1 AND TextureMemory = 1 AND pixelPerThread = 2,2.0 <= pixelPerThread < 3.0  AND  0.0 <= OpenCL < 1.0  AND  TextureMemory >= 1.0  AND  0.0 <= Linear1D < 1.0,1.0,0.8045977011494253,1.0,0.6730769230769231,80
random_2,62,11,CUDA = 1 AND TextureMemory = 1 AND pixelPerThread = 2,TextureMemory >= 1.0  AND  2.0 <= pixelPerThread < 3.0,0.0,1.0,1.0,1.0,80
random_5,155,20,CUDA = 1 AND TextureMemory = 1 AND pixelPerThread = 2,TextureMemory >= 1.0  AND  2.0 <= pixelPerThread < 3.0  AND  0.0 <= OpenCL < 1.0,0.0,1.0,1.0,1.0,80
random_10,310,42,CUDA = 1 AND TextureMemory = 1 AND pixelPerThread = 2,2.0 <= pixelPerThread < 3.0  AND  0.0 <= OpenCL < 1.0  AND  TextureMemory >= 1.0,0.0,1.0,1.0,1.0,80
random_20,620,90,CUDA = 1 AND TextureMemory = 1 AND pixelPerThread = 2,TextureMemory >= 1.0  AND  1.5 <= pixelPerThread < 3.0  AND  0.0 <= OpenCL < 1.0,0.0,1.0,1.0,1.0,80
2-wise,379,66,CUDA = 1 AND TextureMemory = 1 AND pixelPerThread = 2,2.0 <= pixelPerThread < 3.0  AND  0.0 <= OpenCL < 1.0  AND  TextureMemory >= 1.0,0.0,1.0,1.0,1.0,80
3-wise,2042,374,CUDA = 1 AND TextureMemory = 1 AND pixelPerThread = 2,0.0 <= OpenCL < 1.0  AND  2.0 <= pixelPerThread < 3.0  AND  TextureMemory >= 1.0  AND  0.0 <= bs_256x1 < 1.0,0.0,0.9682758620689657,1.0,0.9385026737967914,80
4-wise,6777,1197,CUDA = 1 AND TextureMemory = 1 AND pixelPerThread = 2,2.0 <= pixelPerThread < 3.0  AND  TextureMemory >= 1.0  AND  0.0 <= Linear1D < 1.0  AND  0.0 <= OpenCL < 1.0,1.0,0.8077689243027889,1.0,0.6775271512113618,80
full,13485,2184,CUDA = 1 AND TextureMemory = 1 AND pixelPerThread = 1,TextureMemory >= 1.0  AND  pixelPerThread < 2.0  AND  32.0 <= padding < 512.0  AND  0.0 <= bs_512x1 < 1.0,0.0,0.9036144578313252,1.0,0.8241758241758241,81
random_2,62,0,CUDA = 1 AND TextureMemory = 1 AND pixelPerThread = 1,,,0.0,0.0,0.0,81
random_5,155,27,CUDA = 1 AND TextureMemory = 1 AND pixelPerThread = 1,TextureMemory >= 1.0  AND  pixelPerThread < 2.0,0.0,1.0,1.0,1.0,81
random_10,310,66,CUDA = 1 AND TextureMemory = 1 AND pixelPerThread = 1,TextureMemory >= 1.0  AND  pixelPerThread < 2.0  AND  0.0 <= bs_64x2 < 1.0  AND  0.0 <= OpenCL < 1.0,0.0,0.96875,1.0,0.9393939393939394,81
random_20,620,121,CUDA = 1 AND TextureMemory = 1 AND pixelPerThread = 1,pixelPerThread < 2.0  AND  TextureMemory >= 1.0  AND  0.0 <= OpenCL < 1.0,0.0,1.0,1.0,1.0,81
2-wise,371,51,CUDA = 1 AND TextureMemory = 1 AND pixelPerThread = 1,pixelPerThread < 2.0  AND  0.0 <= OpenCL < 1.0  AND  TextureMemory >= 1.0,0.0,1.0,1.0,1.0,81
3-wise,2032,365,CUDA = 1 AND TextureMemory = 1 AND pixelPerThread = 1,0.0 <= OpenCL < 1.0  AND  pixelPerThread < 2.0  AND  TextureMemory >= 1.0,1.0,1.0,1.0,1.0,81
4-wise,6793,1205,CUDA = 1 AND TextureMemory = 1 AND pixelPerThread = 1,0.0 <= OpenCL < 1.0  AND  pixelPerThread < 2.0  AND  TextureMemory >= 1.0,1.0,1.0,1.0,1.0,81
full,13485,1449,CUDA = 1 AND LocalMemory = 1 AND pixelPerThread = 1,0.0 <= OpenCL < 1.0  AND  pixelPerThread < 2.0  AND  LocalMemory >= 1.0  AND  TextureMemory >= 1.0,0.0,0.859504132231405,1.0,0.7536231884057971,82
random_2,62,9,CUDA = 1 AND LocalMemory = 1 AND pixelPerThread = 1,LocalMemory >= 1.0  AND  0.0 <= OpenCL < 0.5,1.0,0.5294117647058824,0.36,1.0,82
random_5,155,12,CUDA = 1 AND LocalMemory = 1 AND pixelPerThread = 1,LocalMemory >= 0.5  AND  pixelPerThread < 2.0  AND  0.0 <= OpenCL < 1.0,0.0,1.0,1.0,1.0,82
random_10,310,40,CUDA = 1 AND LocalMemory = 1 AND pixelPerThread = 1,LocalMemory >= 1.0  AND  pixelPerThread < 2.0  AND  0.0 <= OpenCL < 1.0,0.0,1.0,1.0,1.0,82
random_20,620,66,CUDA = 1 AND LocalMemory = 1 AND pixelPerThread = 1,0.0 <= OpenCL < 1.0  AND  pixelPerThread < 2.0  AND  LocalMemory >= 1.0,0.0,1.0,1.0,1.0,82
2-wise,380,34,CUDA = 1 AND LocalMemory = 1 AND pixelPerThread = 1,0.0 <= OpenCL < 1.0  AND  pixelPerThread < 1.5  AND  LocalMemory >= 1.0,0.0,1.0,1.0,1.0,82
3-wise,2083,215,CUDA = 1 AND LocalMemory = 1 AND pixelPerThread = 1,pixelPerThread < 2.0  AND  LocalMemory >= 1.0  AND  0.0 <= OpenCL < 1.0,0.0,1.0,1.0,1.0,82
4-wise,6775,696,CUDA = 1 AND LocalMemory = 1 AND pixelPerThread = 1,0.0 <= OpenCL < 1.0  AND  pixelPerThread < 2.0  AND  LocalMemory >= 1.0  AND  0.0 <= bs_64x4 < 1.0,0.0,0.9779735682819384,1.0,0.956896551724138,82
full,13485,2184,CUDA = 1 AND TextureMemory = 1 AND pixelPerThread = 1,0.0 <= bs_64x2 < 1.0  AND  pixelPerThread < 2.0  AND  Linear1D >= 1.0  AND  0.0 <= bs_32x16 < 1.0,0.0,0.4565371024734982,1.0,0.2957875457875458,83
random_2,62,0,CUDA = 1 AND TextureMemory = 1 AND pixelPerThread = 1,,,0.0,0.0,0.0,83
random_5,155,25,CUDA = 1 AND TextureMemory = 1 AND pixelPerThread = 1,pixelPerThread < 2.0  AND  TextureMemory >= 1.0,0.0,0.9803921568627452,0.9615384615384616,1.0,83
random_10,310,57,CUDA = 1 AND TextureMemory = 1 AND pixelPerThread = 1,TextureMemory >= 1.0  AND  pixelPerThread < 1.5,0.0,1.0,1.0,1.0,83
random_20,620,106,CUDA = 1 AND TextureMemory = 1 AND pixelPerThread = 1,TextureMemory >= 1.0  AND  pixelPerThread < 2.0,0.0,0.9953051643192488,0.9906542056074766,1.0,83
2-wise,369,67,CUDA = 1 AND TextureMemory = 1 AND pixelPerThread = 1,0.0 <= OpenCL < 1.0  AND  pixelPerThread < 2.0  AND  TextureMemory >= 1.0,0.0,1.0,1.0,1.0,83
3-wise,2024,384,CUDA = 1 AND TextureMemory = 1 AND pixelPerThread = 1,pixelPerThread < 2.0  AND  TextureMemory >= 1.0  AND  0.0 <= OpenCL < 1.0,1.0,1.0,1.0,1.0,83
4-wise,6743,1208,CUDA = 1 AND TextureMemory = 1 AND pixelPerThread = 1,TextureMemory >= 1.0  AND  pixelPerThread < 2.0  AND  0.0 <= OpenCL < 1.0  AND  0.0 <= bs_1024x1 < 1.0,1.0,0.968403074295474,1.0,0.9387417218543046,83
full,13485,2184,CUDA = 1 AND TextureMemory = 1 AND pixelPerThread = 1,TextureMemory >= 1.0  AND  pixelPerThread < 2.0  AND  padding >= 192.0  AND  0.0 <= bs_32x8 < 1.0,0.0,0.7534246575342465,1.0,0.6043956043956044,84
random_2,62,0,CUDA = 1 AND TextureMemory = 1 AND pixelPerThread = 1,,,0.0,0.0,0.0,84
random_5,155,31,CUDA = 1 AND TextureMemory = 1 AND pixelPerThread = 1,pixelPerThread < 2.0  AND  TextureMemory >= 1.0,0.0,1.0,1.0,1.0,84
random_10,310,53,CUDA = 1 AND TextureMemory = 1 AND pixelPerThread = 1,TextureMemory >= 1.0  AND  pixelPerThread < 2.0,0.0,1.0,1.0,1.0,84
random_20,620,105,CUDA = 1 AND TextureMemory = 1 AND pixelPerThread = 1,pixelPerThread < 2.0  AND  TextureMemory >= 1.0,1.0,1.0,1.0,1.0,84
2-wise,374,61,CUDA = 1 AND TextureMemory = 1 AND pixelPerThread = 1,0.0 <= OpenCL < 1.0  AND  pixelPerThread < 2.0  AND  TextureMemory >= 1.0,0.0,1.0,1.0,1.0,84
3-wise,2051,398,CUDA = 1 AND TextureMemory = 1 AND pixelPerThread = 1,0.0 <= OpenCL < 1.0  AND  pixelPerThread < 2.0  AND  TextureMemory >= 1.0  AND  0.0 <= bs_128x8 < 1.0,0.0,0.96757457846952,1.0,0.9371859296482412,84
4-wise,6741,1208,CUDA = 1 AND TextureMemory = 1 AND pixelPerThread = 1,pixelPerThread < 2.0  AND  TextureMemory >= 1.0  AND  0.0 <= OpenCL < 1.0  AND  0.0 <= bs_32x2 < 0.5,1.0,0.9754028837998304,1.0,0.9519867549668874,84
full,13485,1872,CUDA = 1 AND TextureMemory = 1 AND pixelPerThread = 4,pixelPerThread >= 4.0  AND  32.0 <= padding < 512.0  AND  TextureMemory >= 1.0  AND  0.0 <= bs_128x1 < 1.0,0.0,0.8994708994708994,1.0,0.8173076923076923,85
random_2,62,0,CUDA = 1 AND TextureMemory = 1 AND pixelPerThread = 4,,,0.0,0.0,0.0,85
random_5,155,26,CUDA = 1 AND TextureMemory = 1 AND pixelPerThread = 4,TextureMemory >= 1.0  AND  pixelPerThread >= 4.0,0.0,1.0,1.0,1.0,85
random_10,310,45,CUDA = 1 AND TextureMemory = 1 AND pixelPerThread = 4,TextureMemory >= 1.0  AND  pixelPerThread >= 3.5,0.0,1.0,1.0,1.0,85
random_20,620,89,CUDA = 1 AND TextureMemory = 1 AND pixelPerThread = 4,pixelPerThread >= 4.0  AND  TextureMemory >= 1.0,0.0,1.0,1.0,1.0,85
2-wise,380,61,CUDA = 1 AND TextureMemory = 1 AND pixelPerThread = 4,0.0 <= OpenCL < 1.0  AND  pixelPerThread >= 4.0  AND  TextureMemory >= 1.0,0.0,1.0,1.0,1.0,85
3-wise,2050,342,CUDA = 1 AND TextureMemory = 1 AND pixelPerThread = 4,TextureMemory >= 1.0  AND  pixelPerThread >= 4.0  AND  0.0 <= OpenCL < 1.0,0.0,1.0,1.0,1.0,85
4-wise,6763,1162,CUDA = 1 AND TextureMemory = 1 AND pixelPerThread = 4,pixelPerThread >= 4.0  AND  TextureMemory >= 1.0  AND  0.0 <= OpenCL < 1.0  AND  0.0 <= bs_128x1 < 1.0,1.0,0.9753086419753086,1.0,0.9518072289156626,85
full,13485,2635,CUDA = 1 AND Linear2D = 1 AND TextureMemory = 1,Linear2D >= 1.0  AND  0.0 <= bs_256x1 < 1.0  AND  0.0 <= bs_256x2 < 1.0,3.0,0.945578231292517,1.0,0.896774193548387,86
random_2,62,7,CUDA = 1 AND Linear2D = 1 AND TextureMemory = 1,Linear2D >= 1.0,0.0,1.0,1.0,1.0,86
random_5,155,28,CUDA = 1 AND Linear2D = 1 AND TextureMemory = 1,Linear2D >= 1.0  AND  0.0 <= bs_256x2 < 1.0,0.0,0.962962962962963,1.0,0.9285714285714286,86
random_10,310,50,CUDA = 1 AND Linear2D = 1 AND TextureMemory = 1,Linear2D >= 1.0,0.0,1.0,1.0,1.0,86
random_20,620,105,CUDA = 1 AND Linear2D = 1 AND TextureMemory = 1,Linear2D >= 1.0,0.0,1.0,1.0,1.0,86
2-wise,377,72,CUDA = 1 AND Linear2D = 1 AND TextureMemory = 1,Linear2D >= 0.5  AND  0.0 <= bs_32x32 < 1.0,0.0,0.9714285714285714,1.0,0.9444444444444444,86
3-wise,2056,442,CUDA = 1 AND Linear2D = 1 AND TextureMemory = 1,Linear2D >= 1.0,2.0,1.0,1.0,1.0,86
4-wise,6765,1532,CUDA = 1 AND Linear2D = 1 AND TextureMemory = 1,Linear2D >= 1.0,3.0,1.0,1.0,1.0,86
full,13485,2635,CUDA = 1 AND Linear1D = 1 AND TextureMemory = 1,Linear1D >= 1.0  AND  0.0 <= bs_64x4 < 1.0,3.0,0.9735099337748344,1.0,0.9483870967741936,87
random_2,62,12,CUDA = 1 AND Linear1D = 1 AND TextureMemory = 1,Linear1D >= 0.5,0.0,1.0,1.0,1.0,87
random_5,155,25,CUDA = 1 AND Linear1D = 1 AND TextureMemory = 1,Linear1D >= 1.0,0.0,1.0,1.0,1.0,87
random_10,310,63,CUDA = 1 AND Linear1D = 1 AND TextureMemory = 1,Linear1D >= 1.0,0.0,1.0,1.0,1.0,87
random_20,620,133,CUDA = 1 AND Linear1D = 1 AND TextureMemory = 1,Linear1D >= 1.0,0.0,1.0,1.0,1.0,87
2-wise,383,71,CUDA = 1 AND Linear1D = 1 AND TextureMemory = 1,Linear1D >= 1.0,0.0,1.0,1.0,1.0,87
3-wise,2050,443,CUDA = 1 AND Linear1D = 1 AND TextureMemory = 1,Linear1D >= 1.0  AND  0.0 <= bs_128x8 < 1.0  AND  0.0 <= bs_512x2 < 1.0,0.0,0.9514792899408284,1.0,0.90744920993228,87
4-wise,6775,1526,CUDA = 1 AND Linear1D = 1 AND TextureMemory = 1,Linear1D >= 1.0,2.0,1.0,1.0,1.0,87
full,13485,2635,CUDA = 1 AND Linear1D = 1 AND TextureMemory = 1,Linear1D >= 1.0,1.0,1.0,1.0,1.0,88
random_2,62,17,CUDA = 1 AND Linear1D = 1 AND TextureMemory = 1,Linear1D >= 1.0,0.0,1.0,1.0,1.0,88
random_5,155,23,CUDA = 1 AND Linear1D = 1 AND TextureMemory = 1,Linear1D >= 1.0,0.0,1.0,1.0,1.0,88
random_10,310,84,CUDA = 1 AND Linear1D = 1 AND TextureMemory = 1,Linear1D >= 1.0  AND  0.0 <= bs_32x4 < 1.0,0.0,0.962962962962963,1.0,0.9285714285714286,88
random_20,620,141,CUDA = 1 AND Linear1D = 1 AND TextureMemory = 1,Linear1D >= 1.0  AND  0.0 <= bs_256x1 < 1.0,0.0,0.959409594095941,1.0,0.9219858156028368,88
2-wise,377,78,CUDA = 1 AND Linear1D = 1 AND TextureMemory = 1,Linear1D >= 1.0,0.0,1.0,1.0,1.0,88
3-wise,2024,441,CUDA = 1 AND Linear1D = 1 AND TextureMemory = 1,Linear1D >= 1.0,1.0,1.0,1.0,1.0,88
4-wise,6788,1532,CUDA = 1 AND Linear1D = 1 AND TextureMemory = 1,Linear1D >= 1.0,0.0,1.0,1.0,1.0,88
full,13485,1872,CUDA = 1 AND TextureMemory = 1 AND pixelPerThread = 4,pixelPerThread >= 4.0  AND  Linear2D >= 1.0,3.0,0.4927536231884058,1.0,0.3269230769230769,89
random_2,62,0,CUDA = 1 AND TextureMemory = 1 AND pixelPerThread = 4,,,0.0,0.0,0.0,89
random_5,155,22,CUDA = 1 AND TextureMemory = 1 AND pixelPerThread = 4,TextureMemory >= 1.0  AND  pixelPerThread >= 4.0,0.0,1.0,1.0,1.0,89
random_10,310,41,CUDA = 1 AND TextureMemory = 1 AND pixelPerThread = 4,TextureMemory >= 1.0  AND  pixelPerThread >= 4.0,0.0,0.9879518072289156,0.9761904761904762,1.0,89
random_20,620,98,CUDA = 1 AND TextureMemory = 1 AND pixelPerThread = 4,TextureMemory >= 1.0  AND  pixelPerThread >= 4.0,0.0,0.9949238578680204,0.98989898989899,1.0,89
2-wise,376,44,CUDA = 1 AND TextureMemory = 1 AND pixelPerThread = 4,0.0 <= Array2D < 1.0  AND  pixelPerThread >= 4.0  AND  TextureMemory >= 1.0,0.0,0.9885057471264368,1.0,0.9772727272727272,89
3-wise,2009,316,CUDA = 1 AND TextureMemory = 1 AND pixelPerThread = 4,0.0 <= OpenCL < 1.0  AND  pixelPerThread >= 4.0  AND  TextureMemory >= 1.0,1.0,1.0,1.0,1.0,89
4-wise,6787,1155,CUDA = 1 AND TextureMemory = 1 AND pixelPerThread = 4,pixelPerThread >= 4.0  AND  0.0 <= OpenCL < 1.0  AND  TextureMemory >= 1.0  AND  0.0 <= bs_64x4 < 1.0,1.0,0.9751552795031057,1.0,0.9515151515151516,89
full,13485,2635,CUDA = 1 AND Linear1D = 1 AND TextureMemory = 1,Linear1D >= 1.0  AND  0.0 <= bs_64x4 < 1.0  AND  0.0 <= bs_32x4 < 1.0  AND  0.0 <= LocalMemory < 1.0,0.0,0.658008658008658,1.0,0.4903225806451612,8
random_2,62,8,CUDA = 1 AND Linear1D = 1 AND TextureMemory = 1,padding < 32.0,0.0,0.0,0.0,0.0,8
random_5,155,27,CUDA = 1 AND Linear1D = 1 AND TextureMemory = 1,Linear1D >= 1.0,0.0,1.0,1.0,1.0,8
random_10,310,65,CUDA = 1 AND Linear1D = 1 AND TextureMemory = 1,Linear1D >= 1.0,0.0,1.0,1.0,1.0,8
random_20,620,131,CUDA = 1 AND Linear1D = 1 AND TextureMemory = 1,Linear1D >= 1.0,0.0,1.0,1.0,1.0,8
2-wise,383,79,CUDA = 1 AND Linear1D = 1 AND TextureMemory = 1,Linear1D >= 1.0,0.0,1.0,1.0,1.0,8
3-wise,2037,443,CUDA = 1 AND Linear1D = 1 AND TextureMemory = 1,Linear1D >= 1.0  AND  0.0 <= bs_32x4 < 1.0  AND  0.0 <= bs_32x8 < 1.0,0.0,0.9514792899408284,1.0,0.90744920993228,8
4-wise,6787,1537,CUDA = 1 AND Linear1D = 1 AND TextureMemory = 1,Linear1D >= 1.0  AND  0.0 <= bs_32x16 < 1.0,2.0,0.9743076409743076,1.0,0.9499024072869224,8
full,13485,2184,CUDA = 1 AND TextureMemory = 1 AND pixelPerThread = 1,pixelPerThread < 2.0  AND  0.0 <= OpenCL < 1.0  AND  TextureMemory >= 1.0  AND  0.0 <= bs_64x8 < 1.0,1.0,0.975609756097561,1.0,0.9523809523809524,90
random_2,62,0,CUDA = 1 AND TextureMemory = 1 AND pixelPerThread = 1,,,0.0,0.0,0.0,90
random_5,155,30,CUDA = 1 AND TextureMemory = 1 AND pixelPerThread = 1,pixelPerThread < 2.0  AND  TextureMemory >= 1.0,0.0,0.9836065573770492,0.967741935483871,1.0,90
random_10,310,47,CUDA = 1 AND TextureMemory = 1 AND pixelPerThread = 1,TextureMemory >= 1.0  AND  pixelPerThread < 2.0,0.0,1.0,1.0,1.0,90
random_20,620,110,CUDA = 1 AND TextureMemory = 1 AND pixelPerThread = 1,0.0 <= OpenCL < 1.0  AND  pixelPerThread < 2.0  AND  TextureMemory >= 1.0,0.0,1.0,1.0,1.0,90
2-wise,381,72,CUDA = 1 AND TextureMemory = 1 AND pixelPerThread = 1,0.0 <= OpenCL < 1.0  AND  pixelPerThread < 2.0  AND  TextureMemory >= 0.5,0.0,1.0,1.0,1.0,90
3-wise,2038,372,CUDA = 1 AND TextureMemory = 1 AND pixelPerThread = 1,pixelPerThread < 2.0  AND  0.0 <= OpenCL < 1.0  AND  TextureMemory >= 1.0,0.0,1.0,1.0,1.0,90
4-wise,6761,1209,CUDA = 1 AND TextureMemory = 1 AND pixelPerThread = 1,pixelPerThread < 2.0  AND  0.0 <= OpenCL < 1.0  AND  TextureMemory >= 1.0  AND  0.0 <= Linear1D < 1.0,2.0,0.8088669950738916,1.0,0.6790736145574855,90
full,13485,2635,CUDA = 1 AND Linear2D = 1 AND TextureMemory = 1,Linear2D >= 1.0  AND  0.0 <= bs_64x8 < 1.0  AND  0.0 <= bs_64x1 < 1.0  AND  0.0 <= bs_32x4 < 1.0,2.0,0.916083916083916,1.0,0.8451612903225807,91
random_2,62,14,CUDA = 1 AND Linear2D = 1 AND TextureMemory = 1,Linear2D >= 1.0,0.0,1.0,1.0,1.0,91
random_5,155,27,CUDA = 1 AND Linear2D = 1 AND TextureMemory = 1,Linear2D >= 1.0,0.0,1.0,1.0,1.0,91
random_10,310,60,CUDA = 1 AND Linear2D = 1 AND TextureMemory = 1,Linear2D >= 1.0,0.0,1.0,1.0,1.0,91
random_20,620,130,CUDA = 1 AND Linear2D = 1 AND TextureMemory = 1,Linear2D >= 1.0,0.0,1.0,1.0,1.0,91
2-wise,378,83,CUDA = 1 AND Linear2D = 1 AND TextureMemory = 1,Linear2D >= 1.0,0.0,1.0,1.0,1.0,91
3-wise,2042,440,CUDA = 1 AND Linear2D = 1 AND TextureMemory = 1,Linear2D >= 1.0  AND  0.0 <= bs_64x1 < 1.0  AND  0.0 <= bs_32x4 < 1.0,1.0,0.9523809523809524,1.0,0.9090909090909092,91
4-wise,6797,1549,CUDA = 1 AND Linear2D = 1 AND TextureMemory = 1,Linear2D >= 1.0  AND  0.0 <= LocalMemory < 1.0,3.0,0.7161210111893909,1.0,0.5577792123950936,91
full,13485,2132,CUDA = 1 AND TextureMemory = 1 AND pixelPerThread = 2,0.0 <= OpenCL < 1.0  AND  2.0 <= pixelPerThread < 3.0  AND  TextureMemory >= 1.0  AND  0.0 <= LocalMemory < 1.0,0.0,0.6774193548387097,1.0,0.5121951219512195,92
random_2,62,14,CUDA = 1 AND TextureMemory = 1 AND pixelPerThread = 2,TextureMemory >= 1.0  AND  2.0 <= pixelPerThread < 3.0,0.0,1.0,1.0,1.0,92
random_5,155,25,CUDA = 1 AND TextureMemory = 1 AND pixelPerThread = 2,TextureMemory >= 1.0  AND  2.0 <= pixelPerThread < 3.0,0.0,1.0,1.0,1.0,92
random_10,310,51,CUDA = 1 AND TextureMemory = 1 AND pixelPerThread = 2,TextureMemory >= 1.0  AND  2.0 <= pixelPerThread < 3.0  AND  0.0 <= bs_64x8 < 1.0,0.0,0.9696969696969696,1.0,0.9411764705882352,92
random_20,620,108,CUDA = 1 AND TextureMemory = 1 AND pixelPerThread = 2,2.0 <= pixelPerThread < 3.0  AND  TextureMemory >= 1.0  AND  0.0 <= OpenCL < 1.0,0.0,1.0,1.0,1.0,92
2-wise,375,60,CUDA = 1 AND TextureMemory = 1 AND pixelPerThread = 2,0.0 <= OpenCL < 1.0  AND  2.0 <= pixelPerThread < 3.0  AND  TextureMemory >= 1.0,0.0,1.0,1.0,1.0,92
3-wise,2034,324,CUDA = 1 AND TextureMemory = 1 AND pixelPerThread = 2,TextureMemory >= 1.0  AND  2.0 <= pixelPerThread < 3.0  AND  0.0 <= OpenCL < 1.0  AND  0.0 <= bs_64x16 < 1.0,0.0,0.9746835443037974,1.0,0.9506172839506172,92
4-wise,6782,1194,CUDA = 1 AND TextureMemory = 1 AND pixelPerThread = 2,2.0 <= pixelPerThread < 3.0  AND  0.0 <= OpenCL < 1.0  AND  TextureMemory >= 1.0  AND  0.0 <= bs_32x4 < 1.0,1.0,0.9759862778730702,1.0,0.9530988274706867,92
full,13485,1380,CUDA = 1 AND LocalMemory = 1 AND pixelPerThread = 2,0.0 <= OpenCL < 1.0  AND  2.0 <= pixelPerThread < 3.0  AND  LocalMemory >= 1.0  AND  0.0 <= Linear2D < 1.0,0.0,0.859504132231405,1.0,0.7536231884057971,93
random_2,62,0,CUDA = 1 AND LocalMemory = 1 AND pixelPerThread = 2,,,0.0,0.0,0.0,93
random_5,155,0,CUDA = 1 AND LocalMemory = 1 AND pixelPerThread = 2,,,0.0,0.0,0.0,93
random_10,310,41,CUDA = 1 AND LocalMemory = 1 AND pixelPerThread = 2,LocalMemory >= 1.0  AND  2.0 <= pixelPerThread < 3.0  AND  0.0 <= OpenCL < 1.0,0.0,1.0,1.0,1.0,93
random_20,620,75,CUDA = 1 AND LocalMemory = 1 AND pixelPerThread = 2,LocalMemory >= 1.0  AND  2.0 <= pixelPerThread < 3.0  AND  0.0 <= OpenCL < 1.0,0.0,1.0,1.0,1.0,93
2-wise,379,43,CUDA = 1 AND LocalMemory = 1 AND pixelPerThread = 2,LocalMemory >= 1.0  AND  2.0 <= pixelPerThread < 3.0  AND  TextureMemory >= 1.0,0.0,0.868421052631579,1.0,0.7674418604651163,93
3-wise,2052,195,CUDA = 1 AND LocalMemory = 1 AND pixelPerThread = 2,0.0 <= bs_128x1 < 1.0  AND  2.0 <= pixelPerThread < 3.0  AND  LocalMemory >= 1.0  AND  0.0 <= OpenCL < 1.0,0.0,0.9790575916230366,1.0,0.958974358974359,93
4-wise,6787,656,CUDA = 1 AND LocalMemory = 1 AND pixelPerThread = 2,LocalMemory >= 1.0  AND  2.0 <= pixelPerThread < 3.0,2.0,0.8688741721854304,0.7681498829039812,1.0,93
full,13485,2184,CUDA = 1 AND TextureMemory = 1 AND pixelPerThread = 1,pixelPerThread < 2.0  AND  0.0 <= OpenCL < 1.0  AND  TextureMemory >= 1.0  AND  0.0 <= bs_128x4 < 1.0,1.0,0.975609756097561,1.0,0.9523809523809524,94
random_2,62,0,CUDA = 1 AND TextureMemory = 1 AND pixelPerThread = 1,,,0.0,0.0,0.0,94
random_5,155,26,CUDA = 1 AND TextureMemory = 1 AND pixelPerThread = 1,TextureMemory >= 1.0  AND  pixelPerThread < 2.0  AND  0.0 <= OpenCL < 1.0  AND  0.0 <= bs_64x1 < 1.0,0.0,0.9803921568627452,1.0,0.9615384615384616,94
random_10,310,46,CUDA = 1 AND TextureMemory = 1 AND pixelPerThread = 1,TextureMemory >= 1.0  AND  pixelPerThread < 2.0,0.0,1.0,1.0,1.0,94
random_20,620,109,CUDA = 1 AND TextureMemory = 1 AND pixelPerThread = 1,TextureMemory >= 1.0  AND  pixelPerThread < 2.0  AND  0.0 <= bs_128x4 < 1.0  AND  0.0 <= bs_32x2 < 1.0,0.0,0.961904761904762,1.0,0.926605504587156,94
2-wise,377,58,CUDA = 1 AND TextureMemory = 1 AND pixelPerThread = 1,pixelPerThread < 2.0  AND  0.0 <= OpenCL < 1.0  AND  TextureMemory >= 1.0,0.0,1.0,1.0,1.0,94
3-wise,2039,391,CUDA = 1 AND TextureMemory = 1 AND pixelPerThread = 1,TextureMemory >= 1.0  AND  pixelPerThread < 2.0  AND  0.0 <= OpenCL < 1.0  AND  0.0 <= bs_32x16 < 0.5,0.0,0.97911227154047,1.0,0.959079283887468,94
4-wise,6780,1210,CUDA = 1 AND TextureMemory = 1 AND pixelPerThread = 1,pixelPerThread < 2.0  AND  TextureMemory >= 1.0  AND  0.0 <= OpenCL < 1.0  AND  0.0 <= bs_128x4 < 1.0,1.0,0.9754445385266722,1.0,0.9520661157024792,94
full,13485,1449,CUDA = 1 AND LocalMemory = 1 AND pixelPerThread = 1,0.0 <= OpenCL < 1.0  AND  pixelPerThread < 2.0  AND  LocalMemory >= 1.0  AND  0.0 <= bs_128x4 < 1.0,0.0,0.975609756097561,1.0,0.9523809523809524,95
random_2,62,5,CUDA = 1 AND LocalMemory = 1 AND pixelPerThread = 1,192.0 <= padding < 304.0,0.0,0.0,0.0,0.0,95
random_5,155,23,CUDA = 1 AND LocalMemory = 1 AND pixelPerThread = 1,pixelPerThread < 2.0  AND  0.0 <= OpenCL < 1.0  AND  LocalMemory >= 1.0,0.0,1.0,1.0,1.0,95
random_10,310,34,CUDA = 1 AND LocalMemory = 1 AND pixelPerThread = 1,LocalMemory >= 1.0  AND  pixelPerThread < 2.0  AND  0.0 <= OpenCL < 1.0,0.0,1.0,1.0,1.0,95
random_20,620,70,CUDA = 1 AND LocalMemory = 1 AND pixelPerThread = 1,pixelPerThread < 2.0  AND  0.0 <= OpenCL < 1.0  AND  LocalMemory >= 1.0,0.0,1.0,1.0,1.0,95
2-wise,373,40,CUDA = 1 AND LocalMemory = 1 AND pixelPerThread = 1,0.0 <= OpenCL < 1.0  AND  pixelPerThread < 2.0  AND  LocalMemory >= 1.0,0.0,1.0,1.0,1.0,95
3-wise,2043,206,CUDA = 1 AND LocalMemory = 1 AND pixelPerThread = 1,0.0 <= OpenCL < 1.0  AND  pixelPerThread < 2.0  AND  LocalMemory >= 1.0,0.0,1.0,1.0,1.0,95
4-wise,6794,714,CUDA = 1 AND LocalMemory = 1 AND pixelPerThread = 1,0.0 <= OpenCL < 1.0  AND  pixelPerThread < 2.0  AND  LocalMemory >= 1.0  AND  0.0 <= bs_128x1 < 1.0,0.0,0.9763440860215054,1.0,0.953781512605042,95
full,13485,1380,CUDA = 1 AND LocalMemory = 1 AND pixelPerThread = 2,2.0 <= pixelPerThread < 3.0  AND  0.0 <= OpenCL < 1.0  AND  LocalMemory >= 1.0  AND  0.0 <= bs_128x4 < 1.0,0.0,0.9743589743589745,1.0,0.95,96
random_2,62,0,CUDA = 1 AND LocalMemory = 1 AND pixelPerThread = 2,,,0.0,0.0,0.0,96
random_5,155,0,CUDA = 1 AND LocalMemory = 1 AND pixelPerThread = 2,,,0.0,0.0,0.0,96
random_10,310,35,CUDA = 1 AND LocalMemory = 1 AND pixelPerThread = 2,LocalMemory >= 1.0  AND  2.0 <= pixelPerThread < 3.0  AND  0.0 <= OpenCL < 1.0,0.0,1.0,1.0,1.0,96
random_20,620,73,CUDA = 1 AND LocalMemory = 1 AND pixelPerThread = 2,LocalMemory >= 1.0  AND  2.0 <= pixelPerThread < 3.0  AND  0.0 <= OpenCL < 1.0  AND  0.0 <= bs_256x1 < 0.5,0.0,0.949640287769784,1.0,0.9041095890410958,96
2-wise,374,0,CUDA = 1 AND LocalMemory = 1 AND pixelPerThread = 2,,,0.0,0.0,0.0,96
3-wise,2043,178,CUDA = 1 AND LocalMemory = 1 AND pixelPerThread = 2,LocalMemory >= 1.0  AND  0.0 <= OpenCL < 1.0  AND  2.0 <= pixelPerThread < 3.0,0.0,1.0,1.0,1.0,96
4-wise,6776,661,CUDA = 1 AND LocalMemory = 1 AND pixelPerThread = 2,0.0 <= OpenCL < 1.0  AND  2.0 <= pixelPerThread < 3.0  AND  LocalMemory >= 1.0,0.0,1.0,1.0,1.0,96
full,13485,2635,CUDA = 1 AND Linear1D = 1 AND TextureMemory = 1,Linear1D >= 1.0  AND  0.0 <= bs_32x1 < 1.0  AND  0.0 <= bs_128x2 < 1.0  AND  0.0 <= bs_256x1 < 1.0,1.0,0.916083916083916,1.0,0.8451612903225807,97
random_2,62,14,CUDA = 1 AND Linear1D = 1 AND TextureMemory = 1,Linear1D >= 1.0,0.0,1.0,1.0,1.0,97
random_5,155,29,CUDA = 1 AND Linear1D = 1 AND TextureMemory = 1,Linear1D >= 1.0,0.0,1.0,1.0,1.0,97
random_10,310,56,CUDA = 1 AND Linear1D = 1 AND TextureMemory = 1,Linear1D >= 1.0,0.0,1.0,1.0,1.0,97
random_20,620,115,CUDA = 1 AND Linear1D = 1 AND TextureMemory = 1,Linear1D >= 1.0,0.0,1.0,1.0,1.0,97
2-wise,375,84,CUDA = 1 AND Linear1D = 1 AND TextureMemory = 1,Linear1D >= 1.0,0.0,1.0,1.0,1.0,97
3-wise,2057,443,CUDA = 1 AND Linear1D = 1 AND TextureMemory = 1,Linear1D >= 1.0,1.0,1.0,1.0,1.0,97
4-wise,6778,1546,CUDA = 1 AND Linear1D = 1 AND TextureMemory = 1,Linear1D >= 1.0,2.0,1.0,1.0,1.0,97
full,13485,1872,CUDA = 1 AND TextureMemory = 1 AND pixelPerThread = 3,0.0 <= OpenCL < 1.0  AND  3.0 <= pixelPerThread < 4.0  AND  0.0 <= bs_128x2 < 1.0  AND  TextureMemory >= 1.0,3.0,0.9714285714285714,1.0,0.9444444444444444,98
random_2,62,0,CUDA = 1 AND TextureMemory = 1 AND pixelPerThread = 3,,,0.0,0.0,0.0,98
random_5,155,11,CUDA = 1 AND TextureMemory = 1 AND pixelPerThread = 3,pixelPerThread < 3.0  AND  0.0 <= CUDA < 1.0  AND  0.0 <= TextureMemory < 1.0,0.0,0.0,0.0,0.0,98
random_10,310,39,CUDA = 1 AND TextureMemory = 1 AND pixelPerThread = 3,TextureMemory >= 1.0  AND  3.0 <= pixelPerThread < 4.0,0.0,1.0,1.0,1.0,98
random_20,620,75,CUDA = 1 AND TextureMemory = 1 AND pixelPerThread = 3,TextureMemory >= 1.0  AND  3.0 <= pixelPerThread < 4.0  AND  0.0 <= OpenCL < 0.5,0.0,1.0,1.0,1.0,98
2-wise,374,45,CUDA = 1 AND TextureMemory = 1 AND pixelPerThread = 3,TextureMemory >= 1.0  AND  3.0 <= pixelPerThread < 4.0  AND  0.0 <= bs_32x2 < 0.5  AND  0.0 <= OpenCL < 1.0,0.0,0.9655172413793104,1.0,0.9333333333333332,98
3-wise,2054,329,CUDA = 1 AND TextureMemory = 1 AND pixelPerThread = 3,3.0 <= pixelPerThread < 4.0  AND  TextureMemory >= 1.0  AND  0.0 <= OpenCL < 1.0  AND  0.0 <= bs_128x8 < 1.0,0.0,0.9734789391575664,1.0,0.9483282674772036,98
4-wise,6805,1158,CUDA = 1 AND TextureMemory = 1 AND pixelPerThread = 3,0.0 <= OpenCL < 1.0  AND  3.0 <= pixelPerThread < 4.0  AND  TextureMemory >= 1.0  AND  0.0 <= bs_128x2 < 1.0,0.0,0.973859105006646,1.0,0.9490500863557858,98
full,13485,2635,CUDA = 1 AND Ldg = 1 AND TextureMemory = 1,Ldg >= 1.0  AND  0.0 <= bs_256x1 < 1.0  AND  pixelPerThread < 4.0  AND  0.0 <= bs_512x1 < 1.0,2.0,0.8167938931297709,1.0,0.6903225806451613,99
random_2,62,0,CUDA = 1 AND Ldg = 1 AND TextureMemory = 1,,,0.0,0.0,0.0,99
random_5,155,34,CUDA = 1 AND Ldg = 1 AND TextureMemory = 1,Ldg >= 1.0,0.0,1.0,1.0,1.0,99
random_10,310,60,CUDA = 1 AND Ldg = 1 AND TextureMemory = 1,Ldg >= 1.0,0.0,1.0,1.0,1.0,99
random_20,620,122,CUDA = 1 AND Ldg = 1 AND TextureMemory = 1,Ldg >= 1.0,1.0,1.0,1.0,1.0,99
2-wise,379,88,CUDA = 1 AND Ldg = 1 AND TextureMemory = 1,Ldg >= 1.0,0.0,1.0,1.0,1.0,99
3-wise,2044,454,CUDA = 1 AND Ldg = 1 AND TextureMemory = 1,Ldg >= 1.0,1.0,1.0,1.0,1.0,99
4-wise,6769,1546,CUDA = 1 AND Ldg = 1 AND TextureMemory = 1,Ldg >= 1.0  AND  0.0 <= bs_32x2 < 1.0  AND  0.0 <= bs_128x2 < 1.0,1.0,0.9490142760027191,1.0,0.9029754204398448,99
full,13485,2184,CUDA = 1 AND TextureMemory = 1 AND pixelPerThread = 1,pixelPerThread < 2.0  AND  TextureMemory >= 1.0  AND  160.0 <= padding < 480.0  AND  0.0 <= bs_32x16 < 1.0,1.0,0.7092198581560284,1.0,0.5494505494505495,9
random_2,62,0,CUDA = 1 AND TextureMemory = 1 AND pixelPerThread = 1,,,0.0,0.0,0.0,9
random_5,155,20,CUDA = 1 AND TextureMemory = 1 AND pixelPerThread = 1,pixelPerThread < 2.0  AND  0.0 <= OpenCL < 1.0  AND  TextureMemory >= 1.0,0.0,1.0,1.0,1.0,9
random_10,310,53,CUDA = 1 AND TextureMemory = 1 AND pixelPerThread = 1,TextureMemory >= 1.0  AND  pixelPerThread < 2.0  AND  0.0 <= OpenCL < 1.0,0.0,1.0,1.0,1.0,9
random_20,620,102,CUDA = 1 AND TextureMemory = 1 AND pixelPerThread = 1,TextureMemory >= 1.0  AND  pixelPerThread < 2.0  AND  0.0 <= OpenCL < 1.0,0.0,1.0,1.0,1.0,9
2-wise,371,53,CUDA = 1 AND TextureMemory = 1 AND pixelPerThread = 1,pixelPerThread < 2.0  AND  TextureMemory >= 1.0  AND  0.0 <= Array2D < 1.0,0.0,0.9807692307692308,1.0,0.9622641509433962,9
3-wise,2044,368,CUDA = 1 AND TextureMemory = 1 AND pixelPerThread = 1,0.0 <= Array2D < 1.0  AND  pixelPerThread < 2.0  AND  TextureMemory >= 1.0  AND  0.0 <= bs_128x2 < 1.0,0.0,0.9648382559774964,1.0,0.9320652173913044,9
4-wise,6768,1199,CUDA = 1 AND TextureMemory = 1 AND pixelPerThread = 1,pixelPerThread < 2.0  AND  TextureMemory >= 1.0  AND  160.0 <= padding < 512.0,1.0,0.7734015345268542,1.0,0.6305254378648875,9
