sampling_strategy,sample_size,sg_cardinality,sg_rule,best_rule,best_rule_idx,f1,precision,recall,seed
full,60000,10000,none = 1 AND parallel = 1 AND polly_parallel = 1,parallel >= 0.5  AND  0.0 <= polly < 1.0  AND  pollyrtcmaxparameters < 8.0  AND  0.0 <= pollyoptmaxcoefficient_100 < 1.0,2.0,0.6486486486486487,1.0,0.48,0
random_2,46,4,memory_based = 1 AND polly_no_tiling = 1 AND polly_opt_simplify_deps = 1,0.0 <= memory_based < 1.0  AND  0.0 <= pollyoptmaxconstantterm_10 < 0.5  AND  0.0 <= pollyoptmaxcoefficient_1000 < 1.0,0.0,0.0,0.0,0.0,0
random_5,115,12,max = 1 AND polly_no_tiling = 1 AND value_based = 1,0.0 <= parallel_force < 1.0  AND  0.0 <= memory_based < 1.0,2.0,0.4090909090909091,0.28125,0.75,0
random_10,230,34,max = 1 AND polly = 1 AND value_based = 1,0.0 <= min < 1.0  AND  0.0 <= parallel < 1.0  AND  0.0 <= none < 1.0,0.0,0.6216216216216216,0.575,0.6764705882352942,0
random_20,460,0,polly_no_tiling = 1 AND polly_opt_simplify_deps = 1 AND value_based = 1,,,0.0,0.0,0.0,0
2-wise,54,10,memory_based = 1 AND polly_opt_simplify_deps = 1 AND polly_parallel = 1,pollydefaulttilesize < 64.0,1.0,0.4,0.3,0.6,0
3-wise,257,26,polly = 1 AND polly_opt_simplify_deps = 1 AND value_based = 1,0.0 <= memory_based < 1.0  AND  0.0 <= none < 1.0  AND  polly_opt_simplify_deps >= 1.0,0.0,1.0,1.0,1.0,0
4-wise,943,119,min = 1 AND polly = 1 AND polly_opt_simplify_deps = 1,0.0 <= none < 1.0  AND  polly_opt_simplify_deps >= 1.0  AND  0.0 <= max < 1.0  AND  0.0 <= pollyoptmaxcoefficient_10 < 1.0,0.0,0.8981481481481481,1.0,0.8151260504201681,0
full,60000,7500,none = 1 AND polly_no_tiling = 1 AND value_based = 1,0.0 <= memory_based < 1.0  AND  polly_no_tiling >= 1.0  AND  0.0 <= polly < 1.0  AND  parallel >= 0.5,3.0,0.5,1.0,0.3333333333333333,10
random_2,46,5,none = 1 AND polly_no_tiling = 1 AND value_based = 1,0.0 <= polly < 0.5  AND  4.0 <= pollyrtcmaxparameters < 12.0,1.0,0.5000000000000001,0.3636363636363636,0.8,10
random_5,115,12,none = 1 AND polly_no_tiling = 1 AND value_based = 1,0.0 <= memory_based < 1.0  AND  0.0 <= polly < 1.0  AND  polly_no_tiling >= 1.0,1.0,1.0,1.0,1.0,10
random_10,230,21,none = 1 AND polly_no_tiling = 1 AND value_based = 1,0.0 <= memory_based < 0.5  AND  polly_no_tiling >= 1.0  AND  0.0 <= polly < 1.0,0.0,1.0,1.0,1.0,10
random_20,460,53,none = 1 AND polly_no_tiling = 1 AND value_based = 1,0.0 <= polly < 1.0  AND  polly_no_tiling >= 1.0  AND  0.0 <= memory_based < 1.0  AND  0.0 <= pollyoptmaxcoefficient_100 < 1.0,0.0,0.9072164948453608,1.0,0.8301886792452831,10
2-wise,52,5,none = 1 AND polly_no_tiling = 1 AND value_based = 1,0.0 <= polly_no_tiling < 1.0  AND  0.0 <= pollyoptmaxconstantterm_1000 < 1.0  AND  pollyrtcmaxparameters >= 1.5,0.0,0.0,0.0,0.0,10
3-wise,247,33,none = 1 AND polly_no_tiling = 1 AND value_based = 1,0.0 <= polly < 1.0  AND  polly_no_tiling >= 1.0  AND  0.0 <= memory_based < 1.0,0.0,1.0,1.0,1.0,10
4-wise,960,135,none = 1 AND polly_no_tiling = 1 AND value_based = 1,0.0 <= memory_based < 1.0  AND  polly_no_tiling >= 1.0  AND  0.0 <= polly < 1.0,0.0,1.0,1.0,1.0,10
full,60000,7500,min = 1 AND polly_opt_simplify_deps = 1 AND value_based = 1,0.0 <= memory_based < 1.0  AND  polly_opt_simplify_deps >= 1.0  AND  0.0 <= max < 1.0  AND  0.0 <= pollyoptmaxconstantterm_1 < 1.0,1.0,0.888888888888889,1.0,0.8,11
random_2,46,0,min = 1 AND polly_opt_simplify_deps = 1 AND value_based = 1,,,0.0,0.0,0.0,11
random_5,115,12,min = 1 AND polly_opt_simplify_deps = 1 AND value_based = 1,polly_no_tiling >= 1.0  AND  0.0 <= polly_opt_simplify_deps < 1.0,0.0,0.0,0.0,0.0,11
random_10,230,27,min = 1 AND polly_opt_simplify_deps = 1 AND value_based = 1,0.0 <= value_based < 1.0  AND  pollyrtcmaxparameters >= 16.0,0.0,0.0,0.0,0.0,11
random_20,460,65,min = 1 AND polly_opt_simplify_deps = 1 AND value_based = 1,0.0 <= max < 1.0  AND  polly_opt_simplify_deps >= 1.0  AND  0.0 <= memory_based < 1.0,0.0,1.0,1.0,1.0,11
2-wise,60,4,min = 1 AND polly_opt_simplify_deps = 1 AND value_based = 1,pollyrtcmaxparameters >= 4.0  AND  0.0 <= value_based < 1.0,0.0,0.0,0.0,0.0,11
3-wise,250,26,min = 1 AND polly_opt_simplify_deps = 1 AND value_based = 1,4.0 <= pollyrtcmaxparameters < 8.0  AND  0.0 <= value_based < 1.0,0.0,0.0,0.0,0.0,11
4-wise,952,109,min = 1 AND polly_opt_simplify_deps = 1 AND value_based = 1,0.0 <= max < 1.0  AND  polly_opt_simplify_deps >= 1.0  AND  0.0 <= memory_based < 1.0,0.0,1.0,1.0,1.0,11
full,60000,10000,parallel = 1 AND polly_opt_simplify_deps = 1 AND polly_parallel = 1,parallel >= 0.5  AND  polly_opt_simplify_deps >= 1.0  AND  pollyrtcmaxparameters >= 2.0  AND  0.0 <= pollyoptmaxconstantterm_10000 < 1.0,2.0,0.7804878048780487,1.0,0.64,12
random_2,46,6,parallel = 1 AND polly_opt_simplify_deps = 1 AND polly_parallel = 1,0.0 <= polly_opt_simplify_deps < 1.0  AND  0.0 <= pollyoptmaxconstantterm_10 < 0.5,0.0,0.0,0.0,0.0,12
random_5,115,19,parallel = 1 AND polly_opt_simplify_deps = 1 AND polly_parallel = 1,parallel >= 1.0  AND  polly_opt_simplify_deps >= 1.0,1.0,1.0,1.0,1.0,12
random_10,230,36,parallel = 1 AND polly_opt_simplify_deps = 1 AND polly_parallel = 1,parallel >= 1.0  AND  polly_opt_simplify_deps >= 1.0,0.0,1.0,1.0,1.0,12
random_20,460,90,parallel = 1 AND polly_opt_simplify_deps = 1 AND polly_parallel = 1,parallel >= 1.0  AND  polly_opt_simplify_deps >= 1.0,0.0,1.0,1.0,1.0,12
2-wise,55,0,parallel = 1 AND polly_opt_simplify_deps = 1 AND polly_parallel = 1,,,0.0,0.0,0.0,12
3-wise,252,41,parallel = 1 AND polly_opt_simplify_deps = 1 AND polly_parallel = 1,parallel >= 1.0  AND  polly_opt_simplify_deps >= 1.0,0.0,1.0,1.0,1.0,12
4-wise,945,160,parallel = 1 AND polly_opt_simplify_deps = 1 AND polly_parallel = 1,parallel >= 1.0  AND  polly_opt_simplify_deps >= 1.0,0.0,1.0,1.0,1.0,12
full,60000,10000,max = 1 AND polly_parallel = 1 AND value_based = 1,0.0 <= memory_based < 1.0  AND  0.0 <= min < 1.0  AND  polly_parallel >= 0.5  AND  polly_opt_simplify_deps >= 1.0,0.0,0.6666666666666666,1.0,0.5,13
random_2,46,11,max = 1 AND polly_parallel = 1 AND value_based = 1,0.0 <= min < 1.0  AND  polly_parallel >= 0.5  AND  0.0 <= memory_based < 1.0,1.0,1.0,1.0,1.0,13
random_5,115,25,max = 1 AND polly_parallel = 1 AND value_based = 1,0.0 <= min < 1.0  AND  polly_parallel >= 1.0  AND  0.0 <= memory_based < 1.0,1.0,1.0,1.0,1.0,13
random_10,230,38,max = 1 AND polly_parallel = 1 AND value_based = 1,0.0 <= memory_based < 1.0  AND  polly_parallel >= 1.0  AND  0.0 <= min < 1.0,1.0,1.0,1.0,1.0,13
random_20,460,80,max = 1 AND polly_parallel = 1 AND value_based = 1,0.0 <= memory_based < 1.0  AND  0.0 <= min < 1.0  AND  polly_parallel >= 1.0,0.0,1.0,1.0,1.0,13
2-wise,48,10,max = 1 AND polly_parallel = 1 AND value_based = 1,0.0 <= memory_based < 1.0  AND  0.0 <= min < 0.5  AND  polly_parallel >= 1.0,1.0,1.0,1.0,1.0,13
3-wise,256,35,max = 1 AND polly_parallel = 1 AND value_based = 1,0.0 <= memory_based < 1.0  AND  0.0 <= min < 1.0  AND  polly_parallel >= 1.0,0.0,1.0,1.0,1.0,13
4-wise,986,167,max = 1 AND polly_parallel = 1 AND value_based = 1,0.0 <= min < 1.0  AND  polly_parallel >= 1.0  AND  0.0 <= memory_based < 1.0,0.0,1.0,1.0,1.0,13
full,60000,7500,max = 1 AND polly_no_tiling = 1 AND value_based = 1,0.0 <= memory_based < 1.0  AND  0.0 <= min < 1.0  AND  polly_no_tiling >= 1.0  AND  0.0 <= pollyoptmaxconstantterm_1000 < 1.0,1.0,0.888888888888889,1.0,0.8,14
random_2,46,0,max = 1 AND polly_no_tiling = 1 AND value_based = 1,,,0.0,0.0,0.0,14
random_5,115,16,max = 1 AND polly_no_tiling = 1 AND value_based = 1,0.0 <= memory_based < 0.5  AND  0.0 <= min < 1.0  AND  polly_no_tiling >= 1.0,1.0,1.0,1.0,1.0,14
random_10,230,30,max = 1 AND polly_no_tiling = 1 AND value_based = 1,0.0 <= memory_based < 1.0  AND  0.0 <= min < 1.0  AND  polly_no_tiling >= 1.0,0.0,1.0,1.0,1.0,14
random_20,460,50,max = 1 AND polly_no_tiling = 1 AND value_based = 1,0.0 <= min < 1.0  AND  polly_no_tiling >= 1.0  AND  0.0 <= memory_based < 1.0,0.0,1.0,1.0,1.0,14
2-wise,53,7,max = 1 AND polly_no_tiling = 1 AND value_based = 1,0.0 <= max < 1.0  AND  pollyrtcmaxparameters >= 4.0,0.0,0.0,0.0,0.0,14
3-wise,237,29,max = 1 AND polly_no_tiling = 1 AND value_based = 1,0.0 <= memory_based < 1.0  AND  0.0 <= min < 1.0  AND  polly_no_tiling >= 1.0,0.0,1.0,1.0,1.0,14
4-wise,956,124,max = 1 AND polly_no_tiling = 1 AND value_based = 1,0.0 <= min < 1.0  AND  polly_no_tiling >= 1.0  AND  0.0 <= memory_based < 1.0,0.0,1.0,1.0,1.0,14
full,60000,7500,memory_based = 1 AND min = 1 AND none = 1,0.0 <= max < 1.0  AND  0.0 <= value_based < 1.0  AND  0.0 <= polly < 1.0  AND  0.0 <= parallel_force < 0.5,0.0,0.8,1.0,0.6666666666666666,15
random_5,115,10,memory_based = 1 AND min = 1 AND none = 1,0.0 <= value_based < 1.0  AND  0.0 <= polly < 0.5  AND  0.0 <= max < 1.0,1.0,1.0,1.0,1.0,15
random_10,230,25,memory_based = 1 AND min = 1 AND none = 1,0.0 <= polly < 1.0  AND  0.0 <= value_based < 1.0  AND  0.0 <= max < 1.0  AND  0.0 <= parallel_force < 1.0,0.0,0.8372093023255813,1.0,0.72,15
random_20,460,49,memory_based = 1 AND min = 1 AND none = 1,0.0 <= max < 1.0  AND  0.0 <= polly < 1.0  AND  0.0 <= value_based < 1.0,0.0,1.0,1.0,1.0,15
2-wise,56,9,memory_based = 1 AND min = 1 AND none = 1,0.0 <= min < 0.5  AND  0.0 <= pollyoptmaxcoefficient_100 < 1.0  AND  0.0 <= pollyoptmaxconstantterm_1000 < 1.0,0.0,0.0,0.0,0.0,15
3-wise,265,44,memory_based = 1 AND min = 1 AND none = 1,0.0 <= max < 1.0  AND  0.0 <= value_based < 1.0  AND  0.0 <= polly < 1.0,0.0,1.0,1.0,1.0,15
4-wise,967,125,memory_based = 1 AND min = 1 AND none = 1,0.0 <= max < 1.0  AND  0.0 <= polly < 1.0  AND  0.0 <= value_based < 1.0  AND  0.0 <= pollyoptmaxconstantterm_10000 < 1.0,0.0,0.8839285714285714,1.0,0.792,15
full,60000,10000,polly = 1 AND polly_no_tiling = 1 AND polly_parallel = 1,polly_no_tiling >= 1.0  AND  polly_parallel >= 1.0  AND  0.0 <= none < 1.0  AND  0.0 <= min < 1.0,0.0,0.6666666666666666,1.0,0.5,16
random_2,46,9,polly = 1 AND polly_no_tiling = 1 AND polly_parallel = 1,parallel_force >= 1.0  AND  0.0 <= pollyoptmaxconstantterm_10 < 1.0,1.0,0.4761904761904762,0.4166666666666667,0.5555555555555556,16
random_5,115,17,polly = 1 AND polly_no_tiling = 1 AND polly_parallel = 1,polly_no_tiling >= 1.0  AND  polly_parallel >= 1.0  AND  0.0 <= none < 1.0,1.0,1.0,1.0,1.0,16
random_10,230,39,polly = 1 AND polly_no_tiling = 1 AND polly_parallel = 1,polly_no_tiling >= 1.0  AND  polly_parallel >= 1.0  AND  0.0 <= none < 1.0,0.0,1.0,1.0,1.0,16
random_20,460,97,polly = 1 AND polly_no_tiling = 1 AND polly_parallel = 1,0.0 <= none < 1.0  AND  polly_no_tiling >= 1.0  AND  polly_parallel >= 1.0,0.0,1.0,1.0,1.0,16
2-wise,48,10,polly = 1 AND polly_no_tiling = 1 AND polly_parallel = 1,0.0 <= none < 1.0  AND  polly_no_tiling >= 1.0,1.0,0.9090909090909092,0.8333333333333334,1.0,16
3-wise,250,44,polly = 1 AND polly_no_tiling = 1 AND polly_parallel = 1,0.0 <= none < 1.0  AND  polly_no_tiling >= 1.0  AND  polly_parallel >= 1.0,0.0,1.0,1.0,1.0,16
4-wise,960,165,polly = 1 AND polly_no_tiling = 1 AND polly_parallel = 1,polly_no_tiling >= 1.0  AND  polly_parallel >= 1.0  AND  0.0 <= none < 1.0,0.0,1.0,1.0,1.0,16
full,60000,10000,polly_no_tiling = 1 AND polly_opt_simplify_deps = 1 AND polly_parallel = 1,polly_no_tiling >= 1.0  AND  polly_opt_simplify_deps >= 1.0  AND  parallel_force >= 0.5  AND  0.0 <= pollyoptmaxconstantterm_10000 < 1.0,1.0,0.5714285714285715,1.0,0.4,17
random_2,46,11,polly_no_tiling = 1 AND polly_opt_simplify_deps = 1 AND polly_parallel = 1,polly_no_tiling >= 1.0  AND  polly_parallel >= 0.5  AND  polly_opt_simplify_deps >= 1.0,1.0,1.0,1.0,1.0,17
random_5,115,14,polly_no_tiling = 1 AND polly_opt_simplify_deps = 1 AND polly_parallel = 1,parallel >= 1.0  AND  0.0 <= polly_opt_simplify_deps < 1.0,0.0,0.0,0.0,0.0,17
random_10,230,32,polly_no_tiling = 1 AND polly_opt_simplify_deps = 1 AND polly_parallel = 1,polly_no_tiling >= 1.0  AND  polly_opt_simplify_deps >= 1.0  AND  polly_parallel >= 1.0,0.0,1.0,1.0,1.0,17
random_20,460,83,polly_no_tiling = 1 AND polly_opt_simplify_deps = 1 AND polly_parallel = 1,polly_opt_simplify_deps >= 1.0  AND  polly_parallel >= 1.0  AND  polly_no_tiling >= 1.0,0.0,1.0,1.0,1.0,17
2-wise,49,10,polly_no_tiling = 1 AND polly_opt_simplify_deps = 1 AND polly_parallel = 1,polly_no_tiling >= 0.5  AND  polly_parallel >= 1.0  AND  0.0 <= pollyoptmaxconstantterm_10 < 1.0,1.0,0.6956521739130435,0.6153846153846154,0.8,17
3-wise,255,42,polly_no_tiling = 1 AND polly_opt_simplify_deps = 1 AND polly_parallel = 1,polly_opt_simplify_deps >= 0.5  AND  polly_parallel >= 1.0  AND  polly_no_tiling >= 1.0,0.0,1.0,1.0,1.0,17
4-wise,942,163,polly_no_tiling = 1 AND polly_opt_simplify_deps = 1 AND polly_parallel = 1,polly_opt_simplify_deps >= 1.0  AND  polly_parallel >= 1.0  AND  polly_no_tiling >= 1.0,0.0,1.0,1.0,1.0,17
full,60000,7500,min = 1 AND none = 1 AND polly_no_tiling = 1,0.0 <= polly < 1.0  AND  polly_no_tiling >= 1.0  AND  0.0 <= max < 1.0  AND  polly_opt_simplify_deps >= 1.0,1.0,0.6666666666666666,1.0,0.5,18
random_2,46,2,min = 1 AND none = 1 AND polly_no_tiling = 1,pollyrtcmaxparameters < 3.0,2.0,0.0833333333333333,0.0454545454545454,0.5,18
random_5,115,17,min = 1 AND none = 1 AND polly_no_tiling = 1,0.0 <= polly < 1.0  AND  polly_no_tiling >= 1.0  AND  0.0 <= max < 1.0,0.0,1.0,1.0,1.0,18
random_10,230,31,min = 1 AND none = 1 AND polly_no_tiling = 1,0.0 <= polly < 1.0  AND  polly_no_tiling >= 1.0  AND  0.0 <= max < 1.0,0.0,1.0,1.0,1.0,18
random_20,460,69,min = 1 AND none = 1 AND polly_no_tiling = 1,0.0 <= polly < 1.0  AND  polly_no_tiling >= 1.0  AND  0.0 <= max < 1.0,0.0,1.0,1.0,1.0,18
2-wise,54,5,min = 1 AND none = 1 AND polly_no_tiling = 1,0.0 <= polly_parallel < 0.5,0.0,0.0,0.0,0.0,18
3-wise,250,30,min = 1 AND none = 1 AND polly_no_tiling = 1,0.0 <= max < 1.0  AND  0.0 <= polly < 1.0  AND  polly_no_tiling >= 1.0,0.0,1.0,1.0,1.0,18
4-wise,956,116,min = 1 AND none = 1 AND polly_no_tiling = 1,0.0 <= polly < 1.0  AND  polly_no_tiling >= 0.5  AND  0.0 <= max < 1.0,0.0,1.0,1.0,1.0,18
full,60000,10000,none = 1 AND polly_parallel = 1 AND value_based = 1,0.0 <= memory_based < 1.0  AND  0.0 <= polly < 1.0  AND  parallel >= 0.5  AND  pollyrtcmaxparameters < 16.0,2.0,0.5714285714285715,1.0,0.4,19
random_2,46,0,none = 1 AND polly_parallel = 1 AND value_based = 1,,,0.0,0.0,0.0,19
random_5,115,20,none = 1 AND polly_parallel = 1 AND value_based = 1,0.0 <= none < 1.0  AND  parallel >= 1.0,0.0,0.0,0.0,0.0,19
random_10,230,40,none = 1 AND polly_parallel = 1 AND value_based = 1,0.0 <= value_based < 1.0  AND  pollydefaulttilesize < 256.0  AND  0.0 <= pollyoptmaxcoefficient_100 < 1.0  AND  pollyrtcmaxparameters < 4.0,0.0,0.0,0.0,0.0,19
random_20,460,84,none = 1 AND polly_parallel = 1 AND value_based = 1,0.0 <= memory_based < 1.0  AND  polly_parallel >= 1.0  AND  0.0 <= polly < 1.0  AND  0.0 <= pollyoptmaxconstantterm_1000 < 1.0,0.0,0.9090909090909092,1.0,0.8333333333333334,19
2-wise,57,13,none = 1 AND polly_parallel = 1 AND value_based = 1,pollyrtcmaxparameters < 8.0  AND  0.0 <= none < 0.5,0.0,0.0,0.0,0.0,19
3-wise,245,50,none = 1 AND polly_parallel = 1 AND value_based = 1,0.0 <= memory_based < 1.0  AND  0.0 <= polly < 1.0  AND  polly_parallel >= 1.0,0.0,1.0,1.0,1.0,19
4-wise,966,178,none = 1 AND polly_parallel = 1 AND value_based = 1,0.0 <= memory_based < 1.0  AND  polly_parallel >= 1.0  AND  0.0 <= polly < 1.0,0.0,1.0,1.0,1.0,19
full,60000,10000,parallel_force = 1 AND polly_no_tiling = 1 AND polly_parallel = 1,parallel_force >= 0.5  AND  polly_no_tiling >= 1.0  AND  0.0 <= polly < 1.0  AND  0.0 <= pollyoptmaxconstantterm_10 < 1.0,4.0,0.5714285714285715,1.0,0.4,1
random_2,46,5,parallel_force = 1 AND polly_no_tiling = 1 AND polly_parallel = 1,parallel_force >= 1.0,1.0,0.5,0.3333333333333333,1.0,1
random_5,115,23,parallel_force = 1 AND polly_no_tiling = 1 AND polly_parallel = 1,polly_no_tiling >= 0.5  AND  parallel_force >= 1.0,0.0,1.0,1.0,1.0,1
random_10,230,40,parallel_force = 1 AND polly_no_tiling = 1 AND polly_parallel = 1,parallel_force >= 0.5  AND  polly_no_tiling >= 1.0,0.0,1.0,1.0,1.0,1
random_20,460,69,parallel_force = 1 AND polly_no_tiling = 1 AND polly_parallel = 1,parallel_force >= 1.0  AND  polly_no_tiling >= 1.0,0.0,1.0,1.0,1.0,1
2-wise,56,8,parallel_force = 1 AND polly_no_tiling = 1 AND polly_parallel = 1,parallel_force >= 1.0  AND  polly_no_tiling >= 0.5,1.0,1.0,1.0,1.0,1
3-wise,261,44,parallel_force = 1 AND polly_no_tiling = 1 AND polly_parallel = 1,parallel_force >= 1.0  AND  polly_no_tiling >= 1.0,0.0,1.0,1.0,1.0,1
4-wise,978,159,parallel_force = 1 AND polly_no_tiling = 1 AND polly_parallel = 1,parallel_force >= 1.0  AND  polly_no_tiling >= 1.0,1.0,1.0,1.0,1.0,1
full,60000,7500,memory_based = 1 AND min = 1 AND polly_opt_simplify_deps = 1,0.0 <= value_based < 1.0  AND  polly_opt_simplify_deps >= 1.0  AND  0.0 <= max < 1.0  AND  0.0 <= pollyoptmaxconstantterm_1 < 1.0,1.0,0.888888888888889,1.0,0.8,20
random_2,46,7,memory_based = 1 AND min = 1 AND polly_opt_simplify_deps = 1,0.0 <= polly_opt_simplify_deps < 0.5  AND  0.0 <= pollyoptmaxcoefficient_10000 < 1.0  AND  0.0 <= pollyoptmaxcoefficient_10 < 0.5,0.0,0.0,0.0,0.0,20
random_5,115,16,memory_based = 1 AND min = 1 AND polly_opt_simplify_deps = 1,polly_no_tiling >= 1.0  AND  0.0 <= polly_opt_simplify_deps < 1.0,0.0,0.0,0.0,0.0,20
random_10,230,31,memory_based = 1 AND min = 1 AND polly_opt_simplify_deps = 1,0.0 <= max < 1.0  AND  0.0 <= value_based < 1.0  AND  polly_opt_simplify_deps >= 1.0,3.0,1.0,1.0,1.0,20
random_20,460,60,memory_based = 1 AND min = 1 AND polly_opt_simplify_deps = 1,0.0 <= polly_opt_simplify_deps < 1.0  AND  pollyrtcmaxparameters >= 4.0  AND  0.0 <= pollyoptmaxconstantterm_10 < 1.0  AND  polly_parallel >= 1.0,0.0,0.0,0.0,0.0,20
2-wise,51,0,memory_based = 1 AND min = 1 AND polly_opt_simplify_deps = 1,,,0.0,0.0,0.0,20
3-wise,256,33,memory_based = 1 AND min = 1 AND polly_opt_simplify_deps = 1,0.0 <= min < 1.0  AND  polly_parallel >= 1.0  AND  0.0 <= polly_opt_simplify_deps < 1.0  AND  0.0 <= pollyoptmaxconstantterm_1 < 1.0,0.0,0.0,0.0,0.0,20
4-wise,957,137,memory_based = 1 AND min = 1 AND polly_opt_simplify_deps = 1,0.0 <= max < 1.0  AND  0.0 <= value_based < 1.0  AND  polly_opt_simplify_deps >= 1.0,0.0,1.0,1.0,1.0,20
full,60000,7500,memory_based = 1 AND min = 1 AND polly_opt_simplify_deps = 1,0.0 <= max < 1.0  AND  polly_opt_simplify_deps >= 1.0  AND  0.0 <= value_based < 1.0  AND  2.0 <= pollyrtcmaxparameters < 16.0,1.0,0.7499999999999999,1.0,0.6,21
random_2,46,0,memory_based = 1 AND min = 1 AND polly_opt_simplify_deps = 1,,,0.0,0.0,0.0,21
random_5,115,14,memory_based = 1 AND min = 1 AND polly_opt_simplify_deps = 1,0.0 <= pollyoptmaxconstantterm_100 < 1.0  AND  0.0 <= pollyoptmaxconstantterm_1000 < 1.0  AND  0.0 <= polly < 1.0,0.0,0.0,0.0,0.0,21
random_10,230,0,memory_based = 1 AND min = 1 AND polly_opt_simplify_deps = 1,,,0.0,0.0,0.0,21
random_20,460,56,memory_based = 1 AND min = 1 AND polly_opt_simplify_deps = 1,pollyrtcmaxparameters >= 2.0  AND  pollyoptmaxconstantterm_10000 >= 1.0  AND  0.0 <= polly_opt_simplify_deps < 1.0,0.0,0.0,0.0,0.0,21
2-wise,55,10,memory_based = 1 AND min = 1 AND polly_opt_simplify_deps = 1,0.0 <= polly_opt_simplify_deps < 0.5  AND  0.0 <= pollyoptmaxcoefficient_10000 < 1.0,0.0,0.0,0.0,0.0,21
3-wise,252,33,memory_based = 1 AND min = 1 AND polly_opt_simplify_deps = 1,pollyrtcmaxparameters >= 2.0  AND  pollyoptmaxcoefficient_1 >= 1.0,1.0,0.0547945205479452,0.05,0.0606060606060606,21
4-wise,949,112,memory_based = 1 AND min = 1 AND polly_opt_simplify_deps = 1,polly_opt_simplify_deps >= 1.0  AND  0.0 <= value_based < 1.0  AND  0.0 <= max < 1.0,0.0,1.0,1.0,1.0,21
full,60000,10000,min = 1 AND none = 1 AND polly_parallel = 1,0.0 <= max < 1.0  AND  parallel >= 1.0  AND  0.0 <= polly < 1.0  AND  polly_no_tiling >= 1.0,0.0,0.4,1.0,0.25,22
random_2,46,8,min = 1 AND none = 1 AND polly_parallel = 1,0.0 <= none < 0.5  AND  0.0 <= value_based < 0.5,0.0,0.0,0.0,0.0,22
random_5,115,18,min = 1 AND none = 1 AND polly_parallel = 1,polly_parallel >= 1.0  AND  0.0 <= polly < 1.0,1.0,0.8,0.6666666666666666,1.0,22
random_10,230,33,min = 1 AND none = 1 AND polly_parallel = 1,0.0 <= max < 1.0  AND  0.0 <= polly < 1.0  AND  polly_parallel >= 1.0,1.0,1.0,1.0,1.0,22
random_20,460,76,min = 1 AND none = 1 AND polly_parallel = 1,0.0 <= polly < 1.0  AND  polly_parallel >= 1.0  AND  0.0 <= max < 1.0,0.0,1.0,1.0,1.0,22
2-wise,57,0,min = 1 AND none = 1 AND polly_parallel = 1,,,0.0,0.0,0.0,22
3-wise,258,36,min = 1 AND none = 1 AND polly_parallel = 1,0.0 <= max < 1.0  AND  0.0 <= polly < 1.0  AND  polly_parallel >= 1.0,0.0,1.0,1.0,1.0,22
4-wise,960,160,min = 1 AND none = 1 AND polly_parallel = 1,0.0 <= polly < 1.0  AND  polly_parallel >= 1.0  AND  0.0 <= max < 1.0,0.0,1.0,1.0,1.0,22
full,60000,10000,max = 1 AND none = 1 AND polly_parallel = 1,0.0 <= min < 1.0  AND  parallel >= 0.5  AND  0.0 <= polly < 1.0  AND  0.0 <= polly_no_tiling < 1.0,0.0,0.4,1.0,0.25,23
random_2,46,6,max = 1 AND none = 1 AND polly_parallel = 1,0.0 <= parallel < 0.5  AND  pollydefaulttilesize < 640.0,0.0,0.2424242424242424,0.1481481481481481,0.6666666666666666,23
random_5,115,16,max = 1 AND none = 1 AND polly_parallel = 1,0.0 <= polly_opt_simplify_deps < 0.5  AND  polly_no_tiling >= 0.5  AND  0.0 <= pollyoptmaxconstantterm_1 < 0.5,1.0,0.2857142857142857,0.2307692307692307,0.375,23
random_10,230,27,max = 1 AND none = 1 AND polly_parallel = 1,0.0 <= min < 1.0  AND  0.0 <= polly < 1.0  AND  polly_parallel >= 1.0  AND  0.0 <= pollyoptmaxcoefficient_1000 < 1.0,1.0,0.9615384615384616,1.0,0.925925925925926,23
random_20,460,74,max = 1 AND none = 1 AND polly_parallel = 1,0.0 <= min < 1.0  AND  0.0 <= polly < 1.0  AND  polly_parallel >= 1.0,0.0,1.0,1.0,1.0,23
2-wise,56,9,max = 1 AND none = 1 AND polly_parallel = 1,polly_parallel >= 1.0  AND  0.0 <= min < 1.0  AND  0.0 <= pollyoptmaxconstantterm_10000 < 1.0,0.0,0.6923076923076924,0.5294117647058824,1.0,23
3-wise,254,40,max = 1 AND none = 1 AND polly_parallel = 1,0.0 <= min < 1.0  AND  0.0 <= polly < 1.0  AND  polly_parallel >= 1.0,0.0,1.0,1.0,1.0,23
4-wise,979,149,max = 1 AND none = 1 AND polly_parallel = 1,0.0 <= min < 1.0  AND  0.0 <= polly < 1.0  AND  polly_parallel >= 1.0,0.0,1.0,1.0,1.0,23
full,60000,10000,memory_based = 1 AND min = 1 AND polly_parallel = 1,0.0 <= value_based < 1.0  AND  parallel_force >= 1.0  AND  0.0 <= max < 1.0  AND  0.0 <= pollyoptmaxconstantterm_1 < 1.0,1.0,0.5714285714285715,1.0,0.4,24
random_2,46,6,memory_based = 1 AND min = 1 AND polly_parallel = 1,0.0 <= memory_based < 0.5  AND  0.0 <= pollyoptmaxcoefficient_1 < 1.0,0.0,0.0,0.0,0.0,24
random_5,115,24,memory_based = 1 AND min = 1 AND polly_parallel = 1,0.0 <= max < 0.5  AND  0.0 <= value_based < 1.0  AND  polly_parallel >= 1.0,1.0,1.0,1.0,1.0,24
random_10,230,42,memory_based = 1 AND min = 1 AND polly_parallel = 1,0.0 <= max < 1.0  AND  0.0 <= value_based < 1.0  AND  polly_parallel >= 0.5,0.0,1.0,1.0,1.0,24
random_20,460,74,memory_based = 1 AND min = 1 AND polly_parallel = 1,0.0 <= max < 1.0  AND  polly_parallel >= 1.0  AND  0.0 <= value_based < 1.0,0.0,1.0,1.0,1.0,24
2-wise,51,8,memory_based = 1 AND min = 1 AND polly_parallel = 1,0.0 <= min < 1.0  AND  0.0 <= pollyoptmaxconstantterm_10000 < 1.0  AND  0.0 <= pollyoptmaxcoefficient_1000 < 0.5,0.0,0.0,0.0,0.0,24
3-wise,256,48,memory_based = 1 AND min = 1 AND polly_parallel = 1,0.0 <= max < 1.0  AND  polly_parallel >= 1.0  AND  0.0 <= value_based < 1.0,0.0,1.0,1.0,1.0,24
4-wise,955,156,memory_based = 1 AND min = 1 AND polly_parallel = 1,0.0 <= max < 1.0  AND  0.0 <= value_based < 1.0  AND  polly_parallel >= 1.0,0.0,1.0,1.0,1.0,24
full,60000,7500,none = 1 AND polly_no_tiling = 1 AND polly_opt_simplify_deps = 1,0.0 <= polly < 1.0  AND  polly_opt_simplify_deps >= 1.0  AND  polly_no_tiling >= 1.0  AND  pollyrtcmaxparameters < 8.0,1.0,0.7499999999999999,1.0,0.6,25
random_2,46,5,none = 1 AND polly_no_tiling = 1 AND polly_opt_simplify_deps = 1,0.0 <= pollyoptmaxconstantterm_10 < 1.0  AND  parallel_force >= 1.0,0.0,0.0,0.0,0.0,25
random_5,115,17,none = 1 AND polly_no_tiling = 1 AND polly_opt_simplify_deps = 1,polly_no_tiling >= 1.0  AND  polly_opt_simplify_deps >= 1.0  AND  0.0 <= polly < 1.0,1.0,1.0,1.0,1.0,25
random_10,230,21,none = 1 AND polly_no_tiling = 1 AND polly_opt_simplify_deps = 1,0.0 <= max < 1.0  AND  0.0 <= none < 1.0  AND  pollyrtcmaxparameters >= 4.0,0.0,0.0,0.0,0.0,25
random_20,460,69,none = 1 AND polly_no_tiling = 1 AND polly_opt_simplify_deps = 1,polly_no_tiling >= 1.0  AND  polly_opt_simplify_deps >= 1.0  AND  0.0 <= polly < 1.0,0.0,1.0,1.0,1.0,25
2-wise,56,12,none = 1 AND polly_no_tiling = 1 AND polly_opt_simplify_deps = 1,polly_no_tiling >= 1.0  AND  polly_opt_simplify_deps >= 1.0  AND  0.0 <= polly < 0.5,1.0,1.0,1.0,1.0,25
3-wise,260,39,none = 1 AND polly_no_tiling = 1 AND polly_opt_simplify_deps = 1,polly_no_tiling >= 1.0  AND  polly_opt_simplify_deps >= 1.0  AND  0.0 <= polly < 1.0,0.0,1.0,1.0,1.0,25
4-wise,944,113,none = 1 AND polly_no_tiling = 1 AND polly_opt_simplify_deps = 1,polly_no_tiling >= 1.0  AND  polly_opt_simplify_deps >= 1.0  AND  0.0 <= polly < 1.0,0.0,1.0,1.0,1.0,25
full,60000,7500,max = 1 AND polly = 1 AND polly_opt_simplify_deps = 1,0.0 <= min < 1.0  AND  polly_opt_simplify_deps >= 1.0  AND  0.0 <= none < 1.0  AND  0.0 <= parallel < 0.5,4.0,0.8,1.0,0.6666666666666666,26
random_2,46,8,max = 1 AND polly = 1 AND polly_opt_simplify_deps = 1,pollyrtcmaxparameters >= 2.0  AND  pollydefaulttilesize >= 10.0,0.0,0.3243243243243243,0.2068965517241379,0.75,26
random_5,115,17,max = 1 AND polly = 1 AND polly_opt_simplify_deps = 1,0.0 <= min < 0.5  AND  pollyrtcmaxparameters < 4.0,0.0,0.4489795918367347,0.34375,0.6470588235294118,26
random_10,230,32,max = 1 AND polly = 1 AND polly_opt_simplify_deps = 1,0.0 <= min < 1.0  AND  polly_opt_simplify_deps >= 1.0  AND  0.0 <= none < 1.0,0.0,1.0,1.0,1.0,26
random_20,460,56,max = 1 AND polly = 1 AND polly_opt_simplify_deps = 1,0.0 <= min < 1.0  AND  polly_opt_simplify_deps >= 1.0  AND  0.0 <= none < 1.0,0.0,1.0,1.0,1.0,26
2-wise,55,7,max = 1 AND polly = 1 AND polly_opt_simplify_deps = 1,0.0 <= pollyoptmaxconstantterm_1000 < 1.0  AND  0.0 <= memory_based < 1.0,0.0,0.24,0.1666666666666666,0.4285714285714285,26
3-wise,262,25,max = 1 AND polly = 1 AND polly_opt_simplify_deps = 1,polly_opt_simplify_deps >= 1.0  AND  0.0 <= polly_parallel < 1.0  AND  pollyrtcmaxparameters < 8.0,0.0,0.2692307692307692,0.2592592592592592,0.28,26
4-wise,959,117,max = 1 AND polly = 1 AND polly_opt_simplify_deps = 1,0.0 <= min < 1.0  AND  0.0 <= none < 1.0  AND  polly_opt_simplify_deps >= 1.0,0.0,1.0,1.0,1.0,26
full,60000,7500,min = 1 AND polly_no_tiling = 1 AND value_based = 1,0.0 <= max < 1.0  AND  0.0 <= memory_based < 1.0  AND  16.0 <= pollydefaulttilesize < 1024.0  AND  polly_no_tiling >= 1.0,0.0,0.7499999999999999,1.0,0.6,27
random_2,46,6,min = 1 AND polly_no_tiling = 1 AND value_based = 1,0.0 <= max < 1.0  AND  polly_no_tiling >= 1.0,1.0,0.631578947368421,0.4615384615384615,1.0,27
random_5,115,13,min = 1 AND polly_no_tiling = 1 AND value_based = 1,0.0 <= value_based < 1.0  AND  0.0 <= pollyoptmaxcoefficient_100 < 1.0  AND  pollyrtcmaxparameters < 16.0  AND  0.0 <= pollyoptmaxcoefficient_1000 < 1.0,0.0,0.0,0.0,0.0,27
random_10,230,36,min = 1 AND polly_no_tiling = 1 AND value_based = 1,0.0 <= memory_based < 1.0  AND  polly_no_tiling >= 1.0  AND  0.0 <= max < 1.0,1.0,1.0,1.0,1.0,27
random_20,460,60,min = 1 AND polly_no_tiling = 1 AND value_based = 1,0.0 <= memory_based < 1.0  AND  polly_no_tiling >= 1.0  AND  0.0 <= max < 1.0,0.0,1.0,1.0,1.0,27
2-wise,56,4,min = 1 AND polly_no_tiling = 1 AND value_based = 1,0.0 <= pollyoptmaxconstantterm_1000 < 1.0  AND  0.0 <= pollyoptmaxconstantterm_1 < 1.0  AND  0.0 <= pollyoptmaxcoefficient_1000 < 1.0  AND  0.0 <= pollyoptmaxcoefficient_10 < 1.0,0.0,0.0,0.0,0.0,27
3-wise,253,28,min = 1 AND polly_no_tiling = 1 AND value_based = 1,0.0 <= memory_based < 1.0  AND  polly_no_tiling >= 1.0  AND  0.0 <= max < 1.0,0.0,1.0,1.0,1.0,27
4-wise,960,123,min = 1 AND polly_no_tiling = 1 AND value_based = 1,0.0 <= max < 1.0  AND  polly_no_tiling >= 1.0  AND  0.0 <= memory_based < 1.0,0.0,1.0,1.0,1.0,27
full,60000,7500,memory_based = 1 AND min = 1 AND polly_no_tiling = 1,0.0 <= value_based < 1.0  AND  polly_no_tiling >= 1.0  AND  0.0 <= max < 1.0  AND  pollydefaulttilesize < 256.0,1.0,0.7499999999999999,1.0,0.6,28
random_2,46,4,memory_based = 1 AND min = 1 AND polly_no_tiling = 1,0.0 <= min < 1.0  AND  0.0 <= pollyoptmaxcoefficient_100 < 1.0,0.0,0.0,0.0,0.0,28
random_5,115,22,memory_based = 1 AND min = 1 AND polly_no_tiling = 1,0.0 <= max < 1.0  AND  0.0 <= value_based < 1.0  AND  polly_no_tiling >= 1.0,0.0,1.0,1.0,1.0,28
random_10,230,27,memory_based = 1 AND min = 1 AND polly_no_tiling = 1,0.0 <= max < 1.0  AND  0.0 <= value_based < 1.0  AND  polly_no_tiling >= 1.0,1.0,1.0,1.0,1.0,28
random_20,460,58,memory_based = 1 AND min = 1 AND polly_no_tiling = 1,0.0 <= max < 1.0  AND  0.0 <= value_based < 1.0  AND  polly_no_tiling >= 1.0,0.0,1.0,1.0,1.0,28
2-wise,55,0,memory_based = 1 AND min = 1 AND polly_no_tiling = 1,,,0.0,0.0,0.0,28
3-wise,257,28,memory_based = 1 AND min = 1 AND polly_no_tiling = 1,0.0 <= max < 1.0  AND  polly_no_tiling >= 1.0  AND  0.0 <= value_based < 1.0,0.0,1.0,1.0,1.0,28
4-wise,947,120,memory_based = 1 AND min = 1 AND polly_no_tiling = 1,polly_no_tiling >= 1.0  AND  0.0 <= value_based < 1.0  AND  0.0 <= max < 1.0,0.0,1.0,1.0,1.0,28
full,60000,7500,max = 1 AND memory_based = 1 AND polly_opt_simplify_deps = 1,0.0 <= value_based < 1.0  AND  polly_opt_simplify_deps >= 1.0  AND  0.0 <= min < 1.0  AND  0.0 <= pollyoptmaxcoefficient_1 < 1.0,1.0,0.888888888888889,1.0,0.8,29
random_2,46,6,max = 1 AND memory_based = 1 AND polly_opt_simplify_deps = 1,0.0 <= max < 1.0  AND  pollydefaulttilesize >= 10.0,0.0,0.0,0.0,0.0,29
random_5,115,10,max = 1 AND memory_based = 1 AND polly_opt_simplify_deps = 1,0.0 <= memory_based < 1.0  AND  0.0 <= pollyoptmaxconstantterm_10 < 1.0  AND  0.0 <= pollyoptmaxconstantterm_100 < 1.0  AND  0.0 <= pollyoptmaxcoefficient_1000 < 1.0,0.0,0.0,0.0,0.0,29
random_10,230,20,max = 1 AND memory_based = 1 AND polly_opt_simplify_deps = 1,0.0 <= min < 1.0  AND  polly_opt_simplify_deps >= 1.0  AND  0.0 <= value_based < 1.0,1.0,1.0,1.0,1.0,29
random_20,460,68,max = 1 AND memory_based = 1 AND polly_opt_simplify_deps = 1,0.0 <= min < 1.0  AND  polly_opt_simplify_deps >= 1.0  AND  0.0 <= value_based < 1.0,0.0,1.0,1.0,1.0,29
2-wise,54,7,max = 1 AND memory_based = 1 AND polly_opt_simplify_deps = 1,0.0 <= polly_opt_simplify_deps < 1.0  AND  0.0 <= none < 0.5,0.0,0.0,0.0,0.0,29
3-wise,250,30,max = 1 AND memory_based = 1 AND polly_opt_simplify_deps = 1,polly_opt_simplify_deps >= 1.0  AND  0.0 <= value_based < 1.0  AND  0.0 <= min < 1.0,0.0,1.0,1.0,1.0,29
4-wise,950,105,max = 1 AND memory_based = 1 AND polly_opt_simplify_deps = 1,0.0 <= min < 1.0  AND  0.0 <= value_based < 1.0  AND  polly_opt_simplify_deps >= 1.0,0.0,1.0,1.0,1.0,29
full,60000,7500,max = 1 AND polly = 1 AND value_based = 1,0.0 <= memory_based < 1.0  AND  0.0 <= none < 1.0  AND  0.0 <= min < 1.0  AND  2.0 <= pollyrtcmaxparameters < 8.0,0.0,0.5714285714285715,1.0,0.4,2
random_2,46,0,max = 1 AND polly = 1 AND value_based = 1,,,0.0,0.0,0.0,2
random_5,115,15,max = 1 AND polly = 1 AND value_based = 1,pollyrtcmaxparameters >= 16.0,0.0,0.25,0.2,0.3333333333333333,2
random_10,230,35,max = 1 AND polly = 1 AND value_based = 1,0.0 <= min < 1.0  AND  0.0 <= none < 1.0  AND  0.0 <= memory_based < 1.0,0.0,1.0,1.0,1.0,2
random_20,460,50,max = 1 AND polly = 1 AND value_based = 1,0.0 <= memory_based < 1.0  AND  0.0 <= min < 1.0  AND  0.0 <= none < 1.0,0.0,1.0,1.0,1.0,2
2-wise,55,5,max = 1 AND polly = 1 AND value_based = 1,0.0 <= parallel_force < 1.0  AND  0.0 <= pollyoptmaxcoefficient_1000 < 1.0  AND  0.0 <= pollyoptmaxconstantterm_10000 < 1.0,0.0,0.1333333333333333,0.08,0.4,2
3-wise,256,29,max = 1 AND polly = 1 AND value_based = 1,0.0 <= min < 1.0  AND  0.0 <= none < 1.0  AND  0.0 <= memory_based < 1.0,0.0,1.0,1.0,1.0,2
4-wise,966,123,max = 1 AND polly = 1 AND value_based = 1,0.0 <= memory_based < 1.0  AND  0.0 <= none < 1.0  AND  0.0 <= min < 1.0,0.0,1.0,1.0,1.0,2
full,60000,10000,none = 1 AND polly_no_tiling = 1 AND polly_parallel = 1,0.0 <= polly < 1.0  AND  parallel_force >= 1.0  AND  polly_no_tiling >= 1.0  AND  0.0 <= pollyoptmaxcoefficient_10 < 1.0,2.0,0.5714285714285715,1.0,0.4,30
random_2,46,8,none = 1 AND polly_no_tiling = 1 AND polly_parallel = 1,0.0 <= pollyoptmaxconstantterm_10 < 1.0  AND  0.0 <= polly_no_tiling < 0.5,0.0,0.0,0.0,0.0,30
random_5,115,19,none = 1 AND polly_no_tiling = 1 AND polly_parallel = 1,16.0 <= pollydefaulttilesize < 1024.0  AND  0.0 <= pollyoptmaxconstantterm_100 < 1.0  AND  0.0 <= polly_no_tiling < 1.0  AND  0.0 <= pollyoptmaxcoefficient_1000 < 1.0,0.0,0.0,0.0,0.0,30
random_10,230,38,none = 1 AND polly_no_tiling = 1 AND polly_parallel = 1,0.0 <= max < 1.0  AND  0.0 <= none < 1.0  AND  0.0 <= parallel < 1.0  AND  0.0 <= pollyoptmaxconstantterm_100 < 1.0,0.0,0.0,0.0,0.0,30
random_20,460,85,none = 1 AND polly_no_tiling = 1 AND polly_parallel = 1,0.0 <= polly < 1.0  AND  parallel >= 1.0  AND  polly_no_tiling >= 1.0,0.0,0.671875,1.0,0.5058823529411764,30
2-wise,54,0,none = 1 AND polly_no_tiling = 1 AND polly_parallel = 1,,,0.0,0.0,0.0,30
3-wise,247,36,none = 1 AND polly_no_tiling = 1 AND polly_parallel = 1,0.0 <= parallel_force < 1.0  AND  pollyoptmaxcoefficient_1000 >= 1.0,2.0,0.1095890410958904,0.1081081081081081,0.1111111111111111,30
4-wise,953,162,none = 1 AND polly_no_tiling = 1 AND polly_parallel = 1,polly_no_tiling >= 1.0  AND  polly_parallel >= 1.0  AND  0.0 <= polly < 1.0  AND  0.0 <= pollyoptmaxconstantterm_1 < 1.0,0.0,0.89419795221843,1.0,0.808641975308642,30
full,60000,7500,none = 1 AND polly_no_tiling = 1 AND value_based = 1,0.0 <= polly < 1.0  AND  polly_no_tiling >= 1.0  AND  0.0 <= memory_based < 1.0  AND  pollyrtcmaxparameters >= 2.0,1.0,0.888888888888889,1.0,0.8,31
random_2,46,0,none = 1 AND polly_no_tiling = 1 AND value_based = 1,,,0.0,0.0,0.0,31
random_5,115,19,none = 1 AND polly_no_tiling = 1 AND value_based = 1,0.0 <= polly < 1.0  AND  polly_no_tiling >= 1.0  AND  0.0 <= memory_based < 1.0,0.0,1.0,1.0,1.0,31
random_10,230,20,none = 1 AND polly_no_tiling = 1 AND value_based = 1,0.0 <= polly_parallel < 1.0  AND  64.0 <= pollydefaulttilesize < 1024.0,1.0,0.0416666666666666,0.0357142857142857,0.05,31
random_20,460,52,none = 1 AND polly_no_tiling = 1 AND value_based = 1,0.0 <= polly_opt_simplify_deps < 1.0  AND  pollydefaulttilesize >= 1024.0  AND  pollyrtcmaxparameters >= 2.0,4.0,0.0659340659340659,0.0769230769230769,0.0576923076923076,31
2-wise,54,7,none = 1 AND polly_no_tiling = 1 AND value_based = 1,0.0 <= pollyoptmaxconstantterm_10000 < 1.0  AND  0.0 <= polly_parallel < 1.0,0.0,0.0869565217391304,0.0625,0.1428571428571428,31
3-wise,254,25,none = 1 AND polly_no_tiling = 1 AND value_based = 1,0.0 <= pollyoptmaxcoefficient_1000 < 1.0  AND  4.0 <= pollyrtcmaxparameters < 8.0,2.0,0.1311475409836065,0.1111111111111111,0.16,31
4-wise,956,115,none = 1 AND polly_no_tiling = 1 AND value_based = 1,0.0 <= memory_based < 1.0  AND  0.0 <= polly < 1.0  AND  polly_no_tiling >= 1.0,0.0,1.0,1.0,1.0,31
full,60000,7500,max = 1 AND memory_based = 1 AND polly_opt_simplify_deps = 1,0.0 <= min < 1.0  AND  0.0 <= value_based < 1.0  AND  polly_opt_simplify_deps >= 1.0  AND  0.0 <= pollyoptmaxconstantterm_1000 < 1.0,0.0,0.888888888888889,1.0,0.8,32
random_2,46,6,max = 1 AND memory_based = 1 AND polly_opt_simplify_deps = 1,pollydefaulttilesize < 640.0  AND  0.0 <= pollyoptmaxcoefficient_1 < 0.5  AND  0.0 <= polly_opt_simplify_deps < 1.0,0.0,0.0,0.0,0.0,32
random_5,115,8,max = 1 AND memory_based = 1 AND polly_opt_simplify_deps = 1,pollydefaulttilesize < 64.0  AND  0.0 <= pollyoptmaxconstantterm_10 < 1.0  AND  0.0 <= pollyoptmaxcoefficient_10000 < 1.0,0.0,0.054054054054054,0.0344827586206896,0.125,32
random_10,230,39,max = 1 AND memory_based = 1 AND polly_opt_simplify_deps = 1,0.0 <= min < 1.0  AND  0.0 <= value_based < 1.0  AND  polly_opt_simplify_deps >= 1.0,0.0,1.0,1.0,1.0,32
random_20,460,64,max = 1 AND memory_based = 1 AND polly_opt_simplify_deps = 1,0.0 <= min < 0.5  AND  0.0 <= value_based < 1.0  AND  polly_opt_simplify_deps >= 1.0,0.0,1.0,1.0,1.0,32
2-wise,54,5,max = 1 AND memory_based = 1 AND polly_opt_simplify_deps = 1,0.0 <= pollyoptmaxconstantterm_10000 < 1.0  AND  polly_parallel >= 0.5  AND  0.0 <= pollyoptmaxcoefficient_10 < 1.0,0.0,0.0714285714285714,0.0434782608695652,0.2,32
3-wise,254,35,max = 1 AND memory_based = 1 AND polly_opt_simplify_deps = 1,0.0 <= min < 1.0  AND  0.0 <= pollyoptmaxcoefficient_100 < 1.0  AND  polly_opt_simplify_deps >= 1.0  AND  0.0 <= value_based < 1.0,0.0,0.9393939393939392,1.0,0.8857142857142857,32
4-wise,958,120,max = 1 AND memory_based = 1 AND polly_opt_simplify_deps = 1,0.0 <= min < 1.0  AND  0.0 <= value_based < 1.0  AND  polly_opt_simplify_deps >= 1.0  AND  0.0 <= pollyoptmaxconstantterm_1000 < 1.0,0.0,0.888888888888889,1.0,0.8,32
full,60000,10000,polly_no_tiling = 1 AND polly_opt_simplify_deps = 1 AND polly_parallel = 1,polly_no_tiling >= 1.0  AND  parallel_force >= 0.5  AND  polly_opt_simplify_deps >= 1.0  AND  0.0 <= min < 1.0,2.0,0.4,1.0,0.25,33
random_2,46,0,polly_no_tiling = 1 AND polly_opt_simplify_deps = 1 AND polly_parallel = 1,,,0.0,0.0,0.0,33
random_5,115,21,polly_no_tiling = 1 AND polly_opt_simplify_deps = 1 AND polly_parallel = 1,0.0 <= polly_no_tiling < 1.0  AND  pollydefaulttilesize < 160.0  AND  0.0 <= pollyoptmaxcoefficient_10000 < 1.0,0.0,0.0,0.0,0.0,33
random_10,230,36,polly_no_tiling = 1 AND polly_opt_simplify_deps = 1 AND polly_parallel = 1,0.0 <= max < 1.0  AND  0.0 <= polly_opt_simplify_deps < 1.0  AND  0.0 <= pollyoptmaxconstantterm_1 < 1.0  AND  0.0 <= polly_no_tiling < 1.0,0.0,0.0,0.0,0.0,33
random_20,460,75,polly_no_tiling = 1 AND polly_opt_simplify_deps = 1 AND polly_parallel = 1,polly_no_tiling >= 1.0  AND  polly_opt_simplify_deps >= 1.0  AND  polly_parallel >= 1.0,0.0,1.0,1.0,1.0,33
2-wise,56,7,polly_no_tiling = 1 AND polly_opt_simplify_deps = 1 AND polly_parallel = 1,0.0 <= pollyoptmaxcoefficient_1000 < 0.5  AND  0.0 <= pollyoptmaxcoefficient_10000 < 0.5  AND  0.0 <= parallel_force < 1.0,0.0,0.0,0.0,0.0,33
3-wise,251,42,polly_no_tiling = 1 AND polly_opt_simplify_deps = 1 AND polly_parallel = 1,0.0 <= polly_opt_simplify_deps < 1.0  AND  pollyoptmaxcoefficient_100 >= 1.0,0.0,0.0,0.0,0.0,33
4-wise,960,169,polly_no_tiling = 1 AND polly_opt_simplify_deps = 1 AND polly_parallel = 1,polly_no_tiling >= 1.0  AND  polly_opt_simplify_deps >= 1.0  AND  polly_parallel >= 1.0  AND  0.0 <= pollyoptmaxcoefficient_1000 < 1.0,0.0,0.8733333333333333,1.0,0.7751479289940828,33
full,60000,10000,min = 1 AND polly = 1 AND polly_parallel = 1,0.0 <= max < 1.0  AND  0.0 <= none < 1.0  AND  parallel_force >= 0.5  AND  0.0 <= pollyoptmaxconstantterm_1000 < 1.0,0.0,0.5714285714285715,1.0,0.4,34
random_2,46,9,min = 1 AND polly = 1 AND polly_parallel = 1,0.0 <= none < 1.0  AND  polly_parallel >= 1.0,1.0,0.6923076923076924,0.5294117647058824,1.0,34
random_5,115,0,min = 1 AND polly = 1 AND polly_parallel = 1,,,0.0,0.0,0.0,34
random_10,230,38,min = 1 AND polly = 1 AND polly_parallel = 1,0.0 <= max < 1.0  AND  0.0 <= none < 1.0  AND  polly_parallel >= 1.0,0.0,1.0,1.0,1.0,34
random_20,460,76,min = 1 AND polly = 1 AND polly_parallel = 1,0.0 <= max < 1.0  AND  polly_parallel >= 1.0  AND  0.0 <= none < 1.0,0.0,1.0,1.0,1.0,34
2-wise,52,10,min = 1 AND polly = 1 AND polly_parallel = 1,0.0 <= max < 0.5  AND  pollydefaulttilesize >= 10.0,1.0,0.6923076923076923,0.5625,0.9,34
3-wise,262,41,min = 1 AND polly = 1 AND polly_parallel = 1,0.0 <= max < 1.0  AND  0.0 <= none < 1.0  AND  polly_parallel >= 1.0,0.0,1.0,1.0,1.0,34
4-wise,943,170,min = 1 AND polly = 1 AND polly_parallel = 1,0.0 <= max < 1.0  AND  polly_parallel >= 1.0  AND  0.0 <= none < 1.0,0.0,1.0,1.0,1.0,34
full,60000,7500,none = 1 AND polly_no_tiling = 1 AND value_based = 1,0.0 <= memory_based < 1.0  AND  0.0 <= polly < 1.0  AND  polly_no_tiling >= 1.0  AND  0.0 <= max < 1.0,2.0,0.6666666666666666,1.0,0.5,35
random_2,46,5,none = 1 AND polly_no_tiling = 1 AND value_based = 1,0.0 <= value_based < 0.5  AND  0.0 <= pollyoptmaxconstantterm_10000 < 0.5,0.0,0.0,0.0,0.0,35
random_5,115,16,none = 1 AND polly_no_tiling = 1 AND value_based = 1,0.0 <= memory_based < 1.0  AND  0.0 <= polly < 1.0  AND  polly_no_tiling >= 1.0,1.0,1.0,1.0,1.0,35
random_10,230,21,none = 1 AND polly_no_tiling = 1 AND value_based = 1,0.0 <= polly_no_tiling < 1.0  AND  pollydefaulttilesize < 16.0,0.0,0.0,0.0,0.0,35
random_20,460,60,none = 1 AND polly_no_tiling = 1 AND value_based = 1,0.0 <= polly < 1.0  AND  polly_no_tiling >= 1.0  AND  0.0 <= memory_based < 1.0,0.0,1.0,1.0,1.0,35
2-wise,55,6,none = 1 AND polly_no_tiling = 1 AND value_based = 1,0.0 <= none < 0.5  AND  pollydefaulttilesize < 160.0,0.0,0.0,0.0,0.0,35
3-wise,256,35,none = 1 AND polly_no_tiling = 1 AND value_based = 1,0.0 <= polly < 1.0  AND  polly_no_tiling >= 1.0  AND  0.0 <= memory_based < 1.0,1.0,1.0,1.0,1.0,35
4-wise,965,108,none = 1 AND polly_no_tiling = 1 AND value_based = 1,0.0 <= polly < 1.0  AND  polly_no_tiling >= 1.0  AND  0.0 <= memory_based < 1.0,0.0,1.0,1.0,1.0,35
full,60000,10000,none = 1 AND polly_no_tiling = 1 AND polly_parallel = 1,parallel >= 0.5  AND  polly_no_tiling >= 1.0  AND  0.0 <= polly < 1.0  AND  polly_opt_simplify_deps >= 1.0,0.0,0.4,1.0,0.25,36
random_2,46,0,none = 1 AND polly_no_tiling = 1 AND polly_parallel = 1,,,0.0,0.0,0.0,36
random_5,115,18,none = 1 AND polly_no_tiling = 1 AND polly_parallel = 1,0.0 <= polly < 1.0  AND  polly_parallel >= 1.0  AND  polly_no_tiling >= 0.5,1.0,1.0,1.0,1.0,36
random_10,230,29,none = 1 AND polly_no_tiling = 1 AND polly_parallel = 1,0.0 <= polly_no_tiling < 1.0  AND  0.0 <= pollyoptmaxconstantterm_10000 < 1.0  AND  pollydefaulttilesize < 16.0,0.0,0.0,0.0,0.0,36
random_20,460,73,none = 1 AND polly_no_tiling = 1 AND polly_parallel = 1,0.0 <= polly < 1.0  AND  polly_no_tiling >= 1.0  AND  polly_parallel >= 1.0,0.0,1.0,1.0,1.0,36
2-wise,62,13,none = 1 AND polly_no_tiling = 1 AND polly_parallel = 1,0.0 <= none < 1.0  AND  pollyrtcmaxparameters >= 3.0,0.0,0.0,0.0,0.0,36
3-wise,262,40,none = 1 AND polly_no_tiling = 1 AND polly_parallel = 1,0.0 <= polly < 1.0  AND  polly_no_tiling >= 1.0  AND  polly_parallel >= 1.0,0.0,1.0,1.0,1.0,36
4-wise,970,169,none = 1 AND polly_no_tiling = 1 AND polly_parallel = 1,polly_no_tiling >= 1.0  AND  polly_parallel >= 1.0  AND  0.0 <= polly < 1.0,0.0,1.0,1.0,1.0,36
full,60000,10000,none = 1 AND polly_opt_simplify_deps = 1 AND polly_parallel = 1,0.0 <= polly < 1.0  AND  polly_opt_simplify_deps >= 1.0  AND  polly_parallel >= 0.5  AND  16.0 <= pollydefaulttilesize < 64.0,0.0,0.3333333333333333,1.0,0.2,37
random_2,46,9,none = 1 AND polly_opt_simplify_deps = 1 AND polly_parallel = 1,0.0 <= polly < 0.5  AND  polly_opt_simplify_deps >= 1.0,2.0,0.9473684210526316,0.9,1.0,37
random_5,115,17,none = 1 AND polly_opt_simplify_deps = 1 AND polly_parallel = 1,0.0 <= pollyoptmaxcoefficient_10 < 0.5  AND  pollyoptmaxconstantterm_1000 >= 1.0,0.0,0.0,0.0,0.0,37
random_10,230,38,none = 1 AND polly_opt_simplify_deps = 1 AND polly_parallel = 1,polly_opt_simplify_deps >= 1.0  AND  polly_parallel >= 1.0  AND  0.0 <= polly < 1.0,0.0,1.0,1.0,1.0,37
random_20,460,69,none = 1 AND polly_opt_simplify_deps = 1 AND polly_parallel = 1,0.0 <= polly < 1.0  AND  polly_opt_simplify_deps >= 1.0  AND  polly_parallel >= 1.0,0.0,1.0,1.0,1.0,37
2-wise,57,7,none = 1 AND polly_opt_simplify_deps = 1 AND polly_parallel = 1,pollyoptmaxconstantterm_10000 >= 1.0,0.0,0.0,0.0,0.0,37
3-wise,255,50,none = 1 AND polly_opt_simplify_deps = 1 AND polly_parallel = 1,0.0 <= polly < 1.0  AND  polly_opt_simplify_deps >= 1.0  AND  polly_parallel >= 1.0,0.0,1.0,1.0,1.0,37
4-wise,957,165,none = 1 AND polly_opt_simplify_deps = 1 AND polly_parallel = 1,polly_opt_simplify_deps >= 1.0  AND  polly_parallel >= 1.0  AND  0.0 <= polly < 1.0,0.0,1.0,1.0,1.0,37
full,60000,7500,max = 1 AND memory_based = 1 AND none = 1,0.0 <= min < 1.0  AND  0.0 <= polly < 1.0  AND  0.0 <= value_based < 1.0  AND  0.0 <= pollyoptmaxconstantterm_10 < 1.0,3.0,0.888888888888889,1.0,0.8,38
random_2,46,0,max = 1 AND memory_based = 1 AND none = 1,,,0.0,0.0,0.0,38
random_5,115,13,max = 1 AND memory_based = 1 AND none = 1,0.0 <= pollyoptmaxcoefficient_1000 < 1.0  AND  pollydefaulttilesize < 16.0,0.0,0.0625,0.0526315789473684,0.0769230769230769,38
random_10,230,39,max = 1 AND memory_based = 1 AND none = 1,0.0 <= min < 1.0  AND  0.0 <= polly < 1.0  AND  0.0 <= value_based < 1.0,0.0,1.0,1.0,1.0,38
random_20,460,56,max = 1 AND memory_based = 1 AND none = 1,polly_no_tiling >= 1.0  AND  pollyoptmaxcoefficient_1000 >= 1.0,3.0,0.0842105263157894,0.1025641025641025,0.0714285714285714,38
2-wise,51,0,max = 1 AND memory_based = 1 AND none = 1,,,0.0,0.0,0.0,38
3-wise,257,34,max = 1 AND memory_based = 1 AND none = 1,0.0 <= polly < 1.0  AND  0.0 <= value_based < 1.0  AND  0.0 <= min < 1.0,0.0,1.0,1.0,1.0,38
4-wise,945,124,max = 1 AND memory_based = 1 AND none = 1,0.0 <= min < 1.0  AND  0.0 <= polly < 1.0  AND  0.0 <= value_based < 1.0,0.0,1.0,1.0,1.0,38
full,60000,10000,none = 1 AND polly_parallel = 1 AND value_based = 1,0.0 <= polly < 1.0  AND  parallel >= 1.0  AND  0.0 <= memory_based < 1.0  AND  0.0 <= pollyoptmaxcoefficient_100 < 1.0,2.0,0.5714285714285715,1.0,0.4,39
random_2,46,7,none = 1 AND polly_parallel = 1 AND value_based = 1,0.0 <= pollyoptmaxconstantterm_1000 < 1.0  AND  0.0 <= none < 1.0  AND  0.0 <= pollyoptmaxconstantterm_100 < 0.5,0.0,0.0,0.0,0.0,39
random_5,115,24,none = 1 AND polly_parallel = 1 AND value_based = 1,0.0 <= memory_based < 1.0  AND  polly_parallel >= 1.0  AND  0.0 <= polly < 0.5,0.0,1.0,1.0,1.0,39
random_10,230,45,none = 1 AND polly_parallel = 1 AND value_based = 1,0.0 <= memory_based < 1.0  AND  polly_parallel >= 1.0  AND  0.0 <= polly < 1.0,0.0,1.0,1.0,1.0,39
random_20,460,61,none = 1 AND polly_parallel = 1 AND value_based = 1,0.0 <= memory_based < 1.0  AND  0.0 <= polly < 1.0  AND  polly_parallel >= 1.0,0.0,1.0,1.0,1.0,39
2-wise,52,7,none = 1 AND polly_parallel = 1 AND value_based = 1,0.0 <= memory_based < 1.0  AND  0.0 <= polly < 0.5,1.0,0.8235294117647058,0.7,1.0,39
3-wise,248,42,none = 1 AND polly_parallel = 1 AND value_based = 1,0.0 <= memory_based < 1.0  AND  0.0 <= polly < 1.0  AND  polly_parallel >= 1.0,0.0,1.0,1.0,1.0,39
4-wise,953,165,none = 1 AND polly_parallel = 1 AND value_based = 1,0.0 <= polly < 1.0  AND  polly_parallel >= 1.0  AND  0.0 <= memory_based < 1.0,0.0,1.0,1.0,1.0,39
full,60000,10000,max = 1 AND polly_no_tiling = 1 AND polly_parallel = 1,0.0 <= min < 1.0  AND  parallel_force >= 0.5  AND  polly_no_tiling >= 1.0  AND  pollyrtcmaxparameters >= 2.0,1.0,0.5714285714285715,1.0,0.4,3
random_2,46,6,max = 1 AND polly_no_tiling = 1 AND polly_parallel = 1,pollyoptmaxconstantterm_1000 >= 1.0,0.0,0.0,0.0,0.0,3
random_5,115,14,max = 1 AND polly_no_tiling = 1 AND polly_parallel = 1,2.0 <= pollyrtcmaxparameters < 12.0  AND  0.0 <= pollyoptmaxcoefficient_10000 < 1.0  AND  0.0 <= pollyoptmaxconstantterm_10000 < 1.0  AND  0.0 <= pollyoptmaxcoefficient_1000 < 1.0,0.0,0.0425531914893617,0.0303030303030303,0.0714285714285714,3
random_10,230,27,max = 1 AND polly_no_tiling = 1 AND polly_parallel = 1,0.0 <= none < 1.0  AND  pollyoptmaxcoefficient_10000 >= 1.0,2.0,0.0784313725490196,0.0833333333333333,0.074074074074074,3
random_20,460,88,max = 1 AND polly_no_tiling = 1 AND polly_parallel = 1,0.0 <= min < 1.0  AND  polly_no_tiling >= 1.0  AND  polly_parallel >= 1.0,0.0,1.0,1.0,1.0,3
2-wise,55,0,max = 1 AND polly_no_tiling = 1 AND polly_parallel = 1,,,0.0,0.0,0.0,3
3-wise,257,46,max = 1 AND polly_no_tiling = 1 AND polly_parallel = 1,0.0 <= min < 1.0  AND  polly_no_tiling >= 1.0  AND  polly_parallel >= 1.0,0.0,1.0,1.0,1.0,3
4-wise,950,170,max = 1 AND polly_no_tiling = 1 AND polly_parallel = 1,0.0 <= min < 1.0  AND  polly_no_tiling >= 1.0  AND  polly_parallel >= 1.0,0.0,1.0,1.0,1.0,3
full,60000,10000,min = 1 AND parallel = 1 AND polly_parallel = 1,0.0 <= max < 1.0  AND  parallel >= 0.5  AND  0.0 <= polly_no_tiling < 1.0  AND  0.0 <= pollyoptmaxcoefficient_10 < 1.0,1.0,0.5714285714285715,1.0,0.4,40
random_2,46,0,min = 1 AND parallel = 1 AND polly_parallel = 1,,,0.0,0.0,0.0,40
random_5,115,16,min = 1 AND parallel = 1 AND polly_parallel = 1,0.0 <= max < 1.0  AND  parallel >= 1.0,0.0,1.0,1.0,1.0,40
random_10,230,29,min = 1 AND parallel = 1 AND polly_parallel = 1,0.0 <= max < 1.0  AND  parallel >= 1.0,0.0,1.0,1.0,1.0,40
random_20,460,61,min = 1 AND parallel = 1 AND polly_parallel = 1,0.0 <= max < 1.0  AND  parallel >= 1.0,0.0,1.0,1.0,1.0,40
2-wise,54,7,min = 1 AND parallel = 1 AND polly_parallel = 1,parallel >= 0.5  AND  0.0 <= max < 0.5,1.0,1.0,1.0,1.0,40
3-wise,252,41,min = 1 AND parallel = 1 AND polly_parallel = 1,0.0 <= max < 1.0  AND  parallel >= 1.0  AND  0.0 <= pollyoptmaxconstantterm_1000 < 1.0,0.0,0.9350649350649352,1.0,0.8780487804878049,40
4-wise,952,162,min = 1 AND parallel = 1 AND polly_parallel = 1,0.0 <= max < 1.0  AND  parallel >= 1.0,0.0,1.0,1.0,1.0,40
full,60000,10000,max = 1 AND polly_no_tiling = 1 AND polly_parallel = 1,0.0 <= min < 1.0  AND  parallel_force >= 1.0  AND  polly_no_tiling >= 1.0  AND  0.0 <= pollyoptmaxcoefficient_1000 < 1.0,1.0,0.5714285714285715,1.0,0.4,41
random_2,46,6,max = 1 AND polly_no_tiling = 1 AND polly_parallel = 1,16.0 <= pollydefaulttilesize < 1024.0  AND  0.0 <= parallel_force < 1.0,0.0,0.0,0.0,0.0,41
random_5,115,19,max = 1 AND polly_no_tiling = 1 AND polly_parallel = 1,0.0 <= min < 1.0  AND  polly_parallel >= 1.0,1.0,0.6666666666666666,0.5,1.0,41
random_10,230,32,max = 1 AND polly_no_tiling = 1 AND polly_parallel = 1,polly_no_tiling >= 1.0  AND  polly_parallel >= 1.0  AND  0.0 <= min < 1.0,0.0,1.0,1.0,1.0,41
random_20,460,82,max = 1 AND polly_no_tiling = 1 AND polly_parallel = 1,0.0 <= min < 1.0  AND  polly_no_tiling >= 1.0  AND  polly_parallel >= 1.0,0.0,1.0,1.0,1.0,41
2-wise,55,0,max = 1 AND polly_no_tiling = 1 AND polly_parallel = 1,,,0.0,0.0,0.0,41
3-wise,248,41,max = 1 AND polly_no_tiling = 1 AND polly_parallel = 1,0.0 <= min < 1.0  AND  polly_parallel >= 1.0  AND  polly_no_tiling >= 1.0,0.0,1.0,1.0,1.0,41
4-wise,948,158,max = 1 AND polly_no_tiling = 1 AND polly_parallel = 1,0.0 <= min < 1.0  AND  polly_no_tiling >= 1.0  AND  polly_parallel >= 1.0,0.0,1.0,1.0,1.0,41
full,60000,7500,min = 1 AND none = 1 AND polly_opt_simplify_deps = 1,0.0 <= max < 1.0  AND  polly_opt_simplify_deps >= 1.0  AND  0.0 <= parallel < 0.5  AND  0.0 <= polly < 1.0,4.0,0.8,1.0,0.6666666666666666,42
random_2,46,0,min = 1 AND none = 1 AND polly_opt_simplify_deps = 1,,,0.0,0.0,0.0,42
random_5,115,11,min = 1 AND none = 1 AND polly_opt_simplify_deps = 1,0.0 <= min < 1.0  AND  0.0 <= polly_parallel < 1.0,0.0,0.0,0.0,0.0,42
random_10,230,29,min = 1 AND none = 1 AND polly_opt_simplify_deps = 1,0.0 <= polly_opt_simplify_deps < 1.0  AND  pollyoptmaxconstantterm_10000 >= 1.0,0.0,0.0,0.0,0.0,42
random_20,460,58,min = 1 AND none = 1 AND polly_opt_simplify_deps = 1,0.0 <= max < 1.0  AND  0.0 <= polly < 1.0  AND  polly_opt_simplify_deps >= 1.0,0.0,1.0,1.0,1.0,42
2-wise,51,0,min = 1 AND none = 1 AND polly_opt_simplify_deps = 1,,,0.0,0.0,0.0,42
3-wise,249,43,min = 1 AND none = 1 AND polly_opt_simplify_deps = 1,0.0 <= max < 1.0  AND  0.0 <= polly < 1.0  AND  polly_opt_simplify_deps >= 0.5,0.0,1.0,1.0,1.0,42
4-wise,969,130,min = 1 AND none = 1 AND polly_opt_simplify_deps = 1,0.0 <= polly < 1.0  AND  polly_opt_simplify_deps >= 1.0  AND  0.0 <= max < 1.0,0.0,1.0,1.0,1.0,42
full,60000,10000,max = 1 AND polly_no_tiling = 1 AND polly_parallel = 1,0.0 <= min < 1.0  AND  polly_parallel >= 1.0  AND  polly_no_tiling >= 1.0  AND  0.0 <= polly_opt_simplify_deps < 1.0,1.0,0.6666666666666666,1.0,0.5,43
random_2,46,6,max = 1 AND polly_no_tiling = 1 AND polly_parallel = 1,0.0 <= none < 1.0  AND  0.0 <= pollyoptmaxcoefficient_100 < 0.5,0.0,0.1818181818181818,0.125,0.3333333333333333,43
random_5,115,16,max = 1 AND polly_no_tiling = 1 AND polly_parallel = 1,0.0 <= min < 1.0  AND  64.0 <= pollydefaulttilesize < 1024.0,0.0,0.3428571428571428,0.3157894736842105,0.375,43
random_10,230,29,max = 1 AND polly_no_tiling = 1 AND polly_parallel = 1,polly_no_tiling >= 1.0  AND  polly_parallel >= 1.0  AND  0.0 <= min < 1.0,0.0,1.0,1.0,1.0,43
random_20,460,77,max = 1 AND polly_no_tiling = 1 AND polly_parallel = 1,0.0 <= min < 1.0  AND  polly_parallel >= 1.0  AND  polly_no_tiling >= 1.0,0.0,1.0,1.0,1.0,43
2-wise,52,8,max = 1 AND polly_no_tiling = 1 AND polly_parallel = 1,0.0 <= min < 1.0,0.0,0.6399999999999999,0.4705882352941176,1.0,43
3-wise,265,54,max = 1 AND polly_no_tiling = 1 AND polly_parallel = 1,0.0 <= min < 1.0  AND  polly_no_tiling >= 1.0  AND  polly_parallel >= 1.0,0.0,1.0,1.0,1.0,43
4-wise,954,166,max = 1 AND polly_no_tiling = 1 AND polly_parallel = 1,0.0 <= min < 1.0  AND  polly_no_tiling >= 1.0  AND  polly_parallel >= 1.0  AND  0.0 <= pollyoptmaxconstantterm_1 < 1.0,0.0,0.8630136986301369,1.0,0.7590361445783133,43
full,60000,10000,polly_no_tiling = 1 AND polly_parallel = 1 AND value_based = 1,0.0 <= memory_based < 1.0  AND  polly_no_tiling >= 1.0  AND  0.0 <= polly_opt_simplify_deps < 1.0  AND  parallel_force >= 0.5,0.0,0.4,1.0,0.25,44
random_2,46,0,polly_no_tiling = 1 AND polly_parallel = 1 AND value_based = 1,,,0.0,0.0,0.0,44
random_5,115,18,polly_no_tiling = 1 AND polly_parallel = 1 AND value_based = 1,0.0 <= value_based < 1.0  AND  0.0 <= polly < 0.5,0.0,0.0,0.0,0.0,44
random_10,230,33,polly_no_tiling = 1 AND polly_parallel = 1 AND value_based = 1,0.0 <= polly_opt_simplify_deps < 1.0  AND  pollyrtcmaxparameters >= 8.0  AND  0.0 <= polly_no_tiling < 1.0  AND  0.0 <= pollyoptmaxcoefficient_10000 < 0.5,0.0,0.0,0.0,0.0,44
random_20,460,77,polly_no_tiling = 1 AND polly_parallel = 1 AND value_based = 1,0.0 <= memory_based < 1.0  AND  polly_no_tiling >= 1.0  AND  polly_parallel >= 1.0,0.0,1.0,1.0,1.0,44
2-wise,55,8,polly_no_tiling = 1 AND polly_parallel = 1 AND value_based = 1,0.0 <= polly_no_tiling < 1.0  AND  polly_opt_simplify_deps >= 1.0,0.0,0.0,0.0,0.0,44
3-wise,250,45,polly_no_tiling = 1 AND polly_parallel = 1 AND value_based = 1,0.0 <= pollyoptmaxconstantterm_1000 < 1.0  AND  pollyoptmaxcoefficient_1000 >= 1.0  AND  0.0 <= value_based < 1.0,0.0,0.0,0.0,0.0,44
4-wise,956,170,polly_no_tiling = 1 AND polly_parallel = 1 AND value_based = 1,0.0 <= memory_based < 1.0  AND  polly_no_tiling >= 1.0  AND  polly_parallel >= 1.0  AND  0.0 <= pollyoptmaxcoefficient_1 < 1.0,0.0,0.862876254180602,1.0,0.7588235294117647,44
full,60000,7500,min = 1 AND polly = 1 AND polly_no_tiling = 1,0.0 <= max < 1.0  AND  polly_no_tiling >= 1.0  AND  0.0 <= none < 1.0  AND  0.0 <= pollyoptmaxconstantterm_1 < 1.0,2.0,0.888888888888889,1.0,0.8,45
random_2,46,5,min = 1 AND polly = 1 AND polly_no_tiling = 1,pollydefaulttilesize >= 16.0  AND  0.0 <= pollyoptmaxcoefficient_1000 < 1.0  AND  0.0 <= memory_based < 1.0,0.0,0.0,0.0,0.0,45
random_5,115,13,min = 1 AND polly = 1 AND polly_no_tiling = 1,0.0 <= pollyoptmaxconstantterm_1000 < 1.0  AND  4.0 <= pollyrtcmaxparameters < 6.0,0.0,0.0,0.0,0.0,45
random_10,230,35,min = 1 AND polly = 1 AND polly_no_tiling = 1,0.0 <= pollyoptmaxcoefficient_1000 < 1.0  AND  64.0 <= pollydefaulttilesize < 256.0  AND  0.0 <= polly_no_tiling < 1.0,0.0,0.0,0.0,0.0,45
random_20,460,61,min = 1 AND polly = 1 AND polly_no_tiling = 1,0.0 <= max < 1.0  AND  2.0 <= pollyrtcmaxparameters < 4.0,1.0,0.2095238095238095,0.25,0.180327868852459,45
2-wise,53,5,min = 1 AND polly = 1 AND polly_no_tiling = 1,0.0 <= min < 1.0  AND  0.0 <= polly_no_tiling < 0.5,0.0,0.0,0.0,0.0,45
3-wise,244,28,min = 1 AND polly = 1 AND polly_no_tiling = 1,0.0 <= max < 1.0  AND  0.0 <= none < 1.0  AND  polly_no_tiling >= 1.0,0.0,1.0,1.0,1.0,45
4-wise,969,136,min = 1 AND polly = 1 AND polly_no_tiling = 1,0.0 <= max < 1.0  AND  0.0 <= none < 1.0  AND  polly_no_tiling >= 1.0,0.0,1.0,1.0,1.0,45
full,60000,10000,max = 1 AND polly_parallel = 1 AND value_based = 1,0.0 <= memory_based < 1.0  AND  0.0 <= min < 1.0  AND  parallel >= 0.5  AND  0.0 <= pollyoptmaxcoefficient_10000 < 1.0,1.0,0.5714285714285715,1.0,0.4,46
random_2,46,7,max = 1 AND polly_parallel = 1 AND value_based = 1,0.0 <= memory_based < 0.5  AND  0.0 <= min < 1.0,1.0,0.7000000000000001,0.5384615384615384,1.0,46
random_5,115,10,max = 1 AND polly_parallel = 1 AND value_based = 1,0.0 <= min < 1.0  AND  parallel >= 1.0,1.0,0.7,0.7,0.7,46
random_10,230,39,max = 1 AND polly_parallel = 1 AND value_based = 1,0.0 <= memory_based < 1.0  AND  0.0 <= min < 1.0  AND  polly_parallel >= 1.0,0.0,1.0,1.0,1.0,46
random_20,460,81,max = 1 AND polly_parallel = 1 AND value_based = 1,0.0 <= memory_based < 1.0  AND  0.0 <= min < 1.0  AND  polly_parallel >= 1.0,0.0,1.0,1.0,1.0,46
2-wise,57,11,max = 1 AND polly_parallel = 1 AND value_based = 1,0.0 <= min < 1.0  AND  polly_parallel >= 1.0,1.0,0.7857142857142858,0.6470588235294118,1.0,46
3-wise,253,44,max = 1 AND polly_parallel = 1 AND value_based = 1,0.0 <= memory_based < 1.0  AND  0.0 <= min < 1.0  AND  polly_parallel >= 1.0,0.0,1.0,1.0,1.0,46
4-wise,959,141,max = 1 AND polly_parallel = 1 AND value_based = 1,0.0 <= min < 1.0  AND  polly_parallel >= 1.0  AND  0.0 <= memory_based < 1.0,0.0,1.0,1.0,1.0,46
full,60000,7500,max = 1 AND polly_opt_simplify_deps = 1 AND value_based = 1,0.0 <= min < 1.0  AND  polly_opt_simplify_deps >= 1.0  AND  0.0 <= memory_based < 1.0  AND  polly_parallel >= 0.5,1.0,0.8,1.0,0.6666666666666666,47
random_2,46,9,max = 1 AND polly_opt_simplify_deps = 1 AND value_based = 1,0.0 <= min < 1.0  AND  polly_opt_simplify_deps >= 1.0,1.0,0.6923076923076924,0.5294117647058824,1.0,47
random_5,115,17,max = 1 AND polly_opt_simplify_deps = 1 AND value_based = 1,0.0 <= value_based < 1.0  AND  0.0 <= pollyoptmaxcoefficient_10000 < 1.0  AND  0.0 <= min < 0.5  AND  0.0 <= pollyoptmaxconstantterm_10000 < 1.0,0.0,0.0,0.0,0.0,47
random_10,230,29,max = 1 AND polly_opt_simplify_deps = 1 AND value_based = 1,0.0 <= memory_based < 1.0  AND  0.0 <= min < 1.0  AND  polly_opt_simplify_deps >= 0.5,0.0,1.0,1.0,1.0,47
random_20,460,47,max = 1 AND polly_opt_simplify_deps = 1 AND value_based = 1,0.0 <= memory_based < 1.0  AND  0.0 <= min < 1.0  AND  polly_opt_simplify_deps >= 1.0,0.0,1.0,1.0,1.0,47
2-wise,53,9,max = 1 AND polly_opt_simplify_deps = 1 AND value_based = 1,0.0 <= memory_based < 1.0  AND  0.0 <= min < 1.0  AND  polly_opt_simplify_deps >= 0.5  AND  0.0 <= pollyoptmaxcoefficient_10 < 1.0,1.0,0.9411764705882352,1.0,0.8888888888888888,47
3-wise,255,30,max = 1 AND polly_opt_simplify_deps = 1 AND value_based = 1,0.0 <= min < 1.0  AND  polly_opt_simplify_deps >= 1.0  AND  0.0 <= memory_based < 1.0,0.0,1.0,1.0,1.0,47
4-wise,944,126,max = 1 AND polly_opt_simplify_deps = 1 AND value_based = 1,0.0 <= memory_based < 1.0  AND  polly_opt_simplify_deps >= 1.0  AND  0.0 <= min < 1.0,0.0,1.0,1.0,1.0,47
full,60000,10000,min = 1 AND polly_opt_simplify_deps = 1 AND polly_parallel = 1,polly_opt_simplify_deps >= 1.0  AND  polly_parallel >= 1.0  AND  0.0 <= max < 1.0  AND  pollydefaulttilesize >= 1024.0,0.0,0.3333333333333333,1.0,0.2,48
random_2,46,13,min = 1 AND polly_opt_simplify_deps = 1 AND polly_parallel = 1,polly_opt_simplify_deps >= 0.5  AND  polly_parallel >= 1.0,1.0,0.896551724137931,0.8125,1.0,48
random_5,115,24,min = 1 AND polly_opt_simplify_deps = 1 AND polly_parallel = 1,polly_opt_simplify_deps >= 1.0  AND  polly_parallel >= 0.5  AND  0.0 <= max < 1.0,0.0,1.0,1.0,1.0,48
random_10,230,34,min = 1 AND polly_opt_simplify_deps = 1 AND polly_parallel = 1,0.0 <= max < 1.0  AND  polly_parallel >= 1.0  AND  polly_opt_simplify_deps >= 1.0,1.0,1.0,1.0,1.0,48
random_20,460,86,min = 1 AND polly_opt_simplify_deps = 1 AND polly_parallel = 1,0.0 <= max < 1.0  AND  polly_opt_simplify_deps >= 1.0  AND  polly_parallel >= 1.0,0.0,1.0,1.0,1.0,48
2-wise,56,7,min = 1 AND polly_opt_simplify_deps = 1 AND polly_parallel = 1,polly_opt_simplify_deps >= 0.5  AND  polly_parallel >= 1.0,1.0,0.56,0.3888888888888889,1.0,48
3-wise,256,51,min = 1 AND polly_opt_simplify_deps = 1 AND polly_parallel = 1,0.0 <= max < 1.0  AND  polly_opt_simplify_deps >= 1.0  AND  polly_parallel >= 1.0,0.0,1.0,1.0,1.0,48
4-wise,961,154,min = 1 AND polly_opt_simplify_deps = 1 AND polly_parallel = 1,0.0 <= max < 1.0  AND  polly_opt_simplify_deps >= 1.0  AND  polly_parallel >= 1.0,0.0,1.0,1.0,1.0,48
full,60000,10000,memory_based = 1 AND min = 1 AND polly_parallel = 1,0.0 <= max < 1.0  AND  0.0 <= value_based < 1.0  AND  parallel_force >= 1.0  AND  polly_opt_simplify_deps >= 1.0,0.0,0.4,1.0,0.25,49
random_2,46,7,memory_based = 1 AND min = 1 AND polly_parallel = 1,0.0 <= min < 0.5  AND  0.0 <= polly_parallel < 1.0,0.0,0.0,0.0,0.0,49
random_5,115,19,memory_based = 1 AND min = 1 AND polly_parallel = 1,0.0 <= max < 1.0  AND  0.0 <= value_based < 1.0  AND  polly_parallel >= 1.0,0.0,1.0,1.0,1.0,49
random_10,230,42,memory_based = 1 AND min = 1 AND polly_parallel = 1,0.0 <= max < 1.0  AND  polly_parallel >= 1.0  AND  0.0 <= value_based < 1.0,0.0,1.0,1.0,1.0,49
random_20,460,75,memory_based = 1 AND min = 1 AND polly_parallel = 1,polly_parallel >= 1.0  AND  0.0 <= value_based < 1.0  AND  0.0 <= max < 1.0,0.0,1.0,1.0,1.0,49
2-wise,53,9,memory_based = 1 AND min = 1 AND polly_parallel = 1,0.0 <= max < 1.0  AND  0.0 <= value_based < 1.0  AND  polly_parallel >= 1.0,1.0,1.0,1.0,1.0,49
3-wise,253,42,memory_based = 1 AND min = 1 AND polly_parallel = 1,0.0 <= max < 1.0  AND  polly_parallel >= 1.0  AND  memory_based >= 1.0,0.0,1.0,1.0,1.0,49
4-wise,961,151,memory_based = 1 AND min = 1 AND polly_parallel = 1,0.0 <= max < 1.0  AND  polly_parallel >= 1.0  AND  0.0 <= value_based < 1.0,0.0,1.0,1.0,1.0,49
full,60000,10000,parallel_force = 1 AND polly_opt_simplify_deps = 1 AND polly_parallel = 1,parallel_force >= 0.5  AND  polly_opt_simplify_deps >= 1.0  AND  0.0 <= pollyoptmaxconstantterm_100 < 1.0  AND  0.0 <= pollyoptmaxcoefficient_1 < 1.0,2.0,0.7804878048780487,1.0,0.64,4
random_2,46,7,parallel_force = 1 AND polly_opt_simplify_deps = 1 AND polly_parallel = 1,polly_parallel >= 1.0,2.0,0.4117647058823529,0.2592592592592592,1.0,4
random_5,115,11,parallel_force = 1 AND polly_opt_simplify_deps = 1 AND polly_parallel = 1,parallel_force >= 1.0  AND  polly_opt_simplify_deps >= 1.0,0.0,1.0,1.0,1.0,4
random_10,230,47,parallel_force = 1 AND polly_opt_simplify_deps = 1 AND polly_parallel = 1,parallel_force >= 1.0  AND  polly_opt_simplify_deps >= 1.0,0.0,1.0,1.0,1.0,4
random_20,460,71,parallel_force = 1 AND polly_opt_simplify_deps = 1 AND polly_parallel = 1,parallel_force >= 1.0  AND  polly_opt_simplify_deps >= 1.0,0.0,1.0,1.0,1.0,4
2-wise,55,8,parallel_force = 1 AND polly_opt_simplify_deps = 1 AND polly_parallel = 1,parallel_force >= 1.0  AND  polly_opt_simplify_deps >= 1.0,1.0,1.0,1.0,1.0,4
3-wise,246,37,parallel_force = 1 AND polly_opt_simplify_deps = 1 AND polly_parallel = 1,parallel_force >= 1.0  AND  polly_opt_simplify_deps >= 1.0,0.0,1.0,1.0,1.0,4
4-wise,945,169,parallel_force = 1 AND polly_opt_simplify_deps = 1 AND polly_parallel = 1,polly_opt_simplify_deps >= 1.0  AND  parallel_force >= 1.0  AND  pollyrtcmaxparameters >= 2.0,3.0,0.9025974025974026,1.0,0.8224852071005917,4
full,60000,10000,none = 1 AND parallel_force = 1 AND polly_parallel = 1,parallel_force >= 0.5  AND  0.0 <= polly < 1.0  AND  0.0 <= pollyoptmaxconstantterm_100 < 1.0  AND  0.0 <= pollyoptmaxcoefficient_1 < 1.0,3.0,0.7804878048780487,1.0,0.64,50
random_2,46,5,none = 1 AND parallel_force = 1 AND polly_parallel = 1,0.0 <= parallel_force < 1.0  AND  10.0 <= pollydefaulttilesize < 160.0,0.0,0.0,0.0,0.0,50
random_5,115,26,none = 1 AND parallel_force = 1 AND polly_parallel = 1,parallel_force >= 0.5  AND  0.0 <= polly < 1.0,0.0,1.0,1.0,1.0,50
random_10,230,37,none = 1 AND parallel_force = 1 AND polly_parallel = 1,parallel_force >= 1.0  AND  0.0 <= polly < 1.0,0.0,1.0,1.0,1.0,50
random_20,460,66,none = 1 AND parallel_force = 1 AND polly_parallel = 1,parallel_force >= 1.0  AND  0.0 <= polly < 1.0,0.0,1.0,1.0,1.0,50
2-wise,57,8,none = 1 AND parallel_force = 1 AND polly_parallel = 1,parallel_force >= 1.0  AND  0.0 <= polly < 1.0,0.0,1.0,1.0,1.0,50
3-wise,244,46,none = 1 AND parallel_force = 1 AND polly_parallel = 1,parallel_force >= 1.0  AND  0.0 <= polly < 0.5,0.0,1.0,1.0,1.0,50
4-wise,943,172,none = 1 AND parallel_force = 1 AND polly_parallel = 1,parallel_force >= 1.0  AND  0.0 <= polly < 1.0,0.0,1.0,1.0,1.0,50
full,60000,10000,parallel = 1 AND polly_opt_simplify_deps = 1 AND polly_parallel = 1,parallel >= 0.5  AND  polly_opt_simplify_deps >= 1.0  AND  0.0 <= pollyoptmaxcoefficient_10000 < 1.0  AND  0.0 <= none < 1.0,1.0,0.5714285714285715,1.0,0.4,51
random_2,46,8,parallel = 1 AND polly_opt_simplify_deps = 1 AND polly_parallel = 1,polly_opt_simplify_deps >= 0.5,1.0,0.5333333333333333,0.3636363636363636,1.0,51
random_5,115,18,parallel = 1 AND polly_opt_simplify_deps = 1 AND polly_parallel = 1,parallel >= 1.0  AND  polly_opt_simplify_deps >= 1.0,0.0,1.0,1.0,1.0,51
random_10,230,34,parallel = 1 AND polly_opt_simplify_deps = 1 AND polly_parallel = 1,parallel >= 1.0  AND  polly_opt_simplify_deps >= 1.0,0.0,1.0,1.0,1.0,51
random_20,460,69,parallel = 1 AND polly_opt_simplify_deps = 1 AND polly_parallel = 1,parallel >= 1.0  AND  polly_opt_simplify_deps >= 1.0,0.0,1.0,1.0,1.0,51
2-wise,56,12,parallel = 1 AND polly_opt_simplify_deps = 1 AND polly_parallel = 1,parallel >= 0.5  AND  polly_opt_simplify_deps >= 1.0,0.0,1.0,1.0,1.0,51
3-wise,261,43,parallel = 1 AND polly_opt_simplify_deps = 1 AND polly_parallel = 1,parallel >= 1.0  AND  polly_opt_simplify_deps >= 1.0,0.0,1.0,1.0,1.0,51
4-wise,954,163,parallel = 1 AND polly_opt_simplify_deps = 1 AND polly_parallel = 1,parallel >= 1.0  AND  polly_opt_simplify_deps >= 1.0  AND  0.0 <= pollyoptmaxcoefficient_100 < 1.0,0.0,0.8719723183391004,1.0,0.7730061349693251,51
full,60000,7500,max = 1 AND polly = 1 AND polly_opt_simplify_deps = 1,0.0 <= none < 1.0  AND  polly_opt_simplify_deps >= 1.0  AND  0.0 <= min < 1.0  AND  pollydefaulttilesize >= 256.0,1.0,0.5714285714285715,1.0,0.4,52
random_2,46,5,max = 1 AND polly = 1 AND polly_opt_simplify_deps = 1,0.0 <= polly < 0.5  AND  0.0 <= pollyoptmaxcoefficient_1 < 0.5,0.0,0.0,0.0,0.0,52
random_5,115,16,max = 1 AND polly = 1 AND polly_opt_simplify_deps = 1,0.0 <= polly_opt_simplify_deps < 1.0  AND  pollydefaulttilesize >= 64.0  AND  0.0 <= parallel < 1.0,0.0,0.0,0.0,0.0,52
random_10,230,27,max = 1 AND polly = 1 AND polly_opt_simplify_deps = 1,0.0 <= max < 1.0  AND  pollydefaulttilesize >= 1024.0,0.0,0.0,0.0,0.0,52
random_20,460,65,max = 1 AND polly = 1 AND polly_opt_simplify_deps = 1,0.0 <= min < 1.0  AND  0.0 <= none < 1.0  AND  polly_opt_simplify_deps >= 1.0,0.0,1.0,1.0,1.0,52
2-wise,57,0,max = 1 AND polly = 1 AND polly_opt_simplify_deps = 1,,,0.0,0.0,0.0,52
3-wise,264,25,max = 1 AND polly = 1 AND polly_opt_simplify_deps = 1,0.0 <= min < 1.0  AND  polly_opt_simplify_deps >= 1.0  AND  0.0 <= none < 1.0,0.0,1.0,1.0,1.0,52
4-wise,963,128,max = 1 AND polly = 1 AND polly_opt_simplify_deps = 1,0.0 <= min < 1.0  AND  0.0 <= none < 1.0  AND  polly_opt_simplify_deps >= 1.0,0.0,1.0,1.0,1.0,52
full,60000,7500,max = 1 AND none = 1 AND polly_opt_simplify_deps = 1,0.0 <= min < 1.0  AND  0.0 <= polly < 1.0  AND  polly_opt_simplify_deps >= 1.0  AND  polly_parallel >= 0.5,1.0,0.8,1.0,0.6666666666666666,53
random_2,46,8,max = 1 AND none = 1 AND polly_opt_simplify_deps = 1,0.0 <= max < 0.5  AND  0.0 <= pollyoptmaxconstantterm_100 < 1.0,0.0,0.0,0.0,0.0,53
random_5,115,13,max = 1 AND none = 1 AND polly_opt_simplify_deps = 1,0.0 <= polly < 1.0  AND  polly_opt_simplify_deps >= 1.0  AND  0.0 <= min < 1.0,1.0,1.0,1.0,1.0,53
random_10,230,24,max = 1 AND none = 1 AND polly_opt_simplify_deps = 1,0.0 <= polly < 1.0  AND  polly_opt_simplify_deps >= 1.0  AND  0.0 <= min < 1.0,0.0,1.0,1.0,1.0,53
random_20,460,63,max = 1 AND none = 1 AND polly_opt_simplify_deps = 1,0.0 <= polly < 1.0  AND  polly_opt_simplify_deps >= 1.0  AND  0.0 <= min < 1.0,0.0,1.0,1.0,1.0,53
2-wise,53,5,max = 1 AND none = 1 AND polly_opt_simplify_deps = 1,0.0 <= polly_opt_simplify_deps < 1.0  AND  0.0 <= pollyoptmaxcoefficient_10000 < 0.5,0.0,0.0,0.0,0.0,53
3-wise,252,29,max = 1 AND none = 1 AND polly_opt_simplify_deps = 1,0.0 <= min < 1.0  AND  0.0 <= polly < 1.0  AND  polly_opt_simplify_deps >= 0.5,0.0,1.0,1.0,1.0,53
4-wise,945,109,max = 1 AND none = 1 AND polly_opt_simplify_deps = 1,0.0 <= polly < 1.0  AND  polly_opt_simplify_deps >= 1.0  AND  0.0 <= min < 1.0,0.0,1.0,1.0,1.0,53
full,60000,7500,memory_based = 1 AND min = 1 AND polly_no_tiling = 1,0.0 <= max < 1.0  AND  0.0 <= value_based < 1.0  AND  polly_no_tiling >= 1.0  AND  0.0 <= parallel_force < 0.5,1.0,0.8,1.0,0.6666666666666666,54
random_2,46,4,memory_based = 1 AND min = 1 AND polly_no_tiling = 1,0.0 <= polly_no_tiling < 1.0  AND  0.0 <= pollyoptmaxconstantterm_100 < 0.5,0.0,0.0,0.0,0.0,54
random_5,115,26,memory_based = 1 AND min = 1 AND polly_no_tiling = 1,0.0 <= max < 1.0  AND  polly_no_tiling >= 1.0  AND  0.0 <= value_based < 1.0,1.0,1.0,1.0,1.0,54
random_10,230,39,memory_based = 1 AND min = 1 AND polly_no_tiling = 1,0.0 <= none < 1.0  AND  pollyoptmaxconstantterm_1000 >= 1.0,2.0,0.144927536231884,0.1666666666666666,0.1282051282051282,54
random_20,460,56,memory_based = 1 AND min = 1 AND polly_no_tiling = 1,64.0 <= pollydefaulttilesize < 1024.0  AND  pollyoptmaxcoefficient_100 >= 1.0,1.0,0.0465116279069767,0.0666666666666666,0.0357142857142857,54
2-wise,58,5,memory_based = 1 AND min = 1 AND polly_no_tiling = 1,0.0 <= min < 1.0,0.0,0.0,0.0,0.0,54
3-wise,246,31,memory_based = 1 AND min = 1 AND polly_no_tiling = 1,0.0 <= pollyoptmaxcoefficient_1 < 1.0  AND  pollyoptmaxconstantterm_10 >= 1.0,1.0,0.081081081081081,0.0697674418604651,0.0967741935483871,54
4-wise,959,118,memory_based = 1 AND min = 1 AND polly_no_tiling = 1,0.0 <= max < 1.0  AND  pollydefaulttilesize >= 256.0  AND  polly_no_tiling >= 1.0  AND  0.0 <= value_based < 1.0,0.0,0.5868263473053892,1.0,0.4152542372881356,54
full,60000,10000,min = 1 AND none = 1 AND polly_parallel = 1,0.0 <= max < 1.0  AND  polly_parallel >= 0.5  AND  0.0 <= polly < 1.0  AND  pollydefaulttilesize >= 256.0,1.0,0.5714285714285715,1.0,0.4,55
random_2,46,7,min = 1 AND none = 1 AND polly_parallel = 1,0.0 <= polly_parallel < 1.0,0.0,0.0,0.0,0.0,55
random_5,115,18,min = 1 AND none = 1 AND polly_parallel = 1,0.0 <= max < 1.0  AND  0.0 <= polly < 0.5  AND  polly_parallel >= 1.0,1.0,1.0,1.0,1.0,55
random_10,230,33,min = 1 AND none = 1 AND polly_parallel = 1,0.0 <= max < 1.0  AND  polly_parallel >= 1.0  AND  0.0 <= polly < 1.0,0.0,1.0,1.0,1.0,55
random_20,460,69,min = 1 AND none = 1 AND polly_parallel = 1,0.0 <= max < 1.0  AND  0.0 <= polly < 1.0  AND  polly_parallel >= 1.0,0.0,1.0,1.0,1.0,55
2-wise,57,16,min = 1 AND none = 1 AND polly_parallel = 1,0.0 <= max < 1.0  AND  polly_parallel >= 1.0  AND  0.0 <= polly < 1.0,1.0,1.0,1.0,1.0,55
3-wise,256,47,min = 1 AND none = 1 AND polly_parallel = 1,0.0 <= max < 1.0  AND  0.0 <= polly < 1.0  AND  polly_parallel >= 1.0,0.0,1.0,1.0,1.0,55
4-wise,981,158,min = 1 AND none = 1 AND polly_parallel = 1,0.0 <= max < 1.0  AND  0.0 <= polly < 1.0  AND  polly_parallel >= 1.0,0.0,1.0,1.0,1.0,55
full,60000,10000,max = 1 AND parallel = 1 AND polly_parallel = 1,0.0 <= min < 1.0  AND  parallel >= 0.5  AND  0.0 <= memory_based < 1.0  AND  0.0 <= pollyoptmaxconstantterm_1 < 1.0,0.0,0.5714285714285715,1.0,0.4,56
random_2,46,9,max = 1 AND parallel = 1 AND polly_parallel = 1,0.0 <= max < 1.0  AND  pollydefaulttilesize < 160.0,0.0,0.0,0.0,0.0,56
random_5,115,13,max = 1 AND parallel = 1 AND polly_parallel = 1,0.0 <= max < 1.0  AND  1.5 <= pollyrtcmaxparameters < 6.0,0.0,0.0,0.0,0.0,56
random_10,230,33,max = 1 AND parallel = 1 AND polly_parallel = 1,0.0 <= min < 1.0  AND  parallel >= 0.5,0.0,1.0,1.0,1.0,56
random_20,460,82,max = 1 AND parallel = 1 AND polly_parallel = 1,0.0 <= min < 1.0  AND  parallel >= 1.0,0.0,1.0,1.0,1.0,56
2-wise,57,10,max = 1 AND parallel = 1 AND polly_parallel = 1,0.0 <= min < 1.0  AND  parallel >= 1.0,0.0,1.0,1.0,1.0,56
3-wise,260,38,max = 1 AND parallel = 1 AND polly_parallel = 1,0.0 <= min < 1.0  AND  parallel >= 1.0,0.0,1.0,1.0,1.0,56
4-wise,973,170,max = 1 AND parallel = 1 AND polly_parallel = 1,0.0 <= min < 1.0  AND  parallel >= 1.0,0.0,1.0,1.0,1.0,56
full,60000,7500,max = 1 AND polly = 1 AND value_based = 1,0.0 <= memory_based < 1.0  AND  0.0 <= none < 1.0  AND  0.0 <= min < 1.0  AND  0.0 <= pollyoptmaxcoefficient_10 < 1.0,1.0,0.888888888888889,1.0,0.8,57
random_2,46,5,max = 1 AND polly = 1 AND value_based = 1,0.0 <= pollyoptmaxcoefficient_100 < 0.5  AND  pollyrtcmaxparameters < 8.0,0.0,0.1666666666666666,0.1052631578947368,0.4,57
random_5,115,17,max = 1 AND polly = 1 AND value_based = 1,0.0 <= memory_based < 0.5  AND  0.0 <= min < 1.0,1.0,0.6538461538461539,0.4857142857142857,1.0,57
random_10,230,23,max = 1 AND polly = 1 AND value_based = 1,0.0 <= memory_based < 1.0  AND  parallel_force >= 0.5,2.0,0.1886792452830188,0.1666666666666666,0.217391304347826,57
random_20,460,60,max = 1 AND polly = 1 AND value_based = 1,polly_parallel >= 1.0  AND  pollyoptmaxcoefficient_1 >= 1.0  AND  0.0 <= pollyoptmaxconstantterm_10000 < 1.0,1.0,0.1565217391304348,0.1636363636363636,0.15,57
2-wise,54,6,max = 1 AND polly = 1 AND value_based = 1,0.0 <= pollyoptmaxconstantterm_1000 < 1.0  AND  0.0 <= polly_parallel < 0.5,0.0,0.0869565217391304,0.0588235294117647,0.1666666666666666,57
3-wise,263,32,max = 1 AND polly = 1 AND value_based = 1,0.0 <= polly_no_tiling < 1.0  AND  pollydefaulttilesize < 64.0  AND  0.0 <= pollyoptmaxcoefficient_10 < 1.0,0.0,0.1518987341772152,0.1276595744680851,0.1875,57
4-wise,960,117,max = 1 AND polly = 1 AND value_based = 1,0.0 <= memory_based < 1.0  AND  0.0 <= none < 1.0  AND  0.0 <= min < 1.0,0.0,1.0,1.0,1.0,57
full,60000,10000,memory_based = 1 AND parallel_force = 1 AND polly_parallel = 1,parallel_force >= 0.5  AND  0.0 <= value_based < 1.0  AND  0.0 <= pollyoptmaxconstantterm_10 < 1.0  AND  0.0 <= pollyoptmaxconstantterm_1000 < 1.0,2.0,0.7499999999999999,1.0,0.6,58
random_2,46,5,memory_based = 1 AND parallel_force = 1 AND polly_parallel = 1,parallel_force >= 1.0  AND  0.0 <= value_based < 0.5,1.0,1.0,1.0,1.0,58
random_5,115,28,memory_based = 1 AND parallel_force = 1 AND polly_parallel = 1,parallel_force >= 1.0  AND  0.0 <= value_based < 1.0,0.0,1.0,1.0,1.0,58
random_10,230,45,memory_based = 1 AND parallel_force = 1 AND polly_parallel = 1,parallel_force >= 1.0  AND  0.0 <= value_based < 1.0,0.0,1.0,1.0,1.0,58
random_20,460,69,memory_based = 1 AND parallel_force = 1 AND polly_parallel = 1,parallel_force >= 1.0  AND  0.0 <= value_based < 1.0,0.0,1.0,1.0,1.0,58
2-wise,56,10,memory_based = 1 AND parallel_force = 1 AND polly_parallel = 1,0.0 <= value_based < 1.0  AND  parallel_force >= 1.0,0.0,1.0,1.0,1.0,58
3-wise,255,44,memory_based = 1 AND parallel_force = 1 AND polly_parallel = 1,parallel_force >= 1.0  AND  0.0 <= value_based < 1.0,0.0,1.0,1.0,1.0,58
4-wise,971,170,memory_based = 1 AND parallel_force = 1 AND polly_parallel = 1,parallel_force >= 1.0  AND  0.0 <= value_based < 1.0,0.0,1.0,1.0,1.0,58
full,60000,7500,polly = 1 AND polly_no_tiling = 1 AND polly_opt_simplify_deps = 1,0.0 <= none < 1.0  AND  polly_opt_simplify_deps >= 1.0  AND  polly_no_tiling >= 1.0  AND  pollyrtcmaxparameters >= 8.0,1.0,0.5714285714285715,1.0,0.4,59
random_2,46,10,polly = 1 AND polly_no_tiling = 1 AND polly_opt_simplify_deps = 1,0.0 <= none < 1.0  AND  polly_no_tiling >= 1.0  AND  polly_opt_simplify_deps >= 1.0,1.0,1.0,1.0,1.0,59
random_5,115,20,polly = 1 AND polly_no_tiling = 1 AND polly_opt_simplify_deps = 1,polly_no_tiling >= 1.0  AND  0.0 <= pollyoptmaxcoefficient_10000 < 1.0  AND  0.0 <= none < 1.0  AND  polly_opt_simplify_deps >= 1.0,2.0,0.9473684210526316,1.0,0.9,59
random_10,230,32,polly = 1 AND polly_no_tiling = 1 AND polly_opt_simplify_deps = 1,0.0 <= polly_opt_simplify_deps < 1.0  AND  pollyrtcmaxparameters < 2.0,0.0,0.0,0.0,0.0,59
random_20,460,58,polly = 1 AND polly_no_tiling = 1 AND polly_opt_simplify_deps = 1,0.0 <= none < 1.0  AND  polly_no_tiling >= 1.0  AND  polly_opt_simplify_deps >= 1.0,0.0,1.0,1.0,1.0,59
2-wise,58,0,polly = 1 AND polly_no_tiling = 1 AND polly_opt_simplify_deps = 1,,,0.0,0.0,0.0,59
3-wise,256,33,polly = 1 AND polly_no_tiling = 1 AND polly_opt_simplify_deps = 1,polly_no_tiling >= 1.0  AND  polly_opt_simplify_deps >= 1.0  AND  0.0 <= none < 1.0,2.0,1.0,1.0,1.0,59
4-wise,976,112,polly = 1 AND polly_no_tiling = 1 AND polly_opt_simplify_deps = 1,polly_no_tiling >= 1.0  AND  polly_opt_simplify_deps >= 1.0  AND  0.0 <= none < 1.0,0.0,1.0,1.0,1.0,59
full,60000,7500,min = 1 AND none = 1 AND polly_no_tiling = 1,0.0 <= polly < 1.0  AND  polly_no_tiling >= 1.0  AND  0.0 <= max < 1.0  AND  pollyoptmaxcoefficient_1 >= 1.0,0.0,0.3333333333333333,1.0,0.2,5
random_2,46,5,min = 1 AND none = 1 AND polly_no_tiling = 1,polly_no_tiling >= 0.5,0.0,0.3225806451612903,0.1923076923076923,1.0,5
random_5,115,13,min = 1 AND none = 1 AND polly_no_tiling = 1,polly_no_tiling >= 1.0  AND  parallel_force >= 1.0,0.0,0.4242424242424242,0.35,0.5384615384615384,5
random_10,230,19,min = 1 AND none = 1 AND polly_no_tiling = 1,0.0 <= pollyoptmaxconstantterm_1000 < 1.0  AND  pollyoptmaxcoefficient_1 >= 1.0,1.0,0.1724137931034482,0.1282051282051282,0.2631578947368421,5
random_20,460,67,min = 1 AND none = 1 AND polly_no_tiling = 1,0.0 <= polly < 1.0  AND  polly_no_tiling >= 0.5  AND  0.0 <= max < 1.0,0.0,1.0,1.0,1.0,5
2-wise,56,10,min = 1 AND none = 1 AND polly_no_tiling = 1,pollydefaulttilesize >= 16.0  AND  0.0 <= pollyoptmaxcoefficient_10000 < 1.0,0.0,0.372093023255814,0.2424242424242424,0.8,5
3-wise,257,35,min = 1 AND none = 1 AND polly_no_tiling = 1,0.0 <= max < 1.0  AND  polly_no_tiling >= 1.0  AND  0.0 <= polly < 1.0,0.0,1.0,1.0,1.0,5
4-wise,961,123,min = 1 AND none = 1 AND polly_no_tiling = 1,0.0 <= polly < 1.0  AND  polly_no_tiling >= 1.0  AND  0.0 <= max < 1.0,0.0,1.0,1.0,1.0,5
full,60000,10000,max = 1 AND memory_based = 1 AND polly_parallel = 1,0.0 <= min < 1.0  AND  0.0 <= value_based < 1.0  AND  parallel_force >= 0.5  AND  2.0 <= pollyrtcmaxparameters < 16.0,2.0,0.4615384615384615,1.0,0.3,60
random_2,46,3,max = 1 AND memory_based = 1 AND polly_parallel = 1,pollyoptmaxconstantterm_10000 >= 1.0,0.0,0.0,0.0,0.0,60
random_5,115,17,max = 1 AND memory_based = 1 AND polly_parallel = 1,0.0 <= memory_based < 1.0  AND  0.0 <= parallel < 1.0  AND  0.0 <= none < 1.0  AND  0.0 <= pollyoptmaxcoefficient_10000 < 1.0,0.0,0.0,0.0,0.0,60
random_10,230,36,max = 1 AND memory_based = 1 AND polly_parallel = 1,0.0 <= min < 1.0  AND  0.0 <= value_based < 1.0  AND  polly_parallel >= 1.0,0.0,1.0,1.0,1.0,60
random_20,460,69,max = 1 AND memory_based = 1 AND polly_parallel = 1,0.0 <= min < 1.0  AND  polly_parallel >= 1.0  AND  0.0 <= value_based < 1.0,0.0,1.0,1.0,1.0,60
2-wise,52,5,max = 1 AND memory_based = 1 AND polly_parallel = 1,0.0 <= polly_parallel < 1.0  AND  0.0 <= pollyoptmaxcoefficient_10000 < 1.0,0.0,0.0,0.0,0.0,60
3-wise,259,47,max = 1 AND memory_based = 1 AND polly_parallel = 1,polly_parallel >= 1.0  AND  0.0 <= value_based < 1.0  AND  0.0 <= min < 1.0,0.0,1.0,1.0,1.0,60
4-wise,960,167,max = 1 AND memory_based = 1 AND polly_parallel = 1,polly_parallel >= 1.0  AND  0.0 <= value_based < 1.0  AND  0.0 <= min < 1.0,0.0,1.0,1.0,1.0,60
full,60000,10000,min = 1 AND parallel = 1 AND polly_parallel = 1,parallel >= 0.5  AND  0.0 <= pollyoptmaxconstantterm_100 < 1.0  AND  0.0 <= max < 1.0  AND  0.0 <= polly_opt_simplify_deps < 1.0,2.0,0.5714285714285715,1.0,0.4,61
random_2,46,4,min = 1 AND parallel = 1 AND polly_parallel = 1,polly_opt_simplify_deps >= 0.5  AND  0.0 <= pollyoptmaxconstantterm_10 < 1.0,0.0,0.0869565217391304,0.0526315789473684,0.25,61
random_5,115,24,min = 1 AND parallel = 1 AND polly_parallel = 1,0.0 <= max < 1.0  AND  parallel >= 1.0,0.0,1.0,1.0,1.0,61
random_10,230,38,min = 1 AND parallel = 1 AND polly_parallel = 1,0.0 <= max < 1.0  AND  parallel >= 1.0,0.0,1.0,1.0,1.0,61
random_20,460,58,min = 1 AND parallel = 1 AND polly_parallel = 1,0.0 <= max < 1.0  AND  parallel >= 1.0  AND  0.0 <= pollyoptmaxconstantterm_10000 < 1.0,0.0,0.8952380952380952,1.0,0.8103448275862069,61
2-wise,53,9,min = 1 AND parallel = 1 AND polly_parallel = 1,parallel >= 1.0  AND  0.0 <= max < 0.5,1.0,1.0,1.0,1.0,61
3-wise,254,41,min = 1 AND parallel = 1 AND polly_parallel = 1,0.0 <= max < 1.0  AND  parallel >= 1.0,0.0,1.0,1.0,1.0,61
4-wise,971,169,min = 1 AND parallel = 1 AND polly_parallel = 1,0.0 <= max < 1.0  AND  parallel >= 1.0,1.0,1.0,1.0,1.0,61
full,60000,7500,memory_based = 1 AND polly = 1 AND polly_no_tiling = 1,0.0 <= value_based < 1.0  AND  polly_no_tiling >= 1.0  AND  0.0 <= none < 1.0  AND  0.0 <= parallel_force < 0.5,1.0,0.8,1.0,0.6666666666666666,62
random_2,46,8,memory_based = 1 AND polly = 1 AND polly_no_tiling = 1,0.0 <= none < 1.0  AND  polly_no_tiling >= 1.0  AND  0.0 <= pollyoptmaxconstantterm_10 < 0.5,1.0,0.8421052631578948,0.7272727272727273,1.0,62
random_5,115,14,memory_based = 1 AND polly = 1 AND polly_no_tiling = 1,0.0 <= none < 1.0  AND  0.0 <= value_based < 1.0  AND  polly_no_tiling >= 1.0,1.0,1.0,1.0,1.0,62
random_10,230,35,memory_based = 1 AND polly = 1 AND polly_no_tiling = 1,0.0 <= none < 1.0  AND  polly_no_tiling >= 1.0  AND  0.0 <= value_based < 1.0,0.0,1.0,1.0,1.0,62
random_20,460,65,memory_based = 1 AND polly = 1 AND polly_no_tiling = 1,0.0 <= none < 1.0  AND  polly_no_tiling >= 1.0  AND  0.0 <= value_based < 1.0,0.0,1.0,1.0,1.0,62
2-wise,57,8,memory_based = 1 AND polly = 1 AND polly_no_tiling = 1,0.0 <= none < 0.5  AND  polly_no_tiling >= 1.0,2.0,0.6956521739130436,0.5333333333333333,1.0,62
3-wise,249,37,memory_based = 1 AND polly = 1 AND polly_no_tiling = 1,polly_no_tiling >= 1.0  AND  0.0 <= value_based < 1.0  AND  0.0 <= none < 1.0,0.0,1.0,1.0,1.0,62
4-wise,940,123,memory_based = 1 AND polly = 1 AND polly_no_tiling = 1,polly_no_tiling >= 1.0  AND  0.0 <= value_based < 1.0  AND  0.0 <= none < 1.0,0.0,1.0,1.0,1.0,62
full,60000,7500,min = 1 AND polly = 1 AND value_based = 1,0.0 <= max < 1.0  AND  0.0 <= memory_based < 1.0  AND  0.0 <= none < 1.0  AND  polly_no_tiling >= 1.0,1.0,0.6666666666666666,1.0,0.5,63
random_2,46,4,min = 1 AND polly = 1 AND value_based = 1,0.0 <= min < 1.0,0.0,0.0,0.0,0.0,63
random_5,115,12,min = 1 AND polly = 1 AND value_based = 1,pollyrtcmaxparameters >= 8.0  AND  0.0 <= pollyoptmaxconstantterm_1 < 0.5  AND  0.0 <= parallel_force < 1.0,0.0,0.0,0.0,0.0,63
random_10,230,32,min = 1 AND polly = 1 AND value_based = 1,0.0 <= value_based < 1.0  AND  2.0 <= pollyrtcmaxparameters < 4.0,0.0,0.0,0.0,0.0,63
random_20,460,61,min = 1 AND polly = 1 AND value_based = 1,0.0 <= memory_based < 1.0  AND  0.0 <= none < 1.0  AND  0.0 <= max < 1.0,0.0,1.0,1.0,1.0,63
2-wise,57,6,min = 1 AND polly = 1 AND value_based = 1,0.0 <= polly < 1.0  AND  0.0 <= pollyoptmaxconstantterm_10000 < 0.5  AND  0.0 <= pollyoptmaxconstantterm_1 < 1.0,0.0,0.0,0.0,0.0,63
3-wise,256,29,min = 1 AND polly = 1 AND value_based = 1,0.0 <= min < 1.0  AND  pollyoptmaxcoefficient_100 >= 1.0,0.0,0.0,0.0,0.0,63
4-wise,970,134,min = 1 AND polly = 1 AND value_based = 1,0.0 <= memory_based < 1.0  AND  0.0 <= none < 1.0  AND  0.0 <= max < 1.0,0.0,1.0,1.0,1.0,63
full,60000,7500,polly_no_tiling = 1 AND polly_opt_simplify_deps = 1 AND value_based = 1,polly_no_tiling >= 1.0  AND  polly_opt_simplify_deps >= 1.0  AND  0.0 <= memory_based < 1.0  AND  pollyrtcmaxparameters >= 4.0,0.0,0.7499999999999999,1.0,0.6,64
random_2,46,10,polly_no_tiling = 1 AND polly_opt_simplify_deps = 1 AND value_based = 1,0.0 <= memory_based < 0.5  AND  pollydefaulttilesize < 160.0,1.0,0.7826086956521738,0.6923076923076923,0.9,64
random_5,115,13,polly_no_tiling = 1 AND polly_opt_simplify_deps = 1 AND value_based = 1,0.0 <= memory_based < 0.5  AND  polly_opt_simplify_deps >= 0.5  AND  polly_no_tiling >= 1.0,0.0,1.0,1.0,1.0,64
random_10,230,34,polly_no_tiling = 1 AND polly_opt_simplify_deps = 1 AND value_based = 1,0.0 <= memory_based < 1.0  AND  polly_opt_simplify_deps >= 1.0  AND  polly_no_tiling >= 1.0,0.0,1.0,1.0,1.0,64
random_20,460,60,polly_no_tiling = 1 AND polly_opt_simplify_deps = 1 AND value_based = 1,0.0 <= memory_based < 1.0  AND  polly_no_tiling >= 1.0  AND  polly_opt_simplify_deps >= 1.0  AND  0.0 <= pollyoptmaxcoefficient_10000 < 1.0,0.0,0.9285714285714286,1.0,0.8666666666666667,64
2-wise,57,7,polly_no_tiling = 1 AND polly_opt_simplify_deps = 1 AND value_based = 1,0.0 <= polly_opt_simplify_deps < 1.0  AND  0.0 <= pollyoptmaxcoefficient_100 < 1.0,0.0,0.0,0.0,0.0,64
3-wise,261,21,polly_no_tiling = 1 AND polly_opt_simplify_deps = 1 AND value_based = 1,polly_no_tiling >= 1.0  AND  polly_opt_simplify_deps >= 0.5  AND  0.0 <= memory_based < 0.5,0.0,1.0,1.0,1.0,64
4-wise,953,124,polly_no_tiling = 1 AND polly_opt_simplify_deps = 1 AND value_based = 1,polly_no_tiling >= 1.0  AND  polly_opt_simplify_deps >= 1.0  AND  0.0 <= memory_based < 1.0,0.0,1.0,1.0,1.0,64
full,60000,7500,min = 1 AND polly = 1 AND polly_no_tiling = 1,0.0 <= max < 1.0  AND  0.0 <= none < 1.0  AND  polly_no_tiling >= 1.0  AND  pollydefaulttilesize >= 64.0,1.0,0.7499999999999999,1.0,0.6,65
random_2,46,5,min = 1 AND polly = 1 AND polly_no_tiling = 1,0.0 <= min < 0.5  AND  pollydefaulttilesize < 256.0,0.0,0.0,0.0,0.0,65
random_5,115,9,min = 1 AND polly = 1 AND polly_no_tiling = 1,0.0 <= max < 1.0  AND  polly_no_tiling >= 1.0  AND  0.0 <= none < 0.5,1.0,1.0,1.0,1.0,65
random_10,230,39,min = 1 AND polly = 1 AND polly_no_tiling = 1,0.0 <= none < 1.0  AND  polly_no_tiling >= 1.0  AND  0.0 <= max < 1.0,0.0,1.0,1.0,1.0,65
random_20,460,52,min = 1 AND polly = 1 AND polly_no_tiling = 1,0.0 <= max < 1.0  AND  0.0 <= none < 1.0  AND  polly_no_tiling >= 1.0,0.0,1.0,1.0,1.0,65
2-wise,51,8,min = 1 AND polly = 1 AND polly_no_tiling = 1,0.0 <= polly < 1.0  AND  0.0 <= value_based < 1.0  AND  0.0 <= pollyoptmaxconstantterm_100 < 0.5,0.0,0.0,0.0,0.0,65
3-wise,256,26,min = 1 AND polly = 1 AND polly_no_tiling = 1,0.0 <= max < 1.0  AND  0.0 <= none < 1.0  AND  polly_no_tiling >= 1.0,0.0,1.0,1.0,1.0,65
4-wise,970,125,min = 1 AND polly = 1 AND polly_no_tiling = 1,0.0 <= max < 1.0  AND  polly_no_tiling >= 1.0  AND  0.0 <= none < 1.0,0.0,1.0,1.0,1.0,65
full,60000,7500,memory_based = 1 AND none = 1 AND polly_no_tiling = 1,0.0 <= value_based < 1.0  AND  0.0 <= polly < 1.0  AND  polly_no_tiling >= 1.0  AND  0.0 <= pollyoptmaxconstantterm_10 < 1.0,1.0,0.888888888888889,1.0,0.8,66
random_2,46,4,memory_based = 1 AND none = 1 AND polly_no_tiling = 1,0.0 <= pollyoptmaxcoefficient_100 < 1.0  AND  0.0 <= pollyoptmaxconstantterm_100 < 1.0  AND  0.0 <= memory_based < 0.5,0.0,0.0,0.0,0.0,66
random_5,115,13,memory_based = 1 AND none = 1 AND polly_no_tiling = 1,0.0 <= none < 1.0  AND  pollyoptmaxconstantterm_1 >= 1.0,0.0,0.0,0.0,0.0,66
random_10,230,25,memory_based = 1 AND none = 1 AND polly_no_tiling = 1,0.0 <= polly_no_tiling < 1.0  AND  0.0 <= pollyoptmaxcoefficient_1000 < 1.0  AND  pollyoptmaxconstantterm_1 >= 0.5,0.0,0.0,0.0,0.0,66
random_20,460,59,memory_based = 1 AND none = 1 AND polly_no_tiling = 1,0.0 <= polly < 1.0  AND  0.0 <= value_based < 1.0  AND  polly_no_tiling >= 1.0  AND  0.0 <= pollyoptmaxconstantterm_10 < 1.0,0.0,0.8867924528301886,1.0,0.7966101694915254,66
2-wise,52,9,memory_based = 1 AND none = 1 AND polly_no_tiling = 1,pollyoptmaxcoefficient_10000 >= 1.0,0.0,0.0,0.0,0.0,66
3-wise,261,34,memory_based = 1 AND none = 1 AND polly_no_tiling = 1,0.0 <= memory_based < 1.0  AND  pollyoptmaxconstantterm_10000 >= 1.0  AND  pollydefaulttilesize >= 16.0,0.0,0.0,0.0,0.0,66
4-wise,954,140,memory_based = 1 AND none = 1 AND polly_no_tiling = 1,polly_no_tiling >= 1.0  AND  0.0 <= value_based < 1.0  AND  0.0 <= polly < 1.0,0.0,1.0,1.0,1.0,66
full,60000,10000,parallel = 1 AND polly_no_tiling = 1 AND polly_parallel = 1,parallel >= 0.5  AND  pollyrtcmaxparameters >= 8.0  AND  polly_no_tiling >= 1.0  AND  0.0 <= pollyoptmaxconstantterm_10000 < 1.0,2.0,0.4848484848484848,1.0,0.32,67
random_2,46,0,parallel = 1 AND polly_no_tiling = 1 AND polly_parallel = 1,,,0.0,0.0,0.0,67
random_5,115,14,parallel = 1 AND polly_no_tiling = 1 AND polly_parallel = 1,polly_no_tiling >= 1.0  AND  parallel >= 1.0,0.0,1.0,1.0,1.0,67
random_10,230,39,parallel = 1 AND polly_no_tiling = 1 AND polly_parallel = 1,polly_no_tiling >= 0.5  AND  parallel >= 1.0,0.0,1.0,1.0,1.0,67
random_20,460,84,parallel = 1 AND polly_no_tiling = 1 AND polly_parallel = 1,parallel >= 1.0  AND  polly_no_tiling >= 1.0,0.0,1.0,1.0,1.0,67
2-wise,55,7,parallel = 1 AND polly_no_tiling = 1 AND polly_parallel = 1,0.0 <= none < 1.0  AND  0.0 <= pollyoptmaxcoefficient_1 < 1.0,1.0,0.2580645161290322,0.1666666666666666,0.5714285714285714,67
3-wise,259,45,parallel = 1 AND polly_no_tiling = 1 AND polly_parallel = 1,parallel >= 1.0  AND  polly_no_tiling >= 1.0,0.0,1.0,1.0,1.0,67
4-wise,957,174,parallel = 1 AND polly_no_tiling = 1 AND polly_parallel = 1,parallel >= 1.0  AND  polly_no_tiling >= 1.0,0.0,1.0,1.0,1.0,67
full,60000,10000,max = 1 AND parallel_force = 1 AND polly_parallel = 1,parallel_force >= 1.0  AND  0.0 <= min < 1.0  AND  0.0 <= pollyoptmaxcoefficient_1 < 1.0  AND  0.0 <= pollyoptmaxcoefficient_10 < 1.0,3.0,0.7499999999999999,1.0,0.6,68
random_2,46,7,max = 1 AND parallel_force = 1 AND polly_parallel = 1,0.0 <= min < 1.0  AND  parallel_force >= 0.5,0.0,1.0,1.0,1.0,68
random_5,115,17,max = 1 AND parallel_force = 1 AND polly_parallel = 1,0.0 <= min < 1.0  AND  parallel_force >= 1.0,0.0,1.0,1.0,1.0,68
random_10,230,42,max = 1 AND parallel_force = 1 AND polly_parallel = 1,0.0 <= min < 1.0  AND  parallel_force >= 1.0,0.0,1.0,1.0,1.0,68
random_20,460,82,max = 1 AND parallel_force = 1 AND polly_parallel = 1,0.0 <= min < 1.0  AND  parallel_force >= 1.0,0.0,1.0,1.0,1.0,68
2-wise,52,9,max = 1 AND parallel_force = 1 AND polly_parallel = 1,0.0 <= min < 0.5  AND  parallel_force >= 1.0,1.0,1.0,1.0,1.0,68
3-wise,253,41,max = 1 AND parallel_force = 1 AND polly_parallel = 1,0.0 <= min < 1.0  AND  parallel_force >= 1.0,0.0,1.0,1.0,1.0,68
4-wise,953,161,max = 1 AND parallel_force = 1 AND polly_parallel = 1,0.0 <= min < 1.0  AND  parallel_force >= 1.0,0.0,1.0,1.0,1.0,68
full,60000,7500,max = 1 AND memory_based = 1 AND polly_no_tiling = 1,0.0 <= min < 1.0  AND  polly_no_tiling >= 1.0  AND  0.0 <= value_based < 1.0  AND  0.0 <= polly_opt_simplify_deps < 1.0,1.0,0.6666666666666666,1.0,0.5,69
random_2,46,0,max = 1 AND memory_based = 1 AND polly_no_tiling = 1,,,0.0,0.0,0.0,69
random_5,115,9,max = 1 AND memory_based = 1 AND polly_no_tiling = 1,0.0 <= max < 1.0  AND  64.0 <= pollydefaulttilesize < 1024.0,0.0,0.0,0.0,0.0,69
random_10,230,0,max = 1 AND memory_based = 1 AND polly_no_tiling = 1,,,0.0,0.0,0.0,69
random_20,460,65,max = 1 AND memory_based = 1 AND polly_no_tiling = 1,pollyoptmaxcoefficient_10000 >= 1.0  AND  0.0 <= pollyoptmaxconstantterm_10 < 1.0  AND  0.0 <= pollyoptmaxconstantterm_1000 < 1.0,3.0,0.0847457627118644,0.0943396226415094,0.0769230769230769,69
2-wise,52,7,max = 1 AND memory_based = 1 AND polly_no_tiling = 1,0.0 <= parallel < 1.0  AND  0.0 <= value_based < 1.0,1.0,0.4545454545454545,0.3333333333333333,0.7142857142857143,69
3-wise,242,29,max = 1 AND memory_based = 1 AND polly_no_tiling = 1,0.0 <= polly_no_tiling < 1.0  AND  pollyoptmaxcoefficient_10 >= 1.0,0.0,0.0,0.0,0.0,69
4-wise,964,125,max = 1 AND memory_based = 1 AND polly_no_tiling = 1,0.0 <= min < 1.0  AND  0.0 <= value_based < 1.0  AND  polly_no_tiling >= 1.0,0.0,1.0,1.0,1.0,69
full,60000,7500,max = 1 AND none = 1 AND value_based = 1,0.0 <= min < 1.0  AND  0.0 <= polly < 1.0  AND  0.0 <= memory_based < 1.0  AND  0.0 <= pollyoptmaxcoefficient_10 < 1.0,1.0,0.888888888888889,1.0,0.8,6
random_2,46,3,max = 1 AND none = 1 AND value_based = 1,0.0 <= none < 1.0  AND  polly_parallel >= 1.0,0.0,0.0,0.0,0.0,6
random_5,115,23,max = 1 AND none = 1 AND value_based = 1,0.0 <= memory_based < 1.0  AND  0.0 <= min < 1.0  AND  0.0 <= polly < 1.0,1.0,1.0,1.0,1.0,6
random_10,230,24,max = 1 AND none = 1 AND value_based = 1,0.0 <= value_based < 1.0  AND  pollyoptmaxconstantterm_10 >= 1.0,0.0,0.0,0.0,0.0,6
random_20,460,67,max = 1 AND none = 1 AND value_based = 1,0.0 <= memory_based < 1.0  AND  0.0 <= polly < 1.0  AND  0.0 <= min < 1.0,0.0,1.0,1.0,1.0,6
2-wise,57,5,max = 1 AND none = 1 AND value_based = 1,0.0 <= value_based < 1.0  AND  0.0 <= pollyoptmaxconstantterm_10000 < 1.0,0.0,0.0,0.0,0.0,6
3-wise,248,37,max = 1 AND none = 1 AND value_based = 1,polly_no_tiling >= 1.0  AND  pollyoptmaxconstantterm_10000 >= 1.0,1.0,0.0350877192982456,0.05,0.027027027027027,6
4-wise,942,114,max = 1 AND none = 1 AND value_based = 1,0.0 <= min < 1.0  AND  0.0 <= polly < 1.0  AND  0.0 <= memory_based < 1.0,0.0,1.0,1.0,1.0,6
full,60000,7500,max = 1 AND polly_no_tiling = 1 AND value_based = 1,0.0 <= memory_based < 1.0  AND  polly_no_tiling >= 1.0  AND  0.0 <= min < 1.0  AND  0.0 <= pollyoptmaxconstantterm_10000 < 1.0,1.0,0.888888888888889,1.0,0.8,70
random_2,46,0,max = 1 AND polly_no_tiling = 1 AND value_based = 1,,,0.0,0.0,0.0,70
random_5,115,13,max = 1 AND polly_no_tiling = 1 AND value_based = 1,0.0 <= polly_no_tiling < 1.0  AND  pollydefaulttilesize < 256.0  AND  pollyrtcmaxparameters >= 2.0,0.0,0.0,0.0,0.0,70
random_10,230,22,max = 1 AND polly_no_tiling = 1 AND value_based = 1,pollydefaulttilesize < 1024.0  AND  pollyoptmaxcoefficient_1000 >= 1.0,0.0,0.0338983050847457,0.027027027027027,0.0454545454545454,70
random_20,460,77,max = 1 AND polly_no_tiling = 1 AND value_based = 1,0.0 <= memory_based < 1.0  AND  polly_no_tiling >= 1.0  AND  0.0 <= min < 1.0,0.0,1.0,1.0,1.0,70
2-wise,51,0,max = 1 AND polly_no_tiling = 1 AND value_based = 1,,,0.0,0.0,0.0,70
3-wise,274,36,max = 1 AND polly_no_tiling = 1 AND value_based = 1,polly_no_tiling >= 1.0  AND  polly_parallel >= 1.0  AND  0.0 <= max < 1.0,0.0,0.0,0.0,0.0,70
4-wise,955,136,max = 1 AND polly_no_tiling = 1 AND value_based = 1,0.0 <= min < 1.0  AND  polly_no_tiling >= 1.0  AND  0.0 <= memory_based < 1.0,0.0,1.0,1.0,1.0,70
full,60000,10000,min = 1 AND polly = 1 AND polly_parallel = 1,0.0 <= max < 1.0  AND  polly_parallel >= 1.0  AND  0.0 <= none < 1.0  AND  pollydefaulttilesize >= 64.0,1.0,0.7499999999999999,1.0,0.6,71
random_2,46,7,min = 1 AND polly = 1 AND polly_parallel = 1,polly_opt_simplify_deps >= 1.0  AND  pollyrtcmaxparameters < 6.0,0.0,0.1904761904761904,0.1428571428571428,0.2857142857142857,71
random_5,115,20,min = 1 AND polly = 1 AND polly_parallel = 1,0.0 <= max < 1.0  AND  pollyrtcmaxparameters < 12.0  AND  0.0 <= pollyoptmaxcoefficient_10 < 1.0,1.0,0.4745762711864407,0.358974358974359,0.7,71
random_10,230,45,min = 1 AND polly = 1 AND polly_parallel = 1,0.0 <= max < 1.0  AND  polly_parallel >= 1.0  AND  0.0 <= pollyoptmaxcoefficient_1 < 1.0,1.0,0.625,0.5223880597014925,0.7777777777777778,71
random_20,460,76,min = 1 AND polly = 1 AND polly_parallel = 1,0.0 <= max < 1.0  AND  0.0 <= none < 1.0  AND  polly_parallel >= 1.0,0.0,1.0,1.0,1.0,71
2-wise,51,9,min = 1 AND polly = 1 AND polly_parallel = 1,pollyoptmaxconstantterm_100 >= 1.0,0.0,0.2222222222222222,0.2222222222222222,0.2222222222222222,71
3-wise,261,50,min = 1 AND polly = 1 AND polly_parallel = 1,0.0 <= max < 1.0  AND  polly_parallel >= 1.0  AND  0.0 <= none < 1.0  AND  0.0 <= pollyoptmaxcoefficient_1 < 1.0,0.0,0.8636363636363636,1.0,0.76,71
4-wise,965,159,min = 1 AND polly = 1 AND polly_parallel = 1,0.0 <= none < 1.0  AND  polly_parallel >= 1.0  AND  0.0 <= max < 1.0,0.0,1.0,1.0,1.0,71
full,60000,7500,min = 1 AND polly = 1 AND value_based = 1,0.0 <= memory_based < 1.0  AND  0.0 <= max < 1.0  AND  0.0 <= none < 1.0  AND  64.0 <= pollydefaulttilesize < 1024.0,2.0,0.5714285714285715,1.0,0.4,72
random_2,46,3,min = 1 AND polly = 1 AND value_based = 1,pollyoptmaxconstantterm_1000 >= 1.0,0.0,0.0,0.0,0.0,72
random_5,115,13,min = 1 AND polly = 1 AND value_based = 1,0.0 <= min < 1.0  AND  0.0 <= value_based < 1.0,0.0,0.0,0.0,0.0,72
random_10,230,30,min = 1 AND polly = 1 AND value_based = 1,4.0 <= pollyrtcmaxparameters < 16.0  AND  pollyoptmaxconstantterm_100 >= 1.0,2.0,0.04,0.05,0.0333333333333333,72
random_20,460,0,min = 1 AND polly = 1 AND value_based = 1,,,0.0,0.0,0.0,72
2-wise,54,3,min = 1 AND polly = 1 AND value_based = 1,pollyoptmaxconstantterm_100 >= 1.0,0.0,0.0,0.0,0.0,72
3-wise,260,28,min = 1 AND polly = 1 AND value_based = 1,parallel >= 1.0  AND  polly_no_tiling >= 1.0,2.0,0.1690140845070422,0.1395348837209302,0.2142857142857142,72
4-wise,958,114,min = 1 AND polly = 1 AND value_based = 1,0.0 <= max < 1.0  AND  0.0 <= none < 1.0  AND  0.0 <= memory_based < 1.0,0.0,1.0,1.0,1.0,72
full,60000,7500,memory_based = 1 AND polly_no_tiling = 1 AND polly_opt_simplify_deps = 1,polly_opt_simplify_deps >= 1.0  AND  0.0 <= value_based < 1.0  AND  polly_no_tiling >= 1.0  AND  0.0 <= none < 1.0,0.0,0.6666666666666666,1.0,0.5,73
random_2,46,6,memory_based = 1 AND polly_no_tiling = 1 AND polly_opt_simplify_deps = 1,0.0 <= polly_parallel < 1.0  AND  0.0 <= pollyoptmaxconstantterm_1000 < 0.5,0.0,0.0,0.0,0.0,73
random_5,115,13,memory_based = 1 AND polly_no_tiling = 1 AND polly_opt_simplify_deps = 1,0.0 <= polly_no_tiling < 1.0  AND  polly_parallel >= 1.0  AND  0.0 <= pollyoptmaxconstantterm_100 < 1.0,0.0,0.0,0.0,0.0,73
random_10,230,34,memory_based = 1 AND polly_no_tiling = 1 AND polly_opt_simplify_deps = 1,polly_opt_simplify_deps >= 0.5  AND  0.0 <= value_based < 1.0  AND  polly_no_tiling >= 1.0,0.0,1.0,1.0,1.0,73
random_20,460,58,memory_based = 1 AND polly_no_tiling = 1 AND polly_opt_simplify_deps = 1,polly_no_tiling >= 1.0  AND  0.0 <= value_based < 1.0  AND  polly_opt_simplify_deps >= 1.0,0.0,1.0,1.0,1.0,73
2-wise,51,10,memory_based = 1 AND polly_no_tiling = 1 AND polly_opt_simplify_deps = 1,polly_no_tiling >= 1.0  AND  0.0 <= value_based < 0.5,1.0,0.7692307692307693,0.625,1.0,73
3-wise,260,37,memory_based = 1 AND polly_no_tiling = 1 AND polly_opt_simplify_deps = 1,polly_opt_simplify_deps >= 1.0  AND  0.0 <= value_based < 1.0  AND  polly_no_tiling >= 1.0  AND  0.0 <= pollyoptmaxconstantterm_10000 < 1.0,0.0,0.8064516129032258,1.0,0.6756756756756757,73
4-wise,947,122,memory_based = 1 AND polly_no_tiling = 1 AND polly_opt_simplify_deps = 1,polly_opt_simplify_deps >= 1.0  AND  0.0 <= value_based < 1.0  AND  polly_no_tiling >= 1.0,0.0,1.0,1.0,1.0,73
full,60000,7500,min = 1 AND polly_no_tiling = 1 AND value_based = 1,0.0 <= memory_based < 1.0  AND  0.0 <= max < 1.0  AND  polly_no_tiling >= 1.0  AND  16.0 <= pollydefaulttilesize < 1024.0,4.0,0.7499999999999999,1.0,0.6,74
random_2,46,4,min = 1 AND polly_no_tiling = 1 AND value_based = 1,pollyoptmaxconstantterm_1000 >= 1.0,0.0,0.0,0.0,0.0,74
random_5,115,12,min = 1 AND polly_no_tiling = 1 AND value_based = 1,0.0 <= pollyoptmaxconstantterm_10000 < 1.0,2.0,0.22,0.125,0.9166666666666666,74
random_10,230,26,min = 1 AND polly_no_tiling = 1 AND value_based = 1,0.0 <= memory_based < 1.0  AND  polly_no_tiling >= 1.0  AND  0.0 <= max < 1.0,0.0,1.0,1.0,1.0,74
random_20,460,56,min = 1 AND polly_no_tiling = 1 AND value_based = 1,0.0 <= max < 1.0  AND  0.0 <= memory_based < 1.0  AND  polly_no_tiling >= 1.0,0.0,1.0,1.0,1.0,74
2-wise,54,8,min = 1 AND polly_no_tiling = 1 AND value_based = 1,0.0 <= memory_based < 0.5  AND  polly_no_tiling >= 1.0  AND  0.0 <= max < 1.0,1.0,1.0,1.0,1.0,74
3-wise,252,36,min = 1 AND polly_no_tiling = 1 AND value_based = 1,0.0 <= max < 1.0  AND  0.0 <= memory_based < 1.0  AND  polly_no_tiling >= 1.0,0.0,1.0,1.0,1.0,74
4-wise,953,117,min = 1 AND polly_no_tiling = 1 AND value_based = 1,0.0 <= memory_based < 1.0  AND  polly_no_tiling >= 1.0  AND  0.0 <= max < 1.0,0.0,1.0,1.0,1.0,74
full,60000,7500,min = 1 AND polly_opt_simplify_deps = 1 AND value_based = 1,0.0 <= max < 1.0  AND  polly_opt_simplify_deps >= 1.0  AND  0.0 <= memory_based < 1.0  AND  0.0 <= pollyoptmaxconstantterm_100 < 1.0,1.0,0.888888888888889,1.0,0.8,75
random_2,46,1,min = 1 AND polly_opt_simplify_deps = 1 AND value_based = 1,0.0 <= memory_based < 0.5  AND  16.0 <= pollydefaulttilesize < 1024.0,0.0,0.0,0.0,0.0,75
random_5,115,16,min = 1 AND polly_opt_simplify_deps = 1 AND value_based = 1,polly_opt_simplify_deps >= 1.0  AND  4.0 <= pollyrtcmaxparameters < 16.0,1.0,0.3720930232558139,0.2962962962962963,0.5,75
random_10,230,25,min = 1 AND polly_opt_simplify_deps = 1 AND value_based = 1,0.0 <= polly < 1.0  AND  pollyoptmaxconstantterm_100 >= 0.5,4.0,0.2553191489361702,0.2727272727272727,0.24,75
random_20,460,55,min = 1 AND polly_opt_simplify_deps = 1 AND value_based = 1,0.0 <= memory_based < 1.0  AND  polly_opt_simplify_deps >= 1.0  AND  0.0 <= max < 1.0,0.0,1.0,1.0,1.0,75
2-wise,56,9,min = 1 AND polly_opt_simplify_deps = 1 AND value_based = 1,0.0 <= polly < 0.5  AND  0.0 <= pollyoptmaxconstantterm_10 < 0.5,0.0,0.1935483870967742,0.1363636363636363,0.3333333333333333,75
3-wise,247,33,min = 1 AND polly_opt_simplify_deps = 1 AND value_based = 1,polly_opt_simplify_deps >= 1.0  AND  0.0 <= pollyoptmaxconstantterm_10000 < 0.5  AND  0.0 <= memory_based < 1.0  AND  0.0 <= max < 1.0,1.0,0.9180327868852458,1.0,0.8484848484848485,75
4-wise,959,129,min = 1 AND polly_opt_simplify_deps = 1 AND value_based = 1,0.0 <= max < 1.0  AND  polly_opt_simplify_deps >= 1.0  AND  0.0 <= memory_based < 1.0,0.0,1.0,1.0,1.0,75
full,60000,10000,min = 1 AND parallel = 1 AND polly_parallel = 1,parallel >= 0.5  AND  0.0 <= polly_no_tiling < 1.0  AND  0.0 <= max < 1.0  AND  0.0 <= pollyoptmaxconstantterm_100 < 1.0,1.0,0.5714285714285715,1.0,0.4,76
random_2,46,9,min = 1 AND parallel = 1 AND polly_parallel = 1,0.0 <= parallel < 1.0  AND  0.0 <= pollyoptmaxcoefficient_10 < 0.5,0.0,0.0,0.0,0.0,76
random_5,115,19,min = 1 AND parallel = 1 AND polly_parallel = 1,0.0 <= max < 1.0  AND  parallel >= 1.0,1.0,1.0,1.0,1.0,76
random_10,230,35,min = 1 AND parallel = 1 AND polly_parallel = 1,0.0 <= max < 1.0  AND  parallel >= 1.0,0.0,1.0,1.0,1.0,76
random_20,460,82,min = 1 AND parallel = 1 AND polly_parallel = 1,0.0 <= max < 1.0  AND  parallel >= 1.0,0.0,1.0,1.0,1.0,76
2-wise,58,13,min = 1 AND parallel = 1 AND polly_parallel = 1,0.0 <= max < 1.0  AND  parallel >= 1.0,0.0,1.0,1.0,1.0,76
3-wise,245,41,min = 1 AND parallel = 1 AND polly_parallel = 1,0.0 <= max < 1.0  AND  parallel >= 1.0,0.0,1.0,1.0,1.0,76
4-wise,951,172,min = 1 AND parallel = 1 AND polly_parallel = 1,0.0 <= max < 1.0  AND  parallel >= 0.5,0.0,1.0,1.0,1.0,76
full,60000,7500,max = 1 AND polly_opt_simplify_deps = 1 AND value_based = 1,0.0 <= min < 1.0  AND  polly_opt_simplify_deps >= 1.0  AND  0.0 <= memory_based < 1.0  AND  0.0 <= pollyoptmaxcoefficient_10 < 1.0,1.0,0.888888888888889,1.0,0.8,77
random_2,46,6,max = 1 AND polly_opt_simplify_deps = 1 AND value_based = 1,pollyrtcmaxparameters >= 8.0  AND  0.0 <= min < 0.5,1.0,0.4545454545454545,0.3125,0.8333333333333334,77
random_5,115,20,max = 1 AND polly_opt_simplify_deps = 1 AND value_based = 1,0.0 <= none < 1.0  AND  0.0 <= pollyoptmaxcoefficient_1 < 1.0,4.0,0.3428571428571428,0.24,0.6,77
random_10,230,33,max = 1 AND polly_opt_simplify_deps = 1 AND value_based = 1,0.0 <= min < 1.0  AND  polly_no_tiling >= 0.5  AND  0.0 <= memory_based < 1.0,0.0,0.4857142857142857,0.4594594594594595,0.5151515151515151,77
random_20,460,71,max = 1 AND polly_opt_simplify_deps = 1 AND value_based = 1,0.0 <= memory_based < 1.0  AND  0.0 <= min < 1.0  AND  polly_opt_simplify_deps >= 1.0,0.0,1.0,1.0,1.0,77
2-wise,51,4,max = 1 AND polly_opt_simplify_deps = 1 AND value_based = 1,0.0 <= pollyoptmaxcoefficient_100 < 1.0  AND  pollyoptmaxconstantterm_10000 >= 1.0,0.0,0.0,0.0,0.0,77
3-wise,246,36,max = 1 AND polly_opt_simplify_deps = 1 AND value_based = 1,0.0 <= memory_based < 1.0  AND  0.0 <= min < 1.0  AND  polly_opt_simplify_deps >= 1.0,0.0,1.0,1.0,1.0,77
4-wise,961,118,max = 1 AND polly_opt_simplify_deps = 1 AND value_based = 1,0.0 <= memory_based < 1.0  AND  0.0 <= min < 1.0  AND  polly_opt_simplify_deps >= 1.0,0.0,1.0,1.0,1.0,77
full,60000,10000,max = 1 AND none = 1 AND polly_parallel = 1,0.0 <= polly < 1.0  AND  polly_parallel >= 0.5  AND  0.0 <= pollyoptmaxcoefficient_10 < 1.0,4.0,0.6153846153846154,0.5,0.8,78
random_2,46,0,max = 1 AND none = 1 AND polly_parallel = 1,,,0.0,0.0,0.0,78
random_5,115,18,max = 1 AND none = 1 AND polly_parallel = 1,0.0 <= max < 1.0  AND  2.0 <= pollyrtcmaxparameters < 8.0,0.0,0.0,0.0,0.0,78
random_10,230,32,max = 1 AND none = 1 AND polly_parallel = 1,0.0 <= max < 1.0  AND  0.0 <= polly_opt_simplify_deps < 1.0  AND  0.0 <= parallel < 1.0  AND  0.0 <= pollyoptmaxconstantterm_100 < 1.0,0.0,0.0,0.0,0.0,78
random_20,460,79,max = 1 AND none = 1 AND polly_parallel = 1,0.0 <= min < 1.0  AND  0.0 <= polly < 1.0  AND  polly_parallel >= 1.0,0.0,1.0,1.0,1.0,78
2-wise,53,5,max = 1 AND none = 1 AND polly_parallel = 1,0.0 <= max < 1.0  AND  pollydefaulttilesize >= 64.0,0.0,0.0,0.0,0.0,78
3-wise,258,52,max = 1 AND none = 1 AND polly_parallel = 1,0.0 <= min < 0.5  AND  0.0 <= polly < 1.0  AND  polly_parallel >= 1.0,0.0,1.0,1.0,1.0,78
4-wise,961,149,max = 1 AND none = 1 AND polly_parallel = 1,0.0 <= polly < 1.0  AND  polly_parallel >= 1.0  AND  0.0 <= min < 1.0  AND  0.0 <= pollyoptmaxcoefficient_1000 < 1.0,0.0,0.8754716981132076,1.0,0.7785234899328859,78
full,60000,7500,memory_based = 1 AND polly_no_tiling = 1 AND polly_opt_simplify_deps = 1,polly_opt_simplify_deps >= 1.0  AND  0.0 <= value_based < 1.0  AND  pollydefaulttilesize >= 256.0  AND  polly_no_tiling >= 1.0,1.0,0.5714285714285715,1.0,0.4,79
random_2,46,0,memory_based = 1 AND polly_no_tiling = 1 AND polly_opt_simplify_deps = 1,,,0.0,0.0,0.0,79
random_5,115,18,memory_based = 1 AND polly_no_tiling = 1 AND polly_opt_simplify_deps = 1,polly_opt_simplify_deps >= 1.0  AND  0.0 <= value_based < 1.0  AND  polly_no_tiling >= 1.0,1.0,1.0,1.0,1.0,79
random_10,230,24,memory_based = 1 AND polly_no_tiling = 1 AND polly_opt_simplify_deps = 1,polly_no_tiling >= 1.0  AND  0.0 <= value_based < 1.0  AND  polly_opt_simplify_deps >= 1.0,0.0,1.0,1.0,1.0,79
random_20,460,66,memory_based = 1 AND polly_no_tiling = 1 AND polly_opt_simplify_deps = 1,polly_no_tiling >= 1.0  AND  0.0 <= value_based < 1.0  AND  polly_opt_simplify_deps >= 1.0,0.0,1.0,1.0,1.0,79
2-wise,54,3,memory_based = 1 AND polly_no_tiling = 1 AND polly_opt_simplify_deps = 1,pollydefaulttilesize >= 640.0,2.0,0.125,0.0769230769230769,0.3333333333333333,79
3-wise,246,31,memory_based = 1 AND polly_no_tiling = 1 AND polly_opt_simplify_deps = 1,0.0 <= value_based < 1.0  AND  polly_no_tiling >= 1.0  AND  polly_opt_simplify_deps >= 1.0,0.0,1.0,1.0,1.0,79
4-wise,969,130,memory_based = 1 AND polly_no_tiling = 1 AND polly_opt_simplify_deps = 1,polly_opt_simplify_deps >= 1.0  AND  0.0 <= value_based < 1.0  AND  polly_no_tiling >= 1.0,0.0,1.0,1.0,1.0,79
full,60000,7500,min = 1 AND polly = 1 AND polly_no_tiling = 1,polly_no_tiling >= 1.0  AND  0.0 <= pollyoptmaxconstantterm_10 < 1.0  AND  0.0 <= none < 1.0  AND  0.0 <= max < 1.0,3.0,0.888888888888889,1.0,0.8,7
random_2,46,3,min = 1 AND polly = 1 AND polly_no_tiling = 1,polly_opt_simplify_deps >= 1.0  AND  0.0 <= pollyoptmaxconstantterm_10 < 0.5,0.0,0.0,0.0,0.0,7
random_5,115,12,min = 1 AND polly = 1 AND polly_no_tiling = 1,0.0 <= min < 1.0  AND  0.0 <= pollyoptmaxconstantterm_1000 < 1.0  AND  0.0 <= pollyoptmaxcoefficient_10000 < 1.0,0.0,0.0,0.0,0.0,7
random_10,230,23,min = 1 AND polly = 1 AND polly_no_tiling = 1,0.0 <= polly_no_tiling < 0.5  AND  pollydefaulttilesize >= 1024.0  AND  0.0 <= pollyoptmaxcoefficient_1 < 1.0,0.0,0.0,0.0,0.0,7
random_20,460,48,min = 1 AND polly = 1 AND polly_no_tiling = 1,0.0 <= memory_based < 1.0  AND  pollyoptmaxconstantterm_1000 >= 1.0,1.0,0.0919540229885057,0.1025641025641025,0.0833333333333333,7
2-wise,57,6,min = 1 AND polly = 1 AND polly_no_tiling = 1,pollyrtcmaxparameters >= 4.0  AND  0.0 <= pollyoptmaxcoefficient_100 < 1.0,0.0,0.2352941176470588,0.1428571428571428,0.6666666666666666,7
3-wise,249,35,min = 1 AND polly = 1 AND polly_no_tiling = 1,0.0 <= max < 1.0  AND  0.0 <= none < 1.0  AND  polly_no_tiling >= 0.5,1.0,1.0,1.0,1.0,7
4-wise,953,122,min = 1 AND polly = 1 AND polly_no_tiling = 1,0.0 <= max < 1.0  AND  0.0 <= none < 1.0  AND  polly_no_tiling >= 1.0,0.0,1.0,1.0,1.0,7
full,60000,10000,memory_based = 1 AND polly = 1 AND polly_parallel = 1,0.0 <= none < 1.0  AND  polly_parallel >= 1.0  AND  0.0 <= value_based < 1.0  AND  pollydefaulttilesize >= 64.0,1.0,0.7499999999999999,1.0,0.6,80
random_2,46,6,memory_based = 1 AND polly = 1 AND polly_parallel = 1,pollyrtcmaxparameters >= 2.0  AND  0.0 <= polly_parallel < 1.0,0.0,0.0,0.0,0.0,80
random_5,115,0,memory_based = 1 AND polly = 1 AND polly_parallel = 1,,,0.0,0.0,0.0,80
random_10,230,40,memory_based = 1 AND polly = 1 AND polly_parallel = 1,0.0 <= none < 1.0  AND  0.0 <= value_based < 1.0  AND  polly_parallel >= 1.0,1.0,1.0,1.0,1.0,80
random_20,460,76,memory_based = 1 AND polly = 1 AND polly_parallel = 1,0.0 <= none < 1.0  AND  0.0 <= value_based < 1.0  AND  polly_parallel >= 1.0,0.0,1.0,1.0,1.0,80
2-wise,57,6,memory_based = 1 AND polly = 1 AND polly_parallel = 1,0.0 <= memory_based < 1.0  AND  0.0 <= pollyoptmaxcoefficient_100 < 1.0  AND  0.0 <= pollyoptmaxconstantterm_10 < 1.0,0.0,0.0,0.0,0.0,80
3-wise,260,49,memory_based = 1 AND polly = 1 AND polly_parallel = 1,0.0 <= value_based < 1.0  AND  0.0 <= none < 1.0  AND  polly_parallel >= 1.0,0.0,1.0,1.0,1.0,80
4-wise,959,175,memory_based = 1 AND polly = 1 AND polly_parallel = 1,polly_parallel >= 1.0  AND  0.0 <= value_based < 1.0  AND  0.0 <= none < 1.0,0.0,1.0,1.0,1.0,80
full,60000,10000,parallel_force = 1 AND polly_no_tiling = 1 AND polly_parallel = 1,parallel_force >= 0.5  AND  polly_no_tiling >= 1.0  AND  pollydefaulttilesize < 64.0  AND  0.0 <= pollyoptmaxconstantterm_100 < 1.0,3.0,0.4848484848484848,1.0,0.32,81
random_2,46,6,parallel_force = 1 AND polly_no_tiling = 1 AND polly_parallel = 1,0.0 <= polly_no_tiling < 1.0  AND  pollydefaulttilesize >= 256.0,0.0,0.0,0.0,0.0,81
random_5,115,11,parallel_force = 1 AND polly_no_tiling = 1 AND polly_parallel = 1,polly_no_tiling >= 1.0  AND  parallel_force >= 1.0,1.0,1.0,1.0,1.0,81
random_10,230,28,parallel_force = 1 AND polly_no_tiling = 1 AND polly_parallel = 1,parallel_force >= 1.0  AND  polly_no_tiling >= 1.0,0.0,1.0,1.0,1.0,81
random_20,460,53,parallel_force = 1 AND polly_no_tiling = 1 AND polly_parallel = 1,parallel_force >= 1.0  AND  polly_no_tiling >= 1.0,0.0,1.0,1.0,1.0,81
2-wise,57,8,parallel_force = 1 AND polly_no_tiling = 1 AND polly_parallel = 1,parallel >= 0.5  AND  0.0 <= pollyoptmaxcoefficient_1 < 1.0,0.0,0.0,0.0,0.0,81
3-wise,259,45,parallel_force = 1 AND polly_no_tiling = 1 AND polly_parallel = 1,parallel_force >= 1.0  AND  polly_no_tiling >= 1.0,0.0,1.0,1.0,1.0,81
4-wise,967,152,parallel_force = 1 AND polly_no_tiling = 1 AND polly_parallel = 1,parallel_force >= 1.0  AND  polly_no_tiling >= 1.0,0.0,1.0,1.0,1.0,81
full,60000,7500,min = 1 AND polly_no_tiling = 1 AND polly_opt_simplify_deps = 1,polly_no_tiling >= 1.0  AND  polly_opt_simplify_deps >= 1.0  AND  0.0 <= max < 1.0  AND  0.0 <= pollyoptmaxconstantterm_10 < 1.0,1.0,0.888888888888889,1.0,0.8,82
random_2,46,2,min = 1 AND polly_no_tiling = 1 AND polly_opt_simplify_deps = 1,0.0 <= pollyoptmaxconstantterm_100 < 1.0  AND  0.0 <= pollyoptmaxconstantterm_10 < 1.0  AND  0.0 <= pollyoptmaxcoefficient_10000 < 1.0,0.0,0.0,0.0,0.0,82
random_5,115,14,min = 1 AND polly_no_tiling = 1 AND polly_opt_simplify_deps = 1,pollyoptmaxconstantterm_10 >= 0.5,2.0,0.1111111111111111,0.0909090909090909,0.1428571428571428,82
random_10,230,30,min = 1 AND polly_no_tiling = 1 AND polly_opt_simplify_deps = 1,pollyoptmaxcoefficient_10000 >= 1.0,1.0,0.1492537313432835,0.1351351351351351,0.1666666666666666,82
random_20,460,48,min = 1 AND polly_no_tiling = 1 AND polly_opt_simplify_deps = 1,polly_no_tiling >= 1.0  AND  0.0 <= pollyoptmaxcoefficient_1000 < 1.0  AND  polly_opt_simplify_deps >= 1.0  AND  0.0 <= max < 1.0,0.0,0.8292682926829268,1.0,0.7083333333333334,82
2-wise,54,0,min = 1 AND polly_no_tiling = 1 AND polly_opt_simplify_deps = 1,,,0.0,0.0,0.0,82
3-wise,255,35,min = 1 AND polly_no_tiling = 1 AND polly_opt_simplify_deps = 1,0.0 <= max < 1.0  AND  16.0 <= pollydefaulttilesize < 256.0,3.0,0.2727272727272727,0.2264150943396226,0.3428571428571428,82
4-wise,952,109,min = 1 AND polly_no_tiling = 1 AND polly_opt_simplify_deps = 1,polly_no_tiling >= 1.0  AND  0.0 <= pollyoptmaxconstantterm_10000 < 1.0  AND  0.0 <= max < 1.0  AND  polly_opt_simplify_deps >= 1.0,3.0,0.8934010152284264,1.0,0.8073394495412844,82
full,60000,10000,memory_based = 1 AND parallel = 1 AND polly_parallel = 1,parallel >= 0.5  AND  0.0 <= value_based < 1.0  AND  0.0 <= pollyoptmaxconstantterm_1 < 1.0  AND  0.0 <= polly_no_tiling < 1.0,2.0,0.5714285714285715,1.0,0.4,83
random_2,46,7,memory_based = 1 AND parallel = 1 AND polly_parallel = 1,0.0 <= value_based < 1.0  AND  parallel >= 1.0,1.0,1.0,1.0,1.0,83
random_5,115,17,memory_based = 1 AND parallel = 1 AND polly_parallel = 1,parallel >= 1.0  AND  0.0 <= value_based < 1.0,1.0,1.0,1.0,1.0,83
random_10,230,40,memory_based = 1 AND parallel = 1 AND polly_parallel = 1,parallel >= 0.5  AND  0.0 <= value_based < 1.0,0.0,1.0,1.0,1.0,83
random_20,460,62,memory_based = 1 AND parallel = 1 AND polly_parallel = 1,parallel >= 1.0  AND  0.0 <= value_based < 1.0,0.0,1.0,1.0,1.0,83
2-wise,55,12,memory_based = 1 AND parallel = 1 AND polly_parallel = 1,0.0 <= value_based < 1.0  AND  parallel >= 1.0,0.0,1.0,1.0,1.0,83
3-wise,256,42,memory_based = 1 AND parallel = 1 AND polly_parallel = 1,parallel >= 1.0  AND  0.0 <= value_based < 1.0,0.0,1.0,1.0,1.0,83
4-wise,938,154,memory_based = 1 AND parallel = 1 AND polly_parallel = 1,parallel >= 1.0  AND  0.0 <= value_based < 1.0,0.0,1.0,1.0,1.0,83
full,60000,7500,memory_based = 1 AND none = 1 AND polly_opt_simplify_deps = 1,0.0 <= polly < 1.0  AND  0.0 <= value_based < 1.0  AND  polly_opt_simplify_deps >= 1.0  AND  pollydefaulttilesize < 1024.0,3.0,0.888888888888889,1.0,0.8,84
random_2,46,6,memory_based = 1 AND none = 1 AND polly_opt_simplify_deps = 1,pollyoptmaxconstantterm_1000 >= 1.0,0.0,0.0,0.0,0.0,84
random_5,115,14,memory_based = 1 AND none = 1 AND polly_opt_simplify_deps = 1,0.0 <= max < 0.5  AND  pollyoptmaxconstantterm_1 >= 1.0,0.0,0.0,0.0,0.0,84
random_10,230,30,memory_based = 1 AND none = 1 AND polly_opt_simplify_deps = 1,polly_opt_simplify_deps >= 1.0  AND  0.0 <= value_based < 1.0  AND  0.0 <= polly < 1.0,1.0,1.0,1.0,1.0,84
random_20,460,51,memory_based = 1 AND none = 1 AND polly_opt_simplify_deps = 1,0.0 <= polly < 1.0  AND  0.0 <= value_based < 1.0  AND  polly_opt_simplify_deps >= 1.0,0.0,1.0,1.0,1.0,84
2-wise,51,6,memory_based = 1 AND none = 1 AND polly_opt_simplify_deps = 1,0.0 <= memory_based < 1.0  AND  0.0 <= pollyoptmaxconstantterm_1000 < 0.5,0.0,0.0,0.0,0.0,84
3-wise,252,26,memory_based = 1 AND none = 1 AND polly_opt_simplify_deps = 1,0.0 <= polly < 1.0  AND  polly_opt_simplify_deps >= 1.0  AND  0.0 <= value_based < 1.0,3.0,1.0,1.0,1.0,84
4-wise,967,123,memory_based = 1 AND none = 1 AND polly_opt_simplify_deps = 1,0.0 <= polly < 1.0  AND  polly_opt_simplify_deps >= 1.0  AND  0.0 <= value_based < 1.0,0.0,1.0,1.0,1.0,84
full,60000,10000,parallel = 1 AND polly_parallel = 1 AND value_based = 1,parallel >= 0.5  AND  0.0 <= memory_based < 1.0  AND  0.0 <= pollyoptmaxconstantterm_100 < 1.0  AND  pollyrtcmaxparameters >= 4.0,3.0,0.6486486486486487,1.0,0.48,85
random_2,46,7,parallel = 1 AND polly_parallel = 1 AND value_based = 1,0.0 <= memory_based < 0.5  AND  0.0 <= parallel_force < 1.0,2.0,0.8235294117647058,0.7,1.0,85
random_5,115,23,parallel = 1 AND polly_parallel = 1 AND value_based = 1,0.0 <= memory_based < 1.0  AND  parallel >= 1.0,0.0,1.0,1.0,1.0,85
random_10,230,49,parallel = 1 AND polly_parallel = 1 AND value_based = 1,0.0 <= memory_based < 1.0  AND  parallel >= 1.0  AND  0.0 <= pollyoptmaxconstantterm_10 < 1.0,0.0,0.898876404494382,1.0,0.8163265306122449,85
random_20,460,73,parallel = 1 AND polly_parallel = 1 AND value_based = 1,0.0 <= memory_based < 1.0  AND  parallel >= 1.0,0.0,1.0,1.0,1.0,85
2-wise,54,8,parallel = 1 AND polly_parallel = 1 AND value_based = 1,0.0 <= memory_based < 1.0  AND  parallel >= 1.0,0.0,1.0,1.0,1.0,85
3-wise,256,42,parallel = 1 AND polly_parallel = 1 AND value_based = 1,0.0 <= memory_based < 1.0  AND  parallel >= 1.0,0.0,1.0,1.0,1.0,85
4-wise,954,155,parallel = 1 AND polly_parallel = 1 AND value_based = 1,0.0 <= memory_based < 1.0  AND  parallel >= 1.0,0.0,1.0,1.0,1.0,85
full,60000,7500,min = 1 AND none = 1 AND polly_opt_simplify_deps = 1,0.0 <= max < 1.0  AND  polly_opt_simplify_deps >= 1.0  AND  0.0 <= polly < 1.0  AND  pollydefaulttilesize < 1024.0,1.0,0.888888888888889,1.0,0.8,86
random_2,46,4,min = 1 AND none = 1 AND polly_opt_simplify_deps = 1,0.0 <= min < 0.5  AND  0.0 <= pollyoptmaxcoefficient_10000 < 1.0,0.0,0.0,0.0,0.0,86
random_5,115,9,min = 1 AND none = 1 AND polly_opt_simplify_deps = 1,3.0 <= pollyrtcmaxparameters < 16.0  AND  0.0 <= pollyoptmaxconstantterm_10 < 1.0  AND  0.0 <= pollyoptmaxcoefficient_10000 < 1.0,0.0,0.0555555555555555,0.037037037037037,0.1111111111111111,86
random_10,230,29,min = 1 AND none = 1 AND polly_opt_simplify_deps = 1,0.0 <= polly_no_tiling < 1.0  AND  pollyoptmaxcoefficient_100 >= 1.0,1.0,0.12,0.1428571428571428,0.1034482758620689,86
random_20,460,61,min = 1 AND none = 1 AND polly_opt_simplify_deps = 1,0.0 <= polly < 1.0  AND  polly_opt_simplify_deps >= 1.0  AND  0.0 <= max < 1.0,3.0,1.0,1.0,1.0,86
2-wise,58,6,min = 1 AND none = 1 AND polly_opt_simplify_deps = 1,0.0 <= polly_opt_simplify_deps < 1.0  AND  pollydefaulttilesize < 256.0,0.0,0.0,0.0,0.0,86
3-wise,250,29,min = 1 AND none = 1 AND polly_opt_simplify_deps = 1,0.0 <= max < 1.0  AND  0.0 <= polly < 1.0  AND  polly_opt_simplify_deps >= 1.0,0.0,1.0,1.0,1.0,86
4-wise,946,116,min = 1 AND none = 1 AND polly_opt_simplify_deps = 1,0.0 <= max < 1.0  AND  polly_opt_simplify_deps >= 1.0  AND  0.0 <= polly < 1.0  AND  0.0 <= pollyoptmaxconstantterm_10 < 1.0,0.0,0.9107981220657276,1.0,0.8362068965517241,86
full,60000,7500,max = 1 AND none = 1 AND polly_no_tiling = 1,0.0 <= min < 1.0  AND  polly_no_tiling >= 1.0  AND  0.0 <= polly < 1.0  AND  0.0 <= pollyoptmaxconstantterm_1 < 1.0,4.0,0.888888888888889,1.0,0.8,87
random_2,46,6,max = 1 AND none = 1 AND polly_no_tiling = 1,0.0 <= pollyoptmaxconstantterm_1000 < 1.0  AND  0.0 <= none < 0.5,0.0,0.0,0.0,0.0,87
random_5,115,12,max = 1 AND none = 1 AND polly_no_tiling = 1,polly_opt_simplify_deps >= 1.0  AND  pollyrtcmaxparameters < 6.0  AND  0.0 <= none < 1.0,0.0,0.0,0.0,0.0,87
random_10,230,26,max = 1 AND none = 1 AND polly_no_tiling = 1,0.0 <= min < 1.0  AND  0.0 <= value_based < 1.0  AND  0.0 <= polly_no_tiling < 1.0,0.0,0.0,0.0,0.0,87
random_20,460,61,max = 1 AND none = 1 AND polly_no_tiling = 1,0.0 <= min < 1.0  AND  polly_no_tiling >= 1.0  AND  0.0 <= polly < 1.0,0.0,1.0,1.0,1.0,87
2-wise,56,6,max = 1 AND none = 1 AND polly_no_tiling = 1,pollyoptmaxconstantterm_1 >= 1.0  AND  0.0 <= pollyoptmaxcoefficient_10 < 1.0,0.0,0.0,0.0,0.0,87
3-wise,251,25,max = 1 AND none = 1 AND polly_no_tiling = 1,0.0 <= pollyoptmaxconstantterm_1000 < 1.0  AND  pollyoptmaxcoefficient_10 >= 1.0  AND  pollyrtcmaxparameters < 16.0,2.0,0.0344827586206896,0.0303030303030303,0.04,87
4-wise,972,120,max = 1 AND none = 1 AND polly_no_tiling = 1,0.0 <= polly < 1.0  AND  polly_no_tiling >= 1.0  AND  0.0 <= min < 1.0,0.0,1.0,1.0,1.0,87
full,60000,10000,memory_based = 1 AND polly_opt_simplify_deps = 1 AND polly_parallel = 1,parallel_force >= 1.0  AND  polly_opt_simplify_deps >= 1.0  AND  0.0 <= value_based < 1.0  AND  0.0 <= polly_no_tiling < 1.0,1.0,0.4,1.0,0.25,88
random_2,46,0,memory_based = 1 AND polly_opt_simplify_deps = 1 AND polly_parallel = 1,,,0.0,0.0,0.0,88
random_5,115,16,memory_based = 1 AND polly_opt_simplify_deps = 1 AND polly_parallel = 1,polly_parallel >= 0.5  AND  0.0 <= value_based < 1.0,1.0,0.6666666666666666,0.5,1.0,88
random_10,230,42,memory_based = 1 AND polly_opt_simplify_deps = 1 AND polly_parallel = 1,0.0 <= value_based < 1.0  AND  polly_opt_simplify_deps >= 0.5  AND  polly_parallel >= 1.0,0.0,1.0,1.0,1.0,88
random_20,460,83,memory_based = 1 AND polly_opt_simplify_deps = 1 AND polly_parallel = 1,0.0 <= value_based < 1.0  AND  polly_opt_simplify_deps >= 1.0  AND  polly_parallel >= 1.0,0.0,1.0,1.0,1.0,88
2-wise,55,9,memory_based = 1 AND polly_opt_simplify_deps = 1 AND polly_parallel = 1,0.0 <= pollyoptmaxcoefficient_1 < 1.0  AND  pollyrtcmaxparameters < 2.0,0.0,0.0,0.0,0.0,88
3-wise,256,41,memory_based = 1 AND polly_opt_simplify_deps = 1 AND polly_parallel = 1,0.0 <= value_based < 1.0  AND  polly_opt_simplify_deps >= 1.0  AND  polly_parallel >= 1.0,0.0,1.0,1.0,1.0,88
4-wise,961,180,memory_based = 1 AND polly_opt_simplify_deps = 1 AND polly_parallel = 1,polly_opt_simplify_deps >= 1.0  AND  polly_parallel >= 1.0  AND  0.0 <= value_based < 1.0,0.0,1.0,1.0,1.0,88
full,60000,10000,min = 1 AND polly = 1 AND polly_parallel = 1,0.0 <= max < 1.0  AND  polly_parallel >= 0.5  AND  0.0 <= none < 1.0  AND  0.0 <= pollyoptmaxcoefficient_1000 < 1.0,2.0,0.888888888888889,1.0,0.8,89
random_2,46,0,min = 1 AND polly = 1 AND polly_parallel = 1,,,0.0,0.0,0.0,89
random_5,115,22,min = 1 AND polly = 1 AND polly_parallel = 1,0.0 <= max < 1.0  AND  0.0 <= none < 1.0  AND  polly_parallel >= 1.0,0.0,1.0,1.0,1.0,89
random_10,230,41,min = 1 AND polly = 1 AND polly_parallel = 1,0.0 <= max < 1.0  AND  0.0 <= none < 1.0  AND  polly_parallel >= 1.0,0.0,1.0,1.0,1.0,89
random_20,460,65,min = 1 AND polly = 1 AND polly_parallel = 1,0.0 <= max < 1.0  AND  polly_parallel >= 1.0  AND  0.0 <= none < 1.0,0.0,1.0,1.0,1.0,89
2-wise,58,6,min = 1 AND polly = 1 AND polly_parallel = 1,0.0 <= parallel_force < 1.0  AND  pollyrtcmaxparameters >= 4.0  AND  pollydefaulttilesize < 1024.0,0.0,0.0,0.0,0.0,89
3-wise,259,46,min = 1 AND polly = 1 AND polly_parallel = 1,0.0 <= max < 1.0  AND  0.0 <= none < 1.0  AND  polly_parallel >= 1.0,0.0,1.0,1.0,1.0,89
4-wise,964,181,min = 1 AND polly = 1 AND polly_parallel = 1,0.0 <= max < 1.0  AND  0.0 <= none < 1.0  AND  polly_parallel >= 1.0  AND  0.0 <= pollyoptmaxcoefficient_10000 < 1.0,4.0,0.8861538461538462,1.0,0.7955801104972375,89
full,60000,10000,memory_based = 1 AND parallel = 1 AND polly_parallel = 1,parallel >= 1.0  AND  0.0 <= value_based < 1.0  AND  0.0 <= max < 1.0  AND  0.0 <= pollyoptmaxcoefficient_1000 < 1.0,1.0,0.5714285714285715,1.0,0.4,8
random_2,46,0,memory_based = 1 AND parallel = 1 AND polly_parallel = 1,,,0.0,0.0,0.0,8
random_5,115,11,memory_based = 1 AND parallel = 1 AND polly_parallel = 1,polly_opt_simplify_deps >= 1.0  AND  pollydefaulttilesize >= 64.0,1.0,0.12,0.0769230769230769,0.2727272727272727,8
random_10,230,40,memory_based = 1 AND parallel = 1 AND polly_parallel = 1,parallel >= 1.0  AND  0.0 <= value_based < 1.0,0.0,1.0,1.0,1.0,8
random_20,460,93,memory_based = 1 AND parallel = 1 AND polly_parallel = 1,parallel >= 1.0  AND  0.0 <= value_based < 1.0,0.0,1.0,1.0,1.0,8
2-wise,53,9,memory_based = 1 AND parallel = 1 AND polly_parallel = 1,pollyrtcmaxparameters < 3.0,2.0,0.4827586206896551,0.35,0.7777777777777778,8
3-wise,255,49,memory_based = 1 AND parallel = 1 AND polly_parallel = 1,parallel >= 1.0  AND  0.0 <= value_based < 1.0,0.0,1.0,1.0,1.0,8
4-wise,979,179,memory_based = 1 AND parallel = 1 AND polly_parallel = 1,parallel >= 1.0  AND  0.0 <= value_based < 1.0,0.0,1.0,1.0,1.0,8
full,60000,10000,polly = 1 AND polly_parallel = 1 AND value_based = 1,0.0 <= memory_based < 1.0  AND  0.0 <= none < 1.0  AND  parallel_force >= 0.5  AND  0.0 <= pollyoptmaxconstantterm_10 < 1.0,2.0,0.5714285714285715,1.0,0.4,90
random_2,46,2,polly = 1 AND polly_parallel = 1 AND value_based = 1,0.0 <= pollyoptmaxcoefficient_10000 < 1.0  AND  0.0 <= pollyoptmaxconstantterm_100 < 1.0  AND  0.0 <= parallel < 0.5,0.0,0.0,0.0,0.0,90
random_5,115,21,polly = 1 AND polly_parallel = 1 AND value_based = 1,0.0 <= memory_based < 1.0  AND  polly_parallel >= 1.0,1.0,0.6774193548387097,0.5121951219512195,1.0,90
random_10,230,34,polly = 1 AND polly_parallel = 1 AND value_based = 1,0.0 <= memory_based < 1.0  AND  0.0 <= none < 1.0  AND  polly_parallel >= 1.0,0.0,1.0,1.0,1.0,90
random_20,460,86,polly = 1 AND polly_parallel = 1 AND value_based = 1,0.0 <= none < 1.0  AND  polly_parallel >= 1.0  AND  0.0 <= memory_based < 1.0,0.0,1.0,1.0,1.0,90
2-wise,52,9,polly = 1 AND polly_parallel = 1 AND value_based = 1,0.0 <= memory_based < 1.0  AND  polly_parallel >= 1.0  AND  0.0 <= none < 1.0,1.0,1.0,1.0,1.0,90
3-wise,258,46,polly = 1 AND polly_parallel = 1 AND value_based = 1,0.0 <= none < 1.0  AND  polly_parallel >= 1.0  AND  0.0 <= memory_based < 1.0,0.0,1.0,1.0,1.0,90
4-wise,961,162,polly = 1 AND polly_parallel = 1 AND value_based = 1,0.0 <= memory_based < 1.0  AND  0.0 <= none < 1.0  AND  polly_parallel >= 1.0  AND  0.0 <= pollyoptmaxcoefficient_10 < 1.0,0.0,0.8750000000000001,1.0,0.7777777777777778,90
full,60000,10000,min = 1 AND polly = 1 AND polly_parallel = 1,0.0 <= max < 1.0  AND  parallel >= 0.5  AND  0.0 <= none < 1.0  AND  pollydefaulttilesize < 256.0,0.0,0.4615384615384615,1.0,0.3,91
random_2,46,0,min = 1 AND polly = 1 AND polly_parallel = 1,,,0.0,0.0,0.0,91
random_5,115,26,min = 1 AND polly = 1 AND polly_parallel = 1,0.0 <= none < 1.0  AND  polly_parallel >= 1.0  AND  0.0 <= max < 1.0,0.0,1.0,1.0,1.0,91
random_10,230,36,min = 1 AND polly = 1 AND polly_parallel = 1,0.0 <= max < 1.0  AND  0.0 <= none < 1.0  AND  polly_parallel >= 0.5,0.0,1.0,1.0,1.0,91
random_20,460,70,min = 1 AND polly = 1 AND polly_parallel = 1,0.0 <= min < 1.0  AND  pollyoptmaxconstantterm_10000 >= 1.0  AND  0.0 <= pollyoptmaxcoefficient_1000 < 1.0,0.0,0.0,0.0,0.0,91
2-wise,55,6,min = 1 AND polly = 1 AND polly_parallel = 1,0.0 <= memory_based < 1.0  AND  0.0 <= min < 1.0,0.0,0.0,0.0,0.0,91
3-wise,255,42,min = 1 AND polly = 1 AND polly_parallel = 1,0.0 <= max < 1.0  AND  0.0 <= none < 1.0  AND  polly_parallel >= 1.0  AND  0.0 <= pollyoptmaxconstantterm_1 < 1.0,0.0,0.95,1.0,0.9047619047619048,91
4-wise,938,175,min = 1 AND polly = 1 AND polly_parallel = 1,0.0 <= max < 1.0  AND  polly_parallel >= 1.0  AND  0.0 <= none < 1.0,0.0,1.0,1.0,1.0,91
full,60000,10000,min = 1 AND parallel = 1 AND polly_parallel = 1,parallel >= 1.0  AND  0.0 <= pollyoptmaxconstantterm_100 < 1.0  AND  0.0 <= max < 1.0  AND  0.0 <= polly_no_tiling < 1.0,2.0,0.5714285714285715,1.0,0.4,92
random_2,46,11,min = 1 AND parallel = 1 AND polly_parallel = 1,0.0 <= max < 1.0  AND  parallel >= 1.0,0.0,1.0,1.0,1.0,92
random_5,115,22,min = 1 AND parallel = 1 AND polly_parallel = 1,0.0 <= max < 1.0  AND  parallel >= 1.0,0.0,1.0,1.0,1.0,92
random_10,230,43,min = 1 AND parallel = 1 AND polly_parallel = 1,0.0 <= max < 1.0  AND  parallel >= 1.0,0.0,1.0,1.0,1.0,92
random_20,460,67,min = 1 AND parallel = 1 AND polly_parallel = 1,0.0 <= max < 1.0  AND  parallel >= 1.0,0.0,1.0,1.0,1.0,92
2-wise,55,10,min = 1 AND parallel = 1 AND polly_parallel = 1,0.0 <= max < 0.5  AND  0.0 <= parallel_force < 1.0,1.0,0.7407407407407407,0.5882352941176471,1.0,92
3-wise,244,38,min = 1 AND parallel = 1 AND polly_parallel = 1,0.0 <= max < 1.0  AND  parallel >= 1.0,0.0,1.0,1.0,1.0,92
4-wise,970,160,min = 1 AND parallel = 1 AND polly_parallel = 1,0.0 <= max < 1.0  AND  parallel >= 1.0,1.0,1.0,1.0,1.0,92
full,60000,10000,parallel = 1 AND polly_opt_simplify_deps = 1 AND polly_parallel = 1,parallel >= 0.5  AND  polly_opt_simplify_deps >= 1.0  AND  0.0 <= min < 1.0  AND  0.0 <= pollyoptmaxconstantterm_1000 < 1.0,3.0,0.5714285714285715,1.0,0.4,93
random_2,46,15,parallel = 1 AND polly_opt_simplify_deps = 1 AND polly_parallel = 1,parallel >= 1.0  AND  polly_opt_simplify_deps >= 0.5,0.0,1.0,1.0,1.0,93
random_5,115,22,parallel = 1 AND polly_opt_simplify_deps = 1 AND polly_parallel = 1,parallel >= 0.5  AND  polly_opt_simplify_deps >= 1.0,0.0,1.0,1.0,1.0,93
random_10,230,33,parallel = 1 AND polly_opt_simplify_deps = 1 AND polly_parallel = 1,parallel >= 1.0  AND  polly_opt_simplify_deps >= 1.0,0.0,1.0,1.0,1.0,93
random_20,460,86,parallel = 1 AND polly_opt_simplify_deps = 1 AND polly_parallel = 1,parallel >= 1.0  AND  polly_opt_simplify_deps >= 1.0,0.0,1.0,1.0,1.0,93
2-wise,59,10,parallel = 1 AND polly_opt_simplify_deps = 1 AND polly_parallel = 1,parallel >= 0.5  AND  polly_opt_simplify_deps >= 0.5,0.0,1.0,1.0,1.0,93
3-wise,245,46,parallel = 1 AND polly_opt_simplify_deps = 1 AND polly_parallel = 1,parallel >= 1.0  AND  polly_opt_simplify_deps >= 1.0,0.0,1.0,1.0,1.0,93
4-wise,971,154,parallel = 1 AND polly_opt_simplify_deps = 1 AND polly_parallel = 1,parallel >= 1.0  AND  polly_opt_simplify_deps >= 1.0,0.0,1.0,1.0,1.0,93
full,60000,10000,min = 1 AND polly_parallel = 1 AND value_based = 1,0.0 <= max < 1.0  AND  0.0 <= memory_based < 1.0  AND  parallel >= 1.0  AND  0.0 <= pollyoptmaxconstantterm_1 < 1.0,2.0,0.5714285714285715,1.0,0.4,94
random_2,46,0,min = 1 AND polly_parallel = 1 AND value_based = 1,,,0.0,0.0,0.0,94
random_5,115,16,min = 1 AND polly_parallel = 1 AND value_based = 1,0.0 <= memory_based < 1.0  AND  0.0 <= pollyoptmaxconstantterm_100 < 1.0  AND  0.0 <= pollyoptmaxconstantterm_1000 < 1.0,0.0,0.4897959183673468,0.3636363636363636,0.75,94
random_10,230,52,min = 1 AND polly_parallel = 1 AND value_based = 1,0.0 <= max < 1.0  AND  0.0 <= memory_based < 0.5  AND  polly_parallel >= 1.0,0.0,1.0,1.0,1.0,94
random_20,460,85,min = 1 AND polly_parallel = 1 AND value_based = 1,0.0 <= memory_based < 1.0  AND  parallel_force >= 1.0  AND  0.0 <= max < 1.0,0.0,0.7121212121212122,1.0,0.5529411764705883,94
2-wise,54,11,min = 1 AND polly_parallel = 1 AND value_based = 1,pollydefaulttilesize >= 640.0,0.0,0.1818181818181818,0.1818181818181818,0.1818181818181818,94
3-wise,256,38,min = 1 AND polly_parallel = 1 AND value_based = 1,0.0 <= memory_based < 1.0  AND  pollyoptmaxcoefficient_1 >= 1.0,1.0,0.3188405797101449,0.3548387096774194,0.2894736842105263,94
4-wise,962,155,min = 1 AND polly_parallel = 1 AND value_based = 1,0.0 <= max < 1.0  AND  polly_parallel >= 1.0  AND  0.0 <= memory_based < 1.0,0.0,1.0,1.0,1.0,94
full,60000,10000,none = 1 AND polly_parallel = 1 AND value_based = 1,0.0 <= polly < 1.0  AND  polly_parallel >= 1.0  AND  0.0 <= memory_based < 1.0  AND  polly_no_tiling >= 1.0,2.0,0.6666666666666666,1.0,0.5,95
random_2,46,14,none = 1 AND polly_parallel = 1 AND value_based = 1,0.0 <= memory_based < 1.0  AND  0.0 <= polly < 1.0  AND  polly_parallel >= 0.5,1.0,1.0,1.0,1.0,95
random_5,115,17,none = 1 AND polly_parallel = 1 AND value_based = 1,0.0 <= pollyoptmaxconstantterm_1000 < 1.0  AND  pollydefaulttilesize >= 1024.0,0.0,0.0,0.0,0.0,95
random_10,230,46,none = 1 AND polly_parallel = 1 AND value_based = 1,0.0 <= memory_based < 1.0  AND  0.0 <= polly < 1.0  AND  polly_parallel >= 1.0  AND  0.0 <= pollyoptmaxcoefficient_1000 < 1.0,0.0,0.878048780487805,1.0,0.782608695652174,95
random_20,460,80,none = 1 AND polly_parallel = 1 AND value_based = 1,0.0 <= memory_based < 1.0  AND  0.0 <= polly < 1.0  AND  0.0 <= pollyoptmaxcoefficient_10000 < 1.0  AND  polly_parallel >= 1.0,0.0,0.9189189189189187,1.0,0.85,95
2-wise,52,0,none = 1 AND polly_parallel = 1 AND value_based = 1,,,0.0,0.0,0.0,95
3-wise,253,47,none = 1 AND polly_parallel = 1 AND value_based = 1,none >= 1.0  AND  polly_parallel >= 1.0  AND  0.0 <= memory_based < 1.0,0.0,1.0,1.0,1.0,95
4-wise,962,172,none = 1 AND polly_parallel = 1 AND value_based = 1,0.0 <= memory_based < 1.0  AND  0.0 <= polly < 1.0  AND  polly_parallel >= 1.0,0.0,1.0,1.0,1.0,95
full,60000,10000,parallel = 1 AND polly = 1 AND polly_parallel = 1,parallel >= 1.0  AND  0.0 <= none < 1.0  AND  0.0 <= pollyoptmaxconstantterm_1 < 1.0  AND  pollydefaulttilesize < 1024.0,3.0,0.7804878048780487,1.0,0.64,96
random_2,46,6,parallel = 1 AND polly = 1 AND polly_parallel = 1,0.0 <= none < 0.5  AND  0.0 <= pollyoptmaxcoefficient_10000 < 1.0,1.0,0.5217391304347826,0.3529411764705882,1.0,96
random_5,115,21,parallel = 1 AND polly = 1 AND polly_parallel = 1,0.0 <= none < 1.0  AND  parallel >= 1.0,0.0,1.0,1.0,1.0,96
random_10,230,30,parallel = 1 AND polly = 1 AND polly_parallel = 1,0.0 <= none < 1.0  AND  parallel >= 1.0,0.0,1.0,1.0,1.0,96
random_20,460,77,parallel = 1 AND polly = 1 AND polly_parallel = 1,0.0 <= none < 1.0  AND  parallel >= 1.0,0.0,1.0,1.0,1.0,96
2-wise,51,8,parallel = 1 AND polly = 1 AND polly_parallel = 1,0.0 <= none < 0.5  AND  parallel >= 1.0,1.0,1.0,1.0,1.0,96
3-wise,254,42,parallel = 1 AND polly = 1 AND polly_parallel = 1,0.0 <= none < 1.0  AND  parallel >= 1.0,0.0,1.0,1.0,1.0,96
4-wise,956,182,parallel = 1 AND polly = 1 AND polly_parallel = 1,0.0 <= none < 1.0  AND  parallel >= 1.0,0.0,1.0,1.0,1.0,96
full,60000,10000,memory_based = 1 AND parallel_force = 1 AND polly_parallel = 1,parallel_force >= 0.5  AND  0.0 <= value_based < 1.0  AND  pollydefaulttilesize >= 256.0  AND  0.0 <= pollyoptmaxconstantterm_10 < 1.0,0.0,0.4848484848484848,1.0,0.32,97
random_2,46,2,memory_based = 1 AND parallel_force = 1 AND polly_parallel = 1,0.0 <= pollyoptmaxcoefficient_10000 < 1.0  AND  pollyrtcmaxparameters < 8.0  AND  0.0 <= pollyoptmaxcoefficient_1000 < 1.0,0.0,0.0,0.0,0.0,97
random_5,115,15,memory_based = 1 AND parallel_force = 1 AND polly_parallel = 1,parallel_force >= 1.0  AND  0.0 <= value_based < 1.0,0.0,1.0,1.0,1.0,97
random_10,230,31,memory_based = 1 AND parallel_force = 1 AND polly_parallel = 1,parallel_force >= 1.0  AND  0.0 <= value_based < 1.0,0.0,1.0,1.0,1.0,97
random_20,460,64,memory_based = 1 AND parallel_force = 1 AND polly_parallel = 1,parallel_force >= 1.0  AND  0.0 <= value_based < 1.0,0.0,1.0,1.0,1.0,97
2-wise,57,7,memory_based = 1 AND parallel_force = 1 AND polly_parallel = 1,0.0 <= parallel_force < 1.0  AND  pollyrtcmaxparameters < 3.0,0.0,0.0,0.0,0.0,97
3-wise,260,50,memory_based = 1 AND parallel_force = 1 AND polly_parallel = 1,parallel_force >= 1.0  AND  0.0 <= value_based < 1.0,0.0,1.0,1.0,1.0,97
4-wise,961,161,memory_based = 1 AND parallel_force = 1 AND polly_parallel = 1,parallel_force >= 1.0  AND  0.0 <= value_based < 1.0,1.0,1.0,1.0,1.0,97
full,60000,10000,max = 1 AND polly = 1 AND polly_parallel = 1,0.0 <= min < 1.0  AND  parallel >= 1.0  AND  0.0 <= none < 1.0  AND  0.0 <= pollyoptmaxcoefficient_10000 < 1.0,1.0,0.5714285714285715,1.0,0.4,98
random_2,46,6,max = 1 AND polly = 1 AND polly_parallel = 1,0.0 <= polly < 1.0  AND  0.0 <= pollyoptmaxcoefficient_10 < 0.5,0.0,0.0,0.0,0.0,98
random_5,115,19,max = 1 AND polly = 1 AND polly_parallel = 1,0.0 <= polly < 1.0  AND  16.0 <= pollydefaulttilesize < 256.0,0.0,0.0,0.0,0.0,98
random_10,230,48,max = 1 AND polly = 1 AND polly_parallel = 1,0.0 <= min < 1.0  AND  polly_parallel >= 1.0  AND  0.0 <= none < 1.0,0.0,1.0,1.0,1.0,98
random_20,460,68,max = 1 AND polly = 1 AND polly_parallel = 1,0.0 <= min < 1.0  AND  0.0 <= none < 1.0  AND  polly_parallel >= 1.0,0.0,1.0,1.0,1.0,98
2-wise,58,8,max = 1 AND polly = 1 AND polly_parallel = 1,0.0 <= value_based < 1.0  AND  0.0 <= pollyoptmaxcoefficient_1 < 1.0,0.0,0.1428571428571428,0.1,0.25,98
3-wise,255,44,max = 1 AND polly = 1 AND polly_parallel = 1,0.0 <= min < 1.0  AND  0.0 <= none < 1.0  AND  polly_parallel >= 1.0,3.0,1.0,1.0,1.0,98
4-wise,948,163,max = 1 AND polly = 1 AND polly_parallel = 1,0.0 <= min < 1.0  AND  0.0 <= none < 1.0  AND  polly_parallel >= 1.0,0.0,1.0,1.0,1.0,98
full,60000,7500,min = 1 AND polly_no_tiling = 1 AND value_based = 1,0.0 <= max < 1.0  AND  0.0 <= memory_based < 1.0  AND  polly_no_tiling >= 1.0  AND  0.0 <= pollyoptmaxcoefficient_1 < 1.0,0.0,0.888888888888889,1.0,0.8,99
random_2,46,4,min = 1 AND polly_no_tiling = 1 AND value_based = 1,0.0 <= value_based < 1.0,0.0,0.0,0.0,0.0,99
random_5,115,17,min = 1 AND polly_no_tiling = 1 AND value_based = 1,0.0 <= memory_based < 1.0  AND  polly_no_tiling >= 1.0  AND  0.0 <= max < 1.0,1.0,1.0,1.0,1.0,99
random_10,230,26,min = 1 AND polly_no_tiling = 1 AND value_based = 1,0.0 <= max < 1.0  AND  polly_no_tiling >= 1.0  AND  0.0 <= memory_based < 1.0  AND  0.0 <= pollyoptmaxconstantterm_1 < 1.0,0.0,0.9166666666666666,1.0,0.8461538461538461,99
random_20,460,49,min = 1 AND polly_no_tiling = 1 AND value_based = 1,0.0 <= max < 1.0  AND  0.0 <= memory_based < 1.0  AND  polly_no_tiling >= 1.0,0.0,1.0,1.0,1.0,99
2-wise,53,0,min = 1 AND polly_no_tiling = 1 AND value_based = 1,,,0.0,0.0,0.0,99
3-wise,249,39,min = 1 AND polly_no_tiling = 1 AND value_based = 1,0.0 <= max < 1.0  AND  0.0 <= memory_based < 1.0  AND  polly_no_tiling >= 1.0,0.0,1.0,1.0,1.0,99
4-wise,965,128,min = 1 AND polly_no_tiling = 1 AND value_based = 1,0.0 <= memory_based < 1.0  AND  polly_no_tiling >= 1.0  AND  0.0 <= max < 1.0,0.0,1.0,1.0,1.0,99
full,60000,7500,min = 1 AND polly = 1 AND polly_no_tiling = 1,0.0 <= none < 1.0  AND  polly_no_tiling >= 1.0  AND  0.0 <= max < 1.0  AND  0.0 <= pollyoptmaxcoefficient_1 < 1.0,2.0,0.888888888888889,1.0,0.8,9
random_2,46,5,min = 1 AND polly = 1 AND polly_no_tiling = 1,0.0 <= polly < 1.0,0.0,0.0,0.0,0.0,9
random_5,115,16,min = 1 AND polly = 1 AND polly_no_tiling = 1,0.0 <= none < 1.0  AND  polly_no_tiling >= 1.0  AND  0.0 <= max < 1.0,1.0,1.0,1.0,1.0,9
random_10,230,21,min = 1 AND polly = 1 AND polly_no_tiling = 1,0.0 <= polly_no_tiling < 1.0  AND  4.0 <= pollyrtcmaxparameters < 8.0,0.0,0.0,0.0,0.0,9
random_20,460,46,min = 1 AND polly = 1 AND polly_no_tiling = 1,0.0 <= max < 1.0  AND  0.0 <= none < 1.0  AND  polly_no_tiling >= 1.0,0.0,1.0,1.0,1.0,9
2-wise,56,7,min = 1 AND polly = 1 AND polly_no_tiling = 1,pollyrtcmaxparameters >= 4.0  AND  0.0 <= polly < 0.5,0.0,0.0,0.0,0.0,9
3-wise,253,0,min = 1 AND polly = 1 AND polly_no_tiling = 1,,,0.0,0.0,0.0,9
4-wise,959,112,min = 1 AND polly = 1 AND polly_no_tiling = 1,0.0 <= max < 1.0  AND  0.0 <= none < 1.0  AND  polly_no_tiling >= 1.0,0.0,1.0,1.0,1.0,9
