param_name,param_value,n_groups,f1_0,precision_0,recall_0,f1_1,precision_1,recall_1,f1_2,precision_2,recall_2,seed,runtime
alpha,0.1,1,0.7219430485762143,1.0,0.564875491480996,0.0,0.0,0.0,0.0,0.0,0.0,0,147.04994368553162
alpha,0.1,2,0.7908082408874803,1.0,0.653997378768021,1.0,1.0,1.0,0.0,0.0,0.0,0,138.78513598442078
alpha,0.1,3,0.0,0.0,0.0,0.0,0.0,0.0,0.7917808219178082,1.0,0.655328798185941,0,138.44093871116638
alpha,0.3,1,1.0,1.0,1.0,0.0,0.0,0.0,0.0,0.0,0.0,0,139.21391701698303
alpha,0.3,2,0.6972704714640199,0.6619552414605419,0.7365661861074705,0.4446165762974438,0.3380447585394582,0.6493212669683258,0.0,0.0,0.0,0,138.62855696678162
alpha,0.1,1,1.0,1.0,1.0,0.0,0.0,0.0,0.0,0.0,0.0,1,147.46460247039795
alpha,0.1,2,1.0,1.0,1.0,1.0,1.0,1.0,0.0,0.0,0.0,1,136.83023285865784
alpha,0.1,3,0.2945252945252945,0.1726940268183665,1.0,1.0,1.0,1.0,0.7660098522167488,1.0,0.6207584830339321,1,141.52540159225464
alpha,0.3,1,1.0,1.0,1.0,0.0,0.0,0.0,0.0,0.0,0.0,1,139.22218656539917
alpha,0.3,2,0.2180046165683508,0.1223373632700057,1.0,1.0,1.0,1.0,0.0,0.0,0.0,1,137.5522267818451
alpha,0.3,3,0.2355875831485588,0.1335218347470939,1.0,1.0,1.0,1.0,1.0,1.0,1.0,1,137.3889274597168
alpha,0.5,1,1.0,1.0,1.0,0.0,0.0,0.0,0.0,0.0,0.0,1,137.5817289352417
alpha,0.5,2,0.2180046165683508,0.1223373632700057,1.0,1.0,1.0,1.0,0.0,0.0,0.0,1,137.44221234321594
alpha,0.5,3,0.2945252945252945,0.1726940268183665,1.0,1.0,1.0,1.0,0.7119205298013246,0.6082036775106082,0.8582834331337326,1,136.9789707660675
alpha,0.75,1,1.0,1.0,1.0,0.0,0.0,0.0,0.0,0.0,0.0,1,138.07906341552734
alpha,0.75,2,1.0,1.0,1.0,1.0,1.0,1.0,0.0,0.0,0.0,1,136.97021484375
alpha,0.75,3,0.2945252945252945,0.1726940268183665,1.0,1.0,1.0,1.0,1.0,1.0,1.0,1,137.0755536556244
alpha,1.0,1,1.0,1.0,1.0,0.0,0.0,0.0,0.0,0.0,0.0,1,137.9256432056427
alpha,1.0,2,0.2180046165683508,0.1223373632700057,1.0,1.0,1.0,1.0,0.0,0.0,0.0,1,136.71843910217285
alpha,1.0,3,0.2945252945252945,0.1726940268183665,1.0,1.0,1.0,1.0,0.4628632938643702,0.3168754605747974,0.8582834331337326,1,137.0793354511261
lambd,0.0,1,0.0,0.0,0.0,0.0,0.0,0.0,0.0,0.0,0.0,1,138.14653086662292
lambd,0.0,2,0.2180046165683508,0.1223373632700057,1.0,0.0,0.0,0.0,0.0,0.0,0.0,1,136.88787031173706
lambd,0.0,3,0.0926354793886058,0.0576701268742791,0.2352941176470588,0.0,0.0,0.0,0.0,0.0,0.0,1,136.96295976638794
lambd,0.25,1,1.0,1.0,1.0,0.0,0.0,0.0,0.0,0.0,0.0,1,137.36493515968323
lambd,0.25,2,0.2180046165683508,0.1223373632700057,1.0,1.0,1.0,1.0,0.0,0.0,0.0,1,136.82112407684326
lambd,0.25,3,0.6843800322061192,0.5201958384332925,1.0,1.0,1.0,1.0,0.0,0.0,0.0,1,136.92658805847168
lambd,0.5,1,1.0,1.0,1.0,0.0,0.0,0.0,0.0,0.0,0.0,1,137.45323538780212
lambd,0.5,2,0.6843800322061192,0.5201958384332925,1.0,1.0,1.0,1.0,0.0,0.0,0.0,1,136.90993285179138
lambd,0.5,3,0.2945252945252945,0.1726940268183665,1.0,1.0,1.0,1.0,1.0,1.0,1.0,1,136.70480060577393
lambd,1.0,1,1.0,1.0,1.0,0.0,0.0,0.0,0.0,0.0,0.0,1,137.99831819534302
lambd,1.0,2,1.0,1.0,1.0,1.0,1.0,1.0,0.0,0.0,0.0,1,136.8087441921234
lambd,1.0,3,0.2945252945252945,0.1726940268183665,1.0,1.0,1.0,1.0,1.0,1.0,1.0,1,137.01171827316284
lambd,2.5,1,1.0,1.0,1.0,0.0,0.0,0.0,0.0,0.0,0.0,1,137.4724452495575
lambd,2.5,2,0.6843800322061192,0.5201958384332925,1.0,1.0,1.0,1.0,0.0,0.0,0.0,1,136.91834568977356
lambd,2.5,3,0.2945252945252945,0.1726940268183665,1.0,1.0,1.0,1.0,1.0,1.0,1.0,1,136.8183901309967
lambd,5.0,1,1.0,1.0,1.0,0.0,0.0,0.0,0.0,0.0,0.0,1,138.0958378314972
lambd,5.0,2,0.2180046165683508,0.1223373632700057,1.0,1.0,1.0,1.0,0.0,0.0,0.0,1,136.8006637096405
lambd,5.0,3,0.0926354793886058,0.0576701268742791,0.2352941176470588,1.0,1.0,1.0,0.7378497790868924,0.5845974329054843,1.0,1,137.16703462600708
lambd,10.0,1,1.0,1.0,1.0,0.0,0.0,0.0,0.0,0.0,0.0,1,138.36918473243713
lambd,10.0,2,1.0,1.0,1.0,1.0,1.0,1.0,0.0,0.0,0.0,1,137.11808705329895
lambd,10.0,3,0.6843800322061192,0.5201958384332925,1.0,1.0,1.0,1.0,1.0,1.0,1.0,1,137.14388394355774
alpha,0.1,1,0.7545551982851018,1.0,0.6058519793459552,0.0,0.0,0.0,0.0,0.0,0.0,10,151.87439632415771
alpha,0.1,2,0.0419137999209173,0.0272073921971252,0.0912220309810671,0.7219430485762143,1.0,0.564875491480996,0.0,0.0,0.0,10,144.3901927471161
alpha,0.1,3,0.591016548463357,0.5450581395348837,0.6454388984509466,0.5738317757009346,1.0,0.4023591087811271,0.3305369127516778,0.2212240314430095,0.6533996683250415,10,141.46691370010376
alpha,0.3,1,0.412568306010929,1.0,0.2598967297762478,0.0,0.0,0.0,0.0,0.0,0.0,10,142.2175693511963
alpha,0.3,2,0.0419137999209173,0.0272073921971252,0.0912220309810671,1.0,1.0,1.0,0.0,0.0,0.0,10,142.3356111049652
alpha,0.3,3,0.5548567435359888,0.4670588235294117,0.6833046471600689,0.7009646302250804,0.5396039603960396,1.0,0.7903711133400201,1.0,0.6533996683250415,10,140.7420642375946
alpha,0.5,1,0.3950276243093923,1.0,0.2461273666092943,0.0,0.0,0.0,0.0,0.0,0.0,10,142.1047706604004
alpha,0.5,2,0.0419137999209173,0.0272073921971252,0.0912220309810671,1.0,1.0,1.0,0.0,0.0,0.0,10,141.5395050048828
alpha,0.5,3,0.629695885509839,0.4817518248175182,0.9087779690189328,0.6110812264658418,0.5182481751824818,0.744429882044561,0.794,1.0,0.6583747927031509,10,140.93048572540283
alpha,0.75,1,0.7731256085686465,0.8901345291479821,0.6833046471600689,0.0,0.0,0.0,0.0,0.0,0.0,10,142.32892298698425
alpha,0.75,2,0.0419137999209173,0.0272073921971252,0.0912220309810671,1.0,1.0,1.0,0.0,0.0,0.0,10,142.22630071640015
alpha,0.75,3,0.5293233082706768,0.3734087694483734,0.9087779690189328,1.0,1.0,1.0,0.3112504900039201,0.2037987679671458,0.6583747927031509,10,141.13296747207642
alpha,1.0,1,1.0,1.0,1.0,0.0,0.0,0.0,0.0,0.0,0.0,10,143.39867973327637
alpha,1.0,2,0.0419137999209173,0.0272073921971252,0.0912220309810671,1.0,1.0,1.0,0.0,0.0,0.0,10,141.90625643730164
alpha,1.0,3,0.5293233082706768,0.3734087694483734,0.9087779690189328,0.7009646302250804,0.5396039603960396,1.0,0.5167095115681234,0.3483535528596187,1.0,10,141.39855241775513
lambd,0.0,1,0.8118609406952966,1.0,0.6833046471600689,0.0,0.0,0.0,0.0,0.0,0.0,10,142.79834032058716
lambd,0.0,2,0.0419137999209173,0.0272073921971252,0.0912220309810671,0.0,0.0,0.0,0.0,0.0,0.0,10,142.79275512695312
lambd,0.0,3,0.5548567435359888,0.4670588235294117,0.6833046471600689,0.421574705517669,0.4,0.4456094364351245,0.0,0.0,0.0,10,141.39922642707825
lambd,0.25,1,0.0,0.0,0.0,0.0,0.0,0.0,0.0,0.0,0.0,10,143.23933720588684
lambd,0.25,2,0.0419137999209173,0.0272073921971252,0.0912220309810671,1.0,1.0,1.0,0.0,0.0,0.0,10,143.93987226486206
lambd,0.25,3,0.63049376017363,0.4603803486529318,1.0,0.7009646302250804,0.5396039603960396,1.0,0.3112504900039201,0.2037987679671458,0.6583747927031509,10,142.12446403503418
lambd,0.5,1,0.0117647058823529,0.0404040404040404,0.0068846815834767,0.0,0.0,0.0,0.0,0.0,0.0,10,144.12948060035706
lambd,0.5,2,0.0419137999209173,0.0272073921971252,0.0912220309810671,1.0,1.0,1.0,0.0,0.0,0.0,10,142.09687280654907
lambd,0.5,3,0.629695885509839,0.4817518248175182,0.9087779690189328,1.0,1.0,1.0,0.6863972680705749,0.5225303292894281,1.0,10,142.05785512924194
lambd,1.0,1,0.9048067860508954,1.0,0.8261617900172117,0.0,0.0,0.0,0.0,0.0,0.0,10,143.94980835914612
lambd,1.0,2,0.0419137999209173,0.0272073921971252,0.0912220309810671,1.0,1.0,1.0,0.0,0.0,0.0,10,142.55174922943115
lambd,1.0,3,0.5293233082706768,0.3734087694483734,0.9087779690189328,1.0,1.0,1.0,0.794,1.0,0.6583747927031509,10,142.2091863155365
lambd,2.5,1,0.818014705882353,0.8777120315581854,0.76592082616179,0.0,0.0,0.0,0.0,0.0,0.0,10,143.77444124221802
lambd,2.5,2,0.0419137999209173,0.0272073921971252,0.0912220309810671,1.0,1.0,1.0,0.0,0.0,0.0,10,142.66484308242798
lambd,2.5,3,0.5548567435359888,0.4670588235294117,0.6833046471600689,1.0,1.0,1.0,0.7903711133400201,1.0,0.6533996683250415,10,141.7543659210205
lambd,5.0,1,0.8674463937621832,1.0,0.76592082616179,0.0,0.0,0.0,0.0,0.0,0.0,10,142.6098427772522
lambd,5.0,2,0.0419137999209173,0.0272073921971252,0.0912220309810671,1.0,1.0,1.0,0.0,0.0,0.0,10,142.58204317092896
lambd,5.0,3,0.5548567435359888,0.4670588235294117,0.6833046471600689,1.0,1.0,1.0,0.7903711133400201,1.0,0.6533996683250415,10,141.2181112766266
lambd,10.0,1,0.8118609406952966,1.0,0.6833046471600689,0.0,0.0,0.0,0.0,0.0,0.0,10,142.26266813278198
lambd,10.0,2,0.0419137999209173,0.0272073921971252,0.0912220309810671,1.0,1.0,1.0,0.0,0.0,0.0,10,141.9497890472412
lambd,10.0,3,0.629695885509839,0.4817518248175182,0.9087779690189328,1.0,1.0,1.0,0.9899497487437184,1.0,0.9800995024875622,10,141.56252002716064
alpha,0.1,1,1.0,1.0,1.0,0.0,0.0,0.0,0.0,0.0,0.0,11,149.95229196548462
alpha,0.1,2,0.0413577838470542,0.0252380952380952,0.1144708423326133,1.0,1.0,1.0,0.0,0.0,0.0,11,140.10163688659668
alpha,0.1,3,0.0482476103777878,0.0305651672433679,0.1144708423326133,0.8119760479041915,1.0,0.6834677419354839,1.0,1.0,1.0,11,139.36299562454224
alpha,0.3,1,1.0,1.0,1.0,0.0,0.0,0.0,0.0,0.0,0.0,11,142.04255723953247
alpha,0.3,2,0.2530054644808743,0.1448232718173287,1.0,1.0,1.0,1.0,0.0,0.0,0.0,11,140.34903717041016
alpha,0.3,3,0.0482476103777878,0.0305651672433679,0.1144708423326133,1.0,1.0,1.0,0.1944549943030763,0.1219047619047619,0.4803001876172608,11,139.60893297195437
alpha,0.5,1,1.0,1.0,1.0,0.0,0.0,0.0,0.0,0.0,0.0,11,141.2144865989685
alpha,0.5,2,0.0413577838470542,0.0252380952380952,0.1144708423326133,1.0,1.0,1.0,0.0,0.0,0.0,11,140.44955825805664
alpha,0.5,3,0.0482476103777878,0.0305651672433679,0.1144708423326133,0.744110479285134,0.6231292517006802,0.9233870967741936,1.0,1.0,1.0,11,139.67779231071472
alpha,0.75,1,1.0,1.0,1.0,0.0,0.0,0.0,0.0,0.0,0.0,11,141.02545595169067
alpha,0.75,2,0.0413577838470542,0.0252380952380952,0.1144708423326133,1.0,1.0,1.0,0.0,0.0,0.0,11,141.00782775878906
alpha,0.75,3,0.0482476103777878,0.0305651672433679,0.1144708423326133,0.744110479285134,0.6231292517006802,0.9233870967741936,0.4369085173501577,0.3768707482993197,0.5196998123827392,11,139.62002182006836
alpha,1.0,1,1.0,1.0,1.0,0.0,0.0,0.0,0.0,0.0,0.0,11,140.5604419708252
alpha,1.0,2,0.2530054644808743,0.1448232718173287,1.0,1.0,1.0,1.0,0.0,0.0,0.0,11,140.95009446144104
alpha,1.0,3,0.2352044704089408,0.1332757628094415,1.0,0.2498740554156171,0.1427748992515831,1.0,1.0,1.0,1.0,11,139.8592665195465
lambd,0.0,1,1.0,1.0,1.0,0.0,0.0,0.0,0.0,0.0,0.0,11,140.92514491081238
lambd,0.0,2,0.0413577838470542,0.0252380952380952,0.1144708423326133,0.0,0.0,0.0,0.0,0.0,0.0,11,140.90363192558289
lambd,0.0,3,0.0482476103777878,0.0305651672433679,0.1144708423326133,0.0,0.0,0.0,0.0,0.0,0.0,11,139.39189291000366
lambd,0.25,1,1.0,1.0,1.0,0.0,0.0,0.0,0.0,0.0,0.0,11,140.6577968597412
lambd,0.25,2,0.0413577838470542,0.0252380952380952,0.1144708423326133,1.0,1.0,1.0,0.0,0.0,0.0,11,139.61227345466614
lambd,0.25,3,0.0482476103777878,0.0305651672433679,0.1144708423326133,1.0,1.0,1.0,0.0,0.0,0.0,11,139.45332264900208
lambd,0.5,1,1.0,1.0,1.0,0.0,0.0,0.0,0.0,0.0,0.0,11,140.47761797904968
lambd,0.5,2,0.0413577838470542,0.0252380952380952,0.1144708423326133,1.0,1.0,1.0,0.0,0.0,0.0,11,140.06619024276733
lambd,0.5,3,0.0482476103777878,0.0305651672433679,0.1144708423326133,1.0,1.0,1.0,0.1944549943030763,0.1219047619047619,0.4803001876172608,11,139.27828407287598
lambd,1.0,1,1.0,1.0,1.0,0.0,0.0,0.0,0.0,0.0,0.0,11,140.82614493370056
lambd,1.0,2,0.0413577838470542,0.0252380952380952,0.1144708423326133,1.0,1.0,1.0,0.0,0.0,0.0,11,140.76652264595032
lambd,1.0,3,0.0482476103777878,0.0305651672433679,0.1144708423326133,1.0,1.0,1.0,0.4369085173501577,0.3768707482993197,0.5196998123827392,11,139.31130838394165
lambd,2.5,1,1.0,1.0,1.0,0.0,0.0,0.0,0.0,0.0,0.0,11,140.80879974365234
lambd,2.5,2,0.0413577838470542,0.0252380952380952,0.1144708423326133,1.0,1.0,1.0,0.0,0.0,0.0,11,140.69104099273682
lambd,2.5,3,0.0482476103777878,0.0305651672433679,0.1144708423326133,1.0,1.0,1.0,1.0,1.0,1.0,11,139.60874128341675
lambd,5.0,1,1.0,1.0,1.0,0.0,0.0,0.0,0.0,0.0,0.0,11,141.5059723854065
lambd,5.0,2,0.2530054644808743,0.1448232718173287,1.0,1.0,1.0,1.0,0.0,0.0,0.0,11,140.76741456985474
lambd,5.0,3,0.6273712737127372,0.4570582428430405,1.0,1.0,1.0,1.0,1.0,1.0,1.0,11,139.36900877952576
lambd,10.0,1,1.0,1.0,1.0,0.0,0.0,0.0,0.0,0.0,0.0,11,140.46869206428528
lambd,10.0,2,0.0413577838470542,0.0252380952380952,0.1144708423326133,1.0,1.0,1.0,0.0,0.0,0.0,11,141.5631718635559
lambd,10.0,3,0.0482476103777878,0.0305651672433679,0.1144708423326133,1.0,1.0,1.0,1.0,1.0,1.0,11,137.946533203125
alpha,0.1,1,0.7103004291845493,1.0,0.5507487520798668,0.0,0.0,0.0,0.0,0.0,0.0,12,151.2312557697296
alpha,0.1,2,0.6071842410196987,1.0,0.4359400998336106,1.0,1.0,1.0,0.0,0.0,0.0,12,142.44154834747314
alpha,0.1,3,0.6262857142857142,1.0,0.4559068219633943,1.0,1.0,1.0,0.6569832402234637,0.8546511627906976,0.5335753176043557,12,142.65578055381775
alpha,0.3,1,0.7870837537840566,1.0,0.64891846921797,0.0,0.0,0.0,0.0,0.0,0.0,12,142.97603130340576
alpha,0.3,2,0.5639187574671445,1.0,0.3926788685524126,1.0,1.0,1.0,0.0,0.0,0.0,12,142.226548910141
alpha,0.3,3,0.5639187574671445,1.0,0.3926788685524126,1.0,1.0,1.0,0.2916053019145802,0.2453531598513011,0.3593466424682395,12,141.92605447769165
alpha,0.5,1,0.9620034542314334,1.0,0.9267886855241264,0.0,0.0,0.0,0.0,0.0,0.0,12,145.9480848312378
alpha,0.5,2,0.2620645573665708,0.1621835443037974,0.6821963394342762,1.0,1.0,1.0,0.0,0.0,0.0,12,141.71008157730105
alpha,0.5,3,0.306771417882529,0.1978764478764478,0.6821963394342762,1.0,1.0,1.0,0.2138228941684665,0.1521906225980015,0.3593466424682395,12,141.61070132255554
alpha,0.75,1,1.0,1.0,1.0,0.0,0.0,0.0,0.0,0.0,0.0,12,142.23125195503235
alpha,0.75,2,0.6373276776246023,0.467704280155642,1.0,1.0,1.0,1.0,0.0,0.0,0.0,12,141.53546285629272
alpha,0.75,3,0.306771417882529,0.1978764478764478,0.6821963394342762,0.6210916799152094,0.4504227517294389,1.0,0.4829097283085013,0.3183131138070479,1.0,12,141.79823875427246
alpha,1.0,1,1.0,1.0,1.0,0.0,0.0,0.0,0.0,0.0,0.0,12,142.98281383514404
alpha,1.0,2,0.6373276776246023,0.467704280155642,1.0,1.0,1.0,1.0,0.0,0.0,0.0,12,141.4456467628479
alpha,1.0,3,0.306771417882529,0.1978764478764478,0.6821963394342762,1.0,1.0,1.0,0.2138228941684665,0.1521906225980015,0.3593466424682395,12,141.05103826522827
lambd,0.0,1,0.0,0.0,0.0,0.0,0.0,0.0,0.0,0.0,0.0,12,142.55392575263977
lambd,0.0,2,0.2620645573665708,0.1621835443037974,0.6821963394342762,0.0,0.0,0.0,0.0,0.0,0.0,12,141.8622167110443
lambd,0.0,3,0.306771417882529,0.1978764478764478,0.6821963394342762,0.0,0.0,0.0,0.0,0.0,0.0,12,141.03937649726868
lambd,0.25,1,0.9190647482014388,1.0,0.8502495840266223,0.0,0.0,0.0,0.0,0.0,0.0,12,142.47048354148865
lambd,0.25,2,0.9620034542314334,1.0,0.9267886855241264,1.0,1.0,1.0,0.0,0.0,0.0,12,141.27464294433594
lambd,0.25,3,0.306771417882529,0.1978764478764478,0.6821963394342762,1.0,1.0,1.0,1.0,1.0,1.0,12,141.2678997516632
lambd,0.5,1,0.8157635467980296,1.0,0.6888519134775375,0.0,0.0,0.0,0.0,0.0,0.0,12,142.7200026512146
lambd,0.5,2,1.0,1.0,1.0,1.0,1.0,1.0,0.0,0.0,0.0,12,141.5447654724121
lambd,0.5,3,0.8157635467980296,1.0,0.6888519134775375,0.6210916799152094,0.4504227517294389,1.0,1.0,1.0,1.0,12,141.35562682151794
lambd,1.0,1,0.840887174541948,1.0,0.7254575707154742,0.0,0.0,0.0,0.0,0.0,0.0,12,141.0836489200592
lambd,1.0,2,0.8157635467980296,1.0,0.6888519134775375,1.0,1.0,1.0,0.0,0.0,0.0,12,141.33610916137695
lambd,1.0,3,0.306771417882529,0.1978764478764478,0.6821963394342762,1.0,1.0,1.0,0.2916053019145802,0.2453531598513011,0.3593466424682395,12,141.54291200637817
lambd,2.5,1,0.9190647482014388,1.0,0.8502495840266223,0.0,0.0,0.0,0.0,0.0,0.0,12,142.7865982055664
lambd,2.5,2,0.8157635467980296,1.0,0.6888519134775375,1.0,1.0,1.0,0.0,0.0,0.0,12,141.67945551872253
lambd,2.5,3,0.306771417882529,0.1978764478764478,0.6821963394342762,1.0,1.0,1.0,0.2916053019145802,0.2453531598513011,0.3593466424682395,12,141.88957166671753
lambd,5.0,1,0.8157635467980296,1.0,0.6888519134775375,0.0,0.0,0.0,0.0,0.0,0.0,12,142.60521697998047
lambd,5.0,2,0.7834008097165992,1.0,0.6439267886855241,1.0,1.0,1.0,0.0,0.0,0.0,12,141.14339447021484
lambd,5.0,3,0.3580719204284621,0.3314447592067989,0.389351081530782,0.5310650887573964,0.4686684073107049,0.6126279863481229,1.0,1.0,1.0,12,141.2362024784088
lambd,10.0,1,0.9190647482014388,1.0,0.8502495840266223,0.0,0.0,0.0,0.0,0.0,0.0,12,142.5132417678833
lambd,10.0,2,0.8157635467980296,1.0,0.6888519134775375,1.0,1.0,1.0,0.0,0.0,0.0,12,141.27944827079773
lambd,10.0,3,0.306771417882529,0.1978764478764478,0.6821963394342762,1.0,1.0,1.0,0.2916053019145802,0.2453531598513011,0.3593466424682395,12,141.21250796318054
alpha,0.1,1,1.0,1.0,1.0,0.0,0.0,0.0,0.0,0.0,0.0,13,149.9941065311432
alpha,0.1,2,1.0,1.0,1.0,1.0,1.0,1.0,0.0,0.0,0.0,13,142.05891346931458
alpha,0.1,3,0.314921681780709,0.2332112332112332,0.4847715736040609,0.5908806995627732,0.4952879581151832,0.7321981424148607,0.561624649859944,0.4198952879581152,0.8477801268498943,13,141.56488704681396
alpha,0.3,1,1.0,1.0,1.0,0.0,0.0,0.0,0.0,0.0,0.0,13,141.74597573280334
alpha,0.3,2,1.0,1.0,1.0,1.0,1.0,1.0,0.0,0.0,0.0,13,140.06264114379883
alpha,0.3,3,0.4359612724757952,0.2787407145383799,1.0,0.5908806995627732,0.4952879581151832,0.7321981424148607,0.561624649859944,0.4198952879581152,0.8477801268498943,13,139.44546270370483
alpha,0.5,1,1.0,1.0,1.0,0.0,0.0,0.0,0.0,0.0,0.0,13,141.49386358261108
alpha,0.5,2,1.0,1.0,1.0,1.0,1.0,1.0,0.0,0.0,0.0,13,142.49005675315857
alpha,0.5,3,0.4359612724757952,0.2787407145383799,1.0,0.572597137014315,0.5115712545676004,0.6501547987616099,0.6197836166924267,0.4884287454323995,0.8477801268498943,13,140.98342990875244
alpha,0.75,1,1.0,1.0,1.0,0.0,0.0,0.0,0.0,0.0,0.0,13,141.0448920726776
alpha,0.75,2,1.0,1.0,1.0,1.0,1.0,1.0,0.0,0.0,0.0,13,141.58532214164734
alpha,0.75,3,0.4359612724757952,0.2787407145383799,1.0,0.6411910669975186,0.4718772826880935,1.0,0.6840202458423718,0.5197802197802198,1.0,13,138.8438069820404
alpha,1.0,1,1.0,1.0,1.0,0.0,0.0,0.0,0.0,0.0,0.0,13,140.19250082969666
alpha,1.0,2,0.363301060396496,0.2219718309859155,1.0,1.0,1.0,1.0,0.0,0.0,0.0,13,140.51977252960205
alpha,1.0,3,0.4359612724757952,0.2787407145383799,1.0,0.6411910669975186,0.4718772826880935,1.0,0.5135722041259501,0.3455076698319941,1.0,13,138.59994745254517
lambd,0.0,1,0.0,0.0,0.0,0.0,0.0,0.0,0.0,0.0,0.0,13,140.24746084213257
lambd,0.0,2,0.363301060396496,0.2219718309859155,1.0,0.0,0.0,0.0,0.0,0.0,0.0,13,136.98429679870603
lambd,0.0,3,0.4359612724757952,0.2787407145383799,1.0,0.0,0.0,0.0,0.0,0.0,0.0,13,139.01037573814392
lambd,0.25,1,0.0,0.0,0.0,0.0,0.0,0.0,0.0,0.0,0.0,13,139.90872192382812
lambd,0.25,2,0.363301060396496,0.2219718309859155,1.0,1.0,1.0,1.0,0.0,0.0,0.0,13,140.55341458320618
lambd,0.25,3,0.4359612724757952,0.2787407145383799,1.0,0.572597137014315,0.5115712545676004,0.6501547987616099,0.6197836166924267,0.4884287454323995,0.8477801268498943,13,138.99547624588013
lambd,0.5,1,1.0,1.0,1.0,0.0,0.0,0.0,0.0,0.0,0.0,13,140.31625843048096
lambd,0.5,2,1.0,1.0,1.0,1.0,1.0,1.0,0.0,0.0,0.0,13,138.54615449905396
lambd,0.5,3,0.4359612724757952,0.2787407145383799,1.0,0.5908806995627732,0.4952879581151832,0.7321981424148607,0.561624649859944,0.4198952879581152,0.8477801268498943,13,140.03940629959106
lambd,1.0,1,1.0,1.0,1.0,0.0,0.0,0.0,0.0,0.0,0.0,13,140.985125541687
lambd,1.0,2,1.0,1.0,1.0,1.0,1.0,1.0,0.0,0.0,0.0,13,140.17366313934326
lambd,1.0,3,0.4359612724757952,0.2787407145383799,1.0,0.5908806995627732,0.4952879581151832,0.7321981424148607,0.6197836166924267,0.4884287454323995,0.8477801268498943,13,139.50994277000427
lambd,2.5,1,1.0,1.0,1.0,0.0,0.0,0.0,0.0,0.0,0.0,13,139.73063778877258
lambd,2.5,2,1.0,1.0,1.0,1.0,1.0,1.0,0.0,0.0,0.0,13,138.37830924987793
lambd,2.5,3,0.4359612724757952,0.2787407145383799,1.0,0.572597137014315,0.5115712545676004,0.6501547987616099,0.9176201372997712,1.0,0.8477801268498943,13,139.4748809337616
lambd,5.0,1,1.0,1.0,1.0,0.0,0.0,0.0,0.0,0.0,0.0,13,140.59434270858765
lambd,5.0,2,1.0,1.0,1.0,1.0,1.0,1.0,0.0,0.0,0.0,13,139.88069772720337
lambd,5.0,3,0.4359612724757952,0.2787407145383799,1.0,0.572597137014315,0.5115712545676004,0.6501547987616099,0.6197836166924267,0.4884287454323995,0.8477801268498943,13,139.4051058292389
lambd,10.0,1,1.0,1.0,1.0,0.0,0.0,0.0,0.0,0.0,0.0,13,140.65884590148926
lambd,10.0,2,1.0,1.0,1.0,1.0,1.0,1.0,0.0,0.0,0.0,13,139.94242572784424
lambd,10.0,3,0.4359612724757952,0.2787407145383799,1.0,0.5616966580976863,0.4802197802197802,0.6764705882352942,0.9176201372997712,1.0,0.8477801268498943,13,139.35300064086914
alpha,0.1,1,0.7839506172839507,1.0,0.6446700507614214,0.0,0.0,0.0,0.0,0.0,0.0,14,148.6532657146454
alpha,0.1,2,1.0,1.0,1.0,1.0,1.0,1.0,0.0,0.0,0.0,14,142.29771614074707
alpha,0.1,3,0.7514792899408284,0.900709219858156,0.6446700507614214,1.0,1.0,1.0,1.0,1.0,1.0,14,140.9212658405304
alpha,0.3,1,1.0,1.0,1.0,0.0,0.0,0.0,0.0,0.0,0.0,14,138.06897830963135
alpha,0.3,2,0.435599778883361,0.2784452296819788,1.0,1.0,1.0,1.0,0.0,0.0,0.0,14,137.95208501815796
alpha,0.3,3,0.6493887530562347,0.52824184566428,0.8426395939086294,0.5986875315497223,0.47175815433572,0.819060773480663,1.0,1.0,1.0,14,136.91935992240906
alpha,0.5,1,1.0,1.0,1.0,0.0,0.0,0.0,0.0,0.0,0.0,14,133.82854175567627
alpha,0.5,2,0.435599778883361,0.2784452296819788,1.0,1.0,1.0,1.0,0.0,0.0,0.0,14,139.67107272148132
alpha,0.5,3,0.6416938110749186,0.4724220623501199,1.0,1.0,1.0,1.0,1.0,1.0,1.0,14,137.85925221443176
alpha,0.75,1,1.0,1.0,1.0,0.0,0.0,0.0,0.0,0.0,0.0,14,137.4105625152588
alpha,0.75,2,0.435599778883361,0.2784452296819788,1.0,1.0,1.0,1.0,0.0,0.0,0.0,14,137.5224142074585
alpha,0.75,3,0.6912280701754385,0.5281501340482574,1.0,0.5351985559566788,0.3974530831099195,0.819060773480663,1.0,1.0,1.0,14,138.03886675834656
alpha,1.0,1,1.0,1.0,1.0,0.0,0.0,0.0,0.0,0.0,0.0,14,138.41024112701416
alpha,1.0,2,0.435599778883361,0.2784452296819788,1.0,1.0,1.0,1.0,0.0,0.0,0.0,14,138.43664073944092
alpha,1.0,3,0.6416938110749186,0.4724220623501199,1.0,1.0,1.0,1.0,1.0,1.0,1.0,14,137.9993975162506
lambd,0.0,1,0.0,0.0,0.0,0.0,0.0,0.0,0.0,0.0,0.0,14,137.5607352256775
lambd,0.0,2,0.435599778883361,0.2784452296819788,1.0,0.0,0.0,0.0,0.0,0.0,0.0,14,138.43204832077026
lambd,0.0,3,0.6416938110749186,0.4724220623501199,1.0,0.0,0.0,0.0,0.0,0.0,0.0,14,138.46062350273132
lambd,0.25,1,1.0,1.0,1.0,0.0,0.0,0.0,0.0,0.0,0.0,14,138.21589469909668
lambd,0.25,2,0.435599778883361,0.2784452296819788,1.0,1.0,1.0,1.0,0.0,0.0,0.0,14,137.64384174346924
lambd,0.25,3,0.6493887530562347,0.52824184566428,0.8426395939086294,0.5986875315497223,0.47175815433572,0.819060773480663,1.0,1.0,1.0,14,138.15919399261475
lambd,0.5,1,1.0,1.0,1.0,0.0,0.0,0.0,0.0,0.0,0.0,14,137.39530682563782
lambd,0.5,2,0.435599778883361,0.2784452296819788,1.0,1.0,1.0,1.0,0.0,0.0,0.0,14,137.5873851776123
lambd,0.5,3,0.6416938110749186,0.4724220623501199,1.0,0.6011271133375079,0.5498281786941581,0.6629834254143646,0.473208910295003,0.4501718213058419,0.4987309644670051,14,136.28811645507812
lambd,1.0,1,1.0,1.0,1.0,0.0,0.0,0.0,0.0,0.0,0.0,14,138.3775725364685
lambd,1.0,2,0.0906432748538011,0.0636550308008213,0.1573604060913705,1.0,1.0,1.0,0.0,0.0,0.0,14,138.61506509780884
lambd,1.0,3,0.6416938110749186,0.4724220623501199,1.0,1.0,1.0,1.0,1.0,1.0,1.0,14,137.23452997207642
lambd,2.5,1,1.0,1.0,1.0,0.0,0.0,0.0,0.0,0.0,0.0,14,137.8286805152893
lambd,2.5,2,1.0,1.0,1.0,1.0,1.0,1.0,0.0,0.0,0.0,14,138.2555606365204
lambd,2.5,3,0.6416938110749186,0.4724220623501199,1.0,1.0,1.0,1.0,1.0,1.0,1.0,14,137.2485389709473
lambd,5.0,1,1.0,1.0,1.0,0.0,0.0,0.0,0.0,0.0,0.0,14,138.43715262413025
lambd,5.0,2,0.0906432748538011,0.0636550308008213,0.1573604060913705,1.0,1.0,1.0,0.0,0.0,0.0,14,137.40467858314514
lambd,5.0,3,0.6416938110749186,0.4724220623501199,1.0,1.0,1.0,1.0,1.0,1.0,1.0,14,137.38999104499817
lambd,10.0,1,1.0,1.0,1.0,0.0,0.0,0.0,0.0,0.0,0.0,14,137.36370849609375
lambd,10.0,2,0.435599778883361,0.2784452296819788,1.0,1.0,1.0,1.0,0.0,0.0,0.0,14,137.5951602458954
lambd,10.0,3,0.6493887530562347,0.52824184566428,0.8426395939086294,0.5986875315497223,0.47175815433572,0.819060773480663,1.0,1.0,1.0,14,137.15611481666565
alpha,0.1,1,1.0,1.0,1.0,0.0,0.0,0.0,0.0,0.0,0.0,15,147.6495862007141
alpha,0.1,2,1.0,1.0,1.0,0.3847656249999999,0.2393681652490887,0.9800995024875622,0.0,0.0,0.0,15,142.3193097114563
alpha,0.1,3,0.0,0.0,0.0,0.3847656249999999,0.2393681652490887,0.9800995024875622,1.0,1.0,1.0,15,141.26675248146057
alpha,0.3,1,1.0,1.0,1.0,0.0,0.0,0.0,0.0,0.0,0.0,15,141.35721468925476
alpha,0.3,2,1.0,1.0,1.0,0.3390705679862306,0.2049947970863683,0.9800995024875622,0.0,0.0,0.0,15,141.10007739067078
alpha,0.3,3,0.0,0.0,0.0,0.3567763356474495,0.2180811808118081,0.9800995024875622,0.8453976764968723,1.0,0.7321981424148607,15,140.94206023216248
alpha,0.5,1,1.0,1.0,1.0,0.0,0.0,0.0,0.0,0.0,0.0,15,142.93577408790588
alpha,0.5,2,1.0,1.0,1.0,0.3390705679862306,0.2049947970863683,0.9800995024875622,0.0,0.0,0.0,15,139.04471492767334
alpha,0.5,3,0.2390873015873016,0.1357746478873239,1.0,0.8981762917933132,0.8288920056100981,0.9800995024875622,1.0,1.0,1.0,15,139.659681558609
alpha,0.75,1,1.0,1.0,1.0,0.0,0.0,0.0,0.0,0.0,0.0,15,139.3281011581421
alpha,0.75,2,1.0,1.0,1.0,0.3390705679862306,0.2049947970863683,0.9800995024875622,0.0,0.0,0.0,15,139.70558333396912
alpha,0.75,3,0.6708420320111343,0.5047120418848168,1.0,0.3390705679862306,0.2049947970863683,0.9800995024875622,0.5908806995627732,0.4952879581151832,0.7321981424148607,15,139.21033120155334
alpha,1.0,1,1.0,1.0,1.0,0.0,0.0,0.0,0.0,0.0,0.0,15,139.11351251602173
alpha,1.0,2,1.0,1.0,1.0,0.3390705679862306,0.2049947970863683,0.9800995024875622,0.0,0.0,0.0,15,139.3219621181488
alpha,1.0,3,0.2060709705002137,0.1148713060057197,1.0,0.2513023546572202,0.1437082936129647,1.0,0.2668318876497315,0.15395614871306,1.0,15,139.1670024394989
lambd,0.0,1,0.0,0.0,0.0,0.0,0.0,0.0,0.0,0.0,0.0,15,139.67147493362427
lambd,0.0,2,1.0,1.0,1.0,0.0,0.0,0.0,0.0,0.0,0.0,15,139.87675786018372
lambd,0.0,3,0.2060709705002137,0.1148713060057197,1.0,0.3567763356474495,0.2180811808118081,0.9800995024875622,0.2668318876497315,0.15395614871306,1.0,15,139.16990900039673
lambd,0.25,1,1.0,1.0,1.0,0.0,0.0,0.0,0.0,0.0,0.0,15,139.5513505935669
lambd,0.25,2,1.0,1.0,1.0,0.3390705679862306,0.2049947970863683,0.9800995024875622,0.0,0.0,0.0,15,140.41824007034302
lambd,0.25,3,0.6708420320111343,0.5047120418848168,1.0,0.3567763356474495,0.2180811808118081,0.9800995024875622,0.5908806995627732,0.4952879581151832,0.7321981424148607,15,139.82313513755798
lambd,0.5,1,1.0,1.0,1.0,0.0,0.0,0.0,0.0,0.0,0.0,15,139.3967158794403
lambd,0.5,2,1.0,1.0,1.0,0.3390705679862306,0.2049947970863683,0.9800995024875622,0.0,0.0,0.0,15,140.72446250915527
lambd,0.5,3,0.6708420320111343,0.5047120418848168,1.0,0.3567763356474495,0.2180811808118081,0.9800995024875622,0.5908806995627732,0.4952879581151832,0.7321981424148607,15,141.6137557029724
lambd,1.0,1,1.0,1.0,1.0,0.0,0.0,0.0,0.0,0.0,0.0,15,140.1860272884369
lambd,1.0,2,1.0,1.0,1.0,0.3390705679862306,0.2049947970863683,0.9800995024875622,0.0,0.0,0.0,15,139.30816268920898
lambd,1.0,3,0.2390873015873016,0.1357746478873239,1.0,0.3567763356474495,0.2180811808118081,0.9800995024875622,1.0,1.0,1.0,15,139.60917282104492
lambd,2.5,1,1.0,1.0,1.0,0.0,0.0,0.0,0.0,0.0,0.0,15,138.960214138031
lambd,2.5,2,1.0,1.0,1.0,0.3390705679862306,0.2049947970863683,0.9800995024875622,0.0,0.0,0.0,15,139.96311855316162
lambd,2.5,3,0.2377837629857637,0.1459612659423712,0.6410788381742739,0.8981762917933132,0.8288920056100981,0.9800995024875622,1.0,1.0,1.0,15,139.34859895706177
lambd,5.0,1,1.0,1.0,1.0,0.0,0.0,0.0,0.0,0.0,0.0,15,139.20198965072632
lambd,5.0,2,1.0,1.0,1.0,0.3390705679862306,0.2049947970863683,0.9800995024875622,0.0,0.0,0.0,15,139.20130062103271
lambd,5.0,3,0.6708420320111343,0.5047120418848168,1.0,0.3567763356474495,0.2180811808118081,0.9800995024875622,0.5908806995627732,0.4952879581151832,0.7321981424148607,15,139.69920706748962
lambd,10.0,1,1.0,1.0,1.0,0.0,0.0,0.0,0.0,0.0,0.0,15,140.99704027175903
lambd,10.0,2,1.0,1.0,1.0,0.3390705679862306,0.2049947970863683,0.9800995024875622,0.0,0.0,0.0,15,139.65263509750366
lambd,10.0,3,0.6708420320111343,0.5047120418848168,1.0,0.3567763356474495,0.2180811808118081,0.9800995024875622,0.5908806995627732,0.4952879581151832,0.7321981424148607,15,139.56179690361023
alpha,0.1,1,0.1281708945260347,1.0,0.0684736091298145,0.0,0.0,0.0,0.0,0.0,0.0,16,147.1942856311798
alpha,0.1,2,0.6361867704280156,1.0,0.4664764621968616,0.548582995951417,1.0,0.3779637377963737,0.0,0.0,0.0,16,141.72392535209656
alpha,0.1,3,0.7242948134667879,1.0,0.5677603423680456,0.1732484076433121,1.0,0.0948396094839609,0.0,0.0,0.0,16,139.71307921409607
alpha,0.3,1,1.0,1.0,1.0,0.0,0.0,0.0,0.0,0.0,0.0,16,137.2046458721161
alpha,0.3,2,1.0,1.0,1.0,0.2331210191082802,0.2145369284876905,0.2552301255230125,0.0,0.0,0.0,16,138.52515292167664
alpha,0.3,3,0.3381478334749363,0.2407743496672716,0.5677603423680456,0.2617543859649122,0.1748710736052508,0.5202231520223152,1.0,1.0,1.0,16,137.40485000610352
alpha,0.5,1,1.0,1.0,1.0,0.0,0.0,0.0,0.0,0.0,0.0,16,137.86207723617554
alpha,0.5,2,1.0,1.0,1.0,0.9298507462686568,1.0,0.8688981868898187,0.0,0.0,0.0,16,138.0545470714569
alpha,0.5,3,0.5764802631578947,0.4049682264586944,1.0,0.2617543859649122,0.1748710736052508,0.5202231520223152,1.0,1.0,1.0,16,138.8750946521759
alpha,0.75,1,0.1394009216589861,0.1169082125603864,0.1726105563480741,0.0,0.0,0.0,0.0,0.0,0.0,16,139.0729010105133
alpha,0.75,2,0.3654848800834202,0.2236044657097288,1.0,1.0,1.0,1.0,0.0,0.0,0.0,16,138.45077919960022
alpha,0.75,3,0.3654848800834202,0.2236044657097288,1.0,0.2617543859649122,0.1748710736052508,0.5202231520223152,1.0,1.0,1.0,16,138.48181748390198
alpha,1.0,1,0.1473214285714285,0.1072124756335282,0.2353780313837375,0.0,0.0,0.0,0.0,0.0,0.0,16,138.26524305343628
alpha,1.0,2,0.3654848800834202,0.2236044657097288,1.0,0.8065241844769403,0.6757775683317625,1.0,0.0,0.0,0.0,16,138.63817858695984
alpha,1.0,3,0.3654848800834202,0.2236044657097288,1.0,0.3476503284487115,0.2725832012678288,0.4797768479776848,0.700977869274318,0.5396196513470681,1.0,16,138.12722992897034
lambd,0.0,1,0.0456081081081081,0.0559006211180124,0.0385164051355206,0.0,0.0,0.0,0.0,0.0,0.0,16,137.64753246307373
lambd,0.0,2,0.3654848800834202,0.2236044657097288,1.0,0.0,0.0,0.0,0.0,0.0,0.0,16,139.19664478302002
lambd,0.0,3,0.3381478334749363,0.2407743496672716,0.5677603423680456,0.0,0.0,0.0,0.0,0.0,0.0,16,137.62620735168457
lambd,0.25,1,0.0794392523364486,0.0874785591766723,0.0727532097004279,0.0,0.0,0.0,0.0,0.0,0.0,16,137.22685289382937
lambd,0.25,2,0.3654848800834202,0.2236044657097288,1.0,0.8463395012067578,1.0,0.7336122733612274,0.0,0.0,0.0,16,139.07026624679563
lambd,0.25,3,0.3381478334749363,0.2407743496672716,0.5677603423680456,0.2617543859649122,0.1748710736052508,0.5202231520223152,1.0,1.0,1.0,16,137.2398271560669
lambd,0.5,1,0.4610318331503842,1.0,0.2995720399429387,0.0,0.0,0.0,0.0,0.0,0.0,16,137.5526988506317
lambd,0.5,2,0.6832358674463938,0.5188749074759438,1.0,1.0,1.0,1.0,0.0,0.0,0.0,16,137.1332004070282
lambd,0.5,3,0.5764802631578947,0.4049682264586944,1.0,0.2617543859649122,0.1748710736052508,0.5202231520223152,1.0,1.0,1.0,16,137.35924220085144
lambd,1.0,1,1.0,1.0,1.0,0.0,0.0,0.0,0.0,0.0,0.0,16,137.1118438243866
lambd,1.0,2,0.6832358674463938,0.5188749074759438,1.0,1.0,1.0,1.0,0.0,0.0,0.0,16,137.90627908706665
lambd,1.0,3,0.5764802631578947,0.4049682264586944,1.0,0.2617543859649122,0.1748710736052508,0.5202231520223152,1.0,1.0,1.0,16,137.56044220924375
lambd,2.5,1,1.0,1.0,1.0,0.0,0.0,0.0,0.0,0.0,0.0,16,138.09505319595337
lambd,2.5,2,1.0,1.0,1.0,0.9298507462686568,1.0,0.8688981868898187,0.0,0.0,0.0,16,138.78126192092896
lambd,2.5,3,0.4430894308943089,0.4219354838709677,0.4664764621968616,0.4809322033898305,1.0,0.3165969316596931,1.0,1.0,1.0,16,138.56178164482117
lambd,5.0,1,1.0,1.0,1.0,0.0,0.0,0.0,0.0,0.0,0.0,16,137.1397144794464
lambd,5.0,2,1.0,1.0,1.0,1.0,1.0,1.0,0.0,0.0,0.0,16,138.52362895011902
lambd,5.0,3,0.4430894308943089,0.4219354838709677,0.4664764621968616,0.2617543859649122,0.1748710736052508,0.5202231520223152,1.0,1.0,1.0,16,139.22980785369873
lambd,10.0,1,1.0,1.0,1.0,0.0,0.0,0.0,0.0,0.0,0.0,16,138.68382835388184
lambd,10.0,2,1.0,1.0,1.0,0.9298507462686568,1.0,0.8688981868898187,0.0,0.0,0.0,16,138.50312900543213
lambd,10.0,3,0.5764802631578947,0.4049682264586944,1.0,0.6844036697247705,1.0,0.5202231520223152,1.0,1.0,1.0,16,138.0341715812683
alpha,0.1,1,0.5005767012687428,1.0,0.3338461538461538,0.0,0.0,0.0,0.0,0.0,0.0,17,147.88075137138367
alpha,0.1,2,0.0,0.0,0.0,0.4914675767918089,1.0,0.3257918552036199,0.0,0.0,0.0,17,141.58384609222412
alpha,0.1,3,0.2191413237924865,0.1544766708701135,0.3769230769230769,0.0,0.0,0.0,0.7219430485762143,1.0,0.564875491480996,17,140.58767676353455
alpha,0.3,1,0.2682624845233182,0.1549094375595805,1.0,0.0,0.0,0.0,0.0,0.0,0.0,17,139.9958782196045
alpha,0.3,2,1.0,1.0,1.0,0.0,0.0,0.0,0.0,0.0,0.0,17,143.63922452926636
alpha,0.3,3,0.2368964094098225,0.161872532430908,0.4415384615384615,0.0,0.0,0.0,1.0,1.0,1.0,17,137.8866925239563
alpha,0.5,1,0.9422294548413344,1.0,0.8907692307692308,0.0,0.0,0.0,0.0,0.0,0.0,17,141.70838952064514
alpha,0.5,2,0.4449007529089664,0.4007398273736128,0.5,0.7055067837190743,0.5450061652281134,1.0,0.0,0.0,0.0,17,140.4208595752716
alpha,0.5,3,0.2191413237924865,0.1544766708701135,0.3769230769230769,0.4446165762974438,0.3380447585394582,0.6493212669683258,1.0,1.0,1.0,17,139.28642082214355
alpha,0.75,1,1.0,1.0,1.0,0.0,0.0,0.0,0.0,0.0,0.0,17,138.9394233226776
alpha,0.75,2,0.4449007529089664,0.4007398273736128,0.5,0.7055067837190743,0.5450061652281134,1.0,0.0,0.0,0.0,17,138.2783739566803
alpha,0.75,3,0.303030303030303,0.217391304347826,0.5,0.4563758389261745,0.2956521739130435,1.0,1.0,1.0,1.0,17,137.95107007026672
alpha,1.0,1,0.2682624845233182,0.1549094375595805,1.0,0.0,0.0,0.0,0.0,0.0,0.0,17,137.92188930511475
alpha,1.0,2,0.5459890802183955,0.3755054881571346,1.0,0.4068108605614358,0.2553437319468515,1.0,0.0,0.0,0.0,17,138.79279780387878
alpha,1.0,3,0.2363636363636363,0.1547619047619047,0.5,0.1297071129707113,0.0795687885010267,0.3506787330316742,1.0,1.0,1.0,17,137.52345848083496
lambd,0.0,1,0.0,0.0,0.0,0.0,0.0,0.0,0.0,0.0,0.0,17,138.1336464881897
lambd,0.0,2,0.0,0.0,0.0,0.0,0.0,0.0,0.0,0.0,0.0,17,137.78770899772644
lambd,0.0,3,0.2191413237924865,0.1544766708701135,0.3769230769230769,0.0,0.0,0.0,0.0,0.0,0.0,17,137.81624388694763
lambd,0.25,1,0.5277463193657984,1.0,0.3584615384615384,0.0,0.0,0.0,0.0,0.0,0.0,17,137.55545592308044
lambd,0.25,2,0.4449007529089664,0.4007398273736128,0.5,0.7055067837190743,0.5450061652281134,1.0,0.0,0.0,0.0,17,138.01097321510315
lambd,0.25,3,0.2191413237924865,0.1544766708701135,0.3769230769230769,0.4446165762974438,0.3380447585394582,0.6493212669683258,0.6972704714640199,0.6619552414605419,0.7365661861074705,17,138.68717694282532
lambd,0.5,1,1.0,1.0,1.0,0.0,0.0,0.0,0.0,0.0,0.0,17,138.1067237854004
lambd,0.5,2,0.4449007529089664,0.4007398273736128,0.5,0.7055067837190743,0.5450061652281134,1.0,0.0,0.0,0.0,17,138.19781374931335
lambd,0.5,3,0.2191413237924865,0.1544766708701135,0.3769230769230769,0.0,0.0,0.0,1.0,1.0,1.0,17,137.74729204177856
lambd,1.0,1,0.9422294548413344,1.0,0.8907692307692308,0.0,0.0,0.0,0.0,0.0,0.0,17,137.72268056869507
lambd,1.0,2,0.4449007529089664,0.4007398273736128,0.5,1.0,1.0,1.0,0.0,0.0,0.0,17,138.52729678153992
lambd,1.0,3,0.2191413237924865,0.1544766708701135,0.3769230769230769,0.5637755102040817,0.3925399644760213,1.0,1.0,1.0,1.0,17,137.4573621749878
lambd,2.5,1,0.5005767012687428,1.0,0.3338461538461538,0.0,0.0,0.0,0.0,0.0,0.0,17,138.10514211654663
lambd,2.5,2,0.4449007529089664,0.4007398273736128,0.5,1.0,1.0,1.0,0.0,0.0,0.0,17,137.8883922100067
lambd,2.5,3,0.2191413237924865,0.1544766708701135,0.3769230769230769,0.1297071129707113,0.0795687885010267,0.3506787330316742,1.0,1.0,1.0,17,137.63500928878784
lambd,5.0,1,0.4848484848484848,1.0,0.32,0.0,0.0,0.0,0.0,0.0,0.0,17,137.55944752693176
lambd,5.0,2,1.0,1.0,1.0,1.0,1.0,1.0,0.0,0.0,0.0,17,139.3804633617401
lambd,5.0,3,0.2191413237924865,0.1544766708701135,0.3769230769230769,0.0,0.0,0.0,1.0,1.0,1.0,17,137.9042854309082
lambd,10.0,1,0.4759671746776084,1.0,0.3123076923076923,0.0,0.0,0.0,0.0,0.0,0.0,17,137.12911915779114
lambd,10.0,2,0.4449007529089664,0.4007398273736128,0.5,1.0,1.0,1.0,0.0,0.0,0.0,17,137.6775939464569
lambd,10.0,3,0.2191413237924865,0.1544766708701135,0.3769230769230769,0.4446165762974438,0.3380447585394582,0.6493212669683258,1.0,1.0,1.0,17,137.43910384178162
alpha,0.1,1,0.7953216374269005,1.0,0.6601941747572816,0.0,0.0,0.0,0.0,0.0,0.0,18,147.76617884635925
alpha,0.1,2,0.7491166077738515,0.9520958083832336,0.6174757281553398,1.0,1.0,1.0,0.0,0.0,0.0,18,140.24004006385803
alpha,0.1,3,0.6097297297297296,0.6878048780487804,0.5475728155339806,1.0,1.0,1.0,0.0,0.0,0.0,18,138.30098509788513
alpha,0.3,1,1.0,1.0,1.0,0.0,0.0,0.0,0.0,0.0,0.0,18,139.34427165985107
alpha,0.3,2,1.0,1.0,1.0,1.0,1.0,1.0,0.0,0.0,0.0,18,138.88948845863342
alpha,0.3,3,0.6803170409511229,0.5155155155155156,1.0,1.0,1.0,1.0,0.3792949576082106,0.2340308370044052,1.0,18,139.17834639549255
alpha,0.5,1,1.0,1.0,1.0,0.0,0.0,0.0,0.0,0.0,0.0,18,139.45729756355286
alpha,0.5,2,1.0,1.0,1.0,1.0,1.0,1.0,0.0,0.0,0.0,18,138.56809067726135
alpha,0.5,3,0.6803170409511229,0.5155155155155156,1.0,1.0,1.0,1.0,0.2355875831485588,0.1335218347470939,1.0,18,138.0626368522644
alpha,0.75,1,1.0,1.0,1.0,0.0,0.0,0.0,0.0,0.0,0.0,18,138.61190795898438
alpha,0.75,2,1.0,1.0,1.0,1.0,1.0,1.0,0.0,0.0,0.0,18,137.90147137641907
alpha,0.75,3,0.3575147518222839,0.2176669484361792,1.0,1.0,1.0,1.0,0.2355875831485588,0.1335218347470939,1.0,18,138.99562668800354
alpha,1.0,1,1.0,1.0,1.0,0.0,0.0,0.0,0.0,0.0,0.0,18,139.01668620109558
alpha,1.0,2,1.0,1.0,1.0,1.0,1.0,1.0,0.0,0.0,0.0,18,138.63330149650574
alpha,1.0,3,0.3575147518222839,0.2176669484361792,1.0,1.0,1.0,1.0,0.2355875831485588,0.1335218347470939,1.0,18,139.01359605789185
lambd,0.0,1,0.4252683732452518,0.2700576822233875,1.0,0.0,0.0,0.0,0.0,0.0,0.0,18,138.84796023368835
lambd,0.0,2,1.0,1.0,1.0,0.0,0.0,0.0,0.0,0.0,0.0,18,137.7816185951233
lambd,0.0,3,0.055831739961759,0.0347619047619047,0.141747572815534,1.0,1.0,1.0,0.0,0.0,0.0,18,138.0348310470581
lambd,0.25,1,0.0,0.0,0.0,0.0,0.0,0.0,0.0,0.0,0.0,18,138.75895285606384
lambd,0.25,2,1.0,1.0,1.0,1.0,1.0,1.0,0.0,0.0,0.0,18,137.60290908813477
lambd,0.25,3,0.6803170409511229,0.5155155155155156,1.0,1.0,1.0,1.0,0.2355875831485588,0.1335218347470939,1.0,18,137.96312880516052
lambd,0.5,1,1.0,1.0,1.0,0.0,0.0,0.0,0.0,0.0,0.0,18,139.09589624404907
lambd,0.5,2,0.8886699507389163,0.902,0.8757281553398059,1.0,1.0,1.0,0.0,0.0,0.0,18,138.8905849456787
lambd,0.5,3,0.3575147518222839,0.2176669484361792,1.0,1.0,1.0,1.0,0.2355875831485588,0.1335218347470939,1.0,18,137.99781203269958
lambd,1.0,1,1.0,1.0,1.0,0.0,0.0,0.0,0.0,0.0,0.0,18,138.84935975074768
lambd,1.0,2,0.8886699507389163,0.902,0.8757281553398059,1.0,1.0,1.0,0.0,0.0,0.0,18,138.64444375038147
lambd,1.0,3,0.6803170409511229,0.5155155155155156,1.0,1.0,1.0,1.0,0.2355875831485588,0.1335218347470939,1.0,18,138.9034731388092
lambd,2.5,1,1.0,1.0,1.0,0.0,0.0,0.0,0.0,0.0,0.0,18,139.25152587890625
lambd,2.5,2,0.8886699507389163,0.902,0.8757281553398059,1.0,1.0,1.0,0.0,0.0,0.0,18,139.12365651130676
lambd,2.5,3,0.0694246314788397,0.0459697732997481,0.141747572815534,0.8416237850200113,0.7265547877591313,1.0,1.0,1.0,1.0,18,137.78542160987854
lambd,5.0,1,1.0,1.0,1.0,0.0,0.0,0.0,0.0,0.0,0.0,18,138.87635493278503
lambd,5.0,2,0.7491166077738515,0.9520958083832336,0.6174757281553398,1.0,1.0,1.0,0.0,0.0,0.0,18,138.9568953514099
lambd,5.0,3,0.6803170409511229,0.5155155155155156,1.0,0.8416237850200113,0.7265547877591313,1.0,1.0,1.0,1.0,18,138.06930422782898
lambd,10.0,1,1.0,1.0,1.0,0.0,0.0,0.0,0.0,0.0,0.0,18,138.95533537864685
lambd,10.0,2,1.0,1.0,1.0,1.0,1.0,1.0,0.0,0.0,0.0,18,139.01787042617798
lambd,10.0,3,0.6803170409511229,0.5155155155155156,1.0,1.0,1.0,1.0,0.6315007429420505,0.4614549402823018,1.0,18,137.78538727760315
alpha,0.1,1,0.8009592326139089,1.0,0.668,0.0,0.0,0.0,0.0,0.0,0.0,19,149.53916883468628
alpha,0.1,2,1.0,1.0,1.0,1.0,1.0,1.0,0.0,0.0,0.0,19,141.78127551078796
alpha,0.1,3,0.0488505747126436,0.0321158690176322,0.102,1.0,1.0,1.0,0.6843800322061192,0.5201958384332925,1.0,19,139.6006474494934
alpha,0.3,1,1.0,1.0,1.0,0.0,0.0,0.0,0.0,0.0,0.0,19,140.46376943588257
alpha,0.3,2,1.0,1.0,1.0,1.0,1.0,1.0,0.0,0.0,0.0,19,139.6791648864746
alpha,0.3,3,0.0392307692307692,0.0242857142857142,0.102,1.0,1.0,1.0,1.0,1.0,1.0,19,139.7286343574524
alpha,0.5,1,1.0,1.0,1.0,0.0,0.0,0.0,0.0,0.0,0.0,19,139.73876976966858
alpha,0.5,2,1.0,1.0,1.0,0.2380821162854781,0.1351266812636847,1.0,0.0,0.0,0.0,19,139.4684739112854
alpha,0.5,3,0.2577984016499097,0.1479727730097662,1.0,0.5979238754325259,0.4264560710760118,1.0,1.0,1.0,1.0,19,140.42187023162842
alpha,0.75,1,1.0,1.0,1.0,0.0,0.0,0.0,0.0,0.0,0.0,19,140.51060390472412
alpha,0.75,2,1.0,1.0,1.0,0.2380821162854781,0.1351266812636847,1.0,0.0,0.0,0.0,19,140.3777301311493
alpha,0.75,3,0.1994715984147952,0.1194620253164557,0.604,0.2022116903633491,0.1219047619047619,0.5925925925925926,1.0,1.0,1.0,19,139.7927041053772
alpha,1.0,1,1.0,1.0,1.0,0.0,0.0,0.0,0.0,0.0,0.0,19,140.26875972747803
alpha,1.0,2,1.0,1.0,1.0,0.2380821162854781,0.1351266812636847,1.0,0.0,0.0,0.0,19,139.67824816703796
alpha,1.0,3,0.2577984016499097,0.1479727730097662,1.0,0.2267121490422461,0.127848475880438,1.0,1.0,1.0,1.0,19,140.3465166091919
lambd,0.0,1,0.0,0.0,0.0,0.0,0.0,0.0,0.0,0.0,0.0,19,140.53331565856934
lambd,0.0,2,1.0,1.0,1.0,0.0,0.0,0.0,0.0,0.0,0.0,19,140.0906891822815
lambd,0.0,3,0.0392307692307692,0.0242857142857142,0.102,0.2022116903633491,0.1219047619047619,0.5925925925925926,0.0,0.0,0.0,19,139.36390447616577
lambd,0.25,1,0.0,0.0,0.0,0.0,0.0,0.0,0.0,0.0,0.0,19,139.5941514968872
lambd,0.25,2,1.0,1.0,1.0,0.208187134502924,0.1251758087201125,0.6180555555555556,0.0,0.0,0.0,19,139.2126805782318
lambd,0.25,3,0.6319493314567206,0.4875135722041259,0.898,1.0,1.0,1.0,0.6315007429420505,0.4614549402823018,1.0,19,140.36470818519592
lambd,0.5,1,1.0,1.0,1.0,0.0,0.0,0.0,0.0,0.0,0.0,19,140.05665469169617
lambd,0.5,2,1.0,1.0,1.0,1.0,1.0,1.0,0.0,0.0,0.0,19,140.39809274673462
lambd,0.5,3,0.0392307692307692,0.0242857142857142,0.102,0.2022116903633491,0.1219047619047619,0.5925925925925926,1.0,1.0,1.0,19,140.4329116344452
lambd,1.0,1,1.0,1.0,1.0,0.0,0.0,0.0,0.0,0.0,0.0,19,139.5329785346985
lambd,1.0,2,1.0,1.0,1.0,0.2380821162854781,0.1351266812636847,1.0,0.0,0.0,0.0,19,140.60213780403137
lambd,1.0,3,0.1994715984147952,0.1194620253164557,0.604,1.0,1.0,1.0,1.0,1.0,1.0,19,140.24192595481873
lambd,2.5,1,1.0,1.0,1.0,0.0,0.0,0.0,0.0,0.0,0.0,19,140.09071969985962
lambd,2.5,2,1.0,1.0,1.0,0.2380821162854781,0.1351266812636847,1.0,0.0,0.0,0.0,19,140.38757181167605
lambd,2.5,3,0.1994715984147952,0.1194620253164557,0.604,1.0,1.0,1.0,1.0,1.0,1.0,19,139.91792798042297
lambd,5.0,1,1.0,1.0,1.0,0.0,0.0,0.0,0.0,0.0,0.0,19,140.42281484603882
lambd,5.0,2,1.0,1.0,1.0,1.0,1.0,1.0,0.0,0.0,0.0,19,140.61213374137878
lambd,5.0,3,1.0,1.0,1.0,0.2267121490422461,0.127848475880438,1.0,1.0,1.0,1.0,19,139.475248336792
lambd,10.0,1,1.0,1.0,1.0,0.0,0.0,0.0,0.0,0.0,0.0,19,139.65963006019592
lambd,10.0,2,1.0,1.0,1.0,1.0,1.0,1.0,0.0,0.0,0.0,19,139.47218918800354
lambd,10.0,3,1.0,1.0,1.0,1.0,1.0,1.0,1.0,1.0,1.0,19,140.35826325416565
alpha,0.1,1,1.0,1.0,1.0,0.0,0.0,0.0,0.0,0.0,0.0,2,146.61608409881592
alpha,0.1,2,1.0,1.0,1.0,1.0,1.0,1.0,0.0,0.0,0.0,2,138.78125834465027
alpha,0.1,3,1.0,1.0,1.0,0.6096033402922755,0.4384384384384384,1.0,1.0,1.0,1.0,2,138.2826828956604
alpha,0.3,1,1.0,1.0,1.0,0.0,0.0,0.0,0.0,0.0,0.0,2,138.2805814743042
alpha,0.3,2,1.0,1.0,1.0,1.0,1.0,1.0,0.0,0.0,0.0,2,139.13164687156677
alpha,0.3,3,1.0,1.0,1.0,0.6096033402922755,0.4384384384384384,1.0,1.0,1.0,1.0,2,137.67314052581787
alpha,0.5,1,1.0,1.0,1.0,0.0,0.0,0.0,0.0,0.0,0.0,2,139.40757727622986
alpha,0.5,2,0.7201516108654453,0.562685093780849,1.0,1.0,1.0,1.0,0.0,0.0,0.0,2,140.27331590652466
alpha,0.5,3,0.276631885464693,0.1605181638974936,1.0,0.219603910754575,0.1233455364686004,1.0,1.0,1.0,1.0,2,139.16220998764038
alpha,0.75,1,1.0,1.0,1.0,0.0,0.0,0.0,0.0,0.0,0.0,2,139.13979959487915
alpha,0.75,2,1.0,1.0,1.0,1.0,1.0,1.0,0.0,0.0,0.0,2,140.96327590942383
alpha,0.75,3,0.276631885464693,0.1605181638974936,1.0,0.219603910754575,0.1233455364686004,1.0,1.0,1.0,1.0,2,138.19398474693298
alpha,1.0,1,1.0,1.0,1.0,0.0,0.0,0.0,0.0,0.0,0.0,2,137.90726852416992
alpha,1.0,2,1.0,1.0,1.0,1.0,1.0,1.0,0.0,0.0,0.0,2,138.63909459114075
alpha,1.0,3,0.276631885464693,0.1605181638974936,1.0,0.219603910754575,0.1233455364686004,1.0,1.0,1.0,1.0,2,137.4661889076233
lambd,0.0,1,0.0,0.0,0.0,0.0,0.0,0.0,0.0,0.0,0.0,2,137.80821633338928
lambd,0.0,2,0.0,0.0,0.0,0.0,0.0,0.0,0.0,0.0,0.0,2,137.33529996871948
lambd,0.0,3,0.276631885464693,0.1605181638974936,1.0,0.219603910754575,0.1233455364686004,1.0,0.0,0.0,0.0,2,138.32117319107056
lambd,0.25,1,1.0,1.0,1.0,0.0,0.0,0.0,0.0,0.0,0.0,2,138.361572265625
lambd,0.25,2,0.3026280860100876,0.1782921488895839,1.0,1.0,1.0,1.0,0.0,0.0,0.0,2,138.51479387283325
lambd,0.25,3,0.7201516108654453,0.562685093780849,1.0,0.219603910754575,0.1233455364686004,1.0,1.0,1.0,1.0,2,139.8052999973297
lambd,0.5,1,1.0,1.0,1.0,0.0,0.0,0.0,0.0,0.0,0.0,2,139.88233733177185
lambd,0.5,2,0.222724338282763,0.1364715189873417,0.6052631578947368,1.0,1.0,1.0,0.0,0.0,0.0,2,138.40973782539368
lambd,0.5,3,0.276631885464693,0.1605181638974936,1.0,0.219603910754575,0.1233455364686004,1.0,1.0,1.0,1.0,2,139.0022330284119
lambd,1.0,1,1.0,1.0,1.0,0.0,0.0,0.0,0.0,0.0,0.0,2,138.38057255744934
lambd,1.0,2,0.3026280860100876,0.1782921488895839,1.0,1.0,1.0,1.0,0.0,0.0,0.0,2,137.60894417762756
lambd,1.0,3,0.276631885464693,0.1605181638974936,1.0,0.219603910754575,0.1233455364686004,1.0,1.0,1.0,1.0,2,137.73697018623352
lambd,2.5,1,1.0,1.0,1.0,0.0,0.0,0.0,0.0,0.0,0.0,2,138.0992181301117
lambd,2.5,2,1.0,1.0,1.0,1.0,1.0,1.0,0.0,0.0,0.0,2,140.2100124359131
lambd,2.5,3,1.0,1.0,1.0,1.0,1.0,1.0,1.0,1.0,1.0,2,140.15146160125732
lambd,5.0,1,1.0,1.0,1.0,0.0,0.0,0.0,0.0,0.0,0.0,2,138.30156636238098
lambd,5.0,2,1.0,1.0,1.0,1.0,1.0,1.0,0.0,0.0,0.0,2,138.52993750572205
lambd,5.0,3,1.0,1.0,1.0,0.2943548387096774,0.1725768321513002,1.0,1.0,1.0,1.0,2,138.89740705490112
lambd,10.0,1,1.0,1.0,1.0,0.0,0.0,0.0,0.0,0.0,0.0,2,139.93326544761658
lambd,10.0,2,1.0,1.0,1.0,1.0,1.0,1.0,0.0,0.0,0.0,2,139.7059826850891
lambd,10.0,3,0.3651505445227418,0.2233542319749216,1.0,1.0,1.0,1.0,1.0,1.0,1.0,2,138.0696268081665
alpha,0.1,1,1.0,1.0,1.0,0.0,0.0,0.0,0.0,0.0,0.0,20,147.28242373466492
alpha,0.1,2,1.0,1.0,1.0,1.0,1.0,1.0,0.0,0.0,0.0,20,138.6041579246521
alpha,0.1,3,0.0901306894997746,0.066577896138482,0.1394700139470014,1.0,1.0,1.0,1.0,1.0,1.0,20,137.29492735862732
alpha,0.3,1,1.0,1.0,1.0,0.0,0.0,0.0,0.0,0.0,0.0,20,138.26524806022644
alpha,0.3,2,1.0,1.0,1.0,1.0,1.0,1.0,0.0,0.0,0.0,20,137.49226570129397
alpha,0.3,3,0.1200750469043151,0.082135523613963,0.2231520223152022,0.1747899159663865,0.1067761806981519,0.4814814814814814,1.0,1.0,1.0,20,137.47395539283752
alpha,0.5,1,1.0,1.0,1.0,0.0,0.0,0.0,0.0,0.0,0.0,20,138.45739078521729
alpha,0.5,2,1.0,1.0,1.0,1.0,1.0,1.0,0.0,0.0,0.0,20,138.43780970573425
alpha,0.5,3,0.1200750469043151,0.082135523613963,0.2231520223152022,0.1747899159663865,0.1067761806981519,0.4814814814814814,1.0,1.0,1.0,20,137.4857268333435
alpha,0.75,1,1.0,1.0,1.0,0.0,0.0,0.0,0.0,0.0,0.0,20,138.29047060012817
alpha,0.75,2,0.4419106317411402,0.283623417721519,1.0,1.0,1.0,1.0,0.0,0.0,0.0,20,138.26203560829163
alpha,0.75,3,0.1200750469043151,0.082135523613963,0.2231520223152022,0.1747899159663865,0.1067761806981519,0.4814814814814814,1.0,1.0,1.0,20,137.03265357017517
alpha,1.0,1,1.0,1.0,1.0,0.0,0.0,0.0,0.0,0.0,0.0,20,137.7694821357727
alpha,1.0,2,0.4419106317411402,0.283623417721519,1.0,1.0,1.0,1.0,0.0,0.0,0.0,20,138.12235569953918
alpha,1.0,3,0.382298053852306,0.2363216875411997,1.0,0.2492787074437392,0.1423862887277521,1.0,1.0,1.0,1.0,20,137.0293173789978
lambd,0.0,1,1.0,1.0,1.0,0.0,0.0,0.0,0.0,0.0,0.0,20,138.09764170646667
lambd,0.0,2,1.0,1.0,1.0,0.0,0.0,0.0,0.0,0.0,0.0,20,137.28310656547546
lambd,0.0,3,0.1200750469043151,0.082135523613963,0.2231520223152022,0.1747899159663865,0.1067761806981519,0.4814814814814814,0.0,0.0,0.0,20,136.93324422836304
lambd,0.25,1,1.0,1.0,1.0,0.0,0.0,0.0,0.0,0.0,0.0,20,138.172443151474
lambd,0.25,2,0.4419106317411402,0.283623417721519,1.0,1.0,1.0,1.0,0.0,0.0,0.0,20,137.5482497215271
lambd,0.25,3,0.382298053852306,0.2363216875411997,1.0,1.0,1.0,1.0,1.0,1.0,1.0,20,137.4244728088379
lambd,0.5,1,1.0,1.0,1.0,0.0,0.0,0.0,0.0,0.0,0.0,20,138.2525806427002
lambd,0.5,2,0.6884301488238119,0.5248901903367497,1.0,1.0,1.0,1.0,0.0,0.0,0.0,20,137.4239218235016
lambd,0.5,3,0.382298053852306,0.2363216875411997,1.0,0.7721179624664879,0.62882096069869,1.0,1.0,1.0,1.0,20,137.55909848213196
alpha,0.1,1,0.9801633605600932,1.0,0.9610983981693364,0.0,0.0,0.0,0.0,0.0,0.0,21,149.16659092903137
alpha,0.1,2,0.9801633605600932,1.0,0.9610983981693364,0.7982551799345692,1.0,0.6642468239564429,0.0,0.0,0.0,21,142.36807537078855
alpha,0.1,3,0.0235003092145949,0.0161016949152542,0.0434782608695652,0.6225,1.0,0.4519056261343013,0.9216799091940976,1.0,0.8547368421052631,21,138.9792835712433
alpha,0.3,1,1.0,1.0,1.0,0.0,0.0,0.0,0.0,0.0,0.0,21,139.56133484840393
alpha,0.3,2,0.9801633605600932,1.0,0.9610983981693364,1.0,1.0,1.0,0.0,0.0,0.0,21,138.8848114013672
alpha,0.3,3,0.0136452241715399,0.0086687306501548,0.0320366132723112,0.7982551799345692,1.0,0.6642468239564429,0.9216799091940976,1.0,0.8547368421052631,21,138.25187039375305
alpha,0.1,1,0.9801633605600932,1.0,0.9610983981693364,0.0,0.0,0.0,0.0,0.0,0.0,22,148.1907913684845
alpha,0.1,2,0.9801633605600932,1.0,0.9610983981693364,1.0,1.0,1.0,0.0,0.0,0.0,22,142.0212562084198
alpha,0.1,3,0.0088757396449704,0.0052933392148213,0.0274599542334096,1.0,1.0,1.0,0.1210702341137123,0.0798411998235553,0.2503457814661134,22,137.9151382446289
alpha,0.3,1,0.9234338747099768,0.9364705882352942,0.9107551487414188,0.0,0.0,0.0,0.0,0.0,0.0,22,143.98077917099
alpha,0.3,2,0.9230769230769232,0.8879492600422833,0.9610983981693364,1.0,1.0,1.0,0.0,0.0,0.0,22,138.6282410621643
alpha,0.3,3,0.0088757396449704,0.0052933392148213,0.0274599542334096,1.0,1.0,1.0,0.1210702341137123,0.0798411998235553,0.2503457814661134,22,137.2814245223999
alpha,0.5,1,0.9801633605600932,1.0,0.9610983981693364,0.0,0.0,0.0,0.0,0.0,0.0,22,139.76025819778442
alpha,0.5,2,0.9801633605600932,1.0,0.9610983981693364,1.0,1.0,1.0,0.0,0.0,0.0,22,138.86645412445068
alpha,0.5,3,0.1563015960374243,0.088833281201126,0.6498855835240275,1.0,1.0,1.0,0.2729591836734694,0.1673443853612762,0.739972337482711,22,138.35989332199097
alpha,0.75,1,1.0,1.0,1.0,0.0,0.0,0.0,0.0,0.0,0.0,22,140.79875326156616
alpha,0.75,2,0.9801633605600932,1.0,0.9610983981693364,1.0,1.0,1.0,0.0,0.0,0.0,22,139.3916335105896
alpha,0.75,3,0.1563015960374243,0.088833281201126,0.6498855835240275,0.8623718887262078,0.758043758043758,1.0,0.2729591836734694,0.1673443853612762,0.739972337482711,22,137.28786849975586
alpha,1.0,1,1.0,1.0,1.0,0.0,0.0,0.0,0.0,0.0,0.0,22,140.10223841667175
alpha,1.0,2,0.4839424141749723,0.3192111029948867,1.0,1.0,1.0,1.0,0.0,0.0,0.0,22,138.9776954650879
alpha,1.0,3,0.213091922005571,0.1531531531531531,0.3501144164759725,0.8623718887262078,0.758043758043758,1.0,0.2729591836734694,0.1673443853612762,0.739972337482711,22,139.2249779701233
lambd,0.0,1,0.9230769230769232,0.8879492600422833,0.9610983981693364,0.0,0.0,0.0,0.0,0.0,0.0,22,139.70955300331116
lambd,0.0,2,0.1563015960374243,0.088833281201126,0.6498855835240275,0.0,0.0,0.0,0.0,0.0,0.0,22,139.1583068370819
lambd,0.0,3,0.1563015960374243,0.088833281201126,0.6498855835240275,0.0,0.0,0.0,0.2729591836734694,0.1673443853612762,0.739972337482711,22,138.64234161376953
lambd,0.25,1,0.9801633605600932,1.0,0.9610983981693364,0.0,0.0,0.0,0.0,0.0,0.0,22,138.99648094177246
lambd,0.25,2,0.9230769230769232,0.8879492600422833,0.9610983981693364,1.0,1.0,1.0,0.0,0.0,0.0,22,137.73776006698608
lambd,0.25,3,0.1563015960374243,0.088833281201126,0.6498855835240275,1.0,1.0,1.0,0.2729591836734694,0.1673443853612762,0.739972337482711,22,138.20351767539978
lambd,0.5,1,0.9801633605600932,1.0,0.9610983981693364,0.0,0.0,0.0,0.0,0.0,0.0,22,138.55476450920105
lambd,0.5,2,0.9801633605600932,1.0,0.9610983981693364,1.0,1.0,1.0,0.0,0.0,0.0,22,140.57125282287598
lambd,0.5,3,0.1563015960374243,0.088833281201126,0.6498855835240275,1.0,1.0,1.0,0.2729591836734694,0.1673443853612762,0.739972337482711,22,138.67917394638062
lambd,1.0,1,0.9801633605600932,1.0,0.9610983981693364,0.0,0.0,0.0,0.0,0.0,0.0,22,139.99109649658203
lambd,1.0,2,0.9801633605600932,1.0,0.9610983981693364,1.0,1.0,1.0,0.0,0.0,0.0,22,140.52120757102966
lambd,1.0,3,0.1563015960374243,0.088833281201126,0.6498855835240275,1.0,1.0,1.0,0.2729591836734694,0.1673443853612762,0.739972337482711,22,139.2843189239502
lambd,2.5,1,0.9801633605600932,1.0,0.9610983981693364,0.0,0.0,0.0,0.0,0.0,0.0,22,141.6419804096222
lambd,2.5,2,0.9801633605600932,1.0,0.9610983981693364,1.0,1.0,1.0,0.0,0.0,0.0,22,140.093364238739
lambd,2.5,3,0.1563015960374243,0.088833281201126,0.6498855835240275,1.0,1.0,1.0,0.2729591836734694,0.1673443853612762,0.739972337482711,22,138.3337204456329
lambd,5.0,1,0.9801633605600932,1.0,0.9610983981693364,0.0,0.0,0.0,0.0,0.0,0.0,22,141.3992245197296
lambd,5.0,2,0.9801633605600932,1.0,0.9610983981693364,1.0,1.0,1.0,0.0,0.0,0.0,22,139.56608414649963
lambd,5.0,3,0.1563015960374243,0.088833281201126,0.6498855835240275,1.0,1.0,1.0,0.2729591836734694,0.1673443853612762,0.739972337482711,22,139.0089373588562
lambd,10.0,1,0.9801633605600932,1.0,0.9610983981693364,0.0,0.0,0.0,0.0,0.0,0.0,22,139.04613089561462
lambd,10.0,2,0.9801633605600932,1.0,0.9610983981693364,1.0,1.0,1.0,0.0,0.0,0.0,22,138.6402235031128
lambd,10.0,3,0.1563015960374243,0.088833281201126,0.6498855835240275,1.0,1.0,1.0,0.2729591836734694,0.1673443853612762,0.739972337482711,22,138.71489596366882
alpha,0.1,1,0.6303162486368593,1.0,0.4601910828025478,0.0,0.0,0.0,0.0,0.0,0.0,23,147.07905626296997
alpha,0.1,2,0.2261422787738577,0.1381625441696113,0.6226114649681529,1.0,1.0,1.0,0.0,0.0,0.0,23,141.45139527320862
alpha,0.1,3,0.0,0.0,0.0,0.7275362318840579,1.0,0.571753986332574,0.0,0.0,0.0,23,140.2205684185028
alpha,0.3,1,0.7817652764306499,1.0,0.64171974522293,0.0,0.0,0.0,0.0,0.0,0.0,23,140.9473762512207
alpha,0.3,2,0.2261422787738577,0.1381625441696113,0.6226114649681529,1.0,1.0,1.0,0.0,0.0,0.0,23,138.75417947769165
alpha,0.3,3,0.2691910499139415,0.1717171717171717,0.6226114649681529,1.0,1.0,1.0,0.293598233995585,0.2805907172995781,0.3078703703703703,23,140.02663135528564
alpha,0.5,1,0.7817652764306499,1.0,0.64171974522293,0.0,0.0,0.0,0.0,0.0,0.0,23,138.63616943359375
alpha,0.5,2,0.2261422787738577,0.1381625441696113,0.6226114649681529,1.0,1.0,1.0,0.0,0.0,0.0,23,137.84163403511047
alpha,0.5,3,0.2261422787738577,0.1381625441696113,0.6226114649681529,1.0,1.0,1.0,0.293598233995585,0.2805907172995781,0.3078703703703703,23,136.32709980010986
alpha,0.75,1,1.0,1.0,1.0,0.0,0.0,0.0,0.0,0.0,0.0,23,139.3092622756958
alpha,0.75,2,0.2261422787738577,0.1381625441696113,0.6226114649681529,1.0,1.0,1.0,0.0,0.0,0.0,23,139.83526062965393
alpha,0.75,3,0.0574534161490683,0.0379876796714579,0.1178343949044586,0.6231369765791341,0.4525773195876288,1.0,0.1897289586305278,0.1371134020618556,0.3078703703703703,23,140.0608353614807
alpha,1.0,1,1.0,1.0,1.0,0.0,0.0,0.0,0.0,0.0,0.0,23,141.06429386138916
alpha,1.0,2,0.2261422787738577,0.1381625441696113,0.6226114649681529,1.0,1.0,1.0,0.0,0.0,0.0,23,138.29817271232605
alpha,1.0,3,0.4671163575042158,0.3176605504587156,0.8821656050955414,0.2456631225517627,0.1400318979266347,1.0,0.3299632352941176,0.205848623853211,0.8310185185185185,23,142.56453657150269
lambd,0.0,1,0.0,0.0,0.0,0.0,0.0,0.0,0.0,0.0,0.0,23,141.06986355781555
lambd,0.0,2,0.2261422787738577,0.1381625441696113,0.6226114649681529,0.0,0.0,0.0,0.0,0.0,0.0,23,139.48858857154846
lambd,0.0,3,0.0574534161490683,0.0379876796714579,0.1178343949044586,0.1575198994553833,0.0965092402464065,0.428246013667426,0.0,0.0,0.0,23,138.29471707344055
lambd,0.25,1,0.897278314310799,1.0,0.8136942675159236,0.0,0.0,0.0,0.0,0.0,0.0,23,139.66731333732605
lambd,0.25,2,0.2261422787738577,0.1381625441696113,0.6226114649681529,0.4763971785132935,0.3126780626780627,1.0,0.0,0.0,0.0,23,139.07545375823975
lambd,0.25,3,0.2261422787738577,0.1381625441696113,0.6226114649681529,1.0,1.0,1.0,0.1833231146535867,0.1056537102473498,0.6921296296296297,23,139.09156274795532
lambd,0.5,1,0.7817652764306499,1.0,0.64171974522293,0.0,0.0,0.0,0.0,0.0,0.0,23,138.1138677597046
lambd,0.5,2,0.2261422787738577,0.1381625441696113,0.6226114649681529,1.0,1.0,1.0,0.0,0.0,0.0,23,138.19537568092346
lambd,0.5,3,0.2261422787738577,0.1381625441696113,0.6226114649681529,1.0,1.0,1.0,0.1833231146535867,0.1056537102473498,0.6921296296296297,23,137.7853946685791
lambd,1.0,1,0.897278314310799,1.0,0.8136942675159236,0.0,0.0,0.0,0.0,0.0,0.0,23,138.59844779968262
lambd,1.0,2,0.2261422787738577,0.1381625441696113,0.6226114649681529,1.0,1.0,1.0,0.0,0.0,0.0,23,137.71092867851257
lambd,1.0,3,0.045501551189245,0.0336906584992343,0.0700636942675159,1.0,1.0,1.0,0.7007299270072993,0.5393258426966292,1.0,23,138.27120637893677
lambd,2.5,1,0.897278314310799,1.0,0.8136942675159236,0.0,0.0,0.0,0.0,0.0,0.0,23,138.55646061897278
lambd,2.5,2,0.2261422787738577,0.1381625441696113,0.6226114649681529,1.0,1.0,1.0,0.0,0.0,0.0,23,137.81918120384216
lambd,2.5,3,0.0574534161490683,0.0379876796714579,0.1178343949044586,1.0,1.0,1.0,1.0,1.0,1.0,23,138.99611163139343
lambd,5.0,1,0.7817652764306499,1.0,0.64171974522293,0.0,0.0,0.0,0.0,0.0,0.0,23,137.2858579158783
lambd,5.0,2,0.2261422787738577,0.1381625441696113,0.6226114649681529,1.0,1.0,1.0,0.0,0.0,0.0,23,138.38305258750916
lambd,5.0,3,0.3493670886075949,0.3716337522441651,0.3296178343949044,0.5498357064622125,0.5295358649789029,0.571753986332574,1.0,1.0,1.0,23,139.56175899505615
lambd,10.0,1,0.897278314310799,1.0,0.8136942675159236,0.0,0.0,0.0,0.0,0.0,0.0,23,139.45185947418213
lambd,10.0,2,0.2261422787738577,0.1381625441696113,0.6226114649681529,1.0,1.0,1.0,0.0,0.0,0.0,23,138.18438959121704
lambd,10.0,3,0.2261422787738577,0.1381625441696113,0.6226114649681529,1.0,1.0,1.0,0.293598233995585,0.2805907172995781,0.3078703703703703,23,138.1986665725708
alpha,0.1,1,1.0,1.0,1.0,0.0,0.0,0.0,0.0,0.0,0.0,24,151.48864245414734
alpha,0.1,2,0.2180046165683508,0.1223373632700057,1.0,1.0,1.0,1.0,0.0,0.0,0.0,24,145.37782287597656
alpha,0.1,3,0.0,0.0,0.0,0.2403755868544601,0.1603005635566687,0.4803001876172608,0.7953216374269005,1.0,0.6601941747572816,24,141.67390155792236
alpha,0.3,1,1.0,1.0,1.0,0.0,0.0,0.0,0.0,0.0,0.0,24,143.15566205978394
alpha,0.3,2,1.0,1.0,1.0,1.0,1.0,1.0,0.0,0.0,0.0,24,144.64582920074463
alpha,0.3,3,0.0932744231713303,0.0589330024813895,0.2235294117647059,0.1947115384615384,0.1237901171676006,0.4559099437148217,1.0,1.0,1.0,24,141.42668223381042
alpha,0.5,1,1.0,1.0,1.0,0.0,0.0,0.0,0.0,0.0,0.0,24,142.09642219543457
alpha,0.5,2,1.0,1.0,1.0,1.0,1.0,1.0,0.0,0.0,0.0,24,142.4792296886444
alpha,0.5,3,0.0932744231713303,0.0589330024813895,0.2235294117647059,0.1947115384615384,0.1237901171676006,0.4559099437148217,1.0,1.0,1.0,24,140.50328087806702
alpha,0.75,1,1.0,1.0,1.0,0.0,0.0,0.0,0.0,0.0,0.0,24,142.04108810424805
alpha,0.75,2,1.0,1.0,1.0,1.0,1.0,1.0,0.0,0.0,0.0,24,141.2971932888031
alpha,0.75,3,0.0932744231713303,0.0589330024813895,0.2235294117647059,0.1947115384615384,0.1237901171676006,0.4559099437148217,1.0,1.0,1.0,24,140.64011931419373
alpha,1.0,1,1.0,1.0,1.0,0.0,0.0,0.0,0.0,0.0,0.0,24,141.77700757980347
alpha,1.0,2,0.2180046165683508,0.1223373632700057,1.0,1.0,1.0,1.0,0.0,0.0,0.0,24,141.94370317459106
alpha,1.0,3,0.2180046165683508,0.1223373632700057,1.0,0.1944549943030763,0.1219047619047619,0.4803001876172608,0.2582100777137127,0.1482440990213011,1.0,24,141.7431080341339
lambd,0.0,1,0.0,0.0,0.0,0.0,0.0,0.0,0.0,0.0,0.0,24,142.21490097045898
lambd,0.0,2,0.2180046165683508,0.1223373632700057,1.0,0.0,0.0,0.0,0.0,0.0,0.0,24,141.20495438575745
lambd,0.0,3,0.0932744231713303,0.0589330024813895,0.2235294117647059,0.0,0.0,0.0,0.0,0.0,0.0,24,142.34486436843872
lambd,0.25,1,1.0,1.0,1.0,0.0,0.0,0.0,0.0,0.0,0.0,24,142.08366465568542
lambd,0.25,2,1.0,1.0,1.0,1.0,1.0,1.0,0.0,0.0,0.0,24,141.43183088302612
lambd,0.25,3,0.5513784461152882,0.4274611398963731,0.7764705882352941,0.1947115384615384,0.1237901171676006,0.4559099437148217,0.6868686868686869,0.572538860103627,0.858252427184466,24,142.62330436706543
lambd,0.5,1,1.0,1.0,1.0,0.0,0.0,0.0,0.0,0.0,0.0,24,141.94114923477173
lambd,0.5,2,1.0,1.0,1.0,1.0,1.0,1.0,0.0,0.0,0.0,24,141.66002249717712
lambd,0.5,3,0.0932744231713303,0.0589330024813895,0.2235294117647059,0.1947115384615384,0.1237901171676006,0.4559099437148217,1.0,1.0,1.0,24,141.49844479560852
lambd,1.0,1,1.0,1.0,1.0,0.0,0.0,0.0,0.0,0.0,0.0,24,143.50329995155334
lambd,1.0,2,1.0,1.0,1.0,1.0,1.0,1.0,0.0,0.0,0.0,24,142.28440260887146
lambd,1.0,3,1.0,1.0,1.0,0.1947115384615384,0.1237901171676006,0.4559099437148217,1.0,1.0,1.0,24,142.56811380386353
lambd,2.5,1,1.0,1.0,1.0,0.0,0.0,0.0,0.0,0.0,0.0,24,141.6092917919159
lambd,2.5,2,0.2180046165683508,0.1223373632700057,1.0,1.0,1.0,1.0,0.0,0.0,0.0,24,141.2295732498169
lambd,2.5,3,0.0932744231713303,0.0589330024813895,0.2235294117647059,0.1947115384615384,0.1237901171676006,0.4559099437148217,1.0,1.0,1.0,24,141.7134494781494
lambd,5.0,1,1.0,1.0,1.0,0.0,0.0,0.0,0.0,0.0,0.0,24,141.9328236579895
lambd,5.0,2,1.0,1.0,1.0,1.0,1.0,1.0,0.0,0.0,0.0,24,141.16729068756104
lambd,5.0,3,0.0932744231713303,0.0589330024813895,0.2235294117647059,0.1947115384615384,0.1237901171676006,0.4559099437148217,1.0,1.0,1.0,24,141.51696252822876
lambd,10.0,1,1.0,1.0,1.0,0.0,0.0,0.0,0.0,0.0,0.0,24,142.60163164138794
lambd,10.0,2,1.0,1.0,1.0,1.0,1.0,1.0,0.0,0.0,0.0,24,141.56982350349426
lambd,10.0,3,0.5513784461152882,0.4274611398963731,0.7764705882352941,0.1947115384615384,0.1237901171676006,0.4559099437148217,1.0,1.0,1.0,24,142.42588067054749
alpha,0.1,1,1.0,1.0,1.0,0.0,0.0,0.0,0.0,0.0,0.0,25,149.1307497024536
alpha,0.1,2,1.0,1.0,1.0,0.7863945578231293,1.0,0.647982062780269,0.0,0.0,0.0,25,142.69209361076355
alpha,0.1,3,0.2385826771653543,0.1550665301944728,0.5170648464163823,0.8891656288916563,1.0,0.8004484304932735,0.0,0.0,0.0,25,139.95389890670776
alpha,0.3,1,1.0,1.0,1.0,0.0,0.0,0.0,0.0,0.0,0.0,25,140.1713583469391
alpha,0.3,2,0.2369558950706255,0.1425598335067638,0.7013651877133106,1.0,1.0,1.0,0.0,0.0,0.0,25,140.50294423103333
alpha,0.3,3,0.2385826771653543,0.1550665301944728,0.5170648464163823,0.9627906976744186,1.0,0.9282511210762332,0.610062893081761,1.0,0.4389140271493212,25,138.759840965271
alpha,0.5,1,1.0,1.0,1.0,0.0,0.0,0.0,0.0,0.0,0.0,25,140.1939616203308
alpha,0.5,2,0.2369558950706255,0.1425598335067638,0.7013651877133106,1.0,1.0,1.0,0.0,0.0,0.0,25,138.80315256118774
alpha,0.5,3,0.2385826771653543,0.1550665301944728,0.5170648464163823,0.6,0.443254817987152,0.9282511210762332,1.0,1.0,1.0,25,138.90030360221863
alpha,0.75,1,1.0,1.0,1.0,0.0,0.0,0.0,0.0,0.0,0.0,25,139.17086791992188
alpha,0.75,2,0.2369558950706255,0.1425598335067638,0.7013651877133106,1.0,1.0,1.0,0.0,0.0,0.0,25,139.4440851211548
alpha,0.75,3,0.2419955323901712,0.1547619047619047,0.5546075085324232,0.6,0.443254817987152,0.9282511210762332,0.2456395348837209,0.1809421841541756,0.3823529411764705,25,139.10232830047607
alpha,1.0,1,1.0,1.0,1.0,0.0,0.0,0.0,0.0,0.0,0.0,25,139.24059295654297
alpha,1.0,2,0.2369558950706255,0.1425598335067638,0.7013651877133106,1.0,1.0,1.0,0.0,0.0,0.0,25,139.32434058189392
alpha,1.0,3,0.2419955323901712,0.1547619047619047,0.5546075085324232,0.3810400368154624,0.2397220613781123,0.9282511210762332,0.4075610880590134,0.2559351476548929,1.0,25,138.71334981918335
lambd,0.0,1,0.0,0.0,0.0,0.0,0.0,0.0,0.0,0.0,0.0,25,140.39161849021912
lambd,0.0,2,0.2369558950706255,0.1425598335067638,0.7013651877133106,0.0,0.0,0.0,0.0,0.0,0.0,25,140.2875804901123
lambd,0.0,3,0.2385826771653543,0.1550665301944728,0.5170648464163823,0.0,0.0,0.0,0.0,0.0,0.0,25,139.07205533981323
lambd,0.25,1,1.0,1.0,1.0,0.0,0.0,0.0,0.0,0.0,0.0,25,140.49166226387024
lambd,0.25,2,0.2369558950706255,0.1425598335067638,0.7013651877133106,1.0,1.0,1.0,0.0,0.0,0.0,25,140.49604725837708
lambd,0.25,3,0.2385826771653543,0.1550665301944728,0.5170648464163823,0.0,0.0,0.0,0.1642105263157894,0.0946930280957336,0.6176470588235294,25,139.22471165657043
lambd,0.5,1,1.0,1.0,1.0,0.0,0.0,0.0,0.0,0.0,0.0,25,139.49957823753357
lambd,0.5,2,0.2369558950706255,0.1425598335067638,0.7013651877133106,1.0,1.0,1.0,0.0,0.0,0.0,25,140.31215715408325
lambd,0.5,3,0.2385826771653543,0.1550665301944728,0.5170648464163823,1.0,1.0,1.0,0.1642105263157894,0.0946930280957336,0.6176470588235294,25,138.8333330154419
lambd,1.0,1,1.0,1.0,1.0,0.0,0.0,0.0,0.0,0.0,0.0,25,140.2560420036316
lambd,1.0,2,0.2369558950706255,0.1425598335067638,0.7013651877133106,1.0,1.0,1.0,0.0,0.0,0.0,25,139.23541593551636
lambd,1.0,3,0.2385826771653543,0.1550665301944728,0.5170648464163823,0.955503512880562,1.0,0.9147982062780268,0.2456395348837209,0.1809421841541756,0.3823529411764705,25,138.84074425697327
lambd,2.5,1,1.0,1.0,1.0,0.0,0.0,0.0,0.0,0.0,0.0,25,140.27139353752136
lambd,2.5,2,0.2369558950706255,0.1425598335067638,0.7013651877133106,1.0,1.0,1.0,0.0,0.0,0.0,25,139.24921655654907
lambd,2.5,3,0.2385826771653543,0.1550665301944728,0.5170648464163823,0.9278846153846152,1.0,0.8654708520179372,1.0,1.0,1.0,25,139.41566944122314
lambd,5.0,1,1.0,1.0,1.0,0.0,0.0,0.0,0.0,0.0,0.0,25,140.36906147003174
lambd,5.0,2,0.2369558950706255,0.1425598335067638,0.7013651877133106,1.0,1.0,1.0,0.0,0.0,0.0,25,139.49902606010437
lambd,5.0,3,0.2385826771653543,0.1550665301944728,0.5170648464163823,0.602543720190779,0.4667487684729064,0.8497757847533632,0.2456395348837209,0.1809421841541756,0.3823529411764705,25,138.6431393623352
lambd,10.0,1,1.0,1.0,1.0,0.0,0.0,0.0,0.0,0.0,0.0,25,139.12901663780212
lambd,10.0,2,0.2369558950706255,0.1425598335067638,0.7013651877133106,1.0,1.0,1.0,0.0,0.0,0.0,25,140.2639503479004
lambd,10.0,3,0.2385826771653543,0.1550665301944728,0.5170648464163823,0.9342891278375148,1.0,0.8766816143497758,0.4075610880590134,0.2559351476548929,1.0,25,138.94761753082275
alpha,0.1,1,1.0,1.0,1.0,0.0,0.0,0.0,0.0,0.0,0.0,26,148.86412715911865
alpha,0.1,2,1.0,1.0,1.0,1.0,1.0,1.0,0.0,0.0,0.0,26,138.8783197402954
alpha,0.1,3,0.0,0.0,0.0,0.189161554192229,0.1213910761154855,0.4282407407407407,0.7898966704936854,1.0,0.6527514231499051,26,140.46658492088318
alpha,0.3,1,1.0,1.0,1.0,0.0,0.0,0.0,0.0,0.0,0.0,26,140.52830362319946
alpha,0.3,2,0.2355875831485588,0.1335218347470939,1.0,1.0,1.0,1.0,0.0,0.0,0.0,26,139.87585854530334
alpha,0.3,3,0.0809548521017125,0.0519307589880159,0.1835294117647058,0.1747899159663865,0.1067761806981519,0.4814814814814814,1.0,1.0,1.0,26,139.15206050872803
alpha,0.5,1,1.0,1.0,1.0,0.0,0.0,0.0,0.0,0.0,0.0,26,140.10156965255737
alpha,0.5,2,0.2355875831485588,0.1335218347470939,1.0,1.0,1.0,1.0,0.0,0.0,0.0,26,138.84688997268677
alpha,0.5,3,0.2346769740474875,0.1329371285580231,1.0,0.2380821162854781,0.1351266812636847,1.0,1.0,1.0,1.0,26,139.67533612251282
alpha,0.75,1,1.0,1.0,1.0,0.0,0.0,0.0,0.0,0.0,0.0,26,140.42836785316467
alpha,0.75,2,1.0,1.0,1.0,1.0,1.0,1.0,0.0,0.0,0.0,26,140.19748377799988
alpha,0.75,3,0.0809548521017125,0.0519307589880159,0.1835294117647058,0.1747899159663865,0.1067761806981519,0.4814814814814814,1.0,1.0,1.0,26,139.32152318954468
alpha,1.0,1,1.0,1.0,1.0,0.0,0.0,0.0,0.0,0.0,0.0,26,140.18996810913086
alpha,1.0,2,1.0,1.0,1.0,1.0,1.0,1.0,0.0,0.0,0.0,26,139.38084387779236
alpha,1.0,3,0.2346769740474875,0.1329371285580231,1.0,0.2380821162854781,0.1351266812636847,1.0,1.0,1.0,1.0,26,139.42279434204102
lambd,0.0,1,0.0,0.0,0.0,0.0,0.0,0.0,0.0,0.0,0.0,26,139.1378879547119
lambd,0.0,2,0.2355875831485588,0.1335218347470939,1.0,0.0,0.0,0.0,0.0,0.0,0.0,26,139.322274684906
lambd,0.0,3,0.0657395701643489,0.0400410677618069,0.1835294117647058,0.1747899159663865,0.1067761806981519,0.4814814814814814,0.0,0.0,0.0,26,138.6444947719574
lambd,0.25,1,1.0,1.0,1.0,0.0,0.0,0.0,0.0,0.0,0.0,26,139.03161573410034
lambd,0.25,2,1.0,1.0,1.0,1.0,1.0,1.0,0.0,0.0,0.0,26,139.59835243225098
lambd,0.25,3,0.0657395701643489,0.0400410677618069,0.1835294117647058,0.1747899159663865,0.1067761806981519,0.4814814814814814,1.0,1.0,1.0,26,139.31736660003662
lambd,0.5,1,1.0,1.0,1.0,0.0,0.0,0.0,0.0,0.0,0.0,26,140.05649089813232
lambd,0.5,2,1.0,1.0,1.0,1.0,1.0,1.0,0.0,0.0,0.0,26,138.46395802497864
lambd,0.5,3,0.2346769740474875,0.1329371285580231,1.0,0.2380821162854781,0.1351266812636847,1.0,1.0,1.0,1.0,26,139.97261214256287
lambd,1.0,1,1.0,1.0,1.0,0.0,0.0,0.0,0.0,0.0,0.0,26,139.60130739212036
lambd,1.0,2,1.0,1.0,1.0,1.0,1.0,1.0,0.0,0.0,0.0,26,139.46617817878723
lambd,1.0,3,0.2346769740474875,0.1329371285580231,1.0,1.0,1.0,1.0,1.0,1.0,1.0,26,142.67444586753845
lambd,2.5,1,1.0,1.0,1.0,0.0,0.0,0.0,0.0,0.0,0.0,26,141.41643023490906
lambd,2.5,2,1.0,1.0,1.0,1.0,1.0,1.0,0.0,0.0,0.0,26,139.2110321521759
lambd,2.5,3,1.0,1.0,1.0,0.184120798830979,0.1165946946329426,0.4375,1.0,1.0,1.0,26,137.94415283203125
lambd,5.0,1,1.0,1.0,1.0,0.0,0.0,0.0,0.0,0.0,0.0,26,139.65545892715454
lambd,5.0,2,1.0,1.0,1.0,1.0,1.0,1.0,0.0,0.0,0.0,26,139.3002152442932
lambd,5.0,3,1.0,1.0,1.0,1.0,1.0,1.0,1.0,1.0,1.0,26,139.1050283908844
lambd,10.0,1,1.0,1.0,1.0,0.0,0.0,0.0,0.0,0.0,0.0,26,139.54224944114685
lambd,10.0,2,0.2355875831485588,0.1335218347470939,1.0,1.0,1.0,1.0,0.0,0.0,0.0,26,138.65945434570312
lambd,10.0,3,0.0809548521017125,0.0519307589880159,0.1835294117647058,1.0,1.0,1.0,1.0,1.0,1.0,26,139.39152717590332
alpha,0.1,1,0.4242424242424242,1.0,0.2692307692307692,0.0,0.0,0.0,0.0,0.0,0.0,27,145.81086015701294
alpha,0.1,2,0.4705882352941176,1.0,0.3076923076923077,1.0,1.0,1.0,0.0,0.0,0.0,27,137.5207359790802
alpha,0.1,3,0.2132280355380059,0.1569767441860465,0.3323076923076923,1.0,1.0,1.0,0.7863945578231293,1.0,0.647982062780269,27,137.59214663505554
alpha,0.3,1,0.593073593073593,1.0,0.4215384615384615,0.0,0.0,0.0,0.0,0.0,0.0,27,137.9866852760315
alpha,0.3,2,0.4705882352941176,1.0,0.3076923076923077,1.0,1.0,1.0,0.0,0.0,0.0,27,137.8603231906891
alpha,0.3,3,0.931899641577061,0.87248322147651,1.0,0.3311143270622286,0.1984044398196323,1.0,1.0,1.0,1.0,27,137.65825986862183
alpha,0.5,1,0.4759671746776084,1.0,0.3123076923076923,0.0,0.0,0.0,0.0,0.0,0.0,27,137.7969295978546
alpha,0.5,2,0.931899641577061,0.87248322147651,1.0,1.0,1.0,1.0,0.0,0.0,0.0,27,137.52980709075928
alpha,0.5,3,0.4173354735152488,0.2636916835699797,1.0,1.0,1.0,1.0,1.0,1.0,1.0,27,137.46845197677612
alpha,0.75,1,1.0,1.0,1.0,0.0,0.0,0.0,0.0,0.0,0.0,27,137.2572214603424
alpha,0.75,2,0.2506367804381049,0.1873571972581873,0.3784615384615384,1.0,1.0,1.0,0.0,0.0,0.0,27,137.69676899909973
alpha,0.75,3,0.2287008208321539,0.1401318071453347,0.6215384615384615,1.0,1.0,1.0,1.0,1.0,1.0,27,137.30605840682983
alpha,1.0,1,0.2682624845233182,0.1549094375595805,1.0,0.0,0.0,0.0,0.0,0.0,0.0,27,137.1167290210724
alpha,1.0,2,0.931899641577061,0.87248322147651,1.0,1.0,1.0,1.0,0.0,0.0,0.0,27,137.06836104393005
alpha,1.0,3,0.2287008208321539,0.1401318071453347,0.6215384615384615,0.3311143270622286,0.1984044398196323,1.0,0.6151724137931034,0.4442231075697211,1.0,27,137.29816365242004
lambd,0.0,1,0.0,0.0,0.0,0.0,0.0,0.0,0.0,0.0,0.0,27,137.2580704689026
lambd,0.0,2,0.2506367804381049,0.1873571972581873,0.3784615384615384,0.0,0.0,0.0,0.0,0.0,0.0,27,138.46448969841003
lambd,0.0,3,0.2287008208321539,0.1401318071453347,0.6215384615384615,0.3311143270622286,0.1984044398196323,1.0,0.0,0.0,0.0,27,137.66928505897522
lambd,0.25,1,0.4759671746776084,1.0,0.3123076923076923,0.0,0.0,0.0,0.0,0.0,0.0,27,137.33670806884766
lambd,0.25,2,0.8792710706150342,0.8680659670164917,0.8907692307692308,1.0,1.0,1.0,0.0,0.0,0.0,27,137.57022428512573
lambd,0.25,3,0.5790645879732739,0.4075235109717868,1.0,0.3311143270622286,0.1984044398196323,1.0,1.0,1.0,1.0,27,137.75687098503113
lambd,0.5,1,1.0,1.0,1.0,0.0,0.0,0.0,0.0,0.0,0.0,27,137.80585432052612
lambd,0.5,2,0.2682624845233182,0.1549094375595805,1.0,1.0,1.0,1.0,0.0,0.0,0.0,27,138.45167326927185
lambd,0.5,3,0.2287008208321539,0.1401318071453347,0.6215384615384615,1.0,1.0,1.0,1.0,1.0,1.0,27,138.51714205741882
lambd,1.0,1,0.5074626865671642,1.0,0.34,0.0,0.0,0.0,0.0,0.0,0.0,27,138.14900469779968
lambd,1.0,2,0.2506367804381049,0.1873571972581873,0.3784615384615384,1.0,1.0,1.0,0.0,0.0,0.0,27,138.67764139175415
lambd,1.0,3,0.4173354735152488,0.2636916835699797,1.0,1.0,1.0,1.0,1.0,1.0,1.0,27,137.85558032989502
lambd,2.5,1,0.4759671746776084,1.0,0.3123076923076923,0.0,0.0,0.0,0.0,0.0,0.0,27,137.9006655216217
lambd,2.5,2,0.2506367804381049,0.1873571972581873,0.3784615384615384,1.0,1.0,1.0,0.0,0.0,0.0,27,138.09388184547424
lambd,2.5,3,0.2985074626865672,0.2439024390243902,0.3846153846153846,1.0,1.0,1.0,1.0,1.0,1.0,27,137.3547809123993
lambd,5.0,1,0.5491071428571429,1.0,0.3784615384615384,0.0,0.0,0.0,0.0,0.0,0.0,27,137.72158074378967
lambd,5.0,2,0.2506367804381049,0.1873571972581873,0.3784615384615384,1.0,1.0,1.0,0.0,0.0,0.0,27,138.65511059761047
lambd,5.0,3,0.931899641577061,0.87248322147651,1.0,0.3311143270622286,0.1984044398196323,1.0,1.0,1.0,1.0,27,137.54508757591248
lambd,10.0,1,0.5074626865671642,1.0,0.34,0.0,0.0,0.0,0.0,0.0,0.0,27,137.98742818832395
lambd,10.0,2,0.5491071428571429,1.0,0.3784615384615384,1.0,1.0,1.0,0.0,0.0,0.0,27,137.93094491958618
lambd,10.0,3,0.4173354735152488,0.2636916835699797,1.0,1.0,1.0,1.0,1.0,1.0,1.0,27,137.82953023910522
alpha,0.1,1,0.1010989010989011,1.0,0.0532407407407407,0.0,0.0,0.0,0.0,0.0,0.0,28,147.90243649482727
alpha,0.1,2,0.6329113924050632,1.0,0.4629629629629629,0.2771428571428571,1.0,0.1608623548922056,0.0,0.0,0.0,28,141.63908123970032
alpha,0.1,3,0.2482621648460774,0.217391304347826,0.2893518518518518,0.528835690968444,0.7689873417721519,0.4029850746268656,0.6069246435845214,1.0,0.435672514619883,28,140.08847570419312
alpha,0.3,1,0.1866897147796024,0.1029551954242135,1.0,0.0,0.0,0.0,0.0,0.0,0.0,28,140.21479392051697
alpha,0.3,2,0.2678100263852243,0.1872693726937269,0.4699074074074074,0.1643835616438356,1.0,0.0895522388059701,0.0,0.0,0.0,28,140.24800491333008
alpha,0.3,3,0.0821484992101106,0.0495238095238095,0.2407407407407407,0.2641509433962264,0.17,0.5920398009950248,1.0,1.0,1.0,28,140.18986892700195
alpha,0.5,1,0.8764629388816645,1.0,0.7800925925925926,0.0,0.0,0.0,0.0,0.0,0.0,28,140.464008808136
alpha,0.5,2,0.2613180515759312,0.1736481340441736,0.5277777777777778,0.7903711133400201,1.0,0.6533996683250415,0.0,0.0,0.0,28,138.45454454421997
alpha,0.5,3,0.0821484992101106,0.0495238095238095,0.2407407407407407,0.2641509433962264,0.17,0.5920398009950248,1.0,1.0,1.0,28,137.06766867637634
alpha,0.75,1,1.0,1.0,1.0,0.0,0.0,0.0,0.0,0.0,0.0,28,138.06680464744568
alpha,0.75,2,0.3256704980842912,0.2053140096618357,0.7870370370370371,0.8981762917933132,0.8288920056100981,0.9800995024875622,0.0,0.0,0.0,28,138.48786902427673
alpha,0.75,3,0.1954469739033869,0.1285609934258582,0.4074074074074074,0.2641509433962264,0.17,0.5920398009950248,1.0,1.0,1.0,28,137.2952365875244
alpha,1.0,1,1.0,1.0,1.0,0.0,0.0,0.0,0.0,0.0,0.0,28,139.4194734096527
alpha,1.0,2,0.3228247162673392,0.2218370883882149,0.5925925925925926,0.6863972680705749,0.5225303292894281,1.0,0.0,0.0,0.0,28,137.60168313980105
alpha,1.0,3,0.0821484992101106,0.0495238095238095,0.2407407407407407,0.2641509433962264,0.17,0.5920398009950248,1.0,1.0,1.0,28,137.53050756454468
lambd,0.0,1,0.0,0.0,0.0,0.0,0.0,0.0,0.0,0.0,0.0,28,138.49592900276184
lambd,0.0,2,0.2613180515759312,0.1736481340441736,0.5277777777777778,0.0125260960334029,0.0091393754760091,0.0199004975124378,0.0,0.0,0.0,28,137.8454391956329
lambd,0.0,3,0.0821484992101106,0.0495238095238095,0.2407407407407407,0.2641509433962264,0.17,0.5920398009950248,0.0,0.0,0.0,28,137.20558667182922
lambd,0.25,1,0.6393700787401574,1.0,0.4699074074074074,0.0,0.0,0.0,0.0,0.0,0.0,28,138.15383744239807
lambd,0.25,2,0.3401069518716577,0.2211404728789986,0.7361111111111112,0.0656540911317981,0.0465924895688456,0.1111111111111111,0.0,0.0,0.0,28,138.3066806793213
lambd,0.25,3,0.1954469739033869,0.1285609934258582,0.4074074074074074,0.2641509433962264,0.17,0.5920398009950248,1.0,1.0,1.0,28,137.0909948348999
lambd,0.5,1,0.8276797829036634,1.0,0.7060185185185185,0.0,0.0,0.0,0.0,0.0,0.0,28,137.35254192352295
lambd,0.5,2,0.2613180515759312,0.1736481340441736,0.5277777777777778,1.0,1.0,1.0,0.0,0.0,0.0,28,137.1373372077942
lambd,0.5,3,0.0821484992101106,0.0495238095238095,0.2407407407407407,0.2641509433962264,0.17,0.5920398009950248,1.0,1.0,1.0,28,136.62836527824402
lambd,1.0,1,0.8764629388816645,1.0,0.7800925925925926,0.0,0.0,0.0,0.0,0.0,0.0,28,137.72721028327942
lambd,1.0,2,0.2613180515759312,0.1736481340441736,0.5277777777777778,0.7903711133400201,1.0,0.6533996683250415,0.0,0.0,0.0,28,137.69576168060303
lambd,1.0,3,0.369620253164557,0.2908366533864542,0.5069444444444444,0.2641509433962264,0.17,0.5920398009950248,1.0,1.0,1.0,28,136.55797410011292
lambd,2.5,1,0.8764629388816645,1.0,0.7800925925925926,0.0,0.0,0.0,0.0,0.0,0.0,28,136.7691090106964
lambd,2.5,2,0.2613180515759312,0.1736481340441736,0.5277777777777778,0.7903711133400201,1.0,0.6533996683250415,0.0,0.0,0.0,28,136.90176820755005
lambd,2.5,3,0.0821484992101106,0.0495238095238095,0.2407407407407407,0.2641509433962264,0.17,0.5920398009950248,1.0,1.0,1.0,28,136.16642808914185
lambd,5.0,1,0.9514563106796116,1.0,0.9074074074074074,0.0,0.0,0.0,0.0,0.0,0.0,28,137.37110805511475
lambd,5.0,2,1.0,1.0,1.0,0.794,1.0,0.6583747927031509,0.0,0.0,0.0,28,137.79010915756226
lambd,5.0,3,0.1954469739033869,0.1285609934258582,0.4074074074074074,0.7398119122257053,1.0,0.5870646766169154,1.0,1.0,1.0,28,136.94774293899536
lambd,10.0,1,0.8764629388816645,1.0,0.7800925925925926,0.0,0.0,0.0,0.0,0.0,0.0,28,138.13208556175232
lambd,10.0,2,0.2613180515759312,0.1736481340441736,0.5277777777777778,0.7903711133400201,1.0,0.6533996683250415,0.0,0.0,0.0,28,138.048362493515
lambd,10.0,3,0.0821484992101106,0.0495238095238095,0.2407407407407407,0.2641509433962264,0.17,0.5920398009950248,1.0,1.0,1.0,28,136.79265785217285
alpha,0.1,1,1.0,1.0,1.0,0.0,0.0,0.0,0.0,0.0,0.0,29,150.74617886543274
alpha,0.1,2,1.0,1.0,1.0,0.813778256189451,1.0,0.6860254083484574,0.0,0.0,0.0,29,144.40138626098633
alpha,0.1,3,0.0,0.0,0.0,0.6225,1.0,0.4519056261343013,0.1154833190761334,0.0835913312693498,0.1867219917012448,29,143.38563060760498
alpha,0.3,1,1.0,1.0,1.0,0.0,0.0,0.0,0.0,0.0,0.0,29,143.39935183525083
alpha,0.3,2,1.0,1.0,1.0,1.0,1.0,1.0,0.0,0.0,0.0,29,142.046240568161
alpha,0.3,3,0.0,0.0,0.0,0.7982551799345692,1.0,0.6642468239564429,0.1396263520157325,0.0914948453608247,0.2946058091286307,29,141.5964422225952
alpha,0.5,1,1.0,1.0,1.0,0.0,0.0,0.0,0.0,0.0,0.0,29,142.98410820961
alpha,0.5,2,1.0,1.0,1.0,0.2687149475737624,0.1552112676056338,1.0,0.0,0.0,0.0,29,141.6362063884735
alpha,0.5,3,0.6624649859943977,0.4952879581151832,1.0,0.9434324065196548,1.0,0.8929219600725953,0.5744934445768772,0.5047120418848168,0.6666666666666666,29,142.0192141532898
alpha,0.75,1,1.0,1.0,1.0,0.0,0.0,0.0,0.0,0.0,0.0,29,142.03067922592163
alpha,0.75,2,1.0,1.0,1.0,0.2687149475737624,0.1552112676056338,1.0,0.0,0.0,0.0,29,141.65567874908447
alpha,0.75,3,0.1840744570837642,0.104860088365243,0.7526427061310782,0.6022031823745411,0.4542936288088642,0.8929219600725953,1.0,1.0,1.0,29,142.1630575656891
alpha,1.0,1,1.0,1.0,1.0,0.0,0.0,0.0,0.0,0.0,0.0,29,142.95104789733887
alpha,1.0,2,1.0,1.0,1.0,0.2687149475737624,0.1552112676056338,1.0,0.0,0.0,0.0,29,141.7176992893219
alpha,1.0,3,0.5135722041259501,0.3455076698319941,1.0,0.9183333333333332,0.8489984591679507,1.0,0.6912045889101338,0.5281227173119065,1.0,29,142.01222229003906
lambd,0.0,1,0.0,0.0,0.0,0.0,0.0,0.0,0.0,0.0,0.0,29,143.3432400226593
lambd,0.0,2,1.0,1.0,1.0,0.0,0.0,0.0,0.0,0.0,0.0,29,142.25375175476074
lambd,0.0,3,0.0,0.0,0.0,0.0,0.0,0.0,0.1396263520157325,0.0914948453608247,0.2946058091286307,29,141.39094042778015
lambd,0.25,1,1.0,1.0,1.0,0.0,0.0,0.0,0.0,0.0,0.0,29,142.92365837097168
lambd,0.25,2,1.0,1.0,1.0,0.2687149475737624,0.1552112676056338,1.0,0.0,0.0,0.0,29,141.63151574134827
lambd,0.25,3,0.1840744570837642,0.104860088365243,0.7526427061310782,1.0,1.0,1.0,0.3035454103933949,0.1840942562592047,0.8644536652835408,29,144.15413331985474
lambd,0.5,1,1.0,1.0,1.0,0.0,0.0,0.0,0.0,0.0,0.0,29,145.18473100662231
lambd,0.5,2,1.0,1.0,1.0,1.0,1.0,1.0,0.0,0.0,0.0,29,142.12714171409607
lambd,0.5,3,0.6624649859943977,0.4952879581151832,1.0,0.9434324065196548,1.0,0.8929219600725953,0.5744934445768772,0.5047120418848168,0.6666666666666666,29,142.5112726688385
lambd,1.0,1,1.0,1.0,1.0,0.0,0.0,0.0,0.0,0.0,0.0,29,143.15184783935547
lambd,1.0,2,1.0,1.0,1.0,1.0,1.0,1.0,0.0,0.0,0.0,29,141.5040237903595
lambd,1.0,3,0.6624649859943977,0.4952879581151832,1.0,0.9434324065196548,1.0,0.8929219600725953,0.5744934445768772,0.5047120418848168,0.6666666666666666,29,141.5001516342163
lambd,2.5,1,1.0,1.0,1.0,0.0,0.0,0.0,0.0,0.0,0.0,29,143.21824026107788
lambd,2.5,2,1.0,1.0,1.0,1.0,1.0,1.0,0.0,0.0,0.0,29,141.881409406662
lambd,2.5,3,0.6624649859943977,0.4952879581151832,1.0,0.9434324065196548,1.0,0.8929219600725953,0.5744934445768772,0.5047120418848168,0.6666666666666666,29,140.78285241127014
lambd,5.0,1,1.0,1.0,1.0,0.0,0.0,0.0,0.0,0.0,0.0,29,142.78534364700317
lambd,5.0,2,1.0,1.0,1.0,1.0,1.0,1.0,0.0,0.0,0.0,29,143.10690474510193
lambd,5.0,3,0.6624649859943977,0.4952879581151832,1.0,0.9434324065196548,1.0,0.8929219600725953,0.5744934445768772,0.5047120418848168,0.6666666666666666,29,142.07163095474243
lambd,10.0,1,1.0,1.0,1.0,0.0,0.0,0.0,0.0,0.0,0.0,29,142.10198163986206
lambd,10.0,2,1.0,1.0,1.0,1.0,1.0,1.0,0.0,0.0,0.0,29,142.50260210037231
lambd,10.0,3,0.6624649859943977,0.4952879581151832,1.0,0.9434324065196548,1.0,0.8929219600725953,0.5744934445768772,0.5047120418848168,0.6666666666666666,29,141.59905171394348
alpha,0.1,1,1.0,1.0,1.0,0.0,0.0,0.0,0.0,0.0,0.0,3,149.11680006980896
alpha,0.1,2,1.0,1.0,1.0,1.0,1.0,1.0,0.0,0.0,0.0,3,140.35770988464355
alpha,0.1,3,0.7615324472243941,1.0,0.61489898989899,1.0,1.0,1.0,1.0,1.0,1.0,3,140.36427187919617
alpha,0.3,1,1.0,1.0,1.0,0.0,0.0,0.0,0.0,0.0,0.0,3,141.86978220939636
alpha,0.3,2,1.0,1.0,1.0,1.0,1.0,1.0,0.0,0.0,0.0,3,140.66904616355896
alpha,0.3,3,0.7615324472243941,1.0,0.61489898989899,0.4864265927977839,0.3213762811127379,1.0,1.0,1.0,1.0,3,139.82218050956726
alpha,0.5,1,1.0,1.0,1.0,0.0,0.0,0.0,0.0,0.0,0.0,3,142.1505446434021
alpha,0.5,2,1.0,1.0,1.0,0.171850699844479,0.103609939052977,0.5034168564920274,0.0,0.0,0.0,3,139.51145267486572
alpha,0.5,3,1.0,1.0,1.0,0.4864265927977839,0.3213762811127379,1.0,1.0,1.0,1.0,3,137.9516224861145
alpha,0.75,1,1.0,1.0,1.0,0.0,0.0,0.0,0.0,0.0,0.0,3,140.22354531288147
alpha,0.75,2,1.0,1.0,1.0,0.171850699844479,0.103609939052977,0.5034168564920274,0.0,0.0,0.0,3,137.5663287639618
alpha,0.75,3,0.6439024390243903,0.4748201438848921,1.0,1.0,1.0,1.0,1.0,1.0,1.0,3,137.8466136455536
alpha,1.0,1,1.0,1.0,1.0,0.0,0.0,0.0,0.0,0.0,0.0,3,137.64936923980713
alpha,1.0,2,1.0,1.0,1.0,1.0,1.0,1.0,0.0,0.0,0.0,3,138.07263922691345
alpha,1.0,3,0.6439024390243903,0.4748201438848921,1.0,0.2959218065385912,0.1736550632911392,1.0,0.6139462407479548,0.4429454749859471,1.0,3,138.00991106033325
lambd,0.0,1,0.0,0.0,0.0,0.0,0.0,0.0,0.0,0.0,0.0,3,138.50218415260315
lambd,0.0,2,0.4373274434014357,0.2798586572438162,1.0,0.0,0.0,0.0,0.0,0.0,0.0,3,138.72798204421997
lambd,0.0,3,0.6439024390243903,0.4748201438848921,1.0,0.0,0.0,0.0,0.0,0.0,0.0,3,137.44059538841248
lambd,0.25,1,1.0,1.0,1.0,0.0,0.0,0.0,0.0,0.0,0.0,3,137.41295266151428
lambd,0.25,2,1.0,1.0,1.0,0.171850699844479,0.103609939052977,0.5034168564920274,0.0,0.0,0.0,3,138.4690511226654
lambd,0.25,3,0.6439024390243903,0.4748201438848921,1.0,0.2528073711488626,0.1446934739617666,1.0,1.0,1.0,1.0,3,137.85525059700012
lambd,0.5,1,1.0,1.0,1.0,0.0,0.0,0.0,0.0,0.0,0.0,3,138.45944738388062
lambd,0.5,2,1.0,1.0,1.0,0.2959218065385912,0.1736550632911392,1.0,0.0,0.0,0.0,3,137.8873291015625
lambd,0.5,3,1.0,1.0,1.0,1.0,1.0,1.0,1.0,1.0,1.0,3,137.51025700569153
lambd,1.0,1,1.0,1.0,1.0,0.0,0.0,0.0,0.0,0.0,0.0,3,139.48878574371338
lambd,1.0,2,1.0,1.0,1.0,0.171850699844479,0.103609939052977,0.5034168564920274,0.0,0.0,0.0,3,137.90352630615234
lambd,1.0,3,1.0,1.0,1.0,1.0,1.0,1.0,1.0,1.0,1.0,3,138.21229314804077
lambd,2.5,1,1.0,1.0,1.0,0.0,0.0,0.0,0.0,0.0,0.0,3,138.7248477935791
lambd,2.5,2,1.0,1.0,1.0,0.2959218065385912,0.1736550632911392,1.0,0.0,0.0,0.0,3,137.262300491333
lambd,2.5,3,1.0,1.0,1.0,1.0,1.0,1.0,1.0,1.0,1.0,3,137.99405479431152
lambd,5.0,1,1.0,1.0,1.0,0.0,0.0,0.0,0.0,0.0,0.0,3,138.55214262008667
lambd,5.0,2,1.0,1.0,1.0,0.171850699844479,0.103609939052977,0.5034168564920274,0.0,0.0,0.0,3,138.30415725708008
lambd,5.0,3,0.7615324472243941,1.0,0.61489898989899,1.0,1.0,1.0,1.0,1.0,1.0,3,137.06673312187195
lambd,10.0,1,1.0,1.0,1.0,0.0,0.0,0.0,0.0,0.0,0.0,3,137.66323900222778
lambd,10.0,2,1.0,1.0,1.0,0.2959218065385912,0.1736550632911392,1.0,0.0,0.0,0.0,3,137.99777269363403
lambd,10.0,3,1.0,1.0,1.0,1.0,1.0,1.0,1.0,1.0,1.0,3,137.4333109855652
alpha,0.1,1,1.0,1.0,1.0,0.0,0.0,0.0,0.0,0.0,0.0,30,146.29898500442505
alpha,0.1,2,1.0,1.0,1.0,1.0,1.0,1.0,0.0,0.0,0.0,30,140.6421399116516
alpha,0.1,3,0.3403993855606759,0.2245642480745845,0.7030456852791879,1.0,1.0,1.0,0.1034482758620689,0.0668828536684231,0.2282157676348547,30,140.17242646217346
alpha,0.3,1,1.0,1.0,1.0,0.0,0.0,0.0,0.0,0.0,0.0,30,138.01053929328918
alpha,0.3,2,1.0,1.0,1.0,1.0,1.0,1.0,0.0,0.0,0.0,30,138.15316581726074
alpha,0.3,3,0.3464995913919912,0.2206035379812695,0.8071065989847716,1.0,1.0,1.0,0.5744934445768772,0.5047120418848168,0.6666666666666666,30,137.87477469444275
alpha,0.5,1,1.0,1.0,1.0,0.0,0.0,0.0,0.0,0.0,0.0,30,137.51090669631958
alpha,0.5,2,0.363301060396496,0.2219718309859155,1.0,1.0,1.0,1.0,0.0,0.0,0.0,30,137.44559741020203
alpha,0.5,3,0.3464995913919912,0.2206035379812695,0.8071065989847716,0.6624649859943977,0.4952879581151832,1.0,0.5744934445768772,0.5047120418848168,0.6666666666666666,30,140.51978850364685
alpha,0.75,1,1.0,1.0,1.0,0.0,0.0,0.0,0.0,0.0,0.0,30,142.32312059402466
alpha,0.75,2,1.0,1.0,1.0,1.0,1.0,1.0,0.0,0.0,0.0,30,137.36360335350037
alpha,0.75,3,0.3464995913919912,0.2206035379812695,0.8071065989847716,0.6624649859943977,0.4952879581151832,1.0,0.5744934445768772,0.5047120418848168,0.6666666666666666,30,137.27981209754944
alpha,1.0,1,1.0,1.0,1.0,0.0,0.0,0.0,0.0,0.0,0.0,30,139.39687871932983
alpha,1.0,2,0.363301060396496,0.2219718309859155,1.0,1.0,1.0,1.0,0.0,0.0,0.0,30,138.01562190055847
alpha,1.0,3,0.3464995913919912,0.2206035379812695,0.8071065989847716,0.6624649859943977,0.4952879581151832,1.0,0.5744934445768772,0.5047120418848168,0.6666666666666666,30,137.02310752868652
lambd,0.0,1,0.0,0.0,0.0,0.0,0.0,0.0,0.0,0.0,0.0,30,138.20222449302673
lambd,0.0,2,0.0,0.0,0.0,0.0,0.0,0.0,0.0,0.0,0.0,30,138.97827744483948
lambd,0.0,3,0.0,0.0,0.0,0.0,0.0,0.0,0.1069669247009148,0.0717319490325625,0.2102351313969571,30,137.94266891479492
lambd,0.25,1,1.0,1.0,1.0,0.0,0.0,0.0,0.0,0.0,0.0,30,137.63510417938232
lambd,0.25,2,0.0,0.0,0.0,0.0,0.0,0.0,0.0,0.0,0.0,30,138.18047332763672
lambd,0.25,3,0.3464995913919912,0.2206035379812695,0.8071065989847716,0.6624649859943977,0.4952879581151832,1.0,0.5744934445768772,0.5047120418848168,0.6666666666666666,30,137.80148553848267
lambd,0.5,1,1.0,1.0,1.0,0.0,0.0,0.0,0.0,0.0,0.0,30,140.56414270401
lambd,0.5,2,1.0,1.0,1.0,1.0,1.0,1.0,0.0,0.0,0.0,30,139.2153286933899
lambd,0.5,3,0.3464995913919912,0.2206035379812695,0.8071065989847716,0.6624649859943977,0.4952879581151832,1.0,0.5744934445768772,0.5047120418848168,0.6666666666666666,30,137.16562247276306
lambd,1.0,1,1.0,1.0,1.0,0.0,0.0,0.0,0.0,0.0,0.0,30,137.91280245780945
lambd,1.0,2,1.0,1.0,1.0,1.0,1.0,1.0,0.0,0.0,0.0,30,137.20923137664795
lambd,1.0,3,0.3464995913919912,0.2206035379812695,0.8071065989847716,0.6624649859943977,0.4952879581151832,1.0,0.5744934445768772,0.5047120418848168,0.6666666666666666,30,136.99792218208313
lambd,2.5,1,1.0,1.0,1.0,0.0,0.0,0.0,0.0,0.0,0.0,30,137.40210914611816
lambd,2.5,2,1.0,1.0,1.0,1.0,1.0,1.0,0.0,0.0,0.0,30,136.87845540046692
lambd,2.5,3,0.3464995913919912,0.2206035379812695,0.8071065989847716,1.0,1.0,1.0,0.5744934445768772,0.5047120418848168,0.6666666666666666,30,137.04138779640198
lambd,5.0,1,1.0,1.0,1.0,0.0,0.0,0.0,0.0,0.0,0.0,30,137.4745216369629
lambd,5.0,2,1.0,1.0,1.0,1.0,1.0,1.0,0.0,0.0,0.0,30,137.72255206108093
lambd,5.0,3,1.0,1.0,1.0,1.0,1.0,1.0,0.5744934445768772,0.5047120418848168,0.6666666666666666,30,136.7845230102539
lambd,10.0,1,1.0,1.0,1.0,0.0,0.0,0.0,0.0,0.0,0.0,30,137.8892846107483
lambd,10.0,2,1.0,1.0,1.0,1.0,1.0,1.0,0.0,0.0,0.0,30,136.63132071495056
lambd,10.0,3,1.0,1.0,1.0,1.0,1.0,1.0,0.5744934445768772,0.5047120418848168,0.6666666666666666,30,134.39574265480042
alpha,0.1,1,1.0,1.0,1.0,0.0,0.0,0.0,0.0,0.0,0.0,31,147.89545845985413
alpha,0.1,2,0.4880253050158156,0.3227734608487747,1.0,1.0,1.0,1.0,0.0,0.0,0.0,31,140.25665497779846
alpha,0.1,3,0.6732186732186731,1.0,0.5074074074074074,1.0,1.0,1.0,0.961271102284012,1.0,0.9254302103250478,31,137.5624144077301
alpha,0.3,1,1.0,1.0,1.0,0.0,0.0,0.0,0.0,0.0,0.0,31,138.32900738716123
alpha,0.3,2,0.2154340836012861,0.1375770020533881,0.4962962962962963,1.0,1.0,1.0,0.0,0.0,0.0,31,138.70377349853516
alpha,0.3,3,1.0,1.0,1.0,1.0,1.0,1.0,1.0,1.0,1.0,31,140.34494733810425
alpha,0.5,1,1.0,1.0,1.0,0.0,0.0,0.0,0.0,0.0,0.0,31,139.84326815605164
alpha,0.5,2,0.2890018731602889,0.1689083515796058,1.0,1.0,1.0,1.0,0.0,0.0,0.0,31,137.32831954956055
alpha,0.5,3,0.3582089552238806,0.2181818181818181,1.0,1.0,1.0,1.0,1.0,1.0,1.0,31,137.55206203460693
alpha,0.75,1,1.0,1.0,1.0,0.0,0.0,0.0,0.0,0.0,0.0,31,138.667231798172
alpha,0.75,2,0.2890018731602889,0.1689083515796058,1.0,1.0,1.0,1.0,0.0,0.0,0.0,31,137.3581304550171
alpha,0.75,3,1.0,1.0,1.0,0.3140643623361144,0.1862849063273241,1.0,1.0,1.0,1.0,31,136.91642498970032
alpha,1.0,1,1.0,1.0,1.0,0.0,0.0,0.0,0.0,0.0,0.0,31,137.28467202186584
alpha,1.0,2,0.2890018731602889,0.1689083515796058,1.0,1.0,1.0,1.0,0.0,0.0,0.0,31,137.6486942768097
alpha,1.0,3,0.2690582959641255,0.155440414507772,1.0,0.2634341414646338,0.1516983304548071,1.0,1.0,1.0,1.0,31,136.88931512832642
lambd,0.0,1,0.0,0.0,0.0,0.0,0.0,0.0,0.0,0.0,0.0,31,140.0818521976471
lambd,0.0,2,0.0,0.0,0.0,0.0,0.0,0.0,0.0,0.0,0.0,31,137.381573677063
lambd,0.0,3,0.3582089552238806,0.2181818181818181,1.0,0.2634341414646338,0.1516983304548071,1.0,0.0,0.0,0.0,31,137.99017572402954
lambd,0.25,1,1.0,1.0,1.0,0.0,0.0,0.0,0.0,0.0,0.0,31,138.98288655281067
lambd,0.25,2,0.0,0.0,0.0,0.0666666666666666,0.0539273153575615,0.0872865275142315,0.0,0.0,0.0,31,138.89549326896667
lambd,0.25,3,0.3582089552238806,0.2181818181818181,1.0,1.0,1.0,1.0,0.0,0.0,0.0,31,138.34996461868286
lambd,0.5,1,1.0,1.0,1.0,0.0,0.0,0.0,0.0,0.0,0.0,31,139.12659454345703
lambd,0.5,2,0.2890018731602889,0.1689083515796058,1.0,1.0,1.0,1.0,0.0,0.0,0.0,31,138.07149934768677
lambd,0.5,3,1.0,1.0,1.0,1.0,1.0,1.0,1.0,1.0,1.0,31,138.38022255897522
lambd,1.0,1,1.0,1.0,1.0,0.0,0.0,0.0,0.0,0.0,0.0,31,139.60020112991333
lambd,1.0,2,0.2154340836012861,0.1375770020533881,0.4962962962962963,1.0,1.0,1.0,0.0,0.0,0.0,31,137.34299063682556
lambd,1.0,3,1.0,1.0,1.0,1.0,1.0,1.0,1.0,1.0,1.0,31,137.33440446853638
lambd,2.5,1,1.0,1.0,1.0,0.0,0.0,0.0,0.0,0.0,0.0,31,138.52753567695618
lambd,2.5,2,0.2890018731602889,0.1689083515796058,1.0,1.0,1.0,1.0,0.0,0.0,0.0,31,137.7238411903381
lambd,2.5,3,1.0,1.0,1.0,1.0,1.0,1.0,1.0,1.0,1.0,31,137.4964783191681
lambd,5.0,1,1.0,1.0,1.0,0.0,0.0,0.0,0.0,0.0,0.0,31,138.57109832763672
lambd,5.0,2,0.2890018731602889,0.1689083515796058,1.0,1.0,1.0,1.0,0.0,0.0,0.0,31,137.95579385757446
lambd,5.0,3,0.2690582959641255,0.155440414507772,1.0,1.0,1.0,1.0,1.0,1.0,1.0,31,138.9560887813568
lambd,10.0,1,1.0,1.0,1.0,0.0,0.0,0.0,0.0,0.0,0.0,31,137.67279887199402
lambd,10.0,2,1.0,1.0,1.0,1.0,1.0,1.0,0.0,0.0,0.0,31,137.0392735004425
lambd,10.0,3,0.4207269914926527,0.3612217795484728,0.5037037037037037,1.0,1.0,1.0,0.961271102284012,1.0,0.9254302103250478,31,136.8321361541748
alpha,0.1,1,0.9801633605600932,1.0,0.9610983981693364,0.0,0.0,0.0,0.0,0.0,0.0,32,149.1324179172516
alpha,0.1,2,0.3692870201096891,0.9181818181818182,0.2311212814645309,1.0,1.0,1.0,0.0,0.0,0.0,32,142.03940200805664
alpha,0.1,3,0.0088757396449704,0.0052933392148213,0.0274599542334096,1.0,1.0,1.0,0.3176265270506108,1.0,0.1887966804979253,32,140.58995962142944
alpha,0.3,1,0.9801633605600932,1.0,0.9610983981693364,0.0,0.0,0.0,0.0,0.0,0.0,32,142.34880876541138
alpha,0.3,2,1.0,1.0,1.0,1.0,1.0,1.0,0.0,0.0,0.0,32,138.89391660690308
alpha,0.3,3,0.1563015960374243,0.088833281201126,0.6498855835240275,1.0,1.0,1.0,0.1924435988040228,0.1107288082577416,0.7344398340248963,32,139.34324145317078
alpha,0.5,1,0.9801633605600932,1.0,0.9610983981693364,0.0,0.0,0.0,0.0,0.0,0.0,32,141.22498297691345
alpha,0.5,2,0.9230769230769232,0.8879492600422833,0.9610983981693364,1.0,1.0,1.0,0.0,0.0,0.0,32,142.34032082557678
alpha,0.5,3,0.1563015960374243,0.088833281201126,0.6498855835240275,1.0,1.0,1.0,0.2033359809372517,0.1647361647361647,0.2655601659751037,32,140.47629070281982
alpha,0.75,1,0.9801633605600932,1.0,0.9610983981693364,0.0,0.0,0.0,0.0,0.0,0.0,32,141.3886420726776
alpha,0.75,2,1.0,1.0,1.0,1.0,1.0,1.0,0.0,0.0,0.0,32,138.57022500038147
alpha,0.75,3,0.1563015960374243,0.088833281201126,0.6498855835240275,0.8623718887262078,0.758043758043758,1.0,0.2033359809372517,0.1647361647361647,0.2655601659751037,32,138.03975176811218
alpha,1.0,1,1.0,1.0,1.0,0.0,0.0,0.0,0.0,0.0,0.0,32,138.73148369789124
alpha,1.0,2,0.4839424141749723,0.3192111029948867,1.0,1.0,1.0,1.0,0.0,0.0,0.0,32,138.6882336139679
alpha,1.0,3,0.1563015960374243,0.088833281201126,0.6498855835240275,0.8623718887262078,0.758043758043758,1.0,0.2033359809372517,0.1647361647361647,0.2655601659751037,32,137.42101335525513
lambd,0.0,1,0.0,0.0,0.0,0.0,0.0,0.0,0.0,0.0,0.0,32,138.78034782409668
lambd,0.0,2,0.1563015960374243,0.088833281201126,0.6498855835240275,0.0,0.0,0.0,0.0,0.0,0.0,32,138.77329850196838
lambd,0.0,3,0.0088757396449704,0.0052933392148213,0.0274599542334096,0.0,0.0,0.0,0.0,0.0,0.0,32,137.6903965473175
lambd,0.25,1,0.9801633605600932,1.0,0.9610983981693364,0.0,0.0,0.0,0.0,0.0,0.0,32,138.80159521102905
lambd,0.25,2,1.0,1.0,1.0,1.0,1.0,1.0,0.0,0.0,0.0,32,138.77956295013428
lambd,0.25,3,0.1563015960374243,0.088833281201126,0.6498855835240275,1.0,1.0,1.0,0.1924435988040228,0.1107288082577416,0.7344398340248963,32,137.57739686965942
lambd,0.5,1,0.9801633605600932,1.0,0.9610983981693364,0.0,0.0,0.0,0.0,0.0,0.0,32,139.18270635604858
lambd,0.5,2,0.8070175438596492,0.6764705882352942,1.0,1.0,1.0,1.0,0.0,0.0,0.0,32,138.65308666229248
lambd,0.5,3,0.1563015960374243,0.088833281201126,0.6498855835240275,1.0,1.0,1.0,0.2033359809372517,0.1647361647361647,0.2655601659751037,32,137.40509176254272
lambd,1.0,1,0.9801633605600932,1.0,0.9610983981693364,0.0,0.0,0.0,0.0,0.0,0.0,32,138.6640691757202
lambd,1.0,2,0.9801633605600932,1.0,0.9610983981693364,1.0,1.0,1.0,0.0,0.0,0.0,32,138.80822086334229
lambd,1.0,3,0.1563015960374243,0.088833281201126,0.6498855835240275,1.0,1.0,1.0,1.0,1.0,1.0,32,137.33271884918213
lambd,2.5,1,0.9801633605600932,1.0,0.9610983981693364,0.0,0.0,0.0,0.0,0.0,0.0,32,138.53340220451355
lambd,2.5,2,0.9801633605600932,1.0,0.9610983981693364,1.0,1.0,1.0,0.0,0.0,0.0,32,138.8205807209015
lambd,2.5,3,0.1563015960374243,0.088833281201126,0.6498855835240275,1.0,1.0,1.0,1.0,1.0,1.0,32,137.3327615261078
lambd,5.0,1,0.9801633605600932,1.0,0.9610983981693364,0.0,0.0,0.0,0.0,0.0,0.0,32,138.40299034118652
lambd,5.0,2,0.9801633605600932,1.0,0.9610983981693364,1.0,1.0,1.0,0.0,0.0,0.0,32,137.10812282562256
lambd,5.0,3,0.1563015960374243,0.088833281201126,0.6498855835240275,1.0,1.0,1.0,1.0,1.0,1.0,32,137.34598350524902
lambd,10.0,1,0.9801633605600932,1.0,0.9610983981693364,0.0,0.0,0.0,0.0,0.0,0.0,32,138.71542167663574
lambd,10.0,2,0.9801633605600932,1.0,0.9610983981693364,1.0,1.0,1.0,0.0,0.0,0.0,32,138.72999930381775
lambd,10.0,3,0.1563015960374243,0.088833281201126,0.6498855835240275,0.9222323879231472,1.0,0.8556876061120543,1.0,1.0,1.0,32,137.39669680595398
alpha,0.1,1,0.6903023983315955,1.0,0.5270700636942676,0.0,0.0,0.0,0.0,0.0,0.0,33,149.11764240264893
alpha,0.1,2,0.6509129967776585,1.0,0.482484076433121,1.0,1.0,1.0,0.0,0.0,0.0,33,142.14104461669922
alpha,0.1,3,0.6666666666666666,1.0,0.5,1.0,1.0,1.0,0.2654680063458487,0.2109243697478991,0.3580599144079885,33,142.5932114124298
alpha,0.3,1,0.7817652764306499,1.0,0.64171974522293,0.0,0.0,0.0,0.0,0.0,0.0,33,141.64163208007812
alpha,0.3,2,0.897278314310799,1.0,0.8136942675159236,1.0,1.0,1.0,0.0,0.0,0.0,33,140.38796734809875
alpha,0.3,3,0.8359592215013901,1.0,0.7181528662420382,1.0,1.0,1.0,1.0,1.0,1.0,33,139.7597153186798
alpha,0.5,1,0.897278314310799,1.0,0.8136942675159236,0.0,0.0,0.0,0.0,0.0,0.0,33,140.72446608543396
alpha,0.5,2,0.8455882352941175,1.0,0.732484076433121,1.0,1.0,1.0,0.0,0.0,0.0,33,140.06560444831848
alpha,0.5,3,0.261723700887199,0.1633702531645569,0.6576433121019108,1.0,1.0,1.0,0.258903685351502,0.1653481012658227,0.5962910128388017,33,139.64381980895996
alpha,0.75,1,1.0,1.0,1.0,0.0,0.0,0.0,0.0,0.0,0.0,33,140.193754196167
alpha,0.75,2,0.261723700887199,0.1633702531645569,0.6576433121019108,1.0,1.0,1.0,0.0,0.0,0.0,33,142.84956908226013
alpha,0.75,3,0.261723700887199,0.1633702531645569,0.6576433121019108,1.0,1.0,1.0,0.258903685351502,0.1653481012658227,0.5962910128388017,33,140.3130180835724
alpha,1.0,1,1.0,1.0,1.0,0.0,0.0,0.0,0.0,0.0,0.0,33,139.2305462360382
alpha,1.0,2,0.2719797596457937,0.2256033578174186,0.3423566878980891,0.7615334632878492,0.614900314795383,1.0,0.0,0.0,0.0,33,139.48166036605835
alpha,1.0,3,0.4060782411897833,0.2547667342799188,1.0,1.0,1.0,1.0,0.258903685351502,0.1653481012658227,0.5962910128388017,33,139.23507714271545
lambd,0.0,1,0.0,0.0,0.0,0.0,0.0,0.0,0.0,0.0,0.0,33,139.01240801811218
lambd,0.0,2,0.261723700887199,0.1633702531645569,0.6576433121019108,0.0,0.0,0.0,0.0,0.0,0.0,33,139.99764800071716
lambd,0.0,3,0.261723700887199,0.1633702531645569,0.6576433121019108,0.0,0.0,0.0,0.258903685351502,0.1653481012658227,0.5962910128388017,33,139.34533834457395
lambd,0.25,1,0.7817652764306499,1.0,0.64171974522293,0.0,0.0,0.0,0.0,0.0,0.0,33,140.57025384902954
lambd,0.25,2,0.9373942470389172,1.0,0.8821656050955414,0.2157708905453118,0.1400916963830871,0.4692832764505119,0.0,0.0,0.0,33,141.6278522014618
lambd,0.25,3,1.0,1.0,1.0,1.0,1.0,1.0,0.6106271777003484,0.4394984326018809,1.0,33,140.38851976394653
lambd,0.5,1,0.7817652764306499,1.0,0.64171974522293,0.0,0.0,0.0,0.0,0.0,0.0,33,139.6137547492981
lambd,0.5,2,0.7817652764306499,1.0,0.64171974522293,1.0,1.0,1.0,0.0,0.0,0.0,33,139.90096426010132
lambd,0.5,3,0.931063829787234,1.0,0.8710191082802548,1.0,1.0,1.0,0.2912912912912913,0.1976566479877738,0.5534950071326676,33,139.40300035476685
lambd,1.0,1,0.7817652764306499,1.0,0.64171974522293,0.0,0.0,0.0,0.0,0.0,0.0,33,139.66588926315308
lambd,1.0,2,0.7817652764306499,1.0,0.64171974522293,1.0,1.0,1.0,0.0,0.0,0.0,33,140.9147982597351
lambd,1.0,3,0.261723700887199,0.1633702531645569,0.6576433121019108,1.0,1.0,1.0,0.258903685351502,0.1653481012658227,0.5962910128388017,33,139.5217685699463
lambd,2.5,1,0.8327137546468402,1.0,0.7133757961783439,0.0,0.0,0.0,0.0,0.0,0.0,33,141.52826595306396
lambd,2.5,2,0.7157464212678937,1.0,0.5573248407643312,1.0,1.0,1.0,0.0,0.0,0.0,33,140.44989848136902
lambd,2.5,3,0.261723700887199,0.1633702531645569,0.6576433121019108,1.0,1.0,1.0,0.258903685351502,0.1653481012658227,0.5962910128388017,33,139.78867149353027
lambd,5.0,1,0.897278314310799,1.0,0.8136942675159236,0.0,0.0,0.0,0.0,0.0,0.0,33,140.2992250919342
lambd,5.0,2,0.7934678194044189,1.0,0.6576433121019108,1.0,1.0,1.0,0.0,0.0,0.0,33,141.62110328674316
lambd,5.0,3,1.0,1.0,1.0,1.0,1.0,1.0,0.3654848800834202,0.2236044657097288,1.0,33,143.4459159374237
lambd,10.0,1,0.897278314310799,1.0,0.8136942675159236,0.0,0.0,0.0,0.0,0.0,0.0,33,142.3044228553772
lambd,10.0,2,0.261723700887199,0.1633702531645569,0.6576433121019108,1.0,1.0,1.0,0.0,0.0,0.0,33,141.5801298618317
lambd,10.0,3,1.0,1.0,1.0,0.3149690943294813,0.1869218500797448,1.0,0.5764802631578947,0.4049682264586944,1.0,33,139.2546112537384
alpha,0.1,1,1.0,1.0,1.0,0.0,0.0,0.0,0.0,0.0,0.0,34,148.0032558441162
alpha,0.1,2,0.0,0.0,0.0,0.7926988265971318,1.0,0.6565874730021598,0.0,0.0,0.0,34,142.3594264984131
alpha,0.1,3,0.7109974424552431,0.8553846153846154,0.6083150984682714,0.7926988265971318,1.0,0.6565874730021598,0.0,0.0,0.0,34,138.5399661064148
alpha,0.3,1,1.0,1.0,1.0,0.0,0.0,0.0,0.0,0.0,0.0,34,137.9417474269867
alpha,0.3,2,0.2510989010989011,0.1435752434809927,1.0,1.0,1.0,1.0,0.0,0.0,0.0,34,138.61665678024292
alpha,0.3,3,0.7174254317111461,0.5593635250917993,1.0,1.0,1.0,1.0,0.3659244917715392,0.383367139959432,0.35,34,137.29815888404846
alpha,0.5,1,1.0,1.0,1.0,0.0,0.0,0.0,0.0,0.0,0.0,34,138.54623770713806
alpha,0.5,2,0.2510989010989011,0.1435752434809927,1.0,1.0,1.0,1.0,0.0,0.0,0.0,34,138.800936460495
alpha,0.5,3,0.3051752921535893,0.1800630417651694,1.0,1.0,1.0,1.0,0.3659244917715392,0.383367139959432,0.35,34,138.01695108413696
alpha,0.75,1,1.0,1.0,1.0,0.0,0.0,0.0,0.0,0.0,0.0,34,139.99101972579956
alpha,0.75,2,0.0849420849420849,0.0515705578996718,0.2407002188183807,1.0,1.0,1.0,0.0,0.0,0.0,34,139.45387601852417
alpha,0.75,3,0.0974313551815766,0.0610771793448084,0.2407002188183807,1.0,1.0,1.0,0.5672268907563025,0.3958944281524926,1.0,34,137.70077228546145
alpha,1.0,1,1.0,1.0,1.0,0.0,0.0,0.0,0.0,0.0,0.0,34,138.9133906364441
alpha,1.0,2,0.2510989010989011,0.1435752434809927,1.0,1.0,1.0,1.0,0.0,0.0,0.0,34,139.92427325248718
alpha,1.0,3,0.0974313551815766,0.0610771793448084,0.2407002188183807,1.0,1.0,1.0,0.4913557779799818,0.3256936067551266,1.0,34,138.31831669807434
lambd,0.0,1,0.0,0.0,0.0,0.0,0.0,0.0,0.0,0.0,0.0,34,138.3473763465881
lambd,0.0,2,0.2510989010989011,0.1435752434809927,1.0,0.0,0.0,0.0,0.0,0.0,0.0,34,138.9348006248474
lambd,0.0,3,0.7174254317111461,0.5593635250917993,1.0,0.0,0.0,0.0,0.0,0.0,0.0,34,137.81974244117737
lambd,0.25,1,1.0,1.0,1.0,0.0,0.0,0.0,0.0,0.0,0.0,34,138.61215806007385
lambd,0.25,2,0.2510989010989011,0.1435752434809927,1.0,1.0,1.0,1.0,0.0,0.0,0.0,34,138.2041585445404
lambd,0.25,3,0.0974313551815766,0.0610771793448084,0.2407002188183807,1.0,1.0,1.0,0.2027684249906472,0.127051101734646,0.5018518518518519,34,138.02999234199524
lambd,0.5,1,1.0,1.0,1.0,0.0,0.0,0.0,0.0,0.0,0.0,34,139.9118504524231
lambd,0.5,2,0.0849420849420849,0.0515705578996718,0.2407002188183807,1.0,1.0,1.0,0.0,0.0,0.0,34,140.35707807540894
lambd,0.5,3,0.0974313551815766,0.0610771793448084,0.2407002188183807,1.0,1.0,1.0,1.0,1.0,1.0,34,137.67342257499695
lambd,1.0,1,1.0,1.0,1.0,0.0,0.0,0.0,0.0,0.0,0.0,34,139.16838932037354
lambd,1.0,2,0.2510989010989011,0.1435752434809927,1.0,1.0,1.0,1.0,0.0,0.0,0.0,34,139.21713423728943
lambd,1.0,3,0.0974313551815766,0.0610771793448084,0.2407002188183807,1.0,1.0,1.0,0.3659244917715392,0.383367139959432,0.35,34,137.4660828113556
lambd,2.5,1,1.0,1.0,1.0,0.0,0.0,0.0,0.0,0.0,0.0,34,138.2847261428833
lambd,2.5,2,0.0849420849420849,0.0515705578996718,0.2407002188183807,1.0,1.0,1.0,0.0,0.0,0.0,34,141.77762866020203
lambd,2.5,3,0.7174254317111461,0.5593635250917993,1.0,1.0,1.0,1.0,0.3659244917715392,0.383367139959432,0.35,34,139.50286722183228
lambd,5.0,1,1.0,1.0,1.0,0.0,0.0,0.0,0.0,0.0,0.0,34,138.3722538948059
lambd,5.0,2,0.2510989010989011,0.1435752434809927,1.0,1.0,1.0,1.0,0.0,0.0,0.0,34,138.02595138549805
lambd,5.0,3,0.0974313551815766,0.0610771793448084,0.2407002188183807,0.6359832635983262,0.6166328600405679,0.6565874730021598,0.3659244917715392,0.383367139959432,0.35,34,137.8298144340515
lambd,10.0,1,1.0,1.0,1.0,0.0,0.0,0.0,0.0,0.0,0.0,34,138.99467372894287
lambd,10.0,2,0.0849420849420849,0.0515705578996718,0.2407002188183807,1.0,1.0,1.0,0.0,0.0,0.0,34,138.00904250144958
lambd,10.0,3,1.0,1.0,1.0,1.0,1.0,1.0,0.4088145896656535,0.3466494845360824,0.4981481481481482,34,138.09367108345032
alpha,0.1,1,0.3768506056527591,1.0,0.2321724709784411,0.0,0.0,0.0,0.0,0.0,0.0,35,147.7090082168579
alpha,0.1,2,0.6674033149171271,1.0,0.5008291873963516,0.8009592326139089,1.0,0.668,0.0,0.0,0.0,35,141.84610390663147
alpha,0.1,3,0.2287128712871287,0.1630204657727593,0.3830845771144278,1.0,1.0,1.0,0.0766773162939297,0.072,0.082004555808656,35,138.2358226776123
alpha,0.3,1,0.5911214953271028,1.0,0.4195688225538971,0.0,0.0,0.0,0.0,0.0,0.0,35,140.68618845939636
alpha,0.3,2,0.6790799561883899,1.0,0.5140961857379768,1.0,1.0,1.0,0.0,0.0,0.0,35,138.54112720489502
alpha,0.3,3,0.2359467455621302,0.1518324607329843,0.5290215588723052,1.0,1.0,1.0,0.0766773162939297,0.072,0.082004555808656,35,138.38614535331726
alpha,0.5,1,0.3434065934065934,1.0,0.2072968490878938,0.0,0.0,0.0,0.0,0.0,0.0,35,139.85731387138367
alpha,0.5,2,0.8981762917933132,0.8288920056100981,0.9800995024875622,1.0,1.0,1.0,0.0,0.0,0.0,35,142.1163592338562
alpha,0.5,3,0.2359467455621302,0.1518324607329843,0.5290215588723052,1.0,1.0,1.0,0.0766773162939297,0.072,0.082004555808656,35,137.87322187423706
alpha,0.1,1,1.0,1.0,1.0,0.0,0.0,0.0,0.0,0.0,0.0,36,149.7098741531372
alpha,0.1,2,0.4641037517369152,0.3021712907117008,1.0,1.0,1.0,1.0,0.0,0.0,0.0,36,143.77384519577026
alpha,0.1,3,0.0,0.0,0.0,1.0,1.0,1.0,1.0,1.0,1.0,36,144.59988403320312
alpha,0.3,1,1.0,1.0,1.0,0.0,0.0,0.0,0.0,0.0,0.0,36,142.71495366096497
alpha,0.3,2,1.0,1.0,1.0,1.0,1.0,1.0,0.0,0.0,0.0,36,143.27634477615356
alpha,0.3,3,0.0596161698652511,0.0374743326488706,0.1457085828343313,0.1946640316205533,0.1242118537200504,0.4497716894977169,1.0,1.0,1.0,36,143.93615007400513
alpha,0.5,1,1.0,1.0,1.0,0.0,0.0,0.0,0.0,0.0,0.0,36,142.8096673488617
alpha,0.5,2,0.2709572742022715,0.1567094150766343,1.0,1.0,1.0,1.0,0.0,0.0,0.0,36,143.041827917099
alpha,0.5,3,0.2582474226804123,0.1482687185557857,1.0,0.2294996070212208,0.1296241491565552,1.0,1.0,1.0,1.0,36,143.35317254066467
alpha,0.75,1,1.0,1.0,1.0,0.0,0.0,0.0,0.0,0.0,0.0,36,139.02775478363037
alpha,0.75,2,0.2709572742022715,0.1567094150766343,1.0,1.0,1.0,1.0,0.0,0.0,0.0,36,139.81543231010437
alpha,0.75,3,0.2582474226804123,0.1482687185557857,1.0,0.2294996070212208,0.1296241491565552,1.0,1.0,1.0,1.0,36,139.92387771606445
alpha,1.0,1,1.0,1.0,1.0,0.0,0.0,0.0,0.0,0.0,0.0,36,139.3801920413971
alpha,1.0,2,1.0,1.0,1.0,1.0,1.0,1.0,0.0,0.0,0.0,36,139.64192819595337
alpha,1.0,3,0.2582474226804123,0.1482687185557857,1.0,1.0,1.0,1.0,1.0,1.0,1.0,36,139.45785117149353
lambd,0.0,1,0.0,0.0,0.0,0.0,0.0,0.0,0.0,0.0,0.0,36,139.278746843338
lambd,0.0,2,0.0,0.0,0.0,0.0,0.0,0.0,0.0,0.0,0.0,36,141.45470118522644
lambd,0.0,3,0.0596161698652511,0.0374743326488706,0.1457085828343313,0.1793797150041911,0.1098562628336755,0.4885844748858447,0.0,0.0,0.0,36,141.89639973640442
lambd,0.25,1,1.0,1.0,1.0,0.0,0.0,0.0,0.0,0.0,0.0,36,140.18935799598694
lambd,0.25,2,0.2709572742022715,0.1567094150766343,1.0,1.0,1.0,1.0,0.0,0.0,0.0,36,140.95553350448608
lambd,0.25,3,0.2582474226804123,0.1482687185557857,1.0,0.2294996070212208,0.1296241491565552,1.0,0.7174254317111461,0.5593635250917993,1.0,36,139.68780899047852
lambd,0.5,1,1.0,1.0,1.0,0.0,0.0,0.0,0.0,0.0,0.0,36,142.28536581993103
lambd,0.5,2,1.0,1.0,1.0,1.0,1.0,1.0,0.0,0.0,0.0,36,141.000807762146
lambd,0.5,3,0.2582474226804123,0.1482687185557857,1.0,1.0,1.0,1.0,1.0,1.0,1.0,36,140.82023549079895
lambd,1.0,1,1.0,1.0,1.0,0.0,0.0,0.0,0.0,0.0,0.0,36,139.79443264007568
lambd,1.0,2,1.0,1.0,1.0,1.0,1.0,1.0,0.0,0.0,0.0,36,141.38100743293762
lambd,1.0,3,0.2582474226804123,0.1482687185557857,1.0,1.0,1.0,1.0,1.0,1.0,1.0,36,143.74966263771057
lambd,2.5,1,1.0,1.0,1.0,0.0,0.0,0.0,0.0,0.0,0.0,36,143.40772080421448
lambd,2.5,2,1.0,1.0,1.0,1.0,1.0,1.0,0.0,0.0,0.0,36,142.4136300086975
lambd,2.5,3,0.2564102564102564,0.1597836774827925,0.6487025948103793,0.1793797150041911,0.1098562628336755,0.4885844748858447,1.0,1.0,1.0,36,142.07588696479797
lambd,5.0,1,1.0,1.0,1.0,0.0,0.0,0.0,0.0,0.0,0.0,36,140.7226598262787
lambd,5.0,2,1.0,1.0,1.0,1.0,1.0,1.0,0.0,0.0,0.0,36,140.83855867385864
lambd,5.0,3,1.0,1.0,1.0,1.0,1.0,1.0,1.0,1.0,1.0,36,142.22060585021973
lambd,10.0,1,1.0,1.0,1.0,0.0,0.0,0.0,0.0,0.0,0.0,36,140.54661512374878
lambd,10.0,2,1.0,1.0,1.0,1.0,1.0,1.0,0.0,0.0,0.0,36,140.21304082870483
lambd,10.0,3,0.4298584298584298,0.2737704918032786,1.0,1.0,1.0,1.0,1.0,1.0,1.0,36,140.13812685012817
alpha,0.1,1,0.7898966704936854,1.0,0.6527514231499051,0.0,0.0,0.0,0.0,0.0,0.0,37,149.88207244873047
alpha,0.1,2,0.8729508196721311,0.9487750556792872,0.8083491461100569,1.0,1.0,1.0,0.0,0.0,0.0,37,145.4277148246765
alpha,0.1,3,0.0174757281553398,0.0178926441351888,0.01707779886148,1.0,1.0,1.0,1.0,1.0,1.0,37,144.27099871635437
alpha,0.3,1,1.0,1.0,1.0,0.0,0.0,0.0,0.0,0.0,0.0,37,142.94498109817505
alpha,0.3,2,1.0,1.0,1.0,1.0,1.0,1.0,0.0,0.0,0.0,37,140.62311840057373
alpha,0.3,3,0.0570281124497992,0.0361691288843606,0.1347248576850095,0.1728601252609603,0.1054508405501783,0.4791666666666667,1.0,1.0,1.0,37,141.41583061218262
alpha,0.5,1,1.0,1.0,1.0,0.0,0.0,0.0,0.0,0.0,0.0,37,141.20547103881836
alpha,0.5,2,0.2840970350404312,0.1655670750863964,1.0,1.0,1.0,1.0,0.0,0.0,0.0,37,141.95240783691406
alpha,0.5,3,0.0570281124497992,0.0361691288843606,0.1347248576850095,0.1728601252609603,0.1054508405501783,0.4791666666666667,1.0,1.0,1.0,37,140.81894707679749
alpha,0.75,1,1.0,1.0,1.0,0.0,0.0,0.0,0.0,0.0,0.0,37,140.95606327056885
alpha,0.75,2,0.2840970350404312,0.1655670750863964,1.0,1.0,1.0,1.0,0.0,0.0,0.0,37,141.31481957435608
alpha,0.75,3,0.1983633387888707,0.1198575949367088,0.5749525616698292,0.1728601252609603,0.1054508405501783,0.4791666666666667,1.0,1.0,1.0,37,140.49253964424133
alpha,1.0,1,1.0,1.0,1.0,0.0,0.0,0.0,0.0,0.0,0.0,37,140.64114499092102
alpha,1.0,2,0.2840970350404312,0.1655670750863964,1.0,1.0,1.0,1.0,0.0,0.0,0.0,37,142.17881083488464
alpha,1.0,3,0.2840970350404312,0.1655670750863964,1.0,0.1728601252609603,0.1054508405501783,0.4791666666666667,1.0,1.0,1.0,37,143.15496921539307
lambd,0.0,1,0.0,0.0,0.0,0.0,0.0,0.0,0.0,0.0,0.0,37,141.74015855789185
lambd,0.0,2,0.0,0.0,0.0,0.0,0.0,0.0,0.0,0.0,0.0,37,142.0320281982422
lambd,0.0,3,0.0570281124497992,0.0361691288843606,0.1347248576850095,0.1728601252609603,0.1054508405501783,0.4791666666666667,0.0,0.0,0.0,37,141.72278571128845
lambd,0.25,1,1.0,1.0,1.0,0.0,0.0,0.0,0.0,0.0,0.0,37,142.92218446731567
lambd,0.25,2,0.0,0.0,0.0,1.0,1.0,1.0,0.0,0.0,0.0,37,143.0733823776245
lambd,0.25,3,1.0,1.0,1.0,1.0,1.0,1.0,0.2208436724565756,0.1357397051347229,0.5920177383592018,37,142.12293648719788
lambd,0.5,1,1.0,1.0,1.0,0.0,0.0,0.0,0.0,0.0,0.0,37,141.62425923347473
lambd,0.5,2,0.2840970350404312,0.1655670750863964,1.0,1.0,1.0,1.0,0.0,0.0,0.0,37,142.95767855644226
lambd,0.5,3,0.2698412698412699,0.1559633027522936,1.0,0.2267121490422461,0.127848475880438,1.0,1.0,1.0,1.0,37,141.00439739227295
lambd,1.0,1,1.0,1.0,1.0,0.0,0.0,0.0,0.0,0.0,0.0,37,141.27908635139465
lambd,1.0,2,0.1983633387888707,0.1198575949367088,0.5749525616698292,1.0,1.0,1.0,0.0,0.0,0.0,37,141.40836238861084
lambd,1.0,3,1.0,1.0,1.0,0.3072546230440967,0.1815126050420168,1.0,1.0,1.0,1.0,37,141.27204585075378
lambd,2.5,1,1.0,1.0,1.0,0.0,0.0,0.0,0.0,0.0,0.0,37,140.78636407852173
lambd,2.5,2,0.2840970350404312,0.1655670750863964,1.0,1.0,1.0,1.0,0.0,0.0,0.0,37,143.20593976974487
lambd,2.5,3,1.0,1.0,1.0,1.0,1.0,1.0,1.0,1.0,1.0,37,141.95983123779297
lambd,5.0,1,1.0,1.0,1.0,0.0,0.0,0.0,0.0,0.0,0.0,37,142.22781705856323
lambd,5.0,2,1.0,1.0,1.0,1.0,1.0,1.0,0.0,0.0,0.0,37,143.47517895698547
lambd,5.0,3,0.2366263178445919,0.1489675516224188,0.5749525616698292,0.7278854254422915,0.5721854304635762,1.0,1.0,1.0,1.0,37,142.49177241325378
lambd,10.0,1,1.0,1.0,1.0,0.0,0.0,0.0,0.0,0.0,0.0,37,144.62923121452332
lambd,10.0,2,0.2840970350404312,0.1655670750863964,1.0,1.0,1.0,1.0,0.0,0.0,0.0,37,142.37679648399353
lambd,10.0,3,0.2366263178445919,0.1489675516224188,0.5749525616698292,1.0,1.0,1.0,1.0,1.0,1.0,37,140.9425756931305
alpha,0.1,1,0.775179856115108,1.0,0.6328928046989721,0.0,0.0,0.0,0.0,0.0,0.0,38,149.0918664932251
alpha,0.1,2,0.5147219193020719,1.0,0.3465491923641703,0.6225,1.0,0.4519056261343013,0.0,0.0,0.0,38,141.7264552116394
alpha,0.1,3,0.2278481012658227,0.2964705882352941,0.185022026431718,0.2456813819577735,0.1669928245270711,0.4646098003629764,0.3209876543209876,0.3976470588235294,0.269108280254777,38,141.72920560836792
alpha,0.3,1,1.0,1.0,1.0,0.0,0.0,0.0,0.0,0.0,0.0,38,142.93938755989075
alpha,0.3,2,0.6660137120470128,1.0,0.4992657856093979,0.2354694485842026,0.1481481481481481,0.573502722323049,0.0,0.0,0.0,38,141.61521697044373
alpha,0.3,3,0.3490378234903782,0.3184019370460048,0.3861967694566813,0.3175572519083969,1.0,0.1887477313974591,0.8633484162895928,1.0,0.7595541401273885,38,139.60540628433228
alpha,0.5,1,1.0,1.0,1.0,0.0,0.0,0.0,0.0,0.0,0.0,38,140.64388036727905
alpha,0.5,2,1.0,1.0,1.0,0.2354694485842026,0.1481481481481481,0.573502722323049,0.0,0.0,0.0,38,138.90429830551147
alpha,0.5,3,0.3713927227101631,0.3242059145673603,0.434654919236417,1.0,1.0,1.0,0.7817652764306499,1.0,0.64171974522293,38,138.65053296089172
alpha,0.75,1,1.0,1.0,1.0,0.0,0.0,0.0,0.0,0.0,0.0,38,139.70254635810852
alpha,0.75,2,1.0,1.0,1.0,0.2354694485842026,0.1481481481481481,0.573502722323049,0.0,0.0,0.0,38,138.48706912994385
alpha,0.75,3,0.4620758483033932,0.3499622071050642,0.6798825256975036,0.2989690721649484,0.1757575757575757,1.0,1.0,1.0,1.0,38,138.7478768825531
alpha,1.0,1,1.0,1.0,1.0,0.0,0.0,0.0,0.0,0.0,0.0,38,137.87980604171753
alpha,1.0,2,1.0,1.0,1.0,1.0,1.0,1.0,0.0,0.0,0.0,38,138.79645252227783
alpha,1.0,3,0.5450145208131655,0.4064981949458484,0.8267254038179148,0.2354694485842026,0.1481481481481481,0.573502722323049,0.6239443616492797,0.4534296028880866,1.0,38,138.6750030517578
lambd,0.0,1,0.0,0.0,0.0,0.0,0.0,0.0,0.0,0.0,0.0,38,139.07403802871704
lambd,0.0,2,1.0,1.0,1.0,0.0,0.0,0.0,0.0,0.0,0.0,38,138.48792719841003
lambd,0.0,3,0.0892586989409984,0.0601120733571064,0.1732745961820851,0.2243436754176611,0.1436576668364748,0.5117967332123412,0.0,0.0,0.0,38,138.56818747520447
lambd,0.25,1,1.0,1.0,1.0,0.0,0.0,0.0,0.0,0.0,0.0,38,137.95336413383484
lambd,0.25,2,1.0,1.0,1.0,0.0,0.0,0.0,0.0,0.0,0.0,38,138.54090452194214
lambd,0.25,3,0.3443174176193678,0.3176178660049628,0.3759177679882525,0.2412523020257827,0.1616286243059839,0.4754990925589836,0.4114365411436541,0.3660049627791563,0.4697452229299363,38,138.75821614265442
lambd,0.5,1,1.0,1.0,1.0,0.0,0.0,0.0,0.0,0.0,0.0,38,140.08102464675903
lambd,0.5,2,1.0,1.0,1.0,0.2354694485842026,0.1481481481481481,0.573502722323049,0.0,0.0,0.0,38,138.68529629707336
lambd,0.5,3,0.3457627118644068,0.3211586901763224,0.3744493392070485,0.9454545454545454,1.0,0.896551724137931,0.7817652764306499,1.0,0.64171974522293,38,138.6153666973114
lambd,1.0,1,1.0,1.0,1.0,0.0,0.0,0.0,0.0,0.0,0.0,38,139.986332654953
lambd,1.0,2,1.0,1.0,1.0,0.9434324065196548,1.0,0.8929219600725953,0.0,0.0,0.0,38,138.70514512062073
lambd,1.0,3,0.0922131147540983,0.1525423728813559,0.066079295154185,0.3052325581395348,0.208195637805684,0.5716878402903811,0.897278314310799,1.0,0.8136942675159236,38,138.96744632720947
lambd,2.5,1,1.0,1.0,1.0,0.0,0.0,0.0,0.0,0.0,0.0,38,140.12116813659668
lambd,2.5,2,1.0,1.0,1.0,1.0,1.0,1.0,0.0,0.0,0.0,38,137.76120805740356
lambd,2.5,3,0.6386840612592173,0.5203327171903882,0.8267254038179148,1.0,1.0,1.0,0.897278314310799,1.0,0.8136942675159236,38,139.19620370864868
lambd,5.0,1,1.0,1.0,1.0,0.0,0.0,0.0,0.0,0.0,0.0,38,139.07740449905396
lambd,5.0,2,1.0,1.0,1.0,1.0,1.0,1.0,0.0,0.0,0.0,38,138.97257542610168
lambd,5.0,3,0.6386840612592173,0.5203327171903882,0.8267254038179148,1.0,1.0,1.0,0.897278314310799,1.0,0.8136942675159236,38,138.60702300071716
lambd,10.0,1,1.0,1.0,1.0,0.0,0.0,0.0,0.0,0.0,0.0,38,139.03235244750977
lambd,10.0,2,1.0,1.0,1.0,1.0,1.0,1.0,0.0,0.0,0.0,38,138.68602085113525
lambd,10.0,3,0.700977869274318,0.5396196513470681,1.0,1.0,1.0,1.0,0.897278314310799,1.0,0.8136942675159236,38,138.71406626701355
alpha,0.1,1,0.3460207612456747,1.0,0.209205020920502,0.0,0.0,0.0,0.0,0.0,0.0,39,149.75192093849182
alpha,0.1,2,0.5078043704474505,1.0,0.3403068340306834,1.0,1.0,1.0,0.0,0.0,0.0,39,143.85308289527893
alpha,0.1,3,0.6585594013096352,1.0,0.4909344490934449,1.0,1.0,1.0,0.0,0.0,0.0,39,143.5990698337555
alpha,0.3,1,0.8463395012067578,1.0,0.7336122733612274,0.0,0.0,0.0,0.0,0.0,0.0,39,144.53264904022217
alpha,0.3,2,0.295,0.1841831425598335,0.7405857740585774,1.0,1.0,1.0,0.0,0.0,0.0,39,144.6501533985138
alpha,0.3,3,0.3098920338488474,0.1959409594095941,0.7405857740585774,0.6105585309869931,0.4836363636363636,0.8278008298755186,0.6682352941176471,0.5163636363636364,0.9466666666666668,39,143.561350107193
alpha,0.5,1,0.9274495138369484,1.0,0.8647140864714087,0.0,0.0,0.0,0.0,0.0,0.0,39,143.97930479049683
alpha,0.5,2,0.0,0.0,0.0,1.0,1.0,1.0,0.0,0.0,0.0,39,143.80859184265137
alpha,0.5,3,1.0,1.0,1.0,0.6708420320111343,0.5047120418848168,1.0,0.606405693950178,0.4460732984293193,0.9466666666666668,39,143.98790502548218
alpha,0.75,1,1.0,1.0,1.0,0.0,0.0,0.0,0.0,0.0,0.0,39,144.2156412601471
alpha,0.75,2,0.295,0.1841831425598335,0.7405857740585774,1.0,1.0,1.0,0.0,0.0,0.0,39,144.67038130760193
alpha,0.75,3,0.295,0.1841831425598335,0.7405857740585774,0.6708420320111343,0.5047120418848168,1.0,0.606405693950178,0.4460732984293193,0.9466666666666668,39,143.80915141105652
alpha,1.0,1,1.0,1.0,1.0,0.0,0.0,0.0,0.0,0.0,0.0,39,144.021137714386
alpha,1.0,2,0.295,0.1841831425598335,0.7405857740585774,1.0,1.0,1.0,0.0,0.0,0.0,39,143.73996686935425
alpha,1.0,3,0.3360674947269744,0.2019718309859154,1.0,0.6708420320111343,0.5047120418848168,1.0,0.606405693950178,0.4460732984293193,0.9466666666666668,39,144.0915014743805
lambd,0.0,1,0.0,0.0,0.0,0.0,0.0,0.0,0.0,0.0,0.0,39,143.7827186584473
lambd,0.0,2,0.0,0.0,0.0,0.0,0.0,0.0,0.0,0.0,0.0,39,140.65368461608887
lambd,0.0,3,0.3098920338488474,0.1959409594095941,0.7405857740585774,0.0,0.0,0.0,0.0,0.0,0.0,39,143.33694219589233
lambd,0.25,1,0.9274495138369484,1.0,0.8647140864714087,0.0,0.0,0.0,0.0,0.0,0.0,39,143.70492959022522
lambd,0.25,2,0.295,0.1841831425598335,0.7405857740585774,1.0,1.0,1.0,0.0,0.0,0.0,39,144.44808888435364
lambd,0.25,3,1.0,1.0,1.0,0.6105585309869931,0.4836363636363636,0.8278008298755186,0.6682352941176471,0.5163636363636364,0.9466666666666668,39,143.41299962997437
lambd,0.5,1,1.0,1.0,1.0,0.0,0.0,0.0,0.0,0.0,0.0,39,143.54916048049927
lambd,0.5,2,0.0,0.0,0.0,1.0,1.0,1.0,0.0,0.0,0.0,39,145.1381914615631
lambd,0.5,3,1.0,1.0,1.0,0.6708420320111343,0.5047120418848168,1.0,0.606405693950178,0.4460732984293193,0.9466666666666668,39,143.81461834907532
lambd,1.0,1,1.0,1.0,1.0,0.0,0.0,0.0,0.0,0.0,0.0,39,143.034104347229
lambd,1.0,2,0.295,0.1841831425598335,0.7405857740585774,1.0,1.0,1.0,0.0,0.0,0.0,39,144.58484959602356
lambd,1.0,3,0.3098920338488474,0.1959409594095941,0.7405857740585774,0.6105585309869931,0.4836363636363636,0.8278008298755186,0.6682352941176471,0.5163636363636364,0.9466666666666668,39,137.1449055671692
lambd,2.5,1,1.0,1.0,1.0,0.0,0.0,0.0,0.0,0.0,0.0,39,140.7451729774475
lambd,2.5,2,0.0,0.0,0.0,1.0,1.0,1.0,0.0,0.0,0.0,39,141.63171648979187
lambd,2.5,3,0.3098920338488474,0.1959409594095941,0.7405857740585774,0.6105585309869931,0.4836363636363636,0.8278008298755186,0.6682352941176471,0.5163636363636364,0.9466666666666668,39,140.93718361854553
lambd,5.0,1,1.0,1.0,1.0,0.0,0.0,0.0,0.0,0.0,0.0,39,140.76386785507202
lambd,5.0,2,0.295,0.1841831425598335,0.7405857740585774,1.0,1.0,1.0,0.0,0.0,0.0,39,140.9222617149353
lambd,5.0,3,0.3360674947269744,0.2019718309859154,1.0,1.0,1.0,1.0,0.9726027397260272,1.0,0.9466666666666668,39,140.63254737854004
lambd,10.0,1,1.0,1.0,1.0,0.0,0.0,0.0,0.0,0.0,0.0,39,141.29025602340698
lambd,10.0,2,0.295,0.1841831425598335,0.7405857740585774,1.0,1.0,1.0,0.0,0.0,0.0,39,141.52344679832458
lambd,10.0,3,0.3098920338488474,0.1959409594095941,0.7405857740585774,0.6105585309869931,0.4836363636363636,0.8278008298755186,0.6682352941176471,0.5163636363636364,0.9466666666666668,39,140.5016541481018
alpha,0.1,1,1.0,1.0,1.0,0.0,0.0,0.0,0.0,0.0,0.0,4,149.49155640602112
alpha,0.1,2,1.0,1.0,1.0,1.0,1.0,1.0,0.0,0.0,0.0,4,140.50288724899292
alpha,0.1,3,1.0,1.0,1.0,1.0,1.0,1.0,1.0,1.0,1.0,4,139.4506902694702
alpha,0.3,1,1.0,1.0,1.0,0.0,0.0,0.0,0.0,0.0,0.0,4,140.60998153686523
alpha,0.3,2,1.0,1.0,1.0,1.0,1.0,1.0,0.0,0.0,0.0,4,139.70803928375244
alpha,0.3,3,0.60431654676259,0.4813753581661891,0.8115942028985508,1.0,1.0,1.0,1.0,1.0,1.0,4,140.7482557296753
alpha,0.5,1,1.0,1.0,1.0,0.0,0.0,0.0,0.0,0.0,0.0,4,142.5230531692505
alpha,0.5,2,0.3598956824108953,0.219434628975265,1.0,1.0,1.0,1.0,0.0,0.0,0.0,4,139.3240191936493
alpha,0.5,3,1.0,1.0,1.0,1.0,1.0,1.0,1.0,1.0,1.0,4,139.03340673446655
alpha,0.75,1,1.0,1.0,1.0,0.0,0.0,0.0,0.0,0.0,0.0,4,142.10415816307068
alpha,0.75,2,0.0859977949283351,0.0557142857142857,0.1884057971014492,1.0,1.0,1.0,0.0,0.0,0.0,4,139.2562119960785
alpha,0.75,3,1.0,1.0,1.0,1.0,1.0,1.0,0.2022116903633491,0.1219047619047619,0.5925925925925926,4,139.52750754356384
alpha,1.0,1,1.0,1.0,1.0,0.0,0.0,0.0,0.0,0.0,0.0,4,143.30529832839966
alpha,1.0,2,0.3598956824108953,0.219434628975265,1.0,1.0,1.0,1.0,0.0,0.0,0.0,4,139.52595925331116
alpha,1.0,3,0.2539432176656152,0.1517436380772855,0.7777777777777778,1.0,1.0,1.0,0.208187134502924,0.1251758087201125,0.6180555555555556,4,139.32331347465515
lambd,0.0,1,0.0,0.0,0.0,0.0,0.0,0.0,0.0,0.0,0.0,4,140.3972659111023
lambd,0.0,2,0.3598956824108953,0.219434628975265,1.0,0.0,0.0,0.0,0.0,0.0,0.0,4,139.1120958328247
lambd,0.0,3,1.0,1.0,1.0,0.0,0.0,0.0,0.0,0.0,0.0,4,139.45060014724731
lambd,0.25,1,1.0,1.0,1.0,0.0,0.0,0.0,0.0,0.0,0.0,4,140.26164937019348
lambd,0.25,2,1.0,1.0,1.0,1.0,1.0,1.0,0.0,0.0,0.0,4,139.1656572818756
lambd,0.25,3,1.0,1.0,1.0,1.0,1.0,1.0,0.7064595257563369,0.5461441213653603,1.0,4,139.10333633422852
lambd,0.5,1,1.0,1.0,1.0,0.0,0.0,0.0,0.0,0.0,0.0,4,140.08803367614746
lambd,0.5,2,0.6965787997756591,0.5344234079173839,1.0,1.0,1.0,1.0,0.0,0.0,0.0,4,139.22739553451538
lambd,0.5,3,0.0869171570846536,0.0604534005037783,0.1545893719806763,1.0,1.0,1.0,1.0,1.0,1.0,4,139.01001930236816
lambd,1.0,1,1.0,1.0,1.0,0.0,0.0,0.0,0.0,0.0,0.0,4,140.10366249084473
lambd,1.0,2,0.0859977949283351,0.0557142857142857,0.1884057971014492,1.0,1.0,1.0,0.0,0.0,0.0,4,139.858065366745
lambd,1.0,3,1.0,1.0,1.0,1.0,1.0,1.0,1.0,1.0,1.0,4,139.67939519882202
lambd,2.5,1,1.0,1.0,1.0,0.0,0.0,0.0,0.0,0.0,0.0,4,140.71404576301575
lambd,2.5,2,0.3598956824108953,0.219434628975265,1.0,1.0,1.0,1.0,0.0,0.0,0.0,4,140.21760249137878
lambd,2.5,3,1.0,1.0,1.0,1.0,1.0,1.0,0.7064595257563369,0.5461441213653603,1.0,4,139.55630159378052
lambd,5.0,1,1.0,1.0,1.0,0.0,0.0,0.0,0.0,0.0,0.0,4,140.56533789634705
lambd,5.0,2,0.3598956824108953,0.219434628975265,1.0,1.0,1.0,1.0,0.0,0.0,0.0,4,139.23666620254517
lambd,5.0,3,1.0,1.0,1.0,1.0,1.0,1.0,0.2022116903633491,0.1219047619047619,0.5925925925925926,4,138.86900639533997
lambd,10.0,1,1.0,1.0,1.0,0.0,0.0,0.0,0.0,0.0,0.0,4,141.26873230934143
lambd,10.0,2,1.0,1.0,1.0,1.0,1.0,1.0,0.0,0.0,0.0,4,139.4558539390564
lambd,10.0,3,1.0,1.0,1.0,1.0,1.0,1.0,1.0,1.0,1.0,4,139.22503089904785
alpha,0.1,1,1.0,1.0,1.0,0.0,0.0,0.0,0.0,0.0,0.0,40,153.06892466545105
alpha,0.1,2,0.7898966704936854,1.0,0.6527514231499051,1.0,1.0,1.0,0.0,0.0,0.0,40,145.79113936424255
alpha,0.1,3,0.6867017280240421,0.568407960199005,0.8671726755218216,1.0,1.0,1.0,0.564686737184703,0.431592039800995,0.8164705882352942,40,144.83353757858276
alpha,0.3,1,1.0,1.0,1.0,0.0,0.0,0.0,0.0,0.0,0.0,40,142.66263055801392
alpha,0.3,2,1.0,1.0,1.0,1.0,1.0,1.0,0.0,0.0,0.0,40,141.75107789039612
alpha,0.3,3,0.690694626474443,0.5275275275275275,1.0,1.0,1.0,1.0,0.2868714141073236,0.1674546887312844,1.0,40,141.84522652626038
alpha,0.5,1,1.0,1.0,1.0,0.0,0.0,0.0,0.0,0.0,0.0,40,143.62147283554077
alpha,0.5,2,1.0,1.0,1.0,1.0,1.0,1.0,0.0,0.0,0.0,40,142.76530742645264
alpha,0.5,3,0.0663507109004739,0.0442198357548957,0.1328273244781783,0.3262460787730917,0.2194092827004219,0.6358695652173914,1.0,1.0,1.0,40,143.50263047218323
alpha,0.75,1,1.0,1.0,1.0,0.0,0.0,0.0,0.0,0.0,0.0,40,143.5929615497589
alpha,0.75,2,1.0,1.0,1.0,1.0,1.0,1.0,0.0,0.0,0.0,40,143.1276183128357
alpha,0.75,3,0.3643276875216039,0.2227387996618766,1.0,1.0,1.0,1.0,1.0,1.0,1.0,40,141.27909660339355
alpha,1.0,1,1.0,1.0,1.0,0.0,0.0,0.0,0.0,0.0,0.0,40,144.5618031024933
alpha,1.0,2,1.0,1.0,1.0,1.0,1.0,1.0,0.0,0.0,0.0,40,142.037663936615
alpha,1.0,3,0.3643276875216039,0.2227387996618766,1.0,1.0,1.0,1.0,0.2355875831485588,0.1335218347470939,1.0,40,142.81018161773682
lambd,0.0,1,0.0,0.0,0.0,0.0,0.0,0.0,0.0,0.0,0.0,40,143.5353925228119
lambd,0.0,2,1.0,1.0,1.0,0.0,0.0,0.0,0.0,0.0,0.0,40,143.73319029808044
lambd,0.0,3,0.690694626474443,0.5275275275275275,1.0,0.0,0.0,0.0,0.0,0.0,0.0,40,142.23689913749695
lambd,0.25,1,1.0,1.0,1.0,0.0,0.0,0.0,0.0,0.0,0.0,40,141.22737646102905
lambd,0.25,2,1.0,1.0,1.0,1.0,1.0,1.0,0.0,0.0,0.0,40,140.6498408317566
lambd,0.25,3,0.3438825448613377,0.2076438140267927,1.0,0.3262460787730917,0.2194092827004219,0.6358695652173914,0.2868714141073236,0.1674546887312844,1.0,40,142.02586913108826
lambd,0.5,1,1.0,1.0,1.0,0.0,0.0,0.0,0.0,0.0,0.0,40,141.92880821228027
lambd,0.5,2,1.0,1.0,1.0,1.0,1.0,1.0,0.0,0.0,0.0,40,143.37667441368103
lambd,0.5,3,0.3643276875216039,0.2227387996618766,1.0,1.0,1.0,1.0,0.2355875831485588,0.1335218347470939,1.0,40,142.37171387672424
lambd,1.0,1,1.0,1.0,1.0,0.0,0.0,0.0,0.0,0.0,0.0,40,144.28584122657776
lambd,1.0,2,1.0,1.0,1.0,1.0,1.0,1.0,0.0,0.0,0.0,40,142.24193239212036
lambd,1.0,3,1.0,1.0,1.0,1.0,1.0,1.0,1.0,1.0,1.0,40,140.2950141429901
lambd,2.5,1,1.0,1.0,1.0,0.0,0.0,0.0,0.0,0.0,0.0,40,143.76244688034058
lambd,2.5,2,1.0,1.0,1.0,0.3742690058479532,0.2302158273381295,1.0,0.0,0.0,0.0,40,144.49498796463013
lambd,2.5,3,0.2698412698412699,0.1559633027522936,1.0,1.0,1.0,1.0,1.0,1.0,1.0,40,143.38637828826904
lambd,5.0,1,1.0,1.0,1.0,0.0,0.0,0.0,0.0,0.0,0.0,40,141.62704801559448
lambd,5.0,2,1.0,1.0,1.0,0.3742690058479532,0.2302158273381295,1.0,0.0,0.0,0.0,40,142.34364342689514
lambd,5.0,3,0.690694626474443,0.5275275275275275,1.0,1.0,1.0,1.0,1.0,1.0,1.0,40,140.69271683692932
lambd,10.0,1,1.0,1.0,1.0,0.0,0.0,0.0,0.0,0.0,0.0,40,140.8917121887207
lambd,10.0,2,1.0,1.0,1.0,0.3742690058479532,0.2302158273381295,1.0,0.0,0.0,0.0,40,143.06990313529968
lambd,10.0,3,0.6294765840220385,0.494054054054054,0.8671726755218216,1.0,1.0,1.0,1.0,1.0,1.0,40,143.7676327228546
alpha,0.1,1,0.7206946454413893,1.0,0.5633484162895928,0.0,0.0,0.0,0.0,0.0,0.0,41,148.8488063812256
alpha,0.1,2,0.0,0.0,0.0,0.7255892255892257,1.0,0.5693527080581242,0.0,0.0,0.0,41,137.95738124847412
alpha,0.1,3,0.2759643916913946,0.2052980132450331,0.420814479638009,0.5183403487672882,0.4757174392935982,0.5693527080581242,0.4319880418535127,0.3189845474613687,0.6689814814814815,41,137.69040203094482
alpha,0.3,1,1.0,1.0,1.0,0.0,0.0,0.0,0.0,0.0,0.0,41,138.42202877998352
alpha,0.3,2,0.1205821205821205,0.0738665308201732,0.3280542986425339,1.0,1.0,1.0,0.0,0.0,0.0,41,137.7431342601776
alpha,0.3,3,0.2511816340310601,0.1790182868142444,0.420814479638009,1.0,1.0,1.0,0.4581917063222297,0.3243503368623676,0.7800925925925926,41,138.11813187599182
alpha,0.5,1,1.0,1.0,1.0,0.0,0.0,0.0,0.0,0.0,0.0,41,138.92086482048035
alpha,0.5,2,0.1205821205821205,0.0738665308201732,0.3280542986425339,1.0,1.0,1.0,0.0,0.0,0.0,41,137.6950261592865
alpha,0.5,3,0.1205821205821205,0.0738665308201732,0.3280542986425339,1.0,1.0,1.0,0.0609603340292275,0.0371879775853285,0.1689814814814814,41,137.7176651954651
alpha,0.75,1,1.0,1.0,1.0,0.0,0.0,0.0,0.0,0.0,0.0,41,138.8862864971161
alpha,0.75,2,0.1205821205821205,0.0738665308201732,0.3280542986425339,1.0,1.0,1.0,0.0,0.0,0.0,41,137.45832180976868
alpha,0.75,3,0.2303883242116237,0.1301914580265095,1.0,1.0,1.0,1.0,0.0609603340292275,0.0371879775853285,0.1689814814814814,41,137.47812724113464
alpha,1.0,1,1.0,1.0,1.0,0.0,0.0,0.0,0.0,0.0,0.0,41,138.02527856826782
alpha,1.0,2,0.1205821205821205,0.0738665308201732,0.3280542986425339,1.0,1.0,1.0,0.0,0.0,0.0,41,137.38400506973267
alpha,1.0,3,0.1205821205821205,0.0738665308201732,0.3280542986425339,1.0,1.0,1.0,0.0609603340292275,0.0371879775853285,0.1689814814814814,41,137.04621958732605
lambd,0.0,1,0.0,0.0,0.0,0.0,0.0,0.0,0.0,0.0,0.0,41,138.27146077156067
lambd,0.0,2,0.1205821205821205,0.0738665308201732,0.3280542986425339,0.0,0.0,0.0,0.0,0.0,0.0,41,137.02532148361206
lambd,0.0,3,0.1205821205821205,0.0738665308201732,0.3280542986425339,0.0,0.0,0.0,0.0609603340292275,0.0371879775853285,0.1689814814814814,41,137.21775937080383
lambd,0.25,1,0.0,0.0,0.0,0.0,0.0,0.0,0.0,0.0,0.0,41,138.1559717655182
lambd,0.25,2,0.1205821205821205,0.0738665308201732,0.3280542986425339,1.0,1.0,1.0,0.0,0.0,0.0,41,137.23854088783264
lambd,0.25,3,0.1205821205821205,0.0738665308201732,0.3280542986425339,0.0,0.0,0.0,0.0609603340292275,0.0371879775853285,0.1689814814814814,41,137.24051690101624
lambd,0.5,1,1.0,1.0,1.0,0.0,0.0,0.0,0.0,0.0,0.0,41,137.16718530654907
lambd,0.5,2,0.1205821205821205,0.0738665308201732,0.3280542986425339,1.0,1.0,1.0,0.0,0.0,0.0,41,136.81755447387695
lambd,0.5,3,0.1205821205821205,0.0738665308201732,0.3280542986425339,0.7006015733456733,0.5391737891737892,1.0,0.0609603340292275,0.0371879775853285,0.1689814814814814,41,138.27463293075562
lambd,1.0,1,1.0,1.0,1.0,0.0,0.0,0.0,0.0,0.0,0.0,41,138.81226205825806
lambd,1.0,2,0.1205821205821205,0.0738665308201732,0.3280542986425339,1.0,1.0,1.0,0.0,0.0,0.0,41,137.20200419425964
lambd,1.0,3,0.1205821205821205,0.0738665308201732,0.3280542986425339,1.0,1.0,1.0,0.0609603340292275,0.0371879775853285,0.1689814814814814,41,137.35650753974917
lambd,2.5,1,1.0,1.0,1.0,0.0,0.0,0.0,0.0,0.0,0.0,41,137.80019092559814
lambd,2.5,2,0.1205821205821205,0.0738665308201732,0.3280542986425339,1.0,1.0,1.0,0.0,0.0,0.0,41,137.00554060935974
lambd,2.5,3,0.1205821205821205,0.0738665308201732,0.3280542986425339,1.0,1.0,1.0,0.0609603340292275,0.0371879775853285,0.1689814814814814,41,137.16445112228394
lambd,5.0,1,1.0,1.0,1.0,0.0,0.0,0.0,0.0,0.0,0.0,41,136.86537051200867
lambd,5.0,2,0.1205821205821205,0.0738665308201732,0.3280542986425339,1.0,1.0,1.0,0.0,0.0,0.0,41,136.92955875396729
lambd,5.0,3,0.1205821205821205,0.0738665308201732,0.3280542986425339,1.0,1.0,1.0,0.0609603340292275,0.0371879775853285,0.1689814814814814,41,136.8089451789856
lambd,10.0,1,1.0,1.0,1.0,0.0,0.0,0.0,0.0,0.0,0.0,41,136.47259974479675
lambd,10.0,2,0.1205821205821205,0.0738665308201732,0.3280542986425339,1.0,1.0,1.0,0.0,0.0,0.0,41,136.57734489440918
lambd,10.0,3,0.1205821205821205,0.0738665308201732,0.3280542986425339,1.0,1.0,1.0,0.0609603340292275,0.0371879775853285,0.1689814814814814,41,137.0566143989563
alpha,0.1,1,1.0,1.0,1.0,0.0,0.0,0.0,0.0,0.0,0.0,42,150.24847078323364
alpha,0.1,2,0.6965517241379311,1.0,0.5343915343915344,1.0,1.0,1.0,0.0,0.0,0.0,42,144.14928770065308
alpha,0.1,3,1.0,1.0,1.0,1.0,1.0,1.0,0.7953216374269005,1.0,0.6601941747572816,42,141.7871925830841
alpha,0.3,1,1.0,1.0,1.0,0.0,0.0,0.0,0.0,0.0,0.0,42,140.89486622810364
alpha,0.3,2,0.6718403547671841,0.9044776119402984,0.5343915343915344,1.0,1.0,1.0,0.0,0.0,0.0,42,141.22922134399414
alpha,0.3,3,1.0,1.0,1.0,1.0,1.0,1.0,1.0,1.0,1.0,42,142.5515420436859
alpha,0.5,1,1.0,1.0,1.0,0.0,0.0,0.0,0.0,0.0,0.0,42,142.6250786781311
alpha,0.5,2,0.2873796249366447,0.1678011245930748,1.0,1.0,1.0,1.0,0.0,0.0,0.0,42,142.234295129776
alpha,0.5,3,1.0,1.0,1.0,0.2240373395565927,0.1467142129393785,0.4736842105263157,1.0,1.0,1.0,42,142.57915878295898
alpha,0.75,1,1.0,1.0,1.0,0.0,0.0,0.0,0.0,0.0,0.0,42,142.28049063682556
alpha,0.75,2,1.0,1.0,1.0,0.3207596940121339,0.1910147659440779,1.0,0.0,0.0,0.0,42,141.15074849128723
alpha,0.75,3,0.3012752391073326,0.1773537691585861,1.0,0.3195795006570303,0.1901782921488896,1.0,1.0,1.0,1.0,42,142.48453378677368
alpha,1.0,1,1.0,1.0,1.0,0.0,0.0,0.0,0.0,0.0,0.0,42,142.50744938850403
alpha,1.0,2,1.0,1.0,1.0,1.0,1.0,1.0,0.0,0.0,0.0,42,142.5165901184082
alpha,1.0,3,0.3847980997624702,0.238235294117647,1.0,0.2240373395565927,0.1467142129393785,0.4736842105263157,1.0,1.0,1.0,42,141.13072085380554
lambd,0.0,1,0.0,0.0,0.0,0.0,0.0,0.0,0.0,0.0,0.0,42,141.8374147415161
lambd,0.0,2,0.2873796249366447,0.1678011245930748,1.0,0.0,0.0,0.0,0.0,0.0,0.0,42,142.0681447982788
lambd,0.0,3,0.1284658040665434,0.0870381966186599,0.2451499118165784,0.2240373395565927,0.1467142129393785,0.4736842105263157,0.0,0.0,0.0,42,142.63801336288452
lambd,0.25,1,1.0,1.0,1.0,0.0,0.0,0.0,0.0,0.0,0.0,42,141.59880208969116
lambd,0.25,2,0.2873796249366447,0.1678011245930748,1.0,1.0,1.0,1.0,0.0,0.0,0.0,42,142.3522036075592
lambd,0.25,3,0.7177215189873417,0.5597235932872655,1.0,0.3195795006570303,0.1901782921488896,1.0,1.0,1.0,1.0,42,142.17331075668335
lambd,0.5,1,1.0,1.0,1.0,0.0,0.0,0.0,0.0,0.0,0.0,42,141.46453380584717
lambd,0.5,2,1.0,1.0,1.0,1.0,1.0,1.0,0.0,0.0,0.0,42,141.95058917999268
lambd,0.5,3,0.3012752391073326,0.1773537691585861,1.0,1.0,1.0,1.0,1.0,1.0,1.0,42,142.69271612167358
lambd,1.0,1,1.0,1.0,1.0,0.0,0.0,0.0,0.0,0.0,0.0,42,141.484699010849
lambd,1.0,2,1.0,1.0,1.0,1.0,1.0,1.0,0.0,0.0,0.0,42,141.92578625679016
lambd,1.0,3,0.7177215189873417,0.5597235932872655,1.0,1.0,1.0,1.0,1.0,1.0,1.0,42,142.52808237075806
lambd,2.5,1,1.0,1.0,1.0,0.0,0.0,0.0,0.0,0.0,0.0,42,142.70409417152405
lambd,2.5,2,1.0,1.0,1.0,0.9668649107901444,1.0,0.9358552631578948,0.0,0.0,0.0,42,142.42665815353394
lambd,2.5,3,0.254259501965924,0.2022940563086548,0.3421516754850088,0.2240373395565927,0.1467142129393785,0.4736842105263157,1.0,1.0,1.0,42,141.94758892059326
lambd,5.0,1,1.0,1.0,1.0,0.0,0.0,0.0,0.0,0.0,0.0,42,141.66996359825134
lambd,5.0,2,1.0,1.0,1.0,1.0,1.0,1.0,0.0,0.0,0.0,42,141.4603533744812
lambd,5.0,3,0.7177215189873417,0.5597235932872655,1.0,0.9668649107901444,1.0,0.9358552631578948,1.0,1.0,1.0,42,141.99188256263733
lambd,10.0,1,1.0,1.0,1.0,0.0,0.0,0.0,0.0,0.0,0.0,42,142.47564125061035
lambd,10.0,2,1.0,1.0,1.0,0.9668649107901444,1.0,0.9358552631578948,0.0,0.0,0.0,42,141.11526679992676
lambd,10.0,3,0.3012752391073326,0.1773537691585861,1.0,0.3195795006570303,0.1901782921488896,1.0,1.0,1.0,1.0,42,141.8983986377716
alpha,0.1,1,0.5590179414542021,1.0,0.3879423328964613,0.0,0.0,0.0,0.0,0.0,0.0,43,151.39662551879883
alpha,0.1,2,0.2776735459662289,0.2162162162162162,0.3879423328964613,0.3460207612456747,1.0,0.209205020920502,0.0,0.0,0.0,43,143.98824071884155
alpha,0.1,3,0.542502387774594,1.0,0.3722149410222805,0.4921135646687697,1.0,0.3263598326359833,0.7125803489439854,1.0,0.5534950071326676,43,143.55573964118958
alpha,0.3,1,1.0,1.0,1.0,0.0,0.0,0.0,0.0,0.0,0.0,43,142.89655804634094
alpha,0.3,2,0.3914828116983068,0.2433811802232854,1.0,0.8463395012067578,1.0,0.7336122733612274,0.0,0.0,0.0,43,141.06957960128784
alpha,0.3,3,1.0,1.0,1.0,0.8089700996677741,1.0,0.6792189679218968,0.4060701203558347,0.3206611570247933,0.5534950071326676,43,141.0010998249054
alpha,0.5,1,1.0,1.0,1.0,0.0,0.0,0.0,0.0,0.0,0.0,43,142.30375909805298
alpha,0.5,2,0.3914828116983068,0.2433811802232854,1.0,1.0,1.0,1.0,0.0,0.0,0.0,43,140.97334742546082
alpha,0.5,3,1.0,1.0,1.0,0.2348968105065666,0.1606776180698152,0.4365411436541143,0.2929407323518309,0.1991786447638603,0.5534950071326676,43,137.52048468589783
alpha,0.75,1,1.0,1.0,1.0,0.0,0.0,0.0,0.0,0.0,0.0,43,141.52072882652283
alpha,0.75,2,0.3914828116983068,0.2433811802232854,1.0,1.0,1.0,1.0,0.0,0.0,0.0,43,140.84717392921448
alpha,0.75,3,0.3914828116983068,0.2433811802232854,1.0,1.0,1.0,1.0,0.3654848800834202,0.2236044657097288,1.0,43,140.92678999900818
alpha,1.0,1,1.0,1.0,1.0,0.0,0.0,0.0,0.0,0.0,0.0,43,142.02089834213257
alpha,1.0,2,0.3914828116983068,0.2433811802232854,1.0,1.0,1.0,1.0,0.0,0.0,0.0,43,140.83080101013184
alpha,1.0,3,0.4727385377942998,0.3095334685598377,1.0,0.4506599622878693,0.2908722109533468,1.0,0.4060701203558347,0.3206611570247933,0.5534950071326676,43,140.92163062095642
lambd,0.0,1,1.0,1.0,1.0,0.0,0.0,0.0,0.0,0.0,0.0,43,141.89703249931335
lambd,0.0,2,0.3914828116983068,0.2433811802232854,1.0,0.0,0.0,0.0,0.0,0.0,0.0,43,140.89639353752136
lambd,0.0,3,0.3914828116983068,0.2433811802232854,1.0,0.2331210191082802,0.2145369284876905,0.2552301255230125,0.3654848800834202,0.2236044657097288,1.0,43,141.26693677902222
lambd,0.25,1,1.0,1.0,1.0,0.0,0.0,0.0,0.0,0.0,0.0,43,142.25787997245789
lambd,0.25,2,0.3914828116983068,0.2433811802232854,1.0,0.8089700996677741,1.0,0.6792189679218968,0.0,0.0,0.0,43,140.93615317344666
lambd,0.25,3,0.5716034271725826,0.5361653272101033,0.6120576671035387,1.0,1.0,1.0,0.3654848800834202,0.2236044657097288,1.0,43,140.95606899261475
lambd,0.5,1,1.0,1.0,1.0,0.0,0.0,0.0,0.0,0.0,0.0,43,141.8469614982605
lambd,0.5,2,0.3914828116983068,0.2433811802232854,1.0,1.0,1.0,1.0,0.0,0.0,0.0,43,140.85868430137634
lambd,0.5,3,0.5716034271725826,0.5361653272101033,0.6120576671035387,0.5088161209068011,0.4638346727898966,0.5634588563458857,1.0,1.0,1.0,43,140.60472178459167
lambd,1.0,1,1.0,1.0,1.0,0.0,0.0,0.0,0.0,0.0,0.0,43,142.2475984096527
lambd,1.0,2,0.3914828116983068,0.2433811802232854,1.0,1.0,1.0,1.0,0.0,0.0,0.0,43,140.71976971626282
lambd,1.0,3,0.5716034271725826,0.5361653272101033,0.6120576671035387,0.5088161209068011,0.4638346727898966,0.5634588563458857,1.0,1.0,1.0,43,140.6151647567749
lambd,2.5,1,1.0,1.0,1.0,0.0,0.0,0.0,0.0,0.0,0.0,43,141.78927326202393
lambd,2.5,2,0.3914828116983068,0.2433811802232854,1.0,1.0,1.0,1.0,0.0,0.0,0.0,43,140.76246881484985
lambd,2.5,3,1.0,1.0,1.0,0.5844027640671274,1.0,0.4128312412831241,0.5764802631578947,0.4049682264586944,1.0,43,140.93445134162903
lambd,5.0,1,0.3936842105263157,1.0,0.2450851900393184,0.0,0.0,0.0,0.0,0.0,0.0,43,142.06175255775452
lambd,5.0,2,0.3914828116983068,0.2433811802232854,1.0,0.9274495138369484,1.0,0.8647140864714087,0.0,0.0,0.0,43,140.2395784854889
lambd,5.0,3,1.0,1.0,1.0,1.0,1.0,1.0,0.3654848800834202,0.2236044657097288,1.0,43,140.74653720855713
lambd,10.0,1,1.0,1.0,1.0,0.0,0.0,0.0,0.0,0.0,0.0,43,141.9080080986023
lambd,10.0,2,0.3914828116983068,0.2433811802232854,1.0,0.9274495138369484,1.0,0.8647140864714087,0.0,0.0,0.0,43,140.66033840179443
lambd,10.0,3,0.5716034271725826,0.5361653272101033,0.6120576671035387,0.5088161209068011,0.4638346727898966,0.5634588563458857,1.0,1.0,1.0,43,140.7642023563385
alpha,0.1,1,0.6903023983315955,1.0,0.5270700636942676,0.0,0.0,0.0,0.0,0.0,0.0,44,150.06824111938477
alpha,0.1,2,0.7408829174664108,0.932367149758454,0.6146496815286624,0.6225,1.0,0.4519056261343013,0.0,0.0,0.0,44,143.99686312675476
alpha,0.1,3,0.5797413793103449,0.8966666666666666,0.428343949044586,0.6225,1.0,0.4519056261343013,0.2959183673469387,0.5838926174496645,0.1981776765375854,44,140.55080246925354
alpha,0.3,1,0.7376884422110553,1.0,0.5843949044585988,0.0,0.0,0.0,0.0,0.0,0.0,44,140.645250082016
alpha,0.3,2,0.750465549348231,0.9035874439461884,0.64171974522293,0.7982551799345692,1.0,0.6642468239564429,0.0,0.0,0.0,44,139.75107622146606
alpha,0.3,3,0.7817652764306499,1.0,0.64171974522293,0.7982551799345692,1.0,0.6642468239564429,0.5354477611940298,0.4533965244865718,0.6537585421412301,44,140.14040207862854
alpha,0.5,1,0.897278314310799,1.0,0.8136942675159236,0.0,0.0,0.0,0.0,0.0,0.0,44,139.30278825759888
alpha,0.5,2,0.7817652764306499,1.0,0.64171974522293,1.0,1.0,1.0,0.0,0.0,0.0,44,139.17065906524658
alpha,0.5,3,0.7817652764306499,1.0,0.64171974522293,1.0,1.0,1.0,0.6231369765791341,0.4525773195876288,1.0,44,138.89618468284607
alpha,0.75,1,1.0,1.0,1.0,0.0,0.0,0.0,0.0,0.0,0.0,44,140.49090051651
alpha,0.75,2,1.0,1.0,1.0,0.2989690721649484,0.1757575757575757,1.0,0.0,0.0,0.0,44,140.23291444778442
alpha,0.75,3,0.3122048222719363,0.1849779086892489,1.0,1.0,1.0,1.0,0.6231369765791341,0.4525773195876288,1.0,44,139.43906450271606
alpha,1.0,1,1.0,1.0,1.0,0.0,0.0,0.0,0.0,0.0,0.0,44,139.31761050224304
alpha,1.0,2,0.2603648424543947,0.1496663489037178,1.0,0.2321466189172108,0.1313155386081982,1.0,0.0,0.0,0.0,44,140.06906247138977
alpha,1.0,3,0.2691910499139415,0.1717171717171717,0.6226114649681529,0.2989690721649484,0.1757575757575757,1.0,1.0,1.0,1.0,44,139.95374417304993
lambd,0.0,1,0.0,0.0,0.0,0.0,0.0,0.0,0.0,0.0,0.0,44,140.02026462554932
lambd,0.0,2,0.3122048222719363,0.1849779086892489,1.0,0.0,0.0,0.0,0.0,0.0,0.0,44,139.35374855995178
lambd,0.0,3,0.2691910499139415,0.1717171717171717,0.6226114649681529,0.0,0.0,0.0,0.0,0.0,0.0,44,140.3555212020874
lambd,0.25,1,0.7157464212678937,1.0,0.5573248407643312,0.0,0.0,0.0,0.0,0.0,0.0,44,139.458313703537
lambd,0.25,2,0.750465549348231,0.9035874439461884,0.64171974522293,1.0,1.0,1.0,0.0,0.0,0.0,44,139.956684589386
lambd,0.25,3,0.7817652764306499,1.0,0.64171974522293,0.9454545454545454,1.0,0.896551724137931,0.6231369765791341,0.4525773195876288,1.0,44,138.9168643951416
lambd,0.5,1,0.7376884422110553,1.0,0.5843949044585988,0.0,0.0,0.0,0.0,0.0,0.0,44,140.02114033699036
lambd,0.5,2,0.7817652764306499,1.0,0.64171974522293,1.0,1.0,1.0,0.0,0.0,0.0,44,139.1320037841797
lambd,0.5,3,0.7817652764306499,1.0,0.64171974522293,1.0,1.0,1.0,0.6231369765791341,0.4525773195876288,1.0,44,138.81567811965942
lambd,1.0,1,0.7817652764306499,1.0,0.64171974522293,0.0,0.0,0.0,0.0,0.0,0.0,44,140.31228113174438
lambd,1.0,2,0.897278314310799,1.0,0.8136942675159236,1.0,1.0,1.0,0.0,0.0,0.0,44,140.3117551803589
lambd,1.0,3,0.897278314310799,1.0,0.8136942675159236,1.0,1.0,1.0,0.6231369765791341,0.4525773195876288,1.0,44,139.85870814323425
lambd,2.5,1,0.7817652764306499,1.0,0.64171974522293,0.0,0.0,0.0,0.0,0.0,0.0,44,140.41628503799438
lambd,2.5,2,0.9246575342465754,1.0,0.8598726114649682,1.0,1.0,1.0,0.0,0.0,0.0,44,139.43908524513245
lambd,2.5,3,0.7817652764306499,1.0,0.64171974522293,1.0,1.0,1.0,0.6100917431192661,0.4591484464902186,0.908883826879271,44,139.07882046699524
lambd,5.0,1,0.7817652764306499,1.0,0.64171974522293,0.0,0.0,0.0,0.0,0.0,0.0,44,137.399924993515
lambd,5.0,2,0.8787632221318143,0.8985024958402662,0.8598726114649682,1.0,1.0,1.0,0.0,0.0,0.0,44,140.0603370666504
lambd,5.0,3,0.2691910499139415,0.1717171717171717,0.6226114649681529,0.9454545454545454,1.0,0.896551724137931,0.6100917431192661,0.4591484464902186,0.908883826879271,44,139.22646117210388
lambd,10.0,1,0.897278314310799,1.0,0.8136942675159236,0.0,0.0,0.0,0.0,0.0,0.0,44,140.26184630393982
lambd,10.0,2,0.897278314310799,1.0,0.8136942675159236,1.0,1.0,1.0,0.0,0.0,0.0,44,139.54131388664246
lambd,10.0,3,0.7817652764306499,1.0,0.64171974522293,0.9454545454545454,1.0,0.896551724137931,0.6100917431192661,0.4591484464902186,0.908883826879271,44,140.14017009735107
alpha,0.1,1,0.7730941704035874,1.0,0.6301169590643275,0.0,0.0,0.0,0.0,0.0,0.0,45,151.23580741882324
alpha,0.1,2,0.0,0.0,0.0,0.7342047930283224,1.0,0.5800344234079173,0.0,0.0,0.0,45,143.82670378684998
alpha,0.1,3,0.125,0.25,0.0833333333333333,0.311495673671199,0.5526315789473685,0.216867469879518,0.10250569476082,0.1973684210526315,0.0692307692307692,45,143.59041261672974
alpha,0.3,1,1.0,1.0,1.0,0.0,0.0,0.0,0.0,0.0,0.0,45,146.85128092765808
alpha,0.3,2,0.0908768193113241,0.0600093764650726,0.1871345029239766,0.7895833333333333,1.0,0.6523235800344234,0.0,0.0,0.0,45,143.6106550693512
alpha,0.3,3,0.4344236265481105,0.2774847870182556,1.0,0.4541429475015812,0.359,0.6179001721170396,0.6486486486486487,1.0,0.48,45,140.38397645950317
alpha,0.5,1,1.0,1.0,1.0,0.0,0.0,0.0,0.0,0.0,0.0,45,140.41871118545532
alpha,0.5,2,0.6332574031890661,0.5186567164179104,0.8128654970760234,0.6243194192377497,0.4813432835820895,0.8881239242685026,0.0,0.0,0.0,45,140.12594175338745
alpha,0.5,3,0.3679083094555874,0.3025447690857681,0.4692982456140351,0.4616321559074299,0.357210179076343,0.6523235800344234,0.2489772063120982,0.2007540056550424,0.3276923076923076,45,140.25379514694214
alpha,0.75,1,1.0,1.0,1.0,0.0,0.0,0.0,0.0,0.0,0.0,45,143.01792311668396
alpha,0.75,2,0.6332574031890661,0.5186567164179104,0.8128654970760234,0.6243194192377497,0.4813432835820895,0.8881239242685026,0.0,0.0,0.0,45,141.04604864120483
alpha,0.75,3,0.4425612052730697,0.3263888888888889,0.6871345029239766,0.47105393369619,0.3305555555555555,0.8192771084337349,0.2602870813397129,0.1888888888888888,0.4184615384615384,45,140.85469603538513
alpha,1.0,1,1.0,1.0,1.0,0.0,0.0,0.0,0.0,0.0,0.0,45,142.81272649765015
alpha,1.0,2,0.6947689182326054,0.532295719844358,1.0,0.5530546623794211,0.401556420233463,0.8881239242685026,0.0,0.0,0.0,45,141.21482133865356
alpha,1.0,3,0.4425612052730697,0.3263888888888889,0.6871345029239766,0.47105393369619,0.3305555555555555,0.8192771084337349,0.3434610303830911,0.2073365231259968,1.0,45,140.41437792778015
lambd,0.0,1,0.0,0.0,0.0,0.0,0.0,0.0,0.0,0.0,0.0,45,140.3112232685089
lambd,0.0,2,0.0908768193113241,0.0600093764650726,0.1871345029239766,0.0,0.0,0.0,0.0,0.0,0.0,45,140.71186685562134
lambd,0.0,3,0.1058288548987184,0.0737752161383285,0.1871345029239766,0.0,0.0,0.0,0.0,0.0,0.0,45,140.41144967079163
lambd,0.25,1,1.0,1.0,1.0,0.0,0.0,0.0,0.0,0.0,0.0,45,141.37040281295776
lambd,0.25,2,0.0908768193113241,0.0600093764650726,0.1871345029239766,0.0,0.0,0.0,0.0,0.0,0.0,45,141.77814197540283
lambd,0.25,3,0.3679083094555874,0.3025447690857681,0.4692982456140351,0.4616321559074299,0.357210179076343,0.6523235800344234,1.0,1.0,1.0,45,142.34163188934326
lambd,0.5,1,1.0,1.0,1.0,0.0,0.0,0.0,0.0,0.0,0.0,45,142.47630524635315
lambd,0.5,2,0.6332574031890661,0.5186567164179104,0.8128654970760234,0.6243194192377497,0.4813432835820895,0.8881239242685026,0.0,0.0,0.0,45,141.03224992752075
lambd,0.5,3,0.6332574031890661,0.5186567164179104,0.8128654970760234,0.6243194192377497,0.4813432835820895,0.8881239242685026,0.2489772063120982,0.2007540056550424,0.3276923076923076,45,140.89697408676147
lambd,1.0,1,1.0,1.0,1.0,0.0,0.0,0.0,0.0,0.0,0.0,45,141.89561581611633
lambd,1.0,2,0.6332574031890661,0.5186567164179104,0.8128654970760234,0.6243194192377497,0.4813432835820895,0.8881239242685026,0.0,0.0,0.0,45,141.1596622467041
lambd,1.0,3,0.3679083094555874,0.3025447690857681,0.4692982456140351,0.4616321559074299,0.357210179076343,0.6523235800344234,0.2489772063120982,0.2007540056550424,0.3276923076923076,45,141.96855664253235
lambd,2.5,1,1.0,1.0,1.0,0.0,0.0,0.0,0.0,0.0,0.0,45,143.2691125869751
lambd,2.5,2,0.4638728323699421,0.4585714285714286,0.4692982456140351,0.9407474931631724,1.0,0.8881239242685026,0.0,0.0,0.0,45,140.7897083759308
lambd,2.5,3,0.6332574031890661,0.5186567164179104,0.8128654970760234,0.6243194192377497,0.4813432835820895,0.8881239242685026,1.0,1.0,1.0,45,141.459210395813
lambd,5.0,1,1.0,1.0,1.0,0.0,0.0,0.0,0.0,0.0,0.0,45,142.7894983291626
lambd,5.0,2,0.4638728323699421,0.4585714285714286,0.4692982456140351,0.9407474931631724,1.0,0.8881239242685026,0.0,0.0,0.0,45,142.11011838912964
lambd,5.0,3,0.6332574031890661,0.5186567164179104,0.8128654970760234,0.6243194192377497,0.4813432835820895,0.8881239242685026,1.0,1.0,1.0,45,141.87681245803833
lambd,10.0,1,1.0,1.0,1.0,0.0,0.0,0.0,0.0,0.0,0.0,45,143.64015913009644
lambd,10.0,2,0.6332574031890661,0.5186567164179104,0.8128654970760234,0.9407474931631724,1.0,0.8881239242685026,0.0,0.0,0.0,45,142.0665361881256
lambd,10.0,3,0.3679083094555874,0.3025447690857681,0.4692982456140351,0.4616321559074299,0.357210179076343,0.6523235800344234,0.2521212121212121,0.208,0.32,45,140.94057941436768
alpha,0.1,1,1.0,1.0,1.0,0.0,0.0,0.0,0.0,0.0,0.0,46,148.1581711769104
alpha,0.1,2,0.6965517241379311,1.0,0.5343915343915344,1.0,1.0,1.0,0.0,0.0,0.0,46,141.25410318374634
alpha,0.1,3,0.6965517241379311,1.0,0.5343915343915344,1.0,1.0,1.0,0.0,0.0,0.0,46,140.44202780723572
alpha,0.3,1,1.0,1.0,1.0,0.0,0.0,0.0,0.0,0.0,0.0,46,139.51259231567383
alpha,0.3,2,1.0,1.0,1.0,1.0,1.0,1.0,0.0,0.0,0.0,46,138.31300568580627
alpha,0.3,3,1.0,1.0,1.0,1.0,1.0,1.0,0.3257953238788808,0.1945970695970696,1.0,46,138.600923538208
alpha,0.5,1,1.0,1.0,1.0,0.0,0.0,0.0,0.0,0.0,0.0,46,139.56392741203308
alpha,0.5,2,1.0,1.0,1.0,1.0,1.0,1.0,0.0,0.0,0.0,46,138.41482019424438
alpha,0.5,3,0.3847980997624702,0.238235294117647,1.0,0.8365145228215768,0.8181818181818182,0.8556876061120543,1.0,1.0,1.0,46,139.24357843399048
alpha,0.75,1,1.0,1.0,1.0,0.0,0.0,0.0,0.0,0.0,0.0,46,134.6551170349121
alpha,0.75,2,1.0,1.0,1.0,1.0,1.0,1.0,0.0,0.0,0.0,46,138.6803958415985
alpha,0.75,3,0.3847980997624702,0.238235294117647,1.0,1.0,1.0,1.0,1.0,1.0,1.0,46,138.68913984298706
alpha,1.0,1,1.0,1.0,1.0,0.0,0.0,0.0,0.0,0.0,0.0,46,139.4394199848175
alpha,1.0,2,1.0,1.0,1.0,0.3767188999040614,0.2320724980299448,1.0,0.0,0.0,0.0,46,138.3849012851715
alpha,1.0,3,0.1042369703787026,0.0661904761904761,0.2451499118165784,1.0,1.0,1.0,1.0,1.0,1.0,46,138.5946409702301
lambd,0.0,1,0.0,0.0,0.0,0.0,0.0,0.0,0.0,0.0,0.0,46,139.00255179405212
lambd,0.0,2,1.0,1.0,1.0,0.0,0.0,0.0,0.0,0.0,0.0,46,138.30830097198486
lambd,0.0,3,0.1042369703787026,0.0661904761904761,0.2451499118165784,0.2744514689475641,0.1757142857142857,0.6264855687606112,0.0,0.0,0.0,46,138.7414972782135
lambd,0.25,1,0.0,0.0,0.0,0.0,0.0,0.0,0.0,0.0,0.0,46,138.71894788742063
lambd,0.25,2,1.0,1.0,1.0,1.0,1.0,1.0,0.0,0.0,0.0,46,138.23873019218445
lambd,0.25,3,0.2873796249366447,0.1678011245930748,1.0,0.296875,0.1743119266055046,1.0,1.0,1.0,1.0,46,138.86241269111633
lambd,0.5,1,1.0,1.0,1.0,0.0,0.0,0.0,0.0,0.0,0.0,46,139.6508331298828
lambd,0.5,2,1.0,1.0,1.0,0.8365145228215768,0.8181818181818182,0.8556876061120543,0.0,0.0,0.0,46,138.58099365234375
lambd,0.5,3,0.1042369703787026,0.0661904761904761,0.2451499118165784,1.0,1.0,1.0,1.0,1.0,1.0,46,138.18732500076294
lambd,1.0,1,1.0,1.0,1.0,0.0,0.0,0.0,0.0,0.0,0.0,46,139.48288106918335
lambd,1.0,2,1.0,1.0,1.0,1.0,1.0,1.0,0.0,0.0,0.0,46,138.21931290626526
lambd,1.0,3,0.3012752391073326,0.1773537691585861,1.0,1.0,1.0,1.0,1.0,1.0,1.0,46,138.73348879814148
lambd,2.5,1,1.0,1.0,1.0,0.0,0.0,0.0,0.0,0.0,0.0,46,140.5349462032318
lambd,2.5,2,1.0,1.0,1.0,1.0,1.0,1.0,0.0,0.0,0.0,46,138.46155762672424
lambd,2.5,3,0.7177215189873417,0.5597235932872655,1.0,1.0,1.0,1.0,1.0,1.0,1.0,46,139.08075952529907
lambd,5.0,1,1.0,1.0,1.0,0.0,0.0,0.0,0.0,0.0,0.0,46,140.89257168769836
lambd,5.0,2,1.0,1.0,1.0,1.0,1.0,1.0,0.0,0.0,0.0,46,139.19832587242126
lambd,5.0,3,0.2873796249366447,0.1678011245930748,1.0,0.8365145228215768,0.8181818181818182,0.8556876061120543,1.0,1.0,1.0,46,138.53803730010986
lambd,10.0,1,1.0,1.0,1.0,0.0,0.0,0.0,0.0,0.0,0.0,46,139.8052327632904
lambd,10.0,2,1.0,1.0,1.0,0.3123011664899258,0.1850455545083254,1.0,0.0,0.0,0.0,46,138.24749040603638
lambd,10.0,3,0.2873796249366447,0.1678011245930748,1.0,0.296875,0.1743119266055046,1.0,1.0,1.0,1.0,46,138.26912927627563
alpha,0.1,1,1.0,1.0,1.0,0.0,0.0,0.0,0.0,0.0,0.0,47,147.42778158187866
alpha,0.1,2,1.0,1.0,1.0,0.8009592326139089,1.0,0.668,0.0,0.0,0.0,47,140.85473012924194
alpha,0.1,3,1.0,1.0,1.0,1.0,1.0,1.0,1.0,1.0,1.0,47,140.66530179977417
alpha,0.3,1,1.0,1.0,1.0,0.0,0.0,0.0,0.0,0.0,0.0,47,142.37536716461182
alpha,0.3,2,0.7064595257563369,0.5461441213653603,1.0,1.0,1.0,1.0,0.0,0.0,0.0,47,140.3588001728058
alpha,0.3,3,0.5979238754325259,0.4264560710760118,1.0,1.0,1.0,1.0,1.0,1.0,1.0,47,138.57348608970642
alpha,0.5,1,1.0,1.0,1.0,0.0,0.0,0.0,0.0,0.0,0.0,47,138.4961221218109
alpha,0.5,2,1.0,1.0,1.0,1.0,1.0,1.0,0.0,0.0,0.0,47,139.11174392700195
alpha,0.5,3,1.0,1.0,1.0,1.0,1.0,1.0,1.0,1.0,1.0,47,138.3114049434662
alpha,0.75,1,1.0,1.0,1.0,0.0,0.0,0.0,0.0,0.0,0.0,47,139.65598583221436
alpha,0.75,2,1.0,1.0,1.0,1.0,1.0,1.0,0.0,0.0,0.0,47,140.14697241783142
alpha,0.75,3,0.5979238754325259,0.4264560710760118,1.0,1.0,1.0,1.0,0.5607476635514019,0.3896103896103896,1.0,47,141.02062559127808
alpha,1.0,1,1.0,1.0,1.0,0.0,0.0,0.0,0.0,0.0,0.0,47,138.98843717575073
alpha,1.0,2,0.2380821162854781,0.1351266812636847,1.0,1.0,1.0,1.0,0.0,0.0,0.0,47,139.705735206604
alpha,1.0,3,0.5979238754325259,0.4264560710760118,1.0,0.2468526289804986,0.140805406927626,1.0,1.0,1.0,1.0,47,138.8393909931183
lambd,0.0,1,0.0,0.0,0.0,0.0,0.0,0.0,0.0,0.0,0.0,47,140.85409355163574
lambd,0.0,2,0.2380821162854781,0.1351266812636847,1.0,0.0,0.0,0.0,0.0,0.0,0.0,47,139.46609115600586
lambd,0.0,3,0.2169219181521466,0.1216558715854688,1.0,1.0,1.0,1.0,0.0,0.0,0.0,47,139.8963840007782
lambd,0.25,1,0.0,0.0,0.0,0.0,0.0,0.0,0.0,0.0,0.0,47,139.12010550498962
lambd,0.25,2,0.2380821162854781,0.1351266812636847,1.0,1.0,1.0,1.0,0.0,0.0,0.0,47,139.07207536697388
lambd,0.25,3,0.5979238754325259,0.4264560710760118,1.0,1.0,1.0,1.0,0.0,0.0,0.0,47,138.74521493911743
lambd,0.5,1,1.0,1.0,1.0,0.0,0.0,0.0,0.0,0.0,0.0,47,139.2922158241272
lambd,0.5,2,1.0,1.0,1.0,1.0,1.0,1.0,0.0,0.0,0.0,47,138.07743191719055
lambd,0.5,3,0.5979238754325259,0.4264560710760118,1.0,1.0,1.0,1.0,0.4246250986582478,0.3700137551581843,0.4981481481481482,47,140.06466603279114
lambd,1.0,1,1.0,1.0,1.0,0.0,0.0,0.0,0.0,0.0,0.0,47,139.66353058815002
lambd,1.0,2,1.0,1.0,1.0,1.0,1.0,1.0,0.0,0.0,0.0,47,139.80337810516355
lambd,1.0,3,1.0,1.0,1.0,1.0,1.0,1.0,1.0,1.0,1.0,47,140.4006118774414
lambd,2.5,1,1.0,1.0,1.0,0.0,0.0,0.0,0.0,0.0,0.0,47,140.9244520664215
lambd,2.5,2,1.0,1.0,1.0,1.0,1.0,1.0,0.0,0.0,0.0,47,137.98126697540283
lambd,2.5,3,0.5979238754325259,0.4264560710760118,1.0,1.0,1.0,1.0,1.0,1.0,1.0,47,140.2417550086975
lambd,5.0,1,1.0,1.0,1.0,0.0,0.0,0.0,0.0,0.0,0.0,47,139.0592324733734
lambd,5.0,2,0.2380821162854781,0.1351266812636847,1.0,1.0,1.0,1.0,0.0,0.0,0.0,47,139.34977340698242
lambd,5.0,3,0.5979238754325259,0.4264560710760118,1.0,1.0,1.0,1.0,1.0,1.0,1.0,47,140.0894980430603
lambd,10.0,1,1.0,1.0,1.0,0.0,0.0,0.0,0.0,0.0,0.0,47,138.63317322731018
lambd,10.0,2,0.2380821162854781,0.1351266812636847,1.0,1.0,1.0,1.0,0.0,0.0,0.0,47,139.42072415351868
lambd,10.0,3,1.0,1.0,1.0,1.0,1.0,1.0,1.0,1.0,1.0,47,138.49502325057983
alpha,0.1,1,1.0,1.0,1.0,0.0,0.0,0.0,0.0,0.0,0.0,48,150.8088312149048
alpha,0.1,2,0.0,0.0,0.0,1.0,1.0,1.0,0.0,0.0,0.0,48,142.63069367408752
alpha,0.1,3,1.0,1.0,1.0,1.0,1.0,1.0,1.0,1.0,1.0,48,141.4995460510254
alpha,0.3,1,1.0,1.0,1.0,0.0,0.0,0.0,0.0,0.0,0.0,48,142.56819987297058
alpha,0.3,2,0.103042876901798,0.0709523809523809,0.1881313131313131,1.0,1.0,1.0,0.0,0.0,0.0,48,141.87211418151855
alpha,0.3,3,0.0479394449116905,0.0359394703656998,0.0719696969696969,1.0,1.0,1.0,1.0,1.0,1.0,48,141.4044167995453
alpha,0.5,1,1.0,1.0,1.0,0.0,0.0,0.0,0.0,0.0,0.0,48,142.98002886772156
alpha,0.5,2,0.103042876901798,0.0709523809523809,0.1881313131313131,1.0,1.0,1.0,0.0,0.0,0.0,48,141.36379146575928
alpha,0.5,3,0.103042876901798,0.0709523809523809,0.1881313131313131,1.0,1.0,1.0,1.0,1.0,1.0,48,132.78734946250916
alpha,0.75,1,1.0,1.0,1.0,0.0,0.0,0.0,0.0,0.0,0.0,48,139.95892524719238
alpha,0.75,2,0.103042876901798,0.0709523809523809,0.1881313131313131,1.0,1.0,1.0,0.0,0.0,0.0,48,139.7367877960205
alpha,0.75,3,0.6439024390243903,0.4748201438848921,1.0,1.0,1.0,1.0,1.0,1.0,1.0,48,138.38784313201904
alpha,1.0,1,1.0,1.0,1.0,0.0,0.0,0.0,0.0,0.0,0.0,48,139.8207447528839
alpha,1.0,2,0.4140094093047569,0.2610415293342122,1.0,1.0,1.0,1.0,0.0,0.0,0.0,48,138.91006541252136
alpha,1.0,3,0.103042876901798,0.0709523809523809,0.1881313131313131,0.6840317100792752,0.5197934595524957,1.0,0.5836614173228346,0.4533639143730887,0.819060773480663,48,138.7301046848297
lambd,0.0,1,1.0,1.0,1.0,0.0,0.0,0.0,0.0,0.0,0.0,48,140.03840517997742
lambd,0.0,2,0.103042876901798,0.0709523809523809,0.1881313131313131,0.0,0.0,0.0,0.0,0.0,0.0,48,138.9367492198944
lambd,0.0,3,0.6439024390243903,0.4748201438848921,1.0,0.0,0.0,0.0,0.0,0.0,0.0,48,138.62228775024414
lambd,0.25,1,1.0,1.0,1.0,0.0,0.0,0.0,0.0,0.0,0.0,48,139.88350462913513
lambd,0.25,2,0.4140094093047569,0.2610415293342122,1.0,1.0,1.0,1.0,0.0,0.0,0.0,48,138.46172070503235
lambd,0.25,3,0.6439024390243903,0.4748201438848921,1.0,0.5698924731182795,0.4457943925233645,0.7897350993377483,1.0,1.0,1.0,48,138.5883390903473
lambd,0.5,1,1.0,1.0,1.0,0.0,0.0,0.0,0.0,0.0,0.0,48,139.77586579322815
lambd,0.5,2,0.4140094093047569,0.2610415293342122,1.0,1.0,1.0,1.0,0.0,0.0,0.0,48,138.89554953575134
lambd,0.5,3,0.6439024390243903,0.4748201438848921,1.0,1.0,1.0,1.0,1.0,1.0,1.0,48,138.73925232887268
lambd,1.0,1,1.0,1.0,1.0,0.0,0.0,0.0,0.0,0.0,0.0,48,140.0883402824402
lambd,1.0,2,0.4140094093047569,0.2610415293342122,1.0,1.0,1.0,1.0,0.0,0.0,0.0,48,139.80953192710876
lambd,1.0,3,0.6439024390243903,0.4748201438848921,1.0,1.0,1.0,1.0,1.0,1.0,1.0,48,138.86079502105713
lambd,2.5,1,1.0,1.0,1.0,0.0,0.0,0.0,0.0,0.0,0.0,48,140.1363501548767
lambd,2.5,2,0.4140094093047569,0.2610415293342122,1.0,1.0,1.0,1.0,0.0,0.0,0.0,48,139.17264986038208
lambd,2.5,3,0.6439024390243903,0.4748201438848921,1.0,1.0,1.0,1.0,1.0,1.0,1.0,48,138.8922982215881
lambd,5.0,1,1.0,1.0,1.0,0.0,0.0,0.0,0.0,0.0,0.0,48,139.87572050094604
lambd,5.0,2,1.0,1.0,1.0,1.0,1.0,1.0,0.0,0.0,0.0,48,140.0434284210205
lambd,5.0,3,0.0479394449116905,0.0359394703656998,0.0719696969696969,0.5698924731182795,0.4457943925233645,0.7897350993377483,1.0,1.0,1.0,48,138.73720574378967
lambd,10.0,1,1.0,1.0,1.0,0.0,0.0,0.0,0.0,0.0,0.0,48,139.28029799461365
lambd,10.0,2,1.0,1.0,1.0,1.0,1.0,1.0,0.0,0.0,0.0,48,139.02647161483765
lambd,10.0,3,0.6439024390243903,0.4748201438848921,1.0,0.5698924731182795,0.4457943925233645,0.7897350993377483,1.0,1.0,1.0,48,138.57807302474976
alpha,0.1,1,1.0,1.0,1.0,0.0,0.0,0.0,0.0,0.0,0.0,49,149.35713815689087
alpha,0.1,2,0.0,0.0,0.0,1.0,1.0,1.0,0.0,0.0,0.0,49,142.4846749305725
alpha,0.1,3,0.0,0.0,0.0,1.0,1.0,1.0,1.0,1.0,1.0,49,141.5249207019806
alpha,0.3,1,1.0,1.0,1.0,0.0,0.0,0.0,0.0,0.0,0.0,49,140.7529354095459
alpha,0.3,2,0.1109886071297317,0.0719047619047619,0.2431561996779388,1.0,1.0,1.0,0.0,0.0,0.0,49,139.35934495925903
alpha,0.3,3,1.0,1.0,1.0,1.0,1.0,1.0,1.0,1.0,1.0,49,139.74385619163513
alpha,0.5,1,1.0,1.0,1.0,0.0,0.0,0.0,0.0,0.0,0.0,49,140.74060225486755
alpha,0.5,2,0.1109886071297317,0.0719047619047619,0.2431561996779388,1.0,1.0,1.0,0.0,0.0,0.0,49,139.5509328842163
alpha,0.5,3,1.0,1.0,1.0,1.0,1.0,1.0,1.0,1.0,1.0,49,139.87912487983704
alpha,0.75,1,1.0,1.0,1.0,0.0,0.0,0.0,0.0,0.0,0.0,49,139.57932138442993
alpha,0.75,2,0.1109886071297317,0.0719047619047619,0.2431561996779388,1.0,1.0,1.0,0.0,0.0,0.0,49,139.38963675498962
alpha,0.75,3,0.3598956824108953,0.219434628975265,1.0,1.0,1.0,1.0,0.2680538555691554,0.1547703180212014,1.0,49,139.72737836837769
alpha,1.0,1,1.0,1.0,1.0,0.0,0.0,0.0,0.0,0.0,0.0,49,140.82023930549622
alpha,1.0,2,0.1109886071297317,0.0719047619047619,0.2431561996779388,1.0,1.0,1.0,0.0,0.0,0.0,49,139.57109141349792
alpha,1.0,3,0.3598956824108953,0.219434628975265,1.0,1.0,1.0,1.0,0.2680538555691554,0.1547703180212014,1.0,49,139.9290051460266
lambd,0.0,1,0.0,0.0,0.0,0.0,0.0,0.0,0.0,0.0,0.0,49,140.85289072990415
lambd,0.0,2,0.1109886071297317,0.0719047619047619,0.2431561996779388,0.0,0.0,0.0,0.0,0.0,0.0,49,139.27218985557556
lambd,0.0,3,0.1145175834084761,0.0795241077019411,0.2045088566827697,0.0,0.0,0.0,0.0,0.0,0.0,49,139.5372667312622
lambd,0.25,1,1.0,1.0,1.0,0.0,0.0,0.0,0.0,0.0,0.0,49,140.86330842971802
lambd,0.25,2,0.1109886071297317,0.0719047619047619,0.2431561996779388,1.0,1.0,1.0,0.0,0.0,0.0,49,139.39123034477234
lambd,0.25,3,0.1145175834084761,0.0795241077019411,0.2045088566827697,1.0,1.0,1.0,0.1907013396375098,0.1152380952380952,0.5525114155251142,49,139.66258239746094
lambd,0.5,1,1.0,1.0,1.0,0.0,0.0,0.0,0.0,0.0,0.0,49,139.64051270484924
lambd,0.5,2,0.1109886071297317,0.0719047619047619,0.2431561996779388,1.0,1.0,1.0,0.0,0.0,0.0,49,139.48145747184753
lambd,0.5,3,0.6965787997756591,0.5344234079173839,1.0,1.0,1.0,1.0,1.0,1.0,1.0,49,139.89233136177063
lambd,1.0,1,1.0,1.0,1.0,0.0,0.0,0.0,0.0,0.0,0.0,49,140.47704601287842
lambd,1.0,2,0.1109886071297317,0.0719047619047619,0.2431561996779388,1.0,1.0,1.0,0.0,0.0,0.0,49,139.6110119819641
lambd,1.0,3,0.6965787997756591,0.5344234079173839,1.0,1.0,1.0,1.0,1.0,1.0,1.0,49,139.45271015167236
lambd,2.5,1,1.0,1.0,1.0,0.0,0.0,0.0,0.0,0.0,0.0,49,140.46823143959045
lambd,2.5,2,0.1109886071297317,0.0719047619047619,0.2431561996779388,1.0,1.0,1.0,0.0,0.0,0.0,49,139.7050700187683
lambd,2.5,3,1.0,1.0,1.0,1.0,1.0,1.0,1.0,1.0,1.0,49,140.1100354194641
lambd,5.0,1,1.0,1.0,1.0,0.0,0.0,0.0,0.0,0.0,0.0,49,140.13972759246826
lambd,5.0,2,0.1109886071297317,0.0719047619047619,0.2431561996779388,1.0,1.0,1.0,0.0,0.0,0.0,49,139.4006633758545
lambd,5.0,3,1.0,1.0,1.0,1.0,1.0,1.0,1.0,1.0,1.0,49,140.10291647911072
lambd,10.0,1,1.0,1.0,1.0,0.0,0.0,0.0,0.0,0.0,0.0,49,140.83610773086548
lambd,10.0,2,0.1109886071297317,0.0719047619047619,0.2431561996779388,1.0,1.0,1.0,0.0,0.0,0.0,49,139.6946246623993
lambd,10.0,3,0.6965787997756591,0.5344234079173839,1.0,1.0,1.0,1.0,1.0,1.0,1.0,49,139.8781213760376
alpha,0.1,1,0.2234794908062235,1.0,0.125796178343949,0.0,0.0,0.0,0.0,0.0,0.0,5,146.92071294784546
alpha,0.1,2,0.3906655142610198,0.4272211720226843,0.3598726114649681,1.0,1.0,1.0,0.0,0.0,0.0,5,135.56539630889893
alpha,0.1,3,0.7183673469387756,1.0,0.5605095541401274,0.8244734202607823,1.0,0.7013651877133106,0.0680473372781065,0.184,0.0417422867513611,5,137.01725006103516
alpha,0.3,1,0.8805704099821746,1.0,0.7866242038216561,0.0,0.0,0.0,0.0,0.0,0.0,5,137.98402070999146
alpha,0.3,2,0.7934678194044189,1.0,0.6576433121019108,1.0,1.0,1.0,0.0,0.0,0.0,5,136.97415399551392
alpha,0.3,3,0.7613412228796844,1.0,0.6146496815286624,1.0,1.0,1.0,0.2720333102012491,0.2202247191011236,0.3557168784029038,5,136.60651397705078
alpha,0.5,1,0.7376884422110553,1.0,0.5843949044585988,0.0,0.0,0.0,0.0,0.0,0.0,5,138.08179807662964
alpha,0.5,2,1.0,1.0,1.0,1.0,1.0,1.0,0.0,0.0,0.0,5,137.56598114967346
alpha,0.5,3,1.0,1.0,1.0,1.0,1.0,1.0,0.2321466189172108,0.1313155386081982,1.0,5,136.78169417381287
alpha,0.75,1,0.7817652764306499,1.0,0.64171974522293,0.0,0.0,0.0,0.0,0.0,0.0,5,137.64245223999023
alpha,0.75,2,0.6239443616492797,0.4534296028880866,1.0,1.0,1.0,1.0,0.0,0.0,0.0,5,137.88681149482727
alpha,0.75,3,0.3122048222719363,0.1849779086892489,1.0,1.0,1.0,1.0,1.0,1.0,1.0,5,136.6834900379181
alpha,1.0,1,1.0,1.0,1.0,0.0,0.0,0.0,0.0,0.0,0.0,5,137.98001146316528
alpha,1.0,2,0.6239443616492797,0.4534296028880866,1.0,1.0,1.0,1.0,0.0,0.0,0.0,5,137.03322505950928
alpha,1.0,3,0.3122048222719363,0.1849779086892489,1.0,0.6210916799152094,0.4504227517294389,1.0,0.4829097283085013,0.3183131138070479,1.0,5,136.5372257232666
lambd,0.0,1,0.070323488045007,0.3012048192771084,0.0398089171974522,0.0,0.0,0.0,0.0,0.0,0.0,5,137.75828742980957
lambd,0.0,2,0.261723700887199,0.1633702531645569,0.6576433121019108,0.0,0.0,0.0,0.0,0.0,0.0,5,136.9787266254425
lambd,0.0,3,0.2603648424543947,0.1496663489037178,1.0,0.2450857381848598,0.1396568160152526,1.0,0.2321466189172108,0.1313155386081982,1.0,5,136.73176455497742
lambd,0.25,1,0.7817652764306499,1.0,0.64171974522293,0.0,0.0,0.0,0.0,0.0,0.0,5,137.69862747192383
lambd,0.25,2,0.7817652764306499,1.0,0.64171974522293,1.0,1.0,1.0,0.0,0.0,0.0,5,137.9016673564911
lambd,0.25,3,1.0,1.0,1.0,1.0,1.0,1.0,0.0,0.0,0.0,5,136.49001622200012
lambd,0.5,1,0.7817652764306499,1.0,0.64171974522293,0.0,0.0,0.0,0.0,0.0,0.0,5,137.65471005439758
lambd,0.5,2,0.7934678194044189,1.0,0.6576433121019108,1.0,1.0,1.0,0.0,0.0,0.0,5,136.7568552494049
lambd,0.5,3,1.0,1.0,1.0,1.0,1.0,1.0,0.2720333102012491,0.2202247191011236,0.3557168784029038,5,136.36950492858887
lambd,1.0,1,0.7817652764306499,1.0,0.64171974522293,0.0,0.0,0.0,0.0,0.0,0.0,5,137.61167335510254
lambd,1.0,2,0.261723700887199,0.1633702531645569,0.6576433121019108,1.0,1.0,1.0,0.0,0.0,0.0,5,136.55022406578064
lambd,1.0,3,0.7817652764306499,1.0,0.64171974522293,0.6210916799152094,0.4504227517294389,1.0,1.0,1.0,1.0,5,136.36654329299927
lambd,2.5,1,0.7376884422110553,1.0,0.5843949044585988,0.0,0.0,0.0,0.0,0.0,0.0,5,137.631338596344
lambd,2.5,2,0.261723700887199,0.1633702531645569,0.6576433121019108,1.0,1.0,1.0,0.0,0.0,0.0,5,137.5305414199829
lambd,2.5,3,0.750465549348231,0.9035874439461884,0.64171974522293,0.5671213208901651,0.4894671623296158,0.674061433447099,1.0,1.0,1.0,5,136.45243310928345
lambd,5.0,1,0.7376884422110553,1.0,0.5843949044585988,0.0,0.0,0.0,0.0,0.0,0.0,5,137.7653102874756
lambd,5.0,2,0.261723700887199,0.1633702531645569,0.6576433121019108,1.0,1.0,1.0,0.0,0.0,0.0,5,137.553062915802
lambd,5.0,3,0.7408829174664108,0.932367149758454,0.6146496815286624,0.556910569105691,0.4617977528089887,0.7013651877133106,1.0,1.0,1.0,5,136.44548439979553
lambd,10.0,1,0.7817652764306499,1.0,0.64171974522293,0.0,0.0,0.0,0.0,0.0,0.0,5,137.60940980911255
lambd,10.0,2,0.261723700887199,0.1633702531645569,0.6576433121019108,1.0,1.0,1.0,0.0,0.0,0.0,5,136.68673062324524
lambd,10.0,3,1.0,1.0,1.0,1.0,1.0,1.0,0.4829097283085013,0.3183131138070479,1.0,5,136.43905353546145
alpha,0.1,1,1.0,1.0,1.0,0.0,0.0,0.0,0.0,0.0,0.0,50,146.09404635429382
alpha,0.1,2,1.0,1.0,1.0,1.0,1.0,1.0,0.0,0.0,0.0,50,141.4134705066681
alpha,0.1,3,0.0,0.0,0.0,0.0,0.0,0.0,1.0,1.0,1.0,50,139.77116799354553
alpha,0.3,1,1.0,1.0,1.0,0.0,0.0,0.0,0.0,0.0,0.0,50,141.02532196044922
alpha,0.3,2,0.0,0.0,0.0,1.0,1.0,1.0,0.0,0.0,0.0,50,141.21390461921692
alpha,0.3,3,0.0918318028032866,0.0577858880778588,0.2235294117647059,0.0,0.0,0.0,1.0,1.0,1.0,50,140.04904341697693
alpha,0.5,1,1.0,1.0,1.0,0.0,0.0,0.0,0.0,0.0,0.0,50,142.0119550228119
alpha,0.5,2,0.2137826961770624,0.1196845958884821,1.0,1.0,1.0,1.0,0.0,0.0,0.0,50,140.8679165840149
alpha,0.5,3,0.0918318028032866,0.0577858880778588,0.2235294117647059,0.2093487814622452,0.1334691798267957,0.4851851851851851,1.0,1.0,1.0,50,141.07301449775696
alpha,0.75,1,1.0,1.0,1.0,0.0,0.0,0.0,0.0,0.0,0.0,50,142.60748505592346
alpha,0.75,2,0.2137826961770624,0.1196845958884821,1.0,1.0,1.0,1.0,0.0,0.0,0.0,50,141.29611992836
alpha,0.75,3,0.0918318028032866,0.0577858880778588,0.2235294117647059,0.2093487814622452,0.1334691798267957,0.4851851851851851,1.0,1.0,1.0,50,139.11073446273804
alpha,1.0,1,1.0,1.0,1.0,0.0,0.0,0.0,0.0,0.0,0.0,50,141.1176528930664
alpha,1.0,2,0.2137826961770624,0.1196845958884821,1.0,1.0,1.0,1.0,0.0,0.0,0.0,50,142.02486610412598
alpha,1.0,3,0.2137826961770624,0.1196845958884821,1.0,0.2022727272727272,0.1271428571428571,0.4944444444444444,0.2533202164289228,0.1450295691354548,1.0,50,140.16662430763245
lambd,0.0,1,0.0,0.0,0.0,0.0,0.0,0.0,0.0,0.0,0.0,50,143.3953378200531
lambd,0.0,2,0.2137826961770624,0.1196845958884821,1.0,0.0,0.0,0.0,0.0,0.0,0.0,50,141.90705561637878
lambd,0.0,3,0.0918318028032866,0.0577858880778588,0.2235294117647059,0.0,0.0,0.0,0.0,0.0,0.0,50,139.7651009559631
lambd,0.25,1,1.0,1.0,1.0,0.0,0.0,0.0,0.0,0.0,0.0,50,141.12804675102234
lambd,0.25,2,0.2137826961770624,0.1196845958884821,1.0,1.0,1.0,1.0,0.0,0.0,0.0,50,140.91835260391235
lambd,0.25,3,0.1951672862453531,0.1123795932929004,0.7411764705882353,0.0,0.0,0.0,0.2839059674502712,0.1680342490189083,0.9145631067961164,50,139.52176332473755
lambd,0.5,1,1.0,1.0,1.0,0.0,0.0,0.0,0.0,0.0,0.0,50,139.28666067123413
lambd,0.5,2,0.2137826961770624,0.1196845958884821,1.0,1.0,1.0,1.0,0.0,0.0,0.0,50,140.1043736934662
lambd,0.5,3,0.0918318028032866,0.0577858880778588,0.2235294117647059,0.2093487814622452,0.1334691798267957,0.4851851851851851,1.0,1.0,1.0,50,138.90853667259216
lambd,1.0,1,1.0,1.0,1.0,0.0,0.0,0.0,0.0,0.0,0.0,50,140.09218215942383
lambd,1.0,2,1.0,1.0,1.0,1.0,1.0,1.0,0.0,0.0,0.0,50,140.1225802898407
lambd,1.0,3,0.0918318028032866,0.0577858880778588,0.2235294117647059,0.0,0.0,0.0,1.0,1.0,1.0,50,139.92144179344177
lambd,2.5,1,1.0,1.0,1.0,0.0,0.0,0.0,0.0,0.0,0.0,50,140.3934464454651
lambd,2.5,2,0.2137826961770624,0.1196845958884821,1.0,1.0,1.0,1.0,0.0,0.0,0.0,50,140.10412049293518
lambd,2.5,3,0.0918318028032866,0.0577858880778588,0.2235294117647059,0.0,0.0,0.0,1.0,1.0,1.0,50,139.80476427078247
lambd,5.0,1,1.0,1.0,1.0,0.0,0.0,0.0,0.0,0.0,0.0,50,139.10261225700378
lambd,5.0,2,1.0,1.0,1.0,1.0,1.0,1.0,0.0,0.0,0.0,50,140.4775927066803
lambd,5.0,3,0.0918318028032866,0.0577858880778588,0.2235294117647059,0.2093487814622452,0.1334691798267957,0.4851851851851851,1.0,1.0,1.0,50,139.9681568145752
lambd,10.0,1,1.0,1.0,1.0,0.0,0.0,0.0,0.0,0.0,0.0,50,140.69839787483215
lambd,10.0,2,0.2137826961770624,0.1196845958884821,1.0,1.0,1.0,1.0,0.0,0.0,0.0,50,141.10373401641846
lambd,10.0,3,0.2137826961770624,0.1196845958884821,1.0,1.0,1.0,1.0,1.0,1.0,1.0,50,139.88876748085022
alpha,0.1,1,1.0,1.0,1.0,0.0,0.0,0.0,0.0,0.0,0.0,51,147.02170634269714
alpha,0.1,2,1.0,1.0,1.0,1.0,1.0,1.0,0.0,0.0,0.0,51,139.93531274795532
alpha,0.1,3,0.0,0.0,0.0,1.0,1.0,1.0,1.0,1.0,1.0,51,139.17711305618286
alpha,0.3,1,1.0,1.0,1.0,0.0,0.0,0.0,0.0,0.0,0.0,51,140.25050735473633
alpha,0.3,2,1.0,1.0,1.0,1.0,1.0,1.0,0.0,0.0,0.0,51,139.01453304290771
alpha,0.3,3,0.0769789397240377,0.0496952648851383,0.1706924315619968,0.2434718646561236,0.1551804969526488,0.5648464163822525,1.0,1.0,1.0,51,138.6965913772583
alpha,0.5,1,1.0,1.0,1.0,0.0,0.0,0.0,0.0,0.0,0.0,51,141.4779407978058
alpha,0.5,2,1.0,1.0,1.0,0.3237569060773481,0.1931443638760712,1.0,0.0,0.0,0.0,51,140.06104922294617
alpha,0.5,3,0.0769789397240377,0.0496952648851383,0.1706924315619968,0.2434718646561236,0.1551804969526488,0.5648464163822525,1.0,1.0,1.0,51,140.39726328849792
alpha,0.75,1,1.0,1.0,1.0,0.0,0.0,0.0,0.0,0.0,0.0,51,140.13633584976196
alpha,0.75,2,1.0,1.0,1.0,0.3237569060773481,0.1931443638760712,1.0,0.0,0.0,0.0,51,140.0006103515625
alpha,0.75,3,0.3598956824108953,0.219434628975265,1.0,0.3430913348946136,0.2070671378091872,1.0,1.0,1.0,1.0,51,139.81026029586792
alpha,1.0,1,1.0,1.0,1.0,0.0,0.0,0.0,0.0,0.0,0.0,51,141.18752002716064
alpha,1.0,2,1.0,1.0,1.0,0.3237569060773481,0.1931443638760712,1.0,0.0,0.0,0.0,51,139.36519122123718
alpha,1.0,3,0.5443974630021142,0.4051927616050354,0.8293075684380032,0.493681550126369,0.3277404921700224,1.0,1.0,1.0,1.0,51,139.39723920822144
lambd,0.0,1,0.0,0.0,0.0,0.0,0.0,0.0,0.0,0.0,0.0,51,140.2241735458374
lambd,0.0,2,1.0,1.0,1.0,0.0,0.0,0.0,0.0,0.0,0.0,51,141.2696053981781
lambd,0.0,3,0.0769789397240377,0.0496952648851383,0.1706924315619968,0.2434718646561236,0.1551804969526488,0.5648464163822525,0.0,0.0,0.0,51,139.55915141105652
lambd,0.25,1,1.0,1.0,1.0,0.0,0.0,0.0,0.0,0.0,0.0,51,140.38790464401245
lambd,0.25,2,1.0,1.0,1.0,0.3237569060773481,0.1931443638760712,1.0,0.0,0.0,0.0,51,140.79326677322388
lambd,0.25,3,0.0769789397240377,0.0496952648851383,0.1706924315619968,0.2434718646561236,0.1551804969526488,0.5648464163822525,1.0,1.0,1.0,51,140.25198364257812
lambd,0.5,1,1.0,1.0,1.0,0.0,0.0,0.0,0.0,0.0,0.0,51,139.57882809638977
lambd,0.5,2,1.0,1.0,1.0,0.3237569060773481,0.1931443638760712,1.0,0.0,0.0,0.0,51,138.9011242389679
lambd,0.5,3,0.0769789397240377,0.0496952648851383,0.1706924315619968,0.2434718646561236,0.1551804969526488,0.5648464163822525,1.0,1.0,1.0,51,138.16330552101135
lambd,1.0,1,1.0,1.0,1.0,0.0,0.0,0.0,0.0,0.0,0.0,51,139.65727305412292
lambd,1.0,2,1.0,1.0,1.0,0.3237569060773481,0.1931443638760712,1.0,0.0,0.0,0.0,51,139.0440592765808
lambd,1.0,3,0.3598956824108953,0.219434628975265,1.0,0.3430913348946136,0.2070671378091872,1.0,1.0,1.0,1.0,51,138.52828860282898
lambd,2.5,1,1.0,1.0,1.0,0.0,0.0,0.0,0.0,0.0,0.0,51,139.72338151931763
lambd,2.5,2,1.0,1.0,1.0,0.3237569060773481,0.1931443638760712,1.0,0.0,0.0,0.0,51,138.5032000541687
lambd,2.5,3,0.0769789397240377,0.0496952648851383,0.1706924315619968,0.2434718646561236,0.1551804969526488,0.5648464163822525,1.0,1.0,1.0,51,138.5159478187561
lambd,5.0,1,1.0,1.0,1.0,0.0,0.0,0.0,0.0,0.0,0.0,51,138.57710671424866
lambd,5.0,2,1.0,1.0,1.0,0.3237569060773481,0.1931443638760712,1.0,0.0,0.0,0.0,51,139.90626049041748
lambd,5.0,3,0.1128860489882854,0.0843277645186953,0.1706924315619968,0.2434718646561236,0.1551804969526488,0.5648464163822525,1.0,1.0,1.0,51,138.56495547294617
lambd,10.0,1,1.0,1.0,1.0,0.0,0.0,0.0,0.0,0.0,0.0,51,139.89506483078003
lambd,10.0,2,1.0,1.0,1.0,0.3237569060773481,0.1931443638760712,1.0,0.0,0.0,0.0,51,138.86928367614746
lambd,10.0,3,0.6965787997756591,0.5344234079173839,1.0,0.5199645075421473,0.3513189448441247,1.0,1.0,1.0,1.0,51,138.39763760566711
alpha,0.1,1,0.1932989690721649,1.0,0.1069900142653352,0.0,0.0,0.0,0.0,0.0,0.0,52,147.70313620567322
alpha,0.1,2,0.2584791146019279,0.1723809523809523,0.5164051355206848,0.7730941704035874,1.0,0.6301169590643275,0.0,0.0,0.0,52,142.15923404693604
alpha,0.1,3,0.2243070362473347,0.1599756690997567,0.3751783166904422,0.0,0.0,0.0,0.8751210067763795,1.0,0.7779690189328744,52,141.30483627319336
alpha,0.3,1,0.7312217194570136,1.0,0.5763195435092725,0.0,0.0,0.0,0.0,0.0,0.0,52,141.77648949623108
alpha,0.3,2,0.2584791146019279,0.1723809523809523,0.5164051355206848,1.0,1.0,1.0,0.0,0.0,0.0,52,139.95892930030823
alpha,0.3,3,0.2421746293245469,0.1702374059061957,0.4194008559201141,0.4638728323699421,0.4585714285714286,0.4692982456140351,0.5917252146760342,0.5414285714285715,0.6523235800344234,52,139.74235773086548
alpha,0.5,1,0.4122310305775764,1.0,0.2596291012838801,0.0,0.0,0.0,0.0,0.0,0.0,52,139.4579894542694
alpha,0.5,2,0.2584791146019279,0.1723809523809523,0.5164051355206848,1.0,1.0,1.0,0.0,0.0,0.0,52,139.26375246047974
alpha,0.5,3,0.2808750882145377,0.1865916549460853,0.5677603423680456,0.6332574031890661,0.5186567164179104,0.8128654970760234,0.6243194192377497,0.4813432835820895,0.8881239242685026,52,140.34480237960815
alpha,0.75,1,1.0,1.0,1.0,0.0,0.0,0.0,0.0,0.0,0.0,52,139.58397340774536
alpha,0.75,2,0.5764802631578947,0.4049682264586944,1.0,1.0,1.0,1.0,0.0,0.0,0.0,52,139.5621304512024
alpha,0.75,3,0.3654848800834202,0.2236044657097288,1.0,0.6332574031890661,0.5186567164179104,0.8128654970760234,0.6243194192377497,0.4813432835820895,0.8881239242685026,52,139.8416256904602
alpha,1.0,1,1.0,1.0,1.0,0.0,0.0,0.0,0.0,0.0,0.0,52,139.1284601688385
alpha,1.0,2,0.3711001642036124,0.3010657193605683,0.4835948644793152,1.0,1.0,1.0,0.0,0.0,0.0,52,139.4777934551239
alpha,1.0,3,0.2584791146019279,0.1723809523809523,0.5164051355206848,0.0,0.0,0.0,0.0484893696381947,0.0309523809523809,0.1118760757314974,52,139.7567536830902
lambd,0.0,1,0.0795107033639143,0.1392857142857143,0.0556348074179743,0.0,0.0,0.0,0.0,0.0,0.0,52,140.6095371246338
lambd,0.0,2,0.1865168539325843,0.4391534391534391,0.1184022824536376,0.1512027491408935,0.3492063492063492,0.0964912280701754,0.0,0.0,0.0,52,140.3812665939331
lambd,0.0,3,0.2421746293245469,0.1702374059061957,0.4194008559201141,0.0,0.0,0.0,0.0,0.0,0.0,52,139.10356760025024
lambd,0.25,1,0.4335195530726257,1.0,0.2767475035663338,0.0,0.0,0.0,0.0,0.0,0.0,52,139.42764043807983
lambd,0.25,2,0.2584791146019279,0.1723809523809523,0.5164051355206848,1.0,1.0,1.0,0.0,0.0,0.0,52,140.60476350784302
lambd,0.25,3,0.2584791146019279,0.1723809523809523,0.5164051355206848,0.6332574031890661,0.5186567164179104,0.8128654970760234,0.6243194192377497,0.4813432835820895,0.8881239242685026,52,139.25644659996033
lambd,0.5,1,1.0,1.0,1.0,0.0,0.0,0.0,0.0,0.0,0.0,52,140.98349380493164
lambd,0.5,2,0.2584791146019279,0.1723809523809523,0.5164051355206848,1.0,1.0,1.0,0.0,0.0,0.0,52,141.2625970840454
lambd,0.5,3,0.2584791146019279,0.1723809523809523,0.5164051355206848,0.6332574031890661,0.5186567164179104,0.8128654970760234,0.6243194192377497,0.4813432835820895,0.8881239242685026,52,141.3957221508026
lambd,1.0,1,1.0,1.0,1.0,0.0,0.0,0.0,0.0,0.0,0.0,52,142.50507044792175
lambd,1.0,2,0.2584791146019279,0.1723809523809523,0.5164051355206848,1.0,1.0,1.0,0.0,0.0,0.0,52,143.01307082176208
lambd,1.0,3,0.2584791146019279,0.1723809523809523,0.5164051355206848,0.6332574031890661,0.5186567164179104,0.8128654970760234,0.6243194192377497,0.4813432835820895,0.8881239242685026,52,139.84827661514282
lambd,2.5,1,0.4727668845315904,1.0,0.3095577746077033,0.0,0.0,0.0,0.0,0.0,0.0,52,140.49033403396606
alpha,0.1,1,0.0884450784593438,0.2066666666666666,0.0562613430127041,0.0,0.0,0.0,0.0,0.0,0.0,53,147.53087210655212
alpha,0.1,2,0.2776310826103357,0.1752380952380952,0.6678765880217786,0.7730941704035874,1.0,0.6301169590643275,0.0,0.0,0.0,53,139.81046557426453
alpha,0.1,3,0.754639175257732,0.8735083532219571,0.6642468239564429,0.903846153846154,1.0,0.8245614035087719,0.7492795389048992,1.0,0.5990783410138248,53,137.78017497062683
alpha,0.1,1,0.7219430485762143,1.0,0.564875491480996,0.0,0.0,0.0,0.0,0.0,0.0,54,146.69585371017456
alpha,0.1,2,0.4995083579154376,1.0,0.3328964613368283,0.6674727932285368,1.0,0.5009074410163339,0.0,0.0,0.0,54,140.8106610774994
alpha,0.1,3,0.4727385377942998,0.3095334685598377,1.0,0.4904109589041095,1.0,0.3248638838475499,0.5888198757763975,0.6528925619834711,0.5361990950226244,54,138.2390055656433
alpha,0.3,1,1.0,1.0,1.0,0.0,0.0,0.0,0.0,0.0,0.0,54,137.76586484909058
alpha,0.3,2,1.0,1.0,1.0,1.0,1.0,1.0,0.0,0.0,0.0,54,137.78757095336914
alpha,0.3,3,0.4727385377942998,0.3095334685598377,1.0,0.2625,0.3080684596577017,0.2286751361161524,0.6415981198589894,0.6674816625916871,0.6176470588235294,54,138.39958596229553
alpha,0.5,1,1.0,1.0,1.0,0.0,0.0,0.0,0.0,0.0,0.0,54,138.01838326454163
alpha,0.5,2,1.0,1.0,1.0,0.3459459459459459,0.2755651237890204,0.4646098003629764,0.0,0.0,0.0,54,137.94491958618164
alpha,0.5,3,0.1404121550820817,0.0957142857142857,0.2634338138925295,0.2776310826103357,0.1752380952380952,0.6678765880217786,1.0,1.0,1.0,54,138.22243905067444
alpha,0.75,1,1.0,1.0,1.0,0.0,0.0,0.0,0.0,0.0,0.0,54,137.86895728111267
alpha,0.75,2,1.0,1.0,1.0,0.2383612662942271,0.1603005635566687,0.4646098003629764,0.0,0.0,0.0,54,137.30749416351318
alpha,0.75,3,0.4727385377942998,0.3095334685598377,1.0,0.7982551799345692,1.0,0.6642468239564429,0.368,0.2407536636427076,0.7805429864253394,54,137.646080493927
alpha,1.0,1,1.0,1.0,1.0,0.0,0.0,0.0,0.0,0.0,0.0,54,137.3418095111847
alpha,1.0,2,1.0,1.0,1.0,0.2383612662942271,0.1603005635566687,0.4646098003629764,0.0,0.0,0.0,54,137.64329385757446
alpha,1.0,3,0.4727385377942998,0.3095334685598377,1.0,0.4829097283085013,0.3183131138070479,1.0,0.4068108605614358,0.2553437319468515,1.0,54,137.97082686424255
lambd,0.0,1,0.0,0.0,0.0,0.0,0.0,0.0,0.0,0.0,0.0,54,137.72162985801697
lambd,0.0,2,0.3077233313167977,0.1818398474737845,1.0,0.2321466189172108,0.1313155386081982,1.0,0.0,0.0,0.0,54,137.86392974853516
lambd,0.0,3,0.4727385377942998,0.3095334685598377,1.0,0.2776310826103357,0.1752380952380952,0.6678765880217786,0.0,0.0,0.0,54,138.42728447914124
lambd,0.25,1,1.0,1.0,1.0,0.0,0.0,0.0,0.0,0.0,0.0,54,137.7934308052063
lambd,0.25,2,0.3077233313167977,0.1818398474737845,1.0,0.23609443777511,0.1514373716632443,0.5353901996370236,0.0,0.0,0.0,54,137.61566519737244
lambd,0.25,3,0.4727385377942998,0.3095334685598377,1.0,1.0,1.0,1.0,0.0,0.0,0.0,54,137.32901406288147
lambd,0.5,1,1.0,1.0,1.0,0.0,0.0,0.0,0.0,0.0,0.0,54,137.14574694633484
lambd,0.5,2,1.0,1.0,1.0,1.0,1.0,1.0,0.0,0.0,0.0,54,137.6800081729889
lambd,0.5,3,1.0,1.0,1.0,1.0,1.0,1.0,0.1297071129707113,0.0795687885010267,0.3506787330316742,54,137.7882239818573
lambd,1.0,1,1.0,1.0,1.0,0.0,0.0,0.0,0.0,0.0,0.0,54,137.7587583065033
lambd,1.0,2,1.0,1.0,1.0,0.6973995271867612,1.0,0.5353901996370236,0.0,0.0,0.0,54,137.577050447464
lambd,1.0,3,0.4727385377942998,0.3095334685598377,1.0,0.2776310826103357,0.1752380952380952,0.6678765880217786,0.7055067837190743,0.5450061652281134,1.0,54,137.8405478000641
lambd,2.5,1,1.0,1.0,1.0,0.0,0.0,0.0,0.0,0.0,0.0,54,137.96478962898254
lambd,2.5,2,1.0,1.0,1.0,0.6973995271867612,1.0,0.5353901996370236,0.0,0.0,0.0,54,137.88456678390503
lambd,2.5,3,0.4727385377942998,0.3095334685598377,1.0,1.0,1.0,1.0,0.6621880998080614,0.575,0.7805429864253394,54,138.28081893920898
lambd,5.0,1,1.0,1.0,1.0,0.0,0.0,0.0,0.0,0.0,0.0,54,137.7444953918457
lambd,5.0,2,1.0,1.0,1.0,1.0,1.0,1.0,0.0,0.0,0.0,54,137.6322774887085
lambd,5.0,3,1.0,1.0,1.0,1.0,1.0,1.0,0.6621880998080614,0.575,0.7805429864253394,54,137.69807314872742
lambd,10.0,1,1.0,1.0,1.0,0.0,0.0,0.0,0.0,0.0,0.0,54,137.574223279953
lambd,10.0,2,1.0,1.0,1.0,1.0,1.0,1.0,0.0,0.0,0.0,54,137.9849352836609
lambd,10.0,3,0.4727385377942998,0.3095334685598377,1.0,0.3179843614248479,0.305,0.3321234119782214,0.6621880998080614,0.575,0.7805429864253394,54,137.9977104663849
alpha,0.1,1,0.9760547320410492,1.0,0.9532293986636972,0.0,0.0,0.0,0.0,0.0,0.0,55,148.2783236503601
alpha,0.1,2,0.9760547320410492,1.0,0.9532293986636972,1.0,1.0,1.0,0.0,0.0,0.0,55,142.24113392829895
alpha,0.1,3,0.0381231671554252,0.0244207889793362,0.086859688195991,1.0,1.0,1.0,0.0,0.0,0.0,55,141.93674635887146
alpha,0.3,1,0.928416485900217,0.904862579281184,0.9532293986636972,0.0,0.0,0.0,0.0,0.0,0.0,55,142.3071482181549
alpha,0.3,2,1.0,1.0,1.0,1.0,1.0,1.0,0.0,0.0,0.0,55,139.1863088607788
alpha,0.3,3,0.0148148148148148,0.0088849400266548,0.0445434298440979,1.0,1.0,1.0,0.0484581497797356,0.0293203020879609,0.1395348837209302,55,139.3371844291687
alpha,0.5,1,0.9760547320410492,1.0,0.9532293986636972,0.0,0.0,0.0,0.0,0.0,0.0,55,140.73057985305786
alpha,0.5,2,0.928416485900217,0.904862579281184,0.9532293986636972,1.0,1.0,1.0,0.0,0.0,0.0,55,139.55322360992432
alpha,0.5,3,0.2011494252873563,0.1139390352175199,0.8574610244988864,1.0,1.0,1.0,0.2107995846313603,0.1201538916839301,0.8583509513742071,55,139.25032687187195
alpha,0.75,1,1.0,1.0,1.0,0.0,0.0,0.0,0.0,0.0,0.0,55,141.70168256759644
alpha,0.75,2,0.6096866096866097,0.4481675392670157,0.9532293986636972,1.0,1.0,1.0,0.0,0.0,0.0,55,141.1975615024567
alpha,0.75,3,0.2011494252873563,0.1139390352175199,0.8574610244988864,1.0,1.0,1.0,0.2107995846313603,0.1201538916839301,0.8583509513742071,55,139.26806807518005
alpha,1.0,1,1.0,1.0,1.0,0.0,0.0,0.0,0.0,0.0,0.0,55,140.43046975135803
alpha,1.0,2,0.4858115777525539,0.3259710586443259,0.9532293986636972,1.0,1.0,1.0,0.0,0.0,0.0,55,138.99839735031128
alpha,1.0,3,0.2011494252873563,0.1139390352175199,0.8574610244988864,0.9129129129129128,0.8397790055248618,1.0,0.2107995846313603,0.1201538916839301,0.8583509513742071,55,139.32743191719055
lambd,0.0,1,0.9760547320410492,1.0,0.9532293986636972,0.0,0.0,0.0,0.0,0.0,0.0,55,140.25221753120422
lambd,0.0,2,1.0,1.0,1.0,0.0,0.0,0.0,0.0,0.0,0.0,55,139.39956545829773
lambd,0.0,3,0.2011494252873563,0.1139390352175199,0.8574610244988864,0.3700813008130081,0.2306445074989866,0.9358552631578948,0.2107995846313603,0.1201538916839301,0.8583509513742071,55,139.07655954360962
lambd,0.25,1,0.9760547320410492,1.0,0.9532293986636972,0.0,0.0,0.0,0.0,0.0,0.0,55,140.3422873020172
lambd,0.25,2,0.928416485900217,0.904862579281184,0.9532293986636972,1.0,1.0,1.0,0.0,0.0,0.0,55,138.65642929077148
lambd,0.25,3,0.2011494252873563,0.1139390352175199,0.8574610244988864,1.0,1.0,1.0,0.2107995846313603,0.1201538916839301,0.8583509513742071,55,139.09489345550537
lambd,0.5,1,0.928416485900217,0.904862579281184,0.9532293986636972,0.0,0.0,0.0,0.0,0.0,0.0,55,140.3901650905609
lambd,0.5,2,0.9760547320410492,1.0,0.9532293986636972,1.0,1.0,1.0,0.0,0.0,0.0,55,139.30307507514954
lambd,0.5,3,0.2011494252873563,0.1139390352175199,0.8574610244988864,1.0,1.0,1.0,0.2107995846313603,0.1201538916839301,0.8583509513742071,55,139.14467883110046
lambd,1.0,1,0.928416485900217,0.904862579281184,0.9532293986636972,0.0,0.0,0.0,0.0,0.0,0.0,55,140.49535632133484
lambd,1.0,2,0.9760547320410492,1.0,0.9532293986636972,1.0,1.0,1.0,0.0,0.0,0.0,55,139.04807829856873
lambd,1.0,3,0.6096866096866097,0.4481675392670157,0.9532293986636972,1.0,1.0,1.0,0.561624649859944,0.4198952879581152,0.8477801268498943,55,138.97574543952942
lambd,2.5,1,0.9760547320410492,1.0,0.9532293986636972,0.0,0.0,0.0,0.0,0.0,0.0,55,140.24088668823242
lambd,2.5,2,0.928416485900217,0.904862579281184,0.9532293986636972,0.9668649107901444,1.0,0.9358552631578948,0.0,0.0,0.0,55,139.31753134727478
lambd,2.5,3,0.2011494252873563,0.1139390352175199,0.8574610244988864,1.0,1.0,1.0,0.9176201372997712,1.0,0.8477801268498943,55,139.1044843196869
lambd,5.0,1,0.928416485900217,0.904862579281184,0.9532293986636972,0.0,0.0,0.0,0.0,0.0,0.0,55,140.46001935005188
lambd,5.0,2,0.9760547320410492,1.0,0.9532293986636972,0.9668649107901444,1.0,0.9358552631578948,0.0,0.0,0.0,55,139.0163848400116
lambd,5.0,3,0.626771653543307,0.4847746650426309,0.8864142538975501,1.0,1.0,1.0,0.6197836166924267,0.4884287454323995,0.8477801268498943,55,139.06687116622925
lambd,10.0,1,0.9760547320410492,1.0,0.9532293986636972,0.0,0.0,0.0,0.0,0.0,0.0,55,140.88552379608154
lambd,10.0,2,0.9760547320410492,1.0,0.9532293986636972,0.9668649107901444,1.0,0.9358552631578948,0.0,0.0,0.0,55,139.18912506103516
lambd,10.0,3,0.626771653543307,0.4847746650426309,0.8864142538975501,1.0,1.0,1.0,0.6197836166924267,0.4884287454323995,0.8477801268498943,55,139.07647585868835
alpha,0.1,1,0.3149038461538461,1.0,0.1868758915834522,0.0,0.0,0.0,0.0,0.0,0.0,57,147.53917384147644
alpha,0.1,2,0.2012578616352201,0.1522693997071742,0.2967189728958631,0.3105022831050228,0.4689655172413793,0.2320819112627986,0.0,0.0,0.0,57,141.8539855480194
alpha,0.1,3,0.5764802631578947,0.4049682264586944,1.0,1.0,1.0,1.0,0.0,0.0,0.0,57,142.25277090072632
alpha,0.3,1,1.0,1.0,1.0,0.0,0.0,0.0,0.0,0.0,0.0,57,141.46186757087708
alpha,0.3,2,0.2012578616352201,0.1522693997071742,0.2967189728958631,1.0,1.0,1.0,0.0,0.0,0.0,57,139.97988080978394
alpha,0.3,3,0.5764802631578947,0.4049682264586944,1.0,1.0,1.0,1.0,0.7705382436260623,1.0,0.6267281105990783,57,139.29580187797546
alpha,0.5,1,0.3006060606060606,1.0,0.1768901569186876,0.0,0.0,0.0,0.0,0.0,0.0,57,138.70974349975586
alpha,0.5,2,0.3447461629279811,1.0,0.2082738944365192,1.0,1.0,1.0,0.0,0.0,0.0,57,140.5007598400116
alpha,0.5,3,0.5764802631578947,0.4049682264586944,1.0,0.3149690943294813,0.1869218500797448,1.0,0.7705382436260623,1.0,0.6267281105990783,57,139.48753023147583
alpha,0.75,1,1.0,1.0,1.0,0.0,0.0,0.0,0.0,0.0,0.0,57,138.88227701187134
alpha,0.75,2,0.5764802631578947,0.4049682264586944,1.0,1.0,1.0,1.0,0.0,0.0,0.0,57,139.22425985336304
alpha,0.75,3,0.3654848800834202,0.2236044657097288,1.0,0.3149690943294813,0.1869218500797448,1.0,1.0,1.0,1.0,57,139.5800018310547
alpha,1.0,1,1.0,1.0,1.0,0.0,0.0,0.0,0.0,0.0,0.0,57,139.54866647720337
alpha,1.0,2,0.3415811707905854,0.2960251046025104,0.4037089871611983,0.7600518806744487,0.6129707112970711,1.0,0.0,0.0,0.0,57,139.86747288703918
alpha,1.0,3,0.3654848800834202,0.2236044657097288,1.0,0.3149690943294813,0.1869218500797448,1.0,1.0,1.0,1.0,57,138.63234949111938
lambd,0.0,1,0.0504065040650406,0.0586011342155009,0.0442225392296719,0.0,0.0,0.0,0.0,0.0,0.0,57,138.90435981750488
lambd,0.0,2,0.6832358674463938,0.5188749074759438,1.0,0.0,0.0,0.0,0.0,0.0,0.0,57,140.30086469650269
lambd,0.0,3,0.2929407323518309,0.1991786447638603,0.5534950071326676,0.2178374112075769,0.1416837782340862,0.4709897610921502,0.0,0.0,0.0,57,139.34630608558655
lambd,0.25,1,0.4610318331503842,1.0,0.2995720399429387,0.0,0.0,0.0,0.0,0.0,0.0,57,139.30449390411377
lambd,0.25,2,0.258903685351502,0.1653481012658227,0.5962910128388017,1.0,1.0,1.0,0.0,0.0,0.0,57,139.2672245502472
lambd,0.25,3,0.5764802631578947,0.4049682264586944,1.0,0.3149690943294813,0.1869218500797448,1.0,0.7705382436260623,1.0,0.6267281105990783,57,140.10138392448425
lambd,0.5,1,1.0,1.0,1.0,0.0,0.0,0.0,0.0,0.0,0.0,57,139.8923532962799
lambd,0.5,2,0.6832358674463938,0.5188749074759438,1.0,1.0,1.0,1.0,0.0,0.0,0.0,57,139.97821402549744
lambd,0.5,3,0.5764802631578947,0.4049682264586944,1.0,1.0,1.0,1.0,0.7705382436260623,1.0,0.6267281105990783,57,138.5415961742401
lambd,1.0,1,1.0,1.0,1.0,0.0,0.0,0.0,0.0,0.0,0.0,57,139.185715675354
lambd,1.0,2,1.0,1.0,1.0,1.0,1.0,1.0,0.0,0.0,0.0,57,140.46998834609985
lambd,1.0,3,0.5764802631578947,0.4049682264586944,1.0,0.7615334632878492,0.614900314795383,1.0,0.7705382436260623,1.0,0.6267281105990783,57,139.35005617141724
lambd,2.5,1,1.0,1.0,1.0,0.0,0.0,0.0,0.0,0.0,0.0,57,139.33207416534424
lambd,2.5,2,0.6832358674463938,0.5188749074759438,1.0,1.0,1.0,1.0,0.0,0.0,0.0,57,141.1025323867798
lambd,2.5,3,0.5764802631578947,0.4049682264586944,1.0,0.2178374112075769,0.1416837782340862,0.4709897610921502,0.7705382436260623,1.0,0.6267281105990783,57,139.26266193389893
lambd,5.0,1,0.7184643510054846,1.0,0.5606276747503567,0.0,0.0,0.0,0.0,0.0,0.0,57,138.93352913856506
lambd,5.0,2,0.258903685351502,0.1653481012658227,0.5962910128388017,1.0,1.0,1.0,0.0,0.0,0.0,57,139.54843139648438
lambd,5.0,3,0.5764802631578947,0.4049682264586944,1.0,0.0,0.0,0.0,0.8795180722891566,1.0,0.7849462365591398,57,139.38638973236084
lambd,10.0,1,0.8943217665615143,1.0,0.8088445078459344,0.0,0.0,0.0,0.0,0.0,0.0,57,139.0764198303223
lambd,10.0,2,0.258903685351502,0.1653481012658227,0.5962910128388017,1.0,1.0,1.0,0.0,0.0,0.0,57,139.0571825504303
lambd,10.0,3,0.5764802631578947,0.4049682264586944,1.0,1.0,1.0,1.0,0.8795180722891566,1.0,0.7849462365591398,57,139.3546760082245
alpha,0.1,1,1.0,1.0,1.0,0.0,0.0,0.0,0.0,0.0,0.0,58,148.49976110458374
alpha,0.1,2,1.0,1.0,1.0,0.572538860103627,1.0,0.4010889292196007,0.0,0.0,0.0,58,143.22278261184692
alpha,0.1,3,0.0,0.0,0.0,0.6225,1.0,0.4519056261343013,0.8453976764968723,1.0,0.7321981424148607,58,143.64526224136353
alpha,0.3,1,1.0,1.0,1.0,0.0,0.0,0.0,0.0,0.0,0.0,58,143.28680992126465
alpha,0.3,2,1.0,1.0,1.0,0.7982551799345692,1.0,0.6642468239564429,0.0,0.0,0.0,58,140.00459742546082
alpha,0.3,3,0.0,0.0,0.0,0.3017479300827967,0.181549815498155,0.8929219600725953,1.0,1.0,1.0,58,139.57047390937805
alpha,0.5,1,1.0,1.0,1.0,0.0,0.0,0.0,0.0,0.0,0.0,58,140.85261225700378
alpha,0.5,2,1.0,1.0,1.0,0.9434324065196548,1.0,0.8929219600725953,0.0,0.0,0.0,58,140.1340777873993
alpha,0.5,3,0.2390873015873016,0.1357746478873239,1.0,0.3017479300827967,0.181549815498155,0.8929219600725953,1.0,1.0,1.0,58,139.4058780670166
alpha,0.75,1,1.0,1.0,1.0,0.0,0.0,0.0,0.0,0.0,0.0,58,139.5359923839569
alpha,0.75,2,1.0,1.0,1.0,0.2865463016889924,0.1706555671175858,0.8929219600725953,0.0,0.0,0.0,58,139.96802806854248
alpha,0.75,3,0.6708420320111343,0.5047120418848168,1.0,0.2865463016889924,0.1706555671175858,0.8929219600725953,0.5908806995627732,0.4952879581151832,0.7321981424148607,58,139.6001377105713
alpha,1.0,1,1.0,1.0,1.0,0.0,0.0,0.0,0.0,0.0,0.0,58,141.3484182357788
alpha,1.0,2,1.0,1.0,1.0,0.9434324065196548,1.0,0.8929219600725953,0.0,0.0,0.0,58,140.6088991165161
alpha,1.0,3,0.2435707951522317,0.1420199931058255,0.8547717842323651,0.8150887573964497,0.6878901373283396,1.0,0.2668318876497315,0.15395614871306,1.0,58,140.40799236297607
lambd,0.0,1,0.0,0.0,0.0,0.0,0.0,0.0,0.0,0.0,0.0,58,141.24153971672058
lambd,0.0,2,1.0,1.0,1.0,0.0,0.0,0.0,0.0,0.0,0.0,58,139.8070318698883
lambd,0.0,3,0.2435707951522317,0.1420199931058255,0.8547717842323651,0.2321466189172108,0.1313155386081982,1.0,0.2668318876497315,0.15395614871306,1.0,58,141.39107489585876
lambd,0.25,1,1.0,1.0,1.0,0.0,0.0,0.0,0.0,0.0,0.0,58,140.93412590026855
lambd,0.25,2,1.0,1.0,1.0,0.9434324065196548,1.0,0.8929219600725953,0.0,0.0,0.0,58,140.05465579032898
lambd,0.25,3,0.2435707951522317,0.1420199931058255,0.8547717842323651,0.8896925858951176,0.8864864864864865,0.8929219600725953,0.2668318876497315,0.15395614871306,1.0,58,139.3640797138214
lambd,0.5,1,1.0,1.0,1.0,0.0,0.0,0.0,0.0,0.0,0.0,58,140.5300154685974
lambd,0.5,2,1.0,1.0,1.0,0.9434324065196548,1.0,0.8929219600725953,0.0,0.0,0.0,58,139.76708126068115
lambd,0.5,3,0.6708420320111343,0.5047120418848168,1.0,0.3017479300827967,0.181549815498155,0.8929219600725953,1.0,1.0,1.0,58,139.53842306137085
lambd,1.0,1,1.0,1.0,1.0,0.0,0.0,0.0,0.0,0.0,0.0,58,140.3823759555817
lambd,1.0,2,1.0,1.0,1.0,0.9434324065196548,1.0,0.8929219600725953,0.0,0.0,0.0,58,140.29837775230408
lambd,1.0,3,0.2435707951522317,0.1420199931058255,0.8547717842323651,1.0,1.0,1.0,1.0,1.0,1.0,58,140.14888906478882
lambd,2.5,1,1.0,1.0,1.0,0.0,0.0,0.0,0.0,0.0,0.0,58,140.9408164024353
lambd,2.5,2,1.0,1.0,1.0,0.9434324065196548,1.0,0.8929219600725953,0.0,0.0,0.0,58,140.51956176757812
lambd,2.5,3,0.2435707951522317,0.1420199931058255,0.8547717842323651,0.8896925858951176,0.8864864864864865,0.8929219600725953,1.0,1.0,1.0,58,140.49838662147522
lambd,5.0,1,1.0,1.0,1.0,0.0,0.0,0.0,0.0,0.0,0.0,58,142.27039170265198
lambd,5.0,2,1.0,1.0,1.0,0.2865463016889924,0.1706555671175858,0.8929219600725953,0.0,0.0,0.0,58,139.66078853607178
lambd,5.0,3,0.2390873015873016,0.1357746478873239,1.0,0.3017479300827967,0.181549815498155,0.8929219600725953,1.0,1.0,1.0,58,140.31287455558777
lambd,10.0,1,1.0,1.0,1.0,0.0,0.0,0.0,0.0,0.0,0.0,58,141.05268478393555
lambd,10.0,2,1.0,1.0,1.0,0.9434324065196548,1.0,0.8929219600725953,0.0,0.0,0.0,58,142.38679385185242
lambd,10.0,3,0.6708420320111343,0.5047120418848168,1.0,0.3017479300827967,0.181549815498155,0.8929219600725953,1.0,1.0,1.0,58,140.27742266654968
alpha,0.1,1,1.0,1.0,1.0,0.0,0.0,0.0,0.0,0.0,0.0,59,146.74154949188232
alpha,0.1,2,1.0,1.0,1.0,1.0,1.0,1.0,0.0,0.0,0.0,59,141.7811360359192
alpha,0.1,3,0.4167852062588905,0.3170995670995671,0.6078838174273858,0.4112757499096494,0.2635479388605836,0.9358552631578948,0.5069191551347415,0.3766233766233766,0.7750556792873051,59,140.80962824821472
alpha,0.3,1,1.0,1.0,1.0,0.0,0.0,0.0,0.0,0.0,0.0,59,140.65208196640015
alpha,0.3,2,1.0,1.0,1.0,0.9668649107901444,1.0,0.9358552631578948,0.0,0.0,0.0,59,138.3353934288025
alpha,0.3,3,0.0,0.0,0.0,1.0,1.0,1.0,0.9760547320410492,1.0,0.9532293986636972,59,137.3569049835205
alpha,0.5,1,1.0,1.0,1.0,0.0,0.0,0.0,0.0,0.0,0.0,59,138.39642643928528
alpha,0.5,2,1.0,1.0,1.0,0.9668649107901444,1.0,0.9358552631578948,0.0,0.0,0.0,59,137.42684769630432
alpha,0.5,3,0.2448609431680773,0.143312101910828,0.8402489626556017,1.0,1.0,1.0,0.2011494252873563,0.1139390352175199,0.8574610244988864,59,137.4919559955597
alpha,0.75,1,1.0,1.0,1.0,0.0,0.0,0.0,0.0,0.0,0.0,59,138.23052310943604
alpha,0.75,2,1.0,1.0,1.0,0.9668649107901444,1.0,0.9358552631578948,0.0,0.0,0.0,59,138.01601767539978
alpha,0.75,3,0.2448609431680773,0.143312101910828,0.8402489626556017,1.0,1.0,1.0,0.2011494252873563,0.1139390352175199,0.8574610244988864,59,137.82639837265015
alpha,1.0,1,1.0,1.0,1.0,0.0,0.0,0.0,0.0,0.0,0.0,59,138.62123727798462
alpha,1.0,2,1.0,1.0,1.0,1.0,1.0,1.0,0.0,0.0,0.0,59,136.37081146240234
alpha,1.0,3,0.2448609431680773,0.143312101910828,0.8402489626556017,0.8533333333333333,0.7441860465116279,1.0,0.2011494252873563,0.1139390352175199,0.8574610244988864,59,137.7535367012024
lambd,0.0,1,0.0,0.0,0.0,0.0,0.0,0.0,0.0,0.0,0.0,59,138.88149452209473
lambd,0.0,2,1.0,1.0,1.0,0.0,0.0,0.0,0.0,0.0,0.0,59,138.24974393844604
lambd,0.0,3,0.0,0.0,0.0,0.0,0.0,0.0,0.0148148148148148,0.0088849400266548,0.0445434298440979,59,137.78408527374268
lambd,0.25,1,1.0,1.0,1.0,0.0,0.0,0.0,0.0,0.0,0.0,59,137.06015467643738
lambd,0.25,2,1.0,1.0,1.0,1.0,1.0,1.0,0.0,0.0,0.0,59,138.33650255203247
lambd,0.25,3,0.2448609431680773,0.143312101910828,0.8402489626556017,1.0,1.0,1.0,0.0148148148148148,0.0088849400266548,0.0445434298440979,59,138.36353945732117
lambd,0.5,1,1.0,1.0,1.0,0.0,0.0,0.0,0.0,0.0,0.0,59,138.4159140586853
lambd,0.5,2,1.0,1.0,1.0,1.0,1.0,1.0,0.0,0.0,0.0,59,137.80616402626038
lambd,0.5,3,0.2097902097902097,0.1198579461379106,0.8402489626556017,1.0,1.0,1.0,0.2011494252873563,0.1139390352175199,0.8574610244988864,59,137.10513710975647
lambd,1.0,1,1.0,1.0,1.0,0.0,0.0,0.0,0.0,0.0,0.0,59,137.46055936813354
lambd,1.0,2,1.0,1.0,1.0,0.9668649107901444,1.0,0.9358552631578948,0.0,0.0,0.0,59,138.05598092079163
lambd,1.0,3,0.2448609431680773,0.143312101910828,0.8402489626556017,1.0,1.0,1.0,0.2011494252873563,0.1139390352175199,0.8574610244988864,59,137.6325364112854
lambd,2.5,1,1.0,1.0,1.0,0.0,0.0,0.0,0.0,0.0,0.0,59,138.1848487854004
lambd,2.5,2,1.0,1.0,1.0,0.9668649107901444,1.0,0.9358552631578948,0.0,0.0,0.0,59,138.3264880180359
lambd,2.5,3,0.2448609431680773,0.143312101910828,0.8402489626556017,1.0,1.0,1.0,0.1011058451816745,0.0783353733170134,0.1425389755011135,59,137.40217852592468
lambd,5.0,1,1.0,1.0,1.0,0.0,0.0,0.0,0.0,0.0,0.0,59,138.44890880584717
lambd,5.0,2,1.0,1.0,1.0,0.9668649107901444,1.0,0.9358552631578948,0.0,0.0,0.0,59,137.16122174263
lambd,5.0,3,0.2448609431680773,0.143312101910828,0.8402489626556017,0.9668649107901444,1.0,0.9358552631578948,0.9760547320410492,1.0,0.9532293986636972,59,137.11454486846924
lambd,10.0,1,1.0,1.0,1.0,0.0,0.0,0.0,0.0,0.0,0.0,59,138.03874373435974
lambd,10.0,2,1.0,1.0,1.0,0.9668649107901444,1.0,0.9358552631578948,0.0,0.0,0.0,59,138.1866958141327
lambd,10.0,3,0.2097902097902097,0.1198579461379106,0.8402489626556017,1.0,1.0,1.0,0.2011494252873563,0.1139390352175199,0.8574610244988864,59,137.34152626991272
alpha,0.1,1,0.6831683168316831,0.843520782396088,0.5740432612312812,0.0,0.0,0.0,0.0,0.0,0.0,6,147.3366503715515
alpha,0.1,2,0.2127659574468085,0.1289752650176678,0.6073211314475874,1.0,1.0,1.0,0.0,0.0,0.0,6,137.3297142982483
alpha,0.1,3,0.3492286115007013,0.3018181818181818,0.4143094841930116,1.0,1.0,1.0,0.784274193548387,1.0,0.6451077943615257,6,136.7780694961548
alpha,0.3,1,0.8157635467980296,1.0,0.6888519134775375,0.0,0.0,0.0,0.0,0.0,0.0,6,138.11583828926086
alpha,0.3,2,0.2127659574468085,0.1289752650176678,0.6073211314475874,1.0,1.0,1.0,0.0,0.0,0.0,6,138.91808080673218
alpha,0.3,3,0.3506078055022393,0.2848232848232848,0.4559068219633943,1.0,1.0,1.0,0.2318671715700553,0.1406360424028268,0.6600331674958541,6,139.01907444000244
alpha,0.5,1,1.0,1.0,1.0,0.0,0.0,0.0,0.0,0.0,0.0,6,140.7444212436676
alpha,0.5,2,0.2127659574468085,0.1289752650176678,0.6073211314475874,1.0,1.0,1.0,0.0,0.0,0.0,6,138.3889548778534
alpha,0.5,3,0.2127659574468085,0.1289752650176678,0.6073211314475874,1.0,1.0,1.0,0.2318671715700553,0.1406360424028268,0.6600331674958541,6,137.36141896247864
alpha,0.75,1,0.8157635467980296,1.0,0.6888519134775375,0.0,0.0,0.0,0.0,0.0,0.0,6,138.19497990608215
alpha,0.75,2,0.2127659574468085,0.1289752650176678,0.6073211314475874,1.0,1.0,1.0,0.0,0.0,0.0,6,140.30124759674072
alpha,0.75,3,0.2127659574468085,0.1289752650176678,0.6073211314475874,1.0,1.0,1.0,0.2318671715700553,0.1406360424028268,0.6600331674958541,6,137.77408576011658
alpha,1.0,1,1.0,1.0,1.0,0.0,0.0,0.0,0.0,0.0,0.0,6,139.38034677505493
alpha,1.0,2,0.6373276776246023,0.467704280155642,1.0,1.0,1.0,1.0,0.0,0.0,0.0,6,138.30143404006958
alpha,1.0,3,0.4326018808777429,0.3153084539223153,0.6888519134775375,0.1382743362831858,0.0913075237399561,0.2847380410022779,0.9899497487437184,1.0,0.9800995024875622,6,137.3664584159851
lambd,0.0,1,1.0,1.0,1.0,0.0,0.0,0.0,0.0,0.0,0.0,6,139.1069302558899
lambd,0.0,2,0.2127659574468085,0.1289752650176678,0.6073211314475874,0.0,0.0,0.0,0.0,0.0,0.0,6,136.97094917297363
lambd,0.0,3,0.3506078055022393,0.2848232848232848,0.4559068219633943,0.0,0.0,0.0,0.0115015974440894,0.0093555093555093,0.0149253731343283,6,138.78605842590332
lambd,0.25,1,0.8839368616527391,1.0,0.7920133111480865,0.0,0.0,0.0,0.0,0.0,0.0,6,138.22130608558655
lambd,0.25,2,0.2127659574468085,0.1289752650176678,0.6073211314475874,1.0,1.0,1.0,0.0,0.0,0.0,6,137.3184051513672
lambd,0.25,3,0.3506078055022393,0.2848232848232848,0.4559068219633943,1.0,1.0,1.0,0.2318671715700553,0.1406360424028268,0.6600331674958541,6,141.44454216957092
lambd,0.5,1,0.8157635467980296,1.0,0.6888519134775375,0.0,0.0,0.0,0.0,0.0,0.0,6,140.47638702392578
lambd,0.5,2,0.2127659574468085,0.1289752650176678,0.6073211314475874,1.0,1.0,1.0,0.0,0.0,0.0,6,138.95173287391663
lambd,0.5,3,0.3506078055022393,0.2848232848232848,0.4559068219633943,1.0,1.0,1.0,0.2318671715700553,0.1406360424028268,0.6600331674958541,6,138.65248918533325
lambd,1.0,1,0.7734693877551021,1.0,0.6306156405990017,0.0,0.0,0.0,0.0,0.0,0.0,6,140.8813078403473
lambd,1.0,2,0.2127659574468085,0.1289752650176678,0.6073211314475874,1.0,1.0,1.0,0.0,0.0,0.0,6,138.81967306137085
lambd,1.0,3,0.3506078055022393,0.2848232848232848,0.4559068219633943,1.0,1.0,1.0,0.9899497487437184,1.0,0.9800995024875622,6,140.1224603652954
lambd,2.5,1,0.8157635467980296,1.0,0.6888519134775375,0.0,0.0,0.0,0.0,0.0,0.0,6,140.76111483573914
lambd,2.5,2,0.2127659574468085,0.1289752650176678,0.6073211314475874,1.0,1.0,1.0,0.0,0.0,0.0,6,142.6710560321808
lambd,2.5,3,0.3506078055022393,0.2848232848232848,0.4559068219633943,0.6593625498007969,0.5858407079646017,0.7539863325740319,0.345890410958904,0.3575221238938053,0.3349917081260364,6,139.1566779613495
lambd,5.0,1,0.9190647482014388,1.0,0.8502495840266223,0.0,0.0,0.0,0.0,0.0,0.0,6,140.10028648376465
lambd,5.0,2,0.2127659574468085,0.1289752650176678,0.6073211314475874,1.0,1.0,1.0,0.0,0.0,0.0,6,139.3526201248169
lambd,5.0,3,0.3506078055022393,0.2848232848232848,0.4559068219633943,0.6593625498007969,0.5858407079646017,0.7539863325740319,0.345890410958904,0.3575221238938053,0.3349917081260364,6,137.61428141593933
lambd,10.0,1,0.9620034542314334,1.0,0.9267886855241264,0.0,0.0,0.0,0.0,0.0,0.0,6,138.59790086746216
lambd,10.0,2,0.2127659574468085,0.1289752650176678,0.6073211314475874,1.0,1.0,1.0,0.0,0.0,0.0,6,137.01536440849304
lambd,10.0,3,0.3506078055022393,0.2848232848232848,0.4559068219633943,1.0,1.0,1.0,0.2318671715700553,0.1406360424028268,0.6600331674958541,6,136.44999718666077
alpha,0.1,1,1.0,1.0,1.0,0.0,0.0,0.0,0.0,0.0,0.0,60,146.90836215019226
alpha,0.1,2,1.0,1.0,1.0,1.0,1.0,1.0,0.0,0.0,0.0,60,140.61725735664368
alpha,0.1,3,0.1221889055472263,0.0838477366255144,0.2251381215469613,0.3673997412677878,0.9342105263157896,0.2286634460547504,1.0,1.0,1.0,60,140.26693725585938
alpha,0.3,1,1.0,1.0,1.0,0.0,0.0,0.0,0.0,0.0,0.0,60,141.03463435173035
alpha,0.3,2,0.3853113358169239,0.2386288727752142,1.0,1.0,1.0,1.0,0.0,0.0,0.0,60,139.09313869476318
alpha,0.3,3,0.1221889055472263,0.0838477366255144,0.2251381215469613,0.4546722454672245,0.4009840098400984,0.5249597423510467,1.0,1.0,1.0,60,137.9430112838745
alpha,0.5,1,1.0,1.0,1.0,0.0,0.0,0.0,0.0,0.0,0.0,60,139.70944833755493
alpha,0.5,2,0.3853113358169239,0.2386288727752142,1.0,1.0,1.0,1.0,0.0,0.0,0.0,60,137.96962141990662
alpha,0.5,3,0.1221889055472263,0.0838477366255144,0.2251381215469613,0.4546722454672245,0.4009840098400984,0.5249597423510467,1.0,1.0,1.0,60,138.82218170166016
alpha,0.75,1,1.0,1.0,1.0,0.0,0.0,0.0,0.0,0.0,0.0,60,139.78694677352905
alpha,0.75,2,0.3853113358169239,0.2386288727752142,1.0,1.0,1.0,1.0,0.0,0.0,0.0,60,139.91137886047363
alpha,0.75,3,0.4452644526445265,0.2863924050632911,1.0,0.4118761844598863,0.3388773388773389,0.5249597423510467,1.0,1.0,1.0,60,138.28467082977295
alpha,1.0,1,1.0,1.0,1.0,0.0,0.0,0.0,0.0,0.0,0.0,60,140.37092995643616
alpha,1.0,2,0.3853113358169239,0.2386288727752142,1.0,1.0,1.0,1.0,0.0,0.0,0.0,60,141.3844666481018
alpha,1.0,3,0.2284446908788467,0.1429066944155393,0.569060773480663,1.0,1.0,1.0,0.7391874180865007,0.5862785862785863,1.0,60,139.01565432548523
lambd,0.0,1,1.0,1.0,1.0,0.0,0.0,0.0,0.0,0.0,0.0,60,140.2982406616211
lambd,0.0,2,0.3853113358169239,0.2386288727752142,1.0,0.0,0.0,0.0,0.0,0.0,0.0,60,138.0216565132141
lambd,0.0,3,0.1221889055472263,0.0838477366255144,0.2251381215469613,0.0,0.0,0.0,0.0,0.0,0.0,60,137.41245794296265
lambd,0.25,1,1.0,1.0,1.0,0.0,0.0,0.0,0.0,0.0,0.0,60,138.69979691505432
lambd,0.25,2,1.0,1.0,1.0,1.0,1.0,1.0,0.0,0.0,0.0,60,137.88298201560974
lambd,0.25,3,0.1221889055472263,0.0838477366255144,0.2251381215469613,0.4546722454672245,0.4009840098400984,0.5249597423510467,0.7073347857661583,0.5990159901599016,0.8634751773049646,60,137.31345081329346
lambd,0.5,1,1.0,1.0,1.0,0.0,0.0,0.0,0.0,0.0,0.0,60,139.2264232635498
lambd,0.5,2,1.0,1.0,1.0,1.0,1.0,1.0,0.0,0.0,0.0,60,136.41862058639526
lambd,0.5,3,0.1221889055472263,0.0838477366255144,0.2251381215469613,0.4546722454672245,0.4009840098400984,0.5249597423510467,1.0,1.0,1.0,60,138.266286611557
lambd,1.0,1,1.0,1.0,1.0,0.0,0.0,0.0,0.0,0.0,0.0,60,139.13323068618774
lambd,1.0,2,0.1260063003150157,0.0843881856540084,0.2486187845303867,1.0,1.0,1.0,0.0,0.0,0.0,60,139.3986976146698
lambd,1.0,3,0.1221889055472263,0.0838477366255144,0.2251381215469613,0.4546722454672245,0.4009840098400984,0.5249597423510467,1.0,1.0,1.0,60,137.5897934436798
lambd,2.5,1,1.0,1.0,1.0,0.0,0.0,0.0,0.0,0.0,0.0,60,138.76680159568787
lambd,2.5,2,0.3853113358169239,0.2386288727752142,1.0,1.0,1.0,1.0,0.0,0.0,0.0,60,137.93241620063782
lambd,2.5,3,0.1221889055472263,0.0838477366255144,0.2251381215469613,0.4546722454672245,0.4009840098400984,0.5249597423510467,1.0,1.0,1.0,60,137.4863350391388
lambd,5.0,1,1.0,1.0,1.0,0.0,0.0,0.0,0.0,0.0,0.0,60,138.60188460350037
lambd,5.0,2,0.3853113358169239,0.2386288727752142,1.0,1.0,1.0,1.0,0.0,0.0,0.0,60,138.62052178382874
lambd,5.0,3,0.1221889055472263,0.0838477366255144,0.2251381215469613,0.4546722454672245,0.4009840098400984,0.5249597423510467,1.0,1.0,1.0,60,137.6022822856903
lambd,10.0,1,1.0,1.0,1.0,0.0,0.0,0.0,0.0,0.0,0.0,60,139.04231715202332
lambd,10.0,2,0.3853113358169239,0.2386288727752142,1.0,1.0,1.0,1.0,0.0,0.0,0.0,60,139.11735916137695
lambd,10.0,3,0.1221889055472263,0.0838477366255144,0.2251381215469613,0.4546722454672245,0.4009840098400984,0.5249597423510467,0.7073347857661583,0.5990159901599016,0.8634751773049646,60,137.7886049747467
alpha,0.1,1,1.0,1.0,1.0,0.0,0.0,0.0,0.0,0.0,0.0,61,146.29719948768616
alpha,0.1,2,0.3160389781406373,0.1876759461995621,1.0,1.0,1.0,1.0,0.0,0.0,0.0,61,141.3225781917572
alpha,0.1,3,1.0,1.0,1.0,1.0,1.0,1.0,1.0,1.0,1.0,61,140.3897988796234
alpha,0.3,1,1.0,1.0,1.0,0.0,0.0,0.0,0.0,0.0,0.0,61,140.62824320793152
alpha,0.3,2,1.0,1.0,1.0,1.0,1.0,1.0,0.0,0.0,0.0,61,137.83754134178162
alpha,0.3,3,1.0,1.0,1.0,1.0,1.0,1.0,0.2761093679964141,0.180327868852459,0.5889101338432122,61,136.82830810546875
alpha,0.5,1,1.0,1.0,1.0,0.0,0.0,0.0,0.0,0.0,0.0,61,137.69811511039734
alpha,0.5,2,0.3160389781406373,0.1876759461995621,1.0,1.0,1.0,1.0,0.0,0.0,0.0,61,137.8434600830078
alpha,0.5,3,1.0,1.0,1.0,1.0,1.0,1.0,0.2761093679964141,0.180327868852459,0.5889101338432122,61,138.92666602134705
alpha,0.75,1,1.0,1.0,1.0,0.0,0.0,0.0,0.0,0.0,0.0,61,137.0120325088501
alpha,0.75,2,0.3160389781406373,0.1876759461995621,1.0,1.0,1.0,1.0,0.0,0.0,0.0,61,137.8009090423584
alpha,0.75,3,0.8468595624558927,0.7343941248470012,1.0,1.0,1.0,1.0,0.2761093679964141,0.180327868852459,0.5889101338432122,61,137.71148204803467
alpha,1.0,1,1.0,1.0,1.0,0.0,0.0,0.0,0.0,0.0,0.0,61,137.75969672203064
alpha,1.0,2,0.3160389781406373,0.1876759461995621,1.0,1.0,1.0,1.0,0.0,0.0,0.0,61,137.1094102859497
alpha,1.0,3,0.8468595624558927,0.7343941248470012,1.0,1.0,1.0,1.0,1.0,1.0,1.0,61,137.75619101524353
lambd,0.0,1,0.0,0.0,0.0,0.0,0.0,0.0,0.0,0.0,0.0,61,137.29990601539612
lambd,0.0,2,0.2111111111111111,0.1357142857142857,0.475,0.0,0.0,0.0,0.0,0.0,0.0,61,137.53230166435242
lambd,0.0,3,1.0,1.0,1.0,0.2498740554156171,0.1427748992515831,1.0,0.0,0.0,0.0,61,135.66204237937927
lambd,0.25,1,1.0,1.0,1.0,0.0,0.0,0.0,0.0,0.0,0.0,61,137.8941526412964
lambd,0.25,2,0.3160389781406373,0.1876759461995621,1.0,1.0,1.0,1.0,0.0,0.0,0.0,61,138.4012587070465
lambd,0.25,3,1.0,1.0,1.0,1.0,1.0,1.0,0.0,0.0,0.0,61,136.59698462486267
lambd,0.5,1,1.0,1.0,1.0,0.0,0.0,0.0,0.0,0.0,0.0,61,138.33484983444214
lambd,0.5,2,0.3160389781406373,0.1876759461995621,1.0,1.0,1.0,1.0,0.0,0.0,0.0,61,138.25753140449524
lambd,0.5,3,1.0,1.0,1.0,1.0,1.0,1.0,0.2761093679964141,0.180327868852459,0.5889101338432122,61,138.1680018901825
lambd,1.0,1,1.0,1.0,1.0,0.0,0.0,0.0,0.0,0.0,0.0,61,137.7494719028473
lambd,1.0,2,0.3160389781406373,0.1876759461995621,1.0,1.0,1.0,1.0,0.0,0.0,0.0,61,138.26575112342834
lambd,1.0,3,1.0,1.0,1.0,1.0,1.0,1.0,0.2761093679964141,0.180327868852459,0.5889101338432122,61,136.6693286895752
lambd,2.5,1,1.0,1.0,1.0,0.0,0.0,0.0,0.0,0.0,0.0,61,137.99285769462583
lambd,2.5,2,1.0,1.0,1.0,1.0,1.0,1.0,0.0,0.0,0.0,61,137.04946947097778
lambd,2.5,3,1.0,1.0,1.0,1.0,1.0,1.0,0.2761093679964141,0.180327868852459,0.5889101338432122,61,137.2484962940216
lambd,5.0,1,1.0,1.0,1.0,0.0,0.0,0.0,0.0,0.0,0.0,61,137.92771434783936
lambd,5.0,2,1.0,1.0,1.0,1.0,1.0,1.0,0.0,0.0,0.0,61,136.855544090271
lambd,5.0,3,1.0,1.0,1.0,1.0,1.0,1.0,0.2761093679964141,0.180327868852459,0.5889101338432122,61,136.96335363388062
lambd,10.0,1,1.0,1.0,1.0,0.0,0.0,0.0,0.0,0.0,0.0,61,138.0642287731171
lambd,10.0,2,1.0,1.0,1.0,1.0,1.0,1.0,0.0,0.0,0.0,61,137.24466514587402
lambd,10.0,3,1.0,1.0,1.0,1.0,1.0,1.0,0.2761093679964141,0.180327868852459,0.5889101338432122,61,137.0697841644287
alpha,0.1,1,1.0,1.0,1.0,0.0,0.0,0.0,0.0,0.0,0.0,62,148.08016347885132
alpha,0.1,2,0.4878048780487805,1.0,0.3225806451612903,1.0,1.0,1.0,0.0,0.0,0.0,62,142.82360982894895
alpha,0.1,3,0.8119760479041915,1.0,0.6834677419354839,1.0,1.0,1.0,1.0,1.0,1.0,62,142.18796968460083
alpha,0.3,1,1.0,1.0,1.0,0.0,0.0,0.0,0.0,0.0,0.0,62,145.39229083061218
alpha,0.3,2,1.0,1.0,1.0,1.0,1.0,1.0,0.0,0.0,0.0,62,141.67582631111145
alpha,0.3,3,1.0,1.0,1.0,1.0,1.0,1.0,1.0,1.0,1.0,62,143.70714402198792
alpha,0.5,1,1.0,1.0,1.0,0.0,0.0,0.0,0.0,0.0,0.0,62,143.2024004459381
alpha,0.5,2,1.0,1.0,1.0,1.0,1.0,1.0,0.0,0.0,0.0,62,141.6610848903656
alpha,0.5,3,1.0,1.0,1.0,0.3582089552238806,0.2381679389312977,0.7222222222222222,1.0,1.0,1.0,62,141.6055452823639
alpha,0.75,1,1.0,1.0,1.0,0.0,0.0,0.0,0.0,0.0,0.0,62,142.4972939491272
alpha,0.75,2,1.0,1.0,1.0,1.0,1.0,1.0,0.0,0.0,0.0,62,141.37418723106384
alpha,0.75,3,1.0,1.0,1.0,0.3819628647214854,0.2360655737704918,1.0,1.0,1.0,1.0,62,141.83159589767456
alpha,1.0,1,1.0,1.0,1.0,0.0,0.0,0.0,0.0,0.0,0.0,62,143.03076267242432
alpha,1.0,2,1.0,1.0,1.0,1.0,1.0,1.0,0.0,0.0,0.0,62,141.88361310958862
alpha,1.0,3,1.0,1.0,1.0,0.3819628647214854,0.2360655737704918,1.0,1.0,1.0,1.0,62,141.29228734970093
lambd,0.0,1,0.0,0.0,0.0,0.0,0.0,0.0,0.0,0.0,0.0,62,142.94107270240784
lambd,0.0,2,0.2696384887197608,0.155827835375432,1.0,0.0,0.0,0.0,0.0,0.0,0.0,62,142.04030752182007
lambd,0.0,3,1.0,1.0,1.0,0.2267121490422461,0.127848475880438,1.0,0.0,0.0,0.0,62,139.67125129699707
lambd,0.25,1,1.0,1.0,1.0,0.0,0.0,0.0,0.0,0.0,0.0,62,141.45272636413574
lambd,0.25,2,0.2696384887197608,0.155827835375432,1.0,1.0,1.0,1.0,0.0,0.0,0.0,62,139.50953650474548
lambd,0.25,3,1.0,1.0,1.0,1.0,1.0,1.0,0.3184152604548789,0.2874172185430463,0.3569078947368421,62,139.9922297000885
lambd,0.5,1,1.0,1.0,1.0,0.0,0.0,0.0,0.0,0.0,0.0,62,140.70986032485962
lambd,0.5,2,1.0,1.0,1.0,1.0,1.0,1.0,0.0,0.0,0.0,62,139.26620435714722
lambd,0.5,3,0.7713310580204779,0.8851174934725848,0.6834677419354839,1.0,1.0,1.0,1.0,1.0,1.0,62,139.284850358963
lambd,1.0,1,1.0,1.0,1.0,0.0,0.0,0.0,0.0,0.0,0.0,62,140.57508420944214
lambd,1.0,2,0.2696384887197608,0.155827835375432,1.0,1.0,1.0,1.0,0.0,0.0,0.0,62,140.49271631240845
lambd,1.0,3,1.0,1.0,1.0,0.7278854254422915,0.5721854304635762,1.0,1.0,1.0,1.0,62,139.84627747535706
lambd,2.5,1,1.0,1.0,1.0,0.0,0.0,0.0,0.0,0.0,0.0,62,140.69904398918152
lambd,2.5,2,1.0,1.0,1.0,1.0,1.0,1.0,0.0,0.0,0.0,62,139.0763964653015
lambd,2.5,3,1.0,1.0,1.0,0.2267121490422461,0.127848475880438,1.0,1.0,1.0,1.0,62,139.80196952819824
lambd,5.0,1,1.0,1.0,1.0,0.0,0.0,0.0,0.0,0.0,0.0,62,140.80609607696533
lambd,5.0,2,1.0,1.0,1.0,1.0,1.0,1.0,0.0,0.0,0.0,62,139.7690703868866
lambd,5.0,3,1.0,1.0,1.0,0.6465067778936391,0.5882352941176471,0.7175925925925926,0.9668649107901444,1.0,0.9358552631578948,62,139.3783254623413
lambd,10.0,1,1.0,1.0,1.0,0.0,0.0,0.0,0.0,0.0,0.0,62,141.05900812149048
lambd,10.0,2,1.0,1.0,1.0,1.0,1.0,1.0,0.0,0.0,0.0,62,140.39421248435974
lambd,10.0,3,1.0,1.0,1.0,1.0,1.0,1.0,0.9668649107901444,1.0,0.9358552631578948,62,140.17754435539246
alpha,0.1,1,0.775179856115108,1.0,0.6328928046989721,0.0,0.0,0.0,0.0,0.0,0.0,63,147.8754711151123
alpha,0.1,2,0.0,0.0,0.0,0.6821862348178138,1.0,0.5176651305683564,0.0,0.0,0.0,63,143.28975820541382
alpha,0.1,3,0.5010615711252654,0.9042145593869731,0.3465491923641703,0.5739320920043812,1.0,0.402457757296467,0.6958579881656806,1.0,0.5335753176043557,63,143.0388729572296
alpha,0.3,1,1.0,1.0,1.0,0.0,0.0,0.0,0.0,0.0,0.0,63,143.01220798492432
alpha,0.3,2,0.6392796848621272,0.5182481751824818,0.8340675477239354,0.7705382436260623,1.0,0.6267281105990783,0.0,0.0,0.0,63,143.47474336624146
alpha,0.3,3,0.2316742081447963,0.3018867924528302,0.1879588839941262,0.732394366197183,0.9420289855072465,0.5990783410138248,0.2412523020257827,0.1616286243059839,0.4754990925589836,63,142.7375340461731
alpha,0.5,1,1.0,1.0,1.0,0.0,0.0,0.0,0.0,0.0,0.0,63,143.69520449638367
alpha,0.5,2,0.6392796848621272,0.5182481751824818,0.8340675477239354,0.6044647967945048,0.4817518248175182,0.8110599078341014,0.0,0.0,0.0,63,143.42127323150635
alpha,0.5,3,0.4441541476159373,0.4,0.4992657856093979,0.5436375749500333,0.48,0.6267281105990783,0.2679045092838197,0.2110762800417973,0.3666061705989111,63,143.23260927200317
alpha,0.75,1,1.0,1.0,1.0,0.0,0.0,0.0,0.0,0.0,0.0,63,142.43788051605225
alpha,0.75,2,0.700977869274318,0.5396196513470681,1.0,0.5520125457396758,0.4183835182250396,0.8110599078341014,0.0,0.0,0.0,63,141.10079073905945
alpha,0.75,3,0.5656154628687691,0.4326848249027237,0.8164464023494861,0.6305084745762712,0.4603960396039604,1.0,0.23609443777511,0.1514373716632443,0.5353901996370236,63,139.3952190876007
alpha,1.0,1,1.0,1.0,1.0,0.0,0.0,0.0,0.0,0.0,0.0,63,139.0793890953064
alpha,1.0,2,0.5422434367541767,0.4016973125884017,0.8340675477239354,0.6305084745762712,0.4603960396039604,1.0,0.0,0.0,0.0,63,139.8016312122345
alpha,1.0,3,0.5422434367541767,0.4016973125884017,0.8340675477239354,0.6305084745762712,0.4603960396039604,1.0,0.23609443777511,0.1514373716632443,0.5353901996370236,63,139.33392000198364
lambd,0.0,1,0.0,0.0,0.0,0.0,0.0,0.0,0.0,0.0,0.0,63,139.4614610671997
lambd,0.0,2,0.0859642449600608,0.0580082135523613,0.1659324522760646,0.0,0.0,0.0,0.0,0.0,0.0,63,139.86741042137146
lambd,0.0,3,0.1,0.0715642811906269,0.1659324522760646,0.0,0.0,0.0,0.0,0.0,0.0,63,139.4186236858368
lambd,0.25,1,1.0,1.0,1.0,0.0,0.0,0.0,0.0,0.0,0.0,63,139.52730059623718
lambd,0.25,2,0.4380685794261721,0.4184491978609626,0.4596182085168869,0.5832737669764116,0.5454545454545454,0.6267281105990783,0.0,0.0,0.0,63,140.17931985855105
lambd,0.25,3,0.4380685794261721,0.4184491978609626,0.4596182085168869,0.5832737669764116,0.5454545454545454,0.6267281105990783,0.2412523020257827,0.1616286243059839,0.4754990925589836,63,139.2809066772461
lambd,0.5,1,1.0,1.0,1.0,0.0,0.0,0.0,0.0,0.0,0.0,63,139.40727615356445
lambd,0.5,2,0.6392796848621272,0.5182481751824818,0.8340675477239354,0.6044647967945048,0.4817518248175182,0.8110599078341014,0.0,0.0,0.0,63,137.9583878517151
lambd,0.5,3,0.6846846846846846,0.5356550580431177,0.948604992657856,0.5492730210016156,0.4228855721393035,0.783410138248848,0.2679045092838197,0.2110762800417973,0.3666061705989111,63,138.86210894584656
lambd,1.0,1,1.0,1.0,1.0,0.0,0.0,0.0,0.0,0.0,0.0,63,139.51608204841614
lambd,1.0,2,0.6392796848621272,0.5182481751824818,0.8340675477239354,0.6044647967945048,0.4817518248175182,0.8110599078341014,0.0,0.0,0.0,63,140.54529738426208
lambd,1.0,3,0.4380685794261721,0.4184491978609626,0.4596182085168869,0.5832737669764116,0.5454545454545454,0.6267281105990783,0.2721189591078066,0.2304785894206549,0.3321234119782214,63,139.35188555717468
lambd,2.5,1,1.0,1.0,1.0,0.0,0.0,0.0,0.0,0.0,0.0,63,139.1053740978241
lambd,2.5,2,0.6392796848621272,0.5182481751824818,0.8340675477239354,0.6044647967945048,0.4817518248175182,0.8110599078341014,0.0,0.0,0.0,63,139.6369390487671
lambd,2.5,3,0.6392796848621272,0.5182481751824818,0.8340675477239354,0.6044647967945048,0.4817518248175182,0.8110599078341014,1.0,1.0,1.0,63,139.3162989616394
lambd,5.0,1,1.0,1.0,1.0,0.0,0.0,0.0,0.0,0.0,0.0,63,139.11156821250916
lambd,5.0,2,0.6392796848621272,0.5182481751824818,0.8340675477239354,0.7272727272727273,1.0,0.5714285714285714,0.0,0.0,0.0,63,139.61031651496887
lambd,5.0,3,0.3457627118644068,0.3211586901763224,0.3744493392070485,0.9221854304635762,1.0,0.8556067588325653,0.2721189591078066,0.2304785894206549,0.3321234119782214,63,139.14690017700195
lambd,10.0,1,1.0,1.0,1.0,0.0,0.0,0.0,0.0,0.0,0.0,63,139.12546467781067
lambd,10.0,2,0.6392796848621272,0.5182481751824818,0.8340675477239354,0.7272727272727273,1.0,0.5714285714285714,0.0,0.0,0.0,63,140.25259518623352
lambd,10.0,3,0.6392796848621272,0.5182481751824818,0.8340675477239354,0.6044647967945048,0.4817518248175182,0.8110599078341014,1.0,1.0,1.0,63,139.15164256095886
alpha,0.1,1,0.6674727932285368,1.0,0.5009074410163339,0.0,0.0,0.0,0.0,0.0,0.0,64,148.9858114719391
alpha,0.1,2,0.6658595641646489,1.0,0.499092558983666,0.7083333333333333,1.0,0.5483870967741935,0.0,0.0,0.0,64,143.2025649547577
alpha,0.1,3,0.5051546391752577,0.8711111111111111,0.3557168784029038,0.5452513966480447,1.0,0.3748079877112135,0.5340425531914893,0.500998003992016,0.571753986332574,64,142.4506902694702
alpha,0.3,1,0.3201219512195122,1.0,0.190562613430127,0.0,0.0,0.0,0.0,0.0,0.0,64,144.815274477005
alpha,0.3,2,1.0,1.0,1.0,0.7492795389048992,1.0,0.5990783410138248,0.0,0.0,0.0,64,144.6798918247223
alpha,0.3,3,0.23609443777511,0.1514373716632443,0.5353901996370236,0.7705382436260623,1.0,0.6267281105990783,0.5340425531914893,0.500998003992016,0.571753986332574,64,143.17544746398926
alpha,0.5,1,0.8508604206500956,0.898989898989899,0.8076225045372051,0.0,0.0,0.0,0.0,0.0,0.0,64,144.9289276599884
alpha,0.5,2,0.2989690721649484,0.1757575757575757,1.0,0.7705382436260623,1.0,0.6267281105990783,0.0,0.0,0.0,64,143.84150195121765
alpha,0.5,3,0.2989690721649484,0.1757575757575757,1.0,0.9221854304635762,1.0,0.8556067588325653,0.5340425531914893,0.500998003992016,0.571753986332574,64,141.15099430084229
alpha,0.75,1,1.0,1.0,1.0,0.0,0.0,0.0,0.0,0.0,0.0,64,140.82798552513125
alpha,0.75,2,0.2989690721649484,0.1757575757575757,1.0,1.0,1.0,1.0,0.0,0.0,0.0,64,138.89073014259338
alpha,0.75,3,0.2989690721649484,0.1757575757575757,1.0,1.0,1.0,1.0,0.6891679748822607,0.525748502994012,1.0,64,138.0991895198822
alpha,1.0,1,1.0,1.0,1.0,0.0,0.0,0.0,0.0,0.0,0.0,64,141.3815402984619
alpha,1.0,2,0.2989690721649484,0.1757575757575757,1.0,1.0,1.0,1.0,0.0,0.0,0.0,64,140.88635182380676
alpha,1.0,3,0.2989690721649484,0.1757575757575757,1.0,0.6305084745762712,0.4603960396039604,1.0,0.2709120345385861,0.1775106082036775,0.571753986332574,64,140.16484332084656
lambd,0.0,1,0.9454545454545454,1.0,0.896551724137931,0.0,0.0,0.0,0.0,0.0,0.0,64,141.21314120292664
lambd,0.0,2,0.23609443777511,0.1514373716632443,0.5353901996370236,0.0,0.0,0.0,0.0,0.0,0.0,64,140.74611067771912
lambd,0.0,3,0.217555196553581,0.1546707503828484,0.3666061705989111,0.0,0.0,0.0,0.0,0.0,0.0,64,141.1854648590088
lambd,0.25,1,0.9454545454545454,1.0,0.896551724137931,0.0,0.0,0.0,0.0,0.0,0.0,64,141.9167821407318
lambd,0.25,2,0.2989690721649484,0.1757575757575757,1.0,0.7705382436260623,1.0,0.6267281105990783,0.0,0.0,0.0,64,140.26252341270447
lambd,0.25,3,0.2621502209131075,0.1644341801385681,0.6460980036297641,0.7705382436260623,1.0,0.6267281105990783,0.5340425531914893,0.500998003992016,0.571753986332574,64,140.50204133987427
lambd,0.5,1,0.9454545454545454,1.0,0.896551724137931,0.0,0.0,0.0,0.0,0.0,0.0,64,141.85506510734558
lambd,0.5,2,0.2989690721649484,0.1757575757575757,1.0,0.7705382436260623,1.0,0.6267281105990783,0.0,0.0,0.0,64,141.10977578163147
lambd,0.5,3,0.4829097283085013,0.3183131138070479,1.0,0.9221854304635762,1.0,0.8556067588325653,1.0,1.0,1.0,64,140.95486688613892
lambd,1.0,1,1.0,1.0,1.0,0.0,0.0,0.0,0.0,0.0,0.0,64,141.41172671318054
lambd,1.0,2,0.2989690721649484,0.1757575757575757,1.0,0.7705382436260623,1.0,0.6267281105990783,0.0,0.0,0.0,64,140.3895218372345
lambd,1.0,3,0.4829097283085013,0.3183131138070479,1.0,0.9221854304635762,1.0,0.8556067588325653,0.5340425531914893,0.500998003992016,0.571753986332574,64,140.52494883537292
lambd,2.5,1,0.8946840521564694,1.0,0.809437386569873,0.0,0.0,0.0,0.0,0.0,0.0,64,139.67377066612244
lambd,2.5,2,0.2989690721649484,0.1757575757575757,1.0,0.7705382436260623,1.0,0.6267281105990783,0.0,0.0,0.0,64,138.83991980552673
lambd,2.5,3,0.217555196553581,0.1546707503828484,0.3666061705989111,0.7705382436260623,1.0,0.6267281105990783,0.5340425531914893,0.500998003992016,0.571753986332574,64,139.95420241355896
lambd,5.0,1,0.8008705114254625,1.0,0.6678765880217786,0.0,0.0,0.0,0.0,0.0,0.0,64,139.9491744041443
lambd,5.0,2,0.2989690721649484,0.1757575757575757,1.0,0.8795180722891566,1.0,0.7849462365591398,0.0,0.0,0.0,64,141.0484790802002
lambd,5.0,3,0.2621502209131075,0.1644341801385681,0.6460980036297641,0.4340277777777778,0.499001996007984,0.3840245775729646,0.5340425531914893,0.500998003992016,0.571753986332574,64,141.13116455078125
lambd,10.0,1,0.9454545454545454,1.0,0.896551724137931,0.0,0.0,0.0,0.0,0.0,0.0,64,141.88245797157288
lambd,10.0,2,0.2989690721649484,0.1757575757575757,1.0,0.8795180722891566,1.0,0.7849462365591398,0.0,0.0,0.0,64,139.54035687446594
lambd,10.0,3,0.217555196553581,0.1546707503828484,0.3666061705989111,0.4340277777777778,0.499001996007984,0.3840245775729646,0.5340425531914893,0.500998003992016,0.571753986332574,64,138.74100351333618
alpha,0.1,1,1.0,1.0,1.0,0.0,0.0,0.0,0.0,0.0,0.0,65,150.46751999855042
alpha,0.1,2,0.2696384887197608,0.155827835375432,1.0,1.0,1.0,1.0,0.0,0.0,0.0,65,145.43358039855957
alpha,0.1,3,0.874381800197824,0.858252427184466,0.8911290322580645,0.0,0.0,0.0,0.917741935483871,0.9003164556962026,0.9358552631578948,65,145.77774381637573
alpha,0.3,1,1.0,1.0,1.0,0.0,0.0,0.0,0.0,0.0,0.0,65,145.24704122543335
alpha,0.3,2,0.043920292801952,0.0275089149261334,0.1088709677419354,1.0,1.0,1.0,0.0,0.0,0.0,65,144.32204842567444
alpha,0.3,3,0.7713310580204779,0.8851174934725848,0.6834677419354839,0.0,0.0,0.0,1.0,1.0,1.0,65,142.64722299575806
alpha,0.5,1,1.0,1.0,1.0,0.0,0.0,0.0,0.0,0.0,0.0,65,142.44614601135254
alpha,0.5,2,0.043920292801952,0.0275089149261334,0.1088709677419354,1.0,1.0,1.0,0.0,0.0,0.0,65,142.15808296203613
alpha,0.5,3,0.6635451505016723,0.4964964964964965,1.0,0.2886806786528235,0.1686889612311334,1.0,1.0,1.0,1.0,65,141.33857083320618
alpha,0.75,1,1.0,1.0,1.0,0.0,0.0,0.0,0.0,0.0,0.0,65,142.0325210094452
alpha,0.75,2,0.043920292801952,0.0275089149261334,0.1088709677419354,1.0,1.0,1.0,0.0,0.0,0.0,65,142.86953735351562
alpha,0.75,3,0.6635451505016723,0.4964964964964965,1.0,0.2886806786528235,0.1686889612311334,1.0,1.0,1.0,1.0,65,141.9926199913025
alpha,1.0,1,1.0,1.0,1.0,0.0,0.0,0.0,0.0,0.0,0.0,65,142.77010250091553
alpha,1.0,2,0.5591397849462365,0.4073732718894009,0.8911290322580645,1.0,1.0,1.0,0.0,0.0,0.0,65,141.81290221214294
alpha,1.0,3,0.2696384887197608,0.155827835375432,1.0,0.2886806786528235,0.1686889612311334,1.0,1.0,1.0,1.0,65,141.5047745704651
lambd,0.0,1,0.0,0.0,0.0,0.0,0.0,0.0,0.0,0.0,0.0,65,142.33474206924438
lambd,0.0,2,0.043920292801952,0.0275089149261334,0.1088709677419354,0.0,0.0,0.0,0.0,0.0,0.0,65,141.48194098472595
lambd,0.0,3,0.6635451505016723,0.4964964964964965,1.0,0.0,0.0,0.0,0.0,0.0,0.0,65,141.0637390613556
lambd,0.25,1,0.0,0.0,0.0,0.0,0.0,0.0,0.0,0.0,0.0,65,141.8389186859131
lambd,0.25,2,0.043920292801952,0.0275089149261334,0.1088709677419354,1.0,1.0,1.0,0.0,0.0,0.0,65,141.4299418926239
lambd,0.25,3,0.6635451505016723,0.4964964964964965,1.0,0.0,0.0,0.0,1.0,1.0,1.0,65,140.72072172164917
lambd,0.5,1,1.0,1.0,1.0,0.0,0.0,0.0,0.0,0.0,0.0,65,142.80390429496765
lambd,0.5,2,0.043920292801952,0.0275089149261334,0.1088709677419354,1.0,1.0,1.0,0.0,0.0,0.0,65,142.5089213848114
lambd,0.5,3,1.0,1.0,1.0,0.2886806786528235,0.1686889612311334,1.0,1.0,1.0,1.0,65,141.09880208969116
lambd,1.0,1,1.0,1.0,1.0,0.0,0.0,0.0,0.0,0.0,0.0,65,142.284161567688
lambd,1.0,2,0.043920292801952,0.0275089149261334,0.1088709677419354,1.0,1.0,1.0,0.0,0.0,0.0,65,142.30450654029846
lambd,1.0,3,0.6635451505016723,0.4964964964964965,1.0,0.688821752265861,0.5253456221198156,1.0,1.0,1.0,1.0,65,140.8553593158722
lambd,2.5,1,1.0,1.0,1.0,0.0,0.0,0.0,0.0,0.0,0.0,65,142.90159630775452
lambd,2.5,2,1.0,1.0,1.0,1.0,1.0,1.0,0.0,0.0,0.0,65,142.1335153579712
lambd,2.5,3,0.6635451505016723,0.4964964964964965,1.0,0.688821752265861,0.5253456221198156,1.0,1.0,1.0,1.0,65,142.07450437545776
lambd,5.0,1,1.0,1.0,1.0,0.0,0.0,0.0,0.0,0.0,0.0,65,142.6450157165527
lambd,5.0,2,0.043920292801952,0.0275089149261334,0.1088709677419354,1.0,1.0,1.0,0.0,0.0,0.0,65,142.24068641662598
lambd,5.0,3,1.0,1.0,1.0,0.3864406779661017,0.2394957983193277,1.0,0.9668649107901444,1.0,0.9358552631578948,65,141.67583775520325
lambd,10.0,1,1.0,1.0,1.0,0.0,0.0,0.0,0.0,0.0,0.0,65,144.42530751228333
lambd,10.0,2,1.0,1.0,1.0,0.1101123595505618,0.07,0.2578947368421053,0.0,0.0,0.0,65,142.7506902217865
lambd,10.0,3,0.6635451505016723,0.4964964964964965,1.0,1.0,1.0,1.0,1.0,1.0,1.0,65,141.77286577224731
alpha,0.1,1,1.0,1.0,1.0,0.0,0.0,0.0,0.0,0.0,0.0,66,147.13775992393494
alpha,0.1,2,0.8274428274428274,1.0,0.7056737588652482,0.9222323879231472,1.0,0.8556876061120543,0.0,0.0,0.0,66,143.83564853668213
alpha,0.1,3,0.8274428274428274,1.0,0.7056737588652482,1.0,1.0,1.0,0.0928909952606635,0.0795454545454545,0.1116173120728929,66,143.03133702278137
alpha,0.3,1,1.0,1.0,1.0,0.0,0.0,0.0,0.0,0.0,0.0,66,142.51754188537598
alpha,0.3,2,1.0,1.0,1.0,1.0,1.0,1.0,0.0,0.0,0.0,66,143.68554973602295
alpha,0.3,3,1.0,1.0,1.0,1.0,1.0,1.0,0.2084257206208425,0.1243934715483017,0.642369020501139,66,142.4592080116272
alpha,0.5,1,1.0,1.0,1.0,0.0,0.0,0.0,0.0,0.0,0.0,66,141.83770537376404
alpha,0.5,2,1.0,1.0,1.0,0.9222323879231472,1.0,0.8556876061120543,0.0,0.0,0.0,66,139.39306235313416
alpha,0.5,3,1.0,1.0,1.0,0.0797665369649805,0.0933940774487471,0.0696095076400679,1.0,1.0,1.0,66,140.05060648918152
alpha,0.75,1,1.0,1.0,1.0,0.0,0.0,0.0,0.0,0.0,0.0,66,138.8792383670807
alpha,0.75,2,0.2116458388726402,0.1244917109790428,0.7056737588652482,1.0,1.0,1.0,0.0,0.0,0.0,66,139.57563495635986
alpha,0.75,3,1.0,1.0,1.0,0.2971102971102971,0.1953961456102783,0.6196943972835314,0.2084257206208425,0.1243934715483017,0.642369020501139,66,139.63035321235657
alpha,1.0,1,1.0,1.0,1.0,0.0,0.0,0.0,0.0,0.0,0.0,66,139.18423056602478
alpha,1.0,2,0.2116458388726402,0.1244917109790428,0.7056737588652482,1.0,1.0,1.0,0.0,0.0,0.0,66,140.53151154518127
alpha,1.0,3,1.0,1.0,1.0,0.2971102971102971,0.1953961456102783,0.6196943972835314,0.2084257206208425,0.1243934715483017,0.642369020501139,66,139.65827250480652
lambd,0.0,1,0.0,0.0,0.0,0.0,0.0,0.0,0.0,0.0,0.0,66,139.43842101097107
lambd,0.0,2,0.2116458388726402,0.1244917109790428,0.7056737588652482,0.0,0.0,0.0,0.0,0.0,0.0,66,140.1583526134491
lambd,0.0,3,1.0,1.0,1.0,0.0381613183000867,0.0390070921985815,0.0373514431239388,0.0,0.0,0.0,66,140.7370960712433
lambd,0.25,1,1.0,1.0,1.0,0.0,0.0,0.0,0.0,0.0,0.0,66,139.1638379096985
lambd,0.25,2,1.0,1.0,1.0,1.0,1.0,1.0,0.0,0.0,0.0,66,140.05443263053894
lambd,0.25,3,1.0,1.0,1.0,0.2903225806451613,0.1748178980228928,0.8556876061120543,0.2084257206208425,0.1243934715483017,0.642369020501139,66,140.05207657814026
lambd,0.5,1,1.0,1.0,1.0,0.0,0.0,0.0,0.0,0.0,0.0,66,138.7543444633484
lambd,0.5,2,0.2116458388726402,0.1244917109790428,0.7056737588652482,1.0,1.0,1.0,0.0,0.0,0.0,66,140.20019388198853
lambd,0.5,3,1.0,1.0,1.0,0.2971102971102971,0.1953961456102783,0.6196943972835314,1.0,1.0,1.0,66,140.5854890346527
lambd,1.0,1,1.0,1.0,1.0,0.0,0.0,0.0,0.0,0.0,0.0,66,139.27665615081787
lambd,1.0,2,1.0,1.0,1.0,1.0,1.0,1.0,0.0,0.0,0.0,66,140.38548803329468
lambd,1.0,3,1.0,1.0,1.0,0.9222323879231472,1.0,0.8556876061120543,0.2084257206208425,0.1243934715483017,0.642369020501139,66,139.53549480438232
lambd,2.5,1,1.0,1.0,1.0,0.0,0.0,0.0,0.0,0.0,0.0,66,139.029865026474
lambd,2.5,2,1.0,1.0,1.0,1.0,1.0,1.0,0.0,0.0,0.0,66,139.62919735908508
lambd,2.5,3,1.0,1.0,1.0,0.2124500285551113,0.1600688468158347,0.3157894736842105,1.0,1.0,1.0,66,139.61526727676392
lambd,5.0,1,1.0,1.0,1.0,0.0,0.0,0.0,0.0,0.0,0.0,66,140.00416135787964
lambd,5.0,2,1.0,1.0,1.0,1.0,1.0,1.0,0.0,0.0,0.0,66,139.41950511932373
lambd,5.0,3,1.0,1.0,1.0,0.9222323879231472,1.0,0.8556876061120543,0.2084257206208425,0.1243934715483017,0.642369020501139,66,140.40624260902405
lambd,10.0,1,1.0,1.0,1.0,0.0,0.0,0.0,0.0,0.0,0.0,66,139.03309082984924
lambd,10.0,2,1.0,1.0,1.0,1.0,1.0,1.0,0.0,0.0,0.0,66,139.78116178512573
lambd,10.0,3,1.0,1.0,1.0,0.9222323879231472,1.0,0.8556876061120543,0.2084257206208425,0.1243934715483017,0.642369020501139,66,139.3872709274292
alpha,0.1,1,1.0,1.0,1.0,0.0,0.0,0.0,0.0,0.0,0.0,67,151.38873386383057
alpha,0.1,2,1.0,1.0,1.0,1.0,1.0,1.0,0.0,0.0,0.0,67,145.97318983078003
alpha,0.1,3,1.0,1.0,1.0,1.0,1.0,1.0,1.0,1.0,1.0,67,143.90913796424866
alpha,0.3,1,1.0,1.0,1.0,0.0,0.0,0.0,0.0,0.0,0.0,67,146.7769627571106
alpha,0.3,2,1.0,1.0,1.0,1.0,1.0,1.0,0.0,0.0,0.0,67,144.8130066394806
alpha,0.3,3,1.0,1.0,1.0,1.0,1.0,1.0,0.0,0.0,0.0,67,145.03649234771729
alpha,0.5,1,1.0,1.0,1.0,0.0,0.0,0.0,0.0,0.0,0.0,67,146.47566103935242
alpha,0.5,2,0.5773366418527709,0.4604221635883905,0.7738359201773836,1.0,1.0,1.0,0.0,0.0,0.0,67,145.07220602035522
alpha,0.5,3,1.0,1.0,1.0,1.0,1.0,1.0,1.0,1.0,1.0,67,141.74678659439087
alpha,0.75,1,1.0,1.0,1.0,0.0,0.0,0.0,0.0,0.0,0.0,67,144.21676635742188
alpha,0.75,2,0.0789473684210526,0.0478199718706047,0.2261640798226164,1.0,1.0,1.0,0.0,0.0,0.0,67,142.98391342163086
alpha,0.75,3,1.0,1.0,1.0,1.0,1.0,1.0,0.2093487814622452,0.1334691798267957,0.4851851851851851,67,142.2059519290924
alpha,1.0,1,1.0,1.0,1.0,0.0,0.0,0.0,0.0,0.0,0.0,67,142.56418657302856
alpha,1.0,2,1.0,1.0,1.0,0.2410203019260801,0.1370227878070435,1.0,0.0,0.0,0.0,67,141.73913836479187
alpha,1.0,3,0.2253873063468265,0.1270064770487186,1.0,0.2306925759840558,0.1303858068149817,1.0,1.0,1.0,1.0,67,142.78152132034302
lambd,0.0,1,0.0,0.0,0.0,0.0,0.0,0.0,0.0,0.0,0.0,67,143.81666684150696
lambd,0.0,2,0.0,0.0,0.0,0.0,0.0,0.0,0.0,0.0,0.0,67,142.4055917263031
lambd,0.0,3,1.0,1.0,1.0,0.0,0.0,0.0,0.0,0.0,0.0,67,141.56793808937073
lambd,0.25,1,0.0,0.0,0.0,0.0,0.0,0.0,0.0,0.0,0.0,67,142.8401381969452
lambd,0.25,2,0.0789473684210526,0.0478199718706047,0.2261640798226164,1.0,1.0,1.0,0.0,0.0,0.0,67,143.85072255134585
lambd,0.25,3,1.0,1.0,1.0,1.0,1.0,1.0,0.0,0.0,0.0,67,144.00665926933289
lambd,0.5,1,1.0,1.0,1.0,0.0,0.0,0.0,0.0,0.0,0.0,67,144.9400315284729
lambd,0.5,2,0.0789473684210526,0.0478199718706047,0.2261640798226164,1.0,1.0,1.0,0.0,0.0,0.0,67,142.75377368927002
lambd,0.5,3,1.0,1.0,1.0,1.0,1.0,1.0,1.0,1.0,1.0,67,141.840181350708
lambd,1.0,1,1.0,1.0,1.0,0.0,0.0,0.0,0.0,0.0,0.0,67,142.56589889526367
lambd,1.0,2,0.0789473684210526,0.0478199718706047,0.2261640798226164,1.0,1.0,1.0,0.0,0.0,0.0,67,143.21059679985046
lambd,1.0,3,1.0,1.0,1.0,1.0,1.0,1.0,1.0,1.0,1.0,67,142.83899426460266
lambd,2.5,1,1.0,1.0,1.0,0.0,0.0,0.0,0.0,0.0,0.0,67,142.6392662525177
lambd,2.5,2,0.24821133736929,0.1416902293433867,1.0,1.0,1.0,1.0,0.0,0.0,0.0,67,142.68374586105347
lambd,2.5,3,1.0,1.0,1.0,1.0,1.0,1.0,1.0,1.0,1.0,67,141.84503293037417
lambd,5.0,1,1.0,1.0,1.0,0.0,0.0,0.0,0.0,0.0,0.0,67,142.02301359176636
lambd,5.0,2,0.0789473684210526,0.0478199718706047,0.2261640798226164,1.0,1.0,1.0,0.0,0.0,0.0,67,143.54750037193298
lambd,5.0,3,1.0,1.0,1.0,1.0,1.0,1.0,1.0,1.0,1.0,67,142.12297248840332
lambd,10.0,1,1.0,1.0,1.0,0.0,0.0,0.0,0.0,0.0,0.0,67,143.9192225933075
lambd,10.0,2,1.0,1.0,1.0,1.0,1.0,1.0,0.0,0.0,0.0,67,142.53957509994507
lambd,10.0,3,1.0,1.0,1.0,0.6273712737127372,0.4570582428430405,1.0,1.0,1.0,1.0,67,142.58080315589905
alpha,0.1,1,1.0,1.0,1.0,0.0,0.0,0.0,0.0,0.0,0.0,68,148.44353795051575
alpha,0.1,2,1.0,1.0,1.0,1.0,1.0,1.0,0.0,0.0,0.0,68,142.33060550689697
alpha,0.1,3,0.3036701860231272,0.2060027285129604,0.5774378585086042,0.0,0.0,0.0,0.6965517241379311,1.0,0.5343915343915344,68,141.670254945755
alpha,0.3,1,1.0,1.0,1.0,0.0,0.0,0.0,0.0,0.0,0.0,68,142.97609996795654
alpha,0.3,2,1.0,1.0,1.0,1.0,1.0,1.0,0.0,0.0,0.0,68,143.1759614944458
alpha,0.3,3,0.2298664508296236,0.1457905544147844,0.5430210325047801,0.0400981996726677,0.0251540041067761,0.0987903225806451,1.0,1.0,1.0,68,141.83512115478516
alpha,0.5,1,1.0,1.0,1.0,0.0,0.0,0.0,0.0,0.0,0.0,68,142.57454752922058
alpha,0.5,2,1.0,1.0,1.0,1.0,1.0,1.0,0.0,0.0,0.0,68,140.0507469177246
alpha,0.5,3,0.2298664508296236,0.1457905544147844,0.5430210325047801,0.0400981996726677,0.0251540041067761,0.0987903225806451,1.0,1.0,1.0,68,138.8898696899414
alpha,0.75,1,1.0,1.0,1.0,0.0,0.0,0.0,0.0,0.0,0.0,68,139.2655942440033
alpha,0.75,2,1.0,1.0,1.0,0.2983458646616541,0.1753269706610109,1.0,0.0,0.0,0.0,68,140.54747462272644
alpha,0.75,3,0.2298664508296236,0.1457905544147844,0.5430210325047801,0.5622641509433962,0.4085923217550274,0.9012096774193548,0.6827212522576761,0.5182815356489945,1.0,68,138.96148824691772
alpha,1.0,1,1.0,1.0,1.0,0.0,0.0,0.0,0.0,0.0,0.0,68,138.53759145736694
alpha,1.0,2,1.0,1.0,1.0,1.0,1.0,1.0,0.0,0.0,0.0,68,139.6191601753235
alpha,1.0,3,0.2348455966450629,0.1466666666666666,0.5889101338432122,0.5622641509433962,0.4085923217550274,0.9012096774193548,0.6827212522576761,0.5182815356489945,1.0,68,139.1061418056488
lambd,0.0,1,0.0,0.0,0.0,0.0,0.0,0.0,0.0,0.0,0.0,68,140.6864025592804
lambd,0.0,2,1.0,1.0,1.0,0.0,0.0,0.0,0.0,0.0,0.0,68,139.60762310028076
lambd,0.0,3,0.2298664508296236,0.1457905544147844,0.5430210325047801,0.0400981996726677,0.0251540041067761,0.0987903225806451,0.0,0.0,0.0,68,139.3452110290527
lambd,0.25,1,0.0,0.0,0.0,0.0,0.0,0.0,0.0,0.0,0.0,68,140.10233783721924
lambd,0.25,2,1.0,1.0,1.0,1.0,1.0,1.0,0.0,0.0,0.0,68,139.0772590637207
lambd,0.25,3,0.2298664508296236,0.1457905544147844,0.5430210325047801,0.5622641509433962,0.4085923217550274,0.9012096774193548,0.6827212522576761,0.5182815356489945,1.0,68,139.3825399875641
lambd,0.5,1,1.0,1.0,1.0,0.0,0.0,0.0,0.0,0.0,0.0,68,140.320241689682
lambd,0.5,2,1.0,1.0,1.0,1.0,1.0,1.0,0.0,0.0,0.0,68,139.27351212501526
lambd,0.5,3,0.2298664508296236,0.1457905544147844,0.5430210325047801,0.0400981996726677,0.0251540041067761,0.0987903225806451,1.0,1.0,1.0,68,139.15811014175415
lambd,1.0,1,1.0,1.0,1.0,0.0,0.0,0.0,0.0,0.0,0.0,68,139.78704738616943
lambd,1.0,2,1.0,1.0,1.0,1.0,1.0,1.0,0.0,0.0,0.0,68,140.38114881515503
lambd,1.0,3,0.2298664508296236,0.1457905544147844,0.5430210325047801,0.5622641509433962,0.4085923217550274,0.9012096774193548,1.0,1.0,1.0,68,140.6568558216095
lambd,2.5,1,1.0,1.0,1.0,0.0,0.0,0.0,0.0,0.0,0.0,68,139.39810633659363
lambd,2.5,2,1.0,1.0,1.0,1.0,1.0,1.0,0.0,0.0,0.0,68,140.80902981758118
lambd,2.5,3,0.2298664508296236,0.1457905544147844,0.5430210325047801,1.0,1.0,1.0,1.0,1.0,1.0,68,139.1737458705902
lambd,5.0,1,1.0,1.0,1.0,0.0,0.0,0.0,0.0,0.0,0.0,68,140.19472670555115
lambd,5.0,2,0.961271102284012,1.0,0.9254302103250478,1.0,1.0,1.0,0.0,0.0,0.0,68,140.1485230922699
lambd,5.0,3,0.2298664508296236,0.1457905544147844,0.5430210325047801,0.5622641509433962,0.4085923217550274,0.9012096774193548,1.0,1.0,1.0,68,139.11442518234253
lambd,10.0,1,1.0,1.0,1.0,0.0,0.0,0.0,0.0,0.0,0.0,68,140.22778820991516
lambd,10.0,2,1.0,1.0,1.0,1.0,1.0,1.0,0.0,0.0,0.0,68,139.59945034980774
lambd,10.0,3,0.2298664508296236,0.1457905544147844,0.5430210325047801,0.5622641509433962,0.4085923217550274,0.9012096774193548,1.0,1.0,1.0,68,139.0810923576355
alpha,0.1,1,1.0,1.0,1.0,0.0,0.0,0.0,0.0,0.0,0.0,69,148.37163424491882
alpha,0.1,2,1.0,1.0,1.0,0.8365145228215768,0.8181818181818182,0.8556876061120543,0.0,0.0,0.0,69,142.72549486160278
alpha,0.1,3,0.1728561782579338,0.1281281281281281,0.2655601659751037,1.0,1.0,1.0,0.213091922005571,0.1531531531531531,0.3501144164759725,69,143.5040054321289
alpha,0.3,1,1.0,1.0,1.0,0.0,0.0,0.0,0.0,0.0,0.0,69,143.2078514099121
alpha,0.3,2,0.8397905759162303,0.8477801268498943,0.8319502074688797,1.0,1.0,1.0,0.0,0.0,0.0,69,142.4905171394348
alpha,0.3,3,0.0,0.0,0.0,1.0,1.0,1.0,0.0088757396449704,0.0052933392148213,0.0274599542334096,69,142.46076464653015
alpha,0.5,1,1.0,1.0,1.0,0.0,0.0,0.0,0.0,0.0,0.0,69,142.9587938785553
alpha,0.5,2,1.0,1.0,1.0,1.0,1.0,1.0,0.0,0.0,0.0,69,141.7933053970337
alpha,0.5,3,0.0,0.0,0.0,1.0,1.0,1.0,0.0088757396449704,0.0052933392148213,0.0274599542334096,69,140.2316255569458
alpha,0.75,1,1.0,1.0,1.0,0.0,0.0,0.0,0.0,0.0,0.0,69,140.89790749549866
alpha,0.75,2,0.1924435988040228,0.1107288082577416,0.7344398340248963,1.0,1.0,1.0,0.0,0.0,0.0,69,141.2874195575714
alpha,0.75,3,0.1924435988040228,0.1107288082577416,0.7344398340248963,1.0,1.0,1.0,0.213091922005571,0.1531531531531531,0.3501144164759725,69,140.07253742218018
alpha,1.0,1,1.0,1.0,1.0,0.0,0.0,0.0,0.0,0.0,0.0,69,140.2777304649353
alpha,1.0,2,0.2033359809372517,0.1647361647361647,0.2655601659751037,0.8623718887262078,0.758043758043758,1.0,0.0,0.0,0.0,69,140.06252670288086
alpha,1.0,3,0.1924435988040228,0.1107288082577416,0.7344398340248963,0.7418136020151134,0.5895895895895896,1.0,0.213091922005571,0.1531531531531531,0.3501144164759725,69,140.49848985671997
lambd,0.0,1,0.0,0.0,0.0,0.0,0.0,0.0,0.0,0.0,0.0,69,141.0241096019745
lambd,0.0,2,1.0,1.0,1.0,0.0,0.0,0.0,0.0,0.0,0.0,69,139.6435947418213
lambd,0.0,3,0.0,0.0,0.0,0.0,0.0,0.0,0.0088757396449704,0.0052933392148213,0.0274599542334096,69,139.76389360427856
lambd,0.25,1,1.0,1.0,1.0,0.0,0.0,0.0,0.0,0.0,0.0,69,140.9611301422119
lambd,0.25,2,0.1924435988040228,0.1107288082577416,0.7344398340248963,1.0,1.0,1.0,0.0,0.0,0.0,69,140.05488276481628
lambd,0.25,3,0.0,0.0,0.0,1.0,1.0,1.0,0.0088757396449704,0.0052933392148213,0.0274599542334096,69,141.3781976699829
lambd,0.5,1,1.0,1.0,1.0,0.0,0.0,0.0,0.0,0.0,0.0,69,141.19922041893005
lambd,0.5,2,1.0,1.0,1.0,0.9222323879231472,1.0,0.8556876061120543,0.0,0.0,0.0,69,139.91862058639526
lambd,0.5,3,0.0,0.0,0.0,1.0,1.0,1.0,0.0088757396449704,0.0052933392148213,0.0274599542334096,69,139.92122769355774
lambd,1.0,1,1.0,1.0,1.0,0.0,0.0,0.0,0.0,0.0,0.0,69,140.32429003715515
lambd,1.0,2,1.0,1.0,1.0,0.9222323879231472,1.0,0.8556876061120543,0.0,0.0,0.0,69,139.87449979782104
lambd,1.0,3,0.0,0.0,0.0,1.0,1.0,1.0,0.0088757396449704,0.0052933392148213,0.0274599542334096,69,139.4532437324524
lambd,2.5,1,1.0,1.0,1.0,0.0,0.0,0.0,0.0,0.0,0.0,69,139.3786175251007
lambd,2.5,2,1.0,1.0,1.0,0.9222323879231472,1.0,0.8556876061120543,0.0,0.0,0.0,69,139.7123806476593
lambd,2.5,3,0.1728561782579338,0.1281281281281281,0.2655601659751037,1.0,1.0,1.0,0.213091922005571,0.1531531531531531,0.3501144164759725,69,139.98395252227783
lambd,5.0,1,1.0,1.0,1.0,0.0,0.0,0.0,0.0,0.0,0.0,69,142.6664810180664
lambd,5.0,2,1.0,1.0,1.0,0.8365145228215768,0.8181818181818182,0.8556876061120543,0.0,0.0,0.0,69,139.878093957901
lambd,5.0,3,0.1924435988040228,0.1107288082577416,0.7344398340248963,1.0,1.0,1.0,0.1563015960374243,0.088833281201126,0.6498855835240275,69,141.03945016860962
lambd,10.0,1,1.0,1.0,1.0,0.0,0.0,0.0,0.0,0.0,0.0,69,140.6436424255371
lambd,10.0,2,1.0,1.0,1.0,0.9222323879231472,1.0,0.8556876061120543,0.0,0.0,0.0,69,138.92964959144592
lambd,10.0,3,0.1728561782579338,0.1281281281281281,0.2655601659751037,1.0,1.0,1.0,0.213091922005571,0.1531531531531531,0.3501144164759725,69,138.94691228866577
alpha,0.1,1,0.6445264452644526,1.0,0.4754990925589836,0.0,0.0,0.0,0.0,0.0,0.0,7,149.6141393184662
alpha,0.1,2,0.7982551799345692,1.0,0.6642468239564429,0.9760547320410492,1.0,0.9532293986636972,0.0,0.0,0.0,7,140.22683024406433
alpha,0.1,3,0.2497560975609755,0.1707805203468979,0.4646098003629764,0.6605809128630705,0.5264550264550265,0.8864142538975501,0.6197836166924267,0.4884287454323995,0.8477801268498943,7,139.3525264263153
alpha,0.3,1,0.8008705114254625,1.0,0.6678765880217786,0.0,0.0,0.0,0.0,0.0,0.0,7,140.71307468414307
alpha,0.3,2,0.8008705114254625,1.0,0.6678765880217786,0.9760547320410492,1.0,0.9532293986636972,0.0,0.0,0.0,7,140.5081503391266
alpha,0.3,3,0.3258278145695364,0.1992709599027946,0.8929219600725953,0.626771653543307,0.4847746650426309,0.8864142538975501,0.6197836166924267,0.4884287454323995,0.8477801268498943,7,139.40014839172363
alpha,0.5,1,0.2321466189172108,0.1313155386081982,1.0,0.0,0.0,0.0,0.0,0.0,0.0,7,140.1911997795105
alpha,0.5,2,1.0,1.0,1.0,0.9760547320410492,1.0,0.9532293986636972,0.0,0.0,0.0,7,139.11976051330566
alpha,0.5,3,0.3262285375962108,0.1949062610541209,1.0,0.626771653543307,0.4847746650426309,0.8864142538975501,0.6197836166924267,0.4884287454323995,0.8477801268498943,7,139.54288458824158
alpha,0.75,1,1.0,1.0,1.0,0.0,0.0,0.0,0.0,0.0,0.0,7,141.75597882270813
alpha,0.75,2,0.2687149475737624,0.1552112676056338,1.0,1.0,1.0,1.0,0.0,0.0,0.0,7,141.0063977241516
alpha,0.75,3,0.2865463016889924,0.1706555671175858,0.8929219600725953,0.6671862821512081,0.513189448441247,0.9532293986636972,0.5478194338179035,0.4292565947242206,0.7568710359408034,7,138.84197163581848
alpha,1.0,1,1.0,1.0,1.0,0.0,0.0,0.0,0.0,0.0,0.0,7,139.13696146011353
alpha,1.0,2,0.2687149475737624,0.1552112676056338,1.0,1.0,1.0,1.0,0.0,0.0,0.0,7,140.04988956451416
alpha,1.0,3,0.2865463016889924,0.1706555671175858,0.8929219600725953,0.0126050420168067,0.0072840790842872,0.0467706013363029,0.0429082240762812,0.0249739854318418,0.1522198731501057,7,139.08978962898254
lambd,0.0,1,0.2321466189172108,0.1313155386081982,1.0,0.0,0.0,0.0,0.0,0.0,0.0,7,140.0281639099121
lambd,0.0,2,0.3017479300827967,0.181549815498155,0.8929219600725953,0.0,0.0,0.0,0.0,0.0,0.0,7,139.26747822761536
lambd,0.0,3,0.3262285375962108,0.1949062610541209,1.0,0.0126050420168067,0.0072840790842872,0.0467706013363029,0.0429082240762812,0.0249739854318418,0.1522198731501057,7,139.04002857208252
lambd,0.25,1,0.2321466189172108,0.1313155386081982,1.0,0.0,0.0,0.0,0.0,0.0,0.0,7,140.54792976379397
lambd,0.25,2,0.3017479300827967,0.181549815498155,0.8929219600725953,0.9760547320410492,1.0,0.9532293986636972,0.0,0.0,0.0,7,139.95948314666748
lambd,0.25,3,0.3262285375962108,0.1949062610541209,1.0,0.626771653543307,0.4847746650426309,0.8864142538975501,0.6840202458423718,0.5197802197802198,1.0,7,138.99523973464966
lambd,0.5,1,0.9454545454545454,1.0,0.896551724137931,0.0,0.0,0.0,0.0,0.0,0.0,7,139.92683005332947
lambd,0.5,2,1.0,1.0,1.0,0.9760547320410492,1.0,0.9532293986636972,0.0,0.0,0.0,7,139.24481463432312
lambd,0.5,3,0.3262285375962108,0.1949062610541209,1.0,0.626771653543307,0.4847746650426309,0.8864142538975501,0.8397905759162303,0.8319502074688797,0.8477801268498943,7,139.08052730560303
lambd,1.0,1,1.0,1.0,1.0,0.0,0.0,0.0,0.0,0.0,0.0,7,138.83509469032288
lambd,1.0,2,1.0,1.0,1.0,0.9760547320410492,1.0,0.9532293986636972,0.0,0.0,0.0,7,139.6343355178833
lambd,1.0,3,0.3262285375962108,0.1949062610541209,1.0,0.626771653543307,0.4847746650426309,0.8864142538975501,0.6197836166924267,0.4884287454323995,0.8477801268498943,7,139.06026887893677
lambd,2.5,1,0.2321466189172108,0.1313155386081982,1.0,0.0,0.0,0.0,0.0,0.0,0.0,7,139.01232314109802
lambd,2.5,2,0.2687149475737624,0.1552112676056338,1.0,0.9760547320410492,1.0,0.9532293986636972,0.0,0.0,0.0,7,139.89224934577942
lambd,2.5,3,0.3262285375962108,0.1949062610541209,1.0,0.626771653543307,0.4847746650426309,0.8864142538975501,0.6197836166924267,0.4884287454323995,0.8477801268498943,7,139.13310432434082
lambd,5.0,1,0.2321466189172108,0.1313155386081982,1.0,0.0,0.0,0.0,0.0,0.0,0.0,7,139.52392649650574
lambd,5.0,2,0.3017479300827967,0.181549815498155,0.8929219600725953,0.9760547320410492,1.0,0.9532293986636972,0.0,0.0,0.0,7,139.21751379966736
lambd,5.0,3,0.3262285375962108,0.1949062610541209,1.0,0.626771653543307,0.4847746650426309,0.8864142538975501,0.6197836166924267,0.4884287454323995,0.8477801268498943,7,138.98245692253113
lambd,10.0,1,0.9454545454545454,1.0,0.896551724137931,0.0,0.0,0.0,0.0,0.0,0.0,7,139.6613049507141
lambd,10.0,2,1.0,1.0,1.0,0.9760547320410492,1.0,0.9532293986636972,0.0,0.0,0.0,7,139.6670389175415
lambd,10.0,3,0.3262285375962108,0.1949062610541209,1.0,0.626771653543307,0.4847746650426309,0.8864142538975501,0.6197836166924267,0.4884287454323995,0.8477801268498943,7,139.16119027137756
alpha,0.1,1,0.1715893108298171,1.0,0.0938461538461538,0.0,0.0,0.0,0.0,0.0,0.0,70,150.23703742027283
alpha,0.1,2,0.3557126030624263,0.7587939698492462,0.2323076923076923,0.7478448275862069,1.0,0.5972461273666093,0.0,0.0,0.0,70,144.46496629714966
alpha,0.1,3,0.4074979625101874,0.4332755632582322,0.3846153846153846,0.7845188284518828,1.0,0.6454388984509466,0.2785087719298246,0.1786216596343178,0.6318407960199005,70,144.0157289505005
alpha,0.3,1,0.2682624845233182,0.1549094375595805,1.0,0.0,0.0,0.0,0.0,0.0,0.0,70,144.6282021999359
alpha,0.3,2,1.0,1.0,1.0,0.7731256085686465,0.8901345291479821,0.6833046471600689,0.0,0.0,0.0,70,140.95417499542236
alpha,0.3,3,0.2985074626865672,0.2439024390243902,0.3846153846153846,0.8118609406952966,1.0,0.6833046471600689,1.0,1.0,1.0,70,140.36668372154236
alpha,0.5,1,0.2682624845233182,0.1549094375595805,1.0,0.0,0.0,0.0,0.0,0.0,0.0,70,141.02132058143616
alpha,0.5,2,1.0,1.0,1.0,0.916044776119403,1.0,0.8450946643717728,0.0,0.0,0.0,70,141.9454312324524
alpha,0.5,3,0.4434589800443459,0.3466204506065858,0.6153846153846154,0.8118609406952966,1.0,0.6833046471600689,0.6863972680705749,0.5225303292894281,1.0,70,141.1280496120453
alpha,0.75,1,1.0,1.0,1.0,0.0,0.0,0.0,0.0,0.0,0.0,70,143.51587796211243
alpha,0.75,2,0.3434610303830911,0.2073365231259968,1.0,1.0,1.0,1.0,0.0,0.0,0.0,70,145.04372239112854
alpha,0.75,3,0.2506367804381049,0.1873571972581873,0.3784615384615384,1.0,1.0,1.0,0.2785087719298246,0.1786216596343178,0.6318407960199005,70,140.65113878250122
alpha,1.0,1,1.0,1.0,1.0,0.0,0.0,0.0,0.0,0.0,0.0,70,142.23954105377197
alpha,1.0,2,0.3434610303830911,0.2073365231259968,1.0,1.0,1.0,1.0,0.0,0.0,0.0,70,141.15759468078613
alpha,1.0,3,0.3434610303830911,0.2073365231259968,1.0,0.4573991031390134,0.3092783505154639,0.8777969018932874,0.3226324237560192,0.1923444976076555,1.0,70,140.9567928314209
lambd,0.0,1,0.2682624845233182,0.1549094375595805,1.0,0.0,0.0,0.0,0.0,0.0,0.0,70,141.15235710144043
lambd,0.0,2,0.3434610303830911,0.2073365231259968,1.0,0.0,0.0,0.0,0.0,0.0,0.0,70,141.80976033210754
lambd,0.0,3,0.2506367804381049,0.1873571972581873,0.3784615384615384,0.4192185850052798,0.3023610053313023,0.6833046471600689,0.0125260960334029,0.0091393754760091,0.0199004975124378,70,141.01548171043396
lambd,0.25,1,0.2682624845233182,0.1549094375595805,1.0,0.0,0.0,0.0,0.0,0.0,0.0,70,142.13136672973633
lambd,0.25,2,0.6496751624187906,0.4811250925240563,1.0,0.8517786561264822,1.0,0.7418244406196214,0.0,0.0,0.0,70,142.38702273368835
lambd,0.25,3,0.4434589800443459,0.3466204506065858,0.6153846153846154,0.8118609406952966,1.0,0.6833046471600689,0.6863972680705749,0.5225303292894281,1.0,70,140.62192296981812
lambd,0.5,1,0.2682624845233182,0.1549094375595805,1.0,0.0,0.0,0.0,0.0,0.0,0.0,70,141.07759952545166
lambd,0.5,2,0.3434610303830911,0.2073365231259968,1.0,0.8118609406952966,1.0,0.6833046471600689,0.0,0.0,0.0,70,140.9769425392151
lambd,0.5,3,0.2506367804381049,0.1873571972581873,0.3784615384615384,0.8118609406952966,1.0,0.6833046471600689,0.2785087719298246,0.1786216596343178,0.6318407960199005,70,141.17687129974365
lambd,1.0,1,0.2682624845233182,0.1549094375595805,1.0,0.0,0.0,0.0,0.0,0.0,0.0,70,141.62820386886597
lambd,1.0,2,0.3434610303830911,0.2073365231259968,1.0,0.929032258064516,1.0,0.8674698795180723,0.0,0.0,0.0,70,141.733820438385
lambd,1.0,3,0.2985074626865672,0.2439024390243902,0.3846153846153846,0.8118609406952966,1.0,0.6833046471600689,0.8981762917933132,0.8288920056100981,0.9800995024875622,70,140.8146288394928
lambd,2.5,1,0.4759671746776084,1.0,0.3123076923076923,0.0,0.0,0.0,0.0,0.0,0.0,70,141.78139519691467
lambd,2.5,2,0.3434610303830911,0.2073365231259968,1.0,0.8118609406952966,1.0,0.6833046471600689,0.0,0.0,0.0,70,141.04297852516174
lambd,2.5,3,0.2985074626865672,0.2439024390243902,0.3846153846153846,0.8118609406952966,1.0,0.6833046471600689,0.9899497487437184,1.0,0.9800995024875622,70,140.67848181724548
lambd,5.0,1,0.2682624845233182,0.1549094375595805,1.0,0.0,0.0,0.0,0.0,0.0,0.0,70,141.13763976097107
lambd,5.0,2,1.0,1.0,1.0,0.8118609406952966,1.0,0.6833046471600689,0.0,0.0,0.0,70,140.550687789917
lambd,5.0,3,0.3243243243243243,0.2837370242214533,0.3784615384615384,0.8118609406952966,1.0,0.6833046471600689,0.9899497487437184,1.0,0.9800995024875622,70,140.65759110450745
lambd,10.0,1,0.2682624845233182,0.1549094375595805,1.0,0.0,0.0,0.0,0.0,0.0,0.0,70,141.92013549804688
lambd,10.0,2,0.3434610303830911,0.2073365231259968,1.0,0.8118609406952966,1.0,0.6833046471600689,0.0,0.0,0.0,70,141.80150938034058
lambd,10.0,3,0.3243243243243243,0.2837370242214533,0.3784615384615384,0.4192185850052798,0.3023610053313023,0.6833046471600689,0.9899497487437184,1.0,0.9800995024875622,70,140.45564317703247
alpha,0.1,1,1.0,1.0,1.0,0.0,0.0,0.0,0.0,0.0,0.0,71,148.8147518634796
alpha,0.1,2,1.0,1.0,1.0,1.0,1.0,1.0,0.0,0.0,0.0,71,142.86015391349792
alpha,0.1,3,1.0,1.0,1.0,0.0,0.0,0.0,0.7898966704936854,1.0,0.6527514231499051,71,142.0581476688385
alpha,0.3,1,0.9097744360902256,0.8946395563770795,0.9254302103250478,0.0,0.0,0.0,0.0,0.0,0.0,71,143.68062376976013
alpha,0.3,2,1.0,1.0,1.0,1.0,1.0,1.0,0.0,0.0,0.0,71,143.34337401390076
alpha,0.3,3,1.0,1.0,1.0,0.4119646498980285,0.4683153013910355,0.3677184466019417,0.58603066439523,0.5316846986089645,0.6527514231499051,71,142.24496150016785
alpha,0.5,1,1.0,1.0,1.0,0.0,0.0,0.0,0.0,0.0,0.0,71,142.95346093177795
alpha,0.5,2,0.2822450080949811,0.1643103989946591,1.0,1.0,1.0,1.0,0.0,0.0,0.0,71,141.4338059425354
alpha,0.5,3,0.2822450080949811,0.1643103989946591,1.0,0.4098482964436706,0.2577416327807319,1.0,1.0,1.0,1.0,71,140.59266877174375
alpha,0.75,1,1.0,1.0,1.0,0.0,0.0,0.0,0.0,0.0,0.0,71,140.70365500450134
alpha,0.75,2,1.0,1.0,1.0,1.0,1.0,1.0,0.0,0.0,0.0,71,139.46874046325684
alpha,0.75,3,0.2822450080949811,0.1643103989946591,1.0,1.0,1.0,1.0,0.2840970350404312,0.1655670750863964,1.0,71,140.57221722602844
alpha,1.0,1,1.0,1.0,1.0,0.0,0.0,0.0,0.0,0.0,0.0,71,140.95957851409912
alpha,1.0,2,1.0,1.0,1.0,1.0,1.0,1.0,0.0,0.0,0.0,71,139.9956614971161
alpha,1.0,3,0.3864056150720354,0.2394688644688644,1.0,1.0,1.0,1.0,0.2840970350404312,0.1655670750863964,1.0,71,139.77931427955627
lambd,0.0,1,0.0,0.0,0.0,0.0,0.0,0.0,0.0,0.0,0.0,71,142.1356885433197
lambd,0.0,2,0.2822450080949811,0.1643103989946591,1.0,0.0,0.0,0.0,0.0,0.0,0.0,71,140.18720650672913
lambd,0.0,3,0.2804938271604938,0.1890812250332889,0.5430210325047801,0.0,0.0,0.0,0.0,0.0,0.0,71,140.1825053691864
lambd,0.25,1,0.0,0.0,0.0,0.0,0.0,0.0,0.0,0.0,0.0,71,141.74692106246948
lambd,0.25,2,0.2822450080949811,0.1643103989946591,1.0,1.0,1.0,1.0,0.0,0.0,0.0,71,140.41198062896729
lambd,0.25,3,0.2804938271604938,0.1890812250332889,0.5430210325047801,0.0,0.0,0.0,0.0,0.0,0.0,71,140.11621403694153
lambd,0.5,1,1.0,1.0,1.0,0.0,0.0,0.0,0.0,0.0,0.0,71,141.08345651626587
lambd,0.5,2,0.2822450080949811,0.1643103989946591,1.0,1.0,1.0,1.0,0.0,0.0,0.0,71,140.94522523880005
lambd,0.5,3,0.2822450080949811,0.1643103989946591,1.0,1.0,1.0,1.0,1.0,1.0,1.0,71,139.7394998073578
lambd,1.0,1,1.0,1.0,1.0,0.0,0.0,0.0,0.0,0.0,0.0,71,138.9539155960083
lambd,1.0,2,1.0,1.0,1.0,1.0,1.0,1.0,0.0,0.0,0.0,71,140.11815404891968
lambd,1.0,3,0.2822450080949811,0.1643103989946591,1.0,0.4098482964436706,0.2577416327807319,1.0,1.0,1.0,1.0,71,140.46343302726746
lambd,2.5,1,1.0,1.0,1.0,0.0,0.0,0.0,0.0,0.0,0.0,71,140.68945741653442
lambd,2.5,2,0.2822450080949811,0.1643103989946591,1.0,1.0,1.0,1.0,0.0,0.0,0.0,71,140.79382514953613
lambd,2.5,3,1.0,1.0,1.0,1.0,1.0,1.0,0.3527443105756359,0.2141405932547744,1.0,71,140.05129289627075
lambd,5.0,1,1.0,1.0,1.0,0.0,0.0,0.0,0.0,0.0,0.0,71,143.59013295173645
lambd,5.0,2,0.2822450080949811,0.1643103989946591,1.0,1.0,1.0,1.0,0.0,0.0,0.0,71,141.2518548965454
lambd,5.0,3,0.3864056150720354,0.2394688644688644,1.0,1.0,1.0,1.0,1.0,1.0,1.0,71,139.98361825942993
lambd,10.0,1,1.0,1.0,1.0,0.0,0.0,0.0,0.0,0.0,0.0,71,139.45150637626648
lambd,10.0,2,1.0,1.0,1.0,1.0,1.0,1.0,0.0,0.0,0.0,71,140.20280385017395
lambd,10.0,3,0.2822450080949811,0.1643103989946591,1.0,1.0,1.0,1.0,1.0,1.0,1.0,71,138.8951768875122
alpha,0.1,1,1.0,1.0,1.0,0.0,0.0,0.0,0.0,0.0,0.0,72,147.1534788608551
alpha,0.1,2,1.0,1.0,1.0,0.9095354523227384,1.0,0.8340807174887892,0.0,0.0,0.0,72,144.22985219955444
alpha,0.1,3,1.0,1.0,1.0,0.8370273794002607,1.0,0.7197309417040358,0.0749414519906323,0.0996884735202492,0.0600375234521576,72,143.2345039844513
alpha,0.3,1,1.0,1.0,1.0,0.0,0.0,0.0,0.0,0.0,0.0,72,142.98641872406006
alpha,0.3,2,0.3311143270622286,0.1984044398196323,1.0,0.955503512880562,1.0,0.9147982062780268,0.0,0.0,0.0,72,143.41761541366577
alpha,0.3,3,1.0,1.0,1.0,0.955503512880562,1.0,0.9147982062780268,0.2060889929742388,0.1220950398890045,0.6604127579737336,72,139.9326148033142
alpha,0.5,1,1.0,1.0,1.0,0.0,0.0,0.0,0.0,0.0,0.0,72,140.61420488357544
alpha,0.5,2,1.0,1.0,1.0,1.0,1.0,1.0,0.0,0.0,0.0,72,140.39211535453796
alpha,0.5,3,1.0,1.0,1.0,1.0,1.0,1.0,0.0822510822510822,0.0971867007672634,0.0712945590994371,72,139.43525624275208
alpha,0.75,1,1.0,1.0,1.0,0.0,0.0,0.0,0.0,0.0,0.0,72,139.93846583366394
alpha,0.75,2,1.0,1.0,1.0,1.0,1.0,1.0,0.0,0.0,0.0,72,140.12697315216064
alpha,0.75,3,1.0,1.0,1.0,1.0,1.0,1.0,0.2060889929742388,0.1220950398890045,0.6604127579737336,72,140.67784714698792
alpha,1.0,1,1.0,1.0,1.0,0.0,0.0,0.0,0.0,0.0,0.0,72,140.51364374160767
alpha,1.0,2,1.0,1.0,1.0,1.0,1.0,1.0,0.0,0.0,0.0,72,139.45005822181702
alpha,1.0,3,0.8028070175438596,0.6705744431418523,1.0,0.6882716049382716,0.5247058823529411,1.0,0.8905597326649958,0.802710843373494,1.0,72,139.38789653778076
lambd,0.0,1,0.0,0.0,0.0,0.0,0.0,0.0,0.0,0.0,0.0,72,140.5189666748047
lambd,0.0,2,0.3311143270622286,0.1984044398196323,1.0,0.0,0.0,0.0,0.0,0.0,0.0,72,139.1548843383789
lambd,0.0,3,1.0,1.0,1.0,0.0,0.0,0.0,0.0,0.0,0.0,72,139.74392771720886
lambd,0.25,1,1.0,1.0,1.0,0.0,0.0,0.0,0.0,0.0,0.0,72,139.60735750198364
lambd,0.25,2,1.0,1.0,1.0,1.0,1.0,1.0,0.0,0.0,0.0,72,139.40965819358826
lambd,0.25,3,1.0,1.0,1.0,1.0,1.0,1.0,0.0776302349336057,0.085201793721973,0.0712945590994371,72,140.15277528762817
lambd,0.5,1,1.0,1.0,1.0,0.0,0.0,0.0,0.0,0.0,0.0,72,140.04376673698425
lambd,0.5,2,1.0,1.0,1.0,1.0,1.0,1.0,0.0,0.0,0.0,72,140.16723012924194
lambd,0.5,3,1.0,1.0,1.0,1.0,1.0,1.0,0.2339149400218102,0.1368421052631579,0.8048780487804879,72,140.2742476463318
lambd,1.0,1,1.0,1.0,1.0,0.0,0.0,0.0,0.0,0.0,0.0,72,140.4206576347351
lambd,1.0,2,1.0,1.0,1.0,1.0,1.0,1.0,0.0,0.0,0.0,72,139.21721863746643
lambd,1.0,3,1.0,1.0,1.0,1.0,1.0,1.0,0.0776302349336057,0.085201793721973,0.0712945590994371,72,139.7551257610321
lambd,2.5,1,1.0,1.0,1.0,0.0,0.0,0.0,0.0,0.0,0.0,72,141.01846599578855
lambd,2.5,2,1.0,1.0,1.0,1.0,1.0,1.0,0.0,0.0,0.0,72,140.39411425590515
lambd,2.5,3,1.0,1.0,1.0,1.0,1.0,1.0,0.2066752246469833,0.1570731707317073,0.3020637898686679,72,138.9776508808136
lambd,5.0,1,1.0,1.0,1.0,0.0,0.0,0.0,0.0,0.0,0.0,72,139.336580991745
lambd,5.0,2,1.0,1.0,1.0,1.0,1.0,1.0,0.0,0.0,0.0,72,139.3446865081787
lambd,5.0,3,1.0,1.0,1.0,1.0,1.0,1.0,1.0,1.0,1.0,72,138.29996967315674
lambd,10.0,1,1.0,1.0,1.0,0.0,0.0,0.0,0.0,0.0,0.0,72,140.2339551448822
lambd,10.0,2,1.0,1.0,1.0,1.0,1.0,1.0,0.0,0.0,0.0,72,139.63104701042175
lambd,10.0,3,1.0,1.0,1.0,1.0,1.0,1.0,1.0,1.0,1.0,72,139.8654909133911
alpha,0.1,1,0.5955786736020806,1.0,0.424074074074074,0.0,0.0,0.0,0.0,0.0,0.0,73,142.9534556865692
alpha,0.1,2,0.9113924050632912,0.8372093023255814,1.0,1.0,1.0,1.0,0.0,0.0,0.0,73,141.90442514419556
alpha,0.1,3,1.0,1.0,1.0,1.0,1.0,1.0,1.0,1.0,1.0,73,141.59068942070007
alpha,0.3,1,1.0,1.0,1.0,0.0,0.0,0.0,0.0,0.0,0.0,73,142.28985476493835
alpha,0.3,2,0.2755805052309262,0.1598105948505475,1.0,1.0,1.0,1.0,0.0,0.0,0.0,73,140.79858660697937
alpha,0.3,3,1.0,1.0,1.0,1.0,1.0,1.0,1.0,1.0,1.0,73,140.32753443717957
alpha,0.5,1,1.0,1.0,1.0,0.0,0.0,0.0,0.0,0.0,0.0,73,139.39974641799927
alpha,0.5,2,0.2755805052309262,0.1598105948505475,1.0,1.0,1.0,1.0,0.0,0.0,0.0,73,139.14870190620422
alpha,0.5,3,0.3716448726772195,0.228233305156382,1.0,1.0,1.0,1.0,1.0,1.0,1.0,73,139.2063343524933
alpha,0.75,1,1.0,1.0,1.0,0.0,0.0,0.0,0.0,0.0,0.0,73,139.72710990905762
alpha,0.75,2,1.0,1.0,1.0,1.0,1.0,1.0,0.0,0.0,0.0,73,138.3036527633667
alpha,0.75,3,1.0,1.0,1.0,1.0,1.0,1.0,1.0,1.0,1.0,73,140.08209800720215
alpha,1.0,1,1.0,1.0,1.0,0.0,0.0,0.0,0.0,0.0,0.0,73,140.09553575515747
alpha,1.0,2,1.0,1.0,1.0,1.0,1.0,1.0,0.0,0.0,0.0,73,140.67927479743958
alpha,1.0,3,0.9113924050632912,0.8372093023255814,1.0,1.0,1.0,1.0,1.0,1.0,1.0,73,137.0708155632019
lambd,0.0,1,0.0,0.0,0.0,0.0,0.0,0.0,0.0,0.0,0.0,73,139.1896848678589
lambd,0.0,2,1.0,1.0,1.0,0.0,0.0,0.0,0.0,0.0,0.0,73,137.9919412136078
lambd,0.0,3,0.290088638195004,0.1696512723845429,1.0,1.0,1.0,1.0,0.0,0.0,0.0,73,138.8586723804474
lambd,0.25,1,0.0,0.0,0.0,0.0,0.0,0.0,0.0,0.0,0.0,73,139.2783327102661
lambd,0.25,2,1.0,1.0,1.0,1.0,1.0,1.0,0.0,0.0,0.0,73,139.56670451164246
lambd,0.25,3,0.3716448726772195,0.228233305156382,1.0,1.0,1.0,1.0,1.0,1.0,1.0,73,138.12663960456848
lambd,0.5,1,1.0,1.0,1.0,0.0,0.0,0.0,0.0,0.0,0.0,73,139.27208757400513
lambd,0.5,2,1.0,1.0,1.0,1.0,1.0,1.0,0.0,0.0,0.0,73,138.01436352729797
lambd,0.5,3,0.3716448726772195,0.228233305156382,1.0,1.0,1.0,1.0,1.0,1.0,1.0,73,138.13613748550415
lambd,1.0,1,1.0,1.0,1.0,0.0,0.0,0.0,0.0,0.0,0.0,73,138.77141308784485
lambd,1.0,2,0.2755805052309262,0.1598105948505475,1.0,1.0,1.0,1.0,0.0,0.0,0.0,73,138.60007047653198
lambd,1.0,3,0.3716448726772195,0.228233305156382,1.0,1.0,1.0,1.0,1.0,1.0,1.0,73,138.07218432426453
lambd,2.5,1,1.0,1.0,1.0,0.0,0.0,0.0,0.0,0.0,0.0,73,138.85203433036804
lambd,2.5,2,1.0,1.0,1.0,1.0,1.0,1.0,0.0,0.0,0.0,73,137.7792582511902
lambd,2.5,3,0.3716448726772195,0.228233305156382,1.0,1.0,1.0,1.0,1.0,1.0,1.0,73,137.99313378334045
lambd,5.0,1,1.0,1.0,1.0,0.0,0.0,0.0,0.0,0.0,0.0,73,138.63641142845154
lambd,5.0,2,0.2755805052309262,0.1598105948505475,1.0,1.0,1.0,1.0,0.0,0.0,0.0,73,138.2999541759491
lambd,5.0,3,1.0,1.0,1.0,1.0,1.0,1.0,1.0,1.0,1.0,73,137.89426445961
lambd,10.0,1,1.0,1.0,1.0,0.0,0.0,0.0,0.0,0.0,0.0,73,138.86692190170288
lambd,10.0,2,0.2755805052309262,0.1598105948505475,1.0,1.0,1.0,1.0,0.0,0.0,0.0,73,137.8250093460083
lambd,10.0,3,0.3716448726772195,0.228233305156382,1.0,1.0,1.0,1.0,1.0,1.0,1.0,73,137.85965538024902
alpha,0.1,1,1.0,1.0,1.0,0.0,0.0,0.0,0.0,0.0,0.0,74,142.24271535873413
alpha,0.1,2,0.5780845556514237,1.0,0.4065533980582524,1.0,1.0,1.0,0.0,0.0,0.0,74,142.1960186958313
alpha,0.1,3,1.0,1.0,1.0,1.0,1.0,1.0,0.0,0.0,0.0,74,142.02478957176208
alpha,0.3,1,1.0,1.0,1.0,0.0,0.0,0.0,0.0,0.0,0.0,74,141.4888346195221
alpha,0.3,2,0.3921008803235783,0.2438591299200947,1.0,1.0,1.0,1.0,0.0,0.0,0.0,74,139.2989845275879
alpha,0.3,3,1.0,1.0,1.0,1.0,1.0,1.0,0.3124108416547789,0.1851225697379543,1.0,74,139.20060849189758
alpha,0.5,1,1.0,1.0,1.0,0.0,0.0,0.0,0.0,0.0,0.0,74,138.91966271400452
alpha,0.5,2,0.0,0.0,0.0,1.0,1.0,1.0,0.0,0.0,0.0,74,138.46801853179932
alpha,0.5,3,1.0,1.0,1.0,1.0,1.0,1.0,0.3124108416547789,0.1851225697379543,1.0,74,138.7685947418213
alpha,0.75,1,1.0,1.0,1.0,0.0,0.0,0.0,0.0,0.0,0.0,74,138.47866129875183
alpha,0.75,2,0.3921008803235783,0.2438591299200947,1.0,1.0,1.0,1.0,0.0,0.0,0.0,74,138.93371963500977
alpha,0.75,3,1.0,1.0,1.0,1.0,1.0,1.0,0.3886424134871339,0.2411894273127753,1.0,74,138.908287525177
alpha,1.0,1,1.0,1.0,1.0,0.0,0.0,0.0,0.0,0.0,0.0,74,139.6515815258026
alpha,1.0,2,0.3921008803235783,0.2438591299200947,1.0,1.0,1.0,1.0,0.0,0.0,0.0,74,139.05040526390076
alpha,1.0,3,0.5143570536828963,0.346218487394958,1.0,1.0,1.0,1.0,0.3886424134871339,0.2411894273127753,1.0,74,138.64843702316284
lambd,0.0,1,0.0,0.0,0.0,0.0,0.0,0.0,0.0,0.0,0.0,74,140.06436347961426
lambd,0.0,2,0.0,0.0,0.0,0.0,0.0,0.0,0.0,0.0,0.0,74,139.2287380695343
lambd,0.0,3,0.3372988103568929,0.2369714847590953,0.5849514563106796,0.0,0.0,0.0,0.0,0.0,0.0,74,139.1510078907013
lambd,0.25,1,1.0,1.0,1.0,0.0,0.0,0.0,0.0,0.0,0.0,74,138.61393094062805
lambd,0.25,2,1.0,1.0,1.0,0.0,0.0,0.0,0.0,0.0,0.0,74,138.46983218193054
lambd,0.25,3,0.3921008803235783,0.2438591299200947,1.0,1.0,1.0,1.0,0.2294996070212208,0.1296241491565552,1.0,74,138.55859398841858
lambd,0.5,1,1.0,1.0,1.0,0.0,0.0,0.0,0.0,0.0,0.0,74,138.70834612846377
lambd,0.5,2,0.0,0.0,0.0,1.0,1.0,1.0,0.0,0.0,0.0,74,138.77186012268066
lambd,0.5,3,1.0,1.0,1.0,1.0,1.0,1.0,0.3124108416547789,0.1851225697379543,1.0,74,138.41185569763184
lambd,1.0,1,1.0,1.0,1.0,0.0,0.0,0.0,0.0,0.0,0.0,74,138.5482530593872
lambd,1.0,2,1.0,1.0,1.0,1.0,1.0,1.0,0.0,0.0,0.0,74,138.80562162399292
lambd,1.0,3,1.0,1.0,1.0,1.0,1.0,1.0,0.2294996070212208,0.1296241491565552,1.0,74,138.44857120513916
lambd,2.5,1,1.0,1.0,1.0,0.0,0.0,0.0,0.0,0.0,0.0,74,138.50963401794434
lambd,2.5,2,1.0,1.0,1.0,1.0,1.0,1.0,0.0,0.0,0.0,74,138.608815908432
lambd,2.5,3,1.0,1.0,1.0,1.0,1.0,1.0,1.0,1.0,1.0,74,138.91596126556396
lambd,5.0,1,1.0,1.0,1.0,0.0,0.0,0.0,0.0,0.0,0.0,74,138.5127470493317
lambd,5.0,2,1.0,1.0,1.0,1.0,1.0,1.0,0.0,0.0,0.0,74,138.46035075187683
lambd,5.0,3,1.0,1.0,1.0,1.0,1.0,1.0,1.0,1.0,1.0,74,138.4423005580902
lambd,10.0,1,1.0,1.0,1.0,0.0,0.0,0.0,0.0,0.0,0.0,74,138.36019825935364
lambd,10.0,2,1.0,1.0,1.0,1.0,1.0,1.0,0.0,0.0,0.0,74,138.38688230514526
lambd,10.0,3,1.0,1.0,1.0,1.0,1.0,1.0,0.7306088407005839,0.5755584756898817,1.0,74,138.51403284072876
alpha,0.1,1,0.9216799091940976,1.0,0.8547368421052631,0.0,0.0,0.0,0.0,0.0,0.0,75,145.9117259979248
alpha,0.1,2,0.0,0.0,0.0,1.0,1.0,1.0,0.0,0.0,0.0,75,143.97913312911987
alpha,0.1,3,0.0,0.0,0.0,1.0,1.0,1.0,0.0,0.0,0.0,75,144.4363923072815
alpha,0.3,1,0.9216799091940976,1.0,0.8547368421052631,0.0,0.0,0.0,0.0,0.0,0.0,75,145.42193031311035
alpha,0.3,2,0.0433281004709576,0.0254612546125461,0.1452631578947368,0.8453976764968723,1.0,0.7321981424148607,0.0,0.0,0.0,75,145.27691960334778
alpha,0.3,3,0.6203208556149733,0.486810551558753,0.8547368421052631,0.8453976764968723,1.0,0.7321981424148607,0.9097744360902256,0.8946395563770795,0.9254302103250478,75,141.71540689468384
alpha,0.5,1,0.9216799091940976,1.0,0.8547368421052631,0.0,0.0,0.0,0.0,0.0,0.0,75,142.96415376663208
alpha,0.5,2,0.2360248447204968,0.1338028169014084,1.0,1.0,1.0,1.0,0.0,0.0,0.0,75,141.90691661834717
alpha,0.5,3,0.6203208556149733,0.486810551558753,0.8547368421052631,0.5908806995627732,0.4952879581151832,0.7321981424148607,0.3122388059701493,0.1850017686593562,1.0,75,140.94774103164673
alpha,0.75,1,0.8484848484848485,0.8423236514522822,0.8547368421052631,0.0,0.0,0.0,0.0,0.0,0.0,75,142.75444293022156
alpha,0.75,2,0.2360248447204968,0.1338028169014084,1.0,1.0,1.0,1.0,0.0,0.0,0.0,75,141.735906124115
alpha,0.75,3,0.6790564689063617,0.5140692640692641,1.0,0.6411910669975186,0.4718772826880935,1.0,0.2842043452730476,0.1678806798473812,0.9254302103250478,75,141.970685005188
alpha,1.0,1,1.0,1.0,1.0,0.0,0.0,0.0,0.0,0.0,0.0,75,142.50665473937988
alpha,1.0,2,0.5151843817787418,0.3469685902118334,1.0,0.6411910669975186,0.4718772826880935,1.0,0.0,0.0,0.0,75,141.42131924629211
alpha,1.0,3,0.5151843817787418,0.3469685902118334,1.0,0.6411910669975186,0.4718772826880935,1.0,1.0,1.0,1.0,75,141.77987241744995
lambd,0.0,1,0.0,0.0,0.0,0.0,0.0,0.0,0.0,0.0,0.0,75,141.82444143295288
lambd,0.0,2,0.2360248447204968,0.1338028169014084,1.0,0.0,0.0,0.0,0.0,0.0,0.0,75,141.39064383506775
lambd,0.0,3,0.5678321678321677,0.425130890052356,0.8547368421052631,0.5908806995627732,0.4952879581151832,0.7321981424148607,0.0,0.0,0.0,75,141.14070343971252
lambd,0.25,1,0.8484848484848485,0.8423236514522822,0.8547368421052631,0.0,0.0,0.0,0.0,0.0,0.0,75,142.42338037490845
lambd,0.25,2,0.5678321678321677,0.425130890052356,0.8547368421052631,0.5908806995627732,0.4952879581151832,0.7321981424148607,0.0,0.0,0.0,75,140.85879588127136
lambd,0.25,3,0.6203208556149733,0.486810551558753,0.8547368421052631,0.5783783783783784,0.513189448441247,0.6625386996904025,0.0,0.0,0.0,75,140.75640749931335
lambd,0.5,1,0.8484848484848485,0.8423236514522822,0.8547368421052631,0.0,0.0,0.0,0.0,0.0,0.0,75,141.9235906600952
lambd,0.5,2,0.6203208556149733,0.486810551558753,0.8547368421052631,0.5783783783783784,0.513189448441247,0.6625386996904025,0.0,0.0,0.0,75,140.84113383293152
lambd,0.5,3,0.6203208556149733,0.486810551558753,0.8547368421052631,0.5908806995627732,0.4952879581151832,0.7321981424148607,0.3122388059701493,0.1850017686593562,1.0,75,141.19498872756958
lambd,1.0,1,0.9216799091940976,1.0,0.8547368421052631,0.0,0.0,0.0,0.0,0.0,0.0,75,142.2295641899109
lambd,1.0,2,0.6203208556149733,0.486810551558753,0.8547368421052631,0.5783783783783784,0.513189448441247,0.6625386996904025,0.0,0.0,0.0,75,140.42408657073975
lambd,1.0,3,0.6790564689063617,0.5140692640692641,1.0,1.0,1.0,1.0,0.3122388059701493,0.1850017686593562,1.0,75,141.51080703735352
lambd,2.5,1,0.9216799091940976,1.0,0.8547368421052631,0.0,0.0,0.0,0.0,0.0,0.0,75,142.77465343475342
lambd,2.5,2,0.6203208556149733,0.486810551558753,0.8547368421052631,1.0,1.0,1.0,0.0,0.0,0.0,75,140.91216230392456
lambd,2.5,3,0.6203208556149733,0.486810551558753,0.8547368421052631,0.5908806995627732,0.4952879581151832,0.7321981424148607,0.961271102284012,1.0,0.9254302103250478,75,141.03832149505615
lambd,5.0,1,0.9216799091940976,1.0,0.8547368421052631,0.0,0.0,0.0,0.0,0.0,0.0,75,141.321044921875
lambd,5.0,2,0.2360248447204968,0.1338028169014084,1.0,1.0,1.0,1.0,0.0,0.0,0.0,75,141.36939024925232
lambd,5.0,3,0.5678321678321677,0.425130890052356,0.8547368421052631,1.0,1.0,1.0,0.961271102284012,1.0,0.9254302103250478,75,141.1235067844391
lambd,10.0,1,0.9216799091940976,1.0,0.8547368421052631,0.0,0.0,0.0,0.0,0.0,0.0,75,142.42665886878967
lambd,10.0,2,0.2360248447204968,0.1338028169014084,1.0,1.0,1.0,1.0,0.0,0.0,0.0,75,141.24531745910645
lambd,10.0,3,0.6203208556149733,0.486810551558753,0.8547368421052631,0.5783783783783784,0.513189448441247,0.6625386996904025,0.9097744360902256,0.8946395563770795,0.9254302103250478,75,140.70573496818542
alpha,0.1,1,1.0,1.0,1.0,0.0,0.0,0.0,0.0,0.0,0.0,76,141.02294826507568
alpha,0.1,2,1.0,1.0,1.0,1.0,1.0,1.0,0.0,0.0,0.0,76,140.8904209136963
alpha,0.1,3,1.0,1.0,1.0,0.6843800322061192,0.5201958384332925,1.0,1.0,1.0,1.0,76,140.394029378891
alpha,0.3,1,1.0,1.0,1.0,0.0,0.0,0.0,0.0,0.0,0.0,76,139.9910500049591
alpha,0.3,2,1.0,1.0,1.0,1.0,1.0,1.0,0.0,0.0,0.0,76,140.36533379554749
alpha,0.3,3,1.0,1.0,1.0,1.0,1.0,1.0,1.0,1.0,1.0,76,137.83174800872803
alpha,0.5,1,1.0,1.0,1.0,0.0,0.0,0.0,0.0,0.0,0.0,76,137.47269940376282
alpha,0.5,2,1.0,1.0,1.0,1.0,1.0,1.0,0.0,0.0,0.0,76,137.25394344329834
alpha,0.5,3,1.0,1.0,1.0,1.0,1.0,1.0,1.0,1.0,1.0,76,136.73820233345032
alpha,0.75,1,1.0,1.0,1.0,0.0,0.0,0.0,0.0,0.0,0.0,76,137.2616422176361
alpha,0.75,2,1.0,1.0,1.0,1.0,1.0,1.0,0.0,0.0,0.0,76,138.08218550682068
alpha,0.75,3,0.5143570536828963,0.346218487394958,1.0,1.0,1.0,1.0,1.0,1.0,1.0,76,137.1434154510498
alpha,1.0,1,1.0,1.0,1.0,0.0,0.0,0.0,0.0,0.0,0.0,76,137.4192090034485
alpha,0.1,1,0.6963123644251626,1.0,0.5341098169717138,0.0,0.0,0.0,0.0,0.0,0.0,77,142.65314388275146
alpha,0.1,2,0.8157635467980296,1.0,0.6888519134775375,0.6120906801007557,1.0,0.441016333938294,0.0,0.0,0.0,77,141.4954707622528
alpha,0.1,3,0.2403433476394849,0.2482269503546099,0.232945091514143,0.2282282282282282,0.2544642857142857,0.2068965517241379,1.0,1.0,1.0,77,140.52641010284424
alpha,0.3,1,0.8157635467980296,1.0,0.6888519134775375,0.0,0.0,0.0,0.0,0.0,0.0,77,141.55024647712708
alpha,0.3,2,0.8157635467980296,1.0,0.6888519134775375,0.7982551799345692,1.0,0.6642468239564429,0.0,0.0,0.0,77,141.19569277763367
alpha,0.3,3,0.8157635467980296,1.0,0.6888519134775375,0.8008705114254625,1.0,0.6678765880217786,0.4763971785132935,0.3126780626780627,1.0,77,141.04698872566223
alpha,0.5,1,0.8157635467980296,1.0,0.6888519134775375,0.0,0.0,0.0,0.0,0.0,0.0,77,141.8291642665863
alpha,0.5,2,0.8157635467980296,1.0,0.6888519134775375,1.0,1.0,1.0,0.0,0.0,0.0,77,140.48864555358887
alpha,0.5,3,0.2536483669214732,0.1602986385595081,0.6073211314475874,0.2564102564102564,0.2010309278350515,0.3539019963702359,1.0,1.0,1.0,77,140.40919709205627
alpha,0.75,1,0.8157635467980296,1.0,0.6888519134775375,0.0,0.0,0.0,0.0,0.0,0.0,77,141.88029217720032
alpha,0.75,2,1.0,1.0,1.0,1.0,1.0,1.0,0.0,0.0,0.0,77,139.4794521331787
alpha,0.75,3,0.2127659574468085,0.1289752650176678,0.6073211314475874,0.4829097283085013,0.3183131138070479,1.0,1.0,1.0,1.0,77,137.05256938934326
alpha,1.0,1,1.0,1.0,1.0,0.0,0.0,0.0,0.0,0.0,0.0,77,138.29209423065186
alpha,1.0,2,0.2505732749635189,0.1432316491897045,1.0,0.2321466189172108,0.1313155386081982,1.0,0.0,0.0,0.0,77,138.35661220550537
alpha,1.0,3,0.2536483669214732,0.1602986385595081,0.6073211314475874,0.3490599503369989,0.2169312169312169,0.8929219600725953,1.0,1.0,1.0,77,136.75452947616577
lambd,0.0,1,0.9620034542314334,1.0,0.9267886855241264,0.0,0.0,0.0,0.0,0.0,0.0,77,138.02124071121216
lambd,0.0,2,0.8157635467980296,1.0,0.6888519134775375,0.2321466189172108,0.1313155386081982,1.0,0.0,0.0,0.0,77,138.02464151382446
lambd,0.0,3,0.0,0.0,0.0,1.0,1.0,1.0,0.0,0.0,0.0,77,136.86315488815308
lambd,0.25,1,0.7870837537840566,1.0,0.64891846921797,0.0,0.0,0.0,0.0,0.0,0.0,77,138.71757340431213
lambd,0.25,2,0.8157635467980296,1.0,0.6888519134775375,1.0,1.0,1.0,0.0,0.0,0.0,77,138.39467644691467
lambd,0.25,3,0.2536483669214732,0.1602986385595081,0.6073211314475874,0.2564102564102564,0.2010309278350515,0.3539019963702359,0.6231369765791341,0.4525773195876288,1.0,77,137.35704588890076
lambd,0.5,1,0.9620034542314334,1.0,0.9267886855241264,0.0,0.0,0.0,0.0,0.0,0.0,77,137.9542396068573
lambd,0.5,2,0.8157635467980296,1.0,0.6888519134775375,1.0,1.0,1.0,0.0,0.0,0.0,77,138.41658926010132
lambd,0.5,3,0.2536483669214732,0.1602986385595081,0.6073211314475874,0.2564102564102564,0.2010309278350515,0.3539019963702359,1.0,1.0,1.0,77,137.23040866851807
lambd,1.0,1,0.8157635467980296,1.0,0.6888519134775375,0.0,0.0,0.0,0.0,0.0,0.0,77,138.57317757606506
lambd,1.0,2,0.8157635467980296,1.0,0.6888519134775375,1.0,1.0,1.0,0.0,0.0,0.0,77,137.4209179878235
lambd,1.0,3,0.8157635467980296,1.0,0.6888519134775375,1.0,1.0,1.0,1.0,1.0,1.0,77,137.21658897399902
lambd,2.5,1,0.8157635467980296,1.0,0.6888519134775375,0.0,0.0,0.0,0.0,0.0,0.0,77,138.8296239376068
lambd,2.5,2,1.0,1.0,1.0,1.0,1.0,1.0,0.0,0.0,0.0,77,138.36593461036682
lambd,2.5,3,0.1973908111174135,0.1497418244406196,0.2895174708818636,0.2564102564102564,0.2010309278350515,0.3539019963702359,1.0,1.0,1.0,77,137.1486508846283
lambd,5.0,1,0.8157635467980296,1.0,0.6888519134775375,0.0,0.0,0.0,0.0,0.0,0.0,77,138.62488460540771
lambd,5.0,2,1.0,1.0,1.0,1.0,1.0,1.0,0.0,0.0,0.0,77,138.42834854125977
lambd,5.0,3,0.3920417482061318,0.2438133874239351,1.0,0.2564102564102564,0.2010309278350515,0.3539019963702359,0.6231369765791341,0.4525773195876288,1.0,77,137.02134227752686
lambd,10.0,1,0.8157635467980296,1.0,0.6888519134775375,0.0,0.0,0.0,0.0,0.0,0.0,77,138.2055149078369
lambd,10.0,2,1.0,1.0,1.0,1.0,1.0,1.0,0.0,0.0,0.0,77,137.2731511592865
lambd,10.0,3,0.4014652014652014,0.3586387434554974,0.4559068219633943,0.2105885832593907,0.1257950530035335,0.6460980036297641,1.0,1.0,1.0,77,137.03739047050476
alpha,0.1,1,0.3175572519083969,1.0,0.1887477313974591,0.0,0.0,0.0,0.0,0.0,0.0,78,142.43571972846985
alpha,0.1,2,0.8008705114254625,1.0,0.6678765880217786,0.335820895522388,0.9574468085106383,0.2036199095022624,0.0,0.0,0.0,78,141.18758249282837
alpha,0.1,3,0.754639175257732,0.8735083532219571,0.6642468239564429,0.5097529258777633,0.599388379204893,0.4434389140271493,0.6903023983315955,1.0,0.5270700636942676,78,140.3006570339203
alpha,0.3,1,0.7463026166097838,1.0,0.5952813067150635,0.0,0.0,0.0,0.0,0.0,0.0,78,141.8085174560547
alpha,0.3,2,0.2776310826103357,0.1752380952380952,0.6678765880217786,0.8977556109725686,1.0,0.8144796380090498,0.0,0.0,0.0,78,141.77407598495483
alpha,0.3,3,0.3359196713829301,0.224390243902439,0.6678765880217786,0.8291390728476821,1.0,0.7081447963800905,0.7091469681397738,1.0,0.5493630573248408,78,139.81667828559875
alpha,0.5,1,0.9454545454545454,1.0,0.896551724137931,0.0,0.0,0.0,0.0,0.0,0.0,78,141.1173768043518
alpha,0.5,2,0.2776310826103357,0.1752380952380952,0.6678765880217786,1.0,1.0,1.0,0.0,0.0,0.0,78,139.8818130493164
alpha,0.5,3,0.4829097283085013,0.3183131138070479,1.0,0.4068108605614358,0.2553437319468515,1.0,0.897278314310799,1.0,0.8136942675159236,78,140.25608325004578
alpha,0.75,1,1.0,1.0,1.0,0.0,0.0,0.0,0.0,0.0,0.0,78,142.1766586303711
alpha,0.75,2,0.2776310826103357,0.1752380952380952,0.6678765880217786,1.0,1.0,1.0,0.0,0.0,0.0,78,142.29523754119873
alpha,0.75,3,0.2989690721649484,0.1757575757575757,1.0,0.2471344702264467,0.1409888357256778,1.0,1.0,1.0,1.0,78,139.88695240020752
alpha,1.0,1,1.0,1.0,1.0,0.0,0.0,0.0,0.0,0.0,0.0,78,140.8647084236145
alpha,1.0,2,0.2776310826103357,0.1752380952380952,0.6678765880217786,1.0,1.0,1.0,0.0,0.0,0.0,78,139.89800333976746
alpha,1.0,3,0.2989690721649484,0.1757575757575757,1.0,0.3483057525610716,0.2108778625954198,1.0,0.4060782411897833,0.2547667342799188,1.0,78,139.5933542251587
lambd,0.0,1,1.0,1.0,1.0,0.0,0.0,0.0,0.0,0.0,0.0,78,140.4614884853363
lambd,0.0,2,0.2776310826103357,0.1752380952380952,0.6678765880217786,0.0,0.0,0.0,0.0,0.0,0.0,78,138.3772222995758
lambd,0.0,3,0.2776310826103357,0.1752380952380952,0.6678765880217786,0.0,0.0,0.0,0.064516129032258,0.0419047619047619,0.1401273885350318,78,136.23689460754397
lambd,0.25,1,0.7051282051282052,0.8571428571428571,0.5989110707803993,0.0,0.0,0.0,0.0,0.0,0.0,78,137.49993109703064
lambd,0.25,2,0.2776310826103357,0.1752380952380952,0.6678765880217786,1.0,1.0,1.0,0.0,0.0,0.0,78,137.2090446949005
lambd,0.25,3,0.3359196713829301,0.224390243902439,0.6678765880217786,0.2471344702264467,0.1409888357256778,1.0,0.897278314310799,1.0,0.8136942675159236,78,136.68185377120972
lambd,0.5,1,0.9454545454545454,1.0,0.896551724137931,0.0,0.0,0.0,0.0,0.0,0.0,78,137.72240281105042
lambd,0.5,2,0.2776310826103357,0.1752380952380952,0.6678765880217786,1.0,1.0,1.0,0.0,0.0,0.0,78,138.15777778625488
lambd,0.5,3,0.4829097283085013,0.3183131138070479,1.0,0.4068108605614358,0.2553437319468515,1.0,0.7817652764306499,1.0,0.64171974522293,78,137.07484364509585
lambd,1.0,1,0.8008705114254625,1.0,0.6678765880217786,0.0,0.0,0.0,0.0,0.0,0.0,78,137.94353008270264
lambd,1.0,2,0.2776310826103357,0.1752380952380952,0.6678765880217786,1.0,1.0,1.0,0.0,0.0,0.0,78,138.23711276054382
lambd,1.0,3,0.3359196713829301,0.224390243902439,0.6678765880217786,0.4075610880590134,0.2559351476548929,1.0,0.7817652764306499,1.0,0.64171974522293,78,136.515052318573
lambd,2.5,1,0.9454545454545454,1.0,0.896551724137931,0.0,0.0,0.0,0.0,0.0,0.0,78,137.81988191604614
lambd,2.5,2,0.2776310826103357,0.1752380952380952,0.6678765880217786,1.0,1.0,1.0,0.0,0.0,0.0,78,137.97483587265015
lambd,2.5,3,0.4829097283085013,0.3183131138070479,1.0,0.4068108605614358,0.2553437319468515,1.0,0.897278314310799,1.0,0.8136942675159236,78,136.8253209590912
lambd,5.0,1,0.9454545454545454,1.0,0.896551724137931,0.0,0.0,0.0,0.0,0.0,0.0,78,138.35803389549255
lambd,5.0,2,0.2776310826103357,0.1752380952380952,0.6678765880217786,1.0,1.0,1.0,0.0,0.0,0.0,78,138.01712203025818
lambd,5.0,3,0.4829097283085013,0.3183131138070479,1.0,0.4068108605614358,0.2553437319468515,1.0,0.897278314310799,1.0,0.8136942675159236,78,136.62910413742063
lambd,10.0,1,0.9454545454545454,1.0,0.896551724137931,0.0,0.0,0.0,0.0,0.0,0.0,78,138.13759350776672
lambd,10.0,2,0.2776310826103357,0.1752380952380952,0.6678765880217786,1.0,1.0,1.0,0.0,0.0,0.0,78,137.22264742851257
lambd,10.0,3,0.3359196713829301,0.224390243902439,0.6678765880217786,1.0,1.0,1.0,0.9355932203389832,1.0,0.8789808917197452,78,136.493656873703
alpha,0.1,1,1.0,1.0,1.0,0.0,0.0,0.0,0.0,0.0,0.0,79,142.04763197898865
alpha,0.1,2,1.0,1.0,1.0,0.8713789107763615,0.910411622276029,0.8355555555555556,0.0,0.0,0.0,79,142.2808027267456
alpha,0.1,3,0.2149165848871442,0.1445544554455445,0.4187380497131931,0.6277258566978193,0.4832134292565947,0.8955555555555555,0.6203208556149733,0.486810551558753,0.8547368421052631,79,140.94411730766296
alpha,0.3,1,1.0,1.0,1.0,0.0,0.0,0.0,0.0,0.0,0.0,79,141.39049863815308
alpha,0.3,2,1.0,1.0,1.0,0.9726027397260272,1.0,0.9466666666666668,0.0,0.0,0.0,79,137.7958550453186
alpha,0.3,3,0.3235294117647059,0.1960307816929931,0.9254302103250478,0.6661157024793388,0.5302631578947369,0.8955555555555555,0.5781376518218624,0.4697368421052632,0.751578947368421,79,137.5042142868042
alpha,0.5,1,1.0,1.0,1.0,0.0,0.0,0.0,0.0,0.0,0.0,79,138.73979830741882
alpha,0.5,2,1.0,1.0,1.0,0.9726027397260272,1.0,0.9466666666666668,0.0,0.0,0.0,79,138.8504741191864
alpha,0.5,3,0.3122388059701493,0.1850017686593562,1.0,0.6277258566978193,0.4832134292565947,0.8955555555555555,0.6203208556149733,0.486810551558753,0.8547368421052631,79,137.3677146434784
alpha,0.75,1,1.0,1.0,1.0,0.0,0.0,0.0,0.0,0.0,0.0,79,138.5147087574005
alpha,0.75,2,1.0,1.0,1.0,1.0,1.0,1.0,0.0,0.0,0.0,79,138.79190135002136
alpha,0.75,3,0.2842043452730476,0.1678806798473812,0.9254302103250478,0.606405693950178,0.4460732984293193,0.9466666666666668,0.5678321678321677,0.425130890052356,0.8547368421052631,79,137.9142405986786
alpha,1.0,1,1.0,1.0,1.0,0.0,0.0,0.0,0.0,0.0,0.0,79,138.178368806839
alpha,1.0,2,0.2568131598330469,0.1473239436619718,1.0,1.0,1.0,1.0,0.0,0.0,0.0,79,138.5049147605896
alpha,1.0,3,0.2842043452730476,0.1678806798473812,0.9254302103250478,0.606405693950178,0.4460732984293193,0.9466666666666668,0.5678321678321677,0.425130890052356,0.8547368421052631,79,137.74527740478516
lambd,0.0,1,0.0,0.0,0.0,0.0,0.0,0.0,0.0,0.0,0.0,79,138.90859580039978
lambd,0.0,2,0.2568131598330469,0.1473239436619718,1.0,0.0,0.0,0.0,0.0,0.0,0.0,79,138.81662130355835
lambd,0.0,3,0.3122388059701493,0.1850017686593562,1.0,0.0,0.0,0.0,0.0,0.0,0.0,79,137.46269965171814
lambd,0.25,1,0.0,0.0,0.0,0.0,0.0,0.0,0.0,0.0,0.0,79,137.94384145736694
lambd,0.25,2,1.0,1.0,1.0,1.0,1.0,1.0,0.0,0.0,0.0,79,138.54820775985718
lambd,0.25,3,0.3235294117647059,0.1960307816929931,0.9254302103250478,0.6277258566978193,0.4832134292565947,0.8955555555555555,0.6203208556149733,0.486810551558753,0.8547368421052631,79,136.89548754692078
lambd,0.5,1,1.0,1.0,1.0,0.0,0.0,0.0,0.0,0.0,0.0,79,137.94597744941711
lambd,0.5,2,1.0,1.0,1.0,0.9726027397260272,1.0,0.9466666666666668,0.0,0.0,0.0,79,138.59865498542786
lambd,0.5,3,0.3235294117647059,0.1960307816929931,0.9254302103250478,0.6661157024793388,0.5302631578947369,0.8955555555555555,0.5781376518218624,0.4697368421052632,0.751578947368421,79,137.33047533035278
lambd,1.0,1,1.0,1.0,1.0,0.0,0.0,0.0,0.0,0.0,0.0,79,138.57966470718384
lambd,1.0,2,1.0,1.0,1.0,0.9726027397260272,1.0,0.9466666666666668,0.0,0.0,0.0,79,137.1553280353546
lambd,1.0,3,0.3235294117647059,0.1960307816929931,0.9254302103250478,0.6277258566978193,0.4832134292565947,0.8955555555555555,0.6203208556149733,0.486810551558753,0.8547368421052631,79,137.86258482933044
lambd,2.5,1,1.0,1.0,1.0,0.0,0.0,0.0,0.0,0.0,0.0,79,138.38123846054077
lambd,2.5,2,1.0,1.0,1.0,0.9726027397260272,1.0,0.9466666666666668,0.0,0.0,0.0,79,137.91760182380676
lambd,2.5,3,0.3235294117647059,0.1960307816929931,0.9254302103250478,0.6277258566978193,0.4832134292565947,0.8955555555555555,0.6203208556149733,0.486810551558753,0.8547368421052631,79,137.88595461845398
lambd,5.0,1,1.0,1.0,1.0,0.0,0.0,0.0,0.0,0.0,0.0,79,138.32705163955688
lambd,5.0,2,0.961271102284012,1.0,0.9254302103250478,0.9726027397260272,1.0,0.9466666666666668,0.0,0.0,0.0,79,138.7715654373169
lambd,5.0,3,0.3235294117647059,0.1960307816929931,0.9254302103250478,0.6277258566978193,0.4832134292565947,0.8955555555555555,0.6203208556149733,0.486810551558753,0.8547368421052631,79,137.1840317249298
lambd,10.0,1,1.0,1.0,1.0,0.0,0.0,0.0,0.0,0.0,0.0,79,137.81886529922485
lambd,10.0,2,0.961271102284012,1.0,0.9254302103250478,0.9726027397260272,1.0,0.9466666666666668,0.0,0.0,0.0,79,138.65003037452698
lambd,10.0,3,0.3235294117647059,0.1960307816929931,0.9254302103250478,0.6277258566978193,0.4832134292565947,0.8955555555555555,0.6203208556149733,0.486810551558753,0.8547368421052631,79,137.96371293067932
alpha,0.1,1,1.0,1.0,1.0,0.0,0.0,0.0,0.0,0.0,0.0,8,148.99021339416504
alpha,0.1,2,0.0,0.0,0.0,1.0,1.0,1.0,0.0,0.0,0.0,8,139.28188753128052
alpha,0.1,3,0.7174254317111461,0.5593635250917993,1.0,1.0,1.0,1.0,1.0,1.0,1.0,8,138.58146739006042
alpha,0.3,1,1.0,1.0,1.0,0.0,0.0,0.0,0.0,0.0,0.0,8,139.29211831092834
alpha,0.3,2,0.2325108114983465,0.1315486470926885,1.0,1.0,1.0,1.0,0.0,0.0,0.0,8,138.24917435646057
alpha,0.3,3,0.3132282385195339,0.1856968711905729,1.0,1.0,1.0,1.0,1.0,1.0,1.0,8,139.53487944602966
alpha,0.5,1,1.0,1.0,1.0,0.0,0.0,0.0,0.0,0.0,0.0,8,138.33331537246704
alpha,0.5,2,0.2325108114983465,0.1315486470926885,1.0,1.0,1.0,1.0,0.0,0.0,0.0,8,138.02277994155884
alpha,0.5,3,1.0,1.0,1.0,1.0,1.0,1.0,1.0,1.0,1.0,8,137.29268765449524
alpha,0.75,1,1.0,1.0,1.0,0.0,0.0,0.0,0.0,0.0,0.0,8,140.9618752002716
alpha,0.75,2,0.2325108114983465,0.1315486470926885,1.0,1.0,1.0,1.0,0.0,0.0,0.0,8,138.57233214378357
alpha,0.75,3,0.3132282385195339,0.1856968711905729,1.0,1.0,1.0,1.0,1.0,1.0,1.0,8,139.82329726219177
alpha,1.0,1,1.0,1.0,1.0,0.0,0.0,0.0,0.0,0.0,0.0,8,138.73372745513916
alpha,1.0,2,0.2325108114983465,0.1315486470926885,1.0,1.0,1.0,1.0,0.0,0.0,0.0,8,139.22786855697632
alpha,1.0,3,0.3132282385195339,0.1856968711905729,1.0,1.0,1.0,1.0,0.595710238769729,0.424207492795389,1.0,8,138.92661213874817
lambd,0.0,1,0.0,0.0,0.0,0.0,0.0,0.0,0.0,0.0,0.0,8,141.0762219429016
lambd,0.0,2,0.2325108114983465,0.1315486470926885,1.0,0.0,0.0,0.0,0.0,0.0,0.0,8,137.91374349594116
lambd,0.0,3,0.3132282385195339,0.1856968711905729,1.0,0.0,0.0,0.0,0.0,0.0,0.0,8,137.73105335235596
lambd,0.25,1,1.0,1.0,1.0,0.0,0.0,0.0,0.0,0.0,0.0,8,139.55897212028503
lambd,0.25,2,0.2325108114983465,0.1315486470926885,1.0,0.0,0.0,0.0,0.0,0.0,0.0,8,138.25706887245178
lambd,0.25,3,1.0,1.0,1.0,0.4724186704384724,0.3791146424517593,0.626641651031895,0.6765615337043909,0.6208853575482406,0.7432065217391305,8,137.94617915153503
lambd,0.5,1,1.0,1.0,1.0,0.0,0.0,0.0,0.0,0.0,0.0,8,139.6653447151184
lambd,0.5,2,0.2325108114983465,0.1315486470926885,1.0,1.0,1.0,1.0,0.0,0.0,0.0,8,138.23746490478516
lambd,0.5,3,0.3132282385195339,0.1856968711905729,1.0,1.0,1.0,1.0,1.0,1.0,1.0,8,139.30999851226807
lambd,1.0,1,1.0,1.0,1.0,0.0,0.0,0.0,0.0,0.0,0.0,8,139.47646594047546
lambd,1.0,2,1.0,1.0,1.0,1.0,1.0,1.0,0.0,0.0,0.0,8,138.3791844844818
lambd,1.0,3,0.3132282385195339,0.1856968711905729,1.0,1.0,1.0,1.0,1.0,1.0,1.0,8,137.78596448898315
lambd,2.5,1,1.0,1.0,1.0,0.0,0.0,0.0,0.0,0.0,0.0,8,138.5968096256256
lambd,2.5,2,0.7174254317111461,0.5593635250917993,1.0,1.0,1.0,1.0,0.0,0.0,0.0,8,137.70107674598694
lambd,2.5,3,0.7174254317111461,0.5593635250917993,1.0,0.4724186704384724,0.3791146424517593,0.626641651031895,1.0,1.0,1.0,8,137.66115403175354
lambd,5.0,1,1.0,1.0,1.0,0.0,0.0,0.0,0.0,0.0,0.0,8,139.22782588005066
lambd,5.0,2,1.0,1.0,1.0,1.0,1.0,1.0,0.0,0.0,0.0,8,138.08246564865112
lambd,5.0,3,0.3132282385195339,0.1856968711905729,1.0,1.0,1.0,1.0,1.0,1.0,1.0,8,139.264062166214
lambd,10.0,1,1.0,1.0,1.0,0.0,0.0,0.0,0.0,0.0,0.0,8,143.01135516166687
lambd,10.0,2,1.0,1.0,1.0,1.0,1.0,1.0,0.0,0.0,0.0,8,138.6606366634369
lambd,10.0,3,0.7174254317111461,0.5593635250917993,1.0,1.0,1.0,1.0,1.0,1.0,1.0,8,137.6516716480255
alpha,0.1,1,1.0,1.0,1.0,0.0,0.0,0.0,0.0,0.0,0.0,80,144.8024640083313
alpha,0.1,2,1.0,1.0,1.0,1.0,1.0,1.0,0.0,0.0,0.0,80,144.25257682800293
alpha,0.1,3,1.0,1.0,1.0,1.0,1.0,1.0,0.5284015852047556,0.8547008547008547,0.3824091778202677,80,142.3444380760193
alpha,0.3,1,1.0,1.0,1.0,0.0,0.0,0.0,0.0,0.0,0.0,80,143.5914967060089
alpha,0.3,2,1.0,1.0,1.0,1.0,1.0,1.0,0.0,0.0,0.0,80,143.6222882270813
alpha,0.3,3,1.0,1.0,1.0,1.0,1.0,1.0,1.0,1.0,1.0,80,143.3516583442688
alpha,0.5,1,1.0,1.0,1.0,0.0,0.0,0.0,0.0,0.0,0.0,80,144.10250544548035
alpha,0.5,2,1.0,1.0,1.0,1.0,1.0,1.0,0.0,0.0,0.0,80,143.66523241996765
alpha,0.5,3,1.0,1.0,1.0,1.0,1.0,1.0,0.2680676576114813,0.1547795205682154,1.0,80,140.88448023796082
alpha,0.75,1,1.0,1.0,1.0,0.0,0.0,0.0,0.0,0.0,0.0,80,139.71939754486084
alpha,0.75,2,1.0,1.0,1.0,1.0,1.0,1.0,0.0,0.0,0.0,80,141.6244671344757
alpha,0.75,3,0.279702168986727,0.1625893865261573,1.0,1.0,1.0,1.0,1.0,1.0,1.0,80,139.31012558937073
alpha,1.0,1,1.0,1.0,1.0,0.0,0.0,0.0,0.0,0.0,0.0,80,142.142231464386
alpha,1.0,2,0.2267121490422461,0.127848475880438,1.0,1.0,1.0,1.0,0.0,0.0,0.0,80,141.23876762390137
alpha,1.0,3,0.2211981566820276,0.1243523316062176,1.0,0.7174254317111461,0.5593635250917993,1.0,1.0,1.0,1.0,80,139.42420721054077
lambd,0.0,1,1.0,1.0,1.0,0.0,0.0,0.0,0.0,0.0,0.0,80,141.42317461967468
lambd,0.0,2,0.2267121490422461,0.127848475880438,1.0,0.0,0.0,0.0,0.0,0.0,0.0,80,141.82501101493835
lambd,0.0,3,0.2211981566820276,0.1243523316062176,1.0,0.2325108114983465,0.1315486470926885,1.0,0.0,0.0,0.0,80,140.15183305740356
lambd,0.25,1,1.0,1.0,1.0,0.0,0.0,0.0,0.0,0.0,0.0,80,140.6342647075653
lambd,0.25,2,1.0,1.0,1.0,1.0,1.0,1.0,0.0,0.0,0.0,80,140.94080781936646
lambd,0.25,3,1.0,1.0,1.0,1.0,1.0,1.0,0.3620629975770162,0.2210481825866441,1.0,80,140.47634744644165
lambd,0.5,1,1.0,1.0,1.0,0.0,0.0,0.0,0.0,0.0,0.0,80,141.14104199409485
lambd,0.5,2,1.0,1.0,1.0,1.0,1.0,1.0,0.0,0.0,0.0,80,139.58403873443604
lambd,0.5,3,1.0,1.0,1.0,1.0,1.0,1.0,1.0,1.0,1.0,80,140.5554280281067
lambd,1.0,1,1.0,1.0,1.0,0.0,0.0,0.0,0.0,0.0,0.0,80,141.13782358169556
lambd,1.0,2,1.0,1.0,1.0,1.0,1.0,1.0,0.0,0.0,0.0,80,140.28716659545898
lambd,1.0,3,1.0,1.0,1.0,1.0,1.0,1.0,1.0,1.0,1.0,80,140.20121335983276
lambd,2.5,1,1.0,1.0,1.0,0.0,0.0,0.0,0.0,0.0,0.0,80,141.12900853157043
lambd,2.5,2,1.0,1.0,1.0,1.0,1.0,1.0,0.0,0.0,0.0,80,142.32638311386108
lambd,2.5,3,1.0,1.0,1.0,1.0,1.0,1.0,1.0,1.0,1.0,80,141.1351022720337
lambd,5.0,1,1.0,1.0,1.0,0.0,0.0,0.0,0.0,0.0,0.0,80,141.35323333740234
lambd,5.0,2,1.0,1.0,1.0,1.0,1.0,1.0,0.0,0.0,0.0,80,139.58454966545105
lambd,5.0,3,1.0,1.0,1.0,1.0,1.0,1.0,1.0,1.0,1.0,80,141.034099817276
lambd,10.0,1,1.0,1.0,1.0,0.0,0.0,0.0,0.0,0.0,0.0,80,140.59919095039368
lambd,10.0,2,1.0,1.0,1.0,1.0,1.0,1.0,0.0,0.0,0.0,80,140.46037006378174
lambd,10.0,3,1.0,1.0,1.0,1.0,1.0,1.0,1.0,1.0,1.0,80,139.10870051383972
alpha,0.1,1,0.984936268829664,1.0,0.9703196347031964,0.0,0.0,0.0,0.0,0.0,0.0,81,144.8023328781128
alpha,0.1,2,0.0045065344749887,0.0028074115665356,0.0114155251141552,1.0,1.0,1.0,0.0,0.0,0.0,81,145.44250869750977
alpha,0.1,3,0.6789915966386555,0.5372340425531915,0.9223744292237442,0.8152866242038217,1.0,0.6881720430107527,0.5357575757575757,0.8065693430656934,0.4010889292196007,81,144.28738069534302
alpha,0.3,1,0.984936268829664,1.0,0.9703196347031964,0.0,0.0,0.0,0.0,0.0,0.0,81,144.30869317054749
alpha,0.3,2,0.0045065344749887,0.0028074115665356,0.0114155251141552,0.9236111111111112,1.0,0.8580645161290322,0.0,0.0,0.0,81,143.90914273262024
alpha,0.3,3,0.6101938262742284,0.4450261780104712,0.9703196347031964,0.5619718309859154,0.4178010471204188,0.8580645161290322,0.7982551799345692,1.0,0.6642468239564429,81,144.15916633605957
alpha,0.5,1,0.984936268829664,1.0,0.9703196347031964,0.0,0.0,0.0,0.0,0.0,0.0,81,145.51449155807495
alpha,0.5,2,0.0078289671785606,0.0045091918140825,0.0296803652968036,0.039426523297491,0.0228928199791883,0.1419354838709677,0.0,0.0,0.0,81,145.39666771888733
alpha,0.5,3,0.6397466349960412,0.4896969696969697,0.9223744292237442,0.6186046511627906,0.4836363636363636,0.8580645161290322,0.9434324065196548,1.0,0.8929219600725953,81,141.9786341190338
alpha,0.75,1,1.0,1.0,1.0,0.0,0.0,0.0,0.0,0.0,0.0,81,141.20066952705383
alpha,0.75,2,0.0078289671785606,0.0045091918140825,0.0296803652968036,0.039426523297491,0.0228928199791883,0.1419354838709677,0.0,0.0,0.0,81,141.54719376564026
alpha,0.75,3,0.6397466349960412,0.4896969696969697,0.9223744292237442,0.6186046511627906,0.4836363636363636,0.8580645161290322,0.9454545454545454,1.0,0.896551724137931,81,141.28764533996582
alpha,1.0,1,1.0,1.0,1.0,0.0,0.0,0.0,0.0,0.0,0.0,81,142.0526556968689
alpha,1.0,2,0.0078289671785606,0.0045091918140825,0.0296803652968036,0.039426523297491,0.0228928199791883,0.1419354838709677,0.0,0.0,0.0,81,141.6122486591339
alpha,1.0,3,0.6090169992609017,0.4502732240437158,0.9406392694063926,0.673913043478261,0.5081967213114754,1.0,0.2865463016889924,0.1706555671175858,0.8929219600725953,81,140.77276706695557
lambd,0.0,1,0.0078289671785606,0.0045091918140825,0.0296803652968036,0.0,0.0,0.0,0.0,0.0,0.0,81,142.30284476280212
lambd,0.0,2,0.0078289671785606,0.0045091918140825,0.0296803652968036,0.039426523297491,0.0228928199791883,0.1419354838709677,0.0,0.0,0.0,81,142.0845272541046
lambd,0.0,3,0.6397466349960412,0.4896969696969697,0.9223744292237442,0.6186046511627906,0.4836363636363636,0.8580645161290322,0.0,0.0,0.0,81,141.1369366645813
lambd,0.25,1,0.984936268829664,1.0,0.9703196347031964,0.0,0.0,0.0,0.0,0.0,0.0,81,141.8934850692749
lambd,0.25,2,0.0078289671785606,0.0045091918140825,0.0296803652968036,0.039426523297491,0.0228928199791883,0.1419354838709677,0.0,0.0,0.0,81,141.08635139465332
lambd,0.25,3,0.6397466349960412,0.4896969696969697,0.9223744292237442,0.6186046511627906,0.4836363636363636,0.8580645161290322,0.9434324065196548,1.0,0.8929219600725953,81,141.5622832775116
lambd,0.5,1,0.984936268829664,1.0,0.9703196347031964,0.0,0.0,0.0,0.0,0.0,0.0,81,142.42962980270386
lambd,0.5,2,0.6397466349960412,0.4896969696969697,0.9223744292237442,0.6186046511627906,0.4836363636363636,0.8580645161290322,0.0,0.0,0.0,81,142.66588807106018
lambd,0.5,3,0.6397466349960412,0.4896969696969697,0.9223744292237442,0.6186046511627906,0.4836363636363636,0.8580645161290322,1.0,1.0,1.0,81,141.20854926109314
lambd,1.0,1,0.984936268829664,1.0,0.9703196347031964,0.0,0.0,0.0,0.0,0.0,0.0,81,142.40383887290955
lambd,1.0,2,0.0078289671785606,0.0045091918140825,0.0296803652968036,1.0,1.0,1.0,0.0,0.0,0.0,81,141.2274408340454
lambd,1.0,3,0.6397466349960412,0.4896969696969697,0.9223744292237442,0.6186046511627906,0.4836363636363636,0.8580645161290322,0.9434324065196548,1.0,0.8929219600725953,81,141.1403124332428
lambd,2.5,1,0.984936268829664,1.0,0.9703196347031964,0.0,0.0,0.0,0.0,0.0,0.0,81,143.17210412025452
lambd,2.5,2,0.6397466349960412,0.4896969696969697,0.9223744292237442,0.6186046511627906,0.4836363636363636,0.8580645161290322,0.0,0.0,0.0,81,142.58866047859192
lambd,2.5,3,0.6397466349960412,0.4896969696969697,0.9223744292237442,0.6186046511627906,0.4836363636363636,0.8580645161290322,0.9434324065196548,1.0,0.8929219600725953,81,140.8215742111206
lambd,5.0,1,0.984936268829664,1.0,0.9703196347031964,0.0,0.0,0.0,0.0,0.0,0.0,81,142.05114364624023
lambd,5.0,2,0.6397466349960412,0.4896969696969697,0.9223744292237442,0.6186046511627906,0.4836363636363636,0.8580645161290322,0.0,0.0,0.0,81,141.5255103111267
lambd,5.0,3,0.6397466349960412,0.4896969696969697,0.9223744292237442,0.6186046511627906,0.4836363636363636,0.8580645161290322,0.2948972829688536,0.1803810295905958,0.8076225045372051,81,141.09398531913757
lambd,10.0,1,0.984936268829664,1.0,0.9703196347031964,0.0,0.0,0.0,0.0,0.0,0.0,81,142.30562210083008
lambd,10.0,2,0.6397466349960412,0.4896969696969697,0.9223744292237442,0.6186046511627906,0.4836363636363636,0.8580645161290322,0.0,0.0,0.0,81,142.27107954025269
lambd,10.0,3,0.6397466349960412,0.4896969696969697,0.9223744292237442,0.6186046511627906,0.4836363636363636,0.8580645161290322,0.9434324065196548,1.0,0.8929219600725953,81,142.22976112365723
alpha,0.1,1,1.0,1.0,1.0,0.0,0.0,0.0,0.0,0.0,0.0,82,146.54360842704773
alpha,0.1,2,1.0,1.0,1.0,1.0,1.0,1.0,0.0,0.0,0.0,82,144.587628364563
alpha,0.1,3,0.0,0.0,0.0,0.6965517241379311,1.0,0.5343915343915344,0.961271102284012,1.0,0.9254302103250478,82,143.68553519248962
alpha,0.3,1,1.0,1.0,1.0,0.0,0.0,0.0,0.0,0.0,0.0,82,144.0758638381958
alpha,0.3,2,1.0,1.0,1.0,1.0,1.0,1.0,0.0,0.0,0.0,82,144.60359501838684
alpha,0.3,3,1.0,1.0,1.0,1.0,1.0,1.0,1.0,1.0,1.0,82,143.2305986881256
alpha,0.5,1,1.0,1.0,1.0,0.0,0.0,0.0,0.0,0.0,0.0,82,146.037193775177
alpha,0.5,2,1.0,1.0,1.0,1.0,1.0,1.0,0.0,0.0,0.0,82,144.19461154937744
alpha,0.5,3,0.4789510006901311,0.3388671875,0.8164705882352942,1.0,1.0,1.0,1.0,1.0,1.0,82,143.37834763526917
alpha,0.75,1,1.0,1.0,1.0,0.0,0.0,0.0,0.0,0.0,0.0,82,143.98439621925354
alpha,0.75,2,1.0,1.0,1.0,1.0,1.0,1.0,0.0,0.0,0.0,82,142.26473426818848
alpha,0.75,3,0.6843800322061192,0.5201958384332925,1.0,1.0,1.0,1.0,0.2822450080949811,0.1643103989946591,1.0,82,140.8911578655243
alpha,1.0,1,1.0,1.0,1.0,0.0,0.0,0.0,0.0,0.0,0.0,82,141.8195140361786
alpha,1.0,2,1.0,1.0,1.0,1.0,1.0,1.0,0.0,0.0,0.0,82,141.07013297080994
alpha,1.0,3,0.2945252945252945,0.1726940268183665,1.0,1.0,1.0,1.0,1.0,1.0,1.0,82,140.56776547431946
lambd,0.0,1,1.0,1.0,1.0,0.0,0.0,0.0,0.0,0.0,0.0,82,142.20164275169373
lambd,0.0,2,1.0,1.0,1.0,0.0,0.0,0.0,0.0,0.0,0.0,82,142.14259958267212
lambd,0.0,3,0.2180046165683508,0.1223373632700057,1.0,0.2806236080178174,0.1632124352331606,1.0,0.0,0.0,0.0,82,144.39490866661072
lambd,0.25,1,1.0,1.0,1.0,0.0,0.0,0.0,0.0,0.0,0.0,82,142.1560416221619
lambd,0.25,2,1.0,1.0,1.0,1.0,1.0,1.0,0.0,0.0,0.0,82,140.86663246154785
lambd,0.25,3,1.0,1.0,1.0,1.0,1.0,1.0,1.0,1.0,1.0,82,140.6058487892151
lambd,0.5,1,1.0,1.0,1.0,0.0,0.0,0.0,0.0,0.0,0.0,82,141.03448486328125
alpha,0.1,1,1.0,1.0,1.0,0.0,0.0,0.0,0.0,0.0,0.0,83,144.95746541023254
alpha,0.1,2,1.0,1.0,1.0,1.0,1.0,1.0,0.0,0.0,0.0,83,143.07723426818848
alpha,0.1,3,0.7113564668769716,0.5520195838433293,1.0,1.0,1.0,1.0,1.0,1.0,1.0,83,142.1535029411316
alpha,0.3,1,1.0,1.0,1.0,0.0,0.0,0.0,0.0,0.0,0.0,83,143.7421097755432
alpha,0.3,2,1.0,1.0,1.0,1.0,1.0,1.0,0.0,0.0,0.0,83,143.92090702056885
alpha,0.3,3,1.0,1.0,1.0,1.0,1.0,1.0,0.0,0.0,0.0,83,142.5717430114746
alpha,0.5,1,0.0,0.0,0.0,0.0,0.0,0.0,0.0,0.0,0.0,83,143.7920279502869
alpha,0.5,2,1.0,1.0,1.0,1.0,1.0,1.0,0.0,0.0,0.0,83,142.7904908657074
alpha,0.5,3,1.0,1.0,1.0,1.0,1.0,1.0,0.3742690058479532,0.2302158273381295,1.0,83,142.1782627105713
alpha,0.75,1,1.0,1.0,1.0,0.0,0.0,0.0,0.0,0.0,0.0,83,142.55957221984863
alpha,0.75,2,1.0,1.0,1.0,1.0,1.0,1.0,0.0,0.0,0.0,83,140.32801985740662
alpha,0.75,3,0.24821133736929,0.1416902293433867,1.0,1.0,1.0,1.0,1.0,1.0,1.0,83,139.01433682441711
alpha,1.0,1,1.0,1.0,1.0,0.0,0.0,0.0,0.0,0.0,0.0,83,140.15093278884888
alpha,1.0,2,0.2472587719298245,0.1410697528933375,1.0,1.0,1.0,1.0,0.0,0.0,0.0,83,139.39168548583984
alpha,1.0,3,0.24821133736929,0.1416902293433867,1.0,1.0,1.0,1.0,0.3742690058479532,0.2302158273381295,1.0,83,139.42356514930725
lambd,0.0,1,0.0,0.0,0.0,0.0,0.0,0.0,0.0,0.0,0.0,83,140.41810011863708
lambd,0.0,2,1.0,1.0,1.0,0.0,0.0,0.0,0.0,0.0,0.0,83,140.4484052658081
lambd,0.0,3,0.1065028161802355,0.0692410119840213,0.2305986696230598,1.0,1.0,1.0,0.0,0.0,0.0,83,139.32876992225647
lambd,0.25,1,0.1330309901738473,0.1009174311926605,0.1951219512195122,0.0,0.0,0.0,0.0,0.0,0.0,83,140.4780569076538
lambd,0.25,2,1.0,1.0,1.0,0.0570281124497992,0.0361691288843606,0.1347248576850095,0.0,0.0,0.0,83,140.0998134613037
lambd,0.25,3,0.1065028161802355,0.0692410119840213,0.2305986696230598,1.0,1.0,1.0,0.2704918032786885,0.1863449691991786,0.4932065217391304,83,139.24673175811768
lambd,0.5,1,0.0,0.0,0.0,0.0,0.0,0.0,0.0,0.0,0.0,83,140.34631037712097
lambd,0.5,2,1.0,1.0,1.0,0.2698412698412699,0.1559633027522936,1.0,0.0,0.0,0.0,83,140.21569800376892
lambd,0.5,3,1.0,1.0,1.0,1.0,1.0,1.0,1.0,1.0,1.0,83,139.2666733264923
lambd,1.0,1,1.0,1.0,1.0,0.0,0.0,0.0,0.0,0.0,0.0,83,140.13081121444702
lambd,1.0,2,0.2472587719298245,0.1410697528933375,1.0,1.0,1.0,1.0,0.0,0.0,0.0,83,139.41047072410583
lambd,1.0,3,0.7113564668769716,0.5520195838433293,1.0,1.0,1.0,1.0,1.0,1.0,1.0,83,138.98187518119812
lambd,2.5,1,1.0,1.0,1.0,0.0,0.0,0.0,0.0,0.0,0.0,83,140.56537771224976
lambd,2.5,2,0.2472587719298245,0.1410697528933375,1.0,1.0,1.0,1.0,0.0,0.0,0.0,83,139.26355504989624
lambd,2.5,3,0.1065028161802355,0.0692410119840213,0.2305986696230598,1.0,1.0,1.0,0.2704918032786885,0.1863449691991786,0.4932065217391304,83,139.2518572807312
lambd,5.0,1,1.0,1.0,1.0,0.0,0.0,0.0,0.0,0.0,0.0,83,140.28798055648804
lambd,5.0,2,1.0,1.0,1.0,1.0,1.0,1.0,0.0,0.0,0.0,83,139.60438132286072
lambd,5.0,3,0.7113564668769716,0.5520195838433293,1.0,1.0,1.0,1.0,1.0,1.0,1.0,83,139.6079878807068
lambd,10.0,1,1.0,1.0,1.0,0.0,0.0,0.0,0.0,0.0,0.0,83,140.4886953830719
lambd,10.0,2,1.0,1.0,1.0,1.0,1.0,1.0,0.0,0.0,0.0,83,140.6062788963318
lambd,10.0,3,0.1065028161802355,0.0692410119840213,0.2305986696230598,1.0,1.0,1.0,1.0,1.0,1.0,83,139.63708400726318
alpha,0.1,1,0.6741344195519348,1.0,0.5084485407066052,0.0,0.0,0.0,0.0,0.0,0.0,84,144.24809646606445
alpha,0.1,2,0.7492795389048992,1.0,0.5990783410138248,0.6242197253433208,1.0,0.4537205081669691,0.0,0.0,0.0,84,143.1108591556549
alpha,0.1,3,0.5699263932702419,0.9033333333333332,0.4162826420890937,0.4544253632760899,0.8349514563106796,0.3121597096188748,1.0,1.0,1.0,84,143.1091854572296
alpha,0.3,1,0.8185117967332123,1.0,0.6927803379416283,0.0,0.0,0.0,0.0,0.0,0.0,84,142.98325943946838
alpha,0.3,2,0.7705382436260623,1.0,0.6267281105990783,0.754639175257732,0.8735083532219571,0.6642468239564429,0.0,0.0,0.0,84,142.58525729179382
alpha,0.3,3,0.2739071038251366,0.17610891523935,0.6159754224270353,0.7982551799345692,1.0,0.6642468239564429,1.0,1.0,1.0,84,142.5452046394348
alpha,0.5,1,0.7705382436260623,1.0,0.6267281105990783,0.0,0.0,0.0,0.0,0.0,0.0,84,142.41792607307434
alpha,0.5,2,0.7705382436260623,1.0,0.6267281105990783,0.23609443777511,0.1514373716632443,0.5353901996370236,0.0,0.0,0.0,84,139.52395844459534
alpha,0.5,3,0.2303935650675093,0.1416961130742049,0.6159754224270353,0.4141300263059,0.2611374407582938,1.0,1.0,1.0,1.0,84,140.0379433631897
alpha,0.75,1,1.0,1.0,1.0,0.0,0.0,0.0,0.0,0.0,0.0,84,138.822252035141
alpha,0.75,2,1.0,1.0,1.0,0.2989690721649484,0.1757575757575757,1.0,0.0,0.0,0.0,84,138.71300959587097
alpha,0.75,3,0.2303935650675093,0.1416961130742049,0.6159754224270353,0.2989690721649484,0.1757575757575757,1.0,1.0,1.0,1.0,84,139.35766625404358
alpha,1.0,1,1.0,1.0,1.0,0.0,0.0,0.0,0.0,0.0,0.0,84,138.60433650016785
alpha,1.0,2,0.4491203863401172,0.2895907473309608,1.0,0.2321466189172108,0.1313155386081982,1.0,0.0,0.0,0.0,84,138.69092440605164
alpha,1.0,3,0.3217993079584775,0.1917525773195876,1.0,0.2989690721649484,0.1757575757575757,1.0,0.6231369765791341,0.4525773195876288,1.0,84,140.14465379714966
lambd,0.0,1,0.0,0.0,0.0,0.0,0.0,0.0,0.0,0.0,0.0,84,139.50840282440186
lambd,0.0,2,0.2686197648029709,0.1551477597712106,1.0,0.2321466189172108,0.1313155386081982,1.0,0.0,0.0,0.0,84,139.07817840576172
lambd,0.0,3,0.2303935650675093,0.1416961130742049,0.6159754224270353,0.2105885832593907,0.1257950530035335,0.6460980036297641,0.0,0.0,0.0,84,139.4016351699829
lambd,0.25,1,0.9221854304635762,1.0,0.8556067588325653,0.0,0.0,0.0,0.0,0.0,0.0,84,139.5234887599945
lambd,0.25,2,1.0,1.0,1.0,1.0,1.0,1.0,0.0,0.0,0.0,84,139.6419599056244
lambd,0.25,3,0.2303935650675093,0.1416961130742049,0.6159754224270353,0.23609443777511,0.1514373716632443,0.5353901996370236,1.0,1.0,1.0,84,139.14378380775452
lambd,0.5,1,0.8795180722891566,1.0,0.7849462365591398,0.0,0.0,0.0,0.0,0.0,0.0,84,138.74628853797913
lambd,0.5,2,1.0,1.0,1.0,1.0,1.0,1.0,0.0,0.0,0.0,84,139.15982818603516
lambd,0.5,3,0.2739071038251366,0.17610891523935,0.6159754224270353,1.0,1.0,1.0,1.0,1.0,1.0,84,138.9349648952484
lambd,1.0,1,0.7705382436260623,1.0,0.6267281105990783,0.0,0.0,0.0,0.0,0.0,0.0,84,139.76613450050354
lambd,1.0,2,0.7705382436260623,1.0,0.6267281105990783,1.0,1.0,1.0,0.0,0.0,0.0,84,139.33607459068298
lambd,1.0,3,0.2303935650675093,0.1416961130742049,0.6159754224270353,0.4141300263059,0.2611374407582938,1.0,1.0,1.0,1.0,84,139.2486538887024
lambd,2.5,1,0.937142857142857,1.0,0.8817204301075269,0.0,0.0,0.0,0.0,0.0,0.0,84,138.94443488121033
lambd,2.5,2,0.7705382436260623,1.0,0.6267281105990783,1.0,1.0,1.0,0.0,0.0,0.0,84,139.1625418663025
lambd,2.5,3,0.7705382436260623,1.0,0.6267281105990783,1.0,1.0,1.0,1.0,1.0,1.0,84,139.39555025100708
lambd,5.0,1,0.8795180722891566,1.0,0.7849462365591398,0.0,0.0,0.0,0.0,0.0,0.0,84,138.6572768688202
lambd,5.0,2,0.7705382436260623,1.0,0.6267281105990783,1.0,1.0,1.0,0.0,0.0,0.0,84,138.7490725517273
lambd,5.0,3,0.2303935650675093,0.1416961130742049,0.6159754224270353,0.2105885832593907,0.1257950530035335,0.6460980036297641,1.0,1.0,1.0,84,138.81049251556396
lambd,10.0,1,0.8795180722891566,1.0,0.7849462365591398,0.0,0.0,0.0,0.0,0.0,0.0,84,138.6955873966217
lambd,10.0,2,0.7705382436260623,1.0,0.6267281105990783,1.0,1.0,1.0,0.0,0.0,0.0,84,138.66733360290527
lambd,10.0,3,0.7705382436260623,1.0,0.6267281105990783,1.0,1.0,1.0,1.0,1.0,1.0,84,139.26727485656738
alpha,0.1,1,0.9801633605600932,1.0,0.9610983981693364,0.0,0.0,0.0,0.0,0.0,0.0,85,143.2580966949463
alpha,0.1,2,0.9801633605600932,1.0,0.9610983981693364,0.7867203219315896,1.0,0.648424543946932,0.0,0.0,0.0,85,141.29421496391296
alpha,0.1,3,0.0072137060414788,0.004491858506457,0.0183066361556064,0.3642241379310345,0.2697525937749401,0.560530679933665,0.9236111111111112,1.0,0.8580645161290322,85,141.25849795341492
alpha,0.3,1,1.0,1.0,1.0,0.0,0.0,0.0,0.0,0.0,0.0,85,142.5270049571991
alpha,0.3,2,1.0,1.0,1.0,0.7903711133400201,1.0,0.6533996683250415,0.0,0.0,0.0,85,141.19971132278442
alpha,0.3,3,0.603448275862069,0.4397905759162304,0.9610983981693364,0.7903711133400201,1.0,0.6533996683250415,0.5619718309859154,0.4178010471204188,0.8580645161290322,85,138.82173323631287
alpha,0.5,1,1.0,1.0,1.0,0.0,0.0,0.0,0.0,0.0,0.0,85,139.25270819664
alpha,0.5,2,0.9801633605600932,1.0,0.9610983981693364,0.9899497487437184,1.0,0.9800995024875622,0.0,0.0,0.0,85,138.08818316459656
alpha,0.5,3,0.6259904912836768,0.4787878787878787,0.9038901601830664,0.8981762917933132,0.8288920056100981,0.9800995024875622,0.6186046511627906,0.4836363636363636,0.8580645161290322,85,138.20667505264282
alpha,0.75,1,0.9801633605600932,1.0,0.9610983981693364,0.0,0.0,0.0,0.0,0.0,0.0,85,139.3676400184631
alpha,0.75,2,1.0,1.0,1.0,0.9899497487437184,1.0,0.9800995024875622,0.0,0.0,0.0,85,137.94705533981323
alpha,0.75,3,0.0102409638554216,0.0058966354491848,0.0389016018306636,0.3390705679862306,0.2049947970863683,0.9800995024875622,0.039426523297491,0.0228928199791883,0.1419354838709677,85,137.94893741607666
alpha,1.0,1,1.0,1.0,1.0,0.0,0.0,0.0,0.0,0.0,0.0,85,139.18792748451233
alpha,1.0,2,0.48,0.3198781416603198,0.9610983981693364,0.9899497487437184,1.0,0.9800995024875622,0.0,0.0,0.0,85,138.15274119377136
alpha,1.0,3,0.0102409638554216,0.0058966354491848,0.0389016018306636,0.3390705679862306,0.2049947970863683,0.9800995024875622,0.039426523297491,0.0228928199791883,0.1419354838709677,85,138.02481269836426
lambd,0.0,1,0.9230769230769232,0.8879492600422833,0.9610983981693364,0.0,0.0,0.0,0.0,0.0,0.0,85,139.37353992462158
lambd,0.0,2,0.9801633605600932,1.0,0.9610983981693364,0.0,0.0,0.0,0.0,0.0,0.0,85,138.15373039245603
lambd,0.0,3,0.0276729559748427,0.0169404517453798,0.0755148741418764,0.3112504900039201,0.2037987679671458,0.6583747927031509,0.0,0.0,0.0,85,138.24832034111023
lambd,0.25,1,0.9230769230769232,0.8879492600422833,0.9610983981693364,0.0,0.0,0.0,0.0,0.0,0.0,85,139.6613471508026
lambd,0.25,2,0.9801633605600932,1.0,0.9610983981693364,0.9899497487437184,1.0,0.9800995024875622,0.0,0.0,0.0,85,137.9905869960785
lambd,0.25,3,0.603448275862069,0.4397905759162304,0.9610983981693364,0.8981762917933132,0.8288920056100981,0.9800995024875622,0.5619718309859154,0.4178010471204188,0.8580645161290322,85,138.0883595943451
lambd,0.5,1,0.9801633605600932,1.0,0.9610983981693364,0.0,0.0,0.0,0.0,0.0,0.0,85,139.18800449371338
lambd,0.5,2,0.9801633605600932,1.0,0.9610983981693364,1.0,1.0,1.0,0.0,0.0,0.0,85,138.32550525665283
lambd,0.5,3,0.603448275862069,0.4397905759162304,0.9610983981693364,0.9899497487437184,1.0,0.9800995024875622,0.5619718309859154,0.4178010471204188,0.8580645161290322,85,138.1174294948578
lambd,1.0,1,0.9801633605600932,1.0,0.9610983981693364,0.0,0.0,0.0,0.0,0.0,0.0,85,139.18271374702454
lambd,1.0,2,0.9801633605600932,1.0,0.9610983981693364,1.0,1.0,1.0,0.0,0.0,0.0,85,138.15542888641355
lambd,1.0,3,0.6259904912836768,0.4787878787878787,0.9038901601830664,0.9899497487437184,1.0,0.9800995024875622,0.6186046511627906,0.4836363636363636,0.8580645161290322,85,137.93679785728455
lambd,2.5,1,0.9230769230769232,0.8879492600422833,0.9610983981693364,0.0,0.0,0.0,0.0,0.0,0.0,85,139.28471755981445
lambd,2.5,2,1.0,1.0,1.0,0.9899497487437184,1.0,0.9800995024875622,0.0,0.0,0.0,85,137.88453841209412
lambd,2.5,3,0.6259904912836768,0.4787878787878787,0.9038901601830664,0.9899497487437184,1.0,0.9800995024875622,0.6186046511627906,0.4836363636363636,0.8580645161290322,85,138.1957061290741
lambd,5.0,1,0.9230769230769232,0.8879492600422833,0.9610983981693364,0.0,0.0,0.0,0.0,0.0,0.0,85,139.38758087158203
lambd,5.0,2,0.9801633605600932,1.0,0.9610983981693364,0.9899497487437184,1.0,0.9800995024875622,0.0,0.0,0.0,85,138.46427655220032
lambd,5.0,3,0.0276729559748427,0.0169404517453798,0.0755148741418764,0.9899497487437184,1.0,0.9800995024875622,0.9236111111111112,1.0,0.8580645161290322,85,138.43384337425232
lambd,10.0,1,0.9801633605600932,1.0,0.9610983981693364,0.0,0.0,0.0,0.0,0.0,0.0,85,139.58929634094238
lambd,10.0,2,0.9801633605600932,1.0,0.9610983981693364,0.9899497487437184,1.0,0.9800995024875622,0.0,0.0,0.0,85,138.36394095420837
lambd,10.0,3,0.4178674351585014,0.5642023346303502,0.3318077803203661,0.3302931596091206,0.2055127685447912,0.8407960199004975,0.9236111111111112,1.0,0.8580645161290322,85,138.79118967056274
alpha,0.1,1,1.0,1.0,1.0,0.0,0.0,0.0,0.0,0.0,0.0,86,143.05368876457214
alpha,0.1,2,1.0,1.0,1.0,1.0,1.0,1.0,0.0,0.0,0.0,86,142.34415578842163
alpha,0.1,3,0.3257953238788808,0.1945970695970696,1.0,0.5197132616487455,0.4715447154471545,0.5788423153692615,0.5691768826619965,0.5284552845528455,0.6166982922201139,86,140.3777346611023
alpha,0.3,1,1.0,1.0,1.0,0.0,0.0,0.0,0.0,0.0,0.0,86,139.52021884918213
alpha,0.3,2,0.2355875831485588,0.1335218347470939,1.0,1.0,1.0,1.0,0.0,0.0,0.0,86,139.75312447547913
alpha,0.3,3,0.0809548521017125,0.0519307589880159,0.1835294117647058,1.0,1.0,1.0,0.637660485021398,0.5108571428571429,0.8481973434535104,86,136.25887441635132
alpha,0.5,1,1.0,1.0,1.0,0.0,0.0,0.0,0.0,0.0,0.0,86,139.02728962898254
alpha,0.5,2,0.0792079207920792,0.0476190476190476,0.2352941176470588,1.0,1.0,1.0,0.0,0.0,0.0,86,138.3466351032257
alpha,0.5,3,0.0792079207920792,0.0476190476190476,0.2352941176470588,1.0,1.0,1.0,0.0609059763989341,0.0380952380952381,0.1518026565464895,86,137.9182894229889
alpha,0.75,1,1.0,1.0,1.0,0.0,0.0,0.0,0.0,0.0,0.0,86,138.8622214794159
alpha,0.75,2,0.2355875831485588,0.1335218347470939,1.0,1.0,1.0,1.0,0.0,0.0,0.0,86,138.195556640625
alpha,0.75,3,0.0792079207920792,0.0476190476190476,0.2352941176470588,1.0,1.0,1.0,0.0609059763989341,0.0380952380952381,0.1518026565464895,86,138.61850595474243
alpha,1.0,1,1.0,1.0,1.0,0.0,0.0,0.0,0.0,0.0,0.0,86,140.41900610923767
alpha,1.0,2,0.6843800322061192,0.5201958384332925,1.0,1.0,1.0,1.0,0.0,0.0,0.0,86,138.09189200401306
alpha,1.0,3,0.2346769740474875,0.1329371285580231,1.0,1.0,1.0,1.0,0.5866141732283464,0.4483450351053159,0.8481973434535104,86,137.69197916984558
lambd,0.0,1,1.0,1.0,1.0,0.0,0.0,0.0,0.0,0.0,0.0,86,138.8354573249817
lambd,0.0,2,0.0792079207920792,0.0476190476190476,0.2352941176470588,0.0,0.0,0.0,0.0,0.0,0.0,86,137.67578864097595
lambd,0.0,3,0.0308304326205867,0.019546027742749,0.0729411764705882,0.0,0.0,0.0,0.0,0.0,0.0,86,137.95259165763855
lambd,0.25,1,1.0,1.0,1.0,0.0,0.0,0.0,0.0,0.0,0.0,86,139.1335699558258
lambd,0.25,2,0.0792079207920792,0.0476190476190476,0.2352941176470588,0.0,0.0,0.0,0.0,0.0,0.0,86,137.54386377334595
lambd,0.25,3,0.0989119683481701,0.0626174076393237,0.2352941176470588,1.0,1.0,1.0,1.0,1.0,1.0,86,137.3505573272705
lambd,0.5,1,1.0,1.0,1.0,0.0,0.0,0.0,0.0,0.0,0.0,86,139.0006775856018
lambd,0.5,2,1.0,1.0,1.0,1.0,1.0,1.0,0.0,0.0,0.0,86,137.881285905838
lambd,0.5,3,0.0792079207920792,0.0476190476190476,0.2352941176470588,1.0,1.0,1.0,0.0609059763989341,0.0380952380952381,0.1518026565464895,86,138.3259403705597
lambd,1.0,1,1.0,1.0,1.0,0.0,0.0,0.0,0.0,0.0,0.0,86,139.07139110565186
lambd,1.0,2,0.2355875831485588,0.1335218347470939,1.0,1.0,1.0,1.0,0.0,0.0,0.0,86,139.9416105747223
lambd,1.0,3,0.2355875831485588,0.1335218347470939,1.0,1.0,1.0,1.0,0.5866141732283464,0.4483450351053159,0.8481973434535104,86,138.59168028831482
lambd,2.5,1,1.0,1.0,1.0,0.0,0.0,0.0,0.0,0.0,0.0,86,141.73434138298035
lambd,2.5,2,0.2355875831485588,0.1335218347470939,1.0,1.0,1.0,1.0,0.0,0.0,0.0,86,139.66782116889954
lambd,2.5,3,0.3257953238788808,0.1945970695970696,1.0,1.0,1.0,1.0,1.0,1.0,1.0,86,140.3466477394104
lambd,5.0,1,1.0,1.0,1.0,0.0,0.0,0.0,0.0,0.0,0.0,86,139.2604100704193
lambd,5.0,2,0.0792079207920792,0.0476190476190476,0.2352941176470588,1.0,1.0,1.0,0.0,0.0,0.0,86,137.99161887168884
lambd,5.0,3,0.0792079207920792,0.0476190476190476,0.2352941176470588,1.0,1.0,1.0,0.0609059763989341,0.0380952380952381,0.1518026565464895,86,138.9735026359558
lambd,10.0,1,1.0,1.0,1.0,0.0,0.0,0.0,0.0,0.0,0.0,86,139.2588472366333
lambd,10.0,2,1.0,1.0,1.0,1.0,1.0,1.0,0.0,0.0,0.0,86,138.41116166114807
lambd,10.0,3,0.0308304326205867,0.019546027742749,0.0729411764705882,1.0,1.0,1.0,0.637660485021398,0.5108571428571429,0.8481973434535104,86,139.95042181015015
alpha,0.1,1,0.775179856115108,1.0,0.6328928046989721,0.0,0.0,0.0,0.0,0.0,0.0,87,142.16322898864746
alpha,0.1,2,0.0,0.0,0.0,0.7492795389048992,1.0,0.5990783410138248,0.0,0.0,0.0,87,140.37995648384094
alpha,0.1,3,0.0,0.0,0.0,0.6409185803757829,1.0,0.4715821812596006,0.8977556109725686,1.0,0.8144796380090498,87,139.08822894096377
alpha,0.3,1,0.4849833147942157,1.0,0.3201174743024963,0.0,0.0,0.0,0.0,0.0,0.0,87,138.36917805671692
alpha,0.3,2,0.3569182389937106,0.2172248803827751,1.0,0.7705382436260623,1.0,0.6267281105990783,0.0,0.0,0.0,87,137.04941582679749
alpha,0.3,3,0.1077121930202499,0.0762195121951219,0.1835535976505139,0.7492795389048992,1.0,0.5990783410138248,0.0,0.0,0.0,87,137.12782955169678
alpha,0.5,1,1.0,1.0,1.0,0.0,0.0,0.0,0.0,0.0,0.0,87,138.2278218269348
alpha,0.5,2,0.3569182389937106,0.2172248803827751,1.0,0.8956743002544529,1.0,0.8110599078341014,0.0,0.0,0.0,87,137.1969349384308
alpha,0.5,3,0.4004321209938783,0.2652671755725191,0.8164464023494861,0.9221854304635762,1.0,0.8556067588325653,0.4068108605614358,0.2553437319468515,1.0,87,137.1849422454834
alpha,0.75,1,1.0,1.0,1.0,0.0,0.0,0.0,0.0,0.0,0.0,87,138.43860626220703
alpha,0.75,2,0.700977869274318,0.5396196513470681,1.0,1.0,1.0,1.0,0.0,0.0,0.0,87,137.37391352653503
alpha,0.75,3,0.700977869274318,0.5396196513470681,1.0,0.6305084745762712,0.4603960396039604,1.0,1.0,1.0,1.0,87,135.87577533721924
alpha,1.0,1,1.0,1.0,1.0,0.0,0.0,0.0,0.0,0.0,0.0,87,137.0267288684845
alpha,1.0,2,0.5422434367541767,0.4016973125884017,0.8340675477239354,0.6305084745762712,0.4603960396039604,1.0,0.0,0.0,0.0,87,137.12938451766968
alpha,1.0,3,0.4617940199335548,0.3219455703532136,0.8164464023494861,0.4684608915054668,0.322524609148813,0.8556067588325653,0.4075610880590134,0.2559351476548929,1.0,87,137.6060082912445
lambd,0.0,1,0.0,0.0,0.0,0.0,0.0,0.0,0.0,0.0,0.0,87,137.54169726371765
lambd,0.0,2,0.3569182389937106,0.2172248803827751,1.0,0.0,0.0,0.0,0.0,0.0,0.0,87,137.10224962234497
lambd,0.0,3,0.1077121930202499,0.0762195121951219,0.1835535976505139,0.0,0.0,0.0,0.0,0.0,0.0,87,136.98948192596436
lambd,0.25,1,1.0,1.0,1.0,0.0,0.0,0.0,0.0,0.0,0.0,87,137.79449129104614
lambd,0.25,2,0.3569182389937106,0.2172248803827751,1.0,0.7705382436260623,1.0,0.6267281105990783,0.0,0.0,0.0,87,137.97196221351624
lambd,0.25,3,0.0898957209636821,0.0595238095238095,0.1835535976505139,0.9221854304635762,1.0,0.8556067588325653,0.4068108605614358,0.2553437319468515,1.0,87,137.48323893547058
lambd,0.5,1,1.0,1.0,1.0,0.0,0.0,0.0,0.0,0.0,0.0,87,137.5370798110962
lambd,0.5,2,0.3569182389937106,0.2172248803827751,1.0,0.8956743002544529,1.0,0.8110599078341014,0.0,0.0,0.0,87,137.66948318481445
lambd,0.5,3,0.0898957209636821,0.0595238095238095,0.1835535976505139,0.7272727272727273,1.0,0.5714285714285714,1.0,1.0,1.0,87,137.15978479385376
lambd,1.0,1,1.0,1.0,1.0,0.0,0.0,0.0,0.0,0.0,0.0,87,138.55031895637512
lambd,1.0,2,0.3569182389937106,0.2172248803827751,1.0,0.9221854304635762,1.0,0.8556067588325653,0.0,0.0,0.0,87,136.97342777252197
lambd,1.0,3,0.1077121930202499,0.0762195121951219,0.1835535976505139,0.9221854304635762,1.0,0.8556067588325653,0.0,0.0,0.0,87,137.10624766349792
lambd,2.5,1,1.0,1.0,1.0,0.0,0.0,0.0,0.0,0.0,0.0,87,138.2750403881073
lambd,2.5,2,0.0859642449600608,0.0580082135523613,0.1659324522760646,0.9221854304635762,1.0,0.8556067588325653,0.0,0.0,0.0,87,137.20775842666626
lambd,2.5,3,0.4617940199335548,0.3219455703532136,0.8164464023494861,0.7705382436260623,1.0,0.6267281105990783,0.4075610880590134,0.2559351476548929,1.0,87,137.08158564567566
lambd,5.0,1,1.0,1.0,1.0,0.0,0.0,0.0,0.0,0.0,0.0,87,138.21246337890625
lambd,5.0,2,0.3569182389937106,0.2172248803827751,1.0,0.9221854304635762,1.0,0.8556067588325653,0.0,0.0,0.0,87,137.7151596546173
lambd,5.0,3,0.4617940199335548,0.3219455703532136,0.8164464023494861,0.9221854304635762,1.0,0.8556067588325653,1.0,1.0,1.0,87,137.07947182655334
lambd,10.0,1,1.0,1.0,1.0,0.0,0.0,0.0,0.0,0.0,0.0,87,138.17040538787842
lambd,10.0,2,0.0859642449600608,0.0580082135523613,0.1659324522760646,0.9221854304635762,1.0,0.8556067588325653,0.0,0.0,0.0,87,137.25884890556335
lambd,10.0,3,0.4617940199335548,0.3219455703532136,0.8164464023494861,0.9221854304635762,1.0,0.8556067588325653,0.4075610880590134,0.2559351476548929,1.0,87,137.22384667396545
alpha,0.1,1,1.0,1.0,1.0,0.0,0.0,0.0,0.0,0.0,0.0,88,143.40333485603333
alpha,0.1,2,1.0,1.0,1.0,1.0,1.0,1.0,0.0,0.0,0.0,88,141.69703483581543
alpha,0.1,3,0.4159544159544159,0.2625899280575539,1.0,1.0,1.0,1.0,0.0,0.0,0.0,88,140.46904635429382
alpha,0.3,1,1.0,1.0,1.0,0.0,0.0,0.0,0.0,0.0,0.0,88,143.8751311302185
alpha,0.3,2,0.2680538555691554,0.1547703180212014,1.0,1.0,1.0,1.0,0.0,0.0,0.0,88,142.03503346443176
alpha,0.3,3,0.4159544159544159,0.2625899280575539,1.0,1.0,1.0,1.0,1.0,1.0,1.0,88,140.2567915916443
alpha,0.5,1,1.0,1.0,1.0,0.0,0.0,0.0,0.0,0.0,0.0,88,141.43747091293335
alpha,0.5,2,0.2680538555691554,0.1547703180212014,1.0,1.0,1.0,1.0,0.0,0.0,0.0,88,139.6470410823822
alpha,0.5,3,0.4159544159544159,0.2625899280575539,1.0,1.0,1.0,1.0,0.6105390672319806,0.4813753581661891,0.8344370860927153,88,140.09621715545654
alpha,0.75,1,1.0,1.0,1.0,0.0,0.0,0.0,0.0,0.0,0.0,88,140.87303924560547
alpha,0.75,2,0.2680538555691554,0.1547703180212014,1.0,1.0,1.0,1.0,0.0,0.0,0.0,88,139.78056573867798
alpha,0.75,3,0.1866977829638273,0.1125175808720112,0.547945205479452,1.0,1.0,1.0,0.073072707343807,0.046882325363338,0.1655629139072847,88,140.19408869743347
alpha,1.0,1,1.0,1.0,1.0,0.0,0.0,0.0,0.0,0.0,0.0,88,144.3613567352295
alpha,1.0,2,0.2680538555691554,0.1547703180212014,1.0,1.0,1.0,1.0,0.0,0.0,0.0,88,140.76610112190247
alpha,1.0,3,0.2523041474654378,0.1443638760711931,1.0,0.676730869338886,0.5114083398898505,1.0,0.6317991631799162,0.4617737003058104,1.0,88,139.02606296539307
lambd,0.0,1,0.0,0.0,0.0,0.0,0.0,0.0,0.0,0.0,0.0,88,139.62698078155518
lambd,0.0,2,0.2680538555691554,0.1547703180212014,1.0,0.0,0.0,0.0,0.0,0.0,0.0,88,140.4965319633484
lambd,0.0,3,0.2032332563510392,0.1273885350318471,0.502283105022831,0.0,0.0,0.0,0.0,0.0,0.0,88,136.80850839614868
lambd,0.25,1,1.0,1.0,1.0,0.0,0.0,0.0,0.0,0.0,0.0,88,140.96686601638794
lambd,0.25,2,0.2680538555691554,0.1547703180212014,1.0,1.0,1.0,1.0,0.0,0.0,0.0,88,139.71895051002502
lambd,0.25,3,0.2032332563510392,0.1273885350318471,0.502283105022831,1.0,1.0,1.0,0.6105390672319806,0.4813753581661891,0.8344370860927153,88,138.68830394744873
lambd,0.5,1,1.0,1.0,1.0,0.0,0.0,0.0,0.0,0.0,0.0,88,141.40670084953308
lambd,0.5,2,0.2680538555691554,0.1547703180212014,1.0,1.0,1.0,1.0,0.0,0.0,0.0,88,143.55896091461182
lambd,0.5,3,0.2032332563510392,0.1273885350318471,0.502283105022831,1.0,1.0,1.0,0.6105390672319806,0.4813753581661891,0.8344370860927153,88,139.5949468612671
lambd,1.0,1,1.0,1.0,1.0,0.0,0.0,0.0,0.0,0.0,0.0,88,141.73334622383118
lambd,1.0,2,0.2680538555691554,0.1547703180212014,1.0,1.0,1.0,1.0,0.0,0.0,0.0,88,140.10534834861755
lambd,1.0,3,0.2523041474654378,0.1443638760711931,1.0,1.0,1.0,1.0,1.0,1.0,1.0,88,139.0893907546997
lambd,2.5,1,1.0,1.0,1.0,0.0,0.0,0.0,0.0,0.0,0.0,88,141.2480046749115
lambd,2.5,2,0.2680538555691554,0.1547703180212014,1.0,1.0,1.0,1.0,0.0,0.0,0.0,88,140.27247619628906
lambd,2.5,3,0.2032332563510392,0.1273885350318471,0.502283105022831,0.6399528579846788,0.5186246418338109,0.8353846153846154,0.6105390672319806,0.4813753581661891,0.8344370860927153,88,139.45348191261292
lambd,5.0,1,1.0,1.0,1.0,0.0,0.0,0.0,0.0,0.0,0.0,88,140.9137237071991
lambd,5.0,2,1.0,1.0,1.0,1.0,1.0,1.0,0.0,0.0,0.0,88,140.12903928756714
lambd,5.0,3,0.2032332563510392,0.1273885350318471,0.502283105022831,0.6399528579846788,0.5186246418338109,0.8353846153846154,0.6105390672319806,0.4813753581661891,0.8344370860927153,88,139.70065188407898
lambd,10.0,1,1.0,1.0,1.0,0.0,0.0,0.0,0.0,0.0,0.0,88,143.08279871940613
lambd,10.0,2,0.2680538555691554,0.1547703180212014,1.0,1.0,1.0,1.0,0.0,0.0,0.0,88,140.3774003982544
lambd,10.0,3,0.2032332563510392,0.1273885350318471,0.502283105022831,0.6399528579846788,0.5186246418338109,0.8353846153846154,0.6105390672319806,0.4813753581661891,0.8344370860927153,88,139.88941144943237
alpha,0.1,1,0.9726027397260272,1.0,0.9466666666666668,0.0,0.0,0.0,0.0,0.0,0.0,89,143.37457132339478
alpha,0.1,1,1.0,1.0,1.0,0.0,0.0,0.0,0.0,0.0,0.0,9,150.07087445259094
alpha,0.1,2,0.0,0.0,0.0,1.0,1.0,1.0,0.0,0.0,0.0,9,142.24805116653442
alpha,0.1,3,0.0,0.0,0.0,1.0,1.0,1.0,1.0,1.0,1.0,9,140.58362936973572
alpha,0.3,1,1.0,1.0,1.0,0.0,0.0,0.0,0.0,0.0,0.0,9,140.8229320049286
alpha,0.3,2,0.2886806786528235,0.1686889612311334,1.0,1.0,1.0,1.0,0.0,0.0,0.0,9,141.48672223091123
alpha,0.3,3,0.0931649978232477,0.0619571511291256,0.187719298245614,1.0,1.0,1.0,1.0,1.0,1.0,9,140.43964958190918
alpha,0.5,1,1.0,1.0,1.0,0.0,0.0,0.0,0.0,0.0,0.0,9,140.87068009376526
alpha,0.5,2,0.1101123595505618,0.07,0.2578947368421053,1.0,1.0,1.0,0.0,0.0,0.0,9,143.4276385307312
alpha,0.5,3,0.1101123595505618,0.07,0.2578947368421053,1.0,1.0,1.0,0.0392307692307692,0.0242857142857142,0.102,9,140.16464829444885
alpha,0.75,1,1.0,1.0,1.0,0.0,0.0,0.0,0.0,0.0,0.0,9,141.73179602622986
alpha,0.75,2,0.2886806786528235,0.1686889612311334,1.0,1.0,1.0,1.0,0.0,0.0,0.0,9,140.78992986679077
alpha,0.75,3,0.3864406779661017,0.2394957983193277,1.0,0.6315007429420505,0.4614549402823018,1.0,0.6319493314567206,0.4875135722041259,0.898,9,141.06380414962769
alpha,1.0,1,1.0,1.0,1.0,0.0,0.0,0.0,0.0,0.0,0.0,9,140.987220287323
alpha,1.0,2,0.2886806786528235,0.1686889612311334,1.0,1.0,1.0,1.0,0.0,0.0,0.0,9,140.84210515022278
alpha,1.0,3,0.4246987951807229,0.2974683544303797,0.7421052631578947,0.6843800322061192,0.5201958384332925,1.0,0.4672216441207076,0.3157524613220815,0.898,9,140.6603648662567
lambd,0.0,1,0.0,0.0,0.0,0.0,0.0,0.0,0.0,0.0,0.0,9,142.25003814697266
lambd,0.0,2,0.1101123595505618,0.07,0.2578947368421053,0.0,0.0,0.0,0.0,0.0,0.0,9,142.1962947845459
lambd,0.0,3,0.1101123595505618,0.07,0.2578947368421053,0.0,0.0,0.0,0.0392307692307692,0.0242857142857142,0.102,9,140.94969534873962
lambd,0.25,1,1.0,1.0,1.0,0.0,0.0,0.0,0.0,0.0,0.0,9,142.22091460227966
lambd,0.25,2,0.1101123595505618,0.07,0.2578947368421053,1.0,1.0,1.0,0.0,0.0,0.0,9,142.26533198356628
lambd,0.25,3,0.3026280860100876,0.1782921488895839,1.0,1.0,1.0,1.0,0.0392307692307692,0.0242857142857142,0.102,9,141.14213824272156
lambd,0.5,1,1.0,1.0,1.0,0.0,0.0,0.0,0.0,0.0,0.0,9,142.24796104431152
lambd,0.5,2,0.1101123595505618,0.07,0.2578947368421053,1.0,1.0,1.0,0.0,0.0,0.0,9,142.20293140411377
lambd,0.5,3,0.1101123595505618,0.07,0.2578947368421053,1.0,1.0,1.0,0.0392307692307692,0.0242857142857142,0.102,9,141.2996654510498
lambd,1.0,1,1.0,1.0,1.0,0.0,0.0,0.0,0.0,0.0,0.0,9,142.68348360061646
lambd,1.0,2,0.1101123595505618,0.07,0.2578947368421053,1.0,1.0,1.0,0.0,0.0,0.0,9,142.38383102416992
lambd,1.0,3,0.1101123595505618,0.07,0.2578947368421053,1.0,1.0,1.0,0.0392307692307692,0.0242857142857142,0.102,9,140.84441804885864
lambd,2.5,1,1.0,1.0,1.0,0.0,0.0,0.0,0.0,0.0,0.0,9,142.07398009300232
lambd,2.5,2,0.1101123595505618,0.07,0.2578947368421053,1.0,1.0,1.0,0.0,0.0,0.0,9,141.34895515441897
lambd,2.5,3,0.1356714351638209,0.0920475892298058,0.2578947368421053,0.6843800322061192,0.5201958384332925,1.0,1.0,1.0,1.0,9,140.8903419971466
lambd,5.0,1,1.0,1.0,1.0,0.0,0.0,0.0,0.0,0.0,0.0,9,142.15128922462463
lambd,5.0,2,0.2886806786528235,0.1686889612311334,1.0,1.0,1.0,1.0,0.0,0.0,0.0,9,141.2354838848114
lambd,5.0,3,0.4207525655644242,0.3116554054054054,0.6473684210526316,1.0,1.0,1.0,1.0,1.0,1.0,9,140.6200466156006
lambd,10.0,1,1.0,1.0,1.0,0.0,0.0,0.0,0.0,0.0,0.0,9,142.34430074691772
lambd,10.0,2,1.0,1.0,1.0,1.0,1.0,1.0,0.0,0.0,0.0,9,142.0038344860077
lambd,10.0,3,0.1101123595505618,0.07,0.2578947368421053,1.0,1.0,1.0,0.6319493314567206,0.4875135722041259,0.898,9,140.96858835220337
alpha,0.1,1,0.9411764705882352,1.0,0.8888888888888888,0.0,0.0,0.0,0.0,0.0,0.0,90,144.0451521873474
alpha,0.1,2,0.0,0.0,0.0,1.0,1.0,1.0,0.0,0.0,0.0,90,142.4962296485901
alpha,0.1,3,0.9411764705882352,1.0,0.8888888888888888,0.7839506172839507,1.0,0.6446700507614214,1.0,1.0,1.0,90,141.47356367111206
alpha,0.3,1,1.0,1.0,1.0,0.0,0.0,0.0,0.0,0.0,0.0,90,140.81425714492798
alpha,0.3,2,0.3944109241028898,0.2456487341772152,1.0,1.0,1.0,1.0,0.0,0.0,0.0,90,141.57481336593628
alpha,0.3,3,1.0,1.0,1.0,1.0,1.0,1.0,0.1669948798739661,0.1009523809523809,0.4829157175398633,90,139.4295938014984
alpha,0.5,1,1.0,1.0,1.0,0.0,0.0,0.0,0.0,0.0,0.0,90,139.80273914337158
alpha,0.5,2,0.0859977949283351,0.0557142857142857,0.1884057971014492,1.0,1.0,1.0,0.0,0.0,0.0,90,138.66415762901306
alpha,0.5,3,0.113647401651287,0.0813630041724617,0.1884057971014492,1.0,1.0,1.0,0.1669948798739661,0.1009523809523809,0.4829157175398633,90,138.35523867607117
alpha,0.75,1,1.0,1.0,1.0,0.0,0.0,0.0,0.0,0.0,0.0,90,139.77571558952332
alpha,0.75,2,0.0859977949283351,0.0557142857142857,0.1884057971014492,1.0,1.0,1.0,0.0,0.0,0.0,90,138.59174633026123
alpha,0.75,3,0.6965787997756591,0.5344234079173839,1.0,1.0,1.0,1.0,0.4864265927977839,0.3213762811127379,1.0,90,138.8438708782196
alpha,1.0,1,1.0,1.0,1.0,0.0,0.0,0.0,0.0,0.0,0.0,90,138.79856538772583
alpha,1.0,2,1.0,1.0,1.0,1.0,1.0,1.0,0.0,0.0,0.0,90,138.5556402206421
alpha,1.0,3,0.6965787997756591,0.5344234079173839,1.0,1.0,1.0,1.0,0.4864265927977839,0.3213762811127379,1.0,90,139.41041469573975
lambd,0.0,1,0.0,0.0,0.0,0.0,0.0,0.0,0.0,0.0,0.0,90,139.81623721122742
lambd,0.0,2,0.0859977949283351,0.0557142857142857,0.1884057971014492,0.0,0.0,0.0,0.0,0.0,0.0,90,138.60384392738342
lambd,0.0,3,1.0,1.0,1.0,0.0,0.0,0.0,0.0,0.0,0.0,90,138.37717866897583
lambd,0.25,1,0.0,0.0,0.0,0.0,0.0,0.0,0.0,0.0,0.0,90,139.59737849235535
lambd,0.25,2,1.0,1.0,1.0,1.0,1.0,1.0,0.0,0.0,0.0,90,138.25573468208313
lambd,0.25,3,1.0,1.0,1.0,1.0,1.0,1.0,1.0,1.0,1.0,90,138.46513104438782
lambd,0.5,1,1.0,1.0,1.0,0.0,0.0,0.0,0.0,0.0,0.0,90,139.05196070671082
lambd,0.5,2,0.0859977949283351,0.0557142857142857,0.1884057971014492,1.0,1.0,1.0,0.0,0.0,0.0,90,138.40266180038452
lambd,0.5,3,0.113647401651287,0.0813630041724617,0.1884057971014492,1.0,1.0,1.0,0.1669948798739661,0.1009523809523809,0.4829157175398633,90,138.26901865005493
lambd,1.0,1,1.0,1.0,1.0,0.0,0.0,0.0,0.0,0.0,0.0,90,139.5546317100525
lambd,1.0,2,0.0859977949283351,0.0557142857142857,0.1884057971014492,1.0,1.0,1.0,0.0,0.0,0.0,90,138.47062802314758
lambd,1.0,3,0.6965787997756591,0.5344234079173839,1.0,1.0,1.0,1.0,1.0,1.0,1.0,90,138.35529613494873
lambd,2.5,1,1.0,1.0,1.0,0.0,0.0,0.0,0.0,0.0,0.0,90,139.50387573242188
lambd,2.5,2,0.3944109241028898,0.2456487341772152,1.0,1.0,1.0,1.0,0.0,0.0,0.0,90,138.9038553237915
lambd,2.5,3,0.6965787997756591,0.5344234079173839,1.0,1.0,1.0,1.0,1.0,1.0,1.0,90,138.32986402511597
lambd,5.0,1,1.0,1.0,1.0,0.0,0.0,0.0,0.0,0.0,0.0,90,138.73549675941467
lambd,5.0,2,0.0859977949283351,0.0557142857142857,0.1884057971014492,1.0,1.0,1.0,0.0,0.0,0.0,90,138.30185532569885
lambd,5.0,3,1.0,1.0,1.0,1.0,1.0,1.0,0.1669948798739661,0.1009523809523809,0.4829157175398633,90,138.40089654922485
lambd,10.0,1,1.0,1.0,1.0,0.0,0.0,0.0,0.0,0.0,0.0,90,138.78247618675232
lambd,10.0,2,0.0859977949283351,0.0557142857142857,0.1884057971014492,1.0,1.0,1.0,0.0,0.0,0.0,90,138.36132335662842
lambd,10.0,3,1.0,1.0,1.0,1.0,1.0,1.0,0.3018617021276596,0.2131455399061033,0.5170842824601367,90,138.69101428985596
alpha,0.1,1,0.8277634961439588,1.0,0.706140350877193,0.0,0.0,0.0,0.0,0.0,0.0,91,138.6215741634369
alpha,0.1,2,1.0,1.0,1.0,0.5023041474654378,1.0,0.3353846153846154,0.0,0.0,0.0,91,140.24430108070374
alpha,0.1,3,0.1295896328293736,0.2479338842975206,0.087719298245614,0.100896860986547,0.1859504132231405,0.0692307692307692,0.3982558139534883,0.5661157024793388,0.3071748878923767,91,139.51763916015625
alpha,0.3,1,1.0,1.0,1.0,0.0,0.0,0.0,0.0,0.0,0.0,91,141.19313430786133
alpha,0.3,2,1.0,1.0,1.0,0.4759671746776084,1.0,0.3123076923076923,0.0,0.0,0.0,91,139.9372787475586
alpha,0.3,3,0.3792544570502431,0.300771208226221,0.5131578947368421,0.2564667033571821,0.1996572407883461,0.3584615384615384,0.5133292002479851,0.3547557840616966,0.9282511210762332,91,137.97668719291687
alpha,0.5,1,1.0,1.0,1.0,0.0,0.0,0.0,0.0,0.0,0.0,91,137.07743954658508
alpha,0.5,2,1.0,1.0,1.0,0.9422294548413344,1.0,0.8907692307692308,0.0,0.0,0.0,91,136.99367094039917
alpha,0.5,3,0.3792544570502431,0.300771208226221,0.5131578947368421,0.2564667033571821,0.1996572407883461,0.3584615384615384,0.5133292002479851,0.3547557840616966,0.9282511210762332,91,136.69438862800598
alpha,0.75,1,1.0,1.0,1.0,0.0,0.0,0.0,0.0,0.0,0.0,91,136.93784403800964
alpha,0.75,2,0.3353763177249326,0.2014727540500736,1.0,1.0,1.0,1.0,0.0,0.0,0.0,91,138.01122498512268
alpha,0.75,3,0.3792544570502431,0.300771208226221,0.5131578947368421,0.2564667033571821,0.1996572407883461,0.3584615384615384,0.5133292002479851,0.3547557840616966,0.9282511210762332,91,136.5675346851349
alpha,1.0,1,1.0,1.0,1.0,0.0,0.0,0.0,0.0,0.0,0.0,91,137.66569805145264
alpha,1.0,2,0.3353763177249326,0.2014727540500736,1.0,1.0,1.0,1.0,0.0,0.0,0.0,91,138.04734301567078
alpha,1.0,3,0.4344236265481105,0.2774847870182556,1.0,0.2287008208321539,0.1401318071453347,0.6215384615384615,0.3224873463485177,0.1922413793103448,1.0,91,137.77260661125183
lambd,0.0,1,0.0,0.0,0.0,0.0,0.0,0.0,0.0,0.0,0.0,91,136.75431513786316
lambd,0.0,2,0.3353763177249326,0.2014727540500736,1.0,0.0,0.0,0.0,0.0,0.0,0.0,91,137.75791954994202
lambd,0.0,3,0.2211155378486055,0.143041237113402,0.4868421052631579,0.2287008208321539,0.1401318071453347,0.6215384615384615,0.0,0.0,0.0,91,136.65458798408508
lambd,0.25,1,1.0,1.0,1.0,0.0,0.0,0.0,0.0,0.0,0.0,91,136.95313215255737
lambd,0.25,2,0.280327868852459,0.1630123927550047,1.0,1.0,1.0,1.0,0.0,0.0,0.0,91,138.10479927062988
lambd,0.25,3,0.2211155378486055,0.143041237113402,0.4868421052631579,0.2287008208321539,0.1401318071453347,0.6215384615384615,0.0,0.0,0.0,91,137.16762733459473
lambd,0.5,1,1.0,1.0,1.0,0.0,0.0,0.0,0.0,0.0,0.0,91,137.31199765205383
lambd,0.5,2,0.280327868852459,0.1630123927550047,1.0,1.0,1.0,1.0,0.0,0.0,0.0,91,137.9176595211029
lambd,0.5,3,0.3792544570502431,0.300771208226221,0.5131578947368421,0.2564667033571821,0.1996572407883461,0.3584615384615384,0.5133292002479851,0.3547557840616966,0.9282511210762332,91,136.82094812393188
lambd,1.0,1,1.0,1.0,1.0,0.0,0.0,0.0,0.0,0.0,0.0,91,136.94430446624756
lambd,1.0,2,1.0,1.0,1.0,0.9422294548413344,1.0,0.8907692307692308,0.0,0.0,0.0,91,137.19606018066406
lambd,1.0,3,0.3792544570502431,0.300771208226221,0.5131578947368421,0.2564667033571821,0.1996572407883461,0.3584615384615384,1.0,1.0,1.0,91,136.8636908531189
lambd,2.5,1,1.0,1.0,1.0,0.0,0.0,0.0,0.0,0.0,0.0,91,136.9018976688385
lambd,2.5,2,1.0,1.0,1.0,0.9422294548413344,1.0,0.8907692307692308,0.0,0.0,0.0,91,137.06233668327332
lambd,2.5,3,0.4532803180914513,0.2930591259640103,1.0,1.0,1.0,1.0,0.5133292002479851,0.3547557840616966,0.9282511210762332,91,137.0242555141449
lambd,5.0,1,1.0,1.0,1.0,0.0,0.0,0.0,0.0,0.0,0.0,91,138.08207774162292
lambd,5.0,2,1.0,1.0,1.0,0.9422294548413344,1.0,0.8907692307692308,0.0,0.0,0.0,91,137.7418372631073
lambd,5.0,3,0.3792544570502431,0.300771208226221,0.5131578947368421,0.2564667033571821,0.1996572407883461,0.3584615384615384,0.5159377316530763,0.3853820598006645,0.7802690582959642,91,136.76455760002136
lambd,10.0,1,1.0,1.0,1.0,0.0,0.0,0.0,0.0,0.0,0.0,91,137.09806609153748
lambd,10.0,2,1.0,1.0,1.0,0.6666666666666666,1.0,0.5,0.0,0.0,0.0,91,138.05879402160645
lambd,10.0,3,0.3792544570502431,0.300771208226221,0.5131578947368421,0.2564667033571821,0.1996572407883461,0.3584615384615384,1.0,1.0,1.0,91,136.46130847930908
alpha,0.1,1,0.7216931216931218,1.0,0.5645695364238411,0.0,0.0,0.0,0.0,0.0,0.0,92,145.672425031662
alpha,0.1,2,0.0,0.0,0.0,1.0,1.0,1.0,0.0,0.0,0.0,92,143.86437845230105
alpha,0.1,3,0.0,0.0,0.0,1.0,1.0,1.0,1.0,1.0,1.0,92,143.24269366264343
alpha,0.3,1,1.0,1.0,1.0,0.0,0.0,0.0,0.0,0.0,0.0,92,144.18462109565735
alpha,0.3,2,0.3517763541059988,0.2134275618374558,1.0,1.0,1.0,1.0,0.0,0.0,0.0,92,142.60685634613037
alpha,0.3,3,0.0555555555555555,0.038083538083538,0.1026490066225165,1.0,1.0,1.0,1.0,1.0,1.0,92,145.00545930862427
alpha,0.5,1,1.0,1.0,1.0,0.0,0.0,0.0,0.0,0.0,0.0,92,145.26530861854553
alpha,0.5,2,0.1044020257109466,0.0682628629648497,0.2218543046357615,1.0,1.0,1.0,0.0,0.0,0.0,92,145.91432309150696
alpha,0.5,3,0.1044020257109466,0.0682628629648497,0.2218543046357615,1.0,1.0,1.0,0.685286783042394,0.5663643858202803,0.8674242424242424,92,143.3152916431427
alpha,0.75,1,1.0,1.0,1.0,0.0,0.0,0.0,0.0,0.0,0.0,92,143.87042093276978
alpha,0.75,2,0.3517763541059988,0.2134275618374558,1.0,1.0,1.0,1.0,0.0,0.0,0.0,92,140.89932465553284
alpha,0.75,3,0.3517763541059988,0.2134275618374558,1.0,1.0,1.0,1.0,0.685286783042394,0.5663643858202803,0.8674242424242424,92,140.37272572517395
alpha,1.0,1,1.0,1.0,1.0,0.0,0.0,0.0,0.0,0.0,0.0,92,141.92004656791687
alpha,1.0,2,0.3517763541059988,0.2134275618374558,1.0,1.0,1.0,1.0,0.0,0.0,0.0,92,140.46257328987122
alpha,1.0,3,0.3856960408684546,0.2389240506329114,1.0,0.4419106317411402,0.283623417721519,1.0,1.0,1.0,1.0,92,141.22460055351257
lambd,0.0,1,1.0,1.0,1.0,0.0,0.0,0.0,0.0,0.0,0.0,92,142.30005407333374
lambd,0.0,2,0.1044020257109466,0.0682628629648497,0.2218543046357615,0.0,0.0,0.0,0.0,0.0,0.0,92,141.57441973686218
lambd,0.0,3,0.0555555555555555,0.038083538083538,0.1026490066225165,0.0,0.0,0.0,0.0,0.0,0.0,92,141.72294855117798
lambd,0.25,1,1.0,1.0,1.0,0.0,0.0,0.0,0.0,0.0,0.0,92,142.1719307899475
lambd,0.25,2,0.3517763541059988,0.2134275618374558,1.0,1.0,1.0,1.0,0.0,0.0,0.0,92,140.2439317703247
lambd,0.25,3,0.0555555555555555,0.038083538083538,0.1026490066225165,1.0,1.0,1.0,1.0,1.0,1.0,92,140.89147186279297
lambd,0.5,1,1.0,1.0,1.0,0.0,0.0,0.0,0.0,0.0,0.0,92,141.63220763206482
lambd,0.5,2,0.3517763541059988,0.2134275618374558,1.0,1.0,1.0,1.0,0.0,0.0,0.0,92,141.94052386283877
lambd,0.5,3,0.0555555555555555,0.038083538083538,0.1026490066225165,0.5450777202072539,0.4336356141797197,0.7336122733612274,0.685286783042394,0.5663643858202803,0.8674242424242424,92,144.6307680606842
lambd,1.0,1,1.0,1.0,1.0,0.0,0.0,0.0,0.0,0.0,0.0,92,144.5773138999939
lambd,1.0,2,1.0,1.0,1.0,1.0,1.0,1.0,0.0,0.0,0.0,92,145.02218174934387
lambd,1.0,3,0.6840317100792752,0.5197934595524957,1.0,0.5450777202072539,0.4336356141797197,0.7336122733612274,0.685286783042394,0.5663643858202803,0.8674242424242424,92,141.89876675605774
lambd,2.5,1,1.0,1.0,1.0,0.0,0.0,0.0,0.0,0.0,0.0,92,140.8725199699402
lambd,2.5,2,1.0,1.0,1.0,1.0,1.0,1.0,0.0,0.0,0.0,92,141.34826493263245
lambd,2.5,3,0.0555555555555555,0.038083538083538,0.1026490066225165,0.5450777202072539,0.4336356141797197,0.7336122733612274,0.685286783042394,0.5663643858202803,0.8674242424242424,92,140.67373061180115
lambd,5.0,1,1.0,1.0,1.0,0.0,0.0,0.0,0.0,0.0,0.0,92,141.06383228302002
lambd,5.0,2,0.3517763541059988,0.2134275618374558,1.0,1.0,1.0,1.0,0.0,0.0,0.0,92,141.0781717300415
lambd,5.0,3,0.0555555555555555,0.038083538083538,0.1026490066225165,0.5450777202072539,0.4336356141797197,0.7336122733612274,0.685286783042394,0.5663643858202803,0.8674242424242424,92,141.08006525039673
lambd,10.0,1,1.0,1.0,1.0,0.0,0.0,0.0,0.0,0.0,0.0,92,140.25378942489624
lambd,10.0,2,0.1044020257109466,0.0682628629648497,0.2218543046357615,1.0,1.0,1.0,0.0,0.0,0.0,92,141.0202670097351
lambd,10.0,3,0.0555555555555555,0.038083538083538,0.1026490066225165,0.5450777202072539,0.4336356141797197,0.7336122733612274,0.685286783042394,0.5663643858202803,0.8674242424242424,92,142.90731525421145
alpha,0.1,1,1.0,1.0,1.0,0.0,0.0,0.0,0.0,0.0,0.0,93,143.10428714752197
alpha,0.1,2,0.4700176366843033,0.3072046109510086,1.0,1.0,1.0,1.0,0.0,0.0,0.0,93,142.73817253112793
alpha,0.1,3,1.0,1.0,1.0,1.0,1.0,1.0,1.0,1.0,1.0,93,141.32912492752075
alpha,0.3,1,1.0,1.0,1.0,0.0,0.0,0.0,0.0,0.0,0.0,93,141.755765914917
alpha,0.3,2,1.0,1.0,1.0,1.0,1.0,1.0,0.0,0.0,0.0,93,142.0186150074005
alpha,0.3,3,1.0,1.0,1.0,1.0,1.0,1.0,0.293103448275862,0.1717171717171717,1.0,93,140.24401903152466
alpha,0.5,1,1.0,1.0,1.0,0.0,0.0,0.0,0.0,0.0,0.0,93,140.84352231025696
alpha,0.5,2,1.0,1.0,1.0,0.7418136020151134,0.5895895895895896,1.0,0.0,0.0,0.0,93,141.0388627052307
alpha,0.5,3,1.0,1.0,1.0,1.0,1.0,1.0,1.0,1.0,1.0,93,139.36289739608765
alpha,0.75,1,1.0,1.0,1.0,0.0,0.0,0.0,0.0,0.0,0.0,93,138.9984109401703
alpha,0.75,2,0.2857908847184987,0.1667187988739443,1.0,1.0,1.0,1.0,0.0,0.0,0.0,93,139.45309233665466
alpha,0.75,3,0.849402390438247,0.7382271468144044,1.0,1.0,1.0,1.0,0.2346769740474875,0.1329371285580231,1.0,93,138.81528234481812
alpha,1.0,1,1.0,1.0,1.0,0.0,0.0,0.0,0.0,0.0,0.0,93,139.22051620483398
alpha,1.0,2,1.0,1.0,1.0,1.0,1.0,1.0,0.0,0.0,0.0,93,138.135244846344
alpha,1.0,3,0.849402390438247,0.7382271468144044,1.0,1.0,1.0,1.0,1.0,1.0,1.0,93,139.0298421382904
lambd,0.0,1,0.0,0.0,0.0,0.0,0.0,0.0,0.0,0.0,0.0,93,139.32049751281738
lambd,0.0,2,1.0,1.0,1.0,0.0,0.0,0.0,0.0,0.0,0.0,93,137.57123684883118
lambd,0.0,3,0.3659457603844833,0.2239495798319327,1.0,0.0,0.0,0.0,0.0,0.0,0.0,93,138.14885663986206
lambd,0.25,1,1.0,1.0,1.0,0.0,0.0,0.0,0.0,0.0,0.0,93,138.71234226226807
lambd,0.25,2,1.0,1.0,1.0,0.7418136020151134,0.5895895895895896,1.0,0.0,0.0,0.0,93,139.0662214756012
lambd,0.25,3,1.0,1.0,1.0,1.0,1.0,1.0,0.2346769740474875,0.1329371285580231,1.0,93,139.07997035980225
lambd,0.5,1,1.0,1.0,1.0,0.0,0.0,0.0,0.0,0.0,0.0,93,138.43012285232544
lambd,0.5,2,0.2857908847184987,0.1667187988739443,1.0,1.0,1.0,1.0,0.0,0.0,0.0,93,142.4996156692505
lambd,0.5,3,1.0,1.0,1.0,1.0,1.0,1.0,0.3792949576082106,0.2340308370044052,1.0,93,137.6255922317505
lambd,1.0,1,1.0,1.0,1.0,0.0,0.0,0.0,0.0,0.0,0.0,93,139.2839560508728
lambd,1.0,2,1.0,1.0,1.0,1.0,1.0,1.0,0.0,0.0,0.0,93,138.6731197834015
lambd,1.0,3,1.0,1.0,1.0,1.0,1.0,1.0,1.0,1.0,1.0,93,138.59945011138916
lambd,2.5,1,1.0,1.0,1.0,0.0,0.0,0.0,0.0,0.0,0.0,93,138.8155553340912
lambd,2.5,2,1.0,1.0,1.0,1.0,1.0,1.0,0.0,0.0,0.0,93,138.1807153224945
lambd,2.5,3,1.0,1.0,1.0,1.0,1.0,1.0,0.3477188655980271,0.2355889724310776,0.6635294117647059,93,137.9580955505371
lambd,5.0,1,1.0,1.0,1.0,0.0,0.0,0.0,0.0,0.0,0.0,93,137.80202412605286
lambd,5.0,2,1.0,1.0,1.0,1.0,1.0,1.0,0.0,0.0,0.0,93,139.78823852539062
lambd,5.0,3,1.0,1.0,1.0,1.0,1.0,1.0,1.0,1.0,1.0,93,139.28090572357178
lambd,10.0,1,1.0,1.0,1.0,0.0,0.0,0.0,0.0,0.0,0.0,93,139.13905954360962
lambd,10.0,2,1.0,1.0,1.0,1.0,1.0,1.0,0.0,0.0,0.0,93,138.99048471450806
lambd,10.0,3,1.0,1.0,1.0,1.0,1.0,1.0,1.0,1.0,1.0,93,142.1193528175354
alpha,0.1,1,1.0,1.0,1.0,0.0,0.0,0.0,0.0,0.0,0.0,94,142.44343400001526
alpha,0.1,2,0.0,0.0,0.0,1.0,1.0,1.0,0.0,0.0,0.0,94,141.50567269325256
alpha,0.1,3,0.7166337935568705,0.5712788259958071,0.961199294532628,1.0,1.0,1.0,1.0,1.0,1.0,94,141.3746132850647
alpha,0.3,1,1.0,1.0,1.0,0.0,0.0,0.0,0.0,0.0,0.0,94,142.5839295387268
alpha,0.3,2,1.0,1.0,1.0,1.0,1.0,1.0,0.0,0.0,0.0,94,141.1935579776764
alpha,0.3,3,0.2873796249366447,0.1678011245930748,1.0,1.0,1.0,1.0,0.2294996070212208,0.1296241491565552,1.0,94,142.83905267715454
alpha,0.5,1,1.0,1.0,1.0,0.0,0.0,0.0,0.0,0.0,0.0,94,143.37685990333557
alpha,0.5,2,1.0,1.0,1.0,1.0,1.0,1.0,0.0,0.0,0.0,94,141.52087235450745
alpha,0.5,3,0.3847980997624702,0.238235294117647,1.0,1.0,1.0,1.0,1.0,1.0,1.0,94,141.57916641235352
alpha,0.75,1,1.0,1.0,1.0,0.0,0.0,0.0,0.0,0.0,0.0,94,142.71900272369385
alpha,0.75,2,1.0,1.0,1.0,1.0,1.0,1.0,0.0,0.0,0.0,94,141.7380917072296
alpha,0.75,3,0.3847980997624702,0.238235294117647,1.0,1.0,1.0,1.0,0.7306088407005839,0.5755584756898817,1.0,94,140.84381365776062
alpha,1.0,1,1.0,1.0,1.0,0.0,0.0,0.0,0.0,0.0,0.0,94,140.47411680221558
alpha,1.0,2,1.0,1.0,1.0,0.317208564631245,0.1885014137606032,1.0,0.0,0.0,0.0,94,139.79589796066284
alpha,1.0,3,0.2873796249366447,0.1678011245930748,1.0,1.0,1.0,1.0,0.3886424134871339,0.2411894273127753,1.0,94,138.59806632995603
lambd,0.0,1,0.0,0.0,0.0,0.0,0.0,0.0,0.0,0.0,0.0,94,140.27010893821716
lambd,0.0,2,1.0,1.0,1.0,0.0,0.0,0.0,0.0,0.0,0.0,94,138.73774600028992
lambd,0.0,3,0.3847980997624702,0.238235294117647,1.0,0.0,0.0,0.0,0.0,0.0,0.0,94,138.8313672542572
lambd,0.25,1,1.0,1.0,1.0,0.0,0.0,0.0,0.0,0.0,0.0,94,139.86800122261047
lambd,0.25,2,1.0,1.0,1.0,1.0,1.0,1.0,0.0,0.0,0.0,94,138.9616425037384
lambd,0.25,3,0.7177215189873417,0.5597235932872655,1.0,1.0,1.0,1.0,0.5048409405255879,0.3621031746031746,0.8333333333333334,94,138.8143060207367
lambd,0.5,1,1.0,1.0,1.0,0.0,0.0,0.0,0.0,0.0,0.0,94,139.94138288497925
lambd,0.5,2,0.2873796249366447,0.1678011245930748,1.0,1.0,1.0,1.0,0.0,0.0,0.0,94,139.9715096950531
lambd,0.5,3,0.2873796249366447,0.1678011245930748,1.0,1.0,1.0,1.0,0.2294996070212208,0.1296241491565552,1.0,94,139.2652621269226
lambd,1.0,1,1.0,1.0,1.0,0.0,0.0,0.0,0.0,0.0,0.0,94,140.5247814655304
lambd,1.0,2,0.2873796249366447,0.1678011245930748,1.0,1.0,1.0,1.0,0.0,0.0,0.0,94,139.3535077571869
lambd,1.0,3,1.0,1.0,1.0,1.0,1.0,1.0,0.3124108416547789,0.1851225697379543,1.0,94,138.9836039543152
lambd,2.5,1,1.0,1.0,1.0,0.0,0.0,0.0,0.0,0.0,0.0,94,139.5473256111145
lambd,2.5,2,1.0,1.0,1.0,1.0,1.0,1.0,0.0,0.0,0.0,94,138.5331892967224
lambd,2.5,3,1.0,1.0,1.0,1.0,1.0,1.0,1.0,1.0,1.0,94,139.63815069198608
lambd,5.0,1,1.0,1.0,1.0,0.0,0.0,0.0,0.0,0.0,0.0,94,139.12519574165344
lambd,5.0,2,1.0,1.0,1.0,1.0,1.0,1.0,0.0,0.0,0.0,94,139.66825699806213
lambd,5.0,3,0.3012752391073326,0.1773537691585861,1.0,1.0,1.0,1.0,1.0,1.0,1.0,94,138.98688197135925
lambd,10.0,1,1.0,1.0,1.0,0.0,0.0,0.0,0.0,0.0,0.0,94,139.602215051651
lambd,10.0,2,1.0,1.0,1.0,1.0,1.0,1.0,0.0,0.0,0.0,94,139.14612483978271
lambd,10.0,3,0.3847980997624702,0.238235294117647,1.0,1.0,1.0,1.0,1.0,1.0,1.0,94,138.93525433540344
alpha,0.1,1,1.0,1.0,1.0,0.0,0.0,0.0,0.0,0.0,0.0,95,145.43770790100098
alpha,0.1,2,0.3681377825618945,0.3482688391038696,0.3904109589041096,1.0,1.0,1.0,0.0,0.0,0.0,95,143.65445804595947
alpha,0.1,3,0.2419354838709678,0.1582278481012658,0.5136986301369864,1.0,1.0,1.0,1.0,1.0,1.0,95,144.8211808204651
alpha,0.3,1,1.0,1.0,1.0,0.0,0.0,0.0,0.0,0.0,0.0,95,146.1871531009674
alpha,0.3,2,0.2523041474654378,0.1443638760711931,1.0,1.0,1.0,1.0,0.0,0.0,0.0,95,143.36868357658386
alpha,0.3,3,0.1992619926199262,0.1295407813570939,0.4315068493150685,1.0,1.0,1.0,1.0,1.0,1.0,95,142.7281470298767
alpha,0.5,1,1.0,1.0,1.0,0.0,0.0,0.0,0.0,0.0,0.0,95,143.84807538986206
alpha,0.5,2,0.2523041474654378,0.1443638760711931,1.0,1.0,1.0,1.0,0.0,0.0,0.0,95,142.62264776229858
alpha,0.5,3,0.1992619926199262,0.1295407813570939,0.4315068493150685,0.1097796675686122,0.0723382577687213,0.2275641025641025,1.0,1.0,1.0,95,143.56608247756958
alpha,0.75,1,1.0,1.0,1.0,0.0,0.0,0.0,0.0,0.0,0.0,95,145.4571738243103
alpha,0.75,2,1.0,1.0,1.0,1.0,1.0,1.0,0.0,0.0,0.0,95,143.21031832695007
alpha,0.75,3,0.2523041474654378,0.1443638760711931,1.0,0.1097796675686122,0.0723382577687213,0.2275641025641025,1.0,1.0,1.0,95,141.45989346504211
alpha,1.0,1,1.0,1.0,1.0,0.0,0.0,0.0,0.0,0.0,0.0,95,141.3624861240387
alpha,1.0,2,0.2523041474654378,0.1443638760711931,1.0,1.0,1.0,1.0,0.0,0.0,0.0,95,142.7146065235138
alpha,1.0,3,0.1874219075385256,0.1146204788588894,0.5136986301369864,0.1097796675686122,0.0723382577687213,0.2275641025641025,1.0,1.0,1.0,95,140.93518137931824
lambd,0.0,1,0.0,0.0,0.0,0.0,0.0,0.0,0.0,0.0,0.0,95,141.7232677936554
lambd,0.0,2,0.2523041474654378,0.1443638760711931,1.0,0.0,0.0,0.0,0.0,0.0,0.0,95,141.66548109054563
lambd,0.0,3,0.1992619926199262,0.1295407813570939,0.4315068493150685,0.0,0.0,0.0,0.0,0.0,0.0,95,139.97031497955322
lambd,0.25,1,0.0,0.0,0.0,0.0,0.0,0.0,0.0,0.0,0.0,95,141.11488461494446
lambd,0.25,2,1.0,1.0,1.0,1.0,1.0,1.0,0.0,0.0,0.0,95,141.0833718776703
lambd,0.25,3,0.4159544159544159,0.2625899280575539,1.0,0.1097796675686122,0.0723382577687213,0.2275641025641025,1.0,1.0,1.0,95,141.97111225128174
lambd,0.5,1,1.0,1.0,1.0,0.0,0.0,0.0,0.0,0.0,0.0,95,145.67909932136536
lambd,0.5,2,0.2523041474654378,0.1443638760711931,1.0,1.0,1.0,1.0,0.0,0.0,0.0,95,142.63399505615234
lambd,0.5,3,0.1992619926199262,0.1295407813570939,0.4315068493150685,0.1097796675686122,0.0723382577687213,0.2275641025641025,1.0,1.0,1.0,95,139.8830373287201
lambd,1.0,1,1.0,1.0,1.0,0.0,0.0,0.0,0.0,0.0,0.0,95,144.1825864315033
lambd,1.0,2,1.0,1.0,1.0,1.0,1.0,1.0,0.0,0.0,0.0,95,142.86862754821777
lambd,1.0,3,1.0,1.0,1.0,1.0,1.0,1.0,1.0,1.0,1.0,95,140.81268119812012
lambd,2.5,1,1.0,1.0,1.0,0.0,0.0,0.0,0.0,0.0,0.0,95,141.9044497013092
lambd,2.5,2,1.0,1.0,1.0,1.0,1.0,1.0,0.0,0.0,0.0,95,141.54171633720398
lambd,2.5,3,1.0,1.0,1.0,1.0,1.0,1.0,1.0,1.0,1.0,95,140.11346650123596
lambd,5.0,1,1.0,1.0,1.0,0.0,0.0,0.0,0.0,0.0,0.0,95,141.0907154083252
lambd,5.0,2,0.2523041474654378,0.1443638760711931,1.0,1.0,1.0,1.0,0.0,0.0,0.0,95,140.88576889038086
lambd,5.0,3,0.4159544159544159,0.2625899280575539,1.0,0.5796752856283826,0.4639076034648701,0.7724358974358975,1.0,1.0,1.0,95,141.96708130836487
lambd,10.0,1,1.0,1.0,1.0,0.0,0.0,0.0,0.0,0.0,0.0,95,143.69433999061584
lambd,10.0,2,1.0,1.0,1.0,1.0,1.0,1.0,0.0,0.0,0.0,95,143.62995743751526
lambd,10.0,3,0.2680538555691554,0.1547703180212014,1.0,1.0,1.0,1.0,1.0,1.0,1.0,95,140.44842672348022
alpha,0.1,1,1.0,1.0,1.0,0.0,0.0,0.0,0.0,0.0,0.0,96,142.58529663085938
alpha,0.1,2,1.0,1.0,1.0,1.0,1.0,1.0,0.0,0.0,0.0,96,141.6516501903534
alpha,0.1,3,1.0,1.0,1.0,1.0,1.0,1.0,0.5955786736020806,1.0,0.424074074074074,96,140.859783411026
alpha,0.3,1,1.0,1.0,1.0,0.0,0.0,0.0,0.0,0.0,0.0,96,139.6669957637787
alpha,0.3,2,1.0,1.0,1.0,1.0,1.0,1.0,0.0,0.0,0.0,96,137.81119394302368
alpha,0.3,3,1.0,1.0,1.0,1.0,1.0,1.0,1.0,1.0,1.0,96,137.78431034088135
alpha,0.5,1,1.0,1.0,1.0,0.0,0.0,0.0,0.0,0.0,0.0,96,137.92130255699158
alpha,0.5,2,1.0,1.0,1.0,1.0,1.0,1.0,0.0,0.0,0.0,96,138.32679557800293
alpha,0.5,3,0.2612169637369391,0.1502297631671968,1.0,1.0,1.0,1.0,1.0,1.0,1.0,96,137.4731833934784
alpha,0.75,1,1.0,1.0,1.0,0.0,0.0,0.0,0.0,0.0,0.0,96,138.65504670143127
alpha,0.75,2,0.2180046165683508,0.1223373632700057,1.0,1.0,1.0,1.0,0.0,0.0,0.0,96,142.3847198486328
alpha,0.75,3,1.0,1.0,1.0,0.2567501227295042,0.1472824556462968,1.0,1.0,1.0,1.0,96,137.52487301826477
alpha,1.0,1,1.0,1.0,1.0,0.0,0.0,0.0,0.0,0.0,0.0,96,138.5406048297882
alpha,1.0,2,0.2180046165683508,0.1223373632700057,1.0,1.0,1.0,1.0,0.0,0.0,0.0,96,138.62692189216614
alpha,1.0,3,0.2612169637369391,0.1502297631671968,1.0,0.2567501227295042,0.1472824556462968,1.0,1.0,1.0,1.0,96,137.35197615623474
lambd,0.0,1,0.0,0.0,0.0,0.0,0.0,0.0,0.0,0.0,0.0,96,138.32861495018005
lambd,0.0,2,0.0,0.0,0.0,0.0,0.0,0.0,0.0,0.0,0.0,96,137.74065518379211
lambd,0.0,3,0.2612169637369391,0.1502297631671968,1.0,0.0,0.0,0.0,0.0,0.0,0.0,96,137.40436172485352
lambd,0.25,1,1.0,1.0,1.0,0.0,0.0,0.0,0.0,0.0,0.0,96,138.71758770942688
lambd,0.25,2,0.2180046165683508,0.1223373632700057,1.0,1.0,1.0,1.0,0.0,0.0,0.0,96,139.14449286460876
lambd,0.25,3,0.2612169637369391,0.1502297631671968,1.0,0.2567501227295042,0.1472824556462968,1.0,0.0,0.0,0.0,96,137.1292519569397
lambd,0.5,1,1.0,1.0,1.0,0.0,0.0,0.0,0.0,0.0,0.0,96,138.1465802192688
lambd,0.5,2,0.2180046165683508,0.1223373632700057,1.0,1.0,1.0,1.0,0.0,0.0,0.0,96,137.89229202270508
lambd,0.5,3,0.2612169637369391,0.1502297631671968,1.0,0.2567501227295042,0.1472824556462968,1.0,1.0,1.0,1.0,96,137.53211998939514
lambd,1.0,1,1.0,1.0,1.0,0.0,0.0,0.0,0.0,0.0,0.0,96,138.63660526275635
lambd,1.0,2,1.0,1.0,1.0,1.0,1.0,1.0,0.0,0.0,0.0,96,137.68181443214417
lambd,1.0,3,1.0,1.0,1.0,1.0,1.0,1.0,1.0,1.0,1.0,96,137.42176270484924
lambd,2.5,1,1.0,1.0,1.0,0.0,0.0,0.0,0.0,0.0,0.0,96,138.82140254974365
lambd,2.5,2,1.0,1.0,1.0,1.0,1.0,1.0,0.0,0.0,0.0,96,138.72532606124878
lambd,2.5,3,0.2612169637369391,0.1502297631671968,1.0,1.0,1.0,1.0,1.0,1.0,1.0,96,137.42631649971008
lambd,5.0,1,1.0,1.0,1.0,0.0,0.0,0.0,0.0,0.0,0.0,96,138.82760381698608
lambd,5.0,2,1.0,1.0,1.0,1.0,1.0,1.0,0.0,0.0,0.0,96,138.86604690551758
lambd,5.0,3,0.2612169637369391,0.1502297631671968,1.0,1.0,1.0,1.0,1.0,1.0,1.0,96,137.62183141708374
lambd,10.0,1,1.0,1.0,1.0,0.0,0.0,0.0,0.0,0.0,0.0,96,138.73785543441772
lambd,10.0,2,1.0,1.0,1.0,1.0,1.0,1.0,0.0,0.0,0.0,96,137.495347738266
lambd,10.0,3,0.2612169637369391,0.1502297631671968,1.0,1.0,1.0,1.0,1.0,1.0,1.0,96,137.8291265964508
alpha,0.1,1,1.0,1.0,1.0,0.0,0.0,0.0,0.0,0.0,0.0,97,142.97745013237
alpha,0.1,2,1.0,1.0,1.0,0.7568988173455979,1.0,0.6088794926004228,0.0,0.0,0.0,97,140.67732071876526
alpha,0.1,3,1.0,1.0,1.0,0.7386666666666667,1.0,0.5856236786469344,0.0,0.0,0.0,97,140.59115648269653
alpha,0.3,1,1.0,1.0,1.0,0.0,0.0,0.0,0.0,0.0,0.0,97,137.56472039222717
alpha,0.3,2,1.0,1.0,1.0,0.9176201372997712,1.0,0.8477801268498943,0.0,0.0,0.0,97,138.31725096702576
alpha,0.3,3,1.0,1.0,1.0,1.0,1.0,1.0,0.1256890848952591,0.1182572614107883,0.1341176470588235,97,137.04125213623047
alpha,0.5,1,1.0,1.0,1.0,0.0,0.0,0.0,0.0,0.0,0.0,97,137.86835169792175
alpha,0.5,2,0.2937473772555602,0.1950947603121516,0.5942275042444821,0.9176201372997712,1.0,0.8477801268498943,0.0,0.0,0.0,97,137.32719326019287
alpha,0.5,3,1.0,1.0,1.0,1.0,1.0,1.0,0.1256890848952591,0.1182572614107883,0.1341176470588235,97,137.54800009727478
alpha,0.75,1,1.0,1.0,1.0,0.0,0.0,0.0,0.0,0.0,0.0,97,137.49198389053345
alpha,0.75,2,1.0,1.0,1.0,0.1874659400544959,0.1076008758210822,0.7272727272727273,0.0,0.0,0.0,97,138.44524455070496
alpha,0.75,3,1.0,1.0,1.0,0.9237770193401592,1.0,0.8583509513742071,1.0,1.0,1.0,97,137.5099971294403
alpha,1.0,1,1.0,1.0,1.0,0.0,0.0,0.0,0.0,0.0,0.0,97,138.1615390777588
alpha,1.0,2,0.2903225806451613,0.1748178980228928,0.8556876061120543,0.1874659400544959,0.1076008758210822,0.7272727272727273,0.0,0.0,0.0,97,137.96273350715637
alpha,1.0,3,0.296875,0.1743119266055046,1.0,0.5135722041259501,0.3455076698319941,1.0,1.0,1.0,1.0,97,139.96424436569214
lambd,0.0,1,0.0,0.0,0.0,0.0,0.0,0.0,0.0,0.0,0.0,97,138.2645993232727
lambd,0.0,2,0.2903225806451613,0.1748178980228928,0.8556876061120543,0.0429082240762812,0.0249739854318418,0.1522198731501057,0.0,0.0,0.0,97,138.74747824668884
lambd,0.0,3,1.0,1.0,1.0,0.0,0.0,0.0,0.0,0.0,0.0,97,135.86800503730774
lambd,0.25,1,1.0,1.0,1.0,0.0,0.0,0.0,0.0,0.0,0.0,97,138.85988211631775
lambd,0.25,2,0.2937473772555602,0.1950947603121516,0.5942275042444821,0.0429082240762812,0.0249739854318418,0.1522198731501057,0.0,0.0,0.0,97,138.76652574539185
lambd,0.25,3,1.0,1.0,1.0,0.9176201372997712,1.0,0.8477801268498943,0.1234866828087167,0.1271820448877805,0.12,97,137.54422450065613
lambd,0.5,1,1.0,1.0,1.0,0.0,0.0,0.0,0.0,0.0,0.0,97,137.32608819007874
lambd,0.5,2,1.0,1.0,1.0,0.1874659400544959,0.1076008758210822,0.7272727272727273,0.0,0.0,0.0,97,138.58994889259338
lambd,0.5,3,1.0,1.0,1.0,0.9237770193401592,1.0,0.8583509513742071,0.1256890848952591,0.1182572614107883,0.1341176470588235,97,137.56893825531006
lambd,1.0,1,1.0,1.0,1.0,0.0,0.0,0.0,0.0,0.0,0.0,97,138.51628518104553
lambd,1.0,2,1.0,1.0,1.0,0.1874659400544959,0.1076008758210822,0.7272727272727273,0.0,0.0,0.0,97,138.62218046188354
lambd,1.0,3,1.0,1.0,1.0,0.8364083640836408,1.0,0.718816067653277,0.0612888688598467,0.0379041248606466,0.16,97,137.8256905078888
lambd,2.5,1,1.0,1.0,1.0,0.0,0.0,0.0,0.0,0.0,0.0,97,137.4204843044281
lambd,2.5,2,1.0,1.0,1.0,0.9176201372997712,1.0,0.8477801268498943,0.0,0.0,0.0,97,137.5724811553955
lambd,2.5,3,0.9222323879231472,1.0,0.8556876061120543,0.9237770193401592,1.0,0.8583509513742071,0.6843800322061192,0.5201958384332925,1.0,97,137.79039025306702
lambd,5.0,1,1.0,1.0,1.0,0.0,0.0,0.0,0.0,0.0,0.0,97,138.65351247787476
lambd,5.0,2,1.0,1.0,1.0,0.9176201372997712,1.0,0.8477801268498943,0.0,0.0,0.0,97,137.7056896686554
lambd,5.0,3,1.0,1.0,1.0,0.9176201372997712,1.0,0.8477801268498943,0.2346769740474875,0.1329371285580231,1.0,97,137.9310324192047
lambd,10.0,1,1.0,1.0,1.0,0.0,0.0,0.0,0.0,0.0,0.0,97,137.71416234970093
lambd,10.0,2,1.0,1.0,1.0,0.9176201372997712,1.0,0.8477801268498943,0.0,0.0,0.0,97,137.77318930625916
lambd,10.0,3,1.0,1.0,1.0,0.774487471526196,0.8395061728395061,0.718816067653277,1.0,1.0,1.0,97,137.7708785533905
alpha,0.1,1,0.2928571428571428,1.0,0.1715481171548117,0.0,0.0,0.0,0.0,0.0,0.0,98,142.97373414039612
alpha,0.1,2,0.1487179487179487,0.9206349206349206,0.0808926080892608,0.8,1.0,0.6666666666666666,0.0,0.0,0.0,98,141.784907579422
alpha,0.1,3,0.0,0.0,0.0,0.5744934445768772,0.5047120418848168,0.6666666666666666,0.9801633605600932,1.0,0.9610983981693364,98,138.93349242210388
alpha,0.3,1,0.16270337922403,0.7926829268292683,0.0906555090655509,0.0,0.0,0.0,0.0,0.0,0.0,98,139.31011605262756
alpha,0.3,2,0.5270018621973929,0.7927170868347339,0.3947001394700139,0.0759259259259259,0.1148459383753501,0.0567081604426002,0.0,0.0,0.0,98,138.2908148765564
alpha,0.3,3,0.404627539503386,0.2536257516802264,1.0,0.3384039316639363,0.2036619718309859,1.0,0.9801633605600932,1.0,0.9610983981693364,98,138.23323369026184
alpha,0.5,1,0.8065241844769403,0.6757775683317625,1.0,0.0,0.0,0.0,0.0,0.0,0.0,98,139.0271453857422
alpha,0.5,2,0.2331210191082802,0.2145369284876905,0.2552301255230125,1.0,1.0,1.0,0.0,0.0,0.0,98,138.7674412727356
alpha,0.5,3,0.404627539503386,0.2536257516802264,1.0,0.5194300518134716,0.4884287454323995,0.5546334716459198,0.6677265500794912,0.5115712545676004,0.9610983981693364,98,137.9408655166626
alpha,0.75,1,1.0,1.0,1.0,0.0,0.0,0.0,0.0,0.0,0.0,98,139.71104168891907
alpha,0.75,2,0.2876884422110553,0.185650587758411,0.6387726638772664,0.1283851554663992,0.0846560846560846,0.2655601659751037,0.0,0.0,0.0,98,138.64564275741577
alpha,0.75,3,0.3333333333333333,0.2150668286755771,0.7405857740585774,0.6912045889101338,0.5281227173119065,1.0,0.4839424141749723,0.3192111029948867,1.0,98,137.27818179130554
alpha,1.0,1,0.2331210191082802,0.2145369284876905,0.2552301255230125,0.0,0.0,0.0,0.0,0.0,0.0,98,138.90156817436218
alpha,1.0,2,0.2876884422110553,0.185650587758411,0.6387726638772664,0.286158631415241,0.1760765550239234,0.7634854771784232,0.0,0.0,0.0,98,138.37500858306885
alpha,1.0,3,0.295,0.1841831425598335,0.7405857740585774,0.3462986198243413,0.2239350912778904,0.7634854771784232,0.2136457615437629,0.1257606490872211,0.7093821510297483,98,137.66385889053345
lambd,0.0,1,0.1044932079414838,0.2083333333333333,0.0697350069735007,0.0,0.0,0.0,0.0,0.0,0.0,98,138.59686183929443
lambd,0.0,2,0.2331210191082802,0.2145369284876905,0.2552301255230125,0.0,0.0,0.0,0.0,0.0,0.0,98,138.13101601600647
lambd,0.0,3,0.295,0.1841831425598335,0.7405857740585774,0.1336661120354964,0.083593479014915,0.3333333333333333,0.0102409638554216,0.0058966354491848,0.0389016018306636,98,138.447514295578
lambd,0.25,1,0.5573440643863179,1.0,0.3863319386331938,0.0,0.0,0.0,0.0,0.0,0.0,98,139.4712471961975
lambd,0.25,2,0.2331210191082802,0.2145369284876905,0.2552301255230125,1.0,1.0,1.0,0.0,0.0,0.0,98,138.05717086791992
lambd,0.25,3,0.295,0.1841831425598335,0.7405857740585774,0.1336661120354964,0.083593479014915,0.3333333333333333,0.0102409638554216,0.0058966354491848,0.0389016018306636,98,138.25643253326416
alpha,0.1,1,1.0,1.0,1.0,0.0,0.0,0.0,0.0,0.0,0.0,99,143.0733335018158
alpha,0.1,2,0.3742690058479532,0.2302158273381295,1.0,1.0,1.0,1.0,0.0,0.0,0.0,99,140.94448447227478
alpha,0.1,3,0.8514851485148515,0.887905604719764,0.8179347826086957,1.0,1.0,1.0,0.0,0.0,0.0,99,139.86545205116272
alpha,0.3,1,1.0,1.0,1.0,0.0,0.0,0.0,0.0,0.0,0.0,99,139.62282156944275
alpha,0.3,2,0.0,0.0,0.0,1.0,1.0,1.0,0.0,0.0,0.0,99,141.25139498710632
alpha,0.3,3,0.3282097649186257,0.2459349593495935,0.4932065217391304,1.0,1.0,1.0,0.0,0.0,0.0,99,140.88058590888977
alpha,0.5,1,1.0,1.0,1.0,0.0,0.0,0.0,0.0,0.0,0.0,99,138.3165843486786
alpha,0.5,2,0.3742690058479532,0.2302158273381295,1.0,1.0,1.0,1.0,0.0,0.0,0.0,99,136.69042420387268
alpha,0.5,3,1.0,1.0,1.0,1.0,1.0,1.0,0.1078431372549019,0.0694883133291219,0.2407002188183807,99,136.87108540534973
alpha,0.75,1,1.0,1.0,1.0,0.0,0.0,0.0,0.0,0.0,0.0,99,136.38630938529968
alpha,0.75,2,1.0,1.0,1.0,1.0,1.0,1.0,0.0,0.0,0.0,99,137.4637565612793
alpha,0.75,3,0.3262460787730917,0.2194092827004219,0.6358695652173914,0.6159029649595686,0.4644308943089431,0.914,0.6342817487855656,0.4644308943089431,1.0,99,136.79042387008667
alpha,1.0,1,1.0,1.0,1.0,0.0,0.0,0.0,0.0,0.0,0.0,99,136.21170043945312
alpha,1.0,2,0.5356622998544396,0.3658051689860835,1.0,1.0,1.0,1.0,0.0,0.0,0.0,99,136.3397979736328
alpha,1.0,3,0.3742690058479532,0.2302158273381295,1.0,0.6159029649595686,0.4644308943089431,0.914,0.6342817487855656,0.4644308943089431,1.0,99,137.72113132476807
lambd,0.0,1,0.0,0.0,0.0,0.0,0.0,0.0,0.0,0.0,0.0,99,136.4420771598816
lambd,0.0,2,0.0,0.0,0.0,0.0,0.0,0.0,0.0,0.0,0.0,99,136.89549803733826
lambd,0.0,3,0.2704918032786885,0.1863449691991786,0.4932065217391304,0.0351307189542483,0.0220739219712525,0.086,0.0,0.0,0.0,99,136.7568998336792
lambd,0.25,1,1.0,1.0,1.0,0.0,0.0,0.0,0.0,0.0,0.0,99,136.5640127658844
lambd,0.25,2,0.0,0.0,0.0,1.0,1.0,1.0,0.0,0.0,0.0,99,136.90111470222473
lambd,0.25,3,0.3778764634638675,0.2688110281447444,0.6358695652173914,1.0,1.0,1.0,0.0,0.0,0.0,99,137.8749656677246
lambd,0.5,1,1.0,1.0,1.0,0.0,0.0,0.0,0.0,0.0,0.0,99,136.48754358291626
lambd,0.5,2,0.3262460787730917,0.2194092827004219,0.6358695652173914,1.0,1.0,1.0,0.0,0.0,0.0,99,137.5545835494995
lambd,0.5,3,0.3778764634638675,0.2688110281447444,0.6358695652173914,0.0351307189542483,0.0220739219712525,0.086,1.0,1.0,1.0,99,136.93396949768066
lambd,1.0,1,1.0,1.0,1.0,0.0,0.0,0.0,0.0,0.0,0.0,99,136.69330286979675
lambd,1.0,2,0.3262460787730917,0.2194092827004219,0.6358695652173914,1.0,1.0,1.0,0.0,0.0,0.0,99,137.64372992515564
lambd,1.0,3,0.2704918032786885,0.1863449691991786,0.4932065217391304,1.0,1.0,1.0,1.0,1.0,1.0,99,136.3171808719635
lambd,2.5,1,1.0,1.0,1.0,0.0,0.0,0.0,0.0,0.0,0.0,99,136.4379358291626
lambd,2.5,2,1.0,1.0,1.0,1.0,1.0,1.0,0.0,0.0,0.0,99,136.69253301620483
lambd,2.5,3,0.2704918032786885,0.1863449691991786,0.4932065217391304,0.6159029649595686,0.4644308943089431,0.914,1.0,1.0,1.0,99,136.26419186592102
lambd,5.0,1,1.0,1.0,1.0,0.0,0.0,0.0,0.0,0.0,0.0,99,136.30805945396423
lambd,5.0,2,1.0,1.0,1.0,1.0,1.0,1.0,0.0,0.0,0.0,99,137.74104261398315
lambd,5.0,3,0.7076923076923077,0.5476190476190477,1.0,1.0,1.0,1.0,1.0,1.0,1.0,99,136.8731050491333
lambd,10.0,1,1.0,1.0,1.0,0.0,0.0,0.0,0.0,0.0,0.0,99,136.2656707763672
lambd,10.0,2,1.0,1.0,1.0,1.0,1.0,1.0,0.0,0.0,0.0,99,137.28386998176575
lambd,10.0,3,0.2704918032786885,0.1863449691991786,0.4932065217391304,0.0351307189542483,0.0220739219712525,0.086,1.0,1.0,1.0,99,137.63333320617676
