sampling_strategy,sample_size,sg_cardinality,sg_rule,best_rule,best_rule_idx,f1,precision,recall,seed
full,13485,1872,CUDA = 1 AND TextureMemory = 1 AND pixelPerThread = 3,pixelPerThread==3 AND OpenCL==0 AND TextureMemory==1,0,1.0,1.0,1.0,0
random_2,62,8,CUDA = 1 AND LocalMemory = 1 AND pixelPerThread = 2,Array2D==0 AND padding==128 AND Ldg==0 AND bs_128x1==0,0,0.0,0.0,0.0,0
random_5,155,28,CUDA = 1 AND TextureMemory = 1 AND pixelPerThread = 1,Array2D==0 AND pixelPerThread==1 AND OpenCL==0 AND TextureMemory==1,0,1.0,1.0,1.0,0
random_10,310,58,CUDA = 1 AND Ldg = 1 AND TextureMemory = 1,Array2D==0 AND CUDA==1 AND Ldg==1,0,1.0,1.0,1.0,0
random_20,620,78,CUDA = 1 AND TextureMemory = 1 AND pixelPerThread = 4,pixelPerThread==4 AND OpenCL==0 AND TextureMemory==1,2,1.0,1.0,1.0,0
2-wise,380,73,CUDA = 1 AND Linear2D = 1 AND TextureMemory = 1,Array2D==0 AND CUDA==1 AND Linear2D==1,0,1.0,1.0,1.0,0
3-wise,2039,206,CUDA = 1 AND LocalMemory = 1 AND pixelPerThread = 2,pixelPerThread==2 AND LocalMemory==1 AND OpenCL==0,0,1.0,1.0,1.0,0
4-wise,6771,1191,CUDA = 1 AND TextureMemory = 1 AND pixelPerThread = 2,pixelPerThread==2 AND OpenCL==0 AND TextureMemory==1,0,1.0,1.0,1.0,0
full,13485,2184,CUDA = 1 AND TextureMemory = 1 AND pixelPerThread = 1,pixelPerThread==1 AND OpenCL==0 AND TextureMemory==1,0,1.0,1.0,1.0,10
random_2,62,8,CUDA = 1 AND TextureMemory = 1 AND pixelPerThread = 1,CUDA==1 AND pixelPerThread==1 AND OpenCL==0 AND TextureMemory==1,0,1.0,1.0,1.0,10
random_5,155,30,CUDA = 1 AND TextureMemory = 1 AND pixelPerThread = 1,CUDA==1 AND pixelPerThread==1 AND TextureMemory==1 AND bs_128x1==0,0,1.0,1.0,1.0,10
random_10,310,49,CUDA = 1 AND TextureMemory = 1 AND pixelPerThread = 1,CUDA==1 AND pixelPerThread==1 AND TextureMemory==1,0,1.0,1.0,1.0,10
random_20,620,119,CUDA = 1 AND TextureMemory = 1 AND pixelPerThread = 1,pixelPerThread==1 AND OpenCL==0 AND TextureMemory==1,0,1.0,1.0,1.0,10
2-wise,368,73,CUDA = 1 AND TextureMemory = 1 AND pixelPerThread = 1,pixelPerThread==1 AND OpenCL==0 AND TextureMemory==1,0,1.0,1.0,1.0,10
3-wise,2051,359,CUDA = 1 AND TextureMemory = 1 AND pixelPerThread = 1,pixelPerThread==1 AND OpenCL==0 AND TextureMemory==1,0,1.0,1.0,1.0,10
4-wise,6743,1202,CUDA = 1 AND TextureMemory = 1 AND pixelPerThread = 1,pixelPerThread==1 AND OpenCL==0 AND TextureMemory==1,0,1.0,1.0,1.0,10
full,13485,2132,CUDA = 1 AND TextureMemory = 1 AND pixelPerThread = 2,pixelPerThread==2 AND OpenCL==0 AND TextureMemory==1,0,1.0,1.0,1.0,11
random_2,62,9,CUDA = 1 AND TextureMemory = 1 AND pixelPerThread = 2,bs_256x1==0 AND bs_64x16==0 AND bs_64x4==0 AND Ldg==1,0,0.7272727272727274,0.6153846153846154,0.8888888888888888,11
random_5,155,33,CUDA = 1 AND TextureMemory = 1 AND pixelPerThread = 2,Array2D==1 AND Ldg==0 AND LocalMemory==1,0,0.0,0.0,0.0,11
random_10,310,40,CUDA = 1 AND TextureMemory = 1 AND pixelPerThread = 2,bs_256x1==0 AND bs_512x2==0 AND padding==512 AND TextureMemory==0,0,0.0,0.0,0.0,11
random_20,620,96,CUDA = 1 AND TextureMemory = 1 AND pixelPerThread = 2,pixelPerThread==2 AND OpenCL==0 AND TextureMemory==1,2,1.0,1.0,1.0,11
2-wise,376,65,CUDA = 1 AND TextureMemory = 1 AND pixelPerThread = 2,pixelPerThread==2 AND TextureMemory==1 AND bs_1024x1==0,1,0.992248062015504,1.0,0.9846153846153848,11
3-wise,2037,366,CUDA = 1 AND TextureMemory = 1 AND pixelPerThread = 2,pixelPerThread==2 AND OpenCL==0 AND TextureMemory==1,0,1.0,1.0,1.0,11
4-wise,6772,1191,CUDA = 1 AND TextureMemory = 1 AND pixelPerThread = 2,pixelPerThread==2 AND OpenCL==0 AND TextureMemory==1,0,1.0,1.0,1.0,11
full,13485,2635,CUDA = 1 AND Linear2D = 1 AND TextureMemory = 1,Array2D==0 AND CUDA==1 AND Linear2D==1,0,1.0,1.0,1.0,12
random_2,62,9,CUDA = 1 AND Linear2D = 1 AND TextureMemory = 1,Array2D==0 AND CUDA==1 AND Linear2D==1,0,1.0,1.0,1.0,12
random_5,155,31,CUDA = 1 AND Linear2D = 1 AND TextureMemory = 1,Array2D==0 AND CUDA==1 AND Linear2D==1,0,1.0,1.0,1.0,12
random_10,310,61,CUDA = 1 AND Linear2D = 1 AND TextureMemory = 1,Array2D==0 AND CUDA==1 AND Linear2D==1,0,1.0,1.0,1.0,12
random_20,620,114,CUDA = 1 AND Linear2D = 1 AND TextureMemory = 1,Array2D==0 AND CUDA==1 AND Linear2D==1,0,1.0,1.0,1.0,12
2-wise,377,75,CUDA = 1 AND Linear2D = 1 AND TextureMemory = 1,Array2D==0 AND CUDA==1 AND Linear2D==1,0,1.0,1.0,1.0,12
3-wise,2040,450,CUDA = 1 AND Linear2D = 1 AND TextureMemory = 1,Array2D==0 AND CUDA==1 AND Linear2D==1,0,1.0,1.0,1.0,12
4-wise,6789,1529,CUDA = 1 AND Linear2D = 1 AND TextureMemory = 1,Array2D==0 AND CUDA==1 AND Linear2D==1,0,1.0,1.0,1.0,12
full,13485,2635,CUDA = 1 AND Linear1D = 1 AND TextureMemory = 1,Array2D==0 AND CUDA==1 AND Linear1D==1,0,1.0,1.0,1.0,13
random_2,62,6,CUDA = 1 AND Linear1D = 1 AND TextureMemory = 1,bs_128x4==0 AND bs_64x2==0 AND padding==0 AND TextureMemory==1,0,0.0,0.0,0.0,13
random_5,155,25,CUDA = 1 AND Linear1D = 1 AND TextureMemory = 1,Array2D==0 AND CUDA==1 AND Linear1D==1,1,1.0,1.0,1.0,13
random_10,310,64,CUDA = 1 AND Linear1D = 1 AND TextureMemory = 1,Array2D==0 AND CUDA==1 AND Linear1D==1,2,1.0,1.0,1.0,13
random_20,620,121,CUDA = 1 AND Linear1D = 1 AND TextureMemory = 1,Array2D==0 AND CUDA==1 AND Linear1D==1,2,1.0,1.0,1.0,13
2-wise,375,79,CUDA = 1 AND Linear1D = 1 AND TextureMemory = 1,Array2D==0 AND CUDA==1 AND Linear1D==1,0,1.0,1.0,1.0,13
3-wise,2043,446,CUDA = 1 AND Linear1D = 1 AND TextureMemory = 1,Array2D==0 AND CUDA==1 AND Linear1D==1,0,1.0,1.0,1.0,13
4-wise,6770,1522,CUDA = 1 AND Linear1D = 1 AND TextureMemory = 1,Array2D==0 AND CUDA==1 AND Linear1D==1,0,1.0,1.0,1.0,13
full,13485,1872,CUDA = 1 AND TextureMemory = 1 AND pixelPerThread = 4,pixelPerThread==4 AND OpenCL==0 AND TextureMemory==1,0,1.0,1.0,1.0,14
random_2,62,8,CUDA = 1 AND TextureMemory = 1 AND pixelPerThread = 4,Array2D==0 AND pixelPerThread==4 AND TextureMemory==1 AND bs_128x1==0,0,1.0,1.0,1.0,14
random_5,155,20,CUDA = 1 AND TextureMemory = 1 AND pixelPerThread = 4,CUDA==1 AND pixelPerThread==4 AND TextureMemory==1 AND bs_1024x1==0,0,1.0,1.0,1.0,14
random_10,310,48,CUDA = 1 AND TextureMemory = 1 AND pixelPerThread = 4,Array2D==0 AND pixelPerThread==4 AND TextureMemory==1 AND bs_1024x1==0,0,1.0,1.0,1.0,14
random_20,620,102,CUDA = 1 AND TextureMemory = 1 AND pixelPerThread = 4,CUDA==1 AND pixelPerThread==4 AND OpenCL==0 AND TextureMemory==1,0,1.0,1.0,1.0,14
2-wise,373,57,CUDA = 1 AND TextureMemory = 1 AND pixelPerThread = 4,CUDA==1 AND pixelPerThread==4 AND TextureMemory==1,0,1.0,1.0,1.0,14
3-wise,2045,330,CUDA = 1 AND TextureMemory = 1 AND pixelPerThread = 4,pixelPerThread==4 AND OpenCL==0 AND TextureMemory==1,0,1.0,1.0,1.0,14
4-wise,6768,1152,CUDA = 1 AND TextureMemory = 1 AND pixelPerThread = 4,pixelPerThread==4 AND OpenCL==0 AND TextureMemory==1,0,1.0,1.0,1.0,14
full,13485,2132,CUDA = 1 AND TextureMemory = 1 AND pixelPerThread = 2,pixelPerThread==2 AND OpenCL==0 AND TextureMemory==1,0,1.0,1.0,1.0,15
random_2,62,4,CUDA = 1 AND TextureMemory = 1 AND pixelPerThread = 2,Array2D==0 AND CUDA==0 AND pixelPerThread==2 AND LocalMemory==1,0,0.0,0.0,0.0,15
random_5,155,25,CUDA = 1 AND TextureMemory = 1 AND pixelPerThread = 2,Array2D==0 AND pixelPerThread==2 AND TextureMemory==1 AND bs_1024x1==0,0,1.0,1.0,1.0,15
random_10,310,34,CUDA = 1 AND TextureMemory = 1 AND pixelPerThread = 2,CUDA==1 AND pixelPerThread==2 AND TextureMemory==1 AND bs_1024x1==0,0,1.0,1.0,1.0,15
random_20,620,80,CUDA = 1 AND TextureMemory = 1 AND pixelPerThread = 2,pixelPerThread==2 AND OpenCL==0 AND TextureMemory==1 AND bs_1024x1==0,4,1.0,1.0,1.0,15
2-wise,375,69,CUDA = 1 AND TextureMemory = 1 AND pixelPerThread = 2,pixelPerThread==2 AND OpenCL==0 AND TextureMemory==1,0,1.0,1.0,1.0,15
3-wise,2039,370,CUDA = 1 AND TextureMemory = 1 AND pixelPerThread = 2,pixelPerThread==2 AND OpenCL==0 AND TextureMemory==1,0,1.0,1.0,1.0,15
4-wise,6765,1187,CUDA = 1 AND TextureMemory = 1 AND pixelPerThread = 2,pixelPerThread==2 AND OpenCL==0 AND TextureMemory==1,0,1.0,1.0,1.0,15
full,13485,1449,CUDA = 1 AND LocalMemory = 1 AND pixelPerThread = 1,pixelPerThread==1 AND LocalMemory==1 AND OpenCL==0,0,1.0,1.0,1.0,16
random_2,62,5,CUDA = 1 AND LocalMemory = 1 AND pixelPerThread = 1,CUDA==1 AND pixelPerThread==1 AND LocalMemory==1 AND bs_128x1==0,0,1.0,1.0,1.0,16
random_5,155,17,CUDA = 1 AND LocalMemory = 1 AND pixelPerThread = 1,CUDA==1 AND pixelPerThread==1 AND LocalMemory==1 AND OpenCL==0,0,1.0,1.0,1.0,16
random_10,310,37,CUDA = 1 AND LocalMemory = 1 AND pixelPerThread = 1,CUDA==1 AND pixelPerThread==1 AND LocalMemory==1 AND bs_1024x1==0,0,1.0,1.0,1.0,16
random_20,620,61,CUDA = 1 AND LocalMemory = 1 AND pixelPerThread = 1,CUDA==1 AND pixelPerThread==1 AND LocalMemory==1,0,1.0,1.0,1.0,16
2-wise,382,50,CUDA = 1 AND LocalMemory = 1 AND pixelPerThread = 1,pixelPerThread==1 AND LocalMemory==1 AND OpenCL==0,0,1.0,1.0,1.0,16
3-wise,2062,232,CUDA = 1 AND LocalMemory = 1 AND pixelPerThread = 1,pixelPerThread==1 AND LocalMemory==1 AND OpenCL==0,0,1.0,1.0,1.0,16
4-wise,6799,754,CUDA = 1 AND LocalMemory = 1 AND pixelPerThread = 1,pixelPerThread==1 AND LocalMemory==1 AND OpenCL==0,0,1.0,1.0,1.0,16
full,13485,1872,CUDA = 1 AND TextureMemory = 1 AND pixelPerThread = 3,pixelPerThread==3 AND OpenCL==0 AND TextureMemory==1,0,1.0,1.0,1.0,17
random_2,62,6,CUDA = 1 AND TextureMemory = 1 AND pixelPerThread = 3,Array2D==0 AND pixelPerThread==3 AND TextureMemory==1 AND bs_128x1==0,0,1.0,1.0,1.0,17
random_5,155,20,CUDA = 1 AND TextureMemory = 1 AND pixelPerThread = 3,Array2D==0 AND pixelPerThread==3 AND TextureMemory==1 AND bs_128x1==0,0,1.0,1.0,1.0,17
random_10,310,56,CUDA = 1 AND TextureMemory = 1 AND pixelPerThread = 3,CUDA==1 AND pixelPerThread==3 AND OpenCL==0 AND TextureMemory==1,0,1.0,1.0,1.0,17
random_20,620,103,CUDA = 1 AND TextureMemory = 1 AND pixelPerThread = 3,pixelPerThread==3 AND OpenCL==0 AND TextureMemory==1,0,1.0,1.0,1.0,17
2-wise,369,59,CUDA = 1 AND TextureMemory = 1 AND pixelPerThread = 3,CUDA==1 AND pixelPerThread==3 AND TextureMemory==1,0,1.0,1.0,1.0,17
3-wise,2054,350,CUDA = 1 AND TextureMemory = 1 AND pixelPerThread = 3,pixelPerThread==3 AND OpenCL==0 AND TextureMemory==1,0,1.0,1.0,1.0,17
4-wise,6803,1157,CUDA = 1 AND TextureMemory = 1 AND pixelPerThread = 3,pixelPerThread==3 AND OpenCL==0 AND TextureMemory==1,0,1.0,1.0,1.0,17
full,13485,2635,CUDA = 1 AND Linear1D = 1 AND TextureMemory = 1,Array2D==0 AND CUDA==1 AND Linear1D==1,0,1.0,1.0,1.0,18
random_2,62,11,CUDA = 1 AND Linear1D = 1 AND TextureMemory = 1,Array2D==0 AND CUDA==1 AND Linear1D==1,0,1.0,1.0,1.0,18
random_5,155,23,CUDA = 1 AND Linear1D = 1 AND TextureMemory = 1,Array2D==0 AND CUDA==1 AND Linear1D==1,0,1.0,1.0,1.0,18
random_10,310,54,CUDA = 1 AND Linear1D = 1 AND TextureMemory = 1,Array2D==0 AND CUDA==1 AND Linear1D==1,0,1.0,1.0,1.0,18
random_20,620,112,CUDA = 1 AND Linear1D = 1 AND TextureMemory = 1,Array2D==0 AND CUDA==1 AND Linear1D==1,0,1.0,1.0,1.0,18
2-wise,373,72,CUDA = 1 AND Linear1D = 1 AND TextureMemory = 1,Array2D==0 AND CUDA==1 AND Linear1D==1,0,1.0,1.0,1.0,18
3-wise,2034,437,CUDA = 1 AND Linear1D = 1 AND TextureMemory = 1,Array2D==0 AND CUDA==1 AND Linear1D==1,0,1.0,1.0,1.0,18
4-wise,6741,1522,CUDA = 1 AND Linear1D = 1 AND TextureMemory = 1,Array2D==0 AND CUDA==1 AND Linear1D==1,0,1.0,1.0,1.0,18
full,13485,1380,CUDA = 1 AND LocalMemory = 1 AND pixelPerThread = 2,pixelPerThread==2 AND LocalMemory==1 AND OpenCL==0,0,1.0,1.0,1.0,19
random_2,62,8,CUDA = 1 AND LocalMemory = 1 AND pixelPerThread = 2,bs_128x2==0 AND padding==448 AND Linear2D==0 AND bs_1024x1==0,0,0.0,0.0,0.0,19
random_5,155,15,CUDA = 1 AND LocalMemory = 1 AND pixelPerThread = 2,pixelPerThread==4 AND LocalMemory==1 AND OpenCL==0 AND TextureMemory==0,0,0.0,0.0,0.0,19
random_10,310,32,CUDA = 1 AND LocalMemory = 1 AND pixelPerThread = 2,bs_256x2==0 AND padding==288 AND LocalMemory==0 AND TextureMemory==1,0,0.0,0.0,0.0,19
random_20,620,55,CUDA = 1 AND LocalMemory = 1 AND pixelPerThread = 2,pixelPerThread==2 AND LocalMemory==1 AND OpenCL==0 AND bs_1024x1==0,2,1.0,1.0,1.0,19
2-wise,380,51,CUDA = 1 AND LocalMemory = 1 AND pixelPerThread = 2,Array2D==0 AND bs_128x8==1 AND Ldg==1 AND pixelPerThread==4,0,0.0,0.0,0.0,19
3-wise,2043,206,CUDA = 1 AND LocalMemory = 1 AND pixelPerThread = 2,pixelPerThread==2 AND LocalMemory==1 AND OpenCL==0,0,1.0,1.0,1.0,19
4-wise,6801,671,CUDA = 1 AND LocalMemory = 1 AND pixelPerThread = 2,pixelPerThread==2 AND LocalMemory==1 AND OpenCL==0,0,1.0,1.0,1.0,19
full,13485,2184,CUDA = 1 AND TextureMemory = 1 AND pixelPerThread = 1,pixelPerThread==1 AND OpenCL==0 AND TextureMemory==1,1,1.0,1.0,1.0,1
random_2,62,7,CUDA = 1 AND TextureMemory = 1 AND pixelPerThread = 1,Array2D==0 AND CUDA==1 AND padding==416 AND Linear2D==1,0,0.0,0.0,0.0,1
random_5,155,25,CUDA = 1 AND TextureMemory = 1 AND pixelPerThread = 1,Array2D==0 AND bs_64x8==1 AND Linear1D==1 AND Linear2D==0,0,0.0,0.0,0.0,1
random_10,310,48,CUDA = 1 AND TextureMemory = 1 AND pixelPerThread = 1,padding==256 AND pixelPerThread==2 AND Linear2D==0 AND TextureMemory==1,0,0.0,0.0,0.0,1
random_20,620,96,CUDA = 1 AND TextureMemory = 1 AND pixelPerThread = 1,padding==64 AND Ldg==0 AND pixelPerThread==3 AND LocalMemory==1,0,0.0,0.0,0.0,1
2-wise,376,68,CUDA = 1 AND TextureMemory = 1 AND pixelPerThread = 1,Array2D==0 AND bs_64x4==1 AND Linear1D==1 AND TextureMemory==1,0,0.0,0.0,0.0,1
3-wise,2031,383,CUDA = 1 AND TextureMemory = 1 AND pixelPerThread = 1,pixelPerThread==1 AND OpenCL==0 AND TextureMemory==1,0,1.0,1.0,1.0,1
4-wise,6792,1208,CUDA = 1 AND TextureMemory = 1 AND pixelPerThread = 1,pixelPerThread==1 AND OpenCL==0 AND TextureMemory==1,0,1.0,1.0,1.0,1
full,13485,2184,CUDA = 1 AND TextureMemory = 1 AND pixelPerThread = 1,pixelPerThread==1 AND OpenCL==0 AND TextureMemory==1,0,1.0,1.0,1.0,20
random_2,62,12,CUDA = 1 AND TextureMemory = 1 AND pixelPerThread = 1,bs_256x1==0 AND bs_32x1==0 AND bs_64x1==0 AND pixelPerThread==1,0,0.96,0.9230769230769232,1.0,20
random_5,155,24,CUDA = 1 AND TextureMemory = 1 AND pixelPerThread = 1,CUDA==1 AND pixelPerThread==1 AND TextureMemory==1,0,1.0,1.0,1.0,20
random_10,310,43,CUDA = 1 AND TextureMemory = 1 AND pixelPerThread = 1,Array2D==0 AND pixelPerThread==1 AND OpenCL==0 AND TextureMemory==1,0,1.0,1.0,1.0,20
random_20,620,103,CUDA = 1 AND TextureMemory = 1 AND pixelPerThread = 1,CUDA==1 AND pixelPerThread==1 AND TextureMemory==1,0,1.0,1.0,1.0,20
2-wise,372,59,CUDA = 1 AND TextureMemory = 1 AND pixelPerThread = 1,CUDA==1 AND pixelPerThread==1 AND TextureMemory==1,0,1.0,1.0,1.0,20
3-wise,2039,371,CUDA = 1 AND TextureMemory = 1 AND pixelPerThread = 1,pixelPerThread==1 AND OpenCL==0 AND TextureMemory==1,0,1.0,1.0,1.0,20
4-wise,6767,1201,CUDA = 1 AND TextureMemory = 1 AND pixelPerThread = 1,pixelPerThread==1 AND OpenCL==0 AND TextureMemory==1,0,1.0,1.0,1.0,20
full,13485,2132,CUDA = 1 AND TextureMemory = 1 AND pixelPerThread = 2,pixelPerThread==2 AND OpenCL==0 AND TextureMemory==1,0,1.0,1.0,1.0,21
random_2,62,9,CUDA = 1 AND TextureMemory = 1 AND pixelPerThread = 2,Array2D==0 AND pixelPerThread==2 AND TextureMemory==1 AND bs_128x1==0,0,1.0,1.0,1.0,21
random_5,155,38,CUDA = 1 AND TextureMemory = 1 AND pixelPerThread = 2,Array2D==0 AND pixelPerThread==2 AND TextureMemory==1 AND bs_128x1==0,0,1.0,1.0,1.0,21
random_10,310,49,CUDA = 1 AND TextureMemory = 1 AND pixelPerThread = 2,Array2D==0 AND pixelPerThread==2 AND TextureMemory==1,0,1.0,1.0,1.0,21
random_20,620,108,CUDA = 1 AND TextureMemory = 1 AND pixelPerThread = 2,CUDA==1 AND pixelPerThread==2 AND TextureMemory==1,0,1.0,1.0,1.0,21
2-wise,372,55,CUDA = 1 AND TextureMemory = 1 AND pixelPerThread = 2,pixelPerThread==2 AND OpenCL==0 AND TextureMemory==1,0,1.0,1.0,1.0,21
3-wise,2060,376,CUDA = 1 AND TextureMemory = 1 AND pixelPerThread = 2,pixelPerThread==2 AND OpenCL==0 AND TextureMemory==1,0,1.0,1.0,1.0,21
4-wise,6733,1184,CUDA = 1 AND TextureMemory = 1 AND pixelPerThread = 2,pixelPerThread==2 AND OpenCL==0 AND TextureMemory==1,0,1.0,1.0,1.0,21
full,13485,1449,CUDA = 1 AND LocalMemory = 1 AND pixelPerThread = 1,pixelPerThread==1 AND LocalMemory==1 AND OpenCL==0,0,1.0,1.0,1.0,22
random_2,62,3,CUDA = 1 AND LocalMemory = 1 AND pixelPerThread = 1,bs_128x2==0 AND bs_256x1==0 AND LocalMemory==1 AND TextureMemory==0,0,0.6666666666666666,0.5,1.0,22
random_5,155,20,CUDA = 1 AND LocalMemory = 1 AND pixelPerThread = 1,CUDA==1 AND pixelPerThread==1 AND LocalMemory==1 AND OpenCL==0,0,1.0,1.0,1.0,22
random_10,310,39,CUDA = 1 AND LocalMemory = 1 AND pixelPerThread = 1,CUDA==1 AND pixelPerThread==1 AND LocalMemory==1 AND bs_1024x1==0,0,1.0,1.0,1.0,22
random_20,620,73,CUDA = 1 AND LocalMemory = 1 AND pixelPerThread = 1,pixelPerThread==1 AND LocalMemory==1 AND OpenCL==0,0,1.0,1.0,1.0,22
2-wise,379,39,CUDA = 1 AND LocalMemory = 1 AND pixelPerThread = 1,CUDA==1 AND pixelPerThread==1 AND LocalMemory==1,0,1.0,1.0,1.0,22
3-wise,2055,231,CUDA = 1 AND LocalMemory = 1 AND pixelPerThread = 1,pixelPerThread==1 AND LocalMemory==1 AND OpenCL==0,0,1.0,1.0,1.0,22
4-wise,6734,722,CUDA = 1 AND LocalMemory = 1 AND pixelPerThread = 1,pixelPerThread==1 AND LocalMemory==1 AND OpenCL==0,0,1.0,1.0,1.0,22
full,13485,1449,CUDA = 1 AND LocalMemory = 1 AND pixelPerThread = 1,pixelPerThread==1 AND LocalMemory==1 AND OpenCL==0,0,1.0,1.0,1.0,23
random_2,62,5,CUDA = 1 AND LocalMemory = 1 AND pixelPerThread = 1,Array2D==0 AND pixelPerThread==1 AND LocalMemory==1 AND bs_1024x1==0,0,1.0,1.0,1.0,23
random_5,155,19,CUDA = 1 AND LocalMemory = 1 AND pixelPerThread = 1,CUDA==1 AND pixelPerThread==1 AND LocalMemory==1 AND OpenCL==0,0,1.0,1.0,1.0,23
random_10,310,41,CUDA = 1 AND LocalMemory = 1 AND pixelPerThread = 1,CUDA==1 AND pixelPerThread==1 AND LocalMemory==1 AND OpenCL==0,0,1.0,1.0,1.0,23
random_20,620,81,CUDA = 1 AND LocalMemory = 1 AND pixelPerThread = 1,pixelPerThread==1 AND LocalMemory==1 AND OpenCL==0,0,1.0,1.0,1.0,23
2-wise,378,37,CUDA = 1 AND LocalMemory = 1 AND pixelPerThread = 1,CUDA==1 AND pixelPerThread==1 AND LocalMemory==1 AND OpenCL==0,0,1.0,1.0,1.0,23
3-wise,2047,201,CUDA = 1 AND LocalMemory = 1 AND pixelPerThread = 1,pixelPerThread==1 AND LocalMemory==1 AND OpenCL==0,0,1.0,1.0,1.0,23
4-wise,6772,724,CUDA = 1 AND LocalMemory = 1 AND pixelPerThread = 1,pixelPerThread==1 AND LocalMemory==1 AND OpenCL==0,0,1.0,1.0,1.0,23
full,13485,1872,CUDA = 1 AND TextureMemory = 1 AND pixelPerThread = 4,pixelPerThread==4 AND OpenCL==0 AND TextureMemory==1,0,1.0,1.0,1.0,24
random_2,62,11,CUDA = 1 AND TextureMemory = 1 AND pixelPerThread = 4,bs_32x8==0 AND pixelPerThread==4 AND OpenCL==0 AND bs_128x1==0,0,0.9090909090909092,0.9090909090909092,0.9090909090909092,24
random_5,155,32,CUDA = 1 AND TextureMemory = 1 AND pixelPerThread = 4,CUDA==1 AND pixelPerThread==4 AND OpenCL==0 AND TextureMemory==1,0,1.0,1.0,1.0,24
random_10,310,41,CUDA = 1 AND TextureMemory = 1 AND pixelPerThread = 4,Array2D==0 AND pixelPerThread==4 AND TextureMemory==1,0,1.0,1.0,1.0,24
random_20,620,71,CUDA = 1 AND TextureMemory = 1 AND pixelPerThread = 4,CUDA==1 AND pixelPerThread==4 AND TextureMemory==1,0,1.0,1.0,1.0,24
2-wise,377,44,CUDA = 1 AND TextureMemory = 1 AND pixelPerThread = 4,bs_512x2==0 AND pixelPerThread==4 AND OpenCL==0 AND TextureMemory==1,0,1.0,1.0,1.0,24
3-wise,2027,351,CUDA = 1 AND TextureMemory = 1 AND pixelPerThread = 4,pixelPerThread==4 AND OpenCL==0 AND TextureMemory==1,0,1.0,1.0,1.0,24
4-wise,6785,1156,CUDA = 1 AND TextureMemory = 1 AND pixelPerThread = 4,pixelPerThread==4 AND OpenCL==0 AND TextureMemory==1,0,1.0,1.0,1.0,24
full,13485,1380,CUDA = 1 AND LocalMemory = 1 AND pixelPerThread = 2,pixelPerThread==2 AND LocalMemory==1 AND OpenCL==0,0,1.0,1.0,1.0,25
random_2,62,2,CUDA = 1 AND LocalMemory = 1 AND pixelPerThread = 2,CUDA==1 AND pixelPerThread==2 AND Linear2D==0 AND LocalMemory==1,0,1.0,1.0,1.0,25
random_5,155,17,CUDA = 1 AND LocalMemory = 1 AND pixelPerThread = 2,CUDA==1 AND pixelPerThread==2 AND LocalMemory==1 AND bs_128x1==0,0,1.0,1.0,1.0,25
random_10,310,32,CUDA = 1 AND LocalMemory = 1 AND pixelPerThread = 2,CUDA==1 AND pixelPerThread==2 AND LocalMemory==1 AND bs_1024x1==0,0,1.0,1.0,1.0,25
random_20,620,60,CUDA = 1 AND LocalMemory = 1 AND pixelPerThread = 2,CUDA==1 AND pixelPerThread==2 AND LocalMemory==1 AND bs_1024x1==0,0,1.0,1.0,1.0,25
2-wise,375,40,CUDA = 1 AND LocalMemory = 1 AND pixelPerThread = 2,pixelPerThread==2 AND LocalMemory==1 AND OpenCL==0 AND bs_1024x1==0,0,1.0,1.0,1.0,25
3-wise,2048,206,CUDA = 1 AND LocalMemory = 1 AND pixelPerThread = 2,pixelPerThread==2 AND LocalMemory==1 AND OpenCL==0,0,1.0,1.0,1.0,25
4-wise,6773,653,CUDA = 1 AND LocalMemory = 1 AND pixelPerThread = 2,pixelPerThread==2 AND LocalMemory==1 AND OpenCL==0,0,1.0,1.0,1.0,25
full,13485,1380,CUDA = 1 AND LocalMemory = 1 AND pixelPerThread = 2,pixelPerThread==2 AND LocalMemory==1 AND OpenCL==0,0,1.0,1.0,1.0,26
random_2,62,9,CUDA = 1 AND LocalMemory = 1 AND pixelPerThread = 2,CUDA==1 AND pixelPerThread==2 AND LocalMemory==1 AND bs_1024x1==0,0,1.0,1.0,1.0,26
random_5,155,15,CUDA = 1 AND LocalMemory = 1 AND pixelPerThread = 2,CUDA==1 AND pixelPerThread==2 AND LocalMemory==1 AND bs_128x1==0,0,1.0,1.0,1.0,26
random_10,310,35,CUDA = 1 AND LocalMemory = 1 AND pixelPerThread = 2,CUDA==1 AND pixelPerThread==2 AND LocalMemory==1 AND bs_1024x1==0,0,1.0,1.0,1.0,26
random_20,620,70,CUDA = 1 AND LocalMemory = 1 AND pixelPerThread = 2,pixelPerThread==2 AND LocalMemory==1 AND OpenCL==0 AND bs_1024x1==0,0,1.0,1.0,1.0,26
2-wise,372,36,CUDA = 1 AND LocalMemory = 1 AND pixelPerThread = 2,CUDA==1 AND pixelPerThread==2 AND LocalMemory==1 AND bs_1024x1==0,0,1.0,1.0,1.0,26
3-wise,2054,206,CUDA = 1 AND LocalMemory = 1 AND pixelPerThread = 2,pixelPerThread==2 AND LocalMemory==1 AND OpenCL==0,0,1.0,1.0,1.0,26
4-wise,6776,623,CUDA = 1 AND LocalMemory = 1 AND pixelPerThread = 2,pixelPerThread==2 AND LocalMemory==1 AND OpenCL==0,0,1.0,1.0,1.0,26
full,13485,2132,CUDA = 1 AND TextureMemory = 1 AND pixelPerThread = 2,pixelPerThread==2 AND OpenCL==0 AND TextureMemory==1,0,1.0,1.0,1.0,27
random_2,62,10,CUDA = 1 AND TextureMemory = 1 AND pixelPerThread = 2,Array2D==0 AND pixelPerThread==2 AND TextureMemory==1 AND bs_1024x1==0,0,1.0,1.0,1.0,27
random_5,155,15,CUDA = 1 AND TextureMemory = 1 AND pixelPerThread = 2,Array2D==0 AND pixelPerThread==2 AND TextureMemory==1 AND bs_128x1==0,0,1.0,1.0,1.0,27
random_10,310,65,CUDA = 1 AND TextureMemory = 1 AND pixelPerThread = 2,pixelPerThread==2 AND OpenCL==0 AND TextureMemory==1,0,1.0,1.0,1.0,27
random_20,620,107,CUDA = 1 AND TextureMemory = 1 AND pixelPerThread = 2,pixelPerThread==2 AND OpenCL==0 AND TextureMemory==1,0,1.0,1.0,1.0,27
2-wise,379,59,CUDA = 1 AND TextureMemory = 1 AND pixelPerThread = 2,CUDA==1 AND pixelPerThread==2 AND TextureMemory==1,0,1.0,1.0,1.0,27
3-wise,2051,348,CUDA = 1 AND TextureMemory = 1 AND pixelPerThread = 2,pixelPerThread==2 AND OpenCL==0 AND TextureMemory==1,0,1.0,1.0,1.0,27
4-wise,6815,1209,CUDA = 1 AND TextureMemory = 1 AND pixelPerThread = 2,pixelPerThread==2 AND OpenCL==0 AND TextureMemory==1,0,1.0,1.0,1.0,27
full,13485,2184,CUDA = 1 AND TextureMemory = 1 AND pixelPerThread = 1,pixelPerThread==1 AND OpenCL==0 AND TextureMemory==1,0,1.0,1.0,1.0,28
random_2,62,8,CUDA = 1 AND TextureMemory = 1 AND pixelPerThread = 1,Array2D==0 AND pixelPerThread==1 AND TextureMemory==1 AND bs_128x1==0,0,1.0,1.0,1.0,28
random_5,155,27,CUDA = 1 AND TextureMemory = 1 AND pixelPerThread = 1,Array2D==0 AND pixelPerThread==1 AND OpenCL==0 AND TextureMemory==1,0,1.0,1.0,1.0,28
random_10,310,50,CUDA = 1 AND TextureMemory = 1 AND pixelPerThread = 1,CUDA==1 AND pixelPerThread==1 AND TextureMemory==1,0,1.0,1.0,1.0,28
random_20,620,96,CUDA = 1 AND TextureMemory = 1 AND pixelPerThread = 1,CUDA==1 AND pixelPerThread==1 AND TextureMemory==1,0,1.0,1.0,1.0,28
2-wise,380,76,CUDA = 1 AND TextureMemory = 1 AND pixelPerThread = 1,pixelPerThread==1 AND OpenCL==0 AND TextureMemory==1,0,1.0,1.0,1.0,28
3-wise,2037,389,CUDA = 1 AND TextureMemory = 1 AND pixelPerThread = 1,pixelPerThread==1 AND OpenCL==0 AND TextureMemory==1,0,1.0,1.0,1.0,28
4-wise,6779,1209,CUDA = 1 AND TextureMemory = 1 AND pixelPerThread = 1,pixelPerThread==1 AND OpenCL==0 AND TextureMemory==1,0,1.0,1.0,1.0,28
full,13485,2635,CUDA = 1 AND Linear2D = 1 AND TextureMemory = 1,bs_32x16==1 AND padding==192 AND Linear1D==1 AND LocalMemory==0,0,0.0,0.0,0.0,29
random_2,62,9,CUDA = 1 AND Linear2D = 1 AND TextureMemory = 1,pixelPerThread==1 AND LocalMemory==0 AND TextureMemory==1 AND bs_128x1==0,0,0.0,0.0,0.0,29
random_5,155,27,CUDA = 1 AND Linear2D = 1 AND TextureMemory = 1,bs_128x4==0 AND bs_256x1==0 AND pixelPerThread==4 AND OpenCL==1,0,0.0,0.0,0.0,29
random_10,310,53,CUDA = 1 AND Linear2D = 1 AND TextureMemory = 1,bs_128x8==0 AND padding==160 AND pixelPerThread==3 AND OpenCL==0,0,0.0,0.0,0.0,29
random_20,620,116,CUDA = 1 AND Linear2D = 1 AND TextureMemory = 1,Array2D==0 AND bs_32x16==1 AND padding==32 AND Linear2D==0,0,0.0,0.0,0.0,29
2-wise,373,74,CUDA = 1 AND Linear2D = 1 AND TextureMemory = 1,bs_32x8==1 AND Linear2D==0 AND LocalMemory==0 AND bs_128x1==0,0,0.0,0.0,0.0,29
3-wise,2042,443,CUDA = 1 AND Linear2D = 1 AND TextureMemory = 1,bs_512x2==1 AND padding==480 AND Linear1D==1 AND Linear2D==0,0,0.0,0.0,0.0,29
4-wise,6783,1539,CUDA = 1 AND Linear2D = 1 AND TextureMemory = 1,bs_64x16==1 AND padding==320 AND OpenCL==0 AND TextureMemory==0,0,0.0,0.0,0.0,29
full,13485,2132,CUDA = 1 AND TextureMemory = 1 AND pixelPerThread = 2,pixelPerThread==2 AND OpenCL==0 AND TextureMemory==1,0,1.0,1.0,1.0,2
random_2,62,9,CUDA = 1 AND TextureMemory = 1 AND pixelPerThread = 2,bs_512x2==0 AND padding==32 AND OpenCL==0 AND bs_1024x1==0,0,0.0,0.0,0.0,2
random_5,155,25,CUDA = 1 AND TextureMemory = 1 AND pixelPerThread = 2,CUDA==1 AND pixelPerThread==2 AND OpenCL==0 AND TextureMemory==1,0,1.0,1.0,1.0,2
random_10,310,45,CUDA = 1 AND TextureMemory = 1 AND pixelPerThread = 2,pixelPerThread==2 AND OpenCL==0 AND TextureMemory==1,0,1.0,1.0,1.0,2
random_20,620,94,CUDA = 1 AND TextureMemory = 1 AND pixelPerThread = 2,pixelPerThread==2 AND OpenCL==0 AND TextureMemory==1,0,1.0,1.0,1.0,2
2-wise,375,63,CUDA = 1 AND TextureMemory = 1 AND pixelPerThread = 2,pixelPerThread==2 AND OpenCL==0 AND TextureMemory==1,0,1.0,1.0,1.0,2
3-wise,2044,362,CUDA = 1 AND TextureMemory = 1 AND pixelPerThread = 2,pixelPerThread==2 AND OpenCL==0 AND TextureMemory==1,0,1.0,1.0,1.0,2
4-wise,6795,1196,CUDA = 1 AND TextureMemory = 1 AND pixelPerThread = 2,pixelPerThread==2 AND OpenCL==0 AND TextureMemory==1,0,1.0,1.0,1.0,2
full,13485,1872,CUDA = 1 AND TextureMemory = 1 AND pixelPerThread = 4,pixelPerThread==4 AND OpenCL==0 AND TextureMemory==1,0,1.0,1.0,1.0,30
random_2,62,9,CUDA = 1 AND TextureMemory = 1 AND pixelPerThread = 4,Array2D==0 AND pixelPerThread==4 AND TextureMemory==1 AND bs_1024x1==0,0,1.0,1.0,1.0,30
random_5,155,25,CUDA = 1 AND TextureMemory = 1 AND pixelPerThread = 4,Array2D==0 AND pixelPerThread==4 AND OpenCL==0 AND TextureMemory==1,0,1.0,1.0,1.0,30
random_10,310,46,CUDA = 1 AND TextureMemory = 1 AND pixelPerThread = 4,CUDA==1 AND pixelPerThread==4 AND TextureMemory==1 AND bs_1024x1==0,0,1.0,1.0,1.0,30
random_20,620,88,CUDA = 1 AND TextureMemory = 1 AND pixelPerThread = 4,pixelPerThread==4 AND TextureMemory==1,0,1.0,1.0,1.0,30
2-wise,375,48,CUDA = 1 AND TextureMemory = 1 AND pixelPerThread = 4,CUDA==1 AND pixelPerThread==4 AND TextureMemory==1,0,1.0,1.0,1.0,30
3-wise,2060,315,CUDA = 1 AND TextureMemory = 1 AND pixelPerThread = 4,pixelPerThread==4 AND OpenCL==0 AND TextureMemory==1,0,1.0,1.0,1.0,30
4-wise,6803,1160,CUDA = 1 AND TextureMemory = 1 AND pixelPerThread = 4,pixelPerThread==4 AND OpenCL==0 AND TextureMemory==1,0,1.0,1.0,1.0,30
full,13485,2132,CUDA = 1 AND TextureMemory = 1 AND pixelPerThread = 2,pixelPerThread==2 AND OpenCL==0 AND TextureMemory==1,0,1.0,1.0,1.0,31
random_2,62,7,CUDA = 1 AND TextureMemory = 1 AND pixelPerThread = 2,Array2D==0 AND bs_256x2==1 AND Linear2D==0 AND OpenCL==0,0,0.0,0.0,0.0,31
random_5,155,30,CUDA = 1 AND TextureMemory = 1 AND pixelPerThread = 2,CUDA==1 AND bs_32x8==0 AND pixelPerThread==2 AND bs_1024x1==0,2,0.8823529411764706,0.7894736842105263,1.0,31
random_10,310,47,CUDA = 1 AND TextureMemory = 1 AND pixelPerThread = 2,CUDA==1 AND pixelPerThread==2 AND TextureMemory==1,0,1.0,1.0,1.0,31
random_20,620,87,CUDA = 1 AND TextureMemory = 1 AND pixelPerThread = 2,pixelPerThread==2 AND OpenCL==0 AND TextureMemory==1,0,1.0,1.0,1.0,31
2-wise,373,56,CUDA = 1 AND TextureMemory = 1 AND pixelPerThread = 2,pixelPerThread==2 AND OpenCL==0 AND TextureMemory==1,0,1.0,1.0,1.0,31
3-wise,2040,351,CUDA = 1 AND TextureMemory = 1 AND pixelPerThread = 2,pixelPerThread==2 AND OpenCL==0 AND TextureMemory==1,0,1.0,1.0,1.0,31
4-wise,6775,1192,CUDA = 1 AND TextureMemory = 1 AND pixelPerThread = 2,pixelPerThread==2 AND OpenCL==0 AND TextureMemory==1,0,1.0,1.0,1.0,31
full,13485,1380,CUDA = 1 AND LocalMemory = 1 AND pixelPerThread = 2,pixelPerThread==2 AND LocalMemory==1 AND OpenCL==0,0,1.0,1.0,1.0,32
random_2,62,4,CUDA = 1 AND LocalMemory = 1 AND pixelPerThread = 2,CUDA==1 AND Ldg==0 AND pixelPerThread==2 AND LocalMemory==1,0,1.0,1.0,1.0,32
random_5,155,15,CUDA = 1 AND LocalMemory = 1 AND pixelPerThread = 2,CUDA==1 AND pixelPerThread==2 AND LocalMemory==1 AND bs_1024x1==0,0,1.0,1.0,1.0,32
random_10,310,43,CUDA = 1 AND LocalMemory = 1 AND pixelPerThread = 2,CUDA==1 AND pixelPerThread==2 AND LocalMemory==1 AND bs_1024x1==0,0,1.0,1.0,1.0,32
random_20,620,71,CUDA = 1 AND LocalMemory = 1 AND pixelPerThread = 2,CUDA==1 AND pixelPerThread==2 AND LocalMemory==1 AND bs_1024x1==0,0,1.0,1.0,1.0,32
2-wise,372,36,CUDA = 1 AND LocalMemory = 1 AND pixelPerThread = 2,CUDA==1 AND pixelPerThread==2 AND LocalMemory==1,0,1.0,1.0,1.0,32
3-wise,2072,200,CUDA = 1 AND LocalMemory = 1 AND pixelPerThread = 2,pixelPerThread==2 AND LocalMemory==1 AND OpenCL==0,0,1.0,1.0,1.0,32
4-wise,6762,638,CUDA = 1 AND LocalMemory = 1 AND pixelPerThread = 2,pixelPerThread==2 AND LocalMemory==1 AND OpenCL==0,0,1.0,1.0,1.0,32
full,13485,1872,CUDA = 1 AND TextureMemory = 1 AND pixelPerThread = 3,pixelPerThread==3 AND OpenCL==0 AND TextureMemory==1,0,1.0,1.0,1.0,33
random_2,62,8,CUDA = 1 AND TextureMemory = 1 AND pixelPerThread = 3,Array2D==0 AND pixelPerThread==3 AND TextureMemory==1 AND bs_1024x1==0,0,1.0,1.0,1.0,33
random_5,155,22,CUDA = 1 AND TextureMemory = 1 AND pixelPerThread = 3,bs_256x4==0 AND bs_64x16==0 AND pixelPerThread==3 AND TextureMemory==1,0,0.9777777777777776,0.9565217391304348,1.0,33
random_10,310,44,CUDA = 1 AND TextureMemory = 1 AND pixelPerThread = 3,CUDA==1 AND pixelPerThread==3 AND TextureMemory==1 AND bs_1024x1==0,0,1.0,1.0,1.0,33
random_20,620,90,CUDA = 1 AND TextureMemory = 1 AND pixelPerThread = 3,pixelPerThread==3 AND TextureMemory==1,0,0.989010989010989,0.9782608695652174,1.0,33
2-wise,381,45,CUDA = 1 AND TextureMemory = 1 AND pixelPerThread = 3,pixelPerThread==3 AND OpenCL==0 AND TextureMemory==1,0,1.0,1.0,1.0,33
3-wise,2070,322,CUDA = 1 AND TextureMemory = 1 AND pixelPerThread = 3,pixelPerThread==3 AND OpenCL==0 AND TextureMemory==1,0,1.0,1.0,1.0,33
4-wise,6773,1143,CUDA = 1 AND TextureMemory = 1 AND pixelPerThread = 3,pixelPerThread==3 AND OpenCL==0 AND TextureMemory==1,0,1.0,1.0,1.0,33
full,13485,2635,CUDA = 1 AND Ldg = 1 AND TextureMemory = 1,Array2D==0 AND CUDA==1 AND Ldg==1,0,1.0,1.0,1.0,34
random_2,62,14,CUDA = 1 AND Ldg = 1 AND TextureMemory = 1,Array2D==0 AND CUDA==1 AND Ldg==1,0,1.0,1.0,1.0,34
random_5,155,24,CUDA = 1 AND Ldg = 1 AND TextureMemory = 1,Array2D==0 AND CUDA==1 AND Ldg==1,0,1.0,1.0,1.0,34
random_10,310,64,CUDA = 1 AND Ldg = 1 AND TextureMemory = 1,Array2D==0 AND CUDA==1 AND Ldg==1,0,1.0,1.0,1.0,34
random_20,620,119,CUDA = 1 AND Ldg = 1 AND TextureMemory = 1,Array2D==0 AND CUDA==1 AND Ldg==1,0,1.0,1.0,1.0,34
2-wise,373,81,CUDA = 1 AND Ldg = 1 AND TextureMemory = 1,Array2D==0 AND CUDA==1 AND Ldg==1,0,1.0,1.0,1.0,34
3-wise,2057,448,CUDA = 1 AND Ldg = 1 AND TextureMemory = 1,Array2D==0 AND CUDA==1 AND Ldg==1,0,1.0,1.0,1.0,34
4-wise,6800,1543,CUDA = 1 AND Ldg = 1 AND TextureMemory = 1,Array2D==0 AND CUDA==1 AND Ldg==1,0,1.0,1.0,1.0,34
full,13485,1380,CUDA = 1 AND LocalMemory = 1 AND pixelPerThread = 2,pixelPerThread==2 AND LocalMemory==1 AND OpenCL==0,0,1.0,1.0,1.0,35
random_2,62,8,CUDA = 1 AND LocalMemory = 1 AND pixelPerThread = 2,pixelPerThread==2 AND Linear2D==0 AND OpenCL==0 AND bs_128x1==0,0,0.6666666666666665,0.6,0.75,35
random_5,155,16,CUDA = 1 AND LocalMemory = 1 AND pixelPerThread = 2,Array2D==0 AND pixelPerThread==2 AND LocalMemory==1 AND bs_1024x1==0,0,0.9696969696969696,0.9411764705882352,1.0,35
random_10,310,21,CUDA = 1 AND LocalMemory = 1 AND pixelPerThread = 2,CUDA==1 AND pixelPerThread==2 AND LocalMemory==1 AND bs_1024x1==0,0,1.0,1.0,1.0,35
random_20,620,55,CUDA = 1 AND LocalMemory = 1 AND pixelPerThread = 2,CUDA==1 AND pixelPerThread==2 AND LocalMemory==1,0,1.0,1.0,1.0,35
2-wise,369,33,CUDA = 1 AND LocalMemory = 1 AND pixelPerThread = 2,CUDA==1 AND pixelPerThread==2 AND LocalMemory==1 AND bs_1024x1==0,0,1.0,1.0,1.0,35
3-wise,2028,181,CUDA = 1 AND LocalMemory = 1 AND pixelPerThread = 2,pixelPerThread==2 AND LocalMemory==1 AND OpenCL==0,0,1.0,1.0,1.0,35
4-wise,6795,661,CUDA = 1 AND LocalMemory = 1 AND pixelPerThread = 2,pixelPerThread==2 AND LocalMemory==1 AND OpenCL==0,0,1.0,1.0,1.0,35
full,13485,2184,CUDA = 1 AND TextureMemory = 1 AND pixelPerThread = 1,pixelPerThread==1 AND OpenCL==0 AND TextureMemory==1,0,1.0,1.0,1.0,36
random_2,62,11,CUDA = 1 AND TextureMemory = 1 AND pixelPerThread = 1,CUDA==1 AND pixelPerThread==1 AND TextureMemory==1 AND bs_1024x1==0,0,1.0,1.0,1.0,36
random_5,155,19,CUDA = 1 AND TextureMemory = 1 AND pixelPerThread = 1,Array2D==0 AND pixelPerThread==1 AND TextureMemory==1 AND bs_128x1==0,0,1.0,1.0,1.0,36
random_10,310,52,CUDA = 1 AND TextureMemory = 1 AND pixelPerThread = 1,Array2D==0 AND pixelPerThread==1 AND TextureMemory==1,0,1.0,1.0,1.0,36
random_20,620,105,CUDA = 1 AND TextureMemory = 1 AND pixelPerThread = 1,pixelPerThread==1 AND OpenCL==0 AND TextureMemory==1,0,1.0,1.0,1.0,36
2-wise,374,54,CUDA = 1 AND TextureMemory = 1 AND pixelPerThread = 1,CUDA==1 AND pixelPerThread==1 AND TextureMemory==1,0,1.0,1.0,1.0,36
3-wise,2050,391,CUDA = 1 AND TextureMemory = 1 AND pixelPerThread = 1,pixelPerThread==1 AND OpenCL==0 AND TextureMemory==1,0,1.0,1.0,1.0,36
4-wise,6778,1223,CUDA = 1 AND TextureMemory = 1 AND pixelPerThread = 1,pixelPerThread==1 AND OpenCL==0 AND TextureMemory==1,0,1.0,1.0,1.0,36
full,13485,1380,CUDA = 1 AND LocalMemory = 1 AND pixelPerThread = 2,pixelPerThread==2 AND LocalMemory==1 AND OpenCL==0,0,1.0,1.0,1.0,37
random_2,62,10,CUDA = 1 AND LocalMemory = 1 AND pixelPerThread = 2,CUDA==1 AND pixelPerThread==2 AND LocalMemory==1 AND bs_128x1==0,0,1.0,1.0,1.0,37
random_5,155,16,CUDA = 1 AND LocalMemory = 1 AND pixelPerThread = 2,CUDA==1 AND pixelPerThread==2 AND LocalMemory==1 AND bs_1024x1==0,0,1.0,1.0,1.0,37
random_10,310,26,CUDA = 1 AND LocalMemory = 1 AND pixelPerThread = 2,CUDA==1 AND pixelPerThread==2 AND LocalMemory==1 AND bs_1024x1==0,0,1.0,1.0,1.0,37
random_20,620,55,CUDA = 1 AND LocalMemory = 1 AND pixelPerThread = 2,CUDA==1 AND pixelPerThread==2 AND LocalMemory==1,0,1.0,1.0,1.0,37
2-wise,374,32,CUDA = 1 AND LocalMemory = 1 AND pixelPerThread = 2,CUDA==1 AND pixelPerThread==2 AND LocalMemory==1,0,1.0,1.0,1.0,37
3-wise,2043,194,CUDA = 1 AND LocalMemory = 1 AND pixelPerThread = 2,pixelPerThread==2 AND LocalMemory==1 AND OpenCL==0,0,1.0,1.0,1.0,37
4-wise,6786,634,CUDA = 1 AND LocalMemory = 1 AND pixelPerThread = 2,pixelPerThread==2 AND LocalMemory==1 AND OpenCL==0,0,1.0,1.0,1.0,37
full,13485,2184,CUDA = 1 AND TextureMemory = 1 AND pixelPerThread = 1,pixelPerThread==1 AND OpenCL==0 AND TextureMemory==1,0,1.0,1.0,1.0,38
random_2,62,5,CUDA = 1 AND TextureMemory = 1 AND pixelPerThread = 1,Array2D==0 AND bs_64x1==1 AND Linear1D==0 AND bs_128x1==0,0,0.0,0.0,0.0,38
random_5,155,32,CUDA = 1 AND TextureMemory = 1 AND pixelPerThread = 1,CUDA==1 AND pixelPerThread==1 AND OpenCL==0 AND TextureMemory==1,0,1.0,1.0,1.0,38
random_10,310,46,CUDA = 1 AND TextureMemory = 1 AND pixelPerThread = 1,Array2D==0 AND pixelPerThread==1 AND TextureMemory==1 AND bs_1024x1==0,0,1.0,1.0,1.0,38
random_20,620,95,CUDA = 1 AND TextureMemory = 1 AND pixelPerThread = 1,pixelPerThread==1 AND OpenCL==0 AND TextureMemory==1 AND bs_1024x1==0,0,1.0,1.0,1.0,38
2-wise,382,72,CUDA = 1 AND TextureMemory = 1 AND pixelPerThread = 1,pixelPerThread==1 AND OpenCL==0 AND TextureMemory==1,0,1.0,1.0,1.0,38
3-wise,2031,329,CUDA = 1 AND TextureMemory = 1 AND pixelPerThread = 1,pixelPerThread==1 AND OpenCL==0 AND TextureMemory==1,0,1.0,1.0,1.0,38
4-wise,6791,1214,CUDA = 1 AND TextureMemory = 1 AND pixelPerThread = 1,pixelPerThread==1 AND OpenCL==0 AND TextureMemory==1,0,1.0,1.0,1.0,38
full,13485,1872,CUDA = 1 AND TextureMemory = 1 AND pixelPerThread = 3,bs_32x1==1 AND padding==192 AND pixelPerThread==1 AND Linear1D==1,0,0.0,0.0,0.0,39
random_2,62,10,CUDA = 1 AND TextureMemory = 1 AND pixelPerThread = 3,Array2D==0 AND CUDA==1 AND padding==160 AND OpenCL==0,0,0.0,0.0,0.0,39
random_5,155,27,CUDA = 1 AND TextureMemory = 1 AND pixelPerThread = 3,Array2D==0 AND padding==512 AND LocalMemory==0 AND TextureMemory==0,0,0.0,0.0,0.0,39
random_10,310,37,CUDA = 1 AND TextureMemory = 1 AND pixelPerThread = 3,Array2D==0 AND bs_64x16==1 AND padding==288 AND bs_128x1==0,0,0.0,0.0,0.0,39
random_20,620,89,CUDA = 1 AND TextureMemory = 1 AND pixelPerThread = 3,padding==416 AND pixelPerThread==1 AND LocalMemory==0 AND TextureMemory==1,0,0.0,0.0,0.0,39
2-wise,376,58,CUDA = 1 AND TextureMemory = 1 AND pixelPerThread = 3,Array2D==0 AND bs_32x8==1 AND Ldg==1 AND pixelPerThread==2,0,0.0,0.0,0.0,39
3-wise,2019,346,CUDA = 1 AND TextureMemory = 1 AND pixelPerThread = 3,bs_64x1==0 AND padding==96 AND pixelPerThread==4 AND LocalMemory==1,0,0.0,0.0,0.0,39
4-wise,6794,1149,CUDA = 1 AND TextureMemory = 1 AND pixelPerThread = 3,bs_64x1==1 AND padding==128 AND pixelPerThread==4 AND OpenCL==0,0,0.0,0.0,0.0,39
full,13485,2635,CUDA = 1 AND Ldg = 1 AND TextureMemory = 1,bs_32x2==1 AND padding==64 AND LocalMemory==1 AND OpenCL==1,0,0.0,0.0,0.0,3
random_2,62,8,CUDA = 1 AND Ldg = 1 AND TextureMemory = 1,Array2D==0 AND bs_128x8==1 AND Ldg==0 AND bs_128x1==0,0,0.0,0.0,0.0,3
random_5,155,27,CUDA = 1 AND Ldg = 1 AND TextureMemory = 1,bs_64x2==0 AND padding==192 AND Linear2D==1 AND OpenCL==0,0,0.0,0.0,0.0,3
random_10,310,57,CUDA = 1 AND Ldg = 1 AND TextureMemory = 1,bs_512x1==1 AND pixelPerThread==3 AND Linear2D==0 AND bs_128x1==0,0,0.0,0.0,0.0,3
random_20,620,119,CUDA = 1 AND Ldg = 1 AND TextureMemory = 1,padding==0 AND Linear1D==0 AND TextureMemory==0 AND bs_128x1==1,0,0.0,0.0,0.0,3
2-wise,376,77,CUDA = 1 AND Ldg = 1 AND TextureMemory = 1,Array2D==1 AND bs_32x1==1 AND CUDA==0 AND OpenCL==1,0,0.0,0.0,0.0,3
3-wise,2043,449,CUDA = 1 AND Ldg = 1 AND TextureMemory = 1,padding==480 AND pixelPerThread==1 AND Linear2D==1 AND LocalMemory==0,0,0.0,0.0,0.0,3
4-wise,6800,1556,CUDA = 1 AND Ldg = 1 AND TextureMemory = 1,bs_256x1==1 AND padding==416 AND Ldg==0 AND pixelPerThread==2,0,0.0,0.0,0.0,3
full,13485,2635,CUDA = 1 AND Ldg = 1 AND TextureMemory = 1,Array2D==0 AND CUDA==1 AND Ldg==1,0,1.0,1.0,1.0,40
random_2,62,12,CUDA = 1 AND Ldg = 1 AND TextureMemory = 1,Array2D==0 AND CUDA==1 AND Ldg==1,0,1.0,1.0,1.0,40
random_5,155,29,CUDA = 1 AND Ldg = 1 AND TextureMemory = 1,bs_32x4==0 AND bs_64x4==0 AND padding==384 AND Linear2D==0,0,0.0,0.0,0.0,40
random_10,310,54,CUDA = 1 AND Ldg = 1 AND TextureMemory = 1,Array2D==0 AND bs_64x16==1 AND padding==448 AND LocalMemory==1,0,0.0,0.0,0.0,40
random_20,620,120,CUDA = 1 AND Ldg = 1 AND TextureMemory = 1,Array2D==0 AND CUDA==1 AND Ldg==1,0,1.0,1.0,1.0,40
2-wise,377,74,CUDA = 1 AND Ldg = 1 AND TextureMemory = 1,Array2D==0 AND CUDA==1 AND Ldg==1,0,1.0,1.0,1.0,40
3-wise,2047,455,CUDA = 1 AND Ldg = 1 AND TextureMemory = 1,Array2D==0 AND CUDA==1 AND Ldg==1,0,1.0,1.0,1.0,40
4-wise,6749,1528,CUDA = 1 AND Ldg = 1 AND TextureMemory = 1,Array2D==0 AND CUDA==1 AND Ldg==1,0,1.0,1.0,1.0,40
full,13485,1380,CUDA = 1 AND LocalMemory = 1 AND pixelPerThread = 2,pixelPerThread==2 AND LocalMemory==1 AND OpenCL==0,0,1.0,1.0,1.0,41
random_2,62,5,CUDA = 1 AND LocalMemory = 1 AND pixelPerThread = 2,CUDA==1 AND pixelPerThread==2 AND LocalMemory==1 AND OpenCL==0,0,1.0,1.0,1.0,41
random_5,155,20,CUDA = 1 AND LocalMemory = 1 AND pixelPerThread = 2,CUDA==1 AND pixelPerThread==2 AND LocalMemory==1 AND bs_128x1==0,0,1.0,1.0,1.0,41
random_10,310,32,CUDA = 1 AND LocalMemory = 1 AND pixelPerThread = 2,CUDA==1 AND pixelPerThread==2 AND LocalMemory==1 AND bs_128x1==0,0,1.0,1.0,1.0,41
random_20,620,67,CUDA = 1 AND LocalMemory = 1 AND pixelPerThread = 2,pixelPerThread==2 AND LocalMemory==1 AND OpenCL==0 AND bs_1024x1==0,0,1.0,1.0,1.0,41
2-wise,373,40,CUDA = 1 AND LocalMemory = 1 AND pixelPerThread = 2,pixelPerThread==2 AND LocalMemory==1 AND OpenCL==0 AND bs_1024x1==0,0,1.0,1.0,1.0,41
3-wise,2050,204,CUDA = 1 AND LocalMemory = 1 AND pixelPerThread = 2,pixelPerThread==2 AND LocalMemory==1 AND OpenCL==0,0,1.0,1.0,1.0,41
4-wise,6773,662,CUDA = 1 AND LocalMemory = 1 AND pixelPerThread = 2,pixelPerThread==2 AND LocalMemory==1 AND OpenCL==0,0,1.0,1.0,1.0,41
full,13485,2635,CUDA = 1 AND Ldg = 1 AND TextureMemory = 1,bs_128x8==0 AND bs_256x1==0 AND Ldg==0 AND Linear1D==0,0,0.0,0.0,0.0,42
random_2,62,16,CUDA = 1 AND Ldg = 1 AND TextureMemory = 1,Array2D==0 AND bs_256x1==0 AND pixelPerThread==3 AND TextureMemory==0,0,0.0,0.0,0.0,42
random_5,155,28,CUDA = 1 AND Ldg = 1 AND TextureMemory = 1,bs_256x2==1 AND Ldg==0 AND Linear1D==0 AND LocalMemory==1,0,0.0,0.0,0.0,42
random_10,310,58,CUDA = 1 AND Ldg = 1 AND TextureMemory = 1,Array2D==0 AND CUDA==0 AND padding==320 AND LocalMemory==1,0,0.0,0.0,0.0,42
random_20,620,111,CUDA = 1 AND Ldg = 1 AND TextureMemory = 1,padding==512 AND pixelPerThread==3 AND LocalMemory==1 AND TextureMemory==0,0,0.0,0.0,0.0,42
2-wise,379,69,CUDA = 1 AND Ldg = 1 AND TextureMemory = 1,padding==96 AND Linear2D==1 AND LocalMemory==0 AND bs_1024x1==0,0,0.0,0.0,0.0,42
3-wise,2057,460,CUDA = 1 AND Ldg = 1 AND TextureMemory = 1,Array2D==1 AND bs_64x16==1 AND LocalMemory==0 AND bs_1024x1==0,0,0.0,0.0,0.0,42
4-wise,6769,1542,CUDA = 1 AND Ldg = 1 AND TextureMemory = 1,bs_128x4==1 AND pixelPerThread==2 AND OpenCL==0 AND TextureMemory==0,0,0.0,0.0,0.0,42
full,13485,1872,CUDA = 1 AND TextureMemory = 1 AND pixelPerThread = 3,pixelPerThread==3 AND OpenCL==0 AND TextureMemory==1,0,1.0,1.0,1.0,43
random_2,62,9,CUDA = 1 AND TextureMemory = 1 AND pixelPerThread = 3,Array2D==0 AND pixelPerThread==3 AND TextureMemory==1 AND bs_1024x1==0,0,1.0,1.0,1.0,43
random_5,155,24,CUDA = 1 AND TextureMemory = 1 AND pixelPerThread = 3,CUDA==1 AND pixelPerThread==3 AND TextureMemory==1 AND bs_128x1==0,0,1.0,1.0,1.0,43
random_10,310,34,CUDA = 1 AND TextureMemory = 1 AND pixelPerThread = 3,Array2D==0 AND pixelPerThread==3 AND TextureMemory==1 AND bs_128x1==0,0,1.0,1.0,1.0,43
random_20,620,73,CUDA = 1 AND TextureMemory = 1 AND pixelPerThread = 3,pixelPerThread==3 AND OpenCL==0 AND TextureMemory==1,0,1.0,1.0,1.0,43
2-wise,378,45,CUDA = 1 AND TextureMemory = 1 AND pixelPerThread = 3,pixelPerThread==3 AND OpenCL==0 AND TextureMemory==1,0,1.0,1.0,1.0,43
3-wise,2036,310,CUDA = 1 AND TextureMemory = 1 AND pixelPerThread = 3,pixelPerThread==3 AND OpenCL==0 AND TextureMemory==1,0,1.0,1.0,1.0,43
4-wise,6796,1142,CUDA = 1 AND TextureMemory = 1 AND pixelPerThread = 3,pixelPerThread==3 AND OpenCL==0 AND TextureMemory==1,0,1.0,1.0,1.0,43
full,13485,1449,CUDA = 1 AND LocalMemory = 1 AND pixelPerThread = 1,pixelPerThread==1 AND LocalMemory==1 AND OpenCL==0,0,1.0,1.0,1.0,44
random_2,62,9,CUDA = 1 AND LocalMemory = 1 AND pixelPerThread = 1,padding==96 AND Linear1D==0 AND LocalMemory==1 AND bs_1024x1==0,0,0.0,0.0,0.0,44
random_5,155,15,CUDA = 1 AND LocalMemory = 1 AND pixelPerThread = 1,CUDA==1 AND pixelPerThread==1 AND LocalMemory==1 AND bs_128x1==0,0,1.0,1.0,1.0,44
random_10,310,28,CUDA = 1 AND LocalMemory = 1 AND pixelPerThread = 1,CUDA==1 AND pixelPerThread==1 AND LocalMemory==1 AND OpenCL==0,0,1.0,1.0,1.0,44
random_20,620,62,CUDA = 1 AND LocalMemory = 1 AND pixelPerThread = 1,CUDA==1 AND pixelPerThread==1 AND LocalMemory==1,0,1.0,1.0,1.0,44
2-wise,381,39,CUDA = 1 AND LocalMemory = 1 AND pixelPerThread = 1,CUDA==1 AND pixelPerThread==1 AND LocalMemory==1 AND OpenCL==0,0,1.0,1.0,1.0,44
3-wise,2060,224,CUDA = 1 AND LocalMemory = 1 AND pixelPerThread = 1,pixelPerThread==1 AND LocalMemory==1 AND OpenCL==0,0,1.0,1.0,1.0,44
4-wise,6796,720,CUDA = 1 AND LocalMemory = 1 AND pixelPerThread = 1,pixelPerThread==1 AND LocalMemory==1 AND OpenCL==0,0,1.0,1.0,1.0,44
full,13485,1449,CUDA = 1 AND LocalMemory = 1 AND pixelPerThread = 1,pixelPerThread==1 AND LocalMemory==1 AND OpenCL==0,0,1.0,1.0,1.0,45
random_2,62,7,CUDA = 1 AND LocalMemory = 1 AND pixelPerThread = 1,Array2D==0 AND pixelPerThread==1 AND LocalMemory==1 AND bs_128x1==0,0,1.0,1.0,1.0,45
random_5,155,12,CUDA = 1 AND LocalMemory = 1 AND pixelPerThread = 1,CUDA==1 AND pixelPerThread==1 AND LocalMemory==1 AND bs_128x1==0,0,1.0,1.0,1.0,45
random_10,310,37,CUDA = 1 AND LocalMemory = 1 AND pixelPerThread = 1,pixelPerThread==1 AND LocalMemory==1 AND OpenCL==0,0,1.0,1.0,1.0,45
random_20,620,76,CUDA = 1 AND LocalMemory = 1 AND pixelPerThread = 1,pixelPerThread==1 AND LocalMemory==1 AND OpenCL==0,0,1.0,1.0,1.0,45
2-wise,377,47,CUDA = 1 AND LocalMemory = 1 AND pixelPerThread = 1,CUDA==1 AND pixelPerThread==1 AND LocalMemory==1,0,1.0,1.0,1.0,45
3-wise,2045,209,CUDA = 1 AND LocalMemory = 1 AND pixelPerThread = 1,pixelPerThread==1 AND LocalMemory==1 AND OpenCL==0,0,1.0,1.0,1.0,45
4-wise,6801,730,CUDA = 1 AND LocalMemory = 1 AND pixelPerThread = 1,pixelPerThread==1 AND LocalMemory==1 AND OpenCL==0,0,1.0,1.0,1.0,45
full,13485,1872,CUDA = 1 AND TextureMemory = 1 AND pixelPerThread = 4,pixelPerThread==4 AND OpenCL==0 AND TextureMemory==1,0,1.0,1.0,1.0,46
random_2,62,7,CUDA = 1 AND TextureMemory = 1 AND pixelPerThread = 4,Array2D==0 AND CUDA==1 AND pixelPerThread==4 AND OpenCL==0,0,0.9333333333333332,0.875,1.0,46
random_5,155,23,CUDA = 1 AND TextureMemory = 1 AND pixelPerThread = 4,Array2D==0 AND pixelPerThread==4 AND TextureMemory==1 AND bs_1024x1==0,0,1.0,1.0,1.0,46
random_10,310,41,CUDA = 1 AND TextureMemory = 1 AND pixelPerThread = 4,Array2D==0 AND pixelPerThread==4 AND TextureMemory==1,0,1.0,1.0,1.0,46
random_20,620,82,CUDA = 1 AND TextureMemory = 1 AND pixelPerThread = 4,pixelPerThread==4 AND OpenCL==0 AND TextureMemory==1,0,1.0,1.0,1.0,46
2-wise,379,55,CUDA = 1 AND TextureMemory = 1 AND pixelPerThread = 4,CUDA==1 AND pixelPerThread==4 AND TextureMemory==1,0,1.0,1.0,1.0,46
3-wise,2050,342,CUDA = 1 AND TextureMemory = 1 AND pixelPerThread = 4,pixelPerThread==4 AND OpenCL==0 AND TextureMemory==1,0,1.0,1.0,1.0,46
4-wise,6790,1146,CUDA = 1 AND TextureMemory = 1 AND pixelPerThread = 4,pixelPerThread==4 AND OpenCL==0 AND TextureMemory==1,0,1.0,1.0,1.0,46
full,13485,1872,CUDA = 1 AND TextureMemory = 1 AND pixelPerThread = 3,pixelPerThread==3 AND OpenCL==0 AND TextureMemory==1,0,1.0,1.0,1.0,47
random_2,62,11,CUDA = 1 AND TextureMemory = 1 AND pixelPerThread = 3,Array2D==0 AND pixelPerThread==3 AND TextureMemory==1 AND bs_128x1==0,0,1.0,1.0,1.0,47
random_5,155,28,CUDA = 1 AND TextureMemory = 1 AND pixelPerThread = 3,Array2D==0 AND pixelPerThread==3 AND OpenCL==0 AND TextureMemory==1,0,1.0,1.0,1.0,47
random_10,310,47,CUDA = 1 AND TextureMemory = 1 AND pixelPerThread = 3,CUDA==1 AND pixelPerThread==3 AND OpenCL==0 AND TextureMemory==1,0,1.0,1.0,1.0,47
random_20,620,85,CUDA = 1 AND TextureMemory = 1 AND pixelPerThread = 3,pixelPerThread==3 AND OpenCL==0 AND TextureMemory==1,0,1.0,1.0,1.0,47
2-wise,378,56,CUDA = 1 AND TextureMemory = 1 AND pixelPerThread = 3,pixelPerThread==3 AND OpenCL==0 AND TextureMemory==1 AND bs_1024x1==0,0,1.0,1.0,1.0,47
3-wise,2034,326,CUDA = 1 AND TextureMemory = 1 AND pixelPerThread = 3,pixelPerThread==3 AND OpenCL==0 AND TextureMemory==1,0,1.0,1.0,1.0,47
4-wise,6793,1144,CUDA = 1 AND TextureMemory = 1 AND pixelPerThread = 3,pixelPerThread==3 AND OpenCL==0 AND TextureMemory==1,0,1.0,1.0,1.0,47
full,13485,2132,CUDA = 1 AND TextureMemory = 1 AND pixelPerThread = 2,pixelPerThread==2 AND OpenCL==0 AND TextureMemory==1,0,1.0,1.0,1.0,48
random_2,62,10,CUDA = 1 AND TextureMemory = 1 AND pixelPerThread = 2,Array2D==0 AND pixelPerThread==1 AND Linear1D==1 AND TextureMemory==1,0,0.0,0.0,0.0,48
random_5,155,31,CUDA = 1 AND TextureMemory = 1 AND pixelPerThread = 2,Array2D==0 AND pixelPerThread==2 AND TextureMemory==1 AND bs_1024x1==0,0,1.0,1.0,1.0,48
random_10,310,45,CUDA = 1 AND TextureMemory = 1 AND pixelPerThread = 2,CUDA==1 AND pixelPerThread==2 AND TextureMemory==1 AND bs_1024x1==0,0,1.0,1.0,1.0,48
random_20,620,84,CUDA = 1 AND TextureMemory = 1 AND pixelPerThread = 2,pixelPerThread==2 AND OpenCL==0 AND TextureMemory==1,0,1.0,1.0,1.0,48
2-wise,381,61,CUDA = 1 AND TextureMemory = 1 AND pixelPerThread = 2,pixelPerThread==2 AND OpenCL==0 AND TextureMemory==1 AND bs_1024x1==0,2,1.0,1.0,1.0,48
3-wise,2048,359,CUDA = 1 AND TextureMemory = 1 AND pixelPerThread = 2,pixelPerThread==2 AND OpenCL==0 AND TextureMemory==1,0,1.0,1.0,1.0,48
4-wise,6764,1193,CUDA = 1 AND TextureMemory = 1 AND pixelPerThread = 2,pixelPerThread==2 AND OpenCL==0 AND TextureMemory==1,0,1.0,1.0,1.0,48
full,13485,2635,CUDA = 1 AND Linear2D = 1 AND TextureMemory = 1,Array2D==0 AND CUDA==1 AND Linear2D==1,0,1.0,1.0,1.0,49
random_2,62,13,CUDA = 1 AND Linear2D = 1 AND TextureMemory = 1,Array2D==0 AND padding==224 AND Linear2D==0 AND LocalMemory==1,0,0.0,0.0,0.0,49
random_5,155,25,CUDA = 1 AND Linear2D = 1 AND TextureMemory = 1,Array2D==0 AND padding==352 AND pixelPerThread==1 AND LocalMemory==0,0,0.0,0.0,0.0,49
random_10,310,61,CUDA = 1 AND Linear2D = 1 AND TextureMemory = 1,Array2D==1 AND bs_128x4==0 AND bs_256x4==0 AND bs_32x2==0,0,0.0,0.0,0.0,49
random_20,620,114,CUDA = 1 AND Linear2D = 1 AND TextureMemory = 1,Array2D==0 AND CUDA==1 AND Linear2D==1,0,1.0,1.0,1.0,49
2-wise,372,74,CUDA = 1 AND Linear2D = 1 AND TextureMemory = 1,Array2D==0 AND CUDA==1 AND Linear2D==1,0,1.0,1.0,1.0,49
3-wise,2036,429,CUDA = 1 AND Linear2D = 1 AND TextureMemory = 1,Array2D==0 AND CUDA==1 AND Linear2D==1,0,1.0,1.0,1.0,49
4-wise,6788,1525,CUDA = 1 AND Linear2D = 1 AND TextureMemory = 1,Array2D==0 AND CUDA==1 AND Linear2D==1,0,1.0,1.0,1.0,49
full,13485,2635,CUDA = 1 AND Linear2D = 1 AND TextureMemory = 1,Array2D==0 AND CUDA==1 AND Linear2D==1,0,1.0,1.0,1.0,4
random_2,62,11,CUDA = 1 AND Linear2D = 1 AND TextureMemory = 1,Array2D==0 AND CUDA==1 AND Linear2D==1,0,1.0,1.0,1.0,4
random_5,155,30,CUDA = 1 AND Linear2D = 1 AND TextureMemory = 1,Array2D==0 AND CUDA==1 AND Linear2D==1,2,1.0,1.0,1.0,4
random_10,310,49,CUDA = 1 AND Linear2D = 1 AND TextureMemory = 1,Array2D==0 AND CUDA==1 AND Linear2D==1,0,1.0,1.0,1.0,4
random_20,620,103,CUDA = 1 AND Linear2D = 1 AND TextureMemory = 1,Array2D==0 AND CUDA==1 AND Linear2D==1,0,1.0,1.0,1.0,4
2-wise,376,74,CUDA = 1 AND Linear2D = 1 AND TextureMemory = 1,Array2D==0 AND CUDA==1 AND Linear2D==1,0,1.0,1.0,1.0,4
3-wise,2039,457,CUDA = 1 AND Linear2D = 1 AND TextureMemory = 1,Array2D==0 AND CUDA==1 AND Linear2D==1,0,1.0,1.0,1.0,4
4-wise,6779,1526,CUDA = 1 AND Linear2D = 1 AND TextureMemory = 1,Array2D==0 AND CUDA==1 AND Linear2D==1,0,1.0,1.0,1.0,4
full,13485,1380,CUDA = 1 AND LocalMemory = 1 AND pixelPerThread = 2,pixelPerThread==2 AND LocalMemory==1 AND OpenCL==0,0,1.0,1.0,1.0,50
random_2,62,10,CUDA = 1 AND LocalMemory = 1 AND pixelPerThread = 2,CUDA==1 AND pixelPerThread==2 AND LocalMemory==1 AND TextureMemory==1,0,1.0,1.0,1.0,50
random_5,155,8,CUDA = 1 AND LocalMemory = 1 AND pixelPerThread = 2,CUDA==1 AND pixelPerThread==2 AND LocalMemory==1 AND bs_1024x1==0,0,1.0,1.0,1.0,50
random_10,310,28,CUDA = 1 AND LocalMemory = 1 AND pixelPerThread = 2,CUDA==1 AND pixelPerThread==2 AND LocalMemory==1 AND bs_1024x1==0,0,1.0,1.0,1.0,50
random_20,620,51,CUDA = 1 AND LocalMemory = 1 AND pixelPerThread = 2,CUDA==1 AND pixelPerThread==2 AND LocalMemory==1 AND bs_1024x1==0,0,1.0,1.0,1.0,50
2-wise,381,37,CUDA = 1 AND LocalMemory = 1 AND pixelPerThread = 2,CUDA==1 AND pixelPerThread==2 AND LocalMemory==1 AND bs_128x1==0,0,1.0,1.0,1.0,50
3-wise,2035,208,CUDA = 1 AND LocalMemory = 1 AND pixelPerThread = 2,pixelPerThread==2 AND LocalMemory==1 AND OpenCL==0,0,1.0,1.0,1.0,50
4-wise,6751,657,CUDA = 1 AND LocalMemory = 1 AND pixelPerThread = 2,pixelPerThread==2 AND LocalMemory==1 AND OpenCL==0,0,1.0,1.0,1.0,50
full,13485,2635,CUDA = 1 AND Linear2D = 1 AND TextureMemory = 1,Array2D==0 AND CUDA==1 AND Linear2D==1,0,1.0,1.0,1.0,51
random_2,62,16,CUDA = 1 AND Linear2D = 1 AND TextureMemory = 1,Array2D==0 AND CUDA==1 AND Linear2D==1,0,1.0,1.0,1.0,51
random_5,155,37,CUDA = 1 AND Linear2D = 1 AND TextureMemory = 1,Array2D==0 AND CUDA==1 AND Linear2D==1,0,1.0,1.0,1.0,51
random_10,310,57,CUDA = 1 AND Linear2D = 1 AND TextureMemory = 1,Array2D==0 AND CUDA==1 AND Linear2D==1,0,1.0,1.0,1.0,51
random_20,620,117,CUDA = 1 AND Linear2D = 1 AND TextureMemory = 1,Array2D==0 AND CUDA==1 AND Linear2D==1,0,1.0,1.0,1.0,51
2-wise,377,77,CUDA = 1 AND Linear2D = 1 AND TextureMemory = 1,Array2D==0 AND CUDA==1 AND Linear2D==1,0,1.0,1.0,1.0,51
3-wise,2019,433,CUDA = 1 AND Linear2D = 1 AND TextureMemory = 1,Array2D==0 AND CUDA==1 AND Linear2D==1,0,1.0,1.0,1.0,51
4-wise,6795,1546,CUDA = 1 AND Linear2D = 1 AND TextureMemory = 1,Array2D==0 AND CUDA==1 AND Linear2D==1,0,1.0,1.0,1.0,51
full,13485,1380,CUDA = 1 AND LocalMemory = 1 AND pixelPerThread = 2,bs_32x1==1 AND padding==384 AND LocalMemory==1 AND TextureMemory==1,3,0.0043103448275862,0.25,0.0021739130434782,52
random_2,62,7,CUDA = 1 AND LocalMemory = 1 AND pixelPerThread = 2,bs_256x4==0 AND bs_32x4==0 AND padding==384 AND Linear2D==0,4,0.1818181818181818,0.25,0.1428571428571428,52
random_5,155,14,CUDA = 1 AND LocalMemory = 1 AND pixelPerThread = 2,Array2D==0 AND padding==96 AND Linear1D==1 AND Linear2D==0,0,0.0,0.0,0.0,52
random_10,310,35,CUDA = 1 AND LocalMemory = 1 AND pixelPerThread = 2,bs_128x4==0 AND padding==0 AND Linear1D==1 AND OpenCL==0,0,0.0,0.0,0.0,52
random_20,620,56,CUDA = 1 AND LocalMemory = 1 AND pixelPerThread = 2,bs_64x1==1 AND padding==256 AND pixelPerThread==1 AND Linear1D==0,0,0.0,0.0,0.0,52
2-wise,371,37,CUDA = 1 AND LocalMemory = 1 AND pixelPerThread = 2,bs_32x8==1 AND Linear1D==0 AND LocalMemory==0 AND OpenCL==0,0,0.0,0.0,0.0,52
3-wise,2045,212,CUDA = 1 AND LocalMemory = 1 AND pixelPerThread = 2,bs_64x4==1 AND padding==384 AND pixelPerThread==4 AND TextureMemory==1,0,0.0,0.0,0.0,52
4-wise,6774,668,CUDA = 1 AND LocalMemory = 1 AND pixelPerThread = 2,bs_512x1==1 AND padding==448 AND Linear1D==1 AND LocalMemory==0,0,0.0,0.0,0.0,52
full,13485,2635,CUDA = 1 AND Linear2D = 1 AND TextureMemory = 1,Array2D==0 AND CUDA==1 AND Linear2D==1,0,1.0,1.0,1.0,53
random_2,62,13,CUDA = 1 AND Linear2D = 1 AND TextureMemory = 1,Array2D==0 AND CUDA==1 AND Linear2D==1,0,1.0,1.0,1.0,53
random_5,155,21,CUDA = 1 AND Linear2D = 1 AND TextureMemory = 1,Array2D==0 AND CUDA==1 AND Linear2D==1,0,1.0,1.0,1.0,53
random_10,310,53,CUDA = 1 AND Linear2D = 1 AND TextureMemory = 1,Array2D==0 AND CUDA==1 AND Linear2D==1,0,1.0,1.0,1.0,53
random_20,620,118,CUDA = 1 AND Linear2D = 1 AND TextureMemory = 1,Array2D==0 AND CUDA==1 AND Linear2D==1,0,1.0,1.0,1.0,53
2-wise,379,74,CUDA = 1 AND Linear2D = 1 AND TextureMemory = 1,Array2D==0 AND CUDA==1 AND Linear2D==1,0,1.0,1.0,1.0,53
3-wise,2049,448,CUDA = 1 AND Linear2D = 1 AND TextureMemory = 1,Array2D==0 AND CUDA==1 AND Linear2D==1,0,1.0,1.0,1.0,53
4-wise,6745,1549,CUDA = 1 AND Linear2D = 1 AND TextureMemory = 1,Array2D==0 AND CUDA==1 AND Linear2D==1,0,1.0,1.0,1.0,53
full,13485,2132,CUDA = 1 AND TextureMemory = 1 AND pixelPerThread = 2,bs_32x4==1 AND padding==512 AND pixelPerThread==1 AND OpenCL==1,0,0.0,0.0,0.0,54
random_2,62,12,CUDA = 1 AND TextureMemory = 1 AND pixelPerThread = 2,bs_32x4==1 AND Ldg==0 AND Linear2D==0 AND LocalMemory==0,0,0.0,0.0,0.0,54
random_5,155,19,CUDA = 1 AND TextureMemory = 1 AND pixelPerThread = 2,Array2D==0 AND CUDA==0 AND padding==416 AND pixelPerThread==2,0,0.0,0.0,0.0,54
random_10,310,44,CUDA = 1 AND TextureMemory = 1 AND pixelPerThread = 2,Array2D==0 AND bs_32x4==1 AND padding==288 AND Linear1D==0,0,0.0,0.0,0.0,54
random_20,620,94,CUDA = 1 AND TextureMemory = 1 AND pixelPerThread = 2,bs_256x1==1 AND CUDA==1 AND padding==0 AND OpenCL==0,0,0.0,0.0,0.0,54
2-wise,376,74,CUDA = 1 AND TextureMemory = 1 AND pixelPerThread = 2,Array2D==0 AND bs_32x4==1 AND padding==192 AND LocalMemory==0,0,0.0,0.0,0.0,54
3-wise,2041,361,CUDA = 1 AND TextureMemory = 1 AND pixelPerThread = 2,bs_128x4==1 AND padding==448 AND Ldg==0 AND Linear1D==0,0,0.0,0.0,0.0,54
4-wise,6783,1184,CUDA = 1 AND TextureMemory = 1 AND pixelPerThread = 2,bs_32x8==1 AND padding==512 AND LocalMemory==1 AND OpenCL==1,0,0.0,0.0,0.0,54
full,13485,2635,CUDA = 1 AND Ldg = 1 AND TextureMemory = 1,Array2D==0 AND CUDA==1 AND Ldg==1,0,1.0,1.0,1.0,55
random_2,62,8,CUDA = 1 AND Ldg = 1 AND TextureMemory = 1,bs_128x2==0 AND pixelPerThread==2 AND Linear2D==0 AND OpenCL==0,3,0.25,0.25,0.25,55
random_5,155,38,CUDA = 1 AND Ldg = 1 AND TextureMemory = 1,Array2D==0 AND bs_64x16==0 AND Ldg==1 AND TextureMemory==1,0,0.9866666666666666,1.0,0.9736842105263158,55
random_10,310,66,CUDA = 1 AND Ldg = 1 AND TextureMemory = 1,Array2D==0 AND CUDA==1 AND Ldg==1,0,1.0,1.0,1.0,55
random_20,620,131,CUDA = 1 AND Ldg = 1 AND TextureMemory = 1,Array2D==0 AND CUDA==1 AND Ldg==1,0,1.0,1.0,1.0,55
2-wise,381,68,CUDA = 1 AND Ldg = 1 AND TextureMemory = 1,Array2D==0 AND CUDA==1 AND Ldg==1,0,1.0,1.0,1.0,55
3-wise,2026,449,CUDA = 1 AND Ldg = 1 AND TextureMemory = 1,Array2D==0 AND CUDA==1 AND Ldg==1,0,1.0,1.0,1.0,55
4-wise,6735,1528,CUDA = 1 AND Ldg = 1 AND TextureMemory = 1,Array2D==0 AND CUDA==1 AND Ldg==1,0,1.0,1.0,1.0,55
full,13485,1449,CUDA = 1 AND LocalMemory = 1 AND pixelPerThread = 1,pixelPerThread==1 AND LocalMemory==1 AND OpenCL==0,0,1.0,1.0,1.0,56
random_2,62,6,CUDA = 1 AND LocalMemory = 1 AND pixelPerThread = 1,bs_64x1==1 AND Linear1D==0 AND Linear2D==0 AND TextureMemory==1,0,0.0,0.0,0.0,56
random_5,155,18,CUDA = 1 AND LocalMemory = 1 AND pixelPerThread = 1,bs_32x16==0 AND bs_32x2==0 AND bs_64x8==0 AND pixelPerThread==1,1,0.72,0.5625,1.0,56
random_10,310,31,CUDA = 1 AND LocalMemory = 1 AND pixelPerThread = 1,CUDA==1 AND pixelPerThread==1 AND LocalMemory==1 AND OpenCL==0,0,1.0,1.0,1.0,56
random_20,620,62,CUDA = 1 AND LocalMemory = 1 AND pixelPerThread = 1,pixelPerThread==1 AND LocalMemory==1 AND OpenCL==0,0,1.0,1.0,1.0,56
2-wise,378,39,CUDA = 1 AND LocalMemory = 1 AND pixelPerThread = 1,CUDA==1 AND pixelPerThread==1 AND LocalMemory==1,0,1.0,1.0,1.0,56
3-wise,2031,223,CUDA = 1 AND LocalMemory = 1 AND pixelPerThread = 1,pixelPerThread==1 AND LocalMemory==1 AND OpenCL==0,0,1.0,1.0,1.0,56
4-wise,6783,713,CUDA = 1 AND LocalMemory = 1 AND pixelPerThread = 1,pixelPerThread==1 AND LocalMemory==1 AND OpenCL==0,0,1.0,1.0,1.0,56
full,13485,2184,CUDA = 1 AND TextureMemory = 1 AND pixelPerThread = 1,pixelPerThread==1 AND OpenCL==0 AND TextureMemory==1,0,1.0,1.0,1.0,57
random_2,62,7,CUDA = 1 AND TextureMemory = 1 AND pixelPerThread = 1,CUDA==1 AND Ldg==0 AND pixelPerThread==1 AND bs_128x1==0,0,1.0,1.0,1.0,57
random_5,155,23,CUDA = 1 AND TextureMemory = 1 AND pixelPerThread = 1,Array2D==0 AND padding==480 AND Ldg==1 AND bs_128x1==0,0,0.0,0.0,0.0,57
random_10,310,57,CUDA = 1 AND TextureMemory = 1 AND pixelPerThread = 1,bs_256x2==0 AND pixelPerThread==1 AND TextureMemory==1,0,0.991150442477876,1.0,0.9824561403508772,57
random_20,620,107,CUDA = 1 AND TextureMemory = 1 AND pixelPerThread = 1,pixelPerThread==1 AND TextureMemory==1,0,0.9953488372093025,0.9907407407407408,1.0,57
2-wise,371,60,CUDA = 1 AND TextureMemory = 1 AND pixelPerThread = 1,pixelPerThread==1 AND OpenCL==0 AND TextureMemory==1,3,1.0,1.0,1.0,57
3-wise,2039,359,CUDA = 1 AND TextureMemory = 1 AND pixelPerThread = 1,pixelPerThread==1 AND OpenCL==0 AND TextureMemory==1,0,1.0,1.0,1.0,57
4-wise,6778,1201,CUDA = 1 AND TextureMemory = 1 AND pixelPerThread = 1,pixelPerThread==1 AND OpenCL==0 AND TextureMemory==1,0,1.0,1.0,1.0,57
full,13485,1449,CUDA = 1 AND LocalMemory = 1 AND pixelPerThread = 1,pixelPerThread==1 AND LocalMemory==1 AND OpenCL==0,0,1.0,1.0,1.0,58
random_2,62,9,CUDA = 1 AND LocalMemory = 1 AND pixelPerThread = 1,bs_32x8==0 AND pixelPerThread==1 AND LocalMemory==1 AND bs_128x1==0,0,0.9473684210526316,0.9,1.0,58
random_5,155,23,CUDA = 1 AND LocalMemory = 1 AND pixelPerThread = 1,CUDA==1 AND pixelPerThread==1 AND LocalMemory==1 AND bs_128x1==0,0,1.0,1.0,1.0,58
random_10,310,33,CUDA = 1 AND LocalMemory = 1 AND pixelPerThread = 1,CUDA==1 AND pixelPerThread==1 AND LocalMemory==1 AND bs_1024x1==0,0,1.0,1.0,1.0,58
random_20,620,64,CUDA = 1 AND LocalMemory = 1 AND pixelPerThread = 1,CUDA==1 AND pixelPerThread==1 AND LocalMemory==1 AND OpenCL==0,0,1.0,1.0,1.0,58
2-wise,378,47,CUDA = 1 AND LocalMemory = 1 AND pixelPerThread = 1,CUDA==1 AND pixelPerThread==1 AND LocalMemory==1 AND OpenCL==0,0,1.0,1.0,1.0,58
3-wise,2060,216,CUDA = 1 AND LocalMemory = 1 AND pixelPerThread = 1,pixelPerThread==1 AND LocalMemory==1 AND OpenCL==0,0,1.0,1.0,1.0,58
4-wise,6797,738,CUDA = 1 AND LocalMemory = 1 AND pixelPerThread = 1,pixelPerThread==1 AND LocalMemory==1 AND OpenCL==0,0,1.0,1.0,1.0,58
full,13485,2635,CUDA = 1 AND Linear2D = 1 AND TextureMemory = 1,Array2D==0 AND CUDA==1 AND Linear2D==1,0,1.0,1.0,1.0,59
random_2,62,9,CUDA = 1 AND Linear2D = 1 AND TextureMemory = 1,Array2D==0 AND CUDA==1 AND Linear2D==1,0,1.0,1.0,1.0,59
random_5,155,36,CUDA = 1 AND Linear2D = 1 AND TextureMemory = 1,Array2D==0 AND CUDA==1 AND Linear2D==1,0,1.0,1.0,1.0,59
random_10,310,60,CUDA = 1 AND Linear2D = 1 AND TextureMemory = 1,Array2D==0 AND CUDA==1 AND Linear2D==1,0,1.0,1.0,1.0,59
random_20,620,122,CUDA = 1 AND Linear2D = 1 AND TextureMemory = 1,Array2D==0 AND CUDA==1 AND Linear2D==1,0,1.0,1.0,1.0,59
2-wise,378,85,CUDA = 1 AND Linear2D = 1 AND TextureMemory = 1,Array2D==0 AND CUDA==1 AND Linear2D==1,0,1.0,1.0,1.0,59
3-wise,2052,446,CUDA = 1 AND Linear2D = 1 AND TextureMemory = 1,Array2D==0 AND CUDA==1 AND Linear2D==1,0,1.0,1.0,1.0,59
4-wise,6775,1535,CUDA = 1 AND Linear2D = 1 AND TextureMemory = 1,Array2D==0 AND CUDA==1 AND Linear2D==1,0,1.0,1.0,1.0,59
full,13485,2184,CUDA = 1 AND TextureMemory = 1 AND pixelPerThread = 1,pixelPerThread==1 AND OpenCL==0 AND TextureMemory==1,0,1.0,1.0,1.0,5
random_2,62,6,CUDA = 1 AND TextureMemory = 1 AND pixelPerThread = 1,bs_32x2==0 AND Ldg==0 AND pixelPerThread==3 AND Linear2D==0,0,0.0,0.0,0.0,5
random_5,155,25,CUDA = 1 AND TextureMemory = 1 AND pixelPerThread = 1,Array2D==0 AND bs_64x16==1 AND Ldg==0 AND pixelPerThread==2,0,0.0,0.0,0.0,5
random_10,310,51,CUDA = 1 AND TextureMemory = 1 AND pixelPerThread = 1,padding==192 AND Ldg==0 AND Linear2D==0 AND OpenCL==0,0,0.0,0.0,0.0,5
random_20,620,105,CUDA = 1 AND TextureMemory = 1 AND pixelPerThread = 1,bs_64x1==1 AND padding==448 AND pixelPerThread==2 AND Linear2D==0,0,0.0,0.0,0.0,5
2-wise,376,68,CUDA = 1 AND TextureMemory = 1 AND pixelPerThread = 1,Array2D==0 AND bs_64x2==1 AND Ldg==1 AND pixelPerThread==2,0,0.0,0.0,0.0,5
3-wise,2052,370,CUDA = 1 AND TextureMemory = 1 AND pixelPerThread = 1,bs_32x4==1 AND padding==416 AND Linear2D==1 AND OpenCL==0,0,0.0,0.0,0.0,5
4-wise,6767,1202,CUDA = 1 AND TextureMemory = 1 AND pixelPerThread = 1,pixelPerThread==1 AND OpenCL==0 AND TextureMemory==1,1,1.0,1.0,1.0,5
full,13485,2635,CUDA = 1 AND Linear2D = 1 AND TextureMemory = 1,bs_64x16==1 AND padding==384 AND LocalMemory==1 AND OpenCL==1,0,0.0,0.0,0.0,60
random_2,62,17,CUDA = 1 AND Linear2D = 1 AND TextureMemory = 1,Array2D==0 AND CUDA==1 AND padding==512 AND bs_128x1==0,0,0.0,0.0,0.0,60
random_5,155,25,CUDA = 1 AND Linear2D = 1 AND TextureMemory = 1,Array2D==0 AND padding==256 AND Ldg==1 AND Linear2D==0,0,0.0,0.0,0.0,60
random_10,310,68,CUDA = 1 AND Linear2D = 1 AND TextureMemory = 1,Array2D==1 AND CUDA==1 AND bs_32x8==1 AND OpenCL==0,0,0.0,0.0,0.0,60
random_20,620,127,CUDA = 1 AND Linear2D = 1 AND TextureMemory = 1,CUDA==1 AND bs_64x4==1 AND padding==480 AND LocalMemory==1,0,0.0,0.0,0.0,60
2-wise,375,68,CUDA = 1 AND Linear2D = 1 AND TextureMemory = 1,Array2D==0 AND bs_32x32==1 AND padding==160 AND LocalMemory==1,0,0.0,0.0,0.0,60
3-wise,2028,439,CUDA = 1 AND Linear2D = 1 AND TextureMemory = 1,padding==512 AND Ldg==0 AND Linear2D==0 AND bs_128x1==1,0,0.0,0.0,0.0,60
4-wise,6735,1525,CUDA = 1 AND Linear2D = 1 AND TextureMemory = 1,Array2D==1 AND bs_32x8==1 AND pixelPerThread==2 AND LocalMemory==0,0,0.0,0.0,0.0,60
full,13485,1872,CUDA = 1 AND TextureMemory = 1 AND pixelPerThread = 3,pixelPerThread==3 AND OpenCL==0 AND TextureMemory==1,0,1.0,1.0,1.0,61
random_2,62,8,CUDA = 1 AND TextureMemory = 1 AND pixelPerThread = 3,padding==0 AND Ldg==0 AND Linear1D==0 AND LocalMemory==1,0,0.0,0.0,0.0,61
random_5,155,19,CUDA = 1 AND TextureMemory = 1 AND pixelPerThread = 3,Array2D==0 AND bs_128x2==0 AND bs_64x4==0 AND pixelPerThread==3,0,0.8260869565217391,0.7037037037037037,1.0,61
random_10,310,47,CUDA = 1 AND TextureMemory = 1 AND pixelPerThread = 3,Array2D==0 AND pixelPerThread==3 AND TextureMemory==1,0,1.0,1.0,1.0,61
random_20,620,85,CUDA = 1 AND TextureMemory = 1 AND pixelPerThread = 3,CUDA==1 AND pixelPerThread==3 AND TextureMemory==1,0,1.0,1.0,1.0,61
2-wise,371,62,CUDA = 1 AND TextureMemory = 1 AND pixelPerThread = 3,pixelPerThread==3 AND OpenCL==0 AND TextureMemory==1,0,1.0,1.0,1.0,61
3-wise,2033,333,CUDA = 1 AND TextureMemory = 1 AND pixelPerThread = 3,pixelPerThread==3 AND OpenCL==0 AND TextureMemory==1,0,1.0,1.0,1.0,61
4-wise,6785,1166,CUDA = 1 AND TextureMemory = 1 AND pixelPerThread = 3,pixelPerThread==3 AND OpenCL==0 AND TextureMemory==1,0,1.0,1.0,1.0,61
full,13485,1380,CUDA = 1 AND LocalMemory = 1 AND pixelPerThread = 2,pixelPerThread==2 AND LocalMemory==1 AND OpenCL==0,0,1.0,1.0,1.0,62
random_2,62,12,CUDA = 1 AND LocalMemory = 1 AND pixelPerThread = 2,Array2D==0 AND bs_32x4==1 AND Ldg==0 AND pixelPerThread==2,0,0.0,0.0,0.0,62
random_5,155,20,CUDA = 1 AND LocalMemory = 1 AND pixelPerThread = 2,bs_32x2==0 AND bs_32x8==0 AND padding==64 AND TextureMemory==0,0,0.0,0.0,0.0,62
random_10,310,28,CUDA = 1 AND LocalMemory = 1 AND pixelPerThread = 2,bs_64x2==0 AND pixelPerThread==2 AND LocalMemory==1 AND bs_1024x1==0,1,0.8620689655172413,0.8333333333333334,0.8928571428571429,62
random_20,620,51,CUDA = 1 AND LocalMemory = 1 AND pixelPerThread = 2,bs_32x16==0 AND padding==224 AND pixelPerThread==1 AND LocalMemory==1,0,0.0,0.0,0.0,62
2-wise,379,44,CUDA = 1 AND LocalMemory = 1 AND pixelPerThread = 2,bs_32x16==1 AND Linear2D==0 AND LocalMemory==0 AND TextureMemory==0,0,0.0,0.0,0.0,62
3-wise,2055,190,CUDA = 1 AND LocalMemory = 1 AND pixelPerThread = 2,pixelPerThread==2 AND LocalMemory==1 AND OpenCL==0,0,1.0,1.0,1.0,62
4-wise,6770,663,CUDA = 1 AND LocalMemory = 1 AND pixelPerThread = 2,pixelPerThread==2 AND LocalMemory==1 AND OpenCL==0,0,1.0,1.0,1.0,62
full,13485,2132,CUDA = 1 AND TextureMemory = 1 AND pixelPerThread = 2,pixelPerThread==2 AND OpenCL==0 AND TextureMemory==1,0,1.0,1.0,1.0,63
random_2,62,8,CUDA = 1 AND TextureMemory = 1 AND pixelPerThread = 2,Array2D==0 AND pixelPerThread==2 AND TextureMemory==1 AND bs_128x1==0,0,1.0,1.0,1.0,63
random_5,155,32,CUDA = 1 AND TextureMemory = 1 AND pixelPerThread = 2,Array2D==0 AND pixelPerThread==2 AND TextureMemory==1 AND bs_128x1==0,0,1.0,1.0,1.0,63
random_10,310,53,CUDA = 1 AND TextureMemory = 1 AND pixelPerThread = 2,CUDA==1 AND pixelPerThread==2 AND OpenCL==0 AND TextureMemory==1,0,1.0,1.0,1.0,63
random_20,620,101,CUDA = 1 AND TextureMemory = 1 AND pixelPerThread = 2,CUDA==1 AND pixelPerThread==2 AND TextureMemory==1,0,1.0,1.0,1.0,63
2-wise,377,64,CUDA = 1 AND TextureMemory = 1 AND pixelPerThread = 2,pixelPerThread==2 AND OpenCL==0 AND TextureMemory==1,0,1.0,1.0,1.0,63
3-wise,2049,358,CUDA = 1 AND TextureMemory = 1 AND pixelPerThread = 2,pixelPerThread==2 AND OpenCL==0 AND TextureMemory==1,0,1.0,1.0,1.0,63
4-wise,6741,1185,CUDA = 1 AND TextureMemory = 1 AND pixelPerThread = 2,pixelPerThread==2 AND OpenCL==0 AND TextureMemory==1,0,1.0,1.0,1.0,63
full,13485,2635,CUDA = 1 AND Linear2D = 1 AND TextureMemory = 1,Array2D==0 AND CUDA==1 AND Linear2D==1,0,1.0,1.0,1.0,64
random_2,62,11,CUDA = 1 AND Linear2D = 1 AND TextureMemory = 1,Array2D==0 AND CUDA==1 AND Linear2D==1,0,1.0,1.0,1.0,64
random_5,155,26,CUDA = 1 AND Linear2D = 1 AND TextureMemory = 1,Array2D==0 AND CUDA==1 AND Linear2D==1,0,1.0,1.0,1.0,64
random_10,310,47,CUDA = 1 AND Linear2D = 1 AND TextureMemory = 1,Array2D==0 AND CUDA==1 AND Linear2D==1,0,1.0,1.0,1.0,64
random_20,620,100,CUDA = 1 AND Linear2D = 1 AND TextureMemory = 1,Array2D==0 AND CUDA==1 AND Linear2D==1,0,1.0,1.0,1.0,64
2-wise,376,67,CUDA = 1 AND Linear2D = 1 AND TextureMemory = 1,Array2D==0 AND CUDA==1 AND Linear2D==1,0,1.0,1.0,1.0,64
3-wise,2041,449,CUDA = 1 AND Linear2D = 1 AND TextureMemory = 1,Array2D==0 AND CUDA==1 AND Linear2D==1,0,1.0,1.0,1.0,64
4-wise,6758,1532,CUDA = 1 AND Linear2D = 1 AND TextureMemory = 1,Array2D==0 AND CUDA==1 AND Linear2D==1,0,1.0,1.0,1.0,64
full,13485,2635,CUDA = 1 AND Linear1D = 1 AND TextureMemory = 1,Array2D==0 AND CUDA==1 AND Linear1D==1,0,1.0,1.0,1.0,65
random_2,62,9,CUDA = 1 AND Linear1D = 1 AND TextureMemory = 1,Array2D==0 AND CUDA==1 AND Linear1D==1,0,1.0,1.0,1.0,65
random_5,155,24,CUDA = 1 AND Linear1D = 1 AND TextureMemory = 1,Array2D==0 AND CUDA==1 AND Linear1D==1,0,1.0,1.0,1.0,65
random_10,310,75,CUDA = 1 AND Linear1D = 1 AND TextureMemory = 1,Array2D==0 AND CUDA==1 AND Linear1D==1,0,1.0,1.0,1.0,65
random_20,620,141,CUDA = 1 AND Linear1D = 1 AND TextureMemory = 1,Array2D==0 AND CUDA==1 AND Linear1D==1,0,1.0,1.0,1.0,65
2-wise,375,66,CUDA = 1 AND Linear1D = 1 AND TextureMemory = 1,Array2D==0 AND CUDA==1 AND Linear1D==1,0,1.0,1.0,1.0,65
3-wise,2038,452,CUDA = 1 AND Linear1D = 1 AND TextureMemory = 1,Array2D==0 AND CUDA==1 AND Linear1D==1,0,1.0,1.0,1.0,65
4-wise,6757,1532,CUDA = 1 AND Linear1D = 1 AND TextureMemory = 1,Array2D==0 AND CUDA==1 AND Linear1D==1,0,1.0,1.0,1.0,65
full,13485,2635,CUDA = 1 AND Linear2D = 1 AND TextureMemory = 1,Array2D==0 AND CUDA==1 AND Linear2D==1,0,1.0,1.0,1.0,66
random_2,62,15,CUDA = 1 AND Linear2D = 1 AND TextureMemory = 1,Array2D==0 AND CUDA==1 AND Linear2D==1,0,1.0,1.0,1.0,66
random_5,155,37,CUDA = 1 AND Linear2D = 1 AND TextureMemory = 1,Array2D==0 AND CUDA==1 AND Linear2D==1,0,1.0,1.0,1.0,66
random_10,310,65,CUDA = 1 AND Linear2D = 1 AND TextureMemory = 1,Array2D==0 AND CUDA==1 AND Linear2D==1,0,1.0,1.0,1.0,66
random_20,620,127,CUDA = 1 AND Linear2D = 1 AND TextureMemory = 1,Array2D==0 AND CUDA==1 AND Linear2D==1,0,1.0,1.0,1.0,66
2-wise,377,69,CUDA = 1 AND Linear2D = 1 AND TextureMemory = 1,Array2D==0 AND CUDA==1 AND Linear2D==1,0,1.0,1.0,1.0,66
3-wise,2049,445,CUDA = 1 AND Linear2D = 1 AND TextureMemory = 1,Array2D==0 AND CUDA==1 AND Linear2D==1,0,1.0,1.0,1.0,66
4-wise,6792,1539,CUDA = 1 AND Linear2D = 1 AND TextureMemory = 1,Array2D==0 AND CUDA==1 AND Linear2D==1,0,1.0,1.0,1.0,66
full,13485,2635,CUDA = 1 AND Linear1D = 1 AND TextureMemory = 1,Array2D==0 AND CUDA==1 AND Linear1D==1,0,1.0,1.0,1.0,67
random_2,62,12,CUDA = 1 AND Linear1D = 1 AND TextureMemory = 1,Array2D==0 AND CUDA==1 AND Linear1D==1,0,1.0,1.0,1.0,67
random_5,155,37,CUDA = 1 AND Linear1D = 1 AND TextureMemory = 1,Array2D==0 AND CUDA==1 AND Linear1D==1,0,1.0,1.0,1.0,67
random_10,310,65,CUDA = 1 AND Linear1D = 1 AND TextureMemory = 1,Array2D==0 AND CUDA==1 AND Linear1D==1,0,1.0,1.0,1.0,67
random_20,620,123,CUDA = 1 AND Linear1D = 1 AND TextureMemory = 1,Array2D==0 AND CUDA==1 AND Linear1D==1,0,1.0,1.0,1.0,67
2-wise,379,75,CUDA = 1 AND Linear1D = 1 AND TextureMemory = 1,Array2D==0 AND CUDA==1 AND Linear1D==1,0,1.0,1.0,1.0,67
3-wise,2053,456,CUDA = 1 AND Linear1D = 1 AND TextureMemory = 1,Array2D==0 AND CUDA==1 AND Linear1D==1,0,1.0,1.0,1.0,67
4-wise,6760,1531,CUDA = 1 AND Linear1D = 1 AND TextureMemory = 1,Array2D==0 AND CUDA==1 AND Linear1D==1,0,1.0,1.0,1.0,67
full,13485,2184,CUDA = 1 AND TextureMemory = 1 AND pixelPerThread = 1,pixelPerThread==1 AND OpenCL==0 AND TextureMemory==1,0,1.0,1.0,1.0,68
random_2,62,13,CUDA = 1 AND TextureMemory = 1 AND pixelPerThread = 1,Array2D==0 AND bs_512x2==1 AND Linear1D==1 AND Linear2D==0,0,0.0,0.0,0.0,68
random_5,155,30,CUDA = 1 AND TextureMemory = 1 AND pixelPerThread = 1,Array2D==0 AND bs_32x8==1 AND padding==480 AND LocalMemory==1,0,0.0,0.0,0.0,68
random_10,310,51,CUDA = 1 AND TextureMemory = 1 AND pixelPerThread = 1,Array2D==0 AND CUDA==1 AND bs_512x1==1 AND bs_128x1==0,0,0.0327868852459016,0.1,0.0196078431372549,68
random_20,620,102,CUDA = 1 AND TextureMemory = 1 AND pixelPerThread = 1,CUDA==1 AND bs_32x4==1 AND padding==192 AND LocalMemory==1,0,0.0,0.0,0.0,68
2-wise,373,71,CUDA = 1 AND TextureMemory = 1 AND pixelPerThread = 1,padding==64 AND pixelPerThread==3 AND Linear1D==0 AND Linear2D==0,0,0.0,0.0,0.0,68
3-wise,2031,369,CUDA = 1 AND TextureMemory = 1 AND pixelPerThread = 1,CUDA==0 AND bs_512x1==1 AND padding==288 AND Linear1D==0,0,0.0,0.0,0.0,68
4-wise,6750,1203,CUDA = 1 AND TextureMemory = 1 AND pixelPerThread = 1,pixelPerThread==1 AND OpenCL==0 AND TextureMemory==1,0,1.0,1.0,1.0,68
full,13485,2132,CUDA = 1 AND TextureMemory = 1 AND pixelPerThread = 2,pixelPerThread==2 AND OpenCL==0 AND TextureMemory==1,1,1.0,1.0,1.0,69
random_2,62,13,CUDA = 1 AND TextureMemory = 1 AND pixelPerThread = 2,Array2D==0 AND CUDA==0 AND pixelPerThread==1 AND LocalMemory==1,0,0.0,0.0,0.0,69
random_5,155,28,CUDA = 1 AND TextureMemory = 1 AND pixelPerThread = 2,Array2D==0 AND bs_128x4==1 AND Linear1D==0 AND TextureMemory==0,0,0.0,0.0,0.0,69
random_10,310,50,CUDA = 1 AND TextureMemory = 1 AND pixelPerThread = 2,Array2D==0 AND bs_512x1==1 AND padding==96 AND LocalMemory==0,0,0.0,0.0,0.0,69
random_20,620,95,CUDA = 1 AND TextureMemory = 1 AND pixelPerThread = 2,bs_32x8==1 AND padding==0 AND Ldg==0 AND bs_128x1==0,0,0.0,0.0,0.0,69
2-wise,378,60,CUDA = 1 AND TextureMemory = 1 AND pixelPerThread = 2,pixelPerThread==3 AND OpenCL==0 AND TextureMemory==0 AND bs_1024x1==1,0,0.0,0.0,0.0,69
3-wise,2037,380,CUDA = 1 AND TextureMemory = 1 AND pixelPerThread = 2,bs_32x4==1 AND padding==352 AND LocalMemory==1 AND TextureMemory==1,0,0.0,0.0,0.0,69
4-wise,6791,1187,CUDA = 1 AND TextureMemory = 1 AND pixelPerThread = 2,bs_128x8==1 AND padding==224 AND Linear2D==1 AND LocalMemory==0,0,0.0,0.0,0.0,69
full,13485,1380,CUDA = 1 AND LocalMemory = 1 AND pixelPerThread = 2,pixelPerThread==2 AND LocalMemory==1 AND OpenCL==0,0,1.0,1.0,1.0,6
random_2,62,9,CUDA = 1 AND LocalMemory = 1 AND pixelPerThread = 2,Array2D==0 AND pixelPerThread==2 AND LocalMemory==1 AND bs_1024x1==0,0,1.0,1.0,1.0,6
random_5,155,21,CUDA = 1 AND LocalMemory = 1 AND pixelPerThread = 2,CUDA==1 AND pixelPerThread==2 AND LocalMemory==1 AND bs_128x1==0,0,1.0,1.0,1.0,6
random_10,310,25,CUDA = 1 AND LocalMemory = 1 AND pixelPerThread = 2,CUDA==1 AND pixelPerThread==2 AND LocalMemory==1 AND bs_1024x1==0,0,1.0,1.0,1.0,6
random_20,620,59,CUDA = 1 AND LocalMemory = 1 AND pixelPerThread = 2,pixelPerThread==2 AND LocalMemory==1 AND OpenCL==0,0,1.0,1.0,1.0,6
2-wise,370,34,CUDA = 1 AND LocalMemory = 1 AND pixelPerThread = 2,CUDA==1 AND pixelPerThread==2 AND LocalMemory==1 AND bs_1024x1==0,0,1.0,1.0,1.0,6
3-wise,2022,181,CUDA = 1 AND LocalMemory = 1 AND pixelPerThread = 2,pixelPerThread==2 AND LocalMemory==1 AND OpenCL==0,0,1.0,1.0,1.0,6
4-wise,6794,660,CUDA = 1 AND LocalMemory = 1 AND pixelPerThread = 2,pixelPerThread==2 AND LocalMemory==1 AND OpenCL==0,0,1.0,1.0,1.0,6
full,13485,1872,CUDA = 1 AND TextureMemory = 1 AND pixelPerThread = 4,pixelPerThread==4 AND OpenCL==0 AND TextureMemory==1,0,1.0,1.0,1.0,70
random_2,62,8,CUDA = 1 AND TextureMemory = 1 AND pixelPerThread = 4,Array2D==0 AND pixelPerThread==4 AND OpenCL==0 AND TextureMemory==1,0,1.0,1.0,1.0,70
random_5,155,20,CUDA = 1 AND TextureMemory = 1 AND pixelPerThread = 4,CUDA==1 AND pixelPerThread==4 AND TextureMemory==1 AND bs_128x1==0,1,1.0,1.0,1.0,70
random_10,310,51,CUDA = 1 AND TextureMemory = 1 AND pixelPerThread = 4,pixelPerThread==4 AND OpenCL==0 AND TextureMemory==1 AND bs_1024x1==0,0,1.0,1.0,1.0,70
random_20,620,97,CUDA = 1 AND TextureMemory = 1 AND pixelPerThread = 4,pixelPerThread==4 AND OpenCL==0 AND TextureMemory==1,0,1.0,1.0,1.0,70
2-wise,375,67,CUDA = 1 AND TextureMemory = 1 AND pixelPerThread = 4,pixelPerThread==4 AND OpenCL==0 AND TextureMemory==1,0,1.0,1.0,1.0,70
3-wise,2040,322,CUDA = 1 AND TextureMemory = 1 AND pixelPerThread = 4,pixelPerThread==4 AND OpenCL==0 AND TextureMemory==1,0,1.0,1.0,1.0,70
4-wise,6780,1167,CUDA = 1 AND TextureMemory = 1 AND pixelPerThread = 4,pixelPerThread==4 AND OpenCL==0 AND TextureMemory==1,0,1.0,1.0,1.0,70
full,13485,2132,CUDA = 1 AND TextureMemory = 1 AND pixelPerThread = 2,pixelPerThread==2 AND OpenCL==0 AND TextureMemory==1,0,1.0,1.0,1.0,71
random_2,62,10,CUDA = 1 AND TextureMemory = 1 AND pixelPerThread = 2,bs_256x1==0 AND bs_32x32==0 AND pixelPerThread==2 AND OpenCL==0,1,0.7826086956521738,0.6923076923076923,0.9,71
random_5,155,24,CUDA = 1 AND TextureMemory = 1 AND pixelPerThread = 2,CUDA==1 AND pixelPerThread==2 AND TextureMemory==1 AND bs_1024x1==0,0,1.0,1.0,1.0,71
random_10,310,43,CUDA = 1 AND TextureMemory = 1 AND pixelPerThread = 2,CUDA==1 AND pixelPerThread==2 AND TextureMemory==1,0,1.0,1.0,1.0,71
random_20,620,82,CUDA = 1 AND TextureMemory = 1 AND pixelPerThread = 2,pixelPerThread==2 AND OpenCL==0 AND TextureMemory==1,0,1.0,1.0,1.0,71
2-wise,378,66,CUDA = 1 AND TextureMemory = 1 AND pixelPerThread = 2,pixelPerThread==2 AND TextureMemory==1,0,0.9705882352941176,0.9428571428571428,1.0,71
3-wise,2066,364,CUDA = 1 AND TextureMemory = 1 AND pixelPerThread = 2,pixelPerThread==2 AND OpenCL==0 AND TextureMemory==1,0,1.0,1.0,1.0,71
4-wise,6784,1181,CUDA = 1 AND TextureMemory = 1 AND pixelPerThread = 2,pixelPerThread==2 AND OpenCL==0 AND TextureMemory==1,0,1.0,1.0,1.0,71
full,13485,1380,CUDA = 1 AND LocalMemory = 1 AND pixelPerThread = 2,pixelPerThread==2 AND LocalMemory==1 AND OpenCL==0,0,1.0,1.0,1.0,72
random_2,62,5,CUDA = 1 AND LocalMemory = 1 AND pixelPerThread = 2,bs_256x4==0 AND bs_32x4==0 AND bs_32x8==0 AND Linear2D==1,0,0.2222222222222222,0.25,0.2,72
random_5,155,14,CUDA = 1 AND LocalMemory = 1 AND pixelPerThread = 2,CUDA==1 AND pixelPerThread==2 AND LocalMemory==1 AND bs_1024x1==0,0,1.0,1.0,1.0,72
random_10,310,30,CUDA = 1 AND LocalMemory = 1 AND pixelPerThread = 2,CUDA==1 AND pixelPerThread==2 AND LocalMemory==1 AND bs_1024x1==0,0,1.0,1.0,1.0,72
random_20,620,55,CUDA = 1 AND LocalMemory = 1 AND pixelPerThread = 2,pixelPerThread==2 AND LocalMemory==1 AND OpenCL==0,0,1.0,1.0,1.0,72
2-wise,374,35,CUDA = 1 AND LocalMemory = 1 AND pixelPerThread = 2,CUDA==1 AND pixelPerThread==2 AND LocalMemory==1 AND bs_1024x1==0,0,1.0,1.0,1.0,72
3-wise,2013,183,CUDA = 1 AND LocalMemory = 1 AND pixelPerThread = 2,pixelPerThread==2 AND LocalMemory==1 AND OpenCL==0,0,1.0,1.0,1.0,72
4-wise,6764,663,CUDA = 1 AND LocalMemory = 1 AND pixelPerThread = 2,pixelPerThread==2 AND LocalMemory==1 AND OpenCL==0,0,1.0,1.0,1.0,72
full,13485,2635,CUDA = 1 AND Linear2D = 1 AND TextureMemory = 1,bs_64x2==1 AND padding==352 AND pixelPerThread==3 AND OpenCL==1,0,0.0,0.0,0.0,73
random_2,62,13,CUDA = 1 AND Linear2D = 1 AND TextureMemory = 1,bs_32x4==0 AND Ldg==1 AND pixelPerThread==2 AND OpenCL==0,0,0.0,0.0,0.0,73
random_5,155,24,CUDA = 1 AND Linear2D = 1 AND TextureMemory = 1,bs_64x1==1 AND pixelPerThread==2 AND Linear2D==0 AND bs_1024x1==0,0,0.0,0.0,0.0,73
random_10,310,68,CUDA = 1 AND Linear2D = 1 AND TextureMemory = 1,bs_256x2==0 AND bs_64x4==0 AND padding==64 AND Ldg==1,0,0.0,0.0,0.0,73
random_20,620,115,CUDA = 1 AND Linear2D = 1 AND TextureMemory = 1,bs_32x16==0 AND padding==224 AND Ldg==1 AND LocalMemory==1,0,0.0,0.0,0.0,73
2-wise,372,70,CUDA = 1 AND Linear2D = 1 AND TextureMemory = 1,bs_128x4==0 AND bs_32x8==0 AND padding==512 AND LocalMemory==1,0,0.0,0.0,0.0,73
3-wise,2036,462,CUDA = 1 AND Linear2D = 1 AND TextureMemory = 1,padding==128 AND Ldg==1 AND pixelPerThread==2 AND LocalMemory==0,0,0.0,0.0,0.0,73
4-wise,6773,1537,CUDA = 1 AND Linear2D = 1 AND TextureMemory = 1,padding==384 AND LocalMemory==1 AND TextureMemory==0 AND bs_1024x1==1,0,0.0,0.0,0.0,73
full,13485,2132,CUDA = 1 AND TextureMemory = 1 AND pixelPerThread = 2,padding==352 AND Ldg==1 AND pixelPerThread==1 AND LocalMemory==1,0,0.0,0.0,0.0,74
random_2,62,4,CUDA = 1 AND TextureMemory = 1 AND pixelPerThread = 2,Array2D==0 AND CUDA==0 AND padding==96 AND Linear1D==0,0,0.0,0.0,0.0,74
random_5,155,26,CUDA = 1 AND TextureMemory = 1 AND pixelPerThread = 2,Array2D==0 AND padding==192 AND Linear2D==1 AND LocalMemory==1,0,0.0,0.0,0.0,74
random_10,310,48,CUDA = 1 AND TextureMemory = 1 AND pixelPerThread = 2,padding==64 AND pixelPerThread==3 AND Linear1D==0 AND LocalMemory==1,0,0.0,0.0,0.0,74
random_20,620,95,CUDA = 1 AND TextureMemory = 1 AND pixelPerThread = 2,bs_64x4==0 AND padding==192 AND OpenCL==1 AND bs_128x1==0,0,0.0,0.0,0.0,74
2-wise,376,65,CUDA = 1 AND TextureMemory = 1 AND pixelPerThread = 2,bs_256x4==0 AND bs_32x32==0 AND padding==192 AND pixelPerThread==1,0,0.0,0.0,0.0,74
3-wise,2050,355,CUDA = 1 AND TextureMemory = 1 AND pixelPerThread = 2,bs_64x4==1 AND padding==224 AND Ldg==0 AND Linear2D==1,0,0.0,0.0,0.0,74
4-wise,6764,1188,CUDA = 1 AND TextureMemory = 1 AND pixelPerThread = 2,bs_64x2==1 AND padding==288 AND pixelPerThread==3 AND LocalMemory==1,0,0.0,0.0,0.0,74
full,13485,1380,CUDA = 1 AND LocalMemory = 1 AND pixelPerThread = 2,pixelPerThread==2 AND LocalMemory==1 AND OpenCL==0,0,1.0,1.0,1.0,75
random_2,62,10,CUDA = 1 AND LocalMemory = 1 AND pixelPerThread = 2,CUDA==1 AND pixelPerThread==2 AND LocalMemory==1 AND bs_1024x1==0,0,1.0,1.0,1.0,75
random_5,155,21,CUDA = 1 AND LocalMemory = 1 AND pixelPerThread = 2,CUDA==1 AND pixelPerThread==2 AND LocalMemory==1 AND bs_1024x1==0,0,1.0,1.0,1.0,75
random_10,310,41,CUDA = 1 AND LocalMemory = 1 AND pixelPerThread = 2,pixelPerThread==2 AND LocalMemory==1 AND OpenCL==0,0,1.0,1.0,1.0,75
random_20,620,74,CUDA = 1 AND LocalMemory = 1 AND pixelPerThread = 2,pixelPerThread==2 AND LocalMemory==1 AND OpenCL==0,0,1.0,1.0,1.0,75
2-wise,380,31,CUDA = 1 AND LocalMemory = 1 AND pixelPerThread = 2,CUDA==1 AND pixelPerThread==2 AND LocalMemory==1 AND bs_1024x1==0,0,1.0,1.0,1.0,75
3-wise,2052,203,CUDA = 1 AND LocalMemory = 1 AND pixelPerThread = 2,pixelPerThread==2 AND LocalMemory==1 AND OpenCL==0,0,1.0,1.0,1.0,75
4-wise,6747,650,CUDA = 1 AND LocalMemory = 1 AND pixelPerThread = 2,pixelPerThread==2 AND LocalMemory==1 AND OpenCL==0,0,1.0,1.0,1.0,75
full,13485,2635,CUDA = 1 AND Linear2D = 1 AND TextureMemory = 1,bs_32x8==1 AND padding==128 AND Ldg==1 AND LocalMemory==0,0,0.0,0.0,0.0,76
random_2,62,16,CUDA = 1 AND Linear2D = 1 AND TextureMemory = 1,Array2D==0 AND CUDA==1 AND padding==192 AND pixelPerThread==3,0,0.0,0.0,0.0,76
random_5,155,19,CUDA = 1 AND Linear2D = 1 AND TextureMemory = 1,Array2D==0 AND padding==192 AND Linear1D==1 AND LocalMemory==1,0,0.0,0.0,0.0,76
random_10,310,54,CUDA = 1 AND Linear2D = 1 AND TextureMemory = 1,padding==64 AND pixelPerThread==1 AND Linear2D==0 AND TextureMemory==0,0,0.0,0.0,0.0,76
random_20,620,103,CUDA = 1 AND Linear2D = 1 AND TextureMemory = 1,padding==224 AND pixelPerThread==3 AND Linear2D==0 AND LocalMemory==1,0,0.0,0.0,0.0,76
2-wise,383,70,CUDA = 1 AND Linear2D = 1 AND TextureMemory = 1,bs_128x2==0 AND padding==480 AND pixelPerThread==1 AND LocalMemory==1,0,0.0,0.0,0.0,76
3-wise,2031,433,CUDA = 1 AND Linear2D = 1 AND TextureMemory = 1,padding==512 AND pixelPerThread==1 AND OpenCL==0 AND bs_128x1==1,1,0.0045871559633027,0.3333333333333333,0.0023094688221709,76
4-wise,6784,1528,CUDA = 1 AND Linear2D = 1 AND TextureMemory = 1,Array2D==1 AND bs_32x4==1 AND pixelPerThread==2 AND LocalMemory==1,0,0.0,0.0,0.0,76
full,13485,1872,CUDA = 1 AND TextureMemory = 1 AND pixelPerThread = 4,pixelPerThread==4 AND TextureMemory==1,0,0.9904761904761904,0.981132075471698,1.0,77
random_2,62,9,CUDA = 1 AND TextureMemory = 1 AND pixelPerThread = 4,Array2D==0 AND CUDA==1 AND bs_64x8==1 AND LocalMemory==1,0,0.0,0.0,0.0,77
random_5,155,19,CUDA = 1 AND TextureMemory = 1 AND pixelPerThread = 4,Ldg==0 AND pixelPerThread==1 AND LocalMemory==0 AND TextureMemory==1,0,0.0,0.0,0.0,77
random_10,310,44,CUDA = 1 AND TextureMemory = 1 AND pixelPerThread = 4,Array2D==0 AND bs_64x1==1 AND padding==480 AND Linear2D==0,0,0.0,0.0,0.0,77
random_20,620,87,CUDA = 1 AND TextureMemory = 1 AND pixelPerThread = 4,bs_128x8==1 AND padding==512 AND Ldg==0 AND bs_128x1==0,0,0.0,0.0,0.0,77
2-wise,379,43,CUDA = 1 AND TextureMemory = 1 AND pixelPerThread = 4,bs_64x4==1 AND Ldg==1 AND LocalMemory==0 AND OpenCL==0,0,0.0,0.0,0.0,77
3-wise,2057,338,CUDA = 1 AND TextureMemory = 1 AND pixelPerThread = 4,bs_32x2==1 AND padding==128 AND Ldg==1 AND LocalMemory==0,0,0.0,0.0,0.0,77
4-wise,6792,1162,CUDA = 1 AND TextureMemory = 1 AND pixelPerThread = 4,bs_128x4==1 AND padding==32 AND Linear2D==0 AND LocalMemory==1,4,0.0017123287671232,0.1666666666666666,0.0008605851979345,77
full,13485,2132,CUDA = 1 AND TextureMemory = 1 AND pixelPerThread = 2,pixelPerThread==2 AND OpenCL==0 AND TextureMemory==1,0,1.0,1.0,1.0,78
random_2,62,14,CUDA = 1 AND TextureMemory = 1 AND pixelPerThread = 2,Array2D==0 AND CUDA==1 AND padding==224 AND Ldg==0,0,0.0,0.0,0.0,78
random_5,155,22,CUDA = 1 AND TextureMemory = 1 AND pixelPerThread = 2,bs_256x1==0 AND bs_32x32==0 AND pixelPerThread==2 AND OpenCL==0,0,0.8571428571428572,0.7777777777777778,0.9545454545454546,78
random_10,310,46,CUDA = 1 AND TextureMemory = 1 AND pixelPerThread = 2,CUDA==1 AND pixelPerThread==2 AND OpenCL==0 AND TextureMemory==1,0,1.0,1.0,1.0,78
random_20,620,88,CUDA = 1 AND TextureMemory = 1 AND pixelPerThread = 2,pixelPerThread==2 AND OpenCL==0 AND TextureMemory==1,0,1.0,1.0,1.0,78
2-wise,378,68,CUDA = 1 AND TextureMemory = 1 AND pixelPerThread = 2,pixelPerThread==2 AND OpenCL==0 AND TextureMemory==1,0,1.0,1.0,1.0,78
3-wise,2034,322,CUDA = 1 AND TextureMemory = 1 AND pixelPerThread = 2,pixelPerThread==2 AND OpenCL==0 AND TextureMemory==1,0,1.0,1.0,1.0,78
4-wise,6812,1195,CUDA = 1 AND TextureMemory = 1 AND pixelPerThread = 2,pixelPerThread==2 AND OpenCL==0 AND TextureMemory==1,0,1.0,1.0,1.0,78
full,13485,2635,CUDA = 1 AND Ldg = 1 AND TextureMemory = 1,Array2D==0 AND CUDA==1 AND Ldg==1,0,1.0,1.0,1.0,79
random_2,62,16,CUDA = 1 AND Ldg = 1 AND TextureMemory = 1,Array2D==0 AND CUDA==1 AND Ldg==1,0,1.0,1.0,1.0,79
random_5,155,34,CUDA = 1 AND Ldg = 1 AND TextureMemory = 1,Array2D==0 AND CUDA==1 AND Ldg==1,0,1.0,1.0,1.0,79
random_10,310,61,CUDA = 1 AND Ldg = 1 AND TextureMemory = 1,Array2D==0 AND CUDA==1 AND Ldg==1,0,1.0,1.0,1.0,79
random_20,620,118,CUDA = 1 AND Ldg = 1 AND TextureMemory = 1,Array2D==0 AND CUDA==1 AND Ldg==1,0,1.0,1.0,1.0,79
2-wise,381,89,CUDA = 1 AND Ldg = 1 AND TextureMemory = 1,Array2D==0 AND CUDA==1 AND Ldg==1,0,1.0,1.0,1.0,79
3-wise,2037,448,CUDA = 1 AND Ldg = 1 AND TextureMemory = 1,Array2D==0 AND CUDA==1 AND Ldg==1,0,1.0,1.0,1.0,79
4-wise,6764,1532,CUDA = 1 AND Ldg = 1 AND TextureMemory = 1,Array2D==0 AND CUDA==1 AND Ldg==1,0,1.0,1.0,1.0,79
full,13485,1449,CUDA = 1 AND LocalMemory = 1 AND pixelPerThread = 1,pixelPerThread==1 AND LocalMemory==1 AND OpenCL==0,0,1.0,1.0,1.0,7
random_2,62,6,CUDA = 1 AND LocalMemory = 1 AND pixelPerThread = 1,bs_512x2==0 AND pixelPerThread==2 AND LocalMemory==1 AND OpenCL==1,0,0.0,0.0,0.0,7
random_5,155,18,CUDA = 1 AND LocalMemory = 1 AND pixelPerThread = 1,Array2D==0 AND padding==32 AND pixelPerThread==1 AND LocalMemory==0,0,0.0,0.0,0.0,7
random_10,310,34,CUDA = 1 AND LocalMemory = 1 AND pixelPerThread = 1,padding==192 AND Ldg==1 AND pixelPerThread==2 AND Linear2D==0,0,0.0,0.0,0.0,7
random_20,620,57,CUDA = 1 AND LocalMemory = 1 AND pixelPerThread = 1,bs_512x2==1 AND Ldg==0 AND pixelPerThread==4 AND TextureMemory==1,0,0.0,0.0,0.0,7
2-wise,372,46,CUDA = 1 AND LocalMemory = 1 AND pixelPerThread = 1,bs_64x4==1 AND Ldg==0 AND pixelPerThread==4 AND bs_128x1==0,0,0.0,0.0,0.0,7
3-wise,2031,207,CUDA = 1 AND LocalMemory = 1 AND pixelPerThread = 1,pixelPerThread==1 AND LocalMemory==1 AND OpenCL==0,0,1.0,1.0,1.0,7
4-wise,6801,711,CUDA = 1 AND LocalMemory = 1 AND pixelPerThread = 1,pixelPerThread==1 AND LocalMemory==1 AND OpenCL==0,0,1.0,1.0,1.0,7
full,13485,2132,CUDA = 1 AND TextureMemory = 1 AND pixelPerThread = 2,pixelPerThread==2 AND OpenCL==0 AND TextureMemory==1,0,1.0,1.0,1.0,80
random_2,62,11,CUDA = 1 AND TextureMemory = 1 AND pixelPerThread = 2,Array2D==0 AND pixelPerThread==2 AND TextureMemory==1 AND bs_1024x1==0,0,1.0,1.0,1.0,80
random_5,155,20,CUDA = 1 AND TextureMemory = 1 AND pixelPerThread = 2,CUDA==1 AND pixelPerThread==2 AND OpenCL==0 AND TextureMemory==1,0,1.0,1.0,1.0,80
random_10,310,42,CUDA = 1 AND TextureMemory = 1 AND pixelPerThread = 2,Array2D==0 AND pixelPerThread==2 AND TextureMemory==1,0,1.0,1.0,1.0,80
random_20,620,90,CUDA = 1 AND TextureMemory = 1 AND pixelPerThread = 2,CUDA==1 AND pixelPerThread==2 AND TextureMemory==1,0,1.0,1.0,1.0,80
2-wise,379,66,CUDA = 1 AND TextureMemory = 1 AND pixelPerThread = 2,pixelPerThread==2 AND OpenCL==0 AND TextureMemory==1,0,1.0,1.0,1.0,80
3-wise,2042,374,CUDA = 1 AND TextureMemory = 1 AND pixelPerThread = 2,pixelPerThread==2 AND OpenCL==0 AND TextureMemory==1,0,1.0,1.0,1.0,80
4-wise,6777,1197,CUDA = 1 AND TextureMemory = 1 AND pixelPerThread = 2,pixelPerThread==2 AND OpenCL==0 AND TextureMemory==1,0,1.0,1.0,1.0,80
full,13485,2184,CUDA = 1 AND TextureMemory = 1 AND pixelPerThread = 1,pixelPerThread==1 AND OpenCL==0 AND TextureMemory==1,1,1.0,1.0,1.0,81
random_2,62,12,CUDA = 1 AND TextureMemory = 1 AND pixelPerThread = 1,Array2D==0 AND padding==160 AND Ldg==1 AND Linear2D==0,0,0.0,0.0,0.0,81
random_5,155,27,CUDA = 1 AND TextureMemory = 1 AND pixelPerThread = 1,padding==256 AND pixelPerThread==2 AND LocalMemory==0 AND TextureMemory==0,0,0.0,0.0,0.0,81
random_10,310,66,CUDA = 1 AND TextureMemory = 1 AND pixelPerThread = 1,Array2D==0 AND padding==288 AND Linear1D==1 AND Linear2D==0,0,0.0,0.0,0.0,81
random_20,620,121,CUDA = 1 AND TextureMemory = 1 AND pixelPerThread = 1,padding==64 AND pixelPerThread==2 AND Linear1D==0 AND bs_1024x1==0,0,0.0,0.0,0.0,81
2-wise,371,51,CUDA = 1 AND TextureMemory = 1 AND pixelPerThread = 1,Array2D==0 AND bs_32x1==1 AND pixelPerThread==4 AND Linear1D==1,0,0.0,0.0,0.0,81
3-wise,2032,365,CUDA = 1 AND TextureMemory = 1 AND pixelPerThread = 1,pixelPerThread==1 AND OpenCL==0 AND TextureMemory==1,0,1.0,1.0,1.0,81
4-wise,6793,1205,CUDA = 1 AND TextureMemory = 1 AND pixelPerThread = 1,pixelPerThread==1 AND OpenCL==0 AND TextureMemory==1,1,1.0,1.0,1.0,81
full,13485,1449,CUDA = 1 AND LocalMemory = 1 AND pixelPerThread = 1,pixelPerThread==1 AND LocalMemory==1 AND OpenCL==0,0,1.0,1.0,1.0,82
random_2,62,9,CUDA = 1 AND LocalMemory = 1 AND pixelPerThread = 1,CUDA==1 AND pixelPerThread==1 AND LocalMemory==1 AND bs_1024x1==0,0,1.0,1.0,1.0,82
random_5,155,12,CUDA = 1 AND LocalMemory = 1 AND pixelPerThread = 1,CUDA==1 AND pixelPerThread==1 AND LocalMemory==1 AND bs_1024x1==0,0,1.0,1.0,1.0,82
random_10,310,40,CUDA = 1 AND LocalMemory = 1 AND pixelPerThread = 1,CUDA==1 AND pixelPerThread==1 AND LocalMemory==1,0,1.0,1.0,1.0,82
random_20,620,66,CUDA = 1 AND LocalMemory = 1 AND pixelPerThread = 1,pixelPerThread==1 AND LocalMemory==1 AND OpenCL==0,0,1.0,1.0,1.0,82
2-wise,380,34,CUDA = 1 AND LocalMemory = 1 AND pixelPerThread = 1,CUDA==1 AND pixelPerThread==1 AND LocalMemory==1,0,1.0,1.0,1.0,82
3-wise,2083,215,CUDA = 1 AND LocalMemory = 1 AND pixelPerThread = 1,pixelPerThread==1 AND LocalMemory==1 AND OpenCL==0,0,1.0,1.0,1.0,82
4-wise,6775,696,CUDA = 1 AND LocalMemory = 1 AND pixelPerThread = 1,pixelPerThread==1 AND LocalMemory==1 AND OpenCL==0,0,1.0,1.0,1.0,82
full,13485,2184,CUDA = 1 AND TextureMemory = 1 AND pixelPerThread = 1,pixelPerThread==1 AND OpenCL==0 AND TextureMemory==1,0,1.0,1.0,1.0,83
random_2,62,9,CUDA = 1 AND TextureMemory = 1 AND pixelPerThread = 1,Array2D==0 AND CUDA==1 AND padding==288 AND OpenCL==0,0,0.0,0.0,0.0,83
random_5,155,25,CUDA = 1 AND TextureMemory = 1 AND pixelPerThread = 1,CUDA==1 AND pixelPerThread==1 AND TextureMemory==1 AND bs_128x1==0,0,1.0,1.0,1.0,83
random_10,310,57,CUDA = 1 AND TextureMemory = 1 AND pixelPerThread = 1,Array2D==0 AND pixelPerThread==1 AND OpenCL==0 AND TextureMemory==1,0,1.0,1.0,1.0,83
random_20,620,106,CUDA = 1 AND TextureMemory = 1 AND pixelPerThread = 1,pixelPerThread==1 AND TextureMemory==1,0,0.9953051643192488,0.9906542056074766,1.0,83
2-wise,369,67,CUDA = 1 AND TextureMemory = 1 AND pixelPerThread = 1,bs_32x8==0 AND pixelPerThread==1 AND OpenCL==0 AND TextureMemory==1,0,1.0,1.0,1.0,83
3-wise,2024,384,CUDA = 1 AND TextureMemory = 1 AND pixelPerThread = 1,pixelPerThread==1 AND OpenCL==0 AND TextureMemory==1,1,1.0,1.0,1.0,83
4-wise,6743,1208,CUDA = 1 AND TextureMemory = 1 AND pixelPerThread = 1,pixelPerThread==1 AND OpenCL==0 AND TextureMemory==1,0,1.0,1.0,1.0,83
full,13485,2184,CUDA = 1 AND TextureMemory = 1 AND pixelPerThread = 1,pixelPerThread==1 AND OpenCL==0 AND TextureMemory==1,0,1.0,1.0,1.0,84
random_2,62,4,CUDA = 1 AND TextureMemory = 1 AND pixelPerThread = 1,bs_32x1==0 AND pixelPerThread==1 AND TextureMemory==1 AND bs_128x1==0,0,0.888888888888889,0.8,1.0,84
random_5,155,31,CUDA = 1 AND TextureMemory = 1 AND pixelPerThread = 1,Array2D==0 AND pixelPerThread==1 AND TextureMemory==1 AND bs_128x1==0,0,1.0,1.0,1.0,84
random_10,310,53,CUDA = 1 AND TextureMemory = 1 AND pixelPerThread = 1,pixelPerThread==1 AND OpenCL==0 AND TextureMemory==1,0,1.0,1.0,1.0,84
random_20,620,105,CUDA = 1 AND TextureMemory = 1 AND pixelPerThread = 1,pixelPerThread==1 AND TextureMemory==1,0,1.0,1.0,1.0,84
2-wise,374,61,CUDA = 1 AND TextureMemory = 1 AND pixelPerThread = 1,pixelPerThread==1 AND OpenCL==0 AND TextureMemory==1,0,1.0,1.0,1.0,84
3-wise,2051,398,CUDA = 1 AND TextureMemory = 1 AND pixelPerThread = 1,pixelPerThread==1 AND OpenCL==0 AND TextureMemory==1,0,1.0,1.0,1.0,84
4-wise,6741,1208,CUDA = 1 AND TextureMemory = 1 AND pixelPerThread = 1,pixelPerThread==1 AND OpenCL==0 AND TextureMemory==1,0,1.0,1.0,1.0,84
full,13485,1872,CUDA = 1 AND TextureMemory = 1 AND pixelPerThread = 4,pixelPerThread==4 AND OpenCL==0 AND TextureMemory==1,0,1.0,1.0,1.0,85
random_2,62,9,CUDA = 1 AND TextureMemory = 1 AND pixelPerThread = 4,pixelPerThread==4 AND Linear2D==0 AND TextureMemory==1 AND bs_1024x1==0,0,0.9473684210526316,0.9,1.0,85
random_5,155,26,CUDA = 1 AND TextureMemory = 1 AND pixelPerThread = 4,CUDA==1 AND pixelPerThread==4 AND OpenCL==0 AND TextureMemory==1,0,1.0,1.0,1.0,85
random_10,310,45,CUDA = 1 AND TextureMemory = 1 AND pixelPerThread = 4,Array2D==0 AND pixelPerThread==4 AND OpenCL==0 AND TextureMemory==1,0,1.0,1.0,1.0,85
random_20,620,89,CUDA = 1 AND TextureMemory = 1 AND pixelPerThread = 4,pixelPerThread==4 AND OpenCL==0 AND TextureMemory==1,0,1.0,1.0,1.0,85
2-wise,380,61,CUDA = 1 AND TextureMemory = 1 AND pixelPerThread = 4,pixelPerThread==4 AND OpenCL==0 AND TextureMemory==1,0,1.0,1.0,1.0,85
3-wise,2050,342,CUDA = 1 AND TextureMemory = 1 AND pixelPerThread = 4,pixelPerThread==4 AND OpenCL==0 AND TextureMemory==1,0,1.0,1.0,1.0,85
4-wise,6763,1162,CUDA = 1 AND TextureMemory = 1 AND pixelPerThread = 4,pixelPerThread==4 AND OpenCL==0 AND TextureMemory==1,0,1.0,1.0,1.0,85
full,13485,2635,CUDA = 1 AND Linear2D = 1 AND TextureMemory = 1,Array2D==0 AND CUDA==1 AND Linear2D==1,0,1.0,1.0,1.0,86
random_2,62,7,CUDA = 1 AND Linear2D = 1 AND TextureMemory = 1,Array2D==0 AND CUDA==1 AND Linear2D==1,0,1.0,1.0,1.0,86
random_5,155,28,CUDA = 1 AND Linear2D = 1 AND TextureMemory = 1,Array2D==0 AND CUDA==1 AND Linear2D==1,0,1.0,1.0,1.0,86
random_10,310,50,CUDA = 1 AND Linear2D = 1 AND TextureMemory = 1,Array2D==0 AND CUDA==1 AND Linear2D==1,0,1.0,1.0,1.0,86
random_20,620,105,CUDA = 1 AND Linear2D = 1 AND TextureMemory = 1,Array2D==0 AND CUDA==1 AND Linear2D==1,0,1.0,1.0,1.0,86
2-wise,377,72,CUDA = 1 AND Linear2D = 1 AND TextureMemory = 1,Array2D==0 AND CUDA==1 AND Linear2D==1,0,1.0,1.0,1.0,86
3-wise,2056,442,CUDA = 1 AND Linear2D = 1 AND TextureMemory = 1,Array2D==0 AND CUDA==1 AND Linear2D==1,0,1.0,1.0,1.0,86
4-wise,6765,1532,CUDA = 1 AND Linear2D = 1 AND TextureMemory = 1,Array2D==0 AND CUDA==1 AND Linear2D==1,0,1.0,1.0,1.0,86
full,13485,2635,CUDA = 1 AND Linear1D = 1 AND TextureMemory = 1,Array2D==0 AND CUDA==1 AND Linear1D==1,0,1.0,1.0,1.0,87
random_2,62,12,CUDA = 1 AND Linear1D = 1 AND TextureMemory = 1,bs_64x4==0 AND padding==512 AND Linear1D==0 AND bs_128x1==0,0,0.0,0.0,0.0,87
random_5,155,25,CUDA = 1 AND Linear1D = 1 AND TextureMemory = 1,bs_32x1==0 AND padding==224 AND OpenCL==0 AND TextureMemory==1,0,0.0,0.0,0.0,87
random_10,310,63,CUDA = 1 AND Linear1D = 1 AND TextureMemory = 1,Ldg==0 AND Linear2D==0 AND OpenCL==0 AND TextureMemory==1,1,0.9767441860465116,0.9545454545454546,1.0,87
random_20,620,133,CUDA = 1 AND Linear1D = 1 AND TextureMemory = 1,Array2D==0 AND CUDA==1 AND Linear1D==1,0,1.0,1.0,1.0,87
2-wise,383,71,CUDA = 1 AND Linear1D = 1 AND TextureMemory = 1,Array2D==0 AND CUDA==1 AND Linear1D==1,0,1.0,1.0,1.0,87
3-wise,2050,443,CUDA = 1 AND Linear1D = 1 AND TextureMemory = 1,Array2D==0 AND CUDA==1 AND Linear1D==1,0,1.0,1.0,1.0,87
4-wise,6775,1526,CUDA = 1 AND Linear1D = 1 AND TextureMemory = 1,Array2D==0 AND CUDA==1 AND Linear1D==1,0,1.0,1.0,1.0,87
full,13485,2635,CUDA = 1 AND Linear1D = 1 AND TextureMemory = 1,Array2D==0 AND CUDA==1 AND Linear1D==1,0,1.0,1.0,1.0,88
random_2,62,17,CUDA = 1 AND Linear1D = 1 AND TextureMemory = 1,Array2D==0 AND CUDA==1 AND Linear1D==1,0,1.0,1.0,1.0,88
random_5,155,23,CUDA = 1 AND Linear1D = 1 AND TextureMemory = 1,Array2D==0 AND CUDA==1 AND Linear1D==1,0,1.0,1.0,1.0,88
random_10,310,84,CUDA = 1 AND Linear1D = 1 AND TextureMemory = 1,Array2D==0 AND CUDA==1 AND Linear1D==1,0,1.0,1.0,1.0,88
random_20,620,141,CUDA = 1 AND Linear1D = 1 AND TextureMemory = 1,Array2D==0 AND CUDA==1 AND Linear1D==1,2,1.0,1.0,1.0,88
2-wise,377,78,CUDA = 1 AND Linear1D = 1 AND TextureMemory = 1,Array2D==0 AND CUDA==1 AND Linear1D==1,0,1.0,1.0,1.0,88
3-wise,2024,441,CUDA = 1 AND Linear1D = 1 AND TextureMemory = 1,Array2D==0 AND CUDA==1 AND Linear1D==1,0,1.0,1.0,1.0,88
4-wise,6788,1532,CUDA = 1 AND Linear1D = 1 AND TextureMemory = 1,Array2D==0 AND CUDA==1 AND Linear1D==1,0,1.0,1.0,1.0,88
full,13485,1872,CUDA = 1 AND TextureMemory = 1 AND pixelPerThread = 4,pixelPerThread==4 AND OpenCL==0 AND TextureMemory==1,0,1.0,1.0,1.0,89
random_2,62,7,CUDA = 1 AND TextureMemory = 1 AND pixelPerThread = 4,bs_64x8==0 AND Ldg==1 AND pixelPerThread==2 AND OpenCL==0,0,0.0,0.0,0.0,89
random_5,155,22,CUDA = 1 AND TextureMemory = 1 AND pixelPerThread = 4,Array2D==0 AND pixelPerThread==4 AND TextureMemory==1 AND bs_128x1==0,0,1.0,1.0,1.0,89
random_10,310,41,CUDA = 1 AND TextureMemory = 1 AND pixelPerThread = 4,bs_32x2==0 AND bs_64x1==0 AND padding==416 AND LocalMemory==0,0,0.0851063829787234,0.3333333333333333,0.048780487804878,89
random_20,620,98,CUDA = 1 AND TextureMemory = 1 AND pixelPerThread = 4,pixelPerThread==4 AND OpenCL==0 AND TextureMemory==1,0,1.0,1.0,1.0,89
2-wise,376,44,CUDA = 1 AND TextureMemory = 1 AND pixelPerThread = 4,CUDA==1 AND pixelPerThread==4 AND TextureMemory==1,0,1.0,1.0,1.0,89
3-wise,2009,316,CUDA = 1 AND TextureMemory = 1 AND pixelPerThread = 4,pixelPerThread==4 AND OpenCL==0 AND TextureMemory==1,0,1.0,1.0,1.0,89
4-wise,6787,1155,CUDA = 1 AND TextureMemory = 1 AND pixelPerThread = 4,pixelPerThread==4 AND OpenCL==0 AND TextureMemory==1,0,1.0,1.0,1.0,89
full,13485,2635,CUDA = 1 AND Linear1D = 1 AND TextureMemory = 1,bs_64x8==1 AND padding==352 AND pixelPerThread==3 AND TextureMemory==0,0,0.0,0.0,0.0,8
random_2,62,8,CUDA = 1 AND Linear1D = 1 AND TextureMemory = 1,bs_32x2==0 AND padding==288 AND Ldg==0 AND Linear2D==0,0,0.0,0.0,0.0,8
random_5,155,27,CUDA = 1 AND Linear1D = 1 AND TextureMemory = 1,bs_32x4==0 AND padding==96 AND pixelPerThread==4 AND LocalMemory==1,0,0.0,0.0,0.0,8
random_10,310,65,CUDA = 1 AND Linear1D = 1 AND TextureMemory = 1,bs_32x32==1 AND padding==352 AND LocalMemory==0 AND TextureMemory==1,0,0.0,0.0,0.0,8
random_20,620,131,CUDA = 1 AND Linear1D = 1 AND TextureMemory = 1,bs_256x1==0 AND padding==352 AND Ldg==1 AND pixelPerThread==1,0,0.0,0.0,0.0,8
2-wise,383,79,CUDA = 1 AND Linear1D = 1 AND TextureMemory = 1,bs_512x2==0 AND bs_64x1==0 AND padding==160 AND Linear2D==1,0,0.0,0.0,0.0,8
3-wise,2037,443,CUDA = 1 AND Linear1D = 1 AND TextureMemory = 1,bs_64x8==1 AND padding==384 AND Linear2D==1 AND LocalMemory==1,0,0.0,0.0,0.0,8
4-wise,6787,1537,CUDA = 1 AND Linear1D = 1 AND TextureMemory = 1,bs_128x2==1 AND padding==192 AND pixelPerThread==2 AND OpenCL==1,0,0.0,0.0,0.0,8
full,13485,2184,CUDA = 1 AND TextureMemory = 1 AND pixelPerThread = 1,pixelPerThread==1 AND OpenCL==0 AND TextureMemory==1,0,1.0,1.0,1.0,90
random_2,62,11,CUDA = 1 AND TextureMemory = 1 AND pixelPerThread = 1,Array2D==0 AND bs_64x8==1 AND pixelPerThread==4 AND bs_128x1==0,0,0.0,0.0,0.0,90
random_5,155,30,CUDA = 1 AND TextureMemory = 1 AND pixelPerThread = 1,bs_32x32==1 AND CUDA==1 AND padding==384 AND Linear1D==1,0,0.0,0.0,0.0,90
random_10,310,47,CUDA = 1 AND TextureMemory = 1 AND pixelPerThread = 1,Array2D==0 AND padding==288 AND Ldg==0 AND pixelPerThread==4,0,0.0,0.0,0.0,90
random_20,620,110,CUDA = 1 AND TextureMemory = 1 AND pixelPerThread = 1,pixelPerThread==1 AND OpenCL==0 AND TextureMemory==1,0,1.0,1.0,1.0,90
2-wise,381,72,CUDA = 1 AND TextureMemory = 1 AND pixelPerThread = 1,bs_32x16==1 AND pixelPerThread==3 AND LocalMemory==0 AND TextureMemory==1,0,0.0,0.0,0.0,90
3-wise,2038,372,CUDA = 1 AND TextureMemory = 1 AND pixelPerThread = 1,pixelPerThread==1 AND OpenCL==0 AND TextureMemory==1,0,1.0,1.0,1.0,90
4-wise,6761,1209,CUDA = 1 AND TextureMemory = 1 AND pixelPerThread = 1,pixelPerThread==1 AND OpenCL==0 AND TextureMemory==1,1,1.0,1.0,1.0,90
full,13485,2635,CUDA = 1 AND Linear2D = 1 AND TextureMemory = 1,Array2D==0 AND CUDA==1 AND Linear2D==1,0,1.0,1.0,1.0,91
random_2,62,14,CUDA = 1 AND Linear2D = 1 AND TextureMemory = 1,Array2D==0 AND CUDA==1 AND padding==0 AND TextureMemory==0,0,0.0,0.0,0.0,91
random_5,155,27,CUDA = 1 AND Linear2D = 1 AND TextureMemory = 1,Array2D==0 AND bs_128x2==1 AND LocalMemory==0 AND OpenCL==0,0,0.0,0.0,0.0,91
random_10,310,60,CUDA = 1 AND Linear2D = 1 AND TextureMemory = 1,bs_128x2==0 AND padding==320 AND LocalMemory==1 AND TextureMemory==1,0,0.0,0.0,0.0,91
random_20,620,130,CUDA = 1 AND Linear2D = 1 AND TextureMemory = 1,Array2D==0 AND CUDA==1 AND Linear2D==1,0,1.0,1.0,1.0,91
2-wise,378,83,CUDA = 1 AND Linear2D = 1 AND TextureMemory = 1,Array2D==0 AND CUDA==1 AND Linear2D==1,0,1.0,1.0,1.0,91
3-wise,2042,440,CUDA = 1 AND Linear2D = 1 AND TextureMemory = 1,Array2D==0 AND CUDA==1 AND Linear2D==1,0,1.0,1.0,1.0,91
4-wise,6797,1549,CUDA = 1 AND Linear2D = 1 AND TextureMemory = 1,Array2D==0 AND CUDA==1 AND Linear2D==1,0,1.0,1.0,1.0,91
full,13485,2132,CUDA = 1 AND TextureMemory = 1 AND pixelPerThread = 2,pixelPerThread==2 AND OpenCL==0 AND TextureMemory==1,0,1.0,1.0,1.0,92
random_2,62,14,CUDA = 1 AND TextureMemory = 1 AND pixelPerThread = 2,Array2D==0 AND pixelPerThread==2 AND TextureMemory==1 AND bs_128x1==0,0,1.0,1.0,1.0,92
random_5,155,25,CUDA = 1 AND TextureMemory = 1 AND pixelPerThread = 2,Array2D==0 AND pixelPerThread==2 AND TextureMemory==1 AND bs_128x1==0,0,1.0,1.0,1.0,92
random_10,310,51,CUDA = 1 AND TextureMemory = 1 AND pixelPerThread = 2,CUDA==1 AND pixelPerThread==2 AND TextureMemory==1,0,1.0,1.0,1.0,92
random_20,620,108,CUDA = 1 AND TextureMemory = 1 AND pixelPerThread = 2,pixelPerThread==2 AND OpenCL==0 AND TextureMemory==1,0,1.0,1.0,1.0,92
2-wise,375,60,CUDA = 1 AND TextureMemory = 1 AND pixelPerThread = 2,pixelPerThread==2 AND OpenCL==0 AND TextureMemory==1,0,1.0,1.0,1.0,92
3-wise,2034,324,CUDA = 1 AND TextureMemory = 1 AND pixelPerThread = 2,pixelPerThread==2 AND OpenCL==0 AND TextureMemory==1,0,1.0,1.0,1.0,92
4-wise,6782,1194,CUDA = 1 AND TextureMemory = 1 AND pixelPerThread = 2,pixelPerThread==2 AND OpenCL==0 AND TextureMemory==1,0,1.0,1.0,1.0,92
full,13485,1380,CUDA = 1 AND LocalMemory = 1 AND pixelPerThread = 2,pixelPerThread==2 AND LocalMemory==1 AND OpenCL==0,0,1.0,1.0,1.0,93
random_2,62,2,CUDA = 1 AND LocalMemory = 1 AND pixelPerThread = 2,Array2D==0 AND bs_64x16==1 AND Ldg==0 AND pixelPerThread==1,0,0.0,0.0,0.0,93
random_5,155,16,CUDA = 1 AND LocalMemory = 1 AND pixelPerThread = 2,CUDA==1 AND pixelPerThread==2 AND LocalMemory==1 AND bs_1024x1==0,2,1.0,1.0,1.0,93
random_10,310,41,CUDA = 1 AND LocalMemory = 1 AND pixelPerThread = 2,bs_512x2==0 AND pixelPerThread==2 AND LocalMemory==1,0,0.9534883720930232,0.9111111111111112,1.0,93
random_20,620,75,CUDA = 1 AND LocalMemory = 1 AND pixelPerThread = 2,CUDA==1 AND pixelPerThread==2 AND LocalMemory==1 AND bs_128x1==0,0,1.0,1.0,1.0,93
2-wise,379,43,CUDA = 1 AND LocalMemory = 1 AND pixelPerThread = 2,pixelPerThread==2 AND LocalMemory==1 AND OpenCL==0 AND bs_1024x1==0,0,1.0,1.0,1.0,93
3-wise,2052,195,CUDA = 1 AND LocalMemory = 1 AND pixelPerThread = 2,pixelPerThread==2 AND LocalMemory==1 AND OpenCL==0,0,1.0,1.0,1.0,93
4-wise,6787,656,CUDA = 1 AND LocalMemory = 1 AND pixelPerThread = 2,pixelPerThread==2 AND LocalMemory==1 AND OpenCL==0,0,1.0,1.0,1.0,93
full,13485,2184,CUDA = 1 AND TextureMemory = 1 AND pixelPerThread = 1,pixelPerThread==1 AND OpenCL==0 AND TextureMemory==1,0,1.0,1.0,1.0,94
random_2,62,6,CUDA = 1 AND TextureMemory = 1 AND pixelPerThread = 1,Array2D==0 AND pixelPerThread==1 AND TextureMemory==1 AND bs_128x1==0,0,1.0,1.0,1.0,94
random_5,155,26,CUDA = 1 AND TextureMemory = 1 AND pixelPerThread = 1,CUDA==1 AND pixelPerThread==1 AND TextureMemory==1,0,1.0,1.0,1.0,94
random_10,310,46,CUDA = 1 AND TextureMemory = 1 AND pixelPerThread = 1,pixelPerThread==1 AND OpenCL==0 AND TextureMemory==1,0,1.0,1.0,1.0,94
random_20,620,109,CUDA = 1 AND TextureMemory = 1 AND pixelPerThread = 1,pixelPerThread==1 AND TextureMemory==1,0,1.0,1.0,1.0,94
2-wise,377,58,CUDA = 1 AND TextureMemory = 1 AND pixelPerThread = 1,pixelPerThread==1 AND OpenCL==0 AND TextureMemory==1,0,1.0,1.0,1.0,94
3-wise,2039,391,CUDA = 1 AND TextureMemory = 1 AND pixelPerThread = 1,pixelPerThread==1 AND OpenCL==0 AND TextureMemory==1,0,1.0,1.0,1.0,94
4-wise,6780,1210,CUDA = 1 AND TextureMemory = 1 AND pixelPerThread = 1,pixelPerThread==1 AND OpenCL==0 AND TextureMemory==1,0,1.0,1.0,1.0,94
full,13485,1449,CUDA = 1 AND LocalMemory = 1 AND pixelPerThread = 1,pixelPerThread==1 AND LocalMemory==1 AND OpenCL==0,0,1.0,1.0,1.0,95
random_2,62,5,CUDA = 1 AND LocalMemory = 1 AND pixelPerThread = 1,Array2D==0 AND pixelPerThread==1 AND LocalMemory==1 AND bs_128x1==0,0,1.0,1.0,1.0,95
random_5,155,23,CUDA = 1 AND LocalMemory = 1 AND pixelPerThread = 1,bs_256x4==0 AND bs_32x2==0 AND pixelPerThread==1 AND LocalMemory==1,0,0.9361702127659574,0.9166666666666666,0.9565217391304348,95
random_10,310,34,CUDA = 1 AND LocalMemory = 1 AND pixelPerThread = 1,CUDA==1 AND pixelPerThread==1 AND LocalMemory==1 AND bs_1024x1==0,0,1.0,1.0,1.0,95
random_20,620,70,CUDA = 1 AND LocalMemory = 1 AND pixelPerThread = 1,pixelPerThread==1 AND LocalMemory==1 AND OpenCL==0,0,1.0,1.0,1.0,95
2-wise,373,40,CUDA = 1 AND LocalMemory = 1 AND pixelPerThread = 1,CUDA==1 AND pixelPerThread==1 AND LocalMemory==1,0,1.0,1.0,1.0,95
3-wise,2043,206,CUDA = 1 AND LocalMemory = 1 AND pixelPerThread = 1,pixelPerThread==1 AND LocalMemory==1 AND OpenCL==0,0,1.0,1.0,1.0,95
4-wise,6794,714,CUDA = 1 AND LocalMemory = 1 AND pixelPerThread = 1,pixelPerThread==1 AND LocalMemory==1 AND OpenCL==0,0,1.0,1.0,1.0,95
full,13485,1380,CUDA = 1 AND LocalMemory = 1 AND pixelPerThread = 2,pixelPerThread==2 AND LocalMemory==1 AND OpenCL==0,0,1.0,1.0,1.0,96
random_2,62,8,CUDA = 1 AND LocalMemory = 1 AND pixelPerThread = 2,bs_64x1==0 AND bs_64x16==0 AND pixelPerThread==4 AND TextureMemory==0,0,0.0,0.0,0.0,96
random_5,155,10,CUDA = 1 AND LocalMemory = 1 AND pixelPerThread = 2,bs_256x4==0 AND bs_32x2==0 AND Ldg==1 AND pixelPerThread==1,0,0.0,0.0,0.0,96
random_10,310,35,CUDA = 1 AND LocalMemory = 1 AND pixelPerThread = 2,bs_32x4==0 AND pixelPerThread==2 AND LocalMemory==1 AND bs_1024x1==0,1,0.958904109589041,0.9210526315789472,1.0,96
random_20,620,73,CUDA = 1 AND LocalMemory = 1 AND pixelPerThread = 2,pixelPerThread==2 AND LocalMemory==1 AND OpenCL==0 AND bs_1024x1==0,0,1.0,1.0,1.0,96
2-wise,374,35,CUDA = 1 AND LocalMemory = 1 AND pixelPerThread = 2,CUDA==1 AND pixelPerThread==2 AND LocalMemory==1 AND bs_128x1==0,0,1.0,1.0,1.0,96
3-wise,2043,178,CUDA = 1 AND LocalMemory = 1 AND pixelPerThread = 2,pixelPerThread==2 AND LocalMemory==1 AND OpenCL==0,0,1.0,1.0,1.0,96
4-wise,6776,661,CUDA = 1 AND LocalMemory = 1 AND pixelPerThread = 2,pixelPerThread==2 AND LocalMemory==1 AND OpenCL==0,0,1.0,1.0,1.0,96
full,13485,2635,CUDA = 1 AND Linear1D = 1 AND TextureMemory = 1,padding==96 AND Ldg==1 AND pixelPerThread==2 AND bs_1024x1==1,0,0.0,0.0,0.0,97
random_2,62,14,CUDA = 1 AND Linear1D = 1 AND TextureMemory = 1,CUDA==0 AND bs_64x16==0 AND pixelPerThread==2 AND bs_128x1==0,0,0.0,0.0,0.0,97
random_5,155,29,CUDA = 1 AND Linear1D = 1 AND TextureMemory = 1,bs_32x8==0 AND pixelPerThread==1 AND LocalMemory==0 AND TextureMemory==0,0,0.0,0.0,0.0,97
random_10,310,56,CUDA = 1 AND Linear1D = 1 AND TextureMemory = 1,bs_32x8==0 AND padding==0 AND pixelPerThread==2 AND OpenCL==1,0,0.0,0.0,0.0,97
random_20,620,115,CUDA = 1 AND Linear1D = 1 AND TextureMemory = 1,bs_32x8==1 AND Ldg==1 AND LocalMemory==1 AND OpenCL==0,0,0.0,0.0,0.0,97
2-wise,375,84,CUDA = 1 AND Linear1D = 1 AND TextureMemory = 1,Array2D==0 AND CUDA==0 AND padding==352 AND LocalMemory==0,0,0.0,0.0,0.0,97
3-wise,2057,443,CUDA = 1 AND Linear1D = 1 AND TextureMemory = 1,bs_32x8==1 AND padding==160 AND Ldg==0 AND Linear1D==0,0,0.0,0.0,0.0,97
4-wise,6778,1546,CUDA = 1 AND Linear1D = 1 AND TextureMemory = 1,bs_32x2==1 AND padding==64 AND Ldg==1 AND pixelPerThread==1,0,0.0,0.0,0.0,97
full,13485,1872,CUDA = 1 AND TextureMemory = 1 AND pixelPerThread = 3,pixelPerThread==3 AND OpenCL==0 AND TextureMemory==1,0,1.0,1.0,1.0,98
random_2,62,9,CUDA = 1 AND TextureMemory = 1 AND pixelPerThread = 3,Array2D==0 AND CUDA==1 AND bs_64x16==1 AND bs_128x1==0,0,0.0,0.0,0.0,98
random_5,155,11,CUDA = 1 AND TextureMemory = 1 AND pixelPerThread = 3,padding==352 AND Ldg==0 AND pixelPerThread==2 AND LocalMemory==1,0,0.0,0.0,0.0,98
random_10,310,39,CUDA = 1 AND TextureMemory = 1 AND pixelPerThread = 3,CUDA==1 AND bs_64x1==1 AND padding==64 AND Linear2D==1,0,0.0,0.0,0.0,98
random_20,620,75,CUDA = 1 AND TextureMemory = 1 AND pixelPerThread = 3,bs_128x2==1 AND CUDA==1 AND padding==480 AND TextureMemory==0,0,0.0,0.0,0.0,98
2-wise,374,45,CUDA = 1 AND TextureMemory = 1 AND pixelPerThread = 3,bs_64x16==1 AND pixelPerThread==1 AND Linear2D==0 AND bs_128x1==0,0,0.0,0.0,0.0,98
3-wise,2054,329,CUDA = 1 AND TextureMemory = 1 AND pixelPerThread = 3,pixelPerThread==3 AND OpenCL==0 AND TextureMemory==1,0,1.0,1.0,1.0,98
4-wise,6805,1158,CUDA = 1 AND TextureMemory = 1 AND pixelPerThread = 3,pixelPerThread==3 AND OpenCL==0 AND TextureMemory==1,0,1.0,1.0,1.0,98
full,13485,2635,CUDA = 1 AND Ldg = 1 AND TextureMemory = 1,Array2D==0 AND CUDA==1 AND Ldg==1,0,1.0,1.0,1.0,99
random_2,62,10,CUDA = 1 AND Ldg = 1 AND TextureMemory = 1,bs_32x32==1 AND CUDA==1 AND Ldg==0 AND bs_1024x1==0,0,0.0,0.0,0.0,99
random_5,155,34,CUDA = 1 AND Ldg = 1 AND TextureMemory = 1,Array2D==0 AND CUDA==0 AND padding==384 AND pixelPerThread==3,0,0.0,0.0,0.0,99
random_10,310,60,CUDA = 1 AND Ldg = 1 AND TextureMemory = 1,Array2D==0 AND CUDA==1 AND Ldg==1,0,1.0,1.0,1.0,99
random_20,620,122,CUDA = 1 AND Ldg = 1 AND TextureMemory = 1,Array2D==0 AND CUDA==1 AND Ldg==1,0,1.0,1.0,1.0,99
2-wise,379,88,CUDA = 1 AND Ldg = 1 AND TextureMemory = 1,Array2D==0 AND bs_512x1==0 AND Ldg==1 AND TextureMemory==1,0,0.9885057471264368,1.0,0.9772727272727272,99
3-wise,2044,454,CUDA = 1 AND Ldg = 1 AND TextureMemory = 1,Array2D==0 AND CUDA==1 AND Ldg==1,0,1.0,1.0,1.0,99
4-wise,6769,1546,CUDA = 1 AND Ldg = 1 AND TextureMemory = 1,Array2D==0 AND CUDA==1 AND Ldg==1,0,1.0,1.0,1.0,99
full,13485,2184,CUDA = 1 AND TextureMemory = 1 AND pixelPerThread = 1,pixelPerThread==1 AND OpenCL==0 AND TextureMemory==1,0,1.0,1.0,1.0,9
random_2,62,6,CUDA = 1 AND TextureMemory = 1 AND pixelPerThread = 1,Array2D==0 AND pixelPerThread==1 AND TextureMemory==1 AND bs_128x1==0,0,1.0,1.0,1.0,9
random_5,155,20,CUDA = 1 AND TextureMemory = 1 AND pixelPerThread = 1,Array2D==0 AND pixelPerThread==1 AND OpenCL==0 AND TextureMemory==1,0,1.0,1.0,1.0,9
random_10,310,53,CUDA = 1 AND TextureMemory = 1 AND pixelPerThread = 1,CUDA==1 AND pixelPerThread==1 AND TextureMemory==1,0,1.0,1.0,1.0,9
random_20,620,102,CUDA = 1 AND TextureMemory = 1 AND pixelPerThread = 1,pixelPerThread==1 AND OpenCL==0 AND TextureMemory==1,0,1.0,1.0,1.0,9
2-wise,371,53,CUDA = 1 AND TextureMemory = 1 AND pixelPerThread = 1,bs_32x4==0 AND pixelPerThread==1 AND OpenCL==0 AND TextureMemory==1,0,1.0,1.0,1.0,9
3-wise,2044,368,CUDA = 1 AND TextureMemory = 1 AND pixelPerThread = 1,pixelPerThread==1 AND OpenCL==0 AND TextureMemory==1,0,1.0,1.0,1.0,9
4-wise,6768,1199,CUDA = 1 AND TextureMemory = 1 AND pixelPerThread = 1,pixelPerThread==1 AND OpenCL==0 AND TextureMemory==1,0,1.0,1.0,1.0,9
