sampling_strategy,sample_size,sg_cardinality,sg_rule,best_rule,best_rule_idx,f1,precision,recall,seed
full,1024,128,inline = 1 AND licm = 1 AND sccp = 1,ipsccp==1 AND print_used_types==0 AND sccp==0 AND simplifycfg==0,0,0.0,0.0,0.0,0
random_2,20,2,gvn = 1 AND iv_users = 1 AND print_used_types = 1,inline==1 AND print_used_types==0,0,0.0,0.0,0.0,0
random_5,50,5,iv_users = 1 AND licm = 1 AND simplifycfg = 1,inline==0 AND jump_threading==0 AND licm==0 AND sccp==1,0,0.0,0.0,0.0,0
random_10,100,15,ipsccp = 1 AND iv_users = 1 AND sccp = 1,ipsccp==0 AND iv_users==0 AND print_used_types==1 AND simplifycfg==0,0,0.0,0.0,0.0,0
random_20,200,25,gvn = 1 AND licm = 1 AND print_used_types = 1,gvn==0 AND iv_users==0 AND jump_threading==1,0,0.0,0.0,0.0,0
2-wise,12,1,gvn = 1 AND inline = 1 AND print_used_types = 1,gvn==0 AND ipsccp==1 AND print_used_types==1 AND sccp==0,0,0.0,0.0,0.0,0
3-wise,34,4,inline = 1 AND iv_users = 1 AND licm = 1,ipsccp==0 AND licm==0 AND print_used_types==0 AND simplifycfg==0,0,0.0,0.0,0.0,0
4-wise,63,7,instcombine = 1 AND iv_users = 1 AND print_used_types = 1,gvn==0 AND ipsccp==0 AND jump_threading==1 AND simplifycfg==0,0,0.0,0.0,0.0,0
full,1024,128,inline = 1 AND ipsccp = 1 AND licm = 1,gvn==1 AND inline==0 AND licm==1 AND simplifycfg==1,0,0.0,0.0,0.0,10
random_2,20,1,inline = 1 AND ipsccp = 1 AND licm = 1,inline==0 AND instcombine==0 AND jump_threading==1,0,0.0,0.0,0.0,10
random_5,50,9,inline = 1 AND ipsccp = 1 AND licm = 1,print_used_types==0 AND sccp==0,0,0.0,0.0,0.0,10
random_10,100,12,inline = 1 AND ipsccp = 1 AND licm = 1,gvn==1 AND inline==0 AND instcombine==1 AND ipsccp==1,0,0.0,0.0,0.0,10
random_20,200,24,inline = 1 AND ipsccp = 1 AND licm = 1,inline==0 AND jump_threading==0 AND print_used_types==1 AND sccp==0,0,0.0,0.0,0.0,10
2-wise,12,1,inline = 1 AND ipsccp = 1 AND licm = 1,sccp==0 AND simplifycfg==1,0,0.0,0.0,0.0,10
3-wise,28,3,inline = 1 AND ipsccp = 1 AND licm = 1,gvn==1 AND inline==0 AND ipsccp==0,0,0.0,0.0,0.0,10
4-wise,62,9,inline = 1 AND ipsccp = 1 AND licm = 1,gvn==0 AND inline==0 AND ipsccp==0 AND sccp==0,0,0.0,0.0,0.0,10
full,1024,128,ipsccp = 1 AND licm = 1 AND print_used_types = 1,gvn==0 AND ipsccp==0 AND licm==1 AND simplifycfg==0,0,0.0,0.0,0.0,11
random_2,20,2,ipsccp = 1 AND licm = 1 AND print_used_types = 1,iv_users==0 AND print_used_types==0,0,0.0,0.0,0.0,11
random_5,50,2,ipsccp = 1 AND licm = 1 AND print_used_types = 1,gvn==0 AND instcombine==1 AND iv_users==0 AND simplifycfg==0,0,0.0,0.0,0.0,11
random_10,100,7,ipsccp = 1 AND licm = 1 AND print_used_types = 1,instcombine==0 AND licm==1 AND simplifycfg==0,1,0.0909090909090909,0.0666666666666666,0.1428571428571428,11
random_20,200,23,ipsccp = 1 AND licm = 1 AND print_used_types = 1,instcombine==1 AND ipsccp==0 AND licm==1 AND sccp==1,0,0.0,0.0,0.0,11
2-wise,10,3,ipsccp = 1 AND licm = 1 AND print_used_types = 1,gvn==0 AND inline==1 AND instcombine==1,0,0.0,0.0,0.0,11
3-wise,32,7,ipsccp = 1 AND licm = 1 AND print_used_types = 1,instcombine==0 AND iv_users==1 AND sccp==0 AND simplifycfg==0,0,0.0,0.0,0.0,11
4-wise,70,12,ipsccp = 1 AND licm = 1 AND print_used_types = 1,gvn==0 AND ipsccp==0 AND print_used_types==1 AND simplifycfg==0,0,0.0,0.0,0.0,11
full,1024,128,gvn = 1 AND licm = 1 AND sccp = 1,gvn==1 AND licm==1 AND sccp==1,0,1.0,1.0,1.0,12
random_2,20,4,gvn = 1 AND licm = 1 AND sccp = 1,jump_threading==0 AND print_used_types==1,0,0.6,0.5,0.75,12
random_5,50,3,gvn = 1 AND licm = 1 AND sccp = 1,gvn==0 AND licm==1 AND simplifycfg==0,0,0.0,0.0,0.0,12
random_10,100,13,gvn = 1 AND licm = 1 AND sccp = 1,inline==1 AND ipsccp==1 AND simplifycfg==1,2,0.0952380952380952,0.125,0.0769230769230769,12
random_20,200,28,gvn = 1 AND licm = 1 AND sccp = 1,gvn==1 AND licm==1 AND sccp==1,3,1.0,1.0,1.0,12
2-wise,14,1,gvn = 1 AND licm = 1 AND sccp = 1,inline==1 AND ipsccp==1,0,0.0,0.0,0.0,12
3-wise,31,4,gvn = 1 AND licm = 1 AND sccp = 1,ipsccp==1 AND licm==0 AND print_used_types==0 AND sccp==0,0,0.0,0.0,0.0,12
4-wise,62,11,gvn = 1 AND licm = 1 AND sccp = 1,ipsccp==1 AND iv_users==0 AND sccp==1,1,0.3157894736842105,0.375,0.2727272727272727,12
full,1024,128,inline = 1 AND iv_users = 1 AND simplifycfg = 1,gvn==1 AND inline==1 AND ipsccp==1 AND iv_users==1,1,0.3333333333333333,0.5,0.25,13
random_2,20,1,inline = 1 AND iv_users = 1 AND simplifycfg = 1,iv_users==0 AND jump_threading==1 AND licm==0,0,0.0,0.0,0.0,13
random_5,50,9,inline = 1 AND iv_users = 1 AND simplifycfg = 1,instcombine==1 AND licm==1 AND print_used_types==1,2,0.1176470588235294,0.125,0.1111111111111111,13
random_10,100,18,inline = 1 AND iv_users = 1 AND simplifycfg = 1,gvn==0 AND jump_threading==0 AND print_used_types==0,1,0.0689655172413793,0.0909090909090909,0.0555555555555555,13
random_20,200,18,inline = 1 AND iv_users = 1 AND simplifycfg = 1,gvn==0 AND inline==0 AND sccp==1 AND simplifycfg==0,0,0.0,0.0,0.0,13
2-wise,12,2,inline = 1 AND iv_users = 1 AND simplifycfg = 1,gvn==0 AND inline==1 AND iv_users==1,0,0.0,0.0,0.0,13
3-wise,27,4,inline = 1 AND iv_users = 1 AND simplifycfg = 1,instcombine==0 AND ipsccp==1 AND print_used_types==0 AND simplifycfg==1,4,0.25,0.25,0.25,13
4-wise,63,8,inline = 1 AND iv_users = 1 AND simplifycfg = 1,gvn==0 AND ipsccp==1 AND licm==1 AND simplifycfg==0,0,0.0,0.0,0.0,13
full,1024,128,gvn = 1 AND inline = 1 AND simplifycfg = 1,inline==0 AND instcombine==0 AND ipsccp==0 AND jump_threading==1,0,0.0,0.0,0.0,14
random_2,20,3,gvn = 1 AND inline = 1 AND simplifycfg = 1,gvn==0 AND inline==1 AND licm==0 AND print_used_types==0,0,0.0,0.0,0.0,14
random_5,50,3,gvn = 1 AND inline = 1 AND simplifycfg = 1,ipsccp==0 AND jump_threading==0 AND print_used_types==1 AND sccp==0,0,0.0,0.0,0.0,14
random_10,100,15,gvn = 1 AND inline = 1 AND simplifycfg = 1,ipsccp==0 AND jump_threading==0 AND sccp==1 AND simplifycfg==0,0,0.0,0.0,0.0,14
random_20,200,25,gvn = 1 AND inline = 1 AND simplifycfg = 1,inline==0 AND iv_users==1 AND print_used_types==1 AND sccp==0,0,0.0,0.0,0.0,14
2-wise,13,1,gvn = 1 AND inline = 1 AND simplifycfg = 1,ipsccp==1 AND iv_users==0 AND jump_threading==0,0,0.0,0.0,0.0,14
3-wise,27,3,gvn = 1 AND inline = 1 AND simplifycfg = 1,ipsccp==0 AND jump_threading==1 AND sccp==0 AND simplifycfg==0,0,0.0,0.0,0.0,14
4-wise,63,10,gvn = 1 AND inline = 1 AND simplifycfg = 1,gvn==1 AND inline==0 AND ipsccp==1 AND licm==1,0,0.0,0.0,0.0,14
full,1024,128,iv_users = 1 AND jump_threading = 1 AND sccp = 1,iv_users==1 AND jump_threading==1 AND sccp==1,0,1.0,1.0,1.0,15
random_2,20,1,iv_users = 1 AND jump_threading = 1 AND sccp = 1,inline==0 AND iv_users==0 AND licm==1,0,0.0,0.0,0.0,15
random_5,50,7,iv_users = 1 AND jump_threading = 1 AND sccp = 1,instcombine==0 AND ipsccp==0 AND jump_threading==1 AND licm==0,0,0.5,0.6,0.4285714285714285,15
random_10,100,9,iv_users = 1 AND jump_threading = 1 AND sccp = 1,inline==1 AND simplifycfg==1,1,0.16,0.125,0.2222222222222222,15
random_20,200,26,iv_users = 1 AND jump_threading = 1 AND sccp = 1,iv_users==1 AND jump_threading==1 AND sccp==1,0,1.0,1.0,1.0,15
2-wise,12,3,iv_users = 1 AND jump_threading = 1 AND sccp = 1,gvn==1 AND jump_threading==1,4,0.8571428571428571,0.75,1.0,15
3-wise,27,3,iv_users = 1 AND jump_threading = 1 AND sccp = 1,gvn==0 AND licm==0 AND simplifycfg==1,3,0.3333333333333333,0.3333333333333333,0.3333333333333333,15
4-wise,65,8,iv_users = 1 AND jump_threading = 1 AND sccp = 1,instcombine==1 AND sccp==0 AND simplifycfg==0,0,0.0,0.0,0.0,15
full,1024,128,ipsccp = 1 AND licm = 1 AND print_used_types = 1,ipsccp==1 AND jump_threading==1 AND print_used_types==0 AND sccp==1,0,0.0,0.0,0.0,16
random_2,20,1,ipsccp = 1 AND licm = 1 AND print_used_types = 1,gvn==1 AND licm==0 AND simplifycfg==1,0,0.0,0.0,0.0,16
random_5,50,5,ipsccp = 1 AND licm = 1 AND print_used_types = 1,inline==0 AND jump_threading==0 AND simplifycfg==0,4,0.1538461538461538,0.125,0.2,16
random_10,100,12,ipsccp = 1 AND licm = 1 AND print_used_types = 1,ipsccp==1 AND licm==1 AND print_used_types==0 AND simplifycfg==1,0,0.0,0.0,0.0,16
random_20,200,31,ipsccp = 1 AND licm = 1 AND print_used_types = 1,ipsccp==1 AND licm==1 AND print_used_types==0 AND sccp==0,0,0.0,0.0,0.0,16
2-wise,9,1,ipsccp = 1 AND licm = 1 AND print_used_types = 1,instcombine==1 AND ipsccp==0 AND sccp==1,0,0.0,0.0,0.0,16
3-wise,26,4,ipsccp = 1 AND licm = 1 AND print_used_types = 1,gvn==0 AND iv_users==1 AND simplifycfg==1,0,0.0,0.0,0.0,16
4-wise,64,7,ipsccp = 1 AND licm = 1 AND print_used_types = 1,instcombine==1 AND iv_users==1 AND jump_threading==0,4,0.1428571428571428,0.1428571428571428,0.1428571428571428,16
full,1024,128,inline = 1 AND jump_threading = 1 AND print_used_types = 1,inline==1 AND jump_threading==1 AND print_used_types==1,0,1.0,1.0,1.0,17
random_5,50,10,inline = 1 AND jump_threading = 1 AND print_used_types = 1,inline==1 AND jump_threading==1 AND licm==0,0,0.8000000000000002,0.8,0.8,17
random_10,100,16,inline = 1 AND jump_threading = 1 AND print_used_types = 1,inline==1 AND jump_threading==1 AND print_used_types==1,0,1.0,1.0,1.0,17
random_20,200,27,inline = 1 AND jump_threading = 1 AND print_used_types = 1,inline==1 AND jump_threading==1 AND print_used_types==1,0,1.0,1.0,1.0,17
2-wise,11,2,inline = 1 AND jump_threading = 1 AND print_used_types = 1,gvn==1 AND inline==1 AND sccp==1,0,0.5,0.5,0.5,17
3-wise,29,1,inline = 1 AND jump_threading = 1 AND print_used_types = 1,gvn==0 AND inline==1 AND simplifycfg==1,0,0.5,0.3333333333333333,1.0,17
4-wise,68,11,inline = 1 AND jump_threading = 1 AND print_used_types = 1,inline==1 AND jump_threading==1 AND print_used_types==1,0,1.0,1.0,1.0,17
full,1024,128,instcombine = 1 AND iv_users = 1 AND simplifycfg = 1,instcombine==0 AND sccp==0,0,0.0,0.0,0.0,18
random_2,20,2,instcombine = 1 AND iv_users = 1 AND simplifycfg = 1,instcombine==0 AND iv_users==1 AND licm==0 AND simplifycfg==0,0,0.0,0.0,0.0,18
random_5,50,3,instcombine = 1 AND iv_users = 1 AND simplifycfg = 1,inline==0 AND ipsccp==0 AND iv_users==1,0,0.0,0.0,0.0,18
random_10,100,15,instcombine = 1 AND iv_users = 1 AND simplifycfg = 1,inline==0 AND instcombine==0 AND licm==1,0,0.0,0.0,0.0,18
random_20,200,26,instcombine = 1 AND iv_users = 1 AND simplifycfg = 1,instcombine==1 AND ipsccp==1 AND iv_users==0 AND print_used_types==1,0,0.0,0.0,0.0,18
2-wise,13,2,instcombine = 1 AND iv_users = 1 AND simplifycfg = 1,iv_users==0 AND sccp==1 AND simplifycfg==0,0,0.0,0.0,0.0,18
3-wise,26,4,instcombine = 1 AND iv_users = 1 AND simplifycfg = 1,instcombine==1 AND licm==1 AND print_used_types==1,0,0.0,0.0,0.0,18
4-wise,64,5,instcombine = 1 AND iv_users = 1 AND simplifycfg = 1,instcombine==1 AND iv_users==0 AND print_used_types==0 AND sccp==1,0,0.0,0.0,0.0,18
full,1024,128,ipsccp = 1 AND jump_threading = 1 AND licm = 1,inline==0 AND licm==0 AND sccp==0 AND simplifycfg==1,0,0.0,0.0,0.0,19
random_2,20,2,ipsccp = 1 AND jump_threading = 1 AND licm = 1,instcombine==0 AND simplifycfg==0,0,0.0,0.0,0.0,19
random_5,50,8,ipsccp = 1 AND jump_threading = 1 AND licm = 1,gvn==1 AND inline==0 AND iv_users==1 AND jump_threading==1,0,0.0,0.0,0.0,19
random_10,100,15,ipsccp = 1 AND jump_threading = 1 AND licm = 1,inline==1 AND iv_users==1 AND sccp==1,2,0.125,0.1176470588235294,0.1333333333333333,19
random_20,200,23,ipsccp = 1 AND jump_threading = 1 AND licm = 1,gvn==0 AND inline==0 AND sccp==1,3,0.0888888888888888,0.0909090909090909,0.0869565217391304,19
2-wise,12,1,ipsccp = 1 AND jump_threading = 1 AND licm = 1,ipsccp==1 AND iv_users==1,0,0.0,0.0,0.0,19
3-wise,29,2,ipsccp = 1 AND jump_threading = 1 AND licm = 1,iv_users==0 AND licm==0 AND simplifycfg==0,0,0.0,0.0,0.0,19
4-wise,59,8,ipsccp = 1 AND jump_threading = 1 AND licm = 1,instcombine==0 AND iv_users==1 AND licm==0,0,0.0,0.0,0.0,19
full,1024,128,ipsccp = 1 AND licm = 1 AND sccp = 1,ipsccp==1 AND licm==1 AND sccp==1,0,1.0,1.0,1.0,1
random_2,20,2,ipsccp = 1 AND licm = 1 AND sccp = 1,licm==1 AND simplifycfg==0,2,0.5,0.3333333333333333,1.0,1
random_5,50,5,ipsccp = 1 AND licm = 1 AND sccp = 1,ipsccp==1 AND print_used_types==1 AND sccp==1,1,0.5,0.4285714285714285,0.6,1
random_10,100,16,ipsccp = 1 AND licm = 1 AND sccp = 1,ipsccp==1 AND licm==1 AND sccp==1,0,1.0,1.0,1.0,1
random_20,200,29,ipsccp = 1 AND licm = 1 AND sccp = 1,ipsccp==1 AND licm==1 AND sccp==1,0,1.0,1.0,1.0,1
2-wise,12,2,ipsccp = 1 AND licm = 1 AND sccp = 1,inline==1 AND ipsccp==1 AND licm==1,1,1.0,1.0,1.0,1
3-wise,26,2,ipsccp = 1 AND licm = 1 AND sccp = 1,iv_users==0 AND jump_threading==0 AND print_used_types==0,4,0.4,0.3333333333333333,0.5,1
4-wise,64,8,ipsccp = 1 AND licm = 1 AND sccp = 1,ipsccp==1 AND licm==1 AND sccp==1,0,1.0,1.0,1.0,1
full,1024,128,inline = 1 AND jump_threading = 1 AND licm = 1,inline==1 AND jump_threading==1 AND licm==1,0,1.0,1.0,1.0,20
random_2,20,2,inline = 1 AND jump_threading = 1 AND licm = 1,gvn==1 AND instcombine==1 AND jump_threading==1,0,0.3333333333333333,0.25,0.5,20
random_5,50,5,inline = 1 AND jump_threading = 1 AND licm = 1,inline==0 AND instcombine==0 AND print_used_types==1 AND simplifycfg==0,0,0.0,0.0,0.0,20
random_10,100,10,inline = 1 AND jump_threading = 1 AND licm = 1,gvn==0 AND iv_users==0 AND jump_threading==1 AND print_used_types==1,0,0.1333333333333333,0.2,0.1,20
random_20,200,20,inline = 1 AND jump_threading = 1 AND licm = 1,gvn==0 AND inline==1 AND sccp==1 AND simplifycfg==1,3,0.1333333333333333,0.2,0.1,20
2-wise,10,2,inline = 1 AND jump_threading = 1 AND licm = 1,inline==0 AND ipsccp==1 AND jump_threading==1,0,0.0,0.0,0.0,20
3-wise,33,4,inline = 1 AND jump_threading = 1 AND licm = 1,jump_threading==0 AND licm==0 AND sccp==0,0,0.0,0.0,0.0,20
4-wise,63,6,inline = 1 AND jump_threading = 1 AND licm = 1,gvn==1 AND licm==1,4,0.1666666666666666,0.1111111111111111,0.3333333333333333,20
full,1024,128,ipsccp = 1 AND jump_threading = 1 AND licm = 1,jump_threading==0 AND licm==1,0,0.0,0.0,0.0,21
random_2,20,3,ipsccp = 1 AND jump_threading = 1 AND licm = 1,gvn==0 AND inline==0 AND instcombine==0 AND jump_threading==1,0,0.0,0.0,0.0,21
random_5,50,6,ipsccp = 1 AND jump_threading = 1 AND licm = 1,gvn==1 AND inline==1,0,0.0,0.0,0.0,21
random_10,100,11,ipsccp = 1 AND jump_threading = 1 AND licm = 1,ipsccp==1 AND iv_users==0 AND print_used_types==0 AND simplifycfg==0,0,0.0,0.0,0.0,21
random_20,200,27,ipsccp = 1 AND jump_threading = 1 AND licm = 1,inline==0 AND ipsccp==1 AND jump_threading==0 AND simplifycfg==0,0,0.0,0.0,0.0,21
2-wise,14,1,ipsccp = 1 AND jump_threading = 1 AND licm = 1,gvn==1 AND iv_users==0,0,0.0,0.0,0.0,21
3-wise,27,5,ipsccp = 1 AND jump_threading = 1 AND licm = 1,iv_users==0 AND licm==0,0,0.0,0.0,0.0,21
4-wise,65,12,ipsccp = 1 AND jump_threading = 1 AND licm = 1,gvn==0 AND ipsccp==1 AND jump_threading==0 AND simplifycfg==0,0,0.0,0.0,0.0,21
full,1024,128,gvn = 1 AND jump_threading = 1 AND licm = 1,gvn==1 AND jump_threading==1 AND licm==1,0,1.0,1.0,1.0,22
random_2,20,3,gvn = 1 AND jump_threading = 1 AND licm = 1,inline==0 AND print_used_types==0 AND simplifycfg==0,0,0.3333333333333333,0.3333333333333333,0.3333333333333333,22
random_5,50,3,gvn = 1 AND jump_threading = 1 AND licm = 1,inline==1 AND ipsccp==1 AND jump_threading==1 AND simplifycfg==1,1,0.2857142857142857,0.25,0.3333333333333333,22
random_10,100,10,gvn = 1 AND jump_threading = 1 AND licm = 1,gvn==1 AND licm==1 AND print_used_types==0 AND simplifycfg==0,3,0.5555555555555556,0.625,0.5,22
random_20,200,21,gvn = 1 AND jump_threading = 1 AND licm = 1,gvn==1 AND jump_threading==1 AND licm==1,0,1.0,1.0,1.0,22
2-wise,12,3,gvn = 1 AND jump_threading = 1 AND licm = 1,inline==1,1,0.6,0.4285714285714285,1.0,22
3-wise,29,4,gvn = 1 AND jump_threading = 1 AND licm = 1,gvn==1 AND iv_users==1 AND print_used_types==1,1,0.25,0.25,0.25,22
4-wise,63,10,gvn = 1 AND jump_threading = 1 AND licm = 1,gvn==1 AND jump_threading==1 AND licm==1,0,1.0,1.0,1.0,22
full,1024,128,instcombine = 1 AND jump_threading = 1 AND simplifycfg = 1,instcombine==0 AND ipsccp==0 AND iv_users==0 AND simplifycfg==1,0,0.0,0.0,0.0,23
random_2,20,4,instcombine = 1 AND jump_threading = 1 AND simplifycfg = 1,instcombine==0 AND licm==1,0,0.0,0.0,0.0,23
random_5,50,4,instcombine = 1 AND jump_threading = 1 AND simplifycfg = 1,gvn==1 AND iv_users==1 AND jump_threading==0 AND print_used_types==1,0,0.0,0.0,0.0,23
random_10,100,10,instcombine = 1 AND jump_threading = 1 AND simplifycfg = 1,gvn==1 AND inline==0 AND jump_threading==0 AND simplifycfg==0,0,0.0,0.0,0.0,23
random_20,200,21,instcombine = 1 AND jump_threading = 1 AND simplifycfg = 1,inline==0 AND instcombine==0 AND licm==1 AND simplifycfg==1,0,0.0,0.0,0.0,23
2-wise,12,2,instcombine = 1 AND jump_threading = 1 AND simplifycfg = 1,inline==0 AND licm==1 AND print_used_types==0,0,0.0,0.0,0.0,23
3-wise,31,2,instcombine = 1 AND jump_threading = 1 AND simplifycfg = 1,inline==0 AND jump_threading==0 AND licm==1,0,0.0,0.0,0.0,23
4-wise,70,7,instcombine = 1 AND jump_threading = 1 AND simplifycfg = 1,instcombine==0 AND ipsccp==1 AND sccp==0 AND simplifycfg==0,0,0.0,0.0,0.0,23
full,1024,128,inline = 1 AND iv_users = 1 AND sccp = 1,inline==0 AND instcombine==0 AND iv_users==1 AND simplifycfg==1,0,0.0,0.0,0.0,24
random_2,20,4,inline = 1 AND iv_users = 1 AND sccp = 1,inline==1 AND print_used_types==1 AND sccp==0,0,0.0,0.0,0.0,24
random_5,50,4,inline = 1 AND iv_users = 1 AND sccp = 1,inline==1 AND instcombine==1,2,0.1428571428571428,0.1,0.25,24
random_10,100,12,inline = 1 AND iv_users = 1 AND sccp = 1,inline==1 AND iv_users==1 AND print_used_types==0 AND sccp==0,0,0.0,0.0,0.0,24
random_20,200,25,inline = 1 AND iv_users = 1 AND sccp = 1,gvn==0 AND iv_users==0 AND licm==0,0,0.0,0.0,0.0,24
2-wise,14,2,inline = 1 AND iv_users = 1 AND sccp = 1,inline==1 AND ipsccp==1 AND jump_threading==1,0,0.0,0.0,0.0,24
3-wise,29,4,inline = 1 AND iv_users = 1 AND sccp = 1,instcombine==1 AND jump_threading==1 AND simplifycfg==1,0,0.0,0.0,0.0,24
4-wise,58,7,inline = 1 AND iv_users = 1 AND sccp = 1,jump_threading==0 AND print_used_types==1 AND sccp==0 AND simplifycfg==0,0,0.0,0.0,0.0,24
full,1024,128,gvn = 1 AND iv_users = 1 AND jump_threading = 1,gvn==1 AND iv_users==1 AND jump_threading==1,0,1.0,1.0,1.0,25
random_2,20,2,gvn = 1 AND iv_users = 1 AND jump_threading = 1,gvn==1 AND inline==1 AND ipsccp==0,4,0.6666666666666666,0.5,1.0,25
random_5,50,5,gvn = 1 AND iv_users = 1 AND jump_threading = 1,inline==0 AND instcombine==1 AND print_used_types==0 AND sccp==1,4,0.2222222222222222,0.25,0.2,25
random_10,100,4,gvn = 1 AND iv_users = 1 AND jump_threading = 1,inline==1 AND ipsccp==1 AND iv_users==1 AND simplifycfg==1,1,0.1818181818181818,0.1428571428571428,0.25,25
random_20,200,27,gvn = 1 AND iv_users = 1 AND jump_threading = 1,gvn==1 AND iv_users==1 AND jump_threading==1,0,1.0,1.0,1.0,25
2-wise,14,1,gvn = 1 AND iv_users = 1 AND jump_threading = 1,inline==1 AND instcombine==1 AND iv_users==1,0,0.0,0.0,0.0,25
3-wise,28,4,gvn = 1 AND iv_users = 1 AND jump_threading = 1,instcombine==1 AND jump_threading==0 AND sccp==1,0,0.0,0.0,0.0,25
4-wise,64,8,gvn = 1 AND iv_users = 1 AND jump_threading = 1,gvn==1 AND iv_users==1 AND sccp==0,3,0.631578947368421,0.5454545454545454,0.75,25
full,1024,128,gvn = 1 AND instcombine = 1 AND ipsccp = 1,instcombine==0 AND licm==0 AND print_used_types==1 AND simplifycfg==1,0,0.0,0.0,0.0,26
random_2,20,1,gvn = 1 AND instcombine = 1 AND ipsccp = 1,jump_threading==1 AND print_used_types==1,0,0.0,0.0,0.0,26
random_5,50,2,gvn = 1 AND instcombine = 1 AND ipsccp = 1,iv_users==0 AND jump_threading==1 AND licm==1 AND sccp==0,0,0.0,0.0,0.0,26
random_10,100,16,gvn = 1 AND instcombine = 1 AND ipsccp = 1,instcombine==0 AND print_used_types==0 AND sccp==1 AND simplifycfg==1,0,0.0,0.0,0.0,26
random_20,200,32,gvn = 1 AND instcombine = 1 AND ipsccp = 1,inline==0 AND instcombine==1 AND ipsccp==0 AND jump_threading==1,0,0.0,0.0,0.0,26
2-wise,11,2,gvn = 1 AND instcombine = 1 AND ipsccp = 1,inline==1 AND jump_threading==1 AND simplifycfg==0,0,0.0,0.0,0.0,26
3-wise,27,3,gvn = 1 AND instcombine = 1 AND ipsccp = 1,gvn==1 AND ipsccp==0 AND iv_users==0 AND print_used_types==0,0,0.0,0.0,0.0,26
4-wise,62,7,gvn = 1 AND instcombine = 1 AND ipsccp = 1,gvn==0 AND inline==1 AND iv_users==0 AND jump_threading==0,0,0.0,0.0,0.0,26
full,1024,128,iv_users = 1 AND jump_threading = 1 AND simplifycfg = 1,iv_users==1 AND jump_threading==1 AND simplifycfg==1,0,1.0,1.0,1.0,27
random_2,20,2,iv_users = 1 AND jump_threading = 1 AND simplifycfg = 1,inline==1 AND iv_users==1 AND sccp==1,0,0.4,0.3333333333333333,0.5,27
random_5,50,6,iv_users = 1 AND jump_threading = 1 AND simplifycfg = 1,iv_users==1 AND jump_threading==1 AND simplifycfg==1,0,1.0,1.0,1.0,27
random_10,100,4,iv_users = 1 AND jump_threading = 1 AND simplifycfg = 1,iv_users==1 AND jump_threading==1 AND simplifycfg==1,0,1.0,1.0,1.0,27
random_20,200,29,iv_users = 1 AND jump_threading = 1 AND simplifycfg = 1,iv_users==1 AND jump_threading==1 AND simplifycfg==1,0,1.0,1.0,1.0,27
2-wise,10,1,iv_users = 1 AND jump_threading = 1 AND simplifycfg = 1,ipsccp==1,0,0.3333333333333333,0.2,1.0,27
3-wise,28,1,iv_users = 1 AND jump_threading = 1 AND simplifycfg = 1,gvn==0 AND inline==0 AND print_used_types==0 AND simplifycfg==1,4,0.6666666666666666,0.5,1.0,27
4-wise,66,8,iv_users = 1 AND jump_threading = 1 AND simplifycfg = 1,iv_users==1 AND jump_threading==1 AND simplifycfg==1,0,1.0,1.0,1.0,27
full,1024,128,jump_threading = 1 AND print_used_types = 1 AND sccp = 1,jump_threading==1 AND print_used_types==1 AND sccp==1,0,1.0,1.0,1.0,28
random_2,20,2,jump_threading = 1 AND print_used_types = 1 AND sccp = 1,instcombine==1 AND ipsccp==1 AND licm==1,3,0.4,0.3333333333333333,0.5,28
random_5,50,10,jump_threading = 1 AND print_used_types = 1 AND sccp = 1,jump_threading==1 AND print_used_types==1,3,0.7407407407407407,0.5882352941176471,1.0,28
random_10,100,14,jump_threading = 1 AND print_used_types = 1 AND sccp = 1,jump_threading==1 AND print_used_types==1 AND sccp==1,0,1.0,1.0,1.0,28
random_20,200,25,jump_threading = 1 AND print_used_types = 1 AND sccp = 1,jump_threading==1 AND print_used_types==1 AND sccp==1,0,1.0,1.0,1.0,28
2-wise,11,1,jump_threading = 1 AND print_used_types = 1 AND sccp = 1,instcombine==0 AND licm==1,0,0.4,0.25,1.0,28
3-wise,34,7,jump_threading = 1 AND print_used_types = 1 AND sccp = 1,inline==0 AND instcombine==1 AND iv_users==1 AND sccp==1,3,0.3636363636363636,0.5,0.2857142857142857,28
4-wise,68,9,jump_threading = 1 AND print_used_types = 1 AND sccp = 1,gvn==1 AND print_used_types==1 AND sccp==1,4,0.5555555555555556,0.5555555555555556,0.5555555555555556,28
full,1024,128,inline = 1 AND instcombine = 1 AND sccp = 1,inline==0 AND jump_threading==1 AND licm==1 AND print_used_types==1,0,0.0,0.0,0.0,29
random_2,20,4,inline = 1 AND instcombine = 1 AND sccp = 1,gvn==0 AND instcombine==0 AND licm==0,0,0.0,0.0,0.0,29
random_5,50,4,inline = 1 AND instcombine = 1 AND sccp = 1,gvn==1 AND sccp==0 AND simplifycfg==0,0,0.0,0.0,0.0,29
random_10,100,10,inline = 1 AND instcombine = 1 AND sccp = 1,iv_users==0 AND jump_threading==0 AND sccp==0,0,0.0,0.0,0.0,29
random_20,200,35,inline = 1 AND instcombine = 1 AND sccp = 1,iv_users==1 AND licm==0 AND print_used_types==1 AND simplifycfg==1,3,0.0909090909090909,0.2222222222222222,0.0571428571428571,29
2-wise,9,1,inline = 1 AND instcombine = 1 AND sccp = 1,print_used_types==1 AND sccp==0,0,0.0,0.0,0.0,29
3-wise,35,3,inline = 1 AND instcombine = 1 AND sccp = 1,gvn==1 AND ipsccp==1 AND licm==1 AND sccp==0,0,0.0,0.0,0.0,29
4-wise,72,10,inline = 1 AND instcombine = 1 AND sccp = 1,inline==0 AND jump_threading==1 AND sccp==1 AND simplifycfg==1,0,0.0,0.0,0.0,29
full,1024,128,inline = 1 AND instcombine = 1 AND sccp = 1,inline==1 AND instcombine==1 AND sccp==1,0,1.0,1.0,1.0,2
random_2,20,1,inline = 1 AND instcombine = 1 AND sccp = 1,licm==0 AND sccp==1 AND simplifycfg==1,0,0.0,0.0,0.0,2
random_5,50,9,inline = 1 AND instcombine = 1 AND sccp = 1,inline==1 AND instcombine==1 AND sccp==1,0,1.0,1.0,1.0,2
random_10,100,9,inline = 1 AND instcombine = 1 AND sccp = 1,inline==1 AND instcombine==1 AND sccp==1,1,1.0,1.0,1.0,2
random_20,200,31,inline = 1 AND instcombine = 1 AND sccp = 1,inline==1 AND instcombine==1 AND sccp==1,0,1.0,1.0,1.0,2
2-wise,11,1,inline = 1 AND instcombine = 1 AND sccp = 1,instcombine==1 AND sccp==1,3,0.5,0.3333333333333333,1.0,2
3-wise,33,2,inline = 1 AND instcombine = 1 AND sccp = 1,jump_threading==0 AND licm==0 AND print_used_types==0 AND sccp==1,1,0.8,0.6666666666666666,1.0,2
4-wise,62,8,inline = 1 AND instcombine = 1 AND sccp = 1,inline==1 AND instcombine==1 AND sccp==1,0,1.0,1.0,1.0,2
full,1024,128,gvn = 1 AND inline = 1 AND ipsccp = 1,gvn==1 AND inline==1 AND ipsccp==1,1,1.0,1.0,1.0,30
random_2,20,5,gvn = 1 AND inline = 1 AND ipsccp = 1,ipsccp==0 AND print_used_types==0 AND sccp==1 AND simplifycfg==1,0,0.0,0.0,0.0,30
random_5,50,10,gvn = 1 AND inline = 1 AND ipsccp = 1,gvn==0 AND inline==0 AND instcombine==0 AND print_used_types==1,0,0.0,0.0,0.0,30
random_10,100,9,gvn = 1 AND inline = 1 AND ipsccp = 1,ipsccp==1 AND licm==0 AND print_used_types==1 AND sccp==1,0,0.0,0.0,0.0,30
random_20,200,26,gvn = 1 AND inline = 1 AND ipsccp = 1,ipsccp==1 AND jump_threading==0 AND sccp==0,0,0.2978723404255319,0.3333333333333333,0.2692307692307692,30
2-wise,14,2,gvn = 1 AND inline = 1 AND ipsccp = 1,jump_threading==1 AND print_used_types==1 AND sccp==0 AND simplifycfg==1,0,0.0,0.0,0.0,30
3-wise,35,4,gvn = 1 AND inline = 1 AND ipsccp = 1,instcombine==0 AND jump_threading==1 AND print_used_types==0 AND simplifycfg==1,0,0.0,0.0,0.0,30
4-wise,67,9,gvn = 1 AND inline = 1 AND ipsccp = 1,inline==1 AND licm==0,3,0.3478260869565217,0.2857142857142857,0.4444444444444444,30
full,1024,128,inline = 1 AND licm = 1 AND sccp = 1,inline==1 AND licm==1 AND sccp==1,0,1.0,1.0,1.0,31
random_2,20,3,inline = 1 AND licm = 1 AND sccp = 1,iv_users==1 AND licm==1,0,0.8571428571428571,0.75,1.0,31
random_5,50,6,inline = 1 AND licm = 1 AND sccp = 1,ipsccp==1 AND licm==1,3,0.4,0.2857142857142857,0.6666666666666666,31
random_10,100,12,inline = 1 AND licm = 1 AND sccp = 1,inline==1 AND licm==1 AND sccp==1,2,1.0,1.0,1.0,31
random_20,200,26,inline = 1 AND licm = 1 AND sccp = 1,inline==1 AND licm==1 AND sccp==1,0,1.0,1.0,1.0,31
2-wise,12,1,inline = 1 AND licm = 1 AND sccp = 1,gvn==0 AND inline==0 AND instcombine==0 AND sccp==0,0,0.0,0.0,0.0,31
3-wise,25,3,inline = 1 AND licm = 1 AND sccp = 1,gvn==0 AND ipsccp==1 AND iv_users==1,0,0.2222222222222222,0.1666666666666666,0.3333333333333333,31
4-wise,61,10,inline = 1 AND licm = 1 AND sccp = 1,inline==1 AND licm==1 AND sccp==1,0,1.0,1.0,1.0,31
full,1024,128,gvn = 1 AND jump_threading = 1 AND sccp = 1,gvn==1 AND jump_threading==1 AND sccp==1,0,1.0,1.0,1.0,32
random_2,20,1,gvn = 1 AND jump_threading = 1 AND sccp = 1,instcombine==1 AND ipsccp==0 AND sccp==1,3,0.5,0.3333333333333333,1.0,32
random_5,50,7,gvn = 1 AND jump_threading = 1 AND sccp = 1,gvn==1 AND jump_threading==1 AND sccp==1,0,1.0,1.0,1.0,32
random_10,100,15,gvn = 1 AND jump_threading = 1 AND sccp = 1,gvn==1 AND jump_threading==1 AND sccp==1,0,1.0,1.0,1.0,32
random_20,200,20,gvn = 1 AND jump_threading = 1 AND sccp = 1,gvn==1 AND jump_threading==1 AND sccp==1,0,1.0,1.0,1.0,32
2-wise,12,4,gvn = 1 AND jump_threading = 1 AND sccp = 1,gvn==1 AND jump_threading==1 AND sccp==1,1,1.0,1.0,1.0,32
3-wise,30,3,gvn = 1 AND jump_threading = 1 AND sccp = 1,gvn==1 AND jump_threading==1 AND sccp==1,1,1.0,1.0,1.0,32
4-wise,63,7,gvn = 1 AND jump_threading = 1 AND sccp = 1,gvn==1 AND jump_threading==1 AND sccp==1,0,1.0,1.0,1.0,32
full,1024,128,jump_threading = 1 AND print_used_types = 1 AND sccp = 1,instcombine==1 AND licm==1 AND print_used_types==0,0,0.0,0.0,0.0,33
random_2,20,5,jump_threading = 1 AND print_used_types = 1 AND sccp = 1,jump_threading==0 AND simplifycfg==0,0,0.0,0.0,0.0,33
random_5,50,5,jump_threading = 1 AND print_used_types = 1 AND sccp = 1,instcombine==1 AND jump_threading==1 AND print_used_types==1 AND sccp==0,0,0.0,0.0,0.0,33
random_10,100,15,jump_threading = 1 AND print_used_types = 1 AND sccp = 1,jump_threading==0 AND sccp==0 AND simplifycfg==1,0,0.0,0.0,0.0,33
random_20,200,30,jump_threading = 1 AND print_used_types = 1 AND sccp = 1,ipsccp==0 AND jump_threading==0 AND print_used_types==1,0,0.0,0.0,0.0,33
2-wise,12,2,jump_threading = 1 AND print_used_types = 1 AND sccp = 1,gvn==0 AND instcombine==1 AND simplifycfg==1,0,0.0,0.0,0.0,33
3-wise,29,4,jump_threading = 1 AND print_used_types = 1 AND sccp = 1,inline==0 AND jump_threading==0 AND licm==1,0,0.0,0.0,0.0,33
4-wise,61,9,jump_threading = 1 AND print_used_types = 1 AND sccp = 1,instcombine==0 AND print_used_types==0 AND sccp==0 AND simplifycfg==1,0,0.0,0.0,0.0,33
full,1024,128,gvn = 1 AND inline = 1 AND jump_threading = 1,gvn==0,0,0.0,0.0,0.0,34
random_2,20,2,gvn = 1 AND inline = 1 AND jump_threading = 1,gvn==1 AND inline==0 AND instcombine==1 AND sccp==1,0,0.0,0.0,0.0,34
random_5,50,1,gvn = 1 AND inline = 1 AND jump_threading = 1,licm==1 AND print_used_types==1 AND sccp==0,0,0.0,0.0,0.0,34
random_10,100,12,gvn = 1 AND inline = 1 AND jump_threading = 1,gvn==0 AND inline==0 AND simplifycfg==0,0,0.0,0.0,0.0,34
random_20,200,22,gvn = 1 AND inline = 1 AND jump_threading = 1,gvn==0 AND instcombine==0 AND jump_threading==1 AND sccp==0,0,0.0,0.0,0.0,34
3-wise,31,6,gvn = 1 AND inline = 1 AND jump_threading = 1,inline==0 AND instcombine==0 AND print_used_types==0 AND simplifycfg==0,0,0.0,0.0,0.0,34
4-wise,66,6,gvn = 1 AND inline = 1 AND jump_threading = 1,iv_users==1 AND licm==1 AND print_used_types==0 AND sccp==0,0,0.0,0.0,0.0,34
full,1024,128,gvn = 1 AND instcombine = 1 AND jump_threading = 1,jump_threading==0,0,0.0,0.0,0.0,35
random_2,20,3,gvn = 1 AND instcombine = 1 AND jump_threading = 1,instcombine==1 AND jump_threading==0 AND simplifycfg==1,0,0.0,0.0,0.0,35
random_5,50,7,gvn = 1 AND instcombine = 1 AND jump_threading = 1,jump_threading==0 AND print_used_types==1 AND simplifycfg==1,0,0.0,0.0,0.0,35
random_10,100,14,gvn = 1 AND instcombine = 1 AND jump_threading = 1,gvn==0 AND instcombine==1 AND ipsccp==0 AND iv_users==1,0,0.0,0.0,0.0,35
random_20,200,25,gvn = 1 AND instcombine = 1 AND jump_threading = 1,gvn==0 AND inline==0 AND simplifycfg==0,0,0.0,0.0,0.0,35
2-wise,13,2,gvn = 1 AND instcombine = 1 AND jump_threading = 1,gvn==1 AND jump_threading==0,0,0.0,0.0,0.0,35
3-wise,29,3,gvn = 1 AND instcombine = 1 AND jump_threading = 1,iv_users==0 AND jump_threading==0,0,0.0,0.0,0.0,35
4-wise,65,8,gvn = 1 AND instcombine = 1 AND jump_threading = 1,iv_users==1 AND jump_threading==1 AND licm==0 AND print_used_types==0,0,0.0,0.0,0.0,35
full,1024,128,instcombine = 1 AND ipsccp = 1 AND licm = 1,instcombine==1 AND ipsccp==1 AND licm==1,0,1.0,1.0,1.0,36
random_2,20,2,instcombine = 1 AND ipsccp = 1 AND licm = 1,inline==0 AND instcombine==1 AND simplifycfg==1,4,0.6666666666666666,0.5,1.0,36
random_5,50,5,instcombine = 1 AND ipsccp = 1 AND licm = 1,inline==0 AND instcombine==1 AND licm==1,4,0.7692307692307693,0.625,1.0,36
random_10,100,18,instcombine = 1 AND ipsccp = 1 AND licm = 1,instcombine==1 AND ipsccp==1 AND licm==1,0,1.0,1.0,1.0,36
random_20,200,23,instcombine = 1 AND ipsccp = 1 AND licm = 1,instcombine==1 AND ipsccp==1 AND licm==1,0,1.0,1.0,1.0,36
2-wise,15,2,instcombine = 1 AND ipsccp = 1 AND licm = 1,licm==1 AND sccp==0,0,0.5714285714285715,0.4,1.0,36
3-wise,29,2,instcombine = 1 AND ipsccp = 1 AND licm = 1,ipsccp==0 AND iv_users==0 AND licm==1,0,0.0,0.0,0.0,36
4-wise,66,6,instcombine = 1 AND ipsccp = 1 AND licm = 1,instcombine==1 AND ipsccp==1 AND jump_threading==0,2,0.7692307692307692,0.7142857142857143,0.8333333333333334,36
full,1024,128,inline = 1 AND ipsccp = 1 AND jump_threading = 1,gvn==0 AND instcombine==1 AND ipsccp==1 AND jump_threading==0,0,0.0,0.0,0.0,37
random_2,20,4,inline = 1 AND ipsccp = 1 AND jump_threading = 1,instcombine==0 AND ipsccp==1 AND licm==1,0,0.0,0.0,0.0,37
random_5,50,8,inline = 1 AND ipsccp = 1 AND jump_threading = 1,inline==0 AND instcombine==0 AND iv_users==1 AND sccp==1,0,0.0,0.0,0.0,37
random_10,100,16,inline = 1 AND ipsccp = 1 AND jump_threading = 1,gvn==1 AND inline==0 AND jump_threading==0,0,0.0,0.0,0.0,37
random_20,200,32,inline = 1 AND ipsccp = 1 AND jump_threading = 1,jump_threading==0 AND print_used_types==1 AND sccp==0 AND simplifycfg==1,0,0.0,0.0,0.0,37
2-wise,15,3,inline = 1 AND ipsccp = 1 AND jump_threading = 1,gvn==0 AND jump_threading==0 AND simplifycfg==0,0,0.0,0.0,0.0,37
3-wise,23,4,inline = 1 AND ipsccp = 1 AND jump_threading = 1,instcombine==0 AND licm==0 AND sccp==0,0,0.0,0.0,0.0,37
4-wise,66,9,inline = 1 AND ipsccp = 1 AND jump_threading = 1,gvn==1 AND ipsccp==0 AND sccp==0 AND simplifycfg==1,0,0.0,0.0,0.0,37
full,1024,128,ipsccp = 1 AND jump_threading = 1 AND licm = 1,jump_threading==0 AND licm==1 AND sccp==1,0,0.0,0.0,0.0,38
random_2,20,3,ipsccp = 1 AND jump_threading = 1 AND licm = 1,instcombine==0 AND iv_users==1 AND jump_threading==0 AND simplifycfg==0,0,0.0,0.0,0.0,38
random_5,50,4,ipsccp = 1 AND jump_threading = 1 AND licm = 1,inline==1 AND ipsccp==0 AND print_used_types==0,0,0.0,0.0,0.0,38
random_10,100,11,ipsccp = 1 AND jump_threading = 1 AND licm = 1,gvn==1 AND ipsccp==0 AND licm==0 AND print_used_types==1,0,0.0,0.0,0.0,38
random_20,200,22,ipsccp = 1 AND jump_threading = 1 AND licm = 1,gvn==1 AND inline==0 AND licm==0 AND print_used_types==1,0,0.0,0.0,0.0,38
2-wise,12,1,ipsccp = 1 AND jump_threading = 1 AND licm = 1,ipsccp==0 AND jump_threading==1,0,0.0,0.0,0.0,38
3-wise,28,3,ipsccp = 1 AND jump_threading = 1 AND licm = 1,gvn==1 AND jump_threading==0 AND licm==0,0,0.0,0.0,0.0,38
4-wise,61,6,ipsccp = 1 AND jump_threading = 1 AND licm = 1,instcombine==1 AND iv_users==0 AND jump_threading==1 AND licm==0,0,0.0,0.0,0.0,38
full,1024,128,iv_users = 1 AND jump_threading = 1 AND print_used_types = 1,print_used_types==0,0,0.0,0.0,0.0,39
random_2,20,2,iv_users = 1 AND jump_threading = 1 AND print_used_types = 1,print_used_types==0 AND simplifycfg==0,0,0.0,0.0,0.0,39
random_5,50,3,iv_users = 1 AND jump_threading = 1 AND print_used_types = 1,iv_users==1 AND licm==1 AND print_used_types==0,0,0.0,0.0,0.0,39
random_10,100,13,iv_users = 1 AND jump_threading = 1 AND print_used_types = 1,iv_users==0 AND licm==1 AND sccp==1 AND simplifycfg==0,0,0.0,0.0,0.0,39
random_20,200,19,iv_users = 1 AND jump_threading = 1 AND print_used_types = 1,inline==1 AND instcombine==0 AND iv_users==0 AND sccp==1,0,0.0,0.0,0.0,39
2-wise,12,1,iv_users = 1 AND jump_threading = 1 AND print_used_types = 1,jump_threading==1 AND print_used_types==0 AND sccp==1,0,0.0,0.0,0.0,39
3-wise,26,5,iv_users = 1 AND jump_threading = 1 AND print_used_types = 1,licm==0 AND simplifycfg==1,0,0.0,0.0,0.0,39
4-wise,69,11,iv_users = 1 AND jump_threading = 1 AND print_used_types = 1,gvn==0 AND inline==1 AND instcombine==0 AND ipsccp==1,0,0.0,0.0,0.0,39
full,1024,128,iv_users = 1 AND jump_threading = 1 AND simplifycfg = 1,jump_threading==1 AND sccp==1,2,0.3333333333333333,0.25,0.5,3
random_2,20,2,iv_users = 1 AND jump_threading = 1 AND simplifycfg = 1,ipsccp==0 AND iv_users==0 AND licm==1 AND simplifycfg==1,0,0.0,0.0,0.0,3
random_5,50,5,iv_users = 1 AND jump_threading = 1 AND simplifycfg = 1,inline==0 AND ipsccp==0 AND licm==0 AND print_used_types==0,1,0.2,0.2,0.2,3
random_10,100,11,iv_users = 1 AND jump_threading = 1 AND simplifycfg = 1,gvn==0 AND jump_threading==1 AND sccp==1,1,0.1999999999999999,0.2222222222222222,0.1818181818181818,3
random_20,200,30,iv_users = 1 AND jump_threading = 1 AND simplifycfg = 1,ipsccp==0 AND print_used_types==1 AND sccp==0,2,0.1428571428571428,0.1538461538461538,0.1333333333333333,3
2-wise,11,2,iv_users = 1 AND jump_threading = 1 AND simplifycfg = 1,ipsccp==1 AND jump_threading==1 AND licm==1,0,0.0,0.0,0.0,3
3-wise,31,6,iv_users = 1 AND jump_threading = 1 AND simplifycfg = 1,gvn==1 AND jump_threading==0 AND print_used_types==0,0,0.0,0.0,0.0,3
4-wise,63,11,iv_users = 1 AND jump_threading = 1 AND simplifycfg = 1,inline==0 AND ipsccp==0 AND iv_users==0 AND sccp==1,0,0.0,0.0,0.0,3
full,1024,128,instcombine = 1 AND licm = 1 AND simplifycfg = 1,instcombine==1 AND licm==1 AND simplifycfg==1,1,1.0,1.0,1.0,40
random_2,20,2,instcombine = 1 AND licm = 1 AND simplifycfg = 1,inline==1 AND ipsccp==1 AND jump_threading==1,0,0.0,0.0,0.0,40
random_5,50,3,instcombine = 1 AND licm = 1 AND simplifycfg = 1,inline==1 AND ipsccp==0 AND sccp==0 AND simplifycfg==0,0,0.0,0.0,0.0,40
random_10,100,7,instcombine = 1 AND licm = 1 AND simplifycfg = 1,gvn==1 AND ipsccp==1 AND iv_users==1 AND simplifycfg==1,3,0.1428571428571428,0.1428571428571428,0.1428571428571428,40
random_20,200,21,instcombine = 1 AND licm = 1 AND simplifycfg = 1,inline==1 AND instcombine==1 AND print_used_types==1 AND sccp==0,4,0.1212121212121212,0.1666666666666666,0.0952380952380952,40
2-wise,13,2,instcombine = 1 AND licm = 1 AND simplifycfg = 1,iv_users==0,4,0.25,0.1666666666666666,0.5,40
3-wise,27,2,instcombine = 1 AND licm = 1 AND simplifycfg = 1,iv_users==1 AND licm==0 AND sccp==1,0,0.0,0.0,0.0,40
4-wise,60,8,instcombine = 1 AND licm = 1 AND simplifycfg = 1,gvn==0 AND inline==1 AND licm==1,1,0.3529411764705882,0.3333333333333333,0.375,40
full,1024,128,inline = 1 AND ipsccp = 1 AND sccp = 1,inline==1 AND ipsccp==1 AND sccp==1,0,1.0,1.0,1.0,41
random_2,20,6,inline = 1 AND ipsccp = 1 AND sccp = 1,inline==0 AND jump_threading==0,0,0.0,0.0,0.0,41
random_5,50,14,inline = 1 AND ipsccp = 1 AND sccp = 1,inline==1 AND print_used_types==1 AND sccp==1,0,0.5833333333333334,0.7,0.5,41
random_10,100,12,inline = 1 AND ipsccp = 1 AND sccp = 1,ipsccp==1 AND iv_users==1 AND jump_threading==1 AND print_used_types==1,3,0.0909090909090909,0.1,0.0833333333333333,41
random_20,200,22,inline = 1 AND ipsccp = 1 AND sccp = 1,inline==1 AND ipsccp==1 AND sccp==1,0,1.0,1.0,1.0,41
2-wise,12,2,inline = 1 AND ipsccp = 1 AND sccp = 1,inline==0 AND ipsccp==0 AND print_used_types==1,0,0.0,0.0,0.0,41
3-wise,32,2,inline = 1 AND ipsccp = 1 AND sccp = 1,gvn==0 AND jump_threading==0 AND simplifycfg==0,0,0.0,0.0,0.0,41
4-wise,71,8,inline = 1 AND ipsccp = 1 AND sccp = 1,inline==0 AND instcombine==1 AND jump_threading==1 AND licm==0,0,0.0,0.0,0.0,41
full,1024,128,inline = 1 AND ipsccp = 1 AND jump_threading = 1,inline==1 AND ipsccp==1 AND jump_threading==1,0,1.0,1.0,1.0,42
random_2,20,1,inline = 1 AND ipsccp = 1 AND jump_threading = 1,gvn==0 AND iv_users==0,1,0.6666666666666666,0.5,1.0,42
random_5,50,3,inline = 1 AND ipsccp = 1 AND jump_threading = 1,gvn==0 AND instcombine==0 AND iv_users==0,1,0.1428571428571428,0.0909090909090909,0.3333333333333333,42
random_10,100,15,inline = 1 AND ipsccp = 1 AND jump_threading = 1,inline==1 AND ipsccp==1 AND jump_threading==1,0,1.0,1.0,1.0,42
random_20,200,25,inline = 1 AND ipsccp = 1 AND jump_threading = 1,inline==1 AND ipsccp==1 AND jump_threading==1,0,1.0,1.0,1.0,42
2-wise,11,2,inline = 1 AND ipsccp = 1 AND jump_threading = 1,simplifycfg==0,2,0.5714285714285715,0.4,1.0,42
3-wise,28,2,inline = 1 AND ipsccp = 1 AND jump_threading = 1,instcombine==0 AND iv_users==0 AND jump_threading==1 AND simplifycfg==0,3,0.4,0.3333333333333333,0.5,42
4-wise,62,8,inline = 1 AND ipsccp = 1 AND jump_threading = 1,inline==1 AND ipsccp==1 AND jump_threading==1,0,1.0,1.0,1.0,42
full,1024,128,inline = 1 AND instcombine = 1 AND licm = 1,inline==1 AND ipsccp==1 AND iv_users==1 AND jump_threading==1,0,0.1666666666666666,0.25,0.125,43
random_2,20,2,inline = 1 AND instcombine = 1 AND licm = 1,gvn==1 AND ipsccp==1 AND print_used_types==1 AND sccp==1,0,0.0,0.0,0.0,43
random_5,50,10,inline = 1 AND instcombine = 1 AND licm = 1,gvn==1 AND inline==1 AND iv_users==0 AND jump_threading==1,0,0.1538461538461538,0.3333333333333333,0.1,43
random_10,100,12,inline = 1 AND instcombine = 1 AND licm = 1,ipsccp==0 AND jump_threading==0 AND licm==0 AND print_used_types==1,0,0.0,0.0,0.0,43
random_20,200,30,inline = 1 AND instcombine = 1 AND licm = 1,gvn==1 AND instcombine==0 AND licm==0 AND simplifycfg==0,0,0.0,0.0,0.0,43
2-wise,12,2,inline = 1 AND instcombine = 1 AND licm = 1,gvn==1 AND instcombine==1,4,0.6666666666666666,0.5,1.0,43
3-wise,28,3,inline = 1 AND instcombine = 1 AND licm = 1,gvn==1 AND sccp==1,0,0.3333333333333333,0.2222222222222222,0.6666666666666666,43
4-wise,63,9,inline = 1 AND instcombine = 1 AND licm = 1,instcombine==0 AND ipsccp==0 AND print_used_types==0 AND sccp==1,0,0.0,0.0,0.0,43
full,1024,128,gvn = 1 AND jump_threading = 1 AND licm = 1,gvn==1 AND jump_threading==1 AND licm==1,0,1.0,1.0,1.0,44
random_2,20,2,gvn = 1 AND jump_threading = 1 AND licm = 1,instcombine==1 AND jump_threading==0 AND licm==1,0,0.0,0.0,0.0,44
random_5,50,6,gvn = 1 AND jump_threading = 1 AND licm = 1,iv_users==1 AND licm==1,2,0.4,0.2857142857142857,0.6666666666666666,44
random_10,100,8,gvn = 1 AND jump_threading = 1 AND licm = 1,licm==1 AND print_used_types==1 AND sccp==0,4,0.4,0.2941176470588235,0.625,44
random_20,200,26,gvn = 1 AND jump_threading = 1 AND licm = 1,gvn==1 AND jump_threading==1 AND licm==1,1,1.0,1.0,1.0,44
2-wise,11,3,gvn = 1 AND jump_threading = 1 AND licm = 1,iv_users==0 AND licm==1,3,0.5714285714285715,0.5,0.6666666666666666,44
3-wise,27,2,gvn = 1 AND jump_threading = 1 AND licm = 1,jump_threading==1 AND print_used_types==1 AND sccp==1,2,0.5714285714285715,0.4,1.0,44
4-wise,70,6,gvn = 1 AND jump_threading = 1 AND licm = 1,gvn==0 AND iv_users==0 AND jump_threading==1 AND licm==0,0,0.0,0.0,0.0,44
full,1024,128,ipsccp = 1 AND iv_users = 1 AND sccp = 1,ipsccp==1 AND iv_users==1 AND sccp==1,0,1.0,1.0,1.0,45
random_2,20,1,ipsccp = 1 AND iv_users = 1 AND sccp = 1,inline==1 AND licm==0 AND sccp==1 AND simplifycfg==1,1,0.6666666666666666,0.5,1.0,45
random_5,50,3,ipsccp = 1 AND iv_users = 1 AND sccp = 1,gvn==0 AND jump_threading==0 AND sccp==1,3,0.6666666666666666,0.5,1.0,45
random_10,100,13,ipsccp = 1 AND iv_users = 1 AND sccp = 1,ipsccp==1 AND iv_users==1 AND sccp==1,0,1.0,1.0,1.0,45
random_20,200,22,ipsccp = 1 AND iv_users = 1 AND sccp = 1,ipsccp==1 AND iv_users==1 AND sccp==1,0,1.0,1.0,1.0,45
2-wise,12,1,ipsccp = 1 AND iv_users = 1 AND sccp = 1,gvn==1 AND jump_threading==0 AND sccp==1,2,0.6666666666666666,0.5,1.0,45
3-wise,29,4,ipsccp = 1 AND iv_users = 1 AND sccp = 1,ipsccp==1 AND iv_users==1 AND sccp==1,2,1.0,1.0,1.0,45
4-wise,63,7,ipsccp = 1 AND iv_users = 1 AND sccp = 1,ipsccp==1 AND iv_users==1 AND sccp==1,0,1.0,1.0,1.0,45
full,1024,128,jump_threading = 1 AND licm = 1 AND simplifycfg = 1,licm==1 AND simplifycfg==0,0,0.0,0.0,0.0,46
random_2,20,4,jump_threading = 1 AND licm = 1 AND simplifycfg = 1,iv_users==0 AND jump_threading==1 AND print_used_types==0,0,0.0,0.0,0.0,46
random_5,50,6,jump_threading = 1 AND licm = 1 AND simplifycfg = 1,inline==1 AND iv_users==0 AND print_used_types==1 AND simplifycfg==1,0,0.0,0.0,0.0,46
random_10,100,16,jump_threading = 1 AND licm = 1 AND simplifycfg = 1,gvn==0 AND instcombine==1 AND jump_threading==0 AND print_used_types==0,0,0.0,0.0,0.0,46
random_20,200,15,jump_threading = 1 AND licm = 1 AND simplifycfg = 1,instcombine==0 AND ipsccp==0 AND print_used_types==1 AND simplifycfg==0,0,0.0,0.0,0.0,46
2-wise,11,2,jump_threading = 1 AND licm = 1 AND simplifycfg = 1,inline==1 AND ipsccp==1 AND jump_threading==0,0,0.0,0.0,0.0,46
3-wise,30,4,jump_threading = 1 AND licm = 1 AND simplifycfg = 1,inline==1 AND licm==0 AND simplifycfg==1,0,0.0,0.0,0.0,46
4-wise,64,7,jump_threading = 1 AND licm = 1 AND simplifycfg = 1,iv_users==1 AND print_used_types==0 AND simplifycfg==0,0,0.0,0.0,0.0,46
full,1024,128,ipsccp = 1 AND sccp = 1 AND simplifycfg = 1,ipsccp==1 AND sccp==1 AND simplifycfg==1,0,1.0,1.0,1.0,47
random_2,20,3,ipsccp = 1 AND sccp = 1 AND simplifycfg = 1,inline==1 AND licm==0 AND print_used_types==0,2,0.2857142857142857,0.25,0.3333333333333333,47
random_5,50,7,ipsccp = 1 AND sccp = 1 AND simplifycfg = 1,gvn==0 AND ipsccp==0 AND iv_users==0 AND simplifycfg==0,0,0.0,0.0,0.0,47
random_10,100,12,ipsccp = 1 AND sccp = 1 AND simplifycfg = 1,instcombine==0 AND iv_users==1 AND sccp==1 AND simplifycfg==1,2,0.3333333333333333,0.5,0.25,47
random_20,200,25,ipsccp = 1 AND sccp = 1 AND simplifycfg = 1,jump_threading==1 AND licm==0 AND print_used_types==1 AND simplifycfg==1,3,0.1428571428571428,0.1764705882352941,0.12,47
3-wise,29,2,ipsccp = 1 AND sccp = 1 AND simplifycfg = 1,gvn==0 AND jump_threading==1 AND print_used_types==0 AND simplifycfg==0,0,0.0,0.0,0.0,47
4-wise,68,10,ipsccp = 1 AND sccp = 1 AND simplifycfg = 1,instcombine==0 AND sccp==1,1,0.4,0.3,0.6,47
full,1024,128,gvn = 1 AND iv_users = 1 AND sccp = 1,gvn==1 AND iv_users==1 AND sccp==1,0,1.0,1.0,1.0,48
random_2,20,2,gvn = 1 AND iv_users = 1 AND sccp = 1,inline==1 AND instcombine==0 AND simplifycfg==1,2,0.4,0.3333333333333333,0.5,48
random_5,50,8,gvn = 1 AND iv_users = 1 AND sccp = 1,gvn==1 AND iv_users==1 AND sccp==1,2,1.0,1.0,1.0,48
random_10,100,12,gvn = 1 AND iv_users = 1 AND sccp = 1,gvn==1 AND iv_users==1 AND sccp==1,0,1.0,1.0,1.0,48
random_20,200,30,gvn = 1 AND iv_users = 1 AND sccp = 1,gvn==1 AND iv_users==1 AND sccp==1,0,1.0,1.0,1.0,48
2-wise,12,1,gvn = 1 AND iv_users = 1 AND sccp = 1,instcombine==1 AND licm==0,0,0.6666666666666666,0.5,1.0,48
3-wise,31,5,gvn = 1 AND iv_users = 1 AND sccp = 1,gvn==1 AND iv_users==1 AND sccp==1,1,1.0,1.0,1.0,48
4-wise,62,6,gvn = 1 AND iv_users = 1 AND sccp = 1,gvn==1 AND iv_users==1 AND sccp==1,2,1.0,1.0,1.0,48
full,1024,128,gvn = 1 AND iv_users = 1 AND sccp = 1,gvn==1 AND iv_users==1 AND sccp==1,0,1.0,1.0,1.0,49
random_2,20,3,gvn = 1 AND iv_users = 1 AND sccp = 1,iv_users==1 AND sccp==1,1,1.0,1.0,1.0,49
random_5,50,2,gvn = 1 AND iv_users = 1 AND sccp = 1,instcombine==1 AND ipsccp==1 AND iv_users==1 AND licm==1,3,0.2857142857142857,0.2,0.5,49
random_10,100,11,gvn = 1 AND iv_users = 1 AND sccp = 1,gvn==1 AND iv_users==1 AND sccp==1,0,1.0,1.0,1.0,49
random_20,200,28,gvn = 1 AND iv_users = 1 AND sccp = 1,gvn==1 AND iv_users==1 AND sccp==1,0,1.0,1.0,1.0,49
3-wise,27,4,gvn = 1 AND iv_users = 1 AND sccp = 1,gvn==1 AND iv_users==1 AND sccp==1,0,1.0,1.0,1.0,49
4-wise,67,10,gvn = 1 AND iv_users = 1 AND sccp = 1,gvn==1 AND iv_users==1 AND sccp==1,0,1.0,1.0,1.0,49
full,1024,128,gvn = 1 AND instcombine = 1 AND sccp = 1,sccp==0,0,0.0,0.0,0.0,4
random_2,20,5,gvn = 1 AND instcombine = 1 AND sccp = 1,instcombine==0 AND jump_threading==1 AND print_used_types==1,0,0.0,0.0,0.0,4
random_5,50,11,gvn = 1 AND instcombine = 1 AND sccp = 1,inline==1 AND ipsccp==0 AND jump_threading==0 AND sccp==0,0,0.0,0.0,0.0,4
random_10,100,17,gvn = 1 AND instcombine = 1 AND sccp = 1,gvn==0 AND inline==0 AND licm==1 AND sccp==0,0,0.0,0.0,0.0,4
random_20,200,27,gvn = 1 AND instcombine = 1 AND sccp = 1,ipsccp==1 AND licm==1 AND print_used_types==1 AND sccp==0,0,0.0,0.0,0.0,4
2-wise,12,1,gvn = 1 AND instcombine = 1 AND sccp = 1,ipsccp==0 AND iv_users==0 AND licm==1 AND simplifycfg==0,0,0.0,0.0,0.0,4
3-wise,31,4,gvn = 1 AND instcombine = 1 AND sccp = 1,iv_users==0 AND jump_threading==0 AND sccp==0,0,0.0,0.0,0.0,4
4-wise,60,9,gvn = 1 AND instcombine = 1 AND sccp = 1,gvn==1 AND instcombine==0 AND ipsccp==1 AND simplifycfg==1,0,0.0,0.0,0.0,4
full,1024,128,inline = 1 AND ipsccp = 1 AND jump_threading = 1,inline==1 AND ipsccp==1 AND jump_threading==1,0,1.0,1.0,1.0,50
random_2,20,5,inline = 1 AND ipsccp = 1 AND jump_threading = 1,gvn==0 AND instcombine==1 AND iv_users==0 AND sccp==1,0,0.0,0.0,0.0,50
random_5,50,7,inline = 1 AND ipsccp = 1 AND jump_threading = 1,gvn==1 AND inline==0 AND print_used_types==1 AND sccp==1,0,0.0,0.0,0.0,50
random_10,100,11,inline = 1 AND ipsccp = 1 AND jump_threading = 1,inline==1 AND ipsccp==1 AND jump_threading==1,4,1.0,1.0,1.0,50
random_20,200,26,inline = 1 AND ipsccp = 1 AND jump_threading = 1,inline==1 AND ipsccp==1 AND jump_threading==1,0,1.0,1.0,1.0,50
2-wise,11,2,inline = 1 AND ipsccp = 1 AND jump_threading = 1,jump_threading==1 AND licm==1,0,0.8,0.6666666666666666,1.0,50
3-wise,30,6,inline = 1 AND ipsccp = 1 AND jump_threading = 1,inline==1 AND ipsccp==1 AND jump_threading==1,0,1.0,1.0,1.0,50
4-wise,61,6,inline = 1 AND ipsccp = 1 AND jump_threading = 1,inline==1 AND instcombine==0 AND print_used_types==1 AND simplifycfg==1,4,0.5,0.5,0.5,50
full,1024,128,instcombine = 1 AND iv_users = 1 AND jump_threading = 1,instcombine==1 AND iv_users==1 AND jump_threading==1,0,1.0,1.0,1.0,51
random_2,20,3,instcombine = 1 AND iv_users = 1 AND jump_threading = 1,gvn==1 AND instcombine==0 AND licm==1 AND print_used_types==1,0,0.0,0.0,0.0,51
random_5,50,9,instcombine = 1 AND iv_users = 1 AND jump_threading = 1,gvn==1 AND print_used_types==0 AND sccp==1,4,0.3333333333333333,0.3333333333333333,0.3333333333333333,51
random_10,100,18,instcombine = 1 AND iv_users = 1 AND jump_threading = 1,instcombine==0 AND print_used_types==1 AND sccp==1,0,0.0,0.0,0.0,51
random_20,200,25,instcombine = 1 AND iv_users = 1 AND jump_threading = 1,gvn==1 AND instcombine==1 AND jump_threading==1,2,0.5660377358490566,0.5357142857142857,0.6,51
2-wise,14,2,instcombine = 1 AND iv_users = 1 AND jump_threading = 1,ipsccp==1 AND simplifycfg==0,3,0.5714285714285715,0.4,1.0,51
3-wise,28,1,instcombine = 1 AND iv_users = 1 AND jump_threading = 1,gvn==0 AND inline==1 AND sccp==0 AND simplifycfg==0,0,0.0,0.0,0.0,51
4-wise,64,9,instcombine = 1 AND iv_users = 1 AND jump_threading = 1,instcombine==0 AND ipsccp==1 AND jump_threading==1 AND licm==1,0,0.0,0.0,0.0,51
full,1024,128,iv_users = 1 AND print_used_types = 1 AND sccp = 1,iv_users==1 AND print_used_types==1 AND sccp==1,0,1.0,1.0,1.0,52
random_2,20,4,iv_users = 1 AND print_used_types = 1 AND sccp = 1,instcombine==1 AND print_used_types==1 AND sccp==1,2,0.6,0.5,0.75,52
random_5,50,7,iv_users = 1 AND print_used_types = 1 AND sccp = 1,iv_users==1 AND print_used_types==1 AND sccp==1,0,1.0,1.0,1.0,52
random_10,100,15,iv_users = 1 AND print_used_types = 1 AND sccp = 1,iv_users==1 AND print_used_types==1 AND sccp==1,0,1.0,1.0,1.0,52
random_20,200,21,iv_users = 1 AND print_used_types = 1 AND sccp = 1,iv_users==1 AND print_used_types==1 AND sccp==1,0,1.0,1.0,1.0,52
2-wise,12,1,iv_users = 1 AND print_used_types = 1 AND sccp = 1,inline==1 AND jump_threading==1 AND sccp==1,0,0.5,0.3333333333333333,1.0,52
3-wise,29,1,iv_users = 1 AND print_used_types = 1 AND sccp = 1,instcombine==0 AND ipsccp==1 AND simplifycfg==1,1,0.5,0.3333333333333333,1.0,52
4-wise,61,7,iv_users = 1 AND print_used_types = 1 AND sccp = 1,iv_users==1 AND print_used_types==1 AND sccp==1,0,1.0,1.0,1.0,52
full,1024,128,gvn = 1 AND inline = 1 AND instcombine = 1,inline==0 AND iv_users==0 AND print_used_types==1 AND simplifycfg==1,0,0.0,0.0,0.0,53
random_2,20,1,gvn = 1 AND inline = 1 AND instcombine = 1,gvn==0 AND inline==0 AND ipsccp==1,0,0.0,0.0,0.0,53
random_5,50,2,gvn = 1 AND inline = 1 AND instcombine = 1,inline==1 AND iv_users==1 AND jump_threading==0 AND sccp==1,0,0.0,0.0,0.0,53
random_10,100,14,gvn = 1 AND inline = 1 AND instcombine = 1,inline==0 AND licm==1 AND print_used_types==0 AND simplifycfg==0,0,0.0,0.0,0.0,53
random_20,200,25,gvn = 1 AND inline = 1 AND instcombine = 1,ipsccp==1 AND jump_threading==1 AND licm==1 AND simplifycfg==0,1,0.0571428571428571,0.1,0.04,53
2-wise,12,1,gvn = 1 AND inline = 1 AND instcombine = 1,gvn==0 AND inline==0 AND simplifycfg==0,0,0.0,0.0,0.0,53
3-wise,28,4,gvn = 1 AND inline = 1 AND instcombine = 1,gvn==0 AND licm==1,0,0.0,0.0,0.0,53
4-wise,64,11,gvn = 1 AND inline = 1 AND instcombine = 1,gvn==0 AND inline==1 AND iv_users==0 AND licm==1,0,0.0,0.0,0.0,53
full,1024,128,ipsccp = 1 AND jump_threading = 1 AND print_used_types = 1,ipsccp==1 AND jump_threading==1 AND print_used_types==1,3,1.0,1.0,1.0,54
random_2,20,1,ipsccp = 1 AND jump_threading = 1 AND print_used_types = 1,gvn==1 AND simplifycfg==1,3,0.2857142857142857,0.1666666666666666,1.0,54
random_5,50,5,ipsccp = 1 AND jump_threading = 1 AND print_used_types = 1,inline==1 AND instcombine==0 AND simplifycfg==1,0,0.0,0.0,0.0,54
random_10,100,16,ipsccp = 1 AND jump_threading = 1 AND print_used_types = 1,instcombine==0 AND iv_users==0 AND licm==1 AND print_used_types==1,3,0.0909090909090909,0.1666666666666666,0.0625,54
random_20,200,30,ipsccp = 1 AND jump_threading = 1 AND print_used_types = 1,instcombine==0 AND sccp==0,3,0.1463414634146341,0.1153846153846153,0.2,54
2-wise,13,2,ipsccp = 1 AND jump_threading = 1 AND print_used_types = 1,ipsccp==0 AND sccp==1 AND simplifycfg==1,0,0.0,0.0,0.0,54
3-wise,29,5,ipsccp = 1 AND jump_threading = 1 AND print_used_types = 1,ipsccp==0 AND iv_users==0 AND jump_threading==1 AND licm==0,0,0.0,0.0,0.0,54
4-wise,66,12,ipsccp = 1 AND jump_threading = 1 AND print_used_types = 1,ipsccp==0 AND iv_users==0 AND licm==0 AND simplifycfg==0,0,0.0,0.0,0.0,54
full,1024,128,instcombine = 1 AND ipsccp = 1 AND print_used_types = 1,gvn==0 AND ipsccp==1 AND jump_threading==0 AND print_used_types==0,0,0.0,0.0,0.0,55
random_2,20,2,instcombine = 1 AND ipsccp = 1 AND print_used_types = 1,gvn==1 AND iv_users==0 AND sccp==1,0,0.0,0.0,0.0,55
random_5,50,7,instcombine = 1 AND ipsccp = 1 AND print_used_types = 1,inline==1 AND iv_users==0 AND print_used_types==0 AND simplifycfg==0,0,0.0,0.0,0.0,55
random_10,100,11,instcombine = 1 AND ipsccp = 1 AND print_used_types = 1,ipsccp==1 AND iv_users==1 AND licm==0 AND sccp==1,0,0.0,0.0,0.0,55
random_20,200,37,instcombine = 1 AND ipsccp = 1 AND print_used_types = 1,inline==0 AND iv_users==1 AND licm==0 AND print_used_types==0,0,0.0,0.0,0.0,55
2-wise,13,2,instcombine = 1 AND ipsccp = 1 AND print_used_types = 1,inline==0 AND iv_users==1 AND sccp==0,0,0.0,0.0,0.0,55
3-wise,31,3,instcombine = 1 AND ipsccp = 1 AND print_used_types = 1,ipsccp==0 AND jump_threading==1 AND sccp==1,0,0.0,0.0,0.0,55
4-wise,69,8,instcombine = 1 AND ipsccp = 1 AND print_used_types = 1,licm==0 AND sccp==1,2,0.1481481481481481,0.1052631578947368,0.25,55
full,1024,128,gvn = 1 AND inline = 1 AND sccp = 1,gvn==1 AND instcombine==1 AND jump_threading==1 AND sccp==0,0,0.0,0.0,0.0,56
random_2,20,2,gvn = 1 AND inline = 1 AND sccp = 1,iv_users==0 AND licm==0 AND simplifycfg==0,0,0.0,0.0,0.0,56
random_5,50,7,gvn = 1 AND inline = 1 AND sccp = 1,gvn==0 AND instcombine==1 AND jump_threading==1,0,0.0,0.0,0.0,56
random_10,100,12,gvn = 1 AND inline = 1 AND sccp = 1,gvn==0 AND inline==1 AND ipsccp==0 AND print_used_types==1,0,0.0,0.0,0.0,56
random_20,200,22,gvn = 1 AND inline = 1 AND sccp = 1,gvn==0 AND iv_users==1 AND jump_threading==1 AND licm==1,0,0.0,0.0,0.0,56
2-wise,10,1,gvn = 1 AND inline = 1 AND sccp = 1,gvn==0 AND instcombine==1,0,0.0,0.0,0.0,56
3-wise,28,4,gvn = 1 AND inline = 1 AND sccp = 1,ipsccp==1 AND licm==1 AND print_used_types==0 AND simplifycfg==0,0,0.0,0.0,0.0,56
4-wise,61,8,gvn = 1 AND inline = 1 AND sccp = 1,gvn==0 AND licm==0 AND sccp==0,0,0.0,0.0,0.0,56
full,1024,128,gvn = 1 AND sccp = 1 AND simplifycfg = 1,gvn==1 AND inline==0 AND iv_users==0 AND sccp==1,4,0.3333333333333333,0.5,0.25,57
random_2,20,2,gvn = 1 AND sccp = 1 AND simplifycfg = 1,gvn==1 AND inline==0 AND licm==0 AND sccp==0,0,0.0,0.0,0.0,57
random_5,50,9,gvn = 1 AND sccp = 1 AND simplifycfg = 1,inline==1 AND licm==1 AND sccp==0,0,0.0,0.0,0.0,57
random_10,100,14,gvn = 1 AND sccp = 1 AND simplifycfg = 1,iv_users==1 AND licm==0 AND sccp==0 AND simplifycfg==1,0,0.0,0.0,0.0,57
random_20,200,29,gvn = 1 AND sccp = 1 AND simplifycfg = 1,inline==1 AND jump_threading==0 AND print_used_types==1,3,0.1311475409836065,0.125,0.1379310344827586,57
3-wise,30,5,gvn = 1 AND sccp = 1 AND simplifycfg = 1,gvn==0 AND inline==0 AND instcombine==0 AND licm==0,0,0.0,0.0,0.0,57
4-wise,62,7,gvn = 1 AND sccp = 1 AND simplifycfg = 1,instcombine==1 AND iv_users==0 AND jump_threading==1 AND simplifycfg==0,0,0.0,0.0,0.0,57
full,1024,128,instcombine = 1 AND iv_users = 1 AND simplifycfg = 1,licm==1 AND sccp==1 AND simplifycfg==0,0,0.0,0.0,0.0,58
random_2,20,4,instcombine = 1 AND iv_users = 1 AND simplifycfg = 1,inline==1 AND jump_threading==0 AND licm==0,0,0.0,0.0,0.0,58
random_5,50,5,instcombine = 1 AND iv_users = 1 AND simplifycfg = 1,instcombine==1 AND sccp==0 AND simplifycfg==0,0,0.0,0.0,0.0,58
random_10,100,11,instcombine = 1 AND iv_users = 1 AND simplifycfg = 1,gvn==1 AND instcombine==0 AND ipsccp==1 AND sccp==0,0,0.0,0.0,0.0,58
random_20,200,19,instcombine = 1 AND iv_users = 1 AND simplifycfg = 1,gvn==0 AND inline==1 AND jump_threading==1,1,0.0425531914893617,0.0357142857142857,0.0526315789473684,58
2-wise,12,3,instcombine = 1 AND iv_users = 1 AND simplifycfg = 1,licm==0,0,0.0,0.0,0.0,58
3-wise,32,4,instcombine = 1 AND iv_users = 1 AND simplifycfg = 1,gvn==0 AND ipsccp==0 AND iv_users==1,0,0.0,0.0,0.0,58
4-wise,65,6,instcombine = 1 AND iv_users = 1 AND simplifycfg = 1,ipsccp==1 AND jump_threading==1 AND print_used_types==0,1,0.1333333333333333,0.1111111111111111,0.1666666666666666,58
full,1024,128,iv_users = 1 AND licm = 1 AND print_used_types = 1,print_used_types==0 AND simplifycfg==1,0,0.0,0.0,0.0,59
random_2,20,3,iv_users = 1 AND licm = 1 AND print_used_types = 1,iv_users==1 AND licm==1 AND print_used_types==0,0,0.0,0.0,0.0,59
random_5,50,5,iv_users = 1 AND licm = 1 AND print_used_types = 1,gvn==1 AND instcombine==0 AND sccp==0 AND simplifycfg==1,0,0.0,0.0,0.0,59
random_10,100,18,iv_users = 1 AND licm = 1 AND print_used_types = 1,iv_users==0 AND simplifycfg==1,0,0.0,0.0,0.0,59
random_20,200,29,iv_users = 1 AND licm = 1 AND print_used_types = 1,iv_users==0 AND sccp==0,0,0.0,0.0,0.0,59
2-wise,12,1,iv_users = 1 AND licm = 1 AND print_used_types = 1,ipsccp==0 AND jump_threading==0 AND print_used_types==1,0,0.0,0.0,0.0,59
3-wise,29,3,iv_users = 1 AND licm = 1 AND print_used_types = 1,instcombine==1 AND licm==0 AND print_used_types==1,0,0.0,0.0,0.0,59
4-wise,68,9,iv_users = 1 AND licm = 1 AND print_used_types = 1,gvn==0 AND iv_users==0 AND jump_threading==0,0,0.0,0.0,0.0,59
full,1024,128,instcombine = 1 AND iv_users = 1 AND licm = 1,iv_users==1 AND jump_threading==1 AND print_used_types==0,1,0.25,0.25,0.25,5
random_2,20,2,instcombine = 1 AND iv_users = 1 AND licm = 1,inline==0 AND ipsccp==0 AND jump_threading==1 AND licm==1,0,0.0,0.0,0.0,5
random_5,50,8,instcombine = 1 AND iv_users = 1 AND licm = 1,gvn==0 AND inline==0 AND iv_users==1 AND licm==0,0,0.0,0.0,0.0,5
random_10,100,15,instcombine = 1 AND iv_users = 1 AND licm = 1,gvn==0 AND inline==1 AND ipsccp==0 AND sccp==0,0,0.1,0.2,0.0666666666666666,5
random_20,200,32,instcombine = 1 AND iv_users = 1 AND licm = 1,inline==1 AND ipsccp==0 AND jump_threading==1 AND sccp==0,0,0.1739130434782608,0.2857142857142857,0.125,5
2-wise,12,1,instcombine = 1 AND iv_users = 1 AND licm = 1,inline==1 AND ipsccp==0,0,0.0,0.0,0.0,5
3-wise,24,3,instcombine = 1 AND iv_users = 1 AND licm = 1,jump_threading==0 AND licm==0,0,0.0,0.0,0.0,5
4-wise,65,11,instcombine = 1 AND iv_users = 1 AND licm = 1,inline==1 AND ipsccp==1 AND jump_threading==1 AND sccp==1,0,0.125,0.2,0.0909090909090909,5
full,1024,128,gvn = 1 AND iv_users = 1 AND jump_threading = 1,gvn==1 AND iv_users==1 AND jump_threading==1,0,1.0,1.0,1.0,60
random_5,50,5,gvn = 1 AND iv_users = 1 AND jump_threading = 1,gvn==1 AND iv_users==1 AND jump_threading==1,0,1.0,1.0,1.0,60
random_10,100,13,gvn = 1 AND iv_users = 1 AND jump_threading = 1,gvn==1 AND iv_users==1 AND jump_threading==1,0,1.0,1.0,1.0,60
random_20,200,23,gvn = 1 AND iv_users = 1 AND jump_threading = 1,gvn==1 AND iv_users==1 AND jump_threading==1,0,1.0,1.0,1.0,60
2-wise,13,4,gvn = 1 AND iv_users = 1 AND jump_threading = 1,gvn==1 AND instcombine==1 AND jump_threading==1,2,1.0,1.0,1.0,60
3-wise,31,2,gvn = 1 AND iv_users = 1 AND jump_threading = 1,gvn==1 AND instcombine==0 AND ipsccp==0,1,0.5,0.5,0.5,60
4-wise,58,5,gvn = 1 AND iv_users = 1 AND jump_threading = 1,gvn==1 AND iv_users==1 AND jump_threading==1,0,1.0,1.0,1.0,60
full,1024,128,licm = 1 AND print_used_types = 1 AND sccp = 1,instcombine==1 AND ipsccp==0 AND jump_threading==1 AND licm==0,0,0.0,0.0,0.0,61
random_2,20,2,licm = 1 AND print_used_types = 1 AND sccp = 1,instcombine==0 AND ipsccp==1 AND simplifycfg==1,0,0.0,0.0,0.0,61
random_5,50,8,licm = 1 AND print_used_types = 1 AND sccp = 1,ipsccp==1 AND iv_users==0 AND print_used_types==0 AND sccp==1,0,0.0,0.0,0.0,61
random_10,100,12,licm = 1 AND print_used_types = 1 AND sccp = 1,gvn==1 AND inline==0 AND licm==0 AND sccp==1,0,0.0,0.0,0.0,61
random_20,200,32,licm = 1 AND print_used_types = 1 AND sccp = 1,gvn==0 AND licm==1 AND sccp==1 AND simplifycfg==0,4,0.2978723404255319,0.4666666666666667,0.21875,61
2-wise,12,3,licm = 1 AND print_used_types = 1 AND sccp = 1,instcombine==0 AND ipsccp==0 AND print_used_types==1 AND simplifycfg==0,0,0.0,0.0,0.0,61
3-wise,29,5,licm = 1 AND print_used_types = 1 AND sccp = 1,inline==1 AND instcombine==0 AND licm==0,0,0.0,0.0,0.0,61
4-wise,67,11,licm = 1 AND print_used_types = 1 AND sccp = 1,ipsccp==0 AND licm==1 AND print_used_types==0 AND simplifycfg==1,0,0.0,0.0,0.0,61
full,1024,128,inline = 1 AND licm = 1 AND simplifycfg = 1,gvn==1 AND licm==1 AND print_used_types==1 AND simplifycfg==0,0,0.0,0.0,0.0,62
random_2,20,4,inline = 1 AND licm = 1 AND simplifycfg = 1,gvn==0 AND iv_users==0 AND sccp==1 AND simplifycfg==0,0,0.0,0.0,0.0,62
random_5,50,4,inline = 1 AND licm = 1 AND simplifycfg = 1,iv_users==0 AND jump_threading==0 AND licm==1,0,0.0,0.0,0.0,62
random_10,100,14,inline = 1 AND licm = 1 AND simplifycfg = 1,gvn==0 AND instcombine==1 AND ipsccp==1 AND simplifycfg==0,0,0.0,0.0,0.0,62
random_20,200,30,inline = 1 AND licm = 1 AND simplifycfg = 1,gvn==0 AND instcombine==1 AND iv_users==1 AND licm==0,0,0.0,0.0,0.0,62
2-wise,11,2,inline = 1 AND licm = 1 AND simplifycfg = 1,ipsccp==0 AND iv_users==1 AND jump_threading==0,0,0.0,0.0,0.0,62
3-wise,27,2,inline = 1 AND licm = 1 AND simplifycfg = 1,iv_users==1 AND licm==0 AND print_used_types==0,0,0.0,0.0,0.0,62
4-wise,63,7,inline = 1 AND licm = 1 AND simplifycfg = 1,inline==0 AND ipsccp==1 AND licm==1 AND print_used_types==0,0,0.0,0.0,0.0,62
full,1024,128,instcombine = 1 AND ipsccp = 1 AND print_used_types = 1,instcombine==1 AND ipsccp==1 AND print_used_types==1,0,1.0,1.0,1.0,63
random_2,20,3,instcombine = 1 AND ipsccp = 1 AND print_used_types = 1,gvn==0 AND jump_threading==0 AND sccp==0,4,0.5714285714285715,0.5,0.6666666666666666,63
random_5,50,10,instcombine = 1 AND ipsccp = 1 AND print_used_types = 1,instcombine==1 AND jump_threading==0,3,0.7200000000000001,0.6,0.9,63
random_10,100,17,instcombine = 1 AND ipsccp = 1 AND print_used_types = 1,gvn==0 AND instcombine==1 AND licm==0 AND print_used_types==1,2,0.5333333333333333,0.6153846153846154,0.4705882352941176,63
random_20,200,25,instcombine = 1 AND ipsccp = 1 AND print_used_types = 1,instcombine==1 AND ipsccp==1 AND print_used_types==1,0,1.0,1.0,1.0,63
2-wise,14,4,instcombine = 1 AND ipsccp = 1 AND print_used_types = 1,instcombine==1 AND jump_threading==1,2,0.6666666666666665,0.6,0.75,63
3-wise,32,3,instcombine = 1 AND ipsccp = 1 AND print_used_types = 1,gvn==0 AND iv_users==0 AND sccp==0,4,0.5,0.4,0.6666666666666666,63
4-wise,63,9,instcombine = 1 AND ipsccp = 1 AND print_used_types = 1,gvn==1 AND inline==0 AND instcombine==1 AND sccp==0,0,0.0,0.0,0.0,63
full,1024,128,inline = 1 AND iv_users = 1 AND simplifycfg = 1,inline==1 AND iv_users==1 AND simplifycfg==1,0,1.0,1.0,1.0,64
random_2,20,3,inline = 1 AND iv_users = 1 AND simplifycfg = 1,jump_threading==0 AND print_used_types==0 AND simplifycfg==1,0,0.0,0.0,0.0,64
random_5,50,8,inline = 1 AND iv_users = 1 AND simplifycfg = 1,iv_users==1 AND licm==0,3,0.4761904761904762,0.3846153846153846,0.625,64
random_10,100,9,inline = 1 AND iv_users = 1 AND simplifycfg = 1,ipsccp==0 AND iv_users==1 AND print_used_types==1,1,0.32,0.25,0.4444444444444444,64
random_20,200,26,inline = 1 AND iv_users = 1 AND simplifycfg = 1,inline==1 AND iv_users==1 AND simplifycfg==1,0,1.0,1.0,1.0,64
2-wise,14,1,inline = 1 AND iv_users = 1 AND simplifycfg = 1,instcombine==0 AND ipsccp==1 AND licm==0,0,0.0,0.0,0.0,64
3-wise,30,4,inline = 1 AND iv_users = 1 AND simplifycfg = 1,inline==1 AND instcombine==1 AND print_used_types==1,0,0.3636363636363636,0.2857142857142857,0.5,64
4-wise,65,9,inline = 1 AND iv_users = 1 AND simplifycfg = 1,inline==1 AND iv_users==1 AND simplifycfg==1,0,1.0,1.0,1.0,64
full,1024,128,instcombine = 1 AND licm = 1 AND sccp = 1,instcombine==1 AND licm==1 AND sccp==1,0,1.0,1.0,1.0,65
random_2,20,1,instcombine = 1 AND licm = 1 AND sccp = 1,inline==1 AND iv_users==1 AND jump_threading==1,0,0.0,0.0,0.0,65
random_5,50,8,instcombine = 1 AND licm = 1 AND sccp = 1,inline==1 AND ipsccp==0 AND jump_threading==0 AND licm==0,0,0.0,0.0,0.0,65
random_10,100,12,instcombine = 1 AND licm = 1 AND sccp = 1,inline==0 AND instcombine==1 AND ipsccp==1 AND sccp==1,4,0.1818181818181818,0.2,0.1666666666666666,65
random_20,200,30,instcombine = 1 AND licm = 1 AND sccp = 1,instcombine==1 AND iv_users==0 AND sccp==1 AND simplifycfg==1,4,0.4444444444444444,0.6666666666666666,0.3333333333333333,65
2-wise,12,2,instcombine = 1 AND licm = 1 AND sccp = 1,ipsccp==0 AND licm==0 AND simplifycfg==1,0,0.0,0.0,0.0,65
3-wise,27,2,instcombine = 1 AND licm = 1 AND sccp = 1,gvn==1 AND inline==0 AND instcombine==1,0,0.3333333333333333,0.25,0.5,65
4-wise,62,9,instcombine = 1 AND licm = 1 AND sccp = 1,inline==1 AND iv_users==0 AND jump_threading==0,1,0.1333333333333333,0.1666666666666666,0.1111111111111111,65
full,1024,128,inline = 1 AND ipsccp = 1 AND iv_users = 1,instcombine==0 AND iv_users==0 AND print_used_types==1 AND sccp==0,0,0.0,0.0,0.0,66
random_2,20,3,inline = 1 AND ipsccp = 1 AND iv_users = 1,iv_users==1 AND jump_threading==0 AND sccp==1 AND simplifycfg==0,0,0.0,0.0,0.0,66
random_5,50,3,inline = 1 AND ipsccp = 1 AND iv_users = 1,gvn==0 AND licm==1 AND simplifycfg==0,0,0.0,0.0,0.0,66
random_10,100,8,inline = 1 AND ipsccp = 1 AND iv_users = 1,print_used_types==0 AND sccp==0 AND simplifycfg==1,2,0.1111111111111111,0.1,0.125,66
random_20,200,33,inline = 1 AND ipsccp = 1 AND iv_users = 1,inline==0 AND instcombine==0 AND ipsccp==1 AND simplifycfg==0,0,0.0,0.0,0.0,66
2-wise,10,1,inline = 1 AND ipsccp = 1 AND iv_users = 1,gvn==1 AND inline==1,0,0.0,0.0,0.0,66
3-wise,28,2,inline = 1 AND ipsccp = 1 AND iv_users = 1,instcombine==1 AND iv_users==0 AND licm==1,0,0.0,0.0,0.0,66
4-wise,73,10,inline = 1 AND ipsccp = 1 AND iv_users = 1,gvn==1 AND inline==1 AND jump_threading==0 AND licm==1,0,0.125,0.1666666666666666,0.1,66
full,1024,128,licm = 1 AND print_used_types = 1 AND simplifycfg = 1,licm==1 AND print_used_types==1 AND simplifycfg==1,0,1.0,1.0,1.0,67
random_2,20,2,licm = 1 AND print_used_types = 1 AND simplifycfg = 1,gvn==0 AND inline==0 AND print_used_types==0 AND simplifycfg==1,0,0.0,0.0,0.0,67
random_5,50,6,licm = 1 AND print_used_types = 1 AND simplifycfg = 1,ipsccp==0 AND licm==0,0,0.0,0.0,0.0,67
random_10,100,11,licm = 1 AND print_used_types = 1 AND simplifycfg = 1,instcombine==1 AND licm==1,3,0.2068965517241379,0.1666666666666666,0.2727272727272727,67
random_20,200,27,licm = 1 AND print_used_types = 1 AND simplifycfg = 1,licm==1 AND print_used_types==1 AND simplifycfg==1,0,1.0,1.0,1.0,67
2-wise,14,2,licm = 1 AND print_used_types = 1 AND simplifycfg = 1,gvn==1 AND print_used_types==1,4,0.3333333333333333,0.25,0.5,67
3-wise,27,3,licm = 1 AND print_used_types = 1 AND simplifycfg = 1,licm==1 AND simplifycfg==1,4,0.5454545454545454,0.375,1.0,67
4-wise,59,8,licm = 1 AND print_used_types = 1 AND simplifycfg = 1,iv_users==0 AND jump_threading==1 AND print_used_types==1,4,0.3529411764705882,0.3333333333333333,0.375,67
full,1024,128,gvn = 1 AND licm = 1 AND sccp = 1,gvn==0 AND inline==1 AND instcombine==1 AND iv_users==0,0,0.0,0.0,0.0,68
random_2,20,1,gvn = 1 AND licm = 1 AND sccp = 1,licm==0 AND print_used_types==1 AND simplifycfg==0,0,0.0,0.0,0.0,68
random_5,50,6,gvn = 1 AND licm = 1 AND sccp = 1,instcombine==0 AND iv_users==1 AND jump_threading==0 AND print_used_types==1,3,0.1666666666666666,0.1666666666666666,0.1666666666666666,68
random_10,100,10,gvn = 1 AND licm = 1 AND sccp = 1,gvn==0 AND iv_users==1 AND print_used_types==1 AND sccp==0,0,0.0,0.0,0.0,68
random_20,200,27,gvn = 1 AND licm = 1 AND sccp = 1,print_used_types==1 AND sccp==0 AND simplifycfg==0,0,0.0,0.0,0.0,68
3-wise,28,3,gvn = 1 AND licm = 1 AND sccp = 1,ipsccp==1 AND licm==0 AND print_used_types==1,0,0.0,0.0,0.0,68
4-wise,66,9,gvn = 1 AND licm = 1 AND sccp = 1,gvn==0 AND inline==1 AND iv_users==0 AND print_used_types==1,0,0.0,0.0,0.0,68
full,1024,128,gvn = 1 AND instcombine = 1 AND ipsccp = 1,gvn==0 AND inline==1 AND ipsccp==0 AND iv_users==0,0,0.0,0.0,0.0,69
random_2,20,3,gvn = 1 AND instcombine = 1 AND ipsccp = 1,instcombine==0 AND jump_threading==1 AND licm==0,0,0.0,0.0,0.0,69
random_5,50,5,gvn = 1 AND instcombine = 1 AND ipsccp = 1,inline==0 AND iv_users==1 AND licm==1 AND print_used_types==1,0,0.0,0.0,0.0,69
random_10,100,17,gvn = 1 AND instcombine = 1 AND ipsccp = 1,ipsccp==0 AND jump_threading==1 AND sccp==1 AND simplifycfg==0,0,0.0,0.0,0.0,69
random_20,200,29,gvn = 1 AND instcombine = 1 AND ipsccp = 1,gvn==0 AND inline==1 AND ipsccp==0 AND sccp==0,0,0.0,0.0,0.0,69
2-wise,11,1,gvn = 1 AND instcombine = 1 AND ipsccp = 1,inline==1,0,0.0,0.0,0.0,69
3-wise,28,2,gvn = 1 AND instcombine = 1 AND ipsccp = 1,ipsccp==0 AND iv_users==1 AND jump_threading==0,0,0.0,0.0,0.0,69
4-wise,62,5,gvn = 1 AND instcombine = 1 AND ipsccp = 1,gvn==0 AND inline==1 AND iv_users==1 AND sccp==1,0,0.0,0.0,0.0,69
full,1024,128,licm = 1 AND sccp = 1 AND simplifycfg = 1,gvn==0 AND inline==1 AND ipsccp==1 AND jump_threading==1,1,0.0833333333333333,0.125,0.0625,6
random_2,20,1,licm = 1 AND sccp = 1 AND simplifycfg = 1,inline==1 AND jump_threading==0 AND sccp==0,0,0.0,0.0,0.0,6
random_5,50,7,licm = 1 AND sccp = 1 AND simplifycfg = 1,jump_threading==1 AND licm==1 AND print_used_types==1 AND sccp==0,0,0.0,0.0,0.0,6
random_10,100,14,licm = 1 AND sccp = 1 AND simplifycfg = 1,instcombine==0 AND ipsccp==1 AND licm==1,1,0.0689655172413793,0.0666666666666666,0.0714285714285714,6
random_20,200,31,licm = 1 AND sccp = 1 AND simplifycfg = 1,instcombine==1 AND ipsccp==1 AND licm==0 AND print_used_types==1,0,0.0,0.0,0.0,6
3-wise,29,4,licm = 1 AND sccp = 1 AND simplifycfg = 1,gvn==1 AND ipsccp==1 AND licm==0,0,0.0,0.0,0.0,6
4-wise,65,8,licm = 1 AND sccp = 1 AND simplifycfg = 1,gvn==0 AND instcombine==1 AND iv_users==0 AND jump_threading==0,0,0.0,0.0,0.0,6
full,1024,128,inline = 1 AND print_used_types = 1 AND sccp = 1,gvn==0 AND ipsccp==0 AND sccp==0 AND simplifycfg==1,0,0.0,0.0,0.0,70
random_2,20,1,inline = 1 AND print_used_types = 1 AND sccp = 1,instcombine==1 AND jump_threading==0,0,0.0,0.0,0.0,70
random_5,50,6,inline = 1 AND print_used_types = 1 AND sccp = 1,gvn==0 AND jump_threading==0 AND licm==1 AND print_used_types==1,0,0.0,0.0,0.0,70
random_10,100,8,inline = 1 AND print_used_types = 1 AND sccp = 1,ipsccp==0 AND iv_users==1 AND licm==0 AND sccp==0,0,0.0,0.0,0.0,70
random_20,200,29,inline = 1 AND print_used_types = 1 AND sccp = 1,inline==0 AND instcombine==1 AND sccp==1,0,0.0,0.0,0.0,70
2-wise,12,1,inline = 1 AND print_used_types = 1 AND sccp = 1,ipsccp==0 AND licm==0,0,0.0,0.0,0.0,70
3-wise,28,2,inline = 1 AND print_used_types = 1 AND sccp = 1,gvn==0 AND licm==0 AND print_used_types==1,0,0.0,0.0,0.0,70
4-wise,61,9,inline = 1 AND print_used_types = 1 AND sccp = 1,instcombine==1 AND print_used_types==1 AND sccp==0,0,0.0,0.0,0.0,70
full,1024,128,inline = 1 AND instcombine = 1 AND ipsccp = 1,inline==1 AND instcombine==1 AND ipsccp==1,0,1.0,1.0,1.0,71
random_2,20,3,inline = 1 AND instcombine = 1 AND ipsccp = 1,gvn==0 AND iv_users==0 AND print_used_types==0,0,0.0,0.0,0.0,71
random_5,50,7,inline = 1 AND instcombine = 1 AND ipsccp = 1,iv_users==1 AND jump_threading==1 AND licm==1,1,0.1538461538461538,0.1666666666666666,0.1428571428571428,71
random_10,100,13,inline = 1 AND instcombine = 1 AND ipsccp = 1,gvn==0 AND instcombine==0 AND ipsccp==0 AND print_used_types==0,0,0.0,0.0,0.0,71
random_20,200,29,inline = 1 AND instcombine = 1 AND ipsccp = 1,inline==1 AND ipsccp==1 AND licm==1,3,0.5283018867924529,0.5833333333333334,0.4827586206896552,71
2-wise,9,1,inline = 1 AND instcombine = 1 AND ipsccp = 1,jump_threading==0 AND simplifycfg==1,0,0.5,0.3333333333333333,1.0,71
3-wise,30,5,inline = 1 AND instcombine = 1 AND ipsccp = 1,gvn==0 AND inline==1 AND sccp==1,3,0.4000000000000001,0.4,0.4,71
4-wise,63,8,inline = 1 AND instcombine = 1 AND ipsccp = 1,ipsccp==0 AND jump_threading==1 AND print_used_types==0 AND sccp==0,0,0.0,0.0,0.0,71
full,1024,128,iv_users = 1 AND sccp = 1 AND simplifycfg = 1,iv_users==0 AND sccp==0,0,0.0,0.0,0.0,72
random_2,20,3,iv_users = 1 AND sccp = 1 AND simplifycfg = 1,inline==0 AND instcombine==0 AND jump_threading==0 AND print_used_types==0,0,0.0,0.0,0.0,72
random_5,50,6,iv_users = 1 AND sccp = 1 AND simplifycfg = 1,gvn==0 AND licm==0 AND print_used_types==0 AND simplifycfg==1,0,0.0,0.0,0.0,72
random_10,100,16,iv_users = 1 AND sccp = 1 AND simplifycfg = 1,ipsccp==1 AND jump_threading==0 AND licm==1 AND simplifycfg==0,0,0.0,0.0,0.0,72
random_20,200,27,iv_users = 1 AND sccp = 1 AND simplifycfg = 1,gvn==0 AND iv_users==0 AND licm==1,0,0.0,0.0,0.0,72
3-wise,29,4,iv_users = 1 AND sccp = 1 AND simplifycfg = 1,gvn==1 AND licm==0 AND simplifycfg==0,0,0.0,0.0,0.0,72
4-wise,67,12,iv_users = 1 AND sccp = 1 AND simplifycfg = 1,inline==1 AND iv_users==1 AND print_used_types==0,0,0.0,0.0,0.0,72
full,1024,128,iv_users = 1 AND licm = 1 AND sccp = 1,gvn==0 AND ipsccp==0 AND licm==0 AND simplifycfg==1,0,0.0,0.0,0.0,73
random_2,20,1,iv_users = 1 AND licm = 1 AND sccp = 1,instcombine==1 AND iv_users==1 AND simplifycfg==1,0,0.0,0.0,0.0,73
random_5,50,4,iv_users = 1 AND licm = 1 AND sccp = 1,inline==1 AND instcombine==0 AND print_used_types==1 AND sccp==1,4,0.2222222222222222,0.2,0.25,73
random_10,100,12,iv_users = 1 AND licm = 1 AND sccp = 1,instcombine==0 AND jump_threading==0 AND print_used_types==0 AND sccp==0,0,0.0,0.0,0.0,73
random_20,200,19,iv_users = 1 AND licm = 1 AND sccp = 1,inline==1 AND jump_threading==1 AND licm==1 AND simplifycfg==1,1,0.0689655172413793,0.1,0.0526315789473684,73
2-wise,10,2,iv_users = 1 AND licm = 1 AND sccp = 1,instcombine==0 AND simplifycfg==1,0,0.0,0.0,0.0,73
3-wise,28,4,iv_users = 1 AND licm = 1 AND sccp = 1,gvn==1 AND jump_threading==1 AND print_used_types==0,0,0.0,0.0,0.0,73
4-wise,66,4,iv_users = 1 AND licm = 1 AND sccp = 1,inline==0 AND ipsccp==0 AND iv_users==0 AND print_used_types==0,0,0.0,0.0,0.0,73
full,1024,128,inline = 1 AND iv_users = 1 AND print_used_types = 1,inline==1 AND iv_users==1 AND print_used_types==1,0,1.0,1.0,1.0,74
random_2,20,5,inline = 1 AND iv_users = 1 AND print_used_types = 1,ipsccp==1 AND licm==0 AND print_used_types==0,0,0.0,0.0,0.0,74
random_5,50,4,inline = 1 AND iv_users = 1 AND print_used_types = 1,licm==0 AND simplifycfg==1,1,0.2666666666666666,0.1818181818181818,0.5,74
random_10,100,13,inline = 1 AND iv_users = 1 AND print_used_types = 1,gvn==1 AND instcombine==1 AND print_used_types==1 AND sccp==0,4,0.1904761904761905,0.25,0.1538461538461538,74
random_20,200,24,inline = 1 AND iv_users = 1 AND print_used_types = 1,gvn==0 AND inline==1 AND ipsccp==0 AND sccp==0,4,0.2631578947368421,0.3571428571428571,0.2083333333333333,74
2-wise,12,1,inline = 1 AND iv_users = 1 AND print_used_types = 1,inline==0 AND iv_users==0 AND jump_threading==1,0,0.0,0.0,0.0,74
3-wise,32,3,inline = 1 AND iv_users = 1 AND print_used_types = 1,gvn==1 AND iv_users==0 AND sccp==0 AND simplifycfg==1,0,0.0,0.0,0.0,74
4-wise,70,8,inline = 1 AND iv_users = 1 AND print_used_types = 1,ipsccp==1 AND sccp==1 AND simplifycfg==0,3,0.3529411764705882,0.3333333333333333,0.375,74
full,1024,128,gvn = 1 AND iv_users = 1 AND licm = 1,gvn==1 AND iv_users==1 AND licm==1,0,1.0,1.0,1.0,75
random_2,20,3,gvn = 1 AND iv_users = 1 AND licm = 1,ipsccp==0 AND sccp==0 AND simplifycfg==1,0,0.3333333333333333,0.3333333333333333,0.3333333333333333,75
random_5,50,6,gvn = 1 AND iv_users = 1 AND licm = 1,instcombine==1 AND ipsccp==0 AND iv_users==1,0,0.2222222222222222,0.3333333333333333,0.1666666666666666,75
random_10,100,11,gvn = 1 AND iv_users = 1 AND licm = 1,ipsccp==1 AND iv_users==1 AND sccp==1 AND simplifycfg==1,2,0.125,0.2,0.0909090909090909,75
random_20,200,25,gvn = 1 AND iv_users = 1 AND licm = 1,gvn==1 AND iv_users==1 AND sccp==0,0,0.5283018867924528,0.5,0.56,75
2-wise,12,2,gvn = 1 AND iv_users = 1 AND licm = 1,iv_users==0 AND jump_threading==0,0,0.0,0.0,0.0,75
3-wise,28,4,gvn = 1 AND iv_users = 1 AND licm = 1,instcombine==1 AND ipsccp==0 AND simplifycfg==0,0,0.2857142857142857,0.3333333333333333,0.25,75
4-wise,64,9,gvn = 1 AND iv_users = 1 AND licm = 1,gvn==1 AND jump_threading==0 AND simplifycfg==0,4,0.3157894736842105,0.3,0.3333333333333333,75
full,1024,128,gvn = 1 AND licm = 1 AND print_used_types = 1,licm==0,0,0.0,0.0,0.0,76
random_2,20,1,gvn = 1 AND licm = 1 AND print_used_types = 1,licm==1 AND simplifycfg==1,0,0.0,0.0,0.0,76
random_5,50,6,gvn = 1 AND licm = 1 AND print_used_types = 1,gvn==1 AND instcombine==0 AND licm==0,0,0.0,0.0,0.0,76
random_10,100,14,gvn = 1 AND licm = 1 AND print_used_types = 1,gvn==0 AND licm==0,0,0.0,0.0,0.0,76
random_20,200,30,gvn = 1 AND licm = 1 AND print_used_types = 1,instcombine==1 AND licm==0 AND print_used_types==1 AND simplifycfg==1,0,0.0,0.0,0.0,76
2-wise,13,1,gvn = 1 AND licm = 1 AND print_used_types = 1,iv_users==0 AND jump_threading==1,0,0.0,0.0,0.0,76
3-wise,31,3,gvn = 1 AND licm = 1 AND print_used_types = 1,gvn==1 AND licm==0,0,0.0,0.0,0.0,76
4-wise,62,10,gvn = 1 AND licm = 1 AND print_used_types = 1,gvn==0 AND licm==0 AND print_used_types==1,0,0.0,0.0,0.0,76
full,1024,128,gvn = 1 AND inline = 1 AND print_used_types = 1,gvn==1 AND inline==1 AND print_used_types==1,0,1.0,1.0,1.0,77
random_2,20,4,gvn = 1 AND inline = 1 AND print_used_types = 1,inline==0 AND instcombine==0,0,0.0,0.0,0.0,77
random_5,50,8,gvn = 1 AND inline = 1 AND print_used_types = 1,gvn==1 AND instcombine==1 AND iv_users==1,1,0.5,0.5,0.5,77
random_10,100,11,gvn = 1 AND inline = 1 AND print_used_types = 1,gvn==1 AND jump_threading==0 AND licm==1 AND simplifycfg==1,0,0.4545454545454545,0.4545454545454545,0.4545454545454545,77
random_20,200,22,gvn = 1 AND inline = 1 AND print_used_types = 1,gvn==1 AND inline==1 AND print_used_types==1,0,1.0,1.0,1.0,77
2-wise,14,1,gvn = 1 AND inline = 1 AND print_used_types = 1,licm==0,3,0.2857142857142857,0.1666666666666666,1.0,77
3-wise,31,3,gvn = 1 AND inline = 1 AND print_used_types = 1,ipsccp==0 AND licm==0,0,0.2,0.1428571428571428,0.3333333333333333,77
4-wise,64,6,gvn = 1 AND inline = 1 AND print_used_types = 1,gvn==1 AND iv_users==0 AND jump_threading==1,0,0.4285714285714285,0.375,0.5,77
full,1024,128,instcombine = 1 AND licm = 1 AND simplifycfg = 1,instcombine==0 AND ipsccp==1 AND licm==1 AND sccp==0,0,0.0,0.0,0.0,78
random_2,20,2,instcombine = 1 AND licm = 1 AND simplifycfg = 1,instcombine==0 AND simplifycfg==0,0,0.0,0.0,0.0,78
random_5,50,5,instcombine = 1 AND licm = 1 AND simplifycfg = 1,instcombine==0 AND jump_threading==0 AND licm==0 AND sccp==0,0,0.0,0.0,0.0,78
random_10,100,11,instcombine = 1 AND licm = 1 AND simplifycfg = 1,iv_users==0 AND jump_threading==1 AND licm==1 AND print_used_types==0,0,0.0,0.0,0.0,78
random_20,200,24,instcombine = 1 AND licm = 1 AND simplifycfg = 1,inline==1 AND instcombine==0 AND ipsccp==1 AND sccp==0,0,0.0,0.0,0.0,78
2-wise,11,2,instcombine = 1 AND licm = 1 AND simplifycfg = 1,inline==1 AND ipsccp==1,0,0.0,0.0,0.0,78
3-wise,34,7,instcombine = 1 AND licm = 1 AND simplifycfg = 1,gvn==1 AND instcombine==0 AND print_used_types==1,0,0.0,0.0,0.0,78
4-wise,63,8,instcombine = 1 AND licm = 1 AND simplifycfg = 1,instcombine==1 AND ipsccp==0 AND licm==1 AND simplifycfg==0,0,0.0,0.0,0.0,78
full,1024,128,inline = 1 AND ipsccp = 1 AND sccp = 1,inline==1 AND ipsccp==1 AND sccp==1,0,1.0,1.0,1.0,79
random_5,50,5,inline = 1 AND ipsccp = 1 AND sccp = 1,inline==1 AND instcombine==0 AND sccp==1,1,0.8333333333333333,0.7142857142857143,1.0,79
random_10,100,11,inline = 1 AND ipsccp = 1 AND sccp = 1,inline==1 AND ipsccp==1 AND sccp==1,0,1.0,1.0,1.0,79
random_20,200,25,inline = 1 AND ipsccp = 1 AND sccp = 1,inline==1 AND ipsccp==1 AND sccp==1,0,1.0,1.0,1.0,79
2-wise,15,3,inline = 1 AND ipsccp = 1 AND sccp = 1,licm==0 AND print_used_types==0 AND sccp==1,0,0.3333333333333333,0.3333333333333333,0.3333333333333333,79
3-wise,30,4,inline = 1 AND ipsccp = 1 AND sccp = 1,ipsccp==1 AND sccp==1 AND simplifycfg==1,0,0.6666666666666665,0.6,0.75,79
4-wise,69,8,inline = 1 AND ipsccp = 1 AND sccp = 1,inline==1 AND ipsccp==1 AND sccp==1,0,1.0,1.0,1.0,79
full,1024,128,jump_threading = 1 AND licm = 1 AND simplifycfg = 1,jump_threading==1 AND licm==1 AND simplifycfg==1,0,1.0,1.0,1.0,7
random_2,20,2,jump_threading = 1 AND licm = 1 AND simplifycfg = 1,ipsccp==0 AND sccp==1 AND simplifycfg==1,2,0.3333333333333333,0.25,0.5,7
random_5,50,8,jump_threading = 1 AND licm = 1 AND simplifycfg = 1,instcombine==0 AND jump_threading==1 AND licm==1,4,0.823529411764706,0.7777777777777778,0.875,7
random_10,100,11,jump_threading = 1 AND licm = 1 AND simplifycfg = 1,jump_threading==1 AND licm==1 AND simplifycfg==1,0,1.0,1.0,1.0,7
random_20,200,32,jump_threading = 1 AND licm = 1 AND simplifycfg = 1,jump_threading==1 AND licm==1 AND simplifycfg==1,0,1.0,1.0,1.0,7
2-wise,14,2,jump_threading = 1 AND licm = 1 AND simplifycfg = 1,gvn==0 AND simplifycfg==1,0,0.2857142857142857,0.2,0.5,7
3-wise,31,3,jump_threading = 1 AND licm = 1 AND simplifycfg = 1,gvn==0 AND inline==1 AND instcombine==0,3,0.3333333333333333,0.3333333333333333,0.3333333333333333,7
4-wise,62,11,jump_threading = 1 AND licm = 1 AND simplifycfg = 1,jump_threading==1 AND licm==1 AND simplifycfg==1,0,1.0,1.0,1.0,7
full,1024,128,jump_threading = 1 AND licm = 1 AND simplifycfg = 1,jump_threading==1 AND licm==1 AND simplifycfg==1,0,1.0,1.0,1.0,80
random_2,20,4,jump_threading = 1 AND licm = 1 AND simplifycfg = 1,instcombine==1 AND jump_threading==1,2,0.6666666666666665,0.6,0.75,80
random_5,50,4,jump_threading = 1 AND licm = 1 AND simplifycfg = 1,inline==1 AND iv_users==1 AND licm==0,0,0.0,0.0,0.0,80
random_10,100,10,jump_threading = 1 AND licm = 1 AND simplifycfg = 1,jump_threading==1 AND licm==1 AND simplifycfg==1,4,1.0,1.0,1.0,80
random_20,200,27,jump_threading = 1 AND licm = 1 AND simplifycfg = 1,jump_threading==1 AND licm==1 AND simplifycfg==1,0,1.0,1.0,1.0,80
2-wise,11,1,jump_threading = 1 AND licm = 1 AND simplifycfg = 1,instcombine==1 AND simplifycfg==0,0,0.0,0.0,0.0,80
3-wise,29,4,jump_threading = 1 AND licm = 1 AND simplifycfg = 1,ipsccp==0 AND sccp==1,0,0.0,0.0,0.0,80
4-wise,64,9,jump_threading = 1 AND licm = 1 AND simplifycfg = 1,instcombine==0 AND licm==1 AND simplifycfg==1,3,0.631578947368421,0.6,0.6666666666666666,80
full,1024,128,ipsccp = 1 AND print_used_types = 1 AND simplifycfg = 1,ipsccp==0 AND licm==0 AND print_used_types==0 AND simplifycfg==1,0,0.0,0.0,0.0,81
random_2,20,5,ipsccp = 1 AND print_used_types = 1 AND simplifycfg = 1,gvn==0 AND ipsccp==0 AND iv_users==1,0,0.0,0.0,0.0,81
random_5,50,4,ipsccp = 1 AND print_used_types = 1 AND simplifycfg = 1,gvn==0 AND instcombine==1 AND iv_users==0 AND sccp==0,0,0.0,0.0,0.0,81
random_10,100,13,ipsccp = 1 AND print_used_types = 1 AND simplifycfg = 1,instcombine==0 AND ipsccp==0 AND print_used_types==0,0,0.0,0.0,0.0,81
random_20,200,20,ipsccp = 1 AND print_used_types = 1 AND simplifycfg = 1,gvn==0 AND ipsccp==1 AND print_used_types==0 AND simplifycfg==0,0,0.0,0.0,0.0,81
2-wise,13,1,ipsccp = 1 AND print_used_types = 1 AND simplifycfg = 1,ipsccp==1 AND jump_threading==0 AND licm==1,4,0.4,0.25,1.0,81
3-wise,29,3,ipsccp = 1 AND print_used_types = 1 AND simplifycfg = 1,ipsccp==1 AND iv_users==1 AND jump_threading==0,0,0.0,0.0,0.0,81
4-wise,67,7,ipsccp = 1 AND print_used_types = 1 AND simplifycfg = 1,gvn==0 AND iv_users==0 AND print_used_types==0 AND simplifycfg==1,0,0.0,0.0,0.0,81
full,1024,128,gvn = 1 AND inline = 1 AND iv_users = 1,gvn==1 AND inline==1 AND iv_users==1,0,1.0,1.0,1.0,82
random_2,20,3,gvn = 1 AND inline = 1 AND iv_users = 1,gvn==1 AND inline==1 AND jump_threading==1,1,1.0,1.0,1.0,82
random_5,50,7,gvn = 1 AND inline = 1 AND iv_users = 1,gvn==1 AND inline==1 AND iv_users==1,0,1.0,1.0,1.0,82
random_10,100,13,gvn = 1 AND inline = 1 AND iv_users = 1,gvn==1 AND inline==1 AND iv_users==1,0,1.0,1.0,1.0,82
random_20,200,20,gvn = 1 AND inline = 1 AND iv_users = 1,gvn==1 AND inline==1 AND iv_users==1,0,1.0,1.0,1.0,82
2-wise,13,2,gvn = 1 AND inline = 1 AND iv_users = 1,instcombine==1 AND print_used_types==0,0,0.8,0.6666666666666666,1.0,82
3-wise,29,4,gvn = 1 AND inline = 1 AND iv_users = 1,inline==1 AND print_used_types==0,3,0.6153846153846153,0.4444444444444444,1.0,82
4-wise,63,8,gvn = 1 AND inline = 1 AND iv_users = 1,gvn==1 AND inline==1 AND iv_users==1,0,1.0,1.0,1.0,82
full,1024,128,inline = 1 AND ipsccp = 1 AND jump_threading = 1,inline==1 AND ipsccp==1 AND jump_threading==1,0,1.0,1.0,1.0,83
random_2,20,1,inline = 1 AND ipsccp = 1 AND jump_threading = 1,iv_users==1 AND print_used_types==0 AND sccp==0,0,0.5,0.3333333333333333,1.0,83
random_5,50,7,inline = 1 AND ipsccp = 1 AND jump_threading = 1,inline==1 AND ipsccp==1 AND jump_threading==1,1,1.0,1.0,1.0,83
random_10,100,9,inline = 1 AND ipsccp = 1 AND jump_threading = 1,inline==1 AND ipsccp==1 AND jump_threading==1,0,1.0,1.0,1.0,83
random_20,200,26,inline = 1 AND ipsccp = 1 AND jump_threading = 1,inline==1 AND ipsccp==1 AND jump_threading==1,0,1.0,1.0,1.0,83
2-wise,13,3,inline = 1 AND ipsccp = 1 AND jump_threading = 1,gvn==0 AND ipsccp==1,0,0.8571428571428571,0.75,1.0,83
3-wise,32,2,inline = 1 AND ipsccp = 1 AND jump_threading = 1,inline==1 AND instcombine==1 AND jump_threading==1 AND licm==0,2,0.6666666666666666,0.5,1.0,83
4-wise,63,7,inline = 1 AND ipsccp = 1 AND jump_threading = 1,inline==1 AND ipsccp==1 AND jump_threading==1,2,1.0,1.0,1.0,83
full,1024,128,instcombine = 1 AND iv_users = 1 AND jump_threading = 1,inline==1 AND instcombine==0 AND iv_users==1 AND simplifycfg==1,0,0.0,0.0,0.0,84
random_2,20,3,instcombine = 1 AND iv_users = 1 AND jump_threading = 1,instcombine==1 AND licm==1 AND sccp==1,0,0.0,0.0,0.0,84
random_5,50,5,instcombine = 1 AND iv_users = 1 AND jump_threading = 1,inline==1 AND print_used_types==0 AND simplifycfg==1,0,0.0,0.0,0.0,84
random_10,100,8,instcombine = 1 AND iv_users = 1 AND jump_threading = 1,ipsccp==0 AND jump_threading==1 AND print_used_types==0,0,0.0,0.0,0.0,84
random_20,200,18,instcombine = 1 AND iv_users = 1 AND jump_threading = 1,inline==0 AND instcombine==0 AND simplifycfg==0,0,0.0,0.0,0.0,84
2-wise,13,2,instcombine = 1 AND iv_users = 1 AND jump_threading = 1,iv_users==0 AND simplifycfg==0,0,0.0,0.0,0.0,84
3-wise,30,3,instcombine = 1 AND iv_users = 1 AND jump_threading = 1,iv_users==0 AND jump_threading==0 AND licm==1,0,0.0,0.0,0.0,84
4-wise,64,8,instcombine = 1 AND iv_users = 1 AND jump_threading = 1,gvn==0 AND ipsccp==1 AND print_used_types==0 AND sccp==1,0,0.0,0.0,0.0,84
full,1024,128,iv_users = 1 AND sccp = 1 AND simplifycfg = 1,gvn==1 AND jump_threading==1 AND sccp==0 AND simplifycfg==1,0,0.0,0.0,0.0,85
random_2,20,5,iv_users = 1 AND sccp = 1 AND simplifycfg = 1,gvn==1 AND iv_users==0 AND print_used_types==0,0,0.0,0.0,0.0,85
random_5,50,6,iv_users = 1 AND sccp = 1 AND simplifycfg = 1,jump_threading==0 AND licm==0 AND sccp==0 AND simplifycfg==1,0,0.0,0.0,0.0,85
random_10,100,10,iv_users = 1 AND sccp = 1 AND simplifycfg = 1,inline==0 AND instcombine==0 AND jump_threading==0 AND simplifycfg==0,0,0.0,0.0,0.0,85
random_20,200,21,iv_users = 1 AND sccp = 1 AND simplifycfg = 1,gvn==1 AND instcombine==1 AND ipsccp==0 AND licm==0,1,0.0606060606060606,0.0833333333333333,0.0476190476190476,85
2-wise,13,2,iv_users = 1 AND sccp = 1 AND simplifycfg = 1,ipsccp==0 AND licm==0,0,0.0,0.0,0.0,85
3-wise,28,3,iv_users = 1 AND sccp = 1 AND simplifycfg = 1,licm==1 AND print_used_types==0 AND sccp==0 AND simplifycfg==1,0,0.0,0.0,0.0,85
4-wise,61,6,iv_users = 1 AND sccp = 1 AND simplifycfg = 1,jump_threading==0 AND licm==1 AND sccp==0 AND simplifycfg==0,0,0.0,0.0,0.0,85
full,1024,128,gvn = 1 AND inline = 1 AND ipsccp = 1,inline==0 AND instcombine==0 AND jump_threading==0 AND sccp==1,0,0.0,0.0,0.0,86
random_2,20,1,gvn = 1 AND inline = 1 AND ipsccp = 1,gvn==0 AND iv_users==0 AND sccp==0 AND simplifycfg==1,0,0.0,0.0,0.0,86
random_5,50,7,gvn = 1 AND inline = 1 AND ipsccp = 1,licm==0 AND print_used_types==1,0,0.1052631578947368,0.0833333333333333,0.1428571428571428,86
random_10,100,13,gvn = 1 AND inline = 1 AND ipsccp = 1,inline==0 AND ipsccp==1 AND iv_users==1 AND simplifycfg==0,0,0.0,0.0,0.0,86
random_20,200,27,gvn = 1 AND inline = 1 AND ipsccp = 1,inline==0 AND instcombine==1 AND iv_users==0 AND print_used_types==0,0,0.0,0.0,0.0,86
2-wise,11,1,gvn = 1 AND inline = 1 AND ipsccp = 1,ipsccp==0 AND jump_threading==1 AND sccp==1,0,0.0,0.0,0.0,86
3-wise,31,6,gvn = 1 AND inline = 1 AND ipsccp = 1,inline==0 AND instcombine==0 AND simplifycfg==0,0,0.0,0.0,0.0,86
4-wise,67,8,gvn = 1 AND inline = 1 AND ipsccp = 1,ipsccp==1 AND iv_users==1 AND print_used_types==1 AND simplifycfg==1,0,0.0,0.0,0.0,86
full,1024,128,inline = 1 AND licm = 1 AND print_used_types = 1,print_used_types==0,0,0.0,0.0,0.0,87
random_2,20,2,inline = 1 AND licm = 1 AND print_used_types = 1,jump_threading==1 AND licm==0 AND print_used_types==1,0,0.0,0.0,0.0,87
random_5,50,6,inline = 1 AND licm = 1 AND print_used_types = 1,ipsccp==1 AND jump_threading==1 AND simplifycfg==1,0,0.0,0.0,0.0,87
random_10,100,13,inline = 1 AND licm = 1 AND print_used_types = 1,gvn==1 AND inline==0 AND instcombine==0,0,0.0,0.0,0.0,87
random_20,200,28,inline = 1 AND licm = 1 AND print_used_types = 1,inline==0 AND ipsccp==1 AND jump_threading==0,0,0.0,0.0,0.0,87
2-wise,11,1,inline = 1 AND licm = 1 AND print_used_types = 1,instcombine==0 AND ipsccp==0 AND jump_threading==1,0,0.0,0.0,0.0,87
3-wise,27,2,inline = 1 AND licm = 1 AND print_used_types = 1,gvn==1 AND inline==0 AND ipsccp==0 AND licm==1,0,0.0,0.0,0.0,87
4-wise,66,10,inline = 1 AND licm = 1 AND print_used_types = 1,inline==0 AND instcombine==1 AND licm==0,0,0.0,0.0,0.0,87
full,1024,128,inline = 1 AND licm = 1 AND print_used_types = 1,inline==1 AND licm==1 AND print_used_types==1,0,1.0,1.0,1.0,88
random_2,20,6,inline = 1 AND licm = 1 AND print_used_types = 1,inline==1 AND licm==1 AND print_used_types==1,0,1.0,1.0,1.0,88
random_5,50,5,inline = 1 AND licm = 1 AND print_used_types = 1,inline==1 AND licm==1 AND print_used_types==1,0,1.0,1.0,1.0,88
random_10,100,9,inline = 1 AND licm = 1 AND print_used_types = 1,inline==1 AND licm==1 AND print_used_types==1,0,1.0,1.0,1.0,88
random_20,200,22,inline = 1 AND licm = 1 AND print_used_types = 1,inline==1 AND licm==1 AND print_used_types==1,1,1.0,1.0,1.0,88
2-wise,12,1,inline = 1 AND licm = 1 AND print_used_types = 1,gvn==0 AND sccp==0,2,0.5,0.3333333333333333,1.0,88
3-wise,27,2,inline = 1 AND licm = 1 AND print_used_types = 1,gvn==0 AND instcombine==0 AND jump_threading==1 AND sccp==0,0,0.4,0.3333333333333333,0.5,88
4-wise,66,10,inline = 1 AND licm = 1 AND print_used_types = 1,inline==1 AND licm==1 AND print_used_types==1,4,1.0,1.0,1.0,88
full,1024,128,gvn = 1 AND instcombine = 1 AND simplifycfg = 1,gvn==1 AND instcombine==1 AND simplifycfg==1,0,1.0,1.0,1.0,89
random_5,50,4,gvn = 1 AND instcombine = 1 AND simplifycfg = 1,gvn==1 AND licm==0 AND simplifycfg==1,0,0.888888888888889,0.8,1.0,89
random_10,100,15,gvn = 1 AND instcombine = 1 AND simplifycfg = 1,gvn==1 AND instcombine==1 AND simplifycfg==1,1,1.0,1.0,1.0,89
random_20,200,24,gvn = 1 AND instcombine = 1 AND simplifycfg = 1,gvn==1 AND instcombine==1 AND simplifycfg==1,0,1.0,1.0,1.0,89
3-wise,26,3,gvn = 1 AND instcombine = 1 AND simplifycfg = 1,iv_users==0 AND licm==1 AND print_used_types==1 AND simplifycfg==1,3,0.4,0.5,0.3333333333333333,89
4-wise,68,11,gvn = 1 AND instcombine = 1 AND simplifycfg = 1,gvn==1 AND instcombine==1 AND simplifycfg==1,1,1.0,1.0,1.0,89
full,1024,128,iv_users = 1 AND jump_threading = 1 AND print_used_types = 1,gvn==0 AND inline==1 AND ipsccp==0 AND sccp==0,1,0.0833333333333333,0.125,0.0625,8
random_2,20,3,iv_users = 1 AND jump_threading = 1 AND print_used_types = 1,instcombine==1 AND licm==1 AND sccp==1,0,0.0,0.0,0.0,8
random_5,50,3,iv_users = 1 AND jump_threading = 1 AND print_used_types = 1,gvn==1 AND inline==0 AND iv_users==0 AND simplifycfg==0,0,0.0,0.0,0.0,8
random_10,100,12,iv_users = 1 AND jump_threading = 1 AND print_used_types = 1,inline==1 AND instcombine==1 AND print_used_types==0 AND simplifycfg==1,0,0.0,0.0,0.0,8
random_20,200,28,iv_users = 1 AND jump_threading = 1 AND print_used_types = 1,inline==0 AND licm==0 AND print_used_types==0,0,0.0,0.0,0.0,8
2-wise,12,1,iv_users = 1 AND jump_threading = 1 AND print_used_types = 1,ipsccp==1 AND sccp==0 AND simplifycfg==1,0,0.0,0.0,0.0,8
3-wise,32,3,iv_users = 1 AND jump_threading = 1 AND print_used_types = 1,gvn==1 AND instcombine==0 AND licm==1,0,0.0,0.0,0.0,8
4-wise,62,10,iv_users = 1 AND jump_threading = 1 AND print_used_types = 1,instcombine==1 AND ipsccp==1 AND iv_users==1 AND licm==1,3,0.1176470588235294,0.1428571428571428,0.1,8
full,1024,128,instcombine = 1 AND ipsccp = 1 AND iv_users = 1,iv_users==0,0,0.0,0.0,0.0,90
random_5,50,7,instcombine = 1 AND ipsccp = 1 AND iv_users = 1,inline==1 AND ipsccp==0 AND licm==1 AND sccp==0,0,0.0,0.0,0.0,90
random_10,100,12,instcombine = 1 AND ipsccp = 1 AND iv_users = 1,gvn==1 AND ipsccp==1 AND iv_users==0 AND jump_threading==1,0,0.0,0.0,0.0,90
random_20,200,17,instcombine = 1 AND ipsccp = 1 AND iv_users = 1,ipsccp==0 AND iv_users==0 AND jump_threading==1 AND simplifycfg==0,0,0.0,0.0,0.0,90
2-wise,11,2,instcombine = 1 AND ipsccp = 1 AND iv_users = 1,jump_threading==1 AND simplifycfg==1,0,0.0,0.0,0.0,90
3-wise,29,3,instcombine = 1 AND ipsccp = 1 AND iv_users = 1,gvn==0 AND jump_threading==0 AND sccp==0,0,0.0,0.0,0.0,90
4-wise,63,6,instcombine = 1 AND ipsccp = 1 AND iv_users = 1,ipsccp==0 AND print_used_types==1 AND sccp==0,0,0.0,0.0,0.0,90
full,1024,128,iv_users = 1 AND print_used_types = 1 AND simplifycfg = 1,gvn==0 AND jump_threading==0 AND licm==1 AND print_used_types==1,3,0.1666666666666666,0.25,0.125,91
random_2,20,4,iv_users = 1 AND print_used_types = 1 AND simplifycfg = 1,gvn==1 AND iv_users==0 AND sccp==0,0,0.0,0.0,0.0,91
random_5,50,5,iv_users = 1 AND print_used_types = 1 AND simplifycfg = 1,ipsccp==0 AND licm==0 AND print_used_types==0 AND simplifycfg==0,0,0.0,0.0,0.0,91
random_10,100,16,iv_users = 1 AND print_used_types = 1 AND simplifycfg = 1,inline==0 AND ipsccp==1 AND print_used_types==1 AND sccp==1,2,0.0909090909090909,0.1666666666666666,0.0625,91
random_20,200,26,iv_users = 1 AND print_used_types = 1 AND simplifycfg = 1,gvn==1 AND inline==1 AND jump_threading==0 AND print_used_types==0,0,0.0,0.0,0.0,91
2-wise,12,2,iv_users = 1 AND print_used_types = 1 AND simplifycfg = 1,iv_users==0 AND jump_threading==0 AND simplifycfg==1,0,0.0,0.0,0.0,91
3-wise,33,7,iv_users = 1 AND print_used_types = 1 AND simplifycfg = 1,inline==1 AND licm==1 AND print_used_types==0,0,0.0,0.0,0.0,91
4-wise,63,7,iv_users = 1 AND print_used_types = 1 AND simplifycfg = 1,instcombine==0 AND jump_threading==1,4,0.0909090909090909,0.0666666666666666,0.1428571428571428,91
full,1024,128,inline = 1 AND instcombine = 1 AND print_used_types = 1,instcombine==0 AND ipsccp==0,0,0.0,0.0,0.0,92
random_2,20,3,inline = 1 AND instcombine = 1 AND print_used_types = 1,instcombine==1 AND jump_threading==1 AND sccp==1 AND simplifycfg==0,0,0.0,0.0,0.0,92
random_5,50,3,inline = 1 AND instcombine = 1 AND print_used_types = 1,gvn==1 AND inline==0 AND iv_users==0 AND print_used_types==1,0,0.0,0.0,0.0,92
random_10,100,12,inline = 1 AND instcombine = 1 AND print_used_types = 1,gvn==1 AND inline==1 AND instcombine==1 AND print_used_types==0,0,0.0,0.0,0.0,92
random_20,200,22,inline = 1 AND instcombine = 1 AND print_used_types = 1,inline==1 AND licm==1 AND print_used_types==0,0,0.0,0.0,0.0,92
2-wise,13,1,inline = 1 AND instcombine = 1 AND print_used_types = 1,print_used_types==1 AND simplifycfg==0,0,0.0,0.0,0.0,92
3-wise,30,4,inline = 1 AND instcombine = 1 AND print_used_types = 1,ipsccp==0 AND jump_threading==0 AND print_used_types==0 AND sccp==1,0,0.0,0.0,0.0,92
4-wise,68,11,inline = 1 AND instcombine = 1 AND print_used_types = 1,instcombine==0 AND ipsccp==0 AND simplifycfg==1,0,0.0,0.0,0.0,92
full,1024,128,instcombine = 1 AND ipsccp = 1 AND print_used_types = 1,print_used_types==0 AND sccp==0 AND simplifycfg==0,0,0.0,0.0,0.0,93
random_2,20,4,instcombine = 1 AND ipsccp = 1 AND print_used_types = 1,gvn==0 AND jump_threading==0,0,0.0,0.0,0.0,93
random_5,50,4,instcombine = 1 AND ipsccp = 1 AND print_used_types = 1,iv_users==0 AND print_used_types==0 AND simplifycfg==1,0,0.0,0.0,0.0,93
random_10,100,12,instcombine = 1 AND ipsccp = 1 AND print_used_types = 1,iv_users==0 AND licm==1 AND print_used_types==0 AND simplifycfg==1,0,0.0,0.0,0.0,93
random_20,200,22,instcombine = 1 AND ipsccp = 1 AND print_used_types = 1,instcombine==0 AND ipsccp==1 AND jump_threading==0 AND simplifycfg==1,0,0.0,0.0,0.0,93
3-wise,28,4,instcombine = 1 AND ipsccp = 1 AND print_used_types = 1,inline==0 AND jump_threading==0 AND licm==0,0,0.0,0.0,0.0,93
4-wise,65,5,instcombine = 1 AND ipsccp = 1 AND print_used_types = 1,inline==1 AND ipsccp==1 AND licm==0 AND sccp==1,0,0.0,0.0,0.0,93
full,1024,128,gvn = 1 AND ipsccp = 1 AND licm = 1,inline==0 AND instcombine==0 AND jump_threading==1 AND print_used_types==1,1,0.0833333333333333,0.125,0.0625,94
random_2,20,4,gvn = 1 AND ipsccp = 1 AND licm = 1,gvn==0 AND instcombine==1 AND sccp==0,0,0.0,0.0,0.0,94
random_5,50,6,gvn = 1 AND ipsccp = 1 AND licm = 1,inline==1 AND jump_threading==0 AND print_used_types==1,4,0.2666666666666666,0.2222222222222222,0.3333333333333333,94
random_10,100,14,gvn = 1 AND ipsccp = 1 AND licm = 1,gvn==0 AND jump_threading==1 AND print_used_types==0 AND simplifycfg==1,0,0.0,0.0,0.0,94
random_20,200,41,gvn = 1 AND ipsccp = 1 AND licm = 1,ipsccp==0 AND licm==0 AND print_used_types==1 AND simplifycfg==0,0,0.0,0.0,0.0,94
2-wise,11,1,gvn = 1 AND ipsccp = 1 AND licm = 1,inline==0 AND ipsccp==1 AND licm==0,0,0.0,0.0,0.0,94
3-wise,29,2,gvn = 1 AND ipsccp = 1 AND licm = 1,iv_users==0 AND print_used_types==0 AND sccp==1,0,0.0,0.0,0.0,94
4-wise,67,9,gvn = 1 AND ipsccp = 1 AND licm = 1,gvn==1 AND ipsccp==0 AND simplifycfg==1,0,0.0,0.0,0.0,94
full,1024,128,iv_users = 1 AND jump_threading = 1 AND licm = 1,instcombine==1 AND ipsccp==1 AND licm==0 AND print_used_types==1,0,0.0,0.0,0.0,95
random_2,20,2,iv_users = 1 AND jump_threading = 1 AND licm = 1,ipsccp==1 AND simplifycfg==1,0,0.0,0.0,0.0,95
random_5,50,5,iv_users = 1 AND jump_threading = 1 AND licm = 1,instcombine==1 AND ipsccp==1 AND sccp==1,0,0.0,0.0,0.0,95
random_10,100,13,iv_users = 1 AND jump_threading = 1 AND licm = 1,gvn==1 AND iv_users==0 AND sccp==0 AND simplifycfg==1,0,0.0,0.0,0.0,95
random_20,200,26,iv_users = 1 AND jump_threading = 1 AND licm = 1,gvn==0 AND ipsccp==1 AND iv_users==0 AND licm==0,0,0.0,0.0,0.0,95
2-wise,11,1,iv_users = 1 AND jump_threading = 1 AND licm = 1,gvn==0 AND inline==1,0,0.0,0.0,0.0,95
3-wise,32,3,iv_users = 1 AND jump_threading = 1 AND licm = 1,iv_users==1 AND licm==0 AND sccp==1,0,0.0,0.0,0.0,95
4-wise,63,6,iv_users = 1 AND jump_threading = 1 AND licm = 1,gvn==1 AND instcombine==0 AND jump_threading==0,0,0.0,0.0,0.0,95
full,1024,128,gvn = 1 AND licm = 1 AND simplifycfg = 1,inline==1 AND instcombine==1 AND sccp==1 AND simplifycfg==0,0,0.0,0.0,0.0,96
random_2,20,4,gvn = 1 AND licm = 1 AND simplifycfg = 1,gvn==1 AND instcombine==0 AND iv_users==0,0,0.0,0.0,0.0,96
random_5,50,6,gvn = 1 AND licm = 1 AND simplifycfg = 1,jump_threading==0 AND licm==0 AND print_used_types==1 AND sccp==1,0,0.0,0.0,0.0,96
random_10,100,20,gvn = 1 AND licm = 1 AND simplifycfg = 1,ipsccp==0 AND iv_users==0 AND print_used_types==1,2,0.125,0.1666666666666666,0.1,96
random_20,200,26,gvn = 1 AND licm = 1 AND simplifycfg = 1,gvn==0 AND instcombine==0 AND ipsccp==0 AND iv_users==1,0,0.0,0.0,0.0,96
2-wise,12,2,gvn = 1 AND licm = 1 AND simplifycfg = 1,inline==1 AND ipsccp==1,0,0.0,0.0,0.0,96
3-wise,28,4,gvn = 1 AND licm = 1 AND simplifycfg = 1,gvn==0 AND inline==0 AND instcombine==0 AND sccp==0,0,0.0,0.0,0.0,96
4-wise,73,9,gvn = 1 AND licm = 1 AND simplifycfg = 1,ipsccp==0 AND licm==1 AND sccp==1 AND simplifycfg==0,0,0.0,0.0,0.0,96
full,1024,128,ipsccp = 1 AND print_used_types = 1 AND simplifycfg = 1,ipsccp==1 AND print_used_types==1 AND simplifycfg==1,0,1.0,1.0,1.0,97
random_2,20,1,ipsccp = 1 AND print_used_types = 1 AND simplifycfg = 1,inline==1 AND ipsccp==0 AND iv_users==1,0,0.0,0.0,0.0,97
random_5,50,6,ipsccp = 1 AND print_used_types = 1 AND simplifycfg = 1,inline==0 AND jump_threading==0 AND licm==0 AND print_used_types==0,0,0.0,0.0,0.0,97
random_10,100,10,ipsccp = 1 AND print_used_types = 1 AND simplifycfg = 1,gvn==0 AND ipsccp==1 AND jump_threading==1,1,0.0952380952380952,0.0909090909090909,0.1,97
random_20,200,25,ipsccp = 1 AND print_used_types = 1 AND simplifycfg = 1,inline==1 AND instcombine==1 AND sccp==0 AND simplifycfg==1,3,0.0571428571428571,0.1,0.04,97
2-wise,13,2,ipsccp = 1 AND print_used_types = 1 AND simplifycfg = 1,gvn==0 AND ipsccp==0,0,0.0,0.0,0.0,97
3-wise,28,5,ipsccp = 1 AND print_used_types = 1 AND simplifycfg = 1,jump_threading==1 AND sccp==1,2,0.3333333333333333,0.2857142857142857,0.4,97
4-wise,65,6,ipsccp = 1 AND print_used_types = 1 AND simplifycfg = 1,inline==0 AND instcombine==1 AND licm==0,1,0.1428571428571428,0.125,0.1666666666666666,97
full,1024,128,jump_threading = 1 AND print_used_types = 1 AND simplifycfg = 1,instcombine==0 AND print_used_types==0,0,0.0,0.0,0.0,98
random_2,20,1,jump_threading = 1 AND print_used_types = 1 AND simplifycfg = 1,gvn==0 AND instcombine==1 AND print_used_types==0,0,0.0,0.0,0.0,98
random_5,50,6,jump_threading = 1 AND print_used_types = 1 AND simplifycfg = 1,gvn==1 AND instcombine==0 AND sccp==0 AND simplifycfg==0,0,0.0,0.0,0.0,98
random_10,100,10,jump_threading = 1 AND print_used_types = 1 AND simplifycfg = 1,instcombine==0 AND ipsccp==0 AND print_used_types==0,0,0.0,0.0,0.0,98
random_20,200,19,jump_threading = 1 AND print_used_types = 1 AND simplifycfg = 1,gvn==0 AND inline==1 AND ipsccp==0,4,0.0851063829787234,0.0714285714285714,0.1052631578947368,98
3-wise,31,4,jump_threading = 1 AND print_used_types = 1 AND simplifycfg = 1,inline==1 AND instcombine==0 AND iv_users==0,0,0.0,0.0,0.0,98
4-wise,59,7,jump_threading = 1 AND print_used_types = 1 AND simplifycfg = 1,gvn==1 AND ipsccp==0 AND iv_users==0 AND print_used_types==0,0,0.0,0.0,0.0,98
full,1024,128,inline = 1 AND jump_threading = 1 AND licm = 1,instcombine==0 AND sccp==0 AND simplifycfg==1,2,0.125,0.125,0.125,99
random_5,50,6,inline = 1 AND jump_threading = 1 AND licm = 1,iv_users==1 AND sccp==1 AND simplifycfg==0,0,0.0,0.0,0.0,99
random_10,100,9,inline = 1 AND jump_threading = 1 AND licm = 1,gvn==1 AND inline==1 AND instcombine==1 AND iv_users==1,4,0.2105263157894737,0.2,0.2222222222222222,99
random_20,200,27,inline = 1 AND jump_threading = 1 AND licm = 1,gvn==1 AND instcombine==1 AND iv_users==1 AND print_used_types==1,2,0.1052631578947368,0.1818181818181818,0.074074074074074,99
2-wise,12,1,inline = 1 AND jump_threading = 1 AND licm = 1,instcombine==1 AND print_used_types==1,0,0.0,0.0,0.0,99
3-wise,28,4,inline = 1 AND jump_threading = 1 AND licm = 1,gvn==1 AND print_used_types==0 AND sccp==0,0,0.0,0.0,0.0,99
4-wise,67,5,inline = 1 AND jump_threading = 1 AND licm = 1,gvn==0 AND iv_users==1,1,0.1739130434782609,0.1111111111111111,0.4,99
full,1024,128,iv_users = 1 AND licm = 1 AND print_used_types = 1,iv_users==0 AND simplifycfg==1,0,0.0,0.0,0.0,9
random_2,20,3,iv_users = 1 AND licm = 1 AND print_used_types = 1,iv_users==1 AND licm==0,0,0.0,0.0,0.0,9
random_5,50,8,iv_users = 1 AND licm = 1 AND print_used_types = 1,gvn==0 AND sccp==1,0,0.0,0.0,0.0,9
random_10,100,11,iv_users = 1 AND licm = 1 AND print_used_types = 1,inline==0 AND jump_threading==0 AND licm==0 AND print_used_types==0,0,0.0,0.0,0.0,9
random_20,200,30,iv_users = 1 AND licm = 1 AND print_used_types = 1,inline==0 AND iv_users==0 AND jump_threading==0 AND licm==1,0,0.0,0.0,0.0,9
2-wise,11,2,iv_users = 1 AND licm = 1 AND print_used_types = 1,instcombine==0 AND sccp==1 AND simplifycfg==0,0,0.0,0.0,0.0,9
3-wise,27,4,iv_users = 1 AND licm = 1 AND print_used_types = 1,instcombine==1 AND ipsccp==0 AND sccp==0,0,0.0,0.0,0.0,9
4-wise,70,13,iv_users = 1 AND licm = 1 AND print_used_types = 1,inline==1 AND licm==0 AND sccp==1,0,0.0,0.0,0.0,9
