sampling_strategy,sample_size,sg_cardinality,sg_rule,best_rule,best_rule_idx,f1,precision,recall,seed
full,216000,27000,good = 1 AND AutoAltRef = 1 AND FrameBoost = 1,realtime==1,0,0.0,0.0,0.0,0
random_2,34,5,realtime = 1 AND lossless = 1 AND FrameBoost = 1,good==1 AND realtime==0 AND complexity==1,0,0.0,0.0,0.0,0
random_5,85,9,good = 1 AND AutoAltRef = 1 AND FrameBoost = 1,cpuUsed==8 AND complexity==0 AND cyclicRefresh==0 AND constrainedQuality==0,2,0.2352941176470588,0.25,0.2222222222222222,0
random_10,170,16,good = 1 AND AutoAltRef = 1 AND FrameBoost = 1,FrameBoost==0 AND bitRate==1500 AND TileColumns==6 AND complexity==0,0,0.0,0.0,0.0,0
random_20,340,31,realtime = 1 AND lossless = 1 AND FrameBoost = 1,Threads==2 AND AutoAltRef==1 AND off==0 AND complexity==0,3,0.0851063829787234,0.125,0.064516129032258,0
2-wise,52,5,realtime = 1 AND AutoAltRef = 1 AND lossless = 1,lossless==0 AND AutoAltRef==0 AND off==0 AND constantBitrate==0,0,0.0,0.0,0.0,0
3-wise,242,33,AutoAltRef = 1 AND lossless = 1 AND FrameBoost = 1,lagInFrames==0 AND AutoAltRef==0 AND variance==0 AND complexity==0,0,0.0,0.0,0.0,0
4-wise,947,119,good = 1 AND lossless = 1 AND FrameBoost = 1,lossless==1 AND FrameBoost==1 AND realtime==0,0,1.0,1.0,1.0,0
full,216000,27000,realtime = 1 AND AutoAltRef = 1 AND lossless = 1,lossless==1 AND realtime==1 AND AutoAltRef==1,0,1.0,1.0,1.0,10
random_2,34,4,realtime = 1 AND AutoAltRef = 1 AND lossless = 1,realtime==0 AND variance==0 AND complexity==0,0,0.0,0.0,0.0,10
random_5,85,9,realtime = 1 AND AutoAltRef = 1 AND lossless = 1,lossless==0 AND FrameBoost==1 AND realtime==1 AND variableBitrate==0,0,0.0,0.0,0.0,10
random_10,170,19,realtime = 1 AND AutoAltRef = 1 AND lossless = 1,Threads==10 AND off==0 AND variance==0 AND constantBitrate==0,1,0.1290322580645161,0.1666666666666666,0.1052631578947368,10
random_20,340,32,realtime = 1 AND AutoAltRef = 1 AND lossless = 1,lossless==1 AND cpuUsed==0 AND complexity==0 AND constrainedQuality==0,4,0.2352941176470588,0.3157894736842105,0.1875,10
2-wise,51,3,realtime = 1 AND AutoAltRef = 1 AND lossless = 1,Threads==8 AND cyclicRefresh==0 AND variableBitrate==0,4,0.2222222222222222,0.1666666666666666,0.3333333333333333,10
3-wise,244,35,realtime = 1 AND AutoAltRef = 1 AND lossless = 1,good==0 AND TileColumns==6 AND constantBitrate==0 AND constrainedQuality==0,0,0.0851063829787234,0.1666666666666666,0.0571428571428571,10
4-wise,945,118,realtime = 1 AND AutoAltRef = 1 AND lossless = 1,lossless==0 AND FrameBoost==1 AND bitRate==1500 AND AutoAltRef==1,0,0.0,0.0,0.0,10
full,216000,27000,realtime = 1 AND AutoAltRef = 1 AND lossless = 1,lossless==1 AND realtime==1 AND AutoAltRef==1,0,1.0,1.0,1.0,11
random_2,34,8,realtime = 1 AND AutoAltRef = 1 AND lossless = 1,lagInFrames==8 AND complexity==0,0,0.2666666666666666,0.2857142857142857,0.25,11
random_5,85,15,realtime = 1 AND AutoAltRef = 1 AND lossless = 1,lossless==1 AND bitRate==600,3,0.1739130434782609,0.25,0.1333333333333333,11
random_10,170,18,realtime = 1 AND AutoAltRef = 1 AND lossless = 1,realtime==1 AND AutoAltRef==1 AND variance==0 AND constrainedQuality==0,3,0.6382978723404256,0.5172413793103449,0.8333333333333334,11
random_20,340,48,realtime = 1 AND AutoAltRef = 1 AND lossless = 1,lagInFrames==8 AND off==0 AND variableBitrate==0 AND constrainedQuality==1,3,0.131578947368421,0.1785714285714285,0.1041666666666666,11
2-wise,51,7,realtime = 1 AND AutoAltRef = 1 AND lossless = 1,FrameBoost==1 AND realtime==0 AND variance==0 AND constantBitrate==0,0,0.0,0.0,0.0,11
3-wise,241,25,realtime = 1 AND AutoAltRef = 1 AND lossless = 1,AutoAltRef==1 AND complexity==0 AND cyclicRefresh==0 AND constantBitrate==0,4,0.3125,0.2564102564102564,0.4,11
4-wise,939,128,realtime = 1 AND AutoAltRef = 1 AND lossless = 1,lossless==1 AND realtime==1 AND AutoAltRef==1,0,1.0,1.0,1.0,11
full,216000,27000,realtime = 1 AND lossless = 1 AND FrameBoost = 1,lossless==1 AND FrameBoost==1 AND realtime==1,0,1.0,1.0,1.0,12
random_2,34,1,realtime = 1 AND lossless = 1 AND FrameBoost = 1,FrameBoost==0 AND lagInFrames==8 AND constrainedQuality==0,0,0.0,0.0,0.0,12
random_5,85,7,realtime = 1 AND lossless = 1 AND FrameBoost = 1,realtime==1 AND AutoAltRef==1 AND variance==1 AND constrainedQuality==0,0,0.0,0.0,0.0,12
random_10,170,22,realtime = 1 AND lossless = 1 AND FrameBoost = 1,lossless==0 AND Threads==4 AND TileColumns==6,0,0.0,0.0,0.0,12
random_20,340,45,realtime = 1 AND lossless = 1 AND FrameBoost = 1,lagInFrames==0 AND bitRate==900 AND cyclicRefresh==0,3,0.0983606557377049,0.1875,0.0666666666666666,12
2-wise,56,4,realtime = 1 AND lossless = 1 AND FrameBoost = 1,cpuUsed==0 AND variance==0,1,0.1666666666666666,0.125,0.25,12
3-wise,233,32,realtime = 1 AND lossless = 1 AND FrameBoost = 1,lossless==0 AND lagInFrames==8 AND constantBitrate==0 AND constrainedQuality==0,0,0.0,0.0,0.0,12
4-wise,947,131,realtime = 1 AND lossless = 1 AND FrameBoost = 1,lossless==1 AND FrameBoost==1 AND realtime==1,0,1.0,1.0,1.0,12
full,216000,27000,good = 1 AND AutoAltRef = 1 AND FrameBoost = 1,lossless==1 AND Threads==8 AND off==1 AND constrainedQuality==1,1,0.015625,0.125,0.0083333333333333,13
random_2,34,6,good = 1 AND AutoAltRef = 1 AND FrameBoost = 1,FrameBoost==0 AND variance==0 AND constantBitrate==0 AND constrainedQuality==0,0,0.0,0.0,0.0,13
random_5,85,8,good = 1 AND AutoAltRef = 1 AND FrameBoost = 1,AutoAltRef==0 AND off==0 AND complexity==0 AND constrainedQuality==1,0,0.0,0.0,0.0,13
random_10,170,15,good = 1 AND AutoAltRef = 1 AND FrameBoost = 1,FrameBoost==1 AND TileColumns==3 AND complexity==0,1,0.1025641025641025,0.0833333333333333,0.1333333333333333,13
random_20,340,41,good = 1 AND AutoAltRef = 1 AND FrameBoost = 1,Threads==6 AND TileColumns==0 AND constantBitrate==0,0,0.1052631578947368,0.1875,0.073170731707317,13
2-wise,50,5,good = 1 AND AutoAltRef = 1 AND FrameBoost = 1,FrameBoost==1 AND off==0 AND cyclicRefresh==0 AND constantBitrate==0,2,0.1428571428571428,0.1111111111111111,0.2,13
3-wise,248,36,good = 1 AND AutoAltRef = 1 AND FrameBoost = 1,FrameBoost==0 AND lagInFrames==16 AND variance==0 AND variableBitrate==0,0,0.0,0.0,0.0,13
4-wise,935,124,good = 1 AND AutoAltRef = 1 AND FrameBoost = 1,bitRate==900 AND Threads==10 AND AutoAltRef==0 AND variableBitrate==0,0,0.0,0.0,0.0,13
full,216000,27000,AutoAltRef = 1 AND lossless = 1 AND FrameBoost = 1,lossless==0,0,0.0,0.0,0.0,14
random_2,34,3,AutoAltRef = 1 AND lossless = 1 AND FrameBoost = 1,lossless==1 AND AutoAltRef==0 AND cyclicRefresh==0 AND constantBitrate==0,0,0.0,0.0,0.0,14
random_5,85,8,AutoAltRef = 1 AND lossless = 1 AND FrameBoost = 1,FrameBoost==0 AND TileColumns==3 AND AutoAltRef==0 AND off==0,0,0.0,0.0,0.0,14
random_10,170,18,AutoAltRef = 1 AND lossless = 1 AND FrameBoost = 1,cpuUsed==6 AND variance==0 AND complexity==0 AND constrainedQuality==1,0,0.0,0.0,0.0,14
random_20,340,39,AutoAltRef = 1 AND lossless = 1 AND FrameBoost = 1,lossless==0 AND variance==1 AND variableBitrate==0 AND constrainedQuality==0,0,0.0,0.0,0.0,14
2-wise,50,6,AutoAltRef = 1 AND lossless = 1 AND FrameBoost = 1,lagInFrames==16 AND realtime==0 AND cyclicRefresh==0,0,0.1111111111111111,0.0833333333333333,0.1666666666666666,14
3-wise,244,33,AutoAltRef = 1 AND lossless = 1 AND FrameBoost = 1,FrameBoost==1 AND TileColumns==6 AND cyclicRefresh==1 AND constantBitrate==0,0,0.0,0.0,0.0,14
4-wise,944,113,AutoAltRef = 1 AND lossless = 1 AND FrameBoost = 1,lagInFrames==8 AND TileColumns==3 AND realtime==0 AND variableBitrate==0,3,0.0389610389610389,0.073170731707317,0.0265486725663716,14
full,216000,27000,good = 1 AND lossless = 1 AND FrameBoost = 1,realtime==1,0,0.0,0.0,0.0,15
random_2,34,3,good = 1 AND lossless = 1 AND FrameBoost = 1,TileColumns==6 AND variance==0 AND cyclicRefresh==0,0,0.0,0.0,0.0,15
random_5,85,7,good = 1 AND lossless = 1 AND FrameBoost = 1,lossless==1 AND AutoAltRef==0 AND off==0 AND complexity==0,3,0.1,0.0769230769230769,0.1428571428571428,15
random_10,170,18,good = 1 AND lossless = 1 AND FrameBoost = 1,cpuUsed==2 AND AutoAltRef==0 AND complexity==0,0,0.0,0.0,0.0,15
random_20,340,44,good = 1 AND lossless = 1 AND FrameBoost = 1,FrameBoost==0 AND lagInFrames==8 AND TileColumns==6 AND AutoAltRef==1,0,0.0,0.0,0.0,15
2-wise,46,6,good = 1 AND lossless = 1 AND FrameBoost = 1,cpuUsed==6 AND variance==0 AND cyclicRefresh==0,0,0.0,0.0,0.0,15
3-wise,242,41,good = 1 AND lossless = 1 AND FrameBoost = 1,lossless==1 AND cpuUsed==4 AND realtime==1,0,0.0,0.0,0.0,15
4-wise,958,133,good = 1 AND lossless = 1 AND FrameBoost = 1,lossless==0 AND TileColumns==0 AND off==0 AND complexity==0,0,0.0,0.0,0.0,15
full,216000,27000,good = 1 AND AutoAltRef = 1 AND lossless = 1,lossless==1 AND realtime==0 AND AutoAltRef==1,0,1.0,1.0,1.0,16
random_2,34,7,good = 1 AND AutoAltRef = 1 AND lossless = 1,good==1 AND lossless==1,4,0.8750000000000001,0.7777777777777778,1.0,16
random_5,85,14,good = 1 AND AutoAltRef = 1 AND lossless = 1,realtime==1 AND AutoAltRef==0 AND cyclicRefresh==0 AND variableBitrate==0,0,0.0,0.0,0.0,16
random_10,170,18,good = 1 AND AutoAltRef = 1 AND lossless = 1,lossless==1 AND realtime==0 AND AutoAltRef==1,4,1.0,1.0,1.0,16
random_20,340,48,good = 1 AND AutoAltRef = 1 AND lossless = 1,lossless==1 AND realtime==0 AND AutoAltRef==1,0,1.0,1.0,1.0,16
2-wise,58,6,good = 1 AND AutoAltRef = 1 AND lossless = 1,lagInFrames==8 AND realtime==1,0,0.0,0.0,0.0,16
3-wise,248,24,good = 1 AND AutoAltRef = 1 AND lossless = 1,lossless==1 AND realtime==0 AND AutoAltRef==1,2,1.0,1.0,1.0,16
4-wise,946,110,good = 1 AND AutoAltRef = 1 AND lossless = 1,lossless==1 AND realtime==0 AND AutoAltRef==1,0,1.0,1.0,1.0,16
full,216000,27000,good = 1 AND AutoAltRef = 1 AND lossless = 1,lossless==1 AND realtime==0 AND AutoAltRef==1,0,1.0,1.0,1.0,17
random_2,34,5,good = 1 AND AutoAltRef = 1 AND lossless = 1,AutoAltRef==1 AND complexity==0 AND constrainedQuality==0,0,0.2857142857142857,0.2222222222222222,0.4,17
random_5,85,13,good = 1 AND AutoAltRef = 1 AND lossless = 1,good==1 AND TileColumns==0,3,0.3571428571428571,0.3333333333333333,0.3846153846153846,17
random_10,170,18,good = 1 AND AutoAltRef = 1 AND lossless = 1,lossless==1 AND variableBitrate==0 AND constantBitrate==0 AND constrainedQuality==1,4,0.2564102564102564,0.238095238095238,0.2777777777777778,17
random_20,340,41,good = 1 AND AutoAltRef = 1 AND lossless = 1,lossless==1 AND realtime==0 AND AutoAltRef==1,0,1.0,1.0,1.0,17
2-wise,53,8,good = 1 AND AutoAltRef = 1 AND lossless = 1,FrameBoost==0 AND off==0 AND variableBitrate==1 AND constrainedQuality==0,3,0.25,0.25,0.25,17
3-wise,243,25,good = 1 AND AutoAltRef = 1 AND lossless = 1,lossless==1 AND realtime==0 AND complexity==0,0,0.6562499999999999,0.5384615384615384,0.84,17
4-wise,920,124,good = 1 AND AutoAltRef = 1 AND lossless = 1,lossless==1 AND realtime==0 AND AutoAltRef==1,0,1.0,1.0,1.0,17
full,216000,27000,AutoAltRef = 1 AND lossless = 1 AND FrameBoost = 1,lossless==1 AND FrameBoost==1 AND AutoAltRef==1,0,1.0,1.0,1.0,18
random_2,34,5,AutoAltRef = 1 AND lossless = 1 AND FrameBoost = 1,Threads==10 AND off==0 AND variableBitrate==0,2,0.1818181818181818,0.1666666666666666,0.2,18
random_5,85,11,AutoAltRef = 1 AND lossless = 1 AND FrameBoost = 1,FrameBoost==0 AND TileColumns==3 AND realtime==0,0,0.0,0.0,0.0,18
random_10,170,21,AutoAltRef = 1 AND lossless = 1 AND FrameBoost = 1,lossless==1 AND FrameBoost==1 AND variance==0,0,0.5964912280701755,0.4722222222222222,0.8095238095238095,18
random_20,340,46,AutoAltRef = 1 AND lossless = 1 AND FrameBoost = 1,bitRate==1200 AND off==0 AND constantBitrate==1 AND constrainedQuality==0,2,0.0923076923076923,0.1578947368421052,0.0652173913043478,18
2-wise,53,7,AutoAltRef = 1 AND lossless = 1 AND FrameBoost = 1,FrameBoost==0 AND realtime==0 AND constrainedQuality==0,0,0.0,0.0,0.0,18
3-wise,250,22,AutoAltRef = 1 AND lossless = 1 AND FrameBoost = 1,FrameBoost==1 AND TileColumns==3 AND variance==0 AND constantBitrate==0,0,0.238095238095238,0.25,0.2272727272727272,18
4-wise,971,111,AutoAltRef = 1 AND lossless = 1 AND FrameBoost = 1,lossless==1 AND FrameBoost==1 AND AutoAltRef==1,3,1.0,1.0,1.0,18
full,216000,27000,realtime = 1 AND lossless = 1 AND FrameBoost = 1,lossless==1 AND FrameBoost==1 AND realtime==1,0,1.0,1.0,1.0,19
random_2,34,4,realtime = 1 AND lossless = 1 AND FrameBoost = 1,FrameBoost==1 AND off==0 AND variableBitrate==0,0,0.1666666666666666,0.125,0.25,19
random_5,85,13,realtime = 1 AND lossless = 1 AND FrameBoost = 1,variance==0 AND complexity==0 AND cyclicRefresh==1 AND constrainedQuality==0,0,0.2962962962962963,0.2857142857142857,0.3076923076923077,19
random_10,170,21,realtime = 1 AND lossless = 1 AND FrameBoost = 1,lossless==1 AND FrameBoost==1 AND complexity==0 AND constantBitrate==0,2,0.6,0.631578947368421,0.5714285714285714,19
random_20,340,45,realtime = 1 AND lossless = 1 AND FrameBoost = 1,lossless==1 AND FrameBoost==1 AND realtime==1,0,1.0,1.0,1.0,19
2-wise,54,5,realtime = 1 AND lossless = 1 AND FrameBoost = 1,AutoAltRef==0 AND constantBitrate==0 AND constrainedQuality==0,0,0.0,0.0,0.0,19
3-wise,247,41,realtime = 1 AND lossless = 1 AND FrameBoost = 1,lossless==1 AND FrameBoost==1 AND realtime==1,0,1.0,1.0,1.0,19
4-wise,928,110,realtime = 1 AND lossless = 1 AND FrameBoost = 1,lossless==1 AND FrameBoost==1 AND realtime==1,0,1.0,1.0,1.0,19
full,216000,27000,realtime = 1 AND AutoAltRef = 1 AND FrameBoost = 1,FrameBoost==1 AND realtime==1 AND AutoAltRef==1,0,1.0,1.0,1.0,1
random_2,34,4,realtime = 1 AND AutoAltRef = 1 AND FrameBoost = 1,good==0 AND complexity==0 AND constantBitrate==1,0,0.3636363636363636,0.2857142857142857,0.5,1
random_5,85,7,realtime = 1 AND AutoAltRef = 1 AND FrameBoost = 1,lossless==1 AND complexity==0 AND variableBitrate==0,2,0.1481481481481481,0.1,0.2857142857142857,1
random_10,170,13,realtime = 1 AND AutoAltRef = 1 AND FrameBoost = 1,lossless==1 AND FrameBoost==0 AND bitRate==1500 AND cyclicRefresh==0,0,0.0,0.0,0.0,1
random_20,340,38,realtime = 1 AND AutoAltRef = 1 AND FrameBoost = 1,lossless==1 AND off==0 AND variance==1 AND constrainedQuality==0,4,0.0303030303030303,0.0357142857142857,0.0263157894736842,1
2-wise,53,4,realtime = 1 AND AutoAltRef = 1 AND FrameBoost = 1,bitRate==1200 AND TileColumns==0,0,0.0,0.0,0.0,1
3-wise,238,31,realtime = 1 AND AutoAltRef = 1 AND FrameBoost = 1,FrameBoost==0 AND lagInFrames==8 AND variance==0 AND complexity==0,0,0.0,0.0,0.0,1
4-wise,931,109,realtime = 1 AND AutoAltRef = 1 AND FrameBoost = 1,lossless==0 AND TileColumns==6 AND realtime==0 AND AutoAltRef==1,0,0.0,0.0,0.0,1
full,216000,27000,AutoAltRef = 1 AND lossless = 1 AND FrameBoost = 1,FrameBoost==0,0,0.0,0.0,0.0,20
random_2,34,4,AutoAltRef = 1 AND lossless = 1 AND FrameBoost = 1,FrameBoost==1 AND lagInFrames==16 AND Threads==6,0,0.0,0.0,0.0,20
random_5,85,10,AutoAltRef = 1 AND lossless = 1 AND FrameBoost = 1,FrameBoost==0 AND complexity==0,0,0.0,0.0,0.0,20
random_10,170,19,AutoAltRef = 1 AND lossless = 1 AND FrameBoost = 1,TileColumns==0 AND AutoAltRef==0 AND off==0 AND variance==0,0,0.0,0.0,0.0,20
random_20,340,38,AutoAltRef = 1 AND lossless = 1 AND FrameBoost = 1,lossless==0 AND FrameBoost==1 AND cyclicRefresh==1,0,0.0,0.0,0.0,20
2-wise,55,8,AutoAltRef = 1 AND lossless = 1 AND FrameBoost = 1,FrameBoost==0 AND TileColumns==3 AND variableBitrate==0,0,0.0,0.0,0.0,20
3-wise,238,28,AutoAltRef = 1 AND lossless = 1 AND FrameBoost = 1,FrameBoost==1 AND lagInFrames==8 AND complexity==0 AND constrainedQuality==0,4,0.0434782608695652,0.0555555555555555,0.0357142857142857,20
4-wise,948,131,AutoAltRef = 1 AND lossless = 1 AND FrameBoost = 1,FrameBoost==1 AND cpuUsed==6 AND realtime==0 AND AutoAltRef==0,0,0.0,0.0,0.0,20
full,216000,27000,good = 1 AND lossless = 1 AND FrameBoost = 1,lossless==1 AND FrameBoost==1 AND realtime==0,0,1.0,1.0,1.0,21
random_2,34,5,good = 1 AND lossless = 1 AND FrameBoost = 1,good==1 AND off==0 AND constrainedQuality==1,1,0.5454545454545454,0.5,0.6,21
random_5,85,9,good = 1 AND lossless = 1 AND FrameBoost = 1,cpuUsed==6 AND realtime==1 AND AutoAltRef==1 AND off==0,0,0.0,0.0,0.0,21
random_10,170,22,good = 1 AND lossless = 1 AND FrameBoost = 1,lossless==1 AND TileColumns==6 AND off==0,4,0.2857142857142856,0.3,0.2727272727272727,21
random_20,340,41,good = 1 AND lossless = 1 AND FrameBoost = 1,cpuUsed==6 AND realtime==0 AND constrainedQuality==0,2,0.1935483870967742,0.2857142857142857,0.1463414634146341,21
2-wise,53,7,good = 1 AND lossless = 1 AND FrameBoost = 1,AutoAltRef==0 AND variance==0 AND complexity==0 AND variableBitrate==0,2,0.125,0.1111111111111111,0.1428571428571428,21
3-wise,240,26,good = 1 AND lossless = 1 AND FrameBoost = 1,lagInFrames==8 AND bitRate==600 AND variance==0,4,0.0555555555555555,0.1,0.0384615384615384,21
4-wise,930,125,good = 1 AND lossless = 1 AND FrameBoost = 1,lossless==1 AND FrameBoost==1 AND realtime==0,0,1.0,1.0,1.0,21
full,216000,27000,good = 1 AND AutoAltRef = 1 AND FrameBoost = 1,AutoAltRef==0,0,0.0,0.0,0.0,22
random_2,34,2,good = 1 AND AutoAltRef = 1 AND FrameBoost = 1,TileColumns==6 AND realtime==1,0,0.0,0.0,0.0,22
random_5,85,7,good = 1 AND AutoAltRef = 1 AND FrameBoost = 1,lossless==1 AND variance==0 AND variableBitrate==0 AND constrainedQuality==1,4,0.1176470588235294,0.1,0.1428571428571428,22
random_10,170,16,good = 1 AND AutoAltRef = 1 AND FrameBoost = 1,cpuUsed==0 AND realtime==1 AND off==0,0,0.0,0.0,0.0,22
random_20,340,37,good = 1 AND AutoAltRef = 1 AND FrameBoost = 1,FrameBoost==1 AND cpuUsed==2 AND realtime==1 AND variableBitrate==1,0,0.0,0.0,0.0,22
2-wise,50,6,good = 1 AND AutoAltRef = 1 AND FrameBoost = 1,bitRate==300,0,0.0,0.0,0.0,22
3-wise,238,26,good = 1 AND AutoAltRef = 1 AND FrameBoost = 1,TileColumns==0 AND AutoAltRef==0 AND variance==1 AND variableBitrate==0,0,0.0,0.0,0.0,22
4-wise,943,129,good = 1 AND AutoAltRef = 1 AND FrameBoost = 1,FrameBoost==0 AND realtime==0 AND AutoAltRef==1 AND variance==1,0,0.0,0.0,0.0,22
full,216000,27000,good = 1 AND AutoAltRef = 1 AND FrameBoost = 1,FrameBoost==1 AND realtime==0 AND AutoAltRef==1,0,1.0,1.0,1.0,23
random_2,34,3,good = 1 AND AutoAltRef = 1 AND FrameBoost = 1,bitRate==1500 AND TileColumns==3,0,0.25,0.2,0.3333333333333333,23
random_5,85,11,good = 1 AND AutoAltRef = 1 AND FrameBoost = 1,lagInFrames==16 AND cpuUsed==8 AND realtime==1,0,0.0,0.0,0.0,23
random_10,170,22,good = 1 AND AutoAltRef = 1 AND FrameBoost = 1,lagInFrames==16 AND realtime==1 AND AutoAltRef==0 AND constantBitrate==0,0,0.0,0.0,0.0,23
random_20,340,35,good = 1 AND AutoAltRef = 1 AND FrameBoost = 1,FrameBoost==1 AND realtime==0 AND AutoAltRef==1,0,1.0,1.0,1.0,23
2-wise,53,4,good = 1 AND AutoAltRef = 1 AND FrameBoost = 1,Threads==6 AND cyclicRefresh==0,1,0.1428571428571428,0.1,0.25,23
3-wise,238,32,good = 1 AND AutoAltRef = 1 AND FrameBoost = 1,FrameBoost==1 AND AutoAltRef==1 AND variance==0 AND cyclicRefresh==0,4,0.6060606060606061,0.5882352941176471,0.625,23
4-wise,939,102,good = 1 AND AutoAltRef = 1 AND FrameBoost = 1,FrameBoost==1 AND realtime==0 AND AutoAltRef==1,0,1.0,1.0,1.0,23
full,216000,27000,realtime = 1 AND lossless = 1 AND FrameBoost = 1,lossless==1 AND FrameBoost==1 AND realtime==1,0,1.0,1.0,1.0,24
random_2,34,5,realtime = 1 AND lossless = 1 AND FrameBoost = 1,off==0 AND complexity==1 AND variableBitrate==0 AND constrainedQuality==1,4,0.1666666666666666,0.1428571428571428,0.2,24
random_5,85,9,realtime = 1 AND lossless = 1 AND FrameBoost = 1,FrameBoost==1 AND lagInFrames==0 AND AutoAltRef==1 AND off==0,3,0.2352941176470588,0.25,0.2222222222222222,24
random_10,170,23,realtime = 1 AND lossless = 1 AND FrameBoost = 1,lossless==1 AND FrameBoost==1 AND realtime==1,0,1.0,1.0,1.0,24
random_20,340,42,realtime = 1 AND lossless = 1 AND FrameBoost = 1,lossless==1 AND FrameBoost==1 AND realtime==1,0,1.0,1.0,1.0,24
2-wise,55,3,realtime = 1 AND lossless = 1 AND FrameBoost = 1,lossless==0 AND off==0 AND variance==0 AND variableBitrate==0,0,0.0,0.0,0.0,24
3-wise,244,36,realtime = 1 AND lossless = 1 AND FrameBoost = 1,lossless==1 AND FrameBoost==1 AND realtime==1,0,1.0,1.0,1.0,24
4-wise,932,114,realtime = 1 AND lossless = 1 AND FrameBoost = 1,lossless==1 AND FrameBoost==1 AND realtime==1,0,1.0,1.0,1.0,24
full,216000,27000,AutoAltRef = 1 AND lossless = 1 AND FrameBoost = 1,FrameBoost==0,0,0.0,0.0,0.0,25
random_2,34,2,AutoAltRef = 1 AND lossless = 1 AND FrameBoost = 1,FrameBoost==1 AND realtime==1 AND variance==0 AND complexity==0,3,0.1818181818181818,0.1111111111111111,0.5,25
random_5,85,6,AutoAltRef = 1 AND lossless = 1 AND FrameBoost = 1,lossless==0 AND FrameBoost==0 AND cyclicRefresh==0 AND constrainedQuality==0,0,0.0,0.0,0.0,25
random_10,170,23,AutoAltRef = 1 AND lossless = 1 AND FrameBoost = 1,lossless==0 AND realtime==1 AND cyclicRefresh==0 AND constantBitrate==0,0,0.0,0.0,0.0,25
random_20,340,43,AutoAltRef = 1 AND lossless = 1 AND FrameBoost = 1,lossless==0 AND FrameBoost==0 AND complexity==1 AND constantBitrate==0,0,0.0,0.0,0.0,25
2-wise,52,7,AutoAltRef = 1 AND lossless = 1 AND FrameBoost = 1,TileColumns==0 AND AutoAltRef==0 AND off==0 AND constrainedQuality==0,0,0.0,0.0,0.0,25
3-wise,240,28,AutoAltRef = 1 AND lossless = 1 AND FrameBoost = 1,FrameBoost==0 AND cpuUsed==6 AND realtime==1 AND constrainedQuality==0,0,0.0,0.0,0.0,25
4-wise,951,116,AutoAltRef = 1 AND lossless = 1 AND FrameBoost = 1,FrameBoost==0 AND Threads==4 AND complexity==0 AND constantBitrate==0,0,0.0,0.0,0.0,25
full,216000,27000,AutoAltRef = 1 AND lossless = 1 AND FrameBoost = 1,lossless==1 AND FrameBoost==1 AND AutoAltRef==1,0,1.0,1.0,1.0,26
random_2,34,4,AutoAltRef = 1 AND lossless = 1 AND FrameBoost = 1,Threads==4 AND cyclicRefresh==0 AND variableBitrate==0,0,0.0,0.0,0.0,26
random_5,85,8,AutoAltRef = 1 AND lossless = 1 AND FrameBoost = 1,lossless==1 AND realtime==0 AND variableBitrate==0,1,0.0769230769230769,0.0555555555555555,0.125,26
random_10,170,17,AutoAltRef = 1 AND lossless = 1 AND FrameBoost = 1,realtime==1 AND complexity==0 AND variableBitrate==0,3,0.3278688524590163,0.2272727272727272,0.5882352941176471,26
random_20,340,38,AutoAltRef = 1 AND lossless = 1 AND FrameBoost = 1,cpuUsed==8 AND complexity==0,1,0.1162790697674418,0.1041666666666666,0.131578947368421,26
2-wise,52,6,AutoAltRef = 1 AND lossless = 1 AND FrameBoost = 1,bitRate==1200 AND off==0 AND variableBitrate==0,2,0.1538461538461538,0.1428571428571428,0.1666666666666666,26
3-wise,241,25,AutoAltRef = 1 AND lossless = 1 AND FrameBoost = 1,FrameBoost==0 AND bitRate==300 AND TileColumns==6,0,0.0,0.0,0.0,26
4-wise,932,127,AutoAltRef = 1 AND lossless = 1 AND FrameBoost = 1,bitRate==300 AND Threads==8 AND off==0 AND variableBitrate==1,4,0.0425531914893617,0.2142857142857142,0.0236220472440944,26
full,216000,27000,good = 1 AND AutoAltRef = 1 AND lossless = 1,lossless==0,0,0.0,0.0,0.0,27
random_2,34,3,good = 1 AND AutoAltRef = 1 AND lossless = 1,FrameBoost==0 AND TileColumns==0 AND AutoAltRef==0,0,0.0,0.0,0.0,27
random_5,85,7,good = 1 AND AutoAltRef = 1 AND lossless = 1,realtime==0 AND AutoAltRef==0 AND cyclicRefresh==0 AND constantBitrate==0,0,0.0,0.0,0.0,27
random_10,170,18,good = 1 AND AutoAltRef = 1 AND lossless = 1,lossless==0 AND lagInFrames==16 AND Threads==4,0,0.0,0.0,0.0,27
random_20,340,36,good = 1 AND AutoAltRef = 1 AND lossless = 1,Threads==6 AND realtime==0 AND complexity==0 AND constantBitrate==0,3,0.0392156862745098,0.0666666666666666,0.0277777777777777,27
2-wise,56,9,good = 1 AND AutoAltRef = 1 AND lossless = 1,realtime==0 AND AutoAltRef==0 AND complexity==0 AND constrainedQuality==0,0,0.0,0.0,0.0,27
3-wise,237,28,good = 1 AND AutoAltRef = 1 AND lossless = 1,lossless==0 AND lagInFrames==16 AND cyclicRefresh==0 AND constrainedQuality==1,0,0.0,0.0,0.0,27
4-wise,946,133,good = 1 AND AutoAltRef = 1 AND lossless = 1,lagInFrames==8 AND AutoAltRef==0 AND constantBitrate==1,0,0.0,0.0,0.0,27
full,216000,27000,realtime = 1 AND AutoAltRef = 1 AND lossless = 1,Threads==4 AND cpuUsed==2 AND realtime==0 AND variableBitrate==0,0,0.0,0.0,0.0,28
random_2,34,6,realtime = 1 AND AutoAltRef = 1 AND lossless = 1,lagInFrames==8 AND realtime==0 AND off==0,0,0.0,0.0,0.0,28
random_5,85,12,realtime = 1 AND AutoAltRef = 1 AND lossless = 1,lossless==0 AND TileColumns==3 AND cyclicRefresh==0 AND constantBitrate==0,0,0.0,0.0,0.0,28
random_10,170,18,realtime = 1 AND AutoAltRef = 1 AND lossless = 1,FrameBoost==0 AND cpuUsed==8 AND constantBitrate==0,2,0.0666666666666666,0.0833333333333333,0.0555555555555555,28
random_20,340,40,realtime = 1 AND AutoAltRef = 1 AND lossless = 1,lagInFrames==8 AND TileColumns==0 AND AutoAltRef==0 AND constantBitrate==0,0,0.0,0.0,0.0,28
2-wise,53,7,realtime = 1 AND AutoAltRef = 1 AND lossless = 1,lossless==0 AND FrameBoost==1 AND variance==0 AND constantBitrate==0,0,0.0,0.0,0.0,28
3-wise,241,23,realtime = 1 AND AutoAltRef = 1 AND lossless = 1,FrameBoost==0 AND bitRate==1500 AND off==0 AND complexity==0,3,0.0588235294117647,0.0909090909090909,0.0434782608695652,28
4-wise,941,123,realtime = 1 AND AutoAltRef = 1 AND lossless = 1,lossless==0 AND bitRate==300 AND variance==0 AND complexity==0,0,0.0,0.0,0.0,28
full,216000,27000,good = 1 AND AutoAltRef = 1 AND FrameBoost = 1,FrameBoost==1 AND realtime==0 AND AutoAltRef==1,0,1.0,1.0,1.0,29
random_2,34,5,good = 1 AND AutoAltRef = 1 AND FrameBoost = 1,FrameBoost==0 AND cpuUsed==4 AND variableBitrate==1 AND constantBitrate==0,0,0.0,0.0,0.0,29
random_5,85,11,good = 1 AND AutoAltRef = 1 AND FrameBoost = 1,FrameBoost==1 AND lagInFrames==16 AND variableBitrate==0,0,0.1999999999999999,0.2222222222222222,0.1818181818181818,29
random_10,170,20,good = 1 AND AutoAltRef = 1 AND FrameBoost = 1,FrameBoost==1 AND Threads==4 AND cyclicRefresh==0 AND constantBitrate==0,2,0.1874999999999999,0.25,0.15,29
random_20,340,43,good = 1 AND AutoAltRef = 1 AND FrameBoost = 1,FrameBoost==1 AND realtime==0 AND AutoAltRef==1,0,1.0,1.0,1.0,29
2-wise,49,4,good = 1 AND AutoAltRef = 1 AND FrameBoost = 1,TileColumns==3 AND variance==0 AND constantBitrate==0,0,0.1666666666666666,0.125,0.25,29
3-wise,239,34,good = 1 AND AutoAltRef = 1 AND FrameBoost = 1,realtime==0 AND variableBitrate==0,0,0.4736842105263157,0.3375,0.7941176470588235,29
4-wise,929,131,good = 1 AND AutoAltRef = 1 AND FrameBoost = 1,FrameBoost==1 AND realtime==0 AND AutoAltRef==1,0,1.0,1.0,1.0,29
full,216000,27000,realtime = 1 AND AutoAltRef = 1 AND lossless = 1,lossless==0 AND bitRate==900 AND cpuUsed==2 AND constantBitrate==0,0,0.0,0.0,0.0,2
random_2,34,3,realtime = 1 AND AutoAltRef = 1 AND lossless = 1,realtime==0 AND AutoAltRef==0 AND cyclicRefresh==0 AND constantBitrate==0,0,0.0,0.0,0.0,2
random_5,85,10,realtime = 1 AND AutoAltRef = 1 AND lossless = 1,cpuUsed==2 AND cyclicRefresh==0 AND constantBitrate==0,2,0.1739130434782608,0.1538461538461538,0.2,2
random_10,170,22,realtime = 1 AND AutoAltRef = 1 AND lossless = 1,FrameBoost==0 AND realtime==0 AND off==0 AND cyclicRefresh==0,0,0.0,0.0,0.0,2
random_20,340,35,realtime = 1 AND AutoAltRef = 1 AND lossless = 1,bitRate==900 AND realtime==1 AND cyclicRefresh==0 AND constrainedQuality==0,1,0.1851851851851851,0.2631578947368421,0.1428571428571428,2
2-wise,53,7,realtime = 1 AND AutoAltRef = 1 AND lossless = 1,TileColumns==0 AND off==0,3,0.25,0.1764705882352941,0.4285714285714285,2
3-wise,248,33,realtime = 1 AND AutoAltRef = 1 AND lossless = 1,lossless==0 AND lagInFrames==0 AND TileColumns==6 AND cyclicRefresh==0,0,0.0,0.0,0.0,2
4-wise,936,114,realtime = 1 AND AutoAltRef = 1 AND lossless = 1,lossless==0 AND FrameBoost==1 AND Threads==8 AND variableBitrate==1,0,0.0,0.0,0.0,2
full,216000,27000,realtime = 1 AND AutoAltRef = 1 AND FrameBoost = 1,FrameBoost==1 AND realtime==1 AND AutoAltRef==1,0,1.0,1.0,1.0,30
random_2,34,6,realtime = 1 AND AutoAltRef = 1 AND FrameBoost = 1,lossless==0 AND TileColumns==0 AND off==0,0,0.0,0.0,0.0,30
random_5,85,10,realtime = 1 AND AutoAltRef = 1 AND FrameBoost = 1,TileColumns==0 AND cyclicRefresh==0 AND variableBitrate==0,3,0.2857142857142856,0.2727272727272727,0.3,30
random_10,170,20,realtime = 1 AND AutoAltRef = 1 AND FrameBoost = 1,cpuUsed==8 AND AutoAltRef==1,3,0.1935483870967741,0.2727272727272727,0.15,30
random_20,340,38,realtime = 1 AND AutoAltRef = 1 AND FrameBoost = 1,lagInFrames==0 AND bitRate==1500 AND complexity==0 AND cyclicRefresh==0,0,0.0377358490566037,0.0666666666666666,0.0263157894736842,30
2-wise,50,4,realtime = 1 AND AutoAltRef = 1 AND FrameBoost = 1,lagInFrames==8 AND bitRate==1500 AND variance==0,4,0.2,0.1666666666666666,0.25,30
3-wise,236,30,realtime = 1 AND AutoAltRef = 1 AND FrameBoost = 1,lossless==0 AND realtime==1 AND variance==0 AND cyclicRefresh==0,0,0.2333333333333333,0.2333333333333333,0.2333333333333333,30
4-wise,947,123,realtime = 1 AND AutoAltRef = 1 AND FrameBoost = 1,cpuUsed==2 AND constantBitrate==0,2,0.1349206349206349,0.1317829457364341,0.1382113821138211,30
full,216000,27000,realtime = 1 AND lossless = 1 AND FrameBoost = 1,FrameBoost==0,0,0.0,0.0,0.0,31
random_2,34,3,realtime = 1 AND lossless = 1 AND FrameBoost = 1,FrameBoost==0 AND Threads==4,0,0.0,0.0,0.0,31
random_5,85,9,realtime = 1 AND lossless = 1 AND FrameBoost = 1,bitRate==300 AND variance==0 AND complexity==0,0,0.0952380952380952,0.0833333333333333,0.1111111111111111,31
random_10,170,14,realtime = 1 AND lossless = 1 AND FrameBoost = 1,lagInFrames==0 AND realtime==1 AND variance==0 AND constantBitrate==0,0,0.0,0.0,0.0,31
random_20,340,33,realtime = 1 AND lossless = 1 AND FrameBoost = 1,lossless==0 AND FrameBoost==0 AND bitRate==1500 AND TileColumns==6,0,0.0,0.0,0.0,31
2-wise,53,5,realtime = 1 AND lossless = 1 AND FrameBoost = 1,realtime==1 AND variance==0 AND cyclicRefresh==0,3,0.2352941176470588,0.1666666666666666,0.4,31
3-wise,230,28,realtime = 1 AND lossless = 1 AND FrameBoost = 1,FrameBoost==0 AND bitRate==1500 AND cyclicRefresh==0 AND variableBitrate==1,0,0.0,0.0,0.0,31
4-wise,960,117,realtime = 1 AND lossless = 1 AND FrameBoost = 1,lossless==0 AND realtime==0 AND variance==0 AND constantBitrate==1,0,0.0,0.0,0.0,31
full,216000,27000,AutoAltRef = 1 AND lossless = 1 AND FrameBoost = 1,lossless==1 AND FrameBoost==1 AND AutoAltRef==1,0,1.0,1.0,1.0,32
random_2,34,3,AutoAltRef = 1 AND lossless = 1 AND FrameBoost = 1,bitRate==1500 AND realtime==0 AND constrainedQuality==0,0,0.0,0.0,0.0,32
random_5,85,8,AutoAltRef = 1 AND lossless = 1 AND FrameBoost = 1,FrameBoost==0 AND bitRate==1500 AND AutoAltRef==0 AND variableBitrate==0,0,0.0,0.0,0.0,32
random_10,170,13,AutoAltRef = 1 AND lossless = 1 AND FrameBoost = 1,FrameBoost==0 AND off==1 AND variableBitrate==0,0,0.0,0.0,0.0,32
random_20,340,39,AutoAltRef = 1 AND lossless = 1 AND FrameBoost = 1,lossless==1 AND lagInFrames==8 AND cyclicRefresh==0 AND constrainedQuality==0,4,0.2666666666666666,0.2777777777777778,0.2564102564102564,32
2-wise,47,4,AutoAltRef = 1 AND lossless = 1 AND FrameBoost = 1,lagInFrames==8 AND AutoAltRef==0 AND off==0 AND complexity==0,0,0.0,0.0,0.0,32
3-wise,241,34,AutoAltRef = 1 AND lossless = 1 AND FrameBoost = 1,FrameBoost==0 AND cpuUsed==0 AND constantBitrate==0,0,0.0,0.0,0.0,32
4-wise,956,131,AutoAltRef = 1 AND lossless = 1 AND FrameBoost = 1,lossless==0 AND FrameBoost==0 AND cyclicRefresh==1 AND constrainedQuality==1,0,0.0,0.0,0.0,32
full,216000,27000,AutoAltRef = 1 AND lossless = 1 AND FrameBoost = 1,lossless==1 AND FrameBoost==1 AND AutoAltRef==1,0,1.0,1.0,1.0,33
random_2,34,1,AutoAltRef = 1 AND lossless = 1 AND FrameBoost = 1,AutoAltRef==1 AND variance==0 AND variableBitrate==0,4,0.1999999999999999,0.1111111111111111,1.0,33
random_5,85,10,AutoAltRef = 1 AND lossless = 1 AND FrameBoost = 1,bitRate==300 AND variance==0 AND complexity==0 AND variableBitrate==0,4,0.1176470588235294,0.1428571428571428,0.1,33
random_10,170,21,AutoAltRef = 1 AND lossless = 1 AND FrameBoost = 1,AutoAltRef==1 AND constrainedQuality==1,0,0.2222222222222222,0.2083333333333333,0.238095238095238,33
random_20,340,46,AutoAltRef = 1 AND lossless = 1 AND FrameBoost = 1,lossless==1 AND FrameBoost==1 AND AutoAltRef==1,0,1.0,1.0,1.0,33
2-wise,50,5,AutoAltRef = 1 AND lossless = 1 AND FrameBoost = 1,FrameBoost==1 AND TileColumns==6 AND variableBitrate==0,0,0.3636363636363636,0.3333333333333333,0.4,33
3-wise,237,25,AutoAltRef = 1 AND lossless = 1 AND FrameBoost = 1,TileColumns==0 AND realtime==1 AND off==0 AND variableBitrate==0,0,0.1860465116279069,0.2222222222222222,0.16,33
4-wise,944,123,AutoAltRef = 1 AND lossless = 1 AND FrameBoost = 1,lossless==1 AND FrameBoost==1 AND AutoAltRef==1,0,1.0,1.0,1.0,33
full,216000,27000,good = 1 AND AutoAltRef = 1 AND FrameBoost = 1,FrameBoost==1 AND realtime==0 AND AutoAltRef==1,0,1.0,1.0,1.0,34
random_2,34,4,good = 1 AND AutoAltRef = 1 AND FrameBoost = 1,lossless==0 AND variance==0 AND constrainedQuality==0,0,0.0,0.0,0.0,34
random_5,85,12,good = 1 AND AutoAltRef = 1 AND FrameBoost = 1,lagInFrames==0 AND AutoAltRef==1 AND complexity==0,0,0.1052631578947368,0.1428571428571428,0.0833333333333333,34
random_10,170,20,good = 1 AND AutoAltRef = 1 AND FrameBoost = 1,FrameBoost==0 AND TileColumns==0 AND off==0 AND constantBitrate==0,0,0.0,0.0,0.0,34
random_20,340,42,good = 1 AND AutoAltRef = 1 AND FrameBoost = 1,lossless==0 AND bitRate==1200 AND constantBitrate==0,4,0.0821917808219178,0.0967741935483871,0.0714285714285714,34
2-wise,51,8,good = 1 AND AutoAltRef = 1 AND FrameBoost = 1,lossless==1 AND off==0 AND variance==0 AND constantBitrate==0,0,0.2105263157894737,0.1818181818181818,0.25,34
3-wise,239,29,good = 1 AND AutoAltRef = 1 AND FrameBoost = 1,cpuUsed==2 AND AutoAltRef==0 AND constantBitrate==0,0,0.0,0.0,0.0,34
4-wise,926,108,good = 1 AND AutoAltRef = 1 AND FrameBoost = 1,bitRate==1200 AND off==0 AND variance==0 AND complexity==0,4,0.0529801324503311,0.0930232558139534,0.037037037037037,34
full,216000,27000,AutoAltRef = 1 AND lossless = 1 AND FrameBoost = 1,lossless==1 AND FrameBoost==1 AND AutoAltRef==1,0,1.0,1.0,1.0,35
random_2,34,2,AutoAltRef = 1 AND lossless = 1 AND FrameBoost = 1,FrameBoost==0 AND variance==0 AND complexity==1 AND cyclicRefresh==0,0,0.0,0.0,0.0,35
random_5,85,5,AutoAltRef = 1 AND lossless = 1 AND FrameBoost = 1,FrameBoost==1 AND lagInFrames==16 AND cyclicRefresh==0,0,0.2857142857142857,0.2222222222222222,0.4,35
random_10,170,20,AutoAltRef = 1 AND lossless = 1 AND FrameBoost = 1,lossless==1 AND lagInFrames==16 AND off==0,2,0.3,0.3,0.3,35
random_20,340,37,AutoAltRef = 1 AND lossless = 1 AND FrameBoost = 1,FrameBoost==0 AND cpuUsed==2 AND variance==0 AND cyclicRefresh==0,0,0.0,0.0,0.0,35
2-wise,49,7,AutoAltRef = 1 AND lossless = 1 AND FrameBoost = 1,FrameBoost==1 AND TileColumns==0 AND variance==0,4,0.1333333333333333,0.125,0.1428571428571428,35
3-wise,244,31,AutoAltRef = 1 AND lossless = 1 AND FrameBoost = 1,lossless==0 AND FrameBoost==0 AND cpuUsed==6 AND constrainedQuality==0,0,0.0,0.0,0.0,35
4-wise,946,120,AutoAltRef = 1 AND lossless = 1 AND FrameBoost = 1,Threads==4 AND complexity==1 AND variableBitrate==0 AND constrainedQuality==1,0,0.014388489208633,0.0526315789473684,0.0083333333333333,35
full,216000,27000,realtime = 1 AND AutoAltRef = 1 AND lossless = 1,lossless==1 AND realtime==1 AND AutoAltRef==1,0,1.0,1.0,1.0,36
random_2,34,7,realtime = 1 AND AutoAltRef = 1 AND lossless = 1,lossless==0 AND lagInFrames==8,0,0.0,0.0,0.0,36
random_5,85,13,realtime = 1 AND AutoAltRef = 1 AND lossless = 1,cpuUsed==4 AND realtime==0 AND constrainedQuality==0,0,0.0,0.0,0.0,36
random_10,170,26,realtime = 1 AND AutoAltRef = 1 AND lossless = 1,lossless==0 AND realtime==0 AND cyclicRefresh==0 AND constantBitrate==0,0,0.0,0.0,0.0,36
random_20,340,45,realtime = 1 AND AutoAltRef = 1 AND lossless = 1,lagInFrames==16 AND bitRate==1500 AND constrainedQuality==0,3,0.0689655172413793,0.1538461538461538,0.0444444444444444,36
2-wise,53,8,realtime = 1 AND AutoAltRef = 1 AND lossless = 1,variance==0 AND constrainedQuality==1,0,0.2105263157894737,0.1818181818181818,0.25,36
3-wise,244,33,realtime = 1 AND AutoAltRef = 1 AND lossless = 1,lossless==0 AND realtime==0 AND complexity==1 AND constrainedQuality==0,0,0.0,0.0,0.0,36
4-wise,957,129,realtime = 1 AND AutoAltRef = 1 AND lossless = 1,lossless==1 AND realtime==1 AND AutoAltRef==1,2,1.0,1.0,1.0,36
full,216000,27000,good = 1 AND AutoAltRef = 1 AND FrameBoost = 1,FrameBoost==0,0,0.0,0.0,0.0,37
random_2,34,4,good = 1 AND AutoAltRef = 1 AND FrameBoost = 1,FrameBoost==0 AND realtime==1 AND AutoAltRef==1 AND off==0,0,0.0,0.0,0.0,37
random_5,85,11,good = 1 AND AutoAltRef = 1 AND FrameBoost = 1,TileColumns==6 AND complexity==0 AND cyclicRefresh==0 AND variableBitrate==0,4,0.1052631578947368,0.125,0.0909090909090909,37
random_10,170,27,good = 1 AND AutoAltRef = 1 AND FrameBoost = 1,FrameBoost==1 AND realtime==1 AND AutoAltRef==1 AND off==0,0,0.0,0.0,0.0,37
random_20,340,45,good = 1 AND AutoAltRef = 1 AND FrameBoost = 1,lossless==1 AND FrameBoost==0 AND off==1 AND constantBitrate==1,0,0.0,0.0,0.0,37
2-wise,51,10,good = 1 AND AutoAltRef = 1 AND FrameBoost = 1,lossless==1 AND TileColumns==3,0,0.0,0.0,0.0,37
3-wise,240,35,good = 1 AND AutoAltRef = 1 AND FrameBoost = 1,lossless==1 AND AutoAltRef==0 AND cyclicRefresh==0 AND constantBitrate==0,0,0.0,0.0,0.0,37
4-wise,943,110,good = 1 AND AutoAltRef = 1 AND FrameBoost = 1,FrameBoost==0 AND lagInFrames==0 AND Threads==10 AND realtime==0,0,0.0,0.0,0.0,37
full,216000,27000,good = 1 AND AutoAltRef = 1 AND FrameBoost = 1,FrameBoost==1 AND realtime==0 AND AutoAltRef==1,0,1.0,1.0,1.0,38
random_2,34,6,good = 1 AND AutoAltRef = 1 AND FrameBoost = 1,lossless==1 AND AutoAltRef==1 AND cyclicRefresh==0 AND constrainedQuality==0,3,0.5882352941176471,0.4545454545454545,0.8333333333333334,38
random_5,85,12,good = 1 AND AutoAltRef = 1 AND FrameBoost = 1,TileColumns==3 AND variance==0 AND constantBitrate==0,1,0.0952380952380952,0.1111111111111111,0.0833333333333333,38
random_10,170,26,good = 1 AND AutoAltRef = 1 AND FrameBoost = 1,FrameBoost==1 AND realtime==0 AND AutoAltRef==1,0,1.0,1.0,1.0,38
random_20,340,42,good = 1 AND AutoAltRef = 1 AND FrameBoost = 1,FrameBoost==1 AND realtime==0 AND AutoAltRef==1,0,1.0,1.0,1.0,38
2-wise,53,8,good = 1 AND AutoAltRef = 1 AND FrameBoost = 1,FrameBoost==1 AND realtime==0 AND constrainedQuality==0,0,0.888888888888889,0.8,1.0,38
3-wise,246,18,good = 1 AND AutoAltRef = 1 AND FrameBoost = 1,cpuUsed==2 AND realtime==0 AND off==0,0,0.2702702702702702,0.2631578947368421,0.2777777777777778,38
4-wise,937,104,good = 1 AND AutoAltRef = 1 AND FrameBoost = 1,FrameBoost==1 AND realtime==0 AND AutoAltRef==1,0,1.0,1.0,1.0,38
full,216000,27000,realtime = 1 AND lossless = 1 AND FrameBoost = 1,realtime==0,0,0.0,0.0,0.0,39
random_2,34,2,realtime = 1 AND lossless = 1 AND FrameBoost = 1,cpuUsed==6,0,0.0,0.0,0.0,39
random_5,85,9,realtime = 1 AND lossless = 1 AND FrameBoost = 1,bitRate==1200 AND TileColumns==6 AND cyclicRefresh==0,0,0.0,0.0,0.0,39
random_10,170,21,realtime = 1 AND lossless = 1 AND FrameBoost = 1,bitRate==1200 AND realtime==0 AND cyclicRefresh==0 AND constrainedQuality==0,0,0.0,0.0,0.0,39
random_20,340,41,realtime = 1 AND lossless = 1 AND FrameBoost = 1,FrameBoost==1 AND cpuUsed==0 AND realtime==0 AND complexity==0,0,0.0,0.0,0.0,39
2-wise,53,10,realtime = 1 AND lossless = 1 AND FrameBoost = 1,lossless==0 AND Threads==2,0,0.0,0.0,0.0,39
3-wise,242,28,realtime = 1 AND lossless = 1 AND FrameBoost = 1,cpuUsed==8 AND TileColumns==3 AND complexity==0 AND constantBitrate==0,0,0.0,0.0,0.0,39
4-wise,950,119,realtime = 1 AND lossless = 1 AND FrameBoost = 1,good==1 AND cpuUsed==8 AND variance==1,0,0.0,0.0,0.0,39
full,216000,27000,good = 1 AND AutoAltRef = 1 AND FrameBoost = 1,FrameBoost==0,0,0.0,0.0,0.0,3
random_2,34,3,good = 1 AND AutoAltRef = 1 AND FrameBoost = 1,AutoAltRef==1 AND off==0 AND variableBitrate==0,2,0.1666666666666666,0.1111111111111111,0.3333333333333333,3
random_5,85,11,good = 1 AND AutoAltRef = 1 AND FrameBoost = 1,TileColumns==6 AND constantBitrate==0 AND constrainedQuality==0,0,0.0,0.0,0.0,3
random_10,170,24,good = 1 AND AutoAltRef = 1 AND FrameBoost = 1,FrameBoost==0 AND AutoAltRef==0 AND variance==0 AND cyclicRefresh==0,0,0.0,0.0,0.0,3
random_20,340,40,good = 1 AND AutoAltRef = 1 AND FrameBoost = 1,FrameBoost==1 AND lagInFrames==8 AND TileColumns==0 AND AutoAltRef==0,0,0.0,0.0,0.0,3
2-wise,50,7,good = 1 AND AutoAltRef = 1 AND FrameBoost = 1,realtime==1 AND AutoAltRef==1 AND constantBitrate==0,0,0.0,0.0,0.0,3
3-wise,241,35,good = 1 AND AutoAltRef = 1 AND FrameBoost = 1,TileColumns==6 AND AutoAltRef==0 AND off==0 AND constrainedQuality==0,0,0.0,0.0,0.0,3
4-wise,927,106,good = 1 AND AutoAltRef = 1 AND FrameBoost = 1,FrameBoost==0 AND Threads==10 AND complexity==0 AND variableBitrate==0,0,0.0,0.0,0.0,3
full,216000,27000,realtime = 1 AND lossless = 1 AND FrameBoost = 1,realtime==0,0,0.0,0.0,0.0,40
random_2,34,8,realtime = 1 AND lossless = 1 AND FrameBoost = 1,FrameBoost==0 AND cpuUsed==2,0,0.0,0.0,0.0,40
random_5,85,19,realtime = 1 AND lossless = 1 AND FrameBoost = 1,realtime==0 AND AutoAltRef==0 AND variance==0,0,0.0,0.0,0.0,40
random_10,170,24,realtime = 1 AND lossless = 1 AND FrameBoost = 1,realtime==0 AND AutoAltRef==1 AND cyclicRefresh==0 AND constantBitrate==0,0,0.0,0.0,0.0,40
random_20,340,43,realtime = 1 AND lossless = 1 AND FrameBoost = 1,lossless==1 AND FrameBoost==0 AND lagInFrames==8,0,0.0,0.0,0.0,40
2-wise,51,6,realtime = 1 AND lossless = 1 AND FrameBoost = 1,lagInFrames==16 AND realtime==0 AND cyclicRefresh==0,0,0.0,0.0,0.0,40
3-wise,241,31,realtime = 1 AND lossless = 1 AND FrameBoost = 1,TileColumns==3 AND realtime==1 AND AutoAltRef==0 AND constantBitrate==0,0,0.0,0.0,0.0,40
4-wise,934,127,realtime = 1 AND lossless = 1 AND FrameBoost = 1,lossless==0 AND AutoAltRef==1 AND variance==0 AND variableBitrate==1,0,0.0,0.0,0.0,40
full,216000,27000,good = 1 AND AutoAltRef = 1 AND FrameBoost = 1,FrameBoost==1 AND realtime==0 AND AutoAltRef==1,0,1.0,1.0,1.0,41
random_2,34,4,good = 1 AND AutoAltRef = 1 AND FrameBoost = 1,lagInFrames==0 AND cpuUsed==2,0,0.0,0.0,0.0,41
random_5,85,9,good = 1 AND AutoAltRef = 1 AND FrameBoost = 1,good==1 AND variableBitrate==0 AND constantBitrate==0,0,0.2,0.1428571428571428,0.3333333333333333,41
random_10,170,19,good = 1 AND AutoAltRef = 1 AND FrameBoost = 1,bitRate==1500 AND cyclicRefresh==0 AND constantBitrate==1,0,0.0,0.0,0.0,41
random_20,340,43,good = 1 AND AutoAltRef = 1 AND FrameBoost = 1,realtime==0 AND AutoAltRef==0 AND off==0 AND variableBitrate==1,0,0.0,0.0,0.0,41
2-wise,50,12,good = 1 AND AutoAltRef = 1 AND FrameBoost = 1,variance==0 AND complexity==0 AND variableBitrate==0 AND constantBitrate==1,4,0.1818181818181818,0.2,0.1666666666666666,41
3-wise,239,34,good = 1 AND AutoAltRef = 1 AND FrameBoost = 1,FrameBoost==0 AND lagInFrames==16 AND TileColumns==3 AND AutoAltRef==0,0,0.0,0.0,0.0,41
4-wise,928,107,good = 1 AND AutoAltRef = 1 AND FrameBoost = 1,FrameBoost==1 AND lagInFrames==8 AND AutoAltRef==1 AND variableBitrate==0,4,0.325301204819277,0.4576271186440678,0.2523364485981308,41
full,216000,27000,good = 1 AND AutoAltRef = 1 AND FrameBoost = 1,AutoAltRef==0,0,0.0,0.0,0.0,42
random_2,34,6,good = 1 AND AutoAltRef = 1 AND FrameBoost = 1,lossless==0 AND Threads==4 AND complexity==0,0,0.0,0.0,0.0,42
random_5,85,10,good = 1 AND AutoAltRef = 1 AND FrameBoost = 1,lossless==1 AND cpuUsed==0 AND variableBitrate==0,0,0.0,0.0,0.0,42
random_10,170,24,good = 1 AND AutoAltRef = 1 AND FrameBoost = 1,cpuUsed==4 AND TileColumns==3 AND variableBitrate==0,0,0.0,0.0,0.0,42
random_20,340,37,good = 1 AND AutoAltRef = 1 AND FrameBoost = 1,FrameBoost==1 AND cpuUsed==2 AND realtime==1 AND off==0,0,0.0,0.0,0.0,42
2-wise,56,9,good = 1 AND AutoAltRef = 1 AND FrameBoost = 1,lossless==1 AND realtime==1 AND complexity==0 AND constantBitrate==0,0,0.0,0.0,0.0,42
3-wise,250,32,good = 1 AND AutoAltRef = 1 AND FrameBoost = 1,lagInFrames==16 AND TileColumns==6 AND AutoAltRef==0 AND cyclicRefresh==0,0,0.0,0.0,0.0,42
4-wise,931,111,good = 1 AND AutoAltRef = 1 AND FrameBoost = 1,FrameBoost==0 AND cpuUsed==4 AND TileColumns==6 AND variableBitrate==0,0,0.0,0.0,0.0,42
full,216000,27000,realtime = 1 AND AutoAltRef = 1 AND FrameBoost = 1,realtime==0,0,0.0,0.0,0.0,43
random_2,34,3,realtime = 1 AND AutoAltRef = 1 AND FrameBoost = 1,lagInFrames==8 AND cyclicRefresh==0,0,0.0,0.0,0.0,43
random_5,85,5,realtime = 1 AND AutoAltRef = 1 AND FrameBoost = 1,Threads==8 AND AutoAltRef==1 AND constrainedQuality==0,0,0.0,0.0,0.0,43
random_10,170,13,realtime = 1 AND AutoAltRef = 1 AND FrameBoost = 1,realtime==0 AND AutoAltRef==0 AND variance==0 AND cyclicRefresh==0,0,0.0,0.0,0.0,43
random_20,340,30,realtime = 1 AND AutoAltRef = 1 AND FrameBoost = 1,FrameBoost==0 AND lagInFrames==8 AND bitRate==900,0,0.0,0.0,0.0,43
2-wise,57,4,realtime = 1 AND AutoAltRef = 1 AND FrameBoost = 1,realtime==0 AND AutoAltRef==1 AND complexity==0 AND cyclicRefresh==0,0,0.0,0.0,0.0,43
3-wise,239,34,realtime = 1 AND AutoAltRef = 1 AND FrameBoost = 1,FrameBoost==0 AND TileColumns==6 AND complexity==0 AND constantBitrate==0,0,0.0,0.0,0.0,43
4-wise,932,119,realtime = 1 AND AutoAltRef = 1 AND FrameBoost = 1,good==1 AND cyclicRefresh==0 AND constantBitrate==0 AND constrainedQuality==0,0,0.0,0.0,0.0,43
full,216000,27000,realtime = 1 AND lossless = 1 AND FrameBoost = 1,lossless==0,0,0.0,0.0,0.0,44
random_2,34,2,realtime = 1 AND lossless = 1 AND FrameBoost = 1,FrameBoost==1 AND lagInFrames==16 AND variableBitrate==0,0,0.0,0.0,0.0,44
random_5,85,10,realtime = 1 AND lossless = 1 AND FrameBoost = 1,lossless==0 AND AutoAltRef==1 AND complexity==0 AND constrainedQuality==0,0,0.0,0.0,0.0,44
random_10,170,21,realtime = 1 AND lossless = 1 AND FrameBoost = 1,Threads==4 AND TileColumns==3 AND constantBitrate==0,0,0.0,0.0,0.0,44
random_20,340,37,realtime = 1 AND lossless = 1 AND FrameBoost = 1,FrameBoost==0 AND cpuUsed==0 AND constrainedQuality==0,0,0.0,0.0,0.0,44
2-wise,44,5,realtime = 1 AND lossless = 1 AND FrameBoost = 1,lossless==0 AND AutoAltRef==1 AND variance==1 AND constrainedQuality==0,0,0.0,0.0,0.0,44
3-wise,237,19,realtime = 1 AND lossless = 1 AND FrameBoost = 1,lossless==0 AND bitRate==300 AND AutoAltRef==1 AND complexity==0,0,0.0,0.0,0.0,44
4-wise,932,117,realtime = 1 AND lossless = 1 AND FrameBoost = 1,FrameBoost==0 AND lagInFrames==0 AND constantBitrate==1,0,0.0,0.0,0.0,44
full,216000,27000,good = 1 AND lossless = 1 AND FrameBoost = 1,lossless==1 AND FrameBoost==1 AND realtime==0,0,1.0,1.0,1.0,45
random_2,34,8,good = 1 AND lossless = 1 AND FrameBoost = 1,lagInFrames==8 AND realtime==0 AND complexity==0 AND cyclicRefresh==0,0,0.0,0.0,0.0,45
random_5,85,15,good = 1 AND lossless = 1 AND FrameBoost = 1,FrameBoost==1 AND AutoAltRef==1 AND complexity==0,1,0.2777777777777778,0.238095238095238,0.3333333333333333,45
random_10,170,22,good = 1 AND lossless = 1 AND FrameBoost = 1,TileColumns==6 AND complexity==0 AND constantBitrate==0,3,0.1199999999999999,0.1071428571428571,0.1363636363636363,45
random_20,340,45,good = 1 AND lossless = 1 AND FrameBoost = 1,lossless==0 AND cpuUsed==0 AND variance==0 AND constrainedQuality==1,0,0.0,0.0,0.0,45
2-wise,56,7,good = 1 AND lossless = 1 AND FrameBoost = 1,lossless==0 AND TileColumns==3 AND complexity==0 AND constantBitrate==0,0,0.0,0.0,0.0,45
3-wise,238,20,good = 1 AND lossless = 1 AND FrameBoost = 1,realtime==1 AND AutoAltRef==0 AND variance==1 AND constantBitrate==0,0,0.0,0.0,0.0,45
4-wise,935,114,good = 1 AND lossless = 1 AND FrameBoost = 1,lagInFrames==16 AND bitRate==900 AND TileColumns==6 AND constrainedQuality==0,4,0.0310077519379844,0.1333333333333333,0.0175438596491228,45
full,216000,27000,good = 1 AND AutoAltRef = 1 AND FrameBoost = 1,FrameBoost==1 AND realtime==0 AND AutoAltRef==1,0,1.0,1.0,1.0,46
random_2,34,2,good = 1 AND AutoAltRef = 1 AND FrameBoost = 1,lagInFrames==16 AND variance==0 AND variableBitrate==0,0,0.0,0.0,0.0,46
random_5,85,9,good = 1 AND AutoAltRef = 1 AND FrameBoost = 1,Threads==6 AND variance==1 AND variableBitrate==0,0,0.0,0.0,0.0,46
random_10,170,24,good = 1 AND AutoAltRef = 1 AND FrameBoost = 1,lossless==0 AND TileColumns==3 AND cyclicRefresh==0,1,0.1025641025641025,0.1333333333333333,0.0833333333333333,46
random_20,340,41,good = 1 AND AutoAltRef = 1 AND FrameBoost = 1,FrameBoost==1 AND off==0 AND cyclicRefresh==0 AND constantBitrate==0,3,0.3106796116504854,0.2580645161290322,0.3902439024390244,46
2-wise,49,9,good = 1 AND AutoAltRef = 1 AND FrameBoost = 1,lossless==1 AND AutoAltRef==0 AND variance==0 AND constantBitrate==0,0,0.0,0.0,0.0,46
3-wise,245,28,good = 1 AND AutoAltRef = 1 AND FrameBoost = 1,TileColumns==6 AND off==0 AND cyclicRefresh==0 AND variableBitrate==0,3,0.0909090909090909,0.0789473684210526,0.1071428571428571,46
4-wise,948,134,good = 1 AND AutoAltRef = 1 AND FrameBoost = 1,lagInFrames==16 AND Threads==10 AND realtime==1 AND variance==1,0,0.0,0.0,0.0,46
full,216000,27000,good = 1 AND lossless = 1 AND FrameBoost = 1,lossless==0 AND Threads==2 AND cpuUsed==2 AND constrainedQuality==1,0,0.0,0.0,0.0,47
random_2,34,4,good = 1 AND lossless = 1 AND FrameBoost = 1,bitRate==900 AND AutoAltRef==1 AND off==0,0,0.0,0.0,0.0,47
random_5,85,13,good = 1 AND lossless = 1 AND FrameBoost = 1,Threads==6 AND realtime==1 AND variance==0,0,0.0,0.0,0.0,47
random_10,170,23,good = 1 AND lossless = 1 AND FrameBoost = 1,lossless==1 AND FrameBoost==0 AND cyclicRefresh==1,0,0.0,0.0,0.0,47
random_20,340,44,good = 1 AND lossless = 1 AND FrameBoost = 1,lossless==0 AND Threads==2 AND realtime==0 AND variableBitrate==0,0,0.0,0.0,0.0,47
2-wise,53,6,good = 1 AND lossless = 1 AND FrameBoost = 1,lagInFrames==0 AND constantBitrate==0,4,0.1111111111111111,0.0833333333333333,0.1666666666666666,47
3-wise,246,30,good = 1 AND lossless = 1 AND FrameBoost = 1,lagInFrames==8 AND AutoAltRef==1 AND complexity==0 AND cyclicRefresh==0,0,0.0454545454545454,0.0714285714285714,0.0333333333333333,47
4-wise,931,105,good = 1 AND lossless = 1 AND FrameBoost = 1,lossless==0 AND Threads==8 AND complexity==0 AND variableBitrate==0,0,0.0,0.0,0.0,47
full,216000,27000,AutoAltRef = 1 AND lossless = 1 AND FrameBoost = 1,lossless==1 AND FrameBoost==1 AND AutoAltRef==1,0,1.0,1.0,1.0,48
random_2,34,4,AutoAltRef = 1 AND lossless = 1 AND FrameBoost = 1,complexity==0 AND constrainedQuality==1,0,0.1666666666666666,0.125,0.25,48
random_5,85,11,AutoAltRef = 1 AND lossless = 1 AND FrameBoost = 1,lossless==1 AND bitRate==1500 AND complexity==0,4,0.4,0.3571428571428571,0.4545454545454545,48
random_10,170,23,AutoAltRef = 1 AND lossless = 1 AND FrameBoost = 1,lossless==1 AND FrameBoost==1 AND AutoAltRef==1,0,1.0,1.0,1.0,48
random_20,340,43,AutoAltRef = 1 AND lossless = 1 AND FrameBoost = 1,lossless==1 AND FrameBoost==1 AND AutoAltRef==1,0,1.0,1.0,1.0,48
2-wise,56,11,AutoAltRef = 1 AND lossless = 1 AND FrameBoost = 1,lossless==1 AND AutoAltRef==1,4,0.8148148148148148,0.6875,1.0,48
3-wise,244,33,AutoAltRef = 1 AND lossless = 1 AND FrameBoost = 1,lossless==1 AND FrameBoost==1 AND AutoAltRef==1,0,1.0,1.0,1.0,48
4-wise,938,116,AutoAltRef = 1 AND lossless = 1 AND FrameBoost = 1,lossless==1 AND FrameBoost==1 AND AutoAltRef==1,0,1.0,1.0,1.0,48
full,216000,27000,realtime = 1 AND lossless = 1 AND FrameBoost = 1,lossless==1 AND FrameBoost==1 AND realtime==1,0,1.0,1.0,1.0,49
random_2,34,2,realtime = 1 AND lossless = 1 AND FrameBoost = 1,Threads==4 AND cyclicRefresh==0,1,0.2,0.125,0.5,49
random_5,85,7,realtime = 1 AND lossless = 1 AND FrameBoost = 1,lagInFrames==0 AND TileColumns==6 AND cyclicRefresh==0 AND constrainedQuality==0,3,0.1428571428571428,0.1428571428571428,0.1428571428571428,49
random_10,170,26,realtime = 1 AND lossless = 1 AND FrameBoost = 1,lossless==1 AND complexity==0 AND cyclicRefresh==0 AND constantBitrate==0,4,0.4482758620689655,0.40625,0.5,49
random_20,340,48,realtime = 1 AND lossless = 1 AND FrameBoost = 1,FrameBoost==1 AND realtime==1 AND variance==0 AND variableBitrate==0,4,0.5454545454545454,0.6,0.5,49
2-wise,53,5,realtime = 1 AND lossless = 1 AND FrameBoost = 1,lossless==1 AND FrameBoost==1,4,0.5,0.3333333333333333,1.0,49
3-wise,242,27,realtime = 1 AND lossless = 1 AND FrameBoost = 1,cpuUsed==6 AND realtime==0 AND AutoAltRef==1 AND off==0,0,0.0,0.0,0.0,49
4-wise,958,115,realtime = 1 AND lossless = 1 AND FrameBoost = 1,lossless==1 AND FrameBoost==1 AND realtime==1,0,1.0,1.0,1.0,49
full,216000,27000,realtime = 1 AND lossless = 1 AND FrameBoost = 1,realtime==0,0,0.0,0.0,0.0,4
random_2,34,4,realtime = 1 AND lossless = 1 AND FrameBoost = 1,lossless==1 AND realtime==0 AND complexity==0 AND cyclicRefresh==0,0,0.0,0.0,0.0,4
random_5,85,8,realtime = 1 AND lossless = 1 AND FrameBoost = 1,TileColumns==6 AND realtime==1 AND complexity==0,0,0.0,0.0,0.0,4
random_10,170,21,realtime = 1 AND lossless = 1 AND FrameBoost = 1,good==1 AND bitRate==1500 AND AutoAltRef==0,0,0.0,0.0,0.0,4
random_20,340,43,realtime = 1 AND lossless = 1 AND FrameBoost = 1,lossless==0 AND realtime==1 AND cyclicRefresh==0 AND constrainedQuality==0,0,0.0,0.0,0.0,4
2-wise,53,5,realtime = 1 AND lossless = 1 AND FrameBoost = 1,FrameBoost==0 AND lagInFrames==0 AND variance==0 AND constantBitrate==0,0,0.0,0.0,0.0,4
3-wise,243,38,realtime = 1 AND lossless = 1 AND FrameBoost = 1,realtime==0 AND AutoAltRef==1 AND complexity==1 AND constantBitrate==0,0,0.0,0.0,0.0,4
4-wise,932,115,realtime = 1 AND lossless = 1 AND FrameBoost = 1,lossless==0 AND cpuUsed==8 AND TileColumns==6 AND constantBitrate==1,0,0.0,0.0,0.0,4
full,216000,27000,realtime = 1 AND AutoAltRef = 1 AND FrameBoost = 1,realtime==0,0,0.0,0.0,0.0,50
random_2,34,6,realtime = 1 AND AutoAltRef = 1 AND FrameBoost = 1,lossless==1 AND FrameBoost==0 AND cyclicRefresh==0,0,0.0,0.0,0.0,50
random_5,85,10,realtime = 1 AND AutoAltRef = 1 AND FrameBoost = 1,FrameBoost==0 AND AutoAltRef==1 AND complexity==0 AND constrainedQuality==0,0,0.0,0.0,0.0,50
random_10,170,14,realtime = 1 AND AutoAltRef = 1 AND FrameBoost = 1,FrameBoost==1 AND AutoAltRef==0 AND complexity==0 AND constantBitrate==1,0,0.0,0.0,0.0,50
random_20,340,38,realtime = 1 AND AutoAltRef = 1 AND FrameBoost = 1,lagInFrames==0 AND realtime==0 AND AutoAltRef==1 AND off==0,0,0.0,0.0,0.0,50
2-wise,58,15,realtime = 1 AND AutoAltRef = 1 AND FrameBoost = 1,TileColumns==3 AND AutoAltRef==0 AND cyclicRefresh==0,0,0.0,0.0,0.0,50
3-wise,242,26,realtime = 1 AND AutoAltRef = 1 AND FrameBoost = 1,FrameBoost==1 AND bitRate==900 AND realtime==0 AND variableBitrate==0,0,0.0,0.0,0.0,50
4-wise,948,120,realtime = 1 AND AutoAltRef = 1 AND FrameBoost = 1,FrameBoost==0 AND bitRate==900 AND TileColumns==6 AND constrainedQuality==0,0,0.0,0.0,0.0,50
full,216000,27000,realtime = 1 AND lossless = 1 AND FrameBoost = 1,realtime==0,0,0.0,0.0,0.0,51
random_2,34,5,realtime = 1 AND lossless = 1 AND FrameBoost = 1,FrameBoost==0 AND lagInFrames==0 AND off==0 AND constantBitrate==0,0,0.0,0.0,0.0,51
random_5,85,9,realtime = 1 AND lossless = 1 AND FrameBoost = 1,FrameBoost==1 AND cyclicRefresh==0 AND variableBitrate==0 AND constrainedQuality==0,3,0.1176470588235294,0.125,0.1111111111111111,51
random_10,170,22,realtime = 1 AND lossless = 1 AND FrameBoost = 1,Threads==6 AND realtime==0 AND off==0 AND constantBitrate==1,0,0.0,0.0,0.0,51
random_20,340,44,realtime = 1 AND lossless = 1 AND FrameBoost = 1,cpuUsed==0 AND AutoAltRef==0 AND cyclicRefresh==0,0,0.03125,0.05,0.0227272727272727,51
2-wise,50,6,realtime = 1 AND lossless = 1 AND FrameBoost = 1,TileColumns==3 AND AutoAltRef==0 AND complexity==0,0,0.0,0.0,0.0,51
3-wise,237,29,realtime = 1 AND lossless = 1 AND FrameBoost = 1,FrameBoost==0 AND lagInFrames==16 AND AutoAltRef==1 AND cyclicRefresh==0,0,0.0,0.0,0.0,51
4-wise,953,104,realtime = 1 AND lossless = 1 AND FrameBoost = 1,lossless==0 AND FrameBoost==1 AND variance==1 AND variableBitrate==0,0,0.0,0.0,0.0,51
full,216000,27000,realtime = 1 AND lossless = 1 AND FrameBoost = 1,lossless==0,0,0.0,0.0,0.0,52
random_2,34,8,realtime = 1 AND lossless = 1 AND FrameBoost = 1,lagInFrames==8 AND variance==0,0,0.0,0.0,0.0,52
random_5,85,18,realtime = 1 AND lossless = 1 AND FrameBoost = 1,FrameBoost==0 AND AutoAltRef==0 AND complexity==0 AND cyclicRefresh==0,0,0.0,0.0,0.0,52
random_10,170,25,realtime = 1 AND lossless = 1 AND FrameBoost = 1,lossless==0 AND cpuUsed==0 AND constrainedQuality==0,0,0.0,0.0,0.0,52
random_20,340,49,realtime = 1 AND lossless = 1 AND FrameBoost = 1,lossless==0 AND off==0 AND cyclicRefresh==0 AND constrainedQuality==1,0,0.0,0.0,0.0,52
2-wise,50,7,realtime = 1 AND lossless = 1 AND FrameBoost = 1,Threads==10 AND cyclicRefresh==0 AND constrainedQuality==0,3,0.1333333333333333,0.125,0.1428571428571428,52
3-wise,244,23,realtime = 1 AND lossless = 1 AND FrameBoost = 1,cpuUsed==4 AND off==0 AND constantBitrate==1,0,0.0,0.0,0.0,52
4-wise,938,114,realtime = 1 AND lossless = 1 AND FrameBoost = 1,lossless==0 AND AutoAltRef==0 AND constantBitrate==1,0,0.0,0.0,0.0,52
full,216000,27000,realtime = 1 AND lossless = 1 AND FrameBoost = 1,FrameBoost==0,0,0.0,0.0,0.0,53
random_2,34,6,realtime = 1 AND lossless = 1 AND FrameBoost = 1,lagInFrames==0 AND realtime==0 AND cyclicRefresh==0 AND constantBitrate==0,0,0.0,0.0,0.0,53
random_5,85,15,realtime = 1 AND lossless = 1 AND FrameBoost = 1,FrameBoost==1 AND realtime==0 AND cyclicRefresh==0 AND constantBitrate==0,0,0.0,0.0,0.0,53
random_10,170,27,realtime = 1 AND lossless = 1 AND FrameBoost = 1,lossless==1 AND FrameBoost==0 AND constantBitrate==0,0,0.0,0.0,0.0,53
random_20,340,36,realtime = 1 AND lossless = 1 AND FrameBoost = 1,lagInFrames==8 AND Threads==8 AND variance==0,3,0.074074074074074,0.1111111111111111,0.0555555555555555,53
2-wise,52,4,realtime = 1 AND lossless = 1 AND FrameBoost = 1,lagInFrames==16 AND off==0 AND variance==0,0,0.0,0.0,0.0,53
3-wise,247,29,realtime = 1 AND lossless = 1 AND FrameBoost = 1,good==1 AND bitRate==300 AND constantBitrate==1,0,0.0,0.0,0.0,53
4-wise,940,109,realtime = 1 AND lossless = 1 AND FrameBoost = 1,Threads==2 AND TileColumns==6 AND realtime==0 AND variableBitrate==0,0,0.0,0.0,0.0,53
full,216000,27000,realtime = 1 AND lossless = 1 AND FrameBoost = 1,lossless==1 AND FrameBoost==1 AND realtime==1,0,1.0,1.0,1.0,54
random_2,34,3,realtime = 1 AND lossless = 1 AND FrameBoost = 1,FrameBoost==0 AND lagInFrames==16,0,0.0,0.0,0.0,54
random_5,85,13,realtime = 1 AND lossless = 1 AND FrameBoost = 1,FrameBoost==0 AND off==0 AND complexity==0 AND variableBitrate==1,0,0.0,0.0,0.0,54
random_10,170,25,realtime = 1 AND lossless = 1 AND FrameBoost = 1,TileColumns==3 AND realtime==0 AND AutoAltRef==0 AND variance==0,0,0.0,0.0,0.0,54
random_20,340,44,realtime = 1 AND lossless = 1 AND FrameBoost = 1,FrameBoost==0 AND realtime==1 AND variance==0 AND complexity==0,0,0.0,0.0,0.0,54
2-wise,53,9,realtime = 1 AND lossless = 1 AND FrameBoost = 1,FrameBoost==0 AND realtime==1 AND complexity==0 AND constrainedQuality==0,0,0.0,0.0,0.0,54
3-wise,237,31,realtime = 1 AND lossless = 1 AND FrameBoost = 1,FrameBoost==0 AND AutoAltRef==0 AND complexity==1 AND constantBitrate==0,0,0.0,0.0,0.0,54
4-wise,927,116,realtime = 1 AND lossless = 1 AND FrameBoost = 1,bitRate==300 AND Threads==8 AND realtime==0 AND off==0,0,0.0,0.0,0.0,54
full,216000,27000,realtime = 1 AND AutoAltRef = 1 AND FrameBoost = 1,AutoAltRef==0,0,0.0,0.0,0.0,55
random_2,34,1,realtime = 1 AND AutoAltRef = 1 AND FrameBoost = 1,lagInFrames==16 AND variance==0 AND variableBitrate==0,0,0.0,0.0,0.0,55
random_5,85,5,realtime = 1 AND AutoAltRef = 1 AND FrameBoost = 1,bitRate==900 AND realtime==0 AND complexity==0,0,0.0,0.0,0.0,55
random_10,170,14,realtime = 1 AND AutoAltRef = 1 AND FrameBoost = 1,lossless==0 AND realtime==0 AND variance==0 AND constantBitrate==0,0,0.0,0.0,0.0,55
random_20,340,37,realtime = 1 AND AutoAltRef = 1 AND FrameBoost = 1,lossless==1 AND FrameBoost==0 AND cpuUsed==0 AND complexity==0,0,0.0,0.0,0.0,55
2-wise,53,4,realtime = 1 AND AutoAltRef = 1 AND FrameBoost = 1,cpuUsed==2 AND variance==0 AND cyclicRefresh==0 AND variableBitrate==0,0,0.0,0.0,0.0,55
3-wise,244,25,realtime = 1 AND AutoAltRef = 1 AND FrameBoost = 1,FrameBoost==0 AND bitRate==1500 AND realtime==1 AND constantBitrate==0,0,0.0,0.0,0.0,55
4-wise,917,107,realtime = 1 AND AutoAltRef = 1 AND FrameBoost = 1,FrameBoost==1 AND bitRate==1500 AND AutoAltRef==0 AND constrainedQuality==0,0,0.0,0.0,0.0,55
full,216000,27000,AutoAltRef = 1 AND lossless = 1 AND FrameBoost = 1,FrameBoost==0,0,0.0,0.0,0.0,56
random_2,34,5,AutoAltRef = 1 AND lossless = 1 AND FrameBoost = 1,good==1 AND cyclicRefresh==0 AND constantBitrate==0 AND constrainedQuality==0,0,0.0,0.0,0.0,56
random_5,85,11,AutoAltRef = 1 AND lossless = 1 AND FrameBoost = 1,lossless==0 AND realtime==1,0,0.0,0.0,0.0,56
random_10,170,26,AutoAltRef = 1 AND lossless = 1 AND FrameBoost = 1,lossless==0 AND lagInFrames==8 AND off==0 AND variableBitrate==0,0,0.0,0.0,0.0,56
random_20,340,40,AutoAltRef = 1 AND lossless = 1 AND FrameBoost = 1,FrameBoost==0 AND bitRate==900 AND complexity==0 AND constantBitrate==0,0,0.0,0.0,0.0,56
2-wise,54,5,AutoAltRef = 1 AND lossless = 1 AND FrameBoost = 1,realtime==0 AND off==0 AND cyclicRefresh==0 AND constrainedQuality==0,4,0.125,0.0909090909090909,0.2,56
3-wise,237,26,AutoAltRef = 1 AND lossless = 1 AND FrameBoost = 1,FrameBoost==0 AND lagInFrames==16 AND variance==0 AND constrainedQuality==1,0,0.0,0.0,0.0,56
4-wise,950,135,AutoAltRef = 1 AND lossless = 1 AND FrameBoost = 1,lossless==0 AND FrameBoost==0 AND realtime==0 AND off==0,0,0.0,0.0,0.0,56
full,216000,27000,good = 1 AND AutoAltRef = 1 AND FrameBoost = 1,FrameBoost==1 AND realtime==0 AND AutoAltRef==1,0,1.0,1.0,1.0,57
random_2,34,2,good = 1 AND AutoAltRef = 1 AND FrameBoost = 1,lossless==1 AND AutoAltRef==1 AND off==0,0,0.5,0.3333333333333333,1.0,57
random_5,85,5,good = 1 AND AutoAltRef = 1 AND FrameBoost = 1,lossless==1 AND FrameBoost==1,0,0.3636363636363636,0.2352941176470588,0.8,57
random_10,170,19,good = 1 AND AutoAltRef = 1 AND FrameBoost = 1,bitRate==900 AND variableBitrate==0 AND constrainedQuality==0,3,0.0666666666666666,0.0909090909090909,0.0526315789473684,57
random_20,340,33,good = 1 AND AutoAltRef = 1 AND FrameBoost = 1,lossless==1 AND TileColumns==0 AND AutoAltRef==1 AND variableBitrate==0,3,0.3225806451612903,0.3448275862068966,0.303030303030303,57
2-wise,52,4,good = 1 AND AutoAltRef = 1 AND FrameBoost = 1,lossless==1 AND AutoAltRef==1 AND variance==0 AND cyclicRefresh==0,3,0.3999999999999999,0.2727272727272727,0.75,57
3-wise,245,25,good = 1 AND AutoAltRef = 1 AND FrameBoost = 1,Threads==2 AND cyclicRefresh==0 AND constrainedQuality==0,4,0.2545454545454545,0.2333333333333333,0.28,57
4-wise,957,110,good = 1 AND AutoAltRef = 1 AND FrameBoost = 1,FrameBoost==1 AND realtime==0 AND AutoAltRef==1,3,1.0,1.0,1.0,57
full,216000,27000,realtime = 1 AND AutoAltRef = 1 AND lossless = 1,lossless==1 AND realtime==1 AND AutoAltRef==1,0,1.0,1.0,1.0,58
random_2,34,3,realtime = 1 AND AutoAltRef = 1 AND lossless = 1,lagInFrames==8 AND realtime==0 AND off==0,0,0.0,0.0,0.0,58
random_5,85,8,realtime = 1 AND AutoAltRef = 1 AND lossless = 1,FrameBoost==1 AND TileColumns==0 AND variance==0 AND complexity==0,0,0.125,0.125,0.125,58
random_10,170,14,realtime = 1 AND AutoAltRef = 1 AND lossless = 1,FrameBoost==0 AND Threads==4 AND realtime==0 AND off==0,0,0.0,0.0,0.0,58
random_20,340,32,realtime = 1 AND AutoAltRef = 1 AND lossless = 1,bitRate==1200 AND TileColumns==6 AND cyclicRefresh==0 AND constantBitrate==0,0,0.0,0.0,0.0,58
2-wise,51,7,realtime = 1 AND AutoAltRef = 1 AND lossless = 1,TileColumns==6 AND realtime==0,0,0.0,0.0,0.0,58
3-wise,243,36,realtime = 1 AND AutoAltRef = 1 AND lossless = 1,lagInFrames==8 AND realtime==0 AND AutoAltRef==1 AND complexity==0,0,0.0,0.0,0.0,58
4-wise,938,127,realtime = 1 AND AutoAltRef = 1 AND lossless = 1,FrameBoost==0 AND lagInFrames==0 AND TileColumns==6 AND cyclicRefresh==0,0,0.0628930817610062,0.15625,0.0393700787401574,58
full,216000,27000,AutoAltRef = 1 AND lossless = 1 AND FrameBoost = 1,lossless==1 AND FrameBoost==1 AND AutoAltRef==1,0,1.0,1.0,1.0,59
random_2,34,4,AutoAltRef = 1 AND lossless = 1 AND FrameBoost = 1,FrameBoost==1 AND realtime==1,0,0.5714285714285715,0.4,1.0,59
random_5,85,7,AutoAltRef = 1 AND lossless = 1 AND FrameBoost = 1,lossless==1 AND cpuUsed==0,4,0.1428571428571428,0.1428571428571428,0.1428571428571428,59
random_10,170,20,AutoAltRef = 1 AND lossless = 1 AND FrameBoost = 1,cpuUsed==6 AND AutoAltRef==0 AND constantBitrate==0 AND constrainedQuality==0,0,0.0,0.0,0.0,59
random_20,340,49,AutoAltRef = 1 AND lossless = 1 AND FrameBoost = 1,lossless==1 AND FrameBoost==1 AND AutoAltRef==1,2,1.0,1.0,1.0,59
2-wise,47,3,AutoAltRef = 1 AND lossless = 1 AND FrameBoost = 1,TileColumns==6 AND AutoAltRef==1,0,0.5454545454545454,0.375,1.0,59
3-wise,235,27,AutoAltRef = 1 AND lossless = 1 AND FrameBoost = 1,lossless==1 AND AutoAltRef==1,3,0.6506024096385542,0.4821428571428571,1.0,59
4-wise,942,120,AutoAltRef = 1 AND lossless = 1 AND FrameBoost = 1,lossless==1 AND FrameBoost==1 AND AutoAltRef==1,0,1.0,1.0,1.0,59
full,216000,27000,good = 1 AND AutoAltRef = 1 AND FrameBoost = 1,FrameBoost==0,0,0.0,0.0,0.0,5
random_2,34,3,good = 1 AND AutoAltRef = 1 AND FrameBoost = 1,lagInFrames==8 AND realtime==0,0,0.0,0.0,0.0,5
random_5,85,12,good = 1 AND AutoAltRef = 1 AND FrameBoost = 1,FrameBoost==1 AND realtime==1 AND cyclicRefresh==0,0,0.0,0.0,0.0,5
random_10,170,25,good = 1 AND AutoAltRef = 1 AND FrameBoost = 1,Threads==8 AND realtime==1 AND off==0 AND constrainedQuality==0,0,0.0,0.0,0.0,5
random_20,340,48,good = 1 AND AutoAltRef = 1 AND FrameBoost = 1,lagInFrames==16 AND TileColumns==3 AND realtime==1,0,0.0,0.0,0.0,5
2-wise,51,4,good = 1 AND AutoAltRef = 1 AND FrameBoost = 1,FrameBoost==0 AND realtime==0 AND off==0 AND variance==0,0,0.0,0.0,0.0,5
3-wise,238,35,good = 1 AND AutoAltRef = 1 AND FrameBoost = 1,FrameBoost==0 AND realtime==1 AND off==0 AND constantBitrate==1,0,0.0,0.0,0.0,5
4-wise,945,108,good = 1 AND AutoAltRef = 1 AND FrameBoost = 1,lossless==1 AND Threads==2 AND realtime==1 AND variableBitrate==0,0,0.0,0.0,0.0,5
full,216000,27000,realtime = 1 AND lossless = 1 AND FrameBoost = 1,lossless==1 AND FrameBoost==1 AND realtime==1,0,1.0,1.0,1.0,60
random_2,34,3,realtime = 1 AND lossless = 1 AND FrameBoost = 1,realtime==0 AND AutoAltRef==0 AND off==0,0,0.0,0.0,0.0,60
random_5,85,10,realtime = 1 AND lossless = 1 AND FrameBoost = 1,lagInFrames==8 AND TileColumns==3 AND variance==0,3,0.1052631578947368,0.1111111111111111,0.1,60
random_10,170,23,realtime = 1 AND lossless = 1 AND FrameBoost = 1,bitRate==300 AND AutoAltRef==1 AND off==0 AND variableBitrate==0,0,0.1111111111111111,0.1538461538461538,0.0869565217391304,60
random_20,340,48,realtime = 1 AND lossless = 1 AND FrameBoost = 1,lossless==1 AND FrameBoost==1 AND realtime==1,3,1.0,1.0,1.0,60
2-wise,48,4,realtime = 1 AND lossless = 1 AND FrameBoost = 1,FrameBoost==0 AND AutoAltRef==1 AND variance==0 AND variableBitrate==0,0,0.0,0.0,0.0,60
3-wise,241,41,realtime = 1 AND lossless = 1 AND FrameBoost = 1,lossless==1 AND lagInFrames==16 AND AutoAltRef==1 AND constrainedQuality==0,3,0.1111111111111111,0.2307692307692307,0.073170731707317,60
4-wise,934,122,realtime = 1 AND lossless = 1 AND FrameBoost = 1,lossless==1 AND FrameBoost==1 AND realtime==1,0,1.0,1.0,1.0,60
full,216000,27000,realtime = 1 AND AutoAltRef = 1 AND FrameBoost = 1,FrameBoost==0,0,0.0,0.0,0.0,61
random_2,34,6,realtime = 1 AND AutoAltRef = 1 AND FrameBoost = 1,good==1 AND realtime==0 AND constantBitrate==1,0,0.0,0.0,0.0,61
random_5,85,10,realtime = 1 AND AutoAltRef = 1 AND FrameBoost = 1,Threads==10 AND off==0 AND variance==0,0,0.0,0.0,0.0,61
random_10,170,20,realtime = 1 AND AutoAltRef = 1 AND FrameBoost = 1,TileColumns==6 AND realtime==0 AND complexity==0 AND constantBitrate==0,0,0.0,0.0,0.0,61
random_20,340,45,realtime = 1 AND AutoAltRef = 1 AND FrameBoost = 1,lossless==0 AND FrameBoost==0 AND lagInFrames==8 AND cyclicRefresh==0,0,0.0,0.0,0.0,61
2-wise,49,3,realtime = 1 AND AutoAltRef = 1 AND FrameBoost = 1,TileColumns==3 AND complexity==0 AND constrainedQuality==0,0,0.0,0.0,0.0,61
3-wise,233,27,realtime = 1 AND AutoAltRef = 1 AND FrameBoost = 1,lossless==0 AND FrameBoost==0 AND realtime==0 AND variance==0,0,0.0,0.0,0.0,61
4-wise,941,125,realtime = 1 AND AutoAltRef = 1 AND FrameBoost = 1,bitRate==1200 AND TileColumns==3 AND AutoAltRef==0 AND variance==0,0,0.0,0.0,0.0,61
full,216000,27000,realtime = 1 AND AutoAltRef = 1 AND lossless = 1,realtime==0,0,0.0,0.0,0.0,62
random_2,34,2,realtime = 1 AND AutoAltRef = 1 AND lossless = 1,cpuUsed==2,0,0.0,0.0,0.0,62
random_5,85,4,realtime = 1 AND AutoAltRef = 1 AND lossless = 1,cpuUsed==6 AND AutoAltRef==0,0,0.0,0.0,0.0,62
random_10,170,12,realtime = 1 AND AutoAltRef = 1 AND lossless = 1,Threads==6 AND realtime==0 AND off==0 AND constrainedQuality==0,0,0.0,0.0,0.0,62
random_20,340,31,realtime = 1 AND AutoAltRef = 1 AND lossless = 1,FrameBoost==0 AND bitRate==1200 AND off==0 AND cyclicRefresh==0,2,0.0727272727272727,0.0833333333333333,0.064516129032258,62
2-wise,52,6,realtime = 1 AND AutoAltRef = 1 AND lossless = 1,TileColumns==0 AND realtime==0 AND variance==0 AND constrainedQuality==0,0,0.0,0.0,0.0,62
3-wise,234,35,realtime = 1 AND AutoAltRef = 1 AND lossless = 1,lagInFrames==8 AND off==0 AND cyclicRefresh==0 AND variableBitrate==1,0,0.0416666666666666,0.0769230769230769,0.0285714285714285,62
4-wise,933,138,realtime = 1 AND AutoAltRef = 1 AND lossless = 1,lagInFrames==16 AND cpuUsed==6 AND AutoAltRef==0 AND constrainedQuality==0,0,0.0,0.0,0.0,62
full,216000,27000,good = 1 AND AutoAltRef = 1 AND FrameBoost = 1,FrameBoost==1 AND realtime==0 AND AutoAltRef==1,0,1.0,1.0,1.0,63
random_2,34,6,good = 1 AND AutoAltRef = 1 AND FrameBoost = 1,lagInFrames==0 AND cyclicRefresh==0,3,0.1666666666666666,0.1666666666666666,0.1666666666666666,63
random_5,85,12,good = 1 AND AutoAltRef = 1 AND FrameBoost = 1,lossless==0 AND FrameBoost==1 AND lagInFrames==16 AND variance==0,0,0.2727272727272727,0.3,0.25,63
random_10,170,19,good = 1 AND AutoAltRef = 1 AND FrameBoost = 1,FrameBoost==1 AND cpuUsed==6 AND complexity==0 AND cyclicRefresh==0,1,0.1764705882352941,0.2,0.1578947368421052,63
random_20,340,37,good = 1 AND AutoAltRef = 1 AND FrameBoost = 1,lossless==0 AND realtime==0 AND off==0 AND constrainedQuality==0,4,0.2439024390243902,0.2222222222222222,0.2702702702702703,63
2-wise,51,7,good = 1 AND AutoAltRef = 1 AND FrameBoost = 1,realtime==1 AND off==0 AND constrainedQuality==0,0,0.0,0.0,0.0,63
3-wise,240,25,good = 1 AND AutoAltRef = 1 AND FrameBoost = 1,lossless==0 AND AutoAltRef==1 AND complexity==0 AND cyclicRefresh==0,3,0.3188405797101449,0.25,0.44,63
4-wise,957,128,good = 1 AND AutoAltRef = 1 AND FrameBoost = 1,FrameBoost==1 AND realtime==0 AND AutoAltRef==1,0,1.0,1.0,1.0,63
full,216000,27000,realtime = 1 AND AutoAltRef = 1 AND lossless = 1,lossless==0,0,0.0,0.0,0.0,64
random_2,34,2,realtime = 1 AND AutoAltRef = 1 AND lossless = 1,FrameBoost==0 AND realtime==0 AND variance==0 AND constantBitrate==0,0,0.0,0.0,0.0,64
random_5,85,11,realtime = 1 AND AutoAltRef = 1 AND lossless = 1,Threads==2 AND AutoAltRef==1 AND cyclicRefresh==0 AND variableBitrate==0,0,0.0,0.0,0.0,64
random_10,170,23,realtime = 1 AND AutoAltRef = 1 AND lossless = 1,Threads==2 AND complexity==0 AND constantBitrate==1,0,0.0,0.0,0.0,64
random_20,340,48,realtime = 1 AND AutoAltRef = 1 AND lossless = 1,Threads==6 AND AutoAltRef==1 AND variance==0 AND constrainedQuality==1,2,0.0923076923076923,0.1764705882352941,0.0625,64
2-wise,51,9,realtime = 1 AND AutoAltRef = 1 AND lossless = 1,lagInFrames==8 AND realtime==0 AND constantBitrate==0,0,0.0,0.0,0.0,64
3-wise,241,35,realtime = 1 AND AutoAltRef = 1 AND lossless = 1,TileColumns==0 AND realtime==0 AND complexity==0 AND variableBitrate==0,0,0.0,0.0,0.0,64
4-wise,956,116,realtime = 1 AND AutoAltRef = 1 AND lossless = 1,AutoAltRef==0 AND variance==0 AND complexity==0 AND constrainedQuality==0,0,0.0,0.0,0.0,64
full,216000,27000,good = 1 AND lossless = 1 AND FrameBoost = 1,lossless==0,0,0.0,0.0,0.0,65
random_2,34,5,good = 1 AND lossless = 1 AND FrameBoost = 1,bitRate==1200 AND AutoAltRef==0,0,0.1666666666666666,0.1428571428571428,0.2,65
random_5,85,13,good = 1 AND lossless = 1 AND FrameBoost = 1,Threads==4 AND variance==0 AND constantBitrate==0,0,0.0,0.0,0.0,65
random_10,170,25,good = 1 AND lossless = 1 AND FrameBoost = 1,FrameBoost==0 AND cpuUsed==8 AND off==0 AND complexity==0,0,0.0,0.0,0.0,65
random_20,340,43,good = 1 AND lossless = 1 AND FrameBoost = 1,lossless==0 AND FrameBoost==1 AND bitRate==300 AND complexity==0,0,0.0,0.0,0.0,65
2-wise,50,6,good = 1 AND lossless = 1 AND FrameBoost = 1,variance==0 AND cyclicRefresh==0 AND constrainedQuality==1,2,0.1666666666666666,0.1666666666666666,0.1666666666666666,65
3-wise,246,34,good = 1 AND lossless = 1 AND FrameBoost = 1,lossless==0 AND lagInFrames==0 AND TileColumns==3 AND off==0,0,0.0,0.0,0.0,65
4-wise,942,117,good = 1 AND lossless = 1 AND FrameBoost = 1,cpuUsed==0 AND off==1 AND cyclicRefresh==0 AND constrainedQuality==1,2,0.0150375939849624,0.0625,0.0085470085470085,65
full,216000,27000,AutoAltRef = 1 AND lossless = 1 AND FrameBoost = 1,lossless==0,0,0.0,0.0,0.0,66
random_2,34,4,AutoAltRef = 1 AND lossless = 1 AND FrameBoost = 1,FrameBoost==0 AND TileColumns==0 AND off==0,0,0.0,0.0,0.0,66
random_5,85,4,AutoAltRef = 1 AND lossless = 1 AND FrameBoost = 1,TileColumns==6 AND realtime==1 AND AutoAltRef==0 AND off==0,0,0.0,0.0,0.0,66
random_10,170,15,AutoAltRef = 1 AND lossless = 1 AND FrameBoost = 1,FrameBoost==0 AND bitRate==1500 AND constrainedQuality==0,0,0.0,0.0,0.0,66
random_20,340,40,AutoAltRef = 1 AND lossless = 1 AND FrameBoost = 1,FrameBoost==0 AND lagInFrames==8 AND cpuUsed==4 AND variance==0,0,0.0,0.0,0.0,66
2-wise,55,7,AutoAltRef = 1 AND lossless = 1 AND FrameBoost = 1,FrameBoost==0 AND TileColumns==0 AND constantBitrate==0,0,0.0,0.0,0.0,66
3-wise,237,33,AutoAltRef = 1 AND lossless = 1 AND FrameBoost = 1,lossless==0 AND bitRate==900 AND variance==0 AND constrainedQuality==0,0,0.0,0.0,0.0,66
4-wise,924,96,AutoAltRef = 1 AND lossless = 1 AND FrameBoost = 1,FrameBoost==0 AND AutoAltRef==1 AND cyclicRefresh==0 AND variableBitrate==1,0,0.0,0.0,0.0,66
full,216000,27000,realtime = 1 AND AutoAltRef = 1 AND FrameBoost = 1,realtime==0,0,0.0,0.0,0.0,67
random_2,34,4,realtime = 1 AND AutoAltRef = 1 AND FrameBoost = 1,lossless==1 AND FrameBoost==1 AND variance==0,0,0.0,0.0,0.0,67
random_5,85,10,realtime = 1 AND AutoAltRef = 1 AND FrameBoost = 1,lossless==1 AND Threads==8 AND AutoAltRef==0 AND variance==0,0,0.0,0.0,0.0,67
random_10,170,24,realtime = 1 AND AutoAltRef = 1 AND FrameBoost = 1,FrameBoost==0 AND TileColumns==6 AND off==0,0,0.0,0.0,0.0,67
random_20,340,47,realtime = 1 AND AutoAltRef = 1 AND FrameBoost = 1,lagInFrames==16 AND realtime==1 AND AutoAltRef==0 AND cyclicRefresh==0,0,0.0,0.0,0.0,67
2-wise,57,12,realtime = 1 AND AutoAltRef = 1 AND FrameBoost = 1,FrameBoost==0 AND TileColumns==6 AND off==0 AND variance==0,0,0.0,0.0,0.0,67
3-wise,239,27,realtime = 1 AND AutoAltRef = 1 AND FrameBoost = 1,lossless==0 AND Threads==8 AND cyclicRefresh==0 AND constantBitrate==0,0,0.0952380952380952,0.1333333333333333,0.074074074074074,67
4-wise,953,118,realtime = 1 AND AutoAltRef = 1 AND FrameBoost = 1,lossless==1 AND cpuUsed==6 AND AutoAltRef==0 AND constrainedQuality==0,0,0.0,0.0,0.0,67
full,216000,27000,realtime = 1 AND AutoAltRef = 1 AND lossless = 1,lossless==1 AND realtime==1 AND AutoAltRef==1,0,1.0,1.0,1.0,68
random_2,34,7,realtime = 1 AND AutoAltRef = 1 AND lossless = 1,Threads==8 AND cyclicRefresh==0 AND variableBitrate==0,0,0.0,0.0,0.0,68
random_5,85,14,realtime = 1 AND AutoAltRef = 1 AND lossless = 1,lossless==1 AND Threads==6,4,0.0869565217391304,0.1111111111111111,0.0714285714285714,68
random_10,170,20,realtime = 1 AND AutoAltRef = 1 AND lossless = 1,cpuUsed==6 AND TileColumns==0 AND constantBitrate==0,4,0.1176470588235294,0.1428571428571428,0.1,68
random_20,340,45,realtime = 1 AND AutoAltRef = 1 AND lossless = 1,lossless==0 AND cpuUsed==6 AND off==0 AND constrainedQuality==0,0,0.0,0.0,0.0,68
2-wise,55,5,realtime = 1 AND AutoAltRef = 1 AND lossless = 1,lagInFrames==8 AND complexity==0 AND variableBitrate==0,1,0.2666666666666666,0.2,0.4,68
3-wise,245,28,realtime = 1 AND AutoAltRef = 1 AND lossless = 1,cpuUsed==4 AND TileColumns==6 AND constantBitrate==0,3,0.1904761904761904,0.2857142857142857,0.1428571428571428,68
4-wise,950,117,realtime = 1 AND AutoAltRef = 1 AND lossless = 1,lagInFrames==8 AND cpuUsed==2 AND AutoAltRef==1 AND off==0,0,0.0289855072463768,0.0952380952380952,0.017094017094017,68
full,216000,27000,good = 1 AND AutoAltRef = 1 AND FrameBoost = 1,FrameBoost==1 AND lagInFrames==8 AND Threads==8,4,0.1052631578947368,0.25,0.0666666666666666,69
random_2,34,5,good = 1 AND AutoAltRef = 1 AND FrameBoost = 1,lossless==1 AND AutoAltRef==0 AND cyclicRefresh==0 AND variableBitrate==0,0,0.0,0.0,0.0,69
random_5,85,12,good = 1 AND AutoAltRef = 1 AND FrameBoost = 1,Threads==6 AND TileColumns==0 AND complexity==0 AND variableBitrate==0,0,0.0,0.0,0.0,69
random_10,170,21,good = 1 AND AutoAltRef = 1 AND FrameBoost = 1,FrameBoost==0 AND variance==0 AND constrainedQuality==1,0,0.0,0.0,0.0,69
random_20,340,42,good = 1 AND AutoAltRef = 1 AND FrameBoost = 1,FrameBoost==0 AND lagInFrames==0 AND off==0 AND constantBitrate==0,0,0.0,0.0,0.0,69
2-wise,54,7,good = 1 AND AutoAltRef = 1 AND FrameBoost = 1,off==0 AND variance==1 AND cyclicRefresh==0 AND variableBitrate==0,3,0.125,0.1111111111111111,0.1428571428571428,69
3-wise,237,32,good = 1 AND AutoAltRef = 1 AND FrameBoost = 1,Threads==6 AND variance==0 AND complexity==0 AND variableBitrate==1,0,0.0476190476190476,0.1,0.03125,69
4-wise,929,94,good = 1 AND AutoAltRef = 1 AND FrameBoost = 1,lossless==0 AND cpuUsed==8 AND TileColumns==3 AND variance==0,1,0.0840336134453781,0.2,0.0531914893617021,69
full,216000,27000,good = 1 AND AutoAltRef = 1 AND lossless = 1,lossless==0,0,0.0,0.0,0.0,6
random_2,34,6,good = 1 AND AutoAltRef = 1 AND lossless = 1,realtime==1 AND variance==0 AND constantBitrate==0,0,0.0,0.0,0.0,6
random_5,85,16,good = 1 AND AutoAltRef = 1 AND lossless = 1,bitRate==600 AND variance==0 AND cyclicRefresh==0,0,0.0769230769230769,0.1,0.0625,6
random_10,170,26,good = 1 AND AutoAltRef = 1 AND lossless = 1,TileColumns==6 AND variance==1 AND complexity==0 AND cyclicRefresh==0,0,0.0,0.0,0.0,6
random_20,340,41,good = 1 AND AutoAltRef = 1 AND lossless = 1,realtime==0 AND AutoAltRef==0 AND off==0 AND constantBitrate==0,0,0.0,0.0,0.0,6
2-wise,50,5,good = 1 AND AutoAltRef = 1 AND lossless = 1,FrameBoost==1 AND Threads==4 AND constantBitrate==0,0,0.0,0.0,0.0,6
3-wise,258,30,good = 1 AND AutoAltRef = 1 AND lossless = 1,FrameBoost==1 AND complexity==0 AND constantBitrate==1 AND constrainedQuality==0,3,0.0909090909090909,0.0833333333333333,0.1,6
4-wise,944,100,good = 1 AND AutoAltRef = 1 AND lossless = 1,FrameBoost==0 AND realtime==1 AND complexity==0 AND constrainedQuality==0,0,0.0,0.0,0.0,6
full,216000,27000,realtime = 1 AND lossless = 1 AND FrameBoost = 1,lossless==1 AND FrameBoost==1 AND realtime==1,0,1.0,1.0,1.0,70
random_2,34,1,realtime = 1 AND lossless = 1 AND FrameBoost = 1,lossless==0 AND cyclicRefresh==0 AND constantBitrate==0 AND constrainedQuality==0,0,0.0,0.0,0.0,70
random_5,85,6,realtime = 1 AND lossless = 1 AND FrameBoost = 1,Threads==10 AND off==0 AND constantBitrate==0,1,0.1111111111111111,0.0833333333333333,0.1666666666666666,70
random_10,170,15,realtime = 1 AND lossless = 1 AND FrameBoost = 1,Threads==4 AND off==0 AND variance==0 AND constantBitrate==0,0,0.0,0.0,0.0,70
random_20,340,35,realtime = 1 AND lossless = 1 AND FrameBoost = 1,lossless==1 AND AutoAltRef==0 AND off==1 AND constrainedQuality==0,2,0.1176470588235293,0.1875,0.0857142857142857,70
2-wise,53,3,realtime = 1 AND lossless = 1 AND FrameBoost = 1,lagInFrames==16 AND realtime==1 AND off==0 AND variableBitrate==0,0,0.2,0.1428571428571428,0.3333333333333333,70
3-wise,237,31,realtime = 1 AND lossless = 1 AND FrameBoost = 1,lossless==1 AND complexity==0 AND cyclicRefresh==0,1,0.3181818181818182,0.2456140350877192,0.4516129032258064,70
4-wise,934,117,realtime = 1 AND lossless = 1 AND FrameBoost = 1,lossless==1 AND FrameBoost==1 AND realtime==1,0,1.0,1.0,1.0,70
full,216000,27000,good = 1 AND lossless = 1 AND FrameBoost = 1,lossless==1 AND FrameBoost==1 AND realtime==0,0,1.0,1.0,1.0,71
random_2,34,5,good = 1 AND lossless = 1 AND FrameBoost = 1,off==0 AND cyclicRefresh==0 AND variableBitrate==0,4,0.4285714285714285,0.3333333333333333,0.6,71
random_5,85,5,good = 1 AND lossless = 1 AND FrameBoost = 1,off==1 AND complexity==0 AND variableBitrate==0,0,0.2352941176470588,0.1666666666666666,0.4,71
random_10,170,17,good = 1 AND lossless = 1 AND FrameBoost = 1,lossless==1 AND FrameBoost==1 AND realtime==0,0,1.0,1.0,1.0,71
random_20,340,34,good = 1 AND lossless = 1 AND FrameBoost = 1,lossless==1 AND FrameBoost==1 AND realtime==0,0,1.0,1.0,1.0,71
2-wise,52,5,good = 1 AND lossless = 1 AND FrameBoost = 1,realtime==0 AND complexity==0 AND constantBitrate==0,0,0.5,0.4285714285714285,0.6,71
3-wise,240,26,good = 1 AND lossless = 1 AND FrameBoost = 1,lossless==1 AND FrameBoost==1 AND realtime==0,0,1.0,1.0,1.0,71
4-wise,946,126,good = 1 AND lossless = 1 AND FrameBoost = 1,lossless==1 AND FrameBoost==1 AND realtime==0,0,1.0,1.0,1.0,71
full,216000,27000,AutoAltRef = 1 AND lossless = 1 AND FrameBoost = 1,lossless==0 AND Threads==4 AND TileColumns==3 AND AutoAltRef==0,0,0.0,0.0,0.0,72
random_2,34,4,AutoAltRef = 1 AND lossless = 1 AND FrameBoost = 1,lossless==0 AND TileColumns==3,0,0.0,0.0,0.0,72
random_5,85,12,AutoAltRef = 1 AND lossless = 1 AND FrameBoost = 1,lossless==1 AND FrameBoost==0 AND realtime==0 AND AutoAltRef==1,0,0.0,0.0,0.0,72
random_10,170,20,AutoAltRef = 1 AND lossless = 1 AND FrameBoost = 1,TileColumns==0 AND realtime==0 AND off==0 AND constantBitrate==0,0,0.0571428571428571,0.0666666666666666,0.05,72
random_20,340,37,AutoAltRef = 1 AND lossless = 1 AND FrameBoost = 1,lossless==0 AND Threads==6 AND cyclicRefresh==0 AND constrainedQuality==0,0,0.0,0.0,0.0,72
2-wise,51,5,AutoAltRef = 1 AND lossless = 1 AND FrameBoost = 1,FrameBoost==0 AND realtime==0 AND AutoAltRef==0 AND constantBitrate==1,0,0.0,0.0,0.0,72
3-wise,237,28,AutoAltRef = 1 AND lossless = 1 AND FrameBoost = 1,FrameBoost==0 AND complexity==0 AND cyclicRefresh==0 AND constrainedQuality==1,0,0.0,0.0,0.0,72
4-wise,925,109,AutoAltRef = 1 AND lossless = 1 AND FrameBoost = 1,good==1 AND cpuUsed==8 AND complexity==1,0,0.0,0.0,0.0,72
full,216000,27000,good = 1 AND lossless = 1 AND FrameBoost = 1,FrameBoost==0,0,0.0,0.0,0.0,73
random_2,34,4,good = 1 AND lossless = 1 AND FrameBoost = 1,lossless==0 AND AutoAltRef==1 AND constantBitrate==0,0,0.0,0.0,0.0,73
random_5,85,12,good = 1 AND lossless = 1 AND FrameBoost = 1,lossless==0 AND realtime==1 AND AutoAltRef==1 AND constrainedQuality==0,0,0.0,0.0,0.0,73
random_10,170,27,good = 1 AND lossless = 1 AND FrameBoost = 1,lagInFrames==16 AND realtime==1 AND AutoAltRef==0 AND constantBitrate==0,0,0.0,0.0,0.0,73
random_20,340,47,good = 1 AND lossless = 1 AND FrameBoost = 1,lossless==1 AND FrameBoost==0 AND bitRate==600,0,0.0,0.0,0.0,73
2-wise,49,6,good = 1 AND lossless = 1 AND FrameBoost = 1,realtime==1 AND variance==0 AND cyclicRefresh==0 AND variableBitrate==0,0,0.0,0.0,0.0,73
3-wise,225,33,good = 1 AND lossless = 1 AND FrameBoost = 1,FrameBoost==1 AND lagInFrames==0 AND realtime==1 AND off==0,0,0.0,0.0,0.0,73
4-wise,930,125,good = 1 AND lossless = 1 AND FrameBoost = 1,lagInFrames==8 AND realtime==1 AND cyclicRefresh==1 AND constantBitrate==1,0,0.0,0.0,0.0,73
full,216000,27000,good = 1 AND AutoAltRef = 1 AND lossless = 1,AutoAltRef==0,0,0.0,0.0,0.0,74
random_2,34,4,good = 1 AND AutoAltRef = 1 AND lossless = 1,lagInFrames==8 AND variance==0 AND cyclicRefresh==0,2,0.1538461538461538,0.1111111111111111,0.25,74
random_5,85,14,good = 1 AND AutoAltRef = 1 AND lossless = 1,lossless==0 AND lagInFrames==0 AND complexity==0 AND variableBitrate==0,0,0.0,0.0,0.0,74
random_10,170,27,good = 1 AND AutoAltRef = 1 AND lossless = 1,lossless==0 AND Threads==2 AND off==0 AND constrainedQuality==0,0,0.0,0.0,0.0,74
random_20,340,52,good = 1 AND AutoAltRef = 1 AND lossless = 1,lagInFrames==16 AND Threads==10 AND constrainedQuality==0,0,0.0,0.0,0.0,74
2-wise,51,6,good = 1 AND AutoAltRef = 1 AND lossless = 1,lagInFrames==8 AND AutoAltRef==0 AND complexity==0,0,0.0,0.0,0.0,74
3-wise,244,23,good = 1 AND AutoAltRef = 1 AND lossless = 1,Threads==6 AND AutoAltRef==0 AND complexity==0 AND constantBitrate==0,0,0.0,0.0,0.0,74
4-wise,930,114,good = 1 AND AutoAltRef = 1 AND lossless = 1,Threads==6 AND AutoAltRef==0 AND variance==0 AND cyclicRefresh==0,0,0.0,0.0,0.0,74
full,216000,27000,realtime = 1 AND AutoAltRef = 1 AND FrameBoost = 1,FrameBoost==1 AND realtime==1 AND AutoAltRef==1,0,1.0,1.0,1.0,75
random_2,34,7,realtime = 1 AND AutoAltRef = 1 AND FrameBoost = 1,TileColumns==6 AND realtime==1,3,0.2857142857142857,0.2857142857142857,0.2857142857142857,75
random_5,85,15,realtime = 1 AND AutoAltRef = 1 AND FrameBoost = 1,FrameBoost==1 AND realtime==1 AND cyclicRefresh==0,0,0.7647058823529413,0.6842105263157895,0.8666666666666667,75
random_10,170,21,realtime = 1 AND AutoAltRef = 1 AND FrameBoost = 1,lossless==0 AND FrameBoost==1 AND complexity==0,0,0.44,0.3793103448275862,0.5238095238095238,75
random_20,340,41,realtime = 1 AND AutoAltRef = 1 AND FrameBoost = 1,FrameBoost==1 AND realtime==1 AND AutoAltRef==1,2,1.0,1.0,1.0,75
2-wise,51,9,realtime = 1 AND AutoAltRef = 1 AND FrameBoost = 1,cpuUsed==2 AND constantBitrate==0,1,0.1333333333333333,0.1666666666666666,0.1111111111111111,75
3-wise,237,31,realtime = 1 AND AutoAltRef = 1 AND FrameBoost = 1,lossless==1 AND TileColumns==0 AND cyclicRefresh==1,1,0.0952380952380952,0.1818181818181818,0.064516129032258,75
4-wise,909,117,realtime = 1 AND AutoAltRef = 1 AND FrameBoost = 1,FrameBoost==1 AND realtime==1 AND AutoAltRef==1,0,1.0,1.0,1.0,75
full,216000,27000,realtime = 1 AND lossless = 1 AND FrameBoost = 1,realtime==0,0,0.0,0.0,0.0,76
random_2,34,2,realtime = 1 AND lossless = 1 AND FrameBoost = 1,lossless==0 AND FrameBoost==0 AND Threads==10 AND cyclicRefresh==0,0,0.0,0.0,0.0,76
random_5,85,8,realtime = 1 AND lossless = 1 AND FrameBoost = 1,lossless==1 AND realtime==0 AND variance==0 AND variableBitrate==0,0,0.0,0.0,0.0,76
random_10,170,18,realtime = 1 AND lossless = 1 AND FrameBoost = 1,FrameBoost==0 AND realtime==1 AND variance==0 AND constantBitrate==1,0,0.0,0.0,0.0,76
random_20,340,39,realtime = 1 AND lossless = 1 AND FrameBoost = 1,realtime==0 AND AutoAltRef==0 AND off==0 AND variance==0,0,0.0,0.0,0.0,76
2-wise,49,7,realtime = 1 AND lossless = 1 AND FrameBoost = 1,good==1 AND lossless==1 AND constantBitrate==1,0,0.0,0.0,0.0,76
3-wise,227,25,realtime = 1 AND lossless = 1 AND FrameBoost = 1,cpuUsed==4 AND realtime==0 AND AutoAltRef==1,0,0.0,0.0,0.0,76
4-wise,965,126,realtime = 1 AND lossless = 1 AND FrameBoost = 1,FrameBoost==0 AND Threads==2 AND cyclicRefresh==0 AND variableBitrate==1,0,0.0,0.0,0.0,76
full,216000,27000,good = 1 AND AutoAltRef = 1 AND lossless = 1,lossless==1 AND realtime==0 AND AutoAltRef==1,0,1.0,1.0,1.0,77
random_2,34,2,good = 1 AND AutoAltRef = 1 AND lossless = 1,FrameBoost==0 AND lagInFrames==8 AND TileColumns==6 AND cyclicRefresh==0,0,0.0,0.0,0.0,77
random_5,85,7,good = 1 AND AutoAltRef = 1 AND lossless = 1,TileColumns==0 AND off==0 AND complexity==0 AND cyclicRefresh==0,1,0.1333333333333333,0.125,0.1428571428571428,77
random_10,170,10,good = 1 AND AutoAltRef = 1 AND lossless = 1,FrameBoost==0 AND Threads==6 AND realtime==0 AND cyclicRefresh==0,2,0.1052631578947368,0.1111111111111111,0.1,77
random_20,340,32,good = 1 AND AutoAltRef = 1 AND lossless = 1,lossless==0 AND lagInFrames==0 AND off==0 AND variance==0,0,0.0,0.0,0.0,77
2-wise,56,3,good = 1 AND AutoAltRef = 1 AND lossless = 1,lossless==0 AND AutoAltRef==0 AND variance==0 AND variableBitrate==1,0,0.0,0.0,0.0,77
3-wise,236,28,good = 1 AND AutoAltRef = 1 AND lossless = 1,bitRate==1500 AND realtime==0 AND variance==0,0,0.048780487804878,0.0769230769230769,0.0357142857142857,77
4-wise,954,107,good = 1 AND AutoAltRef = 1 AND lossless = 1,lagInFrames==0 AND bitRate==900 AND realtime==0 AND variableBitrate==0,1,0.0937499999999999,0.2857142857142857,0.0560747663551401,77
full,216000,27000,good = 1 AND lossless = 1 AND FrameBoost = 1,lossless==1 AND FrameBoost==1 AND realtime==0,0,1.0,1.0,1.0,78
random_2,34,5,good = 1 AND lossless = 1 AND FrameBoost = 1,realtime==1 AND variance==0 AND constrainedQuality==0,0,0.0,0.0,0.0,78
random_5,85,14,good = 1 AND lossless = 1 AND FrameBoost = 1,lossless==1 AND FrameBoost==1 AND realtime==0,1,1.0,1.0,1.0,78
random_10,170,23,good = 1 AND lossless = 1 AND FrameBoost = 1,lossless==1 AND FrameBoost==1 AND realtime==0,0,1.0,1.0,1.0,78
random_20,340,50,good = 1 AND lossless = 1 AND FrameBoost = 1,lossless==1 AND FrameBoost==1 AND realtime==0,0,1.0,1.0,1.0,78
2-wise,53,6,good = 1 AND lossless = 1 AND FrameBoost = 1,FrameBoost==1 AND realtime==0 AND AutoAltRef==0,3,0.5714285714285715,0.5,0.6666666666666666,78
3-wise,236,31,good = 1 AND lossless = 1 AND FrameBoost = 1,lossless==1 AND FrameBoost==1 AND realtime==0,0,1.0,1.0,1.0,78
4-wise,932,107,good = 1 AND lossless = 1 AND FrameBoost = 1,lossless==1 AND FrameBoost==1 AND realtime==0,0,1.0,1.0,1.0,78
full,216000,27000,realtime = 1 AND lossless = 1 AND FrameBoost = 1,FrameBoost==0,0,0.0,0.0,0.0,79
random_2,34,4,realtime = 1 AND lossless = 1 AND FrameBoost = 1,lagInFrames==8 AND AutoAltRef==1 AND complexity==0 AND constantBitrate==0,0,0.0,0.0,0.0,79
random_5,85,11,realtime = 1 AND lossless = 1 AND FrameBoost = 1,FrameBoost==0 AND realtime==1 AND AutoAltRef==1 AND variableBitrate==0,0,0.0,0.0,0.0,79
random_10,170,18,realtime = 1 AND lossless = 1 AND FrameBoost = 1,FrameBoost==0 AND lagInFrames==8 AND cyclicRefresh==0 AND constantBitrate==0,0,0.0,0.0,0.0,79
random_20,340,35,realtime = 1 AND lossless = 1 AND FrameBoost = 1,Threads==10 AND cpuUsed==4 AND AutoAltRef==1 AND constrainedQuality==0,2,0.0425531914893617,0.0833333333333333,0.0285714285714285,79
2-wise,54,7,realtime = 1 AND lossless = 1 AND FrameBoost = 1,good==0 AND variance==0 AND variableBitrate==1,2,0.125,0.1111111111111111,0.1428571428571428,79
3-wise,247,37,realtime = 1 AND lossless = 1 AND FrameBoost = 1,TileColumns==0 AND realtime==0 AND AutoAltRef==0 AND cyclicRefresh==0,0,0.0,0.0,0.0,79
4-wise,961,109,realtime = 1 AND lossless = 1 AND FrameBoost = 1,good==1 AND lossless==1 AND constrainedQuality==1,0,0.0,0.0,0.0,79
full,216000,27000,realtime = 1 AND lossless = 1 AND FrameBoost = 1,lossless==1 AND FrameBoost==1 AND realtime==1,0,1.0,1.0,1.0,7
random_2,34,5,realtime = 1 AND lossless = 1 AND FrameBoost = 1,realtime==1 AND off==0 AND variance==0,4,0.1666666666666666,0.1428571428571428,0.2,7
random_5,85,14,realtime = 1 AND lossless = 1 AND FrameBoost = 1,FrameBoost==1 AND AutoAltRef==0 AND constrainedQuality==0,3,0.375,0.3333333333333333,0.4285714285714285,7
random_10,170,21,realtime = 1 AND lossless = 1 AND FrameBoost = 1,lossless==1 AND FrameBoost==1 AND cyclicRefresh==0 AND constrainedQuality==0,4,0.4888888888888889,0.4583333333333333,0.5238095238095238,7
random_20,340,41,realtime = 1 AND lossless = 1 AND FrameBoost = 1,good==1 AND Threads==6 AND constantBitrate==1,0,0.0,0.0,0.0,7
2-wise,50,6,realtime = 1 AND lossless = 1 AND FrameBoost = 1,TileColumns==3 AND realtime==0 AND constantBitrate==0,0,0.0,0.0,0.0,7
3-wise,241,34,realtime = 1 AND lossless = 1 AND FrameBoost = 1,lossless==1 AND lagInFrames==16 AND cyclicRefresh==0 AND constrainedQuality==0,2,0.2352941176470588,0.3529411764705882,0.1764705882352941,7
4-wise,946,117,realtime = 1 AND lossless = 1 AND FrameBoost = 1,lossless==1 AND bitRate==1500 AND TileColumns==0 AND off==0,0,0.1103448275862069,0.2857142857142857,0.0683760683760683,7
full,216000,27000,realtime = 1 AND lossless = 1 AND FrameBoost = 1,realtime==0,0,0.0,0.0,0.0,80
random_2,34,5,realtime = 1 AND lossless = 1 AND FrameBoost = 1,FrameBoost==0 AND lagInFrames==8 AND variableBitrate==0,0,0.0,0.0,0.0,80
random_5,85,10,realtime = 1 AND lossless = 1 AND FrameBoost = 1,cpuUsed==6 AND variance==0 AND variableBitrate==0,0,0.0,0.0,0.0,80
random_10,170,21,realtime = 1 AND lossless = 1 AND FrameBoost = 1,FrameBoost==0 AND realtime==1 AND AutoAltRef==1 AND off==0,0,0.0,0.0,0.0,80
random_20,340,44,realtime = 1 AND lossless = 1 AND FrameBoost = 1,lossless==1 AND bitRate==300 AND realtime==0 AND constrainedQuality==0,0,0.0,0.0,0.0,80
2-wise,53,6,realtime = 1 AND lossless = 1 AND FrameBoost = 1,realtime==0 AND off==0 AND cyclicRefresh==0 AND constrainedQuality==0,0,0.0,0.0,0.0,80
3-wise,241,36,realtime = 1 AND lossless = 1 AND FrameBoost = 1,lossless==0 AND FrameBoost==0 AND AutoAltRef==1 AND off==0,0,0.0,0.0,0.0,80
4-wise,953,125,realtime = 1 AND lossless = 1 AND FrameBoost = 1,lagInFrames==16 AND variance==0 AND cyclicRefresh==0 AND variableBitrate==0,0,0.1327433628318584,0.1485148514851485,0.12,80
full,216000,27000,good = 1 AND AutoAltRef = 1 AND FrameBoost = 1,FrameBoost==1 AND realtime==0 AND AutoAltRef==1,0,1.0,1.0,1.0,81
random_2,34,2,good = 1 AND AutoAltRef = 1 AND FrameBoost = 1,TileColumns==6 AND variance==0 AND cyclicRefresh==0 AND constrainedQuality==0,3,0.25,0.1666666666666666,0.5,81
random_5,85,8,good = 1 AND AutoAltRef = 1 AND FrameBoost = 1,lossless==0 AND AutoAltRef==1 AND complexity==0 AND variableBitrate==0,2,0.2105263157894737,0.1818181818181818,0.25,81
random_10,170,22,good = 1 AND AutoAltRef = 1 AND FrameBoost = 1,FrameBoost==1 AND TileColumns==6 AND off==0 AND variance==0,0,0.2857142857142856,0.3,0.2727272727272727,81
random_20,340,47,good = 1 AND AutoAltRef = 1 AND FrameBoost = 1,bitRate==300 AND realtime==1 AND AutoAltRef==1 AND constantBitrate==0,0,0.0,0.0,0.0,81
2-wise,54,7,good = 1 AND AutoAltRef = 1 AND FrameBoost = 1,lossless==0 AND off==0 AND complexity==0 AND variableBitrate==0,3,0.125,0.1111111111111111,0.1428571428571428,81
3-wise,238,36,good = 1 AND AutoAltRef = 1 AND FrameBoost = 1,bitRate==1200 AND realtime==1 AND AutoAltRef==1 AND complexity==0,0,0.0,0.0,0.0,81
4-wise,930,122,good = 1 AND AutoAltRef = 1 AND FrameBoost = 1,bitRate==600 AND Threads==8 AND variance==0 AND complexity==0,1,0.0287769784172661,0.1176470588235294,0.0163934426229508,81
full,216000,27000,realtime = 1 AND lossless = 1 AND FrameBoost = 1,lossless==0,0,0.0,0.0,0.0,82
random_2,34,6,realtime = 1 AND lossless = 1 AND FrameBoost = 1,lagInFrames==0 AND AutoAltRef==1 AND complexity==0,0,0.0,0.0,0.0,82
random_5,85,14,realtime = 1 AND lossless = 1 AND FrameBoost = 1,bitRate==600 AND TileColumns==3,0,0.0,0.0,0.0,82
random_10,170,24,realtime = 1 AND lossless = 1 AND FrameBoost = 1,lagInFrames==16 AND AutoAltRef==1 AND variance==0 AND cyclicRefresh==0,1,0.0526315789473684,0.0714285714285714,0.0416666666666666,82
random_20,340,46,realtime = 1 AND lossless = 1 AND FrameBoost = 1,lossless==1 AND realtime==0 AND off==0 AND constantBitrate==0,0,0.0,0.0,0.0,82
2-wise,50,5,realtime = 1 AND lossless = 1 AND FrameBoost = 1,TileColumns==6 AND AutoAltRef==1,4,0.1538461538461538,0.125,0.2,82
3-wise,243,27,realtime = 1 AND lossless = 1 AND FrameBoost = 1,Threads==10 AND AutoAltRef==1 AND off==0 AND complexity==0,0,0.054054054054054,0.1,0.037037037037037,82
4-wise,949,100,realtime = 1 AND lossless = 1 AND FrameBoost = 1,Threads==8 AND AutoAltRef==1 AND cyclicRefresh==0 AND constantBitrate==0,4,0.0559440559440559,0.0930232558139534,0.04,82
full,216000,27000,AutoAltRef = 1 AND lossless = 1 AND FrameBoost = 1,lossless==1 AND FrameBoost==1 AND AutoAltRef==1,0,1.0,1.0,1.0,83
random_2,34,2,AutoAltRef = 1 AND lossless = 1 AND FrameBoost = 1,bitRate==300 AND variance==0,0,0.0,0.0,0.0,83
random_5,85,9,AutoAltRef = 1 AND lossless = 1 AND FrameBoost = 1,AutoAltRef==1 AND variance==0 AND cyclicRefresh==0 AND constrainedQuality==1,2,0.125,0.1428571428571428,0.1111111111111111,83
random_10,170,18,AutoAltRef = 1 AND lossless = 1 AND FrameBoost = 1,lossless==0 AND Threads==4,0,0.0,0.0,0.0,83
random_20,340,44,AutoAltRef = 1 AND lossless = 1 AND FrameBoost = 1,lossless==0 AND bitRate==300 AND realtime==0 AND cyclicRefresh==0,0,0.0,0.0,0.0,83
2-wise,50,5,AutoAltRef = 1 AND lossless = 1 AND FrameBoost = 1,lagInFrames==16 AND AutoAltRef==1 AND variance==0,0,0.0,0.0,0.0,83
3-wise,235,25,AutoAltRef = 1 AND lossless = 1 AND FrameBoost = 1,lossless==0 AND FrameBoost==0 AND lagInFrames==0 AND cyclicRefresh==0,0,0.0,0.0,0.0,83
4-wise,954,130,AutoAltRef = 1 AND lossless = 1 AND FrameBoost = 1,FrameBoost==0 AND lagInFrames==16 AND realtime==0 AND cyclicRefresh==0,0,0.0,0.0,0.0,83
full,216000,27000,realtime = 1 AND AutoAltRef = 1 AND lossless = 1,lossless==1 AND realtime==1 AND AutoAltRef==1,0,1.0,1.0,1.0,84
random_2,34,4,realtime = 1 AND AutoAltRef = 1 AND lossless = 1,TileColumns==0 AND constantBitrate==0,4,0.2222222222222222,0.2,0.25,84
random_5,85,9,realtime = 1 AND AutoAltRef = 1 AND lossless = 1,FrameBoost==0 AND lagInFrames==8 AND realtime==1,2,0.2222222222222222,0.2222222222222222,0.2222222222222222,84
random_10,170,28,realtime = 1 AND AutoAltRef = 1 AND lossless = 1,lossless==1 AND realtime==1 AND AutoAltRef==1,0,1.0,1.0,1.0,84
random_20,340,51,realtime = 1 AND AutoAltRef = 1 AND lossless = 1,lossless==1 AND realtime==1 AND AutoAltRef==1,0,1.0,1.0,1.0,84
2-wise,51,8,realtime = 1 AND AutoAltRef = 1 AND lossless = 1,FrameBoost==0 AND variance==0 AND cyclicRefresh==0 AND constrainedQuality==0,0,0.4545454545454545,0.3571428571428571,0.625,84
3-wise,246,29,realtime = 1 AND AutoAltRef = 1 AND lossless = 1,lagInFrames==16 AND realtime==1 AND complexity==0 AND cyclicRefresh==0,1,0.2040816326530612,0.25,0.1724137931034483,84
4-wise,952,122,realtime = 1 AND AutoAltRef = 1 AND lossless = 1,lossless==1 AND realtime==1 AND AutoAltRef==1,0,1.0,1.0,1.0,84
full,216000,27000,good = 1 AND AutoAltRef = 1 AND lossless = 1,lossless==1 AND realtime==0 AND AutoAltRef==1,0,1.0,1.0,1.0,85
random_2,34,7,good = 1 AND AutoAltRef = 1 AND lossless = 1,Threads==10 AND off==0 AND cyclicRefresh==0,0,0.0,0.0,0.0,85
random_5,85,12,good = 1 AND AutoAltRef = 1 AND lossless = 1,cpuUsed==8 AND off==0 AND variance==0,0,0.1666666666666666,0.1666666666666666,0.1666666666666666,85
random_10,170,20,good = 1 AND AutoAltRef = 1 AND lossless = 1,lossless==1 AND TileColumns==6 AND complexity==0 AND variableBitrate==0,1,0.2926829268292683,0.2857142857142857,0.3,85
random_20,340,45,good = 1 AND AutoAltRef = 1 AND lossless = 1,good==0 AND variance==1 AND variableBitrate==0 AND constantBitrate==0,0,0.0,0.0,0.0,85
2-wise,52,8,good = 1 AND AutoAltRef = 1 AND lossless = 1,FrameBoost==1 AND AutoAltRef==1 AND variance==0 AND complexity==0,4,0.3333333333333332,0.3,0.375,85
3-wise,240,22,good = 1 AND AutoAltRef = 1 AND lossless = 1,Threads==2 AND variance==0 AND cyclicRefresh==0,2,0.0833333333333333,0.0769230769230769,0.0909090909090909,85
4-wise,960,130,good = 1 AND AutoAltRef = 1 AND lossless = 1,TileColumns==6 AND realtime==1 AND off==1 AND variableBitrate==1,0,0.0,0.0,0.0,85
full,216000,27000,good = 1 AND lossless = 1 AND FrameBoost = 1,lossless==1 AND FrameBoost==1 AND realtime==0,0,1.0,1.0,1.0,86
random_2,34,1,good = 1 AND lossless = 1 AND FrameBoost = 1,TileColumns==6 AND constantBitrate==0,0,0.0,0.0,0.0,86
random_5,85,12,good = 1 AND lossless = 1 AND FrameBoost = 1,FrameBoost==0 AND realtime==0 AND AutoAltRef==1,0,0.0,0.0,0.0,86
random_10,170,23,good = 1 AND lossless = 1 AND FrameBoost = 1,lagInFrames==16 AND realtime==1 AND AutoAltRef==0 AND off==0,0,0.0,0.0,0.0,86
random_20,340,42,good = 1 AND lossless = 1 AND FrameBoost = 1,lagInFrames==16 AND bitRate==900 AND realtime==1,0,0.0,0.0,0.0,86
2-wise,56,6,good = 1 AND lossless = 1 AND FrameBoost = 1,bitRate==1200 AND off==0 AND cyclicRefresh==0 AND constrainedQuality==0,0,0.0,0.0,0.0,86
3-wise,242,31,good = 1 AND lossless = 1 AND FrameBoost = 1,Threads==6 AND realtime==1 AND complexity==0,0,0.0,0.0,0.0,86
4-wise,953,112,good = 1 AND lossless = 1 AND FrameBoost = 1,FrameBoost==1 AND cpuUsed==0 AND complexity==1 AND constrainedQuality==0,4,0.0615384615384615,0.2222222222222222,0.0357142857142857,86
full,216000,27000,realtime = 1 AND AutoAltRef = 1 AND FrameBoost = 1,FrameBoost==0,0,0.0,0.0,0.0,87
random_2,34,5,realtime = 1 AND AutoAltRef = 1 AND FrameBoost = 1,lossless==1 AND cyclicRefresh==0 AND constrainedQuality==0,0,0.0,0.0,0.0,87
random_5,85,11,realtime = 1 AND AutoAltRef = 1 AND FrameBoost = 1,realtime==1 AND AutoAltRef==0 AND off==0 AND cyclicRefresh==0,0,0.0,0.0,0.0,87
random_10,170,15,realtime = 1 AND AutoAltRef = 1 AND FrameBoost = 1,TileColumns==3 AND complexity==1 AND constrainedQuality==0,0,0.0,0.0,0.0,87
random_20,340,40,realtime = 1 AND AutoAltRef = 1 AND FrameBoost = 1,bitRate==600 AND variableBitrate==0,4,0.0987654320987654,0.0975609756097561,0.1,87
2-wise,53,9,realtime = 1 AND AutoAltRef = 1 AND FrameBoost = 1,FrameBoost==0 AND realtime==0 AND off==0,0,0.0,0.0,0.0,87
3-wise,247,34,realtime = 1 AND AutoAltRef = 1 AND FrameBoost = 1,FrameBoost==0 AND bitRate==900,0,0.0,0.0,0.0,87
4-wise,945,129,realtime = 1 AND AutoAltRef = 1 AND FrameBoost = 1,FrameBoost==1 AND lagInFrames==16 AND AutoAltRef==0 AND constantBitrate==1,0,0.0,0.0,0.0,87
full,216000,27000,good = 1 AND AutoAltRef = 1 AND FrameBoost = 1,FrameBoost==1 AND realtime==0 AND AutoAltRef==1,0,1.0,1.0,1.0,88
random_2,34,3,good = 1 AND AutoAltRef = 1 AND FrameBoost = 1,TileColumns==6 AND AutoAltRef==0 AND constantBitrate==0 AND constrainedQuality==1,0,0.0,0.0,0.0,88
random_5,85,5,good = 1 AND AutoAltRef = 1 AND FrameBoost = 1,lagInFrames==16 AND variableBitrate==1 AND constantBitrate==0,3,0.1428571428571428,0.1111111111111111,0.2,88
random_10,170,12,good = 1 AND AutoAltRef = 1 AND FrameBoost = 1,Threads==4 AND constantBitrate==0 AND constrainedQuality==0,0,0.1538461538461538,0.1428571428571428,0.1666666666666666,88
random_20,340,27,good = 1 AND AutoAltRef = 1 AND FrameBoost = 1,lagInFrames==8 AND realtime==0 AND off==0 AND variance==0,1,0.2352941176470588,0.25,0.2222222222222222,88
2-wise,55,4,good = 1 AND AutoAltRef = 1 AND FrameBoost = 1,FrameBoost==0 AND AutoAltRef==0 AND variance==0 AND cyclicRefresh==0,0,0.0,0.0,0.0,88
3-wise,249,23,good = 1 AND AutoAltRef = 1 AND FrameBoost = 1,Threads==6 AND realtime==0 AND variance==0 AND constantBitrate==0,3,0.1578947368421052,0.2,0.1304347826086956,88
4-wise,958,126,good = 1 AND AutoAltRef = 1 AND FrameBoost = 1,FrameBoost==1 AND realtime==0 AND AutoAltRef==1,0,1.0,1.0,1.0,88
full,216000,27000,good = 1 AND AutoAltRef = 1 AND FrameBoost = 1,FrameBoost==1 AND realtime==0 AND AutoAltRef==1,0,1.0,1.0,1.0,89
random_2,34,2,good = 1 AND AutoAltRef = 1 AND FrameBoost = 1,bitRate==900,0,0.0,0.0,0.0,89
random_5,85,8,good = 1 AND AutoAltRef = 1 AND FrameBoost = 1,lossless==0 AND cyclicRefresh==0 AND variableBitrate==0,1,0.2222222222222221,0.1578947368421052,0.375,89
random_10,170,18,good = 1 AND AutoAltRef = 1 AND FrameBoost = 1,FrameBoost==1 AND lagInFrames==8 AND realtime==1 AND cyclicRefresh==0,0,0.0,0.0,0.0,89
random_20,340,43,good = 1 AND AutoAltRef = 1 AND FrameBoost = 1,FrameBoost==1 AND lagInFrames==8 AND Threads==6,4,0.0689655172413793,0.1333333333333333,0.0465116279069767,89
2-wise,53,7,good = 1 AND AutoAltRef = 1 AND FrameBoost = 1,variance==0 AND complexity==0 AND constantBitrate==0,4,0.24,0.1666666666666666,0.4285714285714285,89
3-wise,242,30,good = 1 AND AutoAltRef = 1 AND FrameBoost = 1,lossless==0 AND bitRate==1200 AND realtime==1 AND cyclicRefresh==0,0,0.0,0.0,0.0,89
4-wise,941,119,good = 1 AND AutoAltRef = 1 AND FrameBoost = 1,FrameBoost==1 AND Threads==4 AND variance==0 AND constrainedQuality==0,0,0.1257861635220125,0.25,0.0840336134453781,89
full,216000,27000,good = 1 AND AutoAltRef = 1 AND lossless = 1,realtime==1,0,0.0,0.0,0.0,8
random_2,34,7,good = 1 AND AutoAltRef = 1 AND lossless = 1,lossless==0 AND lagInFrames==8 AND cpuUsed==0,0,0.0,0.0,0.0,8
random_5,85,11,good = 1 AND AutoAltRef = 1 AND lossless = 1,lossless==0 AND FrameBoost==0 AND lagInFrames==8,0,0.0,0.0,0.0,8
random_10,170,24,good = 1 AND AutoAltRef = 1 AND lossless = 1,cpuUsed==6 AND cyclicRefresh==0 AND constantBitrate==0,4,0.1276595744680851,0.1304347826086956,0.125,8
random_20,340,45,good = 1 AND AutoAltRef = 1 AND lossless = 1,lossless==0 AND bitRate==1200 AND complexity==0 AND variableBitrate==0,0,0.0,0.0,0.0,8
2-wise,48,6,good = 1 AND AutoAltRef = 1 AND lossless = 1,cpuUsed==8 AND AutoAltRef==0,0,0.0,0.0,0.0,8
3-wise,241,34,good = 1 AND AutoAltRef = 1 AND lossless = 1,Threads==8 AND cpuUsed==6 AND constantBitrate==0,0,0.0,0.0,0.0,8
4-wise,943,125,good = 1 AND AutoAltRef = 1 AND lossless = 1,lossless==0 AND lagInFrames==8 AND cpuUsed==4 AND off==0,0,0.0,0.0,0.0,8
full,216000,27000,good = 1 AND AutoAltRef = 1 AND lossless = 1,lossless==1 AND realtime==0 AND AutoAltRef==1,0,1.0,1.0,1.0,90
random_5,85,7,good = 1 AND AutoAltRef = 1 AND lossless = 1,lagInFrames==8 AND realtime==0 AND off==0 AND constantBitrate==0,0,0.1428571428571428,0.1428571428571428,0.1428571428571428,90
random_10,170,26,good = 1 AND AutoAltRef = 1 AND lossless = 1,cpuUsed==2 AND AutoAltRef==1 AND complexity==0,0,0.1578947368421052,0.25,0.1153846153846153,90
random_20,340,57,good = 1 AND AutoAltRef = 1 AND lossless = 1,lagInFrames==16 AND TileColumns==3 AND realtime==1 AND variance==0,0,0.0,0.0,0.0,90
2-wise,51,5,good = 1 AND AutoAltRef = 1 AND lossless = 1,lossless==0 AND FrameBoost==0 AND AutoAltRef==0 AND variance==0,0,0.0,0.0,0.0,90
3-wise,238,32,good = 1 AND AutoAltRef = 1 AND lossless = 1,FrameBoost==1 AND AutoAltRef==0 AND off==1,0,0.0,0.0,0.0,90
4-wise,957,143,good = 1 AND AutoAltRef = 1 AND lossless = 1,lossless==1 AND realtime==0 AND AutoAltRef==1,0,1.0,1.0,1.0,90
full,216000,27000,realtime = 1 AND lossless = 1 AND FrameBoost = 1,lossless==1 AND FrameBoost==1 AND realtime==1,0,1.0,1.0,1.0,91
random_2,34,7,realtime = 1 AND lossless = 1 AND FrameBoost = 1,FrameBoost==0 AND complexity==0 AND constantBitrate==0,0,0.0,0.0,0.0,91
random_5,85,12,realtime = 1 AND lossless = 1 AND FrameBoost = 1,TileColumns==6 AND variance==0 AND constantBitrate==0,4,0.0952380952380952,0.1111111111111111,0.0833333333333333,91
random_10,170,17,realtime = 1 AND lossless = 1 AND FrameBoost = 1,lossless==1 AND realtime==1 AND cyclicRefresh==0,1,0.6315789473684211,0.5714285714285714,0.7058823529411765,91
random_20,340,45,realtime = 1 AND lossless = 1 AND FrameBoost = 1,lossless==1 AND bitRate==1200 AND realtime==0 AND constantBitrate==0,0,0.0,0.0,0.0,91
2-wise,51,7,realtime = 1 AND lossless = 1 AND FrameBoost = 1,good==0 AND off==0 AND variance==0 AND complexity==0,0,0.4705882352941176,0.4,0.5714285714285714,91
3-wise,245,26,realtime = 1 AND lossless = 1 AND FrameBoost = 1,Threads==6 AND realtime==1 AND variance==0 AND cyclicRefresh==0,0,0.1025641025641025,0.1538461538461538,0.0769230769230769,91
4-wise,949,119,realtime = 1 AND lossless = 1 AND FrameBoost = 1,lossless==1 AND FrameBoost==1 AND realtime==1,0,1.0,1.0,1.0,91
full,216000,27000,realtime = 1 AND AutoAltRef = 1 AND lossless = 1,lossless==0,0,0.0,0.0,0.0,92
random_2,34,5,realtime = 1 AND AutoAltRef = 1 AND lossless = 1,lossless==1 AND FrameBoost==0 AND AutoAltRef==0 AND cyclicRefresh==0,0,0.0,0.0,0.0,92
random_5,85,8,realtime = 1 AND AutoAltRef = 1 AND lossless = 1,TileColumns==0 AND AutoAltRef==0 AND cyclicRefresh==0 AND variableBitrate==0,0,0.0,0.0,0.0,92
random_10,170,22,realtime = 1 AND AutoAltRef = 1 AND lossless = 1,lossless==0 AND off==0 AND cyclicRefresh==0 AND constrainedQuality==0,0,0.0,0.0,0.0,92
random_20,340,35,realtime = 1 AND AutoAltRef = 1 AND lossless = 1,lossless==0 AND Threads==2 AND realtime==1 AND variance==0,0,0.0,0.0,0.0,92
2-wise,53,7,realtime = 1 AND AutoAltRef = 1 AND lossless = 1,lossless==0 AND bitRate==1200 AND realtime==1,0,0.0,0.0,0.0,92
3-wise,241,33,realtime = 1 AND AutoAltRef = 1 AND lossless = 1,cpuUsed==2 AND realtime==0 AND variableBitrate==0,0,0.0,0.0,0.0,92
4-wise,935,112,realtime = 1 AND AutoAltRef = 1 AND lossless = 1,lagInFrames==8 AND bitRate==1500 AND AutoAltRef==0 AND off==0,0,0.0,0.0,0.0,92
full,216000,27000,realtime = 1 AND AutoAltRef = 1 AND lossless = 1,lossless==1 AND realtime==1 AND AutoAltRef==1,0,1.0,1.0,1.0,93
random_2,34,4,realtime = 1 AND AutoAltRef = 1 AND lossless = 1,FrameBoost==1 AND off==0 AND cyclicRefresh==0,0,0.4615384615384615,0.3333333333333333,0.75,93
random_5,85,5,realtime = 1 AND AutoAltRef = 1 AND lossless = 1,TileColumns==0 AND off==0 AND variance==0 AND constantBitrate==0,0,0.1538461538461538,0.125,0.2,93
random_10,170,17,realtime = 1 AND AutoAltRef = 1 AND lossless = 1,FrameBoost==1 AND TileColumns==6 AND off==0,0,0.2380952380952381,0.2,0.2941176470588235,93
random_20,340,50,realtime = 1 AND AutoAltRef = 1 AND lossless = 1,lossless==1 AND realtime==1 AND AutoAltRef==1,0,1.0,1.0,1.0,93
2-wise,52,7,realtime = 1 AND AutoAltRef = 1 AND lossless = 1,FrameBoost==0 AND AutoAltRef==1 AND variance==0 AND constantBitrate==0,3,0.1428571428571428,0.1428571428571428,0.1428571428571428,93
3-wise,242,25,realtime = 1 AND AutoAltRef = 1 AND lossless = 1,lossless==1 AND realtime==1 AND AutoAltRef==1,0,1.0,1.0,1.0,93
4-wise,957,109,realtime = 1 AND AutoAltRef = 1 AND lossless = 1,lossless==1 AND realtime==1 AND AutoAltRef==1,0,1.0,1.0,1.0,93
full,216000,27000,realtime = 1 AND lossless = 1 AND FrameBoost = 1,realtime==0,0,0.0,0.0,0.0,94
random_2,34,6,realtime = 1 AND lossless = 1 AND FrameBoost = 1,FrameBoost==0 AND complexity==0 AND variableBitrate==0,0,0.0,0.0,0.0,94
random_5,85,13,realtime = 1 AND lossless = 1 AND FrameBoost = 1,cpuUsed==4 AND TileColumns==0 AND constrainedQuality==0,0,0.0,0.0,0.0,94
random_10,170,18,realtime = 1 AND lossless = 1 AND FrameBoost = 1,FrameBoost==0 AND lagInFrames==8 AND Threads==8,0,0.0,0.0,0.0,94
random_20,340,41,realtime = 1 AND lossless = 1 AND FrameBoost = 1,bitRate==1500 AND realtime==0 AND cyclicRefresh==0 AND constrainedQuality==0,0,0.0,0.0,0.0,94
2-wise,52,4,realtime = 1 AND lossless = 1 AND FrameBoost = 1,lossless==0 AND cpuUsed==6,0,0.0,0.0,0.0,94
3-wise,231,28,realtime = 1 AND lossless = 1 AND FrameBoost = 1,FrameBoost==1 AND lagInFrames==8 AND off==0 AND constantBitrate==0,0,0.0416666666666666,0.05,0.0357142857142857,94
4-wise,966,112,realtime = 1 AND lossless = 1 AND FrameBoost = 1,TileColumns==3 AND realtime==0 AND cyclicRefresh==0 AND variableBitrate==1,0,0.0,0.0,0.0,94
full,216000,27000,realtime = 1 AND lossless = 1 AND FrameBoost = 1,FrameBoost==0,0,0.0,0.0,0.0,95
random_2,34,5,realtime = 1 AND lossless = 1 AND FrameBoost = 1,Threads==2 AND realtime==0 AND constantBitrate==0,0,0.0,0.0,0.0,95
random_5,85,10,realtime = 1 AND lossless = 1 AND FrameBoost = 1,lossless==0 AND AutoAltRef==0 AND off==0 AND variance==0,0,0.0,0.0,0.0,95
random_10,170,23,realtime = 1 AND lossless = 1 AND FrameBoost = 1,FrameBoost==0 AND Threads==6 AND constrainedQuality==0,0,0.0,0.0,0.0,95
random_20,340,41,realtime = 1 AND lossless = 1 AND FrameBoost = 1,lossless==0 AND bitRate==300 AND off==0 AND constrainedQuality==1,0,0.0,0.0,0.0,95
2-wise,47,5,realtime = 1 AND lossless = 1 AND FrameBoost = 1,FrameBoost==0 AND TileColumns==6 AND off==0,0,0.0,0.0,0.0,95
3-wise,246,31,realtime = 1 AND lossless = 1 AND FrameBoost = 1,lossless==0 AND FrameBoost==0 AND realtime==1 AND AutoAltRef==0,0,0.0,0.0,0.0,95
4-wise,957,113,realtime = 1 AND lossless = 1 AND FrameBoost = 1,lossless==1 AND FrameBoost==1 AND realtime==0 AND complexity==1,0,0.0,0.0,0.0,95
full,216000,27000,AutoAltRef = 1 AND lossless = 1 AND FrameBoost = 1,FrameBoost==0,0,0.0,0.0,0.0,96
random_2,34,2,AutoAltRef = 1 AND lossless = 1 AND FrameBoost = 1,lossless==1 AND TileColumns==0 AND constrainedQuality==0,0,0.0,0.0,0.0,96
random_5,85,7,AutoAltRef = 1 AND lossless = 1 AND FrameBoost = 1,lossless==0 AND cyclicRefresh==0 AND constrainedQuality==1,0,0.0,0.0,0.0,96
random_10,170,18,AutoAltRef = 1 AND lossless = 1 AND FrameBoost = 1,lagInFrames==16 AND TileColumns==3 AND AutoAltRef==0,0,0.0,0.0,0.0,96
random_20,340,38,AutoAltRef = 1 AND lossless = 1 AND FrameBoost = 1,lossless==0 AND lagInFrames==16 AND off==0,0,0.0,0.0,0.0,96
2-wise,52,6,AutoAltRef = 1 AND lossless = 1 AND FrameBoost = 1,good==1 AND off==0 AND constrainedQuality==1,0,0.0,0.0,0.0,96
3-wise,242,25,AutoAltRef = 1 AND lossless = 1 AND FrameBoost = 1,TileColumns==0 AND AutoAltRef==0 AND complexity==0 AND variableBitrate==0,0,0.0,0.0,0.0,96
4-wise,935,128,AutoAltRef = 1 AND lossless = 1 AND FrameBoost = 1,FrameBoost==0 AND Threads==2 AND realtime==1 AND AutoAltRef==1,0,0.0,0.0,0.0,96
full,216000,27000,good = 1 AND AutoAltRef = 1 AND lossless = 1,lossless==1 AND realtime==0 AND AutoAltRef==1,0,1.0,1.0,1.0,97
random_2,34,4,good = 1 AND AutoAltRef = 1 AND lossless = 1,lossless==0 AND Threads==10,0,0.0,0.0,0.0,97
random_5,85,10,good = 1 AND AutoAltRef = 1 AND lossless = 1,TileColumns==0 AND AutoAltRef==1 AND off==0 AND constrainedQuality==0,0,0.0,0.0,0.0,97
random_10,170,23,good = 1 AND AutoAltRef = 1 AND lossless = 1,lossless==0 AND FrameBoost==0 AND realtime==1 AND off==0,0,0.0,0.0,0.0,97
random_20,340,48,good = 1 AND AutoAltRef = 1 AND lossless = 1,FrameBoost==0 AND variance==0 AND complexity==0 AND constantBitrate==0,1,0.1237113402061855,0.1224489795918367,0.125,97
2-wise,47,6,good = 1 AND AutoAltRef = 1 AND lossless = 1,FrameBoost==0 AND constrainedQuality==0,0,0.1,0.0714285714285714,0.1666666666666666,97
3-wise,250,35,good = 1 AND AutoAltRef = 1 AND lossless = 1,lagInFrames==8 AND Threads==10 AND complexity==0 AND constantBitrate==0,0,0.0,0.0,0.0,97
4-wise,978,115,good = 1 AND AutoAltRef = 1 AND lossless = 1,FrameBoost==1 AND bitRate==300 AND off==1 AND variableBitrate==0,4,0.044776119402985,0.1578947368421052,0.0260869565217391,97
full,216000,27000,realtime = 1 AND AutoAltRef = 1 AND FrameBoost = 1,AutoAltRef==0,0,0.0,0.0,0.0,98
random_2,34,9,realtime = 1 AND AutoAltRef = 1 AND FrameBoost = 1,realtime==1 AND AutoAltRef==0 AND off==0,0,0.0,0.0,0.0,98
random_5,85,17,realtime = 1 AND AutoAltRef = 1 AND FrameBoost = 1,lossless==1 AND bitRate==900 AND constantBitrate==0,0,0.0,0.0,0.0,98
random_10,170,31,realtime = 1 AND AutoAltRef = 1 AND FrameBoost = 1,lagInFrames==8 AND TileColumns==0 AND AutoAltRef==0 AND variance==0,0,0.0,0.0,0.0,98
random_20,340,54,realtime = 1 AND AutoAltRef = 1 AND FrameBoost = 1,Threads==6 AND off==0 AND complexity==0 AND constantBitrate==0,4,0.0253164556962025,0.04,0.0185185185185185,98
2-wise,53,7,realtime = 1 AND AutoAltRef = 1 AND FrameBoost = 1,FrameBoost==0 AND realtime==1 AND complexity==0 AND cyclicRefresh==0,0,0.0,0.0,0.0,98
3-wise,238,31,realtime = 1 AND AutoAltRef = 1 AND FrameBoost = 1,FrameBoost==1 AND Threads==4 AND variance==0 AND cyclicRefresh==0,1,0.0909090909090909,0.1538461538461538,0.064516129032258,98
4-wise,918,121,realtime = 1 AND AutoAltRef = 1 AND FrameBoost = 1,lossless==0 AND bitRate==1200 AND constrainedQuality==0,3,0.1297297297297297,0.1875,0.0991735537190082,98
full,216000,27000,realtime = 1 AND AutoAltRef = 1 AND FrameBoost = 1,realtime==0 AND complexity==0,0,0.0,0.0,0.0,99
random_2,34,2,realtime = 1 AND AutoAltRef = 1 AND FrameBoost = 1,lossless==1 AND FrameBoost==0 AND off==0 AND complexity==0,0,0.0,0.0,0.0,99
random_5,85,8,realtime = 1 AND AutoAltRef = 1 AND FrameBoost = 1,FrameBoost==0 AND realtime==0 AND AutoAltRef==1,0,0.0,0.0,0.0,99
random_10,170,19,realtime = 1 AND AutoAltRef = 1 AND FrameBoost = 1,FrameBoost==0 AND bitRate==1200 AND complexity==0,0,0.0,0.0,0.0,99
random_20,340,34,realtime = 1 AND AutoAltRef = 1 AND FrameBoost = 1,FrameBoost==0 AND lagInFrames==0 AND variance==0 AND variableBitrate==1,0,0.0,0.0,0.0,99
2-wise,51,2,realtime = 1 AND AutoAltRef = 1 AND FrameBoost = 1,realtime==1 AND AutoAltRef==0 AND constrainedQuality==0,0,0.0,0.0,0.0,99
3-wise,245,29,realtime = 1 AND AutoAltRef = 1 AND FrameBoost = 1,bitRate==900 AND TileColumns==6 AND constantBitrate==0,0,0.0,0.0,0.0,99
4-wise,954,120,realtime = 1 AND AutoAltRef = 1 AND FrameBoost = 1,Threads==8 AND AutoAltRef==0 AND cyclicRefresh==0 AND variableBitrate==1,0,0.0,0.0,0.0,99
full,216000,27000,AutoAltRef = 1 AND lossless = 1 AND FrameBoost = 1,lossless==1 AND FrameBoost==1 AND AutoAltRef==1,0,1.0,1.0,1.0,9
random_2,34,7,AutoAltRef = 1 AND lossless = 1 AND FrameBoost = 1,FrameBoost==0 AND AutoAltRef==1 AND cyclicRefresh==0 AND constantBitrate==0,0,0.0,0.0,0.0,9
random_5,85,13,AutoAltRef = 1 AND lossless = 1 AND FrameBoost = 1,lagInFrames==16 AND AutoAltRef==0 AND cyclicRefresh==1,0,0.0,0.0,0.0,9
random_10,170,18,AutoAltRef = 1 AND lossless = 1 AND FrameBoost = 1,off==0 AND complexity==1 AND variableBitrate==0 AND constrainedQuality==1,0,0.0,0.0,0.0,9
random_20,340,40,AutoAltRef = 1 AND lossless = 1 AND FrameBoost = 1,cpuUsed==0 AND TileColumns==0 AND realtime==0,3,0.0392156862745098,0.0909090909090909,0.025,9
2-wise,54,9,AutoAltRef = 1 AND lossless = 1 AND FrameBoost = 1,FrameBoost==0 AND lagInFrames==16,0,0.0,0.0,0.0,9
3-wise,247,32,AutoAltRef = 1 AND lossless = 1 AND FrameBoost = 1,lossless==1 AND cpuUsed==0 AND AutoAltRef==0 AND variance==0,0,0.0,0.0,0.0,9
4-wise,960,125,AutoAltRef = 1 AND lossless = 1 AND FrameBoost = 1,lossless==0 AND bitRate==600 AND Threads==8 AND cyclicRefresh==0,0,0.0,0.0,0.0,9
