sampling_strategy,sample_size,sg_cardinality,sg_rule,best_rule,best_rule_idx,f1,precision,recall,seed
full,1152,144,no_8x8dct = 1 AND no_mixed_refs = 1 AND no_weightb = 1,no_8x8dct==1 AND no_mixed_refs==1 AND no_weightb==1,0,1.0,1.0,1.0,0
random_5,45,7,no_8x8dct = 1 AND no_deblock = 1 AND no_mbtree = 1,no_deblock==0 AND no_mixed_refs==1 AND rc_lookahead==40,0,0.0,0.0,0.0,0
random_10,90,13,no_deblock = 1 AND no_fast_pskip = 1 AND no_weightb = 1,no_deblock==1 AND no_fast_pskip==1 AND no_weightb==1,0,1.0,1.0,1.0,0
random_20,180,21,no_8x8dct = 1 AND no_mixed_refs = 1 AND no_weightb = 1,no_8x8dct==1 AND no_mixed_refs==1 AND no_weightb==1,0,1.0,1.0,1.0,0
2-wise,19,3,no_cabac = 1 AND no_mixed_refs = 1 AND no_weightb = 1,no_8x8dct==0 AND no_cabac==1 AND no_deblock==1,0,0.0,0.0,0.0,0
3-wise,43,4,no_deblock = 1 AND no_fast_pskip = 1 AND no_mixed_refs = 1,no_deblock==1 AND no_fast_pskip==1 AND no_mixed_refs==1,0,1.0,1.0,1.0,0
4-wise,94,11,no_8x8dct = 1 AND no_cabac = 1 AND no_deblock = 1,no_8x8dct==0 AND no_mbtree==1 AND no_weightb==1 AND ref==9,0,0.0,0.0,0.0,0
full,1152,144,no_fast_pskip = 1 AND no_mbtree = 1 AND no_mixed_refs = 1,no_8x8dct==0 AND no_deblock==0 AND no_fast_pskip==0,0,0.0,0.0,0.0,10
random_5,45,8,no_fast_pskip = 1 AND no_mbtree = 1 AND no_mixed_refs = 1,no_cabac==1 AND no_weightb==0 AND rc_lookahead==20 AND ref==5,0,0.0,0.0,0.0,10
random_10,90,14,no_fast_pskip = 1 AND no_mbtree = 1 AND no_mixed_refs = 1,no_8x8dct==1 AND no_deblock==1 AND no_weightb==1 AND ref==5,0,0.0,0.0,0.0,10
random_20,180,23,no_fast_pskip = 1 AND no_mbtree = 1 AND no_mixed_refs = 1,no_8x8dct==0 AND no_deblock==0 AND no_fast_pskip==0 AND no_mbtree==1,0,0.0,0.0,0.0,10
2-wise,16,2,no_fast_pskip = 1 AND no_mbtree = 1 AND no_mixed_refs = 1,no_fast_pskip==0 AND no_mbtree==1,0,0.0,0.0,0.0,10
3-wise,44,11,no_fast_pskip = 1 AND no_mbtree = 1 AND no_mixed_refs = 1,no_mbtree==0 AND no_weightb==1 AND rc_lookahead==60 AND ref==5,0,0.0,0.0,0.0,10
4-wise,98,15,no_fast_pskip = 1 AND no_mbtree = 1 AND no_mixed_refs = 1,no_8x8dct==0 AND no_cabac==0 AND no_deblock==0 AND rc_lookahead==60,0,0.0,0.0,0.0,10
full,1152,144,no_8x8dct = 1 AND no_fast_pskip = 1 AND no_mixed_refs = 1,no_8x8dct==1 AND no_fast_pskip==1 AND no_mixed_refs==1,0,1.0,1.0,1.0,11
random_2,18,5,no_8x8dct = 1 AND no_fast_pskip = 1 AND no_mixed_refs = 1,no_8x8dct==1 AND rc_lookahead==40,1,0.7272727272727272,0.6666666666666666,0.8,11
random_5,45,6,no_8x8dct = 1 AND no_fast_pskip = 1 AND no_mixed_refs = 1,no_8x8dct==1 AND no_cabac==0 AND no_weightb==0 AND rc_lookahead==40,4,0.4615384615384615,0.4285714285714285,0.5,11
random_10,90,10,no_8x8dct = 1 AND no_fast_pskip = 1 AND no_mixed_refs = 1,no_deblock==0 AND no_fast_pskip==0 AND no_weightb==0 AND rc_lookahead==20,0,0.0,0.0,0.0,11
random_20,180,28,no_8x8dct = 1 AND no_fast_pskip = 1 AND no_mixed_refs = 1,no_8x8dct==1 AND no_fast_pskip==1 AND no_mixed_refs==1,0,1.0,1.0,1.0,11
2-wise,14,3,no_8x8dct = 1 AND no_fast_pskip = 1 AND no_mixed_refs = 1,no_cabac==0 AND rc_lookahead==60,0,0.0,0.0,0.0,11
3-wise,41,6,no_8x8dct = 1 AND no_fast_pskip = 1 AND no_mixed_refs = 1,no_8x8dct==1 AND no_fast_pskip==1 AND no_mixed_refs==1,2,1.0,1.0,1.0,11
4-wise,111,12,no_8x8dct = 1 AND no_fast_pskip = 1 AND no_mixed_refs = 1,no_cabac==0 AND no_fast_pskip==1 AND no_weightb==0 AND rc_lookahead==40,2,0.2222222222222222,0.3333333333333333,0.1666666666666666,11
full,1152,144,no_cabac = 1 AND no_deblock = 1 AND no_mixed_refs = 1,no_cabac==1 AND no_deblock==1 AND no_mixed_refs==1,0,1.0,1.0,1.0,12
random_2,18,2,no_cabac = 1 AND no_deblock = 1 AND no_mixed_refs = 1,no_8x8dct==0 AND no_deblock==1 AND no_mbtree==0,0,0.0,0.0,0.0,12
random_5,45,7,no_cabac = 1 AND no_deblock = 1 AND no_mixed_refs = 1,no_mbtree==0 AND rc_lookahead==40 AND ref==5,0,0.0,0.0,0.0,12
random_10,90,7,no_cabac = 1 AND no_deblock = 1 AND no_mixed_refs = 1,no_deblock==1 AND no_fast_pskip==1 AND no_mixed_refs==1 AND ref==1,2,0.1538461538461538,0.1666666666666666,0.1428571428571428,12
random_20,180,12,no_cabac = 1 AND no_deblock = 1 AND no_mixed_refs = 1,no_fast_pskip==0 AND no_mbtree==1 AND no_weightb==1 AND ref==9,2,0.1,0.125,0.0833333333333333,12
2-wise,18,1,no_cabac = 1 AND no_deblock = 1 AND no_mixed_refs = 1,no_8x8dct==0 AND no_fast_pskip==0 AND no_mbtree==0,0,0.0,0.0,0.0,12
3-wise,40,4,no_cabac = 1 AND no_deblock = 1 AND no_mixed_refs = 1,no_cabac==1 AND rc_lookahead==60 AND ref==9,0,0.0,0.0,0.0,12
4-wise,96,14,no_cabac = 1 AND no_deblock = 1 AND no_mixed_refs = 1,no_deblock==1 AND no_fast_pskip==1 AND no_weightb==0,3,0.2727272727272727,0.375,0.2142857142857142,12
full,1152,144,no_8x8dct = 1 AND no_fast_pskip = 1 AND no_mixed_refs = 1,no_8x8dct==1 AND no_deblock==1 AND no_fast_pskip==0,0,0.0,0.0,0.0,13
random_2,18,1,no_8x8dct = 1 AND no_fast_pskip = 1 AND no_mixed_refs = 1,no_deblock==0 AND no_mbtree==1 AND no_weightb==0,0,0.0,0.0,0.0,13
random_5,45,10,no_8x8dct = 1 AND no_fast_pskip = 1 AND no_mixed_refs = 1,no_8x8dct==0 AND no_deblock==0 AND no_mbtree==1 AND no_weightb==1,0,0.0,0.0,0.0,13
random_10,90,9,no_8x8dct = 1 AND no_fast_pskip = 1 AND no_mixed_refs = 1,no_8x8dct==0 AND no_cabac==0 AND no_deblock==0 AND no_fast_pskip==0,0,0.0,0.0,0.0,13
random_20,180,26,no_8x8dct = 1 AND no_fast_pskip = 1 AND no_mixed_refs = 1,no_cabac==0 AND no_mbtree==0 AND no_weightb==1 AND ref==9,3,0.0588235294117647,0.125,0.0384615384615384,13
2-wise,19,2,no_8x8dct = 1 AND no_fast_pskip = 1 AND no_mixed_refs = 1,no_8x8dct==0 AND no_deblock==0 AND no_mbtree==0 AND no_mixed_refs==0,0,0.0,0.0,0.0,13
3-wise,45,3,no_8x8dct = 1 AND no_fast_pskip = 1 AND no_mixed_refs = 1,no_cabac==1 AND no_deblock==1 AND no_fast_pskip==0 AND no_mixed_refs==1,0,0.0,0.0,0.0,13
4-wise,106,16,no_8x8dct = 1 AND no_fast_pskip = 1 AND no_mixed_refs = 1,no_8x8dct==0 AND no_deblock==0 AND no_weightb==0 AND ref==5,0,0.0,0.0,0.0,13
full,1152,144,no_cabac = 1 AND no_deblock = 1 AND no_mbtree = 1,no_cabac==0 AND no_deblock==1 AND no_mixed_refs==1 AND no_weightb==0,0,0.0,0.0,0.0,14
random_2,18,4,no_cabac = 1 AND no_deblock = 1 AND no_mbtree = 1,no_mixed_refs==1 AND rc_lookahead==20,1,0.2857142857142857,0.3333333333333333,0.25,14
random_5,45,7,no_cabac = 1 AND no_deblock = 1 AND no_mbtree = 1,no_8x8dct==0 AND no_mixed_refs==0 AND rc_lookahead==20,2,0.1538461538461538,0.1666666666666666,0.1428571428571428,14
random_10,90,10,no_cabac = 1 AND no_deblock = 1 AND no_mbtree = 1,no_cabac==0 AND no_deblock==1 AND no_fast_pskip==1,0,0.0,0.0,0.0,14
random_20,180,22,no_cabac = 1 AND no_deblock = 1 AND no_mbtree = 1,no_mixed_refs==0 AND no_weightb==1 AND rc_lookahead==60 AND ref==9,2,0.0769230769230769,0.25,0.0454545454545454,14
2-wise,13,1,no_cabac = 1 AND no_deblock = 1 AND no_mbtree = 1,no_fast_pskip==1 AND no_mixed_refs==1,4,0.5,0.3333333333333333,1.0,14
3-wise,43,7,no_cabac = 1 AND no_deblock = 1 AND no_mbtree = 1,no_fast_pskip==0 AND no_mbtree==0 AND no_weightb==0 AND ref==9,0,0.0,0.0,0.0,14
4-wise,103,18,no_cabac = 1 AND no_deblock = 1 AND no_mbtree = 1,no_8x8dct==1 AND no_fast_pskip==0 AND no_mbtree==0 AND no_mixed_refs==1,0,0.0,0.0,0.0,14
full,1152,144,no_cabac = 1 AND no_deblock = 1 AND no_weightb = 1,no_cabac==1 AND no_deblock==1 AND no_weightb==1,0,1.0,1.0,1.0,15
random_2,18,4,no_cabac = 1 AND no_deblock = 1 AND no_weightb = 1,no_cabac==1 AND no_fast_pskip==1 AND no_weightb==1,0,0.75,0.75,0.75,15
random_5,45,4,no_cabac = 1 AND no_deblock = 1 AND no_weightb = 1,no_deblock==1 AND ref==1,4,0.2352941176470588,0.1538461538461538,0.5,15
random_10,90,7,no_cabac = 1 AND no_deblock = 1 AND no_weightb = 1,no_mbtree==0 AND no_mixed_refs==0 AND no_weightb==1 AND rc_lookahead==40,2,0.2,0.3333333333333333,0.1428571428571428,15
random_20,180,20,no_cabac = 1 AND no_deblock = 1 AND no_weightb = 1,no_cabac==1 AND no_deblock==1 AND no_weightb==1,0,1.0,1.0,1.0,15
2-wise,19,2,no_cabac = 1 AND no_deblock = 1 AND no_weightb = 1,no_8x8dct==1 AND no_cabac==0 AND no_mixed_refs==1 AND no_weightb==1,0,0.0,0.0,0.0,15
3-wise,43,4,no_cabac = 1 AND no_deblock = 1 AND no_weightb = 1,no_8x8dct==0 AND no_cabac==0 AND no_weightb==0,0,0.0,0.0,0.0,15
4-wise,99,10,no_cabac = 1 AND no_deblock = 1 AND no_weightb = 1,no_cabac==1 AND no_fast_pskip==0 AND no_mbtree==0 AND no_weightb==1,4,0.3749999999999999,0.5,0.3,15
full,1152,144,no_8x8dct = 1 AND no_fast_pskip = 1 AND no_mixed_refs = 1,no_mbtree==0 AND no_mixed_refs==0 AND ref==5,0,0.0,0.0,0.0,16
random_2,18,3,no_8x8dct = 1 AND no_fast_pskip = 1 AND no_mixed_refs = 1,no_deblock==0 AND no_fast_pskip==0 AND no_mixed_refs==1,0,0.0,0.0,0.0,16
random_5,45,4,no_8x8dct = 1 AND no_fast_pskip = 1 AND no_mixed_refs = 1,no_deblock==1 AND no_mixed_refs==0 AND rc_lookahead==20 AND ref==1,0,0.0,0.0,0.0,16
random_10,90,12,no_8x8dct = 1 AND no_fast_pskip = 1 AND no_mixed_refs = 1,no_fast_pskip==0 AND no_mixed_refs==1 AND no_weightb==1 AND ref==5,0,0.0,0.0,0.0,16
random_20,180,19,no_8x8dct = 1 AND no_fast_pskip = 1 AND no_mixed_refs = 1,no_cabac==1 AND no_fast_pskip==1 AND no_weightb==0 AND ref==5,0,0.0,0.0,0.0,16
2-wise,16,3,no_8x8dct = 1 AND no_fast_pskip = 1 AND no_mixed_refs = 1,no_cabac==0 AND no_fast_pskip==0 AND no_weightb==1,0,0.0,0.0,0.0,16
3-wise,44,8,no_8x8dct = 1 AND no_fast_pskip = 1 AND no_mixed_refs = 1,no_cabac==1 AND no_mixed_refs==0,0,0.0,0.0,0.0,16
4-wise,103,15,no_8x8dct = 1 AND no_fast_pskip = 1 AND no_mixed_refs = 1,no_8x8dct==1 AND no_fast_pskip==0 AND no_mbtree==0 AND no_mixed_refs==1,0,0.0,0.0,0.0,16
full,1152,144,no_deblock = 1 AND no_mixed_refs = 1 AND no_weightb = 1,no_deblock==1 AND no_mixed_refs==1 AND no_weightb==1,0,1.0,1.0,1.0,17
random_5,45,3,no_deblock = 1 AND no_mixed_refs = 1 AND no_weightb = 1,no_cabac==0 AND no_fast_pskip==1 AND no_mbtree==1 AND ref==5,0,0.0,0.0,0.0,17
random_10,90,15,no_deblock = 1 AND no_mixed_refs = 1 AND no_weightb = 1,no_deblock==1 AND no_mixed_refs==1 AND no_weightb==1,4,1.0,1.0,1.0,17
random_20,180,23,no_deblock = 1 AND no_mixed_refs = 1 AND no_weightb = 1,no_deblock==1 AND no_mixed_refs==1 AND no_weightb==1,0,1.0,1.0,1.0,17
2-wise,17,1,no_deblock = 1 AND no_mixed_refs = 1 AND no_weightb = 1,no_deblock==1 AND no_fast_pskip==1 AND no_mixed_refs==0 AND no_weightb==0,0,0.0,0.0,0.0,17
3-wise,38,7,no_deblock = 1 AND no_mixed_refs = 1 AND no_weightb = 1,no_deblock==1 AND no_weightb==1,0,0.8235294117647058,0.7,1.0,17
4-wise,97,12,no_deblock = 1 AND no_mixed_refs = 1 AND no_weightb = 1,no_fast_pskip==0 AND no_weightb==1 AND rc_lookahead==40 AND ref==5,1,0.1176470588235294,0.2,0.0833333333333333,17
full,1152,144,no_cabac = 1 AND no_mixed_refs = 1 AND no_weightb = 1,no_8x8dct==1 AND no_mbtree==1 AND no_weightb==0 AND ref==1,0,0.0,0.0,0.0,18
random_2,18,1,no_cabac = 1 AND no_mixed_refs = 1 AND no_weightb = 1,no_weightb==1,4,0.2857142857142857,0.1666666666666666,1.0,18
random_5,45,7,no_cabac = 1 AND no_mixed_refs = 1 AND no_weightb = 1,no_mixed_refs==1 AND rc_lookahead==40,0,0.0,0.0,0.0,18
random_10,90,11,no_cabac = 1 AND no_mixed_refs = 1 AND no_weightb = 1,no_fast_pskip==0 AND no_mixed_refs==0 AND no_weightb==1 AND rc_lookahead==20,0,0.0,0.0,0.0,18
random_20,180,21,no_cabac = 1 AND no_mixed_refs = 1 AND no_weightb = 1,no_cabac==0 AND no_deblock==0 AND no_mixed_refs==0,0,0.0,0.0,0.0,18
2-wise,15,3,no_cabac = 1 AND no_mixed_refs = 1 AND no_weightb = 1,no_8x8dct==1 AND no_cabac==0 AND no_mbtree==0,0,0.0,0.0,0.0,18
3-wise,48,7,no_cabac = 1 AND no_mixed_refs = 1 AND no_weightb = 1,no_cabac==1 AND no_deblock==0 AND no_fast_pskip==1 AND no_mixed_refs==0,0,0.0,0.0,0.0,18
4-wise,102,14,no_cabac = 1 AND no_mixed_refs = 1 AND no_weightb = 1,no_8x8dct==1 AND no_mbtree==0 AND no_mixed_refs==0 AND no_weightb==1,0,0.0,0.0,0.0,18
full,1152,144,no_8x8dct = 1 AND no_deblock = 1 AND no_mbtree = 1,no_deblock==0 AND no_fast_pskip==1 AND no_mixed_refs==0 AND rc_lookahead==40,0,0.0,0.0,0.0,19
random_2,18,2,no_8x8dct = 1 AND no_deblock = 1 AND no_mbtree = 1,no_8x8dct==0 AND no_weightb==1,0,0.0,0.0,0.0,19
random_5,45,3,no_8x8dct = 1 AND no_deblock = 1 AND no_mbtree = 1,no_cabac==1 AND no_deblock==1 AND no_mixed_refs==0,0,0.0,0.0,0.0,19
random_10,90,11,no_8x8dct = 1 AND no_deblock = 1 AND no_mbtree = 1,no_cabac==0 AND no_deblock==0 AND no_mixed_refs==0 AND no_weightb==0,0,0.0,0.0,0.0,19
random_20,180,22,no_8x8dct = 1 AND no_deblock = 1 AND no_mbtree = 1,no_8x8dct==0 AND no_deblock==1 AND no_fast_pskip==0 AND no_weightb==1,0,0.0,0.0,0.0,19
3-wise,45,5,no_8x8dct = 1 AND no_deblock = 1 AND no_mbtree = 1,no_8x8dct==0 AND no_cabac==1 AND no_deblock==1,0,0.0,0.0,0.0,19
4-wise,100,14,no_8x8dct = 1 AND no_deblock = 1 AND no_mbtree = 1,no_cabac==0 AND no_mbtree==0 AND no_weightb==1 AND ref==5,0,0.0,0.0,0.0,19
full,1152,144,no_cabac = 1 AND no_deblock = 1 AND no_mbtree = 1,no_8x8dct==1 AND no_cabac==1 AND no_deblock==0 AND ref==9,0,0.0,0.0,0.0,1
random_2,18,1,no_cabac = 1 AND no_deblock = 1 AND no_mbtree = 1,no_cabac==1 AND no_weightb==1,0,0.0,0.0,0.0,1
random_5,45,7,no_cabac = 1 AND no_deblock = 1 AND no_mbtree = 1,no_8x8dct==0 AND no_fast_pskip==1 AND no_mbtree==0 AND no_weightb==1,0,0.0,0.0,0.0,1
random_10,90,12,no_cabac = 1 AND no_deblock = 1 AND no_mbtree = 1,no_8x8dct==0 AND no_mbtree==1 AND no_weightb==0 AND rc_lookahead==20,0,0.0,0.0,0.0,1
random_20,180,22,no_cabac = 1 AND no_deblock = 1 AND no_mbtree = 1,no_mixed_refs==0 AND ref==1,1,0.0444444444444444,0.0434782608695652,0.0454545454545454,1
2-wise,17,2,no_cabac = 1 AND no_deblock = 1 AND no_mbtree = 1,no_cabac==1 AND no_deblock==0,0,0.0,0.0,0.0,1
3-wise,46,7,no_cabac = 1 AND no_deblock = 1 AND no_mbtree = 1,no_8x8dct==0 AND no_deblock==1 AND no_mbtree==0 AND no_weightb==0,0,0.0,0.0,0.0,1
4-wise,98,15,no_cabac = 1 AND no_deblock = 1 AND no_mbtree = 1,no_8x8dct==1 AND no_cabac==0 AND no_mixed_refs==0 AND no_weightb==0,0,0.0,0.0,0.0,1
full,1152,144,no_8x8dct = 1 AND no_deblock = 1 AND no_fast_pskip = 1,no_8x8dct==1 AND no_deblock==1 AND no_fast_pskip==1,0,1.0,1.0,1.0,20
random_2,18,3,no_8x8dct = 1 AND no_deblock = 1 AND no_fast_pskip = 1,no_8x8dct==0 AND no_fast_pskip==0 AND no_weightb==0 AND rc_lookahead==40,0,0.0,0.0,0.0,20
random_5,45,7,no_8x8dct = 1 AND no_deblock = 1 AND no_fast_pskip = 1,no_8x8dct==1 AND no_deblock==1 AND no_fast_pskip==1,0,1.0,1.0,1.0,20
random_10,90,13,no_8x8dct = 1 AND no_deblock = 1 AND no_fast_pskip = 1,no_8x8dct==1 AND no_deblock==1 AND no_fast_pskip==1,0,1.0,1.0,1.0,20
random_20,180,30,no_8x8dct = 1 AND no_deblock = 1 AND no_fast_pskip = 1,no_8x8dct==1 AND no_deblock==1 AND no_fast_pskip==1,0,1.0,1.0,1.0,20
2-wise,17,4,no_8x8dct = 1 AND no_deblock = 1 AND no_fast_pskip = 1,no_8x8dct==1 AND no_deblock==1 AND no_mbtree==1,1,0.888888888888889,0.8,1.0,20
3-wise,42,5,no_8x8dct = 1 AND no_deblock = 1 AND no_fast_pskip = 1,no_8x8dct==1 AND no_deblock==1 AND no_fast_pskip==1,0,1.0,1.0,1.0,20
4-wise,101,11,no_8x8dct = 1 AND no_deblock = 1 AND no_fast_pskip = 1,no_8x8dct==1 AND no_deblock==1 AND no_fast_pskip==1,0,1.0,1.0,1.0,20
full,1152,144,no_8x8dct = 1 AND no_deblock = 1 AND no_fast_pskip = 1,no_8x8dct==1 AND no_deblock==1 AND no_fast_pskip==1,3,1.0,1.0,1.0,21
random_2,18,2,no_8x8dct = 1 AND no_deblock = 1 AND no_fast_pskip = 1,no_mbtree==1 AND no_weightb==0,0,0.25,0.1666666666666666,0.5,21
random_5,45,8,no_8x8dct = 1 AND no_deblock = 1 AND no_fast_pskip = 1,no_mbtree==1 AND rc_lookahead==40 AND ref==9,0,0.0,0.0,0.0,21
random_10,90,7,no_8x8dct = 1 AND no_deblock = 1 AND no_fast_pskip = 1,no_fast_pskip==1 AND no_mbtree==1 AND no_weightb==0 AND rc_lookahead==40,3,0.1428571428571428,0.1428571428571428,0.1428571428571428,21
random_20,180,21,no_8x8dct = 1 AND no_deblock = 1 AND no_fast_pskip = 1,no_deblock==1 AND no_fast_pskip==0 AND no_weightb==0 AND ref==5,0,0.0,0.0,0.0,21
2-wise,17,1,no_8x8dct = 1 AND no_deblock = 1 AND no_fast_pskip = 1,no_cabac==1 AND no_deblock==0 AND rc_lookahead==20 AND ref==5,0,0.0,0.0,0.0,21
3-wise,43,2,no_8x8dct = 1 AND no_deblock = 1 AND no_fast_pskip = 1,no_8x8dct==0 AND no_weightb==0 AND rc_lookahead==40,0,0.0,0.0,0.0,21
4-wise,103,12,no_8x8dct = 1 AND no_deblock = 1 AND no_fast_pskip = 1,no_deblock==0 AND no_fast_pskip==0 AND no_mbtree==0 AND no_mixed_refs==1,0,0.0,0.0,0.0,21
full,1152,144,no_cabac = 1 AND no_fast_pskip = 1 AND no_mixed_refs = 1,no_mbtree==1 AND no_weightb==1 AND rc_lookahead==40,2,0.1,0.125,0.0833333333333333,22
random_2,18,3,no_cabac = 1 AND no_fast_pskip = 1 AND no_mixed_refs = 1,no_mbtree==1 AND ref==9,0,0.0,0.0,0.0,22
random_5,45,8,no_cabac = 1 AND no_fast_pskip = 1 AND no_mixed_refs = 1,no_fast_pskip==0 AND no_mixed_refs==0 AND rc_lookahead==60,0,0.0,0.0,0.0,22
random_10,90,10,no_cabac = 1 AND no_fast_pskip = 1 AND no_mixed_refs = 1,no_deblock==1 AND no_mixed_refs==0 AND no_weightb==1,0,0.0,0.0,0.0,22
random_20,180,24,no_cabac = 1 AND no_fast_pskip = 1 AND no_mixed_refs = 1,no_mbtree==0 AND no_mixed_refs==1,0,0.2388059701492537,0.1860465116279069,0.3333333333333333,22
2-wise,19,2,no_cabac = 1 AND no_fast_pskip = 1 AND no_mixed_refs = 1,rc_lookahead==20 AND ref==5,0,0.0,0.0,0.0,22
3-wise,40,3,no_cabac = 1 AND no_fast_pskip = 1 AND no_mixed_refs = 1,no_8x8dct==0 AND no_mixed_refs==0 AND no_weightb==0 AND ref==9,0,0.0,0.0,0.0,22
4-wise,105,10,no_cabac = 1 AND no_fast_pskip = 1 AND no_mixed_refs = 1,no_cabac==0 AND no_deblock==1 AND no_weightb==0 AND rc_lookahead==20,0,0.0,0.0,0.0,22
full,1152,144,no_8x8dct = 1 AND no_fast_pskip = 1 AND no_mbtree = 1,no_8x8dct==1 AND no_fast_pskip==1 AND no_mbtree==1,0,1.0,1.0,1.0,23
random_2,18,3,no_8x8dct = 1 AND no_fast_pskip = 1 AND no_mbtree = 1,no_cabac==1 AND ref==5,2,0.2222222222222222,0.1666666666666666,0.3333333333333333,23
random_5,45,6,no_8x8dct = 1 AND no_fast_pskip = 1 AND no_mbtree = 1,no_cabac==0 AND no_fast_pskip==1 AND ref==1,0,0.0,0.0,0.0,23
random_10,90,12,no_8x8dct = 1 AND no_fast_pskip = 1 AND no_mbtree = 1,no_cabac==1 AND no_weightb==0 AND ref==1,4,0.1111111111111111,0.1666666666666666,0.0833333333333333,23
random_20,180,16,no_8x8dct = 1 AND no_fast_pskip = 1 AND no_mbtree = 1,no_mixed_refs==0 AND no_weightb==1 AND rc_lookahead==60 AND ref==5,1,0.1,0.25,0.0625,23
2-wise,19,2,no_8x8dct = 1 AND no_fast_pskip = 1 AND no_mbtree = 1,no_8x8dct==1 AND no_fast_pskip==0,0,0.0,0.0,0.0,23
3-wise,43,6,no_8x8dct = 1 AND no_fast_pskip = 1 AND no_mbtree = 1,no_fast_pskip==1 AND no_mixed_refs==1 AND no_weightb==0,0,0.4615384615384615,0.4285714285714285,0.5,23
4-wise,106,16,no_8x8dct = 1 AND no_fast_pskip = 1 AND no_mbtree = 1,no_deblock==0 AND no_mbtree==1 AND no_weightb==1 AND ref==9,4,0.0952380952380952,0.2,0.0625,23
full,1152,144,no_fast_pskip = 1 AND no_mbtree = 1 AND no_mixed_refs = 1,no_fast_pskip==1 AND no_mbtree==1 AND no_mixed_refs==1,0,1.0,1.0,1.0,24
random_2,18,2,no_fast_pskip = 1 AND no_mbtree = 1 AND no_mixed_refs = 1,no_fast_pskip==1 AND ref==1,3,0.4,0.3333333333333333,0.5,24
random_5,45,5,no_fast_pskip = 1 AND no_mbtree = 1 AND no_mixed_refs = 1,no_mbtree==1 AND no_mixed_refs==1 AND rc_lookahead==40,1,0.5,0.6666666666666666,0.4,24
random_10,90,9,no_fast_pskip = 1 AND no_mbtree = 1 AND no_mixed_refs = 1,no_8x8dct==0 AND rc_lookahead==60,0,0.0,0.0,0.0,24
random_20,180,23,no_fast_pskip = 1 AND no_mbtree = 1 AND no_mixed_refs = 1,no_cabac==0 AND no_mbtree==1 AND no_mixed_refs==1,4,0.6399999999999999,0.5925925925925926,0.6956521739130435,24
2-wise,18,3,no_fast_pskip = 1 AND no_mbtree = 1 AND no_mixed_refs = 1,no_fast_pskip==1 AND no_mixed_refs==1,1,0.8571428571428571,0.75,1.0,24
3-wise,44,4,no_fast_pskip = 1 AND no_mbtree = 1 AND no_mixed_refs = 1,no_cabac==0 AND no_deblock==1 AND no_mixed_refs==0 AND no_weightb==0,0,0.0,0.0,0.0,24
4-wise,104,13,no_fast_pskip = 1 AND no_mbtree = 1 AND no_mixed_refs = 1,no_fast_pskip==1 AND no_mbtree==1 AND no_mixed_refs==1,2,1.0,1.0,1.0,24
full,1152,144,no_cabac = 1 AND no_fast_pskip = 1 AND no_mbtree = 1,no_cabac==1 AND no_fast_pskip==1 AND no_mbtree==1,0,1.0,1.0,1.0,25
random_2,18,1,no_cabac = 1 AND no_fast_pskip = 1 AND no_mbtree = 1,no_8x8dct==1 AND no_deblock==0,0,0.5,0.3333333333333333,1.0,25
random_5,45,8,no_cabac = 1 AND no_fast_pskip = 1 AND no_mbtree = 1,no_cabac==1 AND no_fast_pskip==1 AND no_mbtree==1,1,1.0,1.0,1.0,25
random_10,90,9,no_cabac = 1 AND no_fast_pskip = 1 AND no_mbtree = 1,no_cabac==1 AND no_fast_pskip==1 AND no_mbtree==1,0,1.0,1.0,1.0,25
random_20,180,25,no_cabac = 1 AND no_fast_pskip = 1 AND no_mbtree = 1,no_cabac==1 AND no_fast_pskip==1 AND no_mbtree==1,0,1.0,1.0,1.0,25
2-wise,15,3,no_cabac = 1 AND no_fast_pskip = 1 AND no_mbtree = 1,no_cabac==1 AND no_deblock==0 AND no_mbtree==1,2,1.0,1.0,1.0,25
3-wise,38,4,no_cabac = 1 AND no_fast_pskip = 1 AND no_mbtree = 1,no_cabac==1 AND no_fast_pskip==1 AND ref==1,0,0.75,0.75,0.75,25
4-wise,101,11,no_cabac = 1 AND no_fast_pskip = 1 AND no_mbtree = 1,no_cabac==1 AND no_fast_pskip==1 AND no_mbtree==1,0,1.0,1.0,1.0,25
full,1152,144,no_cabac = 1 AND no_deblock = 1 AND no_mbtree = 1,no_cabac==1 AND no_deblock==1 AND no_mbtree==1,0,1.0,1.0,1.0,26
random_2,18,1,no_cabac = 1 AND no_deblock = 1 AND no_mbtree = 1,no_8x8dct==0 AND no_fast_pskip==1 AND no_weightb==0,0,0.3333333333333333,0.2,1.0,26
random_5,45,6,no_cabac = 1 AND no_deblock = 1 AND no_mbtree = 1,no_cabac==1 AND no_deblock==1 AND no_mbtree==1,1,1.0,1.0,1.0,26
random_10,90,12,no_cabac = 1 AND no_deblock = 1 AND no_mbtree = 1,no_cabac==1 AND no_deblock==1 AND no_mbtree==1,0,1.0,1.0,1.0,26
random_20,180,19,no_cabac = 1 AND no_deblock = 1 AND no_mbtree = 1,no_cabac==1 AND no_deblock==1 AND no_mbtree==1,0,1.0,1.0,1.0,26
2-wise,15,3,no_cabac = 1 AND no_deblock = 1 AND no_mbtree = 1,no_cabac==1 AND no_mbtree==1 AND no_weightb==0,1,1.0,1.0,1.0,26
3-wise,40,4,no_cabac = 1 AND no_deblock = 1 AND no_mbtree = 1,no_cabac==1 AND no_deblock==1 AND no_mbtree==1,1,1.0,1.0,1.0,26
4-wise,103,15,no_cabac = 1 AND no_deblock = 1 AND no_mbtree = 1,no_cabac==1 AND no_deblock==1 AND no_mbtree==1,0,1.0,1.0,1.0,26
full,1152,144,no_deblock = 1 AND no_fast_pskip = 1 AND no_mbtree = 1,no_deblock==1 AND no_fast_pskip==1 AND no_mbtree==1,2,1.0,1.0,1.0,27
random_2,18,1,no_deblock = 1 AND no_fast_pskip = 1 AND no_mbtree = 1,no_8x8dct==1 AND no_mixed_refs==0 AND ref==1,0,0.0,0.0,0.0,27
random_5,45,4,no_deblock = 1 AND no_fast_pskip = 1 AND no_mbtree = 1,no_8x8dct==0 AND no_fast_pskip==0,0,0.0,0.0,0.0,27
random_10,90,10,no_deblock = 1 AND no_fast_pskip = 1 AND no_mbtree = 1,no_cabac==0 AND no_deblock==0 AND no_fast_pskip==0 AND rc_lookahead==60,0,0.0,0.0,0.0,27
random_20,180,19,no_deblock = 1 AND no_fast_pskip = 1 AND no_mbtree = 1,no_cabac==0 AND rc_lookahead==40 AND ref==5,2,0.0833333333333333,0.2,0.0526315789473684,27
2-wise,16,2,no_deblock = 1 AND no_fast_pskip = 1 AND no_mbtree = 1,no_deblock==0 AND no_weightb==1,0,0.0,0.0,0.0,27
3-wise,38,6,no_deblock = 1 AND no_fast_pskip = 1 AND no_mbtree = 1,no_cabac==1 AND no_deblock==1 AND no_fast_pskip==0 AND no_mixed_refs==1,0,0.0,0.0,0.0,27
4-wise,101,13,no_deblock = 1 AND no_fast_pskip = 1 AND no_mbtree = 1,no_8x8dct==1 AND no_deblock==1 AND rc_lookahead==40 AND ref==1,2,0.1111111111111111,0.2,0.0769230769230769,27
full,1152,144,no_deblock = 1 AND no_mbtree = 1 AND no_mixed_refs = 1,no_deblock==0 AND no_fast_pskip==0 AND no_weightb==0 AND rc_lookahead==60,0,0.0,0.0,0.0,28
random_2,18,2,no_deblock = 1 AND no_mbtree = 1 AND no_mixed_refs = 1,no_mbtree==0 AND no_mixed_refs==1,0,0.0,0.0,0.0,28
random_5,45,9,no_deblock = 1 AND no_mbtree = 1 AND no_mixed_refs = 1,no_8x8dct==1 AND no_mbtree==0 AND no_mixed_refs==1 AND ref==1,0,0.0,0.0,0.0,28
random_10,90,13,no_deblock = 1 AND no_mbtree = 1 AND no_mixed_refs = 1,no_fast_pskip==0 AND no_weightb==0 AND rc_lookahead==20 AND ref==5,0,0.0,0.0,0.0,28
random_20,180,27,no_deblock = 1 AND no_mbtree = 1 AND no_mixed_refs = 1,no_fast_pskip==0 AND no_mbtree==1 AND no_weightb==1 AND rc_lookahead==20,3,0.0555555555555555,0.1111111111111111,0.037037037037037,28
2-wise,15,1,no_deblock = 1 AND no_mbtree = 1 AND no_mixed_refs = 1,no_fast_pskip==0 AND no_mixed_refs==0 AND ref==1,0,0.0,0.0,0.0,28
3-wise,46,3,no_deblock = 1 AND no_mbtree = 1 AND no_mixed_refs = 1,no_8x8dct==1 AND no_cabac==0 AND no_fast_pskip==0,0,0.0,0.0,0.0,28
4-wise,102,15,no_deblock = 1 AND no_mbtree = 1 AND no_mixed_refs = 1,no_deblock==0 AND no_fast_pskip==1 AND no_mixed_refs==0 AND no_weightb==0,0,0.0,0.0,0.0,28
full,1152,144,no_fast_pskip = 1 AND no_mixed_refs = 1 AND no_weightb = 1,no_8x8dct==1 AND no_mbtree==0 AND no_mixed_refs==0,0,0.0,0.0,0.0,29
random_2,18,2,no_fast_pskip = 1 AND no_mixed_refs = 1 AND no_weightb = 1,no_deblock==1 AND no_fast_pskip==1 AND no_mixed_refs==0 AND rc_lookahead==40,0,0.0,0.0,0.0,29
random_5,45,6,no_fast_pskip = 1 AND no_mixed_refs = 1 AND no_weightb = 1,no_cabac==1 AND no_mixed_refs==0 AND no_weightb==0,0,0.0,0.0,0.0,29
random_10,90,15,no_fast_pskip = 1 AND no_mixed_refs = 1 AND no_weightb = 1,no_deblock==1 AND no_mbtree==0 AND no_mixed_refs==0 AND no_weightb==0,0,0.0,0.0,0.0,29
random_20,180,23,no_fast_pskip = 1 AND no_mixed_refs = 1 AND no_weightb = 1,no_cabac==0 AND no_mixed_refs==1 AND rc_lookahead==60 AND ref==5,0,0.0,0.0,0.0,29
2-wise,16,2,no_fast_pskip = 1 AND no_mixed_refs = 1 AND no_weightb = 1,no_deblock==0 AND no_fast_pskip==0 AND rc_lookahead==20,0,0.0,0.0,0.0,29
3-wise,38,5,no_fast_pskip = 1 AND no_mixed_refs = 1 AND no_weightb = 1,no_cabac==0 AND no_mbtree==0 AND no_mixed_refs==0,0,0.0,0.0,0.0,29
4-wise,104,19,no_fast_pskip = 1 AND no_mixed_refs = 1 AND no_weightb = 1,no_cabac==0 AND no_fast_pskip==0 AND no_mixed_refs==0 AND ref==5,0,0.0,0.0,0.0,29
full,1152,144,no_8x8dct = 1 AND no_cabac = 1 AND no_weightb = 1,no_deblock==0 AND no_mixed_refs==0 AND no_weightb==0 AND rc_lookahead==60,0,0.0,0.0,0.0,2
random_2,18,3,no_8x8dct = 1 AND no_cabac = 1 AND no_weightb = 1,no_8x8dct==0 AND no_mbtree==1 AND ref==9,0,0.0,0.0,0.0,2
random_5,45,3,no_8x8dct = 1 AND no_cabac = 1 AND no_weightb = 1,no_cabac==0 AND no_deblock==1 AND no_mixed_refs==0,0,0.0,0.0,0.0,2
random_10,90,7,no_8x8dct = 1 AND no_cabac = 1 AND no_weightb = 1,no_8x8dct==1 AND no_mbtree==0 AND no_weightb==0 AND rc_lookahead==20,0,0.0,0.0,0.0,2
random_20,180,22,no_8x8dct = 1 AND no_cabac = 1 AND no_weightb = 1,no_cabac==1 AND no_fast_pskip==1 AND no_mbtree==0 AND no_weightb==0,0,0.0,0.0,0.0,2
3-wise,45,5,no_8x8dct = 1 AND no_cabac = 1 AND no_weightb = 1,no_cabac==0 AND no_deblock==1 AND no_mbtree==0 AND no_weightb==1,0,0.0,0.0,0.0,2
4-wise,104,17,no_8x8dct = 1 AND no_cabac = 1 AND no_weightb = 1,no_8x8dct==0 AND no_deblock==0 AND no_fast_pskip==0,0,0.0,0.0,0.0,2
full,1152,144,no_cabac = 1 AND no_fast_pskip = 1 AND no_mixed_refs = 1,no_cabac==1 AND no_fast_pskip==1 AND no_mixed_refs==1,0,1.0,1.0,1.0,30
random_2,18,1,no_cabac = 1 AND no_fast_pskip = 1 AND no_mixed_refs = 1,no_cabac==1 AND no_deblock==1 AND no_mixed_refs==1,0,0.6666666666666666,0.5,1.0,30
random_10,90,10,no_cabac = 1 AND no_fast_pskip = 1 AND no_mixed_refs = 1,no_cabac==1 AND no_fast_pskip==1 AND no_mixed_refs==1,2,1.0,1.0,1.0,30
random_20,180,22,no_cabac = 1 AND no_fast_pskip = 1 AND no_mixed_refs = 1,no_cabac==1 AND no_fast_pskip==1 AND no_mixed_refs==1,0,1.0,1.0,1.0,30
2-wise,18,3,no_cabac = 1 AND no_fast_pskip = 1 AND no_mixed_refs = 1,no_cabac==1 AND no_weightb==1,0,0.8571428571428571,0.75,1.0,30
3-wise,52,2,no_cabac = 1 AND no_fast_pskip = 1 AND no_mixed_refs = 1,no_8x8dct==0 AND no_fast_pskip==1 AND no_weightb==0 AND ref==9,0,0.4,0.3333333333333333,0.5,30
4-wise,99,10,no_cabac = 1 AND no_fast_pskip = 1 AND no_mixed_refs = 1,no_8x8dct==0 AND no_cabac==1 AND no_mbtree==1,1,0.32,0.2666666666666666,0.4,30
full,1152,144,no_8x8dct = 1 AND no_fast_pskip = 1 AND no_weightb = 1,no_8x8dct==1 AND no_fast_pskip==1 AND no_weightb==1,0,1.0,1.0,1.0,31
random_5,45,7,no_8x8dct = 1 AND no_fast_pskip = 1 AND no_weightb = 1,no_8x8dct==1 AND no_fast_pskip==1 AND no_weightb==1,2,1.0,1.0,1.0,31
random_10,90,12,no_8x8dct = 1 AND no_fast_pskip = 1 AND no_weightb = 1,no_8x8dct==1 AND no_fast_pskip==1 AND no_weightb==1,0,1.0,1.0,1.0,31
random_20,180,23,no_8x8dct = 1 AND no_fast_pskip = 1 AND no_weightb = 1,no_8x8dct==1 AND no_fast_pskip==1 AND no_weightb==1,0,1.0,1.0,1.0,31
2-wise,16,3,no_8x8dct = 1 AND no_fast_pskip = 1 AND no_weightb = 1,no_8x8dct==1 AND no_mixed_refs==0 AND no_weightb==1,1,1.0,1.0,1.0,31
3-wise,47,5,no_8x8dct = 1 AND no_fast_pskip = 1 AND no_weightb = 1,no_mbtree==0 AND no_weightb==1 AND rc_lookahead==60,0,0.3636363636363636,0.3333333333333333,0.4,31
4-wise,101,12,no_8x8dct = 1 AND no_fast_pskip = 1 AND no_weightb = 1,no_8x8dct==1 AND no_fast_pskip==1 AND no_weightb==1,0,1.0,1.0,1.0,31
full,1152,144,no_8x8dct = 1 AND no_deblock = 1 AND no_weightb = 1,no_8x8dct==1 AND no_deblock==1 AND no_weightb==1,0,1.0,1.0,1.0,32
random_2,18,2,no_8x8dct = 1 AND no_deblock = 1 AND no_weightb = 1,no_8x8dct==1 AND no_mbtree==0 AND no_mixed_refs==1,0,0.8,0.6666666666666666,1.0,32
random_5,45,2,no_8x8dct = 1 AND no_deblock = 1 AND no_weightb = 1,no_8x8dct==1 AND no_deblock==1 AND no_mbtree==0 AND no_mixed_refs==0,4,0.4,0.3333333333333333,0.5,32
random_10,90,17,no_8x8dct = 1 AND no_deblock = 1 AND no_weightb = 1,no_8x8dct==1 AND no_deblock==1 AND no_weightb==1,1,1.0,1.0,1.0,32
random_20,180,24,no_8x8dct = 1 AND no_deblock = 1 AND no_weightb = 1,no_8x8dct==1 AND no_deblock==1 AND no_weightb==1,0,1.0,1.0,1.0,32
2-wise,16,2,no_8x8dct = 1 AND no_deblock = 1 AND no_weightb = 1,no_cabac==0 AND no_mbtree==1 AND no_weightb==1 AND ref==1,1,0.5,0.5,0.5,32
3-wise,42,5,no_8x8dct = 1 AND no_deblock = 1 AND no_weightb = 1,no_8x8dct==1 AND no_deblock==1 AND no_weightb==1,1,1.0,1.0,1.0,32
4-wise,103,12,no_8x8dct = 1 AND no_deblock = 1 AND no_weightb = 1,no_8x8dct==1 AND no_weightb==1,4,0.6153846153846153,0.4444444444444444,1.0,32
full,1152,144,no_cabac = 1 AND no_fast_pskip = 1 AND no_mixed_refs = 1,no_cabac==1 AND no_fast_pskip==1 AND no_mixed_refs==1,0,1.0,1.0,1.0,33
random_2,18,3,no_cabac = 1 AND no_fast_pskip = 1 AND no_mixed_refs = 1,no_mixed_refs==1 AND rc_lookahead==40,0,0.3333333333333333,0.3333333333333333,0.3333333333333333,33
random_5,45,7,no_cabac = 1 AND no_fast_pskip = 1 AND no_mixed_refs = 1,no_cabac==1 AND no_fast_pskip==1 AND no_mixed_refs==1,0,1.0,1.0,1.0,33
random_10,90,14,no_cabac = 1 AND no_fast_pskip = 1 AND no_mixed_refs = 1,no_cabac==1 AND no_fast_pskip==1 AND no_mixed_refs==1,0,1.0,1.0,1.0,33
random_20,180,23,no_cabac = 1 AND no_fast_pskip = 1 AND no_mixed_refs = 1,no_cabac==1 AND no_fast_pskip==1 AND no_mixed_refs==1,0,1.0,1.0,1.0,33
2-wise,18,3,no_cabac = 1 AND no_fast_pskip = 1 AND no_mixed_refs = 1,no_cabac==1 AND no_deblock==0 AND ref==5,2,0.5714285714285715,0.5,0.6666666666666666,33
3-wise,44,6,no_cabac = 1 AND no_fast_pskip = 1 AND no_mixed_refs = 1,no_cabac==1 AND no_fast_pskip==1 AND no_mbtree==1,4,0.7692307692307692,0.7142857142857143,0.8333333333333334,33
4-wise,96,10,no_cabac = 1 AND no_fast_pskip = 1 AND no_mixed_refs = 1,no_cabac==1 AND no_fast_pskip==1 AND no_mixed_refs==1,0,1.0,1.0,1.0,33
full,1152,144,no_8x8dct = 1 AND no_cabac = 1 AND no_mbtree = 1,no_8x8dct==0 AND no_fast_pskip==0 AND no_mixed_refs==0 AND ref==5,0,0.0,0.0,0.0,34
random_2,18,3,no_8x8dct = 1 AND no_cabac = 1 AND no_mbtree = 1,no_8x8dct==0 AND no_cabac==1 AND no_weightb==1,0,0.0,0.0,0.0,34
random_5,45,7,no_8x8dct = 1 AND no_cabac = 1 AND no_mbtree = 1,no_8x8dct==0 AND no_mixed_refs==1 AND no_weightb==0,0,0.0,0.0,0.0,34
random_10,90,13,no_8x8dct = 1 AND no_cabac = 1 AND no_mbtree = 1,no_deblock==1 AND no_fast_pskip==1 AND no_mbtree==0 AND rc_lookahead==20,0,0.0,0.0,0.0,34
random_20,180,16,no_8x8dct = 1 AND no_cabac = 1 AND no_mbtree = 1,no_fast_pskip==0 AND no_mbtree==1 AND rc_lookahead==20 AND ref==5,0,0.0,0.0,0.0,34
2-wise,15,2,no_8x8dct = 1 AND no_cabac = 1 AND no_mbtree = 1,no_deblock==1 AND no_fast_pskip==1,0,0.0,0.0,0.0,34
3-wise,42,4,no_8x8dct = 1 AND no_cabac = 1 AND no_mbtree = 1,no_fast_pskip==1 AND no_weightb==0 AND rc_lookahead==40 AND ref==9,0,0.0,0.0,0.0,34
4-wise,102,14,no_8x8dct = 1 AND no_cabac = 1 AND no_mbtree = 1,no_mbtree==0 AND no_weightb==0 AND ref==5,0,0.0,0.0,0.0,34
full,1152,144,no_8x8dct = 1 AND no_deblock = 1 AND no_fast_pskip = 1,no_cabac==1 AND no_mixed_refs==1 AND no_weightb==1 AND ref==1,4,0.0625,0.125,0.0416666666666666,35
random_2,18,3,no_8x8dct = 1 AND no_deblock = 1 AND no_fast_pskip = 1,no_mbtree==1 AND rc_lookahead==60,0,0.0,0.0,0.0,35
random_5,45,9,no_8x8dct = 1 AND no_deblock = 1 AND no_fast_pskip = 1,no_deblock==0 AND no_fast_pskip==0 AND rc_lookahead==20,0,0.0,0.0,0.0,35
random_10,90,6,no_8x8dct = 1 AND no_deblock = 1 AND no_fast_pskip = 1,no_deblock==0 AND no_mbtree==0 AND no_weightb==1 AND ref==1,0,0.0,0.0,0.0,35
random_20,180,28,no_8x8dct = 1 AND no_deblock = 1 AND no_fast_pskip = 1,no_cabac==1 AND no_fast_pskip==0 AND no_weightb==0 AND ref==1,0,0.0,0.0,0.0,35
2-wise,14,1,no_8x8dct = 1 AND no_deblock = 1 AND no_fast_pskip = 1,no_cabac==0 AND no_mbtree==0 AND no_weightb==0,0,0.0,0.0,0.0,35
3-wise,41,6,no_8x8dct = 1 AND no_deblock = 1 AND no_fast_pskip = 1,no_fast_pskip==1 AND no_mbtree==1 AND ref==5,0,0.0,0.0,0.0,35
4-wise,101,11,no_8x8dct = 1 AND no_deblock = 1 AND no_fast_pskip = 1,no_fast_pskip==0 AND no_mixed_refs==1 AND rc_lookahead==60,0,0.0,0.0,0.0,35
full,1152,144,no_cabac = 1 AND no_fast_pskip = 1 AND no_mixed_refs = 1,no_cabac==1 AND no_fast_pskip==1 AND no_mixed_refs==1,0,1.0,1.0,1.0,36
random_2,18,2,no_cabac = 1 AND no_fast_pskip = 1 AND no_mixed_refs = 1,no_8x8dct==0 AND no_cabac==1 AND no_fast_pskip==0 AND ref==9,0,0.0,0.0,0.0,36
random_5,45,7,no_cabac = 1 AND no_fast_pskip = 1 AND no_mixed_refs = 1,no_mixed_refs==1,3,0.5384615384615384,0.3684210526315789,1.0,36
random_10,90,14,no_cabac = 1 AND no_fast_pskip = 1 AND no_mixed_refs = 1,no_fast_pskip==1 AND no_mbtree==1 AND rc_lookahead==60 AND ref==1,4,0.1052631578947368,0.2,0.0714285714285714,36
random_20,180,28,no_cabac = 1 AND no_fast_pskip = 1 AND no_mixed_refs = 1,no_cabac==1 AND no_fast_pskip==1 AND no_mixed_refs==1,2,1.0,1.0,1.0,36
2-wise,17,3,no_cabac = 1 AND no_fast_pskip = 1 AND no_mixed_refs = 1,no_deblock==0 AND no_mbtree==1 AND no_weightb==0,0,0.0,0.0,0.0,36
3-wise,46,5,no_cabac = 1 AND no_fast_pskip = 1 AND no_mixed_refs = 1,no_mbtree==0 AND no_weightb==0 AND rc_lookahead==20,0,0.0,0.0,0.0,36
4-wise,102,14,no_cabac = 1 AND no_fast_pskip = 1 AND no_mixed_refs = 1,no_fast_pskip==1 AND no_mbtree==1 AND no_weightb==1 AND rc_lookahead==20,2,0.2,0.3333333333333333,0.1428571428571428,36
full,1152,144,no_deblock = 1 AND no_fast_pskip = 1 AND no_mbtree = 1,no_deblock==1 AND no_fast_pskip==1 AND no_mbtree==1,0,1.0,1.0,1.0,37
random_2,18,4,no_deblock = 1 AND no_fast_pskip = 1 AND no_mbtree = 1,no_deblock==1 AND no_fast_pskip==1,0,1.0,1.0,1.0,37
random_5,45,8,no_deblock = 1 AND no_fast_pskip = 1 AND no_mbtree = 1,no_deblock==1 AND no_fast_pskip==1 AND no_mbtree==1,0,1.0,1.0,1.0,37
random_10,90,11,no_deblock = 1 AND no_fast_pskip = 1 AND no_mbtree = 1,no_deblock==1 AND no_fast_pskip==1 AND no_mbtree==1,0,1.0,1.0,1.0,37
random_20,180,19,no_deblock = 1 AND no_fast_pskip = 1 AND no_mbtree = 1,no_deblock==1 AND no_fast_pskip==1 AND no_mbtree==1,0,1.0,1.0,1.0,37
2-wise,15,1,no_deblock = 1 AND no_fast_pskip = 1 AND no_mbtree = 1,no_deblock==1 AND rc_lookahead==20,0,0.6666666666666666,0.5,1.0,37
3-wise,47,4,no_deblock = 1 AND no_fast_pskip = 1 AND no_mbtree = 1,no_deblock==1 AND no_fast_pskip==1 AND no_mbtree==1,0,1.0,1.0,1.0,37
4-wise,106,14,no_deblock = 1 AND no_fast_pskip = 1 AND no_mbtree = 1,no_deblock==1 AND no_fast_pskip==1 AND no_mbtree==1,0,1.0,1.0,1.0,37
full,1152,144,no_8x8dct = 1 AND no_deblock = 1 AND no_fast_pskip = 1,no_8x8dct==1 AND no_deblock==1 AND no_fast_pskip==1,0,1.0,1.0,1.0,38
random_2,18,2,no_8x8dct = 1 AND no_deblock = 1 AND no_fast_pskip = 1,no_8x8dct==0 AND no_deblock==0 AND no_mixed_refs==0,0,0.0,0.0,0.0,38
random_5,45,8,no_8x8dct = 1 AND no_deblock = 1 AND no_fast_pskip = 1,no_cabac==0 AND no_mixed_refs==1 AND no_weightb==1 AND rc_lookahead==40,4,0.1818181818181818,0.3333333333333333,0.125,38
random_10,90,11,no_8x8dct = 1 AND no_deblock = 1 AND no_fast_pskip = 1,no_deblock==1 AND no_fast_pskip==0 AND no_mbtree==1 AND ref==1,0,0.0,0.0,0.0,38
random_20,180,25,no_8x8dct = 1 AND no_deblock = 1 AND no_fast_pskip = 1,no_8x8dct==1 AND no_mbtree==0 AND no_weightb==1 AND rc_lookahead==40,4,0.1764705882352941,0.3333333333333333,0.12,38
2-wise,14,5,no_8x8dct = 1 AND no_deblock = 1 AND no_fast_pskip = 1,no_8x8dct==1 AND no_fast_pskip==1,1,1.0,1.0,1.0,38
3-wise,50,4,no_8x8dct = 1 AND no_deblock = 1 AND no_fast_pskip = 1,no_cabac==0 AND no_mixed_refs==1 AND rc_lookahead==20,0,0.0,0.0,0.0,38
4-wise,91,10,no_8x8dct = 1 AND no_deblock = 1 AND no_fast_pskip = 1,no_cabac==1 AND no_mixed_refs==0 AND no_weightb==0 AND ref==1,0,0.0,0.0,0.0,38
full,1152,144,no_8x8dct = 1 AND no_deblock = 1 AND no_mixed_refs = 1,no_8x8dct==0 AND no_cabac==0 AND no_mbtree==1 AND ref==5,0,0.0,0.0,0.0,39
random_2,18,3,no_8x8dct = 1 AND no_deblock = 1 AND no_mixed_refs = 1,no_cabac==1 AND no_mbtree==0 AND no_mixed_refs==1,0,0.0,0.0,0.0,39
random_5,45,7,no_8x8dct = 1 AND no_deblock = 1 AND no_mixed_refs = 1,no_8x8dct==0 AND no_cabac==0 AND no_mixed_refs==0,0,0.0,0.0,0.0,39
random_10,90,12,no_8x8dct = 1 AND no_deblock = 1 AND no_mixed_refs = 1,no_cabac==1 AND no_deblock==0 AND no_fast_pskip==1 AND rc_lookahead==60,0,0.0,0.0,0.0,39
random_20,180,17,no_8x8dct = 1 AND no_deblock = 1 AND no_mixed_refs = 1,no_fast_pskip==0 AND no_mbtree==0 AND no_mixed_refs==0 AND ref==5,0,0.0,0.0,0.0,39
3-wise,41,6,no_8x8dct = 1 AND no_deblock = 1 AND no_mixed_refs = 1,no_cabac==0 AND no_mixed_refs==0 AND ref==1,0,0.0,0.0,0.0,39
4-wise,105,16,no_8x8dct = 1 AND no_deblock = 1 AND no_mixed_refs = 1,no_weightb==0 AND rc_lookahead==40 AND ref==9,2,0.0869565217391304,0.1428571428571428,0.0625,39
full,1152,144,no_8x8dct = 1 AND no_fast_pskip = 1 AND no_weightb = 1,no_8x8dct==1 AND no_fast_pskip==1 AND no_weightb==1,0,1.0,1.0,1.0,3
random_2,18,2,no_8x8dct = 1 AND no_fast_pskip = 1 AND no_weightb = 1,no_8x8dct==1 AND no_deblock==0 AND no_mbtree==1 AND no_weightb==1,3,1.0,1.0,1.0,3
random_5,45,4,no_8x8dct = 1 AND no_fast_pskip = 1 AND no_weightb = 1,no_8x8dct==1 AND no_fast_pskip==1 AND no_weightb==1,0,1.0,1.0,1.0,3
random_10,90,10,no_8x8dct = 1 AND no_fast_pskip = 1 AND no_weightb = 1,no_8x8dct==1 AND no_fast_pskip==1 AND no_weightb==1,0,1.0,1.0,1.0,3
random_20,180,21,no_8x8dct = 1 AND no_fast_pskip = 1 AND no_weightb = 1,no_8x8dct==1 AND no_fast_pskip==1 AND no_weightb==1,0,1.0,1.0,1.0,3
2-wise,16,3,no_8x8dct = 1 AND no_fast_pskip = 1 AND no_weightb = 1,no_8x8dct==1 AND no_fast_pskip==1 AND no_mbtree==1,4,1.0,1.0,1.0,3
3-wise,44,5,no_8x8dct = 1 AND no_fast_pskip = 1 AND no_weightb = 1,no_8x8dct==1 AND no_fast_pskip==1 AND no_weightb==1,0,1.0,1.0,1.0,3
4-wise,104,12,no_8x8dct = 1 AND no_fast_pskip = 1 AND no_weightb = 1,no_8x8dct==1 AND no_fast_pskip==1 AND no_weightb==1,0,1.0,1.0,1.0,3
full,1152,144,no_8x8dct = 1 AND no_deblock = 1 AND no_mbtree = 1,no_8x8dct==1 AND no_deblock==1 AND no_mbtree==1,0,1.0,1.0,1.0,40
random_2,18,1,no_8x8dct = 1 AND no_deblock = 1 AND no_mbtree = 1,no_8x8dct==1 AND no_deblock==0 AND no_weightb==0,0,0.0,0.0,0.0,40
random_5,45,6,no_8x8dct = 1 AND no_deblock = 1 AND no_mbtree = 1,no_deblock==0 AND no_weightb==0 AND ref==5,0,0.0,0.0,0.0,40
random_10,90,6,no_8x8dct = 1 AND no_deblock = 1 AND no_mbtree = 1,no_cabac==1 AND no_mixed_refs==0 AND rc_lookahead==20 AND ref==9,0,0.0,0.0,0.0,40
random_20,180,19,no_8x8dct = 1 AND no_deblock = 1 AND no_mbtree = 1,no_8x8dct==1 AND no_cabac==0 AND no_mbtree==1 AND no_mixed_refs==1,3,0.3684210526315789,0.3684210526315789,0.3684210526315789,40
2-wise,14,1,no_8x8dct = 1 AND no_deblock = 1 AND no_mbtree = 1,no_fast_pskip==1 AND rc_lookahead==40,0,0.0,0.0,0.0,40
3-wise,52,7,no_8x8dct = 1 AND no_deblock = 1 AND no_mbtree = 1,no_cabac==1 AND no_fast_pskip==1 AND ref==9,0,0.0,0.0,0.0,40
4-wise,96,12,no_8x8dct = 1 AND no_deblock = 1 AND no_mbtree = 1,no_8x8dct==1 AND no_deblock==0 AND no_weightb==1 AND rc_lookahead==60,0,0.0,0.0,0.0,40
full,1152,144,no_fast_pskip = 1 AND no_mixed_refs = 1 AND no_weightb = 1,no_cabac==0 AND no_deblock==0 AND no_fast_pskip==1 AND no_mixed_refs==1,3,0.3333333333333333,0.5,0.25,41
random_2,18,2,no_fast_pskip = 1 AND no_mixed_refs = 1 AND no_weightb = 1,no_cabac==1 AND no_deblock==1 AND no_mixed_refs==0,0,0.0,0.0,0.0,41
random_5,45,2,no_fast_pskip = 1 AND no_mixed_refs = 1 AND no_weightb = 1,no_8x8dct==1 AND no_mbtree==0 AND rc_lookahead==40 AND ref==1,0,0.0,0.0,0.0,41
random_10,90,9,no_fast_pskip = 1 AND no_mixed_refs = 1 AND no_weightb = 1,no_mbtree==1 AND no_weightb==1 AND rc_lookahead==20 AND ref==1,2,0.25,0.2857142857142857,0.2222222222222222,41
random_20,180,25,no_fast_pskip = 1 AND no_mixed_refs = 1 AND no_weightb = 1,no_cabac==0 AND no_mbtree==1 AND rc_lookahead==60 AND ref==9,0,0.0,0.0,0.0,41
2-wise,18,1,no_fast_pskip = 1 AND no_mixed_refs = 1 AND no_weightb = 1,no_8x8dct==0 AND no_deblock==0 AND no_mbtree==0 AND no_mixed_refs==1,0,0.0,0.0,0.0,41
3-wise,45,4,no_fast_pskip = 1 AND no_mixed_refs = 1 AND no_weightb = 1,no_8x8dct==0 AND no_deblock==1 AND no_weightb==0,0,0.0,0.0,0.0,41
4-wise,102,9,no_fast_pskip = 1 AND no_mixed_refs = 1 AND no_weightb = 1,no_8x8dct==0 AND no_cabac==0 AND no_weightb==1 AND rc_lookahead==60,3,0.2857142857142857,0.4,0.2222222222222222,41
full,1152,144,no_8x8dct = 1 AND no_mbtree = 1 AND no_weightb = 1,no_8x8dct==1 AND no_mbtree==1 AND no_weightb==1,0,1.0,1.0,1.0,42
random_2,18,3,no_8x8dct = 1 AND no_mbtree = 1 AND no_weightb = 1,no_8x8dct==1 AND no_cabac==0 AND no_mbtree==1 AND no_weightb==1,2,1.0,1.0,1.0,42
random_5,45,5,no_8x8dct = 1 AND no_mbtree = 1 AND no_weightb = 1,no_8x8dct==1 AND no_mbtree==1 AND no_weightb==1,4,1.0,1.0,1.0,42
random_10,90,7,no_8x8dct = 1 AND no_mbtree = 1 AND no_weightb = 1,no_8x8dct==1 AND no_mbtree==1 AND no_mixed_refs==1,0,0.7058823529411764,0.6,0.8571428571428571,42
random_20,180,22,no_8x8dct = 1 AND no_mbtree = 1 AND no_weightb = 1,no_8x8dct==1 AND no_mbtree==1 AND no_weightb==1,0,1.0,1.0,1.0,42
2-wise,17,4,no_8x8dct = 1 AND no_mbtree = 1 AND no_weightb = 1,no_8x8dct==1 AND no_mbtree==1 AND no_weightb==1,0,1.0,1.0,1.0,42
3-wise,42,4,no_8x8dct = 1 AND no_mbtree = 1 AND no_weightb = 1,no_mixed_refs==1 AND no_weightb==1,1,0.5714285714285715,0.4,1.0,42
4-wise,100,14,no_8x8dct = 1 AND no_mbtree = 1 AND no_weightb = 1,no_8x8dct==1 AND no_mbtree==1 AND no_weightb==1,0,1.0,1.0,1.0,42
full,1152,144,no_deblock = 1 AND no_mbtree = 1 AND no_weightb = 1,no_deblock==1 AND no_mbtree==1 AND no_weightb==1,0,1.0,1.0,1.0,43
random_2,18,2,no_deblock = 1 AND no_mbtree = 1 AND no_weightb = 1,no_cabac==1 AND no_deblock==0 AND no_mixed_refs==0 AND no_weightb==0,0,0.0,0.0,0.0,43
random_5,45,3,no_deblock = 1 AND no_mbtree = 1 AND no_weightb = 1,no_8x8dct==0 AND no_fast_pskip==0 AND no_mixed_refs==0,0,0.0,0.0,0.0,43
random_10,90,7,no_deblock = 1 AND no_mbtree = 1 AND no_weightb = 1,no_8x8dct==0 AND no_fast_pskip==1 AND no_weightb==1 AND ref==9,4,0.2857142857142857,0.2857142857142857,0.2857142857142857,43
random_20,180,18,no_deblock = 1 AND no_mbtree = 1 AND no_weightb = 1,no_fast_pskip==0 AND no_mbtree==1 AND no_weightb==1 AND ref==5,4,0.0714285714285714,0.1,0.0555555555555555,43
2-wise,16,2,no_deblock = 1 AND no_mbtree = 1 AND no_weightb = 1,no_8x8dct==1 AND no_deblock==1 AND no_mixed_refs==1,3,0.4,0.3333333333333333,0.5,43
3-wise,44,5,no_deblock = 1 AND no_mbtree = 1 AND no_weightb = 1,no_fast_pskip==1 AND no_mixed_refs==1 AND rc_lookahead==20,0,0.0,0.0,0.0,43
4-wise,99,16,no_deblock = 1 AND no_mbtree = 1 AND no_weightb = 1,no_8x8dct==0 AND no_deblock==0 AND no_fast_pskip==0 AND ref==1,0,0.0,0.0,0.0,43
full,1152,144,no_8x8dct = 1 AND no_deblock = 1 AND no_mbtree = 1,no_8x8dct==1 AND no_fast_pskip==0 AND no_mixed_refs==1 AND rc_lookahead==40,4,0.125,0.25,0.0833333333333333,44
random_2,18,3,no_8x8dct = 1 AND no_deblock = 1 AND no_mbtree = 1,no_fast_pskip==1 AND no_mbtree==0,0,0.0,0.0,0.0,44
random_5,45,6,no_8x8dct = 1 AND no_deblock = 1 AND no_mbtree = 1,no_8x8dct==0 AND no_mbtree==0 AND rc_lookahead==20,0,0.0,0.0,0.0,44
random_10,90,16,no_8x8dct = 1 AND no_deblock = 1 AND no_mbtree = 1,no_8x8dct==0 AND no_deblock==0 AND ref==9,0,0.0,0.0,0.0,44
random_20,180,20,no_8x8dct = 1 AND no_deblock = 1 AND no_mbtree = 1,no_cabac==1 AND no_deblock==0 AND rc_lookahead==60 AND ref==1,0,0.0,0.0,0.0,44
2-wise,15,2,no_8x8dct = 1 AND no_deblock = 1 AND no_mbtree = 1,no_8x8dct==0 AND no_fast_pskip==0,0,0.0,0.0,0.0,44
3-wise,49,8,no_8x8dct = 1 AND no_deblock = 1 AND no_mbtree = 1,no_deblock==0 AND rc_lookahead==60 AND ref==9,0,0.0,0.0,0.0,44
4-wise,98,10,no_8x8dct = 1 AND no_deblock = 1 AND no_mbtree = 1,no_fast_pskip==0 AND no_weightb==0 AND ref==9,3,0.1052631578947368,0.1111111111111111,0.1,44
full,1152,144,no_8x8dct = 1 AND no_mixed_refs = 1 AND no_weightb = 1,no_8x8dct==1 AND no_mixed_refs==1 AND no_weightb==1,0,1.0,1.0,1.0,45
random_2,18,4,no_8x8dct = 1 AND no_mixed_refs = 1 AND no_weightb = 1,no_8x8dct==1 AND no_weightb==1,0,1.0,1.0,1.0,45
random_5,45,6,no_8x8dct = 1 AND no_mixed_refs = 1 AND no_weightb = 1,no_8x8dct==1 AND no_mixed_refs==1 AND no_weightb==1,1,1.0,1.0,1.0,45
random_10,90,15,no_8x8dct = 1 AND no_mixed_refs = 1 AND no_weightb = 1,no_8x8dct==1 AND no_mixed_refs==1 AND no_weightb==1,0,1.0,1.0,1.0,45
random_20,180,20,no_8x8dct = 1 AND no_mixed_refs = 1 AND no_weightb = 1,no_8x8dct==1 AND no_mixed_refs==1 AND no_weightb==1,0,1.0,1.0,1.0,45
2-wise,18,1,no_8x8dct = 1 AND no_mixed_refs = 1 AND no_weightb = 1,no_mbtree==1 AND no_mixed_refs==0 AND no_weightb==0,0,0.0,0.0,0.0,45
3-wise,42,4,no_8x8dct = 1 AND no_mixed_refs = 1 AND no_weightb = 1,no_8x8dct==1 AND no_mixed_refs==1 AND no_weightb==1,3,1.0,1.0,1.0,45
4-wise,103,11,no_8x8dct = 1 AND no_mixed_refs = 1 AND no_weightb = 1,no_8x8dct==1 AND no_mixed_refs==1 AND no_weightb==1,0,1.0,1.0,1.0,45
full,1152,144,no_8x8dct = 1 AND no_mbtree = 1 AND no_weightb = 1,no_8x8dct==1 AND no_mbtree==1 AND no_weightb==1,0,1.0,1.0,1.0,46
random_2,18,5,no_8x8dct = 1 AND no_mbtree = 1 AND no_weightb = 1,no_8x8dct==1 AND no_mbtree==1 AND no_weightb==1,0,1.0,1.0,1.0,46
random_5,45,7,no_8x8dct = 1 AND no_mbtree = 1 AND no_weightb = 1,no_8x8dct==1 AND no_mbtree==1 AND no_weightb==1,0,1.0,1.0,1.0,46
random_10,90,8,no_8x8dct = 1 AND no_mbtree = 1 AND no_weightb = 1,no_8x8dct==1 AND no_mbtree==1 AND no_weightb==1,0,1.0,1.0,1.0,46
random_20,180,18,no_8x8dct = 1 AND no_mbtree = 1 AND no_weightb = 1,no_8x8dct==1 AND no_mbtree==1 AND no_weightb==1,0,1.0,1.0,1.0,46
2-wise,17,2,no_8x8dct = 1 AND no_mbtree = 1 AND no_weightb = 1,no_8x8dct==1 AND no_mbtree==1 AND no_weightb==1,0,1.0,1.0,1.0,46
3-wise,44,3,no_8x8dct = 1 AND no_mbtree = 1 AND no_weightb = 1,no_8x8dct==1 AND no_fast_pskip==0 AND rc_lookahead==60,3,0.6666666666666666,0.6666666666666666,0.6666666666666666,46
4-wise,98,11,no_8x8dct = 1 AND no_mbtree = 1 AND no_weightb = 1,no_8x8dct==1 AND no_mbtree==1 AND no_weightb==1,0,1.0,1.0,1.0,46
full,1152,144,no_cabac = 1 AND no_fast_pskip = 1 AND no_mixed_refs = 1,no_cabac==1 AND no_fast_pskip==1 AND no_mixed_refs==1,0,1.0,1.0,1.0,47
random_2,18,1,no_cabac = 1 AND no_fast_pskip = 1 AND no_mixed_refs = 1,no_fast_pskip==1 AND no_mbtree==1 AND rc_lookahead==40,0,0.5,0.3333333333333333,1.0,47
random_5,45,2,no_cabac = 1 AND no_fast_pskip = 1 AND no_mixed_refs = 1,no_cabac==0 AND no_mbtree==1 AND rc_lookahead==60,0,0.0,0.0,0.0,47
random_10,90,13,no_cabac = 1 AND no_fast_pskip = 1 AND no_mixed_refs = 1,no_fast_pskip==1 AND no_mixed_refs==1 AND ref==9,4,0.4615384615384615,0.4615384615384615,0.4615384615384615,47
random_20,180,23,no_cabac = 1 AND no_fast_pskip = 1 AND no_mixed_refs = 1,no_8x8dct==0 AND rc_lookahead==40 AND ref==1,2,0.064516129032258,0.125,0.0434782608695652,47
2-wise,17,4,no_cabac = 1 AND no_fast_pskip = 1 AND no_mixed_refs = 1,no_cabac==1 AND no_fast_pskip==1,0,0.888888888888889,0.8,1.0,47
3-wise,42,6,no_cabac = 1 AND no_fast_pskip = 1 AND no_mixed_refs = 1,no_8x8dct==1 AND no_fast_pskip==1 AND no_weightb==1,2,0.4615384615384615,0.4285714285714285,0.5,47
4-wise,100,11,no_cabac = 1 AND no_fast_pskip = 1 AND no_mixed_refs = 1,no_fast_pskip==1 AND no_mbtree==1 AND ref==9,0,0.3636363636363636,0.3636363636363636,0.3636363636363636,47
full,1152,144,no_8x8dct = 1 AND no_fast_pskip = 1 AND no_mbtree = 1,no_8x8dct==0 AND no_fast_pskip==1 AND no_weightb==1 AND ref==9,0,0.0,0.0,0.0,48
random_2,18,1,no_8x8dct = 1 AND no_fast_pskip = 1 AND no_mbtree = 1,no_cabac==1 AND no_mbtree==0 AND ref==5,0,0.0,0.0,0.0,48
random_5,45,5,no_8x8dct = 1 AND no_fast_pskip = 1 AND no_mbtree = 1,no_cabac==0 AND no_weightb==1 AND ref==9,0,0.0,0.0,0.0,48
random_10,90,13,no_8x8dct = 1 AND no_fast_pskip = 1 AND no_mbtree = 1,no_deblock==0 AND no_fast_pskip==0 AND no_mbtree==0 AND rc_lookahead==60,0,0.0,0.0,0.0,48
random_20,180,17,no_8x8dct = 1 AND no_fast_pskip = 1 AND no_mbtree = 1,no_8x8dct==0 AND no_mbtree==1 AND no_weightb==0 AND ref==9,0,0.0,0.0,0.0,48
2-wise,13,1,no_8x8dct = 1 AND no_fast_pskip = 1 AND no_mbtree = 1,no_fast_pskip==0 AND no_mbtree==0 AND no_mixed_refs==1,0,0.0,0.0,0.0,48
3-wise,46,5,no_8x8dct = 1 AND no_fast_pskip = 1 AND no_mbtree = 1,no_8x8dct==0 AND no_mbtree==0 AND ref==9,0,0.0,0.0,0.0,48
4-wise,95,11,no_8x8dct = 1 AND no_fast_pskip = 1 AND no_mbtree = 1,no_deblock==1 AND no_fast_pskip==0 AND no_mbtree==1 AND ref==9,0,0.0,0.0,0.0,48
full,1152,144,no_8x8dct = 1 AND no_cabac = 1 AND no_weightb = 1,no_weightb==0,0,0.0,0.0,0.0,49
random_2,18,1,no_8x8dct = 1 AND no_cabac = 1 AND no_weightb = 1,no_deblock==1 AND no_mbtree==1 AND rc_lookahead==60,0,0.0,0.0,0.0,49
random_5,45,3,no_8x8dct = 1 AND no_cabac = 1 AND no_weightb = 1,no_fast_pskip==0 AND no_mixed_refs==1 AND rc_lookahead==60 AND ref==5,0,0.0,0.0,0.0,49
random_10,90,14,no_8x8dct = 1 AND no_cabac = 1 AND no_weightb = 1,no_mixed_refs==0 AND rc_lookahead==40,2,0.0571428571428571,0.0476190476190476,0.0714285714285714,49
random_20,180,26,no_8x8dct = 1 AND no_cabac = 1 AND no_weightb = 1,no_cabac==0 AND no_mbtree==0 AND ref==1,0,0.0,0.0,0.0,49
2-wise,15,1,no_8x8dct = 1 AND no_cabac = 1 AND no_weightb = 1,no_8x8dct==0 AND no_cabac==1 AND rc_lookahead==40,0,0.0,0.0,0.0,49
3-wise,48,5,no_8x8dct = 1 AND no_cabac = 1 AND no_weightb = 1,no_deblock==0 AND no_mbtree==1 AND no_mixed_refs==0 AND no_weightb==1,0,0.0,0.0,0.0,49
4-wise,99,12,no_8x8dct = 1 AND no_cabac = 1 AND no_weightb = 1,no_cabac==0 AND no_fast_pskip==0 AND no_weightb==1 AND ref==1,0,0.0,0.0,0.0,49
full,1152,144,no_deblock = 1 AND no_mixed_refs = 1 AND no_weightb = 1,no_deblock==1 AND no_mixed_refs==1 AND no_weightb==1,0,1.0,1.0,1.0,4
random_2,18,4,no_deblock = 1 AND no_mixed_refs = 1 AND no_weightb = 1,no_cabac==1 AND no_mixed_refs==1 AND ref==9,0,0.5,0.5,0.5,4
random_5,45,7,no_deblock = 1 AND no_mixed_refs = 1 AND no_weightb = 1,no_mbtree==1 AND no_weightb==0 AND ref==5,0,0.0,0.0,0.0,4
random_10,90,10,no_deblock = 1 AND no_mixed_refs = 1 AND no_weightb = 1,no_8x8dct==1 AND no_cabac==1 AND no_deblock==1 AND ref==1,1,0.25,0.3333333333333333,0.2,4
random_20,180,27,no_deblock = 1 AND no_mixed_refs = 1 AND no_weightb = 1,no_8x8dct==1 AND no_fast_pskip==1 AND no_mbtree==0 AND rc_lookahead==20,2,0.0606060606060606,0.1666666666666666,0.037037037037037,4
2-wise,17,1,no_deblock = 1 AND no_mixed_refs = 1 AND no_weightb = 1,no_deblock==1 AND no_mbtree==0 AND ref==9,0,0.5,0.3333333333333333,1.0,4
3-wise,43,5,no_deblock = 1 AND no_mixed_refs = 1 AND no_weightb = 1,no_cabac==1 AND no_mixed_refs==0 AND ref==1,0,0.0,0.0,0.0,4
4-wise,99,10,no_deblock = 1 AND no_mixed_refs = 1 AND no_weightb = 1,no_8x8dct==1 AND no_cabac==0 AND no_mixed_refs==1 AND no_weightb==1,3,0.3749999999999999,0.5,0.3,4
full,1152,144,no_deblock = 1 AND no_fast_pskip = 1 AND no_weightb = 1,no_deblock==1 AND no_fast_pskip==1 AND no_weightb==1,0,1.0,1.0,1.0,50
random_2,18,2,no_deblock = 1 AND no_fast_pskip = 1 AND no_weightb = 1,no_cabac==0 AND no_mixed_refs==1,2,0.4444444444444445,0.2857142857142857,1.0,50
random_5,45,3,no_deblock = 1 AND no_fast_pskip = 1 AND no_weightb = 1,no_8x8dct==1 AND no_cabac==0 AND no_fast_pskip==0 AND no_mixed_refs==1,0,0.0,0.0,0.0,50
random_10,90,14,no_deblock = 1 AND no_fast_pskip = 1 AND no_weightb = 1,no_mbtree==1 AND ref==9,1,0.1481481481481481,0.1538461538461538,0.1428571428571428,50
random_20,180,21,no_deblock = 1 AND no_fast_pskip = 1 AND no_weightb = 1,no_deblock==1 AND no_fast_pskip==1 AND no_weightb==1,0,1.0,1.0,1.0,50
2-wise,18,4,no_deblock = 1 AND no_fast_pskip = 1 AND no_weightb = 1,no_cabac==0 AND no_fast_pskip==1 AND no_mbtree==0,0,0.0,0.0,0.0,50
3-wise,44,7,no_deblock = 1 AND no_fast_pskip = 1 AND no_weightb = 1,no_8x8dct==1 AND no_mbtree==1 AND ref==5,3,0.1818181818181818,0.25,0.1428571428571428,50
4-wise,97,13,no_deblock = 1 AND no_fast_pskip = 1 AND no_weightb = 1,no_weightb==1 AND rc_lookahead==20 AND ref==9,4,0.1176470588235294,0.25,0.0769230769230769,50
full,1152,144,no_8x8dct = 1 AND no_deblock = 1 AND no_mbtree = 1,no_8x8dct==1 AND no_deblock==1 AND no_mbtree==1,0,1.0,1.0,1.0,51
random_2,18,1,no_8x8dct = 1 AND no_deblock = 1 AND no_mbtree = 1,no_8x8dct==0 AND no_deblock==0 AND no_mbtree==1 AND no_weightb==0,0,0.0,0.0,0.0,51
random_5,45,7,no_8x8dct = 1 AND no_deblock = 1 AND no_mbtree = 1,no_8x8dct==1 AND no_deblock==1 AND no_mbtree==1,0,1.0,1.0,1.0,51
random_10,90,7,no_8x8dct = 1 AND no_deblock = 1 AND no_mbtree = 1,no_8x8dct==1 AND no_deblock==1 AND no_mbtree==1,0,1.0,1.0,1.0,51
random_20,180,22,no_8x8dct = 1 AND no_deblock = 1 AND no_mbtree = 1,no_8x8dct==1 AND no_deblock==1 AND no_mbtree==1,0,1.0,1.0,1.0,51
2-wise,20,2,no_8x8dct = 1 AND no_deblock = 1 AND no_mbtree = 1,no_cabac==0 AND no_mbtree==1 AND no_mixed_refs==1,3,0.8,0.6666666666666666,1.0,51
3-wise,44,9,no_8x8dct = 1 AND no_deblock = 1 AND no_mbtree = 1,no_8x8dct==1 AND no_deblock==1 AND no_mbtree==1,1,1.0,1.0,1.0,51
4-wise,103,13,no_8x8dct = 1 AND no_deblock = 1 AND no_mbtree = 1,no_8x8dct==1 AND no_deblock==1 AND no_mbtree==1,0,1.0,1.0,1.0,51
full,1152,144,no_cabac = 1 AND no_deblock = 1 AND no_weightb = 1,no_cabac==0 AND no_deblock==0 AND no_weightb==1 AND ref==5,0,0.0,0.0,0.0,52
random_2,18,3,no_cabac = 1 AND no_deblock = 1 AND no_weightb = 1,no_8x8dct==0 AND no_cabac==0 AND ref==9,0,0.0,0.0,0.0,52
random_5,45,7,no_cabac = 1 AND no_deblock = 1 AND no_weightb = 1,no_mixed_refs==0 AND no_weightb==0 AND rc_lookahead==60,0,0.0,0.0,0.0,52
random_10,90,17,no_cabac = 1 AND no_deblock = 1 AND no_weightb = 1,no_8x8dct==1 AND no_mbtree==1,3,0.1666666666666666,0.1578947368421052,0.1764705882352941,52
random_20,180,31,no_cabac = 1 AND no_deblock = 1 AND no_weightb = 1,no_mbtree==1 AND no_mixed_refs==1 AND rc_lookahead==20 AND ref==1,3,0.054054054054054,0.1666666666666666,0.032258064516129,52
2-wise,13,2,no_cabac = 1 AND no_deblock = 1 AND no_weightb = 1,no_8x8dct==0 AND ref==5,0,0.0,0.0,0.0,52
3-wise,38,4,no_cabac = 1 AND no_deblock = 1 AND no_weightb = 1,no_cabac==0 AND no_deblock==0 AND no_mbtree==0 AND no_mixed_refs==1,0,0.0,0.0,0.0,52
4-wise,101,14,no_cabac = 1 AND no_deblock = 1 AND no_weightb = 1,no_8x8dct==1 AND no_mbtree==1 AND no_weightb==0 AND ref==1,0,0.0,0.0,0.0,52
full,1152,144,no_fast_pskip = 1 AND no_mbtree = 1 AND no_mixed_refs = 1,no_8x8dct==0 AND no_cabac==1 AND rc_lookahead==20 AND ref==5,2,0.0454545454545454,0.125,0.0277777777777777,53
random_2,18,2,no_fast_pskip = 1 AND no_mbtree = 1 AND no_mixed_refs = 1,no_cabac==1 AND no_mbtree==1 AND ref==9,0,0.8,0.6666666666666666,1.0,53
random_5,45,8,no_fast_pskip = 1 AND no_mbtree = 1 AND no_mixed_refs = 1,no_cabac==1 AND no_deblock==1 AND no_fast_pskip==0 AND no_mixed_refs==1,0,0.0,0.0,0.0,53
random_10,90,16,no_fast_pskip = 1 AND no_mbtree = 1 AND no_mixed_refs = 1,no_fast_pskip==0 AND no_mbtree==0 AND no_weightb==1 AND ref==1,0,0.0,0.0,0.0,53
random_20,180,30,no_fast_pskip = 1 AND no_mbtree = 1 AND no_mixed_refs = 1,no_8x8dct==0 AND no_mbtree==0 AND no_weightb==0 AND ref==9,0,0.0,0.0,0.0,53
2-wise,16,2,no_fast_pskip = 1 AND no_mbtree = 1 AND no_mixed_refs = 1,no_deblock==1 AND rc_lookahead==20,0,0.0,0.0,0.0,53
3-wise,43,8,no_fast_pskip = 1 AND no_mbtree = 1 AND no_mixed_refs = 1,no_8x8dct==0 AND no_mbtree==0 AND no_weightb==1 AND rc_lookahead==60,0,0.0,0.0,0.0,53
4-wise,97,11,no_fast_pskip = 1 AND no_mbtree = 1 AND no_mixed_refs = 1,no_8x8dct==0 AND no_cabac==0 AND no_weightb==1,3,0.0999999999999999,0.1111111111111111,0.0909090909090909,53
full,1152,144,no_8x8dct = 1 AND no_cabac = 1 AND no_deblock = 1,no_8x8dct==0 AND no_deblock==1 AND no_mixed_refs==0 AND ref==9,0,0.0,0.0,0.0,54
random_2,18,4,no_8x8dct = 1 AND no_cabac = 1 AND no_deblock = 1,no_8x8dct==0 AND no_deblock==0 AND no_weightb==1,0,0.0,0.0,0.0,54
random_5,45,7,no_8x8dct = 1 AND no_cabac = 1 AND no_deblock = 1,no_fast_pskip==0 AND no_weightb==0 AND rc_lookahead==60,0,0.0,0.0,0.0,54
random_10,90,10,no_8x8dct = 1 AND no_cabac = 1 AND no_deblock = 1,no_8x8dct==1 AND no_cabac==0 AND no_mixed_refs==0 AND ref==9,0,0.0,0.0,0.0,54
random_20,180,27,no_8x8dct = 1 AND no_cabac = 1 AND no_deblock = 1,no_8x8dct==0 AND no_fast_pskip==0 AND no_mbtree==1 AND no_weightb==1,0,0.0,0.0,0.0,54
2-wise,18,2,no_8x8dct = 1 AND no_cabac = 1 AND no_deblock = 1,no_8x8dct==0 AND no_mbtree==1 AND no_mixed_refs==0,0,0.0,0.0,0.0,54
3-wise,39,4,no_8x8dct = 1 AND no_cabac = 1 AND no_deblock = 1,no_8x8dct==1 AND no_deblock==0 AND no_weightb==1 AND ref==5,0,0.0,0.0,0.0,54
4-wise,103,11,no_8x8dct = 1 AND no_cabac = 1 AND no_deblock = 1,no_deblock==0 AND no_fast_pskip==1 AND no_mbtree==1 AND no_weightb==1,0,0.0,0.0,0.0,54
full,1152,144,no_cabac = 1 AND no_deblock = 1 AND no_fast_pskip = 1,no_cabac==1 AND no_deblock==0 AND rc_lookahead==60 AND ref==1,0,0.0,0.0,0.0,55
random_2,18,2,no_cabac = 1 AND no_deblock = 1 AND no_fast_pskip = 1,no_cabac==0 AND no_fast_pskip==1 AND no_mixed_refs==1,0,0.0,0.0,0.0,55
random_5,45,9,no_cabac = 1 AND no_deblock = 1 AND no_fast_pskip = 1,no_deblock==0 AND no_mixed_refs==1 AND no_weightb==1 AND ref==9,0,0.0,0.0,0.0,55
random_10,90,11,no_cabac = 1 AND no_deblock = 1 AND no_fast_pskip = 1,no_mbtree==1 AND no_mixed_refs==1 AND rc_lookahead==20 AND ref==5,0,0.0,0.0,0.0,55
random_20,180,19,no_cabac = 1 AND no_deblock = 1 AND no_fast_pskip = 1,no_fast_pskip==1 AND no_mbtree==1 AND no_mixed_refs==0 AND ref==1,1,0.074074074074074,0.125,0.0526315789473684,55
2-wise,14,1,no_cabac = 1 AND no_deblock = 1 AND no_fast_pskip = 1,no_fast_pskip==0 AND no_mixed_refs==1 AND no_weightb==0,0,0.0,0.0,0.0,55
3-wise,45,5,no_cabac = 1 AND no_deblock = 1 AND no_fast_pskip = 1,no_cabac==1 AND no_mbtree==1 AND ref==5,0,0.0,0.0,0.0,55
4-wise,95,9,no_cabac = 1 AND no_deblock = 1 AND no_fast_pskip = 1,no_mbtree==0 AND no_weightb==1 AND rc_lookahead==40 AND ref==1,0,0.0,0.0,0.0,55
full,1152,144,no_8x8dct = 1 AND no_cabac = 1 AND no_weightb = 1,no_cabac==0 AND no_mbtree==1 AND ref==9,0,0.0,0.0,0.0,56
random_2,18,3,no_8x8dct = 1 AND no_cabac = 1 AND no_weightb = 1,no_8x8dct==0 AND no_cabac==1 AND no_mbtree==0,0,0.0,0.0,0.0,56
random_5,45,5,no_8x8dct = 1 AND no_cabac = 1 AND no_weightb = 1,no_8x8dct==1 AND no_cabac==0 AND no_deblock==0 AND no_weightb==1,0,0.0,0.0,0.0,56
random_10,90,8,no_8x8dct = 1 AND no_cabac = 1 AND no_weightb = 1,no_8x8dct==0 AND no_fast_pskip==1 AND no_mbtree==0 AND ref==1,0,0.0,0.0,0.0,56
random_20,180,16,no_8x8dct = 1 AND no_cabac = 1 AND no_weightb = 1,no_8x8dct==1 AND no_deblock==1 AND no_mbtree==0 AND rc_lookahead==20,1,0.074074074074074,0.0909090909090909,0.0625,56
2-wise,17,2,no_8x8dct = 1 AND no_cabac = 1 AND no_weightb = 1,no_8x8dct==1 AND no_deblock==0 AND no_mbtree==0,0,0.0,0.0,0.0,56
3-wise,38,4,no_8x8dct = 1 AND no_cabac = 1 AND no_weightb = 1,no_deblock==1 AND no_fast_pskip==0 AND ref==1,2,0.2222222222222222,0.2,0.25,56
4-wise,102,15,no_8x8dct = 1 AND no_cabac = 1 AND no_weightb = 1,no_cabac==0 AND no_fast_pskip==1 AND no_mixed_refs==1 AND rc_lookahead==20,0,0.0,0.0,0.0,56
full,1152,144,no_8x8dct = 1 AND no_cabac = 1 AND no_mixed_refs = 1,no_deblock==0 AND no_fast_pskip==0 AND no_weightb==0 AND ref==1,4,0.0625,0.125,0.0416666666666666,57
random_2,18,3,no_8x8dct = 1 AND no_cabac = 1 AND no_mixed_refs = 1,no_8x8dct==0 AND no_deblock==1 AND no_fast_pskip==1 AND no_mbtree==1,0,0.0,0.0,0.0,57
random_5,45,4,no_8x8dct = 1 AND no_cabac = 1 AND no_mixed_refs = 1,no_cabac==1 AND no_mbtree==0 AND no_mixed_refs==0 AND rc_lookahead==20,0,0.0,0.0,0.0,57
random_10,90,9,no_8x8dct = 1 AND no_cabac = 1 AND no_mixed_refs = 1,no_8x8dct==0 AND no_cabac==0 AND no_deblock==1 AND no_weightb==0,0,0.0,0.0,0.0,57
random_20,180,20,no_8x8dct = 1 AND no_cabac = 1 AND no_mixed_refs = 1,no_deblock==0 AND no_fast_pskip==0 AND ref==5,1,0.0606060606060606,0.0769230769230769,0.05,57
2-wise,16,1,no_8x8dct = 1 AND no_cabac = 1 AND no_mixed_refs = 1,no_cabac==0 AND no_deblock==1 AND no_mixed_refs==1,0,0.0,0.0,0.0,57
3-wise,40,8,no_8x8dct = 1 AND no_cabac = 1 AND no_mixed_refs = 1,no_8x8dct==0 AND no_cabac==0 AND no_deblock==0 AND no_mbtree==0,0,0.0,0.0,0.0,57
4-wise,96,12,no_8x8dct = 1 AND no_cabac = 1 AND no_mixed_refs = 1,no_cabac==1 AND no_fast_pskip==0 AND rc_lookahead==20 AND ref==9,0,0.0,0.0,0.0,57
full,1152,144,no_mbtree = 1 AND no_mixed_refs = 1 AND no_weightb = 1,no_mbtree==1 AND no_mixed_refs==1 AND no_weightb==1,0,1.0,1.0,1.0,58
random_2,18,3,no_mbtree = 1 AND no_mixed_refs = 1 AND no_weightb = 1,no_8x8dct==1 AND no_weightb==1,2,0.7499999999999999,0.6,1.0,58
random_5,45,5,no_mbtree = 1 AND no_mixed_refs = 1 AND no_weightb = 1,no_8x8dct==1 AND no_weightb==1 AND ref==5,0,0.4000000000000001,0.4,0.4,58
random_10,90,7,no_mbtree = 1 AND no_mixed_refs = 1 AND no_weightb = 1,no_8x8dct==0 AND no_deblock==1 AND no_fast_pskip==0,1,0.1538461538461538,0.1666666666666666,0.1428571428571428,58
random_20,180,21,no_mbtree = 1 AND no_mixed_refs = 1 AND no_weightb = 1,no_mbtree==1 AND no_mixed_refs==1 AND no_weightb==1,0,1.0,1.0,1.0,58
3-wise,42,4,no_mbtree = 1 AND no_mixed_refs = 1 AND no_weightb = 1,no_8x8dct==1 AND rc_lookahead==20 AND ref==1,0,0.0,0.0,0.0,58
4-wise,100,12,no_mbtree = 1 AND no_mixed_refs = 1 AND no_weightb = 1,no_mbtree==1 AND no_mixed_refs==1 AND no_weightb==1,4,1.0,1.0,1.0,58
full,1152,144,no_fast_pskip = 1 AND no_mbtree = 1 AND no_mixed_refs = 1,no_fast_pskip==1 AND no_mbtree==1 AND no_mixed_refs==1,0,1.0,1.0,1.0,59
random_2,18,5,no_fast_pskip = 1 AND no_mbtree = 1 AND no_mixed_refs = 1,no_mbtree==1 AND no_mixed_refs==1,1,1.0,1.0,1.0,59
random_5,45,7,no_fast_pskip = 1 AND no_mbtree = 1 AND no_mixed_refs = 1,no_fast_pskip==1 AND no_mbtree==1 AND no_mixed_refs==1,0,1.0,1.0,1.0,59
random_10,90,12,no_fast_pskip = 1 AND no_mbtree = 1 AND no_mixed_refs = 1,no_fast_pskip==1 AND no_mbtree==1 AND no_mixed_refs==1,1,1.0,1.0,1.0,59
random_20,180,19,no_fast_pskip = 1 AND no_mbtree = 1 AND no_mixed_refs = 1,no_fast_pskip==1 AND no_mbtree==1 AND no_mixed_refs==1,0,1.0,1.0,1.0,59
2-wise,15,1,no_fast_pskip = 1 AND no_mbtree = 1 AND no_mixed_refs = 1,no_deblock==1 AND ref==9,0,0.6666666666666666,0.5,1.0,59
3-wise,43,7,no_fast_pskip = 1 AND no_mbtree = 1 AND no_mixed_refs = 1,no_fast_pskip==1 AND no_mbtree==1 AND no_mixed_refs==1,0,1.0,1.0,1.0,59
4-wise,101,14,no_fast_pskip = 1 AND no_mbtree = 1 AND no_mixed_refs = 1,no_fast_pskip==1 AND no_mbtree==1 AND no_mixed_refs==1,0,1.0,1.0,1.0,59
full,1152,144,no_cabac = 1 AND no_fast_pskip = 1 AND no_mixed_refs = 1,no_8x8dct==1 AND no_mixed_refs==0 AND rc_lookahead==40 AND ref==9,0,0.0,0.0,0.0,5
random_2,18,2,no_cabac = 1 AND no_fast_pskip = 1 AND no_mixed_refs = 1,no_fast_pskip==0 AND no_mixed_refs==0 AND no_weightb==1,0,0.0,0.0,0.0,5
random_5,45,6,no_cabac = 1 AND no_fast_pskip = 1 AND no_mixed_refs = 1,no_deblock==0 AND rc_lookahead==60 AND ref==5,0,0.0,0.0,0.0,5
random_10,90,10,no_cabac = 1 AND no_fast_pskip = 1 AND no_mixed_refs = 1,no_8x8dct==1 AND no_deblock==1 AND no_mbtree==0 AND no_mixed_refs==0,0,0.0,0.0,0.0,5
random_20,180,14,no_cabac = 1 AND no_fast_pskip = 1 AND no_mixed_refs = 1,no_deblock==1 AND no_fast_pskip==0 AND no_mixed_refs==0 AND no_weightb==1,0,0.0,0.0,0.0,5
2-wise,16,4,no_cabac = 1 AND no_fast_pskip = 1 AND no_mixed_refs = 1,no_8x8dct==0 AND no_cabac==0 AND no_deblock==0 AND ref==5,0,0.0,0.0,0.0,5
3-wise,42,7,no_cabac = 1 AND no_fast_pskip = 1 AND no_mixed_refs = 1,no_8x8dct==1 AND no_cabac==1 AND no_fast_pskip==0 AND no_mbtree==0,0,0.0,0.0,0.0,5
4-wise,95,11,no_cabac = 1 AND no_fast_pskip = 1 AND no_mixed_refs = 1,no_cabac==1 AND no_fast_pskip==0 AND no_mbtree==1 AND ref==9,0,0.0,0.0,0.0,5
full,1152,144,no_8x8dct = 1 AND no_mixed_refs = 1 AND no_weightb = 1,no_8x8dct==1 AND no_mixed_refs==1 AND no_weightb==1,0,1.0,1.0,1.0,60
random_2,18,1,no_8x8dct = 1 AND no_mixed_refs = 1 AND no_weightb = 1,no_deblock==1 AND no_fast_pskip==1 AND no_mbtree==0 AND rc_lookahead==60,0,0.0,0.0,0.0,60
random_5,45,3,no_8x8dct = 1 AND no_mixed_refs = 1 AND no_weightb = 1,no_8x8dct==1 AND no_mixed_refs==1 AND rc_lookahead==40,2,0.3333333333333333,0.3333333333333333,0.3333333333333333,60
random_10,90,11,no_8x8dct = 1 AND no_mixed_refs = 1 AND no_weightb = 1,no_cabac==0 AND no_deblock==0 AND no_weightb==1 AND rc_lookahead==40,2,0.2352941176470588,0.3333333333333333,0.1818181818181818,60
random_20,180,18,no_8x8dct = 1 AND no_mixed_refs = 1 AND no_weightb = 1,no_8x8dct==1 AND no_mbtree==0 AND ref==5,4,0.2352941176470588,0.25,0.2222222222222222,60
2-wise,16,3,no_8x8dct = 1 AND no_mixed_refs = 1 AND no_weightb = 1,no_deblock==0 AND no_fast_pskip==0,1,0.3333333333333333,0.3333333333333333,0.3333333333333333,60
3-wise,46,5,no_8x8dct = 1 AND no_mixed_refs = 1 AND no_weightb = 1,no_deblock==0 AND no_mbtree==1 AND rc_lookahead==20 AND ref==5,0,0.0,0.0,0.0,60
4-wise,103,13,no_8x8dct = 1 AND no_mixed_refs = 1 AND no_weightb = 1,no_mixed_refs==1 AND no_weightb==0 AND rc_lookahead==40,0,0.0,0.0,0.0,60
full,1152,144,no_8x8dct = 1 AND no_deblock = 1 AND no_fast_pskip = 1,no_8x8dct==1 AND no_deblock==1 AND no_fast_pskip==1,0,1.0,1.0,1.0,61
random_2,18,4,no_8x8dct = 1 AND no_deblock = 1 AND no_fast_pskip = 1,no_8x8dct==0 AND no_cabac==1 AND no_fast_pskip==0 AND rc_lookahead==20,0,0.0,0.0,0.0,61
random_5,45,3,no_8x8dct = 1 AND no_deblock = 1 AND no_fast_pskip = 1,no_weightb==0 AND rc_lookahead==60 AND ref==9,0,0.0,0.0,0.0,61
random_10,90,10,no_8x8dct = 1 AND no_deblock = 1 AND no_fast_pskip = 1,no_8x8dct==1 AND no_fast_pskip==1 AND no_mbtree==1 AND no_mixed_refs==0,2,0.1428571428571428,0.25,0.1,61
random_20,180,25,no_8x8dct = 1 AND no_deblock = 1 AND no_fast_pskip = 1,no_8x8dct==1 AND no_deblock==1 AND no_fast_pskip==1,3,1.0,1.0,1.0,61
2-wise,21,5,no_8x8dct = 1 AND no_deblock = 1 AND no_fast_pskip = 1,no_8x8dct==0 AND no_cabac==1 AND no_fast_pskip==1,0,0.0,0.0,0.0,61
3-wise,42,6,no_8x8dct = 1 AND no_deblock = 1 AND no_fast_pskip = 1,no_8x8dct==0 AND rc_lookahead==60 AND ref==9,0,0.0,0.0,0.0,61
4-wise,98,14,no_8x8dct = 1 AND no_deblock = 1 AND no_fast_pskip = 1,no_cabac==1 AND no_mixed_refs==1 AND rc_lookahead==20,2,0.0909090909090909,0.125,0.0714285714285714,61
full,1152,144,no_8x8dct = 1 AND no_deblock = 1 AND no_mixed_refs = 1,no_8x8dct==1 AND rc_lookahead==40 AND ref==1,4,0.1538461538461538,0.25,0.1111111111111111,62
random_2,18,3,no_8x8dct = 1 AND no_deblock = 1 AND no_mixed_refs = 1,rc_lookahead==60 AND ref==5,0,0.0,0.0,0.0,62
random_5,45,4,no_8x8dct = 1 AND no_deblock = 1 AND no_mixed_refs = 1,no_mixed_refs==0 AND no_weightb==1 AND rc_lookahead==40,0,0.0,0.0,0.0,62
random_10,90,13,no_8x8dct = 1 AND no_deblock = 1 AND no_mixed_refs = 1,no_8x8dct==1 AND no_cabac==1 AND no_mbtree==0,3,0.1818181818181818,0.2222222222222222,0.1538461538461538,62
random_20,180,19,no_8x8dct = 1 AND no_deblock = 1 AND no_mixed_refs = 1,no_cabac==1 AND no_mbtree==0 AND no_mixed_refs==1 AND no_weightb==0,2,0.2666666666666666,0.3636363636363636,0.2105263157894736,62
3-wise,39,8,no_8x8dct = 1 AND no_deblock = 1 AND no_mixed_refs = 1,no_cabac==0 AND no_deblock==0 AND no_weightb==0 AND ref==9,0,0.0,0.0,0.0,62
4-wise,101,14,no_8x8dct = 1 AND no_deblock = 1 AND no_mixed_refs = 1,no_cabac==1 AND no_deblock==0 AND no_weightb==0,0,0.0,0.0,0.0,62
full,1152,144,no_deblock = 1 AND no_mbtree = 1 AND no_mixed_refs = 1,no_deblock==1 AND no_mixed_refs==0 AND rc_lookahead==60 AND ref==9,0,0.0,0.0,0.0,63
random_5,45,5,no_deblock = 1 AND no_mbtree = 1 AND no_mixed_refs = 1,no_mbtree==0 AND rc_lookahead==40 AND ref==5,0,0.0,0.0,0.0,63
random_10,90,13,no_deblock = 1 AND no_mbtree = 1 AND no_mixed_refs = 1,no_8x8dct==1 AND no_deblock==0 AND no_fast_pskip==0 AND no_mbtree==0,0,0.0,0.0,0.0,63
random_20,180,22,no_deblock = 1 AND no_mbtree = 1 AND no_mixed_refs = 1,no_8x8dct==1 AND no_fast_pskip==0 AND no_weightb==1 AND rc_lookahead==20,2,0.125,0.2,0.0909090909090909,63
2-wise,17,1,no_deblock = 1 AND no_mbtree = 1 AND no_mixed_refs = 1,no_8x8dct==1 AND no_cabac==0 AND no_weightb==1,0,0.0,0.0,0.0,63
3-wise,41,5,no_deblock = 1 AND no_mbtree = 1 AND no_mixed_refs = 1,no_fast_pskip==0 AND no_mixed_refs==1 AND rc_lookahead==60,0,0.0,0.0,0.0,63
4-wise,109,14,no_deblock = 1 AND no_mbtree = 1 AND no_mixed_refs = 1,no_cabac==1 AND no_deblock==0 AND no_fast_pskip==1 AND rc_lookahead==40,0,0.0,0.0,0.0,63
full,1152,144,no_cabac = 1 AND no_deblock = 1 AND no_mixed_refs = 1,no_cabac==1 AND no_deblock==1 AND no_mixed_refs==1,0,1.0,1.0,1.0,64
random_2,18,2,no_cabac = 1 AND no_deblock = 1 AND no_mixed_refs = 1,no_8x8dct==0 AND no_deblock==1 AND no_fast_pskip==0 AND no_mixed_refs==1,0,1.0,1.0,1.0,64
random_5,45,2,no_cabac = 1 AND no_deblock = 1 AND no_mixed_refs = 1,no_cabac==1 AND no_fast_pskip==1 AND no_mbtree==1 AND no_mixed_refs==0,0,0.0,0.0,0.0,64
random_10,90,13,no_cabac = 1 AND no_deblock = 1 AND no_mixed_refs = 1,no_cabac==1 AND no_deblock==1 AND no_mixed_refs==1,0,1.0,1.0,1.0,64
random_20,180,25,no_cabac = 1 AND no_deblock = 1 AND no_mixed_refs = 1,no_cabac==1 AND no_deblock==1 AND no_mixed_refs==1,0,1.0,1.0,1.0,64
2-wise,15,1,no_cabac = 1 AND no_deblock = 1 AND no_mixed_refs = 1,no_deblock==1 AND no_fast_pskip==1,2,0.6666666666666666,0.5,1.0,64
3-wise,44,4,no_cabac = 1 AND no_deblock = 1 AND no_mixed_refs = 1,no_deblock==1 AND no_mixed_refs==1 AND ref==9,3,0.75,0.75,0.75,64
4-wise,98,12,no_cabac = 1 AND no_deblock = 1 AND no_mixed_refs = 1,no_cabac==1 AND no_deblock==1 AND no_mixed_refs==1,1,1.0,1.0,1.0,64
full,1152,144,no_8x8dct = 1 AND no_cabac = 1 AND no_mixed_refs = 1,no_8x8dct==1 AND no_cabac==1 AND no_mixed_refs==1,0,1.0,1.0,1.0,65
random_2,18,4,no_8x8dct = 1 AND no_cabac = 1 AND no_mixed_refs = 1,no_8x8dct==1 AND no_cabac==1 AND no_mixed_refs==1,2,1.0,1.0,1.0,65
random_5,45,7,no_8x8dct = 1 AND no_cabac = 1 AND no_mixed_refs = 1,no_8x8dct==1 AND no_cabac==1 AND no_mixed_refs==1,0,1.0,1.0,1.0,65
random_10,90,16,no_8x8dct = 1 AND no_cabac = 1 AND no_mixed_refs = 1,no_8x8dct==1 AND no_cabac==1 AND no_mixed_refs==1,0,1.0,1.0,1.0,65
random_20,180,19,no_8x8dct = 1 AND no_cabac = 1 AND no_mixed_refs = 1,no_8x8dct==1 AND no_cabac==1 AND no_mixed_refs==1,0,1.0,1.0,1.0,65
2-wise,15,3,no_8x8dct = 1 AND no_cabac = 1 AND no_mixed_refs = 1,no_8x8dct==1 AND no_cabac==1 AND no_mixed_refs==1,3,1.0,1.0,1.0,65
3-wise,43,9,no_8x8dct = 1 AND no_cabac = 1 AND no_mixed_refs = 1,no_8x8dct==1 AND no_cabac==1 AND no_mixed_refs==1,0,1.0,1.0,1.0,65
4-wise,101,11,no_8x8dct = 1 AND no_cabac = 1 AND no_mixed_refs = 1,no_8x8dct==1 AND no_cabac==1 AND no_mixed_refs==1,0,1.0,1.0,1.0,65
full,1152,144,no_cabac = 1 AND no_mbtree = 1 AND no_weightb = 1,no_fast_pskip==0 AND no_mbtree==1 AND ref==5,4,0.2,0.25,0.1666666666666666,66
random_2,18,4,no_cabac = 1 AND no_mbtree = 1 AND no_weightb = 1,no_cabac==0 AND no_mbtree==1 AND no_weightb==0,0,0.0,0.0,0.0,66
random_5,45,4,no_cabac = 1 AND no_mbtree = 1 AND no_weightb = 1,no_cabac==0 AND no_deblock==0 AND no_fast_pskip==1 AND ref==5,0,0.0,0.0,0.0,66
random_10,90,5,no_cabac = 1 AND no_mbtree = 1 AND no_weightb = 1,no_cabac==1 AND rc_lookahead==20,1,0.074074074074074,0.0454545454545454,0.2,66
random_20,180,20,no_cabac = 1 AND no_mbtree = 1 AND no_weightb = 1,no_mixed_refs==1 AND rc_lookahead==40,3,0.0833333333333333,0.0714285714285714,0.1,66
2-wise,16,1,no_cabac = 1 AND no_mbtree = 1 AND no_weightb = 1,no_mbtree==1 AND no_mixed_refs==1 AND rc_lookahead==40,0,0.0,0.0,0.0,66
3-wise,43,8,no_cabac = 1 AND no_mbtree = 1 AND no_weightb = 1,no_8x8dct==0 AND ref==5,0,0.0,0.0,0.0,66
4-wise,102,8,no_cabac = 1 AND no_mbtree = 1 AND no_weightb = 1,no_mbtree==0 AND no_mixed_refs==0 AND no_weightb==0 AND rc_lookahead==20,0,0.0,0.0,0.0,66
full,1152,144,no_deblock = 1 AND no_mbtree = 1 AND no_weightb = 1,no_deblock==1 AND no_mbtree==1 AND no_weightb==1,0,1.0,1.0,1.0,67
random_5,45,6,no_deblock = 1 AND no_mbtree = 1 AND no_weightb = 1,no_8x8dct==0 AND no_cabac==1 AND no_mbtree==1,0,0.5454545454545454,0.6,0.5,67
random_10,90,12,no_deblock = 1 AND no_mbtree = 1 AND no_weightb = 1,no_mixed_refs==1 AND no_weightb==1,2,0.4,0.3043478260869565,0.5833333333333334,67
random_20,180,29,no_deblock = 1 AND no_mbtree = 1 AND no_weightb = 1,no_deblock==1 AND no_mbtree==1 AND no_weightb==1,0,1.0,1.0,1.0,67
2-wise,18,2,no_deblock = 1 AND no_mbtree = 1 AND no_weightb = 1,no_fast_pskip==0 AND no_mixed_refs==0 AND rc_lookahead==20,1,0.3333333333333333,0.25,0.5,67
3-wise,39,2,no_deblock = 1 AND no_mbtree = 1 AND no_weightb = 1,no_8x8dct==0 AND no_fast_pskip==1 AND no_mixed_refs==0,0,0.0,0.0,0.0,67
4-wise,101,11,no_deblock = 1 AND no_mbtree = 1 AND no_weightb = 1,no_deblock==1 AND no_mbtree==1,1,0.6111111111111112,0.44,1.0,67
full,1152,144,no_8x8dct = 1 AND no_fast_pskip = 1 AND no_mbtree = 1,no_8x8dct==1 AND no_fast_pskip==1 AND no_mbtree==1,0,1.0,1.0,1.0,68
random_2,18,2,no_8x8dct = 1 AND no_fast_pskip = 1 AND no_mbtree = 1,no_cabac==1 AND no_mbtree==1 AND no_mixed_refs==0,0,0.5,0.5,0.5,68
random_5,45,4,no_8x8dct = 1 AND no_fast_pskip = 1 AND no_mbtree = 1,no_8x8dct==1 AND no_fast_pskip==1 AND no_mbtree==1,0,1.0,1.0,1.0,68
random_10,90,9,no_8x8dct = 1 AND no_fast_pskip = 1 AND no_mbtree = 1,no_8x8dct==1 AND no_fast_pskip==1 AND no_mbtree==1,0,1.0,1.0,1.0,68
random_20,180,20,no_8x8dct = 1 AND no_fast_pskip = 1 AND no_mbtree = 1,no_8x8dct==1 AND no_fast_pskip==1 AND no_mbtree==1,0,1.0,1.0,1.0,68
2-wise,18,1,no_8x8dct = 1 AND no_fast_pskip = 1 AND no_mbtree = 1,no_8x8dct==0 AND no_cabac==0 AND no_fast_pskip==0 AND ref==1,0,0.0,0.0,0.0,68
3-wise,45,7,no_8x8dct = 1 AND no_fast_pskip = 1 AND no_mbtree = 1,no_8x8dct==1 AND no_fast_pskip==1 AND no_mbtree==1,0,1.0,1.0,1.0,68
4-wise,102,15,no_8x8dct = 1 AND no_fast_pskip = 1 AND no_mbtree = 1,no_8x8dct==1 AND no_fast_pskip==1 AND no_mbtree==1,0,1.0,1.0,1.0,68
full,1152,144,no_8x8dct = 1 AND no_cabac = 1 AND no_weightb = 1,no_8x8dct==1 AND no_cabac==1 AND no_weightb==1,0,1.0,1.0,1.0,69
random_2,18,3,no_8x8dct = 1 AND no_cabac = 1 AND no_weightb = 1,no_8x8dct==1 AND no_cabac==1 AND no_weightb==1,1,1.0,1.0,1.0,69
random_5,45,7,no_8x8dct = 1 AND no_cabac = 1 AND no_weightb = 1,no_8x8dct==1 AND no_cabac==1 AND no_weightb==1,4,1.0,1.0,1.0,69
random_10,90,13,no_8x8dct = 1 AND no_cabac = 1 AND no_weightb = 1,no_8x8dct==1 AND no_cabac==1 AND no_weightb==1,0,1.0,1.0,1.0,69
random_20,180,27,no_8x8dct = 1 AND no_cabac = 1 AND no_weightb = 1,no_8x8dct==1 AND no_cabac==1 AND no_weightb==1,0,1.0,1.0,1.0,69
2-wise,15,1,no_8x8dct = 1 AND no_cabac = 1 AND no_weightb = 1,no_cabac==1 AND no_deblock==0 AND no_mixed_refs==1,3,0.6666666666666666,0.5,1.0,69
3-wise,41,7,no_8x8dct = 1 AND no_cabac = 1 AND no_weightb = 1,no_8x8dct==1 AND no_cabac==1 AND no_weightb==1,1,1.0,1.0,1.0,69
4-wise,102,14,no_8x8dct = 1 AND no_cabac = 1 AND no_weightb = 1,no_8x8dct==1 AND no_cabac==1 AND no_weightb==1,0,1.0,1.0,1.0,69
full,1152,144,no_deblock = 1 AND no_fast_pskip = 1 AND no_weightb = 1,no_deblock==0 AND no_fast_pskip==0 AND no_mbtree==1 AND no_weightb==0,0,0.0,0.0,0.0,6
random_2,18,3,no_deblock = 1 AND no_fast_pskip = 1 AND no_weightb = 1,no_fast_pskip==0 AND no_mixed_refs==1 AND no_weightb==0 AND ref==5,0,0.0,0.0,0.0,6
random_5,45,6,no_deblock = 1 AND no_fast_pskip = 1 AND no_weightb = 1,no_deblock==1 AND no_mixed_refs==1 AND ref==1,0,0.0,0.0,0.0,6
random_10,90,15,no_deblock = 1 AND no_fast_pskip = 1 AND no_weightb = 1,no_deblock==0 AND no_mixed_refs==1 AND ref==9,0,0.0,0.0,0.0,6
random_20,180,26,no_deblock = 1 AND no_fast_pskip = 1 AND no_weightb = 1,no_deblock==1 AND no_fast_pskip==0 AND no_mixed_refs==0 AND rc_lookahead==40,0,0.0,0.0,0.0,6
2-wise,18,3,no_deblock = 1 AND no_fast_pskip = 1 AND no_weightb = 1,no_mbtree==1 AND no_weightb==0,0,0.0,0.0,0.0,6
3-wise,41,6,no_deblock = 1 AND no_fast_pskip = 1 AND no_weightb = 1,no_8x8dct==0 AND no_mbtree==1 AND no_mixed_refs==1 AND no_weightb==0,0,0.0,0.0,0.0,6
4-wise,103,15,no_deblock = 1 AND no_fast_pskip = 1 AND no_weightb = 1,no_8x8dct==1 AND no_deblock==0 AND no_weightb==1 AND ref==1,0,0.0,0.0,0.0,6
full,1152,144,no_8x8dct = 1 AND no_fast_pskip = 1 AND no_mixed_refs = 1,no_8x8dct==0,0,0.0,0.0,0.0,70
random_2,18,2,no_8x8dct = 1 AND no_fast_pskip = 1 AND no_mixed_refs = 1,no_deblock==1 AND no_mixed_refs==0 AND no_weightb==0 AND rc_lookahead==60,0,0.0,0.0,0.0,70
random_5,45,5,no_8x8dct = 1 AND no_fast_pskip = 1 AND no_mixed_refs = 1,no_deblock==0 AND rc_lookahead==40 AND ref==9,0,0.0,0.0,0.0,70
random_10,90,9,no_8x8dct = 1 AND no_fast_pskip = 1 AND no_mixed_refs = 1,no_8x8dct==1 AND no_cabac==0 AND no_deblock==1 AND rc_lookahead==60,0,0.0,0.0,0.0,70
random_20,180,28,no_8x8dct = 1 AND no_fast_pskip = 1 AND no_mixed_refs = 1,no_cabac==1 AND no_mixed_refs==0 AND rc_lookahead==20,0,0.0,0.0,0.0,70
3-wise,42,5,no_8x8dct = 1 AND no_fast_pskip = 1 AND no_mixed_refs = 1,no_deblock==0 AND no_fast_pskip==0 AND no_mbtree==0,0,0.0,0.0,0.0,70
4-wise,104,12,no_8x8dct = 1 AND no_fast_pskip = 1 AND no_mixed_refs = 1,no_8x8dct==0 AND no_fast_pskip==1 AND rc_lookahead==60 AND ref==9,0,0.0,0.0,0.0,70
full,1152,144,no_fast_pskip = 1 AND no_mixed_refs = 1 AND no_weightb = 1,no_deblock==1 AND no_fast_pskip==0 AND no_mbtree==1 AND ref==9,0,0.0,0.0,0.0,71
random_2,18,3,no_fast_pskip = 1 AND no_mixed_refs = 1 AND no_weightb = 1,no_cabac==1 AND no_mixed_refs==0 AND no_weightb==1,0,0.0,0.0,0.0,71
random_5,45,5,no_fast_pskip = 1 AND no_mixed_refs = 1 AND no_weightb = 1,no_8x8dct==0 AND no_deblock==0 AND ref==1,0,0.0,0.0,0.0,71
random_10,90,5,no_fast_pskip = 1 AND no_mixed_refs = 1 AND no_weightb = 1,no_cabac==0 AND rc_lookahead==20 AND ref==1,0,0.0,0.0,0.0,71
random_20,180,26,no_fast_pskip = 1 AND no_mixed_refs = 1 AND no_weightb = 1,no_cabac==1 AND no_fast_pskip==0 AND no_mbtree==1 AND ref==1,0,0.0,0.0,0.0,71
2-wise,17,1,no_fast_pskip = 1 AND no_mixed_refs = 1 AND no_weightb = 1,no_8x8dct==0 AND no_cabac==1 AND no_deblock==0,0,0.0,0.0,0.0,71
3-wise,41,4,no_fast_pskip = 1 AND no_mixed_refs = 1 AND no_weightb = 1,no_cabac==1 AND no_fast_pskip==0 AND no_mbtree==1 AND rc_lookahead==40,0,0.0,0.0,0.0,71
4-wise,99,13,no_fast_pskip = 1 AND no_mixed_refs = 1 AND no_weightb = 1,no_cabac==0 AND no_mbtree==0 AND rc_lookahead==20,0,0.0,0.0,0.0,71
full,1152,144,no_8x8dct = 1 AND no_cabac = 1 AND no_weightb = 1,no_8x8dct==1 AND no_cabac==1 AND no_weightb==1,0,1.0,1.0,1.0,72
random_2,18,1,no_8x8dct = 1 AND no_cabac = 1 AND no_weightb = 1,no_deblock==0 AND no_fast_pskip==0 AND no_mbtree==1 AND ref==1,0,0.0,0.0,0.0,72
random_5,45,5,no_8x8dct = 1 AND no_cabac = 1 AND no_weightb = 1,no_8x8dct==1 AND ref==1,0,0.3636363636363636,0.3333333333333333,0.4,72
random_10,90,13,no_8x8dct = 1 AND no_cabac = 1 AND no_weightb = 1,no_deblock==1 AND no_mbtree==1 AND rc_lookahead==20,3,0.0952380952380952,0.125,0.0769230769230769,72
random_20,180,21,no_8x8dct = 1 AND no_cabac = 1 AND no_weightb = 1,no_weightb==1 AND ref==9,3,0.3157894736842105,0.25,0.4285714285714285,72
2-wise,16,1,no_8x8dct = 1 AND no_cabac = 1 AND no_weightb = 1,rc_lookahead==60,2,0.3333333333333333,0.2,1.0,72
3-wise,43,2,no_8x8dct = 1 AND no_cabac = 1 AND no_weightb = 1,no_deblock==1 AND no_mixed_refs==0 AND no_weightb==1 AND ref==1,0,0.0,0.0,0.0,72
4-wise,99,12,no_8x8dct = 1 AND no_cabac = 1 AND no_weightb = 1,no_cabac==1 AND no_deblock==0 AND rc_lookahead==40,0,0.3157894736842105,0.4285714285714285,0.25,72
full,1152,144,no_8x8dct = 1 AND no_deblock = 1 AND no_weightb = 1,no_8x8dct==1 AND no_deblock==1 AND no_weightb==1,0,1.0,1.0,1.0,73
random_2,18,2,no_8x8dct = 1 AND no_deblock = 1 AND no_weightb = 1,no_8x8dct==1 AND no_deblock==1,4,1.0,1.0,1.0,73
random_5,45,1,no_8x8dct = 1 AND no_deblock = 1 AND no_weightb = 1,no_8x8dct==1 AND no_cabac==0 AND no_weightb==1 AND ref==5,0,0.6666666666666666,0.5,1.0,73
random_10,90,11,no_8x8dct = 1 AND no_deblock = 1 AND no_weightb = 1,no_8x8dct==1 AND no_deblock==1 AND no_weightb==1,0,1.0,1.0,1.0,73
random_20,180,26,no_8x8dct = 1 AND no_deblock = 1 AND no_weightb = 1,no_8x8dct==1 AND no_deblock==1 AND no_weightb==1,0,1.0,1.0,1.0,73
2-wise,17,2,no_8x8dct = 1 AND no_deblock = 1 AND no_weightb = 1,no_deblock==1 AND no_mixed_refs==1 AND no_weightb==1,0,1.0,1.0,1.0,73
3-wise,45,7,no_8x8dct = 1 AND no_deblock = 1 AND no_weightb = 1,no_8x8dct==1 AND no_deblock==1 AND no_weightb==1,0,1.0,1.0,1.0,73
4-wise,95,10,no_8x8dct = 1 AND no_deblock = 1 AND no_weightb = 1,no_8x8dct==1 AND no_deblock==1 AND no_weightb==1,0,1.0,1.0,1.0,73
full,1152,144,no_8x8dct = 1 AND no_cabac = 1 AND no_mixed_refs = 1,no_deblock==1 AND no_fast_pskip==1 AND no_mbtree==1 AND ref==9,3,0.0625,0.125,0.0416666666666666,74
random_2,18,1,no_8x8dct = 1 AND no_cabac = 1 AND no_mixed_refs = 1,no_fast_pskip==0 AND no_mixed_refs==0 AND rc_lookahead==20,0,0.0,0.0,0.0,74
random_5,45,6,no_8x8dct = 1 AND no_cabac = 1 AND no_mixed_refs = 1,no_deblock==1 AND no_fast_pskip==0 AND no_mbtree==0 AND no_mixed_refs==0,0,0.0,0.0,0.0,74
random_10,90,11,no_8x8dct = 1 AND no_cabac = 1 AND no_mixed_refs = 1,no_8x8dct==0 AND no_cabac==1 AND no_deblock==1 AND no_mixed_refs==0,0,0.0,0.0,0.0,74
random_20,180,22,no_8x8dct = 1 AND no_cabac = 1 AND no_mixed_refs = 1,no_8x8dct==1 AND no_cabac==0 AND no_deblock==1 AND no_weightb==0,0,0.0,0.0,0.0,74
2-wise,17,3,no_8x8dct = 1 AND no_cabac = 1 AND no_mixed_refs = 1,no_8x8dct==1 AND no_fast_pskip==0 AND no_mbtree==0,0,0.0,0.0,0.0,74
3-wise,48,7,no_8x8dct = 1 AND no_cabac = 1 AND no_mixed_refs = 1,no_8x8dct==0 AND no_weightb==0 AND ref==9,0,0.0,0.0,0.0,74
4-wise,103,10,no_8x8dct = 1 AND no_cabac = 1 AND no_mixed_refs = 1,no_cabac==1 AND no_mbtree==1 AND ref==9,3,0.1052631578947368,0.1111111111111111,0.1,74
full,1152,144,no_8x8dct = 1 AND no_cabac = 1 AND no_mbtree = 1,no_8x8dct==1 AND no_cabac==1 AND no_mbtree==1,0,1.0,1.0,1.0,75
random_2,18,2,no_8x8dct = 1 AND no_cabac = 1 AND no_mbtree = 1,no_deblock==0 AND no_mbtree==1,0,0.2857142857142857,0.2,0.5,75
random_5,45,5,no_8x8dct = 1 AND no_cabac = 1 AND no_mbtree = 1,no_cabac==1 AND no_deblock==1 AND no_fast_pskip==0 AND rc_lookahead==40,4,0.5,0.6666666666666666,0.4,75
random_10,90,11,no_8x8dct = 1 AND no_cabac = 1 AND no_mbtree = 1,no_8x8dct==1 AND no_cabac==1 AND no_mbtree==1,0,1.0,1.0,1.0,75
random_20,180,13,no_8x8dct = 1 AND no_cabac = 1 AND no_mbtree = 1,no_8x8dct==1 AND no_cabac==1 AND no_mbtree==1,0,1.0,1.0,1.0,75
3-wise,44,5,no_8x8dct = 1 AND no_cabac = 1 AND no_mbtree = 1,no_8x8dct==1 AND no_deblock==0 AND no_fast_pskip==1,1,0.5,0.4285714285714285,0.6,75
4-wise,96,13,no_8x8dct = 1 AND no_cabac = 1 AND no_mbtree = 1,no_8x8dct==1 AND no_cabac==1 AND no_mbtree==1,0,1.0,1.0,1.0,75
full,1152,144,no_fast_pskip = 1 AND no_mbtree = 1 AND no_mixed_refs = 1,no_fast_pskip==1 AND no_mbtree==1 AND no_mixed_refs==1,0,1.0,1.0,1.0,76
random_2,18,1,no_fast_pskip = 1 AND no_mbtree = 1 AND no_mixed_refs = 1,no_fast_pskip==1 AND no_mbtree==0,0,0.0,0.0,0.0,76
random_5,45,9,no_fast_pskip = 1 AND no_mbtree = 1 AND no_mixed_refs = 1,no_fast_pskip==1 AND no_mbtree==1 AND no_mixed_refs==1,0,1.0,1.0,1.0,76
random_10,90,11,no_fast_pskip = 1 AND no_mbtree = 1 AND no_mixed_refs = 1,no_fast_pskip==1 AND no_mbtree==1 AND no_mixed_refs==1,0,1.0,1.0,1.0,76
random_20,180,25,no_fast_pskip = 1 AND no_mbtree = 1 AND no_mixed_refs = 1,no_fast_pskip==1 AND no_mbtree==1 AND no_mixed_refs==1,0,1.0,1.0,1.0,76
2-wise,17,4,no_fast_pskip = 1 AND no_mbtree = 1 AND no_mixed_refs = 1,no_fast_pskip==1 AND no_mbtree==1 AND no_mixed_refs==1,4,1.0,1.0,1.0,76
3-wise,48,9,no_fast_pskip = 1 AND no_mbtree = 1 AND no_mixed_refs = 1,no_fast_pskip==1 AND no_mbtree==1 AND no_mixed_refs==1,1,1.0,1.0,1.0,76
4-wise,99,16,no_fast_pskip = 1 AND no_mbtree = 1 AND no_mixed_refs = 1,no_fast_pskip==1 AND no_mbtree==1 AND no_mixed_refs==1,0,1.0,1.0,1.0,76
full,1152,144,no_8x8dct = 1 AND no_cabac = 1 AND no_mixed_refs = 1,no_8x8dct==0 AND no_cabac==1 AND no_mixed_refs==0 AND ref==1,0,0.0,0.0,0.0,77
random_2,18,1,no_8x8dct = 1 AND no_cabac = 1 AND no_mixed_refs = 1,no_weightb==0 AND rc_lookahead==20,0,0.0,0.0,0.0,77
random_5,45,7,no_8x8dct = 1 AND no_cabac = 1 AND no_mixed_refs = 1,no_cabac==0 AND no_fast_pskip==1 AND no_mbtree==1 AND ref==5,0,0.0,0.0,0.0,77
random_10,90,13,no_8x8dct = 1 AND no_cabac = 1 AND no_mixed_refs = 1,no_cabac==0 AND no_mbtree==0 AND no_weightb==1 AND rc_lookahead==20,0,0.0,0.0,0.0,77
random_20,180,24,no_8x8dct = 1 AND no_cabac = 1 AND no_mixed_refs = 1,no_cabac==1 AND no_mbtree==0 AND no_weightb==0 AND ref==1,2,0.1111111111111111,0.1666666666666666,0.0833333333333333,77
2-wise,15,1,no_8x8dct = 1 AND no_cabac = 1 AND no_mixed_refs = 1,no_8x8dct==0 AND no_cabac==0 AND no_fast_pskip==0 AND no_mixed_refs==1,0,0.0,0.0,0.0,77
3-wise,41,3,no_8x8dct = 1 AND no_cabac = 1 AND no_mixed_refs = 1,no_deblock==1 AND no_fast_pskip==1 AND no_weightb==0,0,0.0,0.0,0.0,77
4-wise,95,13,no_8x8dct = 1 AND no_cabac = 1 AND no_mixed_refs = 1,no_cabac==0 AND no_deblock==0 AND no_fast_pskip==1 AND rc_lookahead==20,0,0.0,0.0,0.0,77
full,1152,144,no_8x8dct = 1 AND no_fast_pskip = 1 AND no_weightb = 1,no_8x8dct==1 AND no_fast_pskip==1 AND no_weightb==1,0,1.0,1.0,1.0,78
random_2,18,2,no_8x8dct = 1 AND no_fast_pskip = 1 AND no_weightb = 1,no_8x8dct==0 AND no_cabac==0 AND no_mixed_refs==1 AND no_weightb==0,0,0.0,0.0,0.0,78
random_5,45,6,no_8x8dct = 1 AND no_fast_pskip = 1 AND no_weightb = 1,no_8x8dct==0 AND no_fast_pskip==0 AND no_mbtree==0,0,0.0,0.0,0.0,78
random_10,90,9,no_8x8dct = 1 AND no_fast_pskip = 1 AND no_weightb = 1,no_cabac==0 AND no_mixed_refs==1,2,0.1379310344827586,0.1,0.2222222222222222,78
random_20,180,24,no_8x8dct = 1 AND no_fast_pskip = 1 AND no_weightb = 1,no_8x8dct==1 AND no_fast_pskip==1 AND no_weightb==1,0,1.0,1.0,1.0,78
2-wise,15,2,no_8x8dct = 1 AND no_fast_pskip = 1 AND no_weightb = 1,no_8x8dct==0 AND no_cabac==0 AND rc_lookahead==20 AND ref==9,0,0.0,0.0,0.0,78
3-wise,42,4,no_8x8dct = 1 AND no_fast_pskip = 1 AND no_weightb = 1,no_mbtree==1 AND no_mixed_refs==0 AND ref==5,0,0.0,0.0,0.0,78
4-wise,102,11,no_8x8dct = 1 AND no_fast_pskip = 1 AND no_weightb = 1,no_fast_pskip==1 AND no_weightb==1 AND ref==9,3,0.3999999999999999,0.4444444444444444,0.3636363636363636,78
full,1152,144,no_8x8dct = 1 AND no_mbtree = 1 AND no_mixed_refs = 1,no_fast_pskip==1 AND no_mixed_refs==1 AND ref==9,0,0.2,0.25,0.1666666666666666,79
random_5,45,8,no_8x8dct = 1 AND no_mbtree = 1 AND no_mixed_refs = 1,no_deblock==0 AND no_weightb==0 AND rc_lookahead==60,0,0.0,0.0,0.0,79
random_10,90,14,no_8x8dct = 1 AND no_mbtree = 1 AND no_mixed_refs = 1,no_cabac==0 AND no_deblock==1 AND ref==1,0,0.0,0.0,0.0,79
random_20,180,25,no_8x8dct = 1 AND no_mbtree = 1 AND no_mixed_refs = 1,no_fast_pskip==0 AND no_mbtree==0 AND no_mixed_refs==0 AND rc_lookahead==40,0,0.0,0.0,0.0,79
2-wise,16,1,no_8x8dct = 1 AND no_mbtree = 1 AND no_mixed_refs = 1,no_cabac==1 AND no_mbtree==0,0,0.0,0.0,0.0,79
3-wise,41,7,no_8x8dct = 1 AND no_mbtree = 1 AND no_mixed_refs = 1,no_mbtree==0 AND no_weightb==0 AND rc_lookahead==60,0,0.0,0.0,0.0,79
4-wise,102,15,no_8x8dct = 1 AND no_mbtree = 1 AND no_mixed_refs = 1,no_8x8dct==0 AND no_cabac==0 AND no_deblock==0 AND rc_lookahead==20,0,0.0,0.0,0.0,79
full,1152,144,no_cabac = 1 AND no_fast_pskip = 1 AND no_weightb = 1,no_cabac==1 AND no_fast_pskip==1 AND no_weightb==1,0,1.0,1.0,1.0,7
random_2,18,3,no_cabac = 1 AND no_fast_pskip = 1 AND no_weightb = 1,no_cabac==1 AND no_fast_pskip==1 AND no_weightb==1,0,1.0,1.0,1.0,7
random_5,45,4,no_cabac = 1 AND no_fast_pskip = 1 AND no_weightb = 1,no_cabac==1 AND no_fast_pskip==1 AND no_weightb==1,1,1.0,1.0,1.0,7
random_10,90,10,no_cabac = 1 AND no_fast_pskip = 1 AND no_weightb = 1,no_cabac==1 AND no_fast_pskip==1 AND no_weightb==1,0,1.0,1.0,1.0,7
random_20,180,22,no_cabac = 1 AND no_fast_pskip = 1 AND no_weightb = 1,no_cabac==1 AND no_fast_pskip==1 AND no_weightb==1,0,1.0,1.0,1.0,7
2-wise,17,3,no_cabac = 1 AND no_fast_pskip = 1 AND no_weightb = 1,no_fast_pskip==1 AND no_weightb==1,0,1.0,1.0,1.0,7
3-wise,47,6,no_cabac = 1 AND no_fast_pskip = 1 AND no_weightb = 1,no_cabac==1 AND no_fast_pskip==1 AND no_weightb==1,0,1.0,1.0,1.0,7
4-wise,97,11,no_cabac = 1 AND no_fast_pskip = 1 AND no_weightb = 1,no_cabac==1 AND no_fast_pskip==1 AND no_weightb==1,0,1.0,1.0,1.0,7
full,1152,144,no_cabac = 1 AND no_deblock = 1 AND no_fast_pskip = 1,no_8x8dct==1 AND no_cabac==1 AND no_fast_pskip==0 AND no_mbtree==1,0,0.0,0.0,0.0,80
random_2,18,2,no_cabac = 1 AND no_deblock = 1 AND no_fast_pskip = 1,no_8x8dct==0 AND no_mbtree==1,0,0.0,0.0,0.0,80
random_5,45,4,no_cabac = 1 AND no_deblock = 1 AND no_fast_pskip = 1,no_deblock==0 AND no_mbtree==1 AND no_mixed_refs==1,0,0.0,0.0,0.0,80
random_10,90,8,no_cabac = 1 AND no_deblock = 1 AND no_fast_pskip = 1,no_mbtree==1 AND no_weightb==1 AND rc_lookahead==40,2,0.1333333333333333,0.1428571428571428,0.125,80
random_20,180,24,no_cabac = 1 AND no_deblock = 1 AND no_fast_pskip = 1,no_8x8dct==1 AND no_cabac==0 AND no_deblock==0 AND ref==1,0,0.0,0.0,0.0,80
2-wise,16,2,no_cabac = 1 AND no_deblock = 1 AND no_fast_pskip = 1,no_8x8dct==1 AND no_cabac==1 AND no_mbtree==1 AND no_mixed_refs==0,0,0.0,0.0,0.0,80
3-wise,44,6,no_cabac = 1 AND no_deblock = 1 AND no_fast_pskip = 1,no_8x8dct==1 AND no_deblock==1 AND no_mbtree==0 AND no_weightb==1,0,0.0,0.0,0.0,80
4-wise,98,12,no_cabac = 1 AND no_deblock = 1 AND no_fast_pskip = 1,no_8x8dct==1 AND no_cabac==1 AND no_mixed_refs==1 AND rc_lookahead==20,1,0.1111111111111111,0.1666666666666666,0.0833333333333333,80
full,1152,144,no_cabac = 1 AND no_fast_pskip = 1 AND no_mixed_refs = 1,no_mbtree==1 AND no_mixed_refs==1 AND no_weightb==1 AND rc_lookahead==40,3,0.125,0.25,0.0833333333333333,81
random_2,18,1,no_cabac = 1 AND no_fast_pskip = 1 AND no_mixed_refs = 1,no_cabac==1 AND no_deblock==1 AND ref==1,0,0.0,0.0,0.0,81
random_5,45,6,no_cabac = 1 AND no_fast_pskip = 1 AND no_mixed_refs = 1,no_mbtree==0 AND no_mixed_refs==0 AND no_weightb==0,0,0.0,0.0,0.0,81
random_10,90,11,no_cabac = 1 AND no_fast_pskip = 1 AND no_mixed_refs = 1,no_8x8dct==1 AND no_cabac==1 AND rc_lookahead==40,4,0.1176470588235294,0.1666666666666666,0.0909090909090909,81
random_20,180,19,no_cabac = 1 AND no_fast_pskip = 1 AND no_mixed_refs = 1,no_8x8dct==0 AND no_cabac==0 AND no_fast_pskip==0 AND rc_lookahead==40,0,0.0,0.0,0.0,81
2-wise,16,3,no_cabac = 1 AND no_fast_pskip = 1 AND no_mixed_refs = 1,no_8x8dct==0 AND no_cabac==0 AND no_weightb==0,0,0.0,0.0,0.0,81
3-wise,46,7,no_cabac = 1 AND no_fast_pskip = 1 AND no_mixed_refs = 1,no_mbtree==1 AND no_mixed_refs==0 AND ref==9,0,0.0,0.0,0.0,81
4-wise,102,10,no_cabac = 1 AND no_fast_pskip = 1 AND no_mixed_refs = 1,no_deblock==1 AND no_mbtree==1 AND no_mixed_refs==0 AND ref==9,0,0.0,0.0,0.0,81
full,1152,144,no_cabac = 1 AND no_deblock = 1 AND no_weightb = 1,no_8x8dct==0 AND no_deblock==0 AND no_mixed_refs==0 AND rc_lookahead==60,0,0.0,0.0,0.0,82
random_2,18,2,no_cabac = 1 AND no_deblock = 1 AND no_weightb = 1,no_mbtree==0 AND no_weightb==0 AND rc_lookahead==20,0,0.0,0.0,0.0,82
random_5,45,6,no_cabac = 1 AND no_deblock = 1 AND no_weightb = 1,no_cabac==1 AND no_mbtree==0 AND ref==9,0,0.0,0.0,0.0,82
random_10,90,6,no_cabac = 1 AND no_deblock = 1 AND no_weightb = 1,no_8x8dct==1 AND no_fast_pskip==1 AND no_weightb==1 AND ref==9,0,0.0,0.0,0.0,82
random_20,180,25,no_cabac = 1 AND no_deblock = 1 AND no_weightb = 1,no_fast_pskip==0 AND no_mbtree==0 AND no_mixed_refs==0,4,0.0476190476190476,0.0588235294117647,0.04,82
2-wise,16,4,no_cabac = 1 AND no_deblock = 1 AND no_weightb = 1,no_cabac==0 AND rc_lookahead==20,0,0.0,0.0,0.0,82
3-wise,40,3,no_cabac = 1 AND no_deblock = 1 AND no_weightb = 1,no_8x8dct==1 AND no_fast_pskip==0 AND no_mbtree==0 AND no_mixed_refs==0,0,0.0,0.0,0.0,82
4-wise,97,12,no_cabac = 1 AND no_deblock = 1 AND no_weightb = 1,no_8x8dct==1 AND no_cabac==0 AND no_fast_pskip==0 AND no_mbtree==1,0,0.0,0.0,0.0,82
full,1152,144,no_cabac = 1 AND no_deblock = 1 AND no_mixed_refs = 1,no_cabac==1 AND no_fast_pskip==1 AND no_mbtree==1 AND ref==5,3,0.125,0.25,0.0833333333333333,83
random_2,18,2,no_cabac = 1 AND no_deblock = 1 AND no_mixed_refs = 1,no_deblock==0 AND no_fast_pskip==0 AND no_mbtree==1 AND no_weightb==0,0,0.0,0.0,0.0,83
random_5,45,8,no_cabac = 1 AND no_deblock = 1 AND no_mixed_refs = 1,no_deblock==1 AND no_mbtree==1 AND rc_lookahead==20,0,0.0,0.0,0.0,83
random_10,90,9,no_cabac = 1 AND no_deblock = 1 AND no_mixed_refs = 1,no_cabac==0 AND no_fast_pskip==0 AND rc_lookahead==20,0,0.0,0.0,0.0,83
random_20,180,26,no_cabac = 1 AND no_deblock = 1 AND no_mixed_refs = 1,no_8x8dct==1 AND no_cabac==0 AND no_deblock==0 AND no_mixed_refs==1,0,0.0,0.0,0.0,83
2-wise,17,3,no_cabac = 1 AND no_deblock = 1 AND no_mixed_refs = 1,no_cabac==1 AND no_deblock==0 AND no_mbtree==0,0,0.0,0.0,0.0,83
3-wise,40,5,no_cabac = 1 AND no_deblock = 1 AND no_mixed_refs = 1,no_cabac==0 AND no_deblock==0 AND no_fast_pskip==1 AND no_weightb==0,0,0.0,0.0,0.0,83
4-wise,104,11,no_cabac = 1 AND no_deblock = 1 AND no_mixed_refs = 1,no_8x8dct==1 AND no_cabac==1 AND ref==1,0,0.1111111111111111,0.1428571428571428,0.0909090909090909,83
full,1152,144,no_deblock = 1 AND no_fast_pskip = 1 AND no_weightb = 1,no_cabac==1 AND no_fast_pskip==0 AND no_mbtree==1 AND ref==5,0,0.0,0.0,0.0,84
random_2,18,2,no_deblock = 1 AND no_fast_pskip = 1 AND no_weightb = 1,rc_lookahead==40 AND ref==1,0,0.0,0.0,0.0,84
random_5,45,7,no_deblock = 1 AND no_fast_pskip = 1 AND no_weightb = 1,no_deblock==0 AND no_mbtree==0 AND ref==9,0,0.0,0.0,0.0,84
random_10,90,9,no_deblock = 1 AND no_fast_pskip = 1 AND no_weightb = 1,no_cabac==1 AND no_weightb==1 AND ref==5,0,0.0,0.0,0.0,84
random_20,180,29,no_deblock = 1 AND no_fast_pskip = 1 AND no_weightb = 1,no_cabac==0 AND no_mbtree==0 AND no_mixed_refs==0 AND rc_lookahead==40,0,0.0,0.0,0.0,84
2-wise,18,5,no_deblock = 1 AND no_fast_pskip = 1 AND no_weightb = 1,no_deblock==0 AND no_fast_pskip==0 AND no_mixed_refs==0,0,0.0,0.0,0.0,84
3-wise,43,4,no_deblock = 1 AND no_fast_pskip = 1 AND no_weightb = 1,no_8x8dct==1 AND no_deblock==0 AND ref==5,0,0.0,0.0,0.0,84
4-wise,100,12,no_deblock = 1 AND no_fast_pskip = 1 AND no_weightb = 1,no_8x8dct==1 AND no_weightb==0 AND ref==5,0,0.0,0.0,0.0,84
full,1152,144,no_8x8dct = 1 AND no_deblock = 1 AND no_weightb = 1,no_mbtree==0 AND no_weightb==0 AND rc_lookahead==20 AND ref==9,0,0.0,0.0,0.0,85
random_2,18,1,no_8x8dct = 1 AND no_deblock = 1 AND no_weightb = 1,no_deblock==0 AND rc_lookahead==40,0,0.0,0.0,0.0,85
random_5,45,5,no_8x8dct = 1 AND no_deblock = 1 AND no_weightb = 1,no_cabac==1 AND no_mixed_refs==1 AND rc_lookahead==40,0,0.0,0.0,0.0,85
random_10,90,13,no_8x8dct = 1 AND no_deblock = 1 AND no_weightb = 1,no_cabac==0 AND no_fast_pskip==1 AND no_mixed_refs==1 AND rc_lookahead==20,3,0.1111111111111111,0.2,0.0769230769230769,85
random_20,180,23,no_8x8dct = 1 AND no_deblock = 1 AND no_weightb = 1,no_mbtree==0 AND no_weightb==0 AND rc_lookahead==20 AND ref==9,0,0.0,0.0,0.0,85
3-wise,44,7,no_8x8dct = 1 AND no_deblock = 1 AND no_weightb = 1,no_8x8dct==0 AND ref==1,0,0.0,0.0,0.0,85
4-wise,93,11,no_8x8dct = 1 AND no_deblock = 1 AND no_weightb = 1,no_8x8dct==0 AND no_deblock==0 AND no_mbtree==0 AND no_weightb==0,0,0.0,0.0,0.0,85
full,1152,144,no_cabac = 1 AND no_mbtree = 1 AND no_weightb = 1,no_cabac==1 AND no_mbtree==1 AND no_weightb==1,0,1.0,1.0,1.0,86
random_2,18,2,no_cabac = 1 AND no_mbtree = 1 AND no_weightb = 1,no_mbtree==0 AND rc_lookahead==20,0,0.0,0.0,0.0,86
random_5,45,5,no_cabac = 1 AND no_mbtree = 1 AND no_weightb = 1,no_deblock==1 AND no_fast_pskip==0 AND no_weightb==0,0,0.0,0.0,0.0,86
random_10,90,7,no_cabac = 1 AND no_mbtree = 1 AND no_weightb = 1,no_mbtree==1 AND rc_lookahead==40 AND ref==5,2,0.2,0.3333333333333333,0.1428571428571428,86
random_20,180,29,no_cabac = 1 AND no_mbtree = 1 AND no_weightb = 1,no_deblock==1 AND no_weightb==0 AND rc_lookahead==20 AND ref==9,0,0.0,0.0,0.0,86
2-wise,15,1,no_cabac = 1 AND no_mbtree = 1 AND no_weightb = 1,no_8x8dct==1 AND ref==9,0,0.0,0.0,0.0,86
3-wise,41,9,no_cabac = 1 AND no_mbtree = 1 AND no_weightb = 1,no_8x8dct==0 AND no_deblock==0 AND no_mbtree==0,0,0.0,0.0,0.0,86
4-wise,97,12,no_cabac = 1 AND no_mbtree = 1 AND no_weightb = 1,no_cabac==0 AND no_deblock==1 AND no_mbtree==1 AND no_weightb==0,0,0.0,0.0,0.0,86
full,1152,144,no_8x8dct = 1 AND no_mbtree = 1 AND no_mixed_refs = 1,no_8x8dct==0 AND no_fast_pskip==1 AND no_mbtree==0 AND rc_lookahead==60,0,0.0,0.0,0.0,87
random_2,18,4,no_8x8dct = 1 AND no_mbtree = 1 AND no_mixed_refs = 1,no_cabac==0 AND no_mbtree==0 AND no_mixed_refs==0 AND ref==5,0,0.0,0.0,0.0,87
random_5,45,5,no_8x8dct = 1 AND no_mbtree = 1 AND no_mixed_refs = 1,no_8x8dct==0 AND no_mbtree==0 AND no_mixed_refs==1 AND ref==5,0,0.0,0.0,0.0,87
random_10,90,11,no_8x8dct = 1 AND no_mbtree = 1 AND no_mixed_refs = 1,no_8x8dct==1 AND no_fast_pskip==1 AND no_mbtree==0,0,0.0,0.0,0.0,87
random_20,180,17,no_8x8dct = 1 AND no_mbtree = 1 AND no_mixed_refs = 1,no_fast_pskip==0 AND no_mixed_refs==1 AND rc_lookahead==60,2,0.125,0.1333333333333333,0.1176470588235294,87
2-wise,16,2,no_8x8dct = 1 AND no_mbtree = 1 AND no_mixed_refs = 1,no_deblock==0 AND no_weightb==0,0,0.0,0.0,0.0,87
3-wise,42,7,no_8x8dct = 1 AND no_mbtree = 1 AND no_mixed_refs = 1,no_fast_pskip==0 AND no_mbtree==1 AND no_mixed_refs==0 AND no_weightb==1,0,0.0,0.0,0.0,87
4-wise,98,9,no_8x8dct = 1 AND no_mbtree = 1 AND no_mixed_refs = 1,no_8x8dct==1 AND no_weightb==0 AND ref==9,1,0.1333333333333333,0.1666666666666666,0.1111111111111111,87
full,1152,144,no_deblock = 1 AND no_mbtree = 1 AND no_weightb = 1,no_deblock==0 AND no_mixed_refs==0 AND no_weightb==1 AND rc_lookahead==60,0,0.0,0.0,0.0,88
random_5,45,5,no_deblock = 1 AND no_mbtree = 1 AND no_weightb = 1,no_deblock==1 AND no_mbtree==0 AND no_mixed_refs==0,0,0.0,0.0,0.0,88
random_10,90,20,no_deblock = 1 AND no_mbtree = 1 AND no_weightb = 1,no_8x8dct==1 AND no_deblock==0 AND no_mbtree==1 AND no_mixed_refs==0,0,0.0,0.0,0.0,88
random_20,180,21,no_deblock = 1 AND no_mbtree = 1 AND no_weightb = 1,no_8x8dct==0 AND no_mixed_refs==1 AND rc_lookahead==40 AND ref==1,4,0.0714285714285714,0.1428571428571428,0.0476190476190476,88
2-wise,17,3,no_deblock = 1 AND no_mbtree = 1 AND no_weightb = 1,no_mbtree==0 AND no_mixed_refs==0 AND ref==9,0,0.0,0.0,0.0,88
3-wise,51,5,no_deblock = 1 AND no_mbtree = 1 AND no_weightb = 1,no_cabac==0 AND no_deblock==1 AND no_mbtree==0 AND ref==5,0,0.0,0.0,0.0,88
4-wise,101,15,no_deblock = 1 AND no_mbtree = 1 AND no_weightb = 1,no_8x8dct==1 AND no_fast_pskip==1 AND no_mbtree==0 AND ref==1,0,0.0,0.0,0.0,88
full,1152,144,no_8x8dct = 1 AND no_fast_pskip = 1 AND no_mbtree = 1,no_fast_pskip==0 AND no_mbtree==0 AND no_mixed_refs==0 AND ref==5,0,0.0,0.0,0.0,89
random_2,18,2,no_8x8dct = 1 AND no_fast_pskip = 1 AND no_mbtree = 1,no_fast_pskip==0 AND no_mixed_refs==0 AND no_weightb==0,0,0.0,0.0,0.0,89
random_5,45,4,no_8x8dct = 1 AND no_fast_pskip = 1 AND no_mbtree = 1,no_fast_pskip==0 AND no_mbtree==0 AND no_mixed_refs==0 AND no_weightb==0,0,0.0,0.0,0.0,89
random_10,90,13,no_8x8dct = 1 AND no_fast_pskip = 1 AND no_mbtree = 1,no_deblock==0 AND no_fast_pskip==0 AND no_mbtree==0 AND rc_lookahead==20,0,0.0,0.0,0.0,89
random_20,180,21,no_8x8dct = 1 AND no_fast_pskip = 1 AND no_mbtree = 1,no_8x8dct==0 AND no_deblock==1 AND no_fast_pskip==1 AND rc_lookahead==60,0,0.0,0.0,0.0,89
2-wise,16,3,no_8x8dct = 1 AND no_fast_pskip = 1 AND no_mbtree = 1,no_mbtree==0 AND no_mixed_refs==1 AND no_weightb==0,0,0.0,0.0,0.0,89
3-wise,41,5,no_8x8dct = 1 AND no_fast_pskip = 1 AND no_mbtree = 1,no_cabac==0 AND no_mbtree==1 AND rc_lookahead==20,0,0.0,0.0,0.0,89
4-wise,96,10,no_8x8dct = 1 AND no_fast_pskip = 1 AND no_mbtree = 1,no_cabac==1 AND no_fast_pskip==1 AND no_weightb==0 AND ref==1,0,0.0,0.0,0.0,89
full,1152,144,no_8x8dct = 1 AND no_cabac = 1 AND no_weightb = 1,no_deblock==0 AND no_fast_pskip==0 AND no_mixed_refs==1 AND rc_lookahead==40,3,0.0625,0.125,0.0416666666666666,8
random_2,18,1,no_8x8dct = 1 AND no_cabac = 1 AND no_weightb = 1,no_8x8dct==1 AND no_cabac==1 AND no_fast_pskip==1,0,0.0,0.0,0.0,8
random_5,45,7,no_8x8dct = 1 AND no_cabac = 1 AND no_weightb = 1,no_8x8dct==0 AND no_cabac==0 AND no_fast_pskip==1 AND no_mbtree==0,0,0.0,0.0,0.0,8
random_10,90,14,no_8x8dct = 1 AND no_cabac = 1 AND no_weightb = 1,no_deblock==0 AND no_fast_pskip==0 AND no_mixed_refs==0 AND rc_lookahead==20,0,0.0,0.0,0.0,8
random_20,180,22,no_8x8dct = 1 AND no_cabac = 1 AND no_weightb = 1,no_cabac==1 AND no_mbtree==1 AND no_mixed_refs==0 AND ref==9,0,0.0,0.0,0.0,8
2-wise,15,3,no_8x8dct = 1 AND no_cabac = 1 AND no_weightb = 1,no_cabac==0 AND no_fast_pskip==0,0,0.0,0.0,0.0,8
3-wise,45,4,no_8x8dct = 1 AND no_cabac = 1 AND no_weightb = 1,no_fast_pskip==0 AND no_mixed_refs==0 AND ref==5,1,0.25,0.25,0.25,8
4-wise,106,11,no_8x8dct = 1 AND no_cabac = 1 AND no_weightb = 1,no_cabac==1 AND no_fast_pskip==1 AND no_mixed_refs==1 AND rc_lookahead==20,3,0.1111111111111111,0.1428571428571428,0.0909090909090909,8
full,1152,144,no_8x8dct = 1 AND no_cabac = 1 AND no_weightb = 1,no_8x8dct==1 AND no_cabac==1 AND no_weightb==1,0,1.0,1.0,1.0,90
random_2,18,1,no_8x8dct = 1 AND no_cabac = 1 AND no_weightb = 1,no_mbtree==0 AND no_mixed_refs==1 AND ref==9,0,0.5,0.3333333333333333,1.0,90
random_5,45,8,no_8x8dct = 1 AND no_cabac = 1 AND no_weightb = 1,no_8x8dct==1 AND no_cabac==1 AND no_weightb==1,0,1.0,1.0,1.0,90
random_10,90,8,no_8x8dct = 1 AND no_cabac = 1 AND no_weightb = 1,no_8x8dct==1 AND no_cabac==1 AND no_weightb==1,0,1.0,1.0,1.0,90
random_20,180,20,no_8x8dct = 1 AND no_cabac = 1 AND no_weightb = 1,no_8x8dct==1 AND no_cabac==1 AND no_weightb==1,0,1.0,1.0,1.0,90
2-wise,15,3,no_8x8dct = 1 AND no_cabac = 1 AND no_weightb = 1,no_8x8dct==1 AND no_cabac==1,0,1.0,1.0,1.0,90
3-wise,40,5,no_8x8dct = 1 AND no_cabac = 1 AND no_weightb = 1,no_8x8dct==1 AND no_cabac==1 AND no_weightb==1,2,1.0,1.0,1.0,90
4-wise,95,9,no_8x8dct = 1 AND no_cabac = 1 AND no_weightb = 1,no_8x8dct==1 AND no_cabac==1 AND no_weightb==1,0,1.0,1.0,1.0,90
full,1152,144,no_8x8dct = 1 AND no_mbtree = 1 AND no_weightb = 1,no_8x8dct==1 AND no_mbtree==1 AND no_weightb==1,0,1.0,1.0,1.0,91
random_2,18,2,no_8x8dct = 1 AND no_mbtree = 1 AND no_weightb = 1,no_8x8dct==1 AND no_mixed_refs==0 AND no_weightb==0,0,0.0,0.0,0.0,91
random_5,45,4,no_8x8dct = 1 AND no_mbtree = 1 AND no_weightb = 1,no_8x8dct==1 AND no_deblock==1 AND no_mbtree==1 AND ref==1,4,0.5714285714285715,0.6666666666666666,0.5,91
random_10,90,13,no_8x8dct = 1 AND no_mbtree = 1 AND no_weightb = 1,no_8x8dct==1 AND no_mbtree==1 AND no_weightb==1,0,1.0,1.0,1.0,91
random_20,180,29,no_8x8dct = 1 AND no_mbtree = 1 AND no_weightb = 1,no_8x8dct==1 AND no_mbtree==1 AND no_weightb==1,0,1.0,1.0,1.0,91
2-wise,18,1,no_8x8dct = 1 AND no_mbtree = 1 AND no_weightb = 1,no_fast_pskip==1 AND no_mbtree==0 AND rc_lookahead==60,0,0.0,0.0,0.0,91
3-wise,45,5,no_8x8dct = 1 AND no_mbtree = 1 AND no_weightb = 1,no_8x8dct==1 AND no_mixed_refs==0 AND ref==1,1,0.2222222222222222,0.25,0.2,91
4-wise,96,14,no_8x8dct = 1 AND no_mbtree = 1 AND no_weightb = 1,no_8x8dct==1 AND no_mbtree==1 AND no_weightb==1,3,1.0,1.0,1.0,91
full,1152,144,no_deblock = 1 AND no_mbtree = 1 AND no_weightb = 1,no_deblock==1 AND no_mbtree==1 AND no_weightb==1,0,1.0,1.0,1.0,92
random_2,18,3,no_deblock = 1 AND no_mbtree = 1 AND no_weightb = 1,no_deblock==1 AND no_mbtree==1 AND no_weightb==1,1,1.0,1.0,1.0,92
random_5,45,8,no_deblock = 1 AND no_mbtree = 1 AND no_weightb = 1,no_deblock==1 AND no_mbtree==1 AND no_weightb==1,1,1.0,1.0,1.0,92
random_10,90,6,no_deblock = 1 AND no_mbtree = 1 AND no_weightb = 1,no_deblock==1 AND no_mbtree==1 AND no_weightb==1,0,1.0,1.0,1.0,92
random_20,180,23,no_deblock = 1 AND no_mbtree = 1 AND no_weightb = 1,no_deblock==1 AND no_mbtree==1 AND no_weightb==1,0,1.0,1.0,1.0,92
2-wise,16,4,no_deblock = 1 AND no_mbtree = 1 AND no_weightb = 1,no_deblock==1 AND no_mbtree==1 AND no_weightb==1,0,1.0,1.0,1.0,92
3-wise,40,5,no_deblock = 1 AND no_mbtree = 1 AND no_weightb = 1,no_deblock==1 AND no_mbtree==1 AND no_weightb==1,0,1.0,1.0,1.0,92
4-wise,110,14,no_deblock = 1 AND no_mbtree = 1 AND no_weightb = 1,no_deblock==1 AND no_mbtree==1 AND no_weightb==1,0,1.0,1.0,1.0,92
full,1152,144,no_8x8dct = 1 AND no_cabac = 1 AND no_fast_pskip = 1,no_deblock==1 AND no_mbtree==0 AND no_weightb==0 AND ref==1,0,0.0625,0.125,0.0416666666666666,93
random_2,18,2,no_8x8dct = 1 AND no_cabac = 1 AND no_fast_pskip = 1,no_cabac==0 AND no_mbtree==0 AND no_mixed_refs==1,0,0.0,0.0,0.0,93
random_5,45,2,no_8x8dct = 1 AND no_cabac = 1 AND no_fast_pskip = 1,no_cabac==1 AND no_deblock==0 AND rc_lookahead==60 AND ref==9,0,0.0,0.0,0.0,93
random_10,90,14,no_8x8dct = 1 AND no_cabac = 1 AND no_fast_pskip = 1,no_8x8dct==0 AND no_cabac==1 AND no_fast_pskip==1 AND no_mixed_refs==0,0,0.0,0.0,0.0,93
random_20,180,24,no_8x8dct = 1 AND no_cabac = 1 AND no_fast_pskip = 1,no_8x8dct==0 AND no_mbtree==0 AND no_mixed_refs==1 AND ref==9,0,0.0,0.0,0.0,93
2-wise,18,3,no_8x8dct = 1 AND no_cabac = 1 AND no_fast_pskip = 1,no_mbtree==1 AND no_mixed_refs==1 AND ref==5,0,0.0,0.0,0.0,93
3-wise,44,4,no_8x8dct = 1 AND no_cabac = 1 AND no_fast_pskip = 1,no_8x8dct==1 AND no_fast_pskip==0 AND no_mbtree==0 AND ref==5,0,0.0,0.0,0.0,93
4-wise,98,15,no_8x8dct = 1 AND no_cabac = 1 AND no_fast_pskip = 1,no_deblock==0 AND no_fast_pskip==1 AND no_mbtree==1 AND no_weightb==1,2,0.0869565217391304,0.125,0.0666666666666666,93
full,1152,144,no_fast_pskip = 1 AND no_mbtree = 1 AND no_weightb = 1,no_deblock==0 AND no_mbtree==1 AND no_mixed_refs==0 AND rc_lookahead==60,3,0.125,0.25,0.0833333333333333,94
random_2,18,3,no_fast_pskip = 1 AND no_mbtree = 1 AND no_weightb = 1,no_cabac==1 AND no_fast_pskip==0 AND rc_lookahead==20,0,0.0,0.0,0.0,94
random_5,45,7,no_fast_pskip = 1 AND no_mbtree = 1 AND no_weightb = 1,no_8x8dct==1 AND no_mixed_refs==1 AND no_weightb==0 AND rc_lookahead==40,0,0.0,0.0,0.0,94
random_10,90,12,no_fast_pskip = 1 AND no_mbtree = 1 AND no_weightb = 1,no_cabac==0 AND no_deblock==1 AND no_mixed_refs==0 AND ref==1,4,0.1111111111111111,0.1666666666666666,0.0833333333333333,94
random_20,180,21,no_fast_pskip = 1 AND no_mbtree = 1 AND no_weightb = 1,no_cabac==1 AND no_fast_pskip==0 AND no_mixed_refs==0 AND ref==1,0,0.0,0.0,0.0,94
2-wise,16,2,no_fast_pskip = 1 AND no_mbtree = 1 AND no_weightb = 1,no_fast_pskip==0 AND no_mixed_refs==0,0,0.0,0.0,0.0,94
3-wise,45,10,no_fast_pskip = 1 AND no_mbtree = 1 AND no_weightb = 1,no_cabac==0 AND no_mbtree==0 AND rc_lookahead==40,0,0.0,0.0,0.0,94
4-wise,102,12,no_fast_pskip = 1 AND no_mbtree = 1 AND no_weightb = 1,no_8x8dct==1 AND no_deblock==0 AND no_mbtree==0 AND ref==1,0,0.0,0.0,0.0,94
full,1152,144,no_fast_pskip = 1 AND no_mbtree = 1 AND no_weightb = 1,no_fast_pskip==1 AND no_mbtree==1 AND no_weightb==1,0,1.0,1.0,1.0,95
random_2,18,3,no_fast_pskip = 1 AND no_mbtree = 1 AND no_weightb = 1,no_8x8dct==1 AND no_fast_pskip==1 AND no_mbtree==1 AND no_mixed_refs==1,0,1.0,1.0,1.0,95
random_5,45,6,no_fast_pskip = 1 AND no_mbtree = 1 AND no_weightb = 1,no_fast_pskip==1 AND no_mbtree==1 AND no_weightb==1,0,1.0,1.0,1.0,95
random_10,90,11,no_fast_pskip = 1 AND no_mbtree = 1 AND no_weightb = 1,no_fast_pskip==1 AND no_mbtree==1 AND no_weightb==1,0,1.0,1.0,1.0,95
random_20,180,24,no_fast_pskip = 1 AND no_mbtree = 1 AND no_weightb = 1,no_fast_pskip==1 AND no_mbtree==1 AND no_weightb==1,0,1.0,1.0,1.0,95
2-wise,16,3,no_fast_pskip = 1 AND no_mbtree = 1 AND no_weightb = 1,no_fast_pskip==1 AND no_mixed_refs==0 AND no_weightb==1,3,1.0,1.0,1.0,95
3-wise,45,5,no_fast_pskip = 1 AND no_mbtree = 1 AND no_weightb = 1,no_fast_pskip==1 AND no_mbtree==1 AND no_weightb==1,0,1.0,1.0,1.0,95
4-wise,101,10,no_fast_pskip = 1 AND no_mbtree = 1 AND no_weightb = 1,no_fast_pskip==1 AND no_mbtree==1 AND no_weightb==1,0,1.0,1.0,1.0,95
full,1152,144,no_fast_pskip = 1 AND no_mixed_refs = 1 AND no_weightb = 1,no_fast_pskip==1 AND no_mixed_refs==1 AND no_weightb==1,0,1.0,1.0,1.0,96
random_2,18,4,no_fast_pskip = 1 AND no_mixed_refs = 1 AND no_weightb = 1,no_mixed_refs==1 AND no_weightb==1,1,0.6666666666666666,0.5,1.0,96
random_5,45,5,no_fast_pskip = 1 AND no_mixed_refs = 1 AND no_weightb = 1,no_8x8dct==1 AND no_weightb==1 AND rc_lookahead==40,4,0.4000000000000001,0.4,0.4,96
random_10,90,15,no_fast_pskip = 1 AND no_mixed_refs = 1 AND no_weightb = 1,no_fast_pskip==1 AND no_mixed_refs==1 AND no_weightb==1,0,1.0,1.0,1.0,96
random_20,180,28,no_fast_pskip = 1 AND no_mixed_refs = 1 AND no_weightb = 1,no_fast_pskip==1 AND no_mixed_refs==1 AND no_weightb==1,0,1.0,1.0,1.0,96
2-wise,17,2,no_fast_pskip = 1 AND no_mixed_refs = 1 AND no_weightb = 1,no_8x8dct==0 AND ref==1,4,0.3333333333333333,0.25,0.5,96
3-wise,45,5,no_fast_pskip = 1 AND no_mixed_refs = 1 AND no_weightb = 1,no_8x8dct==1 AND no_deblock==1 AND rc_lookahead==20,0,0.0,0.0,0.0,96
4-wise,98,9,no_fast_pskip = 1 AND no_mixed_refs = 1 AND no_weightb = 1,no_fast_pskip==1 AND no_mixed_refs==1 AND no_weightb==1,0,1.0,1.0,1.0,96
full,1152,144,no_8x8dct = 1 AND no_cabac = 1 AND no_mixed_refs = 1,no_8x8dct==1 AND no_cabac==0,0,0.0,0.0,0.0,97
random_5,45,3,no_8x8dct = 1 AND no_cabac = 1 AND no_mixed_refs = 1,no_8x8dct==0 AND no_mixed_refs==0 AND rc_lookahead==40,0,0.0,0.0,0.0,97
random_10,90,11,no_8x8dct = 1 AND no_cabac = 1 AND no_mixed_refs = 1,no_fast_pskip==1 AND no_weightb==1 AND rc_lookahead==60 AND ref==5,0,0.0,0.0,0.0,97
random_20,180,22,no_8x8dct = 1 AND no_cabac = 1 AND no_mixed_refs = 1,no_8x8dct==1 AND no_deblock==1 AND no_fast_pskip==0 AND no_weightb==1,0,0.0689655172413793,0.1428571428571428,0.0454545454545454,97
2-wise,15,1,no_8x8dct = 1 AND no_cabac = 1 AND no_mixed_refs = 1,no_fast_pskip==0 AND no_mbtree==1 AND no_weightb==0 AND rc_lookahead==40,0,0.0,0.0,0.0,97
3-wise,43,6,no_8x8dct = 1 AND no_cabac = 1 AND no_mixed_refs = 1,no_deblock==0 AND no_mbtree==0 AND no_mixed_refs==0 AND ref==1,0,0.0,0.0,0.0,97
4-wise,101,14,no_8x8dct = 1 AND no_cabac = 1 AND no_mixed_refs = 1,no_cabac==0 AND no_fast_pskip==0 AND rc_lookahead==20 AND ref==9,0,0.0,0.0,0.0,97
full,1152,144,no_8x8dct = 1 AND no_mbtree = 1 AND no_mixed_refs = 1,no_8x8dct==1 AND no_mbtree==1 AND no_mixed_refs==1,0,1.0,1.0,1.0,98
random_2,18,3,no_8x8dct = 1 AND no_mbtree = 1 AND no_mixed_refs = 1,no_cabac==1 AND no_fast_pskip==0 AND ref==1,0,0.0,0.0,0.0,98
random_5,45,5,no_8x8dct = 1 AND no_mbtree = 1 AND no_mixed_refs = 1,no_8x8dct==1 AND no_mbtree==1 AND no_mixed_refs==1,0,1.0,1.0,1.0,98
random_10,90,17,no_8x8dct = 1 AND no_mbtree = 1 AND no_mixed_refs = 1,no_8x8dct==1 AND no_mbtree==1 AND no_mixed_refs==1,0,1.0,1.0,1.0,98
random_20,180,18,no_8x8dct = 1 AND no_mbtree = 1 AND no_mixed_refs = 1,no_8x8dct==1 AND no_mbtree==1 AND no_mixed_refs==1,0,1.0,1.0,1.0,98
2-wise,15,1,no_8x8dct = 1 AND no_mbtree = 1 AND no_mixed_refs = 1,no_fast_pskip==0 AND no_mbtree==1 AND rc_lookahead==40,1,0.6666666666666666,0.5,1.0,98
3-wise,46,4,no_8x8dct = 1 AND no_mbtree = 1 AND no_mixed_refs = 1,no_8x8dct==1 AND no_cabac==0 AND no_deblock==0 AND no_weightb==0,3,0.75,0.75,0.75,98
4-wise,98,13,no_8x8dct = 1 AND no_mbtree = 1 AND no_mixed_refs = 1,no_8x8dct==1 AND no_mbtree==1 AND no_mixed_refs==1,0,1.0,1.0,1.0,98
full,1152,144,no_8x8dct = 1 AND no_deblock = 1 AND no_mbtree = 1,no_8x8dct==0 AND no_mixed_refs==1 AND no_weightb==1 AND rc_lookahead==20,0,0.0,0.0,0.0,99
random_2,18,2,no_8x8dct = 1 AND no_deblock = 1 AND no_mbtree = 1,no_cabac==1 AND no_fast_pskip==0,0,0.0,0.0,0.0,99
random_5,45,3,no_8x8dct = 1 AND no_deblock = 1 AND no_mbtree = 1,no_8x8dct==0 AND no_cabac==0 AND no_mixed_refs==1 AND rc_lookahead==60,0,0.0,0.0,0.0,99
random_10,90,9,no_8x8dct = 1 AND no_deblock = 1 AND no_mbtree = 1,no_deblock==1 AND no_mixed_refs==1 AND no_weightb==0 AND ref==5,0,0.0,0.0,0.0,99
random_20,180,25,no_8x8dct = 1 AND no_deblock = 1 AND no_mbtree = 1,no_cabac==1 AND no_fast_pskip==1 AND no_mixed_refs==1 AND rc_lookahead==40,0,0.0625,0.1428571428571428,0.04,99
2-wise,17,4,no_8x8dct = 1 AND no_deblock = 1 AND no_mbtree = 1,no_8x8dct==0 AND no_deblock==0 AND no_fast_pskip==1 AND no_mixed_refs==0,0,0.0,0.0,0.0,99
3-wise,46,7,no_8x8dct = 1 AND no_deblock = 1 AND no_mbtree = 1,no_deblock==0 AND no_fast_pskip==1 AND rc_lookahead==40,0,0.0,0.0,0.0,99
4-wise,98,7,no_8x8dct = 1 AND no_deblock = 1 AND no_mbtree = 1,no_8x8dct==0 AND no_mbtree==0 AND no_weightb==0 AND rc_lookahead==60,0,0.0,0.0,0.0,99
full,1152,144,no_cabac = 1 AND no_fast_pskip = 1 AND no_mixed_refs = 1,no_cabac==1 AND no_fast_pskip==1 AND no_mixed_refs==1,1,1.0,1.0,1.0,9
random_2,18,4,no_cabac = 1 AND no_fast_pskip = 1 AND no_mixed_refs = 1,no_8x8dct==0 AND no_mbtree==0 AND rc_lookahead==60,3,0.25,0.25,0.25,9
random_5,45,7,no_cabac = 1 AND no_fast_pskip = 1 AND no_mixed_refs = 1,no_8x8dct==1 AND no_cabac==0 AND no_fast_pskip==0,0,0.0,0.0,0.0,9
random_10,90,13,no_cabac = 1 AND no_fast_pskip = 1 AND no_mixed_refs = 1,no_8x8dct==1 AND no_cabac==1 AND no_fast_pskip==0 AND rc_lookahead==60,0,0.0,0.0,0.0,9
random_20,180,17,no_cabac = 1 AND no_fast_pskip = 1 AND no_mixed_refs = 1,no_cabac==1 AND no_mbtree==0,2,0.4193548387096774,0.2888888888888888,0.7647058823529411,9
2-wise,18,3,no_cabac = 1 AND no_fast_pskip = 1 AND no_mixed_refs = 1,no_deblock==0 AND rc_lookahead==20,2,0.3333333333333333,0.3333333333333333,0.3333333333333333,9
3-wise,46,7,no_cabac = 1 AND no_fast_pskip = 1 AND no_mixed_refs = 1,no_8x8dct==0 AND no_mixed_refs==1 AND no_weightb==1,0,0.1666666666666666,0.2,0.1428571428571428,9
4-wise,101,11,no_cabac = 1 AND no_fast_pskip = 1 AND no_mixed_refs = 1,no_8x8dct==0 AND no_deblock==0 AND no_weightb==0 AND ref==9,2,0.125,0.2,0.0909090909090909,9
