sg_distribution,sg_cardinality,sg_rule,best_rule,best_rule_idx,f1,precision,recall,seed
normal,24192,DisableExplicitGC = 1 AND UseAdaptiveGCBoundary = 1 AND UseAdaptiveSizePolicy = 1,DisableExplicitGC==1 AND UseAdaptiveSizePolicy==1 AND UseAdaptiveGCBoundary==1,0,1.0,1.0,1.0,0
uniform,24192,DisableExplicitGC = 1 AND UseAdaptiveSizeDecayMajorGCCost = 1 AND UseAdaptiveSizePolicy = 1,DisableExplicitGC==1 AND UseAdaptiveSizeDecayMajorGCCost==1 AND UseAdaptiveSizePolicy==1,0,1.0,1.0,1.0,0
bi_modal_split,24192,DisableExplicitGC = 1 AND UseAdaptiveSizeDecayMajorGCCost = 1 AND UseAdaptiveSizePolicy = 1,DisableExplicitGC==1 AND UseAdaptiveSizeDecayMajorGCCost==1 AND UseAdaptiveSizePolicy==1,0,1.0,1.0,1.0,0
tri_modal_split,24192,UseAdaptiveGCBoundary = 1 AND UseAdaptiveSizeDecayMajorGCCost = 1 AND UseAdaptiveSizePolicyFootprintGoal = 1,UseAdaptiveSizeDecayMajorGCCost==1 AND UseAdaptiveSizePolicyFootprintGoal==1 AND UseAdaptiveGCBoundary==1,0,1.0,1.0,1.0,0
power_law,24192,UseAdaptiveGCBoundary = 1 AND UseAdaptiveSizePolicy = 1 AND UseAdaptiveSizePolicyFootprintGoal = 1,UseAdaptiveSizePolicy==1 AND UseAdaptiveSizePolicyFootprintGoal==1 AND UseAdaptiveGCBoundary==1,0,1.0,1.0,1.0,0
normal,24192,DisableExplicitGC = 1 AND UseAdaptiveSizePolicy = 1 AND UseAdaptiveSizePolicyFootprintGoal = 1,DisableExplicitGC==1 AND UseAdaptiveSizePolicy==1 AND UseAdaptiveSizePolicyFootprintGoal==1,0,1.0,1.0,1.0,10
uniform,24192,DisableExplicitGC = 1 AND UseAdaptiveSizePolicy = 1 AND UseAdaptiveSizePolicyFootprintGoal = 1,DisableExplicitGC==1 AND UseAdaptiveSizePolicy==1 AND UseAdaptiveSizePolicyFootprintGoal==1,0,1.0,1.0,1.0,10
bi_modal_split,24192,DisableExplicitGC = 1 AND UseAdaptiveSizePolicy = 1 AND UseAdaptiveSizePolicyFootprintGoal = 1,DisableExplicitGC==1 AND UseAdaptiveSizePolicy==1 AND UseAdaptiveSizePolicyFootprintGoal==1,0,1.0,1.0,1.0,10
tri_modal_split,24192,DisableExplicitGC = 1 AND UseAdaptiveSizePolicy = 1 AND UseAdaptiveSizePolicyFootprintGoal = 1,DisableExplicitGC==1 AND UseAdaptiveSizePolicy==1 AND UseAdaptiveSizePolicyFootprintGoal==1,0,1.0,1.0,1.0,10
power_law,24192,DisableExplicitGC = 1 AND UseAdaptiveSizePolicy = 1 AND UseAdaptiveSizePolicyFootprintGoal = 1,DisableExplicitGC==0 AND UseAdaptiveSizePolicy==1,0,0.0,0.0,0.0,10
normal,24192,DisableExplicitGC = 1 AND UseAdaptiveGCBoundary = 1 AND UseAdaptiveSizePolicy = 1,DisableExplicitGC==1 AND UseAdaptiveSizePolicy==1 AND UseAdaptiveGCBoundary==1,0,1.0,1.0,1.0,11
uniform,24192,DisableExplicitGC = 1 AND UseAdaptiveGCBoundary = 1 AND UseAdaptiveSizePolicy = 1,DisableExplicitGC==1 AND UseAdaptiveSizePolicy==1 AND UseAdaptiveGCBoundary==1,0,1.0,1.0,1.0,11
bi_modal_split,24192,DisableExplicitGC = 1 AND UseAdaptiveGCBoundary = 1 AND UseAdaptiveSizePolicy = 1,DisableExplicitGC==1 AND UseAdaptiveSizePolicy==1 AND UseAdaptiveGCBoundary==1,0,1.0,1.0,1.0,11
tri_modal_split,24192,DisableExplicitGC = 1 AND UseAdaptiveGCBoundary = 1 AND UseAdaptiveSizePolicy = 1,DisableExplicitGC==1 AND UseAdaptiveSizePolicy==1 AND UseAdaptiveGCBoundary==1,0,1.0,1.0,1.0,11
power_law,24192,DisableExplicitGC = 1 AND UseAdaptiveGCBoundary = 1 AND UseAdaptiveSizePolicy = 1,DisableExplicitGC==1 AND UseAdaptiveSizePolicy==1 AND UseAdaptiveGCBoundary==1,0,1.0,1.0,1.0,11
normal,24192,UseAdaptiveSizeDecayMajorGCCost = 1 AND UseAdaptiveSizePolicy = 1 AND UseAdaptiveSizePolicyFootprintGoal = 1,UseAdaptiveSizeDecayMajorGCCost==1 AND UseAdaptiveSizePolicy==1 AND UseAdaptiveSizePolicyFootprintGoal==1,0,1.0,1.0,1.0,12
uniform,24192,UseAdaptiveSizeDecayMajorGCCost = 1 AND UseAdaptiveSizePolicy = 1 AND UseAdaptiveSizePolicyFootprintGoal = 1,UseAdaptiveSizeDecayMajorGCCost==1 AND UseAdaptiveSizePolicy==1 AND UseAdaptiveSizePolicyFootprintGoal==1,0,1.0,1.0,1.0,12
bi_modal_split,24192,UseAdaptiveSizeDecayMajorGCCost = 1 AND UseAdaptiveSizePolicy = 1 AND UseAdaptiveSizePolicyFootprintGoal = 1,UseAdaptiveSizeDecayMajorGCCost==1 AND UseAdaptiveSizePolicy==1 AND UseAdaptiveSizePolicyFootprintGoal==1,0,1.0,1.0,1.0,12
tri_modal_split,24192,UseAdaptiveSizeDecayMajorGCCost = 1 AND UseAdaptiveSizePolicy = 1 AND UseAdaptiveSizePolicyFootprintGoal = 1,UseAdaptiveSizeDecayMajorGCCost==1 AND UseAdaptiveSizePolicy==1 AND UseAdaptiveSizePolicyFootprintGoal==1,0,1.0,1.0,1.0,12
power_law,24192,UseAdaptiveSizeDecayMajorGCCost = 1 AND UseAdaptiveSizePolicy = 1 AND UseAdaptiveSizePolicyFootprintGoal = 1,UseAdaptiveSizeDecayMajorGCCost==1 AND UseAdaptiveSizePolicy==1 AND UseAdaptiveSizePolicyFootprintGoal==1,0,1.0,1.0,1.0,12
normal,24192,DisableExplicitGC = 1 AND UseAdaptiveSizeDecayMajorGCCost = 1 AND UseAdaptiveSizePolicyFootprintGoal = 1,DisableExplicitGC==1 AND UseAdaptiveSizeDecayMajorGCCost==1 AND UseAdaptiveSizePolicyFootprintGoal==1,0,1.0,1.0,1.0,13
uniform,24192,DisableExplicitGC = 1 AND UseAdaptiveSizeDecayMajorGCCost = 1 AND UseAdaptiveSizePolicyFootprintGoal = 1,DisableExplicitGC==1 AND UseAdaptiveSizeDecayMajorGCCost==1 AND UseAdaptiveSizePolicyFootprintGoal==1,0,1.0,1.0,1.0,13
bi_modal_split,24192,DisableExplicitGC = 1 AND UseAdaptiveSizeDecayMajorGCCost = 1 AND UseAdaptiveSizePolicyFootprintGoal = 1,DisableExplicitGC==1 AND UseAdaptiveSizeDecayMajorGCCost==1 AND UseAdaptiveSizePolicyFootprintGoal==1,0,1.0,1.0,1.0,13
tri_modal_split,24192,DisableExplicitGC = 1 AND UseAdaptiveSizeDecayMajorGCCost = 1 AND UseAdaptiveSizePolicyFootprintGoal = 1,DisableExplicitGC==1 AND UseAdaptiveSizeDecayMajorGCCost==1 AND UseAdaptiveSizePolicyFootprintGoal==1,0,1.0,1.0,1.0,13
power_law,24192,DisableExplicitGC = 1 AND UseAdaptiveSizeDecayMajorGCCost = 1 AND UseAdaptiveSizePolicyFootprintGoal = 1,DisableExplicitGC==1 AND UseAdaptiveSizeDecayMajorGCCost==1 AND UseAdaptiveSizePolicyFootprintGoal==1,0,1.0,1.0,1.0,13
normal,24192,DisableExplicitGC = 1 AND UseAdaptiveSizePolicy = 1 AND UseAdaptiveSizePolicyFootprintGoal = 1,DisableExplicitGC==1 AND UseAdaptiveSizePolicy==1 AND UseAdaptiveSizePolicyFootprintGoal==1,0,1.0,1.0,1.0,14
uniform,24192,DisableExplicitGC = 1 AND UseAdaptiveSizePolicy = 1 AND UseAdaptiveSizePolicyFootprintGoal = 1,DisableExplicitGC==1 AND UseAdaptiveSizePolicy==1 AND UseAdaptiveSizePolicyFootprintGoal==1,0,1.0,1.0,1.0,14
bi_modal_split,24192,DisableExplicitGC = 1 AND UseAdaptiveSizePolicy = 1 AND UseAdaptiveSizePolicyFootprintGoal = 1,DisableExplicitGC==1 AND UseAdaptiveSizePolicy==1 AND UseAdaptiveSizePolicyFootprintGoal==1,0,1.0,1.0,1.0,14
tri_modal_split,24192,DisableExplicitGC = 1 AND UseAdaptiveSizePolicy = 1 AND UseAdaptiveSizePolicyFootprintGoal = 1,DisableExplicitGC==1 AND UseAdaptiveSizePolicy==1 AND UseAdaptiveSizePolicyFootprintGoal==1,0,1.0,1.0,1.0,14
power_law,24192,DisableExplicitGC = 1 AND UseAdaptiveSizePolicy = 1 AND UseAdaptiveSizePolicyFootprintGoal = 1,DisableExplicitGC==1 AND UseAdaptiveSizePolicy==1 AND UseAdaptiveSizePolicyFootprintGoal==1,0,1.0,1.0,1.0,14
normal,24192,DisableExplicitGC = 1 AND UseAdaptiveSizeDecayMajorGCCost = 1 AND UseAdaptiveSizePolicy = 1,DisableExplicitGC==1 AND UseAdaptiveSizeDecayMajorGCCost==1 AND UseAdaptiveSizePolicy==1,0,1.0,1.0,1.0,15
uniform,24192,DisableExplicitGC = 1 AND UseAdaptiveSizeDecayMajorGCCost = 1 AND UseAdaptiveSizePolicy = 1,DisableExplicitGC==1 AND UseAdaptiveSizeDecayMajorGCCost==1 AND UseAdaptiveSizePolicy==1,0,1.0,1.0,1.0,15
bi_modal_split,24192,DisableExplicitGC = 1 AND UseAdaptiveSizeDecayMajorGCCost = 1 AND UseAdaptiveSizePolicy = 1,DisableExplicitGC==1 AND UseAdaptiveSizeDecayMajorGCCost==1 AND UseAdaptiveSizePolicy==1,0,1.0,1.0,1.0,15
tri_modal_split,24192,DisableExplicitGC = 1 AND UseAdaptiveSizeDecayMajorGCCost = 1 AND UseAdaptiveSizePolicy = 1,DisableExplicitGC==1 AND UseAdaptiveSizeDecayMajorGCCost==1 AND UseAdaptiveSizePolicy==1,0,1.0,1.0,1.0,15
power_law,24192,DisableExplicitGC = 1 AND UseAdaptiveSizeDecayMajorGCCost = 1 AND UseAdaptiveSizePolicy = 1,DisableExplicitGC==1 AND UseAdaptiveSizeDecayMajorGCCost==1 AND UseAdaptiveSizePolicy==1,0,1.0,1.0,1.0,15
normal,24192,UseAdaptiveSizeDecayMajorGCCost = 1 AND UseAdaptiveSizePolicy = 1 AND UseAdaptiveSizePolicyFootprintGoal = 1,UseAdaptiveSizeDecayMajorGCCost==1 AND UseAdaptiveSizePolicy==1 AND UseAdaptiveSizePolicyFootprintGoal==1,0,1.0,1.0,1.0,16
uniform,24192,UseAdaptiveSizeDecayMajorGCCost = 1 AND UseAdaptiveSizePolicy = 1 AND UseAdaptiveSizePolicyFootprintGoal = 1,UseAdaptiveSizeDecayMajorGCCost==1 AND UseAdaptiveSizePolicy==1 AND UseAdaptiveSizePolicyFootprintGoal==1,0,1.0,1.0,1.0,16
bi_modal_split,24192,UseAdaptiveSizeDecayMajorGCCost = 1 AND UseAdaptiveSizePolicy = 1 AND UseAdaptiveSizePolicyFootprintGoal = 1,UseAdaptiveSizeDecayMajorGCCost==1 AND UseAdaptiveSizePolicy==1 AND UseAdaptiveSizePolicyFootprintGoal==1,0,1.0,1.0,1.0,16
tri_modal_split,24192,UseAdaptiveSizeDecayMajorGCCost = 1 AND UseAdaptiveSizePolicy = 1 AND UseAdaptiveSizePolicyFootprintGoal = 1,UseAdaptiveSizeDecayMajorGCCost==1 AND UseAdaptiveSizePolicy==1 AND UseAdaptiveSizePolicyFootprintGoal==1,0,1.0,1.0,1.0,16
power_law,24192,UseAdaptiveSizeDecayMajorGCCost = 1 AND UseAdaptiveSizePolicy = 1 AND UseAdaptiveSizePolicyFootprintGoal = 1,UseAdaptiveSizeDecayMajorGCCost==1 AND UseAdaptiveSizePolicy==1 AND UseAdaptiveSizePolicyFootprintGoal==1,0,1.0,1.0,1.0,16
normal,24192,UseAdaptiveGCBoundary = 1 AND UseAdaptiveSizeDecayMajorGCCost = 1 AND UseAdaptiveSizePolicyFootprintGoal = 1,UseAdaptiveSizeDecayMajorGCCost==1 AND UseAdaptiveSizePolicyFootprintGoal==1 AND UseAdaptiveGCBoundary==1,0,1.0,1.0,1.0,17
uniform,24192,UseAdaptiveGCBoundary = 1 AND UseAdaptiveSizeDecayMajorGCCost = 1 AND UseAdaptiveSizePolicyFootprintGoal = 1,UseAdaptiveSizeDecayMajorGCCost==1 AND UseAdaptiveSizePolicyFootprintGoal==1 AND UseAdaptiveGCBoundary==1,0,1.0,1.0,1.0,17
bi_modal_split,24192,UseAdaptiveGCBoundary = 1 AND UseAdaptiveSizeDecayMajorGCCost = 1 AND UseAdaptiveSizePolicyFootprintGoal = 1,UseAdaptiveSizeDecayMajorGCCost==1 AND UseAdaptiveSizePolicyFootprintGoal==1 AND UseAdaptiveGCBoundary==1,0,1.0,1.0,1.0,17
tri_modal_split,24192,UseAdaptiveGCBoundary = 1 AND UseAdaptiveSizeDecayMajorGCCost = 1 AND UseAdaptiveSizePolicyFootprintGoal = 1,UseAdaptiveSizeDecayMajorGCCost==1 AND UseAdaptiveSizePolicyFootprintGoal==1 AND UseAdaptiveGCBoundary==1,0,1.0,1.0,1.0,17
power_law,24192,UseAdaptiveGCBoundary = 1 AND UseAdaptiveSizeDecayMajorGCCost = 1 AND UseAdaptiveSizePolicyFootprintGoal = 1,UseAdaptiveSizeDecayMajorGCCost==1 AND UseAdaptiveSizePolicyFootprintGoal==1 AND UseAdaptiveGCBoundary==1,0,1.0,1.0,1.0,17
normal,24192,DisableExplicitGC = 1 AND UseAdaptiveSizeDecayMajorGCCost = 1 AND UseAdaptiveSizePolicy = 1,DisableExplicitGC==1 AND UseAdaptiveSizeDecayMajorGCCost==1 AND UseAdaptiveSizePolicy==1,0,1.0,1.0,1.0,18
uniform,24192,DisableExplicitGC = 1 AND UseAdaptiveSizeDecayMajorGCCost = 1 AND UseAdaptiveSizePolicy = 1,DisableExplicitGC==1 AND UseAdaptiveSizeDecayMajorGCCost==1 AND UseAdaptiveSizePolicy==1,0,1.0,1.0,1.0,18
bi_modal_split,24192,DisableExplicitGC = 1 AND UseAdaptiveSizeDecayMajorGCCost = 1 AND UseAdaptiveSizePolicy = 1,DisableExplicitGC==1 AND UseAdaptiveSizeDecayMajorGCCost==1 AND UseAdaptiveSizePolicy==1,0,1.0,1.0,1.0,18
tri_modal_split,24192,DisableExplicitGC = 1 AND UseAdaptiveSizeDecayMajorGCCost = 1 AND UseAdaptiveSizePolicy = 1,DisableExplicitGC==1 AND UseAdaptiveSizeDecayMajorGCCost==1 AND UseAdaptiveSizePolicy==1,0,1.0,1.0,1.0,18
power_law,24192,DisableExplicitGC = 1 AND UseAdaptiveSizeDecayMajorGCCost = 1 AND UseAdaptiveSizePolicy = 1,DisableExplicitGC==1 AND UseAdaptiveSizeDecayMajorGCCost==1 AND UseAdaptiveSizePolicy==1,0,1.0,1.0,1.0,18
normal,24192,DisableExplicitGC = 1 AND UseAdaptiveGCBoundary = 1 AND UseAdaptiveSizeDecayMajorGCCost = 1,DisableExplicitGC==1 AND UseAdaptiveSizeDecayMajorGCCost==1 AND UseAdaptiveGCBoundary==1,0,1.0,1.0,1.0,19
uniform,24192,DisableExplicitGC = 1 AND UseAdaptiveGCBoundary = 1 AND UseAdaptiveSizeDecayMajorGCCost = 1,DisableExplicitGC==1 AND UseAdaptiveSizeDecayMajorGCCost==1 AND UseAdaptiveGCBoundary==1,0,1.0,1.0,1.0,19
bi_modal_split,24192,DisableExplicitGC = 1 AND UseAdaptiveGCBoundary = 1 AND UseAdaptiveSizeDecayMajorGCCost = 1,DisableExplicitGC==1 AND UseAdaptiveSizeDecayMajorGCCost==1 AND UseAdaptiveGCBoundary==1,0,1.0,1.0,1.0,19
tri_modal_split,24192,DisableExplicitGC = 1 AND UseAdaptiveGCBoundary = 1 AND UseAdaptiveSizeDecayMajorGCCost = 1,DisableExplicitGC==1 AND UseAdaptiveSizeDecayMajorGCCost==1 AND UseAdaptiveGCBoundary==1,0,1.0,1.0,1.0,19
power_law,24192,DisableExplicitGC = 1 AND UseAdaptiveGCBoundary = 1 AND UseAdaptiveSizeDecayMajorGCCost = 1,DisableExplicitGC==1 AND UseAdaptiveSizeDecayMajorGCCost==1 AND UseAdaptiveGCBoundary==1,0,1.0,1.0,1.0,19
normal,24192,DisableExplicitGC = 1 AND UseAdaptiveSizePolicy = 1 AND UseAdaptiveSizePolicyFootprintGoal = 1,DisableExplicitGC==1 AND UseAdaptiveSizePolicy==1 AND UseAdaptiveSizePolicyFootprintGoal==1,0,1.0,1.0,1.0,1
uniform,24192,DisableExplicitGC = 1 AND UseAdaptiveSizePolicy = 1 AND UseAdaptiveSizePolicyFootprintGoal = 1,DisableExplicitGC==1 AND UseAdaptiveSizePolicy==1 AND UseAdaptiveSizePolicyFootprintGoal==1,0,1.0,1.0,1.0,1
bi_modal_split,24192,DisableExplicitGC = 1 AND UseAdaptiveSizePolicy = 1 AND UseAdaptiveSizePolicyFootprintGoal = 1,DisableExplicitGC==1 AND UseAdaptiveSizePolicy==1 AND UseAdaptiveSizePolicyFootprintGoal==1,0,1.0,1.0,1.0,1
tri_modal_split,24192,DisableExplicitGC = 1 AND UseAdaptiveSizePolicy = 1 AND UseAdaptiveSizePolicyFootprintGoal = 1,DisableExplicitGC==1 AND UseAdaptiveSizePolicy==1 AND UseAdaptiveSizePolicyFootprintGoal==1,0,1.0,1.0,1.0,1
power_law,24192,DisableExplicitGC = 1 AND UseAdaptiveSizePolicy = 1 AND UseAdaptiveSizePolicyFootprintGoal = 1,DisableExplicitGC==1 AND UseAdaptiveSizePolicy==1 AND UseAdaptiveSizePolicyFootprintGoal==1,0,1.0,1.0,1.0,1
normal,24192,UseAdaptiveGCBoundary = 1 AND UseAdaptiveSizePolicy = 1 AND UseAdaptiveSizePolicyFootprintGoal = 1,UseAdaptiveSizePolicy==1 AND UseAdaptiveSizePolicyFootprintGoal==1 AND UseAdaptiveGCBoundary==1,0,1.0,1.0,1.0,20
uniform,24192,UseAdaptiveGCBoundary = 1 AND UseAdaptiveSizePolicy = 1 AND UseAdaptiveSizePolicyFootprintGoal = 1,UseAdaptiveSizePolicy==1 AND UseAdaptiveSizePolicyFootprintGoal==1 AND UseAdaptiveGCBoundary==1,0,1.0,1.0,1.0,20
bi_modal_split,24192,UseAdaptiveGCBoundary = 1 AND UseAdaptiveSizePolicy = 1 AND UseAdaptiveSizePolicyFootprintGoal = 1,UseAdaptiveSizePolicy==1 AND UseAdaptiveSizePolicyFootprintGoal==1 AND UseAdaptiveGCBoundary==1,0,1.0,1.0,1.0,20
tri_modal_split,24192,UseAdaptiveGCBoundary = 1 AND UseAdaptiveSizePolicy = 1 AND UseAdaptiveSizePolicyFootprintGoal = 1,UseAdaptiveSizePolicy==1 AND UseAdaptiveSizePolicyFootprintGoal==1 AND UseAdaptiveGCBoundary==1,0,1.0,1.0,1.0,20
power_law,24192,UseAdaptiveGCBoundary = 1 AND UseAdaptiveSizePolicy = 1 AND UseAdaptiveSizePolicyFootprintGoal = 1,UseAdaptiveSizePolicy==1 AND UseAdaptiveSizePolicyFootprintGoal==1 AND UseAdaptiveGCBoundary==1,0,1.0,1.0,1.0,20
normal,24192,DisableExplicitGC = 1 AND UseAdaptiveGCBoundary = 1 AND UseAdaptiveSizePolicyFootprintGoal = 1,DisableExplicitGC==1 AND UseAdaptiveSizePolicyFootprintGoal==1 AND UseAdaptiveGCBoundary==1,0,1.0,1.0,1.0,21
uniform,24192,DisableExplicitGC = 1 AND UseAdaptiveGCBoundary = 1 AND UseAdaptiveSizePolicyFootprintGoal = 1,DisableExplicitGC==1 AND UseAdaptiveSizePolicyFootprintGoal==1 AND UseAdaptiveGCBoundary==1,0,1.0,1.0,1.0,21
bi_modal_split,24192,DisableExplicitGC = 1 AND UseAdaptiveGCBoundary = 1 AND UseAdaptiveSizePolicyFootprintGoal = 1,DisableExplicitGC==1 AND UseAdaptiveSizePolicyFootprintGoal==1 AND UseAdaptiveGCBoundary==1,0,1.0,1.0,1.0,21
tri_modal_split,24192,DisableExplicitGC = 1 AND UseAdaptiveGCBoundary = 1 AND UseAdaptiveSizePolicyFootprintGoal = 1,DisableExplicitGC==1 AND UseAdaptiveSizePolicyFootprintGoal==1 AND UseAdaptiveGCBoundary==1,0,1.0,1.0,1.0,21
power_law,24192,DisableExplicitGC = 1 AND UseAdaptiveGCBoundary = 1 AND UseAdaptiveSizePolicyFootprintGoal = 1,DisableExplicitGC==1 AND UseAdaptiveSizePolicyFootprintGoal==1 AND UseAdaptiveGCBoundary==1,0,1.0,1.0,1.0,21
normal,24192,UseAdaptiveGCBoundary = 1 AND UseAdaptiveSizePolicy = 1 AND UseAdaptiveSizePolicyFootprintGoal = 1,UseAdaptiveSizePolicy==1 AND UseAdaptiveSizePolicyFootprintGoal==1 AND UseAdaptiveGCBoundary==1,0,1.0,1.0,1.0,22
uniform,24192,UseAdaptiveGCBoundary = 1 AND UseAdaptiveSizePolicy = 1 AND UseAdaptiveSizePolicyFootprintGoal = 1,UseAdaptiveSizePolicy==1 AND UseAdaptiveSizePolicyFootprintGoal==1 AND UseAdaptiveGCBoundary==1,0,1.0,1.0,1.0,22
bi_modal_split,24192,UseAdaptiveGCBoundary = 1 AND UseAdaptiveSizePolicy = 1 AND UseAdaptiveSizePolicyFootprintGoal = 1,UseAdaptiveSizePolicy==1 AND UseAdaptiveSizePolicyFootprintGoal==1 AND UseAdaptiveGCBoundary==1,0,1.0,1.0,1.0,22
tri_modal_split,24192,UseAdaptiveGCBoundary = 1 AND UseAdaptiveSizePolicy = 1 AND UseAdaptiveSizePolicyFootprintGoal = 1,UseAdaptiveSizePolicy==1 AND UseAdaptiveSizePolicyFootprintGoal==1 AND UseAdaptiveGCBoundary==1,0,1.0,1.0,1.0,22
power_law,24192,UseAdaptiveGCBoundary = 1 AND UseAdaptiveSizePolicy = 1 AND UseAdaptiveSizePolicyFootprintGoal = 1,UseAdaptiveSizePolicy==1 AND UseAdaptiveSizePolicyFootprintGoal==1 AND UseAdaptiveGCBoundary==1,0,1.0,1.0,1.0,22
normal,24192,DisableExplicitGC = 1 AND UseAdaptiveSizeDecayMajorGCCost = 1 AND UseAdaptiveSizePolicy = 1,UseAdaptiveSizePolicy==0,0,0.0,0.0,0.0,23
uniform,24192,DisableExplicitGC = 1 AND UseAdaptiveSizeDecayMajorGCCost = 1 AND UseAdaptiveSizePolicy = 1,DisableExplicitGC==1 AND UseAdaptiveSizeDecayMajorGCCost==1 AND UseAdaptiveSizePolicy==1,0,1.0,1.0,1.0,23
bi_modal_split,24192,DisableExplicitGC = 1 AND UseAdaptiveSizeDecayMajorGCCost = 1 AND UseAdaptiveSizePolicy = 1,DisableExplicitGC==1 AND UseAdaptiveSizeDecayMajorGCCost==1 AND UseAdaptiveSizePolicy==1,0,1.0,1.0,1.0,23
tri_modal_split,24192,DisableExplicitGC = 1 AND UseAdaptiveSizeDecayMajorGCCost = 1 AND UseAdaptiveSizePolicy = 1,DisableExplicitGC==1 AND UseAdaptiveSizeDecayMajorGCCost==1 AND UseAdaptiveSizePolicy==1,0,1.0,1.0,1.0,23
power_law,24192,DisableExplicitGC = 1 AND UseAdaptiveSizeDecayMajorGCCost = 1 AND UseAdaptiveSizePolicy = 1,DisableExplicitGC==1 AND UseAdaptiveSizeDecayMajorGCCost==1 AND UseAdaptiveSizePolicy==1,0,1.0,1.0,1.0,23
normal,24192,DisableExplicitGC = 1 AND UseAdaptiveSizeDecayMajorGCCost = 1 AND UseAdaptiveSizePolicy = 1,DisableExplicitGC==1 AND UseAdaptiveSizeDecayMajorGCCost==1 AND UseAdaptiveSizePolicy==1,0,1.0,1.0,1.0,24
uniform,24192,DisableExplicitGC = 1 AND UseAdaptiveSizeDecayMajorGCCost = 1 AND UseAdaptiveSizePolicy = 1,DisableExplicitGC==1 AND UseAdaptiveSizeDecayMajorGCCost==1 AND UseAdaptiveSizePolicy==1,0,1.0,1.0,1.0,24
bi_modal_split,24192,DisableExplicitGC = 1 AND UseAdaptiveSizeDecayMajorGCCost = 1 AND UseAdaptiveSizePolicy = 1,DisableExplicitGC==1 AND UseAdaptiveSizeDecayMajorGCCost==1 AND UseAdaptiveSizePolicy==1,0,1.0,1.0,1.0,24
tri_modal_split,24192,DisableExplicitGC = 1 AND UseAdaptiveSizeDecayMajorGCCost = 1 AND UseAdaptiveSizePolicy = 1,DisableExplicitGC==1 AND UseAdaptiveSizeDecayMajorGCCost==1 AND UseAdaptiveSizePolicy==1,0,1.0,1.0,1.0,24
power_law,24192,DisableExplicitGC = 1 AND UseAdaptiveSizeDecayMajorGCCost = 1 AND UseAdaptiveSizePolicy = 1,DisableExplicitGC==1 AND UseAdaptiveSizeDecayMajorGCCost==1 AND UseAdaptiveSizePolicy==1,0,1.0,1.0,1.0,24
normal,24192,DisableExplicitGC = 1 AND UseAdaptiveSizePolicy = 1 AND UseAdaptiveSizePolicyFootprintGoal = 1,DisableExplicitGC==1 AND UseAdaptiveSizePolicy==1 AND UseAdaptiveSizePolicyFootprintGoal==1,0,1.0,1.0,1.0,25
uniform,24192,DisableExplicitGC = 1 AND UseAdaptiveSizePolicy = 1 AND UseAdaptiveSizePolicyFootprintGoal = 1,DisableExplicitGC==1 AND UseAdaptiveSizePolicy==1 AND UseAdaptiveSizePolicyFootprintGoal==1,0,1.0,1.0,1.0,25
bi_modal_split,24192,DisableExplicitGC = 1 AND UseAdaptiveSizePolicy = 1 AND UseAdaptiveSizePolicyFootprintGoal = 1,DisableExplicitGC==1 AND UseAdaptiveSizePolicy==1 AND UseAdaptiveSizePolicyFootprintGoal==1,0,1.0,1.0,1.0,25
tri_modal_split,24192,DisableExplicitGC = 1 AND UseAdaptiveSizePolicy = 1 AND UseAdaptiveSizePolicyFootprintGoal = 1,DisableExplicitGC==1 AND UseAdaptiveSizePolicy==1 AND UseAdaptiveSizePolicyFootprintGoal==1,0,1.0,1.0,1.0,25
power_law,24192,DisableExplicitGC = 1 AND UseAdaptiveSizePolicy = 1 AND UseAdaptiveSizePolicyFootprintGoal = 1,DisableExplicitGC==1 AND UseAdaptiveSizePolicy==1 AND UseAdaptiveSizePolicyFootprintGoal==1,0,1.0,1.0,1.0,25
normal,24192,UseAdaptiveGCBoundary = 1 AND UseAdaptiveSizePolicy = 1 AND UseAdaptiveSizePolicyFootprintGoal = 1,UseAdaptiveSizePolicy==1 AND UseAdaptiveSizePolicyFootprintGoal==1 AND UseAdaptiveGCBoundary==1,0,1.0,1.0,1.0,26
uniform,24192,UseAdaptiveGCBoundary = 1 AND UseAdaptiveSizePolicy = 1 AND UseAdaptiveSizePolicyFootprintGoal = 1,UseAdaptiveSizePolicy==1 AND UseAdaptiveSizePolicyFootprintGoal==1 AND UseAdaptiveGCBoundary==1,0,1.0,1.0,1.0,26
bi_modal_split,24192,UseAdaptiveGCBoundary = 1 AND UseAdaptiveSizePolicy = 1 AND UseAdaptiveSizePolicyFootprintGoal = 1,UseAdaptiveSizePolicy==1 AND UseAdaptiveSizePolicyFootprintGoal==1 AND UseAdaptiveGCBoundary==1,0,1.0,1.0,1.0,26
tri_modal_split,24192,UseAdaptiveGCBoundary = 1 AND UseAdaptiveSizePolicy = 1 AND UseAdaptiveSizePolicyFootprintGoal = 1,UseAdaptiveSizePolicy==1 AND UseAdaptiveSizePolicyFootprintGoal==1 AND UseAdaptiveGCBoundary==1,0,1.0,1.0,1.0,26
power_law,24192,UseAdaptiveGCBoundary = 1 AND UseAdaptiveSizePolicy = 1 AND UseAdaptiveSizePolicyFootprintGoal = 1,UseAdaptiveSizePolicy==1 AND UseAdaptiveSizePolicyFootprintGoal==1 AND UseAdaptiveGCBoundary==1,0,1.0,1.0,1.0,26
normal,24192,UseAdaptiveSizeDecayMajorGCCost = 1 AND UseAdaptiveSizePolicy = 1 AND UseAdaptiveSizePolicyFootprintGoal = 1,UseAdaptiveSizeDecayMajorGCCost==1 AND UseAdaptiveSizePolicy==1 AND UseAdaptiveSizePolicyFootprintGoal==1,0,1.0,1.0,1.0,27
uniform,24192,UseAdaptiveSizeDecayMajorGCCost = 1 AND UseAdaptiveSizePolicy = 1 AND UseAdaptiveSizePolicyFootprintGoal = 1,UseAdaptiveSizeDecayMajorGCCost==1 AND UseAdaptiveSizePolicy==1 AND UseAdaptiveSizePolicyFootprintGoal==1,0,1.0,1.0,1.0,27
bi_modal_split,24192,UseAdaptiveSizeDecayMajorGCCost = 1 AND UseAdaptiveSizePolicy = 1 AND UseAdaptiveSizePolicyFootprintGoal = 1,UseAdaptiveSizeDecayMajorGCCost==1 AND UseAdaptiveSizePolicy==1 AND UseAdaptiveSizePolicyFootprintGoal==1,0,1.0,1.0,1.0,27
tri_modal_split,24192,UseAdaptiveSizeDecayMajorGCCost = 1 AND UseAdaptiveSizePolicy = 1 AND UseAdaptiveSizePolicyFootprintGoal = 1,UseAdaptiveSizeDecayMajorGCCost==1 AND UseAdaptiveSizePolicy==1 AND UseAdaptiveSizePolicyFootprintGoal==1,0,1.0,1.0,1.0,27
power_law,24192,UseAdaptiveSizeDecayMajorGCCost = 1 AND UseAdaptiveSizePolicy = 1 AND UseAdaptiveSizePolicyFootprintGoal = 1,UseAdaptiveSizeDecayMajorGCCost==1 AND UseAdaptiveSizePolicy==1 AND UseAdaptiveSizePolicyFootprintGoal==1,0,1.0,1.0,1.0,27
normal,24192,UseAdaptiveGCBoundary = 1 AND UseAdaptiveSizePolicy = 1 AND UseAdaptiveSizePolicyFootprintGoal = 1,UseAdaptiveSizePolicy==1 AND UseAdaptiveSizePolicyFootprintGoal==1 AND UseAdaptiveGCBoundary==1,0,1.0,1.0,1.0,28
uniform,24192,UseAdaptiveGCBoundary = 1 AND UseAdaptiveSizePolicy = 1 AND UseAdaptiveSizePolicyFootprintGoal = 1,UseAdaptiveSizePolicy==1 AND UseAdaptiveSizePolicyFootprintGoal==1 AND UseAdaptiveGCBoundary==1,0,1.0,1.0,1.0,28
bi_modal_split,24192,UseAdaptiveGCBoundary = 1 AND UseAdaptiveSizePolicy = 1 AND UseAdaptiveSizePolicyFootprintGoal = 1,UseAdaptiveSizePolicy==1 AND UseAdaptiveSizePolicyFootprintGoal==1 AND UseAdaptiveGCBoundary==1,0,1.0,1.0,1.0,28
tri_modal_split,24192,UseAdaptiveGCBoundary = 1 AND UseAdaptiveSizePolicy = 1 AND UseAdaptiveSizePolicyFootprintGoal = 1,UseAdaptiveSizePolicy==1 AND UseAdaptiveSizePolicyFootprintGoal==1 AND UseAdaptiveGCBoundary==1,0,1.0,1.0,1.0,28
power_law,24192,UseAdaptiveGCBoundary = 1 AND UseAdaptiveSizePolicy = 1 AND UseAdaptiveSizePolicyFootprintGoal = 1,UseAdaptiveSizePolicy==1 AND UseAdaptiveSizePolicyFootprintGoal==1 AND UseAdaptiveGCBoundary==1,0,1.0,1.0,1.0,28
normal,24192,UseAdaptiveGCBoundary = 1 AND UseAdaptiveSizeDecayMajorGCCost = 1 AND UseAdaptiveSizePolicy = 1,UseAdaptiveSizeDecayMajorGCCost==1 AND UseAdaptiveSizePolicy==1 AND UseAdaptiveGCBoundary==1,0,1.0,1.0,1.0,29
uniform,24192,UseAdaptiveGCBoundary = 1 AND UseAdaptiveSizeDecayMajorGCCost = 1 AND UseAdaptiveSizePolicy = 1,UseAdaptiveSizeDecayMajorGCCost==1 AND UseAdaptiveSizePolicy==1 AND UseAdaptiveGCBoundary==1,0,1.0,1.0,1.0,29
bi_modal_split,24192,UseAdaptiveGCBoundary = 1 AND UseAdaptiveSizeDecayMajorGCCost = 1 AND UseAdaptiveSizePolicy = 1,UseAdaptiveSizeDecayMajorGCCost==1 AND UseAdaptiveSizePolicy==1 AND UseAdaptiveGCBoundary==1,0,1.0,1.0,1.0,29
tri_modal_split,24192,UseAdaptiveGCBoundary = 1 AND UseAdaptiveSizeDecayMajorGCCost = 1 AND UseAdaptiveSizePolicy = 1,UseAdaptiveSizeDecayMajorGCCost==1 AND UseAdaptiveSizePolicy==1 AND UseAdaptiveGCBoundary==1,0,1.0,1.0,1.0,29
power_law,24192,UseAdaptiveGCBoundary = 1 AND UseAdaptiveSizeDecayMajorGCCost = 1 AND UseAdaptiveSizePolicy = 1,UseAdaptiveSizeDecayMajorGCCost==1 AND UseAdaptiveSizePolicy==1 AND UseAdaptiveGCBoundary==1,0,1.0,1.0,1.0,29
normal,24192,DisableExplicitGC = 1 AND UseAdaptiveSizeDecayMajorGCCost = 1 AND UseAdaptiveSizePolicy = 1,DisableExplicitGC==1 AND UseAdaptiveSizeDecayMajorGCCost==1 AND UseAdaptiveSizePolicy==1,0,1.0,1.0,1.0,2
uniform,24192,DisableExplicitGC = 1 AND UseAdaptiveSizeDecayMajorGCCost = 1 AND UseAdaptiveSizePolicy = 1,DisableExplicitGC==1 AND UseAdaptiveSizeDecayMajorGCCost==1 AND UseAdaptiveSizePolicy==1,0,1.0,1.0,1.0,2
bi_modal_split,24192,DisableExplicitGC = 1 AND UseAdaptiveSizeDecayMajorGCCost = 1 AND UseAdaptiveSizePolicy = 1,UseAdaptiveSizeDecayMajorGCCost==0,0,0.0,0.0,0.0,2
tri_modal_split,24192,DisableExplicitGC = 1 AND UseAdaptiveSizeDecayMajorGCCost = 1 AND UseAdaptiveSizePolicy = 1,DisableExplicitGC==1 AND UseAdaptiveSizeDecayMajorGCCost==1 AND UseAdaptiveSizePolicy==1,0,1.0,1.0,1.0,2
power_law,24192,DisableExplicitGC = 1 AND UseAdaptiveSizeDecayMajorGCCost = 1 AND UseAdaptiveSizePolicy = 1,DisableExplicitGC==1 AND UseAdaptiveSizeDecayMajorGCCost==1 AND UseAdaptiveSizePolicy==1,0,1.0,1.0,1.0,2
normal,24192,DisableExplicitGC = 1 AND UseAdaptiveGCBoundary = 1 AND UseAdaptiveSizePolicy = 1,DisableExplicitGC==1 AND UseAdaptiveSizePolicy==1 AND UseAdaptiveGCBoundary==1,0,1.0,1.0,1.0,30
uniform,24192,DisableExplicitGC = 1 AND UseAdaptiveGCBoundary = 1 AND UseAdaptiveSizePolicy = 1,DisableExplicitGC==1 AND UseAdaptiveSizePolicy==1 AND UseAdaptiveGCBoundary==1,0,1.0,1.0,1.0,30
bi_modal_split,24192,DisableExplicitGC = 1 AND UseAdaptiveGCBoundary = 1 AND UseAdaptiveSizePolicy = 1,DisableExplicitGC==1 AND UseAdaptiveSizePolicy==1 AND UseAdaptiveGCBoundary==1,0,1.0,1.0,1.0,30
tri_modal_split,24192,DisableExplicitGC = 1 AND UseAdaptiveGCBoundary = 1 AND UseAdaptiveSizePolicy = 1,DisableExplicitGC==1 AND UseAdaptiveSizePolicy==1 AND UseAdaptiveGCBoundary==1,0,1.0,1.0,1.0,30
power_law,24192,DisableExplicitGC = 1 AND UseAdaptiveGCBoundary = 1 AND UseAdaptiveSizePolicy = 1,DisableExplicitGC==1 AND UseAdaptiveSizePolicy==1 AND UseAdaptiveGCBoundary==1,0,1.0,1.0,1.0,30
normal,24192,DisableExplicitGC = 1 AND UseAdaptiveGCBoundary = 1 AND UseAdaptiveSizePolicy = 1,DisableExplicitGC==1 AND UseAdaptiveSizePolicy==1 AND UseAdaptiveGCBoundary==1,0,1.0,1.0,1.0,31
uniform,24192,DisableExplicitGC = 1 AND UseAdaptiveGCBoundary = 1 AND UseAdaptiveSizePolicy = 1,DisableExplicitGC==1 AND UseAdaptiveSizePolicy==1 AND UseAdaptiveGCBoundary==1,0,1.0,1.0,1.0,31
bi_modal_split,24192,DisableExplicitGC = 1 AND UseAdaptiveGCBoundary = 1 AND UseAdaptiveSizePolicy = 1,DisableExplicitGC==1 AND UseAdaptiveSizePolicy==1 AND UseAdaptiveGCBoundary==1,0,1.0,1.0,1.0,31
tri_modal_split,24192,DisableExplicitGC = 1 AND UseAdaptiveGCBoundary = 1 AND UseAdaptiveSizePolicy = 1,DisableExplicitGC==1 AND UseAdaptiveSizePolicy==1 AND UseAdaptiveGCBoundary==1,0,1.0,1.0,1.0,31
power_law,24192,DisableExplicitGC = 1 AND UseAdaptiveGCBoundary = 1 AND UseAdaptiveSizePolicy = 1,DisableExplicitGC==1 AND UseAdaptiveSizePolicy==1 AND UseAdaptiveGCBoundary==1,0,1.0,1.0,1.0,31
normal,24192,DisableExplicitGC = 1 AND UseAdaptiveGCBoundary = 1 AND UseAdaptiveSizeDecayMajorGCCost = 1,DisableExplicitGC==1 AND UseAdaptiveSizeDecayMajorGCCost==1 AND UseAdaptiveGCBoundary==1,0,1.0,1.0,1.0,32
uniform,24192,DisableExplicitGC = 1 AND UseAdaptiveGCBoundary = 1 AND UseAdaptiveSizeDecayMajorGCCost = 1,DisableExplicitGC==1 AND UseAdaptiveSizeDecayMajorGCCost==1 AND UseAdaptiveGCBoundary==1,0,1.0,1.0,1.0,32
bi_modal_split,24192,DisableExplicitGC = 1 AND UseAdaptiveGCBoundary = 1 AND UseAdaptiveSizeDecayMajorGCCost = 1,DisableExplicitGC==1 AND UseAdaptiveSizeDecayMajorGCCost==1 AND UseAdaptiveGCBoundary==1,0,1.0,1.0,1.0,32
tri_modal_split,24192,DisableExplicitGC = 1 AND UseAdaptiveGCBoundary = 1 AND UseAdaptiveSizeDecayMajorGCCost = 1,DisableExplicitGC==1 AND UseAdaptiveSizeDecayMajorGCCost==1 AND UseAdaptiveGCBoundary==1,0,1.0,1.0,1.0,32
power_law,24192,DisableExplicitGC = 1 AND UseAdaptiveGCBoundary = 1 AND UseAdaptiveSizeDecayMajorGCCost = 1,DisableExplicitGC==1 AND UseAdaptiveSizeDecayMajorGCCost==1 AND UseAdaptiveGCBoundary==1,0,1.0,1.0,1.0,32
normal,24192,DisableExplicitGC = 1 AND UseAdaptiveSizeDecayMajorGCCost = 1 AND UseAdaptiveSizePolicy = 1,DisableExplicitGC==1 AND UseAdaptiveSizeDecayMajorGCCost==1 AND UseAdaptiveSizePolicy==1,0,1.0,1.0,1.0,33
uniform,24192,DisableExplicitGC = 1 AND UseAdaptiveSizeDecayMajorGCCost = 1 AND UseAdaptiveSizePolicy = 1,DisableExplicitGC==1 AND UseAdaptiveSizeDecayMajorGCCost==1 AND UseAdaptiveSizePolicy==1,0,1.0,1.0,1.0,33
bi_modal_split,24192,DisableExplicitGC = 1 AND UseAdaptiveSizeDecayMajorGCCost = 1 AND UseAdaptiveSizePolicy = 1,DisableExplicitGC==1 AND UseAdaptiveSizeDecayMajorGCCost==1 AND UseAdaptiveSizePolicy==1,0,1.0,1.0,1.0,33
tri_modal_split,24192,DisableExplicitGC = 1 AND UseAdaptiveSizeDecayMajorGCCost = 1 AND UseAdaptiveSizePolicy = 1,DisableExplicitGC==1 AND UseAdaptiveSizeDecayMajorGCCost==1 AND UseAdaptiveSizePolicy==1,0,1.0,1.0,1.0,33
power_law,24192,DisableExplicitGC = 1 AND UseAdaptiveSizeDecayMajorGCCost = 1 AND UseAdaptiveSizePolicy = 1,DisableExplicitGC==1 AND UseAdaptiveSizeDecayMajorGCCost==1 AND UseAdaptiveSizePolicy==1,0,1.0,1.0,1.0,33
normal,24192,DisableExplicitGC = 1 AND UseAdaptiveSizeDecayMajorGCCost = 1 AND UseAdaptiveSizePolicyFootprintGoal = 1,DisableExplicitGC==0 AND UseAdaptiveSizePolicyFootprintGoal==1 AND TenuredGenerationSizeSupplement_70==0 AND UseAdaptiveGCBoundary==0,0,0.0,0.0,0.0,34
uniform,24192,DisableExplicitGC = 1 AND UseAdaptiveSizeDecayMajorGCCost = 1 AND UseAdaptiveSizePolicyFootprintGoal = 1,DisableExplicitGC==1 AND UseAdaptiveSizeDecayMajorGCCost==1 AND UseAdaptiveSizePolicyFootprintGoal==1,0,1.0,1.0,1.0,34
bi_modal_split,24192,DisableExplicitGC = 1 AND UseAdaptiveSizeDecayMajorGCCost = 1 AND UseAdaptiveSizePolicyFootprintGoal = 1,DisableExplicitGC==1 AND UseAdaptiveSizeDecayMajorGCCost==1 AND UseAdaptiveSizePolicyFootprintGoal==1,0,1.0,1.0,1.0,34
tri_modal_split,24192,DisableExplicitGC = 1 AND UseAdaptiveSizeDecayMajorGCCost = 1 AND UseAdaptiveSizePolicyFootprintGoal = 1,DisableExplicitGC==1 AND UseAdaptiveSizeDecayMajorGCCost==1 AND UseAdaptiveSizePolicyFootprintGoal==1,0,1.0,1.0,1.0,34
power_law,24192,DisableExplicitGC = 1 AND UseAdaptiveSizeDecayMajorGCCost = 1 AND UseAdaptiveSizePolicyFootprintGoal = 1,DisableExplicitGC==1 AND UseAdaptiveSizeDecayMajorGCCost==1 AND UseAdaptiveSizePolicyFootprintGoal==1,0,1.0,1.0,1.0,34
normal,24192,DisableExplicitGC = 1 AND UseAdaptiveGCBoundary = 1 AND UseAdaptiveSizePolicyFootprintGoal = 1,DisableExplicitGC==1 AND UseAdaptiveSizePolicyFootprintGoal==1 AND UseAdaptiveGCBoundary==1,0,1.0,1.0,1.0,35
uniform,24192,DisableExplicitGC = 1 AND UseAdaptiveGCBoundary = 1 AND UseAdaptiveSizePolicyFootprintGoal = 1,DisableExplicitGC==1 AND UseAdaptiveSizePolicyFootprintGoal==1 AND UseAdaptiveGCBoundary==1,0,1.0,1.0,1.0,35
bi_modal_split,24192,DisableExplicitGC = 1 AND UseAdaptiveGCBoundary = 1 AND UseAdaptiveSizePolicyFootprintGoal = 1,DisableExplicitGC==1 AND UseAdaptiveSizePolicyFootprintGoal==1 AND UseAdaptiveGCBoundary==1,0,1.0,1.0,1.0,35
tri_modal_split,24192,DisableExplicitGC = 1 AND UseAdaptiveGCBoundary = 1 AND UseAdaptiveSizePolicyFootprintGoal = 1,DisableExplicitGC==1 AND UseAdaptiveSizePolicyFootprintGoal==1 AND UseAdaptiveGCBoundary==1,0,1.0,1.0,1.0,35
power_law,24192,DisableExplicitGC = 1 AND UseAdaptiveGCBoundary = 1 AND UseAdaptiveSizePolicyFootprintGoal = 1,DisableExplicitGC==1 AND UseAdaptiveSizePolicyFootprintGoal==1 AND UseAdaptiveGCBoundary==1,0,1.0,1.0,1.0,35
normal,24192,DisableExplicitGC = 1 AND UseAdaptiveSizeDecayMajorGCCost = 1 AND UseAdaptiveSizePolicy = 1,DisableExplicitGC==1 AND UseAdaptiveSizeDecayMajorGCCost==1 AND UseAdaptiveSizePolicy==1,0,1.0,1.0,1.0,36
uniform,24192,DisableExplicitGC = 1 AND UseAdaptiveSizeDecayMajorGCCost = 1 AND UseAdaptiveSizePolicy = 1,DisableExplicitGC==1 AND UseAdaptiveSizeDecayMajorGCCost==1 AND UseAdaptiveSizePolicy==1,0,1.0,1.0,1.0,36
bi_modal_split,24192,DisableExplicitGC = 1 AND UseAdaptiveSizeDecayMajorGCCost = 1 AND UseAdaptiveSizePolicy = 1,DisableExplicitGC==1 AND UseAdaptiveSizeDecayMajorGCCost==1 AND UseAdaptiveSizePolicy==1,0,1.0,1.0,1.0,36
tri_modal_split,24192,DisableExplicitGC = 1 AND UseAdaptiveSizeDecayMajorGCCost = 1 AND UseAdaptiveSizePolicy = 1,DisableExplicitGC==1 AND UseAdaptiveSizeDecayMajorGCCost==1 AND UseAdaptiveSizePolicy==1,0,1.0,1.0,1.0,36
power_law,24192,DisableExplicitGC = 1 AND UseAdaptiveSizeDecayMajorGCCost = 1 AND UseAdaptiveSizePolicy = 1,DisableExplicitGC==1 AND UseAdaptiveSizeDecayMajorGCCost==1 AND UseAdaptiveSizePolicy==1,0,1.0,1.0,1.0,36
normal,24192,DisableExplicitGC = 1 AND UseAdaptiveSizePolicy = 1 AND UseAdaptiveSizePolicyFootprintGoal = 1,DisableExplicitGC==1 AND UseAdaptiveSizePolicy==1 AND UseAdaptiveSizePolicyFootprintGoal==1,0,1.0,1.0,1.0,37
uniform,24192,DisableExplicitGC = 1 AND UseAdaptiveSizePolicy = 1 AND UseAdaptiveSizePolicyFootprintGoal = 1,DisableExplicitGC==1 AND UseAdaptiveSizePolicy==1 AND UseAdaptiveSizePolicyFootprintGoal==1,0,1.0,1.0,1.0,37
bi_modal_split,24192,DisableExplicitGC = 1 AND UseAdaptiveSizePolicy = 1 AND UseAdaptiveSizePolicyFootprintGoal = 1,DisableExplicitGC==1 AND UseAdaptiveSizePolicy==1 AND UseAdaptiveSizePolicyFootprintGoal==1,0,1.0,1.0,1.0,37
tri_modal_split,24192,DisableExplicitGC = 1 AND UseAdaptiveSizePolicy = 1 AND UseAdaptiveSizePolicyFootprintGoal = 1,DisableExplicitGC==1 AND UseAdaptiveSizePolicy==1 AND UseAdaptiveSizePolicyFootprintGoal==1,0,1.0,1.0,1.0,37
power_law,24192,DisableExplicitGC = 1 AND UseAdaptiveSizePolicy = 1 AND UseAdaptiveSizePolicyFootprintGoal = 1,DisableExplicitGC==1 AND UseAdaptiveSizePolicy==1 AND UseAdaptiveSizePolicyFootprintGoal==1,0,1.0,1.0,1.0,37
normal,24192,DisableExplicitGC = 1 AND UseAdaptiveGCBoundary = 1 AND UseAdaptiveSizePolicyFootprintGoal = 1,DisableExplicitGC==1 AND UseAdaptiveSizePolicyFootprintGoal==1 AND UseAdaptiveGCBoundary==1,0,1.0,1.0,1.0,38
uniform,24192,DisableExplicitGC = 1 AND UseAdaptiveGCBoundary = 1 AND UseAdaptiveSizePolicyFootprintGoal = 1,DisableExplicitGC==1 AND UseAdaptiveSizePolicyFootprintGoal==1 AND UseAdaptiveGCBoundary==1,0,1.0,1.0,1.0,38
bi_modal_split,24192,DisableExplicitGC = 1 AND UseAdaptiveGCBoundary = 1 AND UseAdaptiveSizePolicyFootprintGoal = 1,DisableExplicitGC==1 AND UseAdaptiveSizePolicyFootprintGoal==1 AND UseAdaptiveGCBoundary==1,0,1.0,1.0,1.0,38
tri_modal_split,24192,DisableExplicitGC = 1 AND UseAdaptiveGCBoundary = 1 AND UseAdaptiveSizePolicyFootprintGoal = 1,DisableExplicitGC==1 AND UseAdaptiveSizePolicyFootprintGoal==1 AND UseAdaptiveGCBoundary==1,0,1.0,1.0,1.0,38
power_law,24192,DisableExplicitGC = 1 AND UseAdaptiveGCBoundary = 1 AND UseAdaptiveSizePolicyFootprintGoal = 1,DisableExplicitGC==1 AND UseAdaptiveSizePolicyFootprintGoal==1 AND UseAdaptiveGCBoundary==1,0,1.0,1.0,1.0,38
normal,24192,DisableExplicitGC = 1 AND UseAdaptiveSizeDecayMajorGCCost = 1 AND UseAdaptiveSizePolicy = 1,DisableExplicitGC==1 AND UseAdaptiveSizeDecayMajorGCCost==1 AND UseAdaptiveSizePolicy==1,0,1.0,1.0,1.0,39
uniform,24192,DisableExplicitGC = 1 AND UseAdaptiveSizeDecayMajorGCCost = 1 AND UseAdaptiveSizePolicy = 1,DisableExplicitGC==1 AND UseAdaptiveSizeDecayMajorGCCost==1 AND UseAdaptiveSizePolicy==1,0,1.0,1.0,1.0,39
bi_modal_split,24192,DisableExplicitGC = 1 AND UseAdaptiveSizeDecayMajorGCCost = 1 AND UseAdaptiveSizePolicy = 1,DisableExplicitGC==1 AND UseAdaptiveSizeDecayMajorGCCost==1 AND UseAdaptiveSizePolicy==1,0,1.0,1.0,1.0,39
tri_modal_split,24192,DisableExplicitGC = 1 AND UseAdaptiveSizeDecayMajorGCCost = 1 AND UseAdaptiveSizePolicy = 1,DisableExplicitGC==1 AND UseAdaptiveSizeDecayMajorGCCost==1 AND UseAdaptiveSizePolicy==1,0,1.0,1.0,1.0,39
power_law,24192,DisableExplicitGC = 1 AND UseAdaptiveSizeDecayMajorGCCost = 1 AND UseAdaptiveSizePolicy = 1,DisableExplicitGC==1 AND UseAdaptiveSizeDecayMajorGCCost==1 AND UseAdaptiveSizePolicy==1,0,1.0,1.0,1.0,39
normal,24192,UseAdaptiveGCBoundary = 1 AND UseAdaptiveSizeDecayMajorGCCost = 1 AND UseAdaptiveSizePolicyFootprintGoal = 1,UseAdaptiveSizeDecayMajorGCCost==1 AND UseAdaptiveSizePolicyFootprintGoal==1 AND UseAdaptiveGCBoundary==1,0,1.0,1.0,1.0,3
uniform,24192,UseAdaptiveGCBoundary = 1 AND UseAdaptiveSizeDecayMajorGCCost = 1 AND UseAdaptiveSizePolicyFootprintGoal = 1,UseAdaptiveSizeDecayMajorGCCost==1 AND UseAdaptiveSizePolicyFootprintGoal==1 AND UseAdaptiveGCBoundary==1,0,1.0,1.0,1.0,3
bi_modal_split,24192,UseAdaptiveGCBoundary = 1 AND UseAdaptiveSizeDecayMajorGCCost = 1 AND UseAdaptiveSizePolicyFootprintGoal = 1,UseAdaptiveSizeDecayMajorGCCost==1 AND UseAdaptiveSizePolicyFootprintGoal==1 AND UseAdaptiveGCBoundary==1,0,1.0,1.0,1.0,3
tri_modal_split,24192,UseAdaptiveGCBoundary = 1 AND UseAdaptiveSizeDecayMajorGCCost = 1 AND UseAdaptiveSizePolicyFootprintGoal = 1,UseAdaptiveSizeDecayMajorGCCost==1 AND UseAdaptiveSizePolicyFootprintGoal==1 AND UseAdaptiveGCBoundary==1,0,1.0,1.0,1.0,3
power_law,24192,UseAdaptiveGCBoundary = 1 AND UseAdaptiveSizeDecayMajorGCCost = 1 AND UseAdaptiveSizePolicyFootprintGoal = 1,DisableExplicitGC==1 AND UseAdaptiveSizePolicy==0 AND SurvivorRatio==21 AND TenuredGenerationSizeSupplement_70==0,0,0.04,0.125,0.0238095238095238,3
normal,24192,UseAdaptiveSizeDecayMajorGCCost = 1 AND UseAdaptiveSizePolicy = 1 AND UseAdaptiveSizePolicyFootprintGoal = 1,UseAdaptiveSizeDecayMajorGCCost==1 AND UseAdaptiveSizePolicy==1 AND UseAdaptiveSizePolicyFootprintGoal==1,0,1.0,1.0,1.0,40
uniform,24192,UseAdaptiveSizeDecayMajorGCCost = 1 AND UseAdaptiveSizePolicy = 1 AND UseAdaptiveSizePolicyFootprintGoal = 1,UseAdaptiveSizeDecayMajorGCCost==1 AND UseAdaptiveSizePolicy==1 AND UseAdaptiveSizePolicyFootprintGoal==1,0,1.0,1.0,1.0,40
bi_modal_split,24192,UseAdaptiveSizeDecayMajorGCCost = 1 AND UseAdaptiveSizePolicy = 1 AND UseAdaptiveSizePolicyFootprintGoal = 1,UseAdaptiveSizeDecayMajorGCCost==1 AND UseAdaptiveSizePolicy==1 AND UseAdaptiveSizePolicyFootprintGoal==1,0,1.0,1.0,1.0,40
tri_modal_split,24192,UseAdaptiveSizeDecayMajorGCCost = 1 AND UseAdaptiveSizePolicy = 1 AND UseAdaptiveSizePolicyFootprintGoal = 1,UseAdaptiveSizeDecayMajorGCCost==1 AND UseAdaptiveSizePolicy==1 AND UseAdaptiveSizePolicyFootprintGoal==1,0,1.0,1.0,1.0,40
power_law,24192,UseAdaptiveSizeDecayMajorGCCost = 1 AND UseAdaptiveSizePolicy = 1 AND UseAdaptiveSizePolicyFootprintGoal = 1,UseAdaptiveSizeDecayMajorGCCost==1 AND UseAdaptiveSizePolicy==1 AND UseAdaptiveSizePolicyFootprintGoal==1,0,1.0,1.0,1.0,40
normal,24192,DisableExplicitGC = 1 AND UseAdaptiveGCBoundary = 1 AND UseAdaptiveSizePolicy = 1,DisableExplicitGC==1 AND UseAdaptiveSizePolicy==1 AND UseAdaptiveGCBoundary==1,0,1.0,1.0,1.0,41
uniform,24192,DisableExplicitGC = 1 AND UseAdaptiveGCBoundary = 1 AND UseAdaptiveSizePolicy = 1,DisableExplicitGC==1 AND UseAdaptiveSizePolicy==1 AND UseAdaptiveGCBoundary==1,0,1.0,1.0,1.0,41
bi_modal_split,24192,DisableExplicitGC = 1 AND UseAdaptiveGCBoundary = 1 AND UseAdaptiveSizePolicy = 1,DisableExplicitGC==1 AND UseAdaptiveSizePolicy==1 AND UseAdaptiveGCBoundary==1,0,1.0,1.0,1.0,41
tri_modal_split,24192,DisableExplicitGC = 1 AND UseAdaptiveGCBoundary = 1 AND UseAdaptiveSizePolicy = 1,DisableExplicitGC==1 AND UseAdaptiveSizePolicy==1 AND UseAdaptiveGCBoundary==1,0,1.0,1.0,1.0,41
power_law,24192,DisableExplicitGC = 1 AND UseAdaptiveGCBoundary = 1 AND UseAdaptiveSizePolicy = 1,DisableExplicitGC==1 AND UseAdaptiveSizePolicy==1 AND UseAdaptiveGCBoundary==1,0,1.0,1.0,1.0,41
normal,24192,DisableExplicitGC = 1 AND UseAdaptiveSizeDecayMajorGCCost = 1 AND UseAdaptiveSizePolicy = 1,DisableExplicitGC==1 AND UseAdaptiveSizeDecayMajorGCCost==1 AND UseAdaptiveSizePolicy==1,0,1.0,1.0,1.0,42
uniform,24192,DisableExplicitGC = 1 AND UseAdaptiveSizeDecayMajorGCCost = 1 AND UseAdaptiveSizePolicy = 1,DisableExplicitGC==1 AND UseAdaptiveSizeDecayMajorGCCost==1 AND UseAdaptiveSizePolicy==1,0,1.0,1.0,1.0,42
bi_modal_split,24192,DisableExplicitGC = 1 AND UseAdaptiveSizeDecayMajorGCCost = 1 AND UseAdaptiveSizePolicy = 1,DisableExplicitGC==1 AND UseAdaptiveSizeDecayMajorGCCost==1 AND UseAdaptiveSizePolicy==1,0,1.0,1.0,1.0,42
tri_modal_split,24192,DisableExplicitGC = 1 AND UseAdaptiveSizeDecayMajorGCCost = 1 AND UseAdaptiveSizePolicy = 1,DisableExplicitGC==1 AND UseAdaptiveSizeDecayMajorGCCost==1 AND UseAdaptiveSizePolicy==1,0,1.0,1.0,1.0,42
power_law,24192,DisableExplicitGC = 1 AND UseAdaptiveSizeDecayMajorGCCost = 1 AND UseAdaptiveSizePolicy = 1,DisableExplicitGC==1 AND UseAdaptiveSizeDecayMajorGCCost==1 AND UseAdaptiveSizePolicy==1,0,1.0,1.0,1.0,42
normal,24192,DisableExplicitGC = 1 AND UseAdaptiveGCBoundary = 1 AND UseAdaptiveSizePolicy = 1,DisableExplicitGC==1 AND UseAdaptiveSizePolicy==1 AND UseAdaptiveGCBoundary==1,0,1.0,1.0,1.0,43
uniform,24192,DisableExplicitGC = 1 AND UseAdaptiveGCBoundary = 1 AND UseAdaptiveSizePolicy = 1,DisableExplicitGC==1 AND UseAdaptiveSizePolicy==1 AND UseAdaptiveGCBoundary==1,0,1.0,1.0,1.0,43
bi_modal_split,24192,DisableExplicitGC = 1 AND UseAdaptiveGCBoundary = 1 AND UseAdaptiveSizePolicy = 1,DisableExplicitGC==1 AND UseAdaptiveSizePolicy==1 AND UseAdaptiveGCBoundary==1,0,1.0,1.0,1.0,43
tri_modal_split,24192,DisableExplicitGC = 1 AND UseAdaptiveGCBoundary = 1 AND UseAdaptiveSizePolicy = 1,DisableExplicitGC==1 AND UseAdaptiveSizePolicy==1 AND UseAdaptiveGCBoundary==1,0,1.0,1.0,1.0,43
power_law,24192,DisableExplicitGC = 1 AND UseAdaptiveGCBoundary = 1 AND UseAdaptiveSizePolicy = 1,DisableExplicitGC==1 AND UseAdaptiveSizePolicy==1 AND UseAdaptiveGCBoundary==1,0,1.0,1.0,1.0,43
normal,24192,DisableExplicitGC = 1 AND UseAdaptiveSizeDecayMajorGCCost = 1 AND UseAdaptiveSizePolicyFootprintGoal = 1,DisableExplicitGC==1 AND UseAdaptiveSizeDecayMajorGCCost==1 AND UseAdaptiveSizePolicyFootprintGoal==1,0,1.0,1.0,1.0,44
uniform,24192,DisableExplicitGC = 1 AND UseAdaptiveSizeDecayMajorGCCost = 1 AND UseAdaptiveSizePolicyFootprintGoal = 1,DisableExplicitGC==1 AND UseAdaptiveSizeDecayMajorGCCost==1 AND UseAdaptiveSizePolicyFootprintGoal==1,0,1.0,1.0,1.0,44
bi_modal_split,24192,DisableExplicitGC = 1 AND UseAdaptiveSizeDecayMajorGCCost = 1 AND UseAdaptiveSizePolicyFootprintGoal = 1,DisableExplicitGC==1 AND UseAdaptiveSizeDecayMajorGCCost==1 AND UseAdaptiveSizePolicyFootprintGoal==1,0,1.0,1.0,1.0,44
tri_modal_split,24192,DisableExplicitGC = 1 AND UseAdaptiveSizeDecayMajorGCCost = 1 AND UseAdaptiveSizePolicyFootprintGoal = 1,DisableExplicitGC==1 AND UseAdaptiveSizeDecayMajorGCCost==1 AND UseAdaptiveSizePolicyFootprintGoal==1,0,1.0,1.0,1.0,44
power_law,24192,DisableExplicitGC = 1 AND UseAdaptiveSizeDecayMajorGCCost = 1 AND UseAdaptiveSizePolicyFootprintGoal = 1,DisableExplicitGC==1 AND UseAdaptiveSizeDecayMajorGCCost==1 AND UseAdaptiveSizePolicyFootprintGoal==1,0,1.0,1.0,1.0,44
normal,24192,DisableExplicitGC = 1 AND UseAdaptiveGCBoundary = 1 AND UseAdaptiveSizePolicy = 1,DisableExplicitGC==1 AND UseAdaptiveSizePolicy==1 AND UseAdaptiveGCBoundary==1,0,1.0,1.0,1.0,45
uniform,24192,DisableExplicitGC = 1 AND UseAdaptiveGCBoundary = 1 AND UseAdaptiveSizePolicy = 1,DisableExplicitGC==1 AND UseAdaptiveSizePolicy==1 AND UseAdaptiveGCBoundary==1,0,1.0,1.0,1.0,45
bi_modal_split,24192,DisableExplicitGC = 1 AND UseAdaptiveGCBoundary = 1 AND UseAdaptiveSizePolicy = 1,DisableExplicitGC==1 AND UseAdaptiveSizePolicy==1 AND UseAdaptiveGCBoundary==1,0,1.0,1.0,1.0,45
tri_modal_split,24192,DisableExplicitGC = 1 AND UseAdaptiveGCBoundary = 1 AND UseAdaptiveSizePolicy = 1,DisableExplicitGC==1 AND UseAdaptiveSizePolicy==1 AND UseAdaptiveGCBoundary==1,0,1.0,1.0,1.0,45
power_law,24192,DisableExplicitGC = 1 AND UseAdaptiveGCBoundary = 1 AND UseAdaptiveSizePolicy = 1,NewRatio==2 AND SurvivorRatio==16 AND TenuredGenerationSizeSupplement_70==0 AND TenuredGenerationSizeSupplement_90==0,3,0.0149253731343283,0.125,0.0079365079365079,45
normal,24192,UseAdaptiveSizeDecayMajorGCCost = 1 AND UseAdaptiveSizePolicy = 1 AND UseAdaptiveSizePolicyFootprintGoal = 1,UseAdaptiveSizeDecayMajorGCCost==1 AND UseAdaptiveSizePolicy==1 AND UseAdaptiveSizePolicyFootprintGoal==1,0,1.0,1.0,1.0,46
uniform,24192,UseAdaptiveSizeDecayMajorGCCost = 1 AND UseAdaptiveSizePolicy = 1 AND UseAdaptiveSizePolicyFootprintGoal = 1,UseAdaptiveSizeDecayMajorGCCost==1 AND UseAdaptiveSizePolicy==1 AND UseAdaptiveSizePolicyFootprintGoal==1,0,1.0,1.0,1.0,46
bi_modal_split,24192,UseAdaptiveSizeDecayMajorGCCost = 1 AND UseAdaptiveSizePolicy = 1 AND UseAdaptiveSizePolicyFootprintGoal = 1,UseAdaptiveSizeDecayMajorGCCost==1 AND UseAdaptiveSizePolicy==1 AND UseAdaptiveSizePolicyFootprintGoal==1,0,1.0,1.0,1.0,46
tri_modal_split,24192,UseAdaptiveSizeDecayMajorGCCost = 1 AND UseAdaptiveSizePolicy = 1 AND UseAdaptiveSizePolicyFootprintGoal = 1,UseAdaptiveSizeDecayMajorGCCost==1 AND UseAdaptiveSizePolicy==1 AND UseAdaptiveSizePolicyFootprintGoal==1,0,1.0,1.0,1.0,46
power_law,24192,UseAdaptiveSizeDecayMajorGCCost = 1 AND UseAdaptiveSizePolicy = 1 AND UseAdaptiveSizePolicyFootprintGoal = 1,UseAdaptiveSizeDecayMajorGCCost==1 AND UseAdaptiveSizePolicy==1 AND UseAdaptiveSizePolicyFootprintGoal==1,0,1.0,1.0,1.0,46
normal,24192,DisableExplicitGC = 1 AND UseAdaptiveGCBoundary = 1 AND UseAdaptiveSizePolicy = 1,DisableExplicitGC==1 AND UseAdaptiveSizePolicy==1 AND UseAdaptiveGCBoundary==1,0,1.0,1.0,1.0,47
uniform,24192,DisableExplicitGC = 1 AND UseAdaptiveGCBoundary = 1 AND UseAdaptiveSizePolicy = 1,DisableExplicitGC==1 AND UseAdaptiveSizePolicy==1 AND UseAdaptiveGCBoundary==1,0,1.0,1.0,1.0,47
bi_modal_split,24192,DisableExplicitGC = 1 AND UseAdaptiveGCBoundary = 1 AND UseAdaptiveSizePolicy = 1,DisableExplicitGC==1 AND UseAdaptiveSizePolicy==1 AND UseAdaptiveGCBoundary==1,0,1.0,1.0,1.0,47
tri_modal_split,24192,DisableExplicitGC = 1 AND UseAdaptiveGCBoundary = 1 AND UseAdaptiveSizePolicy = 1,DisableExplicitGC==1 AND UseAdaptiveSizePolicy==1 AND UseAdaptiveGCBoundary==1,0,1.0,1.0,1.0,47
power_law,24192,DisableExplicitGC = 1 AND UseAdaptiveGCBoundary = 1 AND UseAdaptiveSizePolicy = 1,DisableExplicitGC==1 AND UseAdaptiveSizePolicy==1 AND UseAdaptiveGCBoundary==1,0,1.0,1.0,1.0,47
normal,24192,DisableExplicitGC = 1 AND UseAdaptiveGCBoundary = 1 AND UseAdaptiveSizePolicyFootprintGoal = 1,DisableExplicitGC==1 AND UseAdaptiveSizePolicyFootprintGoal==1 AND UseAdaptiveGCBoundary==1,0,1.0,1.0,1.0,48
uniform,24192,DisableExplicitGC = 1 AND UseAdaptiveGCBoundary = 1 AND UseAdaptiveSizePolicyFootprintGoal = 1,DisableExplicitGC==1 AND UseAdaptiveSizePolicyFootprintGoal==1 AND UseAdaptiveGCBoundary==1,0,1.0,1.0,1.0,48
bi_modal_split,24192,DisableExplicitGC = 1 AND UseAdaptiveGCBoundary = 1 AND UseAdaptiveSizePolicyFootprintGoal = 1,DisableExplicitGC==1 AND UseAdaptiveSizePolicyFootprintGoal==1 AND UseAdaptiveGCBoundary==1,0,1.0,1.0,1.0,48
tri_modal_split,24192,DisableExplicitGC = 1 AND UseAdaptiveGCBoundary = 1 AND UseAdaptiveSizePolicyFootprintGoal = 1,DisableExplicitGC==1 AND UseAdaptiveSizePolicyFootprintGoal==1 AND UseAdaptiveGCBoundary==1,0,1.0,1.0,1.0,48
power_law,24192,DisableExplicitGC = 1 AND UseAdaptiveGCBoundary = 1 AND UseAdaptiveSizePolicyFootprintGoal = 1,DisableExplicitGC==1 AND UseAdaptiveSizePolicyFootprintGoal==1 AND UseAdaptiveGCBoundary==1,0,1.0,1.0,1.0,48
normal,24192,DisableExplicitGC = 1 AND UseAdaptiveGCBoundary = 1 AND UseAdaptiveSizePolicyFootprintGoal = 1,DisableExplicitGC==1 AND UseAdaptiveSizePolicyFootprintGoal==1 AND UseAdaptiveGCBoundary==1,0,1.0,1.0,1.0,49
uniform,24192,DisableExplicitGC = 1 AND UseAdaptiveGCBoundary = 1 AND UseAdaptiveSizePolicyFootprintGoal = 1,DisableExplicitGC==1 AND UseAdaptiveSizePolicyFootprintGoal==1 AND UseAdaptiveGCBoundary==1,0,1.0,1.0,1.0,49
bi_modal_split,24192,DisableExplicitGC = 1 AND UseAdaptiveGCBoundary = 1 AND UseAdaptiveSizePolicyFootprintGoal = 1,DisableExplicitGC==1 AND UseAdaptiveSizePolicyFootprintGoal==1 AND UseAdaptiveGCBoundary==1,0,1.0,1.0,1.0,49
tri_modal_split,24192,DisableExplicitGC = 1 AND UseAdaptiveGCBoundary = 1 AND UseAdaptiveSizePolicyFootprintGoal = 1,DisableExplicitGC==1 AND UseAdaptiveSizePolicyFootprintGoal==1 AND UseAdaptiveGCBoundary==1,0,1.0,1.0,1.0,49
power_law,24192,DisableExplicitGC = 1 AND UseAdaptiveGCBoundary = 1 AND UseAdaptiveSizePolicyFootprintGoal = 1,DisableExplicitGC==1 AND UseAdaptiveSizePolicyFootprintGoal==1 AND UseAdaptiveGCBoundary==1,0,1.0,1.0,1.0,49
normal,24192,DisableExplicitGC = 1 AND UseAdaptiveSizePolicy = 1 AND UseAdaptiveSizePolicyFootprintGoal = 1,DisableExplicitGC==1 AND UseAdaptiveSizePolicy==1 AND UseAdaptiveSizePolicyFootprintGoal==1,0,1.0,1.0,1.0,4
uniform,24192,DisableExplicitGC = 1 AND UseAdaptiveSizePolicy = 1 AND UseAdaptiveSizePolicyFootprintGoal = 1,DisableExplicitGC==1 AND UseAdaptiveSizePolicy==1 AND UseAdaptiveSizePolicyFootprintGoal==1,0,1.0,1.0,1.0,4
bi_modal_split,24192,DisableExplicitGC = 1 AND UseAdaptiveSizePolicy = 1 AND UseAdaptiveSizePolicyFootprintGoal = 1,UseAdaptiveSizePolicy==0,0,0.0,0.0,0.0,4
tri_modal_split,24192,DisableExplicitGC = 1 AND UseAdaptiveSizePolicy = 1 AND UseAdaptiveSizePolicyFootprintGoal = 1,DisableExplicitGC==1 AND UseAdaptiveSizePolicy==1 AND UseAdaptiveSizePolicyFootprintGoal==1,0,1.0,1.0,1.0,4
power_law,24192,DisableExplicitGC = 1 AND UseAdaptiveSizePolicy = 1 AND UseAdaptiveSizePolicyFootprintGoal = 1,DisableExplicitGC==1 AND UseAdaptiveSizePolicy==1 AND UseAdaptiveSizePolicyFootprintGoal==1,0,1.0,1.0,1.0,4
normal,24192,UseAdaptiveGCBoundary = 1 AND UseAdaptiveSizeDecayMajorGCCost = 1 AND UseAdaptiveSizePolicy = 1,UseAdaptiveSizeDecayMajorGCCost==1 AND UseAdaptiveSizePolicy==1 AND UseAdaptiveGCBoundary==1,0,1.0,1.0,1.0,50
uniform,24192,UseAdaptiveGCBoundary = 1 AND UseAdaptiveSizeDecayMajorGCCost = 1 AND UseAdaptiveSizePolicy = 1,UseAdaptiveSizeDecayMajorGCCost==1 AND UseAdaptiveSizePolicy==1 AND UseAdaptiveGCBoundary==1,0,1.0,1.0,1.0,50
bi_modal_split,24192,UseAdaptiveGCBoundary = 1 AND UseAdaptiveSizeDecayMajorGCCost = 1 AND UseAdaptiveSizePolicy = 1,UseAdaptiveSizeDecayMajorGCCost==1 AND UseAdaptiveSizePolicy==1 AND UseAdaptiveGCBoundary==1,0,1.0,1.0,1.0,50
tri_modal_split,24192,UseAdaptiveGCBoundary = 1 AND UseAdaptiveSizeDecayMajorGCCost = 1 AND UseAdaptiveSizePolicy = 1,UseAdaptiveSizeDecayMajorGCCost==1 AND UseAdaptiveSizePolicy==1 AND UseAdaptiveGCBoundary==1,0,1.0,1.0,1.0,50
power_law,24192,UseAdaptiveGCBoundary = 1 AND UseAdaptiveSizeDecayMajorGCCost = 1 AND UseAdaptiveSizePolicy = 1,UseAdaptiveSizeDecayMajorGCCost==1 AND UseAdaptiveSizePolicy==1 AND UseAdaptiveGCBoundary==1,0,1.0,1.0,1.0,50
normal,24192,DisableExplicitGC = 1 AND UseAdaptiveGCBoundary = 1 AND UseAdaptiveSizePolicyFootprintGoal = 1,DisableExplicitGC==1 AND UseAdaptiveSizePolicyFootprintGoal==1 AND UseAdaptiveGCBoundary==1,0,1.0,1.0,1.0,51
uniform,24192,DisableExplicitGC = 1 AND UseAdaptiveGCBoundary = 1 AND UseAdaptiveSizePolicyFootprintGoal = 1,DisableExplicitGC==1 AND UseAdaptiveSizePolicyFootprintGoal==1 AND UseAdaptiveGCBoundary==1,0,1.0,1.0,1.0,51
bi_modal_split,24192,DisableExplicitGC = 1 AND UseAdaptiveGCBoundary = 1 AND UseAdaptiveSizePolicyFootprintGoal = 1,DisableExplicitGC==1 AND UseAdaptiveSizePolicyFootprintGoal==1 AND UseAdaptiveGCBoundary==1,0,1.0,1.0,1.0,51
tri_modal_split,24192,DisableExplicitGC = 1 AND UseAdaptiveGCBoundary = 1 AND UseAdaptiveSizePolicyFootprintGoal = 1,DisableExplicitGC==1 AND UseAdaptiveSizePolicyFootprintGoal==1 AND UseAdaptiveGCBoundary==1,0,1.0,1.0,1.0,51
power_law,24192,DisableExplicitGC = 1 AND UseAdaptiveGCBoundary = 1 AND UseAdaptiveSizePolicyFootprintGoal = 1,DisableExplicitGC==1 AND UseAdaptiveSizePolicyFootprintGoal==1 AND UseAdaptiveGCBoundary==1,0,1.0,1.0,1.0,51
normal,24192,DisableExplicitGC = 1 AND UseAdaptiveGCBoundary = 1 AND UseAdaptiveSizePolicy = 1,DisableExplicitGC==1 AND UseAdaptiveSizePolicy==1 AND UseAdaptiveGCBoundary==1,0,1.0,1.0,1.0,52
uniform,24192,DisableExplicitGC = 1 AND UseAdaptiveGCBoundary = 1 AND UseAdaptiveSizePolicy = 1,DisableExplicitGC==1 AND UseAdaptiveSizePolicy==1 AND UseAdaptiveGCBoundary==1,0,1.0,1.0,1.0,52
bi_modal_split,24192,DisableExplicitGC = 1 AND UseAdaptiveGCBoundary = 1 AND UseAdaptiveSizePolicy = 1,DisableExplicitGC==1 AND UseAdaptiveSizePolicy==1 AND UseAdaptiveGCBoundary==1,0,1.0,1.0,1.0,52
tri_modal_split,24192,DisableExplicitGC = 1 AND UseAdaptiveGCBoundary = 1 AND UseAdaptiveSizePolicy = 1,DisableExplicitGC==1 AND UseAdaptiveSizePolicy==1 AND UseAdaptiveGCBoundary==1,0,1.0,1.0,1.0,52
power_law,24192,DisableExplicitGC = 1 AND UseAdaptiveGCBoundary = 1 AND UseAdaptiveSizePolicy = 1,DisableExplicitGC==0 AND UseAdaptiveSizePolicy==1 AND MinSurvivorRatio==4 AND TenuredGenerationSizeSupplement_90==0,0,0.0,0.0,0.0,52
normal,24192,UseAdaptiveSizeDecayMajorGCCost = 1 AND UseAdaptiveSizePolicy = 1 AND UseAdaptiveSizePolicyFootprintGoal = 1,UseAdaptiveSizeDecayMajorGCCost==1 AND UseAdaptiveSizePolicy==1 AND UseAdaptiveSizePolicyFootprintGoal==1,0,1.0,1.0,1.0,53
uniform,24192,UseAdaptiveSizeDecayMajorGCCost = 1 AND UseAdaptiveSizePolicy = 1 AND UseAdaptiveSizePolicyFootprintGoal = 1,UseAdaptiveSizeDecayMajorGCCost==1 AND UseAdaptiveSizePolicy==1 AND UseAdaptiveSizePolicyFootprintGoal==1,0,1.0,1.0,1.0,53
bi_modal_split,24192,UseAdaptiveSizeDecayMajorGCCost = 1 AND UseAdaptiveSizePolicy = 1 AND UseAdaptiveSizePolicyFootprintGoal = 1,UseAdaptiveSizeDecayMajorGCCost==1 AND UseAdaptiveSizePolicy==1 AND UseAdaptiveSizePolicyFootprintGoal==1,0,1.0,1.0,1.0,53
tri_modal_split,24192,UseAdaptiveSizeDecayMajorGCCost = 1 AND UseAdaptiveSizePolicy = 1 AND UseAdaptiveSizePolicyFootprintGoal = 1,UseAdaptiveSizeDecayMajorGCCost==1 AND UseAdaptiveSizePolicy==1 AND UseAdaptiveSizePolicyFootprintGoal==1,0,1.0,1.0,1.0,53
power_law,24192,UseAdaptiveSizeDecayMajorGCCost = 1 AND UseAdaptiveSizePolicy = 1 AND UseAdaptiveSizePolicyFootprintGoal = 1,UseAdaptiveSizeDecayMajorGCCost==1 AND UseAdaptiveSizePolicy==1 AND UseAdaptiveSizePolicyFootprintGoal==1,0,1.0,1.0,1.0,53
normal,24192,DisableExplicitGC = 1 AND UseAdaptiveGCBoundary = 1 AND UseAdaptiveSizeDecayMajorGCCost = 1,DisableExplicitGC==1 AND UseAdaptiveSizeDecayMajorGCCost==1 AND UseAdaptiveGCBoundary==1,0,1.0,1.0,1.0,54
uniform,24192,DisableExplicitGC = 1 AND UseAdaptiveGCBoundary = 1 AND UseAdaptiveSizeDecayMajorGCCost = 1,DisableExplicitGC==1 AND UseAdaptiveSizeDecayMajorGCCost==1 AND UseAdaptiveGCBoundary==1,0,1.0,1.0,1.0,54
bi_modal_split,24192,DisableExplicitGC = 1 AND UseAdaptiveGCBoundary = 1 AND UseAdaptiveSizeDecayMajorGCCost = 1,DisableExplicitGC==1 AND UseAdaptiveSizeDecayMajorGCCost==1 AND UseAdaptiveGCBoundary==1,0,1.0,1.0,1.0,54
tri_modal_split,24192,DisableExplicitGC = 1 AND UseAdaptiveGCBoundary = 1 AND UseAdaptiveSizeDecayMajorGCCost = 1,DisableExplicitGC==1 AND UseAdaptiveSizeDecayMajorGCCost==1 AND UseAdaptiveGCBoundary==1,0,1.0,1.0,1.0,54
power_law,24192,DisableExplicitGC = 1 AND UseAdaptiveGCBoundary = 1 AND UseAdaptiveSizeDecayMajorGCCost = 1,DisableExplicitGC==1 AND UseAdaptiveSizeDecayMajorGCCost==1 AND UseAdaptiveGCBoundary==1,0,1.0,1.0,1.0,54
normal,24192,DisableExplicitGC = 1 AND UseAdaptiveSizePolicy = 1 AND UseAdaptiveSizePolicyFootprintGoal = 1,DisableExplicitGC==1 AND UseAdaptiveSizePolicy==1 AND UseAdaptiveSizePolicyFootprintGoal==1,0,1.0,1.0,1.0,55
uniform,24192,DisableExplicitGC = 1 AND UseAdaptiveSizePolicy = 1 AND UseAdaptiveSizePolicyFootprintGoal = 1,DisableExplicitGC==1 AND UseAdaptiveSizePolicy==1 AND UseAdaptiveSizePolicyFootprintGoal==1,0,1.0,1.0,1.0,55
bi_modal_split,24192,DisableExplicitGC = 1 AND UseAdaptiveSizePolicy = 1 AND UseAdaptiveSizePolicyFootprintGoal = 1,DisableExplicitGC==1 AND UseAdaptiveSizePolicy==1 AND UseAdaptiveSizePolicyFootprintGoal==1,0,1.0,1.0,1.0,55
tri_modal_split,24192,DisableExplicitGC = 1 AND UseAdaptiveSizePolicy = 1 AND UseAdaptiveSizePolicyFootprintGoal = 1,DisableExplicitGC==1 AND UseAdaptiveSizePolicy==1 AND UseAdaptiveSizePolicyFootprintGoal==1,0,1.0,1.0,1.0,55
power_law,24192,DisableExplicitGC = 1 AND UseAdaptiveSizePolicy = 1 AND UseAdaptiveSizePolicyFootprintGoal = 1,DisableExplicitGC==1 AND UseAdaptiveSizePolicy==1 AND UseAdaptiveSizePolicyFootprintGoal==1,0,1.0,1.0,1.0,55
normal,24192,UseAdaptiveSizeDecayMajorGCCost = 1 AND UseAdaptiveSizePolicy = 1 AND UseAdaptiveSizePolicyFootprintGoal = 1,UseAdaptiveSizeDecayMajorGCCost==0,0,0.0,0.0,0.0,56
uniform,24192,UseAdaptiveSizeDecayMajorGCCost = 1 AND UseAdaptiveSizePolicy = 1 AND UseAdaptiveSizePolicyFootprintGoal = 1,UseAdaptiveSizeDecayMajorGCCost==1 AND UseAdaptiveSizePolicy==1 AND UseAdaptiveSizePolicyFootprintGoal==1,0,1.0,1.0,1.0,56
bi_modal_split,24192,UseAdaptiveSizeDecayMajorGCCost = 1 AND UseAdaptiveSizePolicy = 1 AND UseAdaptiveSizePolicyFootprintGoal = 1,UseAdaptiveSizeDecayMajorGCCost==1 AND UseAdaptiveSizePolicy==1 AND UseAdaptiveSizePolicyFootprintGoal==1,0,1.0,1.0,1.0,56
tri_modal_split,24192,UseAdaptiveSizeDecayMajorGCCost = 1 AND UseAdaptiveSizePolicy = 1 AND UseAdaptiveSizePolicyFootprintGoal = 1,UseAdaptiveSizeDecayMajorGCCost==1 AND UseAdaptiveSizePolicy==1 AND UseAdaptiveSizePolicyFootprintGoal==1,0,1.0,1.0,1.0,56
power_law,24192,UseAdaptiveSizeDecayMajorGCCost = 1 AND UseAdaptiveSizePolicy = 1 AND UseAdaptiveSizePolicyFootprintGoal = 1,UseAdaptiveSizeDecayMajorGCCost==1 AND UseAdaptiveSizePolicy==1 AND UseAdaptiveSizePolicyFootprintGoal==1,0,1.0,1.0,1.0,56
normal,24192,DisableExplicitGC = 1 AND UseAdaptiveGCBoundary = 1 AND UseAdaptiveSizePolicy = 1,DisableExplicitGC==1 AND UseAdaptiveSizePolicy==1 AND UseAdaptiveGCBoundary==1,0,1.0,1.0,1.0,57
uniform,24192,DisableExplicitGC = 1 AND UseAdaptiveGCBoundary = 1 AND UseAdaptiveSizePolicy = 1,DisableExplicitGC==1 AND UseAdaptiveSizePolicy==1 AND UseAdaptiveGCBoundary==1,0,1.0,1.0,1.0,57
bi_modal_split,24192,DisableExplicitGC = 1 AND UseAdaptiveGCBoundary = 1 AND UseAdaptiveSizePolicy = 1,DisableExplicitGC==1 AND UseAdaptiveSizePolicy==1 AND UseAdaptiveGCBoundary==1,0,1.0,1.0,1.0,57
tri_modal_split,24192,DisableExplicitGC = 1 AND UseAdaptiveGCBoundary = 1 AND UseAdaptiveSizePolicy = 1,DisableExplicitGC==1 AND UseAdaptiveSizePolicy==1 AND UseAdaptiveGCBoundary==1,0,1.0,1.0,1.0,57
power_law,24192,DisableExplicitGC = 1 AND UseAdaptiveGCBoundary = 1 AND UseAdaptiveSizePolicy = 1,DisableExplicitGC==1 AND UseAdaptiveSizePolicy==1 AND UseAdaptiveGCBoundary==1,0,1.0,1.0,1.0,57
normal,24192,DisableExplicitGC = 1 AND UseAdaptiveGCBoundary = 1 AND UseAdaptiveSizePolicyFootprintGoal = 1,DisableExplicitGC==1 AND UseAdaptiveSizePolicyFootprintGoal==1 AND UseAdaptiveGCBoundary==1,0,1.0,1.0,1.0,58
uniform,24192,DisableExplicitGC = 1 AND UseAdaptiveGCBoundary = 1 AND UseAdaptiveSizePolicyFootprintGoal = 1,DisableExplicitGC==1 AND UseAdaptiveSizePolicyFootprintGoal==1 AND UseAdaptiveGCBoundary==1,0,1.0,1.0,1.0,58
bi_modal_split,24192,DisableExplicitGC = 1 AND UseAdaptiveGCBoundary = 1 AND UseAdaptiveSizePolicyFootprintGoal = 1,DisableExplicitGC==1 AND UseAdaptiveSizePolicyFootprintGoal==1 AND UseAdaptiveGCBoundary==1,0,1.0,1.0,1.0,58
tri_modal_split,24192,DisableExplicitGC = 1 AND UseAdaptiveGCBoundary = 1 AND UseAdaptiveSizePolicyFootprintGoal = 1,DisableExplicitGC==1 AND UseAdaptiveSizePolicyFootprintGoal==1 AND UseAdaptiveGCBoundary==1,0,1.0,1.0,1.0,58
power_law,24192,DisableExplicitGC = 1 AND UseAdaptiveGCBoundary = 1 AND UseAdaptiveSizePolicyFootprintGoal = 1,DisableExplicitGC==1 AND UseAdaptiveSizePolicyFootprintGoal==1 AND UseAdaptiveGCBoundary==1,0,1.0,1.0,1.0,58
normal,24192,UseAdaptiveGCBoundary = 1 AND UseAdaptiveSizePolicy = 1 AND UseAdaptiveSizePolicyFootprintGoal = 1,UseAdaptiveSizePolicy==1 AND UseAdaptiveSizePolicyFootprintGoal==1 AND UseAdaptiveGCBoundary==1,0,1.0,1.0,1.0,59
uniform,24192,UseAdaptiveGCBoundary = 1 AND UseAdaptiveSizePolicy = 1 AND UseAdaptiveSizePolicyFootprintGoal = 1,UseAdaptiveSizePolicy==1 AND UseAdaptiveSizePolicyFootprintGoal==1 AND UseAdaptiveGCBoundary==1,0,1.0,1.0,1.0,59
bi_modal_split,24192,UseAdaptiveGCBoundary = 1 AND UseAdaptiveSizePolicy = 1 AND UseAdaptiveSizePolicyFootprintGoal = 1,UseAdaptiveSizePolicy==1 AND UseAdaptiveSizePolicyFootprintGoal==1 AND UseAdaptiveGCBoundary==1,0,1.0,1.0,1.0,59
tri_modal_split,24192,UseAdaptiveGCBoundary = 1 AND UseAdaptiveSizePolicy = 1 AND UseAdaptiveSizePolicyFootprintGoal = 1,UseAdaptiveSizePolicy==1 AND UseAdaptiveSizePolicyFootprintGoal==1 AND UseAdaptiveGCBoundary==1,0,1.0,1.0,1.0,59
power_law,24192,UseAdaptiveGCBoundary = 1 AND UseAdaptiveSizePolicy = 1 AND UseAdaptiveSizePolicyFootprintGoal = 1,UseAdaptiveSizePolicy==1 AND UseAdaptiveSizePolicyFootprintGoal==1 AND UseAdaptiveGCBoundary==1,0,1.0,1.0,1.0,59
normal,24192,DisableExplicitGC = 1 AND UseAdaptiveSizeDecayMajorGCCost = 1 AND UseAdaptiveSizePolicy = 1,DisableExplicitGC==1 AND UseAdaptiveSizeDecayMajorGCCost==1 AND UseAdaptiveSizePolicy==1,0,1.0,1.0,1.0,5
uniform,24192,DisableExplicitGC = 1 AND UseAdaptiveSizeDecayMajorGCCost = 1 AND UseAdaptiveSizePolicy = 1,DisableExplicitGC==1 AND UseAdaptiveSizeDecayMajorGCCost==1 AND UseAdaptiveSizePolicy==1,0,1.0,1.0,1.0,5
bi_modal_split,24192,DisableExplicitGC = 1 AND UseAdaptiveSizeDecayMajorGCCost = 1 AND UseAdaptiveSizePolicy = 1,DisableExplicitGC==1 AND UseAdaptiveSizeDecayMajorGCCost==1 AND UseAdaptiveSizePolicy==1,0,1.0,1.0,1.0,5
tri_modal_split,24192,DisableExplicitGC = 1 AND UseAdaptiveSizeDecayMajorGCCost = 1 AND UseAdaptiveSizePolicy = 1,DisableExplicitGC==1 AND UseAdaptiveSizeDecayMajorGCCost==1 AND UseAdaptiveSizePolicy==1,0,1.0,1.0,1.0,5
power_law,24192,DisableExplicitGC = 1 AND UseAdaptiveSizeDecayMajorGCCost = 1 AND UseAdaptiveSizePolicy = 1,DisableExplicitGC==1 AND UseAdaptiveSizeDecayMajorGCCost==1 AND UseAdaptiveSizePolicy==1,0,1.0,1.0,1.0,5
normal,24192,UseAdaptiveGCBoundary = 1 AND UseAdaptiveSizeDecayMajorGCCost = 1 AND UseAdaptiveSizePolicyFootprintGoal = 1,UseAdaptiveSizeDecayMajorGCCost==1 AND UseAdaptiveSizePolicyFootprintGoal==1 AND UseAdaptiveGCBoundary==1,0,1.0,1.0,1.0,60
uniform,24192,UseAdaptiveGCBoundary = 1 AND UseAdaptiveSizeDecayMajorGCCost = 1 AND UseAdaptiveSizePolicyFootprintGoal = 1,UseAdaptiveSizeDecayMajorGCCost==1 AND UseAdaptiveSizePolicyFootprintGoal==1 AND UseAdaptiveGCBoundary==1,0,1.0,1.0,1.0,60
bi_modal_split,24192,UseAdaptiveGCBoundary = 1 AND UseAdaptiveSizeDecayMajorGCCost = 1 AND UseAdaptiveSizePolicyFootprintGoal = 1,UseAdaptiveSizeDecayMajorGCCost==1 AND UseAdaptiveSizePolicyFootprintGoal==1 AND UseAdaptiveGCBoundary==1,0,1.0,1.0,1.0,60
tri_modal_split,24192,UseAdaptiveGCBoundary = 1 AND UseAdaptiveSizeDecayMajorGCCost = 1 AND UseAdaptiveSizePolicyFootprintGoal = 1,UseAdaptiveSizeDecayMajorGCCost==1 AND UseAdaptiveSizePolicyFootprintGoal==1 AND UseAdaptiveGCBoundary==1,0,1.0,1.0,1.0,60
power_law,24192,UseAdaptiveGCBoundary = 1 AND UseAdaptiveSizeDecayMajorGCCost = 1 AND UseAdaptiveSizePolicyFootprintGoal = 1,UseAdaptiveSizeDecayMajorGCCost==1 AND UseAdaptiveSizePolicyFootprintGoal==1 AND UseAdaptiveGCBoundary==1,0,1.0,1.0,1.0,60
normal,24192,DisableExplicitGC = 1 AND UseAdaptiveGCBoundary = 1 AND UseAdaptiveSizePolicy = 1,DisableExplicitGC==1 AND UseAdaptiveSizePolicy==1 AND UseAdaptiveGCBoundary==1,0,1.0,1.0,1.0,61
uniform,24192,DisableExplicitGC = 1 AND UseAdaptiveGCBoundary = 1 AND UseAdaptiveSizePolicy = 1,DisableExplicitGC==1 AND UseAdaptiveSizePolicy==1 AND UseAdaptiveGCBoundary==1,0,1.0,1.0,1.0,61
bi_modal_split,24192,DisableExplicitGC = 1 AND UseAdaptiveGCBoundary = 1 AND UseAdaptiveSizePolicy = 1,DisableExplicitGC==1 AND UseAdaptiveSizePolicy==1 AND UseAdaptiveGCBoundary==1,0,1.0,1.0,1.0,61
tri_modal_split,24192,DisableExplicitGC = 1 AND UseAdaptiveGCBoundary = 1 AND UseAdaptiveSizePolicy = 1,DisableExplicitGC==1 AND UseAdaptiveSizePolicy==1 AND UseAdaptiveGCBoundary==1,0,1.0,1.0,1.0,61
power_law,24192,DisableExplicitGC = 1 AND UseAdaptiveGCBoundary = 1 AND UseAdaptiveSizePolicy = 1,DisableExplicitGC==1 AND UseAdaptiveSizePolicy==1 AND UseAdaptiveGCBoundary==1,0,1.0,1.0,1.0,61
normal,24192,UseAdaptiveGCBoundary = 1 AND UseAdaptiveSizeDecayMajorGCCost = 1 AND UseAdaptiveSizePolicyFootprintGoal = 1,UseAdaptiveSizeDecayMajorGCCost==1 AND UseAdaptiveSizePolicyFootprintGoal==1 AND UseAdaptiveGCBoundary==1,0,1.0,1.0,1.0,62
uniform,24192,UseAdaptiveGCBoundary = 1 AND UseAdaptiveSizeDecayMajorGCCost = 1 AND UseAdaptiveSizePolicyFootprintGoal = 1,UseAdaptiveSizeDecayMajorGCCost==1 AND UseAdaptiveSizePolicyFootprintGoal==1 AND UseAdaptiveGCBoundary==1,0,1.0,1.0,1.0,62
bi_modal_split,24192,UseAdaptiveGCBoundary = 1 AND UseAdaptiveSizeDecayMajorGCCost = 1 AND UseAdaptiveSizePolicyFootprintGoal = 1,UseAdaptiveSizeDecayMajorGCCost==1 AND UseAdaptiveSizePolicyFootprintGoal==1 AND UseAdaptiveGCBoundary==1,0,1.0,1.0,1.0,62
tri_modal_split,24192,UseAdaptiveGCBoundary = 1 AND UseAdaptiveSizeDecayMajorGCCost = 1 AND UseAdaptiveSizePolicyFootprintGoal = 1,UseAdaptiveSizeDecayMajorGCCost==1 AND UseAdaptiveSizePolicyFootprintGoal==1 AND UseAdaptiveGCBoundary==1,0,1.0,1.0,1.0,62
power_law,24192,UseAdaptiveGCBoundary = 1 AND UseAdaptiveSizeDecayMajorGCCost = 1 AND UseAdaptiveSizePolicyFootprintGoal = 1,UseAdaptiveSizeDecayMajorGCCost==1 AND UseAdaptiveSizePolicyFootprintGoal==1 AND UseAdaptiveGCBoundary==1,0,1.0,1.0,1.0,62
normal,24192,DisableExplicitGC = 1 AND UseAdaptiveGCBoundary = 1 AND UseAdaptiveSizePolicy = 1,DisableExplicitGC==1 AND UseAdaptiveSizePolicy==1 AND UseAdaptiveGCBoundary==1,0,1.0,1.0,1.0,63
uniform,24192,DisableExplicitGC = 1 AND UseAdaptiveGCBoundary = 1 AND UseAdaptiveSizePolicy = 1,DisableExplicitGC==1 AND UseAdaptiveSizePolicy==1 AND UseAdaptiveGCBoundary==1,0,1.0,1.0,1.0,63
bi_modal_split,24192,DisableExplicitGC = 1 AND UseAdaptiveGCBoundary = 1 AND UseAdaptiveSizePolicy = 1,DisableExplicitGC==1 AND UseAdaptiveSizePolicy==1 AND UseAdaptiveGCBoundary==1,0,1.0,1.0,1.0,63
tri_modal_split,24192,DisableExplicitGC = 1 AND UseAdaptiveGCBoundary = 1 AND UseAdaptiveSizePolicy = 1,DisableExplicitGC==1 AND UseAdaptiveSizePolicy==1 AND UseAdaptiveGCBoundary==1,0,1.0,1.0,1.0,63
power_law,24192,DisableExplicitGC = 1 AND UseAdaptiveGCBoundary = 1 AND UseAdaptiveSizePolicy = 1,DisableExplicitGC==1 AND UseAdaptiveSizePolicy==1 AND UseAdaptiveGCBoundary==1,0,1.0,1.0,1.0,63
normal,24192,UseAdaptiveGCBoundary = 1 AND UseAdaptiveSizeDecayMajorGCCost = 1 AND UseAdaptiveSizePolicy = 1,UseAdaptiveSizeDecayMajorGCCost==1 AND UseAdaptiveSizePolicy==1 AND UseAdaptiveGCBoundary==1,0,1.0,1.0,1.0,64
uniform,24192,UseAdaptiveGCBoundary = 1 AND UseAdaptiveSizeDecayMajorGCCost = 1 AND UseAdaptiveSizePolicy = 1,UseAdaptiveSizeDecayMajorGCCost==1 AND UseAdaptiveSizePolicy==1 AND UseAdaptiveGCBoundary==1,0,1.0,1.0,1.0,64
bi_modal_split,24192,UseAdaptiveGCBoundary = 1 AND UseAdaptiveSizeDecayMajorGCCost = 1 AND UseAdaptiveSizePolicy = 1,UseAdaptiveSizeDecayMajorGCCost==1 AND UseAdaptiveSizePolicy==1 AND UseAdaptiveGCBoundary==1,0,1.0,1.0,1.0,64
tri_modal_split,24192,UseAdaptiveGCBoundary = 1 AND UseAdaptiveSizeDecayMajorGCCost = 1 AND UseAdaptiveSizePolicy = 1,UseAdaptiveSizeDecayMajorGCCost==1 AND UseAdaptiveSizePolicy==1 AND UseAdaptiveGCBoundary==1,0,1.0,1.0,1.0,64
power_law,24192,UseAdaptiveGCBoundary = 1 AND UseAdaptiveSizeDecayMajorGCCost = 1 AND UseAdaptiveSizePolicy = 1,UseAdaptiveSizeDecayMajorGCCost==1 AND UseAdaptiveSizePolicy==1 AND UseAdaptiveGCBoundary==1,0,1.0,1.0,1.0,64
normal,24192,DisableExplicitGC = 1 AND UseAdaptiveSizeDecayMajorGCCost = 1 AND UseAdaptiveSizePolicyFootprintGoal = 1,DisableExplicitGC==1 AND UseAdaptiveSizeDecayMajorGCCost==1 AND UseAdaptiveSizePolicyFootprintGoal==1,0,1.0,1.0,1.0,65
uniform,24192,DisableExplicitGC = 1 AND UseAdaptiveSizeDecayMajorGCCost = 1 AND UseAdaptiveSizePolicyFootprintGoal = 1,DisableExplicitGC==1 AND UseAdaptiveSizeDecayMajorGCCost==1 AND UseAdaptiveSizePolicyFootprintGoal==1,0,1.0,1.0,1.0,65
bi_modal_split,24192,DisableExplicitGC = 1 AND UseAdaptiveSizeDecayMajorGCCost = 1 AND UseAdaptiveSizePolicyFootprintGoal = 1,DisableExplicitGC==1 AND UseAdaptiveSizeDecayMajorGCCost==1 AND UseAdaptiveSizePolicyFootprintGoal==1,0,1.0,1.0,1.0,65
tri_modal_split,24192,DisableExplicitGC = 1 AND UseAdaptiveSizeDecayMajorGCCost = 1 AND UseAdaptiveSizePolicyFootprintGoal = 1,DisableExplicitGC==1 AND UseAdaptiveSizeDecayMajorGCCost==1 AND UseAdaptiveSizePolicyFootprintGoal==1,0,1.0,1.0,1.0,65
power_law,24192,DisableExplicitGC = 1 AND UseAdaptiveSizeDecayMajorGCCost = 1 AND UseAdaptiveSizePolicyFootprintGoal = 1,DisableExplicitGC==1 AND UseAdaptiveSizeDecayMajorGCCost==1 AND UseAdaptiveSizePolicyFootprintGoal==1,0,1.0,1.0,1.0,65
normal,24192,UseAdaptiveGCBoundary = 1 AND UseAdaptiveSizeDecayMajorGCCost = 1 AND UseAdaptiveSizePolicy = 1,UseAdaptiveSizeDecayMajorGCCost==1 AND UseAdaptiveSizePolicy==1 AND UseAdaptiveGCBoundary==1,0,1.0,1.0,1.0,66
uniform,24192,UseAdaptiveGCBoundary = 1 AND UseAdaptiveSizeDecayMajorGCCost = 1 AND UseAdaptiveSizePolicy = 1,UseAdaptiveSizeDecayMajorGCCost==1 AND UseAdaptiveSizePolicy==1 AND UseAdaptiveGCBoundary==1,0,1.0,1.0,1.0,66
bi_modal_split,24192,UseAdaptiveGCBoundary = 1 AND UseAdaptiveSizeDecayMajorGCCost = 1 AND UseAdaptiveSizePolicy = 1,DisableExplicitGC==0 AND UseAdaptiveSizeDecayMajorGCCost==0 AND UseAdaptiveSizePolicyFootprintGoal==1 AND MaxTenuringThreshold==5,0,0.0,0.0,0.0,66
tri_modal_split,24192,UseAdaptiveGCBoundary = 1 AND UseAdaptiveSizeDecayMajorGCCost = 1 AND UseAdaptiveSizePolicy = 1,UseAdaptiveSizeDecayMajorGCCost==1 AND UseAdaptiveSizePolicy==1 AND UseAdaptiveGCBoundary==1,0,1.0,1.0,1.0,66
power_law,24192,UseAdaptiveGCBoundary = 1 AND UseAdaptiveSizeDecayMajorGCCost = 1 AND UseAdaptiveSizePolicy = 1,UseAdaptiveSizeDecayMajorGCCost==1 AND UseAdaptiveSizePolicy==1 AND UseAdaptiveGCBoundary==1,0,1.0,1.0,1.0,66
normal,24192,DisableExplicitGC = 1 AND UseAdaptiveGCBoundary = 1 AND UseAdaptiveSizePolicyFootprintGoal = 1,DisableExplicitGC==1 AND UseAdaptiveSizePolicyFootprintGoal==1 AND UseAdaptiveGCBoundary==1,0,1.0,1.0,1.0,67
uniform,24192,DisableExplicitGC = 1 AND UseAdaptiveGCBoundary = 1 AND UseAdaptiveSizePolicyFootprintGoal = 1,DisableExplicitGC==1 AND UseAdaptiveSizePolicyFootprintGoal==1 AND UseAdaptiveGCBoundary==1,0,1.0,1.0,1.0,67
bi_modal_split,24192,DisableExplicitGC = 1 AND UseAdaptiveGCBoundary = 1 AND UseAdaptiveSizePolicyFootprintGoal = 1,DisableExplicitGC==1 AND UseAdaptiveSizePolicyFootprintGoal==1 AND UseAdaptiveGCBoundary==1,0,1.0,1.0,1.0,67
tri_modal_split,24192,DisableExplicitGC = 1 AND UseAdaptiveGCBoundary = 1 AND UseAdaptiveSizePolicyFootprintGoal = 1,DisableExplicitGC==1 AND UseAdaptiveSizePolicyFootprintGoal==1 AND UseAdaptiveGCBoundary==1,0,1.0,1.0,1.0,67
power_law,24192,DisableExplicitGC = 1 AND UseAdaptiveGCBoundary = 1 AND UseAdaptiveSizePolicyFootprintGoal = 1,DisableExplicitGC==1 AND UseAdaptiveSizePolicyFootprintGoal==1 AND UseAdaptiveGCBoundary==1,0,1.0,1.0,1.0,67
normal,24192,UseAdaptiveSizeDecayMajorGCCost = 1 AND UseAdaptiveSizePolicy = 1 AND UseAdaptiveSizePolicyFootprintGoal = 1,UseAdaptiveSizeDecayMajorGCCost==1 AND UseAdaptiveSizePolicy==1 AND UseAdaptiveSizePolicyFootprintGoal==1,0,1.0,1.0,1.0,68
uniform,24192,UseAdaptiveSizeDecayMajorGCCost = 1 AND UseAdaptiveSizePolicy = 1 AND UseAdaptiveSizePolicyFootprintGoal = 1,UseAdaptiveSizeDecayMajorGCCost==1 AND UseAdaptiveSizePolicy==1 AND UseAdaptiveSizePolicyFootprintGoal==1,0,1.0,1.0,1.0,68
bi_modal_split,24192,UseAdaptiveSizeDecayMajorGCCost = 1 AND UseAdaptiveSizePolicy = 1 AND UseAdaptiveSizePolicyFootprintGoal = 1,UseAdaptiveSizeDecayMajorGCCost==1 AND UseAdaptiveSizePolicy==1 AND UseAdaptiveSizePolicyFootprintGoal==1,0,1.0,1.0,1.0,68
tri_modal_split,24192,UseAdaptiveSizeDecayMajorGCCost = 1 AND UseAdaptiveSizePolicy = 1 AND UseAdaptiveSizePolicyFootprintGoal = 1,UseAdaptiveSizeDecayMajorGCCost==1 AND UseAdaptiveSizePolicy==1 AND UseAdaptiveSizePolicyFootprintGoal==1,0,1.0,1.0,1.0,68
power_law,24192,UseAdaptiveSizeDecayMajorGCCost = 1 AND UseAdaptiveSizePolicy = 1 AND UseAdaptiveSizePolicyFootprintGoal = 1,UseAdaptiveSizeDecayMajorGCCost==1 AND UseAdaptiveSizePolicy==1 AND UseAdaptiveSizePolicyFootprintGoal==1,0,1.0,1.0,1.0,68
normal,24192,UseAdaptiveGCBoundary = 1 AND UseAdaptiveSizeDecayMajorGCCost = 1 AND UseAdaptiveSizePolicy = 1,UseAdaptiveSizeDecayMajorGCCost==1 AND UseAdaptiveSizePolicy==1 AND UseAdaptiveGCBoundary==1,0,1.0,1.0,1.0,69
uniform,24192,UseAdaptiveGCBoundary = 1 AND UseAdaptiveSizeDecayMajorGCCost = 1 AND UseAdaptiveSizePolicy = 1,UseAdaptiveSizeDecayMajorGCCost==1 AND UseAdaptiveSizePolicy==1 AND UseAdaptiveGCBoundary==1,0,1.0,1.0,1.0,69
bi_modal_split,24192,UseAdaptiveGCBoundary = 1 AND UseAdaptiveSizeDecayMajorGCCost = 1 AND UseAdaptiveSizePolicy = 1,UseAdaptiveSizeDecayMajorGCCost==1 AND UseAdaptiveSizePolicy==1 AND UseAdaptiveGCBoundary==1,0,1.0,1.0,1.0,69
tri_modal_split,24192,UseAdaptiveGCBoundary = 1 AND UseAdaptiveSizeDecayMajorGCCost = 1 AND UseAdaptiveSizePolicy = 1,UseAdaptiveSizeDecayMajorGCCost==1 AND UseAdaptiveSizePolicy==1 AND UseAdaptiveGCBoundary==1,0,1.0,1.0,1.0,69
power_law,24192,UseAdaptiveGCBoundary = 1 AND UseAdaptiveSizeDecayMajorGCCost = 1 AND UseAdaptiveSizePolicy = 1,UseAdaptiveSizeDecayMajorGCCost==1 AND UseAdaptiveSizePolicy==1 AND UseAdaptiveGCBoundary==1,0,1.0,1.0,1.0,69
normal,24192,UseAdaptiveGCBoundary = 1 AND UseAdaptiveSizePolicy = 1 AND UseAdaptiveSizePolicyFootprintGoal = 1,UseAdaptiveSizePolicy==1 AND UseAdaptiveSizePolicyFootprintGoal==1 AND UseAdaptiveGCBoundary==1,0,1.0,1.0,1.0,6
uniform,24192,UseAdaptiveGCBoundary = 1 AND UseAdaptiveSizePolicy = 1 AND UseAdaptiveSizePolicyFootprintGoal = 1,UseAdaptiveSizePolicy==1 AND UseAdaptiveSizePolicyFootprintGoal==1 AND UseAdaptiveGCBoundary==1,0,1.0,1.0,1.0,6
bi_modal_split,24192,UseAdaptiveGCBoundary = 1 AND UseAdaptiveSizePolicy = 1 AND UseAdaptiveSizePolicyFootprintGoal = 1,UseAdaptiveSizePolicy==1 AND UseAdaptiveSizePolicyFootprintGoal==1 AND UseAdaptiveGCBoundary==1,0,1.0,1.0,1.0,6
tri_modal_split,24192,UseAdaptiveGCBoundary = 1 AND UseAdaptiveSizePolicy = 1 AND UseAdaptiveSizePolicyFootprintGoal = 1,UseAdaptiveSizePolicy==1 AND UseAdaptiveSizePolicyFootprintGoal==1 AND UseAdaptiveGCBoundary==1,0,1.0,1.0,1.0,6
power_law,24192,UseAdaptiveGCBoundary = 1 AND UseAdaptiveSizePolicy = 1 AND UseAdaptiveSizePolicyFootprintGoal = 1,UseAdaptiveSizePolicyFootprintGoal==0,0,0.0,0.0,0.0,6
normal,24192,UseAdaptiveGCBoundary = 1 AND UseAdaptiveSizeDecayMajorGCCost = 1 AND UseAdaptiveSizePolicyFootprintGoal = 1,UseAdaptiveSizeDecayMajorGCCost==1 AND UseAdaptiveSizePolicyFootprintGoal==1 AND UseAdaptiveGCBoundary==1,0,1.0,1.0,1.0,70
uniform,24192,UseAdaptiveGCBoundary = 1 AND UseAdaptiveSizeDecayMajorGCCost = 1 AND UseAdaptiveSizePolicyFootprintGoal = 1,UseAdaptiveSizeDecayMajorGCCost==1 AND UseAdaptiveSizePolicyFootprintGoal==1 AND UseAdaptiveGCBoundary==1,0,1.0,1.0,1.0,70
bi_modal_split,24192,UseAdaptiveGCBoundary = 1 AND UseAdaptiveSizeDecayMajorGCCost = 1 AND UseAdaptiveSizePolicyFootprintGoal = 1,UseAdaptiveSizeDecayMajorGCCost==0 AND TenuredGenerationSizeSupplement_50==0,0,0.0,0.0,0.0,70
tri_modal_split,24192,UseAdaptiveGCBoundary = 1 AND UseAdaptiveSizeDecayMajorGCCost = 1 AND UseAdaptiveSizePolicyFootprintGoal = 1,UseAdaptiveSizeDecayMajorGCCost==1 AND UseAdaptiveSizePolicyFootprintGoal==1 AND UseAdaptiveGCBoundary==1,0,1.0,1.0,1.0,70
power_law,24192,UseAdaptiveGCBoundary = 1 AND UseAdaptiveSizeDecayMajorGCCost = 1 AND UseAdaptiveSizePolicyFootprintGoal = 1,UseAdaptiveSizeDecayMajorGCCost==1 AND UseAdaptiveSizePolicyFootprintGoal==1 AND UseAdaptiveGCBoundary==1,0,1.0,1.0,1.0,70
normal,24192,DisableExplicitGC = 1 AND UseAdaptiveSizePolicy = 1 AND UseAdaptiveSizePolicyFootprintGoal = 1,DisableExplicitGC==1 AND UseAdaptiveSizePolicy==1 AND UseAdaptiveSizePolicyFootprintGoal==1,0,1.0,1.0,1.0,71
uniform,24192,DisableExplicitGC = 1 AND UseAdaptiveSizePolicy = 1 AND UseAdaptiveSizePolicyFootprintGoal = 1,DisableExplicitGC==1 AND UseAdaptiveSizePolicy==1 AND UseAdaptiveSizePolicyFootprintGoal==1,0,1.0,1.0,1.0,71
bi_modal_split,24192,DisableExplicitGC = 1 AND UseAdaptiveSizePolicy = 1 AND UseAdaptiveSizePolicyFootprintGoal = 1,DisableExplicitGC==1 AND UseAdaptiveSizePolicy==1 AND UseAdaptiveSizePolicyFootprintGoal==1,0,1.0,1.0,1.0,71
tri_modal_split,24192,DisableExplicitGC = 1 AND UseAdaptiveSizePolicy = 1 AND UseAdaptiveSizePolicyFootprintGoal = 1,DisableExplicitGC==1 AND UseAdaptiveSizePolicy==1 AND UseAdaptiveSizePolicyFootprintGoal==1,0,1.0,1.0,1.0,71
power_law,24192,DisableExplicitGC = 1 AND UseAdaptiveSizePolicy = 1 AND UseAdaptiveSizePolicyFootprintGoal = 1,UseAdaptiveSizePolicy==0,0,0.0,0.0,0.0,71
normal,24192,UseAdaptiveGCBoundary = 1 AND UseAdaptiveSizeDecayMajorGCCost = 1 AND UseAdaptiveSizePolicy = 1,UseAdaptiveSizeDecayMajorGCCost==1 AND UseAdaptiveSizePolicy==1 AND UseAdaptiveGCBoundary==1,0,1.0,1.0,1.0,72
uniform,24192,UseAdaptiveGCBoundary = 1 AND UseAdaptiveSizeDecayMajorGCCost = 1 AND UseAdaptiveSizePolicy = 1,UseAdaptiveSizeDecayMajorGCCost==1 AND UseAdaptiveSizePolicy==1 AND UseAdaptiveGCBoundary==1,0,1.0,1.0,1.0,72
bi_modal_split,24192,UseAdaptiveGCBoundary = 1 AND UseAdaptiveSizeDecayMajorGCCost = 1 AND UseAdaptiveSizePolicy = 1,UseAdaptiveSizeDecayMajorGCCost==1 AND UseAdaptiveSizePolicy==1 AND UseAdaptiveGCBoundary==1,0,1.0,1.0,1.0,72
tri_modal_split,24192,UseAdaptiveGCBoundary = 1 AND UseAdaptiveSizeDecayMajorGCCost = 1 AND UseAdaptiveSizePolicy = 1,UseAdaptiveSizeDecayMajorGCCost==1 AND UseAdaptiveSizePolicy==1 AND UseAdaptiveGCBoundary==1,0,1.0,1.0,1.0,72
power_law,24192,UseAdaptiveGCBoundary = 1 AND UseAdaptiveSizeDecayMajorGCCost = 1 AND UseAdaptiveSizePolicy = 1,UseAdaptiveSizeDecayMajorGCCost==1 AND UseAdaptiveSizePolicy==1 AND UseAdaptiveGCBoundary==1,0,1.0,1.0,1.0,72
normal,24192,UseAdaptiveGCBoundary = 1 AND UseAdaptiveSizeDecayMajorGCCost = 1 AND UseAdaptiveSizePolicy = 1,UseAdaptiveSizeDecayMajorGCCost==1 AND UseAdaptiveSizePolicy==1 AND UseAdaptiveGCBoundary==1,0,1.0,1.0,1.0,73
uniform,24192,UseAdaptiveGCBoundary = 1 AND UseAdaptiveSizeDecayMajorGCCost = 1 AND UseAdaptiveSizePolicy = 1,UseAdaptiveSizeDecayMajorGCCost==1 AND UseAdaptiveSizePolicy==1 AND UseAdaptiveGCBoundary==1,0,1.0,1.0,1.0,73
bi_modal_split,24192,UseAdaptiveGCBoundary = 1 AND UseAdaptiveSizeDecayMajorGCCost = 1 AND UseAdaptiveSizePolicy = 1,UseAdaptiveSizeDecayMajorGCCost==1 AND UseAdaptiveSizePolicy==1 AND UseAdaptiveGCBoundary==1,0,1.0,1.0,1.0,73
tri_modal_split,24192,UseAdaptiveGCBoundary = 1 AND UseAdaptiveSizeDecayMajorGCCost = 1 AND UseAdaptiveSizePolicy = 1,UseAdaptiveSizeDecayMajorGCCost==1 AND UseAdaptiveSizePolicy==1 AND UseAdaptiveGCBoundary==1,0,1.0,1.0,1.0,73
power_law,24192,UseAdaptiveGCBoundary = 1 AND UseAdaptiveSizeDecayMajorGCCost = 1 AND UseAdaptiveSizePolicy = 1,UseAdaptiveSizeDecayMajorGCCost==1 AND UseAdaptiveSizePolicy==1 AND UseAdaptiveGCBoundary==1,0,1.0,1.0,1.0,73
normal,24192,DisableExplicitGC = 1 AND UseAdaptiveGCBoundary = 1 AND UseAdaptiveSizeDecayMajorGCCost = 1,DisableExplicitGC==1 AND UseAdaptiveSizeDecayMajorGCCost==1 AND UseAdaptiveGCBoundary==1,0,1.0,1.0,1.0,74
uniform,24192,DisableExplicitGC = 1 AND UseAdaptiveGCBoundary = 1 AND UseAdaptiveSizeDecayMajorGCCost = 1,DisableExplicitGC==1 AND UseAdaptiveSizeDecayMajorGCCost==1 AND UseAdaptiveGCBoundary==1,0,1.0,1.0,1.0,74
bi_modal_split,24192,DisableExplicitGC = 1 AND UseAdaptiveGCBoundary = 1 AND UseAdaptiveSizeDecayMajorGCCost = 1,DisableExplicitGC==1 AND UseAdaptiveSizeDecayMajorGCCost==1 AND UseAdaptiveGCBoundary==1,0,1.0,1.0,1.0,74
tri_modal_split,24192,DisableExplicitGC = 1 AND UseAdaptiveGCBoundary = 1 AND UseAdaptiveSizeDecayMajorGCCost = 1,DisableExplicitGC==1 AND UseAdaptiveSizeDecayMajorGCCost==1 AND UseAdaptiveGCBoundary==1,0,1.0,1.0,1.0,74
power_law,24192,DisableExplicitGC = 1 AND UseAdaptiveGCBoundary = 1 AND UseAdaptiveSizeDecayMajorGCCost = 1,DisableExplicitGC==1 AND UseAdaptiveSizeDecayMajorGCCost==1 AND UseAdaptiveGCBoundary==1,0,1.0,1.0,1.0,74
normal,24192,DisableExplicitGC = 1 AND UseAdaptiveSizeDecayMajorGCCost = 1 AND UseAdaptiveSizePolicy = 1,DisableExplicitGC==1 AND UseAdaptiveSizeDecayMajorGCCost==1 AND UseAdaptiveSizePolicy==1,0,1.0,1.0,1.0,75
uniform,24192,DisableExplicitGC = 1 AND UseAdaptiveSizeDecayMajorGCCost = 1 AND UseAdaptiveSizePolicy = 1,DisableExplicitGC==1 AND UseAdaptiveSizeDecayMajorGCCost==1 AND UseAdaptiveSizePolicy==1,0,1.0,1.0,1.0,75
bi_modal_split,24192,DisableExplicitGC = 1 AND UseAdaptiveSizeDecayMajorGCCost = 1 AND UseAdaptiveSizePolicy = 1,DisableExplicitGC==1 AND UseAdaptiveSizeDecayMajorGCCost==1 AND UseAdaptiveSizePolicy==1,0,1.0,1.0,1.0,75
tri_modal_split,24192,DisableExplicitGC = 1 AND UseAdaptiveSizeDecayMajorGCCost = 1 AND UseAdaptiveSizePolicy = 1,DisableExplicitGC==1 AND UseAdaptiveSizeDecayMajorGCCost==1 AND UseAdaptiveSizePolicy==1,0,1.0,1.0,1.0,75
power_law,24192,DisableExplicitGC = 1 AND UseAdaptiveSizeDecayMajorGCCost = 1 AND UseAdaptiveSizePolicy = 1,DisableExplicitGC==1 AND UseAdaptiveSizeDecayMajorGCCost==1 AND UseAdaptiveSizePolicy==1,0,1.0,1.0,1.0,75
normal,24192,DisableExplicitGC = 1 AND UseAdaptiveGCBoundary = 1 AND UseAdaptiveSizePolicy = 1,DisableExplicitGC==1 AND UseAdaptiveSizePolicy==1 AND UseAdaptiveGCBoundary==1,0,1.0,1.0,1.0,76
uniform,24192,DisableExplicitGC = 1 AND UseAdaptiveGCBoundary = 1 AND UseAdaptiveSizePolicy = 1,DisableExplicitGC==1 AND UseAdaptiveSizePolicy==1 AND UseAdaptiveGCBoundary==1,0,1.0,1.0,1.0,76
bi_modal_split,24192,DisableExplicitGC = 1 AND UseAdaptiveGCBoundary = 1 AND UseAdaptiveSizePolicy = 1,DisableExplicitGC==1 AND UseAdaptiveSizePolicy==1 AND UseAdaptiveGCBoundary==1,0,1.0,1.0,1.0,76
tri_modal_split,24192,DisableExplicitGC = 1 AND UseAdaptiveGCBoundary = 1 AND UseAdaptiveSizePolicy = 1,DisableExplicitGC==1 AND UseAdaptiveSizePolicy==1 AND UseAdaptiveGCBoundary==1,0,1.0,1.0,1.0,76
power_law,24192,DisableExplicitGC = 1 AND UseAdaptiveGCBoundary = 1 AND UseAdaptiveSizePolicy = 1,DisableExplicitGC==1 AND UseAdaptiveSizePolicy==1 AND UseAdaptiveGCBoundary==1,0,1.0,1.0,1.0,76
normal,24192,DisableExplicitGC = 1 AND UseAdaptiveSizeDecayMajorGCCost = 1 AND UseAdaptiveSizePolicyFootprintGoal = 1,DisableExplicitGC==1 AND UseAdaptiveSizeDecayMajorGCCost==1 AND UseAdaptiveSizePolicyFootprintGoal==1,0,1.0,1.0,1.0,77
uniform,24192,DisableExplicitGC = 1 AND UseAdaptiveSizeDecayMajorGCCost = 1 AND UseAdaptiveSizePolicyFootprintGoal = 1,DisableExplicitGC==1 AND UseAdaptiveSizeDecayMajorGCCost==1 AND UseAdaptiveSizePolicyFootprintGoal==1,0,1.0,1.0,1.0,77
bi_modal_split,24192,DisableExplicitGC = 1 AND UseAdaptiveSizeDecayMajorGCCost = 1 AND UseAdaptiveSizePolicyFootprintGoal = 1,DisableExplicitGC==1 AND UseAdaptiveSizeDecayMajorGCCost==1 AND UseAdaptiveSizePolicyFootprintGoal==1,0,1.0,1.0,1.0,77
tri_modal_split,24192,DisableExplicitGC = 1 AND UseAdaptiveSizeDecayMajorGCCost = 1 AND UseAdaptiveSizePolicyFootprintGoal = 1,DisableExplicitGC==1 AND UseAdaptiveSizeDecayMajorGCCost==1 AND UseAdaptiveSizePolicyFootprintGoal==1,0,1.0,1.0,1.0,77
power_law,24192,DisableExplicitGC = 1 AND UseAdaptiveSizeDecayMajorGCCost = 1 AND UseAdaptiveSizePolicyFootprintGoal = 1,DisableExplicitGC==1 AND UseAdaptiveSizeDecayMajorGCCost==1 AND UseAdaptiveSizePolicyFootprintGoal==1,0,1.0,1.0,1.0,77
normal,24192,DisableExplicitGC = 1 AND UseAdaptiveGCBoundary = 1 AND UseAdaptiveSizePolicyFootprintGoal = 1,DisableExplicitGC==1 AND UseAdaptiveSizePolicyFootprintGoal==1 AND UseAdaptiveGCBoundary==1,0,1.0,1.0,1.0,78
uniform,24192,DisableExplicitGC = 1 AND UseAdaptiveGCBoundary = 1 AND UseAdaptiveSizePolicyFootprintGoal = 1,DisableExplicitGC==1 AND UseAdaptiveSizePolicyFootprintGoal==1 AND UseAdaptiveGCBoundary==1,0,1.0,1.0,1.0,78
bi_modal_split,24192,DisableExplicitGC = 1 AND UseAdaptiveGCBoundary = 1 AND UseAdaptiveSizePolicyFootprintGoal = 1,DisableExplicitGC==1 AND UseAdaptiveSizePolicyFootprintGoal==1 AND UseAdaptiveGCBoundary==1,0,1.0,1.0,1.0,78
tri_modal_split,24192,DisableExplicitGC = 1 AND UseAdaptiveGCBoundary = 1 AND UseAdaptiveSizePolicyFootprintGoal = 1,DisableExplicitGC==1 AND UseAdaptiveSizePolicyFootprintGoal==1 AND UseAdaptiveGCBoundary==1,0,1.0,1.0,1.0,78
power_law,24192,DisableExplicitGC = 1 AND UseAdaptiveGCBoundary = 1 AND UseAdaptiveSizePolicyFootprintGoal = 1,DisableExplicitGC==1 AND UseAdaptiveSizePolicyFootprintGoal==1 AND UseAdaptiveGCBoundary==1,0,1.0,1.0,1.0,78
normal,24192,DisableExplicitGC = 1 AND UseAdaptiveGCBoundary = 1 AND UseAdaptiveSizeDecayMajorGCCost = 1,DisableExplicitGC==1 AND UseAdaptiveSizeDecayMajorGCCost==1 AND UseAdaptiveGCBoundary==1,0,1.0,1.0,1.0,79
uniform,24192,DisableExplicitGC = 1 AND UseAdaptiveGCBoundary = 1 AND UseAdaptiveSizeDecayMajorGCCost = 1,DisableExplicitGC==1 AND UseAdaptiveSizeDecayMajorGCCost==1 AND UseAdaptiveGCBoundary==1,0,1.0,1.0,1.0,79
bi_modal_split,24192,DisableExplicitGC = 1 AND UseAdaptiveGCBoundary = 1 AND UseAdaptiveSizeDecayMajorGCCost = 1,DisableExplicitGC==1 AND UseAdaptiveSizeDecayMajorGCCost==1 AND UseAdaptiveGCBoundary==1,0,1.0,1.0,1.0,79
tri_modal_split,24192,DisableExplicitGC = 1 AND UseAdaptiveGCBoundary = 1 AND UseAdaptiveSizeDecayMajorGCCost = 1,DisableExplicitGC==1 AND UseAdaptiveSizeDecayMajorGCCost==1 AND UseAdaptiveGCBoundary==1,0,1.0,1.0,1.0,79
power_law,24192,DisableExplicitGC = 1 AND UseAdaptiveGCBoundary = 1 AND UseAdaptiveSizeDecayMajorGCCost = 1,DisableExplicitGC==1 AND UseAdaptiveSizeDecayMajorGCCost==1 AND UseAdaptiveGCBoundary==1,0,1.0,1.0,1.0,79
normal,24192,DisableExplicitGC = 1 AND UseAdaptiveSizeDecayMajorGCCost = 1 AND UseAdaptiveSizePolicy = 1,MaxTenuringThreshold==15 AND MinSurvivorRatio==10 AND TenuredGenerationSizeSupplement_90==1,0,0.0454545454545454,0.125,0.0277777777777777,7
uniform,24192,DisableExplicitGC = 1 AND UseAdaptiveSizeDecayMajorGCCost = 1 AND UseAdaptiveSizePolicy = 1,DisableExplicitGC==1 AND UseAdaptiveSizeDecayMajorGCCost==1 AND UseAdaptiveSizePolicy==1,0,1.0,1.0,1.0,7
bi_modal_split,24192,DisableExplicitGC = 1 AND UseAdaptiveSizeDecayMajorGCCost = 1 AND UseAdaptiveSizePolicy = 1,DisableExplicitGC==1 AND UseAdaptiveSizeDecayMajorGCCost==1 AND UseAdaptiveSizePolicy==1,0,1.0,1.0,1.0,7
tri_modal_split,24192,DisableExplicitGC = 1 AND UseAdaptiveSizeDecayMajorGCCost = 1 AND UseAdaptiveSizePolicy = 1,DisableExplicitGC==1 AND UseAdaptiveSizeDecayMajorGCCost==1 AND UseAdaptiveSizePolicy==1,0,1.0,1.0,1.0,7
power_law,24192,DisableExplicitGC = 1 AND UseAdaptiveSizeDecayMajorGCCost = 1 AND UseAdaptiveSizePolicy = 1,DisableExplicitGC==1 AND UseAdaptiveSizeDecayMajorGCCost==1 AND UseAdaptiveSizePolicy==1,0,1.0,1.0,1.0,7
normal,24192,DisableExplicitGC = 1 AND UseAdaptiveGCBoundary = 1 AND UseAdaptiveSizeDecayMajorGCCost = 1,DisableExplicitGC==1 AND UseAdaptiveSizeDecayMajorGCCost==1 AND UseAdaptiveGCBoundary==1,0,1.0,1.0,1.0,80
uniform,24192,DisableExplicitGC = 1 AND UseAdaptiveGCBoundary = 1 AND UseAdaptiveSizeDecayMajorGCCost = 1,DisableExplicitGC==1 AND UseAdaptiveSizeDecayMajorGCCost==1 AND UseAdaptiveGCBoundary==1,0,1.0,1.0,1.0,80
bi_modal_split,24192,DisableExplicitGC = 1 AND UseAdaptiveGCBoundary = 1 AND UseAdaptiveSizeDecayMajorGCCost = 1,DisableExplicitGC==1 AND UseAdaptiveSizeDecayMajorGCCost==1 AND UseAdaptiveGCBoundary==1,0,1.0,1.0,1.0,80
tri_modal_split,24192,DisableExplicitGC = 1 AND UseAdaptiveGCBoundary = 1 AND UseAdaptiveSizeDecayMajorGCCost = 1,DisableExplicitGC==1 AND UseAdaptiveSizeDecayMajorGCCost==1 AND UseAdaptiveGCBoundary==1,0,1.0,1.0,1.0,80
power_law,24192,DisableExplicitGC = 1 AND UseAdaptiveGCBoundary = 1 AND UseAdaptiveSizeDecayMajorGCCost = 1,DisableExplicitGC==1 AND UseAdaptiveSizeDecayMajorGCCost==1 AND UseAdaptiveGCBoundary==1,0,1.0,1.0,1.0,80
normal,24192,DisableExplicitGC = 1 AND UseAdaptiveSizeDecayMajorGCCost = 1 AND UseAdaptiveSizePolicy = 1,DisableExplicitGC==1 AND UseAdaptiveSizeDecayMajorGCCost==1 AND UseAdaptiveSizePolicy==1,0,1.0,1.0,1.0,81
uniform,24192,DisableExplicitGC = 1 AND UseAdaptiveSizeDecayMajorGCCost = 1 AND UseAdaptiveSizePolicy = 1,DisableExplicitGC==1 AND UseAdaptiveSizeDecayMajorGCCost==1 AND UseAdaptiveSizePolicy==1,0,1.0,1.0,1.0,81
bi_modal_split,24192,DisableExplicitGC = 1 AND UseAdaptiveSizeDecayMajorGCCost = 1 AND UseAdaptiveSizePolicy = 1,DisableExplicitGC==1 AND UseAdaptiveSizeDecayMajorGCCost==1 AND UseAdaptiveSizePolicy==1,0,1.0,1.0,1.0,81
tri_modal_split,24192,DisableExplicitGC = 1 AND UseAdaptiveSizeDecayMajorGCCost = 1 AND UseAdaptiveSizePolicy = 1,DisableExplicitGC==1 AND UseAdaptiveSizeDecayMajorGCCost==1 AND UseAdaptiveSizePolicy==1,0,1.0,1.0,1.0,81
power_law,24192,DisableExplicitGC = 1 AND UseAdaptiveSizeDecayMajorGCCost = 1 AND UseAdaptiveSizePolicy = 1,DisableExplicitGC==1 AND UseAdaptiveSizeDecayMajorGCCost==1 AND UseAdaptiveSizePolicy==1,0,1.0,1.0,1.0,81
normal,24192,UseAdaptiveGCBoundary = 1 AND UseAdaptiveSizeDecayMajorGCCost = 1 AND UseAdaptiveSizePolicy = 1,UseAdaptiveSizeDecayMajorGCCost==1 AND UseAdaptiveSizePolicy==1 AND UseAdaptiveGCBoundary==1,0,1.0,1.0,1.0,82
uniform,24192,UseAdaptiveGCBoundary = 1 AND UseAdaptiveSizeDecayMajorGCCost = 1 AND UseAdaptiveSizePolicy = 1,UseAdaptiveSizeDecayMajorGCCost==1 AND UseAdaptiveSizePolicy==1 AND UseAdaptiveGCBoundary==1,0,1.0,1.0,1.0,82
bi_modal_split,24192,UseAdaptiveGCBoundary = 1 AND UseAdaptiveSizeDecayMajorGCCost = 1 AND UseAdaptiveSizePolicy = 1,UseAdaptiveSizeDecayMajorGCCost==1 AND UseAdaptiveSizePolicy==1 AND UseAdaptiveGCBoundary==1,0,1.0,1.0,1.0,82
tri_modal_split,24192,UseAdaptiveGCBoundary = 1 AND UseAdaptiveSizeDecayMajorGCCost = 1 AND UseAdaptiveSizePolicy = 1,UseAdaptiveSizeDecayMajorGCCost==1 AND UseAdaptiveSizePolicy==1 AND UseAdaptiveGCBoundary==1,0,1.0,1.0,1.0,82
power_law,24192,UseAdaptiveGCBoundary = 1 AND UseAdaptiveSizeDecayMajorGCCost = 1 AND UseAdaptiveSizePolicy = 1,UseAdaptiveSizeDecayMajorGCCost==1 AND UseAdaptiveSizePolicy==1 AND UseAdaptiveGCBoundary==1,0,1.0,1.0,1.0,82
normal,24192,UseAdaptiveSizeDecayMajorGCCost = 1 AND UseAdaptiveSizePolicy = 1 AND UseAdaptiveSizePolicyFootprintGoal = 1,UseAdaptiveSizeDecayMajorGCCost==1 AND UseAdaptiveSizePolicy==1 AND UseAdaptiveSizePolicyFootprintGoal==1,0,1.0,1.0,1.0,83
uniform,24192,UseAdaptiveSizeDecayMajorGCCost = 1 AND UseAdaptiveSizePolicy = 1 AND UseAdaptiveSizePolicyFootprintGoal = 1,UseAdaptiveSizeDecayMajorGCCost==1 AND UseAdaptiveSizePolicy==1 AND UseAdaptiveSizePolicyFootprintGoal==1,0,1.0,1.0,1.0,83
bi_modal_split,24192,UseAdaptiveSizeDecayMajorGCCost = 1 AND UseAdaptiveSizePolicy = 1 AND UseAdaptiveSizePolicyFootprintGoal = 1,UseAdaptiveSizeDecayMajorGCCost==1 AND UseAdaptiveSizePolicy==1 AND UseAdaptiveSizePolicyFootprintGoal==1,0,1.0,1.0,1.0,83
tri_modal_split,24192,UseAdaptiveSizeDecayMajorGCCost = 1 AND UseAdaptiveSizePolicy = 1 AND UseAdaptiveSizePolicyFootprintGoal = 1,UseAdaptiveSizeDecayMajorGCCost==1 AND UseAdaptiveSizePolicy==1 AND UseAdaptiveSizePolicyFootprintGoal==1,0,1.0,1.0,1.0,83
power_law,24192,UseAdaptiveSizeDecayMajorGCCost = 1 AND UseAdaptiveSizePolicy = 1 AND UseAdaptiveSizePolicyFootprintGoal = 1,UseAdaptiveSizeDecayMajorGCCost==1 AND UseAdaptiveSizePolicy==1 AND UseAdaptiveSizePolicyFootprintGoal==1,0,1.0,1.0,1.0,83
normal,24192,DisableExplicitGC = 1 AND UseAdaptiveGCBoundary = 1 AND UseAdaptiveSizePolicyFootprintGoal = 1,UseAdaptiveSizeDecayMajorGCCost==0 AND UseAdaptiveSizePolicyFootprintGoal==0 AND TenuredGenerationSizeSupplement_90==0,0,0.0,0.0,0.0,84
uniform,24192,DisableExplicitGC = 1 AND UseAdaptiveGCBoundary = 1 AND UseAdaptiveSizePolicyFootprintGoal = 1,DisableExplicitGC==1 AND UseAdaptiveSizePolicyFootprintGoal==1 AND UseAdaptiveGCBoundary==1,0,1.0,1.0,1.0,84
bi_modal_split,24192,DisableExplicitGC = 1 AND UseAdaptiveGCBoundary = 1 AND UseAdaptiveSizePolicyFootprintGoal = 1,DisableExplicitGC==1 AND UseAdaptiveSizePolicyFootprintGoal==1 AND UseAdaptiveGCBoundary==1,0,1.0,1.0,1.0,84
tri_modal_split,24192,DisableExplicitGC = 1 AND UseAdaptiveGCBoundary = 1 AND UseAdaptiveSizePolicyFootprintGoal = 1,DisableExplicitGC==1 AND UseAdaptiveSizePolicyFootprintGoal==1 AND UseAdaptiveGCBoundary==1,0,1.0,1.0,1.0,84
power_law,24192,DisableExplicitGC = 1 AND UseAdaptiveGCBoundary = 1 AND UseAdaptiveSizePolicyFootprintGoal = 1,DisableExplicitGC==1 AND UseAdaptiveSizePolicyFootprintGoal==1 AND UseAdaptiveGCBoundary==1,0,1.0,1.0,1.0,84
normal,24192,DisableExplicitGC = 1 AND UseAdaptiveSizeDecayMajorGCCost = 1 AND UseAdaptiveSizePolicy = 1,DisableExplicitGC==1 AND UseAdaptiveSizeDecayMajorGCCost==1 AND UseAdaptiveSizePolicy==1,0,1.0,1.0,1.0,85
uniform,24192,DisableExplicitGC = 1 AND UseAdaptiveSizeDecayMajorGCCost = 1 AND UseAdaptiveSizePolicy = 1,DisableExplicitGC==1 AND UseAdaptiveSizeDecayMajorGCCost==1 AND UseAdaptiveSizePolicy==1,0,1.0,1.0,1.0,85
bi_modal_split,24192,DisableExplicitGC = 1 AND UseAdaptiveSizeDecayMajorGCCost = 1 AND UseAdaptiveSizePolicy = 1,DisableExplicitGC==1 AND UseAdaptiveSizeDecayMajorGCCost==1 AND UseAdaptiveSizePolicy==1,0,1.0,1.0,1.0,85
tri_modal_split,24192,DisableExplicitGC = 1 AND UseAdaptiveSizeDecayMajorGCCost = 1 AND UseAdaptiveSizePolicy = 1,DisableExplicitGC==1 AND UseAdaptiveSizeDecayMajorGCCost==1 AND UseAdaptiveSizePolicy==1,0,1.0,1.0,1.0,85
power_law,24192,DisableExplicitGC = 1 AND UseAdaptiveSizeDecayMajorGCCost = 1 AND UseAdaptiveSizePolicy = 1,DisableExplicitGC==1 AND UseAdaptiveSizeDecayMajorGCCost==1 AND UseAdaptiveSizePolicy==1,0,1.0,1.0,1.0,85
normal,24192,DisableExplicitGC = 1 AND UseAdaptiveGCBoundary = 1 AND UseAdaptiveSizePolicyFootprintGoal = 1,DisableExplicitGC==1 AND UseAdaptiveSizePolicyFootprintGoal==1 AND UseAdaptiveGCBoundary==1,0,1.0,1.0,1.0,86
uniform,24192,DisableExplicitGC = 1 AND UseAdaptiveGCBoundary = 1 AND UseAdaptiveSizePolicyFootprintGoal = 1,DisableExplicitGC==1 AND UseAdaptiveSizePolicyFootprintGoal==1 AND UseAdaptiveGCBoundary==1,0,1.0,1.0,1.0,86
bi_modal_split,24192,DisableExplicitGC = 1 AND UseAdaptiveGCBoundary = 1 AND UseAdaptiveSizePolicyFootprintGoal = 1,DisableExplicitGC==1 AND UseAdaptiveSizePolicyFootprintGoal==1 AND UseAdaptiveGCBoundary==1,0,1.0,1.0,1.0,86
tri_modal_split,24192,DisableExplicitGC = 1 AND UseAdaptiveGCBoundary = 1 AND UseAdaptiveSizePolicyFootprintGoal = 1,DisableExplicitGC==1 AND UseAdaptiveSizePolicyFootprintGoal==1 AND UseAdaptiveGCBoundary==1,0,1.0,1.0,1.0,86
power_law,24192,DisableExplicitGC = 1 AND UseAdaptiveGCBoundary = 1 AND UseAdaptiveSizePolicyFootprintGoal = 1,DisableExplicitGC==1 AND UseAdaptiveSizePolicyFootprintGoal==1 AND UseAdaptiveGCBoundary==1,0,1.0,1.0,1.0,86
normal,24192,UseAdaptiveGCBoundary = 1 AND UseAdaptiveSizeDecayMajorGCCost = 1 AND UseAdaptiveSizePolicyFootprintGoal = 1,UseAdaptiveSizeDecayMajorGCCost==1 AND UseAdaptiveSizePolicyFootprintGoal==1 AND UseAdaptiveGCBoundary==1,0,1.0,1.0,1.0,87
uniform,24192,UseAdaptiveGCBoundary = 1 AND UseAdaptiveSizeDecayMajorGCCost = 1 AND UseAdaptiveSizePolicyFootprintGoal = 1,UseAdaptiveSizeDecayMajorGCCost==1 AND UseAdaptiveSizePolicyFootprintGoal==1 AND UseAdaptiveGCBoundary==1,0,1.0,1.0,1.0,87
bi_modal_split,24192,UseAdaptiveGCBoundary = 1 AND UseAdaptiveSizeDecayMajorGCCost = 1 AND UseAdaptiveSizePolicyFootprintGoal = 1,UseAdaptiveSizeDecayMajorGCCost==1 AND UseAdaptiveSizePolicyFootprintGoal==1 AND UseAdaptiveGCBoundary==1,0,1.0,1.0,1.0,87
tri_modal_split,24192,UseAdaptiveGCBoundary = 1 AND UseAdaptiveSizeDecayMajorGCCost = 1 AND UseAdaptiveSizePolicyFootprintGoal = 1,UseAdaptiveSizeDecayMajorGCCost==1 AND UseAdaptiveSizePolicyFootprintGoal==1 AND UseAdaptiveGCBoundary==1,0,1.0,1.0,1.0,87
power_law,24192,UseAdaptiveGCBoundary = 1 AND UseAdaptiveSizeDecayMajorGCCost = 1 AND UseAdaptiveSizePolicyFootprintGoal = 1,UseAdaptiveSizeDecayMajorGCCost==1 AND UseAdaptiveSizePolicyFootprintGoal==1 AND UseAdaptiveGCBoundary==1,0,1.0,1.0,1.0,87
normal,24192,UseAdaptiveGCBoundary = 1 AND UseAdaptiveSizeDecayMajorGCCost = 1 AND UseAdaptiveSizePolicy = 1,UseAdaptiveSizeDecayMajorGCCost==1 AND UseAdaptiveSizePolicy==1 AND UseAdaptiveGCBoundary==1,0,1.0,1.0,1.0,88
uniform,24192,UseAdaptiveGCBoundary = 1 AND UseAdaptiveSizeDecayMajorGCCost = 1 AND UseAdaptiveSizePolicy = 1,UseAdaptiveSizeDecayMajorGCCost==1 AND UseAdaptiveSizePolicy==1 AND UseAdaptiveGCBoundary==1,0,1.0,1.0,1.0,88
bi_modal_split,24192,UseAdaptiveGCBoundary = 1 AND UseAdaptiveSizeDecayMajorGCCost = 1 AND UseAdaptiveSizePolicy = 1,UseAdaptiveSizeDecayMajorGCCost==1 AND UseAdaptiveSizePolicy==1 AND UseAdaptiveGCBoundary==1,0,1.0,1.0,1.0,88
tri_modal_split,24192,UseAdaptiveGCBoundary = 1 AND UseAdaptiveSizeDecayMajorGCCost = 1 AND UseAdaptiveSizePolicy = 1,UseAdaptiveSizeDecayMajorGCCost==1 AND UseAdaptiveSizePolicy==1 AND UseAdaptiveGCBoundary==1,0,1.0,1.0,1.0,88
power_law,24192,UseAdaptiveGCBoundary = 1 AND UseAdaptiveSizeDecayMajorGCCost = 1 AND UseAdaptiveSizePolicy = 1,UseAdaptiveSizeDecayMajorGCCost==1 AND UseAdaptiveSizePolicy==1 AND UseAdaptiveGCBoundary==1,0,1.0,1.0,1.0,88
normal,24192,UseAdaptiveGCBoundary = 1 AND UseAdaptiveSizePolicy = 1 AND UseAdaptiveSizePolicyFootprintGoal = 1,UseAdaptiveSizePolicy==1 AND UseAdaptiveSizePolicyFootprintGoal==1 AND UseAdaptiveGCBoundary==1,0,1.0,1.0,1.0,89
uniform,24192,UseAdaptiveGCBoundary = 1 AND UseAdaptiveSizePolicy = 1 AND UseAdaptiveSizePolicyFootprintGoal = 1,UseAdaptiveSizePolicy==1 AND UseAdaptiveSizePolicyFootprintGoal==1 AND UseAdaptiveGCBoundary==1,0,1.0,1.0,1.0,89
bi_modal_split,24192,UseAdaptiveGCBoundary = 1 AND UseAdaptiveSizePolicy = 1 AND UseAdaptiveSizePolicyFootprintGoal = 1,UseAdaptiveSizePolicy==1 AND UseAdaptiveSizePolicyFootprintGoal==1 AND UseAdaptiveGCBoundary==1,0,1.0,1.0,1.0,89
tri_modal_split,24192,UseAdaptiveGCBoundary = 1 AND UseAdaptiveSizePolicy = 1 AND UseAdaptiveSizePolicyFootprintGoal = 1,UseAdaptiveSizePolicy==1 AND UseAdaptiveSizePolicyFootprintGoal==1 AND UseAdaptiveGCBoundary==1,0,1.0,1.0,1.0,89
power_law,24192,UseAdaptiveGCBoundary = 1 AND UseAdaptiveSizePolicy = 1 AND UseAdaptiveSizePolicyFootprintGoal = 1,UseAdaptiveSizePolicy==1 AND UseAdaptiveSizePolicyFootprintGoal==1 AND UseAdaptiveGCBoundary==1,0,1.0,1.0,1.0,89
normal,24192,DisableExplicitGC = 1 AND UseAdaptiveGCBoundary = 1 AND UseAdaptiveSizeDecayMajorGCCost = 1,DisableExplicitGC==1 AND UseAdaptiveSizeDecayMajorGCCost==1 AND UseAdaptiveGCBoundary==1,0,1.0,1.0,1.0,8
uniform,24192,DisableExplicitGC = 1 AND UseAdaptiveGCBoundary = 1 AND UseAdaptiveSizeDecayMajorGCCost = 1,DisableExplicitGC==1 AND UseAdaptiveSizeDecayMajorGCCost==1 AND UseAdaptiveGCBoundary==1,0,1.0,1.0,1.0,8
bi_modal_split,24192,DisableExplicitGC = 1 AND UseAdaptiveGCBoundary = 1 AND UseAdaptiveSizeDecayMajorGCCost = 1,DisableExplicitGC==1 AND UseAdaptiveSizeDecayMajorGCCost==1 AND UseAdaptiveGCBoundary==1,0,1.0,1.0,1.0,8
tri_modal_split,24192,DisableExplicitGC = 1 AND UseAdaptiveGCBoundary = 1 AND UseAdaptiveSizeDecayMajorGCCost = 1,DisableExplicitGC==1 AND UseAdaptiveSizeDecayMajorGCCost==1 AND UseAdaptiveGCBoundary==1,0,1.0,1.0,1.0,8
power_law,24192,DisableExplicitGC = 1 AND UseAdaptiveGCBoundary = 1 AND UseAdaptiveSizeDecayMajorGCCost = 1,UseAdaptiveSizePolicy==0 AND MinSurvivorRatio==1 AND SurvivorRatio==1 AND TenuredGenerationSizeSupplementDecay==2,4,0.0086206896551724,0.125,0.0044642857142857,8
normal,24192,UseAdaptiveGCBoundary = 1 AND UseAdaptiveSizeDecayMajorGCCost = 1 AND UseAdaptiveSizePolicy = 1,UseAdaptiveSizeDecayMajorGCCost==1 AND UseAdaptiveSizePolicy==1 AND UseAdaptiveGCBoundary==1,0,1.0,1.0,1.0,90
uniform,24192,UseAdaptiveGCBoundary = 1 AND UseAdaptiveSizeDecayMajorGCCost = 1 AND UseAdaptiveSizePolicy = 1,UseAdaptiveSizeDecayMajorGCCost==1 AND UseAdaptiveSizePolicy==1 AND UseAdaptiveGCBoundary==1,0,1.0,1.0,1.0,90
bi_modal_split,24192,UseAdaptiveGCBoundary = 1 AND UseAdaptiveSizeDecayMajorGCCost = 1 AND UseAdaptiveSizePolicy = 1,UseAdaptiveSizeDecayMajorGCCost==1 AND UseAdaptiveSizePolicy==1 AND UseAdaptiveGCBoundary==1,0,1.0,1.0,1.0,90
tri_modal_split,24192,UseAdaptiveGCBoundary = 1 AND UseAdaptiveSizeDecayMajorGCCost = 1 AND UseAdaptiveSizePolicy = 1,UseAdaptiveSizeDecayMajorGCCost==1 AND UseAdaptiveSizePolicy==1 AND UseAdaptiveGCBoundary==1,0,1.0,1.0,1.0,90
power_law,24192,UseAdaptiveGCBoundary = 1 AND UseAdaptiveSizeDecayMajorGCCost = 1 AND UseAdaptiveSizePolicy = 1,UseAdaptiveSizeDecayMajorGCCost==1 AND UseAdaptiveSizePolicy==1 AND UseAdaptiveGCBoundary==1,0,1.0,1.0,1.0,90
normal,24192,DisableExplicitGC = 1 AND UseAdaptiveSizePolicy = 1 AND UseAdaptiveSizePolicyFootprintGoal = 1,DisableExplicitGC==1 AND UseAdaptiveSizePolicy==1 AND UseAdaptiveSizePolicyFootprintGoal==1,0,1.0,1.0,1.0,91
uniform,24192,DisableExplicitGC = 1 AND UseAdaptiveSizePolicy = 1 AND UseAdaptiveSizePolicyFootprintGoal = 1,DisableExplicitGC==1 AND UseAdaptiveSizePolicy==1 AND UseAdaptiveSizePolicyFootprintGoal==1,0,1.0,1.0,1.0,91
bi_modal_split,24192,DisableExplicitGC = 1 AND UseAdaptiveSizePolicy = 1 AND UseAdaptiveSizePolicyFootprintGoal = 1,DisableExplicitGC==1 AND UseAdaptiveSizePolicy==1 AND UseAdaptiveSizePolicyFootprintGoal==1,0,1.0,1.0,1.0,91
tri_modal_split,24192,DisableExplicitGC = 1 AND UseAdaptiveSizePolicy = 1 AND UseAdaptiveSizePolicyFootprintGoal = 1,DisableExplicitGC==1 AND UseAdaptiveSizePolicy==1 AND UseAdaptiveSizePolicyFootprintGoal==1,0,1.0,1.0,1.0,91
power_law,24192,DisableExplicitGC = 1 AND UseAdaptiveSizePolicy = 1 AND UseAdaptiveSizePolicyFootprintGoal = 1,DisableExplicitGC==1 AND UseAdaptiveSizePolicy==1 AND UseAdaptiveSizePolicyFootprintGoal==1,0,1.0,1.0,1.0,91
normal,24192,DisableExplicitGC = 1 AND UseAdaptiveGCBoundary = 1 AND UseAdaptiveSizePolicyFootprintGoal = 1,DisableExplicitGC==1 AND UseAdaptiveSizePolicyFootprintGoal==1 AND UseAdaptiveGCBoundary==1,0,1.0,1.0,1.0,92
uniform,24192,DisableExplicitGC = 1 AND UseAdaptiveGCBoundary = 1 AND UseAdaptiveSizePolicyFootprintGoal = 1,DisableExplicitGC==1 AND UseAdaptiveSizePolicyFootprintGoal==1 AND UseAdaptiveGCBoundary==1,0,1.0,1.0,1.0,92
bi_modal_split,24192,DisableExplicitGC = 1 AND UseAdaptiveGCBoundary = 1 AND UseAdaptiveSizePolicyFootprintGoal = 1,DisableExplicitGC==1 AND UseAdaptiveSizePolicyFootprintGoal==1 AND UseAdaptiveGCBoundary==1,0,1.0,1.0,1.0,92
tri_modal_split,24192,DisableExplicitGC = 1 AND UseAdaptiveGCBoundary = 1 AND UseAdaptiveSizePolicyFootprintGoal = 1,DisableExplicitGC==1 AND UseAdaptiveSizePolicyFootprintGoal==1 AND UseAdaptiveGCBoundary==1,0,1.0,1.0,1.0,92
power_law,24192,DisableExplicitGC = 1 AND UseAdaptiveGCBoundary = 1 AND UseAdaptiveSizePolicyFootprintGoal = 1,DisableExplicitGC==1 AND UseAdaptiveSizePolicyFootprintGoal==1 AND UseAdaptiveGCBoundary==1,0,1.0,1.0,1.0,92
normal,24192,UseAdaptiveGCBoundary = 1 AND UseAdaptiveSizePolicy = 1 AND UseAdaptiveSizePolicyFootprintGoal = 1,UseAdaptiveSizePolicy==1 AND UseAdaptiveSizePolicyFootprintGoal==1 AND UseAdaptiveGCBoundary==1,0,1.0,1.0,1.0,93
uniform,24192,UseAdaptiveGCBoundary = 1 AND UseAdaptiveSizePolicy = 1 AND UseAdaptiveSizePolicyFootprintGoal = 1,UseAdaptiveSizePolicy==1 AND UseAdaptiveSizePolicyFootprintGoal==1 AND UseAdaptiveGCBoundary==1,0,1.0,1.0,1.0,93
bi_modal_split,24192,UseAdaptiveGCBoundary = 1 AND UseAdaptiveSizePolicy = 1 AND UseAdaptiveSizePolicyFootprintGoal = 1,UseAdaptiveSizePolicy==1 AND UseAdaptiveSizePolicyFootprintGoal==1 AND UseAdaptiveGCBoundary==1,0,1.0,1.0,1.0,93
tri_modal_split,24192,UseAdaptiveGCBoundary = 1 AND UseAdaptiveSizePolicy = 1 AND UseAdaptiveSizePolicyFootprintGoal = 1,UseAdaptiveSizePolicy==1 AND UseAdaptiveSizePolicyFootprintGoal==1 AND UseAdaptiveGCBoundary==1,0,1.0,1.0,1.0,93
power_law,24192,UseAdaptiveGCBoundary = 1 AND UseAdaptiveSizePolicy = 1 AND UseAdaptiveSizePolicyFootprintGoal = 1,UseAdaptiveSizePolicy==1 AND UseAdaptiveSizePolicyFootprintGoal==1 AND UseAdaptiveGCBoundary==1,0,1.0,1.0,1.0,93
normal,24192,UseAdaptiveGCBoundary = 1 AND UseAdaptiveSizeDecayMajorGCCost = 1 AND UseAdaptiveSizePolicyFootprintGoal = 1,UseAdaptiveSizeDecayMajorGCCost==1 AND UseAdaptiveSizePolicyFootprintGoal==1 AND UseAdaptiveGCBoundary==1,0,1.0,1.0,1.0,94
uniform,24192,UseAdaptiveGCBoundary = 1 AND UseAdaptiveSizeDecayMajorGCCost = 1 AND UseAdaptiveSizePolicyFootprintGoal = 1,UseAdaptiveSizeDecayMajorGCCost==1 AND UseAdaptiveSizePolicyFootprintGoal==1 AND UseAdaptiveGCBoundary==1,0,1.0,1.0,1.0,94
bi_modal_split,24192,UseAdaptiveGCBoundary = 1 AND UseAdaptiveSizeDecayMajorGCCost = 1 AND UseAdaptiveSizePolicyFootprintGoal = 1,UseAdaptiveSizeDecayMajorGCCost==1 AND UseAdaptiveSizePolicyFootprintGoal==1 AND UseAdaptiveGCBoundary==1,0,1.0,1.0,1.0,94
tri_modal_split,24192,UseAdaptiveGCBoundary = 1 AND UseAdaptiveSizeDecayMajorGCCost = 1 AND UseAdaptiveSizePolicyFootprintGoal = 1,UseAdaptiveSizeDecayMajorGCCost==1 AND UseAdaptiveSizePolicyFootprintGoal==1 AND UseAdaptiveGCBoundary==1,0,1.0,1.0,1.0,94
power_law,24192,UseAdaptiveGCBoundary = 1 AND UseAdaptiveSizeDecayMajorGCCost = 1 AND UseAdaptiveSizePolicyFootprintGoal = 1,UseAdaptiveSizeDecayMajorGCCost==1 AND UseAdaptiveSizePolicyFootprintGoal==1 AND UseAdaptiveGCBoundary==1,0,1.0,1.0,1.0,94
normal,24192,DisableExplicitGC = 1 AND UseAdaptiveSizeDecayMajorGCCost = 1 AND UseAdaptiveSizePolicy = 1,DisableExplicitGC==1 AND UseAdaptiveSizeDecayMajorGCCost==1 AND UseAdaptiveSizePolicy==1,0,1.0,1.0,1.0,95
uniform,24192,DisableExplicitGC = 1 AND UseAdaptiveSizeDecayMajorGCCost = 1 AND UseAdaptiveSizePolicy = 1,DisableExplicitGC==1 AND UseAdaptiveSizeDecayMajorGCCost==1 AND UseAdaptiveSizePolicy==1,0,1.0,1.0,1.0,95
bi_modal_split,24192,DisableExplicitGC = 1 AND UseAdaptiveSizeDecayMajorGCCost = 1 AND UseAdaptiveSizePolicy = 1,DisableExplicitGC==1 AND UseAdaptiveSizeDecayMajorGCCost==1 AND UseAdaptiveSizePolicy==1,0,1.0,1.0,1.0,95
tri_modal_split,24192,DisableExplicitGC = 1 AND UseAdaptiveSizeDecayMajorGCCost = 1 AND UseAdaptiveSizePolicy = 1,DisableExplicitGC==1 AND UseAdaptiveSizeDecayMajorGCCost==1 AND UseAdaptiveSizePolicy==1,0,1.0,1.0,1.0,95
power_law,24192,DisableExplicitGC = 1 AND UseAdaptiveSizeDecayMajorGCCost = 1 AND UseAdaptiveSizePolicy = 1,DisableExplicitGC==1 AND UseAdaptiveSizeDecayMajorGCCost==1 AND UseAdaptiveSizePolicy==1,0,1.0,1.0,1.0,95
normal,24192,DisableExplicitGC = 1 AND UseAdaptiveGCBoundary = 1 AND UseAdaptiveSizePolicyFootprintGoal = 1,DisableExplicitGC==1 AND UseAdaptiveSizePolicyFootprintGoal==1 AND UseAdaptiveGCBoundary==1,0,1.0,1.0,1.0,96
uniform,24192,DisableExplicitGC = 1 AND UseAdaptiveGCBoundary = 1 AND UseAdaptiveSizePolicyFootprintGoal = 1,DisableExplicitGC==1 AND UseAdaptiveSizePolicyFootprintGoal==1 AND UseAdaptiveGCBoundary==1,0,1.0,1.0,1.0,96
bi_modal_split,24192,DisableExplicitGC = 1 AND UseAdaptiveGCBoundary = 1 AND UseAdaptiveSizePolicyFootprintGoal = 1,DisableExplicitGC==1 AND UseAdaptiveSizePolicyFootprintGoal==1 AND UseAdaptiveGCBoundary==1,0,1.0,1.0,1.0,96
tri_modal_split,24192,DisableExplicitGC = 1 AND UseAdaptiveGCBoundary = 1 AND UseAdaptiveSizePolicyFootprintGoal = 1,DisableExplicitGC==1 AND UseAdaptiveSizePolicyFootprintGoal==1 AND UseAdaptiveGCBoundary==1,0,1.0,1.0,1.0,96
power_law,24192,DisableExplicitGC = 1 AND UseAdaptiveGCBoundary = 1 AND UseAdaptiveSizePolicyFootprintGoal = 1,DisableExplicitGC==1 AND UseAdaptiveSizePolicyFootprintGoal==1 AND UseAdaptiveGCBoundary==1,0,1.0,1.0,1.0,96
normal,24192,UseAdaptiveGCBoundary = 1 AND UseAdaptiveSizeDecayMajorGCCost = 1 AND UseAdaptiveSizePolicy = 1,UseAdaptiveSizeDecayMajorGCCost==1 AND UseAdaptiveSizePolicy==1 AND UseAdaptiveGCBoundary==1,0,1.0,1.0,1.0,97
uniform,24192,UseAdaptiveGCBoundary = 1 AND UseAdaptiveSizeDecayMajorGCCost = 1 AND UseAdaptiveSizePolicy = 1,UseAdaptiveSizeDecayMajorGCCost==1 AND UseAdaptiveSizePolicy==1 AND UseAdaptiveGCBoundary==1,0,1.0,1.0,1.0,97
bi_modal_split,24192,UseAdaptiveGCBoundary = 1 AND UseAdaptiveSizeDecayMajorGCCost = 1 AND UseAdaptiveSizePolicy = 1,UseAdaptiveSizeDecayMajorGCCost==0,0,0.0,0.0,0.0,97
tri_modal_split,24192,UseAdaptiveGCBoundary = 1 AND UseAdaptiveSizeDecayMajorGCCost = 1 AND UseAdaptiveSizePolicy = 1,UseAdaptiveSizeDecayMajorGCCost==1 AND UseAdaptiveSizePolicy==1 AND UseAdaptiveGCBoundary==1,0,1.0,1.0,1.0,97
power_law,24192,UseAdaptiveGCBoundary = 1 AND UseAdaptiveSizeDecayMajorGCCost = 1 AND UseAdaptiveSizePolicy = 1,UseAdaptiveSizeDecayMajorGCCost==1 AND UseAdaptiveSizePolicy==1 AND UseAdaptiveGCBoundary==1,0,1.0,1.0,1.0,97
normal,24192,UseAdaptiveGCBoundary = 1 AND UseAdaptiveSizePolicy = 1 AND UseAdaptiveSizePolicyFootprintGoal = 1,UseAdaptiveSizePolicy==1 AND UseAdaptiveSizePolicyFootprintGoal==1 AND UseAdaptiveGCBoundary==1,0,1.0,1.0,1.0,98
uniform,24192,UseAdaptiveGCBoundary = 1 AND UseAdaptiveSizePolicy = 1 AND UseAdaptiveSizePolicyFootprintGoal = 1,UseAdaptiveSizePolicy==1 AND UseAdaptiveSizePolicyFootprintGoal==1 AND UseAdaptiveGCBoundary==1,0,1.0,1.0,1.0,98
bi_modal_split,24192,UseAdaptiveGCBoundary = 1 AND UseAdaptiveSizePolicy = 1 AND UseAdaptiveSizePolicyFootprintGoal = 1,UseAdaptiveSizePolicy==1 AND UseAdaptiveSizePolicyFootprintGoal==1 AND UseAdaptiveGCBoundary==1,0,1.0,1.0,1.0,98
tri_modal_split,24192,UseAdaptiveGCBoundary = 1 AND UseAdaptiveSizePolicy = 1 AND UseAdaptiveSizePolicyFootprintGoal = 1,UseAdaptiveSizePolicy==1 AND UseAdaptiveSizePolicyFootprintGoal==1 AND UseAdaptiveGCBoundary==1,0,1.0,1.0,1.0,98
power_law,24192,UseAdaptiveGCBoundary = 1 AND UseAdaptiveSizePolicy = 1 AND UseAdaptiveSizePolicyFootprintGoal = 1,UseAdaptiveSizePolicy==1 AND UseAdaptiveSizePolicyFootprintGoal==1 AND UseAdaptiveGCBoundary==1,0,1.0,1.0,1.0,98
normal,24192,UseAdaptiveGCBoundary = 1 AND UseAdaptiveSizeDecayMajorGCCost = 1 AND UseAdaptiveSizePolicy = 1,UseAdaptiveSizeDecayMajorGCCost==1 AND UseAdaptiveSizePolicy==1 AND UseAdaptiveGCBoundary==1,0,1.0,1.0,1.0,99
uniform,24192,UseAdaptiveGCBoundary = 1 AND UseAdaptiveSizeDecayMajorGCCost = 1 AND UseAdaptiveSizePolicy = 1,UseAdaptiveSizeDecayMajorGCCost==1 AND UseAdaptiveSizePolicy==1 AND UseAdaptiveGCBoundary==1,0,1.0,1.0,1.0,99
bi_modal_split,24192,UseAdaptiveGCBoundary = 1 AND UseAdaptiveSizeDecayMajorGCCost = 1 AND UseAdaptiveSizePolicy = 1,UseAdaptiveSizeDecayMajorGCCost==1 AND UseAdaptiveSizePolicy==1 AND UseAdaptiveGCBoundary==1,0,1.0,1.0,1.0,99
tri_modal_split,24192,UseAdaptiveGCBoundary = 1 AND UseAdaptiveSizeDecayMajorGCCost = 1 AND UseAdaptiveSizePolicy = 1,UseAdaptiveSizeDecayMajorGCCost==1 AND UseAdaptiveSizePolicy==1 AND UseAdaptiveGCBoundary==1,0,1.0,1.0,1.0,99
power_law,24192,UseAdaptiveGCBoundary = 1 AND UseAdaptiveSizeDecayMajorGCCost = 1 AND UseAdaptiveSizePolicy = 1,UseAdaptiveSizeDecayMajorGCCost==1 AND UseAdaptiveSizePolicy==1 AND UseAdaptiveGCBoundary==1,0,1.0,1.0,1.0,99
normal,24192,DisableExplicitGC = 1 AND UseAdaptiveGCBoundary = 1 AND UseAdaptiveSizeDecayMajorGCCost = 1,DisableExplicitGC==1 AND UseAdaptiveSizeDecayMajorGCCost==1 AND UseAdaptiveGCBoundary==1,0,1.0,1.0,1.0,9
uniform,24192,DisableExplicitGC = 1 AND UseAdaptiveGCBoundary = 1 AND UseAdaptiveSizeDecayMajorGCCost = 1,DisableExplicitGC==1 AND UseAdaptiveSizeDecayMajorGCCost==1 AND UseAdaptiveGCBoundary==1,0,1.0,1.0,1.0,9
bi_modal_split,24192,DisableExplicitGC = 1 AND UseAdaptiveGCBoundary = 1 AND UseAdaptiveSizeDecayMajorGCCost = 1,DisableExplicitGC==1 AND UseAdaptiveSizeDecayMajorGCCost==1 AND UseAdaptiveGCBoundary==1,0,1.0,1.0,1.0,9
tri_modal_split,24192,DisableExplicitGC = 1 AND UseAdaptiveGCBoundary = 1 AND UseAdaptiveSizeDecayMajorGCCost = 1,DisableExplicitGC==1 AND UseAdaptiveSizeDecayMajorGCCost==1 AND UseAdaptiveGCBoundary==1,0,1.0,1.0,1.0,9
power_law,24192,DisableExplicitGC = 1 AND UseAdaptiveGCBoundary = 1 AND UseAdaptiveSizeDecayMajorGCCost = 1,DisableExplicitGC==1 AND UseAdaptiveSizeDecayMajorGCCost==1 AND UseAdaptiveGCBoundary==1,0,1.0,1.0,1.0,9
