param_name,param_value,n_groups,f1_0,precision_0,recall_0,f1_1,precision_1,recall_1,f1_2,precision_2,recall_2,seed,runtime
alpha,0.1,1,1.0,1.0,1.0,0.0,0.0,0.0,0.0,0.0,0.0,0,0.3562774658203125
alpha,0.1,2,0.0,0.0,0.0,1.0,1.0,1.0,0.0,0.0,0.0,0,0.3242330551147461
alpha,0.1,3,0.0,0.0,0.0,0.0,0.0,0.0,1.0,1.0,1.0,0,0.3273799419403076
alpha,0.3,1,1.0,1.0,1.0,0.0,0.0,0.0,0.0,0.0,0.0,0,0.3455171585083008
alpha,0.3,2,0.0,0.0,0.0,1.0,1.0,1.0,0.0,0.0,0.0,0,0.3203516006469726
alpha,0.3,3,0.0,0.0,0.0,0.0,0.0,0.0,1.0,1.0,1.0,0,0.3303494453430176
alpha,0.5,1,1.0,1.0,1.0,0.0,0.0,0.0,0.0,0.0,0.0,0,0.3477747440338135
alpha,0.5,2,0.0,0.0,0.0,1.0,1.0,1.0,0.0,0.0,0.0,0,0.3261430263519287
alpha,0.5,3,0.0,0.0,0.0,0.0,0.0,0.0,1.0,1.0,1.0,0,0.3259093761444092
alpha,0.75,1,1.0,1.0,1.0,0.0,0.0,0.0,0.0,0.0,0.0,0,0.330157995223999
alpha,0.75,2,0.0,0.0,0.0,1.0,1.0,1.0,0.0,0.0,0.0,0,0.3196077346801758
alpha,0.75,3,0.0,0.0,0.0,0.0,0.0,0.0,1.0,1.0,1.0,0,0.3162033557891845
alpha,1.0,1,1.0,1.0,1.0,0.0,0.0,0.0,0.0,0.0,0.0,0,0.292243480682373
alpha,1.0,2,0.0,0.0,0.0,1.0,1.0,1.0,0.0,0.0,0.0,0,0.2705526351928711
alpha,1.0,3,0.0,0.0,0.0,0.0,0.0,0.0,1.0,1.0,1.0,0,0.2964248657226562
beam_width,20.0,1,1.0,1.0,1.0,0.0,0.0,0.0,0.0,0.0,0.0,0,0.1650619506835937
beam_width,20.0,2,0.0,0.0,0.0,1.0,1.0,1.0,0.0,0.0,0.0,0,0.1565701961517334
beam_width,20.0,3,0.0,0.0,0.0,0.0,0.0,0.0,1.0,1.0,1.0,0,0.1696257591247558
beam_width,40.0,1,1.0,1.0,1.0,0.0,0.0,0.0,0.0,0.0,0.0,0,0.3505218029022217
beam_width,40.0,2,0.0,0.0,0.0,1.0,1.0,1.0,0.0,0.0,0.0,0,0.3272843360900879
beam_width,40.0,3,0.0,0.0,0.0,0.0,0.0,0.0,1.0,1.0,1.0,0,0.3298847675323486
beam_width,80.0,1,1.0,1.0,1.0,0.0,0.0,0.0,0.0,0.0,0.0,0,0.6235170364379883
beam_width,80.0,2,0.0,0.0,0.0,1.0,1.0,1.0,0.0,0.0,0.0,0,0.6031391620635986
beam_width,80.0,3,0.0,0.0,0.0,0.0,0.0,0.0,1.0,1.0,1.0,0,0.6037874221801758
beam_width,160.0,1,1.0,1.0,1.0,0.0,0.0,0.0,0.0,0.0,0.0,0,1.2435851097106934
beam_width,160.0,2,0.0,0.0,0.0,1.0,1.0,1.0,0.0,0.0,0.0,0,1.1571309566497805
beam_width,160.0,3,0.0,0.0,0.0,0.0,0.0,0.0,1.0,1.0,1.0,0,1.198106050491333
alpha,0.1,1,1.0,1.0,1.0,0.0,0.0,0.0,0.0,0.0,0.0,1,0.3788430690765381
alpha,0.1,2,0.0,0.0,0.0,1.0,1.0,1.0,0.0,0.0,0.0,1,0.3653287887573242
alpha,0.1,3,0.0,0.0,0.0,0.0,0.0,0.0,1.0,1.0,1.0,1,0.3620455265045166
alpha,0.3,1,1.0,1.0,1.0,0.0,0.0,0.0,0.0,0.0,0.0,1,0.3684308528900146
alpha,0.3,2,0.0,0.0,0.0,1.0,1.0,1.0,0.0,0.0,0.0,1,0.3665716648101806
alpha,0.3,3,0.0,0.0,0.0,0.0,0.0,0.0,1.0,1.0,1.0,1,0.3690652847290039
alpha,0.5,1,1.0,1.0,1.0,0.0,0.0,0.0,0.0,0.0,0.0,1,0.3694961071014404
alpha,0.5,2,0.0,0.0,0.0,1.0,1.0,1.0,0.0,0.0,0.0,1,0.3502120971679687
alpha,0.5,3,0.0,0.0,0.0,0.0,0.0,0.0,1.0,1.0,1.0,1,0.3721218109130859
alpha,0.75,1,1.0,1.0,1.0,0.0,0.0,0.0,0.0,0.0,0.0,1,0.3694274425506592
alpha,0.75,2,0.0,0.0,0.0,1.0,1.0,1.0,0.0,0.0,0.0,1,0.3266572952270508
alpha,0.75,3,0.0,0.0,0.0,0.446774193548387,0.3917963224893918,0.5196998123827392,1.0,1.0,1.0,1,0.4039285182952881
alpha,1.0,1,1.0,1.0,1.0,0.0,0.0,0.0,0.0,0.0,0.0,1,0.3506789207458496
alpha,1.0,2,0.0,0.0,0.0,1.0,1.0,1.0,0.0,0.0,0.0,1,0.339893102645874
alpha,1.0,3,0.0,0.0,0.0,0.564021164021164,0.3927781871775976,1.0,0.7378497790868924,0.5845974329054843,1.0,1,0.3805687427520752
beam_width,20.0,1,1.0,1.0,1.0,0.0,0.0,0.0,0.0,0.0,0.0,1,0.1734571456909179
beam_width,20.0,2,0.0,0.0,0.0,1.0,1.0,1.0,0.0,0.0,0.0,1,0.1635940074920654
beam_width,20.0,3,0.0,0.0,0.0,0.0,0.0,0.0,1.0,1.0,1.0,1,0.1764566898345947
beam_width,40.0,1,1.0,1.0,1.0,0.0,0.0,0.0,0.0,0.0,0.0,1,0.369525671005249
beam_width,40.0,2,0.0,0.0,0.0,1.0,1.0,1.0,0.0,0.0,0.0,1,0.3590588569641113
beam_width,40.0,3,0.0,0.0,0.0,0.0,0.0,0.0,1.0,1.0,1.0,1,0.3724565505981445
beam_width,80.0,1,1.0,1.0,1.0,0.0,0.0,0.0,0.0,0.0,0.0,1,0.6971440315246582
beam_width,80.0,2,0.0,0.0,0.0,1.0,1.0,1.0,0.0,0.0,0.0,1,0.6703274250030518
beam_width,80.0,3,0.0,0.0,0.0,0.0,0.0,0.0,1.0,1.0,1.0,1,0.715404748916626
beam_width,160.0,1,1.0,1.0,1.0,0.0,0.0,0.0,0.0,0.0,0.0,1,1.3935022354125977
beam_width,160.0,2,0.0,0.0,0.0,1.0,1.0,1.0,0.0,0.0,0.0,1,1.2949013710021973
beam_width,160.0,3,0.0,0.0,0.0,0.0,0.0,0.0,1.0,1.0,1.0,1,1.4112656116485596
alpha,0.1,1,1.0,1.0,1.0,0.0,0.0,0.0,0.0,0.0,0.0,10,0.3844175338745117
alpha,0.1,2,0.0,0.0,0.0,1.0,1.0,1.0,0.0,0.0,0.0,10,0.3384106159210205
alpha,0.1,3,0.0,0.0,0.0,0.0,0.0,0.0,1.0,1.0,1.0,10,0.3289284706115722
alpha,0.3,1,1.0,1.0,1.0,0.0,0.0,0.0,0.0,0.0,0.0,10,0.3494594097137451
alpha,0.3,2,0.0,0.0,0.0,1.0,1.0,1.0,0.0,0.0,0.0,10,0.3557198047637939
alpha,0.3,3,0.0,0.0,0.0,0.0,0.0,0.0,1.0,1.0,1.0,10,0.3391721248626709
alpha,0.5,1,1.0,1.0,1.0,0.0,0.0,0.0,0.0,0.0,0.0,10,0.3489284515380859
alpha,0.5,2,0.0,0.0,0.0,1.0,1.0,1.0,0.0,0.0,0.0,10,0.3445634841918945
alpha,0.5,3,0.0,0.0,0.0,0.0,0.0,0.0,1.0,1.0,1.0,10,0.3246593475341797
alpha,0.75,1,1.0,1.0,1.0,0.0,0.0,0.0,0.0,0.0,0.0,10,0.3375616073608398
alpha,0.75,2,0.0,0.0,0.0,1.0,1.0,1.0,0.0,0.0,0.0,10,0.3313841819763183
alpha,0.75,3,0.0,0.0,0.0,0.0,0.0,0.0,1.0,1.0,1.0,10,0.318291425704956
alpha,1.0,1,1.0,1.0,1.0,0.0,0.0,0.0,0.0,0.0,0.0,10,0.3081552982330322
alpha,1.0,2,0.0,0.0,0.0,1.0,1.0,1.0,0.0,0.0,0.0,10,0.2926545143127441
alpha,1.0,3,0.0,0.0,0.0,0.0,0.0,0.0,1.0,1.0,1.0,10,0.3052635192871094
beam_width,20.0,1,1.0,1.0,1.0,0.0,0.0,0.0,0.0,0.0,0.0,10,0.1722636222839355
beam_width,20.0,2,0.0,0.0,0.0,1.0,1.0,1.0,0.0,0.0,0.0,10,0.1630926132202148
beam_width,20.0,3,0.0,0.0,0.0,0.0,0.0,0.0,1.0,1.0,1.0,10,0.1710197925567627
beam_width,40.0,1,1.0,1.0,1.0,0.0,0.0,0.0,0.0,0.0,0.0,10,0.3514997959136963
beam_width,40.0,2,0.0,0.0,0.0,1.0,1.0,1.0,0.0,0.0,0.0,10,0.3499693870544433
beam_width,40.0,3,0.0,0.0,0.0,0.0,0.0,0.0,1.0,1.0,1.0,10,0.3296535015106201
beam_width,80.0,1,1.0,1.0,1.0,0.0,0.0,0.0,0.0,0.0,0.0,10,0.6413455009460449
beam_width,80.0,2,0.0,0.0,0.0,1.0,1.0,1.0,0.0,0.0,0.0,10,0.6130602359771729
beam_width,80.0,3,0.0,0.0,0.0,0.0,0.0,0.0,1.0,1.0,1.0,10,0.595510721206665
beam_width,160.0,1,1.0,1.0,1.0,0.0,0.0,0.0,0.0,0.0,0.0,10,1.2869296073913574
beam_width,160.0,2,0.0,0.0,0.0,1.0,1.0,1.0,0.0,0.0,0.0,10,1.22450590133667
beam_width,160.0,3,0.0,0.0,0.0,0.0,0.0,0.0,1.0,1.0,1.0,10,1.2366235256195068
alpha,0.1,1,0.0,0.0,0.0,0.0,0.0,0.0,0.0,0.0,0.0,11,0.487593412399292
alpha,0.1,2,0.0,0.0,0.0,1.0,1.0,1.0,0.0,0.0,0.0,11,0.3737621307373047
alpha,0.1,3,0.0,0.0,0.0,0.0,0.0,0.0,1.0,1.0,1.0,11,0.3677303791046142
alpha,0.3,1,0.0,0.0,0.0,0.0,0.0,0.0,0.0,0.0,0.0,11,0.4960029125213623
alpha,0.3,2,0.0,0.0,0.0,1.0,1.0,1.0,0.0,0.0,0.0,11,0.3740413188934326
alpha,0.3,3,0.0,0.0,0.0,0.0,0.0,0.0,1.0,1.0,1.0,11,0.3604874610900879
alpha,0.5,1,0.0,0.0,0.0,0.0,0.0,0.0,0.0,0.0,0.0,11,0.499765396118164
alpha,0.5,2,0.0,0.0,0.0,1.0,1.0,1.0,0.0,0.0,0.0,11,0.3753695487976074
alpha,0.5,3,0.0,0.0,0.0,0.0,0.0,0.0,1.0,1.0,1.0,11,0.3664186000823974
alpha,0.75,1,0.0484347312463083,0.0333333333333333,0.0885529157667386,0.0,0.0,0.0,0.0,0.0,0.0,11,0.3682618141174316
alpha,0.75,2,0.0,0.0,0.0,1.0,1.0,1.0,0.0,0.0,0.0,11,0.3725175857543945
alpha,0.75,3,0.0,0.0,0.0,0.0,0.0,0.0,1.0,1.0,1.0,11,0.3398749828338623
alpha,1.0,1,0.0,0.0,0.0,0.0,0.0,0.0,0.0,0.0,0.0,11,0.3311455249786377
alpha,1.0,2,0.0,0.0,0.0,1.0,1.0,1.0,0.0,0.0,0.0,11,0.3740632534027099
alpha,1.0,3,0.0,0.0,0.0,0.4885333333333334,0.3321247280638144,0.9233870967741936,1.0,1.0,1.0,11,0.3458545207977295
beam_width,20.0,1,0.0,0.0,0.0,0.0,0.0,0.0,0.0,0.0,0.0,11,0.2102041244506836
beam_width,20.0,2,0.0,0.0,0.0,1.0,1.0,1.0,0.0,0.0,0.0,11,0.1718788146972656
beam_width,20.0,3,0.0,0.0,0.0,0.0,0.0,0.0,1.0,1.0,1.0,11,0.1641857624053955
beam_width,40.0,1,0.0,0.0,0.0,0.0,0.0,0.0,0.0,0.0,0.0,11,0.4886677265167236
beam_width,40.0,2,0.0,0.0,0.0,1.0,1.0,1.0,0.0,0.0,0.0,11,0.3751072883605957
beam_width,40.0,3,0.0,0.0,0.0,0.0,0.0,0.0,1.0,1.0,1.0,11,0.3537149429321289
beam_width,80.0,1,0.0,0.0,0.0,0.0,0.0,0.0,0.0,0.0,0.0,11,0.9047954082489014
beam_width,80.0,2,0.0,0.0,0.0,1.0,1.0,1.0,0.0,0.0,0.0,11,0.6958165168762207
beam_width,80.0,3,0.0,0.0,0.0,0.0,0.0,0.0,1.0,1.0,1.0,11,0.674574613571167
beam_width,160.0,1,0.0,0.0,0.0,0.0,0.0,0.0,0.0,0.0,0.0,11,1.7984161376953125
beam_width,160.0,2,0.0,0.0,0.0,1.0,1.0,1.0,0.0,0.0,0.0,11,1.418567180633545
beam_width,160.0,3,0.0,0.0,0.0,0.0,0.0,0.0,1.0,1.0,1.0,11,1.3585116863250732
alpha,0.1,1,1.0,1.0,1.0,0.0,0.0,0.0,0.0,0.0,0.0,12,0.3533825874328613
alpha,0.1,2,0.0,0.0,0.0,1.0,1.0,1.0,0.0,0.0,0.0,12,0.3595139980316162
alpha,0.1,3,0.0,0.0,0.0,0.0,0.0,0.0,1.0,1.0,1.0,12,0.3293709754943847
alpha,0.3,1,1.0,1.0,1.0,0.0,0.0,0.0,0.0,0.0,0.0,12,0.3382813930511474
alpha,0.3,2,0.0,0.0,0.0,1.0,1.0,1.0,0.0,0.0,0.0,12,0.3632149696350097
alpha,0.3,3,0.0,0.0,0.0,0.0,0.0,0.0,1.0,1.0,1.0,12,0.3354558944702148
alpha,0.5,1,1.0,1.0,1.0,0.0,0.0,0.0,0.0,0.0,0.0,12,0.3401272296905517
alpha,0.5,2,0.0,0.0,0.0,1.0,1.0,1.0,0.0,0.0,0.0,12,0.3693137168884277
alpha,0.5,3,0.0,0.0,0.0,0.0,0.0,0.0,1.0,1.0,1.0,12,0.318040132522583
alpha,0.75,1,1.0,1.0,1.0,0.0,0.0,0.0,0.0,0.0,0.0,12,0.3198151588439941
alpha,0.75,2,0.0,0.0,0.0,1.0,1.0,1.0,0.0,0.0,0.0,12,0.3655123710632324
alpha,0.75,3,0.0,0.0,0.0,0.0,0.0,0.0,1.0,1.0,1.0,12,0.3053600788116455
alpha,1.0,1,1.0,1.0,1.0,0.0,0.0,0.0,0.0,0.0,0.0,12,0.3020234107971191
alpha,1.0,2,0.0,0.0,0.0,1.0,1.0,1.0,0.0,0.0,0.0,12,0.3702921867370605
alpha,1.0,3,0.0,0.0,0.0,0.0,0.0,0.0,1.0,1.0,1.0,12,0.2959613800048828
beam_width,20.0,1,1.0,1.0,1.0,0.0,0.0,0.0,0.0,0.0,0.0,12,0.1653666496276855
beam_width,20.0,2,0.0,0.0,0.0,1.0,1.0,1.0,0.0,0.0,0.0,12,0.1860914230346679
beam_width,20.0,3,0.0,0.0,0.0,0.0,0.0,0.0,1.0,1.0,1.0,12,0.1649074554443359
beam_width,40.0,1,1.0,1.0,1.0,0.0,0.0,0.0,0.0,0.0,0.0,12,0.3434865474700928
beam_width,40.0,2,0.0,0.0,0.0,1.0,1.0,1.0,0.0,0.0,0.0,12,0.3685503005981445
beam_width,40.0,3,0.0,0.0,0.0,0.0,0.0,0.0,1.0,1.0,1.0,12,0.3194913864135742
beam_width,80.0,1,1.0,1.0,1.0,0.0,0.0,0.0,0.0,0.0,0.0,12,0.5989887714385986
beam_width,80.0,2,0.0,0.0,0.0,1.0,1.0,1.0,0.0,0.0,0.0,12,0.6672499179840088
beam_width,80.0,3,0.0,0.0,0.0,0.0,0.0,0.0,1.0,1.0,1.0,12,0.60422682762146
beam_width,160.0,1,1.0,1.0,1.0,0.0,0.0,0.0,0.0,0.0,0.0,12,1.2219622135162354
beam_width,160.0,2,0.0,0.0,0.0,1.0,1.0,1.0,0.0,0.0,0.0,12,1.3740732669830322
beam_width,160.0,3,0.0,0.0,0.0,0.0,0.0,0.0,1.0,1.0,1.0,12,1.1759603023529053
alpha,0.1,1,1.0,1.0,1.0,0.0,0.0,0.0,0.0,0.0,0.0,13,0.4180281162261963
alpha,0.1,2,0.0,0.0,0.0,1.0,1.0,1.0,0.0,0.0,0.0,13,0.2890710830688476
alpha,0.1,3,0.0,0.0,0.0,0.0,0.0,0.0,1.0,1.0,1.0,13,0.3547027111053467
alpha,0.3,1,1.0,1.0,1.0,0.0,0.0,0.0,0.0,0.0,0.0,13,0.3662147521972656
alpha,0.3,2,0.0,0.0,0.0,1.0,1.0,1.0,0.0,0.0,0.0,13,0.2612078189849853
alpha,0.3,3,0.0,0.0,0.0,0.0,0.0,0.0,1.0,1.0,1.0,13,0.3578138351440429
alpha,0.5,1,1.0,1.0,1.0,0.0,0.0,0.0,0.0,0.0,0.0,13,0.3899874687194824
alpha,0.5,2,0.0,0.0,0.0,1.0,1.0,1.0,0.0,0.0,0.0,13,0.2600531578063965
alpha,0.5,3,0.0,0.0,0.0,0.0,0.0,0.0,1.0,1.0,1.0,13,0.3329722881317138
alpha,0.75,1,1.0,1.0,1.0,0.0,0.0,0.0,0.0,0.0,0.0,13,0.3655660152435303
alpha,0.75,2,0.0,0.0,0.0,1.0,1.0,1.0,0.0,0.0,0.0,13,0.26302170753479
alpha,0.75,3,0.0,0.0,0.0,0.0,0.0,0.0,1.0,1.0,1.0,13,0.3108911514282226
alpha,1.0,1,1.0,1.0,1.0,0.0,0.0,0.0,0.0,0.0,0.0,13,0.3374269008636474
alpha,1.0,2,0.0,0.0,0.0,1.0,1.0,1.0,0.0,0.0,0.0,13,0.2691681385040283
alpha,1.0,3,0.1428571428571428,0.1206293706293706,0.1751269035532995,0.4692737430167598,0.3671328671328671,0.6501547987616099,1.0,1.0,1.0,13,0.2820732593536377
beam_width,20.0,1,1.0,1.0,1.0,0.0,0.0,0.0,0.0,0.0,0.0,13,0.1818063259124755
beam_width,20.0,2,0.0,0.0,0.0,1.0,1.0,1.0,0.0,0.0,0.0,13,0.1335361003875732
beam_width,20.0,3,0.0,0.0,0.0,0.0,0.0,0.0,1.0,1.0,1.0,13,0.1693053245544433
beam_width,40.0,1,1.0,1.0,1.0,0.0,0.0,0.0,0.0,0.0,0.0,13,0.3618814945220947
beam_width,40.0,2,0.0,0.0,0.0,1.0,1.0,1.0,0.0,0.0,0.0,13,0.2602903842926025
beam_width,40.0,3,0.0,0.0,0.0,0.0,0.0,0.0,1.0,1.0,1.0,13,0.3347547054290771
beam_width,80.0,1,1.0,1.0,1.0,0.0,0.0,0.0,0.0,0.0,0.0,13,0.6675703525543213
beam_width,80.0,2,0.0,0.0,0.0,1.0,1.0,1.0,0.0,0.0,0.0,13,0.4831244945526123
beam_width,80.0,3,0.0,0.0,0.0,0.0,0.0,0.0,1.0,1.0,1.0,13,0.6600744724273682
beam_width,160.0,1,1.0,1.0,1.0,0.0,0.0,0.0,0.0,0.0,0.0,13,1.4983282089233398
beam_width,160.0,2,0.0,0.0,0.0,1.0,1.0,1.0,0.0,0.0,0.0,13,1.0882997512817385
beam_width,160.0,3,0.0,0.0,0.0,0.0,0.0,0.0,1.0,1.0,1.0,13,1.3312408924102783
alpha,0.1,1,1.0,1.0,1.0,0.0,0.0,0.0,0.0,0.0,0.0,14,0.3875906467437744
alpha,0.1,2,0.0,0.0,0.0,1.0,1.0,1.0,0.0,0.0,0.0,14,0.3669781684875488
alpha,0.1,3,0.0,0.0,0.0,0.0,0.0,0.0,1.0,1.0,1.0,14,0.3650326728820801
alpha,0.3,1,1.0,1.0,1.0,0.0,0.0,0.0,0.0,0.0,0.0,14,0.3830306529998779
alpha,0.3,2,0.0,0.0,0.0,1.0,1.0,1.0,0.0,0.0,0.0,14,0.3727328777313232
alpha,0.3,3,0.0,0.0,0.0,0.0,0.0,0.0,1.0,1.0,1.0,14,0.3715260028839111
alpha,0.5,1,1.0,1.0,1.0,0.0,0.0,0.0,0.0,0.0,0.0,14,0.3765797615051269
alpha,0.5,2,0.0,0.0,0.0,1.0,1.0,1.0,0.0,0.0,0.0,14,0.3744666576385498
alpha,0.5,3,0.0,0.0,0.0,0.0,0.0,0.0,1.0,1.0,1.0,14,0.3707778453826904
alpha,0.75,1,1.0,1.0,1.0,0.0,0.0,0.0,0.0,0.0,0.0,14,0.3804466724395752
alpha,0.75,2,0.0,0.0,0.0,1.0,1.0,1.0,0.0,0.0,0.0,14,0.3688075542449951
alpha,0.75,3,0.0,0.0,0.0,0.0,0.0,0.0,1.0,1.0,1.0,14,0.371945858001709
alpha,1.0,1,1.0,1.0,1.0,0.0,0.0,0.0,0.0,0.0,0.0,14,0.3707334995269775
alpha,1.0,2,0.0,0.0,0.0,1.0,1.0,1.0,0.0,0.0,0.0,14,0.335458755493164
alpha,1.0,3,0.0,0.0,0.0,0.0,0.0,0.0,1.0,1.0,1.0,14,0.3238406181335449
beam_width,20.0,1,1.0,1.0,1.0,0.0,0.0,0.0,0.0,0.0,0.0,14,0.1925783157348632
beam_width,20.0,2,0.0,0.0,0.0,1.0,1.0,1.0,0.0,0.0,0.0,14,0.188845157623291
beam_width,20.0,3,0.0,0.0,0.0,0.0,0.0,0.0,1.0,1.0,1.0,14,0.1909122467041015
beam_width,40.0,1,1.0,1.0,1.0,0.0,0.0,0.0,0.0,0.0,0.0,14,0.3851425647735595
beam_width,40.0,2,0.0,0.0,0.0,1.0,1.0,1.0,0.0,0.0,0.0,14,0.374647855758667
beam_width,40.0,3,0.0,0.0,0.0,0.0,0.0,0.0,1.0,1.0,1.0,14,0.3724532127380371
beam_width,80.0,1,1.0,1.0,1.0,0.0,0.0,0.0,0.0,0.0,0.0,14,0.6809501647949219
beam_width,80.0,2,0.0,0.0,0.0,1.0,1.0,1.0,0.0,0.0,0.0,14,0.6638352870941162
beam_width,80.0,3,0.0,0.0,0.0,0.0,0.0,0.0,1.0,1.0,1.0,14,0.6788020133972168
beam_width,160.0,1,1.0,1.0,1.0,0.0,0.0,0.0,0.0,0.0,0.0,14,1.4137752056121826
beam_width,160.0,2,0.0,0.0,0.0,1.0,1.0,1.0,0.0,0.0,0.0,14,1.380061149597168
beam_width,160.0,3,0.0,0.0,0.0,0.0,0.0,0.0,1.0,1.0,1.0,14,1.393580198287964
alpha,0.1,1,1.0,1.0,1.0,0.0,0.0,0.0,0.0,0.0,0.0,15,0.3390977382659912
alpha,0.1,2,0.0,0.0,0.0,1.0,1.0,1.0,0.0,0.0,0.0,15,0.3286676406860351
alpha,0.1,3,0.0,0.0,0.0,0.0,0.0,0.0,1.0,1.0,1.0,15,0.2589380741119385
alpha,0.3,1,1.0,1.0,1.0,0.0,0.0,0.0,0.0,0.0,0.0,15,0.3292078971862793
alpha,0.3,2,0.0,0.0,0.0,1.0,1.0,1.0,0.0,0.0,0.0,15,0.3273019790649414
alpha,0.3,3,0.0,0.0,0.0,0.0,0.0,0.0,1.0,1.0,1.0,15,0.259009838104248
alpha,0.5,1,1.0,1.0,1.0,0.0,0.0,0.0,0.0,0.0,0.0,15,0.3313415050506592
alpha,0.5,2,0.0,0.0,0.0,1.0,1.0,1.0,0.0,0.0,0.0,15,0.3152997493743896
alpha,0.5,3,0.0,0.0,0.0,0.0,0.0,0.0,1.0,1.0,1.0,15,0.2574219703674316
alpha,0.75,1,1.0,1.0,1.0,0.0,0.0,0.0,0.0,0.0,0.0,15,0.3042564392089844
alpha,0.75,2,0.0,0.0,0.0,1.0,1.0,1.0,0.0,0.0,0.0,15,0.2935776710510254
alpha,0.75,3,0.0,0.0,0.0,0.0,0.0,0.0,1.0,1.0,1.0,15,0.2613303661346435
alpha,1.0,1,1.0,1.0,1.0,0.0,0.0,0.0,0.0,0.0,0.0,15,0.2886888980865478
alpha,1.0,2,0.1458923512747875,0.110752688172043,0.2136929460580912,1.0,1.0,1.0,0.0,0.0,0.0,15,0.2841565608978271
alpha,1.0,3,0.0,0.0,0.0,0.0,0.0,0.0,1.0,1.0,1.0,15,0.2689800262451172
beam_width,20.0,1,1.0,1.0,1.0,0.0,0.0,0.0,0.0,0.0,0.0,15,0.1682565212249755
beam_width,20.0,2,0.0,0.0,0.0,1.0,1.0,1.0,0.0,0.0,0.0,15,0.1683804988861084
beam_width,20.0,3,0.0,0.0,0.0,0.0,0.0,0.0,1.0,1.0,1.0,15,0.1329867839813232
beam_width,40.0,1,1.0,1.0,1.0,0.0,0.0,0.0,0.0,0.0,0.0,15,0.3308074474334717
beam_width,40.0,2,0.0,0.0,0.0,1.0,1.0,1.0,0.0,0.0,0.0,15,0.3184165954589844
beam_width,40.0,3,0.0,0.0,0.0,0.0,0.0,0.0,1.0,1.0,1.0,15,0.2590649127960205
beam_width,80.0,1,1.0,1.0,1.0,0.0,0.0,0.0,0.0,0.0,0.0,15,0.6041567325592041
beam_width,80.0,2,0.0,0.0,0.0,1.0,1.0,1.0,0.0,0.0,0.0,15,0.5719883441925049
beam_width,80.0,3,0.0,0.0,0.0,0.0,0.0,0.0,1.0,1.0,1.0,15,0.473158597946167
beam_width,160.0,1,1.0,1.0,1.0,0.0,0.0,0.0,0.0,0.0,0.0,15,1.19797682762146
beam_width,160.0,2,0.0,0.0,0.0,1.0,1.0,1.0,0.0,0.0,0.0,15,1.1656060218811035
beam_width,160.0,3,0.0,0.0,0.0,0.0,0.0,0.0,1.0,1.0,1.0,15,0.978621244430542
alpha,0.1,1,1.0,1.0,1.0,0.0,0.0,0.0,0.0,0.0,0.0,16,0.3423843383789062
alpha,0.1,2,0.0,0.0,0.0,1.0,1.0,1.0,0.0,0.0,0.0,16,0.3393597602844238
alpha,0.1,3,0.0,0.0,0.0,0.0,0.0,0.0,1.0,1.0,1.0,16,0.3506448268890381
alpha,0.3,1,1.0,1.0,1.0,0.0,0.0,0.0,0.0,0.0,0.0,16,0.3268976211547851
alpha,0.3,2,0.0,0.0,0.0,1.0,1.0,1.0,0.0,0.0,0.0,16,0.3445549011230469
alpha,0.3,3,0.0,0.0,0.0,0.0,0.0,0.0,1.0,1.0,1.0,16,0.3455429077148437
alpha,0.5,1,1.0,1.0,1.0,0.0,0.0,0.0,0.0,0.0,0.0,16,0.322399377822876
alpha,0.5,2,0.0,0.0,0.0,1.0,1.0,1.0,0.0,0.0,0.0,16,0.3319213390350342
alpha,0.5,3,0.0,0.0,0.0,0.0,0.0,0.0,1.0,1.0,1.0,16,0.3491981029510498
alpha,0.75,1,1.0,1.0,1.0,0.0,0.0,0.0,0.0,0.0,0.0,16,0.2909379005432129
alpha,0.75,2,0.0,0.0,0.0,1.0,1.0,1.0,0.0,0.0,0.0,16,0.3123195171356201
alpha,0.75,3,0.0,0.0,0.0,0.0,0.0,0.0,1.0,1.0,1.0,16,0.350050687789917
alpha,1.0,1,1.0,1.0,1.0,0.0,0.0,0.0,0.0,0.0,0.0,16,0.2792072296142578
alpha,1.0,2,0.0,0.0,0.0,1.0,1.0,1.0,0.0,0.0,0.0,16,0.2982792854309082
alpha,1.0,3,0.0,0.0,0.0,0.0,0.0,0.0,1.0,1.0,1.0,16,0.3167109489440918
beam_width,20.0,1,1.0,1.0,1.0,0.0,0.0,0.0,0.0,0.0,0.0,16,0.1505205631256103
beam_width,20.0,2,0.0,0.0,0.0,1.0,1.0,1.0,0.0,0.0,0.0,16,0.1661214828491211
beam_width,20.0,3,0.0,0.0,0.0,0.0,0.0,0.0,1.0,1.0,1.0,16,0.1644752025604248
beam_width,40.0,1,1.0,1.0,1.0,0.0,0.0,0.0,0.0,0.0,0.0,16,0.3233721256256103
beam_width,40.0,2,0.0,0.0,0.0,1.0,1.0,1.0,0.0,0.0,0.0,16,0.3455243110656738
beam_width,40.0,3,0.0,0.0,0.0,0.0,0.0,0.0,1.0,1.0,1.0,16,0.3522944450378418
beam_width,80.0,1,1.0,1.0,1.0,0.0,0.0,0.0,0.0,0.0,0.0,16,0.5773658752441406
beam_width,80.0,2,0.0,0.0,0.0,1.0,1.0,1.0,0.0,0.0,0.0,16,0.5941541194915771
beam_width,80.0,3,0.0,0.0,0.0,0.0,0.0,0.0,1.0,1.0,1.0,16,0.6418285369873047
beam_width,160.0,1,1.0,1.0,1.0,0.0,0.0,0.0,0.0,0.0,0.0,16,1.0869152545928955
beam_width,160.0,2,0.0,0.0,0.0,1.0,1.0,1.0,0.0,0.0,0.0,16,1.2122926712036133
beam_width,160.0,3,0.0,0.0,0.0,0.0,0.0,0.0,1.0,1.0,1.0,16,1.2606604099273682
alpha,0.1,1,1.0,1.0,1.0,0.0,0.0,0.0,0.0,0.0,0.0,17,0.3271412849426269
alpha,0.1,2,0.0,0.0,0.0,1.0,1.0,1.0,0.0,0.0,0.0,17,0.3156921863555908
alpha,0.1,3,0.0,0.0,0.0,0.0,0.0,0.0,1.0,1.0,1.0,17,0.3372812271118164
alpha,0.3,1,1.0,1.0,1.0,0.0,0.0,0.0,0.0,0.0,0.0,17,0.3168122768402099
alpha,0.3,2,0.0,0.0,0.0,1.0,1.0,1.0,0.0,0.0,0.0,17,0.3163440227508545
alpha,0.3,3,0.0,0.0,0.0,0.0,0.0,0.0,1.0,1.0,1.0,17,0.3445742130279541
alpha,0.5,1,1.0,1.0,1.0,0.0,0.0,0.0,0.0,0.0,0.0,17,0.303591251373291
alpha,0.5,2,0.0,0.0,0.0,1.0,1.0,1.0,0.0,0.0,0.0,17,0.3156046867370605
alpha,0.5,3,0.0,0.0,0.0,0.0,0.0,0.0,1.0,1.0,1.0,17,0.3423464298248291
alpha,0.75,1,1.0,1.0,1.0,0.0,0.0,0.0,0.0,0.0,0.0,17,0.2829179763793945
alpha,0.75,2,0.0,0.0,0.0,1.0,1.0,1.0,0.0,0.0,0.0,17,0.3165695667266845
alpha,0.75,3,0.0,0.0,0.0,0.0,0.0,0.0,1.0,1.0,1.0,17,0.3356502056121826
alpha,1.0,1,1.0,1.0,1.0,0.0,0.0,0.0,0.0,0.0,0.0,17,0.2787847518920898
alpha,1.0,2,0.0,0.0,0.0,1.0,1.0,1.0,0.0,0.0,0.0,17,0.276641845703125
alpha,1.0,3,0.0,0.0,0.0,0.0,0.0,0.0,1.0,1.0,1.0,17,0.2951407432556152
beam_width,20.0,1,1.0,1.0,1.0,0.0,0.0,0.0,0.0,0.0,0.0,17,0.1556944847106933
beam_width,20.0,2,0.0,0.0,0.0,1.0,1.0,1.0,0.0,0.0,0.0,17,0.1532974243164062
beam_width,20.0,3,0.0,0.0,0.0,0.0,0.0,0.0,1.0,1.0,1.0,17,0.1628022193908691
beam_width,40.0,1,1.0,1.0,1.0,0.0,0.0,0.0,0.0,0.0,0.0,17,0.3017797470092773
beam_width,40.0,2,0.0,0.0,0.0,1.0,1.0,1.0,0.0,0.0,0.0,17,0.3138313293457031
beam_width,40.0,3,0.0,0.0,0.0,0.0,0.0,0.0,1.0,1.0,1.0,17,0.3442456722259521
beam_width,80.0,1,1.0,1.0,1.0,0.0,0.0,0.0,0.0,0.0,0.0,17,0.5377955436706543
beam_width,80.0,2,0.0,0.0,0.0,1.0,1.0,1.0,0.0,0.0,0.0,17,0.5865833759307861
beam_width,80.0,3,0.0,0.0,0.0,0.0,0.0,0.0,1.0,1.0,1.0,17,0.6237640380859375
beam_width,160.0,1,1.0,1.0,1.0,0.0,0.0,0.0,0.0,0.0,0.0,17,1.077676773071289
beam_width,160.0,2,0.0,0.0,0.0,1.0,1.0,1.0,0.0,0.0,0.0,17,1.1311986446380615
beam_width,160.0,3,0.0,0.0,0.0,0.0,0.0,0.0,1.0,1.0,1.0,17,1.2364647388458252
alpha,0.1,1,1.0,1.0,1.0,0.0,0.0,0.0,0.0,0.0,0.0,18,0.3670086860656738
alpha,0.1,2,0.0,0.0,0.0,1.0,1.0,1.0,0.0,0.0,0.0,18,0.3739986419677734
alpha,0.1,3,0.0,0.0,0.0,0.0,0.0,0.0,1.0,1.0,1.0,18,0.3596651554107666
alpha,0.3,1,1.0,1.0,1.0,0.0,0.0,0.0,0.0,0.0,0.0,18,0.3660590648651123
alpha,0.3,2,0.0,0.0,0.0,1.0,1.0,1.0,0.0,0.0,0.0,18,0.3776259422302246
alpha,0.3,3,0.0,0.0,0.0,0.0,0.0,0.0,1.0,1.0,1.0,18,0.3635454177856445
alpha,0.5,1,1.0,1.0,1.0,0.0,0.0,0.0,0.0,0.0,0.0,18,0.3748717308044433
alpha,0.5,2,0.0,0.0,0.0,1.0,1.0,1.0,0.0,0.0,0.0,18,0.3654947280883789
alpha,0.5,3,0.0,0.0,0.0,0.0,0.0,0.0,1.0,1.0,1.0,18,0.3694665431976318
alpha,0.75,1,1.0,1.0,1.0,0.0,0.0,0.0,0.0,0.0,0.0,18,0.3703377246856689
alpha,0.75,2,0.0,0.0,0.0,1.0,1.0,1.0,0.0,0.0,0.0,18,0.3520295619964599
alpha,0.75,3,0.0,0.0,0.0,0.0,0.0,0.0,1.0,1.0,1.0,18,0.369081974029541
alpha,1.0,1,1.0,1.0,1.0,0.0,0.0,0.0,0.0,0.0,0.0,18,0.3743777275085449
alpha,1.0,2,0.0,0.0,0.0,1.0,1.0,1.0,0.0,0.0,0.0,18,0.3477816581726074
alpha,1.0,3,0.0,0.0,0.0,0.7076923076923077,0.5476190476190477,1.0,0.6291635825314582,0.458963282937365,1.0,18,0.3674094676971435
beam_width,20.0,1,1.0,1.0,1.0,0.0,0.0,0.0,0.0,0.0,0.0,18,0.169825792312622
beam_width,20.0,2,0.0,0.0,0.0,1.0,1.0,1.0,0.0,0.0,0.0,18,0.1713645458221435
beam_width,20.0,3,0.0,0.0,0.0,0.0,0.0,0.0,1.0,1.0,1.0,18,0.1751585006713867
beam_width,40.0,1,1.0,1.0,1.0,0.0,0.0,0.0,0.0,0.0,0.0,18,0.3719360828399658
beam_width,40.0,2,0.0,0.0,0.0,1.0,1.0,1.0,0.0,0.0,0.0,18,0.3685872554779053
beam_width,40.0,3,0.0,0.0,0.0,0.0,0.0,0.0,1.0,1.0,1.0,18,0.3691492080688476
beam_width,80.0,1,1.0,1.0,1.0,0.0,0.0,0.0,0.0,0.0,0.0,18,0.6873314380645752
beam_width,80.0,2,0.0,0.0,0.0,1.0,1.0,1.0,0.0,0.0,0.0,18,0.6918900012969971
beam_width,80.0,3,0.0,0.0,0.0,0.0,0.0,0.0,1.0,1.0,1.0,18,0.7046148777008057
beam_width,160.0,1,1.0,1.0,1.0,0.0,0.0,0.0,0.0,0.0,0.0,18,1.381258249282837
beam_width,160.0,2,0.0,0.0,0.0,1.0,1.0,1.0,0.0,0.0,0.0,18,1.3640775680541992
beam_width,160.0,3,0.0,0.0,0.0,0.0,0.0,0.0,1.0,1.0,1.0,18,1.376558542251587
alpha,0.1,1,1.0,1.0,1.0,0.0,0.0,0.0,0.0,0.0,0.0,19,0.3766229152679443
alpha,0.1,2,0.0,0.0,0.0,1.0,1.0,1.0,0.0,0.0,0.0,19,0.3224260807037353
alpha,0.1,3,0.0,0.0,0.0,0.0,0.0,0.0,1.0,1.0,1.0,19,0.3636956214904785
alpha,0.3,1,1.0,1.0,1.0,0.0,0.0,0.0,0.0,0.0,0.0,19,0.3691673278808594
alpha,0.3,2,0.0,0.0,0.0,1.0,1.0,1.0,0.0,0.0,0.0,19,0.3283569812774658
alpha,0.3,3,0.0,0.0,0.0,0.0,0.0,0.0,1.0,1.0,1.0,19,0.369551420211792
alpha,0.5,1,1.0,1.0,1.0,0.0,0.0,0.0,0.0,0.0,0.0,19,0.3699743747711181
alpha,0.5,2,0.0,0.0,0.0,1.0,1.0,1.0,0.0,0.0,0.0,19,0.3337271213531494
alpha,0.5,3,0.0,0.0,0.0,0.0,0.0,0.0,1.0,1.0,1.0,19,0.3669896125793457
alpha,0.75,1,1.0,1.0,1.0,0.0,0.0,0.0,0.0,0.0,0.0,19,0.369377851486206
alpha,0.75,2,0.0,0.0,0.0,1.0,1.0,1.0,0.0,0.0,0.0,19,0.3415999412536621
alpha,0.75,3,0.0,0.0,0.0,0.0,0.0,0.0,1.0,1.0,1.0,19,0.371981143951416
alpha,1.0,1,1.0,1.0,1.0,0.0,0.0,0.0,0.0,0.0,0.0,19,0.3855671882629394
alpha,1.0,2,0.2890510948905109,0.2275862068965517,0.396,0.6635944700460829,0.496551724137931,1.0,0.0,0.0,0.0,19,0.3648333549499511
alpha,1.0,3,0.0,0.0,0.0,0.0,0.0,0.0,1.0,1.0,1.0,19,0.3554847240447998
beam_width,20.0,1,1.0,1.0,1.0,0.0,0.0,0.0,0.0,0.0,0.0,19,0.1734960079193115
beam_width,20.0,2,0.0,0.0,0.0,1.0,1.0,1.0,0.0,0.0,0.0,19,0.1634371280670166
beam_width,20.0,3,0.0,0.0,0.0,0.0,0.0,0.0,1.0,1.0,1.0,19,0.1780202388763427
beam_width,40.0,1,1.0,1.0,1.0,0.0,0.0,0.0,0.0,0.0,0.0,19,0.3724327087402344
beam_width,40.0,2,0.0,0.0,0.0,1.0,1.0,1.0,0.0,0.0,0.0,19,0.3344132900238037
beam_width,40.0,3,0.0,0.0,0.0,0.0,0.0,0.0,1.0,1.0,1.0,19,0.376842737197876
beam_width,80.0,1,1.0,1.0,1.0,0.0,0.0,0.0,0.0,0.0,0.0,19,0.6882877349853516
beam_width,80.0,2,0.0,0.0,0.0,1.0,1.0,1.0,0.0,0.0,0.0,19,0.654801607131958
beam_width,80.0,3,0.0,0.0,0.0,0.0,0.0,0.0,1.0,1.0,1.0,19,0.7201933860778809
beam_width,160.0,1,1.0,1.0,1.0,0.0,0.0,0.0,0.0,0.0,0.0,19,1.4150335788726809
beam_width,160.0,2,0.0,0.0,0.0,1.0,1.0,1.0,0.0,0.0,0.0,19,1.4535820484161377
beam_width,160.0,3,0.0,0.0,0.0,0.0,0.0,0.0,1.0,1.0,1.0,19,1.457538366317749
alpha,0.1,1,1.0,1.0,1.0,0.0,0.0,0.0,0.0,0.0,0.0,2,0.3791155815124511
alpha,0.1,2,0.0,0.0,0.0,1.0,1.0,1.0,0.0,0.0,0.0,2,0.321141242980957
alpha,0.1,3,0.0,0.0,0.0,0.0,0.0,0.0,1.0,1.0,1.0,2,0.3557691574096679
alpha,0.3,1,1.0,1.0,1.0,0.0,0.0,0.0,0.0,0.0,0.0,2,0.3668060302734375
alpha,0.3,2,0.0,0.0,0.0,1.0,1.0,1.0,0.0,0.0,0.0,2,0.3281197547912597
alpha,0.3,3,0.0,0.0,0.0,0.0,0.0,0.0,1.0,1.0,1.0,2,0.3577859401702881
alpha,0.5,1,1.0,1.0,1.0,0.0,0.0,0.0,0.0,0.0,0.0,2,0.3734073638916015
alpha,0.5,2,0.0,0.0,0.0,1.0,1.0,1.0,0.0,0.0,0.0,2,0.334688663482666
alpha,0.5,3,0.0,0.0,0.0,0.0,0.0,0.0,1.0,1.0,1.0,2,0.323230504989624
alpha,0.75,1,1.0,1.0,1.0,0.0,0.0,0.0,0.0,0.0,0.0,2,0.3725526332855224
alpha,0.75,2,0.0,0.0,0.0,1.0,1.0,1.0,0.0,0.0,0.0,2,0.3438432216644287
alpha,0.75,3,0.0,0.0,0.0,0.0,0.0,0.0,1.0,1.0,1.0,2,0.3197622299194336
alpha,1.0,1,1.0,1.0,1.0,0.0,0.0,0.0,0.0,0.0,0.0,2,0.3569731712341308
alpha,1.0,2,0.4415182029434547,0.283300198807157,1.0,0.6697247706422019,0.503448275862069,1.0,0.0,0.0,0.0,2,0.4083421230316162
alpha,1.0,3,0.0,0.0,0.0,0.0,0.0,0.0,1.0,1.0,1.0,2,0.3336586952209472
beam_width,20.0,1,1.0,1.0,1.0,0.0,0.0,0.0,0.0,0.0,0.0,2,0.1762516498565673
beam_width,20.0,2,0.0,0.0,0.0,1.0,1.0,1.0,0.0,0.0,0.0,2,0.1612558364868164
beam_width,20.0,3,0.0,0.0,0.0,0.0,0.0,0.0,1.0,1.0,1.0,2,0.1571235656738281
beam_width,40.0,1,1.0,1.0,1.0,0.0,0.0,0.0,0.0,0.0,0.0,2,0.3700249195098877
beam_width,40.0,2,0.0,0.0,0.0,1.0,1.0,1.0,0.0,0.0,0.0,2,0.331125259399414
beam_width,40.0,3,0.0,0.0,0.0,0.0,0.0,0.0,1.0,1.0,1.0,2,0.3228685855865478
beam_width,80.0,1,1.0,1.0,1.0,0.0,0.0,0.0,0.0,0.0,0.0,2,0.6889209747314453
beam_width,80.0,2,0.0,0.0,0.0,1.0,1.0,1.0,0.0,0.0,0.0,2,0.6639940738677979
beam_width,80.0,3,0.0,0.0,0.0,0.0,0.0,0.0,1.0,1.0,1.0,2,0.5825595855712891
beam_width,160.0,1,1.0,1.0,1.0,0.0,0.0,0.0,0.0,0.0,0.0,2,1.4924662113189695
beam_width,160.0,2,0.0,0.0,0.0,1.0,1.0,1.0,0.0,0.0,0.0,2,1.4743895530700684
beam_width,160.0,3,0.0,0.0,0.0,0.0,0.0,0.0,1.0,1.0,1.0,2,1.3429832458496094
alpha,0.1,1,0.0,0.0,0.0,0.0,0.0,0.0,0.0,0.0,0.0,20,0.4888725280761719
alpha,0.1,2,0.0,0.0,0.0,1.0,1.0,1.0,0.0,0.0,0.0,20,0.3362038135528564
alpha,0.1,3,0.0,0.0,0.0,0.0,0.0,0.0,1.0,1.0,1.0,20,0.3622317314147949
alpha,0.3,1,0.0,0.0,0.0,0.0,0.0,0.0,0.0,0.0,0.0,20,0.5496835708618164
alpha,0.3,2,0.0,0.0,0.0,1.0,1.0,1.0,0.0,0.0,0.0,20,0.3369710445404053
alpha,0.3,3,0.0,0.0,0.0,0.0,0.0,0.0,1.0,1.0,1.0,20,0.3610506057739258
alpha,0.5,1,0.0,0.0,0.0,0.0,0.0,0.0,0.0,0.0,0.0,20,0.3651528358459472
alpha,0.5,2,0.0,0.0,0.0,1.0,1.0,1.0,0.0,0.0,0.0,20,0.3436574935913086
alpha,0.5,3,0.0,0.0,0.0,0.0,0.0,0.0,1.0,1.0,1.0,20,0.3637642860412597
alpha,0.75,1,0.0,0.0,0.0,0.0,0.0,0.0,0.0,0.0,0.0,20,0.3293299674987793
alpha,0.75,2,0.0,0.0,0.0,1.0,1.0,1.0,0.0,0.0,0.0,20,0.3413965702056885
alpha,0.75,3,0.0,0.0,0.0,0.0,0.0,0.0,1.0,1.0,1.0,20,0.3613209724426269
alpha,1.0,1,0.0,0.0,0.0,0.0,0.0,0.0,0.0,0.0,0.0,20,0.2703554630279541
alpha,1.0,2,0.0,0.0,0.0,1.0,1.0,1.0,0.0,0.0,0.0,20,0.3474512100219726
alpha,1.0,3,0.0,0.0,0.0,0.0,0.0,0.0,1.0,1.0,1.0,20,0.349799633026123
beam_width,20.0,1,0.0,0.0,0.0,0.0,0.0,0.0,0.0,0.0,0.0,20,0.1546046733856201
beam_width,20.0,2,0.0,0.0,0.0,1.0,1.0,1.0,0.0,0.0,0.0,20,0.1674063205718994
beam_width,20.0,3,0.0,0.0,0.0,0.0,0.0,0.0,1.0,1.0,1.0,20,0.1880886554718017
beam_width,40.0,1,0.0,0.0,0.0,0.0,0.0,0.0,0.0,0.0,0.0,20,0.3199565410614013
beam_width,40.0,2,0.0,0.0,0.0,1.0,1.0,1.0,0.0,0.0,0.0,20,0.341252326965332
beam_width,40.0,3,0.0,0.0,0.0,0.0,0.0,0.0,1.0,1.0,1.0,20,0.3684456348419189
beam_width,80.0,1,0.0,0.0,0.0,0.0,0.0,0.0,0.0,0.0,0.0,20,0.8514759540557861
beam_width,80.0,2,0.0,0.0,0.0,1.0,1.0,1.0,0.0,0.0,0.0,20,0.668720006942749
beam_width,80.0,3,0.0,0.0,0.0,0.0,0.0,0.0,1.0,1.0,1.0,20,0.6461803913116455
beam_width,160.0,1,0.0,0.0,0.0,0.0,0.0,0.0,0.0,0.0,0.0,20,1.3431899547576904
beam_width,160.0,2,0.0,0.0,0.0,1.0,1.0,1.0,0.0,0.0,0.0,20,1.5201694965362549
beam_width,160.0,3,0.0,0.0,0.0,0.0,0.0,0.0,1.0,1.0,1.0,20,1.3585638999938965
alpha,0.1,1,1.0,1.0,1.0,0.0,0.0,0.0,0.0,0.0,0.0,21,0.3507289886474609
alpha,0.1,2,0.0,0.0,0.0,1.0,1.0,1.0,0.0,0.0,0.0,21,0.3240396976470947
alpha,0.1,3,0.0,0.0,0.0,0.0,0.0,0.0,1.0,1.0,1.0,21,0.3275606632232666
alpha,0.3,1,1.0,1.0,1.0,0.0,0.0,0.0,0.0,0.0,0.0,21,0.3538401126861572
alpha,0.3,2,0.0,0.0,0.0,1.0,1.0,1.0,0.0,0.0,0.0,21,0.324967622756958
alpha,0.3,3,0.0,0.0,0.0,0.0,0.0,0.0,1.0,1.0,1.0,21,0.3267183303833008
alpha,0.5,1,1.0,1.0,1.0,0.0,0.0,0.0,0.0,0.0,0.0,21,0.3470940589904785
alpha,0.5,2,0.0,0.0,0.0,1.0,1.0,1.0,0.0,0.0,0.0,21,0.3148417472839355
alpha,0.5,3,0.0,0.0,0.0,0.0,0.0,0.0,1.0,1.0,1.0,21,0.3263993263244629
alpha,0.75,1,1.0,1.0,1.0,0.0,0.0,0.0,0.0,0.0,0.0,21,0.3148691654205322
alpha,0.75,2,0.0,0.0,0.0,1.0,1.0,1.0,0.0,0.0,0.0,21,0.3044595718383789
alpha,0.75,3,0.0,0.0,0.0,0.0,0.0,0.0,1.0,1.0,1.0,21,0.3085403442382812
alpha,1.0,1,1.0,1.0,1.0,0.0,0.0,0.0,0.0,0.0,0.0,21,0.3015673160552978
alpha,1.0,2,0.1696284329563812,0.1310861423220973,0.2402745995423341,1.0,1.0,1.0,0.0,0.0,0.0,21,0.2832732200622558
alpha,1.0,3,0.0,0.0,0.0,0.0,0.0,0.0,1.0,1.0,1.0,21,0.2918074131011963
beam_width,20.0,1,1.0,1.0,1.0,0.0,0.0,0.0,0.0,0.0,0.0,21,0.1679990291595459
beam_width,20.0,2,0.0,0.0,0.0,1.0,1.0,1.0,0.0,0.0,0.0,21,0.1564424037933349
beam_width,20.0,3,0.0,0.0,0.0,0.0,0.0,0.0,1.0,1.0,1.0,21,0.1663308143615722
beam_width,40.0,1,1.0,1.0,1.0,0.0,0.0,0.0,0.0,0.0,0.0,21,0.3441629409790039
beam_width,40.0,2,0.0,0.0,0.0,1.0,1.0,1.0,0.0,0.0,0.0,21,0.3164784908294678
beam_width,40.0,3,0.0,0.0,0.0,0.0,0.0,0.0,1.0,1.0,1.0,21,0.3265223503112793
beam_width,80.0,1,1.0,1.0,1.0,0.0,0.0,0.0,0.0,0.0,0.0,21,0.6101202964782715
beam_width,80.0,2,0.0,0.0,0.0,1.0,1.0,1.0,0.0,0.0,0.0,21,0.5714869499206543
beam_width,80.0,3,0.0,0.0,0.0,0.0,0.0,0.0,1.0,1.0,1.0,21,0.5978870391845703
beam_width,160.0,1,1.0,1.0,1.0,0.0,0.0,0.0,0.0,0.0,0.0,21,1.2543561458587646
beam_width,160.0,2,0.0,0.0,0.0,1.0,1.0,1.0,0.0,0.0,0.0,21,1.1470136642456057
beam_width,160.0,3,0.0,0.0,0.0,0.0,0.0,0.0,1.0,1.0,1.0,21,1.1918721199035645
alpha,0.1,1,1.0,1.0,1.0,0.0,0.0,0.0,0.0,0.0,0.0,22,0.362250804901123
alpha,0.1,2,0.0,0.0,0.0,1.0,1.0,1.0,0.0,0.0,0.0,22,0.3635358810424804
alpha,0.1,3,0.0,0.0,0.0,0.0,0.0,0.0,1.0,1.0,1.0,22,0.2573835849761963
alpha,0.3,1,1.0,1.0,1.0,0.0,0.0,0.0,0.0,0.0,0.0,22,0.3474709987640381
alpha,0.3,2,0.0,0.0,0.0,1.0,1.0,1.0,0.0,0.0,0.0,22,0.3762185573577881
alpha,0.3,3,0.0,0.0,0.0,0.0,0.0,0.0,1.0,1.0,1.0,22,0.2591331005096435
alpha,0.5,1,1.0,1.0,1.0,0.0,0.0,0.0,0.0,0.0,0.0,22,0.3426918983459472
alpha,0.5,2,0.0,0.0,0.0,1.0,1.0,1.0,0.0,0.0,0.0,22,0.3713090419769287
alpha,0.5,3,0.0,0.0,0.0,0.0,0.0,0.0,1.0,1.0,1.0,22,0.2566866874694824
alpha,0.75,1,1.0,1.0,1.0,0.0,0.0,0.0,0.0,0.0,0.0,22,0.325505256652832
alpha,0.75,2,0.0,0.0,0.0,1.0,1.0,1.0,0.0,0.0,0.0,22,0.3688552379608154
alpha,0.75,3,0.0,0.0,0.0,0.0,0.0,0.0,1.0,1.0,1.0,22,0.2572441101074219
alpha,1.0,1,1.0,1.0,1.0,0.0,0.0,0.0,0.0,0.0,0.0,22,0.2916848659515381
alpha,1.0,2,0.0,0.0,0.0,1.0,1.0,1.0,0.0,0.0,0.0,22,0.3512701988220215
alpha,1.0,3,0.0,0.0,0.0,0.0,0.0,0.0,1.0,1.0,1.0,22,0.2597658634185791
beam_width,20.0,1,1.0,1.0,1.0,0.0,0.0,0.0,0.0,0.0,0.0,22,0.1660435199737548
beam_width,20.0,2,0.0,0.0,0.0,1.0,1.0,1.0,0.0,0.0,0.0,22,0.1742112636566162
beam_width,20.0,3,0.0,0.0,0.0,0.0,0.0,0.0,1.0,1.0,1.0,22,0.1316230297088623
beam_width,40.0,1,1.0,1.0,1.0,0.0,0.0,0.0,0.0,0.0,0.0,22,0.3429064750671386
beam_width,40.0,2,0.0,0.0,0.0,1.0,1.0,1.0,0.0,0.0,0.0,22,0.3739047050476074
beam_width,40.0,3,0.0,0.0,0.0,0.0,0.0,0.0,1.0,1.0,1.0,22,0.2573645114898681
beam_width,80.0,1,1.0,1.0,1.0,0.0,0.0,0.0,0.0,0.0,0.0,22,0.6326968669891357
beam_width,80.0,2,0.0,0.0,0.0,1.0,1.0,1.0,0.0,0.0,0.0,22,0.7356128692626953
beam_width,80.0,3,0.0,0.0,0.0,0.0,0.0,0.0,1.0,1.0,1.0,22,0.4679136276245117
beam_width,160.0,1,1.0,1.0,1.0,0.0,0.0,0.0,0.0,0.0,0.0,22,1.218280553817749
beam_width,160.0,2,0.0,0.0,0.0,1.0,1.0,1.0,0.0,0.0,0.0,22,1.3877332210540771
beam_width,160.0,3,0.0,0.0,0.0,0.0,0.0,0.0,1.0,1.0,1.0,22,0.9542012214660645
alpha,0.1,1,1.0,1.0,1.0,0.0,0.0,0.0,0.0,0.0,0.0,23,0.3447980880737304
alpha,0.1,2,0.0,0.0,0.0,1.0,1.0,1.0,0.0,0.0,0.0,23,0.3511652946472168
alpha,0.1,3,0.0,0.0,0.0,0.0,0.0,0.0,1.0,1.0,1.0,23,0.3259906768798828
alpha,0.3,1,1.0,1.0,1.0,0.0,0.0,0.0,0.0,0.0,0.0,23,0.3407442569732666
alpha,0.3,2,0.0,0.0,0.0,1.0,1.0,1.0,0.0,0.0,0.0,23,0.3542711734771728
alpha,0.3,3,0.0,0.0,0.0,0.0,0.0,0.0,1.0,1.0,1.0,23,0.3282570838928222
alpha,0.5,1,1.0,1.0,1.0,0.0,0.0,0.0,0.0,0.0,0.0,23,0.3423311710357666
alpha,0.5,2,0.0,0.0,0.0,1.0,1.0,1.0,0.0,0.0,0.0,23,0.3591468334197998
alpha,0.5,3,0.0,0.0,0.0,0.0,0.0,0.0,1.0,1.0,1.0,23,0.3241477012634277
alpha,0.75,1,1.0,1.0,1.0,0.0,0.0,0.0,0.0,0.0,0.0,23,0.3188884258270263
alpha,0.75,2,0.0,0.0,0.0,1.0,1.0,1.0,0.0,0.0,0.0,23,0.3496241569519043
alpha,0.75,3,0.0,0.0,0.0,0.0,0.0,0.0,1.0,1.0,1.0,23,0.318000316619873
alpha,1.0,1,1.0,1.0,1.0,0.0,0.0,0.0,0.0,0.0,0.0,23,0.2923643589019775
alpha,1.0,2,0.0,0.0,0.0,1.0,1.0,1.0,0.0,0.0,0.0,23,0.3286769390106201
alpha,1.0,3,0.0,0.0,0.0,0.0,0.0,0.0,1.0,1.0,1.0,23,0.2918248176574707
beam_width,20.0,1,1.0,1.0,1.0,0.0,0.0,0.0,0.0,0.0,0.0,23,0.1652555465698242
beam_width,20.0,2,0.0,0.0,0.0,1.0,1.0,1.0,0.0,0.0,0.0,23,0.1809949874877929
beam_width,20.0,3,0.0,0.0,0.0,0.0,0.0,0.0,1.0,1.0,1.0,23,0.1661086082458496
beam_width,40.0,1,1.0,1.0,1.0,0.0,0.0,0.0,0.0,0.0,0.0,23,0.3416504859924316
beam_width,40.0,2,0.0,0.0,0.0,1.0,1.0,1.0,0.0,0.0,0.0,23,0.3557844161987304
beam_width,40.0,3,0.0,0.0,0.0,0.0,0.0,0.0,1.0,1.0,1.0,23,0.3265864849090576
beam_width,80.0,1,1.0,1.0,1.0,0.0,0.0,0.0,0.0,0.0,0.0,23,0.6052353382110596
beam_width,80.0,2,0.0,0.0,0.0,1.0,1.0,1.0,0.0,0.0,0.0,23,0.6377930641174316
beam_width,80.0,3,0.0,0.0,0.0,0.0,0.0,0.0,1.0,1.0,1.0,23,0.5996603965759277
beam_width,160.0,1,1.0,1.0,1.0,0.0,0.0,0.0,0.0,0.0,0.0,23,1.230451583862305
beam_width,160.0,2,0.0,0.0,0.0,1.0,1.0,1.0,0.0,0.0,0.0,23,1.3660485744476318
beam_width,160.0,3,0.0,0.0,0.0,0.0,0.0,0.0,1.0,1.0,1.0,23,1.1887900829315186
alpha,0.1,1,1.0,1.0,1.0,0.0,0.0,0.0,0.0,0.0,0.0,24,0.3758275508880615
alpha,0.1,2,0.0,0.0,0.0,1.0,1.0,1.0,0.0,0.0,0.0,24,0.361624002456665
alpha,0.1,3,0.0,0.0,0.0,0.0,0.0,0.0,1.0,1.0,1.0,24,0.369126558303833
alpha,0.3,1,1.0,1.0,1.0,0.0,0.0,0.0,0.0,0.0,0.0,24,0.3688416481018066
alpha,0.3,2,0.0,0.0,0.0,1.0,1.0,1.0,0.0,0.0,0.0,24,0.3595595359802246
alpha,0.3,3,0.0,0.0,0.0,0.0,0.0,0.0,1.0,1.0,1.0,24,0.3748323917388916
alpha,0.5,1,1.0,1.0,1.0,0.0,0.0,0.0,0.0,0.0,0.0,24,0.3690884113311767
alpha,0.5,2,0.0,0.0,0.0,1.0,1.0,1.0,0.0,0.0,0.0,24,0.3628802299499511
alpha,0.5,3,0.0,0.0,0.0,0.0,0.0,0.0,1.0,1.0,1.0,24,0.3807761669158935
alpha,0.75,1,1.0,1.0,1.0,0.0,0.0,0.0,0.0,0.0,0.0,24,0.3704173564910888
alpha,0.75,2,0.0,0.0,0.0,1.0,1.0,1.0,0.0,0.0,0.0,24,0.3388175964355469
alpha,0.75,3,0.0,0.0,0.0,0.0,0.0,0.0,1.0,1.0,1.0,24,0.3916330337524414
alpha,1.0,1,1.0,1.0,1.0,0.0,0.0,0.0,0.0,0.0,0.0,24,0.3514754772186279
alpha,1.0,2,0.4327902240325865,0.2761533463287849,1.0,1.0,1.0,1.0,0.0,0.0,0.0,24,0.3438858985900879
alpha,1.0,3,0.3745743473325766,0.2468212415856394,0.7764705882352941,0.4482225656877898,0.38107752956636,0.5440900562851783,0.738244514106583,0.6189224704336399,0.9145631067961164,24,0.3951699733734131
beam_width,20.0,1,1.0,1.0,1.0,0.0,0.0,0.0,0.0,0.0,0.0,24,0.1728785037994384
beam_width,20.0,2,0.0,0.0,0.0,1.0,1.0,1.0,0.0,0.0,0.0,24,0.1650171279907226
beam_width,20.0,3,0.0,0.0,0.0,0.0,0.0,0.0,1.0,1.0,1.0,24,0.1747457981109619
beam_width,40.0,1,1.0,1.0,1.0,0.0,0.0,0.0,0.0,0.0,0.0,24,0.3679597377777099
beam_width,40.0,2,0.0,0.0,0.0,1.0,1.0,1.0,0.0,0.0,0.0,24,0.3640973567962646
beam_width,40.0,3,0.0,0.0,0.0,0.0,0.0,0.0,1.0,1.0,1.0,24,0.3795480728149414
beam_width,80.0,1,1.0,1.0,1.0,0.0,0.0,0.0,0.0,0.0,0.0,24,0.7026059627532959
beam_width,80.0,2,0.0,0.0,0.0,1.0,1.0,1.0,0.0,0.0,0.0,24,0.6716997623443604
beam_width,80.0,3,0.0,0.0,0.0,0.0,0.0,0.0,1.0,1.0,1.0,24,0.7168724536895752
beam_width,160.0,1,1.0,1.0,1.0,0.0,0.0,0.0,0.0,0.0,0.0,24,1.4001193046569824
beam_width,160.0,2,0.0,0.0,0.0,1.0,1.0,1.0,0.0,0.0,0.0,24,1.289923906326294
beam_width,160.0,3,0.0,0.0,0.0,0.0,0.0,0.0,1.0,1.0,1.0,24,1.4422240257263184
alpha,0.1,1,1.0,1.0,1.0,0.0,0.0,0.0,0.0,0.0,0.0,25,0.3563113212585449
alpha,0.1,2,0.0,0.0,0.0,1.0,1.0,1.0,0.0,0.0,0.0,25,0.3382754325866699
alpha,0.1,3,0.0,0.0,0.0,0.0,0.0,0.0,1.0,1.0,1.0,25,0.312096357345581
alpha,0.3,1,1.0,1.0,1.0,0.0,0.0,0.0,0.0,0.0,0.0,25,0.3606443405151367
alpha,0.3,2,0.0,0.0,0.0,1.0,1.0,1.0,0.0,0.0,0.0,25,0.339890718460083
alpha,0.3,3,0.0,0.0,0.0,0.0,0.0,0.0,1.0,1.0,1.0,25,0.3121900558471679
alpha,0.5,1,1.0,1.0,1.0,0.0,0.0,0.0,0.0,0.0,0.0,25,0.3665206432342529
alpha,0.5,2,0.0,0.0,0.0,1.0,1.0,1.0,0.0,0.0,0.0,25,0.3422904014587402
alpha,0.5,3,0.0,0.0,0.0,0.0,0.0,0.0,1.0,1.0,1.0,25,0.3153181076049804
alpha,0.75,1,1.0,1.0,1.0,0.0,0.0,0.0,0.0,0.0,0.0,25,0.3577086925506592
alpha,0.75,2,0.0,0.0,0.0,1.0,1.0,1.0,0.0,0.0,0.0,25,0.339801549911499
alpha,0.75,3,0.0,0.0,0.0,0.0,0.0,0.0,1.0,1.0,1.0,25,0.3034076690673828
alpha,1.0,1,1.0,1.0,1.0,0.0,0.0,0.0,0.0,0.0,0.0,25,0.3303842544555664
alpha,1.0,2,0.0,0.0,0.0,1.0,1.0,1.0,0.0,0.0,0.0,25,0.3091440200805664
alpha,1.0,3,0.0,0.0,0.0,0.0,0.0,0.0,1.0,1.0,1.0,25,0.252213716506958
beam_width,20.0,1,1.0,1.0,1.0,0.0,0.0,0.0,0.0,0.0,0.0,25,0.1846837997436523
beam_width,20.0,2,0.0,0.0,0.0,1.0,1.0,1.0,0.0,0.0,0.0,25,0.1701884269714355
beam_width,20.0,3,0.0,0.0,0.0,0.0,0.0,0.0,1.0,1.0,1.0,25,0.1509065628051757
beam_width,40.0,1,1.0,1.0,1.0,0.0,0.0,0.0,0.0,0.0,0.0,25,0.3647127151489258
beam_width,40.0,2,0.0,0.0,0.0,1.0,1.0,1.0,0.0,0.0,0.0,25,0.3416268825531006
beam_width,40.0,3,0.0,0.0,0.0,0.0,0.0,0.0,1.0,1.0,1.0,25,0.316303014755249
beam_width,80.0,1,1.0,1.0,1.0,0.0,0.0,0.0,0.0,0.0,0.0,25,0.6495044231414795
beam_width,80.0,2,0.0,0.0,0.0,1.0,1.0,1.0,0.0,0.0,0.0,25,0.6520330905914307
beam_width,80.0,3,0.0,0.0,0.0,0.0,0.0,0.0,1.0,1.0,1.0,25,0.571439266204834
beam_width,160.0,1,1.0,1.0,1.0,0.0,0.0,0.0,0.0,0.0,0.0,25,1.341876983642578
beam_width,160.0,2,0.0,0.0,0.0,1.0,1.0,1.0,0.0,0.0,0.0,25,1.335904598236084
beam_width,160.0,3,0.0,0.0,0.0,0.0,0.0,0.0,1.0,1.0,1.0,25,1.1211175918579102
alpha,0.1,1,1.0,1.0,1.0,0.0,0.0,0.0,0.0,0.0,0.0,26,0.3766934871673584
alpha,0.1,2,0.0,0.0,0.0,1.0,1.0,1.0,0.0,0.0,0.0,26,0.3296043872833252
alpha,0.1,3,0.0,0.0,0.0,0.0,0.0,0.0,1.0,1.0,1.0,26,0.3728256225585937
alpha,0.3,1,1.0,1.0,1.0,0.0,0.0,0.0,0.0,0.0,0.0,26,0.3660578727722168
alpha,0.3,2,0.0,0.0,0.0,1.0,1.0,1.0,0.0,0.0,0.0,26,0.335521936416626
alpha,0.3,3,0.0,0.0,0.0,0.0,0.0,0.0,1.0,1.0,1.0,26,0.3766024112701416
alpha,0.5,1,1.0,1.0,1.0,0.0,0.0,0.0,0.0,0.0,0.0,26,0.3690037727355957
alpha,0.5,2,0.0,0.0,0.0,1.0,1.0,1.0,0.0,0.0,0.0,26,0.3385076522827148
alpha,0.5,3,0.0,0.0,0.0,0.0,0.0,0.0,1.0,1.0,1.0,26,0.3792550563812256
alpha,0.75,1,1.0,1.0,1.0,0.0,0.0,0.0,0.0,0.0,0.0,26,0.3687868118286133
alpha,0.75,2,0.0,0.0,0.0,1.0,1.0,1.0,0.0,0.0,0.0,26,0.3489818572998047
alpha,0.75,3,0.0,0.0,0.0,0.0,0.0,0.0,1.0,1.0,1.0,26,0.3824667930603027
alpha,1.0,1,1.0,1.0,1.0,0.0,0.0,0.0,0.0,0.0,0.0,26,0.349776029586792
alpha,1.0,2,0.3665241295051924,0.2475247524752475,0.7058823529411765,0.7278854254422915,0.5721854304635762,1.0,0.0,0.0,0.0,26,0.3965880870819092
alpha,1.0,3,0.0,0.0,0.0,0.0,0.0,0.0,1.0,1.0,1.0,26,0.3857862949371338
beam_width,20.0,1,1.0,1.0,1.0,0.0,0.0,0.0,0.0,0.0,0.0,26,0.1732592582702636
beam_width,20.0,2,0.0,0.0,0.0,1.0,1.0,1.0,0.0,0.0,0.0,26,0.1644964218139648
beam_width,20.0,3,0.0,0.0,0.0,0.0,0.0,0.0,1.0,1.0,1.0,26,0.1769344806671142
beam_width,40.0,1,1.0,1.0,1.0,0.0,0.0,0.0,0.0,0.0,0.0,26,0.3674173355102539
beam_width,40.0,2,0.0,0.0,0.0,1.0,1.0,1.0,0.0,0.0,0.0,26,0.338921308517456
beam_width,40.0,3,0.0,0.0,0.0,0.0,0.0,0.0,1.0,1.0,1.0,26,0.378535509109497
beam_width,80.0,1,1.0,1.0,1.0,0.0,0.0,0.0,0.0,0.0,0.0,26,0.6892786026000977
beam_width,80.0,2,0.0,0.0,0.0,1.0,1.0,1.0,0.0,0.0,0.0,26,0.6574404239654541
beam_width,80.0,3,0.0,0.0,0.0,0.0,0.0,0.0,1.0,1.0,1.0,26,0.6967751979827881
beam_width,160.0,1,1.0,1.0,1.0,0.0,0.0,0.0,0.0,0.0,0.0,26,1.390411138534546
beam_width,160.0,2,0.0,0.0,0.0,1.0,1.0,1.0,0.0,0.0,0.0,26,1.476612567901611
beam_width,160.0,3,0.0,0.0,0.0,0.0,0.0,0.0,1.0,1.0,1.0,26,1.4367573261260986
alpha,0.1,1,1.0,1.0,1.0,0.0,0.0,0.0,0.0,0.0,0.0,27,0.3470215797424316
alpha,0.1,2,0.0,0.0,0.0,1.0,1.0,1.0,0.0,0.0,0.0,27,0.2772800922393799
alpha,0.1,3,0.0,0.0,0.0,0.0,0.0,0.0,1.0,1.0,1.0,27,0.3526654243469238
alpha,0.3,1,1.0,1.0,1.0,0.0,0.0,0.0,0.0,0.0,0.0,27,0.3275847434997558
alpha,0.3,2,0.0,0.0,0.0,1.0,1.0,1.0,0.0,0.0,0.0,27,0.2812888622283935
alpha,0.3,3,0.0,0.0,0.0,0.0,0.0,0.0,1.0,1.0,1.0,27,0.3586902618408203
alpha,0.5,1,1.0,1.0,1.0,0.0,0.0,0.0,0.0,0.0,0.0,27,0.3134889602661133
alpha,0.5,2,0.0,0.0,0.0,1.0,1.0,1.0,0.0,0.0,0.0,27,0.2819204330444336
alpha,0.5,3,0.0,0.0,0.0,0.0,0.0,0.0,1.0,1.0,1.0,27,0.3560853004455566
alpha,0.75,1,1.0,1.0,1.0,0.0,0.0,0.0,0.0,0.0,0.0,27,0.2907443046569824
alpha,0.75,2,0.0,0.0,0.0,1.0,1.0,1.0,0.0,0.0,0.0,27,0.282426118850708
alpha,0.75,3,0.0,0.0,0.0,0.0,0.0,0.0,1.0,1.0,1.0,27,0.3567416667938232
alpha,1.0,1,1.0,1.0,1.0,0.0,0.0,0.0,0.0,0.0,0.0,27,0.2869901657104492
alpha,1.0,2,0.0,0.0,0.0,1.0,1.0,1.0,0.0,0.0,0.0,27,0.2848603725433349
alpha,1.0,3,0.0,0.0,0.0,0.0,0.0,0.0,1.0,1.0,1.0,27,0.3267722129821777
beam_width,20.0,1,1.0,1.0,1.0,0.0,0.0,0.0,0.0,0.0,0.0,27,0.1606802940368652
beam_width,20.0,2,0.0,0.0,0.0,1.0,1.0,1.0,0.0,0.0,0.0,27,0.1412839889526367
beam_width,20.0,3,0.0,0.0,0.0,0.0,0.0,0.0,1.0,1.0,1.0,27,0.1756031513214111
beam_width,40.0,1,1.0,1.0,1.0,0.0,0.0,0.0,0.0,0.0,0.0,27,0.3094987869262695
beam_width,40.0,2,0.0,0.0,0.0,1.0,1.0,1.0,0.0,0.0,0.0,27,0.2816848754882812
beam_width,40.0,3,0.0,0.0,0.0,0.0,0.0,0.0,1.0,1.0,1.0,27,0.3570473194122314
beam_width,80.0,1,1.0,1.0,1.0,0.0,0.0,0.0,0.0,0.0,0.0,27,0.5585799217224121
beam_width,80.0,2,0.0,0.0,0.0,1.0,1.0,1.0,0.0,0.0,0.0,27,0.5271062850952148
beam_width,80.0,3,0.0,0.0,0.0,0.0,0.0,0.0,1.0,1.0,1.0,27,0.6792171001434326
beam_width,160.0,1,1.0,1.0,1.0,0.0,0.0,0.0,0.0,0.0,0.0,27,1.1091458797454834
beam_width,160.0,2,0.0,0.0,0.0,1.0,1.0,1.0,0.0,0.0,0.0,27,1.05652117729187
beam_width,160.0,3,0.0,0.0,0.0,0.0,0.0,0.0,1.0,1.0,1.0,27,1.395721673965454
alpha,0.1,1,1.0,1.0,1.0,0.0,0.0,0.0,0.0,0.0,0.0,28,0.3360404968261719
alpha,0.1,2,0.0,0.0,0.0,1.0,1.0,1.0,0.0,0.0,0.0,28,0.3215100765228271
alpha,0.1,3,0.0,0.0,0.0,0.0,0.0,0.0,1.0,1.0,1.0,28,0.3376438617706299
alpha,0.3,1,1.0,1.0,1.0,0.0,0.0,0.0,0.0,0.0,0.0,28,0.3249101638793945
alpha,0.3,2,0.0,0.0,0.0,1.0,1.0,1.0,0.0,0.0,0.0,28,0.332038402557373
alpha,0.3,3,0.0,0.0,0.0,0.0,0.0,0.0,1.0,1.0,1.0,28,0.3374974727630615
alpha,0.5,1,1.0,1.0,1.0,0.0,0.0,0.0,0.0,0.0,0.0,28,0.3242051601409912
alpha,0.5,2,0.0,0.0,0.0,1.0,1.0,1.0,0.0,0.0,0.0,28,0.3169023990631103
alpha,0.5,3,0.0,0.0,0.0,0.0,0.0,0.0,1.0,1.0,1.0,28,0.3375923633575439
alpha,0.75,1,1.0,1.0,1.0,0.0,0.0,0.0,0.0,0.0,0.0,28,0.3052701950073242
alpha,0.75,2,0.0,0.0,0.0,1.0,1.0,1.0,0.0,0.0,0.0,28,0.3061022758483886
alpha,0.75,3,0.0,0.0,0.0,0.0,0.0,0.0,1.0,1.0,1.0,28,0.3384220600128174
alpha,1.0,1,1.0,1.0,1.0,0.0,0.0,0.0,0.0,0.0,0.0,28,0.2867326736450195
alpha,1.0,2,0.0,0.0,0.0,1.0,1.0,1.0,0.0,0.0,0.0,28,0.2958166599273681
alpha,1.0,3,0.0,0.0,0.0,0.0,0.0,0.0,1.0,1.0,1.0,28,0.3107850551605224
beam_width,20.0,1,1.0,1.0,1.0,0.0,0.0,0.0,0.0,0.0,0.0,28,0.1633086204528808
beam_width,20.0,2,0.0,0.0,0.0,1.0,1.0,1.0,0.0,0.0,0.0,28,0.1652984619140625
beam_width,20.0,3,0.0,0.0,0.0,0.0,0.0,0.0,1.0,1.0,1.0,28,0.1601536273956298
beam_width,40.0,1,1.0,1.0,1.0,0.0,0.0,0.0,0.0,0.0,0.0,28,0.3235609531402588
beam_width,40.0,2,0.0,0.0,0.0,1.0,1.0,1.0,0.0,0.0,0.0,28,0.3174536228179931
beam_width,40.0,3,0.0,0.0,0.0,0.0,0.0,0.0,1.0,1.0,1.0,28,0.3402588367462158
beam_width,80.0,1,1.0,1.0,1.0,0.0,0.0,0.0,0.0,0.0,0.0,28,0.5825791358947754
beam_width,80.0,2,0.0,0.0,0.0,1.0,1.0,1.0,0.0,0.0,0.0,28,0.5867068767547607
beam_width,80.0,3,0.0,0.0,0.0,0.0,0.0,0.0,1.0,1.0,1.0,28,0.6283755302429199
beam_width,160.0,1,1.0,1.0,1.0,0.0,0.0,0.0,0.0,0.0,0.0,28,1.1651184558868408
beam_width,160.0,2,0.0,0.0,0.0,1.0,1.0,1.0,0.0,0.0,0.0,28,1.1770858764648438
beam_width,160.0,3,0.0,0.0,0.0,0.0,0.0,0.0,1.0,1.0,1.0,28,1.2277352809906006
alpha,0.1,1,1.0,1.0,1.0,0.0,0.0,0.0,0.0,0.0,0.0,29,0.3590242862701416
alpha,0.1,2,0.0,0.0,0.0,1.0,1.0,1.0,0.0,0.0,0.0,29,0.3304474353790283
alpha,0.1,3,0.0,0.0,0.0,0.0,0.0,0.0,1.0,1.0,1.0,29,0.2610247135162353
alpha,0.3,1,1.0,1.0,1.0,0.0,0.0,0.0,0.0,0.0,0.0,29,0.3340914249420166
alpha,0.3,2,0.0,0.0,0.0,1.0,1.0,1.0,0.0,0.0,0.0,29,0.3267941474914551
alpha,0.3,3,0.0,0.0,0.0,0.0,0.0,0.0,1.0,1.0,1.0,29,0.2627573013305664
alpha,0.5,1,1.0,1.0,1.0,0.0,0.0,0.0,0.0,0.0,0.0,29,0.3178384304046631
alpha,0.5,2,0.0,0.0,0.0,1.0,1.0,1.0,0.0,0.0,0.0,29,0.312063455581665
alpha,0.5,3,0.0,0.0,0.0,0.0,0.0,0.0,1.0,1.0,1.0,29,0.2638180255889892
alpha,0.75,1,1.0,1.0,1.0,0.0,0.0,0.0,0.0,0.0,0.0,29,0.3031625747680664
alpha,0.75,2,0.0,0.0,0.0,1.0,1.0,1.0,0.0,0.0,0.0,29,0.2921340465545654
alpha,0.75,3,0.0,0.0,0.0,0.0,0.0,0.0,1.0,1.0,1.0,29,0.261760950088501
alpha,1.0,1,1.0,1.0,1.0,0.0,0.0,0.0,0.0,0.0,0.0,29,0.2904384136199951
alpha,1.0,2,0.1836734693877551,0.146067415730337,0.2473572938689217,1.0,1.0,1.0,0.0,0.0,0.0,29,0.2822844982147217
alpha,1.0,3,0.0,0.0,0.0,0.0,0.0,0.0,1.0,1.0,1.0,29,0.2628331184387207
beam_width,20.0,1,1.0,1.0,1.0,0.0,0.0,0.0,0.0,0.0,0.0,29,0.163923978805542
beam_width,20.0,2,0.0,0.0,0.0,1.0,1.0,1.0,0.0,0.0,0.0,29,0.1554491519927978
beam_width,20.0,3,0.0,0.0,0.0,0.0,0.0,0.0,1.0,1.0,1.0,29,0.1345322132110595
beam_width,40.0,1,1.0,1.0,1.0,0.0,0.0,0.0,0.0,0.0,0.0,29,0.3209624290466308
beam_width,40.0,2,0.0,0.0,0.0,1.0,1.0,1.0,0.0,0.0,0.0,29,0.3139169216156006
beam_width,40.0,3,0.0,0.0,0.0,0.0,0.0,0.0,1.0,1.0,1.0,29,0.264653205871582
beam_width,80.0,1,1.0,1.0,1.0,0.0,0.0,0.0,0.0,0.0,0.0,29,0.5788214206695557
beam_width,80.0,2,0.0,0.0,0.0,1.0,1.0,1.0,0.0,0.0,0.0,29,0.5748498439788818
beam_width,80.0,3,0.0,0.0,0.0,0.0,0.0,0.0,1.0,1.0,1.0,29,0.4732632637023926
beam_width,160.0,1,1.0,1.0,1.0,0.0,0.0,0.0,0.0,0.0,0.0,29,1.2155628204345703
beam_width,160.0,2,0.0,0.0,0.0,1.0,1.0,1.0,0.0,0.0,0.0,29,1.1210358142852783
beam_width,160.0,3,0.0,0.0,0.0,0.0,0.0,0.0,1.0,1.0,1.0,29,0.9565300941467284
alpha,0.1,1,1.0,1.0,1.0,0.0,0.0,0.0,0.0,0.0,0.0,3,0.3857460021972656
alpha,0.1,2,0.0,0.0,0.0,1.0,1.0,1.0,0.0,0.0,0.0,3,0.3694767951965332
alpha,0.1,3,0.0,0.0,0.0,0.0,0.0,0.0,1.0,1.0,1.0,3,0.3755311965942383
alpha,0.3,1,1.0,1.0,1.0,0.0,0.0,0.0,0.0,0.0,0.0,3,0.3917977809906006
alpha,0.3,2,0.0,0.0,0.0,1.0,1.0,1.0,0.0,0.0,0.0,3,0.3710839748382568
alpha,0.3,3,0.0,0.0,0.0,0.0,0.0,0.0,1.0,1.0,1.0,3,0.3769586086273193
alpha,0.5,1,1.0,1.0,1.0,0.0,0.0,0.0,0.0,0.0,0.0,3,0.3778448104858398
alpha,0.5,2,0.0,0.0,0.0,1.0,1.0,1.0,0.0,0.0,0.0,3,0.3577010631561279
alpha,0.5,3,0.0,0.0,0.0,0.0,0.0,0.0,1.0,1.0,1.0,3,0.3571856021881103
alpha,0.75,1,1.0,1.0,1.0,0.0,0.0,0.0,0.0,0.0,0.0,3,0.3803935050964355
alpha,0.75,2,0.0,0.0,0.0,1.0,1.0,1.0,0.0,0.0,0.0,3,0.3556818962097168
alpha,0.75,3,0.0,0.0,0.0,0.0,0.0,0.0,1.0,1.0,1.0,3,0.3605313301086426
alpha,1.0,1,1.0,1.0,1.0,0.0,0.0,0.0,0.0,0.0,0.0,3,0.369725227355957
alpha,1.0,2,0.0,0.0,0.0,1.0,1.0,1.0,0.0,0.0,0.0,3,0.3366870880126953
alpha,1.0,3,0.0,0.0,0.0,0.0,0.0,0.0,1.0,1.0,1.0,3,0.3299126625061035
beam_width,20.0,1,1.0,1.0,1.0,0.0,0.0,0.0,0.0,0.0,0.0,3,0.1878008842468261
beam_width,20.0,2,0.0,0.0,0.0,1.0,1.0,1.0,0.0,0.0,0.0,3,0.1822254657745361
beam_width,20.0,3,0.0,0.0,0.0,0.0,0.0,0.0,1.0,1.0,1.0,3,0.1863574981689453
beam_width,40.0,1,1.0,1.0,1.0,0.0,0.0,0.0,0.0,0.0,0.0,3,0.3764238357543945
beam_width,40.0,2,0.0,0.0,0.0,1.0,1.0,1.0,0.0,0.0,0.0,3,0.3563392162322998
beam_width,40.0,3,0.0,0.0,0.0,0.0,0.0,0.0,1.0,1.0,1.0,3,0.3551983833312988
beam_width,80.0,1,1.0,1.0,1.0,0.0,0.0,0.0,0.0,0.0,0.0,3,0.6715383529663086
beam_width,80.0,2,0.0,0.0,0.0,1.0,1.0,1.0,0.0,0.0,0.0,3,0.6315605640411377
beam_width,80.0,3,0.0,0.0,0.0,0.0,0.0,0.0,1.0,1.0,1.0,3,0.6539020538330078
beam_width,160.0,1,1.0,1.0,1.0,0.0,0.0,0.0,0.0,0.0,0.0,3,1.393317461013794
beam_width,160.0,2,0.0,0.0,0.0,1.0,1.0,1.0,0.0,0.0,0.0,3,1.3739147186279297
beam_width,160.0,3,0.0,0.0,0.0,0.0,0.0,0.0,1.0,1.0,1.0,3,1.4249308109283447
alpha,0.1,1,1.0,1.0,1.0,0.0,0.0,0.0,0.0,0.0,0.0,30,0.3733665943145752
alpha,0.1,2,0.0,0.0,0.0,1.0,1.0,1.0,0.0,0.0,0.0,30,0.3418967723846435
alpha,0.1,3,0.0,0.0,0.0,0.0,0.0,0.0,1.0,1.0,1.0,30,0.2577531337738037
alpha,0.3,1,1.0,1.0,1.0,0.0,0.0,0.0,0.0,0.0,0.0,30,0.3630826473236084
alpha,0.3,2,0.0,0.0,0.0,1.0,1.0,1.0,0.0,0.0,0.0,30,0.3358941078186035
alpha,0.3,3,0.0,0.0,0.0,0.0,0.0,0.0,1.0,1.0,1.0,30,0.2602484226226806
alpha,0.5,1,1.0,1.0,1.0,0.0,0.0,0.0,0.0,0.0,0.0,30,0.3607380390167236
alpha,0.5,2,0.0,0.0,0.0,1.0,1.0,1.0,0.0,0.0,0.0,30,0.3226733207702636
alpha,0.5,3,0.0,0.0,0.0,0.0,0.0,0.0,1.0,1.0,1.0,30,0.263526439666748
alpha,0.75,1,1.0,1.0,1.0,0.0,0.0,0.0,0.0,0.0,0.0,30,0.3593795299530029
alpha,0.75,2,0.0,0.0,0.0,1.0,1.0,1.0,0.0,0.0,0.0,30,0.3001978397369385
alpha,0.75,3,0.0,0.0,0.0,0.0,0.0,0.0,1.0,1.0,1.0,30,0.2647545337677002
alpha,1.0,1,1.0,1.0,1.0,0.0,0.0,0.0,0.0,0.0,0.0,30,0.332554817199707
alpha,1.0,2,0.0,0.0,0.0,1.0,1.0,1.0,0.0,0.0,0.0,30,0.288480281829834
alpha,1.0,3,0.0,0.0,0.0,0.0,0.0,0.0,1.0,1.0,1.0,30,0.2592716217041015
beam_width,20.0,1,1.0,1.0,1.0,0.0,0.0,0.0,0.0,0.0,0.0,30,0.1799433231353759
beam_width,20.0,2,0.0,0.0,0.0,1.0,1.0,1.0,0.0,0.0,0.0,30,0.1659474372863769
beam_width,20.0,3,0.0,0.0,0.0,0.0,0.0,0.0,1.0,1.0,1.0,30,0.1335384845733642
beam_width,40.0,1,1.0,1.0,1.0,0.0,0.0,0.0,0.0,0.0,0.0,30,0.3612191677093506
beam_width,40.0,2,0.0,0.0,0.0,1.0,1.0,1.0,0.0,0.0,0.0,30,0.320836067199707
beam_width,40.0,3,0.0,0.0,0.0,0.0,0.0,0.0,1.0,1.0,1.0,30,0.2655737400054931
beam_width,80.0,1,1.0,1.0,1.0,0.0,0.0,0.0,0.0,0.0,0.0,30,0.6704576015472412
beam_width,80.0,2,0.0,0.0,0.0,1.0,1.0,1.0,0.0,0.0,0.0,30,0.5752072334289551
beam_width,80.0,3,0.0,0.0,0.0,0.0,0.0,0.0,1.0,1.0,1.0,30,0.4784722328186035
beam_width,160.0,1,1.0,1.0,1.0,0.0,0.0,0.0,0.0,0.0,0.0,30,1.3658671379089355
beam_width,160.0,2,0.0,0.0,0.0,1.0,1.0,1.0,0.0,0.0,0.0,30,1.207176923751831
beam_width,160.0,3,0.0,0.0,0.0,0.0,0.0,0.0,1.0,1.0,1.0,30,0.950592041015625
alpha,0.1,1,1.0,1.0,1.0,0.0,0.0,0.0,0.0,0.0,0.0,31,0.3726682662963867
alpha,0.1,2,0.0,0.0,0.0,1.0,1.0,1.0,0.0,0.0,0.0,31,0.3836970329284668
alpha,0.1,3,0.0,0.0,0.0,0.0,0.0,0.0,1.0,1.0,1.0,31,0.3766965866088867
alpha,0.3,1,1.0,1.0,1.0,0.0,0.0,0.0,0.0,0.0,0.0,31,0.3501245975494385
alpha,0.3,2,0.0,0.0,0.0,1.0,1.0,1.0,0.0,0.0,0.0,31,0.376476526260376
alpha,0.3,3,0.0,0.0,0.0,0.0,0.0,0.0,1.0,1.0,1.0,31,0.359081506729126
alpha,0.5,1,1.0,1.0,1.0,0.0,0.0,0.0,0.0,0.0,0.0,31,0.3228974342346191
alpha,0.5,2,0.0,0.0,0.0,1.0,1.0,1.0,0.0,0.0,0.0,31,0.3777415752410888
alpha,0.5,3,0.0,0.0,0.0,0.0,0.0,0.0,1.0,1.0,1.0,31,0.3597400188446045
alpha,0.75,1,1.0,1.0,1.0,0.0,0.0,0.0,0.0,0.0,0.0,31,0.3253264427185058
alpha,0.75,2,0.0,0.0,0.0,1.0,1.0,1.0,0.0,0.0,0.0,31,0.3797986507415771
alpha,0.75,3,0.0,0.0,0.0,0.0,0.0,0.0,1.0,1.0,1.0,31,0.3663723468780517
alpha,1.0,1,1.0,1.0,1.0,0.0,0.0,0.0,0.0,0.0,0.0,31,0.3387951850891113
alpha,1.0,2,0.3916486681065515,0.32037691401649,0.5037037037037037,1.0,1.0,1.0,0.0,0.0,0.0,31,0.4067153930664062
alpha,1.0,3,0.0,0.0,0.0,0.4688612099644129,0.3062173155142359,1.0,1.0,1.0,1.0,31,0.3714892864227295
beam_width,20.0,1,1.0,1.0,1.0,0.0,0.0,0.0,0.0,0.0,0.0,31,0.168503999710083
beam_width,20.0,2,0.0,0.0,0.0,1.0,1.0,1.0,0.0,0.0,0.0,31,0.1744642257690429
beam_width,20.0,3,0.0,0.0,0.0,0.0,0.0,0.0,1.0,1.0,1.0,31,0.1729593276977539
beam_width,40.0,1,1.0,1.0,1.0,0.0,0.0,0.0,0.0,0.0,0.0,31,0.3228578567504883
beam_width,40.0,2,0.0,0.0,0.0,1.0,1.0,1.0,0.0,0.0,0.0,31,0.3775985240936279
beam_width,40.0,3,0.0,0.0,0.0,0.0,0.0,0.0,1.0,1.0,1.0,31,0.3610920906066894
beam_width,80.0,1,1.0,1.0,1.0,0.0,0.0,0.0,0.0,0.0,0.0,31,0.5919628143310547
beam_width,80.0,2,0.0,0.0,0.0,1.0,1.0,1.0,0.0,0.0,0.0,31,0.6987597942352295
beam_width,80.0,3,0.0,0.0,0.0,0.0,0.0,0.0,1.0,1.0,1.0,31,0.6613466739654541
beam_width,160.0,1,1.0,1.0,1.0,0.0,0.0,0.0,0.0,0.0,0.0,31,1.244727611541748
beam_width,160.0,2,0.0,0.0,0.0,1.0,1.0,1.0,0.0,0.0,0.0,31,1.421809196472168
beam_width,160.0,3,0.0,0.0,0.0,0.0,0.0,0.0,1.0,1.0,1.0,31,1.346027135848999
alpha,0.1,1,1.0,1.0,1.0,0.0,0.0,0.0,0.0,0.0,0.0,32,0.3677608966827392
alpha,0.1,2,0.0,0.0,0.0,1.0,1.0,1.0,0.0,0.0,0.0,32,0.3635010719299316
alpha,0.1,3,0.0,0.0,0.0,0.0,0.0,0.0,1.0,1.0,1.0,32,0.329493761062622
alpha,0.3,1,1.0,1.0,1.0,0.0,0.0,0.0,0.0,0.0,0.0,32,0.3536467552185058
alpha,0.3,2,0.0,0.0,0.0,1.0,1.0,1.0,0.0,0.0,0.0,32,0.3784840106964111
alpha,0.3,3,0.0,0.0,0.0,0.0,0.0,0.0,1.0,1.0,1.0,32,0.3297159671783447
alpha,0.5,1,1.0,1.0,1.0,0.0,0.0,0.0,0.0,0.0,0.0,32,0.3429286479949951
alpha,0.5,2,0.0,0.0,0.0,1.0,1.0,1.0,0.0,0.0,0.0,32,0.3723948001861572
alpha,0.5,3,0.0,0.0,0.0,0.0,0.0,0.0,1.0,1.0,1.0,32,0.3295512199401855
alpha,0.75,1,1.0,1.0,1.0,0.0,0.0,0.0,0.0,0.0,0.0,32,0.3137946128845215
alpha,0.75,2,0.0,0.0,0.0,1.0,1.0,1.0,0.0,0.0,0.0,32,0.3639199733734131
alpha,0.75,3,0.0,0.0,0.0,0.0,0.0,0.0,1.0,1.0,1.0,32,0.3032386302947998
alpha,1.0,1,1.0,1.0,1.0,0.0,0.0,0.0,0.0,0.0,0.0,32,0.2869112491607666
alpha,1.0,2,0.0,0.0,0.0,1.0,1.0,1.0,0.0,0.0,0.0,32,0.3447761535644531
alpha,1.0,3,0.0,0.0,0.0,0.0,0.0,0.0,1.0,1.0,1.0,32,0.2880105972290039
beam_width,20.0,1,1.0,1.0,1.0,0.0,0.0,0.0,0.0,0.0,0.0,32,0.1696217060089111
beam_width,20.0,2,0.0,0.0,0.0,1.0,1.0,1.0,0.0,0.0,0.0,32,0.1750917434692382
beam_width,20.0,3,0.0,0.0,0.0,0.0,0.0,0.0,1.0,1.0,1.0,32,0.166727066040039
beam_width,40.0,1,1.0,1.0,1.0,0.0,0.0,0.0,0.0,0.0,0.0,32,0.3455288410186767
beam_width,40.0,2,0.0,0.0,0.0,1.0,1.0,1.0,0.0,0.0,0.0,32,0.3749699592590332
beam_width,40.0,3,0.0,0.0,0.0,0.0,0.0,0.0,1.0,1.0,1.0,32,0.3296506404876709
beam_width,80.0,1,1.0,1.0,1.0,0.0,0.0,0.0,0.0,0.0,0.0,32,0.6098067760467529
beam_width,80.0,2,0.0,0.0,0.0,1.0,1.0,1.0,0.0,0.0,0.0,32,0.7066662311553955
beam_width,80.0,3,0.0,0.0,0.0,0.0,0.0,0.0,1.0,1.0,1.0,32,0.5948154926300049
beam_width,160.0,1,1.0,1.0,1.0,0.0,0.0,0.0,0.0,0.0,0.0,32,1.23646879196167
beam_width,160.0,2,0.0,0.0,0.0,1.0,1.0,1.0,0.0,0.0,0.0,32,1.3965239524841309
beam_width,160.0,3,0.0,0.0,0.0,0.0,0.0,0.0,1.0,1.0,1.0,32,1.193758249282837
alpha,0.1,1,1.0,1.0,1.0,0.0,0.0,0.0,0.0,0.0,0.0,33,0.3522505760192871
alpha,0.1,2,0.0,0.0,0.0,1.0,1.0,1.0,0.0,0.0,0.0,33,0.3586456775665283
alpha,0.1,3,0.0,0.0,0.0,0.0,0.0,0.0,1.0,1.0,1.0,33,0.3292915821075439
alpha,0.3,1,1.0,1.0,1.0,0.0,0.0,0.0,0.0,0.0,0.0,33,0.3406479358673095
alpha,0.3,2,0.0,0.0,0.0,1.0,1.0,1.0,0.0,0.0,0.0,33,0.3625495433807373
alpha,0.3,3,0.0,0.0,0.0,0.0,0.0,0.0,1.0,1.0,1.0,33,0.3223128318786621
alpha,0.5,1,1.0,1.0,1.0,0.0,0.0,0.0,0.0,0.0,0.0,33,0.3387959003448486
alpha,0.5,2,0.0,0.0,0.0,1.0,1.0,1.0,0.0,0.0,0.0,33,0.3703293800354004
alpha,0.5,3,0.0,0.0,0.0,0.0,0.0,0.0,1.0,1.0,1.0,33,0.3188822269439697
alpha,0.75,1,1.0,1.0,1.0,0.0,0.0,0.0,0.0,0.0,0.0,33,0.3167881965637207
alpha,0.75,2,0.0,0.0,0.0,1.0,1.0,1.0,0.0,0.0,0.0,33,0.3617863655090332
alpha,0.75,3,0.0,0.0,0.0,0.0,0.0,0.0,1.0,1.0,1.0,33,0.2977108955383301
alpha,1.0,1,1.0,1.0,1.0,0.0,0.0,0.0,0.0,0.0,0.0,33,0.2885172367095947
alpha,1.0,2,0.0,0.0,0.0,1.0,1.0,1.0,0.0,0.0,0.0,33,0.3426134586334228
alpha,1.0,3,0.0,0.0,0.0,0.0,0.0,0.0,1.0,1.0,1.0,33,0.2805817127227783
beam_width,20.0,1,1.0,1.0,1.0,0.0,0.0,0.0,0.0,0.0,0.0,33,0.1662673950195312
beam_width,20.0,2,0.0,0.0,0.0,1.0,1.0,1.0,0.0,0.0,0.0,33,0.1848580837249755
beam_width,20.0,3,0.0,0.0,0.0,0.0,0.0,0.0,1.0,1.0,1.0,33,0.1605997085571289
beam_width,40.0,1,1.0,1.0,1.0,0.0,0.0,0.0,0.0,0.0,0.0,33,0.3385510444641113
beam_width,40.0,2,0.0,0.0,0.0,1.0,1.0,1.0,0.0,0.0,0.0,33,0.3680377006530761
beam_width,40.0,3,0.0,0.0,0.0,0.0,0.0,0.0,1.0,1.0,1.0,33,0.3202323913574219
beam_width,80.0,1,1.0,1.0,1.0,0.0,0.0,0.0,0.0,0.0,0.0,33,0.5935158729553223
beam_width,80.0,2,0.0,0.0,0.0,1.0,1.0,1.0,0.0,0.0,0.0,33,0.659581184387207
beam_width,80.0,3,0.0,0.0,0.0,0.0,0.0,0.0,1.0,1.0,1.0,33,0.5638861656188965
beam_width,160.0,1,1.0,1.0,1.0,0.0,0.0,0.0,0.0,0.0,0.0,33,1.2132813930511477
beam_width,160.0,2,0.0,0.0,0.0,1.0,1.0,1.0,0.0,0.0,0.0,33,1.3774209022521973
beam_width,160.0,3,0.0,0.0,0.0,0.0,0.0,0.0,1.0,1.0,1.0,33,1.1084952354431152
alpha,0.1,1,1.0,1.0,1.0,0.0,0.0,0.0,0.0,0.0,0.0,34,0.3759207725524902
alpha,0.1,2,0.0,0.0,0.0,1.0,1.0,1.0,0.0,0.0,0.0,34,0.36244797706604
alpha,0.1,3,0.0,0.0,0.0,0.0,0.0,0.0,1.0,1.0,1.0,34,0.3554630279541015
alpha,0.3,1,1.0,1.0,1.0,0.0,0.0,0.0,0.0,0.0,0.0,34,0.3671059608459472
alpha,0.3,2,0.0,0.0,0.0,1.0,1.0,1.0,0.0,0.0,0.0,34,0.3656089305877685
alpha,0.3,3,0.0,0.0,0.0,0.0,0.0,0.0,1.0,1.0,1.0,34,0.3543622493743896
alpha,0.5,1,1.0,1.0,1.0,0.0,0.0,0.0,0.0,0.0,0.0,34,0.3616750240325928
alpha,0.5,2,0.0,0.0,0.0,1.0,1.0,1.0,0.0,0.0,0.0,34,0.3725767135620117
alpha,0.5,3,0.0,0.0,0.0,0.0,0.0,0.0,1.0,1.0,1.0,34,0.317272424697876
alpha,0.75,1,1.0,1.0,1.0,0.0,0.0,0.0,0.0,0.0,0.0,34,0.3588094711303711
alpha,0.75,2,0.0,0.0,0.0,1.0,1.0,1.0,0.0,0.0,0.0,34,0.3772273063659668
alpha,0.75,3,0.0,0.0,0.0,0.0,0.0,0.0,1.0,1.0,1.0,34,0.327939510345459
alpha,1.0,1,1.0,1.0,1.0,0.0,0.0,0.0,0.0,0.0,0.0,34,0.3532459735870361
alpha,1.0,2,0.0,0.0,0.0,1.0,1.0,1.0,0.0,0.0,0.0,34,0.3779923915863037
alpha,1.0,3,0.0,0.0,0.0,0.4400656814449918,0.2947214076246334,0.8682505399568035,1.0,1.0,1.0,34,0.3404920101165771
beam_width,20.0,1,1.0,1.0,1.0,0.0,0.0,0.0,0.0,0.0,0.0,34,0.1718647480010986
beam_width,20.0,2,0.0,0.0,0.0,1.0,1.0,1.0,0.0,0.0,0.0,34,0.1755847930908203
beam_width,20.0,3,0.0,0.0,0.0,0.0,0.0,0.0,1.0,1.0,1.0,34,0.1560986042022705
beam_width,40.0,1,1.0,1.0,1.0,0.0,0.0,0.0,0.0,0.0,0.0,34,0.359591007232666
beam_width,40.0,2,0.0,0.0,0.0,1.0,1.0,1.0,0.0,0.0,0.0,34,0.3670384883880615
beam_width,40.0,3,0.0,0.0,0.0,0.0,0.0,0.0,1.0,1.0,1.0,34,0.3184220790863037
beam_width,80.0,1,1.0,1.0,1.0,0.0,0.0,0.0,0.0,0.0,0.0,34,0.6958308219909668
beam_width,80.0,2,0.0,0.0,0.0,1.0,1.0,1.0,0.0,0.0,0.0,34,0.6961495876312256
beam_width,80.0,3,0.0,0.0,0.0,0.0,0.0,0.0,1.0,1.0,1.0,34,0.5822963714599609
beam_width,160.0,1,1.0,1.0,1.0,0.0,0.0,0.0,0.0,0.0,0.0,34,1.3965582847595217
beam_width,160.0,2,0.0,0.0,0.0,1.0,1.0,1.0,0.0,0.0,0.0,34,1.4201886653900146
beam_width,160.0,3,0.0,0.0,0.0,0.0,0.0,0.0,1.0,1.0,1.0,34,1.2292063236236572
alpha,0.1,1,1.0,1.0,1.0,0.0,0.0,0.0,0.0,0.0,0.0,35,0.3336496353149414
alpha,0.1,2,0.0398912058023572,0.044,0.0364842454394693,1.0,1.0,1.0,0.0,0.0,0.0,35,0.3623647689819336
alpha,0.1,3,0.0,0.0,0.0,0.0766773162939297,0.082004555808656,0.072,1.0,1.0,1.0,35,0.3420002460479736
alpha,0.3,1,1.0,1.0,1.0,0.0,0.0,0.0,0.0,0.0,0.0,35,0.3257827758789062
alpha,0.3,2,0.0398912058023572,0.044,0.0364842454394693,1.0,1.0,1.0,0.0,0.0,0.0,35,0.3699469566345215
alpha,0.3,3,0.0,0.0,0.0,0.0766773162939297,0.082004555808656,0.072,1.0,1.0,1.0,35,0.3437960147857666
alpha,0.5,1,1.0,1.0,1.0,0.0,0.0,0.0,0.0,0.0,0.0,35,0.315993070602417
alpha,0.5,2,0.0398912058023572,0.044,0.0364842454394693,1.0,1.0,1.0,0.0,0.0,0.0,35,0.3744394779205322
alpha,0.5,3,0.0,0.0,0.0,0.0766773162939297,0.082004555808656,0.072,1.0,1.0,1.0,35,0.3483247756958008
alpha,0.75,1,1.0,1.0,1.0,0.0,0.0,0.0,0.0,0.0,0.0,35,0.2977461814880371
alpha,0.75,2,0.0398912058023572,0.044,0.0364842454394693,1.0,1.0,1.0,0.0,0.0,0.0,35,0.3671836853027344
alpha,0.75,3,0.0,0.0,0.0,0.0766773162939297,0.082004555808656,0.072,1.0,1.0,1.0,35,0.3465776443481445
alpha,1.0,1,1.0,1.0,1.0,0.0,0.0,0.0,0.0,0.0,0.0,35,0.2938332557678222
alpha,1.0,2,0.0398912058023572,0.044,0.0364842454394693,1.0,1.0,1.0,0.0,0.0,0.0,35,0.3728432655334472
alpha,1.0,3,0.0,0.0,0.0,0.0766773162939297,0.082004555808656,0.072,1.0,1.0,1.0,35,0.3336067199707031
beam_width,20.0,1,1.0,1.0,1.0,0.0,0.0,0.0,0.0,0.0,0.0,35,0.1669702529907226
beam_width,20.0,2,0.0398912058023572,0.044,0.0364842454394693,1.0,1.0,1.0,0.0,0.0,0.0,35,0.1716737747192382
beam_width,20.0,3,0.0,0.0,0.0,0.0766773162939297,0.082004555808656,0.072,1.0,1.0,1.0,35,0.176126480102539
beam_width,40.0,1,1.0,1.0,1.0,0.0,0.0,0.0,0.0,0.0,0.0,35,0.3158302307128906
beam_width,40.0,2,0.0398912058023572,0.044,0.0364842454394693,1.0,1.0,1.0,0.0,0.0,0.0,35,0.3686916828155517
beam_width,40.0,3,0.0,0.0,0.0,0.0766773162939297,0.082004555808656,0.072,1.0,1.0,1.0,35,0.3470475673675537
beam_width,80.0,1,1.0,1.0,1.0,0.0,0.0,0.0,0.0,0.0,0.0,35,0.5773298740386963
beam_width,80.0,2,0.0398912058023572,0.044,0.0364842454394693,1.0,1.0,1.0,0.0,0.0,0.0,35,0.6877400875091553
beam_width,80.0,3,0.0,0.0,0.0,0.0766773162939297,0.082004555808656,0.072,1.0,1.0,1.0,35,0.6331925392150879
beam_width,160.0,1,1.0,1.0,1.0,0.0,0.0,0.0,0.0,0.0,0.0,35,1.174245834350586
beam_width,160.0,2,0.0398912058023572,0.044,0.0364842454394693,1.0,1.0,1.0,0.0,0.0,0.0,35,1.3892500400543213
beam_width,160.0,3,0.0,0.0,0.0,0.0766773162939297,0.082004555808656,0.072,1.0,1.0,1.0,35,1.315399169921875
alpha,0.1,1,1.0,1.0,1.0,0.0,0.0,0.0,0.0,0.0,0.0,36,0.3856010437011719
alpha,0.1,2,0.0,0.0,0.0,1.0,1.0,1.0,0.0,0.0,0.0,36,0.3288412094116211
alpha,0.1,3,0.0,0.0,0.0,0.0,0.0,0.0,1.0,1.0,1.0,36,0.3730289936065674
alpha,0.3,1,1.0,1.0,1.0,0.0,0.0,0.0,0.0,0.0,0.0,36,0.3783249855041504
alpha,0.3,2,0.0,0.0,0.0,1.0,1.0,1.0,0.0,0.0,0.0,36,0.334444522857666
alpha,0.3,3,0.0,0.0,0.0,0.0,0.0,0.0,1.0,1.0,1.0,36,0.3775527477264404
alpha,0.5,1,1.0,1.0,1.0,0.0,0.0,0.0,0.0,0.0,0.0,36,0.38002610206604
alpha,0.5,2,0.0,0.0,0.0,1.0,1.0,1.0,0.0,0.0,0.0,36,0.3415369987487793
alpha,0.5,3,0.0,0.0,0.0,0.0,0.0,0.0,1.0,1.0,1.0,36,0.3782787322998047
alpha,0.75,1,1.0,1.0,1.0,0.0,0.0,0.0,0.0,0.0,0.0,36,0.3795194625854492
alpha,0.75,2,0.0,0.0,0.0,1.0,1.0,1.0,0.0,0.0,0.0,36,0.349414587020874
alpha,0.75,3,0.0,0.0,0.0,0.0,0.0,0.0,1.0,1.0,1.0,36,0.3783540725708008
alpha,1.0,1,1.0,1.0,1.0,0.0,0.0,0.0,0.0,0.0,0.0,36,0.3526320457458496
alpha,1.0,2,0.373,0.2488325550366911,0.7445109780439122,0.6697247706422019,0.503448275862069,1.0,0.0,0.0,0.0,36,0.3813490867614746
alpha,1.0,3,0.0,0.0,0.0,0.0,0.0,0.0,1.0,1.0,1.0,36,0.3622541427612304
beam_width,20.0,1,1.0,1.0,1.0,0.0,0.0,0.0,0.0,0.0,0.0,36,0.1795787811279297
beam_width,20.0,2,0.0,0.0,0.0,1.0,1.0,1.0,0.0,0.0,0.0,36,0.1633563041687011
beam_width,20.0,3,0.0,0.0,0.0,0.0,0.0,0.0,1.0,1.0,1.0,36,0.1782290935516357
beam_width,40.0,1,1.0,1.0,1.0,0.0,0.0,0.0,0.0,0.0,0.0,36,0.3790855407714844
beam_width,40.0,2,0.0,0.0,0.0,1.0,1.0,1.0,0.0,0.0,0.0,36,0.3378529548645019
beam_width,40.0,3,0.0,0.0,0.0,0.0,0.0,0.0,1.0,1.0,1.0,36,0.3804855346679687
beam_width,80.0,1,1.0,1.0,1.0,0.0,0.0,0.0,0.0,0.0,0.0,36,0.7142674922943115
beam_width,80.0,2,0.0,0.0,0.0,1.0,1.0,1.0,0.0,0.0,0.0,36,0.6702816486358643
beam_width,80.0,3,0.0,0.0,0.0,0.0,0.0,0.0,1.0,1.0,1.0,36,0.7138867378234863
beam_width,160.0,1,1.0,1.0,1.0,0.0,0.0,0.0,0.0,0.0,0.0,36,1.4299046993255615
beam_width,160.0,2,0.0,0.0,0.0,1.0,1.0,1.0,0.0,0.0,0.0,36,1.4975333213806152
beam_width,160.0,3,0.0,0.0,0.0,0.0,0.0,0.0,1.0,1.0,1.0,36,1.4117801189422607
alpha,0.1,1,1.0,1.0,1.0,0.0,0.0,0.0,0.0,0.0,0.0,37,0.3841109275817871
alpha,0.1,2,0.0,0.0,0.0,1.0,1.0,1.0,0.0,0.0,0.0,37,0.3288850784301758
alpha,0.1,3,0.0,0.0,0.0,0.0,0.0,0.0,1.0,1.0,1.0,37,0.3740148544311523
alpha,0.3,1,1.0,1.0,1.0,0.0,0.0,0.0,0.0,0.0,0.0,37,0.3838083744049072
alpha,0.3,2,0.0,0.0,0.0,1.0,1.0,1.0,0.0,0.0,0.0,37,0.3386735916137695
alpha,0.3,3,0.0,0.0,0.0,0.0,0.0,0.0,1.0,1.0,1.0,37,0.378563642501831
alpha,0.5,1,1.0,1.0,1.0,0.0,0.0,0.0,0.0,0.0,0.0,37,0.3857560157775879
alpha,0.5,2,0.0,0.0,0.0,1.0,1.0,1.0,0.0,0.0,0.0,37,0.3437662124633789
alpha,0.5,3,0.0,0.0,0.0,0.0,0.0,0.0,1.0,1.0,1.0,37,0.3827040195465088
alpha,0.75,1,1.0,1.0,1.0,0.0,0.0,0.0,0.0,0.0,0.0,37,0.3847839832305908
alpha,0.75,2,0.0,0.0,0.0,1.0,1.0,1.0,0.0,0.0,0.0,37,0.3547813892364502
alpha,0.75,3,0.0,0.0,0.0,0.0,0.0,0.0,1.0,1.0,1.0,37,0.3822035789489746
alpha,1.0,1,1.0,1.0,1.0,0.0,0.0,0.0,0.0,0.0,0.0,37,0.3607966899871826
alpha,1.0,2,0.3206871868289191,0.2574712643678161,0.4250474383301708,0.6635944700460829,0.496551724137931,1.0,0.0,0.0,0.0,37,0.4083468914031982
alpha,1.0,3,0.0,0.0,0.0,0.0,0.0,0.0,1.0,1.0,1.0,37,0.3614273071289062
beam_width,20.0,1,1.0,1.0,1.0,0.0,0.0,0.0,0.0,0.0,0.0,37,0.1760284900665283
beam_width,20.0,2,0.0,0.0,0.0,1.0,1.0,1.0,0.0,0.0,0.0,37,0.1693530082702636
beam_width,20.0,3,0.0,0.0,0.0,0.0,0.0,0.0,1.0,1.0,1.0,37,0.1767053604125976
beam_width,40.0,1,1.0,1.0,1.0,0.0,0.0,0.0,0.0,0.0,0.0,37,0.3842723369598388
beam_width,40.0,2,0.0,0.0,0.0,1.0,1.0,1.0,0.0,0.0,0.0,37,0.3432245254516601
beam_width,40.0,3,0.0,0.0,0.0,0.0,0.0,0.0,1.0,1.0,1.0,37,0.3812427520751953
beam_width,80.0,1,1.0,1.0,1.0,0.0,0.0,0.0,0.0,0.0,0.0,37,0.7078597545623779
beam_width,80.0,2,0.0,0.0,0.0,1.0,1.0,1.0,0.0,0.0,0.0,37,0.6767120361328125
beam_width,80.0,3,0.0,0.0,0.0,0.0,0.0,0.0,1.0,1.0,1.0,37,0.7194516658782959
beam_width,160.0,1,1.0,1.0,1.0,0.0,0.0,0.0,0.0,0.0,0.0,37,1.4397799968719482
beam_width,160.0,2,0.0,0.0,0.0,1.0,1.0,1.0,0.0,0.0,0.0,37,1.5177054405212402
beam_width,160.0,3,0.0,0.0,0.0,0.0,0.0,0.0,1.0,1.0,1.0,37,1.429027795791626
alpha,0.1,1,1.0,1.0,1.0,0.0,0.0,0.0,0.0,0.0,0.0,38,0.3359565734863281
alpha,0.1,2,0.0,0.0,0.0,1.0,1.0,1.0,0.0,0.0,0.0,38,0.3253159523010254
alpha,0.1,3,0.0,0.0,0.0,0.0,0.0,0.0,1.0,1.0,1.0,38,0.3421556949615478
alpha,0.3,1,1.0,1.0,1.0,0.0,0.0,0.0,0.0,0.0,0.0,38,0.3442652225494385
alpha,0.3,2,0.0,0.0,0.0,1.0,1.0,1.0,0.0,0.0,0.0,38,0.3282444477081299
alpha,0.3,3,0.0,0.0,0.0,0.0,0.0,0.0,1.0,1.0,1.0,38,0.3380908966064453
alpha,0.5,1,1.0,1.0,1.0,0.0,0.0,0.0,0.0,0.0,0.0,38,0.3475668430328369
alpha,0.5,2,0.0,0.0,0.0,1.0,1.0,1.0,0.0,0.0,0.0,38,0.3293678760528564
alpha,0.5,3,0.0,0.0,0.0,0.0,0.0,0.0,1.0,1.0,1.0,38,0.3437042236328125
alpha,0.75,1,1.0,1.0,1.0,0.0,0.0,0.0,0.0,0.0,0.0,38,0.332526683807373
alpha,0.75,2,0.0,0.0,0.0,1.0,1.0,1.0,0.0,0.0,0.0,38,0.3093354701995849
alpha,0.75,3,0.0,0.0,0.0,0.0,0.0,0.0,1.0,1.0,1.0,38,0.3245930671691894
alpha,1.0,1,1.0,1.0,1.0,0.0,0.0,0.0,0.0,0.0,0.0,38,0.3095757961273193
alpha,1.0,2,0.0,0.0,0.0,1.0,1.0,1.0,0.0,0.0,0.0,38,0.2876644134521484
alpha,1.0,3,0.0,0.0,0.0,0.0,0.0,0.0,1.0,1.0,1.0,38,0.311784029006958
beam_width,20.0,1,1.0,1.0,1.0,0.0,0.0,0.0,0.0,0.0,0.0,38,0.166001558303833
beam_width,20.0,2,0.0,0.0,0.0,1.0,1.0,1.0,0.0,0.0,0.0,38,0.1645445823669433
beam_width,20.0,3,0.0,0.0,0.0,0.0,0.0,0.0,1.0,1.0,1.0,38,0.1684792041778564
beam_width,40.0,1,1.0,1.0,1.0,0.0,0.0,0.0,0.0,0.0,0.0,38,0.3480346202850342
beam_width,40.0,2,0.0,0.0,0.0,1.0,1.0,1.0,0.0,0.0,0.0,38,0.3160576820373535
beam_width,40.0,3,0.0,0.0,0.0,0.0,0.0,0.0,1.0,1.0,1.0,38,0.3401825428009033
beam_width,80.0,1,1.0,1.0,1.0,0.0,0.0,0.0,0.0,0.0,0.0,38,0.6233348846435547
beam_width,80.0,2,0.0,0.0,0.0,1.0,1.0,1.0,0.0,0.0,0.0,38,0.5925459861755371
beam_width,80.0,3,0.0,0.0,0.0,0.0,0.0,0.0,1.0,1.0,1.0,38,0.6111626625061035
beam_width,160.0,1,1.0,1.0,1.0,0.0,0.0,0.0,0.0,0.0,0.0,38,1.2308390140533447
beam_width,160.0,2,0.0,0.0,0.0,1.0,1.0,1.0,0.0,0.0,0.0,38,1.1523897647857666
beam_width,160.0,3,0.0,0.0,0.0,0.0,0.0,0.0,1.0,1.0,1.0,38,1.233323097229004
alpha,0.1,1,1.0,1.0,1.0,0.0,0.0,0.0,0.0,0.0,0.0,39,0.3495819568634033
alpha,0.1,2,0.0,0.0,0.0,1.0,1.0,1.0,0.0,0.0,0.0,39,0.3254902362823486
alpha,0.1,3,0.0,0.0,0.0,0.0,0.0,0.0,1.0,1.0,1.0,39,0.34755539894104
alpha,0.3,1,1.0,1.0,1.0,0.0,0.0,0.0,0.0,0.0,0.0,39,0.3343555927276611
alpha,0.3,2,0.0,0.0,0.0,1.0,1.0,1.0,0.0,0.0,0.0,39,0.3261325359344482
alpha,0.3,3,0.0,0.0,0.0,0.0,0.0,0.0,1.0,1.0,1.0,39,0.3880758285522461
alpha,0.5,1,1.0,1.0,1.0,0.0,0.0,0.0,0.0,0.0,0.0,39,0.3601274490356445
alpha,0.5,2,0.0,0.0,0.0,1.0,1.0,1.0,0.0,0.0,0.0,39,0.3430674076080322
alpha,0.5,3,0.0,0.0,0.0,0.0,0.0,0.0,1.0,1.0,1.0,39,0.3778314590454101
alpha,0.75,1,1.0,1.0,1.0,0.0,0.0,0.0,0.0,0.0,0.0,39,0.3345611095428467
alpha,0.75,2,0.0,0.0,0.0,1.0,1.0,1.0,0.0,0.0,0.0,39,0.3336210250854492
alpha,0.75,3,0.0,0.0,0.0,0.0,0.0,0.0,1.0,1.0,1.0,39,0.308696985244751
alpha,1.0,1,1.0,1.0,1.0,0.0,0.0,0.0,0.0,0.0,0.0,39,0.3052408695220947
alpha,1.0,2,0.0,0.0,0.0,1.0,1.0,1.0,0.0,0.0,0.0,39,0.3137621879577636
alpha,1.0,3,0.1832512315270935,0.1416603198781416,0.2594142259414226,0.5370473537604457,0.3670982482863671,1.0,0.5338345864661654,0.3717277486910995,0.9466666666666668,39,0.302412748336792
beam_width,20.0,1,1.0,1.0,1.0,0.0,0.0,0.0,0.0,0.0,0.0,39,0.1813070774078369
beam_width,20.0,2,0.0,0.0,0.0,1.0,1.0,1.0,0.0,0.0,0.0,39,0.1764366626739502
beam_width,20.0,3,0.0,0.0,0.0,0.0,0.0,0.0,1.0,1.0,1.0,39,0.1805753707885742
beam_width,40.0,1,1.0,1.0,1.0,0.0,0.0,0.0,0.0,0.0,0.0,39,0.358133316040039
beam_width,40.0,2,0.0,0.0,0.0,1.0,1.0,1.0,0.0,0.0,0.0,39,0.3308291435241699
beam_width,40.0,3,0.0,0.0,0.0,0.0,0.0,0.0,1.0,1.0,1.0,39,0.3421704769134521
beam_width,80.0,1,1.0,1.0,1.0,0.0,0.0,0.0,0.0,0.0,0.0,39,0.5859451293945312
beam_width,80.0,2,0.0,0.0,0.0,1.0,1.0,1.0,0.0,0.0,0.0,39,0.5982069969177246
beam_width,80.0,3,0.0,0.0,0.0,0.0,0.0,0.0,1.0,1.0,1.0,39,0.610532283782959
beam_width,160.0,1,1.0,1.0,1.0,0.0,0.0,0.0,0.0,0.0,0.0,39,1.1760666370391846
beam_width,160.0,2,0.0,0.0,0.0,1.0,1.0,1.0,0.0,0.0,0.0,39,1.281064510345459
beam_width,160.0,3,0.0,0.0,0.0,0.0,0.0,0.0,1.0,1.0,1.0,39,1.226393699645996
alpha,0.1,1,1.0,1.0,1.0,0.0,0.0,0.0,0.0,0.0,0.0,4,0.3681762218475342
alpha,0.1,2,0.0,0.0,0.0,1.0,1.0,1.0,0.0,0.0,0.0,4,0.3549995422363281
alpha,0.1,3,0.0,0.0,0.0,0.0,0.0,0.0,1.0,1.0,1.0,4,0.3268730640411377
alpha,0.3,1,1.0,1.0,1.0,0.0,0.0,0.0,0.0,0.0,0.0,4,0.3591306209564209
alpha,0.3,2,0.0,0.0,0.0,1.0,1.0,1.0,0.0,0.0,0.0,4,0.3631157875061035
alpha,0.3,3,0.0,0.0,0.0,0.0,0.0,0.0,1.0,1.0,1.0,4,0.3341917991638183
alpha,0.5,1,1.0,1.0,1.0,0.0,0.0,0.0,0.0,0.0,0.0,4,0.3612687587738037
alpha,0.5,2,0.0,0.0,0.0,1.0,1.0,1.0,0.0,0.0,0.0,4,0.365201473236084
alpha,0.5,3,0.0,0.0,0.0,0.0,0.0,0.0,1.0,1.0,1.0,4,0.333831787109375
alpha,0.75,1,1.0,1.0,1.0,0.0,0.0,0.0,0.0,0.0,0.0,4,0.3635597229003906
alpha,0.75,2,0.0,0.0,0.0,1.0,1.0,1.0,0.0,0.0,0.0,4,0.3661627769470215
alpha,0.75,3,0.0,0.0,0.0,0.2635451505016722,0.2490518331226295,0.2798295454545454,0.7064595257563369,0.5461441213653603,1.0,4,0.3528931140899658
alpha,1.0,1,1.0,1.0,1.0,0.0,0.0,0.0,0.0,0.0,0.0,4,0.3553366661071777
alpha,1.0,2,0.0,0.0,0.0,1.0,1.0,1.0,0.0,0.0,0.0,4,0.3477265834808349
alpha,1.0,3,0.0,0.0,0.0,0.2635451505016722,0.2490518331226295,0.2798295454545454,0.7064595257563369,0.5461441213653603,1.0,4,0.354283332824707
beam_width,20.0,1,1.0,1.0,1.0,0.0,0.0,0.0,0.0,0.0,0.0,4,0.1848399639129638
beam_width,20.0,2,0.0,0.0,0.0,1.0,1.0,1.0,0.0,0.0,0.0,4,0.1864068508148193
beam_width,20.0,3,0.0,0.0,0.0,0.0,0.0,0.0,1.0,1.0,1.0,4,0.1654214859008789
beam_width,40.0,1,1.0,1.0,1.0,0.0,0.0,0.0,0.0,0.0,0.0,4,0.3634939193725586
beam_width,40.0,2,0.0,0.0,0.0,1.0,1.0,1.0,0.0,0.0,0.0,4,0.3679344654083252
beam_width,40.0,3,0.0,0.0,0.0,0.0,0.0,0.0,1.0,1.0,1.0,4,0.3357203006744385
beam_width,80.0,1,1.0,1.0,1.0,0.0,0.0,0.0,0.0,0.0,0.0,4,0.644096851348877
beam_width,80.0,2,0.0,0.0,0.0,1.0,1.0,1.0,0.0,0.0,0.0,4,0.6572587490081787
beam_width,80.0,3,0.0,0.0,0.0,0.0,0.0,0.0,1.0,1.0,1.0,4,0.6567063331604004
beam_width,160.0,1,1.0,1.0,1.0,0.0,0.0,0.0,0.0,0.0,0.0,4,1.3384721279144287
beam_width,160.0,2,0.0,0.0,0.0,1.0,1.0,1.0,0.0,0.0,0.0,4,1.356477975845337
beam_width,160.0,3,0.0,0.0,0.0,0.0,0.0,0.0,1.0,1.0,1.0,4,1.4842534065246582
alpha,0.1,1,1.0,1.0,1.0,0.0,0.0,0.0,0.0,0.0,0.0,40,0.3808884620666504
alpha,0.1,2,0.0,0.0,0.0,1.0,1.0,1.0,0.0,0.0,0.0,40,0.3802800178527832
alpha,0.1,3,0.0,0.0,0.0,0.0,0.0,0.0,1.0,1.0,1.0,40,0.3697748184204101
alpha,0.3,1,1.0,1.0,1.0,0.0,0.0,0.0,0.0,0.0,0.0,40,0.3786463737487793
alpha,0.3,2,0.0,0.0,0.0,1.0,1.0,1.0,0.0,0.0,0.0,40,0.385692834854126
alpha,0.3,3,0.0,0.0,0.0,0.0,0.0,0.0,1.0,1.0,1.0,40,0.3755097389221191
alpha,0.5,1,1.0,1.0,1.0,0.0,0.0,0.0,0.0,0.0,0.0,40,0.3802564144134521
alpha,0.5,2,0.0,0.0,0.0,1.0,1.0,1.0,0.0,0.0,0.0,40,0.3798391819000244
alpha,0.5,3,0.0,0.0,0.0,0.0,0.0,0.0,1.0,1.0,1.0,40,0.3838188648223877
alpha,0.75,1,1.0,1.0,1.0,0.0,0.0,0.0,0.0,0.0,0.0,40,0.3760108947753906
alpha,0.75,2,0.0,0.0,0.0,1.0,1.0,1.0,0.0,0.0,0.0,40,0.3593125343322754
alpha,0.75,3,0.0,0.0,0.0,0.0,0.0,0.0,1.0,1.0,1.0,40,0.3736364841461181
alpha,1.0,1,1.0,1.0,1.0,0.0,0.0,0.0,0.0,0.0,0.0,40,0.3583393096923828
alpha,1.0,2,0.0,0.0,0.0,1.0,1.0,1.0,0.0,0.0,0.0,40,0.3533084392547607
alpha,1.0,3,0.0,0.0,0.0,0.7076923076923077,0.5476190476190477,1.0,0.6473724295506473,0.4786036036036036,1.0,40,0.391812801361084
beam_width,20.0,1,1.0,1.0,1.0,0.0,0.0,0.0,0.0,0.0,0.0,40,0.1777460575103759
beam_width,20.0,2,0.0,0.0,0.0,1.0,1.0,1.0,0.0,0.0,0.0,40,0.1790747642517089
beam_width,20.0,3,0.0,0.0,0.0,0.0,0.0,0.0,1.0,1.0,1.0,40,0.1738536357879638
beam_width,40.0,1,1.0,1.0,1.0,0.0,0.0,0.0,0.0,0.0,0.0,40,0.3963041305541992
beam_width,40.0,2,0.0,0.0,0.0,1.0,1.0,1.0,0.0,0.0,0.0,40,0.3844718933105469
beam_width,40.0,3,0.0,0.0,0.0,0.0,0.0,0.0,1.0,1.0,1.0,40,0.3918678760528564
beam_width,80.0,1,1.0,1.0,1.0,0.0,0.0,0.0,0.0,0.0,0.0,40,0.7153332233428955
beam_width,80.0,2,0.0,0.0,0.0,1.0,1.0,1.0,0.0,0.0,0.0,40,0.7248995304107666
beam_width,80.0,3,0.0,0.0,0.0,0.0,0.0,0.0,1.0,1.0,1.0,40,0.7070064544677734
beam_width,160.0,1,1.0,1.0,1.0,0.0,0.0,0.0,0.0,0.0,0.0,40,1.4232590198516846
beam_width,160.0,2,0.0,0.0,0.0,1.0,1.0,1.0,0.0,0.0,0.0,40,1.4376630783081057
beam_width,160.0,3,0.0,0.0,0.0,0.0,0.0,0.0,1.0,1.0,1.0,40,1.430821180343628
alpha,0.1,1,1.0,1.0,1.0,0.0,0.0,0.0,0.0,0.0,0.0,41,0.3291642665863037
alpha,0.1,2,0.0,0.0,0.0,1.0,1.0,1.0,0.0,0.0,0.0,41,0.3324177265167236
alpha,0.1,3,0.0,0.0,0.0,0.0,0.0,0.0,1.0,1.0,1.0,41,0.3229169845581054
alpha,0.3,1,1.0,1.0,1.0,0.0,0.0,0.0,0.0,0.0,0.0,41,0.315530776977539
alpha,0.3,2,0.0,0.0,0.0,1.0,1.0,1.0,0.0,0.0,0.0,41,0.3364889621734619
alpha,0.3,3,0.0,0.0,0.0,0.0,0.0,0.0,1.0,1.0,1.0,41,0.3256542682647705
alpha,0.5,1,1.0,1.0,1.0,0.0,0.0,0.0,0.0,0.0,0.0,41,0.317591905593872
alpha,0.5,2,0.0,0.0,0.0,1.0,1.0,1.0,0.0,0.0,0.0,41,0.3396086692810058
alpha,0.5,3,0.0,0.0,0.0,0.0,0.0,0.0,1.0,1.0,1.0,41,0.3272182941436767
alpha,0.75,1,1.0,1.0,1.0,0.0,0.0,0.0,0.0,0.0,0.0,41,0.3020038604736328
alpha,0.75,2,0.0,0.0,0.0,1.0,1.0,1.0,0.0,0.0,0.0,41,0.3278489112854004
alpha,0.75,3,0.0,0.0,0.0,0.0,0.0,0.0,1.0,1.0,1.0,41,0.3129639625549316
alpha,1.0,1,1.0,1.0,1.0,0.0,0.0,0.0,0.0,0.0,0.0,41,0.2637035846710205
alpha,1.0,2,0.0,0.0,0.0,1.0,1.0,1.0,0.0,0.0,0.0,41,0.2836809158325195
alpha,1.0,3,0.2220560747663551,0.1330049261083744,0.6719457013574661,0.5063545150501672,0.3390058217644424,1.0,1.0,1.0,1.0,41,0.2622220516204834
beam_width,20.0,1,1.0,1.0,1.0,0.0,0.0,0.0,0.0,0.0,0.0,41,0.1512901782989502
beam_width,20.0,2,0.0,0.0,0.0,1.0,1.0,1.0,0.0,0.0,0.0,41,0.1578404903411865
beam_width,20.0,3,0.0,0.0,0.0,0.0,0.0,0.0,1.0,1.0,1.0,41,0.1622986793518066
beam_width,40.0,1,1.0,1.0,1.0,0.0,0.0,0.0,0.0,0.0,0.0,41,0.3134784698486328
beam_width,40.0,2,0.0,0.0,0.0,1.0,1.0,1.0,0.0,0.0,0.0,41,0.3423728942871094
beam_width,40.0,3,0.0,0.0,0.0,0.0,0.0,0.0,1.0,1.0,1.0,41,0.3221712112426758
beam_width,80.0,1,1.0,1.0,1.0,0.0,0.0,0.0,0.0,0.0,0.0,41,0.5784540176391602
beam_width,80.0,2,0.0,0.0,0.0,1.0,1.0,1.0,0.0,0.0,0.0,41,0.6102409362792969
beam_width,80.0,3,0.0,0.0,0.0,0.0,0.0,0.0,1.0,1.0,1.0,41,0.5863955020904541
beam_width,160.0,1,1.0,1.0,1.0,0.0,0.0,0.0,0.0,0.0,0.0,41,1.0996170043945312
beam_width,160.0,2,0.0,0.0,0.0,1.0,1.0,1.0,0.0,0.0,0.0,41,1.2058889865875244
beam_width,160.0,3,0.0,0.0,0.0,0.0,0.0,0.0,1.0,1.0,1.0,41,1.1827185153961182
alpha,0.1,1,1.0,1.0,1.0,0.0,0.0,0.0,0.0,0.0,0.0,42,0.3889162540435791
alpha,0.1,2,0.0,0.0,0.0,1.0,1.0,1.0,0.0,0.0,0.0,42,0.3656783103942871
alpha,0.1,3,0.0,0.0,0.0,0.0,0.0,0.0,1.0,1.0,1.0,42,0.3702106475830078
alpha,0.3,1,1.0,1.0,1.0,0.0,0.0,0.0,0.0,0.0,0.0,42,0.3726201057434082
alpha,0.3,2,0.0,0.0,0.0,1.0,1.0,1.0,0.0,0.0,0.0,42,0.3734631538391113
alpha,0.3,3,0.0,0.0,0.0,0.0,0.0,0.0,1.0,1.0,1.0,42,0.3782939910888672
alpha,0.5,1,1.0,1.0,1.0,0.0,0.0,0.0,0.0,0.0,0.0,42,0.3857724666595459
alpha,0.5,2,0.0,0.0,0.0,1.0,1.0,1.0,0.0,0.0,0.0,42,0.3703396320343017
alpha,0.5,3,0.0,0.0,0.0,0.0,0.0,0.0,1.0,1.0,1.0,42,0.3895933628082275
alpha,0.75,1,1.0,1.0,1.0,0.0,0.0,0.0,0.0,0.0,0.0,42,0.3740301132202148
alpha,0.75,2,0.0,0.0,0.0,1.0,1.0,1.0,0.0,0.0,0.0,42,0.3687431812286377
alpha,0.75,3,0.0,0.0,0.0,0.0,0.0,0.0,1.0,1.0,1.0,42,0.3940339088439941
alpha,1.0,1,1.0,1.0,1.0,0.0,0.0,0.0,0.0,0.0,0.0,42,0.3563270568847656
alpha,1.0,2,0.0,0.0,0.0,1.0,1.0,1.0,0.0,0.0,0.0,42,0.3625736236572265
alpha,1.0,3,0.0,0.0,0.0,0.5016501650165016,0.3348017621145374,1.0,1.0,1.0,1.0,42,0.3923337459564209
beam_width,20.0,1,1.0,1.0,1.0,0.0,0.0,0.0,0.0,0.0,0.0,42,0.1867251396179199
beam_width,20.0,2,0.0,0.0,0.0,1.0,1.0,1.0,0.0,0.0,0.0,42,0.172882080078125
beam_width,20.0,3,0.0,0.0,0.0,0.0,0.0,0.0,1.0,1.0,1.0,42,0.1836133003234863
beam_width,40.0,1,1.0,1.0,1.0,0.0,0.0,0.0,0.0,0.0,0.0,42,0.385467529296875
beam_width,40.0,2,0.0,0.0,0.0,1.0,1.0,1.0,0.0,0.0,0.0,42,0.3881053924560547
beam_width,40.0,3,0.0,0.0,0.0,0.0,0.0,0.0,1.0,1.0,1.0,42,0.3757579326629638
beam_width,80.0,1,1.0,1.0,1.0,0.0,0.0,0.0,0.0,0.0,0.0,42,0.7063322067260742
beam_width,80.0,2,0.0,0.0,0.0,1.0,1.0,1.0,0.0,0.0,0.0,42,0.6628842353820801
beam_width,80.0,3,0.0,0.0,0.0,0.0,0.0,0.0,1.0,1.0,1.0,42,0.7023134231567383
beam_width,160.0,1,1.0,1.0,1.0,0.0,0.0,0.0,0.0,0.0,0.0,42,1.4277379512786863
beam_width,160.0,2,0.0,0.0,0.0,1.0,1.0,1.0,0.0,0.0,0.0,42,1.364631175994873
beam_width,160.0,3,0.0,0.0,0.0,0.0,0.0,0.0,1.0,1.0,1.0,42,1.5379204750061035
alpha,0.1,1,1.0,1.0,1.0,0.0,0.0,0.0,0.0,0.0,0.0,43,0.349541425704956
alpha,0.1,2,0.0,0.0,0.0,1.0,1.0,1.0,0.0,0.0,0.0,43,0.3345959186553955
alpha,0.1,3,0.0,0.0,0.0,0.0,0.0,0.0,1.0,1.0,1.0,43,0.3377218246459961
alpha,0.3,1,1.0,1.0,1.0,0.0,0.0,0.0,0.0,0.0,0.0,43,0.343170166015625
alpha,0.3,2,0.0,0.0,0.0,1.0,1.0,1.0,0.0,0.0,0.0,43,0.3421084880828857
alpha,0.3,3,0.0,0.0,0.0,0.0,0.0,0.0,1.0,1.0,1.0,43,0.3313291072845459
alpha,0.5,1,1.0,1.0,1.0,0.0,0.0,0.0,0.0,0.0,0.0,43,0.350795030593872
alpha,0.5,2,0.0,0.0,0.0,1.0,1.0,1.0,0.0,0.0,0.0,43,0.3330233097076416
alpha,0.5,3,0.0,0.0,0.0,0.0,0.0,0.0,1.0,1.0,1.0,43,0.3280544281005859
alpha,0.75,1,1.0,1.0,1.0,0.0,0.0,0.0,0.0,0.0,0.0,43,0.3301334381103515
alpha,0.75,2,0.0,0.0,0.0,1.0,1.0,1.0,0.0,0.0,0.0,43,0.3151302337646484
alpha,0.75,3,0.0,0.0,0.0,0.0,0.0,0.0,1.0,1.0,1.0,43,0.3005533218383789
alpha,1.0,1,1.0,1.0,1.0,0.0,0.0,0.0,0.0,0.0,0.0,43,0.2903130054473877
alpha,1.0,2,0.0,0.0,0.0,1.0,1.0,1.0,0.0,0.0,0.0,43,0.2908365726470947
alpha,1.0,3,0.0,0.0,0.0,0.0,0.0,0.0,1.0,1.0,1.0,43,0.2835752964019775
beam_width,20.0,1,1.0,1.0,1.0,0.0,0.0,0.0,0.0,0.0,0.0,43,0.1677396297454834
beam_width,20.0,2,0.0,0.0,0.0,1.0,1.0,1.0,0.0,0.0,0.0,43,0.1686115264892578
beam_width,20.0,3,0.0,0.0,0.0,0.0,0.0,0.0,1.0,1.0,1.0,43,0.1642632484436035
beam_width,40.0,1,1.0,1.0,1.0,0.0,0.0,0.0,0.0,0.0,0.0,43,0.3498666286468506
beam_width,40.0,2,0.0,0.0,0.0,1.0,1.0,1.0,0.0,0.0,0.0,43,0.3314323425292969
beam_width,40.0,3,0.0,0.0,0.0,0.0,0.0,0.0,1.0,1.0,1.0,43,0.3276710510253906
beam_width,80.0,1,1.0,1.0,1.0,0.0,0.0,0.0,0.0,0.0,0.0,43,0.6158425807952881
beam_width,80.0,2,0.0,0.0,0.0,1.0,1.0,1.0,0.0,0.0,0.0,43,0.6035234928131104
beam_width,80.0,3,0.0,0.0,0.0,0.0,0.0,0.0,1.0,1.0,1.0,43,0.5710194110870361
beam_width,160.0,1,1.0,1.0,1.0,0.0,0.0,0.0,0.0,0.0,0.0,43,1.2303674221038818
beam_width,160.0,2,0.0,0.0,0.0,1.0,1.0,1.0,0.0,0.0,0.0,43,1.1897790431976318
beam_width,160.0,3,0.0,0.0,0.0,0.0,0.0,0.0,1.0,1.0,1.0,43,1.1283421516418457
alpha,0.1,1,1.0,1.0,1.0,0.0,0.0,0.0,0.0,0.0,0.0,44,0.3474361896514892
alpha,0.1,2,0.0,0.0,0.0,1.0,1.0,1.0,0.0,0.0,0.0,44,0.3310329914093017
alpha,0.1,3,0.0,0.0,0.0,0.0,0.0,0.0,1.0,1.0,1.0,44,0.3531801700592041
alpha,0.3,1,1.0,1.0,1.0,0.0,0.0,0.0,0.0,0.0,0.0,44,0.348433256149292
alpha,0.3,2,0.0,0.0,0.0,1.0,1.0,1.0,0.0,0.0,0.0,44,0.3346903324127197
alpha,0.3,3,0.0,0.0,0.0,0.0,0.0,0.0,1.0,1.0,1.0,44,0.3527886867523193
alpha,0.5,1,1.0,1.0,1.0,0.0,0.0,0.0,0.0,0.0,0.0,44,0.3455462455749511
alpha,0.5,2,0.0,0.0,0.0,1.0,1.0,1.0,0.0,0.0,0.0,44,0.3186826705932617
alpha,0.5,3,0.0,0.0,0.0,0.0,0.0,0.0,1.0,1.0,1.0,44,0.3557729721069336
alpha,0.75,1,1.0,1.0,1.0,0.0,0.0,0.0,0.0,0.0,0.0,44,0.3270351886749267
alpha,0.75,2,0.0,0.0,0.0,1.0,1.0,1.0,0.0,0.0,0.0,44,0.3076255321502685
alpha,0.75,3,0.0,0.0,0.0,0.0,0.0,0.0,1.0,1.0,1.0,44,0.3517305850982666
alpha,1.0,1,1.0,1.0,1.0,0.0,0.0,0.0,0.0,0.0,0.0,44,0.3022732734680176
alpha,1.0,2,0.0,0.0,0.0,1.0,1.0,1.0,0.0,0.0,0.0,44,0.2900028228759765
alpha,1.0,3,0.0,0.0,0.0,0.0,0.0,0.0,1.0,1.0,1.0,44,0.3304891586303711
beam_width,20.0,1,1.0,1.0,1.0,0.0,0.0,0.0,0.0,0.0,0.0,44,0.1743531227111816
beam_width,20.0,2,0.0,0.0,0.0,1.0,1.0,1.0,0.0,0.0,0.0,44,0.1619739532470703
beam_width,20.0,3,0.0,0.0,0.0,0.0,0.0,0.0,1.0,1.0,1.0,44,0.1817214488983154
beam_width,40.0,1,1.0,1.0,1.0,0.0,0.0,0.0,0.0,0.0,0.0,44,0.3480191230773926
beam_width,40.0,2,0.0,0.0,0.0,1.0,1.0,1.0,0.0,0.0,0.0,44,0.3218369483947754
beam_width,40.0,3,0.0,0.0,0.0,0.0,0.0,0.0,1.0,1.0,1.0,44,0.3566186428070068
beam_width,80.0,1,1.0,1.0,1.0,0.0,0.0,0.0,0.0,0.0,0.0,44,0.6148018836975098
beam_width,80.0,2,0.0,0.0,0.0,1.0,1.0,1.0,0.0,0.0,0.0,44,0.5965402126312256
beam_width,80.0,3,0.0,0.0,0.0,0.0,0.0,0.0,1.0,1.0,1.0,44,0.637991189956665
beam_width,160.0,1,1.0,1.0,1.0,0.0,0.0,0.0,0.0,0.0,0.0,44,1.2408595085144043
beam_width,160.0,2,0.0,0.0,0.0,1.0,1.0,1.0,0.0,0.0,0.0,44,1.177628993988037
beam_width,160.0,3,0.0,0.0,0.0,0.0,0.0,0.0,1.0,1.0,1.0,44,1.3694100379943848
alpha,0.1,1,1.0,1.0,1.0,0.0,0.0,0.0,0.0,0.0,0.0,45,0.3448810577392578
alpha,0.1,2,0.0,0.0,0.0,1.0,1.0,1.0,0.0,0.0,0.0,45,0.3397033214569092
alpha,0.1,3,0.0,0.0,0.0,0.0,0.0,0.0,1.0,1.0,1.0,45,0.3221440315246582
alpha,0.3,1,1.0,1.0,1.0,0.0,0.0,0.0,0.0,0.0,0.0,45,0.3396139144897461
alpha,0.3,2,0.0,0.0,0.0,1.0,1.0,1.0,0.0,0.0,0.0,45,0.3476135730743408
alpha,0.3,3,0.0,0.0,0.0,0.0,0.0,0.0,1.0,1.0,1.0,45,0.315824031829834
alpha,0.5,1,1.0,1.0,1.0,0.0,0.0,0.0,0.0,0.0,0.0,45,0.3425197601318359
alpha,0.5,2,0.0,0.0,0.0,1.0,1.0,1.0,0.0,0.0,0.0,45,0.3448209762573242
alpha,0.5,3,0.0,0.0,0.0,0.0,0.0,0.0,1.0,1.0,1.0,45,0.2994329929351806
alpha,0.75,1,1.0,1.0,1.0,0.0,0.0,0.0,0.0,0.0,0.0,45,0.3306159973144531
alpha,0.75,2,0.0,0.0,0.0,1.0,1.0,1.0,0.0,0.0,0.0,45,0.3237142562866211
alpha,0.75,3,0.0,0.0,0.0,0.0,0.0,0.0,1.0,1.0,1.0,45,0.2950267791748047
alpha,1.0,1,1.0,1.0,1.0,0.0,0.0,0.0,0.0,0.0,0.0,45,0.3020730018615722
alpha,1.0,2,0.0,0.0,0.0,1.0,1.0,1.0,0.0,0.0,0.0,45,0.3021342754364013
alpha,1.0,3,0.0,0.0,0.0,0.0,0.0,0.0,1.0,1.0,1.0,45,0.2822914123535156
beam_width,20.0,1,1.0,1.0,1.0,0.0,0.0,0.0,0.0,0.0,0.0,45,0.1607606410980224
beam_width,20.0,2,0.0,0.0,0.0,1.0,1.0,1.0,0.0,0.0,0.0,45,0.1689441204071045
beam_width,20.0,3,0.0,0.0,0.0,0.0,0.0,0.0,1.0,1.0,1.0,45,0.1550471782684326
beam_width,40.0,1,1.0,1.0,1.0,0.0,0.0,0.0,0.0,0.0,0.0,45,0.339874267578125
beam_width,40.0,2,0.0,0.0,0.0,1.0,1.0,1.0,0.0,0.0,0.0,45,0.3463976383209228
beam_width,40.0,3,0.0,0.0,0.0,0.0,0.0,0.0,1.0,1.0,1.0,45,0.3030025959014892
beam_width,80.0,1,1.0,1.0,1.0,0.0,0.0,0.0,0.0,0.0,0.0,45,0.6126456260681152
beam_width,80.0,2,0.0,0.0,0.0,1.0,1.0,1.0,0.0,0.0,0.0,45,0.6305558681488037
beam_width,80.0,3,0.0,0.0,0.0,0.0,0.0,0.0,1.0,1.0,1.0,45,0.5508391857147217
beam_width,160.0,1,1.0,1.0,1.0,0.0,0.0,0.0,0.0,0.0,0.0,45,1.2335429191589355
beam_width,160.0,2,0.0,0.0,0.0,1.0,1.0,1.0,0.0,0.0,0.0,45,1.2672772407531738
beam_width,160.0,3,0.0,0.0,0.0,0.0,0.0,0.0,1.0,1.0,1.0,45,1.0887627601623535
alpha,0.1,1,1.0,1.0,1.0,0.0,0.0,0.0,0.0,0.0,0.0,46,0.3678724765777588
alpha,0.1,2,0.0,0.0,0.0,1.0,1.0,1.0,0.0,0.0,0.0,46,0.3609461784362793
alpha,0.1,3,0.0,0.0,0.0,0.0,0.0,0.0,1.0,1.0,1.0,46,0.3591017723083496
alpha,0.3,1,1.0,1.0,1.0,0.0,0.0,0.0,0.0,0.0,0.0,46,0.368422269821167
alpha,0.3,2,0.0,0.0,0.0,1.0,1.0,1.0,0.0,0.0,0.0,46,0.3742003440856933
alpha,0.3,3,0.0,0.0,0.0,0.0,0.0,0.0,1.0,1.0,1.0,46,0.3612463474273681
alpha,0.5,1,1.0,1.0,1.0,0.0,0.0,0.0,0.0,0.0,0.0,46,0.3765599727630615
alpha,0.5,2,0.0,0.0,0.0,1.0,1.0,1.0,0.0,0.0,0.0,46,0.3725783824920654
alpha,0.5,3,0.0,0.0,0.0,0.0,0.0,0.0,1.0,1.0,1.0,46,0.3730616569519043
alpha,0.75,1,1.0,1.0,1.0,0.0,0.0,0.0,0.0,0.0,0.0,46,0.3743727207183838
alpha,0.75,2,0.0,0.0,0.0,1.0,1.0,1.0,0.0,0.0,0.0,46,0.3654003143310547
alpha,0.75,3,0.0,0.0,0.0,0.0,0.0,0.0,1.0,1.0,1.0,46,0.3743770122528076
alpha,1.0,1,1.0,1.0,1.0,0.0,0.0,0.0,0.0,0.0,0.0,46,0.3527090549468994
alpha,1.0,2,0.0,0.0,0.0,1.0,1.0,1.0,0.0,0.0,0.0,46,0.3514800071716308
alpha,1.0,3,0.0,0.0,0.0,0.6595744680851063,0.492063492063492,1.0,0.6315007429420505,0.4614549402823018,1.0,46,0.357943058013916
beam_width,20.0,1,1.0,1.0,1.0,0.0,0.0,0.0,0.0,0.0,0.0,46,0.1758668422698974
beam_width,20.0,2,0.0,0.0,0.0,1.0,1.0,1.0,0.0,0.0,0.0,46,0.1740350723266601
beam_width,20.0,3,0.0,0.0,0.0,0.0,0.0,0.0,1.0,1.0,1.0,46,0.1743872165679931
beam_width,40.0,1,1.0,1.0,1.0,0.0,0.0,0.0,0.0,0.0,0.0,46,0.3727107048034668
beam_width,40.0,2,0.0,0.0,0.0,1.0,1.0,1.0,0.0,0.0,0.0,46,0.369063138961792
beam_width,40.0,3,0.0,0.0,0.0,0.0,0.0,0.0,1.0,1.0,1.0,46,0.3720104694366455
beam_width,80.0,1,1.0,1.0,1.0,0.0,0.0,0.0,0.0,0.0,0.0,46,0.7005515098571777
beam_width,80.0,2,0.0,0.0,0.0,1.0,1.0,1.0,0.0,0.0,0.0,46,0.7036330699920654
beam_width,80.0,3,0.0,0.0,0.0,0.0,0.0,0.0,1.0,1.0,1.0,46,0.69814133644104
beam_width,160.0,1,1.0,1.0,1.0,0.0,0.0,0.0,0.0,0.0,0.0,46,1.4165337085723877
beam_width,160.0,2,0.0,0.0,0.0,1.0,1.0,1.0,0.0,0.0,0.0,46,1.3894188404083252
beam_width,160.0,3,0.0,0.0,0.0,0.0,0.0,0.0,1.0,1.0,1.0,46,1.3947153091430664
alpha,0.1,1,1.0,1.0,1.0,0.0,0.0,0.0,0.0,0.0,0.0,47,0.3425691127777099
alpha,0.1,2,0.0,0.0,0.0,1.0,1.0,1.0,0.0,0.0,0.0,47,0.3674845695495605
alpha,0.1,3,0.0,0.0,0.0,0.0,0.0,0.0,1.0,1.0,1.0,47,0.3596992492675781
alpha,0.3,1,1.0,1.0,1.0,0.0,0.0,0.0,0.0,0.0,0.0,47,0.3316750526428222
alpha,0.3,2,0.0,0.0,0.0,1.0,1.0,1.0,0.0,0.0,0.0,47,0.3760790824890136
alpha,0.3,3,0.0,0.0,0.0,0.0,0.0,0.0,1.0,1.0,1.0,47,0.3637814521789551
alpha,0.5,1,1.0,1.0,1.0,0.0,0.0,0.0,0.0,0.0,0.0,47,0.3407626152038574
alpha,0.5,2,0.0,0.0,0.0,1.0,1.0,1.0,0.0,0.0,0.0,47,0.3783175945281982
alpha,0.5,3,0.0,0.0,0.0,0.0,0.0,0.0,1.0,1.0,1.0,47,0.3225800991058349
alpha,0.75,1,1.0,1.0,1.0,0.0,0.0,0.0,0.0,0.0,0.0,47,0.3278443813323974
alpha,0.75,2,0.0,0.0,0.0,1.0,1.0,1.0,0.0,0.0,0.0,47,0.3806192874908447
alpha,0.75,3,0.0,0.0,0.0,0.0,0.0,0.0,1.0,1.0,1.0,47,0.3302855491638183
alpha,1.0,1,1.0,1.0,1.0,0.0,0.0,0.0,0.0,0.0,0.0,47,0.341855525970459
alpha,1.0,2,0.0,0.0,0.0,1.0,1.0,1.0,0.0,0.0,0.0,47,0.3725442886352539
alpha,1.0,3,0.0,0.0,0.0,0.4856839872746553,0.3304473304473304,0.916,1.0,1.0,1.0,47,0.3436553478240967
beam_width,20.0,1,1.0,1.0,1.0,0.0,0.0,0.0,0.0,0.0,0.0,47,0.1688978672027588
beam_width,20.0,2,0.0,0.0,0.0,1.0,1.0,1.0,0.0,0.0,0.0,47,0.1757020950317382
beam_width,20.0,3,0.0,0.0,0.0,0.0,0.0,0.0,1.0,1.0,1.0,47,0.1584649085998535
beam_width,40.0,1,1.0,1.0,1.0,0.0,0.0,0.0,0.0,0.0,0.0,47,0.3366091251373291
beam_width,40.0,2,0.0,0.0,0.0,1.0,1.0,1.0,0.0,0.0,0.0,47,0.378948450088501
beam_width,40.0,3,0.0,0.0,0.0,0.0,0.0,0.0,1.0,1.0,1.0,47,0.3230843544006347
beam_width,80.0,1,1.0,1.0,1.0,0.0,0.0,0.0,0.0,0.0,0.0,47,0.6682982444763184
beam_width,80.0,2,0.0,0.0,0.0,1.0,1.0,1.0,0.0,0.0,0.0,47,0.7055273056030273
beam_width,80.0,3,0.0,0.0,0.0,0.0,0.0,0.0,1.0,1.0,1.0,47,0.5844154357910156
beam_width,160.0,1,1.0,1.0,1.0,0.0,0.0,0.0,0.0,0.0,0.0,47,1.469776630401611
beam_width,160.0,2,0.0,0.0,0.0,1.0,1.0,1.0,0.0,0.0,0.0,47,1.4277398586273191
beam_width,160.0,3,0.0,0.0,0.0,0.0,0.0,0.0,1.0,1.0,1.0,47,1.2925541400909424
alpha,0.1,1,1.0,1.0,1.0,0.0,0.0,0.0,0.0,0.0,0.0,48,0.3758409023284912
alpha,0.1,2,0.0,0.0,0.0,1.0,1.0,1.0,0.0,0.0,0.0,48,0.3541536331176758
alpha,0.1,3,0.0,0.0,0.0,0.0,0.0,0.0,1.0,1.0,1.0,48,0.3604903221130371
alpha,0.3,1,1.0,1.0,1.0,0.0,0.0,0.0,0.0,0.0,0.0,48,0.372535228729248
alpha,0.3,2,0.0,0.0,0.0,1.0,1.0,1.0,0.0,0.0,0.0,48,0.3563122749328613
alpha,0.3,3,0.0,0.0,0.0,0.0,0.0,0.0,1.0,1.0,1.0,48,0.3639764785766601
alpha,0.5,1,1.0,1.0,1.0,0.0,0.0,0.0,0.0,0.0,0.0,48,0.3749785423278808
alpha,0.5,2,0.0,0.0,0.0,1.0,1.0,1.0,0.0,0.0,0.0,48,0.3595123291015625
alpha,0.5,3,0.0,0.0,0.0,0.0,0.0,0.0,1.0,1.0,1.0,48,0.365278959274292
alpha,0.75,1,1.0,1.0,1.0,0.0,0.0,0.0,0.0,0.0,0.0,48,0.3774991035461426
alpha,0.75,2,0.0,0.0,0.0,1.0,1.0,1.0,0.0,0.0,0.0,48,0.3536305427551269
alpha,0.75,3,0.0,0.0,0.0,0.5698924731182795,0.4457943925233645,0.7897350993377483,1.0,1.0,1.0,48,0.3337488174438476
alpha,1.0,1,1.0,1.0,1.0,0.0,0.0,0.0,0.0,0.0,0.0,48,0.363553524017334
alpha,1.0,2,0.0,0.0,0.0,1.0,1.0,1.0,0.0,0.0,0.0,48,0.3237032890319824
alpha,1.0,3,0.0,0.0,0.0,0.6317991631799162,0.4617737003058104,1.0,0.6988416988416989,0.5370919881305638,1.0,48,0.3199903964996338
beam_width,20.0,1,1.0,1.0,1.0,0.0,0.0,0.0,0.0,0.0,0.0,48,0.1899759769439697
beam_width,20.0,2,0.0,0.0,0.0,1.0,1.0,1.0,0.0,0.0,0.0,48,0.1803665161132812
beam_width,20.0,3,0.0,0.0,0.0,0.0,0.0,0.0,1.0,1.0,1.0,48,0.1835176944732666
beam_width,40.0,1,1.0,1.0,1.0,0.0,0.0,0.0,0.0,0.0,0.0,48,0.3727219104766845
beam_width,40.0,2,0.0,0.0,0.0,1.0,1.0,1.0,0.0,0.0,0.0,48,0.3558447360992431
beam_width,40.0,3,0.0,0.0,0.0,0.0,0.0,0.0,1.0,1.0,1.0,48,0.3599116802215576
beam_width,80.0,1,1.0,1.0,1.0,0.0,0.0,0.0,0.0,0.0,0.0,48,0.6693260669708252
beam_width,80.0,2,0.0,0.0,0.0,1.0,1.0,1.0,0.0,0.0,0.0,48,0.6402218341827393
beam_width,80.0,3,0.0,0.0,0.0,0.0,0.0,0.0,1.0,1.0,1.0,48,0.6521918773651123
beam_width,160.0,1,1.0,1.0,1.0,0.0,0.0,0.0,0.0,0.0,0.0,48,1.38134503364563
beam_width,160.0,2,0.0,0.0,0.0,1.0,1.0,1.0,0.0,0.0,0.0,48,1.340845823287964
beam_width,160.0,3,0.0,0.0,0.0,0.0,0.0,0.0,1.0,1.0,1.0,48,1.3138904571533203
alpha,0.1,1,1.0,1.0,1.0,0.0,0.0,0.0,0.0,0.0,0.0,49,0.367638349533081
alpha,0.1,2,0.0,0.0,0.0,1.0,1.0,1.0,0.0,0.0,0.0,49,0.3587257862091064
alpha,0.1,3,0.0,0.0,0.0,0.0,0.0,0.0,1.0,1.0,1.0,49,0.3232898712158203
alpha,0.3,1,1.0,1.0,1.0,0.0,0.0,0.0,0.0,0.0,0.0,49,0.3603048324584961
alpha,0.3,2,0.0,0.0,0.0,1.0,1.0,1.0,0.0,0.0,0.0,49,0.3622415065765381
alpha,0.3,3,0.0,0.0,0.0,0.0,0.0,0.0,1.0,1.0,1.0,49,0.331428050994873
alpha,0.5,1,1.0,1.0,1.0,0.0,0.0,0.0,0.0,0.0,0.0,49,0.359677791595459
alpha,0.5,2,0.0,0.0,0.0,1.0,1.0,1.0,0.0,0.0,0.0,49,0.3632903099060058
alpha,0.5,3,0.0,0.0,0.0,0.0,0.0,0.0,1.0,1.0,1.0,49,0.3361222743988037
alpha,0.75,1,1.0,1.0,1.0,0.0,0.0,0.0,0.0,0.0,0.0,49,0.3539855480194092
alpha,0.75,2,0.0,0.0,0.0,1.0,1.0,1.0,0.0,0.0,0.0,49,0.3656356334686279
alpha,0.75,3,0.0,0.0,0.0,0.0,0.0,0.0,1.0,1.0,1.0,49,0.327235460281372
alpha,1.0,1,1.0,1.0,1.0,0.0,0.0,0.0,0.0,0.0,0.0,49,0.3252978324890136
alpha,1.0,2,0.0,0.0,0.0,1.0,1.0,1.0,0.0,0.0,0.0,49,0.346790075302124
alpha,1.0,3,0.0,0.0,0.0,0.1983002832861189,0.1977401129943503,0.1988636363636363,0.7643979057591622,0.6186440677966102,1.0,49,0.3442881107330322
beam_width,20.0,1,1.0,1.0,1.0,0.0,0.0,0.0,0.0,0.0,0.0,49,0.1840548515319824
beam_width,20.0,2,0.0,0.0,0.0,1.0,1.0,1.0,0.0,0.0,0.0,49,0.1851353645324707
beam_width,20.0,3,0.0,0.0,0.0,0.0,0.0,0.0,1.0,1.0,1.0,49,0.1631543636322021
beam_width,40.0,1,1.0,1.0,1.0,0.0,0.0,0.0,0.0,0.0,0.0,49,0.3607971668243408
beam_width,40.0,2,0.0,0.0,0.0,1.0,1.0,1.0,0.0,0.0,0.0,49,0.3653912544250488
beam_width,40.0,3,0.0,0.0,0.0,0.0,0.0,0.0,1.0,1.0,1.0,49,0.337378978729248
beam_width,80.0,1,1.0,1.0,1.0,0.0,0.0,0.0,0.0,0.0,0.0,49,0.6481499671936035
beam_width,80.0,2,0.0,0.0,0.0,1.0,1.0,1.0,0.0,0.0,0.0,49,0.6681051254272461
beam_width,80.0,3,0.0,0.0,0.0,0.0,0.0,0.0,1.0,1.0,1.0,49,0.6443862915039062
beam_width,160.0,1,1.0,1.0,1.0,0.0,0.0,0.0,0.0,0.0,0.0,49,1.3425405025482178
beam_width,160.0,2,0.0,0.0,0.0,1.0,1.0,1.0,0.0,0.0,0.0,49,1.3542499542236328
beam_width,160.0,3,0.0,0.0,0.0,0.0,0.0,0.0,1.0,1.0,1.0,49,1.439603328704834
alpha,0.1,1,1.0,1.0,1.0,0.0,0.0,0.0,0.0,0.0,0.0,5,0.3629422187805176
alpha,0.1,2,0.0,0.0,0.0,1.0,1.0,1.0,0.0,0.0,0.0,5,0.3741295337677002
alpha,0.1,3,0.0,0.0,0.0,0.0,0.0,0.0,1.0,1.0,1.0,5,0.3417668342590332
alpha,0.3,1,1.0,1.0,1.0,0.0,0.0,0.0,0.0,0.0,0.0,5,0.3660950660705566
alpha,0.3,2,0.0,0.0,0.0,1.0,1.0,1.0,0.0,0.0,0.0,5,0.3771567344665527
alpha,0.3,3,0.0,0.0,0.0,0.0,0.0,0.0,1.0,1.0,1.0,5,0.3421027660369873
alpha,0.5,1,1.0,1.0,1.0,0.0,0.0,0.0,0.0,0.0,0.0,5,0.3319311141967773
alpha,0.5,2,0.0,0.0,0.0,1.0,1.0,1.0,0.0,0.0,0.0,5,0.3669376373291015
alpha,0.5,3,0.0,0.0,0.0,0.0,0.0,0.0,1.0,1.0,1.0,5,0.3145992755889892
alpha,0.75,1,1.0,1.0,1.0,0.0,0.0,0.0,0.0,0.0,0.0,5,0.34883713722229
alpha,0.75,2,0.0,0.0,0.0,1.0,1.0,1.0,0.0,0.0,0.0,5,0.3951365947723388
alpha,0.75,3,0.0,0.0,0.0,0.0,0.0,0.0,1.0,1.0,1.0,5,0.3263111114501953
alpha,1.0,1,1.0,1.0,1.0,0.0,0.0,0.0,0.0,0.0,0.0,5,0.3248424530029297
alpha,1.0,2,0.0,0.0,0.0,1.0,1.0,1.0,0.0,0.0,0.0,5,0.3327476978302002
alpha,1.0,3,0.0,0.0,0.0,0.0,0.0,0.0,1.0,1.0,1.0,5,0.2865133285522461
beam_width,20.0,1,1.0,1.0,1.0,0.0,0.0,0.0,0.0,0.0,0.0,5,0.1651985645294189
beam_width,20.0,2,0.0,0.0,0.0,1.0,1.0,1.0,0.0,0.0,0.0,5,0.1836657524108886
beam_width,20.0,3,0.0,0.0,0.0,0.0,0.0,0.0,1.0,1.0,1.0,5,0.1621479988098144
beam_width,40.0,1,1.0,1.0,1.0,0.0,0.0,0.0,0.0,0.0,0.0,5,0.3250017166137695
beam_width,40.0,2,0.0,0.0,0.0,1.0,1.0,1.0,0.0,0.0,0.0,5,0.3681440353393554
beam_width,40.0,3,0.0,0.0,0.0,0.0,0.0,0.0,1.0,1.0,1.0,5,0.313084602355957
beam_width,80.0,1,1.0,1.0,1.0,0.0,0.0,0.0,0.0,0.0,0.0,5,0.6011204719543457
beam_width,80.0,2,0.0,0.0,0.0,1.0,1.0,1.0,0.0,0.0,0.0,5,0.6565675735473633
beam_width,80.0,3,0.0,0.0,0.0,0.0,0.0,0.0,1.0,1.0,1.0,5,0.5916566848754883
beam_width,160.0,1,1.0,1.0,1.0,0.0,0.0,0.0,0.0,0.0,0.0,5,1.230032444000244
beam_width,160.0,2,0.0,0.0,0.0,1.0,1.0,1.0,0.0,0.0,0.0,5,1.404423713684082
beam_width,160.0,3,0.0,0.0,0.0,0.0,0.0,0.0,1.0,1.0,1.0,5,1.186802625656128
alpha,0.1,1,1.0,1.0,1.0,0.0,0.0,0.0,0.0,0.0,0.0,50,0.3729677200317383
alpha,0.1,2,0.0,0.0,0.0,1.0,1.0,1.0,0.0,0.0,0.0,50,0.3688058853149414
alpha,0.1,3,0.0,0.0,0.0,0.0,0.0,0.0,1.0,1.0,1.0,50,0.3787672519683838
alpha,0.3,1,1.0,1.0,1.0,0.0,0.0,0.0,0.0,0.0,0.0,50,0.376765489578247
alpha,0.3,2,0.0,0.0,0.0,1.0,1.0,1.0,0.0,0.0,0.0,50,0.3704762458801269
alpha,0.3,3,0.0,0.0,0.0,0.0,0.0,0.0,1.0,1.0,1.0,50,0.3841679096221924
alpha,0.5,1,1.0,1.0,1.0,0.0,0.0,0.0,0.0,0.0,0.0,50,0.379256010055542
alpha,0.5,2,0.0,0.0,0.0,1.0,1.0,1.0,0.0,0.0,0.0,50,0.3381319046020508
alpha,0.5,3,0.0,0.0,0.0,0.0,0.0,0.0,1.0,1.0,1.0,50,0.3851027488708496
alpha,0.75,1,1.0,1.0,1.0,0.0,0.0,0.0,0.0,0.0,0.0,50,0.3794097900390625
alpha,0.75,2,0.0,0.0,0.0,1.0,1.0,1.0,0.0,0.0,0.0,50,0.3448562622070312
alpha,0.75,3,0.0,0.0,0.0,0.0,0.0,0.0,1.0,1.0,1.0,50,0.3956642150878906
alpha,1.0,1,1.0,1.0,1.0,0.0,0.0,0.0,0.0,0.0,0.0,50,0.3581430912017822
alpha,1.0,2,0.4504504504504504,0.2906976744186046,1.0,1.0,1.0,1.0,0.0,0.0,0.0,50,0.3511443138122558
alpha,1.0,3,0.3843913803145021,0.2554179566563467,0.7764705882352941,0.4313421256788208,0.3711615487316422,0.5148148148148148,0.7595870206489674,0.6123662306777645,1.0,50,0.4053819179534912
beam_width,20.0,1,1.0,1.0,1.0,0.0,0.0,0.0,0.0,0.0,0.0,50,0.1777389049530029
beam_width,20.0,2,0.0,0.0,0.0,1.0,1.0,1.0,0.0,0.0,0.0,50,0.162452220916748
beam_width,20.0,3,0.0,0.0,0.0,0.0,0.0,0.0,1.0,1.0,1.0,50,0.1771531105041504
beam_width,40.0,1,1.0,1.0,1.0,0.0,0.0,0.0,0.0,0.0,0.0,50,0.3717763423919678
beam_width,40.0,2,0.0,0.0,0.0,1.0,1.0,1.0,0.0,0.0,0.0,50,0.3336308002471924
beam_width,40.0,3,0.0,0.0,0.0,0.0,0.0,0.0,1.0,1.0,1.0,50,0.3871757984161377
beam_width,80.0,1,1.0,1.0,1.0,0.0,0.0,0.0,0.0,0.0,0.0,50,0.7123754024505615
beam_width,80.0,2,0.0,0.0,0.0,1.0,1.0,1.0,0.0,0.0,0.0,50,0.6027793884277344
beam_width,80.0,3,0.0,0.0,0.0,0.0,0.0,0.0,1.0,1.0,1.0,50,0.7131063938140869
beam_width,160.0,1,1.0,1.0,1.0,0.0,0.0,0.0,0.0,0.0,0.0,50,1.4327049255371094
beam_width,160.0,2,0.0,0.0,0.0,1.0,1.0,1.0,0.0,0.0,0.0,50,1.289613962173462
beam_width,160.0,3,0.0,0.0,0.0,0.0,0.0,0.0,1.0,1.0,1.0,50,1.4496362209320068
alpha,0.1,1,1.0,1.0,1.0,0.0,0.0,0.0,0.0,0.0,0.0,51,0.3585124015808105
alpha,0.1,2,0.0,0.0,0.0,1.0,1.0,1.0,0.0,0.0,0.0,51,0.3582727909088135
alpha,0.1,3,0.0,0.0,0.0,0.0,0.0,0.0,1.0,1.0,1.0,51,0.3585529327392578
alpha,0.3,1,1.0,1.0,1.0,0.0,0.0,0.0,0.0,0.0,0.0,51,0.3565952777862549
alpha,0.3,2,0.0,0.0,0.0,1.0,1.0,1.0,0.0,0.0,0.0,51,0.3683130741119385
alpha,0.3,3,0.0,0.0,0.0,0.0,0.0,0.0,1.0,1.0,1.0,51,0.3631520271301269
alpha,0.5,1,1.0,1.0,1.0,0.0,0.0,0.0,0.0,0.0,0.0,51,0.3575007915496826
alpha,0.5,2,0.0,0.0,0.0,1.0,1.0,1.0,0.0,0.0,0.0,51,0.3692440986633301
alpha,0.5,3,0.0,0.0,0.0,0.0,0.0,0.0,1.0,1.0,1.0,51,0.3682177066802978
alpha,0.75,1,1.0,1.0,1.0,0.0,0.0,0.0,0.0,0.0,0.0,51,0.3562953472137451
alpha,0.75,2,0.0,0.0,0.0,1.0,1.0,1.0,0.0,0.0,0.0,51,0.3528401851654053
alpha,0.75,3,0.0,0.0,0.0,0.0,0.0,0.0,1.0,1.0,1.0,51,0.3618288040161133
alpha,1.0,1,1.0,1.0,1.0,0.0,0.0,0.0,0.0,0.0,0.0,51,0.3265197277069092
alpha,1.0,2,0.0,0.0,0.0,1.0,1.0,1.0,0.0,0.0,0.0,51,0.3365345001220703
alpha,1.0,3,0.0,0.0,0.0,0.0,0.0,0.0,1.0,1.0,1.0,51,0.3551225662231445
beam_width,20.0,1,1.0,1.0,1.0,0.0,0.0,0.0,0.0,0.0,0.0,51,0.1815714836120605
beam_width,20.0,2,0.0,0.0,0.0,1.0,1.0,1.0,0.0,0.0,0.0,51,0.1868176460266113
beam_width,20.0,3,0.0,0.0,0.0,0.0,0.0,0.0,1.0,1.0,1.0,51,0.183851957321167
beam_width,40.0,1,1.0,1.0,1.0,0.0,0.0,0.0,0.0,0.0,0.0,51,0.3606503009796142
beam_width,40.0,2,0.0,0.0,0.0,1.0,1.0,1.0,0.0,0.0,0.0,51,0.3653273582458496
beam_width,40.0,3,0.0,0.0,0.0,0.0,0.0,0.0,1.0,1.0,1.0,51,0.3697774410247803
beam_width,80.0,1,1.0,1.0,1.0,0.0,0.0,0.0,0.0,0.0,0.0,51,0.6443476676940918
beam_width,80.0,2,0.0,0.0,0.0,1.0,1.0,1.0,0.0,0.0,0.0,51,0.6539077758789062
beam_width,80.0,3,0.0,0.0,0.0,0.0,0.0,0.0,1.0,1.0,1.0,51,0.6659495830535889
beam_width,160.0,1,1.0,1.0,1.0,0.0,0.0,0.0,0.0,0.0,0.0,51,1.323507308959961
beam_width,160.0,2,0.0,0.0,0.0,1.0,1.0,1.0,0.0,0.0,0.0,51,1.3408751487731934
beam_width,160.0,3,0.0,0.0,0.0,0.0,0.0,0.0,1.0,1.0,1.0,51,1.3626394271850586
alpha,0.1,1,1.0,1.0,1.0,0.0,0.0,0.0,0.0,0.0,0.0,52,0.3434996604919433
alpha,0.1,2,0.0,0.0,0.0,1.0,1.0,1.0,0.0,0.0,0.0,52,0.3324177265167236
alpha,0.1,3,0.0,0.0,0.0,0.0,0.0,0.0,1.0,1.0,1.0,52,0.3412351608276367
alpha,0.3,1,1.0,1.0,1.0,0.0,0.0,0.0,0.0,0.0,0.0,52,0.3220264911651611
alpha,0.3,2,0.0,0.0,0.0,1.0,1.0,1.0,0.0,0.0,0.0,52,0.3390922546386719
alpha,0.3,3,0.0,0.0,0.0,0.0,0.0,0.0,1.0,1.0,1.0,52,0.3457953929901123
alpha,0.5,1,1.0,1.0,1.0,0.0,0.0,0.0,0.0,0.0,0.0,52,0.3203580379486084
alpha,0.5,2,0.0,0.0,0.0,1.0,1.0,1.0,0.0,0.0,0.0,52,0.3441870212554931
alpha,0.5,3,0.0,0.0,0.0,0.0,0.0,0.0,1.0,1.0,1.0,52,0.3459978103637695
alpha,0.75,1,1.0,1.0,1.0,0.0,0.0,0.0,0.0,0.0,0.0,52,0.2932240962982178
alpha,0.75,2,0.0,0.0,0.0,1.0,1.0,1.0,0.0,0.0,0.0,52,0.3318626880645752
alpha,0.75,3,0.0,0.0,0.0,0.0,0.0,0.0,1.0,1.0,1.0,52,0.3329341411590576
alpha,1.0,1,1.0,1.0,1.0,0.0,0.0,0.0,0.0,0.0,0.0,52,0.2729501724243164
alpha,1.0,2,0.0,0.0,0.0,1.0,1.0,1.0,0.0,0.0,0.0,52,0.3104047775268554
alpha,1.0,3,0.0,0.0,0.0,0.0,0.0,0.0,1.0,1.0,1.0,52,0.2898886203765869
beam_width,20.0,1,1.0,1.0,1.0,0.0,0.0,0.0,0.0,0.0,0.0,52,0.1506776809692382
beam_width,20.0,2,0.0,0.0,0.0,1.0,1.0,1.0,0.0,0.0,0.0,52,0.1603796482086181
beam_width,20.0,3,0.0,0.0,0.0,0.0,0.0,0.0,1.0,1.0,1.0,52,0.169248342514038
beam_width,40.0,1,1.0,1.0,1.0,0.0,0.0,0.0,0.0,0.0,0.0,52,0.3242106437683105
beam_width,40.0,2,0.0,0.0,0.0,1.0,1.0,1.0,0.0,0.0,0.0,52,0.3416078090667724
beam_width,40.0,3,0.0,0.0,0.0,0.0,0.0,0.0,1.0,1.0,1.0,52,0.3508510589599609
beam_width,80.0,1,1.0,1.0,1.0,0.0,0.0,0.0,0.0,0.0,0.0,52,0.5580763816833496
beam_width,80.0,2,0.0,0.0,0.0,1.0,1.0,1.0,0.0,0.0,0.0,52,0.618323564529419
beam_width,80.0,3,0.0,0.0,0.0,0.0,0.0,0.0,1.0,1.0,1.0,52,0.633913516998291
beam_width,160.0,1,1.0,1.0,1.0,0.0,0.0,0.0,0.0,0.0,0.0,52,1.103428602218628
beam_width,160.0,2,0.0,0.0,0.0,1.0,1.0,1.0,0.0,0.0,0.0,52,1.2289788722991943
beam_width,160.0,3,0.0,0.0,0.0,0.0,0.0,0.0,1.0,1.0,1.0,52,1.2722127437591553
alpha,0.1,1,0.0,0.0,0.0,0.0,0.0,0.0,0.0,0.0,0.0,53,0.4769434928894043
alpha,0.1,2,0.0,0.0,0.0,1.0,1.0,1.0,0.0,0.0,0.0,53,0.3379292488098144
alpha,0.1,3,0.0,0.0,0.0,0.0,0.0,0.0,1.0,1.0,1.0,53,0.3373947143554687
alpha,0.3,1,1.0,1.0,1.0,0.0,0.0,0.0,0.0,0.0,0.0,53,0.3448059558868408
alpha,0.3,2,0.0,0.0,0.0,1.0,1.0,1.0,0.0,0.0,0.0,53,0.345808744430542
alpha,0.3,3,0.0,0.0,0.0,0.0,0.0,0.0,1.0,1.0,1.0,53,0.3464071750640869
alpha,0.5,1,1.0,1.0,1.0,0.0,0.0,0.0,0.0,0.0,0.0,53,0.2872583866119385
alpha,0.5,2,0.0,0.0,0.0,1.0,1.0,1.0,0.0,0.0,0.0,53,0.3485701084136963
alpha,0.5,3,0.0,0.0,0.0,0.0,0.0,0.0,1.0,1.0,1.0,53,0.3383209705352783
alpha,0.75,1,1.0,1.0,1.0,0.0,0.0,0.0,0.0,0.0,0.0,53,0.3249428272247314
alpha,0.75,2,0.0,0.0,0.0,1.0,1.0,1.0,0.0,0.0,0.0,53,0.336406946182251
alpha,0.75,3,0.0,0.0,0.0,0.0,0.0,0.0,1.0,1.0,1.0,53,0.3243978023529053
alpha,1.0,1,1.0,1.0,1.0,0.0,0.0,0.0,0.0,0.0,0.0,53,0.2991285324096679
alpha,1.0,2,0.0,0.0,0.0,1.0,1.0,1.0,0.0,0.0,0.0,53,0.311664342880249
alpha,1.0,3,0.0,0.0,0.0,0.0,0.0,0.0,1.0,1.0,1.0,53,0.2933526039123535
beam_width,20.0,1,1.0,1.0,1.0,0.0,0.0,0.0,0.0,0.0,0.0,53,0.1531884670257568
beam_width,20.0,2,0.0,0.0,0.0,1.0,1.0,1.0,0.0,0.0,0.0,53,0.1648721694946289
beam_width,20.0,3,0.0,0.0,0.0,0.0,0.0,0.0,1.0,1.0,1.0,53,0.1602323055267334
beam_width,40.0,1,1.0,1.0,1.0,0.0,0.0,0.0,0.0,0.0,0.0,53,0.3321988582611084
beam_width,40.0,2,0.0,0.0,0.0,1.0,1.0,1.0,0.0,0.0,0.0,53,0.3479180335998535
beam_width,40.0,3,0.0,0.0,0.0,0.0,0.0,0.0,1.0,1.0,1.0,53,0.346912145614624
beam_width,80.0,1,1.0,1.0,1.0,0.0,0.0,0.0,0.0,0.0,0.0,53,0.5819201469421387
beam_width,80.0,2,0.0,0.0,0.0,1.0,1.0,1.0,0.0,0.0,0.0,53,0.629324197769165
beam_width,80.0,3,0.0,0.0,0.0,0.0,0.0,0.0,1.0,1.0,1.0,53,0.6051506996154785
beam_width,160.0,1,1.0,1.0,1.0,0.0,0.0,0.0,0.0,0.0,0.0,53,1.143538236618042
beam_width,160.0,2,0.0,0.0,0.0,1.0,1.0,1.0,0.0,0.0,0.0,53,1.2388267517089844
beam_width,160.0,3,0.0,0.0,0.0,0.0,0.0,0.0,1.0,1.0,1.0,53,1.2959694862365725
alpha,0.1,1,1.0,1.0,1.0,0.0,0.0,0.0,0.0,0.0,0.0,54,0.3453786373138428
alpha,0.1,2,0.0,0.0,0.0,1.0,1.0,1.0,0.0,0.0,0.0,54,0.3239200115203857
alpha,0.1,3,0.0,0.0,0.0,0.0,0.0,0.0,1.0,1.0,1.0,54,0.3160884380340576
alpha,0.3,1,1.0,1.0,1.0,0.0,0.0,0.0,0.0,0.0,0.0,54,0.3412957191467285
alpha,0.3,2,0.0,0.0,0.0,1.0,1.0,1.0,0.0,0.0,0.0,54,0.3250834941864013
alpha,0.3,3,0.0,0.0,0.0,0.0,0.0,0.0,1.0,1.0,1.0,54,0.3148224353790283
alpha,0.5,1,1.0,1.0,1.0,0.0,0.0,0.0,0.0,0.0,0.0,54,0.3410861492156982
alpha,0.5,2,0.0,0.0,0.0,1.0,1.0,1.0,0.0,0.0,0.0,54,0.3163228034973144
alpha,0.5,3,0.0,0.0,0.0,0.0,0.0,0.0,1.0,1.0,1.0,54,0.313990831375122
alpha,0.75,1,1.0,1.0,1.0,0.0,0.0,0.0,0.0,0.0,0.0,54,0.3220973014831543
alpha,0.75,2,0.0,0.0,0.0,1.0,1.0,1.0,0.0,0.0,0.0,54,0.3019042015075683
alpha,0.75,3,0.0,0.0,0.0,0.0,0.0,0.0,1.0,1.0,1.0,54,0.3130700588226318
alpha,1.0,1,1.0,1.0,1.0,0.0,0.0,0.0,0.0,0.0,0.0,54,0.2869606018066406
alpha,1.0,2,0.0,0.0,0.0,1.0,1.0,1.0,0.0,0.0,0.0,54,0.2881743907928467
alpha,1.0,3,0.0,0.0,0.0,0.0,0.0,0.0,1.0,1.0,1.0,54,0.2813458442687988
beam_width,20.0,1,1.0,1.0,1.0,0.0,0.0,0.0,0.0,0.0,0.0,54,0.1602976322174072
beam_width,20.0,2,0.0,0.0,0.0,1.0,1.0,1.0,0.0,0.0,0.0,54,0.1602175235748291
beam_width,20.0,3,0.0,0.0,0.0,0.0,0.0,0.0,1.0,1.0,1.0,54,0.1509256362915039
beam_width,40.0,1,1.0,1.0,1.0,0.0,0.0,0.0,0.0,0.0,0.0,54,0.3405623435974121
beam_width,40.0,2,0.0,0.0,0.0,1.0,1.0,1.0,0.0,0.0,0.0,54,0.3106980323791504
beam_width,40.0,3,0.0,0.0,0.0,0.0,0.0,0.0,1.0,1.0,1.0,54,0.3151564598083496
beam_width,80.0,1,1.0,1.0,1.0,0.0,0.0,0.0,0.0,0.0,0.0,54,0.6072797775268555
beam_width,80.0,2,0.0,0.0,0.0,1.0,1.0,1.0,0.0,0.0,0.0,54,0.5855786800384521
beam_width,80.0,3,0.0,0.0,0.0,0.0,0.0,0.0,1.0,1.0,1.0,54,0.5917251110076904
beam_width,160.0,1,1.0,1.0,1.0,0.0,0.0,0.0,0.0,0.0,0.0,54,1.197340726852417
beam_width,160.0,2,0.0,0.0,0.0,1.0,1.0,1.0,0.0,0.0,0.0,54,1.1487712860107422
beam_width,160.0,3,0.0,0.0,0.0,0.0,0.0,0.0,1.0,1.0,1.0,54,1.1236772537231443
alpha,0.1,1,1.0,1.0,1.0,0.0,0.0,0.0,0.0,0.0,0.0,55,0.3578269481658935
alpha,0.1,2,0.0,0.0,0.0,1.0,1.0,1.0,0.0,0.0,0.0,55,0.3701953887939453
alpha,0.1,3,0.0,0.0,0.0,0.0,0.0,0.0,1.0,1.0,1.0,55,0.333153486251831
alpha,0.3,1,1.0,1.0,1.0,0.0,0.0,0.0,0.0,0.0,0.0,55,0.3467254638671875
alpha,0.3,2,0.0,0.0,0.0,1.0,1.0,1.0,0.0,0.0,0.0,55,0.3664939403533935
alpha,0.3,3,0.0,0.0,0.0,0.0,0.0,0.0,1.0,1.0,1.0,55,0.330101728439331
alpha,0.5,1,1.0,1.0,1.0,0.0,0.0,0.0,0.0,0.0,0.0,55,0.3424162864685058
alpha,0.5,2,0.0,0.0,0.0,1.0,1.0,1.0,0.0,0.0,0.0,55,0.3692243099212646
alpha,0.5,3,0.0,0.0,0.0,0.0,0.0,0.0,1.0,1.0,1.0,55,0.3285145759582519
alpha,0.75,1,1.0,1.0,1.0,0.0,0.0,0.0,0.0,0.0,0.0,55,0.2969212532043457
alpha,0.75,2,0.0,0.0,0.0,1.0,1.0,1.0,0.0,0.0,0.0,55,0.3709354400634765
alpha,0.75,3,0.0,0.0,0.0,0.0,0.0,0.0,1.0,1.0,1.0,55,0.3171277046203613
alpha,1.0,1,1.0,1.0,1.0,0.0,0.0,0.0,0.0,0.0,0.0,55,0.2908558845520019
alpha,1.0,2,0.0,0.0,0.0,1.0,1.0,1.0,0.0,0.0,0.0,55,0.3472230434417724
alpha,1.0,3,0.0,0.0,0.0,0.0,0.0,0.0,1.0,1.0,1.0,55,0.2977871894836426
beam_width,20.0,1,1.0,1.0,1.0,0.0,0.0,0.0,0.0,0.0,0.0,55,0.1597402095794677
beam_width,20.0,2,0.0,0.0,0.0,1.0,1.0,1.0,0.0,0.0,0.0,55,0.1775441169738769
beam_width,20.0,3,0.0,0.0,0.0,0.0,0.0,0.0,1.0,1.0,1.0,55,0.1692831516265869
beam_width,40.0,1,1.0,1.0,1.0,0.0,0.0,0.0,0.0,0.0,0.0,55,0.3468294143676758
beam_width,40.0,2,0.0,0.0,0.0,1.0,1.0,1.0,0.0,0.0,0.0,55,0.3718812465667724
beam_width,40.0,3,0.0,0.0,0.0,0.0,0.0,0.0,1.0,1.0,1.0,55,0.3299217224121094
beam_width,80.0,1,1.0,1.0,1.0,0.0,0.0,0.0,0.0,0.0,0.0,55,0.6577658653259277
beam_width,80.0,2,0.0,0.0,0.0,1.0,1.0,1.0,0.0,0.0,0.0,55,0.6587474346160889
beam_width,80.0,3,0.0,0.0,0.0,0.0,0.0,0.0,1.0,1.0,1.0,55,0.6060159206390381
beam_width,160.0,1,1.0,1.0,1.0,0.0,0.0,0.0,0.0,0.0,0.0,55,1.2033393383026123
beam_width,160.0,2,0.0,0.0,0.0,1.0,1.0,1.0,0.0,0.0,0.0,55,1.299300193786621
beam_width,160.0,3,0.0,0.0,0.0,0.0,0.0,0.0,1.0,1.0,1.0,55,1.3377084732055664
alpha,0.1,1,1.0,1.0,1.0,0.0,0.0,0.0,0.0,0.0,0.0,56,0.3842518329620361
alpha,0.1,2,0.0035874439461883,0.0036297640653357,0.0035460992907801,1.0,1.0,1.0,0.0,0.0,0.0,56,0.3312993049621582
alpha,0.1,3,0.0,0.0,0.0,0.0,0.0,0.0,1.0,1.0,1.0,56,0.3520939350128174
alpha,0.3,1,1.0,1.0,1.0,0.0,0.0,0.0,0.0,0.0,0.0,56,0.3751296997070312
alpha,0.3,2,0.0035874439461883,0.0036297640653357,0.0035460992907801,1.0,1.0,1.0,0.0,0.0,0.0,56,0.3297169208526611
alpha,0.3,3,0.0,0.0,0.0,0.0,0.0,0.0,1.0,1.0,1.0,56,0.3585648536682129
alpha,0.5,1,1.0,1.0,1.0,0.0,0.0,0.0,0.0,0.0,0.0,56,0.3856556415557861
alpha,0.5,2,0.0035874439461883,0.0036297640653357,0.0035460992907801,1.0,1.0,1.0,0.0,0.0,0.0,56,0.3153634071350097
alpha,0.5,3,0.0,0.0,0.0,0.0,0.0,0.0,1.0,1.0,1.0,56,0.3585524559020996
alpha,0.75,1,1.0,1.0,1.0,0.0,0.0,0.0,0.0,0.0,0.0,56,0.3843390941619873
alpha,0.75,2,0.0035874439461883,0.0036297640653357,0.0035460992907801,1.0,1.0,1.0,0.0,0.0,0.0,56,0.3025217056274414
alpha,0.75,3,0.0,0.0,0.0,0.0,0.0,0.0,1.0,1.0,1.0,56,0.3528590202331543
alpha,1.0,1,1.0,1.0,1.0,0.0,0.0,0.0,0.0,0.0,0.0,56,0.3656303882598877
alpha,1.0,2,0.1758241758241758,0.149812734082397,0.2127659574468085,1.0,1.0,1.0,0.0,0.0,0.0,56,0.2888698577880859
alpha,1.0,3,0.0,0.0,0.0,0.0,0.0,0.0,1.0,1.0,1.0,56,0.3280172348022461
beam_width,20.0,1,1.0,1.0,1.0,0.0,0.0,0.0,0.0,0.0,0.0,56,0.193704605102539
beam_width,20.0,2,0.0035874439461883,0.0036297640653357,0.0035460992907801,1.0,1.0,1.0,0.0,0.0,0.0,56,0.1643850803375244
beam_width,20.0,3,0.0,0.0,0.0,0.0,0.0,0.0,1.0,1.0,1.0,56,0.1826231479644775
beam_width,40.0,1,1.0,1.0,1.0,0.0,0.0,0.0,0.0,0.0,0.0,56,0.389033555984497
beam_width,40.0,2,0.0035874439461883,0.0036297640653357,0.0035460992907801,1.0,1.0,1.0,0.0,0.0,0.0,56,0.3149020671844482
beam_width,40.0,3,0.0,0.0,0.0,0.0,0.0,0.0,1.0,1.0,1.0,56,0.3575072288513183
beam_width,80.0,1,1.0,1.0,1.0,0.0,0.0,0.0,0.0,0.0,0.0,56,0.6968698501586914
beam_width,80.0,2,0.0035874439461883,0.0036297640653357,0.0035460992907801,1.0,1.0,1.0,0.0,0.0,0.0,56,0.6037755012512207
beam_width,80.0,3,0.0,0.0,0.0,0.0,0.0,0.0,1.0,1.0,1.0,56,0.6705076694488525
beam_width,160.0,1,1.0,1.0,1.0,0.0,0.0,0.0,0.0,0.0,0.0,56,1.4544546604156494
beam_width,160.0,2,0.0035874439461883,0.0036297640653357,0.0035460992907801,1.0,1.0,1.0,0.0,0.0,0.0,56,1.20994234085083
beam_width,160.0,3,0.0,0.0,0.0,0.0,0.0,0.0,1.0,1.0,1.0,56,1.429884672164917
alpha,0.1,1,1.0,1.0,1.0,0.0,0.0,0.0,0.0,0.0,0.0,57,0.3474981784820556
alpha,0.1,2,0.0,0.0,0.0,1.0,1.0,1.0,0.0,0.0,0.0,57,0.367150068283081
alpha,0.1,3,0.0,0.0,0.0,0.0,0.0,0.0,1.0,1.0,1.0,57,0.3489420413970947
alpha,0.3,1,1.0,1.0,1.0,0.0,0.0,0.0,0.0,0.0,0.0,57,0.3352401256561279
alpha,0.3,2,0.0,0.0,0.0,1.0,1.0,1.0,0.0,0.0,0.0,57,0.3674774169921875
alpha,0.3,3,0.0,0.0,0.0,0.0,0.0,0.0,1.0,1.0,1.0,57,0.3479034900665283
alpha,0.5,1,1.0,1.0,1.0,0.0,0.0,0.0,0.0,0.0,0.0,57,0.3210737705230713
alpha,0.5,2,0.0,0.0,0.0,1.0,1.0,1.0,0.0,0.0,0.0,57,0.3746716976165771
alpha,0.5,3,0.0,0.0,0.0,0.0,0.0,0.0,1.0,1.0,1.0,57,0.3436851501464844
alpha,0.75,1,1.0,1.0,1.0,0.0,0.0,0.0,0.0,0.0,0.0,57,0.2934286594390869
alpha,0.75,2,0.0,0.0,0.0,1.0,1.0,1.0,0.0,0.0,0.0,57,0.3673963546752929
alpha,0.75,3,0.0,0.0,0.0,0.0,0.0,0.0,1.0,1.0,1.0,57,0.3267083168029785
alpha,1.0,1,1.0,1.0,1.0,0.0,0.0,0.0,0.0,0.0,0.0,57,0.2766706943511963
alpha,1.0,2,0.0,0.0,0.0,1.0,1.0,1.0,0.0,0.0,0.0,57,0.3333649635314941
alpha,1.0,3,0.0,0.0,0.0,0.0,0.0,0.0,1.0,1.0,1.0,57,0.3130450248718261
beam_width,20.0,1,1.0,1.0,1.0,0.0,0.0,0.0,0.0,0.0,0.0,57,0.1537957191467285
beam_width,20.0,2,0.0,0.0,0.0,1.0,1.0,1.0,0.0,0.0,0.0,57,0.1882040500640869
beam_width,20.0,3,0.0,0.0,0.0,0.0,0.0,0.0,1.0,1.0,1.0,57,0.1596415042877197
beam_width,40.0,1,1.0,1.0,1.0,0.0,0.0,0.0,0.0,0.0,0.0,57,0.3223252296447754
beam_width,40.0,2,0.0,0.0,0.0,1.0,1.0,1.0,0.0,0.0,0.0,57,0.3724555969238281
beam_width,40.0,3,0.0,0.0,0.0,0.0,0.0,0.0,1.0,1.0,1.0,57,0.3411283493041992
beam_width,80.0,1,1.0,1.0,1.0,0.0,0.0,0.0,0.0,0.0,0.0,57,0.56156325340271
beam_width,80.0,2,0.0,0.0,0.0,1.0,1.0,1.0,0.0,0.0,0.0,57,0.6718935966491699
beam_width,80.0,3,0.0,0.0,0.0,0.0,0.0,0.0,1.0,1.0,1.0,57,0.6098525524139404
beam_width,160.0,1,1.0,1.0,1.0,0.0,0.0,0.0,0.0,0.0,0.0,57,1.1036763191223145
beam_width,160.0,2,0.0,0.0,0.0,1.0,1.0,1.0,0.0,0.0,0.0,57,1.409135341644287
beam_width,160.0,3,0.0,0.0,0.0,0.0,0.0,0.0,1.0,1.0,1.0,57,1.2604389190673828
alpha,0.1,1,1.0,1.0,1.0,0.0,0.0,0.0,0.0,0.0,0.0,58,0.3397514820098877
alpha,0.1,2,0.0,0.0,0.0,1.0,1.0,1.0,0.0,0.0,0.0,58,0.3363192081451416
alpha,0.1,3,0.0,0.0,0.0,0.0,0.0,0.0,1.0,1.0,1.0,58,0.2617654800415039
alpha,0.3,1,1.0,1.0,1.0,0.0,0.0,0.0,0.0,0.0,0.0,58,0.3334808349609375
alpha,0.3,2,0.0,0.0,0.0,1.0,1.0,1.0,0.0,0.0,0.0,58,0.3270637989044189
alpha,0.3,3,0.0,0.0,0.0,0.0,0.0,0.0,1.0,1.0,1.0,58,0.2596580982208252
alpha,0.5,1,1.0,1.0,1.0,0.0,0.0,0.0,0.0,0.0,0.0,58,0.3295586109161377
alpha,0.5,2,0.0,0.0,0.0,1.0,1.0,1.0,0.0,0.0,0.0,58,0.3168163299560547
alpha,0.5,3,0.0,0.0,0.0,0.0,0.0,0.0,1.0,1.0,1.0,58,0.2603538036346435
alpha,0.75,1,1.0,1.0,1.0,0.0,0.0,0.0,0.0,0.0,0.0,58,0.3088459968566894
alpha,0.75,2,0.0,0.0,0.0,1.0,1.0,1.0,0.0,0.0,0.0,58,0.3035962581634521
alpha,0.75,3,0.0,0.0,0.0,0.0,0.0,0.0,1.0,1.0,1.0,58,0.2628695964813232
alpha,1.0,1,1.0,1.0,1.0,0.0,0.0,0.0,0.0,0.0,0.0,58,0.2866716384887695
alpha,1.0,2,0.1091192517537022,0.0873907615480649,0.1452282157676348,1.0,1.0,1.0,0.0,0.0,0.0,58,0.2864089012145996
alpha,1.0,3,0.0,0.0,0.0,0.0,0.0,0.0,1.0,1.0,1.0,58,0.263608455657959
beam_width,20.0,1,1.0,1.0,1.0,0.0,0.0,0.0,0.0,0.0,0.0,58,0.1686446666717529
beam_width,20.0,2,0.0,0.0,0.0,1.0,1.0,1.0,0.0,0.0,0.0,58,0.1568312644958496
beam_width,20.0,3,0.0,0.0,0.0,0.0,0.0,0.0,1.0,1.0,1.0,58,0.1310741901397705
beam_width,40.0,1,1.0,1.0,1.0,0.0,0.0,0.0,0.0,0.0,0.0,58,0.3288168907165527
beam_width,40.0,2,0.0,0.0,0.0,1.0,1.0,1.0,0.0,0.0,0.0,58,0.3153347969055176
beam_width,40.0,3,0.0,0.0,0.0,0.0,0.0,0.0,1.0,1.0,1.0,58,0.2587511539459228
beam_width,80.0,1,1.0,1.0,1.0,0.0,0.0,0.0,0.0,0.0,0.0,58,0.623528003692627
beam_width,80.0,2,0.0,0.0,0.0,1.0,1.0,1.0,0.0,0.0,0.0,58,0.5778446197509766
beam_width,80.0,3,0.0,0.0,0.0,0.0,0.0,0.0,1.0,1.0,1.0,58,0.4683244228363037
beam_width,160.0,1,1.0,1.0,1.0,0.0,0.0,0.0,0.0,0.0,0.0,58,1.193145990371704
beam_width,160.0,2,0.0,0.0,0.0,1.0,1.0,1.0,0.0,0.0,0.0,58,1.1535696983337402
beam_width,160.0,3,0.0,0.0,0.0,0.0,0.0,0.0,1.0,1.0,1.0,58,0.9778714179992676
alpha,0.1,1,1.0,1.0,1.0,0.0,0.0,0.0,0.0,0.0,0.0,59,0.3480770587921142
alpha,0.1,2,0.0,0.0,0.0,1.0,1.0,1.0,0.0,0.0,0.0,59,0.377223253250122
alpha,0.1,3,0.0,0.0,0.0,0.0,0.0,0.0,1.0,1.0,1.0,59,0.3554859161376953
alpha,0.3,1,1.0,1.0,1.0,0.0,0.0,0.0,0.0,0.0,0.0,59,0.3324263095855713
alpha,0.3,2,0.0,0.0,0.0,1.0,1.0,1.0,0.0,0.0,0.0,59,0.3755886554718017
alpha,0.3,3,0.0,0.0,0.0,0.0,0.0,0.0,1.0,1.0,1.0,59,0.3575706481933594
alpha,0.5,1,1.0,1.0,1.0,0.0,0.0,0.0,0.0,0.0,0.0,59,0.3329038619995117
alpha,0.5,2,0.0,0.0,0.0,1.0,1.0,1.0,0.0,0.0,0.0,59,0.3834166526794433
alpha,0.5,3,0.0,0.0,0.0,0.0,0.0,0.0,1.0,1.0,1.0,59,0.3479676246643066
alpha,0.75,1,1.0,1.0,1.0,0.0,0.0,0.0,0.0,0.0,0.0,59,0.3106448650360107
alpha,0.75,2,0.0,0.0,0.0,1.0,1.0,1.0,0.0,0.0,0.0,59,0.3827075958251953
alpha,0.75,3,0.0,0.0,0.0,0.0,0.0,0.0,1.0,1.0,1.0,59,0.3264110088348388
alpha,1.0,1,1.0,1.0,1.0,0.0,0.0,0.0,0.0,0.0,0.0,59,0.2960958480834961
alpha,1.0,2,0.0,0.0,0.0,1.0,1.0,1.0,0.0,0.0,0.0,59,0.3579211235046386
alpha,1.0,3,0.0,0.0,0.0,0.0,0.0,0.0,1.0,1.0,1.0,59,0.3041355609893799
beam_width,20.0,1,1.0,1.0,1.0,0.0,0.0,0.0,0.0,0.0,0.0,59,0.1703429222106933
beam_width,20.0,2,0.0,0.0,0.0,1.0,1.0,1.0,0.0,0.0,0.0,59,0.1757681369781494
beam_width,20.0,3,0.0,0.0,0.0,0.0,0.0,0.0,1.0,1.0,1.0,59,0.1732544898986816
beam_width,40.0,1,1.0,1.0,1.0,0.0,0.0,0.0,0.0,0.0,0.0,59,0.3356704711914062
beam_width,40.0,2,0.0,0.0,0.0,1.0,1.0,1.0,0.0,0.0,0.0,59,0.3770599365234375
beam_width,40.0,3,0.0,0.0,0.0,0.0,0.0,0.0,1.0,1.0,1.0,59,0.3486323356628418
beam_width,80.0,1,1.0,1.0,1.0,0.0,0.0,0.0,0.0,0.0,0.0,59,0.608466386795044
beam_width,80.0,2,0.0,0.0,0.0,1.0,1.0,1.0,0.0,0.0,0.0,59,0.6853463649749756
beam_width,80.0,3,0.0,0.0,0.0,0.0,0.0,0.0,1.0,1.0,1.0,59,0.6210775375366211
beam_width,160.0,1,1.0,1.0,1.0,0.0,0.0,0.0,0.0,0.0,0.0,59,1.2249963283538818
beam_width,160.0,2,0.0,0.0,0.0,1.0,1.0,1.0,0.0,0.0,0.0,59,1.318023920059204
beam_width,160.0,3,0.0,0.0,0.0,0.0,0.0,0.0,1.0,1.0,1.0,59,1.2629594802856443
alpha,0.1,1,0.0,0.0,0.0,0.0,0.0,0.0,0.0,0.0,0.0,6,0.5139446258544922
alpha,0.1,2,0.0,0.0,0.0,1.0,1.0,1.0,0.0,0.0,0.0,6,0.3445155620574951
alpha,0.1,3,0.0,0.0,0.0,0.0,0.0,0.0,1.0,1.0,1.0,6,0.3233535289764404
alpha,0.3,1,0.0,0.0,0.0,0.0,0.0,0.0,0.0,0.0,0.0,6,0.5126667022705078
alpha,0.3,2,0.0,0.0,0.0,1.0,1.0,1.0,0.0,0.0,0.0,6,0.3522136211395263
alpha,0.3,3,0.0,0.0,0.0,0.0,0.0,0.0,1.0,1.0,1.0,6,0.3276348114013672
alpha,0.5,1,0.0,0.0,0.0,0.0,0.0,0.0,0.0,0.0,0.0,6,0.4557547569274902
alpha,0.5,2,0.0,0.0,0.0,1.0,1.0,1.0,0.0,0.0,0.0,6,0.3546886444091797
alpha,0.5,3,0.0,0.0,0.0,0.0,0.0,0.0,1.0,1.0,1.0,6,0.3136508464813232
alpha,0.75,1,0.0,0.0,0.0,0.0,0.0,0.0,0.0,0.0,0.0,6,0.3082282543182373
alpha,0.75,2,0.0,0.0,0.0,1.0,1.0,1.0,0.0,0.0,0.0,6,0.3555402755737304
alpha,0.75,3,0.0,0.0,0.0,0.0,0.0,0.0,1.0,1.0,1.0,6,0.3073077201843261
alpha,1.0,1,0.0,0.0,0.0,0.0,0.0,0.0,0.0,0.0,0.0,6,0.2838075160980224
alpha,1.0,2,0.0,0.0,0.0,1.0,1.0,1.0,0.0,0.0,0.0,6,0.3250930309295654
alpha,1.0,3,0.0,0.0,0.0,0.0,0.0,0.0,1.0,1.0,1.0,6,0.296062707901001
beam_width,20.0,1,0.0,0.0,0.0,0.0,0.0,0.0,0.0,0.0,0.0,6,0.1653470993041992
beam_width,20.0,2,0.0,0.0,0.0,1.0,1.0,1.0,0.0,0.0,0.0,6,0.1778566837310791
beam_width,20.0,3,0.0,0.0,0.0,0.0,0.0,0.0,1.0,1.0,1.0,6,0.1668806076049804
beam_width,40.0,1,0.0,0.0,0.0,0.0,0.0,0.0,0.0,0.0,0.0,6,0.3877346515655517
beam_width,40.0,2,0.0,0.0,0.0,1.0,1.0,1.0,0.0,0.0,0.0,6,0.3555715084075928
beam_width,40.0,3,0.0,0.0,0.0,0.0,0.0,0.0,1.0,1.0,1.0,6,0.3180122375488281
beam_width,80.0,1,0.0155223880597014,0.0121042830540037,0.021630615640599,0.0,0.0,0.0,0.0,0.0,0.0,6,0.5894114971160889
beam_width,80.0,2,0.0,0.0,0.0,1.0,1.0,1.0,0.0,0.0,0.0,6,0.6251206398010254
beam_width,80.0,3,0.0,0.0,0.0,0.0,0.0,0.0,1.0,1.0,1.0,6,0.5847387313842773
beam_width,160.0,1,0.0080160320641282,0.0100755667506297,0.0066555740432612,0.0,0.0,0.0,0.0,0.0,0.0,6,1.5894289016723633
beam_width,160.0,2,0.0,0.0,0.0,1.0,1.0,1.0,0.0,0.0,0.0,6,1.3365082740783691
beam_width,160.0,3,0.0,0.0,0.0,0.0,0.0,0.0,1.0,1.0,1.0,6,1.1812639236450195
alpha,0.1,1,0.0,0.0,0.0,0.0,0.0,0.0,0.0,0.0,0.0,60,0.545372724533081
alpha,0.1,2,0.0,0.0,0.0,1.0,1.0,1.0,0.0,0.0,0.0,60,0.3595702648162842
alpha,0.1,3,0.0,0.0,0.0,0.0,0.0,0.0,1.0,1.0,1.0,60,0.3722546100616455
alpha,0.3,1,0.0,0.0,0.0,0.0,0.0,0.0,0.0,0.0,0.0,60,0.4992387294769287
alpha,0.3,2,0.0,0.0,0.0,1.0,1.0,1.0,0.0,0.0,0.0,60,0.3577725887298584
alpha,0.3,3,0.0,0.0,0.0,0.0,0.0,0.0,1.0,1.0,1.0,60,0.3772547245025635
alpha,0.5,1,0.0,0.0,0.0,0.0,0.0,0.0,0.0,0.0,0.0,60,0.5663740634918213
alpha,0.5,2,0.0,0.0,0.0,1.0,1.0,1.0,0.0,0.0,0.0,60,0.3552534580230713
alpha,0.5,3,0.0,0.0,0.0,0.0,0.0,0.0,1.0,1.0,1.0,60,0.3740534782409668
alpha,0.75,1,0.0,0.0,0.0,0.0,0.0,0.0,0.0,0.0,0.0,60,0.4079530239105224
alpha,0.75,2,0.0,0.0,0.0,1.0,1.0,1.0,0.0,0.0,0.0,60,0.3527834415435791
alpha,0.75,3,0.0,0.0,0.0,0.4118761844598863,0.3388773388773389,0.5249597423510467,1.0,1.0,1.0,60,0.3448925018310547
alpha,1.0,1,0.0,0.0,0.0,0.0,0.0,0.0,0.0,0.0,0.0,60,0.3421695232391357
alpha,1.0,2,0.0,0.0,0.0,1.0,1.0,1.0,0.0,0.0,0.0,60,0.3267610073089599
alpha,1.0,3,0.0,0.0,0.0,0.6106194690265486,0.4394904458598726,1.0,0.7391874180865007,0.5862785862785863,1.0,60,0.3151240348815918
beam_width,20.0,1,0.0,0.0,0.0,0.0,0.0,0.0,0.0,0.0,0.0,60,0.2352602481842041
beam_width,20.0,2,0.0,0.0,0.0,1.0,1.0,1.0,0.0,0.0,0.0,60,0.1811740398406982
beam_width,20.0,3,0.0,0.0,0.0,0.0,0.0,0.0,1.0,1.0,1.0,60,0.1840062141418457
beam_width,40.0,1,0.0,0.0,0.0,0.0,0.0,0.0,0.0,0.0,0.0,60,0.5095713138580322
beam_width,40.0,2,0.0,0.0,0.0,1.0,1.0,1.0,0.0,0.0,0.0,60,0.3565912246704101
beam_width,40.0,3,0.0,0.0,0.0,0.0,0.0,0.0,1.0,1.0,1.0,60,0.3784816265106201
beam_width,80.0,1,0.0,0.0,0.0,0.0,0.0,0.0,0.0,0.0,0.0,60,1.0141031742095947
beam_width,80.0,2,0.0,0.0,0.0,1.0,1.0,1.0,0.0,0.0,0.0,60,0.6451108455657959
beam_width,80.0,3,0.0,0.0,0.0,0.0,0.0,0.0,1.0,1.0,1.0,60,0.6850471496582031
beam_width,160.0,1,0.0,0.0,0.0,0.0,0.0,0.0,0.0,0.0,0.0,60,1.861392974853516
beam_width,160.0,2,0.0,0.0,0.0,1.0,1.0,1.0,0.0,0.0,0.0,60,1.3339240550994873
beam_width,160.0,3,0.0,0.0,0.0,0.0,0.0,0.0,1.0,1.0,1.0,60,1.3250503540039062
alpha,0.1,1,1.0,1.0,1.0,0.0,0.0,0.0,0.0,0.0,0.0,61,0.3718879222869873
alpha,0.1,2,0.0,0.0,0.0,1.0,1.0,1.0,0.0,0.0,0.0,61,0.3612475395202636
alpha,0.1,3,0.0,0.0,0.0,0.0,0.0,0.0,1.0,1.0,1.0,61,0.3552198410034179
alpha,0.3,1,1.0,1.0,1.0,0.0,0.0,0.0,0.0,0.0,0.0,61,0.3615374565124511
alpha,0.3,2,0.0,0.0,0.0,1.0,1.0,1.0,0.0,0.0,0.0,61,0.361743688583374
alpha,0.3,3,0.0,0.0,0.0,0.0,0.0,0.0,1.0,1.0,1.0,61,0.3489251136779785
alpha,0.5,1,1.0,1.0,1.0,0.0,0.0,0.0,0.0,0.0,0.0,61,0.3525030612945556
alpha,0.5,2,0.0,0.0,0.0,1.0,1.0,1.0,0.0,0.0,0.0,61,0.3627867698669433
alpha,0.5,3,0.0,0.0,0.0,0.0,0.0,0.0,1.0,1.0,1.0,61,0.3464252948760986
alpha,0.75,1,1.0,1.0,1.0,0.0,0.0,0.0,0.0,0.0,0.0,61,0.3222601413726806
alpha,0.75,2,0.0,0.0,0.0,1.0,1.0,1.0,0.0,0.0,0.0,61,0.3612358570098877
alpha,0.75,3,0.0,0.0,0.0,0.0,0.0,0.0,1.0,1.0,1.0,61,0.3485894203186035
alpha,1.0,1,1.0,1.0,1.0,0.0,0.0,0.0,0.0,0.0,0.0,61,0.3351364135742187
alpha,1.0,2,0.0,0.0,0.0,1.0,1.0,1.0,0.0,0.0,0.0,61,0.3553521633148193
alpha,1.0,3,0.0,0.0,0.0,0.4474515110509698,0.2882045322486926,1.0,1.0,1.0,1.0,61,0.3425631523132324
beam_width,20.0,1,1.0,1.0,1.0,0.0,0.0,0.0,0.0,0.0,0.0,61,0.1658856868743896
beam_width,20.0,2,0.0,0.0,0.0,1.0,1.0,1.0,0.0,0.0,0.0,61,0.1715683937072754
beam_width,20.0,3,0.0,0.0,0.0,0.0,0.0,0.0,1.0,1.0,1.0,61,0.1609151363372802
beam_width,40.0,1,1.0,1.0,1.0,0.0,0.0,0.0,0.0,0.0,0.0,61,0.3638195991516113
beam_width,40.0,2,0.0,0.0,0.0,1.0,1.0,1.0,0.0,0.0,0.0,61,0.3665752410888672
beam_width,40.0,3,0.0,0.0,0.0,0.0,0.0,0.0,1.0,1.0,1.0,61,0.3487112522125244
beam_width,80.0,1,1.0,1.0,1.0,0.0,0.0,0.0,0.0,0.0,0.0,61,0.6703572273254395
beam_width,80.0,2,0.0,0.0,0.0,1.0,1.0,1.0,0.0,0.0,0.0,61,0.6800227165222168
beam_width,80.0,3,0.0,0.0,0.0,0.0,0.0,0.0,1.0,1.0,1.0,61,0.633105993270874
beam_width,160.0,1,1.0,1.0,1.0,0.0,0.0,0.0,0.0,0.0,0.0,61,1.3248846530914309
beam_width,160.0,2,0.0,0.0,0.0,1.0,1.0,1.0,0.0,0.0,0.0,61,1.365065336227417
beam_width,160.0,3,0.0,0.0,0.0,0.0,0.0,0.0,1.0,1.0,1.0,61,1.2841672897338867
alpha,0.1,1,1.0,1.0,1.0,0.0,0.0,0.0,0.0,0.0,0.0,62,0.3678853511810303
alpha,0.1,2,0.0,0.0,0.0,1.0,1.0,1.0,0.0,0.0,0.0,62,0.3224995136260986
alpha,0.1,3,0.0,0.0,0.0,0.0,0.0,0.0,1.0,1.0,1.0,62,0.3632431030273437
alpha,0.3,1,1.0,1.0,1.0,0.0,0.0,0.0,0.0,0.0,0.0,62,0.3644249439239502
alpha,0.3,2,0.0,0.0,0.0,1.0,1.0,1.0,0.0,0.0,0.0,62,0.3260455131530761
alpha,0.3,3,0.0,0.0,0.0,0.0,0.0,0.0,1.0,1.0,1.0,62,0.3607792854309082
alpha,0.5,1,1.0,1.0,1.0,0.0,0.0,0.0,0.0,0.0,0.0,62,0.3663773536682129
alpha,0.5,2,0.0,0.0,0.0,1.0,1.0,1.0,0.0,0.0,0.0,62,0.3283555507659912
alpha,0.5,3,0.0,0.0,0.0,0.0,0.0,0.0,1.0,1.0,1.0,62,0.3562805652618408
alpha,0.75,1,1.0,1.0,1.0,0.0,0.0,0.0,0.0,0.0,0.0,62,0.3650598526000976
alpha,0.75,2,0.0,0.0,0.0,1.0,1.0,1.0,0.0,0.0,0.0,62,0.3276562690734863
alpha,0.75,3,0.0,0.0,0.0,0.0,0.0,0.0,1.0,1.0,1.0,62,0.3668651580810547
alpha,1.0,1,1.0,1.0,1.0,0.0,0.0,0.0,0.0,0.0,0.0,62,0.3667776584625244
alpha,1.0,2,0.0,0.0,0.0,1.0,1.0,1.0,0.0,0.0,0.0,62,0.3275148868560791
alpha,1.0,3,0.0,0.0,0.0,0.3493449781659389,0.2391118701964133,0.6481481481481481,1.0,1.0,1.0,62,0.3738763332366943
beam_width,20.0,1,1.0,1.0,1.0,0.0,0.0,0.0,0.0,0.0,0.0,62,0.1717150211334228
beam_width,20.0,2,0.0,0.0,0.0,1.0,1.0,1.0,0.0,0.0,0.0,62,0.1609373092651367
beam_width,20.0,3,0.0,0.0,0.0,0.0,0.0,0.0,1.0,1.0,1.0,62,0.16768479347229
beam_width,40.0,1,1.0,1.0,1.0,0.0,0.0,0.0,0.0,0.0,0.0,62,0.3708715438842773
beam_width,40.0,2,0.0,0.0,0.0,1.0,1.0,1.0,0.0,0.0,0.0,62,0.3270261287689209
beam_width,40.0,3,0.0,0.0,0.0,0.0,0.0,0.0,1.0,1.0,1.0,62,0.3582906723022461
beam_width,80.0,1,1.0,1.0,1.0,0.0,0.0,0.0,0.0,0.0,0.0,62,0.6822128295898438
beam_width,80.0,2,0.0,0.0,0.0,1.0,1.0,1.0,0.0,0.0,0.0,62,0.6501457691192627
beam_width,80.0,3,0.0,0.0,0.0,0.0,0.0,0.0,1.0,1.0,1.0,62,0.6514050960540771
beam_width,160.0,1,1.0,1.0,1.0,0.0,0.0,0.0,0.0,0.0,0.0,62,1.3890583515167236
beam_width,160.0,2,0.0,0.0,0.0,1.0,1.0,1.0,0.0,0.0,0.0,62,1.4476284980773926
beam_width,160.0,3,0.0,0.0,0.0,0.0,0.0,0.0,1.0,1.0,1.0,62,1.3317162990570068
alpha,0.1,1,1.0,1.0,1.0,0.0,0.0,0.0,0.0,0.0,0.0,63,0.3454220294952392
alpha,0.1,2,0.0,0.0,0.0,1.0,1.0,1.0,0.0,0.0,0.0,63,0.3451895713806152
alpha,0.1,3,0.0,0.0,0.0,0.0,0.0,0.0,1.0,1.0,1.0,63,0.3300843238830566
alpha,0.3,1,1.0,1.0,1.0,0.0,0.0,0.0,0.0,0.0,0.0,63,0.3446667194366455
alpha,0.3,2,0.0,0.0,0.0,1.0,1.0,1.0,0.0,0.0,0.0,63,0.3466305732727051
alpha,0.3,3,0.0,0.0,0.0,0.0,0.0,0.0,1.0,1.0,1.0,63,0.3283643722534179
alpha,0.5,1,1.0,1.0,1.0,0.0,0.0,0.0,0.0,0.0,0.0,63,0.3491342067718506
alpha,0.5,2,0.0,0.0,0.0,1.0,1.0,1.0,0.0,0.0,0.0,63,0.3407835960388183
alpha,0.5,3,0.0,0.0,0.0,0.0,0.0,0.0,1.0,1.0,1.0,63,0.3127920627593994
alpha,0.75,1,1.0,1.0,1.0,0.0,0.0,0.0,0.0,0.0,0.0,63,0.332705020904541
alpha,0.75,2,0.0,0.0,0.0,1.0,1.0,1.0,0.0,0.0,0.0,63,0.3195219039916992
alpha,0.75,3,0.0,0.0,0.0,0.0,0.0,0.0,1.0,1.0,1.0,63,0.3015151023864746
alpha,1.0,1,1.0,1.0,1.0,0.0,0.0,0.0,0.0,0.0,0.0,63,0.3123157024383545
alpha,1.0,2,0.0,0.0,0.0,1.0,1.0,1.0,0.0,0.0,0.0,63,0.2668981552124023
alpha,1.0,3,0.0,0.0,0.0,0.0,0.0,0.0,1.0,1.0,1.0,63,0.2917618751525879
beam_width,20.0,1,1.0,1.0,1.0,0.0,0.0,0.0,0.0,0.0,0.0,63,0.1629056930541992
beam_width,20.0,2,0.0,0.0,0.0,1.0,1.0,1.0,0.0,0.0,0.0,63,0.1616954803466797
beam_width,20.0,3,0.0,0.0,0.0,0.0,0.0,0.0,1.0,1.0,1.0,63,0.1629374027252197
beam_width,40.0,1,1.0,1.0,1.0,0.0,0.0,0.0,0.0,0.0,0.0,63,0.3479847908020019
beam_width,40.0,2,0.0,0.0,0.0,1.0,1.0,1.0,0.0,0.0,0.0,63,0.3410556316375732
beam_width,40.0,3,0.0,0.0,0.0,0.0,0.0,0.0,1.0,1.0,1.0,63,0.3176796436309814
beam_width,80.0,1,1.0,1.0,1.0,0.0,0.0,0.0,0.0,0.0,0.0,63,0.6245415210723877
beam_width,80.0,2,0.0,0.0,0.0,1.0,1.0,1.0,0.0,0.0,0.0,63,0.6033487319946289
beam_width,80.0,3,0.0,0.0,0.0,0.0,0.0,0.0,1.0,1.0,1.0,63,0.5928497314453125
beam_width,160.0,1,1.0,1.0,1.0,0.0,0.0,0.0,0.0,0.0,0.0,63,1.2441494464874268
beam_width,160.0,2,0.0,0.0,0.0,1.0,1.0,1.0,0.0,0.0,0.0,63,1.2112092971801758
beam_width,160.0,3,0.0,0.0,0.0,0.0,0.0,0.0,1.0,1.0,1.0,63,1.1688792705535889
alpha,0.1,1,0.0,0.0,0.0,0.0,0.0,0.0,0.0,0.0,0.0,64,0.4328699111938476
alpha,0.1,2,0.0,0.0,0.0,1.0,1.0,1.0,0.0,0.0,0.0,64,0.3352816104888916
alpha,0.1,3,0.0,0.0,0.0,0.0,0.0,0.0,1.0,1.0,1.0,64,0.3460443019866943
alpha,0.3,1,0.0,0.0,0.0,0.0,0.0,0.0,0.0,0.0,0.0,64,0.5015525817871094
alpha,0.3,2,0.0,0.0,0.0,1.0,1.0,1.0,0.0,0.0,0.0,64,0.3379831314086914
alpha,0.3,3,0.0,0.0,0.0,0.0,0.0,0.0,1.0,1.0,1.0,64,0.3488340377807617
alpha,0.5,1,0.0,0.0,0.0,0.0,0.0,0.0,0.0,0.0,0.0,64,0.4924919605255127
alpha,0.5,2,0.0,0.0,0.0,1.0,1.0,1.0,0.0,0.0,0.0,64,0.3263275623321533
alpha,0.5,3,0.0,0.0,0.0,0.0,0.0,0.0,1.0,1.0,1.0,64,0.3466262817382812
alpha,0.75,1,1.0,1.0,1.0,0.0,0.0,0.0,0.0,0.0,0.0,64,0.2990486621856689
alpha,0.75,2,0.0,0.0,0.0,1.0,1.0,1.0,0.0,0.0,0.0,64,0.3104405403137207
alpha,0.75,3,0.0,0.0,0.0,0.0,0.0,0.0,1.0,1.0,1.0,64,0.3272953033447265
alpha,1.0,1,1.0,1.0,1.0,0.0,0.0,0.0,0.0,0.0,0.0,64,0.3005838394165039
alpha,1.0,2,0.0,0.0,0.0,1.0,1.0,1.0,0.0,0.0,0.0,64,0.2884585857391357
alpha,1.0,3,0.0,0.0,0.0,0.0,0.0,0.0,1.0,1.0,1.0,64,0.292569637298584
beam_width,20.0,1,1.0,1.0,1.0,0.0,0.0,0.0,0.0,0.0,0.0,64,0.1491031646728515
beam_width,20.0,2,0.0,0.0,0.0,1.0,1.0,1.0,0.0,0.0,0.0,64,0.1557979583740234
beam_width,20.0,3,0.0,0.0,0.0,0.0,0.0,0.0,1.0,1.0,1.0,64,0.1737957000732422
beam_width,40.0,1,1.0,1.0,1.0,0.0,0.0,0.0,0.0,0.0,0.0,64,0.3220584392547607
beam_width,40.0,2,0.0,0.0,0.0,1.0,1.0,1.0,0.0,0.0,0.0,64,0.328524112701416
beam_width,40.0,3,0.0,0.0,0.0,0.0,0.0,0.0,1.0,1.0,1.0,64,0.3476467132568359
beam_width,80.0,1,1.0,1.0,1.0,0.0,0.0,0.0,0.0,0.0,0.0,64,0.6570980548858643
beam_width,80.0,2,0.0,0.0,0.0,1.0,1.0,1.0,0.0,0.0,0.0,64,0.5777561664581299
beam_width,80.0,3,0.0,0.0,0.0,0.0,0.0,0.0,1.0,1.0,1.0,64,0.633399248123169
beam_width,160.0,1,1.0,1.0,1.0,0.0,0.0,0.0,0.0,0.0,0.0,64,1.420074462890625
beam_width,160.0,2,0.0,0.0,0.0,1.0,1.0,1.0,0.0,0.0,0.0,64,1.1631808280944824
beam_width,160.0,3,0.0,0.0,0.0,0.0,0.0,0.0,1.0,1.0,1.0,64,1.3092195987701416
alpha,0.1,1,1.0,1.0,1.0,0.0,0.0,0.0,0.0,0.0,0.0,65,0.3713307380676269
alpha,0.1,2,0.0,0.0,0.0,1.0,1.0,1.0,0.0,0.0,0.0,65,0.372988224029541
alpha,0.1,3,0.0,0.0,0.0,0.0,0.0,0.0,1.0,1.0,1.0,65,0.3757648468017578
alpha,0.3,1,1.0,1.0,1.0,0.0,0.0,0.0,0.0,0.0,0.0,65,0.3793535232543945
alpha,0.3,2,0.0,0.0,0.0,1.0,1.0,1.0,0.0,0.0,0.0,65,0.3770129680633545
alpha,0.3,3,0.0,0.0,0.0,0.0,0.0,0.0,1.0,1.0,1.0,65,0.3677341938018799
alpha,0.5,1,1.0,1.0,1.0,0.0,0.0,0.0,0.0,0.0,0.0,65,0.3863477706909179
alpha,0.5,2,0.0,0.0,0.0,1.0,1.0,1.0,0.0,0.0,0.0,65,0.3697133064270019
alpha,0.5,3,0.0,0.0,0.0,0.0,0.0,0.0,1.0,1.0,1.0,65,0.3608407974243164
alpha,0.75,1,1.0,1.0,1.0,0.0,0.0,0.0,0.0,0.0,0.0,65,0.3749651908874511
alpha,0.75,2,0.0,0.0,0.0,1.0,1.0,1.0,0.0,0.0,0.0,65,0.3688344955444336
alpha,0.75,3,0.0,0.0,0.0,0.0,0.0,0.0,1.0,1.0,1.0,65,0.3647115230560303
alpha,1.0,1,1.0,1.0,1.0,0.0,0.0,0.0,0.0,0.0,0.0,65,0.3661632537841797
alpha,1.0,2,0.0,0.0,0.0,1.0,1.0,1.0,0.0,0.0,0.0,65,0.3595893383026123
alpha,1.0,3,0.0,0.0,0.0,0.0,0.0,0.0,1.0,1.0,1.0,65,0.3636581897735595
beam_width,20.0,1,1.0,1.0,1.0,0.0,0.0,0.0,0.0,0.0,0.0,65,0.1739909648895263
beam_width,20.0,2,0.0,0.0,0.0,1.0,1.0,1.0,0.0,0.0,0.0,65,0.1768367290496826
beam_width,20.0,3,0.0,0.0,0.0,0.0,0.0,0.0,1.0,1.0,1.0,65,0.1745345592498779
beam_width,40.0,1,1.0,1.0,1.0,0.0,0.0,0.0,0.0,0.0,0.0,65,0.3812549114227295
beam_width,40.0,2,0.0,0.0,0.0,1.0,1.0,1.0,0.0,0.0,0.0,65,0.4141619205474853
beam_width,40.0,3,0.0,0.0,0.0,0.0,0.0,0.0,1.0,1.0,1.0,65,0.363739013671875
beam_width,80.0,1,1.0,1.0,1.0,0.0,0.0,0.0,0.0,0.0,0.0,65,0.6852853298187256
beam_width,80.0,2,0.0,0.0,0.0,1.0,1.0,1.0,0.0,0.0,0.0,65,0.6891484260559082
beam_width,80.0,3,0.0,0.0,0.0,0.0,0.0,0.0,1.0,1.0,1.0,65,0.6577153205871582
beam_width,160.0,1,1.0,1.0,1.0,0.0,0.0,0.0,0.0,0.0,0.0,65,1.392977237701416
beam_width,160.0,2,0.0,0.0,0.0,1.0,1.0,1.0,0.0,0.0,0.0,65,1.3990697860717771
beam_width,160.0,3,0.0,0.0,0.0,0.0,0.0,0.0,1.0,1.0,1.0,65,1.3291919231414795
alpha,0.1,1,1.0,1.0,1.0,0.0,0.0,0.0,0.0,0.0,0.0,66,0.3758411407470703
alpha,0.1,2,0.0381613183000867,0.0373514431239388,0.0390070921985815,1.0,1.0,1.0,0.0,0.0,0.0,66,0.366288423538208
alpha,0.1,3,0.0,0.0,0.0,0.0797665369649805,0.0933940774487471,0.0696095076400679,1.0,1.0,1.0,66,0.3451621532440185
alpha,0.3,1,1.0,1.0,1.0,0.0,0.0,0.0,0.0,0.0,0.0,66,0.3733687400817871
alpha,0.3,2,0.0381613183000867,0.0373514431239388,0.0390070921985815,1.0,1.0,1.0,0.0,0.0,0.0,66,0.3590376377105713
alpha,0.3,3,0.0,0.0,0.0,0.0797665369649805,0.0933940774487471,0.0696095076400679,1.0,1.0,1.0,66,0.3485605716705322
alpha,0.5,1,1.0,1.0,1.0,0.0,0.0,0.0,0.0,0.0,0.0,66,0.3707337379455566
alpha,0.5,2,0.0381613183000867,0.0373514431239388,0.0390070921985815,1.0,1.0,1.0,0.0,0.0,0.0,66,0.3618135452270508
alpha,0.5,3,0.0,0.0,0.0,0.0797665369649805,0.0933940774487471,0.0696095076400679,1.0,1.0,1.0,66,0.3523335456848144
alpha,0.75,1,1.0,1.0,1.0,0.0,0.0,0.0,0.0,0.0,0.0,66,0.3802473545074463
alpha,0.75,2,0.0381613183000867,0.0373514431239388,0.0390070921985815,1.0,1.0,1.0,0.0,0.0,0.0,66,0.3435902595520019
alpha,0.75,3,0.0,0.0,0.0,0.0797665369649805,0.0933940774487471,0.0696095076400679,1.0,1.0,1.0,66,0.3486618995666504
alpha,1.0,1,1.0,1.0,1.0,0.0,0.0,0.0,0.0,0.0,0.0,66,0.360332727432251
alpha,1.0,2,0.0381613183000867,0.0373514431239388,0.0390070921985815,1.0,1.0,1.0,0.0,0.0,0.0,66,0.3365528583526611
alpha,1.0,3,0.0,0.0,0.0,0.0797665369649805,0.0933940774487471,0.0696095076400679,1.0,1.0,1.0,66,0.3324501514434814
beam_width,20.0,1,1.0,1.0,1.0,0.0,0.0,0.0,0.0,0.0,0.0,66,0.1809709072113037
beam_width,20.0,2,0.0381613183000867,0.0373514431239388,0.0390070921985815,1.0,1.0,1.0,0.0,0.0,0.0,66,0.1731543540954589
beam_width,20.0,3,0.0,0.0,0.0,0.0797665369649805,0.0933940774487471,0.0696095076400679,1.0,1.0,1.0,66,0.180147647857666
beam_width,40.0,1,1.0,1.0,1.0,0.0,0.0,0.0,0.0,0.0,0.0,66,0.3698968887329101
beam_width,40.0,2,0.0381613183000867,0.0373514431239388,0.0390070921985815,1.0,1.0,1.0,0.0,0.0,0.0,66,0.3600983619689941
beam_width,40.0,3,0.0,0.0,0.0,0.0797665369649805,0.0933940774487471,0.0696095076400679,1.0,1.0,1.0,66,0.3486649990081787
beam_width,80.0,1,1.0,1.0,1.0,0.0,0.0,0.0,0.0,0.0,0.0,66,0.6978027820587158
beam_width,80.0,2,0.0381613183000867,0.0373514431239388,0.0390070921985815,1.0,1.0,1.0,0.0,0.0,0.0,66,0.6906204223632812
beam_width,80.0,3,0.0,0.0,0.0,0.0797665369649805,0.0933940774487471,0.0696095076400679,1.0,1.0,1.0,66,0.6249678134918213
beam_width,160.0,1,1.0,1.0,1.0,0.0,0.0,0.0,0.0,0.0,0.0,66,1.3519105911254885
beam_width,160.0,2,0.0381613183000867,0.0373514431239388,0.0390070921985815,1.0,1.0,1.0,0.0,0.0,0.0,66,1.374030351638794
beam_width,160.0,3,0.0,0.0,0.0,0.0797665369649805,0.0933940774487471,0.0696095076400679,1.0,1.0,1.0,66,1.3404111862182615
alpha,0.1,1,1.0,1.0,1.0,0.0,0.0,0.0,0.0,0.0,0.0,67,0.3758962154388428
alpha,0.1,2,0.0,0.0,0.0,1.0,1.0,1.0,0.0,0.0,0.0,67,0.3678450584411621
alpha,0.1,3,0.0,0.0,0.0,0.0,0.0,0.0,1.0,1.0,1.0,67,0.3581786155700683
alpha,0.3,1,1.0,1.0,1.0,0.0,0.0,0.0,0.0,0.0,0.0,67,0.3666331768035888
alpha,0.3,2,0.0,0.0,0.0,1.0,1.0,1.0,0.0,0.0,0.0,67,0.3715479373931885
alpha,0.3,3,0.0,0.0,0.0,0.0,0.0,0.0,1.0,1.0,1.0,67,0.3556089401245117
alpha,0.5,1,1.0,1.0,1.0,0.0,0.0,0.0,0.0,0.0,0.0,67,0.3618273735046386
alpha,0.5,2,0.0,0.0,0.0,1.0,1.0,1.0,0.0,0.0,0.0,67,0.3718841075897217
alpha,0.5,3,0.0,0.0,0.0,0.0,0.0,0.0,1.0,1.0,1.0,67,0.3188009262084961
alpha,0.75,1,1.0,1.0,1.0,0.0,0.0,0.0,0.0,0.0,0.0,67,0.3653075695037842
alpha,0.75,2,0.6127717391304348,0.4417238001958863,1.0,0.6854182087342708,0.5213963963963963,1.0,0.0,0.0,0.0,67,0.3901200294494629
alpha,0.75,3,0.0,0.0,0.0,0.0,0.0,0.0,1.0,1.0,1.0,67,0.3276195526123047
alpha,1.0,1,1.0,1.0,1.0,0.0,0.0,0.0,0.0,0.0,0.0,67,0.3414885997772217
alpha,1.0,2,0.6127717391304348,0.4417238001958863,1.0,0.6854182087342708,0.5213963963963963,1.0,0.0,0.0,0.0,67,0.4019505977630615
alpha,1.0,3,0.0,0.0,0.0,0.4400656814449918,0.2947214076246334,0.8682505399568035,1.0,1.0,1.0,67,0.3420751094818115
beam_width,20.0,1,1.0,1.0,1.0,0.0,0.0,0.0,0.0,0.0,0.0,67,0.1729679107666015
beam_width,20.0,2,0.0,0.0,0.0,1.0,1.0,1.0,0.0,0.0,0.0,67,0.177302598953247
beam_width,20.0,3,0.0,0.0,0.0,0.0,0.0,0.0,1.0,1.0,1.0,67,0.1552844047546386
beam_width,40.0,1,1.0,1.0,1.0,0.0,0.0,0.0,0.0,0.0,0.0,67,0.3601918220520019
beam_width,40.0,2,0.0,0.0,0.0,1.0,1.0,1.0,0.0,0.0,0.0,67,0.3733193874359131
beam_width,40.0,3,0.0,0.0,0.0,0.0,0.0,0.0,1.0,1.0,1.0,67,0.3205795288085937
beam_width,80.0,1,1.0,1.0,1.0,0.0,0.0,0.0,0.0,0.0,0.0,67,0.688723087310791
beam_width,80.0,2,0.0,0.0,0.0,1.0,1.0,1.0,0.0,0.0,0.0,67,0.7156355381011963
beam_width,80.0,3,0.0,0.0,0.0,0.0,0.0,0.0,1.0,1.0,1.0,67,0.5841875076293945
beam_width,160.0,1,1.0,1.0,1.0,0.0,0.0,0.0,0.0,0.0,0.0,67,1.3947465419769287
beam_width,160.0,2,0.0,0.0,0.0,1.0,1.0,1.0,0.0,0.0,0.0,67,1.4489784240722656
beam_width,160.0,3,0.0,0.0,0.0,0.0,0.0,0.0,1.0,1.0,1.0,67,1.241811752319336
alpha,0.1,1,1.0,1.0,1.0,0.0,0.0,0.0,0.0,0.0,0.0,68,0.3684134483337402
alpha,0.1,2,0.0,0.0,0.0,1.0,1.0,1.0,0.0,0.0,0.0,68,0.3687927722930908
alpha,0.1,3,0.0,0.0,0.0,0.0,0.0,0.0,1.0,1.0,1.0,68,0.3656761646270752
alpha,0.3,1,1.0,1.0,1.0,0.0,0.0,0.0,0.0,0.0,0.0,68,0.3535459041595459
alpha,0.3,2,0.0,0.0,0.0,1.0,1.0,1.0,0.0,0.0,0.0,68,0.3712944984436035
alpha,0.3,3,0.0,0.0,0.0,0.0,0.0,0.0,1.0,1.0,1.0,68,0.3687834739685058
alpha,0.5,1,1.0,1.0,1.0,0.0,0.0,0.0,0.0,0.0,0.0,68,0.3575091361999511
alpha,0.5,2,0.0,0.0,0.0,1.0,1.0,1.0,0.0,0.0,0.0,68,0.3723335266113281
alpha,0.5,3,0.0,0.0,0.0,0.0,0.0,0.0,1.0,1.0,1.0,68,0.368598461151123
alpha,0.75,1,1.0,1.0,1.0,0.0,0.0,0.0,0.0,0.0,0.0,68,0.355745792388916
alpha,0.75,2,0.0,0.0,0.0,1.0,1.0,1.0,0.0,0.0,0.0,68,0.3701801300048828
alpha,0.75,3,0.0,0.0,0.0,0.0,0.0,0.0,1.0,1.0,1.0,68,0.366344690322876
alpha,1.0,1,1.0,1.0,1.0,0.0,0.0,0.0,0.0,0.0,0.0,68,0.3370702266693115
alpha,1.0,2,0.0,0.0,0.0,1.0,1.0,1.0,0.0,0.0,0.0,68,0.3663065433502197
alpha,1.0,3,0.2399598393574297,0.1626957113682777,0.4569789674952199,0.5622641509433962,0.4085923217550274,0.9012096774193548,0.6827212522576761,0.5182815356489945,1.0,68,0.3759074211120605
beam_width,20.0,1,1.0,1.0,1.0,0.0,0.0,0.0,0.0,0.0,0.0,68,0.1642589569091797
beam_width,20.0,2,0.0,0.0,0.0,1.0,1.0,1.0,0.0,0.0,0.0,68,0.1717586517333984
beam_width,20.0,3,0.0,0.0,0.0,0.0,0.0,0.0,1.0,1.0,1.0,68,0.1849274635314941
beam_width,40.0,1,1.0,1.0,1.0,0.0,0.0,0.0,0.0,0.0,0.0,68,0.4008173942565918
beam_width,40.0,2,0.0,0.0,0.0,1.0,1.0,1.0,0.0,0.0,0.0,68,0.4077975749969482
beam_width,40.0,3,0.0,0.0,0.0,0.0,0.0,0.0,1.0,1.0,1.0,68,0.3990805149078369
beam_width,80.0,1,1.0,1.0,1.0,0.0,0.0,0.0,0.0,0.0,0.0,68,0.6489298343658447
beam_width,80.0,2,0.0,0.0,0.0,1.0,1.0,1.0,0.0,0.0,0.0,68,0.698718786239624
beam_width,80.0,3,0.0,0.0,0.0,0.0,0.0,0.0,1.0,1.0,1.0,68,0.7007668018341064
beam_width,160.0,1,1.0,1.0,1.0,0.0,0.0,0.0,0.0,0.0,0.0,68,1.3018953800201416
beam_width,160.0,2,0.0,0.0,0.0,1.0,1.0,1.0,0.0,0.0,0.0,68,1.426215410232544
beam_width,160.0,3,0.0,0.0,0.0,0.0,0.0,0.0,1.0,1.0,1.0,68,1.416635274887085
alpha,0.1,1,1.0,1.0,1.0,0.0,0.0,0.0,0.0,0.0,0.0,69,0.3323843479156494
alpha,0.1,2,0.0,0.0,0.0,1.0,1.0,1.0,0.0,0.0,0.0,69,0.3679578304290771
alpha,0.1,3,0.0,0.0,0.0,0.0,0.0,0.0,1.0,1.0,1.0,69,0.3464617729187011
alpha,0.3,1,1.0,1.0,1.0,0.0,0.0,0.0,0.0,0.0,0.0,69,0.3240623474121094
alpha,0.3,2,0.0,0.0,0.0,1.0,1.0,1.0,0.0,0.0,0.0,69,0.3724265098571777
alpha,0.3,3,0.0,0.0,0.0,0.0,0.0,0.0,1.0,1.0,1.0,69,0.3449573516845703
alpha,0.5,1,1.0,1.0,1.0,0.0,0.0,0.0,0.0,0.0,0.0,69,0.3235890865325928
alpha,0.5,2,0.0,0.0,0.0,1.0,1.0,1.0,0.0,0.0,0.0,69,0.3710253238677978
alpha,0.5,3,0.0,0.0,0.0,0.0,0.0,0.0,1.0,1.0,1.0,69,0.3396494388580322
alpha,0.75,1,1.0,1.0,1.0,0.0,0.0,0.0,0.0,0.0,0.0,69,0.2988147735595703
alpha,0.75,2,0.0,0.0,0.0,1.0,1.0,1.0,0.0,0.0,0.0,69,0.3461081981658935
alpha,0.75,3,0.0,0.0,0.0,0.0,0.0,0.0,1.0,1.0,1.0,69,0.3296611309051513
alpha,1.0,1,1.0,1.0,1.0,0.0,0.0,0.0,0.0,0.0,0.0,69,0.2802577018737793
alpha,1.0,2,0.0,0.0,0.0,1.0,1.0,1.0,0.0,0.0,0.0,69,0.3390107154846191
alpha,1.0,3,0.0,0.0,0.0,0.0,0.0,0.0,1.0,1.0,1.0,69,0.2997932434082031
beam_width,20.0,1,1.0,1.0,1.0,0.0,0.0,0.0,0.0,0.0,0.0,69,0.1645472049713134
beam_width,20.0,2,0.0,0.0,0.0,1.0,1.0,1.0,0.0,0.0,0.0,69,0.1734640598297119
beam_width,20.0,3,0.0,0.0,0.0,0.0,0.0,0.0,1.0,1.0,1.0,69,0.169008731842041
beam_width,40.0,1,1.0,1.0,1.0,0.0,0.0,0.0,0.0,0.0,0.0,69,0.3239479064941406
beam_width,40.0,2,0.0,0.0,0.0,1.0,1.0,1.0,0.0,0.0,0.0,69,0.3694853782653808
beam_width,40.0,3,0.0,0.0,0.0,0.0,0.0,0.0,1.0,1.0,1.0,69,0.3443992137908935
beam_width,80.0,1,1.0,1.0,1.0,0.0,0.0,0.0,0.0,0.0,0.0,69,0.5827419757843018
beam_width,80.0,2,0.0,0.0,0.0,1.0,1.0,1.0,0.0,0.0,0.0,69,0.7067809104919434
beam_width,80.0,3,0.0,0.0,0.0,0.0,0.0,0.0,1.0,1.0,1.0,69,0.6166360378265381
beam_width,160.0,1,1.0,1.0,1.0,0.0,0.0,0.0,0.0,0.0,0.0,69,1.1815216541290283
beam_width,160.0,2,0.0,0.0,0.0,1.0,1.0,1.0,0.0,0.0,0.0,69,1.3875994682312012
beam_width,160.0,3,0.0,0.0,0.0,0.0,0.0,0.0,1.0,1.0,1.0,69,1.2437045574188232
alpha,0.1,1,1.0,1.0,1.0,0.0,0.0,0.0,0.0,0.0,0.0,7,0.3385274410247803
alpha,0.1,2,0.0,0.0,0.0,1.0,1.0,1.0,0.0,0.0,0.0,7,0.3475608825683594
alpha,0.1,3,0.0,0.0,0.0,0.0,0.0,0.0,1.0,1.0,1.0,7,0.3300905227661133
alpha,0.3,1,1.0,1.0,1.0,0.0,0.0,0.0,0.0,0.0,0.0,7,0.3295977115631103
alpha,0.3,2,0.0,0.0,0.0,1.0,1.0,1.0,0.0,0.0,0.0,7,0.348578929901123
alpha,0.3,3,0.0,0.0,0.0,0.0,0.0,0.0,1.0,1.0,1.0,7,0.3323202133178711
alpha,0.5,1,1.0,1.0,1.0,0.0,0.0,0.0,0.0,0.0,0.0,7,0.3208725452423095
alpha,0.5,2,0.0,0.0,0.0,1.0,1.0,1.0,0.0,0.0,0.0,7,0.3389234542846679
alpha,0.5,3,0.0,0.0,0.0,0.0,0.0,0.0,1.0,1.0,1.0,7,0.3359367847442627
alpha,0.75,1,1.0,1.0,1.0,0.0,0.0,0.0,0.0,0.0,0.0,7,0.3087639808654785
alpha,0.75,2,0.0,0.0,0.0,1.0,1.0,1.0,0.0,0.0,0.0,7,0.3238141536712646
alpha,0.75,3,0.0,0.0,0.0,0.0,0.0,0.0,1.0,1.0,1.0,7,0.3048923015594482
alpha,1.0,1,1.0,1.0,1.0,0.0,0.0,0.0,0.0,0.0,0.0,7,0.287114143371582
alpha,1.0,2,0.0,0.0,0.0,1.0,1.0,1.0,0.0,0.0,0.0,7,0.2870872020721435
alpha,1.0,3,0.0660766961651917,0.0489510489510489,0.101633393829401,0.4996861268047708,0.3479020979020979,0.8864142538975501,0.4959802102659246,0.3505244755244755,0.8477801268498943,7,0.2880678176879883
beam_width,20.0,1,1.0,1.0,1.0,0.0,0.0,0.0,0.0,0.0,0.0,7,0.1580579280853271
beam_width,20.0,2,0.0,0.0,0.0,1.0,1.0,1.0,0.0,0.0,0.0,7,0.1714808940887451
beam_width,20.0,3,0.0,0.0,0.0,0.0,0.0,0.0,1.0,1.0,1.0,7,0.1687445640563964
beam_width,40.0,1,1.0,1.0,1.0,0.0,0.0,0.0,0.0,0.0,0.0,7,0.3181447982788086
beam_width,40.0,2,0.0,0.0,0.0,1.0,1.0,1.0,0.0,0.0,0.0,7,0.339855432510376
beam_width,40.0,3,0.0,0.0,0.0,0.0,0.0,0.0,1.0,1.0,1.0,7,0.3344793319702148
beam_width,80.0,1,1.0,1.0,1.0,0.0,0.0,0.0,0.0,0.0,0.0,7,0.5912222862243652
beam_width,80.0,2,0.0,0.0,0.0,1.0,1.0,1.0,0.0,0.0,0.0,7,0.5982182025909424
beam_width,80.0,3,0.0,0.0,0.0,0.0,0.0,0.0,1.0,1.0,1.0,7,0.6139693260192871
beam_width,160.0,1,1.0,1.0,1.0,0.0,0.0,0.0,0.0,0.0,0.0,7,1.159397840499878
beam_width,160.0,2,0.0,0.0,0.0,1.0,1.0,1.0,0.0,0.0,0.0,7,1.231438159942627
beam_width,160.0,3,0.0,0.0,0.0,0.0,0.0,0.0,1.0,1.0,1.0,7,1.2264153957366943
alpha,0.1,1,1.0,1.0,1.0,0.0,0.0,0.0,0.0,0.0,0.0,70,0.3285410404205322
alpha,0.1,2,0.0,0.0,0.0,1.0,1.0,1.0,0.0,0.0,0.0,70,0.344897985458374
alpha,0.1,3,0.0,0.0,0.0,0.0,0.0,0.0,1.0,1.0,1.0,70,0.3309798240661621
alpha,0.3,1,1.0,1.0,1.0,0.0,0.0,0.0,0.0,0.0,0.0,70,0.3172116279602051
alpha,0.3,2,0.0,0.0,0.0,1.0,1.0,1.0,0.0,0.0,0.0,70,0.3443548679351806
alpha,0.3,3,0.0,0.0,0.0,0.0,0.0,0.0,1.0,1.0,1.0,70,0.3333544731140136
alpha,0.5,1,1.0,1.0,1.0,0.0,0.0,0.0,0.0,0.0,0.0,70,0.2983400821685791
alpha,0.5,2,0.0,0.0,0.0,1.0,1.0,1.0,0.0,0.0,0.0,70,0.3424172401428222
alpha,0.5,3,0.0,0.0,0.0,0.0,0.0,0.0,1.0,1.0,1.0,70,0.3188307285308838
alpha,0.75,1,1.0,1.0,1.0,0.0,0.0,0.0,0.0,0.0,0.0,70,0.2864623069763183
alpha,0.75,2,0.0,0.0,0.0,1.0,1.0,1.0,0.0,0.0,0.0,70,0.3214466571807861
alpha,0.75,3,0.0,0.0,0.0,0.0,0.0,0.0,1.0,1.0,1.0,70,0.3106684684753418
alpha,1.0,1,1.0,1.0,1.0,0.0,0.0,0.0,0.0,0.0,0.0,70,0.2760465145111084
alpha,1.0,2,0.0,0.0,0.0,1.0,1.0,1.0,0.0,0.0,0.0,70,0.3014636039733886
alpha,1.0,3,0.0,0.0,0.0,0.0,0.0,0.0,1.0,1.0,1.0,70,0.2990467548370361
beam_width,20.0,1,1.0,1.0,1.0,0.0,0.0,0.0,0.0,0.0,0.0,70,0.1555783748626709
beam_width,20.0,2,0.0,0.0,0.0,1.0,1.0,1.0,0.0,0.0,0.0,70,0.1638946533203125
beam_width,20.0,3,0.0,0.0,0.0,0.0,0.0,0.0,1.0,1.0,1.0,70,0.16634202003479
beam_width,40.0,1,1.0,1.0,1.0,0.0,0.0,0.0,0.0,0.0,0.0,70,0.2981231212615967
beam_width,40.0,2,0.0,0.0,0.0,1.0,1.0,1.0,0.0,0.0,0.0,70,0.3448944091796875
beam_width,40.0,3,0.0,0.0,0.0,0.0,0.0,0.0,1.0,1.0,1.0,70,0.3159282207489013
beam_width,80.0,1,1.0,1.0,1.0,0.0,0.0,0.0,0.0,0.0,0.0,70,0.5415277481079102
beam_width,80.0,2,0.0,0.0,0.0,1.0,1.0,1.0,0.0,0.0,0.0,70,0.6216933727264404
beam_width,80.0,3,0.0,0.0,0.0,0.0,0.0,0.0,1.0,1.0,1.0,70,0.5885264873504639
beam_width,160.0,1,1.0,1.0,1.0,0.0,0.0,0.0,0.0,0.0,0.0,70,1.0735557079315186
beam_width,160.0,2,0.0,0.0,0.0,1.0,1.0,1.0,0.0,0.0,0.0,70,1.2719764709472656
beam_width,160.0,3,0.0,0.0,0.0,0.0,0.0,0.0,1.0,1.0,1.0,70,1.1746704578399658
alpha,0.1,1,1.0,1.0,1.0,0.0,0.0,0.0,0.0,0.0,0.0,71,0.364114761352539
alpha,0.1,2,0.0,0.0,0.0,1.0,1.0,1.0,0.0,0.0,0.0,71,0.3779466152191162
alpha,0.1,3,0.0,0.0,0.0,0.0,0.0,0.0,1.0,1.0,1.0,71,0.36757493019104
alpha,0.3,1,1.0,1.0,1.0,0.0,0.0,0.0,0.0,0.0,0.0,71,0.3571093082427978
alpha,0.3,2,0.0,0.0,0.0,1.0,1.0,1.0,0.0,0.0,0.0,71,0.3711986541748047
alpha,0.3,3,0.0,0.0,0.0,0.0,0.0,0.0,1.0,1.0,1.0,71,0.3660702705383301
alpha,0.5,1,1.0,1.0,1.0,0.0,0.0,0.0,0.0,0.0,0.0,71,0.3575494289398193
alpha,0.5,2,0.0,0.0,0.0,1.0,1.0,1.0,0.0,0.0,0.0,71,0.350893497467041
alpha,0.5,3,0.0,0.0,0.0,0.0,0.0,0.0,1.0,1.0,1.0,71,0.3724582195281982
alpha,0.75,1,1.0,1.0,1.0,0.0,0.0,0.0,0.0,0.0,0.0,71,0.3578572273254394
alpha,0.75,2,0.0,0.0,0.0,1.0,1.0,1.0,0.0,0.0,0.0,71,0.3390040397644043
alpha,0.75,3,0.0,0.0,0.0,0.0,0.0,0.0,1.0,1.0,1.0,71,0.3857121467590332
alpha,1.0,1,1.0,1.0,1.0,0.0,0.0,0.0,0.0,0.0,0.0,71,0.338698148727417
alpha,1.0,2,0.0,0.0,0.0,1.0,1.0,1.0,0.0,0.0,0.0,71,0.3419601917266845
alpha,1.0,3,0.0,0.0,0.0,0.6607858861267041,0.4934131736526946,1.0,0.650215916101172,0.4817184643510054,1.0,71,0.3927133083343506
beam_width,20.0,1,1.0,1.0,1.0,0.0,0.0,0.0,0.0,0.0,0.0,71,0.1632297039031982
beam_width,20.0,2,0.0,0.0,0.0,1.0,1.0,1.0,0.0,0.0,0.0,71,0.1691241264343261
beam_width,20.0,3,0.0,0.0,0.0,0.0,0.0,0.0,1.0,1.0,1.0,71,0.1895654201507568
beam_width,40.0,1,1.0,1.0,1.0,0.0,0.0,0.0,0.0,0.0,0.0,71,0.3584985733032226
beam_width,40.0,2,0.0,0.0,0.0,1.0,1.0,1.0,0.0,0.0,0.0,71,0.3497922420501709
beam_width,40.0,3,0.0,0.0,0.0,0.0,0.0,0.0,1.0,1.0,1.0,71,0.3706164360046386
beam_width,80.0,1,1.0,1.0,1.0,0.0,0.0,0.0,0.0,0.0,0.0,71,0.6377413272857666
beam_width,80.0,2,0.0,0.0,0.0,1.0,1.0,1.0,0.0,0.0,0.0,71,0.6426098346710205
beam_width,80.0,3,0.0,0.0,0.0,0.0,0.0,0.0,1.0,1.0,1.0,71,0.691077709197998
beam_width,160.0,1,1.0,1.0,1.0,0.0,0.0,0.0,0.0,0.0,0.0,71,1.263742446899414
beam_width,160.0,2,0.0,0.0,0.0,1.0,1.0,1.0,0.0,0.0,0.0,71,1.4116806983947754
beam_width,160.0,3,0.0,0.0,0.0,0.0,0.0,0.0,1.0,1.0,1.0,71,1.5512707233428955
alpha,0.1,1,1.0,1.0,1.0,0.0,0.0,0.0,0.0,0.0,0.0,72,0.2773520946502685
alpha,0.1,2,0.0,0.0,0.0,1.0,1.0,1.0,0.0,0.0,0.0,72,0.341116189956665
alpha,0.1,3,0.0,0.0,0.0,0.0776302349336057,0.0712945590994371,0.085201793721973,1.0,1.0,1.0,72,0.3631465435028076
alpha,0.3,1,1.0,1.0,1.0,0.0,0.0,0.0,0.0,0.0,0.0,72,0.2714595794677734
alpha,0.3,2,0.0,0.0,0.0,1.0,1.0,1.0,0.0,0.0,0.0,72,0.345350980758667
alpha,0.3,3,0.0,0.0,0.0,0.0776302349336057,0.0712945590994371,0.085201793721973,1.0,1.0,1.0,72,0.3531157970428467
alpha,0.5,1,1.0,1.0,1.0,0.0,0.0,0.0,0.0,0.0,0.0,72,0.2738289833068847
alpha,0.5,2,0.0,0.0,0.0,1.0,1.0,1.0,0.0,0.0,0.0,72,0.3402507305145263
alpha,0.5,3,0.0,0.0,0.0,0.0776302349336057,0.0712945590994371,0.085201793721973,1.0,1.0,1.0,72,0.3410549163818359
alpha,0.75,1,1.0,1.0,1.0,0.0,0.0,0.0,0.0,0.0,0.0,72,0.2736678123474121
alpha,0.75,2,0.0,0.0,0.0,1.0,1.0,1.0,0.0,0.0,0.0,72,0.33736252784729
alpha,0.75,3,0.0,0.0,0.0,0.0776302349336057,0.0712945590994371,0.085201793721973,1.0,1.0,1.0,72,0.3259534835815429
alpha,1.0,1,1.0,1.0,1.0,0.0,0.0,0.0,0.0,0.0,0.0,72,0.2794668674468994
alpha,1.0,2,0.0,0.0,0.0,1.0,1.0,1.0,0.0,0.0,0.0,72,0.3100507259368896
alpha,1.0,3,0.0,0.0,0.0,0.0776302349336057,0.0712945590994371,0.085201793721973,1.0,1.0,1.0,72,0.3385701179504394
beam_width,20.0,1,1.0,1.0,1.0,0.0,0.0,0.0,0.0,0.0,0.0,72,0.1351592540740966
beam_width,20.0,2,0.0,0.0,0.0,1.0,1.0,1.0,0.0,0.0,0.0,72,0.1695156097412109
beam_width,20.0,3,0.0,0.0,0.0,0.0776302349336057,0.0712945590994371,0.085201793721973,1.0,1.0,1.0,72,0.1665539741516113
beam_width,40.0,1,1.0,1.0,1.0,0.0,0.0,0.0,0.0,0.0,0.0,72,0.2723543643951416
beam_width,40.0,2,0.0,0.0,0.0,1.0,1.0,1.0,0.0,0.0,0.0,72,0.3409333229064941
beam_width,40.0,3,0.0,0.0,0.0,0.0776302349336057,0.0712945590994371,0.085201793721973,1.0,1.0,1.0,72,0.3480346202850342
beam_width,80.0,1,1.0,1.0,1.0,0.0,0.0,0.0,0.0,0.0,0.0,72,0.5209574699401855
beam_width,80.0,2,0.0,0.0,0.0,1.0,1.0,1.0,0.0,0.0,0.0,72,0.6657719612121582
beam_width,80.0,3,0.0,0.0,0.0,0.0776302349336057,0.0712945590994371,0.085201793721973,1.0,1.0,1.0,72,0.6283495426177979
beam_width,160.0,1,1.0,1.0,1.0,0.0,0.0,0.0,0.0,0.0,0.0,72,1.0205914974212646
beam_width,160.0,2,0.0,0.0,0.0,1.0,1.0,1.0,0.0,0.0,0.0,72,1.3434267044067385
beam_width,160.0,3,0.0,0.0,0.0,0.0776302349336057,0.0712945590994371,0.085201793721973,1.0,1.0,1.0,72,1.2859611511230469
alpha,0.1,1,1.0,1.0,1.0,0.0,0.0,0.0,0.0,0.0,0.0,73,0.3835453987121582
alpha,0.1,2,0.0,0.0,0.0,1.0,1.0,1.0,0.0,0.0,0.0,73,0.3682608604431152
alpha,0.1,3,0.0,0.0,0.0,0.0,0.0,0.0,1.0,1.0,1.0,73,0.3322491645812988
alpha,0.3,1,1.0,1.0,1.0,0.0,0.0,0.0,0.0,0.0,0.0,73,0.3511009216308594
alpha,0.3,2,0.0,0.0,0.0,1.0,1.0,1.0,0.0,0.0,0.0,73,0.3724672794342041
alpha,0.3,3,0.0,0.0,0.0,0.0,0.0,0.0,1.0,1.0,1.0,73,0.3350856304168701
alpha,0.5,1,1.0,1.0,1.0,0.0,0.0,0.0,0.0,0.0,0.0,73,0.3230767250061035
alpha,0.5,2,0.0,0.0,0.0,1.0,1.0,1.0,0.0,0.0,0.0,73,0.3672056198120117
alpha,0.5,3,0.0,0.0,0.0,0.0,0.0,0.0,1.0,1.0,1.0,73,0.3378138542175293
alpha,0.75,1,1.0,1.0,1.0,0.0,0.0,0.0,0.0,0.0,0.0,73,0.3254146575927734
alpha,0.75,2,0.0,0.0,0.0,1.0,1.0,1.0,0.0,0.0,0.0,73,0.3731606006622314
alpha,0.75,3,0.0,0.0,0.0,0.3051409618573797,0.2437086092715231,0.4079822616407982,0.7278854254422915,0.5721854304635762,1.0,73,0.3683300018310547
alpha,1.0,1,1.0,1.0,1.0,0.0,0.0,0.0,0.0,0.0,0.0,73,0.3361461162567138
alpha,1.0,2,0.0,0.0,0.0,1.0,1.0,1.0,0.0,0.0,0.0,73,0.346536636352539
alpha,1.0,3,0.0,0.0,0.0,0.3848466626578472,0.264026402640264,0.7095343680709535,0.7278854254422915,0.5721854304635762,1.0,73,0.3987569808959961
beam_width,20.0,1,1.0,1.0,1.0,0.0,0.0,0.0,0.0,0.0,0.0,73,0.158905029296875
beam_width,20.0,2,0.0,0.0,0.0,1.0,1.0,1.0,0.0,0.0,0.0,73,0.1740543842315673
beam_width,20.0,3,0.0,0.0,0.0,0.0,0.0,0.0,1.0,1.0,1.0,73,0.1660594940185547
beam_width,40.0,1,1.0,1.0,1.0,0.0,0.0,0.0,0.0,0.0,0.0,73,0.3234727382659912
beam_width,40.0,2,0.0,0.0,0.0,1.0,1.0,1.0,0.0,0.0,0.0,73,0.3647377490997314
beam_width,40.0,3,0.0,0.0,0.0,0.0,0.0,0.0,1.0,1.0,1.0,73,0.3438427448272705
beam_width,80.0,1,1.0,1.0,1.0,0.0,0.0,0.0,0.0,0.0,0.0,73,0.5984053611755371
beam_width,80.0,2,0.0,0.0,0.0,1.0,1.0,1.0,0.0,0.0,0.0,73,0.7135097980499268
beam_width,80.0,3,0.0,0.0,0.0,0.0,0.0,0.0,1.0,1.0,1.0,73,0.6745600700378418
beam_width,160.0,1,1.0,1.0,1.0,0.0,0.0,0.0,0.0,0.0,0.0,73,1.2595155239105225
beam_width,160.0,2,0.0,0.0,0.0,1.0,1.0,1.0,0.0,0.0,0.0,73,1.4309847354888916
beam_width,160.0,3,0.0,0.0,0.0,0.0,0.0,0.0,1.0,1.0,1.0,73,1.5164144039154053
alpha,0.1,1,1.0,1.0,1.0,0.0,0.0,0.0,0.0,0.0,0.0,74,0.3872735500335693
alpha,0.1,2,0.0,0.0,0.0,1.0,1.0,1.0,0.0,0.0,0.0,74,0.3738934993743896
alpha,0.1,3,0.0,0.0,0.0,0.0,0.0,0.0,1.0,1.0,1.0,74,0.328392744064331
alpha,0.3,1,1.0,1.0,1.0,0.0,0.0,0.0,0.0,0.0,0.0,74,0.382753849029541
alpha,0.3,2,0.0,0.0,0.0,1.0,1.0,1.0,0.0,0.0,0.0,74,0.3763518333435058
alpha,0.3,3,0.0,0.0,0.0,0.0,0.0,0.0,1.0,1.0,1.0,74,0.3315751552581787
alpha,0.5,1,1.0,1.0,1.0,0.0,0.0,0.0,0.0,0.0,0.0,74,0.3563544750213623
alpha,0.5,2,0.0,0.0,0.0,1.0,1.0,1.0,0.0,0.0,0.0,74,0.3695719242095947
alpha,0.5,3,0.0,0.0,0.0,0.0,0.0,0.0,1.0,1.0,1.0,74,0.3382418155670166
alpha,0.75,1,1.0,1.0,1.0,0.0,0.0,0.0,0.0,0.0,0.0,74,0.340329647064209
alpha,0.75,2,0.0,0.0,0.0,1.0,1.0,1.0,0.0,0.0,0.0,74,0.376915693283081
alpha,0.75,3,0.0,0.0,0.0,0.0,0.0,0.0,1.0,1.0,1.0,74,0.3477191925048828
alpha,1.0,1,1.0,1.0,1.0,0.0,0.0,0.0,0.0,0.0,0.0,74,0.3540318012237549
alpha,1.0,2,0.6209495101733233,0.4502732240437158,1.0,1.0,1.0,1.0,0.0,0.0,0.0,74,0.3782405853271484
alpha,1.0,3,0.0,0.0,0.0,0.4604847207586934,0.3387596899224806,0.71875,0.7306088407005839,0.5755584756898817,1.0,74,0.3994686603546142
beam_width,20.0,1,1.0,1.0,1.0,0.0,0.0,0.0,0.0,0.0,0.0,74,0.1725296974182129
beam_width,20.0,2,0.0,0.0,0.0,1.0,1.0,1.0,0.0,0.0,0.0,74,0.1728229522705078
beam_width,20.0,3,0.0,0.0,0.0,0.0,0.0,0.0,1.0,1.0,1.0,74,0.1762633323669433
beam_width,40.0,1,1.0,1.0,1.0,0.0,0.0,0.0,0.0,0.0,0.0,74,0.3563439846038818
beam_width,40.0,2,0.0,0.0,0.0,1.0,1.0,1.0,0.0,0.0,0.0,74,0.3728775978088379
beam_width,40.0,3,0.0,0.0,0.0,0.0,0.0,0.0,1.0,1.0,1.0,74,0.3385224342346191
beam_width,80.0,1,1.0,1.0,1.0,0.0,0.0,0.0,0.0,0.0,0.0,74,0.6513516902923584
beam_width,80.0,2,0.0,0.0,0.0,1.0,1.0,1.0,0.0,0.0,0.0,74,0.6723048686981201
beam_width,80.0,3,0.0,0.0,0.0,0.0,0.0,0.0,1.0,1.0,1.0,74,0.6695539951324463
beam_width,160.0,1,1.0,1.0,1.0,0.0,0.0,0.0,0.0,0.0,0.0,74,1.3352165222167969
beam_width,160.0,2,0.0,0.0,0.0,1.0,1.0,1.0,0.0,0.0,0.0,74,1.3799159526824951
beam_width,160.0,3,0.0,0.0,0.0,0.0,0.0,0.0,1.0,1.0,1.0,74,1.5072646141052246
alpha,0.1,1,1.0,1.0,1.0,0.0,0.0,0.0,0.0,0.0,0.0,75,0.3292956352233886
alpha,0.1,2,0.0,0.0,0.0,1.0,1.0,1.0,0.0,0.0,0.0,75,0.2523744106292724
alpha,0.1,3,0.0,0.0,0.0,0.0,0.0,0.0,1.0,1.0,1.0,75,0.3601682186126709
alpha,0.3,1,1.0,1.0,1.0,0.0,0.0,0.0,0.0,0.0,0.0,75,0.3244686126708984
alpha,0.3,2,0.0,0.0,0.0,1.0,1.0,1.0,0.0,0.0,0.0,75,0.2508819103240967
alpha,0.3,3,0.0,0.0,0.0,0.0,0.0,0.0,1.0,1.0,1.0,75,0.3465542793273926
alpha,0.5,1,1.0,1.0,1.0,0.0,0.0,0.0,0.0,0.0,0.0,75,0.3166851997375488
alpha,0.5,2,0.0,0.0,0.0,1.0,1.0,1.0,0.0,0.0,0.0,75,0.2529411315917969
alpha,0.5,3,0.0,0.0,0.0,0.0,0.0,0.0,1.0,1.0,1.0,75,0.340517520904541
alpha,0.75,1,1.0,1.0,1.0,0.0,0.0,0.0,0.0,0.0,0.0,75,0.297123908996582
alpha,0.75,2,0.0,0.0,0.0,1.0,1.0,1.0,0.0,0.0,0.0,75,0.2566108703613281
alpha,0.75,3,0.0,0.0,0.0,0.0,0.0,0.0,1.0,1.0,1.0,75,0.3347680568695068
alpha,1.0,1,1.0,1.0,1.0,0.0,0.0,0.0,0.0,0.0,0.0,75,0.2877936363220215
alpha,1.0,2,0.0,0.0,0.0,1.0,1.0,1.0,0.0,0.0,0.0,75,0.2599096298217773
alpha,1.0,3,0.1353383458646616,0.1121883656509695,0.1705263157894737,0.1257309941520467,0.1191135734072022,0.1331269349845201,0.8401606425702811,0.724376731301939,1.0,75,0.3005788326263428
beam_width,20.0,1,1.0,1.0,1.0,0.0,0.0,0.0,0.0,0.0,0.0,75,0.164802074432373
beam_width,20.0,2,0.0,0.0,0.0,1.0,1.0,1.0,0.0,0.0,0.0,75,0.1276297569274902
beam_width,20.0,3,0.0,0.0,0.0,0.0,0.0,0.0,1.0,1.0,1.0,75,0.1614642143249511
beam_width,40.0,1,1.0,1.0,1.0,0.0,0.0,0.0,0.0,0.0,0.0,75,0.3198916912078857
beam_width,40.0,2,0.0,0.0,0.0,1.0,1.0,1.0,0.0,0.0,0.0,75,0.2540774345397949
beam_width,40.0,3,0.0,0.0,0.0,0.0,0.0,0.0,1.0,1.0,1.0,75,0.3403596878051758
beam_width,80.0,1,1.0,1.0,1.0,0.0,0.0,0.0,0.0,0.0,0.0,75,0.5921909809112549
beam_width,80.0,2,0.0,0.0,0.0,1.0,1.0,1.0,0.0,0.0,0.0,75,0.4677724838256836
beam_width,80.0,3,0.0,0.0,0.0,0.0,0.0,0.0,1.0,1.0,1.0,75,0.6062219142913818
beam_width,160.0,1,1.0,1.0,1.0,0.0,0.0,0.0,0.0,0.0,0.0,75,1.1734697818756104
beam_width,160.0,2,0.0,0.0,0.0,1.0,1.0,1.0,0.0,0.0,0.0,75,0.9614710807800292
beam_width,160.0,3,0.0,0.0,0.0,0.0,0.0,0.0,1.0,1.0,1.0,75,1.2355120182037354
alpha,0.1,1,1.0,1.0,1.0,0.0,0.0,0.0,0.0,0.0,0.0,76,0.3838632106781006
alpha,0.1,2,0.0,0.0,0.0,1.0,1.0,1.0,0.0,0.0,0.0,76,0.3620400428771972
alpha,0.1,3,0.0,0.0,0.0,0.0,0.0,0.0,1.0,1.0,1.0,76,0.3724207878112793
alpha,0.3,1,1.0,1.0,1.0,0.0,0.0,0.0,0.0,0.0,0.0,76,0.3742330074310303
alpha,0.3,2,0.0,0.0,0.0,1.0,1.0,1.0,0.0,0.0,0.0,76,0.3648836612701416
alpha,0.3,3,0.0,0.0,0.0,0.0,0.0,0.0,1.0,1.0,1.0,76,0.376345157623291
alpha,0.5,1,1.0,1.0,1.0,0.0,0.0,0.0,0.0,0.0,0.0,76,0.3568356037139892
alpha,0.5,2,0.5481198215423837,0.5771812080536913,0.5218446601941747,1.0,1.0,1.0,0.0,0.0,0.0,76,0.3835387229919433
alpha,0.5,3,0.0,0.0,0.0,0.0,0.0,0.0,1.0,1.0,1.0,76,0.3694267272949219
alpha,0.75,1,1.0,1.0,1.0,0.0,0.0,0.0,0.0,0.0,0.0,76,0.3366203308105469
alpha,0.75,2,0.7330960854092526,0.5786516853932584,1.0,0.6291635825314582,0.458963282937365,1.0,0.0,0.0,0.0,76,0.3926789760589599
alpha,0.75,3,0.0,0.0,0.0,0.0,0.0,0.0,1.0,1.0,1.0,76,0.3678433895111084
alpha,1.0,1,1.0,1.0,1.0,0.0,0.0,0.0,0.0,0.0,0.0,76,0.3469545841217041
alpha,1.0,2,0.7330960854092526,0.5786516853932584,1.0,0.6291635825314582,0.458963282937365,1.0,0.0,0.0,0.0,76,0.3759593963623047
alpha,1.0,3,0.0,0.0,0.0,0.0,0.0,0.0,1.0,1.0,1.0,76,0.3653204441070556
beam_width,20.0,1,1.0,1.0,1.0,0.0,0.0,0.0,0.0,0.0,0.0,76,0.170846939086914
beam_width,20.0,2,0.5481198215423837,0.5771812080536913,0.5218446601941747,1.0,1.0,1.0,0.0,0.0,0.0,76,0.1791887283325195
beam_width,20.0,3,0.0,0.0,0.0,0.0,0.0,0.0,1.0,1.0,1.0,76,0.1752655506134033
beam_width,40.0,1,1.0,1.0,1.0,0.0,0.0,0.0,0.0,0.0,0.0,76,0.3539254665374756
beam_width,40.0,2,0.5481198215423837,0.5771812080536913,0.5218446601941747,1.0,1.0,1.0,0.0,0.0,0.0,76,0.3886418342590332
beam_width,40.0,3,0.0,0.0,0.0,0.0,0.0,0.0,1.0,1.0,1.0,76,0.3742685317993164
beam_width,80.0,1,1.0,1.0,1.0,0.0,0.0,0.0,0.0,0.0,0.0,76,0.649216890335083
beam_width,80.0,2,0.5481198215423837,0.5771812080536913,0.5218446601941747,1.0,1.0,1.0,0.0,0.0,0.0,76,0.7261803150177002
beam_width,80.0,3,0.0,0.0,0.0,0.0,0.0,0.0,1.0,1.0,1.0,76,0.7036750316619873
beam_width,160.0,1,1.0,1.0,1.0,0.0,0.0,0.0,0.0,0.0,0.0,76,1.3192830085754397
beam_width,160.0,2,0.5481198215423837,0.5771812080536913,0.5218446601941747,1.0,1.0,1.0,0.0,0.0,0.0,76,1.432520866394043
beam_width,160.0,3,0.0,0.0,0.0,0.0,0.0,0.0,1.0,1.0,1.0,76,1.4206161499023438
alpha,0.1,1,0.0,0.0,0.0,0.0,0.0,0.0,0.0,0.0,0.0,77,0.5183711051940918
alpha,0.1,2,0.0,0.0,0.0,1.0,1.0,1.0,0.0,0.0,0.0,77,0.3242671489715576
alpha,0.1,3,0.0,0.0,0.0,0.0,0.0,0.0,1.0,1.0,1.0,77,0.3445134162902832
alpha,0.3,1,1.0,1.0,1.0,0.0,0.0,0.0,0.0,0.0,0.0,77,0.3377542495727539
alpha,0.3,2,0.0,0.0,0.0,1.0,1.0,1.0,0.0,0.0,0.0,77,0.324920654296875
alpha,0.3,3,0.0,0.0,0.0,0.0,0.0,0.0,1.0,1.0,1.0,77,0.344693660736084
alpha,0.5,1,1.0,1.0,1.0,0.0,0.0,0.0,0.0,0.0,0.0,77,0.3203792572021484
alpha,0.5,2,0.0,0.0,0.0,1.0,1.0,1.0,0.0,0.0,0.0,77,0.3080463409423828
alpha,0.5,3,0.0,0.0,0.0,0.0,0.0,0.0,1.0,1.0,1.0,77,0.3453395366668701
alpha,0.75,1,1.0,1.0,1.0,0.0,0.0,0.0,0.0,0.0,0.0,77,0.3112244606018066
alpha,0.75,2,0.0,0.0,0.0,1.0,1.0,1.0,0.0,0.0,0.0,77,0.2996532917022705
alpha,0.75,3,0.0,0.0,0.0,0.0,0.0,0.0,1.0,1.0,1.0,77,0.3434815406799316
alpha,1.0,1,1.0,1.0,1.0,0.0,0.0,0.0,0.0,0.0,0.0,77,0.2963557243347168
alpha,1.0,2,0.0,0.0,0.0,1.0,1.0,1.0,0.0,0.0,0.0,77,0.2802491188049316
alpha,1.0,3,0.0,0.0,0.0,0.0,0.0,0.0,1.0,1.0,1.0,77,0.318911075592041
beam_width,20.0,1,1.0,1.0,1.0,0.0,0.0,0.0,0.0,0.0,0.0,77,0.1619868278503418
beam_width,20.0,2,0.0,0.0,0.0,1.0,1.0,1.0,0.0,0.0,0.0,77,0.1534359455108642
beam_width,20.0,3,0.0,0.0,0.0,0.0,0.0,0.0,1.0,1.0,1.0,77,0.1780359745025634
beam_width,40.0,1,1.0,1.0,1.0,0.0,0.0,0.0,0.0,0.0,0.0,77,0.3356151580810547
beam_width,40.0,2,0.0,0.0,0.0,1.0,1.0,1.0,0.0,0.0,0.0,77,0.3096132278442383
beam_width,40.0,3,0.0,0.0,0.0,0.0,0.0,0.0,1.0,1.0,1.0,77,0.3489985466003418
beam_width,80.0,1,1.0,1.0,1.0,0.0,0.0,0.0,0.0,0.0,0.0,77,0.6028790473937988
beam_width,80.0,2,0.0,0.0,0.0,1.0,1.0,1.0,0.0,0.0,0.0,77,0.5762808322906494
beam_width,80.0,3,0.0,0.0,0.0,0.0,0.0,0.0,1.0,1.0,1.0,77,0.6226716041564941
beam_width,160.0,1,1.0,1.0,1.0,0.0,0.0,0.0,0.0,0.0,0.0,77,1.1908245086669922
beam_width,160.0,2,0.0,0.0,0.0,1.0,1.0,1.0,0.0,0.0,0.0,77,1.1371352672576904
beam_width,160.0,3,0.0,0.0,0.0,0.0,0.0,0.0,1.0,1.0,1.0,77,1.352926254272461
alpha,0.1,1,1.0,1.0,1.0,0.0,0.0,0.0,0.0,0.0,0.0,78,0.362903356552124
alpha,0.1,2,0.0,0.0,0.0,1.0,1.0,1.0,0.0,0.0,0.0,78,0.3418231010437011
alpha,0.1,3,0.0,0.0,0.0,0.0,0.0,0.0,1.0,1.0,1.0,78,0.3677566051483154
alpha,0.3,1,1.0,1.0,1.0,0.0,0.0,0.0,0.0,0.0,0.0,78,0.3495059013366699
alpha,0.3,2,0.0,0.0,0.0,1.0,1.0,1.0,0.0,0.0,0.0,78,0.3383839130401611
alpha,0.3,3,0.0,0.0,0.0,0.0,0.0,0.0,1.0,1.0,1.0,78,0.3689184188842773
alpha,0.5,1,1.0,1.0,1.0,0.0,0.0,0.0,0.0,0.0,0.0,78,0.3246369361877441
alpha,0.5,2,0.0,0.0,0.0,1.0,1.0,1.0,0.0,0.0,0.0,78,0.3259201049804687
alpha,0.5,3,0.0,0.0,0.0,0.0,0.0,0.0,1.0,1.0,1.0,78,0.3554871082305908
alpha,0.75,1,1.0,1.0,1.0,0.0,0.0,0.0,0.0,0.0,0.0,78,0.2963681221008301
alpha,0.75,2,0.0,0.0,0.0,1.0,1.0,1.0,0.0,0.0,0.0,78,0.3018035888671875
alpha,0.75,3,0.0,0.0,0.0,0.0,0.0,0.0,1.0,1.0,1.0,78,0.3284492492675781
alpha,1.0,1,1.0,1.0,1.0,0.0,0.0,0.0,0.0,0.0,0.0,78,0.2989544868469238
alpha,1.0,2,0.0,0.0,0.0,1.0,1.0,1.0,0.0,0.0,0.0,78,0.2844126224517822
alpha,1.0,3,0.0,0.0,0.0,0.0,0.0,0.0,1.0,1.0,1.0,78,0.3149895668029785
beam_width,20.0,1,1.0,1.0,1.0,0.0,0.0,0.0,0.0,0.0,0.0,78,0.1672863960266113
beam_width,20.0,2,0.0,0.0,0.0,1.0,1.0,1.0,0.0,0.0,0.0,78,0.1526060104370117
beam_width,20.0,3,0.0,0.0,0.0,0.0,0.0,0.0,1.0,1.0,1.0,78,0.1789369583129882
beam_width,40.0,1,1.0,1.0,1.0,0.0,0.0,0.0,0.0,0.0,0.0,78,0.3346495628356933
beam_width,40.0,2,0.0,0.0,0.0,1.0,1.0,1.0,0.0,0.0,0.0,78,0.3674540519714355
beam_width,40.0,3,0.0,0.0,0.0,0.0,0.0,0.0,1.0,1.0,1.0,78,0.3476173877716064
beam_width,80.0,1,1.0,1.0,1.0,0.0,0.0,0.0,0.0,0.0,0.0,78,0.5855712890625
beam_width,80.0,2,0.0,0.0,0.0,1.0,1.0,1.0,0.0,0.0,0.0,78,0.58524489402771
beam_width,80.0,3,0.0,0.0,0.0,0.0,0.0,0.0,1.0,1.0,1.0,78,0.612055778503418
beam_width,160.0,1,1.0,1.0,1.0,0.0,0.0,0.0,0.0,0.0,0.0,78,1.145416498184204
beam_width,160.0,2,0.0,0.0,0.0,1.0,1.0,1.0,0.0,0.0,0.0,78,1.1352672576904297
beam_width,160.0,3,0.0,0.0,0.0,0.0,0.0,0.0,1.0,1.0,1.0,78,1.2481811046600342
alpha,0.1,1,1.0,1.0,1.0,0.0,0.0,0.0,0.0,0.0,0.0,79,0.3748013973236084
alpha,0.1,2,0.0,0.0,0.0,1.0,1.0,1.0,0.0,0.0,0.0,79,0.3512938022613525
alpha,0.1,3,0.0,0.0,0.0,0.0,0.0,0.0,1.0,1.0,1.0,79,0.3283672332763672
alpha,0.3,1,1.0,1.0,1.0,0.0,0.0,0.0,0.0,0.0,0.0,79,0.3676373958587646
alpha,0.3,2,0.0,0.0,0.0,1.0,1.0,1.0,0.0,0.0,0.0,79,0.3782875537872314
alpha,0.3,3,0.0,0.0,0.0,0.0,0.0,0.0,1.0,1.0,1.0,79,0.3262248039245605
alpha,0.5,1,1.0,1.0,1.0,0.0,0.0,0.0,0.0,0.0,0.0,79,0.3675158023834228
alpha,0.5,2,0.0,0.0,0.0,1.0,1.0,1.0,0.0,0.0,0.0,79,0.3609182834625244
alpha,0.5,3,0.0,0.0,0.0,0.0,0.0,0.0,1.0,1.0,1.0,79,0.3239784240722656
alpha,0.75,1,1.0,1.0,1.0,0.0,0.0,0.0,0.0,0.0,0.0,79,0.3710236549377441
alpha,0.75,2,0.0,0.0,0.0,1.0,1.0,1.0,0.0,0.0,0.0,79,0.3173062801361084
alpha,0.75,3,0.0,0.0,0.0,0.0,0.0,0.0,1.0,1.0,1.0,79,0.2996706962585449
alpha,1.0,1,1.0,1.0,1.0,0.0,0.0,0.0,0.0,0.0,0.0,79,0.3432424068450928
alpha,1.0,2,0.0,0.0,0.0,1.0,1.0,1.0,0.0,0.0,0.0,79,0.2998311519622803
alpha,1.0,3,0.0424836601307189,0.0297029702970297,0.0745697896749522,0.4984539270253556,0.3453299057412168,0.8955555555555555,0.4945188794153471,0.3479005998286203,0.8547368421052631,79,0.2932827472686767
beam_width,20.0,1,1.0,1.0,1.0,0.0,0.0,0.0,0.0,0.0,0.0,79,0.169321060180664
beam_width,20.0,2,0.0,0.0,0.0,1.0,1.0,1.0,0.0,0.0,0.0,79,0.1762216091156005
beam_width,20.0,3,0.0,0.0,0.0,0.0,0.0,0.0,1.0,1.0,1.0,79,0.1896414756774902
beam_width,40.0,1,1.0,1.0,1.0,0.0,0.0,0.0,0.0,0.0,0.0,79,0.3631417751312256
beam_width,40.0,2,0.0,0.0,0.0,1.0,1.0,1.0,0.0,0.0,0.0,79,0.3377292156219482
beam_width,40.0,3,0.0,0.0,0.0,0.0,0.0,0.0,1.0,1.0,1.0,79,0.32861328125
beam_width,80.0,1,1.0,1.0,1.0,0.0,0.0,0.0,0.0,0.0,0.0,79,0.6660292148590088
beam_width,80.0,2,0.0,0.0,0.0,1.0,1.0,1.0,0.0,0.0,0.0,79,0.607182502746582
beam_width,80.0,3,0.0,0.0,0.0,0.0,0.0,0.0,1.0,1.0,1.0,79,0.6204345226287842
beam_width,160.0,1,1.0,1.0,1.0,0.0,0.0,0.0,0.0,0.0,0.0,79,1.334958553314209
beam_width,160.0,2,0.0,0.0,0.0,1.0,1.0,1.0,0.0,0.0,0.0,79,1.2358429431915283
beam_width,160.0,3,0.0,0.0,0.0,0.0,0.0,0.0,1.0,1.0,1.0,79,1.2332355976104736
alpha,0.1,1,1.0,1.0,1.0,0.0,0.0,0.0,0.0,0.0,0.0,8,0.3870184421539306
alpha,0.1,2,0.0,0.0,0.0,1.0,1.0,1.0,0.0,0.0,0.0,8,0.3736448287963867
alpha,0.1,3,0.0,0.0,0.0,0.0,0.0,0.0,1.0,1.0,1.0,8,0.3814177513122558
alpha,0.3,1,1.0,1.0,1.0,0.0,0.0,0.0,0.0,0.0,0.0,8,0.3750314712524414
alpha,0.3,2,0.0,0.0,0.0,1.0,1.0,1.0,0.0,0.0,0.0,8,0.3757452964782715
alpha,0.3,3,0.0,0.0,0.0,0.0,0.0,0.0,1.0,1.0,1.0,8,0.3888726234436035
alpha,0.5,1,1.0,1.0,1.0,0.0,0.0,0.0,0.0,0.0,0.0,8,0.3727235794067383
alpha,0.5,2,0.0,0.0,0.0,1.0,1.0,1.0,0.0,0.0,0.0,8,0.3701708316802978
alpha,0.5,3,0.0,0.0,0.0,0.0,0.0,0.0,1.0,1.0,1.0,8,0.3888373374938965
alpha,0.75,1,1.0,1.0,1.0,0.0,0.0,0.0,0.0,0.0,0.0,8,0.3795742988586426
alpha,0.75,2,0.0,0.0,0.0,1.0,1.0,1.0,0.0,0.0,0.0,8,0.3379523754119873
alpha,0.75,3,0.0,0.0,0.0,0.3727678571428571,0.2652899126290707,0.626641651031895,1.0,1.0,1.0,8,0.3951714038848877
alpha,1.0,1,1.0,1.0,1.0,0.0,0.0,0.0,0.0,0.0,0.0,8,0.354478120803833
alpha,1.0,2,0.0,0.0,0.0,1.0,1.0,1.0,0.0,0.0,0.0,8,0.3508753776550293
alpha,1.0,3,0.0,0.0,0.0,0.4700176366843033,0.3072046109510086,1.0,1.0,1.0,1.0,8,0.3793399333953857
beam_width,20.0,1,1.0,1.0,1.0,0.0,0.0,0.0,0.0,0.0,0.0,8,0.1791656017303466
beam_width,20.0,2,0.0,0.0,0.0,1.0,1.0,1.0,0.0,0.0,0.0,8,0.1709270477294922
beam_width,20.0,3,0.0,0.0,0.0,0.0,0.0,0.0,1.0,1.0,1.0,8,0.1843822002410888
beam_width,40.0,1,1.0,1.0,1.0,0.0,0.0,0.0,0.0,0.0,0.0,8,0.3704037666320801
beam_width,40.0,2,0.0,0.0,0.0,1.0,1.0,1.0,0.0,0.0,0.0,8,0.3680458068847656
beam_width,40.0,3,0.0,0.0,0.0,0.0,0.0,0.0,1.0,1.0,1.0,8,0.3858089447021484
beam_width,80.0,1,1.0,1.0,1.0,0.0,0.0,0.0,0.0,0.0,0.0,8,0.7144832611083984
beam_width,80.0,2,0.0,0.0,0.0,1.0,1.0,1.0,0.0,0.0,0.0,8,0.6983036994934082
beam_width,80.0,3,0.0,0.0,0.0,0.0,0.0,0.0,1.0,1.0,1.0,8,0.7393510341644287
beam_width,160.0,1,1.0,1.0,1.0,0.0,0.0,0.0,0.0,0.0,0.0,8,1.4253606796264648
beam_width,160.0,2,0.0,0.0,0.0,1.0,1.0,1.0,0.0,0.0,0.0,8,1.3415002822875977
beam_width,160.0,3,0.0,0.0,0.0,0.0,0.0,0.0,1.0,1.0,1.0,8,1.4468631744384766
alpha,0.1,1,1.0,1.0,1.0,0.0,0.0,0.0,0.0,0.0,0.0,80,0.3350942134857178
alpha,0.1,2,0.0,0.0,0.0,1.0,1.0,1.0,0.0,0.0,0.0,80,0.3693087100982666
alpha,0.1,3,0.0,0.0,0.0,0.0,0.0,0.0,1.0,1.0,1.0,80,0.3675470352172851
alpha,0.3,1,1.0,1.0,1.0,0.0,0.0,0.0,0.0,0.0,0.0,80,0.3352200984954834
alpha,0.3,2,0.0,0.0,0.0,1.0,1.0,1.0,0.0,0.0,0.0,80,0.3669948577880859
alpha,0.3,3,0.0,0.0,0.0,0.0,0.0,0.0,1.0,1.0,1.0,80,0.3525636196136474
alpha,0.5,1,1.0,1.0,1.0,0.0,0.0,0.0,0.0,0.0,0.0,80,0.33315110206604
alpha,0.5,2,0.0,0.0,0.0,1.0,1.0,1.0,0.0,0.0,0.0,80,0.3625123500823974
alpha,0.5,3,0.0,0.0,0.0,0.0,0.0,0.0,1.0,1.0,1.0,80,0.3573758602142334
alpha,0.75,1,1.0,1.0,1.0,0.0,0.0,0.0,0.0,0.0,0.0,80,0.3338978290557861
alpha,0.75,2,0.0,0.0,0.0,1.0,1.0,1.0,0.0,0.0,0.0,80,0.3623239994049072
alpha,0.75,3,0.0,0.0,0.0,0.4017632241813602,0.282051282051282,0.6980306345733042,1.0,1.0,1.0,80,0.3614509105682373
alpha,1.0,1,1.0,1.0,1.0,0.0,0.0,0.0,0.0,0.0,0.0,80,0.3327679634094238
alpha,1.0,2,0.0,0.0,0.0,1.0,1.0,1.0,0.0,0.0,0.0,80,0.3446903228759765
alpha,1.0,3,0.0,0.0,0.0,0.4579158316633266,0.2969460688758934,1.0,0.6324062877871826,0.4624226348364279,1.0,80,0.3491668701171875
beam_width,20.0,1,1.0,1.0,1.0,0.0,0.0,0.0,0.0,0.0,0.0,80,0.1673855781555175
beam_width,20.0,2,0.0,0.0,0.0,1.0,1.0,1.0,0.0,0.0,0.0,80,0.1734142303466797
beam_width,20.0,3,0.0,0.0,0.0,0.0,0.0,0.0,1.0,1.0,1.0,80,0.1662008762359619
beam_width,40.0,1,1.0,1.0,1.0,0.0,0.0,0.0,0.0,0.0,0.0,80,0.3278517723083496
beam_width,40.0,2,0.0,0.0,0.0,1.0,1.0,1.0,0.0,0.0,0.0,80,0.359621524810791
beam_width,40.0,3,0.0,0.0,0.0,0.0,0.0,0.0,1.0,1.0,1.0,80,0.360870361328125
beam_width,80.0,1,1.0,1.0,1.0,0.0,0.0,0.0,0.0,0.0,0.0,80,0.6593470573425293
beam_width,80.0,2,0.0,0.0,0.0,1.0,1.0,1.0,0.0,0.0,0.0,80,0.7030425071716309
beam_width,80.0,3,0.0,0.0,0.0,0.0,0.0,0.0,1.0,1.0,1.0,80,0.6615066528320312
beam_width,160.0,1,1.0,1.0,1.0,0.0,0.0,0.0,0.0,0.0,0.0,80,1.4839942455291748
beam_width,160.0,2,0.0,0.0,0.0,1.0,1.0,1.0,0.0,0.0,0.0,80,1.3904376029968262
beam_width,160.0,3,0.0,0.0,0.0,0.0,0.0,0.0,1.0,1.0,1.0,80,1.324018478393555
alpha,0.1,1,1.0,1.0,1.0,0.0,0.0,0.0,0.0,0.0,0.0,81,0.3494386672973633
alpha,0.1,2,0.0,0.0,0.0,1.0,1.0,1.0,0.0,0.0,0.0,81,0.3452425003051758
alpha,0.1,3,0.0,0.0,0.0,0.0,0.0,0.0,1.0,1.0,1.0,81,0.3525638580322265
alpha,0.3,1,1.0,1.0,1.0,0.0,0.0,0.0,0.0,0.0,0.0,81,0.3855795860290527
alpha,0.3,2,0.0,0.0,0.0,1.0,1.0,1.0,0.0,0.0,0.0,81,0.3587539196014404
alpha,0.3,3,0.0,0.0,0.0,0.0,0.0,0.0,1.0,1.0,1.0,81,0.345029354095459
alpha,0.5,1,1.0,1.0,1.0,0.0,0.0,0.0,0.0,0.0,0.0,81,0.3573133945465088
alpha,0.5,2,0.0,0.0,0.0,1.0,1.0,1.0,0.0,0.0,0.0,81,0.3526253700256347
alpha,0.5,3,0.0,0.0,0.0,0.0,0.0,0.0,1.0,1.0,1.0,81,0.3021388053894043
alpha,0.75,1,1.0,1.0,1.0,0.0,0.0,0.0,0.0,0.0,0.0,81,0.3330976963043213
alpha,0.75,2,0.0,0.0,0.0,1.0,1.0,1.0,0.0,0.0,0.0,81,0.3217384815216064
alpha,0.75,3,0.0,0.0,0.0,0.0,0.0,0.0,1.0,1.0,1.0,81,0.2975091934204101
alpha,1.0,1,1.0,1.0,1.0,0.0,0.0,0.0,0.0,0.0,0.0,81,0.3111181259155273
alpha,1.0,2,0.0,0.0,0.0,1.0,1.0,1.0,0.0,0.0,0.0,81,0.2996876239776611
alpha,1.0,3,0.1694915254237288,0.1310861423220973,0.2397260273972602,0.1058451816745655,0.0836454431960049,0.1440860215053763,1.0,1.0,1.0,81,0.2943406105041504
beam_width,20.0,1,1.0,1.0,1.0,0.0,0.0,0.0,0.0,0.0,0.0,81,0.1687982082366943
beam_width,20.0,2,0.0,0.0,0.0,1.0,1.0,1.0,0.0,0.0,0.0,81,0.1652636528015136
beam_width,20.0,3,0.0,0.0,0.0,0.0,0.0,0.0,1.0,1.0,1.0,81,0.1529092788696289
beam_width,40.0,1,1.0,1.0,1.0,0.0,0.0,0.0,0.0,0.0,0.0,81,0.352243423461914
beam_width,40.0,2,0.0,0.0,0.0,1.0,1.0,1.0,0.0,0.0,0.0,81,0.3538854122161865
beam_width,40.0,3,0.0,0.0,0.0,0.0,0.0,0.0,1.0,1.0,1.0,81,0.3055844306945801
beam_width,80.0,1,1.0,1.0,1.0,0.0,0.0,0.0,0.0,0.0,0.0,81,0.6349952220916748
beam_width,80.0,2,0.0,0.0,0.0,1.0,1.0,1.0,0.0,0.0,0.0,81,0.6048421859741211
beam_width,80.0,3,0.0,0.0,0.0,0.0,0.0,0.0,1.0,1.0,1.0,81,0.5623695850372314
beam_width,160.0,1,1.0,1.0,1.0,0.0,0.0,0.0,0.0,0.0,0.0,81,1.2090628147125244
beam_width,160.0,2,0.0,0.0,0.0,1.0,1.0,1.0,0.0,0.0,0.0,81,1.2175347805023191
beam_width,160.0,3,0.0,0.0,0.0,0.0,0.0,0.0,1.0,1.0,1.0,81,1.107900857925415
alpha,0.1,1,1.0,1.0,1.0,0.0,0.0,0.0,0.0,0.0,0.0,82,0.3699526786804199
alpha,0.1,2,0.0,0.0,0.0,1.0,1.0,1.0,0.0,0.0,0.0,82,0.3702082633972168
alpha,0.1,3,0.0,0.0,0.0,0.0,0.0,0.0,1.0,1.0,1.0,82,0.3641409873962402
alpha,0.3,1,1.0,1.0,1.0,0.0,0.0,0.0,0.0,0.0,0.0,82,0.3672132492065429
alpha,0.3,2,0.0,0.0,0.0,1.0,1.0,1.0,0.0,0.0,0.0,82,0.3670394420623779
alpha,0.3,3,0.0,0.0,0.0,0.0,0.0,0.0,1.0,1.0,1.0,82,0.358818769454956
alpha,0.5,1,1.0,1.0,1.0,0.0,0.0,0.0,0.0,0.0,0.0,82,0.3653900623321533
alpha,0.5,2,0.0,0.0,0.0,1.0,1.0,1.0,0.0,0.0,0.0,82,0.3753755092620849
alpha,0.5,3,0.0,0.0,0.0,0.0,0.0,0.0,1.0,1.0,1.0,82,0.356029748916626
alpha,0.75,1,1.0,1.0,1.0,0.0,0.0,0.0,0.0,0.0,0.0,82,0.3720953464508056
alpha,0.75,2,0.0,0.0,0.0,1.0,1.0,1.0,0.0,0.0,0.0,82,0.374143123626709
alpha,0.75,3,0.0,0.0,0.0,0.0,0.0,0.0,1.0,1.0,1.0,82,0.3565309047698974
alpha,1.0,1,1.0,1.0,1.0,0.0,0.0,0.0,0.0,0.0,0.0,82,0.3446059226989746
alpha,1.0,2,0.0,0.0,0.0,1.0,1.0,1.0,0.0,0.0,0.0,82,0.3562493324279785
alpha,1.0,3,0.0,0.0,0.0,0.4926151172893137,0.3268011527377522,1.0,1.0,1.0,1.0,82,0.3476660251617431
beam_width,20.0,1,1.0,1.0,1.0,0.0,0.0,0.0,0.0,0.0,0.0,82,0.1743173599243164
beam_width,20.0,2,0.0,0.0,0.0,1.0,1.0,1.0,0.0,0.0,0.0,82,0.1752097606658935
beam_width,20.0,3,0.0,0.0,0.0,0.0,0.0,0.0,1.0,1.0,1.0,82,0.1655561923980713
beam_width,40.0,1,1.0,1.0,1.0,0.0,0.0,0.0,0.0,0.0,0.0,82,0.3696632385253906
beam_width,40.0,2,0.0,0.0,0.0,1.0,1.0,1.0,0.0,0.0,0.0,82,0.372894287109375
beam_width,40.0,3,0.0,0.0,0.0,0.0,0.0,0.0,1.0,1.0,1.0,82,0.359205961227417
beam_width,80.0,1,1.0,1.0,1.0,0.0,0.0,0.0,0.0,0.0,0.0,82,0.7044868469238281
beam_width,80.0,2,0.0,0.0,0.0,1.0,1.0,1.0,0.0,0.0,0.0,82,0.7077059745788574
beam_width,80.0,3,0.0,0.0,0.0,0.0,0.0,0.0,1.0,1.0,1.0,82,0.646653413772583
beam_width,160.0,1,1.0,1.0,1.0,0.0,0.0,0.0,0.0,0.0,0.0,82,1.3894803524017334
beam_width,160.0,2,0.0,0.0,0.0,1.0,1.0,1.0,0.0,0.0,0.0,82,1.4227161407470703
beam_width,160.0,3,0.0,0.0,0.0,0.0,0.0,0.0,1.0,1.0,1.0,82,1.336398363113403
alpha,0.1,1,1.0,1.0,1.0,0.0,0.0,0.0,0.0,0.0,0.0,83,0.3873107433319092
alpha,0.1,2,0.0,0.0,0.0,1.0,1.0,1.0,0.0,0.0,0.0,83,0.4025053977966308
alpha,0.1,3,0.0,0.0,0.0,0.0,0.0,0.0,1.0,1.0,1.0,83,0.3965258598327636
alpha,0.3,1,1.0,1.0,1.0,0.0,0.0,0.0,0.0,0.0,0.0,83,0.3695523738861084
alpha,0.3,2,0.0,0.0,0.0,1.0,1.0,1.0,0.0,0.0,0.0,83,0.3940911293029785
alpha,0.3,3,0.0,0.0,0.0,0.0,0.0,0.0,1.0,1.0,1.0,83,0.388871431350708
alpha,0.5,1,1.0,1.0,1.0,0.0,0.0,0.0,0.0,0.0,0.0,83,0.3789231777191162
alpha,0.5,2,0.0,0.0,0.0,1.0,1.0,1.0,0.0,0.0,0.0,83,0.3689956665039062
alpha,0.5,3,0.0,0.0,0.0,0.0,0.0,0.0,1.0,1.0,1.0,83,0.3642411231994629
alpha,0.75,1,1.0,1.0,1.0,0.0,0.0,0.0,0.0,0.0,0.0,83,0.3737106323242187
alpha,0.75,2,0.0,0.0,0.0,1.0,1.0,1.0,0.0,0.0,0.0,83,0.3929915428161621
alpha,0.75,3,0.0,0.0,0.0,0.0,0.0,0.0,1.0,1.0,1.0,83,0.3919880390167236
alpha,1.0,1,1.0,1.0,1.0,0.0,0.0,0.0,0.0,0.0,0.0,83,0.3646643161773681
alpha,1.0,2,0.0,0.0,0.0,1.0,1.0,1.0,0.0,0.0,0.0,83,0.3834347724914551
alpha,1.0,3,0.0,0.0,0.0,0.0,0.0,0.0,1.0,1.0,1.0,83,0.3548753261566162
beam_width,20.0,1,1.0,1.0,1.0,0.0,0.0,0.0,0.0,0.0,0.0,83,0.1774079799652099
beam_width,20.0,2,0.0,0.0,0.0,1.0,1.0,1.0,0.0,0.0,0.0,83,0.1704521179199218
beam_width,20.0,3,0.0,0.0,0.0,0.0,0.0,0.0,1.0,1.0,1.0,83,0.1766152381896972
beam_width,40.0,1,1.0,1.0,1.0,0.0,0.0,0.0,0.0,0.0,0.0,83,0.3654279708862304
beam_width,40.0,2,0.0,0.0,0.0,1.0,1.0,1.0,0.0,0.0,0.0,83,0.3701715469360351
beam_width,40.0,3,0.0,0.0,0.0,0.0,0.0,0.0,1.0,1.0,1.0,83,0.3644530773162842
beam_width,80.0,1,1.0,1.0,1.0,0.0,0.0,0.0,0.0,0.0,0.0,83,0.6923122406005859
beam_width,80.0,2,0.0,0.0,0.0,1.0,1.0,1.0,0.0,0.0,0.0,83,0.6846270561218262
beam_width,80.0,3,0.0,0.0,0.0,0.0,0.0,0.0,1.0,1.0,1.0,83,0.712714433670044
beam_width,160.0,1,1.0,1.0,1.0,0.0,0.0,0.0,0.0,0.0,0.0,83,1.3849186897277832
beam_width,160.0,2,0.0,0.0,0.0,1.0,1.0,1.0,0.0,0.0,0.0,83,1.402057647705078
beam_width,160.0,3,0.0,0.0,0.0,0.0,0.0,0.0,1.0,1.0,1.0,83,1.414640188217163
alpha,0.1,1,1.0,1.0,1.0,0.0,0.0,0.0,0.0,0.0,0.0,84,0.3523690700531006
alpha,0.1,2,0.0,0.0,0.0,1.0,1.0,1.0,0.0,0.0,0.0,84,0.3341856002807617
alpha,0.1,3,0.0,0.0,0.0,0.0,0.0,0.0,1.0,1.0,1.0,84,0.3495833873748779
alpha,0.3,1,1.0,1.0,1.0,0.0,0.0,0.0,0.0,0.0,0.0,84,0.344825267791748
alpha,0.3,2,0.0,0.0,0.0,1.0,1.0,1.0,0.0,0.0,0.0,84,0.3297321796417236
alpha,0.3,3,0.0,0.0,0.0,0.0,0.0,0.0,1.0,1.0,1.0,84,0.343644380569458
alpha,0.5,1,1.0,1.0,1.0,0.0,0.0,0.0,0.0,0.0,0.0,84,0.3271653652191162
alpha,0.5,2,0.0,0.0,0.0,1.0,1.0,1.0,0.0,0.0,0.0,84,0.307297945022583
alpha,0.5,3,0.0,0.0,0.0,0.0,0.0,0.0,1.0,1.0,1.0,84,0.3305659294128418
alpha,0.75,1,1.0,1.0,1.0,0.0,0.0,0.0,0.0,0.0,0.0,84,0.3101422786712646
alpha,0.75,2,0.0,0.0,0.0,1.0,1.0,1.0,0.0,0.0,0.0,84,0.2972428798675537
alpha,0.75,3,0.0,0.0,0.0,0.0,0.0,0.0,1.0,1.0,1.0,84,0.3479766845703125
alpha,1.0,1,1.0,1.0,1.0,0.0,0.0,0.0,0.0,0.0,0.0,84,0.2960729598999023
alpha,1.0,2,0.0,0.0,0.0,1.0,1.0,1.0,0.0,0.0,0.0,84,0.2892575263977051
alpha,1.0,3,0.0,0.0,0.0,0.0,0.0,0.0,1.0,1.0,1.0,84,0.3236408233642578
beam_width,20.0,1,1.0,1.0,1.0,0.0,0.0,0.0,0.0,0.0,0.0,84,0.1578307151794433
beam_width,20.0,2,0.0,0.0,0.0,1.0,1.0,1.0,0.0,0.0,0.0,84,0.1635713577270507
beam_width,20.0,3,0.0,0.0,0.0,0.0,0.0,0.0,1.0,1.0,1.0,84,0.1827852725982666
beam_width,40.0,1,1.0,1.0,1.0,0.0,0.0,0.0,0.0,0.0,0.0,84,0.3737306594848633
beam_width,40.0,2,0.0,0.0,0.0,1.0,1.0,1.0,0.0,0.0,0.0,84,0.3114378452301025
beam_width,40.0,3,0.0,0.0,0.0,0.0,0.0,0.0,1.0,1.0,1.0,84,0.3390743732452392
beam_width,80.0,1,1.0,1.0,1.0,0.0,0.0,0.0,0.0,0.0,0.0,84,0.5781846046447754
beam_width,80.0,2,0.0,0.0,0.0,1.0,1.0,1.0,0.0,0.0,0.0,84,0.5776505470275879
beam_width,80.0,3,0.0,0.0,0.0,0.0,0.0,0.0,1.0,1.0,1.0,84,0.6264758110046387
beam_width,160.0,1,1.0,1.0,1.0,0.0,0.0,0.0,0.0,0.0,0.0,84,1.178879976272583
beam_width,160.0,2,0.0,0.0,0.0,1.0,1.0,1.0,0.0,0.0,0.0,84,1.1369264125823977
beam_width,160.0,3,0.0,0.0,0.0,0.0,0.0,0.0,1.0,1.0,1.0,84,1.3280761241912842
alpha,0.1,1,0.0,0.0,0.0,0.0,0.0,0.0,0.0,0.0,0.0,85,0.3864972591400146
alpha,0.1,2,0.0,0.0,0.0,1.0,1.0,1.0,0.0,0.0,0.0,85,0.325916051864624
alpha,0.1,3,0.0,0.0,0.0,0.0,0.0,0.0,1.0,1.0,1.0,85,0.3314509391784668
alpha,0.3,1,1.0,1.0,1.0,0.0,0.0,0.0,0.0,0.0,0.0,85,0.3581476211547851
alpha,0.3,2,0.0,0.0,0.0,1.0,1.0,1.0,0.0,0.0,0.0,85,0.3350095748901367
alpha,0.3,3,0.0,0.0,0.0,0.0,0.0,0.0,1.0,1.0,1.0,85,0.3343877792358398
alpha,0.5,1,1.0,1.0,1.0,0.0,0.0,0.0,0.0,0.0,0.0,85,0.3033785820007324
alpha,0.5,2,0.0,0.0,0.0,1.0,1.0,1.0,0.0,0.0,0.0,85,0.315629243850708
alpha,0.5,3,0.0,0.0,0.0,0.0,0.0,0.0,1.0,1.0,1.0,85,0.3277132511138916
alpha,0.75,1,1.0,1.0,1.0,0.0,0.0,0.0,0.0,0.0,0.0,85,0.3445985317230224
alpha,0.75,2,0.0052173913043478,0.0042075736325385,0.0068649885583524,1.0,1.0,1.0,0.0,0.0,0.0,85,0.3079805374145508
alpha,0.75,3,0.0,0.0,0.0,0.0,0.0,0.0,1.0,1.0,1.0,85,0.3225805759429931
alpha,1.0,1,0.4305408271474019,0.2801932367149758,0.9290617848970252,0.0,0.0,0.0,0.0,0.0,0.0,85,0.3143651485443115
alpha,1.0,2,0.0052173913043478,0.0042075736325385,0.0068649885583524,1.0,1.0,1.0,0.0,0.0,0.0,85,0.3017802238464355
alpha,1.0,3,0.0,0.0,0.0,0.0,0.0,0.0,1.0,1.0,1.0,85,0.2880809307098388
beam_width,20.0,1,1.0,1.0,1.0,0.0,0.0,0.0,0.0,0.0,0.0,85,0.1691572666168213
beam_width,20.0,2,0.0,0.0,0.0,1.0,1.0,1.0,0.0,0.0,0.0,85,0.1679620742797851
beam_width,20.0,3,0.0,0.0,0.0,0.0,0.0,0.0,1.0,1.0,1.0,85,0.1649668216705322
beam_width,40.0,1,1.0,1.0,1.0,0.0,0.0,0.0,0.0,0.0,0.0,85,0.3488361835479736
beam_width,40.0,2,0.0,0.0,0.0,1.0,1.0,1.0,0.0,0.0,0.0,85,0.319765567779541
beam_width,40.0,3,0.0,0.0,0.0,0.0,0.0,0.0,1.0,1.0,1.0,85,0.3323826789855957
beam_width,80.0,1,1.0,1.0,1.0,0.0,0.0,0.0,0.0,0.0,0.0,85,0.5710928440093994
beam_width,80.0,2,0.0,0.0,0.0,1.0,1.0,1.0,0.0,0.0,0.0,85,0.5813546180725098
beam_width,80.0,3,0.0,0.0,0.0,0.0,0.0,0.0,1.0,1.0,1.0,85,0.5952486991882324
beam_width,160.0,1,1.0,1.0,1.0,0.0,0.0,0.0,0.0,0.0,0.0,85,1.191626787185669
beam_width,160.0,2,0.0,0.0,0.0,1.0,1.0,1.0,0.0,0.0,0.0,85,1.1849596500396729
beam_width,160.0,3,0.0,0.0,0.0,0.0,0.0,0.0,1.0,1.0,1.0,85,1.2304036617279053
alpha,0.1,1,0.0,0.0,0.0,0.0,0.0,0.0,0.0,0.0,0.0,86,0.4470398426055908
alpha,0.1,2,0.0,0.0,0.0,1.0,1.0,1.0,0.0,0.0,0.0,86,0.3679239749908447
alpha,0.1,3,0.0,0.0,0.0,0.0,0.0,0.0,1.0,1.0,1.0,86,0.3669772148132324
alpha,0.3,1,0.0,0.0,0.0,0.0,0.0,0.0,0.0,0.0,0.0,86,0.4314804077148437
alpha,0.3,2,0.0,0.0,0.0,1.0,1.0,1.0,0.0,0.0,0.0,86,0.3682096004486084
alpha,0.3,3,0.0,0.0,0.0,0.0,0.0,0.0,1.0,1.0,1.0,86,0.3704736232757568
alpha,0.5,1,1.0,1.0,1.0,0.0,0.0,0.0,0.0,0.0,0.0,86,0.3697748184204101
alpha,0.5,2,0.0,0.0,0.0,1.0,1.0,1.0,0.0,0.0,0.0,86,0.3645901679992676
alpha,0.5,3,0.0,0.0,0.0,0.6688918558077437,0.5025075225677031,1.0,0.6425339366515838,0.5331664580725908,0.8083491461100569,86,0.447594404220581
alpha,0.75,1,1.0,1.0,1.0,0.0,0.0,0.0,0.0,0.0,0.0,86,0.3596351146697998
alpha,0.75,2,0.0,0.0,0.0,1.0,1.0,1.0,0.0,0.0,0.0,86,0.3670010566711426
alpha,0.75,3,0.0,0.0,0.0,0.6688918558077437,0.5025075225677031,1.0,0.650215916101172,0.4817184643510054,1.0,86,0.4539203643798828
alpha,1.0,1,0.6473724295506473,0.4786036036036036,1.0,0.0,0.0,0.0,0.0,0.0,0.0,86,0.3455924987792969
alpha,1.0,2,0.0,0.0,0.0,1.0,1.0,1.0,0.0,0.0,0.0,86,0.3426079750061035
alpha,1.0,3,0.0,0.0,0.0,0.6688918558077437,0.5025075225677031,1.0,0.650215916101172,0.4817184643510054,1.0,86,0.4291708469390869
beam_width,20.0,1,1.0,1.0,1.0,0.0,0.0,0.0,0.0,0.0,0.0,86,0.1725590229034423
beam_width,20.0,2,0.0,0.0,0.0,1.0,1.0,1.0,0.0,0.0,0.0,86,0.1734073162078857
beam_width,20.0,3,0.0,0.0,0.0,0.6688918558077437,0.5025075225677031,1.0,0.6425339366515838,0.5331664580725908,0.8083491461100569,86,0.2189862728118896
beam_width,40.0,1,1.0,1.0,1.0,0.0,0.0,0.0,0.0,0.0,0.0,86,0.3599312305450439
beam_width,40.0,2,0.0,0.0,0.0,1.0,1.0,1.0,0.0,0.0,0.0,86,0.3653585910797119
beam_width,40.0,3,0.0,0.0,0.0,0.6688918558077437,0.5025075225677031,1.0,0.6425339366515838,0.5331664580725908,0.8083491461100569,86,0.4461994171142578
beam_width,80.0,1,1.0,1.0,1.0,0.0,0.0,0.0,0.0,0.0,0.0,86,0.6864984035491943
beam_width,80.0,2,0.0,0.0,0.0,1.0,1.0,1.0,0.0,0.0,0.0,86,0.6943798065185547
beam_width,80.0,3,0.0,0.0,0.0,0.6688918558077437,0.5025075225677031,1.0,0.6425339366515838,0.5331664580725908,0.8083491461100569,86,0.7661778926849365
beam_width,160.0,1,1.0,1.0,1.0,0.0,0.0,0.0,0.0,0.0,0.0,86,1.3393735885620115
beam_width,160.0,2,0.0,0.0,0.0,1.0,1.0,1.0,0.0,0.0,0.0,86,1.387974977493286
beam_width,160.0,3,0.0,0.0,0.0,0.6688918558077437,0.5025075225677031,1.0,0.6425339366515838,0.5331664580725908,0.8083491461100569,86,1.516751050949097
alpha,0.1,1,1.0,1.0,1.0,0.0,0.0,0.0,0.0,0.0,0.0,87,0.3404469490051269
alpha,0.1,2,0.0,0.0,0.0,1.0,1.0,1.0,0.0,0.0,0.0,87,0.3366250991821289
alpha,0.1,3,0.0,0.0,0.0,0.0,0.0,0.0,1.0,1.0,1.0,87,0.3211202621459961
alpha,0.3,1,1.0,1.0,1.0,0.0,0.0,0.0,0.0,0.0,0.0,87,0.3418946266174316
alpha,0.3,2,0.0,0.0,0.0,1.0,1.0,1.0,0.0,0.0,0.0,87,0.3363392353057861
alpha,0.3,3,0.0,0.0,0.0,0.0,0.0,0.0,1.0,1.0,1.0,87,0.321894884109497
alpha,0.5,1,1.0,1.0,1.0,0.0,0.0,0.0,0.0,0.0,0.0,87,0.3445348739624023
alpha,0.5,2,0.0,0.0,0.0,1.0,1.0,1.0,0.0,0.0,0.0,87,0.3305258750915527
alpha,0.5,3,0.0,0.0,0.0,0.0,0.0,0.0,1.0,1.0,1.0,87,0.3056235313415527
alpha,0.75,1,1.0,1.0,1.0,0.0,0.0,0.0,0.0,0.0,0.0,87,0.3234314918518066
alpha,0.75,2,0.0,0.0,0.0,1.0,1.0,1.0,0.0,0.0,0.0,87,0.307852029800415
alpha,0.75,3,0.0,0.0,0.0,1.0,1.0,1.0,1.0,1.0,1.0,87,0.2826526165008545
alpha,1.0,1,1.0,1.0,1.0,0.0,0.0,0.0,0.0,0.0,0.0,87,0.3097198009490967
alpha,1.0,2,0.0,0.0,0.0,1.0,1.0,1.0,0.0,0.0,0.0,87,0.2869918346405029
alpha,1.0,3,0.4004321209938783,0.2652671755725191,0.8164464023494861,1.0,1.0,1.0,1.0,1.0,1.0,87,0.2579696178436279
beam_width,20.0,1,1.0,1.0,1.0,0.0,0.0,0.0,0.0,0.0,0.0,87,0.1595189571380615
beam_width,20.0,2,0.0,0.0,0.0,1.0,1.0,1.0,0.0,0.0,0.0,87,0.1552677154541015
beam_width,20.0,3,0.0,0.0,0.0,0.0,0.0,0.0,1.0,1.0,1.0,87,0.1519551277160644
beam_width,40.0,1,1.0,1.0,1.0,0.0,0.0,0.0,0.0,0.0,0.0,87,0.3406617641448974
beam_width,40.0,2,0.0,0.0,0.0,1.0,1.0,1.0,0.0,0.0,0.0,87,0.3327019214630127
beam_width,40.0,3,0.0,0.0,0.0,0.0,0.0,0.0,1.0,1.0,1.0,87,0.3020956516265869
beam_width,80.0,1,1.0,1.0,1.0,0.0,0.0,0.0,0.0,0.0,0.0,87,0.6251962184906006
beam_width,80.0,2,0.0,0.0,0.0,1.0,1.0,1.0,0.0,0.0,0.0,87,0.5853638648986816
beam_width,80.0,3,0.0,0.0,0.0,0.0,0.0,0.0,1.0,1.0,1.0,87,0.5626392364501953
beam_width,160.0,1,1.0,1.0,1.0,0.0,0.0,0.0,0.0,0.0,0.0,87,1.242067813873291
beam_width,160.0,2,0.0,0.0,0.0,1.0,1.0,1.0,0.0,0.0,0.0,87,1.1786961555480957
beam_width,160.0,3,0.0,0.0,0.0,0.0,0.0,0.0,1.0,1.0,1.0,87,1.1032681465148926
alpha,0.1,1,1.0,1.0,1.0,0.0,0.0,0.0,0.0,0.0,0.0,88,0.3298430442810058
alpha,0.1,2,0.0,0.0,0.0,1.0,1.0,1.0,0.0,0.0,0.0,88,0.3538265228271484
alpha,0.1,3,0.0,0.0,0.0,0.0,0.0,0.0,1.0,1.0,1.0,88,0.3502023220062256
alpha,0.3,1,1.0,1.0,1.0,0.0,0.0,0.0,0.0,0.0,0.0,88,0.3260214328765869
alpha,0.3,2,0.0,0.0,0.0,1.0,1.0,1.0,0.0,0.0,0.0,88,0.3555645942687988
alpha,0.3,3,0.0,0.0,0.0,0.0,0.0,0.0,1.0,1.0,1.0,88,0.3571982383728027
alpha,0.5,1,1.0,1.0,1.0,0.0,0.0,0.0,0.0,0.0,0.0,88,0.3293027877807617
alpha,0.5,2,0.0,0.0,0.0,1.0,1.0,1.0,0.0,0.0,0.0,88,0.3586456775665283
alpha,0.5,3,0.0,0.0,0.0,0.0,0.0,0.0,1.0,1.0,1.0,88,0.3564012050628662
alpha,0.75,1,1.0,1.0,1.0,0.0,0.0,0.0,0.0,0.0,0.0,88,0.3283596038818359
alpha,0.75,2,0.0,0.0,0.0,1.0,1.0,1.0,0.0,0.0,0.0,88,0.3586609363555908
alpha,0.75,3,0.0,0.0,0.0,0.676730869338886,0.5114083398898505,1.0,0.6317991631799162,0.4617737003058104,1.0,88,0.3265905380249023
alpha,1.0,1,1.0,1.0,1.0,0.0,0.0,0.0,0.0,0.0,0.0,88,0.3320472240447998
alpha,1.0,2,0.0,0.0,0.0,1.0,1.0,1.0,0.0,0.0,0.0,88,0.3477447032928467
alpha,1.0,3,0.0,0.0,0.0,0.676730869338886,0.5114083398898505,1.0,0.6317991631799162,0.4617737003058104,1.0,88,0.3208990097045898
beam_width,20.0,1,1.0,1.0,1.0,0.0,0.0,0.0,0.0,0.0,0.0,88,0.1629722118377685
beam_width,20.0,2,0.0,0.0,0.0,1.0,1.0,1.0,0.0,0.0,0.0,88,0.1801083087921142
beam_width,20.0,3,0.0,0.0,0.0,0.0,0.0,0.0,1.0,1.0,1.0,88,0.1718602180480957
beam_width,40.0,1,1.0,1.0,1.0,0.0,0.0,0.0,0.0,0.0,0.0,88,0.3288984298706054
beam_width,40.0,2,0.0,0.0,0.0,1.0,1.0,1.0,0.0,0.0,0.0,88,0.3594584465026855
beam_width,40.0,3,0.0,0.0,0.0,0.0,0.0,0.0,1.0,1.0,1.0,88,0.356400728225708
beam_width,80.0,1,1.0,1.0,1.0,0.0,0.0,0.0,0.0,0.0,0.0,88,0.6520075798034668
beam_width,80.0,2,0.0,0.0,0.0,1.0,1.0,1.0,0.0,0.0,0.0,88,0.641218900680542
beam_width,80.0,3,0.0,0.0,0.0,0.0,0.0,0.0,1.0,1.0,1.0,88,0.6306774616241455
beam_width,160.0,1,1.0,1.0,1.0,0.0,0.0,0.0,0.0,0.0,0.0,88,1.4460747241973877
beam_width,160.0,2,0.0,0.0,0.0,1.0,1.0,1.0,0.0,0.0,0.0,88,1.329622745513916
beam_width,160.0,3,0.0,0.0,0.0,0.0,0.0,0.0,1.0,1.0,1.0,88,1.251410722732544
alpha,0.1,1,1.0,1.0,1.0,0.0,0.0,0.0,0.0,0.0,0.0,89,0.3829765319824219
alpha,0.1,2,0.0,0.0,0.0,1.0,1.0,1.0,0.0,0.0,0.0,89,0.3754448890686035
alpha,0.1,3,0.0,0.0,0.0,0.0,0.0,0.0,1.0,1.0,1.0,89,0.3582921028137207
alpha,0.3,1,1.0,1.0,1.0,0.0,0.0,0.0,0.0,0.0,0.0,89,0.3824820518493652
alpha,0.3,2,0.0,0.0,0.0,1.0,1.0,1.0,0.0,0.0,0.0,89,0.3759174346923828
alpha,0.3,3,0.0,0.0,0.0,0.0,0.0,0.0,1.0,1.0,1.0,89,0.3491053581237793
alpha,0.5,1,1.0,1.0,1.0,0.0,0.0,0.0,0.0,0.0,0.0,89,0.3561131954193115
alpha,0.5,2,0.0,0.0,0.0,1.0,1.0,1.0,0.0,0.0,0.0,89,0.3693752288818359
alpha,0.5,3,0.0,0.0,0.0,0.0,0.0,0.0,1.0,1.0,1.0,89,0.3316073417663574
alpha,0.75,1,1.0,1.0,1.0,0.0,0.0,0.0,0.0,0.0,0.0,89,0.3424077033996582
alpha,0.75,2,0.0,0.0,0.0,1.0,1.0,1.0,0.0,0.0,0.0,89,0.383953332901001
alpha,0.75,3,0.0,0.0,0.0,0.0,0.0,0.0,1.0,1.0,1.0,89,0.3322489261627197
alpha,1.0,1,1.0,1.0,1.0,0.0,0.0,0.0,0.0,0.0,0.0,89,0.3240137100219726
alpha,1.0,2,0.0,0.0,0.0,1.0,1.0,1.0,0.0,0.0,0.0,89,0.3577609062194824
alpha,1.0,3,0.0,0.0,0.0,0.0,0.0,0.0,1.0,1.0,1.0,89,0.3248968124389648
beam_width,20.0,1,1.0,1.0,1.0,0.0,0.0,0.0,0.0,0.0,0.0,89,0.1754462718963623
beam_width,20.0,2,0.0,0.0,0.0,1.0,1.0,1.0,0.0,0.0,0.0,89,0.1831567287445068
beam_width,20.0,3,0.0,0.0,0.0,0.0,0.0,0.0,1.0,1.0,1.0,89,0.1721432209014892
beam_width,40.0,1,1.0,1.0,1.0,0.0,0.0,0.0,0.0,0.0,0.0,89,0.3401858806610107
beam_width,40.0,2,0.0,0.0,0.0,1.0,1.0,1.0,0.0,0.0,0.0,89,0.3616206645965576
beam_width,40.0,3,0.0,0.0,0.0,0.0,0.0,0.0,1.0,1.0,1.0,89,0.3381664752960205
beam_width,80.0,1,1.0,1.0,1.0,0.0,0.0,0.0,0.0,0.0,0.0,89,0.5990047454833984
beam_width,80.0,2,0.0,0.0,0.0,1.0,1.0,1.0,0.0,0.0,0.0,89,0.6674566268920898
beam_width,80.0,3,0.0,0.0,0.0,0.0,0.0,0.0,1.0,1.0,1.0,89,0.6132040023803711
beam_width,160.0,1,1.0,1.0,1.0,0.0,0.0,0.0,0.0,0.0,0.0,89,1.2256488800048828
beam_width,160.0,2,0.0,0.0,0.0,1.0,1.0,1.0,0.0,0.0,0.0,89,1.35371732711792
beam_width,160.0,3,0.0,0.0,0.0,0.0,0.0,0.0,1.0,1.0,1.0,89,1.248767614364624
alpha,0.1,1,1.0,1.0,1.0,0.0,0.0,0.0,0.0,0.0,0.0,9,0.3928163051605224
alpha,0.1,2,0.0,0.0,0.0,1.0,1.0,1.0,0.0,0.0,0.0,9,0.3727366924285888
alpha,0.1,3,0.0,0.0,0.0,0.0,0.0,0.0,1.0,1.0,1.0,9,0.3790159225463867
alpha,0.3,1,1.0,1.0,1.0,0.0,0.0,0.0,0.0,0.0,0.0,9,0.3807837963104248
alpha,0.3,2,0.0,0.0,0.0,1.0,1.0,1.0,0.0,0.0,0.0,9,0.3781659603118896
alpha,0.3,3,0.0,0.0,0.0,0.0,0.0,0.0,1.0,1.0,1.0,9,0.3845045566558838
alpha,0.5,1,1.0,1.0,1.0,0.0,0.0,0.0,0.0,0.0,0.0,9,0.3831746578216553
alpha,0.5,2,0.0,0.0,0.0,1.0,1.0,1.0,0.0,0.0,0.0,9,0.3829526901245117
alpha,0.5,3,0.0,0.0,0.0,0.0,0.0,0.0,1.0,1.0,1.0,9,0.3859550952911377
alpha,0.75,1,1.0,1.0,1.0,0.0,0.0,0.0,0.0,0.0,0.0,9,0.3841149806976318
alpha,0.75,2,0.0,0.0,0.0,1.0,1.0,1.0,0.0,0.0,0.0,9,0.3834125995635986
alpha,0.75,3,0.0,0.0,0.0,0.6315007429420505,0.4614549402823018,1.0,0.7048665620094191,0.5801033591731266,0.898,9,0.4085018634796142
alpha,1.0,1,1.0,1.0,1.0,0.0,0.0,0.0,0.0,0.0,0.0,9,0.3712306022644043
alpha,1.0,2,0.5655080213903744,0.4568034557235421,0.7421052631578947,1.0,1.0,1.0,0.0,0.0,0.0,9,0.3657257556915283
alpha,1.0,3,0.0,0.0,0.0,0.6315007429420505,0.4614549402823018,1.0,0.7048665620094191,0.5801033591731266,0.898,9,0.421074628829956
beam_width,20.0,1,1.0,1.0,1.0,0.0,0.0,0.0,0.0,0.0,0.0,9,0.1813130378723144
beam_width,20.0,2,0.0,0.0,0.0,1.0,1.0,1.0,0.0,0.0,0.0,9,0.1769585609436035
beam_width,20.0,3,0.0,0.0,0.0,0.0,0.0,0.0,1.0,1.0,1.0,9,0.178781509399414
beam_width,40.0,1,1.0,1.0,1.0,0.0,0.0,0.0,0.0,0.0,0.0,9,0.379744291305542
beam_width,40.0,2,0.0,0.0,0.0,1.0,1.0,1.0,0.0,0.0,0.0,9,0.3829631805419922
beam_width,40.0,3,0.0,0.0,0.0,0.0,0.0,0.0,1.0,1.0,1.0,9,0.3867850303649902
beam_width,80.0,1,1.0,1.0,1.0,0.0,0.0,0.0,0.0,0.0,0.0,9,0.718674898147583
beam_width,80.0,2,0.0,0.0,0.0,1.0,1.0,1.0,0.0,0.0,0.0,9,0.7151880264282227
beam_width,80.0,3,0.0,0.0,0.0,0.0,0.0,0.0,1.0,1.0,1.0,9,0.7334446907043457
beam_width,160.0,1,1.0,1.0,1.0,0.0,0.0,0.0,0.0,0.0,0.0,9,1.4505174160003662
beam_width,160.0,2,0.0,0.0,0.0,1.0,1.0,1.0,0.0,0.0,0.0,9,1.482612371444702
beam_width,160.0,3,0.0,0.0,0.0,0.0,0.0,0.0,1.0,1.0,1.0,9,1.5061085224151611
alpha,0.1,1,1.0,1.0,1.0,0.0,0.0,0.0,0.0,0.0,0.0,90,0.3661525249481201
alpha,0.1,2,0.0,0.0,0.0,1.0,1.0,1.0,0.0,0.0,0.0,90,0.3748276233673095
alpha,0.1,3,0.0,0.0,0.0,0.0,0.0,0.0,1.0,1.0,1.0,90,0.3575856685638428
alpha,0.3,1,1.0,1.0,1.0,0.0,0.0,0.0,0.0,0.0,0.0,90,0.3624136447906494
alpha,0.3,2,0.0,0.0,0.0,1.0,1.0,1.0,0.0,0.0,0.0,90,0.3752198219299316
alpha,0.3,3,0.0,0.0,0.0,0.0,0.0,0.0,1.0,1.0,1.0,90,0.3551602363586426
alpha,0.5,1,1.0,1.0,1.0,0.0,0.0,0.0,0.0,0.0,0.0,90,0.3641195297241211
alpha,0.5,2,0.0,0.0,0.0,1.0,1.0,1.0,0.0,0.0,0.0,90,0.3778319358825683
alpha,0.5,3,0.0,0.0,0.0,0.0,0.0,0.0,1.0,1.0,1.0,90,0.359950304031372
alpha,0.75,1,1.0,1.0,1.0,0.0,0.0,0.0,0.0,0.0,0.0,90,0.3564226627349853
alpha,0.75,2,0.0,0.0,0.0,1.0,1.0,1.0,0.0,0.0,0.0,90,0.3733479976654053
alpha,0.75,3,0.0,0.0,0.0,0.0,0.0,0.0,1.0,1.0,1.0,90,0.3634054660797119
alpha,1.0,1,1.0,1.0,1.0,0.0,0.0,0.0,0.0,0.0,0.0,90,0.3295464515686035
alpha,1.0,2,0.0,0.0,0.0,1.0,1.0,1.0,0.0,0.0,0.0,90,0.3636019229888916
alpha,1.0,3,0.0,0.0,0.0,0.6912280701754385,0.5281501340482574,1.0,1.0,1.0,1.0,90,0.3087906837463379
beam_width,20.0,1,1.0,1.0,1.0,0.0,0.0,0.0,0.0,0.0,0.0,90,0.1858789920806884
beam_width,20.0,2,0.0,0.0,0.0,1.0,1.0,1.0,0.0,0.0,0.0,90,0.1905059814453125
beam_width,20.0,3,0.0,0.0,0.0,0.0,0.0,0.0,1.0,1.0,1.0,90,0.1807093620300293
beam_width,40.0,1,1.0,1.0,1.0,0.0,0.0,0.0,0.0,0.0,0.0,90,0.3607654571533203
beam_width,40.0,2,0.0,0.0,0.0,1.0,1.0,1.0,0.0,0.0,0.0,90,0.3723695278167724
beam_width,40.0,3,0.0,0.0,0.0,0.0,0.0,0.0,1.0,1.0,1.0,90,0.3614747524261474
beam_width,80.0,1,1.0,1.0,1.0,0.0,0.0,0.0,0.0,0.0,0.0,90,0.6542453765869141
beam_width,80.0,2,0.0,0.0,0.0,1.0,1.0,1.0,0.0,0.0,0.0,90,0.6865882873535156
beam_width,80.0,3,0.0,0.0,0.0,0.0,0.0,0.0,1.0,1.0,1.0,90,0.66351318359375
beam_width,160.0,1,1.0,1.0,1.0,0.0,0.0,0.0,0.0,0.0,0.0,90,1.365225315093994
beam_width,160.0,2,0.0,0.0,0.0,1.0,1.0,1.0,0.0,0.0,0.0,90,1.3979473114013672
beam_width,160.0,3,0.0,0.0,0.0,0.0,0.0,0.0,1.0,1.0,1.0,90,1.3643152713775637
alpha,0.1,1,1.0,1.0,1.0,0.0,0.0,0.0,0.0,0.0,0.0,91,0.3493545055389404
alpha,0.1,2,0.0,0.0,0.0,1.0,1.0,1.0,0.0,0.0,0.0,91,0.3340778350830078
alpha,0.1,3,0.0,0.0,0.0,0.0,0.0,0.0,1.0,1.0,1.0,91,0.3539152145385742
alpha,0.3,1,1.0,1.0,1.0,0.0,0.0,0.0,0.0,0.0,0.0,91,0.3448176383972168
alpha,0.3,2,0.0,0.0,0.0,1.0,1.0,1.0,0.0,0.0,0.0,91,0.3236782550811767
alpha,0.3,3,0.0,0.0,0.0,0.0,0.0,0.0,1.0,1.0,1.0,91,0.348966121673584
alpha,0.5,1,1.0,1.0,1.0,0.0,0.0,0.0,0.0,0.0,0.0,91,0.3427827358245849
alpha,0.5,2,0.0,0.0,0.0,1.0,1.0,1.0,0.0,0.0,0.0,91,0.3066024780273437
alpha,0.5,3,0.0,0.0,0.0,0.0,0.0,0.0,1.0,1.0,1.0,91,0.3481943607330322
alpha,0.75,1,1.0,1.0,1.0,0.0,0.0,0.0,0.0,0.0,0.0,91,0.3309907913208008
alpha,0.75,2,0.0,0.0,0.0,1.0,1.0,1.0,0.0,0.0,0.0,91,0.2999029159545898
alpha,0.75,3,0.0,0.0,0.0,0.0,0.0,0.0,1.0,1.0,1.0,91,0.3745763301849365
alpha,1.0,1,1.0,1.0,1.0,0.0,0.0,0.0,0.0,0.0,0.0,91,0.3236424922943115
alpha,1.0,2,0.0,0.0,0.0,1.0,1.0,1.0,0.0,0.0,0.0,91,0.2965579032897949
alpha,1.0,3,0.0,0.0,0.0,0.0,0.0,0.0,1.0,1.0,1.0,91,0.3183703422546386
beam_width,20.0,1,1.0,1.0,1.0,0.0,0.0,0.0,0.0,0.0,0.0,91,0.1622438430786132
beam_width,20.0,2,0.0,0.0,0.0,1.0,1.0,1.0,0.0,0.0,0.0,91,0.1612536907196045
beam_width,20.0,3,0.0,0.0,0.0,0.0,0.0,0.0,1.0,1.0,1.0,91,0.1825501918792724
beam_width,40.0,1,1.0,1.0,1.0,0.0,0.0,0.0,0.0,0.0,0.0,91,0.3567349910736084
beam_width,40.0,2,0.0,0.0,0.0,1.0,1.0,1.0,0.0,0.0,0.0,91,0.3178079128265381
beam_width,40.0,3,0.0,0.0,0.0,0.0,0.0,0.0,1.0,1.0,1.0,91,0.3510174751281738
beam_width,80.0,1,1.0,1.0,1.0,0.0,0.0,0.0,0.0,0.0,0.0,91,0.6340436935424805
beam_width,80.0,2,0.0,0.0,0.0,1.0,1.0,1.0,0.0,0.0,0.0,91,0.5848877429962158
beam_width,80.0,3,0.0,0.0,0.0,0.0,0.0,0.0,1.0,1.0,1.0,91,0.6830899715423584
beam_width,160.0,1,1.0,1.0,1.0,0.0,0.0,0.0,0.0,0.0,0.0,91,1.2661664485931396
beam_width,160.0,2,0.0,0.0,0.0,1.0,1.0,1.0,0.0,0.0,0.0,91,1.1166880130767822
beam_width,160.0,3,0.0,0.0,0.0,0.0,0.0,0.0,1.0,1.0,1.0,91,1.3969810009002686
alpha,0.1,1,0.0,0.0,0.0,0.0,0.0,0.0,0.0,0.0,0.0,92,0.54742431640625
alpha,0.1,2,0.0,0.0,0.0,1.0,1.0,1.0,0.0,0.0,0.0,92,0.3639044761657715
alpha,0.1,3,0.0,0.0,0.0,0.0,0.0,0.0,1.0,1.0,1.0,92,0.3728952407836914
alpha,0.3,1,0.0,0.0,0.0,0.0,0.0,0.0,0.0,0.0,0.0,92,0.4896352291107178
alpha,0.3,2,0.0,0.0,0.0,1.0,1.0,1.0,0.0,0.0,0.0,92,0.3593969345092773
alpha,0.3,3,0.0,0.0,0.0,0.0,0.0,0.0,1.0,1.0,1.0,92,0.380136489868164
alpha,0.5,1,0.0,0.0,0.0,0.0,0.0,0.0,0.0,0.0,0.0,92,0.512739896774292
alpha,0.5,2,0.0,0.0,0.0,1.0,1.0,1.0,0.0,0.0,0.0,92,0.358891487121582
alpha,0.5,3,0.0,0.0,0.0,0.5450777202072539,0.4336356141797197,0.7336122733612274,1.0,1.0,1.0,92,0.3657529354095459
alpha,0.75,1,0.4081381011097411,0.325147347740668,0.5480132450331126,0.0,0.0,0.0,0.0,0.0,0.0,92,0.3981633186340332
alpha,0.75,2,0.0,0.0,0.0,1.0,1.0,1.0,0.0,0.0,0.0,92,0.3577396869659424
alpha,0.75,3,0.0,0.0,0.0,0.6157148990983256,0.4447890818858561,1.0,0.7090420769919427,0.5492371705963939,1.0,92,0.3358638286590576
alpha,1.0,1,0.0,0.0,0.0,0.0,0.0,0.0,0.0,0.0,0.0,92,0.3527677059173584
alpha,1.0,2,0.0,0.0,0.0,1.0,1.0,1.0,0.0,0.0,0.0,92,0.3304224014282226
alpha,1.0,3,0.0,0.0,0.0,0.6157148990983256,0.4447890818858561,1.0,0.7090420769919427,0.5492371705963939,1.0,92,0.3287947177886963
beam_width,20.0,1,0.0,0.0,0.0,0.0,0.0,0.0,0.0,0.0,0.0,92,0.2673263549804687
beam_width,20.0,2,0.0,0.0,0.0,1.0,1.0,1.0,0.0,0.0,0.0,92,0.1838250160217285
beam_width,20.0,3,0.0,0.0,0.0,0.5450777202072539,0.4336356141797197,0.7336122733612274,1.0,1.0,1.0,92,0.1779265403747558
beam_width,40.0,1,0.0,0.0,0.0,0.0,0.0,0.0,0.0,0.0,0.0,92,0.5460958480834961
beam_width,40.0,2,0.0,0.0,0.0,1.0,1.0,1.0,0.0,0.0,0.0,92,0.3646416664123535
beam_width,40.0,3,0.0,0.0,0.0,0.5450777202072539,0.4336356141797197,0.7336122733612274,1.0,1.0,1.0,92,0.3684566020965576
beam_width,80.0,1,0.0,0.0,0.0,0.0,0.0,0.0,0.0,0.0,0.0,92,0.9792919158935548
beam_width,80.0,2,0.0,0.0,0.0,1.0,1.0,1.0,0.0,0.0,0.0,92,0.6584234237670898
beam_width,80.0,3,0.0,0.0,0.0,0.5450777202072539,0.4336356141797197,0.7336122733612274,1.0,1.0,1.0,92,0.6455860137939453
beam_width,160.0,1,0.0,0.0,0.0,0.0,0.0,0.0,0.0,0.0,0.0,92,1.868680477142334
beam_width,160.0,2,0.0,0.0,0.0,1.0,1.0,1.0,0.0,0.0,0.0,92,1.3629448413848877
beam_width,160.0,3,0.0,0.0,0.0,0.5450777202072539,0.4336356141797197,0.7336122733612274,1.0,1.0,1.0,92,1.2886061668395996
alpha,0.1,1,1.0,1.0,1.0,0.0,0.0,0.0,0.0,0.0,0.0,93,0.379603624343872
alpha,0.1,2,0.0,0.0,0.0,1.0,1.0,1.0,0.0,0.0,0.0,93,0.384042739868164
alpha,0.1,3,0.0,0.0,0.0,0.0,0.0,0.0,1.0,1.0,1.0,93,0.3769645690917969
alpha,0.3,1,1.0,1.0,1.0,0.0,0.0,0.0,0.0,0.0,0.0,93,0.3769500255584717
alpha,0.3,2,0.0,0.0,0.0,1.0,1.0,1.0,0.0,0.0,0.0,93,0.3910531997680664
alpha,0.3,3,0.0,0.0,0.0,0.0,0.0,0.0,1.0,1.0,1.0,93,0.3886504173278808
alpha,0.5,1,1.0,1.0,1.0,0.0,0.0,0.0,0.0,0.0,0.0,93,0.3479101657867431
alpha,0.5,2,0.0,0.0,0.0,1.0,1.0,1.0,0.0,0.0,0.0,93,0.3870892524719238
alpha,0.5,3,0.0,0.0,0.0,0.0,0.0,0.0,1.0,1.0,1.0,93,0.3807618618011474
alpha,0.75,1,1.0,1.0,1.0,0.0,0.0,0.0,0.0,0.0,0.0,93,0.3295609951019287
alpha,0.75,2,0.0,0.0,0.0,1.0,1.0,1.0,0.0,0.0,0.0,93,0.386141300201416
alpha,0.75,3,0.0,0.0,0.0,0.0,0.0,0.0,1.0,1.0,1.0,93,0.3987841606140136
alpha,1.0,1,1.0,1.0,1.0,0.0,0.0,0.0,0.0,0.0,0.0,93,0.3570249080657959
alpha,1.0,2,0.0,0.0,0.0,1.0,1.0,1.0,0.0,0.0,0.0,93,0.3576502799987793
alpha,1.0,3,0.0,0.0,0.0,0.6595744680851063,0.492063492063492,1.0,0.6315007429420505,0.4614549402823018,1.0,93,0.3732156753540039
beam_width,20.0,1,1.0,1.0,1.0,0.0,0.0,0.0,0.0,0.0,0.0,93,0.1696069240570068
beam_width,20.0,2,0.0,0.0,0.0,1.0,1.0,1.0,0.0,0.0,0.0,93,0.1817998886108398
beam_width,20.0,3,0.0,0.0,0.0,0.0,0.0,0.0,1.0,1.0,1.0,93,0.1975657939910888
beam_width,40.0,1,1.0,1.0,1.0,0.0,0.0,0.0,0.0,0.0,0.0,93,0.345005989074707
beam_width,40.0,2,0.0,0.0,0.0,1.0,1.0,1.0,0.0,0.0,0.0,93,0.3725321292877197
beam_width,40.0,3,0.0,0.0,0.0,0.0,0.0,0.0,1.0,1.0,1.0,93,0.3728694915771484
beam_width,80.0,1,1.0,1.0,1.0,0.0,0.0,0.0,0.0,0.0,0.0,93,0.6713943481445312
beam_width,80.0,2,0.0,0.0,0.0,1.0,1.0,1.0,0.0,0.0,0.0,93,0.7070236206054688
beam_width,80.0,3,0.0,0.0,0.0,0.0,0.0,0.0,1.0,1.0,1.0,93,0.7049343585968018
beam_width,160.0,1,1.0,1.0,1.0,0.0,0.0,0.0,0.0,0.0,0.0,93,1.2937095165252686
beam_width,160.0,2,0.0,0.0,0.0,1.0,1.0,1.0,0.0,0.0,0.0,93,1.3874120712280271
beam_width,160.0,3,0.0,0.0,0.0,0.0,0.0,0.0,1.0,1.0,1.0,93,1.418565034866333
alpha,0.1,1,1.0,1.0,1.0,0.0,0.0,0.0,0.0,0.0,0.0,94,0.4376659393310547
alpha,0.1,2,0.0,0.0,0.0,1.0,1.0,1.0,0.0,0.0,0.0,94,0.4231345653533935
alpha,0.1,3,0.0,0.0,0.0,0.0,0.0,0.0,1.0,1.0,1.0,94,0.3247909545898437
alpha,0.3,1,1.0,1.0,1.0,0.0,0.0,0.0,0.0,0.0,0.0,94,0.3904461860656738
alpha,0.3,2,0.0,0.0,0.0,1.0,1.0,1.0,0.0,0.0,0.0,94,0.4122898578643799
alpha,0.3,3,0.0,0.0,0.0,0.0,0.0,0.0,1.0,1.0,1.0,94,0.3663041591644287
alpha,0.5,1,1.0,1.0,1.0,0.0,0.0,0.0,0.0,0.0,0.0,94,0.4050631523132324
alpha,0.5,2,0.0,0.0,0.0,1.0,1.0,1.0,0.0,0.0,0.0,94,0.4084625244140625
alpha,0.5,3,0.0,0.0,0.0,0.0,0.0,0.0,1.0,1.0,1.0,94,0.3640201091766357
alpha,0.75,1,1.0,1.0,1.0,0.0,0.0,0.0,0.0,0.0,0.0,94,0.4166340827941894
alpha,0.75,2,0.0,0.0,0.0,1.0,1.0,1.0,0.0,0.0,0.0,94,0.357175350189209
alpha,0.75,3,0.0,0.0,0.0,0.3423952975753123,0.3061760840998686,0.3883333333333333,0.7306088407005839,0.5755584756898817,1.0,94,0.3967132568359375
alpha,1.0,1,1.0,1.0,1.0,0.0,0.0,0.0,0.0,0.0,0.0,94,0.3922979831695556
alpha,1.0,2,0.0,0.0,0.0,1.0,1.0,1.0,0.0,0.0,0.0,94,0.3770780563354492
alpha,1.0,3,0.0,0.0,0.0,0.5865102639296188,0.4149377593360996,1.0,0.5069444444444444,0.3395348837209302,1.0,94,0.4733397960662842
beam_width,20.0,1,1.0,1.0,1.0,0.0,0.0,0.0,0.0,0.0,0.0,94,0.1781167984008789
beam_width,20.0,2,0.0,0.0,0.0,1.0,1.0,1.0,0.0,0.0,0.0,94,0.1692531108856201
beam_width,20.0,3,0.0,0.0,0.0,0.0,0.0,0.0,1.0,1.0,1.0,94,0.1658966541290283
beam_width,40.0,1,1.0,1.0,1.0,0.0,0.0,0.0,0.0,0.0,0.0,94,0.3810584545135498
beam_width,40.0,2,0.0,0.0,0.0,1.0,1.0,1.0,0.0,0.0,0.0,94,0.4251635074615478
beam_width,40.0,3,0.0,0.0,0.0,0.0,0.0,0.0,1.0,1.0,1.0,94,0.3823587894439697
beam_width,80.0,1,1.0,1.0,1.0,0.0,0.0,0.0,0.0,0.0,0.0,94,0.8002896308898926
beam_width,80.0,2,0.0,0.0,0.0,1.0,1.0,1.0,0.0,0.0,0.0,94,0.7845981121063232
beam_width,80.0,3,0.0,0.0,0.0,0.0,0.0,0.0,1.0,1.0,1.0,94,0.6800932884216309
beam_width,160.0,1,1.0,1.0,1.0,0.0,0.0,0.0,0.0,0.0,0.0,94,1.4486398696899414
beam_width,160.0,2,0.0,0.0,0.0,1.0,1.0,1.0,0.0,0.0,0.0,94,1.3619182109832764
beam_width,160.0,3,0.0,0.0,0.0,0.0,0.0,0.0,1.0,1.0,1.0,94,1.5296547412872314
alpha,0.1,1,1.0,1.0,1.0,0.0,0.0,0.0,0.0,0.0,0.0,95,0.3288009166717529
alpha,0.1,2,0.0,0.0,0.0,1.0,1.0,1.0,0.0,0.0,0.0,95,0.3569240570068359
alpha,0.1,3,0.0,0.0,0.0,0.0,0.0,0.0,1.0,1.0,1.0,95,0.358112096786499
alpha,0.3,1,1.0,1.0,1.0,0.0,0.0,0.0,0.0,0.0,0.0,95,0.3272943496704101
alpha,0.3,2,0.0,0.0,0.0,1.0,1.0,1.0,0.0,0.0,0.0,95,0.3590297698974609
alpha,0.3,3,0.0,0.0,0.0,0.0,0.0,0.0,1.0,1.0,1.0,95,0.3613300323486328
alpha,0.5,1,1.0,1.0,1.0,0.0,0.0,0.0,0.0,0.0,0.0,95,0.3306586742401123
alpha,0.5,2,0.0,0.0,0.0,1.0,1.0,1.0,0.0,0.0,0.0,95,0.3587346076965332
alpha,0.5,3,0.0,0.0,0.0,0.0,0.0,0.0,1.0,1.0,1.0,95,0.3627490997314453
alpha,0.75,1,1.0,1.0,1.0,0.0,0.0,0.0,0.0,0.0,0.0,95,0.3326470851898193
alpha,0.75,2,0.0,0.0,0.0,1.0,1.0,1.0,0.0,0.0,0.0,95,0.3539326190948486
alpha,0.75,3,0.0,0.0,0.0,0.0,0.0,0.0,1.0,1.0,1.0,95,0.3609461784362793
alpha,1.0,1,1.0,1.0,1.0,0.0,0.0,0.0,0.0,0.0,0.0,95,0.3316774368286133
alpha,1.0,2,0.0,0.0,0.0,1.0,1.0,1.0,0.0,0.0,0.0,95,0.3248326778411865
alpha,1.0,3,0.0,0.0,0.0,0.491335372069317,0.3602391629297459,0.7724358974358975,1.0,1.0,1.0,95,0.3221058845520019
beam_width,20.0,1,1.0,1.0,1.0,0.0,0.0,0.0,0.0,0.0,0.0,95,0.1653332710266113
beam_width,20.0,2,0.0,0.0,0.0,1.0,1.0,1.0,0.0,0.0,0.0,95,0.1842246055603027
beam_width,20.0,3,0.0,0.0,0.0,0.0,0.0,0.0,1.0,1.0,1.0,95,0.1846685409545898
beam_width,40.0,1,1.0,1.0,1.0,0.0,0.0,0.0,0.0,0.0,0.0,95,0.3308448791503906
beam_width,40.0,2,0.0,0.0,0.0,1.0,1.0,1.0,0.0,0.0,0.0,95,0.3593237400054931
beam_width,40.0,3,0.0,0.0,0.0,0.0,0.0,0.0,1.0,1.0,1.0,95,0.364656925201416
beam_width,80.0,1,1.0,1.0,1.0,0.0,0.0,0.0,0.0,0.0,0.0,95,0.6544201374053955
beam_width,80.0,2,0.0,0.0,0.0,1.0,1.0,1.0,0.0,0.0,0.0,95,0.639951229095459
beam_width,80.0,3,0.0,0.0,0.0,0.0,0.0,0.0,1.0,1.0,1.0,95,0.6591944694519043
beam_width,160.0,1,1.0,1.0,1.0,0.0,0.0,0.0,0.0,0.0,0.0,95,1.4597432613372805
beam_width,160.0,2,0.0,0.0,0.0,1.0,1.0,1.0,0.0,0.0,0.0,95,1.317744255065918
beam_width,160.0,3,0.0,0.0,0.0,0.0,0.0,0.0,1.0,1.0,1.0,95,1.3328306674957275
alpha,0.1,1,1.0,1.0,1.0,0.0,0.0,0.0,0.0,0.0,0.0,96,0.3705024719238281
alpha,0.1,2,0.0,0.0,0.0,1.0,1.0,1.0,0.0,0.0,0.0,96,0.3613133430480957
alpha,0.1,3,0.0,0.0,0.0,0.0,0.0,0.0,1.0,1.0,1.0,96,0.3600389957427978
alpha,0.3,1,1.0,1.0,1.0,0.0,0.0,0.0,0.0,0.0,0.0,96,0.3618161678314209
alpha,0.3,2,0.0,0.0,0.0,1.0,1.0,1.0,0.0,0.0,0.0,96,0.3480100631713867
alpha,0.3,3,0.0,0.0,0.0,0.0,0.0,0.0,1.0,1.0,1.0,96,0.3539774417877197
alpha,0.5,1,1.0,1.0,1.0,0.0,0.0,0.0,0.0,0.0,0.0,96,0.3642482757568359
alpha,0.5,2,0.0,0.0,0.0,1.0,1.0,1.0,0.0,0.0,0.0,96,0.3494651317596435
alpha,0.5,3,0.0,0.0,0.0,0.0,0.0,0.0,1.0,1.0,1.0,96,0.3153693675994873
alpha,0.75,1,1.0,1.0,1.0,0.0,0.0,0.0,0.0,0.0,0.0,96,0.3619451522827148
alpha,0.75,2,0.0,0.0,0.0,1.0,1.0,1.0,0.0,0.0,0.0,96,0.3622841835021972
alpha,0.75,3,0.0,0.0,0.0,0.0,0.0,0.0,1.0,1.0,1.0,96,0.3235461711883545
alpha,1.0,1,1.0,1.0,1.0,0.0,0.0,0.0,0.0,0.0,0.0,96,0.3437817096710205
alpha,1.0,2,0.4327902240325865,0.2761533463287849,1.0,0.6324062877871826,0.4624226348364279,1.0,0.0,0.0,0.0,96,0.353389024734497
alpha,1.0,3,0.0,0.0,0.0,0.5534391534391535,0.3825896122896854,1.0,1.0,1.0,1.0,96,0.3306441307067871
beam_width,20.0,1,1.0,1.0,1.0,0.0,0.0,0.0,0.0,0.0,0.0,96,0.17073655128479
beam_width,20.0,2,0.0,0.0,0.0,1.0,1.0,1.0,0.0,0.0,0.0,96,0.1648235321044922
beam_width,20.0,3,0.0,0.0,0.0,0.0,0.0,0.0,1.0,1.0,1.0,96,0.1546547412872314
beam_width,40.0,1,1.0,1.0,1.0,0.0,0.0,0.0,0.0,0.0,0.0,96,0.3602445125579834
beam_width,40.0,2,0.0,0.0,0.0,1.0,1.0,1.0,0.0,0.0,0.0,96,0.3511180877685547
beam_width,40.0,3,0.0,0.0,0.0,0.0,0.0,0.0,1.0,1.0,1.0,96,0.3165044784545898
beam_width,80.0,1,1.0,1.0,1.0,0.0,0.0,0.0,0.0,0.0,0.0,96,0.6885025501251221
beam_width,80.0,2,0.0,0.0,0.0,1.0,1.0,1.0,0.0,0.0,0.0,96,0.6364176273345947
beam_width,80.0,3,0.0,0.0,0.0,0.0,0.0,0.0,1.0,1.0,1.0,96,0.5854377746582031
beam_width,160.0,1,1.0,1.0,1.0,0.0,0.0,0.0,0.0,0.0,0.0,96,1.3818540573120115
beam_width,160.0,2,0.0,0.0,0.0,1.0,1.0,1.0,0.0,0.0,0.0,96,1.2859735488891602
beam_width,160.0,3,0.0,0.0,0.0,0.0,0.0,0.0,1.0,1.0,1.0,96,1.2377355098724363
alpha,0.1,1,1.0,1.0,1.0,0.0,0.0,0.0,0.0,0.0,0.0,97,0.3719193935394287
alpha,0.1,2,0.0,0.0,0.0,1.0,1.0,1.0,0.0,0.0,0.0,97,0.3353657722473144
alpha,0.1,3,0.0,0.0,0.0,0.1180400890868596,0.1247058823529411,0.1120507399577167,1.0,1.0,1.0,97,0.3698358535766601
alpha,0.3,1,1.0,1.0,1.0,0.0,0.0,0.0,0.0,0.0,0.0,97,0.3784234523773193
alpha,0.3,2,0.0,0.0,0.0,1.0,1.0,1.0,0.0,0.0,0.0,97,0.3307797908782959
alpha,0.3,3,0.0,0.0,0.0,0.1180400890868596,0.1247058823529411,0.1120507399577167,1.0,1.0,1.0,97,0.3686878681182861
alpha,0.5,1,1.0,1.0,1.0,0.0,0.0,0.0,0.0,0.0,0.0,97,0.3732421398162842
alpha,0.5,2,0.0,0.0,0.0,1.0,1.0,1.0,0.0,0.0,0.0,97,0.3303155899047851
alpha,0.5,3,0.0,0.0,0.0,0.1180400890868596,0.1247058823529411,0.1120507399577167,1.0,1.0,1.0,97,0.3697595596313476
alpha,0.75,1,1.0,1.0,1.0,0.0,0.0,0.0,0.0,0.0,0.0,97,0.3706698417663574
alpha,0.75,2,0.0,0.0,0.0,1.0,1.0,1.0,0.0,0.0,0.0,97,0.3142213821411133
alpha,0.75,3,0.0,0.0,0.0,0.1180400890868596,0.1247058823529411,0.1120507399577167,1.0,1.0,1.0,97,0.3719270229339599
alpha,1.0,1,1.0,1.0,1.0,0.0,0.0,0.0,0.0,0.0,0.0,97,0.3526294231414795
alpha,1.0,2,0.0,0.0,0.0,1.0,1.0,1.0,0.0,0.0,0.0,97,0.2934784889221191
alpha,1.0,3,0.0,0.0,0.0,0.1180400890868596,0.1247058823529411,0.1120507399577167,1.0,1.0,1.0,97,0.3498291969299316
beam_width,20.0,1,1.0,1.0,1.0,0.0,0.0,0.0,0.0,0.0,0.0,97,0.1756584644317627
beam_width,20.0,2,0.0,0.0,0.0,1.0,1.0,1.0,0.0,0.0,0.0,97,0.169281005859375
beam_width,20.0,3,0.0,0.0,0.0,0.1180400890868596,0.1247058823529411,0.1120507399577167,1.0,1.0,1.0,97,0.1757509708404541
beam_width,40.0,1,1.0,1.0,1.0,0.0,0.0,0.0,0.0,0.0,0.0,97,0.3750579357147217
beam_width,40.0,2,0.0,0.0,0.0,1.0,1.0,1.0,0.0,0.0,0.0,97,0.32928466796875
beam_width,40.0,3,0.0,0.0,0.0,0.1180400890868596,0.1247058823529411,0.1120507399577167,1.0,1.0,1.0,97,0.3744118213653564
beam_width,80.0,1,1.0,1.0,1.0,0.0,0.0,0.0,0.0,0.0,0.0,97,0.7110044956207275
beam_width,80.0,2,0.0,0.0,0.0,1.0,1.0,1.0,0.0,0.0,0.0,97,0.6105747222900391
beam_width,80.0,3,0.0,0.0,0.0,0.1180400890868596,0.1247058823529411,0.1120507399577167,1.0,1.0,1.0,97,0.7014687061309814
beam_width,160.0,1,1.0,1.0,1.0,0.0,0.0,0.0,0.0,0.0,0.0,97,1.3937532901763916
beam_width,160.0,2,0.0,0.0,0.0,1.0,1.0,1.0,0.0,0.0,0.0,97,1.2249703407287598
beam_width,160.0,3,0.0,0.0,0.0,0.1180400890868596,0.1247058823529411,0.1120507399577167,1.0,1.0,1.0,97,1.4080097675323486
alpha,0.1,1,0.0,0.0,0.0,0.0,0.0,0.0,0.0,0.0,0.0,98,0.4674711227416992
alpha,0.1,2,0.0,0.0,0.0,1.0,1.0,1.0,0.0,0.0,0.0,98,0.2556209564208984
alpha,0.1,3,0.0,0.0,0.0,0.0,0.0,0.0,1.0,1.0,1.0,98,0.3467757701873779
alpha,0.3,1,0.0,0.0,0.0,0.0,0.0,0.0,0.0,0.0,0.0,98,0.5041213035583496
alpha,0.3,2,0.0,0.0,0.0,1.0,1.0,1.0,0.0,0.0,0.0,98,0.258648157119751
alpha,0.3,3,0.0,0.0,0.0,0.0,0.0,0.0,1.0,1.0,1.0,98,0.3471598625183105
alpha,0.5,1,0.0,0.0,0.0,0.0,0.0,0.0,0.0,0.0,0.0,98,0.3204057216644287
alpha,0.5,2,0.0,0.0,0.0,1.0,1.0,1.0,0.0,0.0,0.0,98,0.2553982734680176
alpha,0.5,3,0.0,0.0,0.0,0.0,0.0,0.0,1.0,1.0,1.0,98,0.3402931690216064
alpha,0.75,1,0.0,0.0,0.0,0.0,0.0,0.0,0.0,0.0,0.0,98,0.2604076862335205
alpha,0.75,2,0.0,0.0,0.0,1.0,1.0,1.0,0.0,0.0,0.0,98,0.2590086460113525
alpha,0.75,3,0.0,0.0,0.0,0.0,0.0,0.0,1.0,1.0,1.0,98,0.3302123546600342
alpha,1.0,1,0.0,0.0,0.0,0.0,0.0,0.0,0.0,0.0,0.0,98,0.2697336673736572
alpha,1.0,2,0.0,0.0,0.0,1.0,1.0,1.0,0.0,0.0,0.0,98,0.2620794773101806
alpha,1.0,3,0.1832512315270935,0.1416603198781416,0.2594142259414226,0.4734774066797643,0.3670982482863671,0.6666666666666666,0.5313092979127135,0.3671328671328671,0.9610983981693364,98,0.2829806804656982
beam_width,20.0,1,0.0,0.0,0.0,0.0,0.0,0.0,0.0,0.0,0.0,98,0.1449306011199951
beam_width,20.0,2,0.0,0.0,0.0,1.0,1.0,1.0,0.0,0.0,0.0,98,0.133007526397705
beam_width,20.0,3,0.0,0.0,0.0,0.0,0.0,0.0,1.0,1.0,1.0,98,0.1667902469635009
beam_width,40.0,1,0.0,0.0,0.0,0.0,0.0,0.0,0.0,0.0,0.0,98,0.3804101943969726
beam_width,40.0,2,0.0,0.0,0.0,1.0,1.0,1.0,0.0,0.0,0.0,98,0.256206750869751
beam_width,40.0,3,0.0,0.0,0.0,0.0,0.0,0.0,1.0,1.0,1.0,98,0.3429737091064453
beam_width,80.0,1,0.0,0.0,0.0,0.0,0.0,0.0,0.0,0.0,0.0,98,0.6525270938873291
beam_width,80.0,2,0.0,0.0,0.0,1.0,1.0,1.0,0.0,0.0,0.0,98,0.4655342102050781
beam_width,80.0,3,0.0,0.0,0.0,0.0,0.0,0.0,1.0,1.0,1.0,98,0.6163589954376221
beam_width,160.0,1,0.0,0.0,0.0,0.0,0.0,0.0,0.0,0.0,0.0,98,1.3322198390960691
beam_width,160.0,2,0.0,0.0,0.0,1.0,1.0,1.0,0.0,0.0,0.0,98,0.9409394264221193
beam_width,160.0,3,0.0,0.0,0.0,0.0,0.0,0.0,1.0,1.0,1.0,98,1.208205223083496
alpha,0.1,1,1.0,1.0,1.0,0.0,0.0,0.0,0.0,0.0,0.0,99,0.3874943256378174
alpha,0.1,2,0.0,0.0,0.0,1.0,1.0,1.0,0.0,0.0,0.0,99,0.3714408874511719
alpha,0.1,3,0.0,0.0,0.0,0.0,0.0,0.0,1.0,1.0,1.0,99,0.371739387512207
alpha,0.3,1,1.0,1.0,1.0,0.0,0.0,0.0,0.0,0.0,0.0,99,0.3879561424255371
alpha,0.3,2,0.0,0.0,0.0,1.0,1.0,1.0,0.0,0.0,0.0,99,0.3730542659759521
alpha,0.3,3,0.0,0.0,0.0,0.0,0.0,0.0,1.0,1.0,1.0,99,0.3922595977783203
alpha,0.5,1,1.0,1.0,1.0,0.0,0.0,0.0,0.0,0.0,0.0,99,0.3751199245452881
alpha,0.5,2,0.0,0.0,0.0,1.0,1.0,1.0,0.0,0.0,0.0,99,0.3791837692260742
alpha,0.5,3,0.0,0.0,0.0,0.0,0.0,0.0,1.0,1.0,1.0,99,0.376551866531372
alpha,0.75,1,1.0,1.0,1.0,0.0,0.0,0.0,0.0,0.0,0.0,99,0.3628449440002441
alpha,0.75,2,0.0,0.0,0.0,1.0,1.0,1.0,0.0,0.0,0.0,99,0.3883764743804931
alpha,0.75,3,0.0,0.0,0.0,0.6159029649595686,0.4644308943089431,0.914,1.0,1.0,1.0,99,0.3777143955230713
alpha,1.0,1,1.0,1.0,1.0,0.0,0.0,0.0,0.0,0.0,0.0,99,0.3540623188018799
alpha,1.0,2,0.5356622998544396,0.3658051689860835,1.0,0.683526999316473,0.5192107995846313,1.0,0.0,0.0,0.0,99,0.387904405593872
alpha,1.0,3,0.3261915172715347,0.2404900064474532,0.5067934782608695,0.6159029649595686,0.4644308943089431,0.914,0.6342817487855656,0.4644308943089431,1.0,99,0.3623027801513672
beam_width,20.0,1,1.0,1.0,1.0,0.0,0.0,0.0,0.0,0.0,0.0,99,0.1735060214996338
beam_width,20.0,2,0.0,0.0,0.0,1.0,1.0,1.0,0.0,0.0,0.0,99,0.1745610237121582
beam_width,20.0,3,0.0,0.0,0.0,0.0,0.0,0.0,1.0,1.0,1.0,99,0.1739866733551025
beam_width,40.0,1,1.0,1.0,1.0,0.0,0.0,0.0,0.0,0.0,0.0,99,0.3757314682006836
beam_width,40.0,2,0.0,0.0,0.0,1.0,1.0,1.0,0.0,0.0,0.0,99,0.3795287609100342
beam_width,40.0,3,0.0,0.0,0.0,0.0,0.0,0.0,1.0,1.0,1.0,99,0.374514102935791
beam_width,80.0,1,1.0,1.0,1.0,0.0,0.0,0.0,0.0,0.0,0.0,99,0.7047882080078125
beam_width,80.0,2,0.0,0.0,0.0,1.0,1.0,1.0,0.0,0.0,0.0,99,0.7151789665222168
beam_width,80.0,3,0.0,0.0,0.0,0.0,0.0,0.0,1.0,1.0,1.0,99,0.7035393714904785
beam_width,160.0,1,1.0,1.0,1.0,0.0,0.0,0.0,0.0,0.0,0.0,99,1.383054494857788
beam_width,160.0,2,0.0,0.0,0.0,1.0,1.0,1.0,0.0,0.0,0.0,99,1.4448957443237305
beam_width,160.0,3,0.0,0.0,0.0,0.0,0.0,0.0,1.0,1.0,1.0,99,1.4530062675476074
