sampling_strategy,sample_size,sg_cardinality,sg_rule,best_rule,best_rule_idx,f1,precision,recall,seed
full,68640,8580,HeaderCompressionOff = 1 AND mtOff = 1 AND tmOff = 1,tmOff==1 AND HeaderCompressionOff==1 AND mtOff==1,0,1.0,1.0,1.0,0
random_2,24,1,HeaderCompressionOff = 1 AND filterOff = 1 AND tmOff = 1,x==2 AND mtOff==1,0,0.0,0.0,0.0,0
random_5,60,6,HeaderCompressionOff = 1 AND filterOff = 1 AND mtOff = 1,BlockSize==2048 AND Deflate==1,0,0.0,0.0,0.0,0
random_10,120,15,HeaderCompressionOff = 1 AND mtOff = 1 AND tmOff = 1,x==4 AND HeaderCompressionOff==0 AND mtOff==1,0,0.0,0.0,0.0,0
random_20,240,29,HeaderCompressionOff = 1 AND filterOff = 1 AND mtOff = 1,x==2 AND Files==70 AND HeaderCompressionOff==1 AND mtOff==0,0,0.0,0.0,0.0,0
2-wise,165,29,HeaderCompressionOff = 1 AND filterOff = 1 AND tmOff = 1,BZip2==1 AND Files==20 AND HeaderCompressionOff==0,0,0.0,0.0,0.0,0
3-wise,1121,149,HeaderCompressionOff = 1 AND filterOff = 1 AND tmOff = 1,tmOff==1 AND HeaderCompressionOff==1 AND filterOff==1,0,1.0,1.0,1.0,0
4-wise,4875,615,HeaderCompressionOff = 1 AND mtOff = 1 AND tmOff = 1,tmOff==1 AND HeaderCompressionOff==1 AND mtOff==1,0,1.0,1.0,1.0,0
full,68640,8580,HeaderCompressionOff = 1 AND mtOff = 1 AND tmOff = 1,tmOff==1 AND HeaderCompressionOff==1 AND mtOff==1,0,1.0,1.0,1.0,10
random_2,24,1,HeaderCompressionOff = 1 AND mtOff = 1 AND tmOff = 1,BlockSize==1 AND LZMA2==0,0,0.0,0.0,0.0,10
random_5,60,2,HeaderCompressionOff = 1 AND mtOff = 1 AND tmOff = 1,x==8 AND mtOff==1,0,0.0,0.0,0.0,10
random_10,120,8,HeaderCompressionOff = 1 AND mtOff = 1 AND tmOff = 1,x==6 AND Files==30,0,0.0,0.0,0.0,10
random_20,240,25,HeaderCompressionOff = 1 AND mtOff = 1 AND tmOff = 1,BlockSize==256 AND Deflate==1,0,0.0,0.0,0.0,10
2-wise,172,19,HeaderCompressionOff = 1 AND mtOff = 1 AND tmOff = 1,BlockSize==2 AND Files==0,0,0.0,0.0,0.0,10
3-wise,1106,154,HeaderCompressionOff = 1 AND mtOff = 1 AND tmOff = 1,tmOff==1 AND HeaderCompressionOff==1 AND mtOff==1,0,1.0,1.0,1.0,10
4-wise,4855,612,HeaderCompressionOff = 1 AND mtOff = 1 AND tmOff = 1,tmOff==1 AND HeaderCompressionOff==1 AND mtOff==1,0,1.0,1.0,1.0,10
full,68640,8580,HeaderCompressionOff = 1 AND filterOff = 1 AND tmOff = 1,tmOff==1 AND HeaderCompressionOff==1 AND filterOff==1,0,1.0,1.0,1.0,11
random_2,24,5,HeaderCompressionOff = 1 AND filterOff = 1 AND tmOff = 1,tmOff==0 AND PPMd==1,0,0.0,0.0,0.0,11
random_5,60,11,HeaderCompressionOff = 1 AND filterOff = 1 AND tmOff = 1,Files==0 AND mtOff==1,0,0.0,0.0,0.0,11
random_10,120,22,HeaderCompressionOff = 1 AND filterOff = 1 AND tmOff = 1,BZip2==0 AND x==0 AND HeaderCompressionOff==0 AND mtOff==0,0,0.0,0.0,0.0,11
random_20,240,38,HeaderCompressionOff = 1 AND filterOff = 1 AND tmOff = 1,BlockSize==64 AND HeaderCompressionOff==0 AND PPMd==1,0,0.0,0.0,0.0,11
2-wise,169,32,HeaderCompressionOff = 1 AND filterOff = 1 AND tmOff = 1,Files==0 AND LZMA2==1 AND mtOff==0,0,0.0,0.0,0.0,11
3-wise,1135,129,HeaderCompressionOff = 1 AND filterOff = 1 AND tmOff = 1,tmOff==1 AND HeaderCompressionOff==1 AND filterOff==1,0,1.0,1.0,1.0,11
4-wise,4883,580,HeaderCompressionOff = 1 AND filterOff = 1 AND tmOff = 1,tmOff==1 AND HeaderCompressionOff==1 AND filterOff==1,0,1.0,1.0,1.0,11
full,68640,8580,HeaderCompressionOff = 1 AND filterOff = 1 AND tmOff = 1,tmOff==1 AND HeaderCompressionOff==1 AND filterOff==1,0,1.0,1.0,1.0,12
random_2,24,5,HeaderCompressionOff = 1 AND filterOff = 1 AND tmOff = 1,Files==50 AND HeaderCompressionOff==0,0,0.0,0.0,0.0,12
random_5,60,7,HeaderCompressionOff = 1 AND filterOff = 1 AND tmOff = 1,x==4 AND filterOff==0,0,0.0,0.0,0.0,12
random_10,120,17,HeaderCompressionOff = 1 AND filterOff = 1 AND tmOff = 1,x==0 AND BlockSize==128,0,0.0,0.0,0.0,12
random_20,240,41,HeaderCompressionOff = 1 AND filterOff = 1 AND tmOff = 1,x==0 AND BlockSize==1024,0,0.0,0.0,0.0,12
2-wise,174,24,HeaderCompressionOff = 1 AND filterOff = 1 AND tmOff = 1,tmOff==1 AND Deflate==0 AND HeaderCompressionOff==0 AND filterOff==0,0,0.0,0.0,0.0,12
3-wise,1128,166,HeaderCompressionOff = 1 AND filterOff = 1 AND tmOff = 1,tmOff==1 AND HeaderCompressionOff==1 AND filterOff==1,0,1.0,1.0,1.0,12
4-wise,4909,623,HeaderCompressionOff = 1 AND filterOff = 1 AND tmOff = 1,tmOff==1 AND HeaderCompressionOff==1 AND filterOff==1,0,1.0,1.0,1.0,12
full,68640,8580,HeaderCompressionOff = 1 AND filterOff = 1 AND tmOff = 1,tmOff==1 AND HeaderCompressionOff==1 AND filterOff==1,0,1.0,1.0,1.0,13
random_2,24,4,HeaderCompressionOff = 1 AND filterOff = 1 AND tmOff = 1,x==10 AND HeaderCompressionOff==0,0,0.0,0.0,0.0,13
random_5,60,9,HeaderCompressionOff = 1 AND filterOff = 1 AND tmOff = 1,x==4 AND Files==20,0,0.0,0.0,0.0,13
random_10,120,14,HeaderCompressionOff = 1 AND filterOff = 1 AND tmOff = 1,tmOff==1 AND BlockSize==4,0,0.0,0.0,0.0,13
random_20,240,26,HeaderCompressionOff = 1 AND filterOff = 1 AND tmOff = 1,BlockSize==128 AND Files==30,0,0.0,0.0,0.0,13
2-wise,172,24,HeaderCompressionOff = 1 AND filterOff = 1 AND tmOff = 1,BlockSize==512 AND LZMA==1,0,0.0,0.0,0.0,13
3-wise,1112,130,HeaderCompressionOff = 1 AND filterOff = 1 AND tmOff = 1,tmOff==1 AND HeaderCompressionOff==1 AND filterOff==1,0,1.0,1.0,1.0,13
4-wise,4890,594,HeaderCompressionOff = 1 AND filterOff = 1 AND tmOff = 1,tmOff==1 AND HeaderCompressionOff==1 AND filterOff==1,0,1.0,1.0,1.0,13
full,68640,8580,HeaderCompressionOff = 1 AND filterOff = 1 AND tmOff = 1,tmOff==1 AND HeaderCompressionOff==1 AND filterOff==1,0,1.0,1.0,1.0,14
random_2,24,4,HeaderCompressionOff = 1 AND filterOff = 1 AND tmOff = 1,Deflate==1 AND HeaderCompressionOff==0,0,0.0,0.0,0.0,14
random_5,60,10,HeaderCompressionOff = 1 AND filterOff = 1 AND tmOff = 1,x==10 AND Files==80,0,0.0,0.0,0.0,14
random_10,120,16,HeaderCompressionOff = 1 AND filterOff = 1 AND tmOff = 1,BlockSize==2048 AND LZMA2==1,0,0.0,0.0,0.0,14
random_20,240,37,HeaderCompressionOff = 1 AND filterOff = 1 AND tmOff = 1,x==8 AND BlockSize==8 AND LZMA==0 AND filterOff==1,0,0.0,0.0,0.0,14
2-wise,168,19,HeaderCompressionOff = 1 AND filterOff = 1 AND tmOff = 1,BlockSize==2 AND PPMd==1,0,0.0,0.0,0.0,14
3-wise,1126,158,HeaderCompressionOff = 1 AND filterOff = 1 AND tmOff = 1,tmOff==1 AND HeaderCompressionOff==1 AND filterOff==1,0,1.0,1.0,1.0,14
4-wise,4862,568,HeaderCompressionOff = 1 AND filterOff = 1 AND tmOff = 1,tmOff==1 AND HeaderCompressionOff==1 AND filterOff==1,0,1.0,1.0,1.0,14
full,68640,8580,HeaderCompressionOff = 1 AND filterOff = 1 AND tmOff = 1,tmOff==1 AND HeaderCompressionOff==1 AND filterOff==1,0,1.0,1.0,1.0,15
random_2,24,6,HeaderCompressionOff = 1 AND filterOff = 1 AND tmOff = 1,BlockSize==2,0,0.0,0.0,0.0,15
random_5,60,12,HeaderCompressionOff = 1 AND filterOff = 1 AND tmOff = 1,x==6 AND HeaderCompressionOff==1,0,0.0,0.0,0.0,15
random_10,120,21,HeaderCompressionOff = 1 AND filterOff = 1 AND tmOff = 1,BlockSize==1 AND HeaderCompressionOff==1 AND LZMA2==0,0,0.0,0.0,0.0,15
random_20,240,32,HeaderCompressionOff = 1 AND filterOff = 1 AND tmOff = 1,x==8 AND Files==60 AND LZMA2==1,0,0.0,0.0,0.0,15
2-wise,166,23,HeaderCompressionOff = 1 AND filterOff = 1 AND tmOff = 1,Files==20 AND HeaderCompressionOff==0 AND PPMd==1,0,0.0,0.0,0.0,15
3-wise,1094,146,HeaderCompressionOff = 1 AND filterOff = 1 AND tmOff = 1,tmOff==1 AND HeaderCompressionOff==1 AND filterOff==1,0,1.0,1.0,1.0,15
4-wise,4850,618,HeaderCompressionOff = 1 AND filterOff = 1 AND tmOff = 1,tmOff==1 AND HeaderCompressionOff==1 AND filterOff==1,0,1.0,1.0,1.0,15
full,68640,8580,filterOff = 1 AND mtOff = 1 AND tmOff = 1,tmOff==1 AND filterOff==1 AND mtOff==1,0,1.0,1.0,1.0,16
random_2,24,1,filterOff = 1 AND mtOff = 1 AND tmOff = 1,Files==80 AND LZMA2==0,0,0.0,0.0,0.0,16
random_5,60,4,filterOff = 1 AND mtOff = 1 AND tmOff = 1,Files==50 AND HeaderCompressionOff==1,0,0.0,0.0,0.0,16
random_10,120,11,filterOff = 1 AND mtOff = 1 AND tmOff = 1,Files==60 AND filterOff==1,0,0.0,0.0,0.0,16
random_20,240,27,filterOff = 1 AND mtOff = 1 AND tmOff = 1,BlockSize==4 AND Deflate==1,0,0.0,0.0,0.0,16
2-wise,167,23,filterOff = 1 AND mtOff = 1 AND tmOff = 1,tmOff==0 AND BlockSize==128 AND PPMd==0,0,0.0,0.0,0.0,16
3-wise,1112,134,filterOff = 1 AND mtOff = 1 AND tmOff = 1,tmOff==1 AND filterOff==1 AND mtOff==1,0,1.0,1.0,1.0,16
4-wise,4893,640,filterOff = 1 AND mtOff = 1 AND tmOff = 1,tmOff==1 AND filterOff==1 AND mtOff==1,0,1.0,1.0,1.0,16
full,68640,8580,HeaderCompressionOff = 1 AND mtOff = 1 AND tmOff = 1,tmOff==1 AND HeaderCompressionOff==1 AND mtOff==1,0,1.0,1.0,1.0,17
random_5,60,4,HeaderCompressionOff = 1 AND mtOff = 1 AND tmOff = 1,BZip2==1 AND x==8,0,0.0,0.0,0.0,17
random_10,120,11,HeaderCompressionOff = 1 AND mtOff = 1 AND tmOff = 1,Files==50 AND LZMA2==1,0,0.0,0.0,0.0,17
random_20,240,27,HeaderCompressionOff = 1 AND mtOff = 1 AND tmOff = 1,BlockSize==1024 AND mtOff==0,0,0.0,0.0,0.0,17
2-wise,164,20,HeaderCompressionOff = 1 AND mtOff = 1 AND tmOff = 1,x==6 AND Files==50 AND mtOff==0,0,0.0,0.0,0.0,17
3-wise,1122,158,HeaderCompressionOff = 1 AND mtOff = 1 AND tmOff = 1,tmOff==1 AND HeaderCompressionOff==1 AND mtOff==1,0,1.0,1.0,1.0,17
4-wise,4887,611,HeaderCompressionOff = 1 AND mtOff = 1 AND tmOff = 1,tmOff==1 AND HeaderCompressionOff==1 AND mtOff==1,0,1.0,1.0,1.0,17
full,68640,8580,HeaderCompressionOff = 1 AND mtOff = 1 AND tmOff = 1,tmOff==1 AND HeaderCompressionOff==1 AND mtOff==1,0,1.0,1.0,1.0,18
random_2,24,1,HeaderCompressionOff = 1 AND mtOff = 1 AND tmOff = 1,BlockSize==128,0,0.0,0.0,0.0,18
random_5,60,4,HeaderCompressionOff = 1 AND mtOff = 1 AND tmOff = 1,BlockSize==1024 AND filterOff==1,0,0.0,0.0,0.0,18
random_10,120,8,HeaderCompressionOff = 1 AND mtOff = 1 AND tmOff = 1,BlockSize==64 AND LZMA==1,0,0.0,0.0,0.0,18
random_20,240,23,HeaderCompressionOff = 1 AND mtOff = 1 AND tmOff = 1,x==4 AND BlockSize==32,0,0.0,0.0,0.0,18
2-wise,170,15,HeaderCompressionOff = 1 AND mtOff = 1 AND tmOff = 1,BlockSize==4096 AND HeaderCompressionOff==1 AND LZMA==0 AND filterOff==1,0,0.0,0.0,0.0,18
3-wise,1127,149,HeaderCompressionOff = 1 AND mtOff = 1 AND tmOff = 1,tmOff==1 AND HeaderCompressionOff==1 AND mtOff==1,0,1.0,1.0,1.0,18
4-wise,4853,635,HeaderCompressionOff = 1 AND mtOff = 1 AND tmOff = 1,tmOff==1 AND HeaderCompressionOff==1 AND mtOff==1,0,1.0,1.0,1.0,18
full,68640,8580,HeaderCompressionOff = 1 AND mtOff = 1 AND tmOff = 1,tmOff==1 AND HeaderCompressionOff==1 AND mtOff==1,0,1.0,1.0,1.0,19
random_2,24,3,HeaderCompressionOff = 1 AND mtOff = 1 AND tmOff = 1,tmOff==0 AND HeaderCompressionOff==1,0,0.0,0.0,0.0,19
random_5,60,4,HeaderCompressionOff = 1 AND mtOff = 1 AND tmOff = 1,tmOff==0 AND Files==20,0,0.0,0.0,0.0,19
random_10,120,10,HeaderCompressionOff = 1 AND mtOff = 1 AND tmOff = 1,BlockSize==2 AND Files==20,0,0.0,0.0,0.0,19
random_20,240,23,HeaderCompressionOff = 1 AND mtOff = 1 AND tmOff = 1,BlockSize==8 AND LZMA2==1,0,0.0,0.0,0.0,19
2-wise,164,13,HeaderCompressionOff = 1 AND mtOff = 1 AND tmOff = 1,BlockSize==8 AND LZMA2==1,0,0.0,0.0,0.0,19
3-wise,1114,165,HeaderCompressionOff = 1 AND mtOff = 1 AND tmOff = 1,tmOff==1 AND HeaderCompressionOff==1 AND mtOff==1,0,1.0,1.0,1.0,19
4-wise,4869,636,HeaderCompressionOff = 1 AND mtOff = 1 AND tmOff = 1,tmOff==1 AND HeaderCompressionOff==1 AND mtOff==1,0,1.0,1.0,1.0,19
full,68640,8580,filterOff = 1 AND mtOff = 1 AND tmOff = 1,tmOff==1 AND filterOff==1 AND mtOff==1,0,1.0,1.0,1.0,1
random_2,24,1,filterOff = 1 AND mtOff = 1 AND tmOff = 1,Files==60 AND LZMA2==1,0,0.0,0.0,0.0,1
random_5,60,4,filterOff = 1 AND mtOff = 1 AND tmOff = 1,x==6 AND BlockSize==128 AND mtOff==1,0,0.0,0.0,0.0,1
random_10,120,10,filterOff = 1 AND mtOff = 1 AND tmOff = 1,x==6 AND Files==70 AND PPMd==0,0,0.0,0.0,0.0,1
random_20,240,22,filterOff = 1 AND mtOff = 1 AND tmOff = 1,BZip2==1 AND Files==30,0,0.0,0.0,0.0,1
2-wise,171,20,filterOff = 1 AND mtOff = 1 AND tmOff = 1,BlockSize==4096 AND mtOff==1,4,0.1739130434782609,0.6666666666666666,0.1,1
3-wise,1108,132,filterOff = 1 AND mtOff = 1 AND tmOff = 1,tmOff==1 AND filterOff==1 AND mtOff==1,0,1.0,1.0,1.0,1
4-wise,4907,604,filterOff = 1 AND mtOff = 1 AND tmOff = 1,tmOff==1 AND filterOff==1 AND mtOff==1,0,1.0,1.0,1.0,1
full,68640,8580,HeaderCompressionOff = 1 AND filterOff = 1 AND tmOff = 1,tmOff==1 AND HeaderCompressionOff==1 AND filterOff==1,0,1.0,1.0,1.0,20
random_2,24,3,HeaderCompressionOff = 1 AND filterOff = 1 AND tmOff = 1,BlockSize==1024 AND LZMA==0 AND mtOff==0,0,0.0,0.0,0.0,20
random_5,60,4,HeaderCompressionOff = 1 AND filterOff = 1 AND tmOff = 1,Files==100 AND HeaderCompressionOff==0 AND mtOff==0,0,0.0,0.0,0.0,20
random_10,120,15,HeaderCompressionOff = 1 AND filterOff = 1 AND tmOff = 1,x==0 AND LZMA==1 AND filterOff==1,0,0.0,0.0,0.0,20
random_20,240,27,HeaderCompressionOff = 1 AND filterOff = 1 AND tmOff = 1,BZip2==1 AND BlockSize==2048,0,0.0,0.0,0.0,20
2-wise,166,23,HeaderCompressionOff = 1 AND filterOff = 1 AND tmOff = 1,BZip2==1 AND tmOff==0 AND x==8 AND mtOff==0,0,0.0,0.0,0.0,20
3-wise,1115,135,HeaderCompressionOff = 1 AND filterOff = 1 AND tmOff = 1,PPMd==0,2,0.2233009708737864,0.1284916201117318,0.8518518518518519,20
4-wise,4898,603,HeaderCompressionOff = 1 AND filterOff = 1 AND tmOff = 1,LZMA==0,1,0.2174200661521499,0.125381485249237,0.8175787728026535,20
full,68640,8580,filterOff = 1 AND mtOff = 1 AND tmOff = 1,tmOff==1 AND filterOff==1 AND mtOff==1,0,1.0,1.0,1.0,21
random_2,24,2,filterOff = 1 AND mtOff = 1 AND tmOff = 1,tmOff==1 AND filterOff==1 AND mtOff==0,0,0.0,0.0,0.0,21
random_5,60,8,filterOff = 1 AND mtOff = 1 AND tmOff = 1,BZip2==1 AND Files==0,0,0.0,0.0,0.0,21
random_10,120,21,filterOff = 1 AND mtOff = 1 AND tmOff = 1,tmOff==0 AND BlockSize==2048 AND LZMA2==0,0,0.0,0.0,0.0,21
random_20,240,38,filterOff = 1 AND mtOff = 1 AND tmOff = 1,BlockSize==1024 AND HeaderCompressionOff==1 AND mtOff==0,0,0.0,0.0,0.0,21
2-wise,168,26,filterOff = 1 AND mtOff = 1 AND tmOff = 1,x==4 AND Files==60,0,0.0,0.0,0.0,21
3-wise,1115,134,filterOff = 1 AND mtOff = 1 AND tmOff = 1,tmOff==1 AND filterOff==1 AND mtOff==1,0,1.0,1.0,1.0,21
4-wise,4889,595,filterOff = 1 AND mtOff = 1 AND tmOff = 1,tmOff==1 AND filterOff==1 AND mtOff==1,0,1.0,1.0,1.0,21
full,68640,8580,filterOff = 1 AND mtOff = 1 AND tmOff = 1,tmOff==1 AND filterOff==1 AND mtOff==1,0,1.0,1.0,1.0,22
random_2,24,4,filterOff = 1 AND mtOff = 1 AND tmOff = 1,HeaderCompressionOff==1 AND filterOff==1 AND mtOff==1,0,0.6666666666666666,1.0,0.5,22
random_5,60,9,filterOff = 1 AND mtOff = 1 AND tmOff = 1,BlockSize==64 AND LZMA2==1,0,0.0,0.0,0.0,22
random_10,120,14,filterOff = 1 AND mtOff = 1 AND tmOff = 1,x==8 AND BlockSize==2048 AND Files==40,0,0.0,0.0,0.0,22
random_20,240,35,filterOff = 1 AND mtOff = 1 AND tmOff = 1,tmOff==1 AND x==0 AND HeaderCompressionOff==0,0,0.0,0.0,0.0,22
2-wise,167,20,filterOff = 1 AND mtOff = 1 AND tmOff = 1,x==2 AND Files==40,0,0.0,0.0,0.0,22
3-wise,1115,128,filterOff = 1 AND mtOff = 1 AND tmOff = 1,tmOff==1 AND filterOff==1 AND mtOff==1,0,1.0,1.0,1.0,22
4-wise,4901,621,filterOff = 1 AND mtOff = 1 AND tmOff = 1,tmOff==1 AND filterOff==1 AND mtOff==1,0,1.0,1.0,1.0,22
full,68640,8580,HeaderCompressionOff = 1 AND filterOff = 1 AND mtOff = 1,HeaderCompressionOff==1 AND filterOff==1 AND mtOff==1,0,1.0,1.0,1.0,23
random_2,24,2,HeaderCompressionOff = 1 AND filterOff = 1 AND mtOff = 1,tmOff==1 AND BlockSize==1 AND HeaderCompressionOff==1,0,0.0,0.0,0.0,23
random_5,60,4,HeaderCompressionOff = 1 AND filterOff = 1 AND mtOff = 1,tmOff==0 AND x==0 AND PPMd==1,0,0.0,0.0,0.0,23
random_10,120,20,HeaderCompressionOff = 1 AND filterOff = 1 AND mtOff = 1,BZip2==0 AND x==10 AND HeaderCompressionOff==1 AND filterOff==0,0,0.0,0.0,0.0,23
random_20,240,35,HeaderCompressionOff = 1 AND filterOff = 1 AND mtOff = 1,tmOff==1 AND Deflate==0 AND Files==60 AND filterOff==0,0,0.0,0.0,0.0,23
2-wise,161,25,HeaderCompressionOff = 1 AND filterOff = 1 AND mtOff = 1,Files==100 AND PPMd==1,0,0.0,0.0,0.0,23
3-wise,1109,137,HeaderCompressionOff = 1 AND filterOff = 1 AND mtOff = 1,HeaderCompressionOff==1 AND filterOff==1 AND mtOff==1,0,1.0,1.0,1.0,23
4-wise,4915,611,HeaderCompressionOff = 1 AND filterOff = 1 AND mtOff = 1,HeaderCompressionOff==1 AND filterOff==1 AND mtOff==1,0,1.0,1.0,1.0,23
full,68640,8580,HeaderCompressionOff = 1 AND mtOff = 1 AND tmOff = 1,tmOff==1 AND HeaderCompressionOff==1 AND mtOff==1,0,1.0,1.0,1.0,24
random_5,60,4,HeaderCompressionOff = 1 AND mtOff = 1 AND tmOff = 1,Files==90 AND PPMd==1 AND filterOff==1,0,0.0,0.0,0.0,24
random_10,120,13,HeaderCompressionOff = 1 AND mtOff = 1 AND tmOff = 1,x==0 AND Files==100 AND filterOff==0,0,0.0,0.0,0.0,24
random_20,240,33,HeaderCompressionOff = 1 AND mtOff = 1 AND tmOff = 1,Files==10 AND LZMA2==0 AND filterOff==0,0,0.0,0.0,0.0,24
2-wise,171,28,HeaderCompressionOff = 1 AND mtOff = 1 AND tmOff = 1,Deflate==1 AND Files==70 AND mtOff==1,0,0.0,0.0,0.0,24
3-wise,1085,131,HeaderCompressionOff = 1 AND mtOff = 1 AND tmOff = 1,tmOff==1 AND HeaderCompressionOff==1 AND mtOff==1,0,1.0,1.0,1.0,24
4-wise,4881,597,HeaderCompressionOff = 1 AND mtOff = 1 AND tmOff = 1,tmOff==1 AND HeaderCompressionOff==1 AND mtOff==1,0,1.0,1.0,1.0,24
full,68640,8580,HeaderCompressionOff = 1 AND filterOff = 1 AND mtOff = 1,HeaderCompressionOff==1 AND filterOff==1 AND mtOff==1,0,1.0,1.0,1.0,25
random_2,24,5,HeaderCompressionOff = 1 AND filterOff = 1 AND mtOff = 1,LZMA2==1 AND filterOff==1,0,0.7499999999999999,1.0,0.6,25
random_5,60,7,HeaderCompressionOff = 1 AND filterOff = 1 AND mtOff = 1,BlockSize==2048 AND mtOff==1,0,0.0,0.0,0.0,25
random_10,120,11,HeaderCompressionOff = 1 AND filterOff = 1 AND mtOff = 1,x==4 AND PPMd==1,0,0.0,0.0,0.0,25
random_20,240,19,HeaderCompressionOff = 1 AND filterOff = 1 AND mtOff = 1,BlockSize==256 AND PPMd==1,0,0.2727272727272727,1.0,0.1578947368421052,25
2-wise,171,8,HeaderCompressionOff = 1 AND filterOff = 1 AND mtOff = 1,BlockSize==128 AND LZMA2==1,0,0.0,0.0,0.0,25
3-wise,1125,164,HeaderCompressionOff = 1 AND filterOff = 1 AND mtOff = 1,HeaderCompressionOff==1 AND filterOff==1 AND mtOff==1,0,1.0,1.0,1.0,25
4-wise,4901,588,HeaderCompressionOff = 1 AND filterOff = 1 AND mtOff = 1,HeaderCompressionOff==1 AND filterOff==1 AND mtOff==1,0,1.0,1.0,1.0,25
full,68640,8580,HeaderCompressionOff = 1 AND mtOff = 1 AND tmOff = 1,tmOff==1 AND HeaderCompressionOff==1 AND mtOff==1,0,1.0,1.0,1.0,26
random_2,24,2,HeaderCompressionOff = 1 AND mtOff = 1 AND tmOff = 1,BZip2==1 AND filterOff==1,0,0.0,0.0,0.0,26
random_5,60,7,HeaderCompressionOff = 1 AND mtOff = 1 AND tmOff = 1,tmOff==0 AND HeaderCompressionOff==1 AND LZMA2==1,0,0.0,0.0,0.0,26
random_10,120,16,HeaderCompressionOff = 1 AND mtOff = 1 AND tmOff = 1,x==4 AND HeaderCompressionOff==1 AND LZMA==0 AND mtOff==0,0,0.0,0.0,0.0,26
random_20,240,33,HeaderCompressionOff = 1 AND mtOff = 1 AND tmOff = 1,Files==10 AND LZMA2==1 AND mtOff==1,0,0.0,0.0,0.0,26
2-wise,170,24,HeaderCompressionOff = 1 AND mtOff = 1 AND tmOff = 1,BlockSize==32 AND mtOff==1,0,0.0,0.0,0.0,26
3-wise,1109,146,HeaderCompressionOff = 1 AND mtOff = 1 AND tmOff = 1,tmOff==1 AND HeaderCompressionOff==1 AND mtOff==1,0,1.0,1.0,1.0,26
4-wise,4926,582,HeaderCompressionOff = 1 AND mtOff = 1 AND tmOff = 1,tmOff==1 AND HeaderCompressionOff==1 AND mtOff==1,0,1.0,1.0,1.0,26
full,68640,8580,filterOff = 1 AND mtOff = 1 AND tmOff = 1,tmOff==1 AND filterOff==1 AND mtOff==1,0,1.0,1.0,1.0,27
random_2,24,6,filterOff = 1 AND mtOff = 1 AND tmOff = 1,BlockSize==2048,0,0.8,1.0,0.6666666666666666,27
random_5,60,10,filterOff = 1 AND mtOff = 1 AND tmOff = 1,tmOff==1 AND x==0,0,0.3333333333333333,1.0,0.2,27
random_10,120,16,filterOff = 1 AND mtOff = 1 AND tmOff = 1,tmOff==0 AND x==2 AND Files==80,0,0.0,0.0,0.0,27
random_20,240,30,filterOff = 1 AND mtOff = 1 AND tmOff = 1,tmOff==0 AND x==10 AND Deflate==0,0,0.0,0.0,0.0,27
2-wise,173,17,filterOff = 1 AND mtOff = 1 AND tmOff = 1,x==2 AND Deflate==0 AND Files==10,0,0.0,0.0,0.0,27
3-wise,1116,130,filterOff = 1 AND mtOff = 1 AND tmOff = 1,tmOff==1 AND filterOff==1 AND mtOff==1,0,1.0,1.0,1.0,27
4-wise,4842,607,filterOff = 1 AND mtOff = 1 AND tmOff = 1,tmOff==1 AND filterOff==1 AND mtOff==1,0,1.0,1.0,1.0,27
full,68640,8580,filterOff = 1 AND mtOff = 1 AND tmOff = 1,tmOff==1 AND filterOff==1 AND mtOff==1,0,1.0,1.0,1.0,28
random_5,60,5,filterOff = 1 AND mtOff = 1 AND tmOff = 1,Files==70 AND HeaderCompressionOff==0,0,0.0,0.0,0.0,28
random_10,120,14,filterOff = 1 AND mtOff = 1 AND tmOff = 1,x==10 AND PPMd==1 AND mtOff==0,0,0.0,0.0,0.0,28
random_20,240,30,filterOff = 1 AND mtOff = 1 AND tmOff = 1,BlockSize==16 AND LZMA2==0 AND PPMd==0 AND filterOff==0,0,0.0,0.0,0.0,28
2-wise,166,20,filterOff = 1 AND mtOff = 1 AND tmOff = 1,Files==60 AND PPMd==1 AND mtOff==1,0,0.0,0.0,0.0,28
3-wise,1124,140,filterOff = 1 AND mtOff = 1 AND tmOff = 1,tmOff==1 AND filterOff==1 AND mtOff==1,0,1.0,1.0,1.0,28
4-wise,4914,634,filterOff = 1 AND mtOff = 1 AND tmOff = 1,tmOff==1 AND filterOff==1 AND mtOff==1,0,1.0,1.0,1.0,28
full,68640,8580,HeaderCompressionOff = 1 AND filterOff = 1 AND mtOff = 1,HeaderCompressionOff==1 AND filterOff==1 AND mtOff==1,0,1.0,1.0,1.0,29
random_2,24,4,HeaderCompressionOff = 1 AND filterOff = 1 AND mtOff = 1,BlockSize==64 AND mtOff==0,0,0.0,0.0,0.0,29
random_5,60,9,HeaderCompressionOff = 1 AND filterOff = 1 AND mtOff = 1,BlockSize==2 AND Files==50 AND LZMA==0,0,0.0,0.0,0.0,29
random_10,120,18,HeaderCompressionOff = 1 AND filterOff = 1 AND mtOff = 1,BZip2==0 AND BlockSize==512 AND Files==50,0,0.0,0.0,0.0,29
random_20,240,33,HeaderCompressionOff = 1 AND filterOff = 1 AND mtOff = 1,Deflate==0 AND HeaderCompressionOff==1 AND filterOff==1 AND mtOff==1,0,0.8,1.0,0.6666666666666666,29
2-wise,169,23,HeaderCompressionOff = 1 AND filterOff = 1 AND mtOff = 1,x==6 AND BlockSize==4096 AND mtOff==0,0,0.0,0.0,0.0,29
3-wise,1105,156,HeaderCompressionOff = 1 AND filterOff = 1 AND mtOff = 1,HeaderCompressionOff==1 AND filterOff==1 AND mtOff==1,0,1.0,1.0,1.0,29
4-wise,4894,637,HeaderCompressionOff = 1 AND filterOff = 1 AND mtOff = 1,HeaderCompressionOff==1 AND filterOff==1 AND mtOff==1,0,1.0,1.0,1.0,29
full,68640,8580,filterOff = 1 AND mtOff = 1 AND tmOff = 1,tmOff==1 AND filterOff==1 AND mtOff==1,0,1.0,1.0,1.0,2
random_2,24,2,filterOff = 1 AND mtOff = 1 AND tmOff = 1,LZMA==1 AND filterOff==1,0,0.0,0.0,0.0,2
random_5,60,8,filterOff = 1 AND mtOff = 1 AND tmOff = 1,tmOff==0 AND Deflate==1 AND HeaderCompressionOff==0,0,0.0,0.0,0.0,2
random_10,120,18,filterOff = 1 AND mtOff = 1 AND tmOff = 1,BlockSize==2 AND LZMA2==0 AND PPMd==0 AND mtOff==1,0,0.0,0.0,0.0,2
random_20,240,24,filterOff = 1 AND mtOff = 1 AND tmOff = 1,BlockSize==16 AND HeaderCompressionOff==1 AND mtOff==1,0,0.0,0.0,0.0,2
2-wise,169,23,filterOff = 1 AND mtOff = 1 AND tmOff = 1,BlockSize==64 AND HeaderCompressionOff==1 AND filterOff==0,0,0.0,0.0,0.0,2
3-wise,1098,145,filterOff = 1 AND mtOff = 1 AND tmOff = 1,tmOff==1 AND filterOff==1 AND mtOff==1,0,1.0,1.0,1.0,2
4-wise,4856,616,filterOff = 1 AND mtOff = 1 AND tmOff = 1,tmOff==1 AND filterOff==1 AND mtOff==1,0,1.0,1.0,1.0,2
full,68640,8580,HeaderCompressionOff = 1 AND mtOff = 1 AND tmOff = 1,tmOff==1 AND HeaderCompressionOff==1 AND mtOff==1,0,1.0,1.0,1.0,30
random_2,24,5,HeaderCompressionOff = 1 AND mtOff = 1 AND tmOff = 1,BlockSize==2,0,0.0,0.0,0.0,30
random_5,60,11,HeaderCompressionOff = 1 AND mtOff = 1 AND tmOff = 1,BlockSize==2048 AND LZMA==0 AND mtOff==0,0,0.0,0.0,0.0,30
random_10,120,20,HeaderCompressionOff = 1 AND mtOff = 1 AND tmOff = 1,BlockSize==128 AND Files==0,0,0.0,0.0,0.0,30
random_20,240,30,HeaderCompressionOff = 1 AND mtOff = 1 AND tmOff = 1,BlockSize==256 AND filterOff==0 AND mtOff==0,0,0.0,0.0,0.0,30
2-wise,168,21,HeaderCompressionOff = 1 AND mtOff = 1 AND tmOff = 1,x==6 AND BlockSize==8 AND filterOff==0,0,0.0,0.0,0.0,30
3-wise,1125,155,HeaderCompressionOff = 1 AND mtOff = 1 AND tmOff = 1,tmOff==1 AND HeaderCompressionOff==1 AND mtOff==1,0,1.0,1.0,1.0,30
4-wise,4854,594,HeaderCompressionOff = 1 AND mtOff = 1 AND tmOff = 1,tmOff==1 AND HeaderCompressionOff==1 AND mtOff==1,0,1.0,1.0,1.0,30
full,68640,8580,HeaderCompressionOff = 1 AND filterOff = 1 AND mtOff = 1,HeaderCompressionOff==1 AND filterOff==1 AND mtOff==1,0,1.0,1.0,1.0,31
random_2,24,2,HeaderCompressionOff = 1 AND filterOff = 1 AND mtOff = 1,PPMd==1 AND filterOff==1,0,0.6666666666666666,0.5,1.0,31
random_5,60,8,HeaderCompressionOff = 1 AND filterOff = 1 AND mtOff = 1,Deflate==1 AND HeaderCompressionOff==0,0,0.0,0.0,0.0,31
random_10,120,21,HeaderCompressionOff = 1 AND filterOff = 1 AND mtOff = 1,x==8 AND Deflate==1,0,0.0,0.0,0.0,31
random_20,240,38,HeaderCompressionOff = 1 AND filterOff = 1 AND mtOff = 1,HeaderCompressionOff==1 AND filterOff==1 AND mtOff==1,0,1.0,1.0,1.0,31
2-wise,166,31,HeaderCompressionOff = 1 AND filterOff = 1 AND mtOff = 1,BZip2==1 AND BlockSize==2 AND HeaderCompressionOff==0,0,0.0,0.0,0.0,31
3-wise,1119,135,HeaderCompressionOff = 1 AND filterOff = 1 AND mtOff = 1,HeaderCompressionOff==1 AND filterOff==1 AND mtOff==1,0,1.0,1.0,1.0,31
4-wise,4896,594,HeaderCompressionOff = 1 AND filterOff = 1 AND mtOff = 1,HeaderCompressionOff==1 AND filterOff==1 AND mtOff==1,0,1.0,1.0,1.0,31
full,68640,8580,HeaderCompressionOff = 1 AND filterOff = 1 AND mtOff = 1,HeaderCompressionOff==1 AND filterOff==1 AND mtOff==1,0,1.0,1.0,1.0,32
random_2,24,3,HeaderCompressionOff = 1 AND filterOff = 1 AND mtOff = 1,tmOff==1 AND Files==20 AND filterOff==0,0,0.0,0.0,0.0,32
random_5,60,8,HeaderCompressionOff = 1 AND filterOff = 1 AND mtOff = 1,BlockSize==512 AND PPMd==1,0,0.0,0.0,0.0,32
random_10,120,18,HeaderCompressionOff = 1 AND filterOff = 1 AND mtOff = 1,x==2 AND Files==90 AND HeaderCompressionOff==0,0,0.0,0.0,0.0,32
random_20,240,32,HeaderCompressionOff = 1 AND filterOff = 1 AND mtOff = 1,BlockSize==256 AND HeaderCompressionOff==0 AND LZMA2==1 AND filterOff==0,0,0.0,0.0,0.0,32
2-wise,159,22,HeaderCompressionOff = 1 AND filterOff = 1 AND mtOff = 1,x==10 AND BlockSize==8,0,0.0,0.0,0.0,32
3-wise,1112,140,HeaderCompressionOff = 1 AND filterOff = 1 AND mtOff = 1,HeaderCompressionOff==1 AND filterOff==1 AND mtOff==1,0,1.0,1.0,1.0,32
4-wise,4847,591,HeaderCompressionOff = 1 AND filterOff = 1 AND mtOff = 1,HeaderCompressionOff==1 AND filterOff==1 AND mtOff==1,0,1.0,1.0,1.0,32
full,68640,8580,HeaderCompressionOff = 1 AND mtOff = 1 AND tmOff = 1,tmOff==1 AND HeaderCompressionOff==1 AND mtOff==1,0,1.0,1.0,1.0,33
random_2,24,4,HeaderCompressionOff = 1 AND mtOff = 1 AND tmOff = 1,x==10 AND filterOff==0 AND mtOff==1,0,0.0,0.0,0.0,33
random_5,60,8,HeaderCompressionOff = 1 AND mtOff = 1 AND tmOff = 1,x==0 AND BlockSize==2048 AND filterOff==1,0,0.0,0.0,0.0,33
random_10,120,22,HeaderCompressionOff = 1 AND mtOff = 1 AND tmOff = 1,x==0 AND Files==70 AND PPMd==0,0,0.1666666666666666,1.0,0.0909090909090909,33
random_20,240,33,HeaderCompressionOff = 1 AND mtOff = 1 AND tmOff = 1,x==6 AND Files==30,0,0.0,0.0,0.0,33
2-wise,161,25,HeaderCompressionOff = 1 AND mtOff = 1 AND tmOff = 1,BlockSize==16 AND HeaderCompressionOff==1 AND LZMA2==1,0,0.0,0.0,0.0,33
3-wise,1110,131,HeaderCompressionOff = 1 AND mtOff = 1 AND tmOff = 1,LZMA==0,3,0.2167968749999999,0.1243001119820828,0.8473282442748091,33
4-wise,4877,592,HeaderCompressionOff = 1 AND mtOff = 1 AND tmOff = 1,tmOff==1 AND HeaderCompressionOff==1 AND mtOff==1,0,1.0,1.0,1.0,33
full,68640,8580,HeaderCompressionOff = 1 AND mtOff = 1 AND tmOff = 1,tmOff==1 AND HeaderCompressionOff==1 AND mtOff==1,0,1.0,1.0,1.0,34
random_2,24,1,HeaderCompressionOff = 1 AND mtOff = 1 AND tmOff = 1,Deflate==1 AND HeaderCompressionOff==1 AND mtOff==0,0,0.0,0.0,0.0,34
random_5,60,6,HeaderCompressionOff = 1 AND mtOff = 1 AND tmOff = 1,HeaderCompressionOff==0 AND LZMA==1,0,0.0,0.0,0.0,34
random_10,120,15,HeaderCompressionOff = 1 AND mtOff = 1 AND tmOff = 1,tmOff==0 AND Files==30,0,0.0,0.0,0.0,34
random_20,240,31,HeaderCompressionOff = 1 AND mtOff = 1 AND tmOff = 1,tmOff==0 AND BlockSize==1024 AND mtOff==1,0,0.0,0.0,0.0,34
2-wise,169,27,HeaderCompressionOff = 1 AND mtOff = 1 AND tmOff = 1,x==10 AND Files==40,0,0.0,0.0,0.0,34
3-wise,1119,125,HeaderCompressionOff = 1 AND mtOff = 1 AND tmOff = 1,tmOff==1 AND HeaderCompressionOff==1 AND mtOff==1,0,1.0,1.0,1.0,34
4-wise,4872,589,HeaderCompressionOff = 1 AND mtOff = 1 AND tmOff = 1,tmOff==1 AND HeaderCompressionOff==1 AND mtOff==1,0,1.0,1.0,1.0,34
full,68640,8580,filterOff = 1 AND mtOff = 1 AND tmOff = 1,tmOff==1 AND filterOff==1 AND mtOff==1,0,1.0,1.0,1.0,35
random_2,24,2,filterOff = 1 AND mtOff = 1 AND tmOff = 1,tmOff==0 AND x==8,0,0.0,0.0,0.0,35
random_5,60,7,filterOff = 1 AND mtOff = 1 AND tmOff = 1,BlockSize==2 AND HeaderCompressionOff==0 AND LZMA2==0,0,0.0,0.0,0.0,35
random_10,120,12,filterOff = 1 AND mtOff = 1 AND tmOff = 1,BlockSize==64 AND Files==80 AND filterOff==1,0,0.0,0.0,0.0,35
random_20,240,24,filterOff = 1 AND mtOff = 1 AND tmOff = 1,BlockSize==1 AND Files==10,0,0.0,0.0,0.0,35
2-wise,170,18,filterOff = 1 AND mtOff = 1 AND tmOff = 1,x==4 AND BlockSize==1024 AND mtOff==0,0,0.0,0.0,0.0,35
3-wise,1113,139,filterOff = 1 AND mtOff = 1 AND tmOff = 1,tmOff==1 AND filterOff==1 AND mtOff==1,0,1.0,1.0,1.0,35
4-wise,4894,620,filterOff = 1 AND mtOff = 1 AND tmOff = 1,tmOff==1 AND filterOff==1 AND mtOff==1,0,1.0,1.0,1.0,35
full,68640,8580,HeaderCompressionOff = 1 AND filterOff = 1 AND tmOff = 1,tmOff==1 AND HeaderCompressionOff==1 AND filterOff==1,0,1.0,1.0,1.0,36
random_2,24,5,HeaderCompressionOff = 1 AND filterOff = 1 AND tmOff = 1,BlockSize==64 AND LZMA==0,0,0.0,0.0,0.0,36
random_5,60,12,HeaderCompressionOff = 1 AND filterOff = 1 AND tmOff = 1,BlockSize==2 AND filterOff==1,0,0.1428571428571428,0.5,0.0833333333333333,36
random_10,120,22,HeaderCompressionOff = 1 AND filterOff = 1 AND tmOff = 1,tmOff==0 AND BlockSize==256 AND filterOff==1,0,0.0,0.0,0.0,36
random_20,240,31,HeaderCompressionOff = 1 AND filterOff = 1 AND tmOff = 1,Files==30 AND LZMA2==1 AND filterOff==0,0,0.0,0.0,0.0,36
2-wise,166,22,HeaderCompressionOff = 1 AND filterOff = 1 AND tmOff = 1,Files==10 AND HeaderCompressionOff==1 AND filterOff==0,0,0.0,0.0,0.0,36
3-wise,1097,143,HeaderCompressionOff = 1 AND filterOff = 1 AND tmOff = 1,tmOff==1 AND HeaderCompressionOff==1 AND filterOff==1,0,1.0,1.0,1.0,36
4-wise,4904,630,HeaderCompressionOff = 1 AND filterOff = 1 AND tmOff = 1,tmOff==1 AND HeaderCompressionOff==1 AND filterOff==1,0,1.0,1.0,1.0,36
full,68640,8580,HeaderCompressionOff = 1 AND mtOff = 1 AND tmOff = 1,tmOff==1 AND HeaderCompressionOff==1 AND mtOff==1,0,1.0,1.0,1.0,37
random_2,24,2,HeaderCompressionOff = 1 AND mtOff = 1 AND tmOff = 1,BZip2==0 AND PPMd==0 AND filterOff==1 AND mtOff==1,0,0.0,0.0,0.0,37
random_5,60,10,HeaderCompressionOff = 1 AND mtOff = 1 AND tmOff = 1,filterOff==1 AND mtOff==0,0,0.0,0.0,0.0,37
random_10,120,18,HeaderCompressionOff = 1 AND mtOff = 1 AND tmOff = 1,tmOff==1 AND BlockSize==256 AND mtOff==0,0,0.0,0.0,0.0,37
random_20,240,33,HeaderCompressionOff = 1 AND mtOff = 1 AND tmOff = 1,x==8 AND Files==0 AND filterOff==0,0,0.0,0.0,0.0,37
2-wise,169,25,HeaderCompressionOff = 1 AND mtOff = 1 AND tmOff = 1,x==10 AND BlockSize==1024 AND Deflate==0 AND LZMA==0,0,0.0,0.0,0.0,37
3-wise,1103,139,HeaderCompressionOff = 1 AND mtOff = 1 AND tmOff = 1,tmOff==1 AND HeaderCompressionOff==1 AND mtOff==1,0,1.0,1.0,1.0,37
4-wise,4889,607,HeaderCompressionOff = 1 AND mtOff = 1 AND tmOff = 1,tmOff==1 AND HeaderCompressionOff==1 AND mtOff==1,0,1.0,1.0,1.0,37
full,68640,8580,HeaderCompressionOff = 1 AND filterOff = 1 AND mtOff = 1,HeaderCompressionOff==1 AND filterOff==1 AND mtOff==1,0,1.0,1.0,1.0,38
random_2,24,3,HeaderCompressionOff = 1 AND filterOff = 1 AND mtOff = 1,Files==40,0,0.0,0.0,0.0,38
random_5,60,10,HeaderCompressionOff = 1 AND filterOff = 1 AND mtOff = 1,Files==50 AND HeaderCompressionOff==1 AND filterOff==0 AND mtOff==0,0,0.0,0.0,0.0,38
random_10,120,19,HeaderCompressionOff = 1 AND filterOff = 1 AND mtOff = 1,BlockSize==256 AND PPMd==1 AND mtOff==0,0,0.0,0.0,0.0,38
random_20,240,33,HeaderCompressionOff = 1 AND filterOff = 1 AND mtOff = 1,x==6 AND HeaderCompressionOff==1 AND PPMd==1 AND filterOff==0,0,0.0,0.0,0.0,38
2-wise,170,22,HeaderCompressionOff = 1 AND filterOff = 1 AND mtOff = 1,BlockSize==1 AND HeaderCompressionOff==0 AND PPMd==1,0,0.0,0.0,0.0,38
3-wise,1128,156,HeaderCompressionOff = 1 AND filterOff = 1 AND mtOff = 1,HeaderCompressionOff==1 AND filterOff==1 AND mtOff==1,0,1.0,1.0,1.0,38
4-wise,4903,610,HeaderCompressionOff = 1 AND filterOff = 1 AND mtOff = 1,HeaderCompressionOff==1 AND filterOff==1 AND mtOff==1,0,1.0,1.0,1.0,38
full,68640,8580,HeaderCompressionOff = 1 AND filterOff = 1 AND mtOff = 1,HeaderCompressionOff==1 AND filterOff==1 AND mtOff==1,0,1.0,1.0,1.0,39
random_2,24,6,HeaderCompressionOff = 1 AND filterOff = 1 AND mtOff = 1,BlockSize==64,0,0.0,0.0,0.0,39
random_5,60,13,HeaderCompressionOff = 1 AND filterOff = 1 AND mtOff = 1,x==2 AND PPMd==1,0,0.0,0.0,0.0,39
random_10,120,19,HeaderCompressionOff = 1 AND filterOff = 1 AND mtOff = 1,BlockSize==128 AND Files==50,0,0.0,0.0,0.0,39
random_20,240,35,HeaderCompressionOff = 1 AND filterOff = 1 AND mtOff = 1,BlockSize==128 AND Files==90,0,0.0,0.0,0.0,39
2-wise,164,22,HeaderCompressionOff = 1 AND filterOff = 1 AND mtOff = 1,HeaderCompressionOff==1 AND filterOff==1 AND mtOff==1,1,1.0,1.0,1.0,39
3-wise,1123,143,HeaderCompressionOff = 1 AND filterOff = 1 AND mtOff = 1,HeaderCompressionOff==1 AND filterOff==1 AND mtOff==1,0,1.0,1.0,1.0,39
4-wise,4858,610,HeaderCompressionOff = 1 AND filterOff = 1 AND mtOff = 1,HeaderCompressionOff==1 AND filterOff==1 AND mtOff==1,0,1.0,1.0,1.0,39
full,68640,8580,HeaderCompressionOff = 1 AND mtOff = 1 AND tmOff = 1,tmOff==1 AND HeaderCompressionOff==1 AND mtOff==1,0,1.0,1.0,1.0,3
random_2,24,3,HeaderCompressionOff = 1 AND mtOff = 1 AND tmOff = 1,Files==40 AND PPMd==0,0,0.0,0.0,0.0,3
random_5,60,7,HeaderCompressionOff = 1 AND mtOff = 1 AND tmOff = 1,x==10 AND Files==40,0,0.0,0.0,0.0,3
random_10,120,15,HeaderCompressionOff = 1 AND mtOff = 1 AND tmOff = 1,BZip2==0 AND BlockSize==1 AND PPMd==0,0,0.0,0.0,0.0,3
random_20,240,32,HeaderCompressionOff = 1 AND mtOff = 1 AND tmOff = 1,x==6 AND BlockSize==2 AND LZMA2==1,0,0.0,0.0,0.0,3
2-wise,169,24,HeaderCompressionOff = 1 AND mtOff = 1 AND tmOff = 1,BlockSize==32 AND Files==0,0,0.0,0.0,0.0,3
3-wise,1116,133,HeaderCompressionOff = 1 AND mtOff = 1 AND tmOff = 1,tmOff==1 AND HeaderCompressionOff==1 AND mtOff==1,0,1.0,1.0,1.0,3
4-wise,4866,615,HeaderCompressionOff = 1 AND mtOff = 1 AND tmOff = 1,tmOff==1 AND HeaderCompressionOff==1 AND mtOff==1,0,1.0,1.0,1.0,3
full,68640,8580,filterOff = 1 AND mtOff = 1 AND tmOff = 1,tmOff==1 AND filterOff==1 AND mtOff==1,0,1.0,1.0,1.0,40
random_2,24,4,filterOff = 1 AND mtOff = 1 AND tmOff = 1,x==8 AND HeaderCompressionOff==1,0,0.0,0.0,0.0,40
random_5,60,8,filterOff = 1 AND mtOff = 1 AND tmOff = 1,Deflate==1 AND filterOff==0 AND mtOff==1,0,0.0,0.0,0.0,40
random_10,120,12,filterOff = 1 AND mtOff = 1 AND tmOff = 1,BZip2==0 AND x==10 AND Files==40,0,0.0,0.0,0.0,40
random_20,240,31,filterOff = 1 AND mtOff = 1 AND tmOff = 1,tmOff==1 AND x==10 AND Files==40,0,0.0,0.0,0.0,40
2-wise,163,18,filterOff = 1 AND mtOff = 1 AND tmOff = 1,x==10 AND Files==70,0,0.0,0.0,0.0,40
3-wise,1115,133,filterOff = 1 AND mtOff = 1 AND tmOff = 1,tmOff==1 AND filterOff==1 AND mtOff==1,0,1.0,1.0,1.0,40
4-wise,4868,630,filterOff = 1 AND mtOff = 1 AND tmOff = 1,tmOff==1 AND filterOff==1 AND mtOff==1,0,1.0,1.0,1.0,40
full,68640,8580,HeaderCompressionOff = 1 AND filterOff = 1 AND mtOff = 1,HeaderCompressionOff==1 AND filterOff==1 AND mtOff==1,0,1.0,1.0,1.0,41
random_2,24,1,HeaderCompressionOff = 1 AND filterOff = 1 AND mtOff = 1,Files==50 AND filterOff==0,0,0.0,0.0,0.0,41
random_5,60,4,HeaderCompressionOff = 1 AND filterOff = 1 AND mtOff = 1,x==6 AND HeaderCompressionOff==0 AND PPMd==0 AND mtOff==0,0,0.0,0.0,0.0,41
random_10,120,12,HeaderCompressionOff = 1 AND filterOff = 1 AND mtOff = 1,tmOff==1 AND Files==10,0,0.0,0.0,0.0,41
random_20,240,33,HeaderCompressionOff = 1 AND filterOff = 1 AND mtOff = 1,tmOff==0 AND Files==80 AND HeaderCompressionOff==0,0,0.0,0.0,0.0,41
2-wise,172,21,HeaderCompressionOff = 1 AND filterOff = 1 AND mtOff = 1,Files==20 AND LZMA==1,0,0.0,0.0,0.0,41
3-wise,1129,122,HeaderCompressionOff = 1 AND filterOff = 1 AND mtOff = 1,HeaderCompressionOff==1 AND filterOff==1 AND mtOff==1,0,1.0,1.0,1.0,41
4-wise,4896,555,HeaderCompressionOff = 1 AND filterOff = 1 AND mtOff = 1,HeaderCompressionOff==1 AND filterOff==1 AND mtOff==1,0,1.0,1.0,1.0,41
full,68640,8580,HeaderCompressionOff = 1 AND filterOff = 1 AND mtOff = 1,HeaderCompressionOff==1 AND filterOff==1 AND mtOff==1,0,1.0,1.0,1.0,42
random_2,24,3,HeaderCompressionOff = 1 AND filterOff = 1 AND mtOff = 1,tmOff==1 AND LZMA2==1 AND mtOff==1,0,0.4,0.5,0.3333333333333333,42
random_5,60,9,HeaderCompressionOff = 1 AND filterOff = 1 AND mtOff = 1,Files==90 AND mtOff==0,0,0.0,0.0,0.0,42
random_10,120,17,HeaderCompressionOff = 1 AND filterOff = 1 AND mtOff = 1,BlockSize==256 AND PPMd==1,0,0.0,0.0,0.0,42
random_20,240,30,HeaderCompressionOff = 1 AND filterOff = 1 AND mtOff = 1,HeaderCompressionOff==1 AND filterOff==1 AND mtOff==1,0,1.0,1.0,1.0,42
2-wise,166,25,HeaderCompressionOff = 1 AND filterOff = 1 AND mtOff = 1,x==2 AND Files==30 AND mtOff==0,0,0.0,0.0,0.0,42
3-wise,1130,136,HeaderCompressionOff = 1 AND filterOff = 1 AND mtOff = 1,HeaderCompressionOff==1 AND filterOff==1 AND mtOff==1,0,1.0,1.0,1.0,42
4-wise,4862,638,HeaderCompressionOff = 1 AND filterOff = 1 AND mtOff = 1,HeaderCompressionOff==1 AND filterOff==1 AND mtOff==1,0,1.0,1.0,1.0,42
full,68640,8580,HeaderCompressionOff = 1 AND filterOff = 1 AND tmOff = 1,Deflate==0,0,0.2162162162162162,0.125,0.8,43
random_2,24,3,HeaderCompressionOff = 1 AND filterOff = 1 AND tmOff = 1,BZip2==0 AND BlockSize==1 AND LZMA==0,0,0.0,0.0,0.0,43
random_5,60,10,HeaderCompressionOff = 1 AND filterOff = 1 AND tmOff = 1,x==0 AND BlockSize==2048,0,0.0,0.0,0.0,43
random_10,120,14,HeaderCompressionOff = 1 AND filterOff = 1 AND tmOff = 1,x==8 AND Files==40,0,0.0,0.0,0.0,43
random_20,240,24,HeaderCompressionOff = 1 AND filterOff = 1 AND tmOff = 1,BlockSize==1 AND Deflate==1 AND HeaderCompressionOff==1,0,0.0,0.0,0.0,43
2-wise,164,23,HeaderCompressionOff = 1 AND filterOff = 1 AND tmOff = 1,x==6 AND LZMA==1,0,0.0,0.0,0.0,43
3-wise,1111,137,HeaderCompressionOff = 1 AND filterOff = 1 AND tmOff = 1,tmOff==1 AND HeaderCompressionOff==1 AND filterOff==1,0,1.0,1.0,1.0,43
4-wise,4883,615,HeaderCompressionOff = 1 AND filterOff = 1 AND tmOff = 1,tmOff==1 AND HeaderCompressionOff==1 AND filterOff==1,0,1.0,1.0,1.0,43
full,68640,8580,HeaderCompressionOff = 1 AND mtOff = 1 AND tmOff = 1,tmOff==1 AND HeaderCompressionOff==1 AND mtOff==1,0,1.0,1.0,1.0,44
random_2,24,2,HeaderCompressionOff = 1 AND mtOff = 1 AND tmOff = 1,x==8 AND mtOff==1,0,0.0,0.0,0.0,44
random_5,60,14,HeaderCompressionOff = 1 AND mtOff = 1 AND tmOff = 1,x==10 AND HeaderCompressionOff==1 AND filterOff==0,0,0.25,1.0,0.1428571428571428,44
random_10,120,26,HeaderCompressionOff = 1 AND mtOff = 1 AND tmOff = 1,BlockSize==512 AND Files==40,0,0.0,0.0,0.0,44
random_20,240,40,HeaderCompressionOff = 1 AND mtOff = 1 AND tmOff = 1,BlockSize==16 AND Deflate==1 AND mtOff==1,0,0.0,0.0,0.0,44
2-wise,166,29,HeaderCompressionOff = 1 AND mtOff = 1 AND tmOff = 1,Files==80 AND filterOff==1 AND mtOff==1,0,0.0,0.0,0.0,44
3-wise,1128,159,HeaderCompressionOff = 1 AND mtOff = 1 AND tmOff = 1,tmOff==1 AND HeaderCompressionOff==1 AND mtOff==1,0,1.0,1.0,1.0,44
4-wise,4888,654,HeaderCompressionOff = 1 AND mtOff = 1 AND tmOff = 1,tmOff==1 AND HeaderCompressionOff==1 AND mtOff==1,0,1.0,1.0,1.0,44
full,68640,8580,HeaderCompressionOff = 1 AND filterOff = 1 AND tmOff = 1,tmOff==1 AND HeaderCompressionOff==1 AND filterOff==1,0,1.0,1.0,1.0,45
random_2,24,6,HeaderCompressionOff = 1 AND filterOff = 1 AND tmOff = 1,filterOff==1 AND mtOff==1,0,0.5,1.0,0.3333333333333333,45
random_5,60,7,HeaderCompressionOff = 1 AND filterOff = 1 AND tmOff = 1,x==6 AND filterOff==1,0,0.4444444444444445,1.0,0.2857142857142857,45
random_10,120,14,HeaderCompressionOff = 1 AND filterOff = 1 AND tmOff = 1,BlockSize==2 AND Files==80,0,0.0,0.0,0.0,45
random_20,240,28,HeaderCompressionOff = 1 AND filterOff = 1 AND tmOff = 1,BlockSize==4 AND Files==60,0,0.0,0.0,0.0,45
2-wise,165,17,HeaderCompressionOff = 1 AND filterOff = 1 AND tmOff = 1,BZip2==1 AND x==8 AND HeaderCompressionOff==1,0,0.0,0.0,0.0,45
3-wise,1114,115,HeaderCompressionOff = 1 AND filterOff = 1 AND tmOff = 1,LZMA2==0,2,0.194059405940594,0.1094972067039106,0.8521739130434782,45
4-wise,4846,572,HeaderCompressionOff = 1 AND filterOff = 1 AND tmOff = 1,tmOff==1 AND HeaderCompressionOff==1 AND filterOff==1,0,1.0,1.0,1.0,45
full,68640,8580,HeaderCompressionOff = 1 AND filterOff = 1 AND mtOff = 1,HeaderCompressionOff==1 AND filterOff==1 AND mtOff==1,0,1.0,1.0,1.0,46
random_2,24,3,HeaderCompressionOff = 1 AND filterOff = 1 AND mtOff = 1,Files==20 AND mtOff==1,0,0.8,1.0,0.6666666666666666,46
random_5,60,7,HeaderCompressionOff = 1 AND filterOff = 1 AND mtOff = 1,BlockSize==2048 AND Files==100 AND mtOff==1,0,0.2222222222222222,0.5,0.1428571428571428,46
random_10,120,18,HeaderCompressionOff = 1 AND filterOff = 1 AND mtOff = 1,x==0 AND BlockSize==1024 AND LZMA2==0,0,0.0,0.0,0.0,46
random_20,240,38,HeaderCompressionOff = 1 AND filterOff = 1 AND mtOff = 1,x==6 AND BlockSize==4096 AND LZMA==0,0,0.0,0.0,0.0,46
2-wise,171,31,HeaderCompressionOff = 1 AND filterOff = 1 AND mtOff = 1,x==6 AND Files==40,0,0.0,0.0,0.0,46
3-wise,1093,134,HeaderCompressionOff = 1 AND filterOff = 1 AND mtOff = 1,HeaderCompressionOff==1 AND filterOff==1 AND mtOff==1,0,1.0,1.0,1.0,46
4-wise,4889,616,HeaderCompressionOff = 1 AND filterOff = 1 AND mtOff = 1,HeaderCompressionOff==1 AND filterOff==1 AND mtOff==1,0,1.0,1.0,1.0,46
full,68640,8580,filterOff = 1 AND mtOff = 1 AND tmOff = 1,tmOff==1 AND filterOff==1 AND mtOff==1,0,1.0,1.0,1.0,47
random_2,24,2,filterOff = 1 AND mtOff = 1 AND tmOff = 1,BlockSize==1 AND PPMd==0,0,0.0,0.0,0.0,47
random_5,60,8,filterOff = 1 AND mtOff = 1 AND tmOff = 1,BZip2==0 AND Deflate==0 AND Files==100 AND HeaderCompressionOff==1,0,0.0,0.0,0.0,47
random_10,120,15,filterOff = 1 AND mtOff = 1 AND tmOff = 1,Deflate==1 AND Files==50,0,0.0,0.0,0.0,47
random_20,240,35,filterOff = 1 AND mtOff = 1 AND tmOff = 1,tmOff==0 AND Files==50 AND LZMA2==1,0,0.0,0.0,0.0,47
2-wise,170,24,filterOff = 1 AND mtOff = 1 AND tmOff = 1,tmOff==0 AND x==0 AND Deflate==1,0,0.0,0.0,0.0,47
3-wise,1131,124,filterOff = 1 AND mtOff = 1 AND tmOff = 1,Deflate==0,2,0.1988188976377952,0.1132286995515695,0.8145161290322581,47
4-wise,4898,627,filterOff = 1 AND mtOff = 1 AND tmOff = 1,tmOff==1 AND filterOff==1 AND mtOff==1,0,1.0,1.0,1.0,47
full,68640,8580,HeaderCompressionOff = 1 AND filterOff = 1 AND mtOff = 1,HeaderCompressionOff==1 AND filterOff==1 AND mtOff==1,0,1.0,1.0,1.0,48
random_2,24,4,HeaderCompressionOff = 1 AND filterOff = 1 AND mtOff = 1,x==8 AND mtOff==0,0,0.0,0.0,0.0,48
random_5,60,9,HeaderCompressionOff = 1 AND filterOff = 1 AND mtOff = 1,tmOff==0 AND Files==100 AND filterOff==0,0,0.0,0.0,0.0,48
random_10,120,15,HeaderCompressionOff = 1 AND filterOff = 1 AND mtOff = 1,Files==10 AND HeaderCompressionOff==1 AND LZMA2==1,0,0.0,0.0,0.0,48
random_20,240,24,HeaderCompressionOff = 1 AND filterOff = 1 AND mtOff = 1,BlockSize==256 AND Files==40 AND mtOff==1,0,0.0,0.0,0.0,48
2-wise,167,15,HeaderCompressionOff = 1 AND filterOff = 1 AND mtOff = 1,x==6 AND Files==0 AND mtOff==0,0,0.0,0.0,0.0,48
3-wise,1125,140,HeaderCompressionOff = 1 AND filterOff = 1 AND mtOff = 1,HeaderCompressionOff==1 AND filterOff==1 AND mtOff==1,0,1.0,1.0,1.0,48
4-wise,4908,630,HeaderCompressionOff = 1 AND filterOff = 1 AND mtOff = 1,HeaderCompressionOff==1 AND filterOff==1 AND mtOff==1,0,1.0,1.0,1.0,48
full,68640,8580,HeaderCompressionOff = 1 AND filterOff = 1 AND mtOff = 1,HeaderCompressionOff==1 AND filterOff==1 AND mtOff==1,0,1.0,1.0,1.0,49
random_2,24,4,HeaderCompressionOff = 1 AND filterOff = 1 AND mtOff = 1,BlockSize==1024 AND LZMA2==1,0,0.0,0.0,0.0,49
random_5,60,9,HeaderCompressionOff = 1 AND filterOff = 1 AND mtOff = 1,BlockSize==32 AND mtOff==0,0,0.0,0.0,0.0,49
random_10,120,16,HeaderCompressionOff = 1 AND filterOff = 1 AND mtOff = 1,tmOff==1 AND Files==100 AND filterOff==0,0,0.0,0.0,0.0,49
random_20,240,34,HeaderCompressionOff = 1 AND filterOff = 1 AND mtOff = 1,HeaderCompressionOff==1 AND filterOff==1 AND mtOff==1,0,1.0,1.0,1.0,49
2-wise,165,20,HeaderCompressionOff = 1 AND filterOff = 1 AND mtOff = 1,Deflate==1 AND Files==60 AND mtOff==1,0,0.0,0.0,0.0,49
3-wise,1129,131,HeaderCompressionOff = 1 AND filterOff = 1 AND mtOff = 1,HeaderCompressionOff==1 AND filterOff==1 AND mtOff==1,0,1.0,1.0,1.0,49
4-wise,4870,587,HeaderCompressionOff = 1 AND filterOff = 1 AND mtOff = 1,HeaderCompressionOff==1 AND filterOff==1 AND mtOff==1,0,1.0,1.0,1.0,49
full,68640,8580,HeaderCompressionOff = 1 AND filterOff = 1 AND tmOff = 1,tmOff==1 AND HeaderCompressionOff==1 AND filterOff==1,0,1.0,1.0,1.0,4
random_5,60,6,HeaderCompressionOff = 1 AND filterOff = 1 AND tmOff = 1,BlockSize==32 AND filterOff==1 AND mtOff==1,0,0.0,0.0,0.0,4
random_10,120,11,HeaderCompressionOff = 1 AND filterOff = 1 AND tmOff = 1,x==0 AND Files==100 AND filterOff==1 AND mtOff==1,0,0.0,0.0,0.0,4
random_20,240,29,HeaderCompressionOff = 1 AND filterOff = 1 AND tmOff = 1,x==0 AND BlockSize==1,0,0.0,0.0,0.0,4
2-wise,163,21,HeaderCompressionOff = 1 AND filterOff = 1 AND tmOff = 1,tmOff==1 AND HeaderCompressionOff==1 AND filterOff==1,1,1.0,1.0,1.0,4
3-wise,1141,148,HeaderCompressionOff = 1 AND filterOff = 1 AND tmOff = 1,tmOff==1 AND HeaderCompressionOff==1 AND filterOff==1,0,1.0,1.0,1.0,4
4-wise,4895,603,HeaderCompressionOff = 1 AND filterOff = 1 AND tmOff = 1,tmOff==1 AND HeaderCompressionOff==1 AND filterOff==1,0,1.0,1.0,1.0,4
full,68640,8580,HeaderCompressionOff = 1 AND filterOff = 1 AND mtOff = 1,HeaderCompressionOff==1 AND filterOff==1 AND mtOff==1,0,1.0,1.0,1.0,50
random_2,24,3,HeaderCompressionOff = 1 AND filterOff = 1 AND mtOff = 1,BZip2==1 AND tmOff==1 AND HeaderCompressionOff==1,0,0.0,0.0,0.0,50
random_5,60,6,HeaderCompressionOff = 1 AND filterOff = 1 AND mtOff = 1,Files==40 AND mtOff==0,0,0.0,0.0,0.0,50
random_10,120,9,HeaderCompressionOff = 1 AND filterOff = 1 AND mtOff = 1,BlockSize==1 AND Files==30 AND PPMd==1,0,0.0,0.0,0.0,50
random_20,240,20,HeaderCompressionOff = 1 AND filterOff = 1 AND mtOff = 1,BZip2==1 AND tmOff==0 AND BlockSize==128,0,0.0,0.0,0.0,50
2-wise,170,13,HeaderCompressionOff = 1 AND filterOff = 1 AND mtOff = 1,BZip2==1 AND Files==60,0,0.0,0.0,0.0,50
3-wise,1119,131,HeaderCompressionOff = 1 AND filterOff = 1 AND mtOff = 1,HeaderCompressionOff==1 AND filterOff==1 AND mtOff==1,0,1.0,1.0,1.0,50
4-wise,4881,621,HeaderCompressionOff = 1 AND filterOff = 1 AND mtOff = 1,HeaderCompressionOff==1 AND filterOff==1 AND mtOff==1,0,1.0,1.0,1.0,50
full,68640,8580,HeaderCompressionOff = 1 AND filterOff = 1 AND tmOff = 1,tmOff==1 AND HeaderCompressionOff==1 AND filterOff==1,0,1.0,1.0,1.0,51
random_2,24,4,HeaderCompressionOff = 1 AND filterOff = 1 AND tmOff = 1,x==6 AND filterOff==0 AND mtOff==1,0,0.0,0.0,0.0,51
random_5,60,11,HeaderCompressionOff = 1 AND filterOff = 1 AND tmOff = 1,Deflate==0 AND Files==90 AND HeaderCompressionOff==0,0,0.0,0.0,0.0,51
random_10,120,19,HeaderCompressionOff = 1 AND filterOff = 1 AND tmOff = 1,BlockSize==1024 AND Files==60,0,0.0,0.0,0.0,51
random_20,240,38,HeaderCompressionOff = 1 AND filterOff = 1 AND tmOff = 1,x==2 AND Files==80 AND HeaderCompressionOff==1,0,0.0,0.0,0.0,51
2-wise,167,24,HeaderCompressionOff = 1 AND filterOff = 1 AND tmOff = 1,x==4 AND Files==0 AND PPMd==1,0,0.0,0.0,0.0,51
3-wise,1113,166,HeaderCompressionOff = 1 AND filterOff = 1 AND tmOff = 1,tmOff==1 AND HeaderCompressionOff==1 AND filterOff==1,0,1.0,1.0,1.0,51
4-wise,4903,597,HeaderCompressionOff = 1 AND filterOff = 1 AND tmOff = 1,LZMA2==0,1,0.2197220383851753,0.1265243902439024,0.8341708542713567,51
full,68640,8580,filterOff = 1 AND mtOff = 1 AND tmOff = 1,tmOff==1 AND filterOff==1 AND mtOff==1,0,1.0,1.0,1.0,52
random_2,24,3,filterOff = 1 AND mtOff = 1 AND tmOff = 1,Files==80,0,0.0,0.0,0.0,52
random_5,60,4,filterOff = 1 AND mtOff = 1 AND tmOff = 1,Files==100 AND HeaderCompressionOff==0 AND PPMd==0,0,0.0,0.0,0.0,52
random_10,120,13,filterOff = 1 AND mtOff = 1 AND tmOff = 1,Files==20 AND HeaderCompressionOff==0 AND filterOff==0,0,0.0,0.0,0.0,52
random_20,240,21,filterOff = 1 AND mtOff = 1 AND tmOff = 1,Deflate==1 AND Files==90,0,0.0,0.0,0.0,52
2-wise,161,18,filterOff = 1 AND mtOff = 1 AND tmOff = 1,Deflate==1 AND Files==40 AND mtOff==0,0,0.0,0.0,0.0,52
3-wise,1110,131,filterOff = 1 AND mtOff = 1 AND tmOff = 1,tmOff==1 AND filterOff==1 AND mtOff==1,0,1.0,1.0,1.0,52
4-wise,4900,579,filterOff = 1 AND mtOff = 1 AND tmOff = 1,tmOff==1 AND filterOff==1 AND mtOff==1,0,1.0,1.0,1.0,52
full,68640,8580,HeaderCompressionOff = 1 AND filterOff = 1 AND tmOff = 1,tmOff==1 AND HeaderCompressionOff==1 AND filterOff==1,0,1.0,1.0,1.0,53
random_2,24,2,HeaderCompressionOff = 1 AND filterOff = 1 AND tmOff = 1,x==2 AND filterOff==0,0,0.0,0.0,0.0,53
random_5,60,11,HeaderCompressionOff = 1 AND filterOff = 1 AND tmOff = 1,BlockSize==256 AND mtOff==1,0,0.0,0.0,0.0,53
random_10,120,16,HeaderCompressionOff = 1 AND filterOff = 1 AND tmOff = 1,BlockSize==16 AND Deflate==0 AND HeaderCompressionOff==0 AND filterOff==1,0,0.0,0.0,0.0,53
random_20,240,31,HeaderCompressionOff = 1 AND filterOff = 1 AND tmOff = 1,BlockSize==128 AND Files==60 AND LZMA2==1,0,0.0,0.0,0.0,53
2-wise,171,20,HeaderCompressionOff = 1 AND filterOff = 1 AND tmOff = 1,BZip2==0 AND BlockSize==64 AND LZMA2==0 AND mtOff==1,0,0.0,0.0,0.0,53
3-wise,1115,130,HeaderCompressionOff = 1 AND filterOff = 1 AND tmOff = 1,tmOff==1 AND HeaderCompressionOff==1 AND filterOff==1,0,1.0,1.0,1.0,53
4-wise,4868,620,HeaderCompressionOff = 1 AND filterOff = 1 AND tmOff = 1,tmOff==1 AND HeaderCompressionOff==1 AND filterOff==1,0,1.0,1.0,1.0,53
full,68640,8580,HeaderCompressionOff = 1 AND mtOff = 1 AND tmOff = 1,tmOff==1 AND HeaderCompressionOff==1 AND mtOff==1,0,1.0,1.0,1.0,54
random_2,24,2,HeaderCompressionOff = 1 AND mtOff = 1 AND tmOff = 1,BlockSize==256 AND LZMA2==0 AND mtOff==0,0,0.0,0.0,0.0,54
random_5,60,7,HeaderCompressionOff = 1 AND mtOff = 1 AND tmOff = 1,x==2 AND HeaderCompressionOff==1 AND PPMd==0,0,0.0,0.0,0.0,54
random_10,120,10,HeaderCompressionOff = 1 AND mtOff = 1 AND tmOff = 1,x==0 AND BlockSize==16,0,0.0,0.0,0.0,54
random_20,240,23,HeaderCompressionOff = 1 AND mtOff = 1 AND tmOff = 1,x==6 AND Files==60 AND filterOff==0,0,0.0,0.0,0.0,54
2-wise,171,19,HeaderCompressionOff = 1 AND mtOff = 1 AND tmOff = 1,BlockSize==128 AND Files==0 AND filterOff==0,0,0.0,0.0,0.0,54
3-wise,1129,157,HeaderCompressionOff = 1 AND mtOff = 1 AND tmOff = 1,tmOff==1 AND HeaderCompressionOff==1 AND mtOff==1,0,1.0,1.0,1.0,54
4-wise,4874,635,HeaderCompressionOff = 1 AND mtOff = 1 AND tmOff = 1,tmOff==1 AND HeaderCompressionOff==1 AND mtOff==1,0,1.0,1.0,1.0,54
full,68640,8580,HeaderCompressionOff = 1 AND mtOff = 1 AND tmOff = 1,tmOff==1 AND HeaderCompressionOff==1 AND mtOff==1,0,1.0,1.0,1.0,55
random_2,24,2,HeaderCompressionOff = 1 AND mtOff = 1 AND tmOff = 1,tmOff==0 AND Files==60,0,0.0,0.0,0.0,55
random_5,60,9,HeaderCompressionOff = 1 AND mtOff = 1 AND tmOff = 1,BZip2==0 AND Files==40 AND LZMA2==0 AND filterOff==1,0,0.0,0.0,0.0,55
random_10,120,17,HeaderCompressionOff = 1 AND mtOff = 1 AND tmOff = 1,Files==0 AND filterOff==0 AND mtOff==1,0,0.2105263157894736,1.0,0.1176470588235294,55
random_20,240,33,HeaderCompressionOff = 1 AND mtOff = 1 AND tmOff = 1,BlockSize==16 AND Files==100,0,0.0,0.0,0.0,55
2-wise,165,24,HeaderCompressionOff = 1 AND mtOff = 1 AND tmOff = 1,BlockSize==512 AND Files==100 AND mtOff==0,0,0.0,0.0,0.0,55
3-wise,1110,139,HeaderCompressionOff = 1 AND mtOff = 1 AND tmOff = 1,tmOff==1 AND HeaderCompressionOff==1 AND mtOff==1,0,1.0,1.0,1.0,55
4-wise,4910,608,HeaderCompressionOff = 1 AND mtOff = 1 AND tmOff = 1,tmOff==1 AND HeaderCompressionOff==1 AND mtOff==1,0,1.0,1.0,1.0,55
full,68640,8580,HeaderCompressionOff = 1 AND filterOff = 1 AND tmOff = 1,tmOff==1 AND HeaderCompressionOff==1 AND filterOff==1,0,1.0,1.0,1.0,56
random_2,24,4,HeaderCompressionOff = 1 AND filterOff = 1 AND tmOff = 1,BlockSize==32,0,0.0,0.0,0.0,56
random_5,60,6,HeaderCompressionOff = 1 AND filterOff = 1 AND tmOff = 1,Files==80 AND LZMA==0 AND mtOff==0,0,0.0,0.0,0.0,56
random_10,120,16,HeaderCompressionOff = 1 AND filterOff = 1 AND tmOff = 1,tmOff==1 AND Deflate==0 AND Files==20 AND filterOff==0,0,0.0,0.0,0.0,56
random_20,240,34,HeaderCompressionOff = 1 AND filterOff = 1 AND tmOff = 1,BlockSize==8 AND LZMA2==1,0,0.1111111111111111,1.0,0.0588235294117647,56
2-wise,165,25,HeaderCompressionOff = 1 AND filterOff = 1 AND tmOff = 1,Files==70 AND PPMd==0 AND filterOff==0,0,0.0,0.0,0.0,56
3-wise,1100,135,HeaderCompressionOff = 1 AND filterOff = 1 AND tmOff = 1,tmOff==1 AND HeaderCompressionOff==1 AND filterOff==1,0,1.0,1.0,1.0,56
4-wise,4853,632,HeaderCompressionOff = 1 AND filterOff = 1 AND tmOff = 1,tmOff==1 AND HeaderCompressionOff==1 AND filterOff==1,0,1.0,1.0,1.0,56
full,68640,8580,filterOff = 1 AND mtOff = 1 AND tmOff = 1,tmOff==1 AND filterOff==1 AND mtOff==1,0,1.0,1.0,1.0,57
random_2,24,1,filterOff = 1 AND mtOff = 1 AND tmOff = 1,tmOff==0 AND x==2 AND mtOff==0,0,0.0,0.0,0.0,57
random_5,60,8,filterOff = 1 AND mtOff = 1 AND tmOff = 1,Files==60 AND HeaderCompressionOff==1 AND filterOff==0,0,0.0,0.0,0.0,57
random_10,120,19,filterOff = 1 AND mtOff = 1 AND tmOff = 1,BlockSize==256 AND Files==70,0,0.0,0.0,0.0,57
random_20,240,33,filterOff = 1 AND mtOff = 1 AND tmOff = 1,Files==60 AND HeaderCompressionOff==0 AND LZMA2==1 AND filterOff==1,0,0.0,0.0,0.0,57
2-wise,168,26,filterOff = 1 AND mtOff = 1 AND tmOff = 1,x==6 AND Deflate==1 AND filterOff==0 AND mtOff==0,0,0.0,0.0,0.0,57
3-wise,1120,131,filterOff = 1 AND mtOff = 1 AND tmOff = 1,PPMd==0,0,0.2125603864734299,0.1216814159292035,0.8396946564885496,57
4-wise,4895,646,filterOff = 1 AND mtOff = 1 AND tmOff = 1,tmOff==1 AND filterOff==1 AND mtOff==1,0,1.0,1.0,1.0,57
full,68640,8580,HeaderCompressionOff = 1 AND filterOff = 1 AND mtOff = 1,HeaderCompressionOff==1 AND filterOff==1 AND mtOff==1,0,1.0,1.0,1.0,58
random_2,24,1,HeaderCompressionOff = 1 AND filterOff = 1 AND mtOff = 1,HeaderCompressionOff==0 AND filterOff==0 AND mtOff==1,0,0.0,0.0,0.0,58
random_5,60,8,HeaderCompressionOff = 1 AND filterOff = 1 AND mtOff = 1,Files==70 AND mtOff==0,0,0.0,0.0,0.0,58
random_10,120,14,HeaderCompressionOff = 1 AND filterOff = 1 AND mtOff = 1,Deflate==0 AND Files==10 AND mtOff==1,0,0.25,1.0,0.1428571428571428,58
random_20,240,29,HeaderCompressionOff = 1 AND filterOff = 1 AND mtOff = 1,tmOff==0 AND x==0 AND HeaderCompressionOff==1 AND PPMd==1,0,0.0,0.0,0.0,58
2-wise,172,26,HeaderCompressionOff = 1 AND filterOff = 1 AND mtOff = 1,Deflate==1 AND Files==60 AND HeaderCompressionOff==1,0,0.0,0.0,0.0,58
3-wise,1112,154,HeaderCompressionOff = 1 AND filterOff = 1 AND mtOff = 1,HeaderCompressionOff==1 AND filterOff==1 AND mtOff==1,0,1.0,1.0,1.0,58
4-wise,4913,637,HeaderCompressionOff = 1 AND filterOff = 1 AND mtOff = 1,HeaderCompressionOff==1 AND filterOff==1 AND mtOff==1,0,1.0,1.0,1.0,58
full,68640,8580,HeaderCompressionOff = 1 AND filterOff = 1 AND mtOff = 1,HeaderCompressionOff==1 AND filterOff==1 AND mtOff==1,0,1.0,1.0,1.0,59
random_2,24,4,HeaderCompressionOff = 1 AND filterOff = 1 AND mtOff = 1,x==6 AND HeaderCompressionOff==1,0,0.0,0.0,0.0,59
random_5,60,8,HeaderCompressionOff = 1 AND filterOff = 1 AND mtOff = 1,x==4 AND Files==0 AND HeaderCompressionOff==0,0,0.0,0.0,0.0,59
random_10,120,13,HeaderCompressionOff = 1 AND filterOff = 1 AND mtOff = 1,x==8 AND BlockSize==2048,0,0.0,0.0,0.0,59
random_20,240,25,HeaderCompressionOff = 1 AND filterOff = 1 AND mtOff = 1,x==0 AND BlockSize==4096 AND mtOff==1,0,0.0,0.0,0.0,59
2-wise,173,24,HeaderCompressionOff = 1 AND filterOff = 1 AND mtOff = 1,x==4 AND BlockSize==1 AND filterOff==0 AND mtOff==0,0,0.0,0.0,0.0,59
3-wise,1133,122,HeaderCompressionOff = 1 AND filterOff = 1 AND mtOff = 1,HeaderCompressionOff==1 AND filterOff==1 AND mtOff==1,0,1.0,1.0,1.0,59
4-wise,4872,637,HeaderCompressionOff = 1 AND filterOff = 1 AND mtOff = 1,HeaderCompressionOff==1 AND filterOff==1 AND mtOff==1,0,1.0,1.0,1.0,59
full,68640,8580,HeaderCompressionOff = 1 AND mtOff = 1 AND tmOff = 1,tmOff==1 AND HeaderCompressionOff==1 AND mtOff==1,0,1.0,1.0,1.0,5
random_2,24,3,HeaderCompressionOff = 1 AND mtOff = 1 AND tmOff = 1,tmOff==0 AND mtOff==1,0,0.0,0.0,0.0,5
random_5,60,7,HeaderCompressionOff = 1 AND mtOff = 1 AND tmOff = 1,x==6 AND Files==70 AND LZMA2==0,0,0.0,0.0,0.0,5
random_10,120,17,HeaderCompressionOff = 1 AND mtOff = 1 AND tmOff = 1,BlockSize==8 AND LZMA2==1 AND filterOff==1,0,0.0,0.0,0.0,5
random_20,240,36,HeaderCompressionOff = 1 AND mtOff = 1 AND tmOff = 1,BlockSize==1024 AND Files==100,0,0.0,0.0,0.0,5
2-wise,169,23,HeaderCompressionOff = 1 AND mtOff = 1 AND tmOff = 1,Files==0 AND HeaderCompressionOff==0 AND filterOff==0,0,0.0,0.0,0.0,5
3-wise,1124,126,HeaderCompressionOff = 1 AND mtOff = 1 AND tmOff = 1,tmOff==1 AND HeaderCompressionOff==1 AND mtOff==1,0,1.0,1.0,1.0,5
4-wise,4853,627,HeaderCompressionOff = 1 AND mtOff = 1 AND tmOff = 1,tmOff==1 AND HeaderCompressionOff==1 AND mtOff==1,0,1.0,1.0,1.0,5
full,68640,8580,filterOff = 1 AND mtOff = 1 AND tmOff = 1,tmOff==1 AND filterOff==1 AND mtOff==1,0,1.0,1.0,1.0,60
random_2,24,7,filterOff = 1 AND mtOff = 1 AND tmOff = 1,Deflate==1 AND mtOff==0,0,0.0,0.0,0.0,60
random_5,60,12,filterOff = 1 AND mtOff = 1 AND tmOff = 1,tmOff==1 AND x==0 AND mtOff==0,0,0.0,0.0,0.0,60
random_10,120,21,filterOff = 1 AND mtOff = 1 AND tmOff = 1,BlockSize==2048 AND Files==40,0,0.1739130434782608,1.0,0.0952380952380952,60
random_20,240,40,filterOff = 1 AND mtOff = 1 AND tmOff = 1,x==2 AND Files==40,0,0.0,0.0,0.0,60
2-wise,171,29,filterOff = 1 AND mtOff = 1 AND tmOff = 1,x==2 AND Deflate==1 AND HeaderCompressionOff==0 AND filterOff==0,0,0.0,0.0,0.0,60
3-wise,1120,127,filterOff = 1 AND mtOff = 1 AND tmOff = 1,tmOff==1 AND filterOff==1 AND mtOff==1,0,1.0,1.0,1.0,60
4-wise,4869,558,filterOff = 1 AND mtOff = 1 AND tmOff = 1,tmOff==1 AND filterOff==1 AND mtOff==1,0,1.0,1.0,1.0,60
full,68640,8580,HeaderCompressionOff = 1 AND filterOff = 1 AND tmOff = 1,tmOff==1 AND HeaderCompressionOff==1 AND filterOff==1,0,1.0,1.0,1.0,61
random_2,24,3,HeaderCompressionOff = 1 AND filterOff = 1 AND tmOff = 1,BlockSize==8 AND mtOff==0,0,0.0,0.0,0.0,61
random_5,60,6,HeaderCompressionOff = 1 AND filterOff = 1 AND tmOff = 1,BlockSize==8 AND HeaderCompressionOff==0 AND filterOff==0,0,0.0,0.0,0.0,61
random_10,120,14,HeaderCompressionOff = 1 AND filterOff = 1 AND tmOff = 1,x==8 AND Files==80,0,0.0,0.0,0.0,61
random_20,240,31,HeaderCompressionOff = 1 AND filterOff = 1 AND tmOff = 1,x==10 AND Files==70 AND mtOff==1,0,0.0,0.0,0.0,61
2-wise,173,22,HeaderCompressionOff = 1 AND filterOff = 1 AND tmOff = 1,Files==20 AND LZMA==1 AND mtOff==1,0,0.0,0.0,0.0,61
3-wise,1118,141,HeaderCompressionOff = 1 AND filterOff = 1 AND tmOff = 1,tmOff==1 AND HeaderCompressionOff==1 AND filterOff==1,0,1.0,1.0,1.0,61
4-wise,4868,613,HeaderCompressionOff = 1 AND filterOff = 1 AND tmOff = 1,tmOff==1 AND HeaderCompressionOff==1 AND filterOff==1,0,1.0,1.0,1.0,61
full,68640,8580,filterOff = 1 AND mtOff = 1 AND tmOff = 1,tmOff==1 AND filterOff==1 AND mtOff==1,0,1.0,1.0,1.0,62
random_2,24,1,filterOff = 1 AND mtOff = 1 AND tmOff = 1,tmOff==0 AND Deflate==0 AND LZMA==0 AND mtOff==0,0,0.0,0.0,0.0,62
random_5,60,2,filterOff = 1 AND mtOff = 1 AND tmOff = 1,BlockSize==4096 AND Deflate==0 AND filterOff==1,0,0.0,0.0,0.0,62
random_10,120,10,filterOff = 1 AND mtOff = 1 AND tmOff = 1,x==10 AND BlockSize==4096 AND HeaderCompressionOff==1 AND mtOff==0,0,0.0,0.0,0.0,62
random_20,240,25,filterOff = 1 AND mtOff = 1 AND tmOff = 1,BlockSize==1 AND Files==50,0,0.0,0.0,0.0,62
2-wise,169,17,filterOff = 1 AND mtOff = 1 AND tmOff = 1,BZip2==1 AND Files==100 AND HeaderCompressionOff==1,0,0.0,0.0,0.0,62
3-wise,1123,140,filterOff = 1 AND mtOff = 1 AND tmOff = 1,LZMA==0,3,0.2263056092843327,0.1308724832214765,0.8357142857142857,62
4-wise,4853,593,filterOff = 1 AND mtOff = 1 AND tmOff = 1,PPMd==0,2,0.214349376114082,0.1234916559691912,0.8111298482293423,62
full,68640,8580,HeaderCompressionOff = 1 AND filterOff = 1 AND mtOff = 1,HeaderCompressionOff==1 AND filterOff==1 AND mtOff==1,0,1.0,1.0,1.0,63
random_2,24,7,HeaderCompressionOff = 1 AND filterOff = 1 AND mtOff = 1,x==8 AND PPMd==0 AND filterOff==0,0,0.0,0.0,0.0,63
random_5,60,12,HeaderCompressionOff = 1 AND filterOff = 1 AND mtOff = 1,x==8 AND Deflate==1,0,0.0,0.0,0.0,63
random_10,120,21,HeaderCompressionOff = 1 AND filterOff = 1 AND mtOff = 1,BlockSize==1024 AND filterOff==0 AND mtOff==0,0,0.0,0.0,0.0,63
random_20,240,35,HeaderCompressionOff = 1 AND filterOff = 1 AND mtOff = 1,BlockSize==2 AND Files==0,0,0.0,0.0,0.0,63
2-wise,166,23,HeaderCompressionOff = 1 AND filterOff = 1 AND mtOff = 1,x==4 AND PPMd==1 AND filterOff==0,0,0.0,0.0,0.0,63
3-wise,1121,138,HeaderCompressionOff = 1 AND filterOff = 1 AND mtOff = 1,HeaderCompressionOff==1 AND filterOff==1 AND mtOff==1,0,1.0,1.0,1.0,63
4-wise,4842,622,HeaderCompressionOff = 1 AND filterOff = 1 AND mtOff = 1,HeaderCompressionOff==1 AND filterOff==1 AND mtOff==1,0,1.0,1.0,1.0,63
full,68640,8580,HeaderCompressionOff = 1 AND filterOff = 1 AND tmOff = 1,tmOff==1 AND HeaderCompressionOff==1 AND filterOff==1,0,1.0,1.0,1.0,64
random_2,24,1,HeaderCompressionOff = 1 AND filterOff = 1 AND tmOff = 1,BlockSize==2 AND PPMd==0,0,0.0,0.0,0.0,64
random_5,60,7,HeaderCompressionOff = 1 AND filterOff = 1 AND tmOff = 1,tmOff==1 AND x==8 AND filterOff==0,0,0.0,0.0,0.0,64
random_10,120,18,HeaderCompressionOff = 1 AND filterOff = 1 AND tmOff = 1,x==6 AND Files==70 AND HeaderCompressionOff==0,0,0.0,0.0,0.0,64
random_20,240,30,HeaderCompressionOff = 1 AND filterOff = 1 AND tmOff = 1,x==0 AND Files==40 AND filterOff==1,0,0.0,0.0,0.0,64
2-wise,167,22,HeaderCompressionOff = 1 AND filterOff = 1 AND tmOff = 1,BZip2==1 AND BlockSize==256 AND filterOff==1,0,0.0,0.0,0.0,64
3-wise,1116,133,HeaderCompressionOff = 1 AND filterOff = 1 AND tmOff = 1,tmOff==1 AND HeaderCompressionOff==1 AND filterOff==1,0,1.0,1.0,1.0,64
4-wise,4903,627,HeaderCompressionOff = 1 AND filterOff = 1 AND tmOff = 1,tmOff==1 AND HeaderCompressionOff==1 AND filterOff==1,0,1.0,1.0,1.0,64
full,68640,8580,filterOff = 1 AND mtOff = 1 AND tmOff = 1,tmOff==1 AND filterOff==1 AND mtOff==1,0,1.0,1.0,1.0,65
random_2,24,6,filterOff = 1 AND mtOff = 1 AND tmOff = 1,tmOff==1 AND PPMd==0 AND mtOff==0,0,0.0,0.0,0.0,65
random_5,60,11,filterOff = 1 AND mtOff = 1 AND tmOff = 1,BlockSize==4 AND PPMd==0 AND filterOff==1,0,0.3076923076923077,1.0,0.1818181818181818,65
random_10,120,20,filterOff = 1 AND mtOff = 1 AND tmOff = 1,x==2 AND BlockSize==64 AND mtOff==0,0,0.0,0.0,0.0,65
random_20,240,31,filterOff = 1 AND mtOff = 1 AND tmOff = 1,x==8 AND Files==70 AND PPMd==1,0,0.0,0.0,0.0,65
2-wise,169,20,filterOff = 1 AND mtOff = 1 AND tmOff = 1,tmOff==1 AND Files==100 AND LZMA2==1 AND filterOff==0,0,0.0,0.0,0.0,65
3-wise,1104,150,filterOff = 1 AND mtOff = 1 AND tmOff = 1,tmOff==1 AND filterOff==1 AND mtOff==1,0,1.0,1.0,1.0,65
4-wise,4871,640,filterOff = 1 AND mtOff = 1 AND tmOff = 1,tmOff==1 AND filterOff==1 AND mtOff==1,0,1.0,1.0,1.0,65
full,68640,8580,HeaderCompressionOff = 1 AND filterOff = 1 AND mtOff = 1,HeaderCompressionOff==1 AND filterOff==1 AND mtOff==1,0,1.0,1.0,1.0,66
random_2,24,4,HeaderCompressionOff = 1 AND filterOff = 1 AND mtOff = 1,BlockSize==4096,0,0.0,0.0,0.0,66
random_5,60,8,HeaderCompressionOff = 1 AND filterOff = 1 AND mtOff = 1,tmOff==0 AND Files==30 AND filterOff==0,0,0.0,0.0,0.0,66
random_10,120,20,HeaderCompressionOff = 1 AND filterOff = 1 AND mtOff = 1,BlockSize==256 AND filterOff==1,0,0.0,0.0,0.0,66
random_20,240,38,HeaderCompressionOff = 1 AND filterOff = 1 AND mtOff = 1,x==2 AND LZMA2==1 AND mtOff==0,0,0.0,0.0,0.0,66
2-wise,170,23,HeaderCompressionOff = 1 AND filterOff = 1 AND mtOff = 1,x==6 AND BlockSize==16 AND mtOff==1,0,0.16,1.0,0.0869565217391304,66
3-wise,1110,130,HeaderCompressionOff = 1 AND filterOff = 1 AND mtOff = 1,LZMA==0,4,0.2081712062256809,0.1191536748329621,0.823076923076923,66
4-wise,4850,575,HeaderCompressionOff = 1 AND filterOff = 1 AND mtOff = 1,HeaderCompressionOff==1 AND filterOff==1 AND mtOff==1,0,1.0,1.0,1.0,66
full,68640,8580,filterOff = 1 AND mtOff = 1 AND tmOff = 1,tmOff==1 AND filterOff==1 AND mtOff==1,0,1.0,1.0,1.0,67
random_2,24,2,filterOff = 1 AND mtOff = 1 AND tmOff = 1,HeaderCompressionOff==0 AND LZMA==1,0,0.0,0.0,0.0,67
random_5,60,4,filterOff = 1 AND mtOff = 1 AND tmOff = 1,BlockSize==2 AND Deflate==1,0,0.0,0.0,0.0,67
random_10,120,17,filterOff = 1 AND mtOff = 1 AND tmOff = 1,tmOff==1 AND x==6 AND LZMA==1,0,0.0,0.0,0.0,67
random_20,240,32,filterOff = 1 AND mtOff = 1 AND tmOff = 1,BlockSize==64 AND Deflate==1 AND HeaderCompressionOff==1,0,0.0,0.0,0.0,67
2-wise,167,23,filterOff = 1 AND mtOff = 1 AND tmOff = 1,BlockSize==1024 AND PPMd==1,0,0.0,0.0,0.0,67
3-wise,1131,131,filterOff = 1 AND mtOff = 1 AND tmOff = 1,tmOff==1 AND filterOff==1 AND mtOff==1,0,1.0,1.0,1.0,67
4-wise,4904,620,filterOff = 1 AND mtOff = 1 AND tmOff = 1,tmOff==1 AND filterOff==1 AND mtOff==1,0,1.0,1.0,1.0,67
full,68640,8580,HeaderCompressionOff = 1 AND filterOff = 1 AND mtOff = 1,HeaderCompressionOff==1 AND filterOff==1 AND mtOff==1,0,1.0,1.0,1.0,68
random_2,24,2,HeaderCompressionOff = 1 AND filterOff = 1 AND mtOff = 1,x==10 AND filterOff==0 AND mtOff==0,0,0.0,0.0,0.0,68
random_5,60,8,HeaderCompressionOff = 1 AND filterOff = 1 AND mtOff = 1,Files==40 AND LZMA2==0 AND PPMd==0,0,0.0,0.0,0.0,68
random_10,120,19,HeaderCompressionOff = 1 AND filterOff = 1 AND mtOff = 1,Files==40 AND LZMA2==1,0,0.0,0.0,0.0,68
random_20,240,31,HeaderCompressionOff = 1 AND filterOff = 1 AND mtOff = 1,Files==80 AND HeaderCompressionOff==1 AND LZMA2==1,0,0.0,0.0,0.0,68
2-wise,163,21,HeaderCompressionOff = 1 AND filterOff = 1 AND mtOff = 1,BlockSize==2048 AND PPMd==1 AND mtOff==0,0,0.0,0.0,0.0,68
3-wise,1129,125,HeaderCompressionOff = 1 AND filterOff = 1 AND mtOff = 1,HeaderCompressionOff==1 AND filterOff==1 AND mtOff==1,0,1.0,1.0,1.0,68
4-wise,4855,583,HeaderCompressionOff = 1 AND filterOff = 1 AND mtOff = 1,HeaderCompressionOff==1 AND filterOff==1 AND mtOff==1,0,1.0,1.0,1.0,68
full,68640,8580,HeaderCompressionOff = 1 AND filterOff = 1 AND tmOff = 1,tmOff==1 AND HeaderCompressionOff==1 AND filterOff==1,0,1.0,1.0,1.0,69
random_2,24,4,HeaderCompressionOff = 1 AND filterOff = 1 AND tmOff = 1,x==4 AND Files==30,0,0.0,0.0,0.0,69
random_5,60,7,HeaderCompressionOff = 1 AND filterOff = 1 AND tmOff = 1,x==0 AND mtOff==0,0,0.0,0.0,0.0,69
random_10,120,9,HeaderCompressionOff = 1 AND filterOff = 1 AND tmOff = 1,BlockSize==1 AND filterOff==0,0,0.0,0.0,0.0,69
random_20,240,25,HeaderCompressionOff = 1 AND filterOff = 1 AND tmOff = 1,BZip2==0 AND tmOff==0 AND Files==70,0,0.0,0.0,0.0,69
2-wise,166,20,HeaderCompressionOff = 1 AND filterOff = 1 AND tmOff = 1,tmOff==0 AND BlockSize==8 AND LZMA==0 AND mtOff==0,0,0.0,0.0,0.0,69
3-wise,1118,150,HeaderCompressionOff = 1 AND filterOff = 1 AND tmOff = 1,tmOff==1 AND HeaderCompressionOff==1 AND filterOff==1,0,1.0,1.0,1.0,69
4-wise,4886,622,HeaderCompressionOff = 1 AND filterOff = 1 AND tmOff = 1,tmOff==1 AND HeaderCompressionOff==1 AND filterOff==1,0,1.0,1.0,1.0,69
full,68640,8580,filterOff = 1 AND mtOff = 1 AND tmOff = 1,tmOff==1 AND filterOff==1 AND mtOff==1,0,1.0,1.0,1.0,6
random_2,24,3,filterOff = 1 AND mtOff = 1 AND tmOff = 1,BZip2==1 AND filterOff==0 AND mtOff==1,0,0.0,0.0,0.0,6
random_5,60,6,filterOff = 1 AND mtOff = 1 AND tmOff = 1,Deflate==0 AND Files==10 AND HeaderCompressionOff==1,0,0.0,0.0,0.0,6
random_10,120,10,filterOff = 1 AND mtOff = 1 AND tmOff = 1,BlockSize==2 AND LZMA==0 AND mtOff==0,0,0.0,0.0,0.0,6
random_20,240,31,filterOff = 1 AND mtOff = 1 AND tmOff = 1,tmOff==1 AND x==0 AND Files==60,0,0.0,0.0,0.0,6
2-wise,165,16,filterOff = 1 AND mtOff = 1 AND tmOff = 1,BlockSize==2048 AND LZMA==1,0,0.0,0.0,0.0,6
3-wise,1116,150,filterOff = 1 AND mtOff = 1 AND tmOff = 1,tmOff==1 AND filterOff==1 AND mtOff==1,0,1.0,1.0,1.0,6
4-wise,4883,592,filterOff = 1 AND mtOff = 1 AND tmOff = 1,tmOff==1 AND filterOff==1 AND mtOff==1,0,1.0,1.0,1.0,6
full,68640,8580,HeaderCompressionOff = 1 AND mtOff = 1 AND tmOff = 1,tmOff==1 AND HeaderCompressionOff==1 AND mtOff==1,0,1.0,1.0,1.0,70
random_2,24,1,HeaderCompressionOff = 1 AND mtOff = 1 AND tmOff = 1,x==8 AND filterOff==1,0,0.0,0.0,0.0,70
random_5,60,4,HeaderCompressionOff = 1 AND mtOff = 1 AND tmOff = 1,BlockSize==1 AND LZMA==0,0,0.0,0.0,0.0,70
random_10,120,13,HeaderCompressionOff = 1 AND mtOff = 1 AND tmOff = 1,BlockSize==2 AND HeaderCompressionOff==1 AND filterOff==1 AND mtOff==0,0,0.0,0.0,0.0,70
random_20,240,27,HeaderCompressionOff = 1 AND mtOff = 1 AND tmOff = 1,x==10 AND BlockSize==256,0,0.0,0.0,0.0,70
2-wise,170,20,HeaderCompressionOff = 1 AND mtOff = 1 AND tmOff = 1,BlockSize==4096 AND LZMA==1,0,0.0,0.0,0.0,70
3-wise,1110,122,HeaderCompressionOff = 1 AND mtOff = 1 AND tmOff = 1,tmOff==1 AND HeaderCompressionOff==1 AND mtOff==1,0,1.0,1.0,1.0,70
4-wise,4890,603,HeaderCompressionOff = 1 AND mtOff = 1 AND tmOff = 1,tmOff==1 AND HeaderCompressionOff==1 AND mtOff==1,0,1.0,1.0,1.0,70
full,68640,8580,filterOff = 1 AND mtOff = 1 AND tmOff = 1,tmOff==1 AND filterOff==1 AND mtOff==1,0,1.0,1.0,1.0,71
random_2,24,3,filterOff = 1 AND mtOff = 1 AND tmOff = 1,Deflate==1 AND mtOff==0,0,0.0,0.0,0.0,71
random_5,60,9,filterOff = 1 AND mtOff = 1 AND tmOff = 1,BlockSize==512,0,0.0,0.0,0.0,71
random_10,120,19,filterOff = 1 AND mtOff = 1 AND tmOff = 1,BlockSize==1 AND PPMd==1,0,0.0,0.0,0.0,71
random_20,240,34,filterOff = 1 AND mtOff = 1 AND tmOff = 1,tmOff==1 AND filterOff==1 AND mtOff==1,0,1.0,1.0,1.0,71
2-wise,164,32,filterOff = 1 AND mtOff = 1 AND tmOff = 1,BlockSize==4 AND HeaderCompressionOff==0,0,0.0,0.0,0.0,71
3-wise,1120,120,filterOff = 1 AND mtOff = 1 AND tmOff = 1,BlockSize==2 AND Files==40 AND mtOff==1,0,0.0,0.0,0.0,71
4-wise,4868,611,filterOff = 1 AND mtOff = 1 AND tmOff = 1,tmOff==1 AND filterOff==1 AND mtOff==1,0,1.0,1.0,1.0,71
full,68640,8580,HeaderCompressionOff = 1 AND mtOff = 1 AND tmOff = 1,tmOff==1 AND HeaderCompressionOff==1 AND mtOff==1,0,1.0,1.0,1.0,72
random_2,24,1,HeaderCompressionOff = 1 AND mtOff = 1 AND tmOff = 1,Files==0 AND HeaderCompressionOff==1,0,0.0,0.0,0.0,72
random_5,60,7,HeaderCompressionOff = 1 AND mtOff = 1 AND tmOff = 1,tmOff==1 AND Files==20 AND LZMA2==1,0,0.0,0.0,0.0,72
random_10,120,13,HeaderCompressionOff = 1 AND mtOff = 1 AND tmOff = 1,x==4 AND Files==30 AND mtOff==0,0,0.0,0.0,0.0,72
random_20,240,25,HeaderCompressionOff = 1 AND mtOff = 1 AND tmOff = 1,BlockSize==8 AND Files==80,0,0.0,0.0,0.0,72
2-wise,176,21,HeaderCompressionOff = 1 AND mtOff = 1 AND tmOff = 1,x==8 AND LZMA2==1 AND mtOff==0,0,0.0,0.0,0.0,72
3-wise,1127,128,HeaderCompressionOff = 1 AND mtOff = 1 AND tmOff = 1,tmOff==1 AND HeaderCompressionOff==1 AND mtOff==1,0,1.0,1.0,1.0,72
4-wise,4870,602,HeaderCompressionOff = 1 AND mtOff = 1 AND tmOff = 1,tmOff==1 AND HeaderCompressionOff==1 AND mtOff==1,0,1.0,1.0,1.0,72
full,68640,8580,HeaderCompressionOff = 1 AND filterOff = 1 AND tmOff = 1,tmOff==1 AND HeaderCompressionOff==1 AND filterOff==1,0,1.0,1.0,1.0,73
random_2,24,3,HeaderCompressionOff = 1 AND filterOff = 1 AND tmOff = 1,Files==100 AND filterOff==0,0,0.0,0.0,0.0,73
random_5,60,12,HeaderCompressionOff = 1 AND filterOff = 1 AND tmOff = 1,Files==40 AND LZMA==0 AND mtOff==0,0,0.0,0.0,0.0,73
random_10,120,16,HeaderCompressionOff = 1 AND filterOff = 1 AND tmOff = 1,x==0 AND Files==20,0,0.0,0.0,0.0,73
random_20,240,44,HeaderCompressionOff = 1 AND filterOff = 1 AND tmOff = 1,Deflate==1 AND Files==50,0,0.0,0.0,0.0,73
2-wise,169,28,HeaderCompressionOff = 1 AND filterOff = 1 AND tmOff = 1,tmOff==1 AND HeaderCompressionOff==1 AND filterOff==1,0,1.0,1.0,1.0,73
3-wise,1112,137,HeaderCompressionOff = 1 AND filterOff = 1 AND tmOff = 1,tmOff==1 AND HeaderCompressionOff==1 AND filterOff==1,0,1.0,1.0,1.0,73
4-wise,4832,576,HeaderCompressionOff = 1 AND filterOff = 1 AND tmOff = 1,PPMd==0,4,0.2118226600985221,0.1215938303341902,0.8211805555555556,73
full,68640,8580,filterOff = 1 AND mtOff = 1 AND tmOff = 1,tmOff==1 AND filterOff==1 AND mtOff==1,0,1.0,1.0,1.0,74
random_2,24,2,filterOff = 1 AND mtOff = 1 AND tmOff = 1,BlockSize==4 AND filterOff==0,0,0.0,0.0,0.0,74
random_5,60,5,filterOff = 1 AND mtOff = 1 AND tmOff = 1,BlockSize==16 AND HeaderCompressionOff==1,0,0.0,0.0,0.0,74
random_10,120,12,filterOff = 1 AND mtOff = 1 AND tmOff = 1,Files==70 AND PPMd==1,0,0.0,0.0,0.0,74
random_20,240,27,filterOff = 1 AND mtOff = 1 AND tmOff = 1,BZip2==1 AND BlockSize==512 AND filterOff==1,0,0.0,0.0,0.0,74
2-wise,172,19,filterOff = 1 AND mtOff = 1 AND tmOff = 1,x==4 AND Files==80,0,0.0,0.0,0.0,74
3-wise,1134,144,filterOff = 1 AND mtOff = 1 AND tmOff = 1,tmOff==1 AND filterOff==1 AND mtOff==1,0,1.0,1.0,1.0,74
4-wise,4871,603,filterOff = 1 AND mtOff = 1 AND tmOff = 1,tmOff==1 AND filterOff==1 AND mtOff==1,0,1.0,1.0,1.0,74
full,68640,8580,filterOff = 1 AND mtOff = 1 AND tmOff = 1,tmOff==1 AND filterOff==1 AND mtOff==1,0,1.0,1.0,1.0,75
random_2,24,5,filterOff = 1 AND mtOff = 1 AND tmOff = 1,BlockSize==2 AND HeaderCompressionOff==1,0,0.0,0.0,0.0,75
random_5,60,10,filterOff = 1 AND mtOff = 1 AND tmOff = 1,x==10 AND Deflate==1,0,0.0,0.0,0.0,75
random_10,120,20,filterOff = 1 AND mtOff = 1 AND tmOff = 1,x==6 AND BlockSize==4096,0,0.0,0.0,0.0,75
random_20,240,26,filterOff = 1 AND mtOff = 1 AND tmOff = 1,tmOff==0 AND Files==70 AND LZMA2==1,0,0.0,0.0,0.0,75
2-wise,161,21,filterOff = 1 AND mtOff = 1 AND tmOff = 1,x==8 AND BlockSize==4,0,0.1739130434782608,1.0,0.0952380952380952,75
3-wise,1140,126,filterOff = 1 AND mtOff = 1 AND tmOff = 1,Deflate==0,3,0.2032913843175217,0.1157662624035281,0.8333333333333334,75
4-wise,4852,602,filterOff = 1 AND mtOff = 1 AND tmOff = 1,tmOff==1 AND filterOff==1 AND mtOff==1,0,1.0,1.0,1.0,75
full,68640,8580,HeaderCompressionOff = 1 AND mtOff = 1 AND tmOff = 1,tmOff==1 AND HeaderCompressionOff==1 AND mtOff==1,0,1.0,1.0,1.0,76
random_2,24,3,HeaderCompressionOff = 1 AND mtOff = 1 AND tmOff = 1,BlockSize==1 AND PPMd==0,0,0.0,0.0,0.0,76
random_5,60,5,HeaderCompressionOff = 1 AND mtOff = 1 AND tmOff = 1,x==2 AND BlockSize==2048,0,0.0,0.0,0.0,76
random_10,120,11,HeaderCompressionOff = 1 AND mtOff = 1 AND tmOff = 1,BlockSize==16 AND PPMd==1 AND mtOff==0,0,0.0,0.0,0.0,76
random_20,240,29,HeaderCompressionOff = 1 AND mtOff = 1 AND tmOff = 1,BlockSize==2 AND HeaderCompressionOff==0 AND PPMd==1 AND filterOff==0,0,0.0,0.0,0.0,76
2-wise,170,22,HeaderCompressionOff = 1 AND mtOff = 1 AND tmOff = 1,Files==100 AND LZMA==1,0,0.1666666666666666,1.0,0.0909090909090909,76
3-wise,1111,131,HeaderCompressionOff = 1 AND mtOff = 1 AND tmOff = 1,tmOff==1 AND HeaderCompressionOff==1 AND mtOff==1,0,1.0,1.0,1.0,76
4-wise,4862,629,HeaderCompressionOff = 1 AND mtOff = 1 AND tmOff = 1,tmOff==1 AND HeaderCompressionOff==1 AND mtOff==1,0,1.0,1.0,1.0,76
full,68640,8580,HeaderCompressionOff = 1 AND filterOff = 1 AND mtOff = 1,HeaderCompressionOff==1 AND filterOff==1 AND mtOff==1,0,1.0,1.0,1.0,77
random_2,24,6,HeaderCompressionOff = 1 AND filterOff = 1 AND mtOff = 1,HeaderCompressionOff==0 AND filterOff==1 AND mtOff==0,0,0.0,0.0,0.0,77
random_5,60,10,HeaderCompressionOff = 1 AND filterOff = 1 AND mtOff = 1,BZip2==0 AND BlockSize==256 AND LZMA==0,0,0.0,0.0,0.0,77
random_10,120,15,HeaderCompressionOff = 1 AND filterOff = 1 AND mtOff = 1,x==10 AND BlockSize==4096,0,0.0,0.0,0.0,77
random_20,240,27,HeaderCompressionOff = 1 AND filterOff = 1 AND mtOff = 1,BlockSize==8 AND HeaderCompressionOff==0 AND filterOff==1 AND mtOff==0,0,0.0,0.0,0.0,77
2-wise,170,20,HeaderCompressionOff = 1 AND filterOff = 1 AND mtOff = 1,Files==10 AND PPMd==1,0,0.0,0.0,0.0,77
3-wise,1124,145,HeaderCompressionOff = 1 AND filterOff = 1 AND mtOff = 1,HeaderCompressionOff==1 AND filterOff==1 AND mtOff==1,0,1.0,1.0,1.0,77
4-wise,4886,597,HeaderCompressionOff = 1 AND filterOff = 1 AND mtOff = 1,HeaderCompressionOff==1 AND filterOff==1 AND mtOff==1,0,1.0,1.0,1.0,77
full,68640,8580,HeaderCompressionOff = 1 AND filterOff = 1 AND mtOff = 1,HeaderCompressionOff==1 AND filterOff==1 AND mtOff==1,0,1.0,1.0,1.0,78
random_2,24,2,HeaderCompressionOff = 1 AND filterOff = 1 AND mtOff = 1,tmOff==0 AND x==2,0,0.0,0.0,0.0,78
random_5,60,6,HeaderCompressionOff = 1 AND filterOff = 1 AND mtOff = 1,Files==70 AND HeaderCompressionOff==0 AND filterOff==1,0,0.0,0.0,0.0,78
random_10,120,12,HeaderCompressionOff = 1 AND filterOff = 1 AND mtOff = 1,BlockSize==32 AND Files==80,0,0.0,0.0,0.0,78
random_20,240,27,HeaderCompressionOff = 1 AND filterOff = 1 AND mtOff = 1,HeaderCompressionOff==1 AND filterOff==1 AND mtOff==1,0,1.0,1.0,1.0,78
2-wise,171,21,HeaderCompressionOff = 1 AND filterOff = 1 AND mtOff = 1,HeaderCompressionOff==1 AND filterOff==1 AND mtOff==1,2,1.0,1.0,1.0,78
3-wise,1112,148,HeaderCompressionOff = 1 AND filterOff = 1 AND mtOff = 1,HeaderCompressionOff==1 AND filterOff==1 AND mtOff==1,0,1.0,1.0,1.0,78
4-wise,4898,611,HeaderCompressionOff = 1 AND filterOff = 1 AND mtOff = 1,HeaderCompressionOff==1 AND filterOff==1 AND mtOff==1,0,1.0,1.0,1.0,78
full,68640,8580,HeaderCompressionOff = 1 AND mtOff = 1 AND tmOff = 1,tmOff==1 AND HeaderCompressionOff==1 AND mtOff==1,0,1.0,1.0,1.0,79
random_2,24,2,HeaderCompressionOff = 1 AND mtOff = 1 AND tmOff = 1,Files==90 AND filterOff==1,0,0.0,0.0,0.0,79
random_5,60,3,HeaderCompressionOff = 1 AND mtOff = 1 AND tmOff = 1,BlockSize==8 AND Deflate==1,0,0.0,0.0,0.0,79
random_10,120,9,HeaderCompressionOff = 1 AND mtOff = 1 AND tmOff = 1,BlockSize==1 AND mtOff==0,0,0.0,0.0,0.0,79
random_20,240,31,HeaderCompressionOff = 1 AND mtOff = 1 AND tmOff = 1,x==10 AND Files==20 AND HeaderCompressionOff==1,0,0.0,0.0,0.0,79
2-wise,172,17,HeaderCompressionOff = 1 AND mtOff = 1 AND tmOff = 1,Files==30 AND HeaderCompressionOff==0 AND LZMA2==0,0,0.0,0.0,0.0,79
3-wise,1130,134,HeaderCompressionOff = 1 AND mtOff = 1 AND tmOff = 1,tmOff==1 AND HeaderCompressionOff==1 AND mtOff==1,0,1.0,1.0,1.0,79
4-wise,4865,589,HeaderCompressionOff = 1 AND mtOff = 1 AND tmOff = 1,tmOff==1 AND HeaderCompressionOff==1 AND mtOff==1,0,1.0,1.0,1.0,79
full,68640,8580,HeaderCompressionOff = 1 AND filterOff = 1 AND tmOff = 1,tmOff==1 AND HeaderCompressionOff==1 AND filterOff==1,0,1.0,1.0,1.0,7
random_2,24,4,HeaderCompressionOff = 1 AND filterOff = 1 AND tmOff = 1,BlockSize==2 AND LZMA==0,0,0.0,0.0,0.0,7
random_5,60,10,HeaderCompressionOff = 1 AND filterOff = 1 AND tmOff = 1,tmOff==0 AND LZMA==1,0,0.0,0.0,0.0,7
random_10,120,17,HeaderCompressionOff = 1 AND filterOff = 1 AND tmOff = 1,BlockSize==512 AND Deflate==1,0,0.0,0.0,0.0,7
random_20,240,29,HeaderCompressionOff = 1 AND filterOff = 1 AND tmOff = 1,BlockSize==2048 AND LZMA==1 AND filterOff==1,0,0.0,0.0,0.0,7
2-wise,167,18,HeaderCompressionOff = 1 AND filterOff = 1 AND tmOff = 1,BZip2==1 AND BlockSize==8 AND mtOff==1,0,0.0,0.0,0.0,7
3-wise,1124,141,HeaderCompressionOff = 1 AND filterOff = 1 AND tmOff = 1,tmOff==1 AND HeaderCompressionOff==1 AND filterOff==1,0,1.0,1.0,1.0,7
4-wise,4878,625,HeaderCompressionOff = 1 AND filterOff = 1 AND tmOff = 1,tmOff==1 AND HeaderCompressionOff==1 AND filterOff==1,0,1.0,1.0,1.0,7
full,68640,8580,HeaderCompressionOff = 1 AND mtOff = 1 AND tmOff = 1,tmOff==1 AND HeaderCompressionOff==1 AND mtOff==1,0,1.0,1.0,1.0,80
random_2,24,2,HeaderCompressionOff = 1 AND mtOff = 1 AND tmOff = 1,tmOff==1 AND x==0,0,0.0,0.0,0.0,80
random_5,60,8,HeaderCompressionOff = 1 AND mtOff = 1 AND tmOff = 1,BlockSize==16 AND HeaderCompressionOff==0,0,0.0,0.0,0.0,80
random_10,120,14,HeaderCompressionOff = 1 AND mtOff = 1 AND tmOff = 1,tmOff==0 AND Files==50 AND HeaderCompressionOff==1 AND filterOff==1,0,0.0,0.0,0.0,80
random_20,240,28,HeaderCompressionOff = 1 AND mtOff = 1 AND tmOff = 1,x==6 AND BlockSize==1024,0,0.0,0.0,0.0,80
2-wise,166,21,HeaderCompressionOff = 1 AND mtOff = 1 AND tmOff = 1,x==2 AND BlockSize==512 AND mtOff==0,0,0.0,0.0,0.0,80
3-wise,1116,138,HeaderCompressionOff = 1 AND mtOff = 1 AND tmOff = 1,tmOff==1 AND HeaderCompressionOff==1 AND mtOff==1,0,1.0,1.0,1.0,80
4-wise,4868,594,HeaderCompressionOff = 1 AND mtOff = 1 AND tmOff = 1,PPMd==0,2,0.2173333333333333,0.1251920122887865,0.8232323232323232,80
full,68640,8580,HeaderCompressionOff = 1 AND filterOff = 1 AND mtOff = 1,HeaderCompressionOff==1 AND filterOff==1 AND mtOff==1,0,1.0,1.0,1.0,81
random_2,24,3,HeaderCompressionOff = 1 AND filterOff = 1 AND mtOff = 1,BlockSize==16,0,0.0,0.0,0.0,81
random_5,60,9,HeaderCompressionOff = 1 AND filterOff = 1 AND mtOff = 1,BlockSize==4 AND LZMA2==1,0,0.0,0.0,0.0,81
random_10,120,18,HeaderCompressionOff = 1 AND filterOff = 1 AND mtOff = 1,BZip2==0 AND BlockSize==512 AND HeaderCompressionOff==1,0,0.0,0.0,0.0,81
random_20,240,31,HeaderCompressionOff = 1 AND filterOff = 1 AND mtOff = 1,x==10 AND Files==100 AND PPMd==0,0,0.0,0.0,0.0,81
2-wise,162,17,HeaderCompressionOff = 1 AND filterOff = 1 AND mtOff = 1,Files==70 AND filterOff==0 AND mtOff==1,0,0.0,0.0,0.0,81
3-wise,1126,129,HeaderCompressionOff = 1 AND filterOff = 1 AND mtOff = 1,LZMA==0,4,0.2245885769603097,0.1283185840707964,0.8992248062015504,81
4-wise,4903,602,HeaderCompressionOff = 1 AND filterOff = 1 AND mtOff = 1,HeaderCompressionOff==1 AND filterOff==1 AND mtOff==1,0,1.0,1.0,1.0,81
full,68640,8580,HeaderCompressionOff = 1 AND filterOff = 1 AND tmOff = 1,tmOff==1 AND HeaderCompressionOff==1 AND filterOff==1,0,1.0,1.0,1.0,82
random_2,24,2,HeaderCompressionOff = 1 AND filterOff = 1 AND tmOff = 1,LZMA==1 AND filterOff==1,0,0.0,0.0,0.0,82
random_5,60,8,HeaderCompressionOff = 1 AND filterOff = 1 AND tmOff = 1,x==0 AND mtOff==1,0,0.0,0.0,0.0,82
random_10,120,19,HeaderCompressionOff = 1 AND filterOff = 1 AND tmOff = 1,BZip2==1 AND BlockSize==1024,0,0.0,0.0,0.0,82
random_20,240,37,HeaderCompressionOff = 1 AND filterOff = 1 AND tmOff = 1,x==10 AND BlockSize==256 AND HeaderCompressionOff==0 AND mtOff==0,0,0.0,0.0,0.0,82
2-wise,167,23,HeaderCompressionOff = 1 AND filterOff = 1 AND tmOff = 1,Files==90 AND LZMA==1,0,0.0,0.0,0.0,82
3-wise,1122,125,HeaderCompressionOff = 1 AND filterOff = 1 AND tmOff = 1,tmOff==1 AND HeaderCompressionOff==1 AND filterOff==1,0,1.0,1.0,1.0,82
4-wise,4865,617,HeaderCompressionOff = 1 AND filterOff = 1 AND tmOff = 1,tmOff==1 AND HeaderCompressionOff==1 AND filterOff==1,0,1.0,1.0,1.0,82
full,68640,8580,HeaderCompressionOff = 1 AND filterOff = 1 AND tmOff = 1,tmOff==1 AND HeaderCompressionOff==1 AND filterOff==1,0,1.0,1.0,1.0,83
random_2,24,4,HeaderCompressionOff = 1 AND filterOff = 1 AND tmOff = 1,Files==10 AND PPMd==0,0,0.0,0.0,0.0,83
random_5,60,9,HeaderCompressionOff = 1 AND filterOff = 1 AND tmOff = 1,Files==20 AND filterOff==0,0,0.0,0.0,0.0,83
random_10,120,10,HeaderCompressionOff = 1 AND filterOff = 1 AND tmOff = 1,Files==90 AND LZMA==1 AND mtOff==1,0,0.0,0.0,0.0,83
random_20,240,21,HeaderCompressionOff = 1 AND filterOff = 1 AND tmOff = 1,x==10 AND Files==40 AND filterOff==0,0,0.0,0.0,0.0,83
2-wise,171,19,HeaderCompressionOff = 1 AND filterOff = 1 AND tmOff = 1,Files==40 AND HeaderCompressionOff==0 AND PPMd==1,0,0.0,0.0,0.0,83
3-wise,1112,122,HeaderCompressionOff = 1 AND filterOff = 1 AND tmOff = 1,tmOff==1 AND HeaderCompressionOff==1 AND filterOff==1,0,1.0,1.0,1.0,83
4-wise,4878,612,HeaderCompressionOff = 1 AND filterOff = 1 AND tmOff = 1,tmOff==1 AND HeaderCompressionOff==1 AND filterOff==1,0,1.0,1.0,1.0,83
full,68640,8580,HeaderCompressionOff = 1 AND mtOff = 1 AND tmOff = 1,tmOff==1 AND HeaderCompressionOff==1 AND mtOff==1,0,1.0,1.0,1.0,84
random_5,60,5,HeaderCompressionOff = 1 AND mtOff = 1 AND tmOff = 1,BlockSize==4096 AND LZMA==1,0,0.0,0.0,0.0,84
random_10,120,17,HeaderCompressionOff = 1 AND mtOff = 1 AND tmOff = 1,BlockSize==1 AND Files==70,0,0.0,0.0,0.0,84
random_20,240,33,HeaderCompressionOff = 1 AND mtOff = 1 AND tmOff = 1,x==6 AND Files==10 AND filterOff==1,0,0.0,0.0,0.0,84
2-wise,173,25,HeaderCompressionOff = 1 AND mtOff = 1 AND tmOff = 1,Files==80 AND LZMA2==1,0,0.0,0.0,0.0,84
3-wise,1125,160,HeaderCompressionOff = 1 AND mtOff = 1 AND tmOff = 1,tmOff==1 AND HeaderCompressionOff==1 AND mtOff==1,0,1.0,1.0,1.0,84
4-wise,4879,603,HeaderCompressionOff = 1 AND mtOff = 1 AND tmOff = 1,tmOff==1 AND HeaderCompressionOff==1 AND mtOff==1,0,1.0,1.0,1.0,84
full,68640,8580,filterOff = 1 AND mtOff = 1 AND tmOff = 1,tmOff==1 AND filterOff==1 AND mtOff==1,0,1.0,1.0,1.0,85
random_2,24,3,filterOff = 1 AND mtOff = 1 AND tmOff = 1,Files==70 AND mtOff==0,0,0.0,0.0,0.0,85
random_5,60,6,filterOff = 1 AND mtOff = 1 AND tmOff = 1,BlockSize==4096 AND Files==80,0,0.0,0.0,0.0,85
random_10,120,17,filterOff = 1 AND mtOff = 1 AND tmOff = 1,tmOff==0 AND Files==0 AND HeaderCompressionOff==0 AND mtOff==0,0,0.0,0.0,0.0,85
random_20,240,38,filterOff = 1 AND mtOff = 1 AND tmOff = 1,tmOff==1 AND filterOff==1 AND mtOff==1,0,1.0,1.0,1.0,85
2-wise,165,22,filterOff = 1 AND mtOff = 1 AND tmOff = 1,tmOff==1 AND filterOff==1 AND mtOff==1,1,1.0,1.0,1.0,85
3-wise,1122,160,filterOff = 1 AND mtOff = 1 AND tmOff = 1,tmOff==1 AND filterOff==1 AND mtOff==1,0,1.0,1.0,1.0,85
4-wise,4868,606,filterOff = 1 AND mtOff = 1 AND tmOff = 1,tmOff==1 AND filterOff==1 AND mtOff==1,0,1.0,1.0,1.0,85
full,68640,8580,HeaderCompressionOff = 1 AND filterOff = 1 AND mtOff = 1,HeaderCompressionOff==1 AND filterOff==1 AND mtOff==1,0,1.0,1.0,1.0,86
random_2,24,3,HeaderCompressionOff = 1 AND filterOff = 1 AND mtOff = 1,BZip2==1 AND mtOff==1,3,0.8,1.0,0.6666666666666666,86
random_5,60,8,HeaderCompressionOff = 1 AND filterOff = 1 AND mtOff = 1,tmOff==1 AND BlockSize==2048,0,0.0,0.0,0.0,86
random_10,120,15,HeaderCompressionOff = 1 AND filterOff = 1 AND mtOff = 1,BlockSize==1 AND Files==20,0,0.0,0.0,0.0,86
random_20,240,27,HeaderCompressionOff = 1 AND filterOff = 1 AND mtOff = 1,x==2 AND HeaderCompressionOff==0 AND filterOff==1 AND mtOff==0,0,0.0,0.0,0.0,86
2-wise,165,21,HeaderCompressionOff = 1 AND filterOff = 1 AND mtOff = 1,BlockSize==256 AND Files==10 AND HeaderCompressionOff==1,0,0.0,0.0,0.0,86
3-wise,1119,130,HeaderCompressionOff = 1 AND filterOff = 1 AND mtOff = 1,HeaderCompressionOff==1 AND filterOff==1 AND mtOff==1,0,1.0,1.0,1.0,86
4-wise,4824,604,HeaderCompressionOff = 1 AND filterOff = 1 AND mtOff = 1,HeaderCompressionOff==1 AND filterOff==1 AND mtOff==1,0,1.0,1.0,1.0,86
full,68640,8580,HeaderCompressionOff = 1 AND filterOff = 1 AND mtOff = 1,HeaderCompressionOff==1 AND filterOff==1 AND mtOff==1,0,1.0,1.0,1.0,87
random_2,24,3,HeaderCompressionOff = 1 AND filterOff = 1 AND mtOff = 1,tmOff==1 AND HeaderCompressionOff==1 AND filterOff==1 AND mtOff==0,0,0.0,0.0,0.0,87
random_5,60,6,HeaderCompressionOff = 1 AND filterOff = 1 AND mtOff = 1,x==2 AND HeaderCompressionOff==1 AND mtOff==1,0,0.0,0.0,0.0,87
random_10,120,11,HeaderCompressionOff = 1 AND filterOff = 1 AND mtOff = 1,BlockSize==64 AND Files==80,0,0.0,0.0,0.0,87
random_20,240,26,HeaderCompressionOff = 1 AND filterOff = 1 AND mtOff = 1,Deflate==1 AND Files==0 AND mtOff==0,0,0.0,0.0,0.0,87
2-wise,169,22,HeaderCompressionOff = 1 AND filterOff = 1 AND mtOff = 1,x==6 AND Deflate==1 AND HeaderCompressionOff==0,0,0.0,0.0,0.0,87
3-wise,1136,130,HeaderCompressionOff = 1 AND filterOff = 1 AND mtOff = 1,HeaderCompressionOff==1 AND filterOff==1 AND mtOff==1,0,1.0,1.0,1.0,87
4-wise,4886,636,HeaderCompressionOff = 1 AND filterOff = 1 AND mtOff = 1,HeaderCompressionOff==1 AND filterOff==1 AND mtOff==1,0,1.0,1.0,1.0,87
full,68640,8580,HeaderCompressionOff = 1 AND mtOff = 1 AND tmOff = 1,tmOff==1 AND HeaderCompressionOff==1 AND mtOff==1,0,1.0,1.0,1.0,88
random_5,60,5,HeaderCompressionOff = 1 AND mtOff = 1 AND tmOff = 1,Files==90 AND LZMA==0 AND mtOff==0,0,0.0,0.0,0.0,88
random_10,120,9,HeaderCompressionOff = 1 AND mtOff = 1 AND tmOff = 1,tmOff==1 AND x==4 AND LZMA==1,0,0.0,0.0,0.0,88
random_20,240,23,HeaderCompressionOff = 1 AND mtOff = 1 AND tmOff = 1,x==4 AND Files==90,0,0.0,0.0,0.0,88
2-wise,160,16,HeaderCompressionOff = 1 AND mtOff = 1 AND tmOff = 1,x==0 AND Files==90 AND filterOff==0,0,0.0,0.0,0.0,88
3-wise,1117,142,HeaderCompressionOff = 1 AND mtOff = 1 AND tmOff = 1,tmOff==1 AND HeaderCompressionOff==1 AND mtOff==1,0,1.0,1.0,1.0,88
4-wise,4893,610,HeaderCompressionOff = 1 AND mtOff = 1 AND tmOff = 1,tmOff==1 AND HeaderCompressionOff==1 AND mtOff==1,0,1.0,1.0,1.0,88
full,68640,8580,filterOff = 1 AND mtOff = 1 AND tmOff = 1,tmOff==1 AND filterOff==1 AND mtOff==1,0,1.0,1.0,1.0,89
random_2,24,5,filterOff = 1 AND mtOff = 1 AND tmOff = 1,tmOff==0 AND Deflate==0 AND LZMA==0 AND LZMA2==0,0,0.0,0.0,0.0,89
random_5,60,8,filterOff = 1 AND mtOff = 1 AND tmOff = 1,BZip2==0 AND tmOff==1 AND Files==50,0,0.0,0.0,0.0,89
random_10,120,16,filterOff = 1 AND mtOff = 1 AND tmOff = 1,BZip2==1 AND tmOff==0 AND BlockSize==1024,0,0.0,0.0,0.0,89
random_20,240,25,filterOff = 1 AND mtOff = 1 AND tmOff = 1,BlockSize==1024 AND Files==10 AND LZMA==0,0,0.0,0.0,0.0,89
2-wise,173,20,filterOff = 1 AND mtOff = 1 AND tmOff = 1,x==0 AND BlockSize==2,0,0.1818181818181818,1.0,0.1,89
3-wise,1101,136,filterOff = 1 AND mtOff = 1 AND tmOff = 1,tmOff==1 AND filterOff==1 AND mtOff==1,0,1.0,1.0,1.0,89
4-wise,4864,600,filterOff = 1 AND mtOff = 1 AND tmOff = 1,tmOff==1 AND filterOff==1 AND mtOff==1,0,1.0,1.0,1.0,89
full,68640,8580,HeaderCompressionOff = 1 AND filterOff = 1 AND tmOff = 1,tmOff==1 AND HeaderCompressionOff==1 AND filterOff==1,0,1.0,1.0,1.0,8
random_2,24,3,HeaderCompressionOff = 1 AND filterOff = 1 AND tmOff = 1,LZMA==1 AND filterOff==1 AND mtOff==0,0,0.0,0.0,0.0,8
random_5,60,12,HeaderCompressionOff = 1 AND filterOff = 1 AND tmOff = 1,x==6 AND Files==100 AND LZMA2==0,0,0.0,0.0,0.0,8
random_10,120,15,HeaderCompressionOff = 1 AND filterOff = 1 AND tmOff = 1,BlockSize==256 AND Files==50,0,0.0,0.0,0.0,8
random_20,240,27,HeaderCompressionOff = 1 AND filterOff = 1 AND tmOff = 1,tmOff==1 AND HeaderCompressionOff==1 AND filterOff==1,0,1.0,1.0,1.0,8
2-wise,167,16,HeaderCompressionOff = 1 AND filterOff = 1 AND tmOff = 1,tmOff==1 AND BlockSize==128 AND LZMA==0,0,0.0,0.0,0.0,8
3-wise,1117,130,HeaderCompressionOff = 1 AND filterOff = 1 AND tmOff = 1,tmOff==1 AND HeaderCompressionOff==1 AND filterOff==1,0,1.0,1.0,1.0,8
4-wise,4886,608,HeaderCompressionOff = 1 AND filterOff = 1 AND tmOff = 1,tmOff==1 AND HeaderCompressionOff==1 AND filterOff==1,0,1.0,1.0,1.0,8
full,68640,8580,HeaderCompressionOff = 1 AND filterOff = 1 AND tmOff = 1,tmOff==1 AND HeaderCompressionOff==1 AND filterOff==1,0,1.0,1.0,1.0,90
random_2,24,2,HeaderCompressionOff = 1 AND filterOff = 1 AND tmOff = 1,x==4 AND BlockSize==1,0,0.0,0.0,0.0,90
random_5,60,4,HeaderCompressionOff = 1 AND filterOff = 1 AND tmOff = 1,x==8 AND LZMA2==1,0,0.0,0.0,0.0,90
random_10,120,10,HeaderCompressionOff = 1 AND filterOff = 1 AND tmOff = 1,x==0 AND BlockSize==1024,0,0.0,0.0,0.0,90
random_20,240,22,HeaderCompressionOff = 1 AND filterOff = 1 AND tmOff = 1,BZip2==0 AND BlockSize==4 AND Files==80 AND mtOff==0,0,0.0,0.0,0.0,90
2-wise,163,12,HeaderCompressionOff = 1 AND filterOff = 1 AND tmOff = 1,BZip2==1 AND BlockSize==128 AND filterOff==0,0,0.0,0.0,0.0,90
3-wise,1116,159,HeaderCompressionOff = 1 AND filterOff = 1 AND tmOff = 1,tmOff==1 AND HeaderCompressionOff==1 AND filterOff==1,0,1.0,1.0,1.0,90
4-wise,4868,594,HeaderCompressionOff = 1 AND filterOff = 1 AND tmOff = 1,tmOff==1 AND HeaderCompressionOff==1 AND filterOff==1,0,1.0,1.0,1.0,90
full,68640,8580,filterOff = 1 AND mtOff = 1 AND tmOff = 1,tmOff==1 AND filterOff==1 AND mtOff==1,0,1.0,1.0,1.0,91
random_2,24,2,filterOff = 1 AND mtOff = 1 AND tmOff = 1,tmOff==1 AND BlockSize==256 AND mtOff==0,0,0.0,0.0,0.0,91
random_5,60,8,filterOff = 1 AND mtOff = 1 AND tmOff = 1,Files==10 AND filterOff==1,0,0.0,0.0,0.0,91
random_10,120,12,filterOff = 1 AND mtOff = 1 AND tmOff = 1,BlockSize==2048 AND filterOff==1 AND mtOff==1,0,0.0,0.0,0.0,91
random_20,240,26,filterOff = 1 AND mtOff = 1 AND tmOff = 1,x==8 AND BlockSize==128 AND filterOff==0,0,0.0,0.0,0.0,91
2-wise,168,19,filterOff = 1 AND mtOff = 1 AND tmOff = 1,BlockSize==128 AND LZMA==1,0,0.0,0.0,0.0,91
3-wise,1111,143,filterOff = 1 AND mtOff = 1 AND tmOff = 1,tmOff==1 AND filterOff==1 AND mtOff==1,0,1.0,1.0,1.0,91
4-wise,4886,635,filterOff = 1 AND mtOff = 1 AND tmOff = 1,tmOff==1 AND filterOff==1 AND mtOff==1,0,1.0,1.0,1.0,91
full,68640,8580,filterOff = 1 AND mtOff = 1 AND tmOff = 1,tmOff==1 AND filterOff==1 AND mtOff==1,0,1.0,1.0,1.0,92
random_2,24,2,filterOff = 1 AND mtOff = 1 AND tmOff = 1,HeaderCompressionOff==1 AND PPMd==1,0,0.0,0.0,0.0,92
random_5,60,9,filterOff = 1 AND mtOff = 1 AND tmOff = 1,BlockSize==256 AND filterOff==1,0,0.0,0.0,0.0,92
random_10,120,21,filterOff = 1 AND mtOff = 1 AND tmOff = 1,tmOff==1 AND filterOff==1 AND mtOff==1,0,1.0,1.0,1.0,92
random_20,240,35,filterOff = 1 AND mtOff = 1 AND tmOff = 1,tmOff==1 AND filterOff==1 AND mtOff==1,2,1.0,1.0,1.0,92
2-wise,169,21,filterOff = 1 AND mtOff = 1 AND tmOff = 1,BlockSize==2048 AND LZMA2==1,0,0.0,0.0,0.0,92
3-wise,1105,149,filterOff = 1 AND mtOff = 1 AND tmOff = 1,tmOff==1 AND filterOff==1 AND mtOff==1,0,1.0,1.0,1.0,92
4-wise,4856,563,filterOff = 1 AND mtOff = 1 AND tmOff = 1,tmOff==1 AND filterOff==1 AND mtOff==1,0,1.0,1.0,1.0,92
full,68640,8580,HeaderCompressionOff = 1 AND filterOff = 1 AND mtOff = 1,HeaderCompressionOff==1 AND filterOff==1 AND mtOff==1,0,1.0,1.0,1.0,93
random_2,24,4,HeaderCompressionOff = 1 AND filterOff = 1 AND mtOff = 1,x==4 AND filterOff==0 AND mtOff==1,0,0.0,0.0,0.0,93
random_5,60,12,HeaderCompressionOff = 1 AND filterOff = 1 AND mtOff = 1,HeaderCompressionOff==1 AND filterOff==1 AND mtOff==1,0,1.0,1.0,1.0,93
random_10,120,25,HeaderCompressionOff = 1 AND filterOff = 1 AND mtOff = 1,BZip2==1 AND Files==20 AND mtOff==0,0,0.0,0.0,0.0,93
random_20,240,35,HeaderCompressionOff = 1 AND filterOff = 1 AND mtOff = 1,BZip2==1 AND Files==30 AND filterOff==0 AND mtOff==0,0,0.0,0.0,0.0,93
2-wise,167,32,HeaderCompressionOff = 1 AND filterOff = 1 AND mtOff = 1,HeaderCompressionOff==1 AND filterOff==1 AND mtOff==1,0,1.0,1.0,1.0,93
3-wise,1127,124,HeaderCompressionOff = 1 AND filterOff = 1 AND mtOff = 1,HeaderCompressionOff==1 AND filterOff==1 AND mtOff==1,0,1.0,1.0,1.0,93
4-wise,4848,587,HeaderCompressionOff = 1 AND filterOff = 1 AND mtOff = 1,HeaderCompressionOff==1 AND filterOff==1 AND mtOff==1,0,1.0,1.0,1.0,93
full,68640,8580,filterOff = 1 AND mtOff = 1 AND tmOff = 1,tmOff==1 AND filterOff==1 AND mtOff==1,0,1.0,1.0,1.0,94
random_2,24,1,filterOff = 1 AND mtOff = 1 AND tmOff = 1,LZMA2==1 AND mtOff==1,0,0.0,0.0,0.0,94
random_5,60,5,filterOff = 1 AND mtOff = 1 AND tmOff = 1,x==8 AND mtOff==1,0,0.0,0.0,0.0,94
random_10,120,14,filterOff = 1 AND mtOff = 1 AND tmOff = 1,BlockSize==32 AND HeaderCompressionOff==1 AND filterOff==1,0,0.0,0.0,0.0,94
random_20,240,31,filterOff = 1 AND mtOff = 1 AND tmOff = 1,x==8 AND BlockSize==64 AND PPMd==1,0,0.0,0.0,0.0,94
2-wise,165,19,filterOff = 1 AND mtOff = 1 AND tmOff = 1,tmOff==1 AND BlockSize==32 AND LZMA==1,0,0.0,0.0,0.0,94
3-wise,1136,148,filterOff = 1 AND mtOff = 1 AND tmOff = 1,Deflate==0,0,0.2364156339370829,0.1376248612652608,0.8378378378378378,94
4-wise,4885,612,filterOff = 1 AND mtOff = 1 AND tmOff = 1,LZMA2==0,3,0.2184390891001547,0.1263104065456405,0.8071895424836601,94
full,68640,8580,filterOff = 1 AND mtOff = 1 AND tmOff = 1,tmOff==1 AND filterOff==1 AND mtOff==1,0,1.0,1.0,1.0,95
random_2,24,2,filterOff = 1 AND mtOff = 1 AND tmOff = 1,HeaderCompressionOff==1 AND LZMA==0 AND mtOff==0,0,0.0,0.0,0.0,95
random_5,60,7,filterOff = 1 AND mtOff = 1 AND tmOff = 1,x==0 AND filterOff==0 AND mtOff==0,0,0.0,0.0,0.0,95
random_10,120,13,filterOff = 1 AND mtOff = 1 AND tmOff = 1,BlockSize==4096 AND PPMd==1,0,0.0,0.0,0.0,95
random_20,240,26,filterOff = 1 AND mtOff = 1 AND tmOff = 1,x==10 AND Files==40,0,0.0,0.0,0.0,95
2-wise,179,21,filterOff = 1 AND mtOff = 1 AND tmOff = 1,x==8 AND Files==60 AND HeaderCompressionOff==0,0,0.0,0.0,0.0,95
3-wise,1128,144,filterOff = 1 AND mtOff = 1 AND tmOff = 1,tmOff==1 AND filterOff==1 AND mtOff==1,0,1.0,1.0,1.0,95
4-wise,4901,623,filterOff = 1 AND mtOff = 1 AND tmOff = 1,tmOff==1 AND filterOff==1 AND mtOff==1,0,1.0,1.0,1.0,95
full,68640,8580,HeaderCompressionOff = 1 AND filterOff = 1 AND tmOff = 1,tmOff==1 AND HeaderCompressionOff==1 AND filterOff==1,0,1.0,1.0,1.0,96
random_2,24,1,HeaderCompressionOff = 1 AND filterOff = 1 AND tmOff = 1,Files==20,0,0.0,0.0,0.0,96
random_5,60,3,HeaderCompressionOff = 1 AND filterOff = 1 AND tmOff = 1,BlockSize==64 AND mtOff==1,0,0.0,0.0,0.0,96
random_10,120,11,HeaderCompressionOff = 1 AND filterOff = 1 AND tmOff = 1,BlockSize==1024 AND LZMA==1,0,0.0,0.0,0.0,96
random_20,240,37,HeaderCompressionOff = 1 AND filterOff = 1 AND tmOff = 1,tmOff==1 AND HeaderCompressionOff==1 AND filterOff==1,0,1.0,1.0,1.0,96
2-wise,167,17,HeaderCompressionOff = 1 AND filterOff = 1 AND tmOff = 1,x==10 AND PPMd==1 AND mtOff==1,0,0.0,0.0,0.0,96
3-wise,1116,134,HeaderCompressionOff = 1 AND filterOff = 1 AND tmOff = 1,tmOff==1 AND HeaderCompressionOff==1 AND filterOff==1,0,1.0,1.0,1.0,96
4-wise,4896,591,HeaderCompressionOff = 1 AND filterOff = 1 AND tmOff = 1,tmOff==1 AND HeaderCompressionOff==1 AND filterOff==1,0,1.0,1.0,1.0,96
full,68640,8580,filterOff = 1 AND mtOff = 1 AND tmOff = 1,LZMA==0,0,0.2162162162162162,0.125,0.8,97
random_2,24,4,filterOff = 1 AND mtOff = 1 AND tmOff = 1,x==8 AND HeaderCompressionOff==1,0,0.0,0.0,0.0,97
random_5,60,6,filterOff = 1 AND mtOff = 1 AND tmOff = 1,Deflate==0 AND Files==60 AND HeaderCompressionOff==0,0,0.0,0.0,0.0,97
random_10,120,14,filterOff = 1 AND mtOff = 1 AND tmOff = 1,Files==50 AND LZMA==1 AND mtOff==0,0,0.0,0.0,0.0,97
random_20,240,28,filterOff = 1 AND mtOff = 1 AND tmOff = 1,BZip2==1 AND Files==60 AND HeaderCompressionOff==0,0,0.0,0.0,0.0,97
2-wise,165,19,filterOff = 1 AND mtOff = 1 AND tmOff = 1,x==0 AND BlockSize==2,0,0.0,0.0,0.0,97
3-wise,1103,126,filterOff = 1 AND mtOff = 1 AND tmOff = 1,BZip2==0,2,0.208540218470705,0.1191827468785471,0.8333333333333334,97
4-wise,4878,599,filterOff = 1 AND mtOff = 1 AND tmOff = 1,tmOff==1 AND filterOff==1 AND mtOff==1,0,1.0,1.0,1.0,97
full,68640,8580,HeaderCompressionOff = 1 AND filterOff = 1 AND tmOff = 1,tmOff==1 AND HeaderCompressionOff==1 AND filterOff==1,0,1.0,1.0,1.0,98
random_2,24,5,HeaderCompressionOff = 1 AND filterOff = 1 AND tmOff = 1,x==0 AND mtOff==0,0,0.0,0.0,0.0,98
random_5,60,12,HeaderCompressionOff = 1 AND filterOff = 1 AND tmOff = 1,BlockSize==2 AND HeaderCompressionOff==0 AND mtOff==1,0,0.0,0.0,0.0,98
random_10,120,22,HeaderCompressionOff = 1 AND filterOff = 1 AND tmOff = 1,BlockSize==64 AND Files==100,0,0.0,0.0,0.0,98
random_20,240,36,HeaderCompressionOff = 1 AND filterOff = 1 AND tmOff = 1,x==8 AND BlockSize==2 AND HeaderCompressionOff==0 AND mtOff==1,0,0.0,0.0,0.0,98
2-wise,161,19,HeaderCompressionOff = 1 AND filterOff = 1 AND tmOff = 1,BlockSize==4 AND PPMd==0,0,0.0,0.0,0.0,98
3-wise,1110,138,HeaderCompressionOff = 1 AND filterOff = 1 AND tmOff = 1,tmOff==1 AND HeaderCompressionOff==1 AND filterOff==1,0,1.0,1.0,1.0,98
4-wise,4886,617,HeaderCompressionOff = 1 AND filterOff = 1 AND tmOff = 1,tmOff==1 AND HeaderCompressionOff==1 AND filterOff==1,0,1.0,1.0,1.0,98
full,68640,8580,HeaderCompressionOff = 1 AND filterOff = 1 AND mtOff = 1,HeaderCompressionOff==1 AND filterOff==1 AND mtOff==1,0,1.0,1.0,1.0,99
random_2,24,2,HeaderCompressionOff = 1 AND filterOff = 1 AND mtOff = 1,BlockSize==8,0,0.0,0.0,0.0,99
random_5,60,6,HeaderCompressionOff = 1 AND filterOff = 1 AND mtOff = 1,BZip2==1 AND BlockSize==4096,0,0.0,0.0,0.0,99
random_10,120,11,HeaderCompressionOff = 1 AND filterOff = 1 AND mtOff = 1,x==10 AND Files==30 AND filterOff==0,0,0.0,0.0,0.0,99
random_20,240,25,HeaderCompressionOff = 1 AND filterOff = 1 AND mtOff = 1,BZip2==1 AND BlockSize==512,0,0.0,0.0,0.0,99
2-wise,164,18,HeaderCompressionOff = 1 AND filterOff = 1 AND mtOff = 1,x==8 AND Files==80 AND LZMA==0,0,0.0,0.0,0.0,99
3-wise,1120,157,HeaderCompressionOff = 1 AND filterOff = 1 AND mtOff = 1,HeaderCompressionOff==1 AND filterOff==1 AND mtOff==1,0,1.0,1.0,1.0,99
4-wise,4888,576,HeaderCompressionOff = 1 AND filterOff = 1 AND mtOff = 1,HeaderCompressionOff==1 AND filterOff==1 AND mtOff==1,0,1.0,1.0,1.0,99
full,68640,8580,HeaderCompressionOff = 1 AND filterOff = 1 AND mtOff = 1,HeaderCompressionOff==1 AND filterOff==1 AND mtOff==1,0,1.0,1.0,1.0,9
random_2,24,2,HeaderCompressionOff = 1 AND filterOff = 1 AND mtOff = 1,x==8 AND filterOff==1 AND mtOff==0,0,0.0,0.0,0.0,9
random_5,60,6,HeaderCompressionOff = 1 AND filterOff = 1 AND mtOff = 1,tmOff==0 AND x==10 AND HeaderCompressionOff==0,0,0.0,0.0,0.0,9
random_10,120,13,HeaderCompressionOff = 1 AND filterOff = 1 AND mtOff = 1,BZip2==1 AND Files==10,0,0.0,0.0,0.0,9
random_20,240,31,HeaderCompressionOff = 1 AND filterOff = 1 AND mtOff = 1,Files==70 AND LZMA==1,0,0.0,0.0,0.0,9
2-wise,168,21,HeaderCompressionOff = 1 AND filterOff = 1 AND mtOff = 1,BZip2==1 AND BlockSize==16 AND HeaderCompressionOff==0 AND LZMA2==0,0,0.0,0.0,0.0,9
3-wise,1111,145,HeaderCompressionOff = 1 AND filterOff = 1 AND mtOff = 1,HeaderCompressionOff==1 AND filterOff==1 AND mtOff==1,0,1.0,1.0,1.0,9
4-wise,4897,638,HeaderCompressionOff = 1 AND filterOff = 1 AND mtOff = 1,HeaderCompressionOff==1 AND filterOff==1 AND mtOff==1,0,1.0,1.0,1.0,9
