sampling_strategy,sample_size,sg_cardinality,sg_rule,best_rule,best_rule_idx,f1,precision,recall,seed
full,193536,24192,DisableExplicitGC = 1 AND UseAdaptiveGCBoundary = 1 AND UseAdaptiveSizePolicyFootprintGoal = 1,DisableExplicitGC==1 AND UseAdaptiveSizePolicyFootprintGoal==1 AND UseAdaptiveGCBoundary==1,0,1.0,1.0,1.0,0
random_2,26,7,DisableExplicitGC = 1 AND UseAdaptiveGCBoundary = 1 AND UseAdaptiveSizePolicyFootprintGoal = 1,TenuredGenerationSizeSupplementDecay==2 AND TenuredGenerationSizeSupplement_90==1 AND UseAdaptiveGCBoundary==1,0,0.4444444444444445,1.0,0.2857142857142857,0
random_5,65,12,DisableExplicitGC = 1 AND UseAdaptiveGCBoundary = 1 AND UseAdaptiveSizePolicyFootprintGoal = 1,MaxTenuringThreshold==15 AND SurvivorRatio==16,0,0.0,0.0,0.0,0
random_10,130,14,UseAdaptiveGCBoundary = 1 AND UseAdaptiveSizeDecayMajorGCCost = 1 AND UseAdaptiveSizePolicyFootprintGoal = 1,UseAdaptiveSizeDecayMajorGCCost==0 AND NewRatio==32 AND SurvivorRatio==6 AND TenuredGenerationSizeSupplement_50==0,0,0.0,0.0,0.0,0
random_20,260,34,UseAdaptiveGCBoundary = 1 AND UseAdaptiveSizeDecayMajorGCCost = 1 AND UseAdaptiveSizePolicy = 1,UseAdaptiveSizeDecayMajorGCCost==1 AND UseAdaptiveSizePolicy==1 AND UseAdaptiveGCBoundary==1,0,1.0,1.0,1.0,0
2-wise,60,8,DisableExplicitGC = 1 AND UseAdaptiveSizeDecayMajorGCCost = 1 AND UseAdaptiveSizePolicy = 1,SurvivorRatio==16 AND TenuredGenerationSizeSupplement_50==0 AND UseAdaptiveGCBoundary==1,0,0.0,0.0,0.0,0
3-wise,288,40,DisableExplicitGC = 1 AND UseAdaptiveGCBoundary = 1 AND UseAdaptiveSizePolicyFootprintGoal = 1,DisableExplicitGC==0 AND NewRatio==4 AND SurvivorRatio==11 AND TenuredGenerationSizeSupplement_90==1,0,0.0,0.0,0.0,0
4-wise,1148,151,DisableExplicitGC = 1 AND UseAdaptiveGCBoundary = 1 AND UseAdaptiveSizePolicyFootprintGoal = 1,DisableExplicitGC==1 AND UseAdaptiveSizePolicyFootprintGoal==1 AND UseAdaptiveGCBoundary==1,0,1.0,1.0,1.0,0
full,193536,24192,DisableExplicitGC = 1 AND UseAdaptiveSizePolicy = 1 AND UseAdaptiveSizePolicyFootprintGoal = 1,DisableExplicitGC==1 AND UseAdaptiveSizePolicy==1 AND UseAdaptiveSizePolicyFootprintGoal==1,0,1.0,1.0,1.0,10
random_2,26,2,DisableExplicitGC = 1 AND UseAdaptiveSizePolicy = 1 AND UseAdaptiveSizePolicyFootprintGoal = 1,MaxTenuringThreshold==5 AND NewRatio==2 AND UseAdaptiveGCBoundary==1,0,0.0,0.0,0.0,10
random_5,65,9,DisableExplicitGC = 1 AND UseAdaptiveSizePolicy = 1 AND UseAdaptiveSizePolicyFootprintGoal = 1,SurvivorRatio==1 AND TenuredGenerationSizeSupplement_70==1,0,0.0,0.0,0.0,10
random_10,130,17,DisableExplicitGC = 1 AND UseAdaptiveSizePolicy = 1 AND UseAdaptiveSizePolicyFootprintGoal = 1,NewRatio==32 AND SurvivorRatio==21 AND TenuredGenerationSizeSupplement_70==1,0,0.0,0.0,0.0,10
random_20,260,23,DisableExplicitGC = 1 AND UseAdaptiveSizePolicy = 1 AND UseAdaptiveSizePolicyFootprintGoal = 1,DisableExplicitGC==0 AND NewRatio==1 AND SurvivorRatio==16 AND TenuredGenerationSizeSupplementDecay==4,0,0.0,0.0,0.0,10
2-wise,58,9,DisableExplicitGC = 1 AND UseAdaptiveSizePolicy = 1 AND UseAdaptiveSizePolicyFootprintGoal = 1,MinSurvivorRatio==4 AND NewRatio==32 AND UseAdaptiveGCBoundary==1,0,0.0,0.0,0.0,10
3-wise,293,34,DisableExplicitGC = 1 AND UseAdaptiveSizePolicy = 1 AND UseAdaptiveSizePolicyFootprintGoal = 1,DisableExplicitGC==1 AND UseAdaptiveSizePolicy==1 AND UseAdaptiveSizePolicyFootprintGoal==1,0,1.0,1.0,1.0,10
4-wise,1148,130,DisableExplicitGC = 1 AND UseAdaptiveSizePolicy = 1 AND UseAdaptiveSizePolicyFootprintGoal = 1,DisableExplicitGC==1 AND UseAdaptiveSizePolicy==1 AND UseAdaptiveSizePolicyFootprintGoal==1,0,1.0,1.0,1.0,10
full,193536,24192,DisableExplicitGC = 1 AND UseAdaptiveGCBoundary = 1 AND UseAdaptiveSizePolicy = 1,DisableExplicitGC==1 AND UseAdaptiveSizePolicy==1 AND UseAdaptiveGCBoundary==1,0,1.0,1.0,1.0,11
random_2,26,5,DisableExplicitGC = 1 AND UseAdaptiveGCBoundary = 1 AND UseAdaptiveSizePolicy = 1,DisableExplicitGC==1 AND UseAdaptiveSizePolicy==1 AND TenuredGenerationSizeSupplement_90==0 AND UseAdaptiveGCBoundary==1,1,0.888888888888889,1.0,0.8,11
random_5,65,14,DisableExplicitGC = 1 AND UseAdaptiveGCBoundary = 1 AND UseAdaptiveSizePolicy = 1,MaxTenuringThreshold==5 AND MinSurvivorRatio==1 AND TenuredGenerationSizeSupplementDecay==4,0,0.125,0.5,0.0714285714285714,11
random_10,130,24,DisableExplicitGC = 1 AND UseAdaptiveGCBoundary = 1 AND UseAdaptiveSizePolicy = 1,DisableExplicitGC==1 AND UseAdaptiveSizePolicy==1 AND UseAdaptiveGCBoundary==1,0,1.0,1.0,1.0,11
random_20,260,46,DisableExplicitGC = 1 AND UseAdaptiveGCBoundary = 1 AND UseAdaptiveSizePolicy = 1,DisableExplicitGC==1 AND UseAdaptiveSizePolicy==1 AND UseAdaptiveGCBoundary==1,0,1.0,1.0,1.0,11
2-wise,63,15,DisableExplicitGC = 1 AND UseAdaptiveGCBoundary = 1 AND UseAdaptiveSizePolicy = 1,DisableExplicitGC==0 AND UseAdaptiveSizeDecayMajorGCCost==0 AND UseAdaptiveSizePolicy==0 AND SurvivorRatio==1,0,0.0,0.0,0.0,11
3-wise,292,48,DisableExplicitGC = 1 AND UseAdaptiveGCBoundary = 1 AND UseAdaptiveSizePolicy = 1,DisableExplicitGC==1 AND UseAdaptiveSizePolicy==1 AND UseAdaptiveGCBoundary==1,0,1.0,1.0,1.0,11
4-wise,1167,155,DisableExplicitGC = 1 AND UseAdaptiveGCBoundary = 1 AND UseAdaptiveSizePolicy = 1,DisableExplicitGC==1 AND UseAdaptiveSizePolicy==1 AND UseAdaptiveGCBoundary==1,0,1.0,1.0,1.0,11
full,193536,24192,UseAdaptiveSizeDecayMajorGCCost = 1 AND UseAdaptiveSizePolicy = 1 AND UseAdaptiveSizePolicyFootprintGoal = 1,UseAdaptiveSizeDecayMajorGCCost==1 AND UseAdaptiveSizePolicy==1 AND UseAdaptiveSizePolicyFootprintGoal==1,0,1.0,1.0,1.0,12
random_2,26,4,UseAdaptiveSizeDecayMajorGCCost = 1 AND UseAdaptiveSizePolicy = 1 AND UseAdaptiveSizePolicyFootprintGoal = 1,DisableExplicitGC==0 AND UseAdaptiveSizeDecayMajorGCCost==1 AND UseAdaptiveSizePolicyFootprintGoal==0 AND TenuredGenerationSizeSupplementDecay==4,0,0.0,0.0,0.0,12
random_5,65,9,UseAdaptiveSizeDecayMajorGCCost = 1 AND UseAdaptiveSizePolicy = 1 AND UseAdaptiveSizePolicyFootprintGoal = 1,NewRatio==32 AND SurvivorRatio==21,0,0.0,0.0,0.0,12
random_10,130,25,UseAdaptiveSizeDecayMajorGCCost = 1 AND UseAdaptiveSizePolicy = 1 AND UseAdaptiveSizePolicyFootprintGoal = 1,UseAdaptiveSizeDecayMajorGCCost==1 AND UseAdaptiveSizePolicy==1 AND UseAdaptiveSizePolicyFootprintGoal==1,0,1.0,1.0,1.0,12
random_20,260,40,UseAdaptiveSizeDecayMajorGCCost = 1 AND UseAdaptiveSizePolicy = 1 AND UseAdaptiveSizePolicyFootprintGoal = 1,UseAdaptiveSizeDecayMajorGCCost==1 AND UseAdaptiveSizePolicy==1 AND UseAdaptiveSizePolicyFootprintGoal==1,0,1.0,1.0,1.0,12
2-wise,66,9,UseAdaptiveSizeDecayMajorGCCost = 1 AND UseAdaptiveSizePolicy = 1 AND UseAdaptiveSizePolicyFootprintGoal = 1,MinSurvivorRatio==1 AND SurvivorRatio==1 AND TenuredGenerationSizeSupplement_70==1,0,0.0,0.0,0.0,12
3-wise,293,45,UseAdaptiveSizeDecayMajorGCCost = 1 AND UseAdaptiveSizePolicy = 1 AND UseAdaptiveSizePolicyFootprintGoal = 1,UseAdaptiveSizeDecayMajorGCCost==1 AND UseAdaptiveSizePolicy==1 AND UseAdaptiveSizePolicyFootprintGoal==1,0,1.0,1.0,1.0,12
4-wise,1153,155,UseAdaptiveSizeDecayMajorGCCost = 1 AND UseAdaptiveSizePolicy = 1 AND UseAdaptiveSizePolicyFootprintGoal = 1,UseAdaptiveSizeDecayMajorGCCost==1 AND UseAdaptiveSizePolicy==1 AND UseAdaptiveSizePolicyFootprintGoal==1,0,1.0,1.0,1.0,12
full,193536,24192,DisableExplicitGC = 1 AND UseAdaptiveSizeDecayMajorGCCost = 1 AND UseAdaptiveSizePolicyFootprintGoal = 1,DisableExplicitGC==1 AND UseAdaptiveSizeDecayMajorGCCost==1 AND UseAdaptiveSizePolicyFootprintGoal==1,0,1.0,1.0,1.0,13
random_2,26,2,DisableExplicitGC = 1 AND UseAdaptiveSizeDecayMajorGCCost = 1 AND UseAdaptiveSizePolicyFootprintGoal = 1,TenuredGenerationSizeSupplementDecay==4 AND UseAdaptiveGCBoundary==1,0,0.0,0.0,0.0,13
random_5,65,7,DisableExplicitGC = 1 AND UseAdaptiveSizeDecayMajorGCCost = 1 AND UseAdaptiveSizePolicyFootprintGoal = 1,MaxTenuringThreshold==15 AND SurvivorRatio==26,0,0.0,0.0,0.0,13
random_10,130,22,DisableExplicitGC = 1 AND UseAdaptiveSizeDecayMajorGCCost = 1 AND UseAdaptiveSizePolicyFootprintGoal = 1,DisableExplicitGC==0 AND UseAdaptiveSizePolicyFootprintGoal==0 AND MaxTenuringThreshold==15 AND UseAdaptiveGCBoundary==1,0,0.0,0.0,0.0,13
random_20,260,39,DisableExplicitGC = 1 AND UseAdaptiveSizeDecayMajorGCCost = 1 AND UseAdaptiveSizePolicyFootprintGoal = 1,DisableExplicitGC==1 AND UseAdaptiveSizeDecayMajorGCCost==1 AND UseAdaptiveSizePolicyFootprintGoal==1,0,1.0,1.0,1.0,13
2-wise,64,8,DisableExplicitGC = 1 AND UseAdaptiveSizeDecayMajorGCCost = 1 AND UseAdaptiveSizePolicyFootprintGoal = 1,MinSurvivorRatio==4 AND SurvivorRatio==26 AND UseAdaptiveGCBoundary==1,0,0.0,0.0,0.0,13
3-wise,290,44,DisableExplicitGC = 1 AND UseAdaptiveSizeDecayMajorGCCost = 1 AND UseAdaptiveSizePolicyFootprintGoal = 1,DisableExplicitGC==1 AND UseAdaptiveSizeDecayMajorGCCost==1 AND UseAdaptiveSizePolicyFootprintGoal==1,0,1.0,1.0,1.0,13
4-wise,1138,134,DisableExplicitGC = 1 AND UseAdaptiveSizeDecayMajorGCCost = 1 AND UseAdaptiveSizePolicyFootprintGoal = 1,DisableExplicitGC==1 AND UseAdaptiveSizeDecayMajorGCCost==1 AND UseAdaptiveSizePolicyFootprintGoal==1,0,1.0,1.0,1.0,13
full,193536,24192,DisableExplicitGC = 1 AND UseAdaptiveSizePolicy = 1 AND UseAdaptiveSizePolicyFootprintGoal = 1,DisableExplicitGC==1 AND UseAdaptiveSizePolicy==1 AND UseAdaptiveSizePolicyFootprintGoal==1,0,1.0,1.0,1.0,14
random_2,26,5,DisableExplicitGC = 1 AND UseAdaptiveSizePolicy = 1 AND UseAdaptiveSizePolicyFootprintGoal = 1,MinSurvivorRatio==1 AND NewRatio==32 AND UseAdaptiveGCBoundary==1,0,0.0,0.0,0.0,14
random_5,65,12,DisableExplicitGC = 1 AND UseAdaptiveSizePolicy = 1 AND UseAdaptiveSizePolicyFootprintGoal = 1,UseAdaptiveSizePolicy==0 AND NewRatio==16 AND TenuredGenerationSizeSupplement_90==0,0,0.0,0.0,0.0,14
random_10,130,26,DisableExplicitGC = 1 AND UseAdaptiveSizePolicy = 1 AND UseAdaptiveSizePolicyFootprintGoal = 1,UseAdaptiveSizePolicyFootprintGoal==0 AND NewRatio==32 AND TenuredGenerationSizeSupplementDecay==16,0,0.0,0.0,0.0,14
random_20,260,34,DisableExplicitGC = 1 AND UseAdaptiveSizePolicy = 1 AND UseAdaptiveSizePolicyFootprintGoal = 1,UseAdaptiveSizePolicy==1 AND MaxTenuringThreshold==5 AND MinSurvivorRatio==10 AND SurvivorRatio==21,0,0.0,0.0,0.0,14
2-wise,60,10,DisableExplicitGC = 1 AND UseAdaptiveSizePolicy = 1 AND UseAdaptiveSizePolicyFootprintGoal = 1,DisableExplicitGC==1 AND UseAdaptiveSizePolicyFootprintGoal==0 AND NewRatio==16,0,0.0,0.0,0.0,14
3-wise,293,29,DisableExplicitGC = 1 AND UseAdaptiveSizePolicy = 1 AND UseAdaptiveSizePolicyFootprintGoal = 1,NewRatio==32 AND TenuredGenerationSizeSupplementDecay==8 AND TenuredGenerationSizeSupplement_50==1,0,0.0,0.0,0.0,14
4-wise,1137,141,DisableExplicitGC = 1 AND UseAdaptiveSizePolicy = 1 AND UseAdaptiveSizePolicyFootprintGoal = 1,DisableExplicitGC==1 AND UseAdaptiveSizePolicy==1 AND UseAdaptiveSizePolicyFootprintGoal==1,0,1.0,1.0,1.0,14
full,193536,24192,DisableExplicitGC = 1 AND UseAdaptiveSizeDecayMajorGCCost = 1 AND UseAdaptiveSizePolicy = 1,DisableExplicitGC==1 AND UseAdaptiveSizeDecayMajorGCCost==1 AND UseAdaptiveSizePolicy==1,0,1.0,1.0,1.0,15
random_2,26,5,DisableExplicitGC = 1 AND UseAdaptiveSizeDecayMajorGCCost = 1 AND UseAdaptiveSizePolicy = 1,TenuredGenerationSizeSupplementDecay==16 AND TenuredGenerationSizeSupplement_90==0 AND UseAdaptiveGCBoundary==1,0,0.0,0.0,0.0,15
random_5,65,7,DisableExplicitGC = 1 AND UseAdaptiveSizeDecayMajorGCCost = 1 AND UseAdaptiveSizePolicy = 1,MinSurvivorRatio==4 AND TenuredGenerationSizeSupplementDecay==8 AND TenuredGenerationSizeSupplement_70==0,0,0.0,0.0,0.0,15
random_10,130,15,DisableExplicitGC = 1 AND UseAdaptiveSizeDecayMajorGCCost = 1 AND UseAdaptiveSizePolicy = 1,MaxTenuringThreshold==15 AND SurvivorRatio==26 AND TenuredGenerationSizeSupplement_70==1,0,0.0,0.0,0.0,15
random_20,260,38,DisableExplicitGC = 1 AND UseAdaptiveSizeDecayMajorGCCost = 1 AND UseAdaptiveSizePolicy = 1,UseAdaptiveSizePolicy==0 AND NewRatio==1 AND SurvivorRatio==11,0,0.0,0.0,0.0,15
2-wise,60,8,DisableExplicitGC = 1 AND UseAdaptiveSizeDecayMajorGCCost = 1 AND UseAdaptiveSizePolicy = 1,MaxTenuringThreshold==10 AND SurvivorRatio==11,0,0.0,0.0,0.0,15
3-wise,298,39,DisableExplicitGC = 1 AND UseAdaptiveSizeDecayMajorGCCost = 1 AND UseAdaptiveSizePolicy = 1,DisableExplicitGC==1 AND UseAdaptiveSizeDecayMajorGCCost==1 AND UseAdaptiveSizePolicy==1,0,1.0,1.0,1.0,15
4-wise,1126,129,DisableExplicitGC = 1 AND UseAdaptiveSizeDecayMajorGCCost = 1 AND UseAdaptiveSizePolicy = 1,DisableExplicitGC==1 AND UseAdaptiveSizeDecayMajorGCCost==1 AND UseAdaptiveSizePolicy==1,0,1.0,1.0,1.0,15
full,193536,24192,UseAdaptiveSizeDecayMajorGCCost = 1 AND UseAdaptiveSizePolicy = 1 AND UseAdaptiveSizePolicyFootprintGoal = 1,UseAdaptiveSizeDecayMajorGCCost==1 AND UseAdaptiveSizePolicy==1 AND UseAdaptiveSizePolicyFootprintGoal==1,0,1.0,1.0,1.0,16
random_2,26,1,UseAdaptiveSizeDecayMajorGCCost = 1 AND UseAdaptiveSizePolicy = 1 AND UseAdaptiveSizePolicyFootprintGoal = 1,UseAdaptiveSizePolicy==0 AND MaxTenuringThreshold==15 AND TenuredGenerationSizeSupplement_70==1,0,0.0,0.0,0.0,16
random_5,65,11,UseAdaptiveSizeDecayMajorGCCost = 1 AND UseAdaptiveSizePolicy = 1 AND UseAdaptiveSizePolicyFootprintGoal = 1,DisableExplicitGC==1 AND UseAdaptiveSizePolicy==1 AND SurvivorRatio==6,0,0.3076923076923077,1.0,0.1818181818181818,16
random_10,130,22,UseAdaptiveSizeDecayMajorGCCost = 1 AND UseAdaptiveSizePolicy = 1 AND UseAdaptiveSizePolicyFootprintGoal = 1,MinSurvivorRatio==4 AND SurvivorRatio==16 AND TenuredGenerationSizeSupplement_90==1,0,0.0,0.0,0.0,16
random_20,260,36,UseAdaptiveSizeDecayMajorGCCost = 1 AND UseAdaptiveSizePolicy = 1 AND UseAdaptiveSizePolicyFootprintGoal = 1,UseAdaptiveSizeDecayMajorGCCost==1 AND UseAdaptiveSizePolicy==1 AND UseAdaptiveSizePolicyFootprintGoal==1,0,1.0,1.0,1.0,16
2-wise,60,8,UseAdaptiveSizeDecayMajorGCCost = 1 AND UseAdaptiveSizePolicy = 1 AND UseAdaptiveSizePolicyFootprintGoal = 1,SurvivorRatio==31 AND TenuredGenerationSizeSupplementDecay==16 AND TenuredGenerationSizeSupplement_50==0 AND UseAdaptiveGCBoundary==1,0,0.0,0.0,0.0,16
3-wise,297,40,UseAdaptiveSizeDecayMajorGCCost = 1 AND UseAdaptiveSizePolicy = 1 AND UseAdaptiveSizePolicyFootprintGoal = 1,UseAdaptiveSizeDecayMajorGCCost==1 AND UseAdaptiveSizePolicy==1 AND UseAdaptiveSizePolicyFootprintGoal==1,0,1.0,1.0,1.0,16
4-wise,1152,137,UseAdaptiveSizeDecayMajorGCCost = 1 AND UseAdaptiveSizePolicy = 1 AND UseAdaptiveSizePolicyFootprintGoal = 1,UseAdaptiveSizeDecayMajorGCCost==1 AND UseAdaptiveSizePolicy==1 AND UseAdaptiveSizePolicyFootprintGoal==1,0,1.0,1.0,1.0,16
full,193536,24192,UseAdaptiveGCBoundary = 1 AND UseAdaptiveSizeDecayMajorGCCost = 1 AND UseAdaptiveSizePolicyFootprintGoal = 1,UseAdaptiveSizeDecayMajorGCCost==1 AND UseAdaptiveSizePolicyFootprintGoal==1 AND UseAdaptiveGCBoundary==1,0,1.0,1.0,1.0,17
random_2,26,1,UseAdaptiveGCBoundary = 1 AND UseAdaptiveSizeDecayMajorGCCost = 1 AND UseAdaptiveSizePolicyFootprintGoal = 1,MaxTenuringThreshold==10 AND SurvivorRatio==26,0,0.0,0.0,0.0,17
random_5,65,4,UseAdaptiveGCBoundary = 1 AND UseAdaptiveSizeDecayMajorGCCost = 1 AND UseAdaptiveSizePolicyFootprintGoal = 1,UseAdaptiveSizeDecayMajorGCCost==0 AND NewRatio==32 AND SurvivorRatio==16,0,0.0,0.0,0.0,17
random_10,130,9,UseAdaptiveGCBoundary = 1 AND UseAdaptiveSizeDecayMajorGCCost = 1 AND UseAdaptiveSizePolicyFootprintGoal = 1,MaxTenuringThreshold==10 AND MinSurvivorRatio==10 AND SurvivorRatio==6 AND UseAdaptiveGCBoundary==0,0,0.0,0.0,0.0,17
random_20,260,21,UseAdaptiveGCBoundary = 1 AND UseAdaptiveSizeDecayMajorGCCost = 1 AND UseAdaptiveSizePolicyFootprintGoal = 1,UseAdaptiveSizePolicy==0 AND MinSurvivorRatio==7 AND SurvivorRatio==21 AND TenuredGenerationSizeSupplement_90==1,0,0.0,0.0,0.0,17
2-wise,60,3,UseAdaptiveGCBoundary = 1 AND UseAdaptiveSizeDecayMajorGCCost = 1 AND UseAdaptiveSizePolicyFootprintGoal = 1,SurvivorRatio==6 AND TenuredGenerationSizeSupplement_70==1 AND UseAdaptiveGCBoundary==1,0,0.0,0.0,0.0,17
3-wise,302,23,UseAdaptiveGCBoundary = 1 AND UseAdaptiveSizeDecayMajorGCCost = 1 AND UseAdaptiveSizePolicyFootprintGoal = 1,UseAdaptiveSizePolicyFootprintGoal==0 AND MaxTenuringThreshold==5 AND MinSurvivorRatio==4 AND SurvivorRatio==6,0,0.0,0.0,0.0,17
4-wise,1137,140,UseAdaptiveGCBoundary = 1 AND UseAdaptiveSizeDecayMajorGCCost = 1 AND UseAdaptiveSizePolicyFootprintGoal = 1,UseAdaptiveSizeDecayMajorGCCost==1 AND UseAdaptiveSizePolicyFootprintGoal==1 AND UseAdaptiveGCBoundary==1,0,1.0,1.0,1.0,17
full,193536,24192,DisableExplicitGC = 1 AND UseAdaptiveSizeDecayMajorGCCost = 1 AND UseAdaptiveSizePolicy = 1,DisableExplicitGC==1 AND UseAdaptiveSizeDecayMajorGCCost==1 AND UseAdaptiveSizePolicy==1,0,1.0,1.0,1.0,18
random_2,26,4,DisableExplicitGC = 1 AND UseAdaptiveSizeDecayMajorGCCost = 1 AND UseAdaptiveSizePolicy = 1,DisableExplicitGC==0 AND MaxTenuringThreshold==5,0,0.0,0.0,0.0,18
random_5,65,8,DisableExplicitGC = 1 AND UseAdaptiveSizeDecayMajorGCCost = 1 AND UseAdaptiveSizePolicy = 1,UseAdaptiveSizePolicyFootprintGoal==1 AND MinSurvivorRatio==10 AND TenuredGenerationSizeSupplementDecay==2 AND UseAdaptiveGCBoundary==1,0,0.0,0.0,0.0,18
random_10,130,14,DisableExplicitGC = 1 AND UseAdaptiveSizeDecayMajorGCCost = 1 AND UseAdaptiveSizePolicy = 1,DisableExplicitGC==0 AND SurvivorRatio==16 AND TenuredGenerationSizeSupplementDecay==2 AND TenuredGenerationSizeSupplement_70==0,0,0.0,0.0,0.0,18
random_20,260,32,DisableExplicitGC = 1 AND UseAdaptiveSizeDecayMajorGCCost = 1 AND UseAdaptiveSizePolicy = 1,UseAdaptiveSizeDecayMajorGCCost==0 AND UseAdaptiveSizePolicyFootprintGoal==0 AND TenuredGenerationSizeSupplement_90==0 AND UseAdaptiveGCBoundary==0,0,0.0,0.0,0.0,18
2-wise,61,9,DisableExplicitGC = 1 AND UseAdaptiveSizeDecayMajorGCCost = 1 AND UseAdaptiveSizePolicy = 1,SurvivorRatio==31 AND TenuredGenerationSizeSupplement_90==0 AND UseAdaptiveGCBoundary==1,0,0.0,0.0,0.0,18
3-wise,293,36,DisableExplicitGC = 1 AND UseAdaptiveSizeDecayMajorGCCost = 1 AND UseAdaptiveSizePolicy = 1,DisableExplicitGC==1 AND UseAdaptiveSizeDecayMajorGCCost==1 AND UseAdaptiveSizePolicy==1,0,1.0,1.0,1.0,18
4-wise,1136,138,DisableExplicitGC = 1 AND UseAdaptiveSizeDecayMajorGCCost = 1 AND UseAdaptiveSizePolicy = 1,DisableExplicitGC==1 AND UseAdaptiveSizeDecayMajorGCCost==1 AND UseAdaptiveSizePolicy==1,0,1.0,1.0,1.0,18
full,193536,24192,DisableExplicitGC = 1 AND UseAdaptiveGCBoundary = 1 AND UseAdaptiveSizeDecayMajorGCCost = 1,DisableExplicitGC==1 AND UseAdaptiveSizeDecayMajorGCCost==1 AND UseAdaptiveGCBoundary==1,0,1.0,1.0,1.0,19
random_2,26,8,DisableExplicitGC = 1 AND UseAdaptiveGCBoundary = 1 AND UseAdaptiveSizeDecayMajorGCCost = 1,NewRatio==32 AND TenuredGenerationSizeSupplementDecay==2 AND UseAdaptiveGCBoundary==1,0,0.0,0.0,0.0,19
random_5,65,11,DisableExplicitGC = 1 AND UseAdaptiveGCBoundary = 1 AND UseAdaptiveSizeDecayMajorGCCost = 1,MaxTenuringThreshold==15 AND SurvivorRatio==21 AND UseAdaptiveGCBoundary==0,0,0.0,0.0,0.0,19
random_10,130,18,DisableExplicitGC = 1 AND UseAdaptiveGCBoundary = 1 AND UseAdaptiveSizeDecayMajorGCCost = 1,MinSurvivorRatio==1 AND NewRatio==1 AND SurvivorRatio==26,0,0.0,0.0,0.0,19
random_20,260,31,DisableExplicitGC = 1 AND UseAdaptiveGCBoundary = 1 AND UseAdaptiveSizeDecayMajorGCCost = 1,UseAdaptiveSizePolicyFootprintGoal==0 AND MinSurvivorRatio==7 AND NewRatio==8 AND TenuredGenerationSizeSupplement_90==1,0,0.0,0.0,0.0,19
2-wise,66,10,DisableExplicitGC = 1 AND UseAdaptiveGCBoundary = 1 AND UseAdaptiveSizeDecayMajorGCCost = 1,MinSurvivorRatio==1 AND TenuredGenerationSizeSupplementDecay==8 AND TenuredGenerationSizeSupplement_50==1,0,0.0,0.0,0.0,19
3-wise,293,32,DisableExplicitGC = 1 AND UseAdaptiveGCBoundary = 1 AND UseAdaptiveSizeDecayMajorGCCost = 1,UseAdaptiveSizePolicy==1 AND UseAdaptiveSizePolicyFootprintGoal==0 AND NewRatio==16 AND SurvivorRatio==11,0,0.0,0.0,0.0,19
4-wise,1168,165,DisableExplicitGC = 1 AND UseAdaptiveGCBoundary = 1 AND UseAdaptiveSizeDecayMajorGCCost = 1,DisableExplicitGC==1 AND UseAdaptiveSizeDecayMajorGCCost==1 AND UseAdaptiveGCBoundary==1,0,1.0,1.0,1.0,19
full,193536,24192,DisableExplicitGC = 1 AND UseAdaptiveSizePolicy = 1 AND UseAdaptiveSizePolicyFootprintGoal = 1,DisableExplicitGC==1 AND UseAdaptiveSizePolicy==1 AND UseAdaptiveSizePolicyFootprintGoal==1,0,1.0,1.0,1.0,1
random_2,26,2,DisableExplicitGC = 1 AND UseAdaptiveSizePolicy = 1 AND UseAdaptiveSizePolicyFootprintGoal = 1,MaxTenuringThreshold==15 AND NewRatio==8,0,0.0,0.0,0.0,1
random_5,65,8,DisableExplicitGC = 1 AND UseAdaptiveSizePolicy = 1 AND UseAdaptiveSizePolicyFootprintGoal = 1,NewRatio==32 AND TenuredGenerationSizeSupplementDecay==2 AND TenuredGenerationSizeSupplement_70==0,0,0.0,0.0,0.0,1
random_10,130,16,DisableExplicitGC = 1 AND UseAdaptiveSizePolicy = 1 AND UseAdaptiveSizePolicyFootprintGoal = 1,UseAdaptiveSizePolicy==0 AND SurvivorRatio==11 AND TenuredGenerationSizeSupplementDecay==16,0,0.0,0.0,0.0,1
random_20,260,31,DisableExplicitGC = 1 AND UseAdaptiveSizePolicy = 1 AND UseAdaptiveSizePolicyFootprintGoal = 1,UseAdaptiveSizePolicyFootprintGoal==1 AND MaxTenuringThreshold==15 AND SurvivorRatio==21 AND TenuredGenerationSizeSupplementDecay==2,0,0.0,0.0,0.0,1
2-wise,64,8,DisableExplicitGC = 1 AND UseAdaptiveSizePolicy = 1 AND UseAdaptiveSizePolicyFootprintGoal = 1,MinSurvivorRatio==1 AND NewRatio==1,0,0.0,0.0,0.0,1
3-wise,297,36,DisableExplicitGC = 1 AND UseAdaptiveSizePolicy = 1 AND UseAdaptiveSizePolicyFootprintGoal = 1,DisableExplicitGC==1 AND UseAdaptiveSizePolicy==1 AND UseAdaptiveSizePolicyFootprintGoal==1,0,1.0,1.0,1.0,1
4-wise,1138,139,DisableExplicitGC = 1 AND UseAdaptiveSizePolicy = 1 AND UseAdaptiveSizePolicyFootprintGoal = 1,DisableExplicitGC==1 AND UseAdaptiveSizePolicy==1 AND UseAdaptiveSizePolicyFootprintGoal==1,0,1.0,1.0,1.0,1
full,193536,24192,UseAdaptiveGCBoundary = 1 AND UseAdaptiveSizePolicy = 1 AND UseAdaptiveSizePolicyFootprintGoal = 1,UseAdaptiveSizePolicy==1 AND UseAdaptiveSizePolicyFootprintGoal==1 AND UseAdaptiveGCBoundary==1,0,1.0,1.0,1.0,20
random_2,26,1,UseAdaptiveGCBoundary = 1 AND UseAdaptiveSizePolicy = 1 AND UseAdaptiveSizePolicyFootprintGoal = 1,DisableExplicitGC==1 AND TenuredGenerationSizeSupplement_50==0,0,0.0,0.0,0.0,20
random_5,65,3,UseAdaptiveGCBoundary = 1 AND UseAdaptiveSizePolicy = 1 AND UseAdaptiveSizePolicyFootprintGoal = 1,DisableExplicitGC==0 AND UseAdaptiveSizePolicy==0 AND SurvivorRatio==21,0,0.0,0.0,0.0,20
random_10,130,8,UseAdaptiveGCBoundary = 1 AND UseAdaptiveSizePolicy = 1 AND UseAdaptiveSizePolicyFootprintGoal = 1,UseAdaptiveSizeDecayMajorGCCost==0 AND MinSurvivorRatio==1 AND TenuredGenerationSizeSupplementDecay==16,0,0.0,0.0,0.0,20
random_20,260,23,UseAdaptiveGCBoundary = 1 AND UseAdaptiveSizePolicy = 1 AND UseAdaptiveSizePolicyFootprintGoal = 1,UseAdaptiveSizePolicy==1 AND UseAdaptiveSizePolicyFootprintGoal==1 AND UseAdaptiveGCBoundary==1,0,1.0,1.0,1.0,20
2-wise,62,2,UseAdaptiveGCBoundary = 1 AND UseAdaptiveSizePolicy = 1 AND UseAdaptiveSizePolicyFootprintGoal = 1,UseAdaptiveSizePolicyFootprintGoal==0 AND MinSurvivorRatio==10 AND TenuredGenerationSizeSupplement_70==1,0,0.0,0.0,0.0,20
3-wise,295,25,UseAdaptiveGCBoundary = 1 AND UseAdaptiveSizePolicy = 1 AND UseAdaptiveSizePolicyFootprintGoal = 1,UseAdaptiveSizePolicy==1 AND UseAdaptiveSizePolicyFootprintGoal==1 AND UseAdaptiveGCBoundary==1,1,1.0,1.0,1.0,20
4-wise,1147,125,UseAdaptiveGCBoundary = 1 AND UseAdaptiveSizePolicy = 1 AND UseAdaptiveSizePolicyFootprintGoal = 1,UseAdaptiveSizePolicy==1 AND UseAdaptiveSizePolicyFootprintGoal==1 AND UseAdaptiveGCBoundary==1,0,1.0,1.0,1.0,20
full,193536,24192,DisableExplicitGC = 1 AND UseAdaptiveGCBoundary = 1 AND UseAdaptiveSizePolicyFootprintGoal = 1,DisableExplicitGC==1 AND UseAdaptiveSizePolicyFootprintGoal==1 AND UseAdaptiveGCBoundary==1,0,1.0,1.0,1.0,21
random_2,26,3,DisableExplicitGC = 1 AND UseAdaptiveGCBoundary = 1 AND UseAdaptiveSizePolicyFootprintGoal = 1,SurvivorRatio==6 AND UseAdaptiveGCBoundary==1,4,0.8,1.0,0.6666666666666666,21
random_5,65,8,DisableExplicitGC = 1 AND UseAdaptiveGCBoundary = 1 AND UseAdaptiveSizePolicyFootprintGoal = 1,UseAdaptiveSizePolicy==0 AND MaxTenuringThreshold==15 AND TenuredGenerationSizeSupplement_90==1 AND UseAdaptiveGCBoundary==0,0,0.0,0.0,0.0,21
random_10,130,12,DisableExplicitGC = 1 AND UseAdaptiveGCBoundary = 1 AND UseAdaptiveSizePolicyFootprintGoal = 1,UseAdaptiveSizeDecayMajorGCCost==1 AND NewRatio==16 AND TenuredGenerationSizeSupplementDecay==16,0,0.0,0.0,0.0,21
random_20,260,28,DisableExplicitGC = 1 AND UseAdaptiveGCBoundary = 1 AND UseAdaptiveSizePolicyFootprintGoal = 1,UseAdaptiveSizePolicy==1 AND MinSurvivorRatio==4 AND SurvivorRatio==11,0,0.0,0.0,0.0,21
2-wise,64,9,DisableExplicitGC = 1 AND UseAdaptiveGCBoundary = 1 AND UseAdaptiveSizePolicyFootprintGoal = 1,UseAdaptiveSizePolicyFootprintGoal==0 AND SurvivorRatio==6,0,0.0,0.0,0.0,21
3-wise,300,29,DisableExplicitGC = 1 AND UseAdaptiveGCBoundary = 1 AND UseAdaptiveSizePolicyFootprintGoal = 1,DisableExplicitGC==1 AND UseAdaptiveSizePolicyFootprintGoal==1 AND UseAdaptiveGCBoundary==1,0,1.0,1.0,1.0,21
4-wise,1147,116,DisableExplicitGC = 1 AND UseAdaptiveGCBoundary = 1 AND UseAdaptiveSizePolicyFootprintGoal = 1,DisableExplicitGC==1 AND UseAdaptiveSizePolicyFootprintGoal==1 AND UseAdaptiveGCBoundary==1,0,1.0,1.0,1.0,21
full,193536,24192,UseAdaptiveGCBoundary = 1 AND UseAdaptiveSizePolicy = 1 AND UseAdaptiveSizePolicyFootprintGoal = 1,UseAdaptiveSizePolicy==1 AND UseAdaptiveSizePolicyFootprintGoal==1 AND UseAdaptiveGCBoundary==1,0,1.0,1.0,1.0,22
random_2,26,3,UseAdaptiveGCBoundary = 1 AND UseAdaptiveSizePolicy = 1 AND UseAdaptiveSizePolicyFootprintGoal = 1,NewRatio==2 AND TenuredGenerationSizeSupplement_70==1,0,0.0,0.0,0.0,22
random_5,65,8,UseAdaptiveGCBoundary = 1 AND UseAdaptiveSizePolicy = 1 AND UseAdaptiveSizePolicyFootprintGoal = 1,UseAdaptiveSizePolicyFootprintGoal==0 AND TenuredGenerationSizeSupplementDecay==4 AND TenuredGenerationSizeSupplement_50==0 AND UseAdaptiveGCBoundary==1,0,0.0,0.0,0.0,22
random_10,130,15,UseAdaptiveGCBoundary = 1 AND UseAdaptiveSizePolicy = 1 AND UseAdaptiveSizePolicyFootprintGoal = 1,UseAdaptiveSizePolicyFootprintGoal==0 AND MaxTenuringThreshold==15 AND MinSurvivorRatio==7 AND UseAdaptiveGCBoundary==1,0,0.0,0.0,0.0,22
random_20,260,39,UseAdaptiveGCBoundary = 1 AND UseAdaptiveSizePolicy = 1 AND UseAdaptiveSizePolicyFootprintGoal = 1,UseAdaptiveSizePolicy==1 AND UseAdaptiveSizePolicyFootprintGoal==1 AND UseAdaptiveGCBoundary==1,0,1.0,1.0,1.0,22
2-wise,64,9,UseAdaptiveGCBoundary = 1 AND UseAdaptiveSizePolicy = 1 AND UseAdaptiveSizePolicyFootprintGoal = 1,NewRatio==2 AND SurvivorRatio==16 AND TenuredGenerationSizeSupplementDecay==2,0,0.0,0.0,0.0,22
3-wise,302,40,UseAdaptiveGCBoundary = 1 AND UseAdaptiveSizePolicy = 1 AND UseAdaptiveSizePolicyFootprintGoal = 1,UseAdaptiveSizePolicy==1 AND UseAdaptiveSizePolicyFootprintGoal==1 AND UseAdaptiveGCBoundary==1,0,1.0,1.0,1.0,22
4-wise,1147,133,UseAdaptiveGCBoundary = 1 AND UseAdaptiveSizePolicy = 1 AND UseAdaptiveSizePolicyFootprintGoal = 1,UseAdaptiveSizePolicy==1 AND UseAdaptiveSizePolicyFootprintGoal==1 AND UseAdaptiveGCBoundary==1,0,1.0,1.0,1.0,22
full,193536,24192,DisableExplicitGC = 1 AND UseAdaptiveSizeDecayMajorGCCost = 1 AND UseAdaptiveSizePolicy = 1,DisableExplicitGC==1 AND UseAdaptiveSizeDecayMajorGCCost==1 AND UseAdaptiveSizePolicy==1,0,1.0,1.0,1.0,23
random_2,26,3,DisableExplicitGC = 1 AND UseAdaptiveSizeDecayMajorGCCost = 1 AND UseAdaptiveSizePolicy = 1,DisableExplicitGC==1 AND UseAdaptiveSizeDecayMajorGCCost==1 AND TenuredGenerationSizeSupplement_70==1,0,0.0,0.0,0.0,23
random_5,65,7,DisableExplicitGC = 1 AND UseAdaptiveSizeDecayMajorGCCost = 1 AND UseAdaptiveSizePolicy = 1,UseAdaptiveSizePolicy==1 AND TenuredGenerationSizeSupplementDecay==16 AND UseAdaptiveGCBoundary==1,0,0.0,0.0,0.0,23
random_10,130,17,DisableExplicitGC = 1 AND UseAdaptiveSizeDecayMajorGCCost = 1 AND UseAdaptiveSizePolicy = 1,DisableExplicitGC==1 AND UseAdaptiveSizePolicyFootprintGoal==0 AND SurvivorRatio==6 AND TenuredGenerationSizeSupplement_70==0,0,0.0,0.0,0.0,23
random_20,260,34,DisableExplicitGC = 1 AND UseAdaptiveSizeDecayMajorGCCost = 1 AND UseAdaptiveSizePolicy = 1,DisableExplicitGC==1 AND UseAdaptiveSizeDecayMajorGCCost==1 AND UseAdaptiveSizePolicy==1,0,1.0,1.0,1.0,23
2-wise,64,8,DisableExplicitGC = 1 AND UseAdaptiveSizeDecayMajorGCCost = 1 AND UseAdaptiveSizePolicy = 1,UseAdaptiveSizeDecayMajorGCCost==0 AND SurvivorRatio==31 AND UseAdaptiveGCBoundary==1,0,0.0,0.0,0.0,23
3-wise,291,40,DisableExplicitGC = 1 AND UseAdaptiveSizeDecayMajorGCCost = 1 AND UseAdaptiveSizePolicy = 1,MinSurvivorRatio==1 AND SurvivorRatio==21 AND TenuredGenerationSizeSupplementDecay==16,0,0.0,0.0,0.0,23
4-wise,1136,145,DisableExplicitGC = 1 AND UseAdaptiveSizeDecayMajorGCCost = 1 AND UseAdaptiveSizePolicy = 1,DisableExplicitGC==1 AND UseAdaptiveSizeDecayMajorGCCost==1 AND UseAdaptiveSizePolicy==1,0,1.0,1.0,1.0,23
full,193536,24192,DisableExplicitGC = 1 AND UseAdaptiveSizeDecayMajorGCCost = 1 AND UseAdaptiveSizePolicy = 1,DisableExplicitGC==1 AND UseAdaptiveSizeDecayMajorGCCost==1 AND UseAdaptiveSizePolicy==1,0,1.0,1.0,1.0,24
random_2,26,2,DisableExplicitGC = 1 AND UseAdaptiveSizeDecayMajorGCCost = 1 AND UseAdaptiveSizePolicy = 1,NewRatio==1 AND SurvivorRatio==1,0,0.0,0.0,0.0,24
random_5,65,8,DisableExplicitGC = 1 AND UseAdaptiveSizeDecayMajorGCCost = 1 AND UseAdaptiveSizePolicy = 1,UseAdaptiveSizePolicy==0 AND MaxTenuringThreshold==10 AND NewRatio==1 AND TenuredGenerationSizeSupplementDecay==2,0,0.0,0.0,0.0,24
random_10,130,14,DisableExplicitGC = 1 AND UseAdaptiveSizeDecayMajorGCCost = 1 AND UseAdaptiveSizePolicy = 1,MinSurvivorRatio==7 AND NewRatio==2 AND SurvivorRatio==1,0,0.0,0.0,0.0,24
random_20,260,28,DisableExplicitGC = 1 AND UseAdaptiveSizeDecayMajorGCCost = 1 AND UseAdaptiveSizePolicy = 1,DisableExplicitGC==1 AND UseAdaptiveSizeDecayMajorGCCost==1 AND UseAdaptiveSizePolicy==1,0,1.0,1.0,1.0,24
2-wise,62,7,DisableExplicitGC = 1 AND UseAdaptiveSizeDecayMajorGCCost = 1 AND UseAdaptiveSizePolicy = 1,UseAdaptiveSizePolicyFootprintGoal==1 AND MinSurvivorRatio==10 AND NewRatio==1 AND TenuredGenerationSizeSupplement_50==1,0,0.0,0.0,0.0,24
3-wise,299,29,DisableExplicitGC = 1 AND UseAdaptiveSizeDecayMajorGCCost = 1 AND UseAdaptiveSizePolicy = 1,DisableExplicitGC==1 AND UseAdaptiveSizeDecayMajorGCCost==1 AND UseAdaptiveSizePolicy==1,0,1.0,1.0,1.0,24
4-wise,1163,127,DisableExplicitGC = 1 AND UseAdaptiveSizeDecayMajorGCCost = 1 AND UseAdaptiveSizePolicy = 1,DisableExplicitGC==1 AND UseAdaptiveSizeDecayMajorGCCost==1 AND UseAdaptiveSizePolicy==1,0,1.0,1.0,1.0,24
full,193536,24192,DisableExplicitGC = 1 AND UseAdaptiveSizePolicy = 1 AND UseAdaptiveSizePolicyFootprintGoal = 1,DisableExplicitGC==1 AND UseAdaptiveSizePolicy==1 AND UseAdaptiveSizePolicyFootprintGoal==1,0,1.0,1.0,1.0,25
random_2,26,2,DisableExplicitGC = 1 AND UseAdaptiveSizePolicy = 1 AND UseAdaptiveSizePolicyFootprintGoal = 1,NewRatio==2 AND TenuredGenerationSizeSupplementDecay==2,0,0.0,0.0,0.0,25
random_5,65,6,DisableExplicitGC = 1 AND UseAdaptiveSizePolicy = 1 AND UseAdaptiveSizePolicyFootprintGoal = 1,MaxTenuringThreshold==10 AND SurvivorRatio==26 AND TenuredGenerationSizeSupplementDecay==4,0,0.0,0.0,0.0,25
random_10,130,15,DisableExplicitGC = 1 AND UseAdaptiveSizePolicy = 1 AND UseAdaptiveSizePolicyFootprintGoal = 1,MinSurvivorRatio==10 AND NewRatio==8 AND TenuredGenerationSizeSupplementDecay==4,0,0.0,0.0,0.0,25
random_20,260,24,DisableExplicitGC = 1 AND UseAdaptiveSizePolicy = 1 AND UseAdaptiveSizePolicyFootprintGoal = 1,DisableExplicitGC==1 AND UseAdaptiveSizePolicy==1 AND UseAdaptiveSizePolicyFootprintGoal==1,0,1.0,1.0,1.0,25
2-wise,61,5,DisableExplicitGC = 1 AND UseAdaptiveSizePolicy = 1 AND UseAdaptiveSizePolicyFootprintGoal = 1,MaxTenuringThreshold==10 AND NewRatio==16 AND TenuredGenerationSizeSupplementDecay==4,0,0.0,0.0,0.0,25
3-wise,292,30,DisableExplicitGC = 1 AND UseAdaptiveSizePolicy = 1 AND UseAdaptiveSizePolicyFootprintGoal = 1,DisableExplicitGC==1 AND UseAdaptiveSizePolicy==1 AND UseAdaptiveSizePolicyFootprintGoal==1,0,1.0,1.0,1.0,25
4-wise,1158,159,DisableExplicitGC = 1 AND UseAdaptiveSizePolicy = 1 AND UseAdaptiveSizePolicyFootprintGoal = 1,DisableExplicitGC==1 AND UseAdaptiveSizePolicy==1 AND UseAdaptiveSizePolicyFootprintGoal==1,0,1.0,1.0,1.0,25
full,193536,24192,UseAdaptiveGCBoundary = 1 AND UseAdaptiveSizePolicy = 1 AND UseAdaptiveSizePolicyFootprintGoal = 1,UseAdaptiveSizePolicy==1 AND UseAdaptiveSizePolicyFootprintGoal==1 AND UseAdaptiveGCBoundary==1,0,1.0,1.0,1.0,26
random_2,26,4,UseAdaptiveGCBoundary = 1 AND UseAdaptiveSizePolicy = 1 AND UseAdaptiveSizePolicyFootprintGoal = 1,MaxTenuringThreshold==15 AND TenuredGenerationSizeSupplement_90==1 AND UseAdaptiveGCBoundary==1,0,0.0,0.0,0.0,26
random_5,65,11,UseAdaptiveGCBoundary = 1 AND UseAdaptiveSizePolicy = 1 AND UseAdaptiveSizePolicyFootprintGoal = 1,SurvivorRatio==6 AND TenuredGenerationSizeSupplementDecay==16,0,0.0,0.0,0.0,26
random_10,130,19,UseAdaptiveGCBoundary = 1 AND UseAdaptiveSizePolicy = 1 AND UseAdaptiveSizePolicyFootprintGoal = 1,MinSurvivorRatio==4 AND NewRatio==8 AND TenuredGenerationSizeSupplement_90==1,0,0.0,0.0,0.0,26
random_20,260,35,UseAdaptiveGCBoundary = 1 AND UseAdaptiveSizePolicy = 1 AND UseAdaptiveSizePolicyFootprintGoal = 1,UseAdaptiveSizePolicy==1 AND UseAdaptiveSizePolicyFootprintGoal==1 AND UseAdaptiveGCBoundary==1,0,1.0,1.0,1.0,26
2-wise,60,9,UseAdaptiveGCBoundary = 1 AND UseAdaptiveSizePolicy = 1 AND UseAdaptiveSizePolicyFootprintGoal = 1,UseAdaptiveSizePolicyFootprintGoal==1 AND SurvivorRatio==1 AND TenuredGenerationSizeSupplement_90==1,0,0.3636363636363636,1.0,0.2222222222222222,26
3-wise,294,38,UseAdaptiveGCBoundary = 1 AND UseAdaptiveSizePolicy = 1 AND UseAdaptiveSizePolicyFootprintGoal = 1,UseAdaptiveSizePolicy==1 AND UseAdaptiveSizePolicyFootprintGoal==1 AND UseAdaptiveGCBoundary==1,0,1.0,1.0,1.0,26
4-wise,1145,164,UseAdaptiveGCBoundary = 1 AND UseAdaptiveSizePolicy = 1 AND UseAdaptiveSizePolicyFootprintGoal = 1,UseAdaptiveSizePolicy==1 AND UseAdaptiveSizePolicyFootprintGoal==1 AND UseAdaptiveGCBoundary==1,0,1.0,1.0,1.0,26
full,193536,24192,UseAdaptiveSizeDecayMajorGCCost = 1 AND UseAdaptiveSizePolicy = 1 AND UseAdaptiveSizePolicyFootprintGoal = 1,UseAdaptiveSizeDecayMajorGCCost==1 AND UseAdaptiveSizePolicy==1 AND UseAdaptiveSizePolicyFootprintGoal==1,0,1.0,1.0,1.0,27
random_2,26,5,UseAdaptiveSizeDecayMajorGCCost = 1 AND UseAdaptiveSizePolicy = 1 AND UseAdaptiveSizePolicyFootprintGoal = 1,UseAdaptiveSizeDecayMajorGCCost==1 AND UseAdaptiveSizePolicyFootprintGoal==0 AND NewRatio==16,0,0.0,0.0,0.0,27
random_5,65,14,UseAdaptiveSizeDecayMajorGCCost = 1 AND UseAdaptiveSizePolicy = 1 AND UseAdaptiveSizePolicyFootprintGoal = 1,UseAdaptiveSizePolicyFootprintGoal==0 AND NewRatio==2 AND UseAdaptiveGCBoundary==1,0,0.0,0.0,0.0,27
random_10,130,23,UseAdaptiveSizeDecayMajorGCCost = 1 AND UseAdaptiveSizePolicy = 1 AND UseAdaptiveSizePolicyFootprintGoal = 1,DisableExplicitGC==0 AND MaxTenuringThreshold==5 AND SurvivorRatio==6,0,0.0,0.0,0.0,27
random_20,260,45,UseAdaptiveSizeDecayMajorGCCost = 1 AND UseAdaptiveSizePolicy = 1 AND UseAdaptiveSizePolicyFootprintGoal = 1,UseAdaptiveSizePolicy==0 AND SurvivorRatio==1 AND TenuredGenerationSizeSupplement_90==0,0,0.0,0.0,0.0,27
2-wise,57,10,UseAdaptiveSizeDecayMajorGCCost = 1 AND UseAdaptiveSizePolicy = 1 AND UseAdaptiveSizePolicyFootprintGoal = 1,UseAdaptiveSizeDecayMajorGCCost==0 AND NewRatio==16 AND TenuredGenerationSizeSupplement_70==1,0,0.0,0.0,0.0,27
3-wise,307,46,UseAdaptiveSizeDecayMajorGCCost = 1 AND UseAdaptiveSizePolicy = 1 AND UseAdaptiveSizePolicyFootprintGoal = 1,UseAdaptiveSizeDecayMajorGCCost==1 AND UseAdaptiveSizePolicy==1 AND UseAdaptiveSizePolicyFootprintGoal==1,0,1.0,1.0,1.0,27
4-wise,1147,163,UseAdaptiveSizeDecayMajorGCCost = 1 AND UseAdaptiveSizePolicy = 1 AND UseAdaptiveSizePolicyFootprintGoal = 1,UseAdaptiveSizeDecayMajorGCCost==1 AND UseAdaptiveSizePolicy==1 AND UseAdaptiveSizePolicyFootprintGoal==1,0,1.0,1.0,1.0,27
full,193536,24192,UseAdaptiveGCBoundary = 1 AND UseAdaptiveSizePolicy = 1 AND UseAdaptiveSizePolicyFootprintGoal = 1,UseAdaptiveSizePolicy==1 AND UseAdaptiveSizePolicyFootprintGoal==1 AND UseAdaptiveGCBoundary==1,0,1.0,1.0,1.0,28
random_2,26,3,UseAdaptiveGCBoundary = 1 AND UseAdaptiveSizePolicy = 1 AND UseAdaptiveSizePolicyFootprintGoal = 1,SurvivorRatio==11 AND TenuredGenerationSizeSupplement_90==0 AND UseAdaptiveGCBoundary==0,0,0.0,0.0,0.0,28
random_5,65,11,UseAdaptiveGCBoundary = 1 AND UseAdaptiveSizePolicy = 1 AND UseAdaptiveSizePolicyFootprintGoal = 1,UseAdaptiveSizePolicy==1 AND TenuredGenerationSizeSupplementDecay==4 AND UseAdaptiveGCBoundary==0,0,0.0,0.0,0.0,28
random_10,130,23,UseAdaptiveGCBoundary = 1 AND UseAdaptiveSizePolicy = 1 AND UseAdaptiveSizePolicyFootprintGoal = 1,UseAdaptiveSizePolicy==1 AND UseAdaptiveSizePolicyFootprintGoal==0 AND NewRatio==16,0,0.0,0.0,0.0,28
random_20,260,33,UseAdaptiveGCBoundary = 1 AND UseAdaptiveSizePolicy = 1 AND UseAdaptiveSizePolicyFootprintGoal = 1,UseAdaptiveSizePolicy==1 AND UseAdaptiveSizePolicyFootprintGoal==1 AND UseAdaptiveGCBoundary==1,0,1.0,1.0,1.0,28
2-wise,63,10,UseAdaptiveGCBoundary = 1 AND UseAdaptiveSizePolicy = 1 AND UseAdaptiveSizePolicyFootprintGoal = 1,UseAdaptiveSizePolicyFootprintGoal==0 AND MinSurvivorRatio==10 AND SurvivorRatio==31 AND TenuredGenerationSizeSupplement_90==0,0,0.0,0.0,0.0,28
3-wise,304,41,UseAdaptiveGCBoundary = 1 AND UseAdaptiveSizePolicy = 1 AND UseAdaptiveSizePolicyFootprintGoal = 1,UseAdaptiveSizePolicy==1 AND UseAdaptiveSizePolicyFootprintGoal==1 AND UseAdaptiveGCBoundary==1,0,1.0,1.0,1.0,28
4-wise,1149,152,UseAdaptiveGCBoundary = 1 AND UseAdaptiveSizePolicy = 1 AND UseAdaptiveSizePolicyFootprintGoal = 1,UseAdaptiveSizePolicy==1 AND UseAdaptiveSizePolicyFootprintGoal==1 AND UseAdaptiveGCBoundary==1,0,1.0,1.0,1.0,28
full,193536,24192,UseAdaptiveGCBoundary = 1 AND UseAdaptiveSizeDecayMajorGCCost = 1 AND UseAdaptiveSizePolicy = 1,UseAdaptiveSizeDecayMajorGCCost==1 AND UseAdaptiveSizePolicy==1 AND UseAdaptiveGCBoundary==1,0,1.0,1.0,1.0,29
random_2,26,3,UseAdaptiveGCBoundary = 1 AND UseAdaptiveSizeDecayMajorGCCost = 1 AND UseAdaptiveSizePolicy = 1,UseAdaptiveSizeDecayMajorGCCost==0 AND UseAdaptiveSizePolicy==0 AND MaxTenuringThreshold==5 AND TenuredGenerationSizeSupplement_70==0,0,0.0,0.0,0.0,29
random_5,65,12,UseAdaptiveGCBoundary = 1 AND UseAdaptiveSizeDecayMajorGCCost = 1 AND UseAdaptiveSizePolicy = 1,MinSurvivorRatio==1 AND NewRatio==16,0,0.0,0.0,0.0,29
random_10,130,21,UseAdaptiveGCBoundary = 1 AND UseAdaptiveSizeDecayMajorGCCost = 1 AND UseAdaptiveSizePolicy = 1,UseAdaptiveSizeDecayMajorGCCost==1 AND UseAdaptiveSizePolicy==1 AND UseAdaptiveGCBoundary==1,0,1.0,1.0,1.0,29
random_20,260,49,UseAdaptiveGCBoundary = 1 AND UseAdaptiveSizeDecayMajorGCCost = 1 AND UseAdaptiveSizePolicy = 1,UseAdaptiveSizeDecayMajorGCCost==1 AND UseAdaptiveSizePolicy==1 AND UseAdaptiveGCBoundary==1,0,1.0,1.0,1.0,29
2-wise,64,10,UseAdaptiveGCBoundary = 1 AND UseAdaptiveSizeDecayMajorGCCost = 1 AND UseAdaptiveSizePolicy = 1,UseAdaptiveSizeDecayMajorGCCost==0 AND UseAdaptiveSizePolicy==0 AND UseAdaptiveSizePolicyFootprintGoal==1 AND MinSurvivorRatio==10,0,0.0,0.0,0.0,29
3-wise,301,52,UseAdaptiveGCBoundary = 1 AND UseAdaptiveSizeDecayMajorGCCost = 1 AND UseAdaptiveSizePolicy = 1,UseAdaptiveSizeDecayMajorGCCost==1 AND UseAdaptiveSizePolicy==1 AND UseAdaptiveGCBoundary==1,0,1.0,1.0,1.0,29
4-wise,1143,157,UseAdaptiveGCBoundary = 1 AND UseAdaptiveSizeDecayMajorGCCost = 1 AND UseAdaptiveSizePolicy = 1,UseAdaptiveSizeDecayMajorGCCost==1 AND UseAdaptiveSizePolicy==1 AND UseAdaptiveGCBoundary==1,0,1.0,1.0,1.0,29
full,193536,24192,DisableExplicitGC = 1 AND UseAdaptiveSizeDecayMajorGCCost = 1 AND UseAdaptiveSizePolicy = 1,DisableExplicitGC==1 AND UseAdaptiveSizeDecayMajorGCCost==1 AND UseAdaptiveSizePolicy==1,0,1.0,1.0,1.0,2
random_2,26,4,DisableExplicitGC = 1 AND UseAdaptiveSizeDecayMajorGCCost = 1 AND UseAdaptiveSizePolicy = 1,NewRatio==1 AND TenuredGenerationSizeSupplement_90==1,0,0.0,0.0,0.0,2
random_5,65,8,DisableExplicitGC = 1 AND UseAdaptiveSizeDecayMajorGCCost = 1 AND UseAdaptiveSizePolicy = 1,UseAdaptiveSizePolicyFootprintGoal==1 AND TenuredGenerationSizeSupplementDecay==2 AND TenuredGenerationSizeSupplement_70==1,0,0.0,0.0,0.0,2
random_10,130,21,DisableExplicitGC = 1 AND UseAdaptiveSizeDecayMajorGCCost = 1 AND UseAdaptiveSizePolicy = 1,UseAdaptiveSizeDecayMajorGCCost==1 AND UseAdaptiveSizePolicy==1 AND MinSurvivorRatio==7 AND TenuredGenerationSizeSupplementDecay==2,0,0.0,0.0,0.0,2
random_20,260,40,DisableExplicitGC = 1 AND UseAdaptiveSizeDecayMajorGCCost = 1 AND UseAdaptiveSizePolicy = 1,DisableExplicitGC==1 AND UseAdaptiveSizeDecayMajorGCCost==1 AND UseAdaptiveSizePolicy==1,0,1.0,1.0,1.0,2
2-wise,65,8,DisableExplicitGC = 1 AND UseAdaptiveSizeDecayMajorGCCost = 1 AND UseAdaptiveSizePolicy = 1,NewRatio==8 AND TenuredGenerationSizeSupplementDecay==4,2,0.4,1.0,0.25,2
3-wise,309,43,DisableExplicitGC = 1 AND UseAdaptiveSizeDecayMajorGCCost = 1 AND UseAdaptiveSizePolicy = 1,DisableExplicitGC==1 AND UseAdaptiveSizeDecayMajorGCCost==1 AND UseAdaptiveSizePolicy==1,0,1.0,1.0,1.0,2
4-wise,1147,158,DisableExplicitGC = 1 AND UseAdaptiveSizeDecayMajorGCCost = 1 AND UseAdaptiveSizePolicy = 1,DisableExplicitGC==1 AND UseAdaptiveSizeDecayMajorGCCost==1 AND UseAdaptiveSizePolicy==1,0,1.0,1.0,1.0,2
full,193536,24192,DisableExplicitGC = 1 AND UseAdaptiveGCBoundary = 1 AND UseAdaptiveSizePolicy = 1,DisableExplicitGC==1 AND UseAdaptiveSizePolicy==1 AND UseAdaptiveGCBoundary==1,0,1.0,1.0,1.0,30
random_2,26,1,DisableExplicitGC = 1 AND UseAdaptiveGCBoundary = 1 AND UseAdaptiveSizePolicy = 1,UseAdaptiveSizePolicyFootprintGoal==1 AND TenuredGenerationSizeSupplement_90==1,0,0.0,0.0,0.0,30
random_5,65,2,DisableExplicitGC = 1 AND UseAdaptiveGCBoundary = 1 AND UseAdaptiveSizePolicy = 1,UseAdaptiveSizePolicyFootprintGoal==1 AND MinSurvivorRatio==10 AND TenuredGenerationSizeSupplement_70==0 AND UseAdaptiveGCBoundary==1,0,0.0,0.0,0.0,30
random_10,130,9,DisableExplicitGC = 1 AND UseAdaptiveGCBoundary = 1 AND UseAdaptiveSizePolicy = 1,DisableExplicitGC==0 AND NewRatio==16 AND UseAdaptiveGCBoundary==0,0,0.0,0.0,0.0,30
random_20,260,26,DisableExplicitGC = 1 AND UseAdaptiveGCBoundary = 1 AND UseAdaptiveSizePolicy = 1,DisableExplicitGC==1 AND UseAdaptiveSizePolicy==1 AND UseAdaptiveGCBoundary==1,0,1.0,1.0,1.0,30
2-wise,67,4,DisableExplicitGC = 1 AND UseAdaptiveGCBoundary = 1 AND UseAdaptiveSizePolicy = 1,SurvivorRatio==26 AND TenuredGenerationSizeSupplement_90==1,0,0.0,0.0,0.0,30
3-wise,296,35,DisableExplicitGC = 1 AND UseAdaptiveGCBoundary = 1 AND UseAdaptiveSizePolicy = 1,DisableExplicitGC==1 AND UseAdaptiveSizePolicy==1 AND UseAdaptiveGCBoundary==1,0,1.0,1.0,1.0,30
4-wise,1142,152,DisableExplicitGC = 1 AND UseAdaptiveGCBoundary = 1 AND UseAdaptiveSizePolicy = 1,DisableExplicitGC==1 AND UseAdaptiveSizePolicy==1 AND UseAdaptiveGCBoundary==1,0,1.0,1.0,1.0,30
full,193536,24192,DisableExplicitGC = 1 AND UseAdaptiveGCBoundary = 1 AND UseAdaptiveSizePolicy = 1,DisableExplicitGC==1 AND UseAdaptiveSizePolicy==1 AND UseAdaptiveGCBoundary==1,0,1.0,1.0,1.0,31
random_2,26,5,DisableExplicitGC = 1 AND UseAdaptiveGCBoundary = 1 AND UseAdaptiveSizePolicy = 1,TenuredGenerationSizeSupplementDecay==8 AND TenuredGenerationSizeSupplement_70==1,0,0.0,0.0,0.0,31
random_5,65,9,DisableExplicitGC = 1 AND UseAdaptiveGCBoundary = 1 AND UseAdaptiveSizePolicy = 1,UseAdaptiveSizePolicy==0 AND UseAdaptiveSizePolicyFootprintGoal==1 AND MinSurvivorRatio==4 AND TenuredGenerationSizeSupplement_70==0,0,0.0,0.0,0.0,31
random_10,130,19,DisableExplicitGC = 1 AND UseAdaptiveGCBoundary = 1 AND UseAdaptiveSizePolicy = 1,NewRatio==4 AND SurvivorRatio==11,0,0.0952380952380952,0.5,0.0526315789473684,31
random_20,260,38,DisableExplicitGC = 1 AND UseAdaptiveGCBoundary = 1 AND UseAdaptiveSizePolicy = 1,DisableExplicitGC==1 AND UseAdaptiveSizePolicy==1 AND UseAdaptiveGCBoundary==1,0,1.0,1.0,1.0,31
2-wise,65,8,DisableExplicitGC = 1 AND UseAdaptiveGCBoundary = 1 AND UseAdaptiveSizePolicy = 1,MaxTenuringThreshold==15 AND SurvivorRatio==6,0,0.0,0.0,0.0,31
3-wise,295,37,DisableExplicitGC = 1 AND UseAdaptiveGCBoundary = 1 AND UseAdaptiveSizePolicy = 1,DisableExplicitGC==1 AND UseAdaptiveSizePolicy==1 AND UseAdaptiveGCBoundary==1,3,1.0,1.0,1.0,31
4-wise,1152,134,DisableExplicitGC = 1 AND UseAdaptiveGCBoundary = 1 AND UseAdaptiveSizePolicy = 1,DisableExplicitGC==1 AND UseAdaptiveSizePolicy==1 AND UseAdaptiveGCBoundary==1,0,1.0,1.0,1.0,31
full,193536,24192,DisableExplicitGC = 1 AND UseAdaptiveGCBoundary = 1 AND UseAdaptiveSizeDecayMajorGCCost = 1,DisableExplicitGC==1 AND UseAdaptiveSizeDecayMajorGCCost==1 AND UseAdaptiveGCBoundary==1,0,1.0,1.0,1.0,32
random_2,26,3,DisableExplicitGC = 1 AND UseAdaptiveGCBoundary = 1 AND UseAdaptiveSizeDecayMajorGCCost = 1,MaxTenuringThreshold==5 AND NewRatio==4,0,0.0,0.0,0.0,32
random_5,65,8,DisableExplicitGC = 1 AND UseAdaptiveGCBoundary = 1 AND UseAdaptiveSizeDecayMajorGCCost = 1,MinSurvivorRatio==7 AND NewRatio==1 AND TenuredGenerationSizeSupplementDecay==16,0,0.0,0.0,0.0,32
random_10,130,21,DisableExplicitGC = 1 AND UseAdaptiveGCBoundary = 1 AND UseAdaptiveSizeDecayMajorGCCost = 1,DisableExplicitGC==1 AND UseAdaptiveSizeDecayMajorGCCost==1 AND UseAdaptiveGCBoundary==1,0,1.0,1.0,1.0,32
random_20,260,36,DisableExplicitGC = 1 AND UseAdaptiveGCBoundary = 1 AND UseAdaptiveSizeDecayMajorGCCost = 1,DisableExplicitGC==1 AND UseAdaptiveSizeDecayMajorGCCost==1 AND UseAdaptiveGCBoundary==1,0,1.0,1.0,1.0,32
2-wise,62,7,DisableExplicitGC = 1 AND UseAdaptiveGCBoundary = 1 AND UseAdaptiveSizeDecayMajorGCCost = 1,NewRatio==16 AND SurvivorRatio==26 AND UseAdaptiveGCBoundary==0,0,0.0,0.0,0.0,32
3-wise,301,42,DisableExplicitGC = 1 AND UseAdaptiveGCBoundary = 1 AND UseAdaptiveSizeDecayMajorGCCost = 1,DisableExplicitGC==1 AND UseAdaptiveSizeDecayMajorGCCost==1 AND UseAdaptiveGCBoundary==1,0,1.0,1.0,1.0,32
4-wise,1161,153,DisableExplicitGC = 1 AND UseAdaptiveGCBoundary = 1 AND UseAdaptiveSizeDecayMajorGCCost = 1,DisableExplicitGC==1 AND UseAdaptiveSizeDecayMajorGCCost==1 AND UseAdaptiveGCBoundary==1,0,1.0,1.0,1.0,32
full,193536,24192,DisableExplicitGC = 1 AND UseAdaptiveSizeDecayMajorGCCost = 1 AND UseAdaptiveSizePolicy = 1,DisableExplicitGC==1 AND UseAdaptiveSizeDecayMajorGCCost==1 AND UseAdaptiveSizePolicy==1,0,1.0,1.0,1.0,33
random_2,26,1,DisableExplicitGC = 1 AND UseAdaptiveSizeDecayMajorGCCost = 1 AND UseAdaptiveSizePolicy = 1,UseAdaptiveSizePolicyFootprintGoal==1 AND NewRatio==16,0,0.0,0.0,0.0,33
random_5,65,3,DisableExplicitGC = 1 AND UseAdaptiveSizeDecayMajorGCCost = 1 AND UseAdaptiveSizePolicy = 1,MaxTenuringThreshold==15 AND SurvivorRatio==31 AND UseAdaptiveGCBoundary==1,0,0.0,0.0,0.0,33
random_10,130,17,DisableExplicitGC = 1 AND UseAdaptiveSizeDecayMajorGCCost = 1 AND UseAdaptiveSizePolicy = 1,MinSurvivorRatio==7 AND UseAdaptiveGCBoundary==1,0,0.0,0.0,0.0,33
random_20,260,33,DisableExplicitGC = 1 AND UseAdaptiveSizeDecayMajorGCCost = 1 AND UseAdaptiveSizePolicy = 1,DisableExplicitGC==1 AND UseAdaptiveSizeDecayMajorGCCost==1 AND UseAdaptiveSizePolicy==1,0,1.0,1.0,1.0,33
2-wise,64,4,DisableExplicitGC = 1 AND UseAdaptiveSizeDecayMajorGCCost = 1 AND UseAdaptiveSizePolicy = 1,SurvivorRatio==1 AND TenuredGenerationSizeSupplementDecay==8 AND UseAdaptiveGCBoundary==0,0,0.0,0.0,0.0,33
3-wise,294,36,DisableExplicitGC = 1 AND UseAdaptiveSizeDecayMajorGCCost = 1 AND UseAdaptiveSizePolicy = 1,DisableExplicitGC==1 AND UseAdaptiveSizeDecayMajorGCCost==1 AND UseAdaptiveSizePolicy==1,0,1.0,1.0,1.0,33
4-wise,1145,142,DisableExplicitGC = 1 AND UseAdaptiveSizeDecayMajorGCCost = 1 AND UseAdaptiveSizePolicy = 1,DisableExplicitGC==1 AND UseAdaptiveSizeDecayMajorGCCost==1 AND UseAdaptiveSizePolicy==1,0,1.0,1.0,1.0,33
full,193536,24192,DisableExplicitGC = 1 AND UseAdaptiveSizeDecayMajorGCCost = 1 AND UseAdaptiveSizePolicyFootprintGoal = 1,DisableExplicitGC==1 AND UseAdaptiveSizeDecayMajorGCCost==1 AND UseAdaptiveSizePolicyFootprintGoal==1,0,1.0,1.0,1.0,34
random_2,26,3,DisableExplicitGC = 1 AND UseAdaptiveSizeDecayMajorGCCost = 1 AND UseAdaptiveSizePolicyFootprintGoal = 1,MaxTenuringThreshold==5 AND TenuredGenerationSizeSupplement_90==1 AND UseAdaptiveGCBoundary==1,0,0.0,0.0,0.0,34
random_5,65,13,DisableExplicitGC = 1 AND UseAdaptiveSizeDecayMajorGCCost = 1 AND UseAdaptiveSizePolicyFootprintGoal = 1,UseAdaptiveSizeDecayMajorGCCost==0 AND MinSurvivorRatio==1 AND NewRatio==32,0,0.0,0.0,0.0,34
random_10,130,21,DisableExplicitGC = 1 AND UseAdaptiveSizeDecayMajorGCCost = 1 AND UseAdaptiveSizePolicyFootprintGoal = 1,UseAdaptiveSizeDecayMajorGCCost==0 AND MinSurvivorRatio==4 AND TenuredGenerationSizeSupplementDecay==4,0,0.0,0.0,0.0,34
random_20,260,39,DisableExplicitGC = 1 AND UseAdaptiveSizeDecayMajorGCCost = 1 AND UseAdaptiveSizePolicyFootprintGoal = 1,MinSurvivorRatio==10 AND NewRatio==32 AND SurvivorRatio==1 AND UseAdaptiveGCBoundary==0,0,0.0,0.0,0.0,34
2-wise,57,15,DisableExplicitGC = 1 AND UseAdaptiveSizeDecayMajorGCCost = 1 AND UseAdaptiveSizePolicyFootprintGoal = 1,SurvivorRatio==6 AND TenuredGenerationSizeSupplementDecay==2 AND UseAdaptiveGCBoundary==0,0,0.0,0.0,0.0,34
3-wise,291,44,DisableExplicitGC = 1 AND UseAdaptiveSizeDecayMajorGCCost = 1 AND UseAdaptiveSizePolicyFootprintGoal = 1,DisableExplicitGC==1 AND UseAdaptiveSizeDecayMajorGCCost==1 AND UseAdaptiveSizePolicyFootprintGoal==1,0,1.0,1.0,1.0,34
4-wise,1145,155,DisableExplicitGC = 1 AND UseAdaptiveSizeDecayMajorGCCost = 1 AND UseAdaptiveSizePolicyFootprintGoal = 1,DisableExplicitGC==1 AND UseAdaptiveSizeDecayMajorGCCost==1 AND UseAdaptiveSizePolicyFootprintGoal==1,0,1.0,1.0,1.0,34
full,193536,24192,DisableExplicitGC = 1 AND UseAdaptiveGCBoundary = 1 AND UseAdaptiveSizePolicyFootprintGoal = 1,DisableExplicitGC==1 AND UseAdaptiveSizePolicyFootprintGoal==1 AND UseAdaptiveGCBoundary==1,0,1.0,1.0,1.0,35
random_2,26,7,DisableExplicitGC = 1 AND UseAdaptiveGCBoundary = 1 AND UseAdaptiveSizePolicyFootprintGoal = 1,MaxTenuringThreshold==5 AND TenuredGenerationSizeSupplementDecay==16,0,0.0,0.0,0.0,35
random_5,65,9,DisableExplicitGC = 1 AND UseAdaptiveGCBoundary = 1 AND UseAdaptiveSizePolicyFootprintGoal = 1,MaxTenuringThreshold==10 AND SurvivorRatio==31 AND TenuredGenerationSizeSupplement_90==1,0,0.0,0.0,0.0,35
random_10,130,19,DisableExplicitGC = 1 AND UseAdaptiveGCBoundary = 1 AND UseAdaptiveSizePolicyFootprintGoal = 1,MaxTenuringThreshold==5 AND SurvivorRatio==11 AND TenuredGenerationSizeSupplement_70==0,0,0.0,0.0,0.0,35
random_20,260,33,DisableExplicitGC = 1 AND UseAdaptiveGCBoundary = 1 AND UseAdaptiveSizePolicyFootprintGoal = 1,DisableExplicitGC==1 AND UseAdaptiveSizePolicyFootprintGoal==1 AND UseAdaptiveGCBoundary==1,0,1.0,1.0,1.0,35
2-wise,62,5,DisableExplicitGC = 1 AND UseAdaptiveGCBoundary = 1 AND UseAdaptiveSizePolicyFootprintGoal = 1,DisableExplicitGC==0 AND MaxTenuringThreshold==5 AND NewRatio==2,0,0.0,0.0,0.0,35
3-wise,303,38,DisableExplicitGC = 1 AND UseAdaptiveGCBoundary = 1 AND UseAdaptiveSizePolicyFootprintGoal = 1,MaxTenuringThreshold==10 AND MinSurvivorRatio==4 AND SurvivorRatio==21,0,0.0,0.0,0.0,35
4-wise,1142,130,DisableExplicitGC = 1 AND UseAdaptiveGCBoundary = 1 AND UseAdaptiveSizePolicyFootprintGoal = 1,DisableExplicitGC==1 AND UseAdaptiveSizePolicyFootprintGoal==1 AND UseAdaptiveGCBoundary==1,0,1.0,1.0,1.0,35
full,193536,24192,DisableExplicitGC = 1 AND UseAdaptiveSizeDecayMajorGCCost = 1 AND UseAdaptiveSizePolicy = 1,DisableExplicitGC==1 AND UseAdaptiveSizeDecayMajorGCCost==1 AND UseAdaptiveSizePolicy==1,0,1.0,1.0,1.0,36
random_2,26,4,DisableExplicitGC = 1 AND UseAdaptiveSizeDecayMajorGCCost = 1 AND UseAdaptiveSizePolicy = 1,MinSurvivorRatio==1 AND TenuredGenerationSizeSupplementDecay==4 AND TenuredGenerationSizeSupplement_90==0,0,0.0,0.0,0.0,36
random_5,65,9,DisableExplicitGC = 1 AND UseAdaptiveSizeDecayMajorGCCost = 1 AND UseAdaptiveSizePolicy = 1,SurvivorRatio==16 AND UseAdaptiveGCBoundary==0,0,0.0,0.0,0.0,36
random_10,130,14,DisableExplicitGC = 1 AND UseAdaptiveSizeDecayMajorGCCost = 1 AND UseAdaptiveSizePolicy = 1,UseAdaptiveSizePolicyFootprintGoal==1 AND MinSurvivorRatio==1 AND TenuredGenerationSizeSupplementDecay==4,0,0.0,0.0,0.0,36
random_20,260,31,DisableExplicitGC = 1 AND UseAdaptiveSizeDecayMajorGCCost = 1 AND UseAdaptiveSizePolicy = 1,DisableExplicitGC==1 AND UseAdaptiveSizeDecayMajorGCCost==1 AND UseAdaptiveSizePolicy==1,0,1.0,1.0,1.0,36
2-wise,62,7,DisableExplicitGC = 1 AND UseAdaptiveSizeDecayMajorGCCost = 1 AND UseAdaptiveSizePolicy = 1,MaxTenuringThreshold==5 AND SurvivorRatio==16 AND TenuredGenerationSizeSupplement_70==0 AND UseAdaptiveGCBoundary==1,0,0.0,0.0,0.0,36
3-wise,299,38,DisableExplicitGC = 1 AND UseAdaptiveSizeDecayMajorGCCost = 1 AND UseAdaptiveSizePolicy = 1,DisableExplicitGC==1 AND UseAdaptiveSizeDecayMajorGCCost==1 AND UseAdaptiveSizePolicy==1,0,1.0,1.0,1.0,36
4-wise,1157,154,DisableExplicitGC = 1 AND UseAdaptiveSizeDecayMajorGCCost = 1 AND UseAdaptiveSizePolicy = 1,DisableExplicitGC==1 AND UseAdaptiveSizeDecayMajorGCCost==1 AND UseAdaptiveSizePolicy==1,0,1.0,1.0,1.0,36
full,193536,24192,DisableExplicitGC = 1 AND UseAdaptiveSizePolicy = 1 AND UseAdaptiveSizePolicyFootprintGoal = 1,DisableExplicitGC==1 AND UseAdaptiveSizePolicy==1 AND UseAdaptiveSizePolicyFootprintGoal==1,0,1.0,1.0,1.0,37
random_2,26,8,DisableExplicitGC = 1 AND UseAdaptiveSizePolicy = 1 AND UseAdaptiveSizePolicyFootprintGoal = 1,UseAdaptiveSizePolicy==0 AND TenuredGenerationSizeSupplementDecay==2 AND TenuredGenerationSizeSupplement_90==0 AND UseAdaptiveGCBoundary==1,0,0.0,0.0,0.0,37
random_5,65,12,DisableExplicitGC = 1 AND UseAdaptiveSizePolicy = 1 AND UseAdaptiveSizePolicyFootprintGoal = 1,NewRatio==2 AND TenuredGenerationSizeSupplementDecay==2,0,0.0,0.0,0.0,37
random_10,130,20,DisableExplicitGC = 1 AND UseAdaptiveSizePolicy = 1 AND UseAdaptiveSizePolicyFootprintGoal = 1,MinSurvivorRatio==10 AND SurvivorRatio==31 AND UseAdaptiveGCBoundary==1,0,0.0,0.0,0.0,37
random_20,260,32,DisableExplicitGC = 1 AND UseAdaptiveSizePolicy = 1 AND UseAdaptiveSizePolicyFootprintGoal = 1,DisableExplicitGC==1 AND UseAdaptiveSizePolicy==1 AND UseAdaptiveSizePolicyFootprintGoal==1,0,1.0,1.0,1.0,37
2-wise,67,10,DisableExplicitGC = 1 AND UseAdaptiveSizePolicy = 1 AND UseAdaptiveSizePolicyFootprintGoal = 1,MaxTenuringThreshold==5 AND SurvivorRatio==16,0,0.0,0.0,0.0,37
3-wise,295,37,DisableExplicitGC = 1 AND UseAdaptiveSizePolicy = 1 AND UseAdaptiveSizePolicyFootprintGoal = 1,DisableExplicitGC==1 AND UseAdaptiveSizePolicy==1 AND UseAdaptiveSizePolicyFootprintGoal==1,0,1.0,1.0,1.0,37
4-wise,1139,145,DisableExplicitGC = 1 AND UseAdaptiveSizePolicy = 1 AND UseAdaptiveSizePolicyFootprintGoal = 1,DisableExplicitGC==1 AND UseAdaptiveSizePolicy==1 AND UseAdaptiveSizePolicyFootprintGoal==1,0,1.0,1.0,1.0,37
full,193536,24192,DisableExplicitGC = 1 AND UseAdaptiveGCBoundary = 1 AND UseAdaptiveSizePolicyFootprintGoal = 1,DisableExplicitGC==1 AND UseAdaptiveSizePolicyFootprintGoal==1 AND UseAdaptiveGCBoundary==1,0,1.0,1.0,1.0,38
random_2,26,4,DisableExplicitGC = 1 AND UseAdaptiveGCBoundary = 1 AND UseAdaptiveSizePolicyFootprintGoal = 1,UseAdaptiveSizePolicyFootprintGoal==1 AND TenuredGenerationSizeSupplement_70==0 AND UseAdaptiveGCBoundary==1,0,0.6666666666666666,1.0,0.5,38
random_5,65,6,DisableExplicitGC = 1 AND UseAdaptiveGCBoundary = 1 AND UseAdaptiveSizePolicyFootprintGoal = 1,DisableExplicitGC==0 AND UseAdaptiveSizeDecayMajorGCCost==1 AND MinSurvivorRatio==1,0,0.0,0.0,0.0,38
random_10,130,11,DisableExplicitGC = 1 AND UseAdaptiveGCBoundary = 1 AND UseAdaptiveSizePolicyFootprintGoal = 1,UseAdaptiveSizeDecayMajorGCCost==1 AND NewRatio==32 AND TenuredGenerationSizeSupplement_50==1,0,0.0,0.0,0.0,38
random_20,260,29,DisableExplicitGC = 1 AND UseAdaptiveGCBoundary = 1 AND UseAdaptiveSizePolicyFootprintGoal = 1,DisableExplicitGC==1 AND UseAdaptiveSizePolicyFootprintGoal==1 AND UseAdaptiveGCBoundary==1,0,1.0,1.0,1.0,38
2-wise,61,6,DisableExplicitGC = 1 AND UseAdaptiveGCBoundary = 1 AND UseAdaptiveSizePolicyFootprintGoal = 1,MaxTenuringThreshold==15 AND TenuredGenerationSizeSupplement_50==1,0,0.0,0.0,0.0,38
3-wise,295,31,DisableExplicitGC = 1 AND UseAdaptiveGCBoundary = 1 AND UseAdaptiveSizePolicyFootprintGoal = 1,DisableExplicitGC==1 AND UseAdaptiveSizePolicyFootprintGoal==1 AND UseAdaptiveGCBoundary==1,0,1.0,1.0,1.0,38
4-wise,1146,128,DisableExplicitGC = 1 AND UseAdaptiveGCBoundary = 1 AND UseAdaptiveSizePolicyFootprintGoal = 1,DisableExplicitGC==1 AND UseAdaptiveSizePolicyFootprintGoal==1 AND UseAdaptiveGCBoundary==1,0,1.0,1.0,1.0,38
full,193536,24192,DisableExplicitGC = 1 AND UseAdaptiveSizeDecayMajorGCCost = 1 AND UseAdaptiveSizePolicy = 1,DisableExplicitGC==1 AND UseAdaptiveSizeDecayMajorGCCost==1 AND UseAdaptiveSizePolicy==1,0,1.0,1.0,1.0,39
random_2,26,3,DisableExplicitGC = 1 AND UseAdaptiveSizeDecayMajorGCCost = 1 AND UseAdaptiveSizePolicy = 1,MinSurvivorRatio==10 AND TenuredGenerationSizeSupplementDecay==8,0,0.0,0.0,0.0,39
random_5,65,7,DisableExplicitGC = 1 AND UseAdaptiveSizeDecayMajorGCCost = 1 AND UseAdaptiveSizePolicy = 1,UseAdaptiveSizeDecayMajorGCCost==0 AND MaxTenuringThreshold==15 AND NewRatio==16,0,0.0,0.0,0.0,39
random_10,130,18,DisableExplicitGC = 1 AND UseAdaptiveSizeDecayMajorGCCost = 1 AND UseAdaptiveSizePolicy = 1,NewRatio==2 AND SurvivorRatio==1 AND UseAdaptiveGCBoundary==0,0,0.0,0.0,0.0,39
random_20,260,40,DisableExplicitGC = 1 AND UseAdaptiveSizeDecayMajorGCCost = 1 AND UseAdaptiveSizePolicy = 1,DisableExplicitGC==1 AND UseAdaptiveSizeDecayMajorGCCost==1 AND UseAdaptiveSizePolicy==1,0,1.0,1.0,1.0,39
2-wise,64,6,DisableExplicitGC = 1 AND UseAdaptiveSizeDecayMajorGCCost = 1 AND UseAdaptiveSizePolicy = 1,MinSurvivorRatio==10 AND SurvivorRatio==6 AND TenuredGenerationSizeSupplement_70==1,0,0.0,0.0,0.0,39
3-wise,295,46,DisableExplicitGC = 1 AND UseAdaptiveSizeDecayMajorGCCost = 1 AND UseAdaptiveSizePolicy = 1,DisableExplicitGC==1 AND UseAdaptiveSizeDecayMajorGCCost==1 AND UseAdaptiveSizePolicy==1,0,1.0,1.0,1.0,39
4-wise,1128,145,DisableExplicitGC = 1 AND UseAdaptiveSizeDecayMajorGCCost = 1 AND UseAdaptiveSizePolicy = 1,DisableExplicitGC==1 AND UseAdaptiveSizeDecayMajorGCCost==1 AND UseAdaptiveSizePolicy==1,0,1.0,1.0,1.0,39
full,193536,24192,UseAdaptiveGCBoundary = 1 AND UseAdaptiveSizeDecayMajorGCCost = 1 AND UseAdaptiveSizePolicyFootprintGoal = 1,UseAdaptiveSizeDecayMajorGCCost==1 AND UseAdaptiveSizePolicyFootprintGoal==1 AND UseAdaptiveGCBoundary==1,0,1.0,1.0,1.0,3
random_2,26,1,UseAdaptiveGCBoundary = 1 AND UseAdaptiveSizeDecayMajorGCCost = 1 AND UseAdaptiveSizePolicyFootprintGoal = 1,UseAdaptiveSizePolicyFootprintGoal==1 AND MaxTenuringThreshold==5,0,0.0,0.0,0.0,3
random_5,65,6,UseAdaptiveGCBoundary = 1 AND UseAdaptiveSizeDecayMajorGCCost = 1 AND UseAdaptiveSizePolicyFootprintGoal = 1,UseAdaptiveSizePolicy==1 AND NewRatio==16 AND UseAdaptiveGCBoundary==1,0,0.0,0.0,0.0,3
random_10,130,15,UseAdaptiveGCBoundary = 1 AND UseAdaptiveSizeDecayMajorGCCost = 1 AND UseAdaptiveSizePolicyFootprintGoal = 1,UseAdaptiveSizeDecayMajorGCCost==0 AND UseAdaptiveSizePolicyFootprintGoal==0 AND TenuredGenerationSizeSupplementDecay==4 AND TenuredGenerationSizeSupplement_70==0,0,0.0,0.0,0.0,3
random_20,260,32,UseAdaptiveGCBoundary = 1 AND UseAdaptiveSizeDecayMajorGCCost = 1 AND UseAdaptiveSizePolicyFootprintGoal = 1,UseAdaptiveSizeDecayMajorGCCost==1 AND UseAdaptiveSizePolicyFootprintGoal==1 AND UseAdaptiveGCBoundary==1,0,1.0,1.0,1.0,3
2-wise,59,6,UseAdaptiveGCBoundary = 1 AND UseAdaptiveSizeDecayMajorGCCost = 1 AND UseAdaptiveSizePolicyFootprintGoal = 1,UseAdaptiveSizeDecayMajorGCCost==1 AND NewRatio==16 AND TenuredGenerationSizeSupplement_70==0,0,0.0,0.0,0.0,3
3-wise,297,34,UseAdaptiveGCBoundary = 1 AND UseAdaptiveSizeDecayMajorGCCost = 1 AND UseAdaptiveSizePolicyFootprintGoal = 1,UseAdaptiveSizeDecayMajorGCCost==1 AND UseAdaptiveSizePolicyFootprintGoal==1 AND UseAdaptiveGCBoundary==1,0,1.0,1.0,1.0,3
4-wise,1145,127,UseAdaptiveGCBoundary = 1 AND UseAdaptiveSizeDecayMajorGCCost = 1 AND UseAdaptiveSizePolicyFootprintGoal = 1,UseAdaptiveSizeDecayMajorGCCost==1 AND UseAdaptiveSizePolicyFootprintGoal==1 AND UseAdaptiveGCBoundary==1,0,1.0,1.0,1.0,3
full,193536,24192,UseAdaptiveSizeDecayMajorGCCost = 1 AND UseAdaptiveSizePolicy = 1 AND UseAdaptiveSizePolicyFootprintGoal = 1,UseAdaptiveSizeDecayMajorGCCost==1 AND UseAdaptiveSizePolicy==1 AND UseAdaptiveSizePolicyFootprintGoal==1,0,1.0,1.0,1.0,40
random_2,26,5,UseAdaptiveSizeDecayMajorGCCost = 1 AND UseAdaptiveSizePolicy = 1 AND UseAdaptiveSizePolicyFootprintGoal = 1,MaxTenuringThreshold==5 AND TenuredGenerationSizeSupplementDecay==2,0,0.0,0.0,0.0,40
random_5,65,9,UseAdaptiveSizeDecayMajorGCCost = 1 AND UseAdaptiveSizePolicy = 1 AND UseAdaptiveSizePolicyFootprintGoal = 1,UseAdaptiveSizeDecayMajorGCCost==0 AND NewRatio==16 AND TenuredGenerationSizeSupplement_90==1,0,0.0,0.0,0.0,40
random_10,130,17,UseAdaptiveSizeDecayMajorGCCost = 1 AND UseAdaptiveSizePolicy = 1 AND UseAdaptiveSizePolicyFootprintGoal = 1,MinSurvivorRatio==1 AND NewRatio==1 AND SurvivorRatio==16 AND TenuredGenerationSizeSupplementDecay==8,0,0.0,0.0,0.0,40
random_20,260,32,UseAdaptiveSizeDecayMajorGCCost = 1 AND UseAdaptiveSizePolicy = 1 AND UseAdaptiveSizePolicyFootprintGoal = 1,UseAdaptiveSizeDecayMajorGCCost==1 AND UseAdaptiveSizePolicy==1 AND UseAdaptiveSizePolicyFootprintGoal==1,0,1.0,1.0,1.0,40
2-wise,60,8,UseAdaptiveSizeDecayMajorGCCost = 1 AND UseAdaptiveSizePolicy = 1 AND UseAdaptiveSizePolicyFootprintGoal = 1,NewRatio==1 AND SurvivorRatio==1,0,0.0,0.0,0.0,40
3-wise,298,36,UseAdaptiveSizeDecayMajorGCCost = 1 AND UseAdaptiveSizePolicy = 1 AND UseAdaptiveSizePolicyFootprintGoal = 1,UseAdaptiveSizeDecayMajorGCCost==1 AND UseAdaptiveSizePolicy==1 AND UseAdaptiveSizePolicyFootprintGoal==1,1,1.0,1.0,1.0,40
4-wise,1149,148,UseAdaptiveSizeDecayMajorGCCost = 1 AND UseAdaptiveSizePolicy = 1 AND UseAdaptiveSizePolicyFootprintGoal = 1,UseAdaptiveSizeDecayMajorGCCost==1 AND UseAdaptiveSizePolicy==1 AND UseAdaptiveSizePolicyFootprintGoal==1,0,1.0,1.0,1.0,40
full,193536,24192,DisableExplicitGC = 1 AND UseAdaptiveGCBoundary = 1 AND UseAdaptiveSizePolicy = 1,DisableExplicitGC==1 AND UseAdaptiveSizePolicy==1 AND UseAdaptiveGCBoundary==1,0,1.0,1.0,1.0,41
random_2,26,5,DisableExplicitGC = 1 AND UseAdaptiveGCBoundary = 1 AND UseAdaptiveSizePolicy = 1,UseAdaptiveSizePolicy==0 AND MinSurvivorRatio==10 AND TenuredGenerationSizeSupplement_90==0,0,0.0,0.0,0.0,41
random_5,65,8,DisableExplicitGC = 1 AND UseAdaptiveGCBoundary = 1 AND UseAdaptiveSizePolicy = 1,UseAdaptiveSizePolicyFootprintGoal==0 AND MaxTenuringThreshold==15 AND SurvivorRatio==21,0,0.0,0.0,0.0,41
random_10,130,16,DisableExplicitGC = 1 AND UseAdaptiveGCBoundary = 1 AND UseAdaptiveSizePolicy = 1,DisableExplicitGC==0 AND NewRatio==1 AND SurvivorRatio==6 AND TenuredGenerationSizeSupplement_70==0,0,0.0,0.0,0.0,41
random_20,260,31,DisableExplicitGC = 1 AND UseAdaptiveGCBoundary = 1 AND UseAdaptiveSizePolicy = 1,DisableExplicitGC==1 AND UseAdaptiveSizePolicy==1 AND UseAdaptiveGCBoundary==1,0,1.0,1.0,1.0,41
2-wise,62,7,DisableExplicitGC = 1 AND UseAdaptiveGCBoundary = 1 AND UseAdaptiveSizePolicy = 1,MaxTenuringThreshold==5 AND TenuredGenerationSizeSupplement_70==0 AND TenuredGenerationSizeSupplement_90==0 AND UseAdaptiveGCBoundary==0,0,0.0,0.0,0.0,41
3-wise,296,29,DisableExplicitGC = 1 AND UseAdaptiveGCBoundary = 1 AND UseAdaptiveSizePolicy = 1,UseAdaptiveSizePolicy==0 AND NewRatio==2 AND SurvivorRatio==11 AND UseAdaptiveGCBoundary==1,0,0.0,0.0,0.0,41
4-wise,1161,141,DisableExplicitGC = 1 AND UseAdaptiveGCBoundary = 1 AND UseAdaptiveSizePolicy = 1,DisableExplicitGC==1 AND UseAdaptiveSizePolicy==1 AND UseAdaptiveGCBoundary==1,0,1.0,1.0,1.0,41
full,193536,24192,DisableExplicitGC = 1 AND UseAdaptiveSizeDecayMajorGCCost = 1 AND UseAdaptiveSizePolicy = 1,DisableExplicitGC==1 AND UseAdaptiveSizeDecayMajorGCCost==1 AND UseAdaptiveSizePolicy==1,0,1.0,1.0,1.0,42
random_2,26,4,DisableExplicitGC = 1 AND UseAdaptiveSizeDecayMajorGCCost = 1 AND UseAdaptiveSizePolicy = 1,SurvivorRatio==26,0,0.0,0.0,0.0,42
random_5,65,12,DisableExplicitGC = 1 AND UseAdaptiveSizeDecayMajorGCCost = 1 AND UseAdaptiveSizePolicy = 1,MaxTenuringThreshold==5 AND NewRatio==8 AND UseAdaptiveGCBoundary==1,0,0.0,0.0,0.0,42
random_10,130,19,DisableExplicitGC = 1 AND UseAdaptiveSizeDecayMajorGCCost = 1 AND UseAdaptiveSizePolicy = 1,MaxTenuringThreshold==15 AND SurvivorRatio==6 AND TenuredGenerationSizeSupplementDecay==16 AND TenuredGenerationSizeSupplement_70==1,0,0.0,0.0,0.0,42
random_20,260,40,DisableExplicitGC = 1 AND UseAdaptiveSizeDecayMajorGCCost = 1 AND UseAdaptiveSizePolicy = 1,DisableExplicitGC==1 AND UseAdaptiveSizeDecayMajorGCCost==1 AND UseAdaptiveSizePolicy==1,0,1.0,1.0,1.0,42
2-wise,63,12,DisableExplicitGC = 1 AND UseAdaptiveSizeDecayMajorGCCost = 1 AND UseAdaptiveSizePolicy = 1,MinSurvivorRatio==7 AND TenuredGenerationSizeSupplementDecay==16 AND TenuredGenerationSizeSupplement_90==1,0,0.0,0.0,0.0,42
3-wise,301,47,DisableExplicitGC = 1 AND UseAdaptiveSizeDecayMajorGCCost = 1 AND UseAdaptiveSizePolicy = 1,DisableExplicitGC==1 AND UseAdaptiveSizeDecayMajorGCCost==1 AND UseAdaptiveSizePolicy==1,0,1.0,1.0,1.0,42
4-wise,1157,158,DisableExplicitGC = 1 AND UseAdaptiveSizeDecayMajorGCCost = 1 AND UseAdaptiveSizePolicy = 1,DisableExplicitGC==1 AND UseAdaptiveSizeDecayMajorGCCost==1 AND UseAdaptiveSizePolicy==1,0,1.0,1.0,1.0,42
full,193536,24192,DisableExplicitGC = 1 AND UseAdaptiveGCBoundary = 1 AND UseAdaptiveSizePolicy = 1,DisableExplicitGC==1 AND UseAdaptiveSizePolicy==1 AND UseAdaptiveGCBoundary==1,0,1.0,1.0,1.0,43
random_2,26,1,DisableExplicitGC = 1 AND UseAdaptiveGCBoundary = 1 AND UseAdaptiveSizePolicy = 1,NewRatio==2 AND UseAdaptiveGCBoundary==0,0,0.0,0.0,0.0,43
random_5,65,7,DisableExplicitGC = 1 AND UseAdaptiveGCBoundary = 1 AND UseAdaptiveSizePolicy = 1,MaxTenuringThreshold==15 AND SurvivorRatio==6 AND TenuredGenerationSizeSupplement_90==0,0,0.0,0.0,0.0,43
random_10,130,11,DisableExplicitGC = 1 AND UseAdaptiveGCBoundary = 1 AND UseAdaptiveSizePolicy = 1,DisableExplicitGC==0 AND NewRatio==16 AND SurvivorRatio==11,0,0.0,0.0,0.0,43
random_20,260,28,DisableExplicitGC = 1 AND UseAdaptiveGCBoundary = 1 AND UseAdaptiveSizePolicy = 1,DisableExplicitGC==1 AND UseAdaptiveSizePolicy==1 AND UseAdaptiveGCBoundary==1,0,1.0,1.0,1.0,43
2-wise,61,6,DisableExplicitGC = 1 AND UseAdaptiveGCBoundary = 1 AND UseAdaptiveSizePolicy = 1,NewRatio==16 AND TenuredGenerationSizeSupplement_90==1,0,0.0,0.0,0.0,43
3-wise,296,35,DisableExplicitGC = 1 AND UseAdaptiveGCBoundary = 1 AND UseAdaptiveSizePolicy = 1,DisableExplicitGC==1 AND UseAdaptiveSizePolicy==1 AND UseAdaptiveGCBoundary==1,0,1.0,1.0,1.0,43
4-wise,1145,140,DisableExplicitGC = 1 AND UseAdaptiveGCBoundary = 1 AND UseAdaptiveSizePolicy = 1,DisableExplicitGC==1 AND UseAdaptiveSizePolicy==1 AND UseAdaptiveGCBoundary==1,0,1.0,1.0,1.0,43
full,193536,24192,DisableExplicitGC = 1 AND UseAdaptiveSizeDecayMajorGCCost = 1 AND UseAdaptiveSizePolicyFootprintGoal = 1,DisableExplicitGC==1 AND UseAdaptiveSizeDecayMajorGCCost==1 AND UseAdaptiveSizePolicyFootprintGoal==1,0,1.0,1.0,1.0,44
random_2,26,6,DisableExplicitGC = 1 AND UseAdaptiveSizeDecayMajorGCCost = 1 AND UseAdaptiveSizePolicyFootprintGoal = 1,MaxTenuringThreshold==10 AND TenuredGenerationSizeSupplement_70==0 AND TenuredGenerationSizeSupplement_90==0,0,0.0,0.0,0.0,44
random_5,65,12,DisableExplicitGC = 1 AND UseAdaptiveSizeDecayMajorGCCost = 1 AND UseAdaptiveSizePolicyFootprintGoal = 1,MinSurvivorRatio==4 AND NewRatio==32 AND TenuredGenerationSizeSupplement_70==1,0,0.0,0.0,0.0,44
random_10,130,22,DisableExplicitGC = 1 AND UseAdaptiveSizeDecayMajorGCCost = 1 AND UseAdaptiveSizePolicyFootprintGoal = 1,DisableExplicitGC==1 AND UseAdaptiveSizeDecayMajorGCCost==1 AND UseAdaptiveSizePolicyFootprintGoal==1,2,1.0,1.0,1.0,44
random_20,260,34,DisableExplicitGC = 1 AND UseAdaptiveSizeDecayMajorGCCost = 1 AND UseAdaptiveSizePolicyFootprintGoal = 1,DisableExplicitGC==1 AND UseAdaptiveSizeDecayMajorGCCost==1 AND UseAdaptiveSizePolicyFootprintGoal==1,2,1.0,1.0,1.0,44
2-wise,58,10,DisableExplicitGC = 1 AND UseAdaptiveSizeDecayMajorGCCost = 1 AND UseAdaptiveSizePolicyFootprintGoal = 1,MinSurvivorRatio==7 AND NewRatio==2 AND UseAdaptiveGCBoundary==1,0,0.0,0.0,0.0,44
3-wise,294,40,DisableExplicitGC = 1 AND UseAdaptiveSizeDecayMajorGCCost = 1 AND UseAdaptiveSizePolicyFootprintGoal = 1,DisableExplicitGC==1 AND UseAdaptiveSizeDecayMajorGCCost==1 AND UseAdaptiveSizePolicyFootprintGoal==1,0,1.0,1.0,1.0,44
4-wise,1158,129,DisableExplicitGC = 1 AND UseAdaptiveSizeDecayMajorGCCost = 1 AND UseAdaptiveSizePolicyFootprintGoal = 1,DisableExplicitGC==1 AND UseAdaptiveSizeDecayMajorGCCost==1 AND UseAdaptiveSizePolicyFootprintGoal==1,0,1.0,1.0,1.0,44
full,193536,24192,DisableExplicitGC = 1 AND UseAdaptiveGCBoundary = 1 AND UseAdaptiveSizePolicy = 1,DisableExplicitGC==1 AND UseAdaptiveSizePolicy==1 AND UseAdaptiveGCBoundary==1,0,1.0,1.0,1.0,45
random_5,65,6,DisableExplicitGC = 1 AND UseAdaptiveGCBoundary = 1 AND UseAdaptiveSizePolicy = 1,DisableExplicitGC==1 AND MaxTenuringThreshold==15 AND MinSurvivorRatio==7,0,0.0,0.0,0.0,45
random_10,130,17,DisableExplicitGC = 1 AND UseAdaptiveGCBoundary = 1 AND UseAdaptiveSizePolicy = 1,MinSurvivorRatio==10 AND NewRatio==32 AND TenuredGenerationSizeSupplement_90==0,0,0.0,0.0,0.0,45
random_20,260,30,DisableExplicitGC = 1 AND UseAdaptiveGCBoundary = 1 AND UseAdaptiveSizePolicy = 1,DisableExplicitGC==1 AND UseAdaptiveSizePolicy==1 AND UseAdaptiveGCBoundary==1,0,1.0,1.0,1.0,45
2-wise,57,6,DisableExplicitGC = 1 AND UseAdaptiveGCBoundary = 1 AND UseAdaptiveSizePolicy = 1,DisableExplicitGC==0 AND TenuredGenerationSizeSupplementDecay==8 AND TenuredGenerationSizeSupplement_70==1,0,0.0,0.0,0.0,45
3-wise,291,33,DisableExplicitGC = 1 AND UseAdaptiveGCBoundary = 1 AND UseAdaptiveSizePolicy = 1,DisableExplicitGC==1 AND UseAdaptiveSizePolicy==1 AND UseAdaptiveGCBoundary==1,0,1.0,1.0,1.0,45
4-wise,1137,150,DisableExplicitGC = 1 AND UseAdaptiveGCBoundary = 1 AND UseAdaptiveSizePolicy = 1,DisableExplicitGC==1 AND UseAdaptiveSizePolicy==1 AND UseAdaptiveGCBoundary==1,0,1.0,1.0,1.0,45
full,193536,24192,UseAdaptiveSizeDecayMajorGCCost = 1 AND UseAdaptiveSizePolicy = 1 AND UseAdaptiveSizePolicyFootprintGoal = 1,UseAdaptiveSizeDecayMajorGCCost==1 AND UseAdaptiveSizePolicy==1 AND UseAdaptiveSizePolicyFootprintGoal==1,0,1.0,1.0,1.0,46
random_2,26,3,UseAdaptiveSizeDecayMajorGCCost = 1 AND UseAdaptiveSizePolicy = 1 AND UseAdaptiveSizePolicyFootprintGoal = 1,UseAdaptiveSizeDecayMajorGCCost==0 AND MaxTenuringThreshold==5 AND UseAdaptiveGCBoundary==0,0,0.0,0.0,0.0,46
random_5,65,10,UseAdaptiveSizeDecayMajorGCCost = 1 AND UseAdaptiveSizePolicy = 1 AND UseAdaptiveSizePolicyFootprintGoal = 1,UseAdaptiveSizeDecayMajorGCCost==0 AND SurvivorRatio==21 AND TenuredGenerationSizeSupplement_90==1,0,0.0,0.0,0.0,46
random_10,130,20,UseAdaptiveSizeDecayMajorGCCost = 1 AND UseAdaptiveSizePolicy = 1 AND UseAdaptiveSizePolicyFootprintGoal = 1,NewRatio==32 AND TenuredGenerationSizeSupplementDecay==8,0,0.0,0.0,0.0,46
random_20,260,36,UseAdaptiveSizeDecayMajorGCCost = 1 AND UseAdaptiveSizePolicy = 1 AND UseAdaptiveSizePolicyFootprintGoal = 1,MaxTenuringThreshold==5 AND SurvivorRatio==21 AND TenuredGenerationSizeSupplementDecay==2,0,0.0,0.0,0.0,46
2-wise,63,10,UseAdaptiveSizeDecayMajorGCCost = 1 AND UseAdaptiveSizePolicy = 1 AND UseAdaptiveSizePolicyFootprintGoal = 1,SurvivorRatio==21 AND TenuredGenerationSizeSupplement_90==1 AND UseAdaptiveGCBoundary==0,0,0.0,0.0,0.0,46
3-wise,312,39,UseAdaptiveSizeDecayMajorGCCost = 1 AND UseAdaptiveSizePolicy = 1 AND UseAdaptiveSizePolicyFootprintGoal = 1,UseAdaptiveSizeDecayMajorGCCost==1 AND UseAdaptiveSizePolicy==1 AND UseAdaptiveSizePolicyFootprintGoal==1,0,1.0,1.0,1.0,46
4-wise,1139,137,UseAdaptiveSizeDecayMajorGCCost = 1 AND UseAdaptiveSizePolicy = 1 AND UseAdaptiveSizePolicyFootprintGoal = 1,UseAdaptiveSizeDecayMajorGCCost==1 AND UseAdaptiveSizePolicy==1 AND UseAdaptiveSizePolicyFootprintGoal==1,0,1.0,1.0,1.0,46
full,193536,24192,DisableExplicitGC = 1 AND UseAdaptiveGCBoundary = 1 AND UseAdaptiveSizePolicy = 1,DisableExplicitGC==1 AND UseAdaptiveSizePolicy==1 AND UseAdaptiveGCBoundary==1,0,1.0,1.0,1.0,47
random_2,26,2,DisableExplicitGC = 1 AND UseAdaptiveGCBoundary = 1 AND UseAdaptiveSizePolicy = 1,UseAdaptiveSizePolicy==0 AND TenuredGenerationSizeSupplement_90==1 AND UseAdaptiveGCBoundary==1,0,0.0,0.0,0.0,47
random_5,65,5,DisableExplicitGC = 1 AND UseAdaptiveGCBoundary = 1 AND UseAdaptiveSizePolicy = 1,UseAdaptiveSizeDecayMajorGCCost==1 AND TenuredGenerationSizeSupplementDecay==2 AND UseAdaptiveGCBoundary==0,0,0.0,0.0,0.0,47
random_10,130,16,DisableExplicitGC = 1 AND UseAdaptiveGCBoundary = 1 AND UseAdaptiveSizePolicy = 1,MaxTenuringThreshold==15 AND MinSurvivorRatio==7 AND TenuredGenerationSizeSupplementDecay==2,0,0.0,0.0,0.0,47
random_20,260,29,DisableExplicitGC = 1 AND UseAdaptiveGCBoundary = 1 AND UseAdaptiveSizePolicy = 1,DisableExplicitGC==1 AND UseAdaptiveSizePolicy==1 AND UseAdaptiveGCBoundary==1,0,1.0,1.0,1.0,47
2-wise,66,7,DisableExplicitGC = 1 AND UseAdaptiveGCBoundary = 1 AND UseAdaptiveSizePolicy = 1,MinSurvivorRatio==4 AND NewRatio==4 AND UseAdaptiveGCBoundary==1,0,0.0,0.0,0.0,47
3-wise,293,31,DisableExplicitGC = 1 AND UseAdaptiveGCBoundary = 1 AND UseAdaptiveSizePolicy = 1,DisableExplicitGC==1 AND UseAdaptiveSizePolicy==1 AND UseAdaptiveGCBoundary==1,0,1.0,1.0,1.0,47
4-wise,1156,142,DisableExplicitGC = 1 AND UseAdaptiveGCBoundary = 1 AND UseAdaptiveSizePolicy = 1,DisableExplicitGC==1 AND UseAdaptiveSizePolicy==1 AND UseAdaptiveGCBoundary==1,0,1.0,1.0,1.0,47
full,193536,24192,DisableExplicitGC = 1 AND UseAdaptiveGCBoundary = 1 AND UseAdaptiveSizePolicyFootprintGoal = 1,DisableExplicitGC==1 AND UseAdaptiveSizePolicyFootprintGoal==1 AND UseAdaptiveGCBoundary==1,0,1.0,1.0,1.0,48
random_2,26,3,DisableExplicitGC = 1 AND UseAdaptiveGCBoundary = 1 AND UseAdaptiveSizePolicyFootprintGoal = 1,DisableExplicitGC==1 AND MaxTenuringThreshold==15,0,0.0,0.0,0.0,48
random_5,65,4,DisableExplicitGC = 1 AND UseAdaptiveGCBoundary = 1 AND UseAdaptiveSizePolicyFootprintGoal = 1,MinSurvivorRatio==4 AND TenuredGenerationSizeSupplementDecay==2 AND TenuredGenerationSizeSupplement_90==0,0,0.0,0.0,0.0,48
random_10,130,11,DisableExplicitGC = 1 AND UseAdaptiveGCBoundary = 1 AND UseAdaptiveSizePolicyFootprintGoal = 1,UseAdaptiveSizePolicy==0 AND MaxTenuringThreshold==15 AND TenuredGenerationSizeSupplement_90==0 AND UseAdaptiveGCBoundary==0,0,0.0,0.0,0.0,48
random_20,260,28,DisableExplicitGC = 1 AND UseAdaptiveGCBoundary = 1 AND UseAdaptiveSizePolicyFootprintGoal = 1,NewRatio==4 AND SurvivorRatio==16 AND UseAdaptiveGCBoundary==0,0,0.0,0.0,0.0,48
2-wise,63,6,DisableExplicitGC = 1 AND UseAdaptiveGCBoundary = 1 AND UseAdaptiveSizePolicyFootprintGoal = 1,UseAdaptiveSizePolicyFootprintGoal==0 AND SurvivorRatio==31 AND TenuredGenerationSizeSupplement_70==1,0,0.0,0.0,0.0,48
3-wise,303,29,DisableExplicitGC = 1 AND UseAdaptiveGCBoundary = 1 AND UseAdaptiveSizePolicyFootprintGoal = 1,MinSurvivorRatio==4 AND NewRatio==8 AND SurvivorRatio==16 AND TenuredGenerationSizeSupplement_70==0,0,0.0,0.0,0.0,48
4-wise,1144,137,DisableExplicitGC = 1 AND UseAdaptiveGCBoundary = 1 AND UseAdaptiveSizePolicyFootprintGoal = 1,DisableExplicitGC==1 AND UseAdaptiveSizePolicyFootprintGoal==1 AND UseAdaptiveGCBoundary==1,0,1.0,1.0,1.0,48
full,193536,24192,DisableExplicitGC = 1 AND UseAdaptiveGCBoundary = 1 AND UseAdaptiveSizePolicyFootprintGoal = 1,DisableExplicitGC==1 AND UseAdaptiveSizePolicyFootprintGoal==1 AND UseAdaptiveGCBoundary==1,0,1.0,1.0,1.0,49
random_2,26,2,DisableExplicitGC = 1 AND UseAdaptiveGCBoundary = 1 AND UseAdaptiveSizePolicyFootprintGoal = 1,UseAdaptiveSizeDecayMajorGCCost==0 AND UseAdaptiveSizePolicyFootprintGoal==0 AND UseAdaptiveGCBoundary==1,0,0.0,0.0,0.0,49
random_5,65,9,DisableExplicitGC = 1 AND UseAdaptiveGCBoundary = 1 AND UseAdaptiveSizePolicyFootprintGoal = 1,NewRatio==32 AND TenuredGenerationSizeSupplement_90==0 AND UseAdaptiveGCBoundary==0,0,0.0,0.0,0.0,49
random_10,130,19,DisableExplicitGC = 1 AND UseAdaptiveGCBoundary = 1 AND UseAdaptiveSizePolicyFootprintGoal = 1,UseAdaptiveSizePolicyFootprintGoal==0 AND NewRatio==32 AND TenuredGenerationSizeSupplement_90==1,0,0.0,0.0,0.0,49
random_20,260,33,DisableExplicitGC = 1 AND UseAdaptiveGCBoundary = 1 AND UseAdaptiveSizePolicyFootprintGoal = 1,DisableExplicitGC==1 AND UseAdaptiveSizePolicyFootprintGoal==1 AND UseAdaptiveGCBoundary==1,0,1.0,1.0,1.0,49
2-wise,58,11,DisableExplicitGC = 1 AND UseAdaptiveGCBoundary = 1 AND UseAdaptiveSizePolicyFootprintGoal = 1,NewRatio==16 AND TenuredGenerationSizeSupplementDecay==16 AND TenuredGenerationSizeSupplement_90==1,0,0.0,0.0,0.0,49
3-wise,297,34,DisableExplicitGC = 1 AND UseAdaptiveGCBoundary = 1 AND UseAdaptiveSizePolicyFootprintGoal = 1,DisableExplicitGC==1 AND UseAdaptiveSizePolicyFootprintGoal==1 AND UseAdaptiveGCBoundary==1,0,1.0,1.0,1.0,49
4-wise,1140,157,DisableExplicitGC = 1 AND UseAdaptiveGCBoundary = 1 AND UseAdaptiveSizePolicyFootprintGoal = 1,DisableExplicitGC==0,0,0.0,0.0,0.0,49
full,193536,24192,DisableExplicitGC = 1 AND UseAdaptiveSizePolicy = 1 AND UseAdaptiveSizePolicyFootprintGoal = 1,DisableExplicitGC==1 AND UseAdaptiveSizePolicy==1 AND UseAdaptiveSizePolicyFootprintGoal==1,0,1.0,1.0,1.0,4
random_2,26,4,DisableExplicitGC = 1 AND UseAdaptiveSizePolicy = 1 AND UseAdaptiveSizePolicyFootprintGoal = 1,MinSurvivorRatio==10 AND TenuredGenerationSizeSupplement_50==0,0,0.0,0.0,0.0,4
random_5,65,9,DisableExplicitGC = 1 AND UseAdaptiveSizePolicy = 1 AND UseAdaptiveSizePolicyFootprintGoal = 1,NewRatio==32 AND TenuredGenerationSizeSupplementDecay==8 AND TenuredGenerationSizeSupplement_50==0,0,0.0,0.0,0.0,4
random_10,130,16,DisableExplicitGC = 1 AND UseAdaptiveSizePolicy = 1 AND UseAdaptiveSizePolicyFootprintGoal = 1,SurvivorRatio==1 AND TenuredGenerationSizeSupplementDecay==2 AND TenuredGenerationSizeSupplement_70==1,0,0.0,0.0,0.0,4
random_20,260,32,DisableExplicitGC = 1 AND UseAdaptiveSizePolicy = 1 AND UseAdaptiveSizePolicyFootprintGoal = 1,DisableExplicitGC==1 AND UseAdaptiveSizePolicy==1 AND UseAdaptiveSizePolicyFootprintGoal==1,0,1.0,1.0,1.0,4
2-wise,64,10,DisableExplicitGC = 1 AND UseAdaptiveSizePolicy = 1 AND UseAdaptiveSizePolicyFootprintGoal = 1,MinSurvivorRatio==7 AND SurvivorRatio==31,0,0.0,0.0,0.0,4
3-wise,295,37,DisableExplicitGC = 1 AND UseAdaptiveSizePolicy = 1 AND UseAdaptiveSizePolicyFootprintGoal = 1,DisableExplicitGC==1 AND UseAdaptiveSizePolicy==1 AND UseAdaptiveSizePolicyFootprintGoal==1,0,1.0,1.0,1.0,4
4-wise,1140,147,DisableExplicitGC = 1 AND UseAdaptiveSizePolicy = 1 AND UseAdaptiveSizePolicyFootprintGoal = 1,DisableExplicitGC==1 AND UseAdaptiveSizePolicy==1 AND UseAdaptiveSizePolicyFootprintGoal==1,0,1.0,1.0,1.0,4
full,193536,24192,UseAdaptiveGCBoundary = 1 AND UseAdaptiveSizeDecayMajorGCCost = 1 AND UseAdaptiveSizePolicy = 1,UseAdaptiveSizeDecayMajorGCCost==1 AND UseAdaptiveSizePolicy==1 AND UseAdaptiveGCBoundary==1,0,1.0,1.0,1.0,50
random_2,26,5,UseAdaptiveGCBoundary = 1 AND UseAdaptiveSizeDecayMajorGCCost = 1 AND UseAdaptiveSizePolicy = 1,UseAdaptiveSizePolicy==0 AND MinSurvivorRatio==1,0,0.0,0.0,0.0,50
random_5,65,13,UseAdaptiveGCBoundary = 1 AND UseAdaptiveSizeDecayMajorGCCost = 1 AND UseAdaptiveSizePolicy = 1,UseAdaptiveSizeDecayMajorGCCost==0 AND SurvivorRatio==16 AND TenuredGenerationSizeSupplementDecay==2,0,0.0,0.0,0.0,50
random_10,130,22,UseAdaptiveGCBoundary = 1 AND UseAdaptiveSizeDecayMajorGCCost = 1 AND UseAdaptiveSizePolicy = 1,UseAdaptiveSizeDecayMajorGCCost==1 AND UseAdaptiveSizePolicy==1 AND UseAdaptiveGCBoundary==1,0,1.0,1.0,1.0,50
random_20,260,36,UseAdaptiveGCBoundary = 1 AND UseAdaptiveSizeDecayMajorGCCost = 1 AND UseAdaptiveSizePolicy = 1,UseAdaptiveSizeDecayMajorGCCost==1 AND UseAdaptiveSizePolicy==1 AND UseAdaptiveGCBoundary==1,0,1.0,1.0,1.0,50
2-wise,60,11,UseAdaptiveGCBoundary = 1 AND UseAdaptiveSizeDecayMajorGCCost = 1 AND UseAdaptiveSizePolicy = 1,UseAdaptiveSizePolicy==0 AND NewRatio==2 AND TenuredGenerationSizeSupplement_70==1,0,0.0,0.0,0.0,50
3-wise,302,34,UseAdaptiveGCBoundary = 1 AND UseAdaptiveSizeDecayMajorGCCost = 1 AND UseAdaptiveSizePolicy = 1,UseAdaptiveSizeDecayMajorGCCost==1 AND UseAdaptiveSizePolicy==1 AND UseAdaptiveGCBoundary==1,0,1.0,1.0,1.0,50
4-wise,1160,134,UseAdaptiveGCBoundary = 1 AND UseAdaptiveSizeDecayMajorGCCost = 1 AND UseAdaptiveSizePolicy = 1,UseAdaptiveSizeDecayMajorGCCost==1 AND UseAdaptiveSizePolicy==1 AND UseAdaptiveGCBoundary==1,0,1.0,1.0,1.0,50
full,193536,24192,DisableExplicitGC = 1 AND UseAdaptiveGCBoundary = 1 AND UseAdaptiveSizePolicyFootprintGoal = 1,DisableExplicitGC==1 AND UseAdaptiveSizePolicyFootprintGoal==1 AND UseAdaptiveGCBoundary==1,0,1.0,1.0,1.0,51
random_2,26,3,DisableExplicitGC = 1 AND UseAdaptiveGCBoundary = 1 AND UseAdaptiveSizePolicyFootprintGoal = 1,MinSurvivorRatio==4 AND TenuredGenerationSizeSupplement_90==0 AND UseAdaptiveGCBoundary==1,0,0.0,0.0,0.0,51
random_5,65,5,DisableExplicitGC = 1 AND UseAdaptiveGCBoundary = 1 AND UseAdaptiveSizePolicyFootprintGoal = 1,UseAdaptiveSizeDecayMajorGCCost==1 AND MaxTenuringThreshold==5 AND SurvivorRatio==21,0,0.0,0.0,0.0,51
random_10,130,13,DisableExplicitGC = 1 AND UseAdaptiveGCBoundary = 1 AND UseAdaptiveSizePolicyFootprintGoal = 1,DisableExplicitGC==1 AND MinSurvivorRatio==7 AND TenuredGenerationSizeSupplementDecay==16 AND TenuredGenerationSizeSupplement_70==1,0,0.0,0.0,0.0,51
random_20,260,31,DisableExplicitGC = 1 AND UseAdaptiveGCBoundary = 1 AND UseAdaptiveSizePolicyFootprintGoal = 1,DisableExplicitGC==1 AND UseAdaptiveSizePolicyFootprintGoal==1 AND UseAdaptiveGCBoundary==1,0,1.0,1.0,1.0,51
2-wise,54,5,DisableExplicitGC = 1 AND UseAdaptiveGCBoundary = 1 AND UseAdaptiveSizePolicyFootprintGoal = 1,TenuredGenerationSizeSupplementDecay==8 AND TenuredGenerationSizeSupplement_90==1 AND UseAdaptiveGCBoundary==0,0,0.0,0.0,0.0,51
3-wise,286,33,DisableExplicitGC = 1 AND UseAdaptiveGCBoundary = 1 AND UseAdaptiveSizePolicyFootprintGoal = 1,DisableExplicitGC==1 AND UseAdaptiveSizePolicyFootprintGoal==1 AND UseAdaptiveGCBoundary==1,0,1.0,1.0,1.0,51
4-wise,1188,149,DisableExplicitGC = 1 AND UseAdaptiveGCBoundary = 1 AND UseAdaptiveSizePolicyFootprintGoal = 1,DisableExplicitGC==1 AND UseAdaptiveSizePolicyFootprintGoal==1 AND UseAdaptiveGCBoundary==1,0,1.0,1.0,1.0,51
full,193536,24192,DisableExplicitGC = 1 AND UseAdaptiveGCBoundary = 1 AND UseAdaptiveSizePolicy = 1,DisableExplicitGC==1 AND UseAdaptiveSizePolicy==1 AND UseAdaptiveGCBoundary==1,0,1.0,1.0,1.0,52
random_2,26,2,DisableExplicitGC = 1 AND UseAdaptiveGCBoundary = 1 AND UseAdaptiveSizePolicy = 1,NewRatio==16 AND UseAdaptiveGCBoundary==0,0,0.0,0.0,0.0,52
random_5,65,8,DisableExplicitGC = 1 AND UseAdaptiveGCBoundary = 1 AND UseAdaptiveSizePolicy = 1,MaxTenuringThreshold==5 AND TenuredGenerationSizeSupplementDecay==2 AND UseAdaptiveGCBoundary==0,0,0.0,0.0,0.0,52
random_10,130,16,DisableExplicitGC = 1 AND UseAdaptiveGCBoundary = 1 AND UseAdaptiveSizePolicy = 1,MinSurvivorRatio==7 AND NewRatio==32 AND TenuredGenerationSizeSupplementDecay==8,0,0.0,0.0,0.0,52
random_20,260,22,DisableExplicitGC = 1 AND UseAdaptiveGCBoundary = 1 AND UseAdaptiveSizePolicy = 1,DisableExplicitGC==1 AND UseAdaptiveSizePolicy==1 AND MinSurvivorRatio==7 AND UseAdaptiveGCBoundary==1,1,0.1666666666666666,1.0,0.0909090909090909,52
2-wise,61,6,DisableExplicitGC = 1 AND UseAdaptiveGCBoundary = 1 AND UseAdaptiveSizePolicy = 1,MinSurvivorRatio==10 AND TenuredGenerationSizeSupplementDecay==16 AND UseAdaptiveGCBoundary==1,0,0.0,0.0,0.0,52
3-wise,296,31,DisableExplicitGC = 1 AND UseAdaptiveGCBoundary = 1 AND UseAdaptiveSizePolicy = 1,DisableExplicitGC==1 AND UseAdaptiveSizePolicy==1 AND UseAdaptiveGCBoundary==1,0,1.0,1.0,1.0,52
4-wise,1136,137,DisableExplicitGC = 1 AND UseAdaptiveGCBoundary = 1 AND UseAdaptiveSizePolicy = 1,DisableExplicitGC==1 AND UseAdaptiveSizePolicy==1 AND UseAdaptiveGCBoundary==1,0,1.0,1.0,1.0,52
full,193536,24192,UseAdaptiveSizeDecayMajorGCCost = 1 AND UseAdaptiveSizePolicy = 1 AND UseAdaptiveSizePolicyFootprintGoal = 1,UseAdaptiveSizeDecayMajorGCCost==1 AND UseAdaptiveSizePolicy==1 AND UseAdaptiveSizePolicyFootprintGoal==1,0,1.0,1.0,1.0,53
random_2,26,5,UseAdaptiveSizeDecayMajorGCCost = 1 AND UseAdaptiveSizePolicy = 1 AND UseAdaptiveSizePolicyFootprintGoal = 1,UseAdaptiveSizePolicy==0 AND MinSurvivorRatio==4 AND TenuredGenerationSizeSupplementDecay==4,0,0.0,0.0,0.0,53
random_5,65,7,UseAdaptiveSizeDecayMajorGCCost = 1 AND UseAdaptiveSizePolicy = 1 AND UseAdaptiveSizePolicyFootprintGoal = 1,UseAdaptiveSizePolicy==0 AND UseAdaptiveSizePolicyFootprintGoal==1 AND TenuredGenerationSizeSupplement_70==0,0,0.0,0.0,0.0,53
random_10,130,20,UseAdaptiveSizeDecayMajorGCCost = 1 AND UseAdaptiveSizePolicy = 1 AND UseAdaptiveSizePolicyFootprintGoal = 1,DisableExplicitGC==0 AND NewRatio==32 AND TenuredGenerationSizeSupplement_90==0 AND UseAdaptiveGCBoundary==0,0,0.0,0.0,0.0,53
random_20,260,31,UseAdaptiveSizeDecayMajorGCCost = 1 AND UseAdaptiveSizePolicy = 1 AND UseAdaptiveSizePolicyFootprintGoal = 1,UseAdaptiveSizeDecayMajorGCCost==1 AND UseAdaptiveSizePolicy==1 AND UseAdaptiveSizePolicyFootprintGoal==1,0,1.0,1.0,1.0,53
2-wise,63,7,UseAdaptiveSizeDecayMajorGCCost = 1 AND UseAdaptiveSizePolicy = 1 AND UseAdaptiveSizePolicyFootprintGoal = 1,SurvivorRatio==11 AND TenuredGenerationSizeSupplementDecay==8,0,0.0,0.0,0.0,53
3-wise,304,37,UseAdaptiveSizeDecayMajorGCCost = 1 AND UseAdaptiveSizePolicy = 1 AND UseAdaptiveSizePolicyFootprintGoal = 1,UseAdaptiveSizeDecayMajorGCCost==1 AND UseAdaptiveSizePolicy==1 AND UseAdaptiveSizePolicyFootprintGoal==1,0,1.0,1.0,1.0,53
4-wise,1146,147,UseAdaptiveSizeDecayMajorGCCost = 1 AND UseAdaptiveSizePolicy = 1 AND UseAdaptiveSizePolicyFootprintGoal = 1,UseAdaptiveSizeDecayMajorGCCost==1 AND UseAdaptiveSizePolicy==1 AND UseAdaptiveSizePolicyFootprintGoal==1,0,1.0,1.0,1.0,53
full,193536,24192,DisableExplicitGC = 1 AND UseAdaptiveGCBoundary = 1 AND UseAdaptiveSizeDecayMajorGCCost = 1,DisableExplicitGC==1 AND UseAdaptiveSizeDecayMajorGCCost==1 AND UseAdaptiveGCBoundary==1,0,1.0,1.0,1.0,54
random_2,26,3,DisableExplicitGC = 1 AND UseAdaptiveGCBoundary = 1 AND UseAdaptiveSizeDecayMajorGCCost = 1,MaxTenuringThreshold==15 AND TenuredGenerationSizeSupplement_70==1,0,0.0,0.0,0.0,54
random_5,65,3,DisableExplicitGC = 1 AND UseAdaptiveGCBoundary = 1 AND UseAdaptiveSizeDecayMajorGCCost = 1,MaxTenuringThreshold==5 AND MinSurvivorRatio==1 AND TenuredGenerationSizeSupplement_70==1,0,0.0,0.0,0.0,54
random_10,130,15,DisableExplicitGC = 1 AND UseAdaptiveGCBoundary = 1 AND UseAdaptiveSizeDecayMajorGCCost = 1,DisableExplicitGC==0 AND UseAdaptiveSizeDecayMajorGCCost==0 AND MinSurvivorRatio==7 AND TenuredGenerationSizeSupplement_50==0,0,0.0,0.0,0.0,54
random_20,260,26,DisableExplicitGC = 1 AND UseAdaptiveGCBoundary = 1 AND UseAdaptiveSizeDecayMajorGCCost = 1,UseAdaptiveSizeDecayMajorGCCost==0 AND UseAdaptiveSizePolicy==0 AND NewRatio==8,0,0.0,0.0,0.0,54
2-wise,62,4,DisableExplicitGC = 1 AND UseAdaptiveGCBoundary = 1 AND UseAdaptiveSizeDecayMajorGCCost = 1,MaxTenuringThreshold==5 AND NewRatio==8,0,0.0,0.0,0.0,54
3-wise,297,39,DisableExplicitGC = 1 AND UseAdaptiveGCBoundary = 1 AND UseAdaptiveSizeDecayMajorGCCost = 1,DisableExplicitGC==1 AND UseAdaptiveSizeDecayMajorGCCost==1 AND UseAdaptiveGCBoundary==1,0,1.0,1.0,1.0,54
4-wise,1139,137,DisableExplicitGC = 1 AND UseAdaptiveGCBoundary = 1 AND UseAdaptiveSizeDecayMajorGCCost = 1,DisableExplicitGC==1 AND UseAdaptiveSizeDecayMajorGCCost==1 AND UseAdaptiveGCBoundary==1,0,1.0,1.0,1.0,54
full,193536,24192,DisableExplicitGC = 1 AND UseAdaptiveSizePolicy = 1 AND UseAdaptiveSizePolicyFootprintGoal = 1,DisableExplicitGC==1 AND UseAdaptiveSizePolicy==1 AND UseAdaptiveSizePolicyFootprintGoal==1,0,1.0,1.0,1.0,55
random_2,26,4,DisableExplicitGC = 1 AND UseAdaptiveSizePolicy = 1 AND UseAdaptiveSizePolicyFootprintGoal = 1,SurvivorRatio==11 AND UseAdaptiveGCBoundary==0,0,0.6666666666666666,1.0,0.5,55
random_5,65,11,DisableExplicitGC = 1 AND UseAdaptiveSizePolicy = 1 AND UseAdaptiveSizePolicyFootprintGoal = 1,DisableExplicitGC==1 AND NewRatio==16 AND UseAdaptiveGCBoundary==1,0,0.0,0.0,0.0,55
random_10,130,21,DisableExplicitGC = 1 AND UseAdaptiveSizePolicy = 1 AND UseAdaptiveSizePolicyFootprintGoal = 1,DisableExplicitGC==0 AND NewRatio==2 AND TenuredGenerationSizeSupplement_90==1,0,0.0,0.0,0.0,55
random_20,260,38,DisableExplicitGC = 1 AND UseAdaptiveSizePolicy = 1 AND UseAdaptiveSizePolicyFootprintGoal = 1,DisableExplicitGC==1 AND UseAdaptiveSizePolicy==1 AND UseAdaptiveSizePolicyFootprintGoal==1,0,1.0,1.0,1.0,55
2-wise,64,11,DisableExplicitGC = 1 AND UseAdaptiveSizePolicy = 1 AND UseAdaptiveSizePolicyFootprintGoal = 1,TenuredGenerationSizeSupplementDecay==8,0,0.0,0.0,0.0,55
3-wise,297,41,DisableExplicitGC = 1 AND UseAdaptiveSizePolicy = 1 AND UseAdaptiveSizePolicyFootprintGoal = 1,DisableExplicitGC==1 AND UseAdaptiveSizePolicy==1 AND UseAdaptiveSizePolicyFootprintGoal==1,0,1.0,1.0,1.0,55
4-wise,1137,148,DisableExplicitGC = 1 AND UseAdaptiveSizePolicy = 1 AND UseAdaptiveSizePolicyFootprintGoal = 1,DisableExplicitGC==1 AND UseAdaptiveSizePolicy==1 AND UseAdaptiveSizePolicyFootprintGoal==1,0,1.0,1.0,1.0,55
full,193536,24192,UseAdaptiveSizeDecayMajorGCCost = 1 AND UseAdaptiveSizePolicy = 1 AND UseAdaptiveSizePolicyFootprintGoal = 1,UseAdaptiveSizeDecayMajorGCCost==1 AND UseAdaptiveSizePolicy==1 AND UseAdaptiveSizePolicyFootprintGoal==1,0,1.0,1.0,1.0,56
random_2,26,8,UseAdaptiveSizeDecayMajorGCCost = 1 AND UseAdaptiveSizePolicy = 1 AND UseAdaptiveSizePolicyFootprintGoal = 1,TenuredGenerationSizeSupplement_70==0 AND TenuredGenerationSizeSupplement_90==0,0,0.0,0.0,0.0,56
random_5,65,10,UseAdaptiveSizeDecayMajorGCCost = 1 AND UseAdaptiveSizePolicy = 1 AND UseAdaptiveSizePolicyFootprintGoal = 1,SurvivorRatio==1 AND TenuredGenerationSizeSupplementDecay==16 AND TenuredGenerationSizeSupplement_70==1 AND UseAdaptiveGCBoundary==1,0,0.0,0.0,0.0,56
random_10,130,19,UseAdaptiveSizeDecayMajorGCCost = 1 AND UseAdaptiveSizePolicy = 1 AND UseAdaptiveSizePolicyFootprintGoal = 1,UseAdaptiveSizeDecayMajorGCCost==0 AND NewRatio==2 AND TenuredGenerationSizeSupplementDecay==16 AND TenuredGenerationSizeSupplement_50==0,0,0.0,0.0,0.0,56
random_20,260,34,UseAdaptiveSizeDecayMajorGCCost = 1 AND UseAdaptiveSizePolicy = 1 AND UseAdaptiveSizePolicyFootprintGoal = 1,UseAdaptiveSizeDecayMajorGCCost==1 AND UseAdaptiveSizePolicy==1 AND UseAdaptiveSizePolicyFootprintGoal==1,0,1.0,1.0,1.0,56
2-wise,63,9,UseAdaptiveSizeDecayMajorGCCost = 1 AND UseAdaptiveSizePolicy = 1 AND UseAdaptiveSizePolicyFootprintGoal = 1,UseAdaptiveSizePolicy==1 AND MaxTenuringThreshold==10 AND SurvivorRatio==1,0,0.0,0.0,0.0,56
3-wise,309,43,UseAdaptiveSizeDecayMajorGCCost = 1 AND UseAdaptiveSizePolicy = 1 AND UseAdaptiveSizePolicyFootprintGoal = 1,UseAdaptiveSizeDecayMajorGCCost==1 AND UseAdaptiveSizePolicy==1 AND UseAdaptiveSizePolicyFootprintGoal==1,4,1.0,1.0,1.0,56
4-wise,1160,155,UseAdaptiveSizeDecayMajorGCCost = 1 AND UseAdaptiveSizePolicy = 1 AND UseAdaptiveSizePolicyFootprintGoal = 1,UseAdaptiveSizeDecayMajorGCCost==1 AND UseAdaptiveSizePolicy==1 AND UseAdaptiveSizePolicyFootprintGoal==1,0,1.0,1.0,1.0,56
full,193536,24192,DisableExplicitGC = 1 AND UseAdaptiveGCBoundary = 1 AND UseAdaptiveSizePolicy = 1,DisableExplicitGC==1 AND UseAdaptiveSizePolicy==1 AND UseAdaptiveGCBoundary==1,0,1.0,1.0,1.0,57
random_2,26,2,DisableExplicitGC = 1 AND UseAdaptiveGCBoundary = 1 AND UseAdaptiveSizePolicy = 1,UseAdaptiveSizePolicy==0 AND MaxTenuringThreshold==5 AND TenuredGenerationSizeSupplement_50==0 AND UseAdaptiveGCBoundary==1,0,0.0,0.0,0.0,57
random_5,65,7,DisableExplicitGC = 1 AND UseAdaptiveGCBoundary = 1 AND UseAdaptiveSizePolicy = 1,NewRatio==32 AND TenuredGenerationSizeSupplementDecay==8,0,0.0,0.0,0.0,57
random_10,130,14,DisableExplicitGC = 1 AND UseAdaptiveGCBoundary = 1 AND UseAdaptiveSizePolicy = 1,MaxTenuringThreshold==10 AND NewRatio==4 AND TenuredGenerationSizeSupplement_70==1,0,0.0,0.0,0.0,57
random_20,260,26,DisableExplicitGC = 1 AND UseAdaptiveGCBoundary = 1 AND UseAdaptiveSizePolicy = 1,DisableExplicitGC==1 AND UseAdaptiveSizePolicy==1 AND UseAdaptiveGCBoundary==1,0,1.0,1.0,1.0,57
2-wise,65,8,DisableExplicitGC = 1 AND UseAdaptiveGCBoundary = 1 AND UseAdaptiveSizePolicy = 1,NewRatio==2 AND SurvivorRatio==1 AND UseAdaptiveGCBoundary==1,0,0.0,0.0,0.0,57
3-wise,290,29,DisableExplicitGC = 1 AND UseAdaptiveGCBoundary = 1 AND UseAdaptiveSizePolicy = 1,DisableExplicitGC==1 AND UseAdaptiveSizePolicy==1 AND UseAdaptiveGCBoundary==1,0,1.0,1.0,1.0,57
4-wise,1133,136,DisableExplicitGC = 1 AND UseAdaptiveGCBoundary = 1 AND UseAdaptiveSizePolicy = 1,DisableExplicitGC==1 AND UseAdaptiveSizePolicy==1 AND UseAdaptiveGCBoundary==1,0,1.0,1.0,1.0,57
full,193536,24192,DisableExplicitGC = 1 AND UseAdaptiveGCBoundary = 1 AND UseAdaptiveSizePolicyFootprintGoal = 1,DisableExplicitGC==1 AND UseAdaptiveSizePolicyFootprintGoal==1 AND UseAdaptiveGCBoundary==1,0,1.0,1.0,1.0,58
random_2,26,4,DisableExplicitGC = 1 AND UseAdaptiveGCBoundary = 1 AND UseAdaptiveSizePolicyFootprintGoal = 1,UseAdaptiveSizePolicy==1 AND SurvivorRatio==26,0,0.6666666666666666,1.0,0.5,58
random_5,65,10,DisableExplicitGC = 1 AND UseAdaptiveGCBoundary = 1 AND UseAdaptiveSizePolicyFootprintGoal = 1,NewRatio==32 AND TenuredGenerationSizeSupplementDecay==16,0,0.0,0.0,0.0,58
random_10,130,24,DisableExplicitGC = 1 AND UseAdaptiveGCBoundary = 1 AND UseAdaptiveSizePolicyFootprintGoal = 1,DisableExplicitGC==1 AND UseAdaptiveSizePolicyFootprintGoal==1 AND UseAdaptiveGCBoundary==1,0,1.0,1.0,1.0,58
random_20,260,46,DisableExplicitGC = 1 AND UseAdaptiveGCBoundary = 1 AND UseAdaptiveSizePolicyFootprintGoal = 1,DisableExplicitGC==1 AND UseAdaptiveSizePolicyFootprintGoal==1 AND UseAdaptiveGCBoundary==1,0,1.0,1.0,1.0,58
2-wise,67,12,DisableExplicitGC = 1 AND UseAdaptiveGCBoundary = 1 AND UseAdaptiveSizePolicyFootprintGoal = 1,MaxTenuringThreshold==10 AND MinSurvivorRatio==7 AND TenuredGenerationSizeSupplementDecay==2,0,0.0,0.0,0.0,58
3-wise,306,50,DisableExplicitGC = 1 AND UseAdaptiveGCBoundary = 1 AND UseAdaptiveSizePolicyFootprintGoal = 1,DisableExplicitGC==1 AND UseAdaptiveSizePolicyFootprintGoal==1 AND UseAdaptiveGCBoundary==1,0,1.0,1.0,1.0,58
4-wise,1144,159,DisableExplicitGC = 1 AND UseAdaptiveGCBoundary = 1 AND UseAdaptiveSizePolicyFootprintGoal = 1,DisableExplicitGC==1 AND UseAdaptiveSizePolicyFootprintGoal==1 AND UseAdaptiveGCBoundary==1,0,1.0,1.0,1.0,58
full,193536,24192,UseAdaptiveGCBoundary = 1 AND UseAdaptiveSizePolicy = 1 AND UseAdaptiveSizePolicyFootprintGoal = 1,UseAdaptiveSizePolicy==1 AND UseAdaptiveSizePolicyFootprintGoal==1 AND UseAdaptiveGCBoundary==1,0,1.0,1.0,1.0,59
random_2,26,5,UseAdaptiveGCBoundary = 1 AND UseAdaptiveSizePolicy = 1 AND UseAdaptiveSizePolicyFootprintGoal = 1,UseAdaptiveSizePolicy==0 AND UseAdaptiveSizePolicyFootprintGoal==1 AND TenuredGenerationSizeSupplement_50==1,0,0.0,0.0,0.0,59
random_5,65,13,UseAdaptiveGCBoundary = 1 AND UseAdaptiveSizePolicy = 1 AND UseAdaptiveSizePolicyFootprintGoal = 1,UseAdaptiveSizePolicyFootprintGoal==0 AND MaxTenuringThreshold==5 AND NewRatio==16,0,0.0,0.0,0.0,59
random_10,130,23,UseAdaptiveGCBoundary = 1 AND UseAdaptiveSizePolicy = 1 AND UseAdaptiveSizePolicyFootprintGoal = 1,NewRatio==4 AND SurvivorRatio==16 AND UseAdaptiveGCBoundary==0,0,0.0,0.0,0.0,59
random_20,260,39,UseAdaptiveGCBoundary = 1 AND UseAdaptiveSizePolicy = 1 AND UseAdaptiveSizePolicyFootprintGoal = 1,UseAdaptiveSizePolicy==1 AND UseAdaptiveSizePolicyFootprintGoal==1 AND UseAdaptiveGCBoundary==1,0,1.0,1.0,1.0,59
2-wise,58,9,UseAdaptiveGCBoundary = 1 AND UseAdaptiveSizePolicy = 1 AND UseAdaptiveSizePolicyFootprintGoal = 1,UseAdaptiveSizeDecayMajorGCCost==0 AND SurvivorRatio==1 AND TenuredGenerationSizeSupplement_70==1,0,0.0,0.0,0.0,59
3-wise,295,42,UseAdaptiveGCBoundary = 1 AND UseAdaptiveSizePolicy = 1 AND UseAdaptiveSizePolicyFootprintGoal = 1,UseAdaptiveSizePolicy==1 AND UseAdaptiveSizePolicyFootprintGoal==1 AND UseAdaptiveGCBoundary==1,0,1.0,1.0,1.0,59
4-wise,1160,146,UseAdaptiveGCBoundary = 1 AND UseAdaptiveSizePolicy = 1 AND UseAdaptiveSizePolicyFootprintGoal = 1,UseAdaptiveSizePolicy==1 AND UseAdaptiveSizePolicyFootprintGoal==1 AND UseAdaptiveGCBoundary==1,0,1.0,1.0,1.0,59
full,193536,24192,DisableExplicitGC = 1 AND UseAdaptiveSizeDecayMajorGCCost = 1 AND UseAdaptiveSizePolicy = 1,DisableExplicitGC==1 AND UseAdaptiveSizeDecayMajorGCCost==1 AND UseAdaptiveSizePolicy==1,0,1.0,1.0,1.0,5
random_2,26,3,DisableExplicitGC = 1 AND UseAdaptiveSizeDecayMajorGCCost = 1 AND UseAdaptiveSizePolicy = 1,NewRatio==8 AND UseAdaptiveGCBoundary==1,0,0.0,0.0,0.0,5
random_5,65,5,DisableExplicitGC = 1 AND UseAdaptiveSizeDecayMajorGCCost = 1 AND UseAdaptiveSizePolicy = 1,NewRatio==16 AND SurvivorRatio==21,0,0.0,0.0,0.0,5
random_10,130,11,DisableExplicitGC = 1 AND UseAdaptiveSizeDecayMajorGCCost = 1 AND UseAdaptiveSizePolicy = 1,MaxTenuringThreshold==10 AND SurvivorRatio==16 AND TenuredGenerationSizeSupplementDecay==2,0,0.0,0.0,0.0,5
random_20,260,27,DisableExplicitGC = 1 AND UseAdaptiveSizeDecayMajorGCCost = 1 AND UseAdaptiveSizePolicy = 1,DisableExplicitGC==1 AND UseAdaptiveSizeDecayMajorGCCost==1 AND UseAdaptiveSizePolicy==1,0,1.0,1.0,1.0,5
2-wise,61,5,DisableExplicitGC = 1 AND UseAdaptiveSizeDecayMajorGCCost = 1 AND UseAdaptiveSizePolicy = 1,NewRatio==16 AND SurvivorRatio==16,0,0.0,0.0,0.0,5
3-wise,309,33,DisableExplicitGC = 1 AND UseAdaptiveSizeDecayMajorGCCost = 1 AND UseAdaptiveSizePolicy = 1,DisableExplicitGC==1 AND UseAdaptiveSizeDecayMajorGCCost==1 AND UseAdaptiveSizePolicy==1,0,1.0,1.0,1.0,5
4-wise,1143,153,DisableExplicitGC = 1 AND UseAdaptiveSizeDecayMajorGCCost = 1 AND UseAdaptiveSizePolicy = 1,DisableExplicitGC==1 AND UseAdaptiveSizeDecayMajorGCCost==1 AND UseAdaptiveSizePolicy==1,0,1.0,1.0,1.0,5
full,193536,24192,UseAdaptiveGCBoundary = 1 AND UseAdaptiveSizeDecayMajorGCCost = 1 AND UseAdaptiveSizePolicyFootprintGoal = 1,UseAdaptiveSizeDecayMajorGCCost==1 AND UseAdaptiveSizePolicyFootprintGoal==1 AND UseAdaptiveGCBoundary==1,0,1.0,1.0,1.0,60
random_2,26,9,UseAdaptiveGCBoundary = 1 AND UseAdaptiveSizeDecayMajorGCCost = 1 AND UseAdaptiveSizePolicyFootprintGoal = 1,UseAdaptiveSizePolicyFootprintGoal==0 AND NewRatio==32 AND TenuredGenerationSizeSupplement_90==0,0,0.0,0.0,0.0,60
random_5,65,14,UseAdaptiveGCBoundary = 1 AND UseAdaptiveSizeDecayMajorGCCost = 1 AND UseAdaptiveSizePolicyFootprintGoal = 1,NewRatio==16 AND SurvivorRatio==1,0,0.0,0.0,0.0,60
random_10,130,22,UseAdaptiveGCBoundary = 1 AND UseAdaptiveSizeDecayMajorGCCost = 1 AND UseAdaptiveSizePolicyFootprintGoal = 1,MinSurvivorRatio==4 AND NewRatio==16 AND UseAdaptiveGCBoundary==0,0,0.0,0.0,0.0,60
random_20,260,38,UseAdaptiveGCBoundary = 1 AND UseAdaptiveSizeDecayMajorGCCost = 1 AND UseAdaptiveSizePolicyFootprintGoal = 1,UseAdaptiveSizeDecayMajorGCCost==1 AND UseAdaptiveSizePolicyFootprintGoal==1 AND UseAdaptiveGCBoundary==1,2,1.0,1.0,1.0,60
2-wise,62,14,UseAdaptiveGCBoundary = 1 AND UseAdaptiveSizeDecayMajorGCCost = 1 AND UseAdaptiveSizePolicyFootprintGoal = 1,SurvivorRatio==11 AND UseAdaptiveGCBoundary==0,0,0.0,0.0,0.0,60
3-wise,292,45,UseAdaptiveGCBoundary = 1 AND UseAdaptiveSizeDecayMajorGCCost = 1 AND UseAdaptiveSizePolicyFootprintGoal = 1,UseAdaptiveSizeDecayMajorGCCost==1 AND UseAdaptiveSizePolicyFootprintGoal==1 AND UseAdaptiveGCBoundary==1,0,1.0,1.0,1.0,60
4-wise,1153,155,UseAdaptiveGCBoundary = 1 AND UseAdaptiveSizeDecayMajorGCCost = 1 AND UseAdaptiveSizePolicyFootprintGoal = 1,UseAdaptiveSizeDecayMajorGCCost==1 AND UseAdaptiveSizePolicyFootprintGoal==1 AND UseAdaptiveGCBoundary==1,0,1.0,1.0,1.0,60
full,193536,24192,DisableExplicitGC = 1 AND UseAdaptiveGCBoundary = 1 AND UseAdaptiveSizePolicy = 1,DisableExplicitGC==1 AND UseAdaptiveSizePolicy==1 AND UseAdaptiveGCBoundary==1,0,1.0,1.0,1.0,61
random_2,26,5,DisableExplicitGC = 1 AND UseAdaptiveGCBoundary = 1 AND UseAdaptiveSizePolicy = 1,MinSurvivorRatio==4 AND SurvivorRatio==16,0,0.0,0.0,0.0,61
random_5,65,10,DisableExplicitGC = 1 AND UseAdaptiveGCBoundary = 1 AND UseAdaptiveSizePolicy = 1,NewRatio==4 AND TenuredGenerationSizeSupplementDecay==16,0,0.0,0.0,0.0,61
random_10,130,23,DisableExplicitGC = 1 AND UseAdaptiveGCBoundary = 1 AND UseAdaptiveSizePolicy = 1,DisableExplicitGC==1 AND UseAdaptiveSizePolicy==1 AND UseAdaptiveGCBoundary==1,0,1.0,1.0,1.0,61
random_20,260,41,DisableExplicitGC = 1 AND UseAdaptiveGCBoundary = 1 AND UseAdaptiveSizePolicy = 1,DisableExplicitGC==1 AND UseAdaptiveSizePolicy==1 AND UseAdaptiveGCBoundary==1,0,1.0,1.0,1.0,61
2-wise,64,9,DisableExplicitGC = 1 AND UseAdaptiveGCBoundary = 1 AND UseAdaptiveSizePolicy = 1,MinSurvivorRatio==7 AND TenuredGenerationSizeSupplementDecay==8,0,0.0,0.0,0.0,61
3-wise,302,45,DisableExplicitGC = 1 AND UseAdaptiveGCBoundary = 1 AND UseAdaptiveSizePolicy = 1,DisableExplicitGC==1 AND UseAdaptiveSizePolicy==1 AND UseAdaptiveGCBoundary==1,1,1.0,1.0,1.0,61
4-wise,1164,143,DisableExplicitGC = 1 AND UseAdaptiveGCBoundary = 1 AND UseAdaptiveSizePolicy = 1,DisableExplicitGC==1 AND UseAdaptiveSizePolicy==1 AND UseAdaptiveGCBoundary==1,0,1.0,1.0,1.0,61
full,193536,24192,UseAdaptiveGCBoundary = 1 AND UseAdaptiveSizeDecayMajorGCCost = 1 AND UseAdaptiveSizePolicyFootprintGoal = 1,UseAdaptiveSizeDecayMajorGCCost==1 AND UseAdaptiveSizePolicyFootprintGoal==1 AND UseAdaptiveGCBoundary==1,0,1.0,1.0,1.0,62
random_2,26,2,UseAdaptiveGCBoundary = 1 AND UseAdaptiveSizeDecayMajorGCCost = 1 AND UseAdaptiveSizePolicyFootprintGoal = 1,MaxTenuringThreshold==15 AND MinSurvivorRatio==7,0,0.0,0.0,0.0,62
random_5,65,3,UseAdaptiveGCBoundary = 1 AND UseAdaptiveSizeDecayMajorGCCost = 1 AND UseAdaptiveSizePolicyFootprintGoal = 1,DisableExplicitGC==0 AND TenuredGenerationSizeSupplement_50==1 AND UseAdaptiveGCBoundary==1,0,0.0,0.0,0.0,62
random_10,130,15,UseAdaptiveGCBoundary = 1 AND UseAdaptiveSizeDecayMajorGCCost = 1 AND UseAdaptiveSizePolicyFootprintGoal = 1,UseAdaptiveSizeDecayMajorGCCost==0 AND MinSurvivorRatio==4 AND TenuredGenerationSizeSupplementDecay==2,0,0.0,0.0,0.0,62
random_20,260,31,UseAdaptiveGCBoundary = 1 AND UseAdaptiveSizeDecayMajorGCCost = 1 AND UseAdaptiveSizePolicyFootprintGoal = 1,UseAdaptiveSizeDecayMajorGCCost==1 AND UseAdaptiveSizePolicyFootprintGoal==1 AND UseAdaptiveGCBoundary==1,0,1.0,1.0,1.0,62
2-wise,63,3,UseAdaptiveGCBoundary = 1 AND UseAdaptiveSizeDecayMajorGCCost = 1 AND UseAdaptiveSizePolicyFootprintGoal = 1,NewRatio==2 AND TenuredGenerationSizeSupplement_90==1,0,0.0,0.0,0.0,62
3-wise,306,38,UseAdaptiveGCBoundary = 1 AND UseAdaptiveSizeDecayMajorGCCost = 1 AND UseAdaptiveSizePolicyFootprintGoal = 1,UseAdaptiveSizeDecayMajorGCCost==1 AND UseAdaptiveSizePolicyFootprintGoal==1 AND UseAdaptiveGCBoundary==1,0,1.0,1.0,1.0,62
4-wise,1147,128,UseAdaptiveGCBoundary = 1 AND UseAdaptiveSizeDecayMajorGCCost = 1 AND UseAdaptiveSizePolicyFootprintGoal = 1,UseAdaptiveSizeDecayMajorGCCost==1 AND UseAdaptiveSizePolicyFootprintGoal==1 AND UseAdaptiveGCBoundary==1,0,1.0,1.0,1.0,62
full,193536,24192,DisableExplicitGC = 1 AND UseAdaptiveGCBoundary = 1 AND UseAdaptiveSizePolicy = 1,DisableExplicitGC==1 AND UseAdaptiveSizePolicy==1 AND UseAdaptiveGCBoundary==1,0,1.0,1.0,1.0,63
random_2,26,5,DisableExplicitGC = 1 AND UseAdaptiveGCBoundary = 1 AND UseAdaptiveSizePolicy = 1,DisableExplicitGC==0 AND UseAdaptiveSizePolicy==1 AND UseAdaptiveGCBoundary==0,0,0.0,0.0,0.0,63
random_5,65,15,DisableExplicitGC = 1 AND UseAdaptiveGCBoundary = 1 AND UseAdaptiveSizePolicy = 1,NewRatio==1 AND TenuredGenerationSizeSupplementDecay==16,0,0.0,0.0,0.0,63
random_10,130,23,DisableExplicitGC = 1 AND UseAdaptiveGCBoundary = 1 AND UseAdaptiveSizePolicy = 1,DisableExplicitGC==1 AND UseAdaptiveSizePolicy==1 AND UseAdaptiveGCBoundary==1,0,1.0,1.0,1.0,63
random_20,260,42,DisableExplicitGC = 1 AND UseAdaptiveGCBoundary = 1 AND UseAdaptiveSizePolicy = 1,DisableExplicitGC==1 AND UseAdaptiveSizePolicy==1 AND UseAdaptiveGCBoundary==1,0,1.0,1.0,1.0,63
2-wise,63,16,DisableExplicitGC = 1 AND UseAdaptiveGCBoundary = 1 AND UseAdaptiveSizePolicy = 1,MinSurvivorRatio==10 AND NewRatio==4 AND UseAdaptiveGCBoundary==0,0,0.0,0.0,0.0,63
3-wise,304,42,DisableExplicitGC = 1 AND UseAdaptiveGCBoundary = 1 AND UseAdaptiveSizePolicy = 1,DisableExplicitGC==1 AND UseAdaptiveSizePolicy==1 AND UseAdaptiveGCBoundary==1,0,1.0,1.0,1.0,63
4-wise,1136,150,DisableExplicitGC = 1 AND UseAdaptiveGCBoundary = 1 AND UseAdaptiveSizePolicy = 1,DisableExplicitGC==1 AND UseAdaptiveSizePolicy==1 AND UseAdaptiveGCBoundary==1,0,1.0,1.0,1.0,63
full,193536,24192,UseAdaptiveGCBoundary = 1 AND UseAdaptiveSizeDecayMajorGCCost = 1 AND UseAdaptiveSizePolicy = 1,UseAdaptiveSizeDecayMajorGCCost==1 AND UseAdaptiveSizePolicy==1 AND UseAdaptiveGCBoundary==1,0,1.0,1.0,1.0,64
random_2,26,4,UseAdaptiveGCBoundary = 1 AND UseAdaptiveSizeDecayMajorGCCost = 1 AND UseAdaptiveSizePolicy = 1,MaxTenuringThreshold==5 AND TenuredGenerationSizeSupplementDecay==8,0,0.0,0.0,0.0,64
random_5,65,12,UseAdaptiveGCBoundary = 1 AND UseAdaptiveSizeDecayMajorGCCost = 1 AND UseAdaptiveSizePolicy = 1,MinSurvivorRatio==10 AND TenuredGenerationSizeSupplementDecay==16,0,0.0,0.0,0.0,64
random_10,130,20,UseAdaptiveGCBoundary = 1 AND UseAdaptiveSizeDecayMajorGCCost = 1 AND UseAdaptiveSizePolicy = 1,UseAdaptiveSizePolicy==1 AND MinSurvivorRatio==1 AND TenuredGenerationSizeSupplement_50==1 AND UseAdaptiveGCBoundary==0,0,0.0,0.0,0.0,64
random_20,260,34,UseAdaptiveGCBoundary = 1 AND UseAdaptiveSizeDecayMajorGCCost = 1 AND UseAdaptiveSizePolicy = 1,UseAdaptiveSizeDecayMajorGCCost==1 AND UseAdaptiveSizePolicy==1 AND UseAdaptiveGCBoundary==1,0,1.0,1.0,1.0,64
2-wise,63,12,UseAdaptiveGCBoundary = 1 AND UseAdaptiveSizeDecayMajorGCCost = 1 AND UseAdaptiveSizePolicy = 1,MinSurvivorRatio==10 AND SurvivorRatio==11,0,0.0,0.0,0.0,64
3-wise,300,30,UseAdaptiveGCBoundary = 1 AND UseAdaptiveSizeDecayMajorGCCost = 1 AND UseAdaptiveSizePolicy = 1,UseAdaptiveSizeDecayMajorGCCost==1 AND UseAdaptiveSizePolicy==1 AND UseAdaptiveGCBoundary==1,0,1.0,1.0,1.0,64
4-wise,1146,132,UseAdaptiveGCBoundary = 1 AND UseAdaptiveSizeDecayMajorGCCost = 1 AND UseAdaptiveSizePolicy = 1,UseAdaptiveSizeDecayMajorGCCost==1 AND UseAdaptiveSizePolicy==1 AND UseAdaptiveGCBoundary==1,0,1.0,1.0,1.0,64
full,193536,24192,DisableExplicitGC = 1 AND UseAdaptiveSizeDecayMajorGCCost = 1 AND UseAdaptiveSizePolicyFootprintGoal = 1,DisableExplicitGC==1 AND UseAdaptiveSizeDecayMajorGCCost==1 AND UseAdaptiveSizePolicyFootprintGoal==1,0,1.0,1.0,1.0,65
random_2,26,1,DisableExplicitGC = 1 AND UseAdaptiveSizeDecayMajorGCCost = 1 AND UseAdaptiveSizePolicyFootprintGoal = 1,MaxTenuringThreshold==15 AND NewRatio==1,0,0.0,0.0,0.0,65
random_5,65,7,DisableExplicitGC = 1 AND UseAdaptiveSizeDecayMajorGCCost = 1 AND UseAdaptiveSizePolicyFootprintGoal = 1,UseAdaptiveSizePolicyFootprintGoal==0 AND SurvivorRatio==31 AND UseAdaptiveGCBoundary==0,0,0.0,0.0,0.0,65
random_10,130,11,DisableExplicitGC = 1 AND UseAdaptiveSizeDecayMajorGCCost = 1 AND UseAdaptiveSizePolicyFootprintGoal = 1,MaxTenuringThreshold==15 AND SurvivorRatio==1,0,0.0,0.0,0.0,65
random_20,260,29,DisableExplicitGC = 1 AND UseAdaptiveSizeDecayMajorGCCost = 1 AND UseAdaptiveSizePolicyFootprintGoal = 1,DisableExplicitGC==1 AND UseAdaptiveSizeDecayMajorGCCost==1 AND UseAdaptiveSizePolicyFootprintGoal==1,0,1.0,1.0,1.0,65
2-wise,63,8,DisableExplicitGC = 1 AND UseAdaptiveSizeDecayMajorGCCost = 1 AND UseAdaptiveSizePolicyFootprintGoal = 1,MaxTenuringThreshold==15 AND SurvivorRatio==11 AND TenuredGenerationSizeSupplement_90==1,0,0.0,0.0,0.0,65
3-wise,301,34,DisableExplicitGC = 1 AND UseAdaptiveSizeDecayMajorGCCost = 1 AND UseAdaptiveSizePolicyFootprintGoal = 1,DisableExplicitGC==1 AND UseAdaptiveSizeDecayMajorGCCost==1 AND UseAdaptiveSizePolicyFootprintGoal==1,0,1.0,1.0,1.0,65
4-wise,1159,157,DisableExplicitGC = 1 AND UseAdaptiveSizeDecayMajorGCCost = 1 AND UseAdaptiveSizePolicyFootprintGoal = 1,DisableExplicitGC==1 AND UseAdaptiveSizeDecayMajorGCCost==1 AND UseAdaptiveSizePolicyFootprintGoal==1,0,1.0,1.0,1.0,65
full,193536,24192,UseAdaptiveGCBoundary = 1 AND UseAdaptiveSizeDecayMajorGCCost = 1 AND UseAdaptiveSizePolicy = 1,UseAdaptiveSizeDecayMajorGCCost==1 AND UseAdaptiveSizePolicy==1 AND UseAdaptiveGCBoundary==1,0,1.0,1.0,1.0,66
random_2,26,4,UseAdaptiveGCBoundary = 1 AND UseAdaptiveSizeDecayMajorGCCost = 1 AND UseAdaptiveSizePolicy = 1,MinSurvivorRatio==10 AND TenuredGenerationSizeSupplementDecay==4,0,0.0,0.0,0.0,66
random_5,65,11,UseAdaptiveGCBoundary = 1 AND UseAdaptiveSizeDecayMajorGCCost = 1 AND UseAdaptiveSizePolicy = 1,SurvivorRatio==21 AND TenuredGenerationSizeSupplementDecay==8,0,0.0,0.0,0.0,66
random_10,130,20,UseAdaptiveGCBoundary = 1 AND UseAdaptiveSizeDecayMajorGCCost = 1 AND UseAdaptiveSizePolicy = 1,UseAdaptiveSizePolicy==1 AND MaxTenuringThreshold==5 AND SurvivorRatio==11 AND TenuredGenerationSizeSupplementDecay==8,0,0.0,0.0,0.0,66
random_20,260,45,UseAdaptiveGCBoundary = 1 AND UseAdaptiveSizeDecayMajorGCCost = 1 AND UseAdaptiveSizePolicy = 1,UseAdaptiveSizeDecayMajorGCCost==1 AND UseAdaptiveSizePolicy==1 AND UseAdaptiveGCBoundary==1,0,1.0,1.0,1.0,66
2-wise,62,11,UseAdaptiveGCBoundary = 1 AND UseAdaptiveSizeDecayMajorGCCost = 1 AND UseAdaptiveSizePolicy = 1,UseAdaptiveSizeDecayMajorGCCost==1 AND UseAdaptiveSizePolicy==1 AND UseAdaptiveGCBoundary==1,0,1.0,1.0,1.0,66
3-wise,304,46,UseAdaptiveGCBoundary = 1 AND UseAdaptiveSizeDecayMajorGCCost = 1 AND UseAdaptiveSizePolicy = 1,UseAdaptiveSizeDecayMajorGCCost==1 AND UseAdaptiveSizePolicy==1 AND UseAdaptiveGCBoundary==1,0,1.0,1.0,1.0,66
4-wise,1157,147,UseAdaptiveGCBoundary = 1 AND UseAdaptiveSizeDecayMajorGCCost = 1 AND UseAdaptiveSizePolicy = 1,UseAdaptiveSizeDecayMajorGCCost==1 AND UseAdaptiveSizePolicy==1 AND UseAdaptiveGCBoundary==1,0,1.0,1.0,1.0,66
full,193536,24192,DisableExplicitGC = 1 AND UseAdaptiveGCBoundary = 1 AND UseAdaptiveSizePolicyFootprintGoal = 1,DisableExplicitGC==1 AND UseAdaptiveSizePolicyFootprintGoal==1 AND UseAdaptiveGCBoundary==1,0,1.0,1.0,1.0,67
random_2,26,3,DisableExplicitGC = 1 AND UseAdaptiveGCBoundary = 1 AND UseAdaptiveSizePolicyFootprintGoal = 1,TenuredGenerationSizeSupplementDecay==16 AND UseAdaptiveGCBoundary==1,0,0.0,0.0,0.0,67
random_5,65,9,DisableExplicitGC = 1 AND UseAdaptiveGCBoundary = 1 AND UseAdaptiveSizePolicyFootprintGoal = 1,UseAdaptiveSizeDecayMajorGCCost==1 AND MaxTenuringThreshold==10 AND MinSurvivorRatio==4,0,0.0,0.0,0.0,67
random_10,130,11,DisableExplicitGC = 1 AND UseAdaptiveGCBoundary = 1 AND UseAdaptiveSizePolicyFootprintGoal = 1,NewRatio==8 AND SurvivorRatio==1 AND TenuredGenerationSizeSupplement_50==0 AND UseAdaptiveGCBoundary==0,0,0.0,0.0,0.0,67
random_20,260,31,DisableExplicitGC = 1 AND UseAdaptiveGCBoundary = 1 AND UseAdaptiveSizePolicyFootprintGoal = 1,DisableExplicitGC==1 AND UseAdaptiveSizePolicyFootprintGoal==1 AND UseAdaptiveGCBoundary==1,0,1.0,1.0,1.0,67
2-wise,61,6,DisableExplicitGC = 1 AND UseAdaptiveGCBoundary = 1 AND UseAdaptiveSizePolicyFootprintGoal = 1,MaxTenuringThreshold==15 AND NewRatio==1 AND UseAdaptiveGCBoundary==0,0,0.0,0.0,0.0,67
3-wise,291,33,DisableExplicitGC = 1 AND UseAdaptiveGCBoundary = 1 AND UseAdaptiveSizePolicyFootprintGoal = 1,UseAdaptiveSizePolicyFootprintGoal==0 AND MinSurvivorRatio==7 AND NewRatio==1 AND TenuredGenerationSizeSupplementDecay==8,0,0.0,0.0,0.0,67
4-wise,1161,142,DisableExplicitGC = 1 AND UseAdaptiveGCBoundary = 1 AND UseAdaptiveSizePolicyFootprintGoal = 1,DisableExplicitGC==1 AND UseAdaptiveSizePolicyFootprintGoal==1 AND UseAdaptiveGCBoundary==1,0,1.0,1.0,1.0,67
full,193536,24192,UseAdaptiveSizeDecayMajorGCCost = 1 AND UseAdaptiveSizePolicy = 1 AND UseAdaptiveSizePolicyFootprintGoal = 1,UseAdaptiveSizeDecayMajorGCCost==1 AND UseAdaptiveSizePolicy==1 AND UseAdaptiveSizePolicyFootprintGoal==1,0,1.0,1.0,1.0,68
random_2,26,4,UseAdaptiveSizeDecayMajorGCCost = 1 AND UseAdaptiveSizePolicy = 1 AND UseAdaptiveSizePolicyFootprintGoal = 1,MinSurvivorRatio==4 AND TenuredGenerationSizeSupplementDecay==4 AND TenuredGenerationSizeSupplement_50==0,0,0.0,0.0,0.0,68
random_5,65,5,UseAdaptiveSizeDecayMajorGCCost = 1 AND UseAdaptiveSizePolicy = 1 AND UseAdaptiveSizePolicyFootprintGoal = 1,UseAdaptiveSizePolicyFootprintGoal==1 AND MinSurvivorRatio==10 AND NewRatio==4,0,0.0,0.0,0.0,68
random_10,130,11,UseAdaptiveSizeDecayMajorGCCost = 1 AND UseAdaptiveSizePolicy = 1 AND UseAdaptiveSizePolicyFootprintGoal = 1,MaxTenuringThreshold==5 AND SurvivorRatio==6 AND TenuredGenerationSizeSupplement_90==0,0,0.0,0.0,0.0,68
random_20,260,21,UseAdaptiveSizeDecayMajorGCCost = 1 AND UseAdaptiveSizePolicy = 1 AND UseAdaptiveSizePolicyFootprintGoal = 1,NewRatio==2 AND SurvivorRatio==11 AND TenuredGenerationSizeSupplementDecay==2 AND TenuredGenerationSizeSupplement_70==0,0,0.0,0.0,0.0,68
2-wise,59,5,UseAdaptiveSizeDecayMajorGCCost = 1 AND UseAdaptiveSizePolicy = 1 AND UseAdaptiveSizePolicyFootprintGoal = 1,MaxTenuringThreshold==5 AND NewRatio==8 AND UseAdaptiveGCBoundary==0,0,0.0,0.0,0.0,68
3-wise,308,30,UseAdaptiveSizeDecayMajorGCCost = 1 AND UseAdaptiveSizePolicy = 1 AND UseAdaptiveSizePolicyFootprintGoal = 1,UseAdaptiveSizeDecayMajorGCCost==1 AND UseAdaptiveSizePolicy==1 AND UseAdaptiveSizePolicyFootprintGoal==1,0,1.0,1.0,1.0,68
4-wise,1167,142,UseAdaptiveSizeDecayMajorGCCost = 1 AND UseAdaptiveSizePolicy = 1 AND UseAdaptiveSizePolicyFootprintGoal = 1,UseAdaptiveSizeDecayMajorGCCost==1 AND UseAdaptiveSizePolicy==1 AND UseAdaptiveSizePolicyFootprintGoal==1,0,1.0,1.0,1.0,68
full,193536,24192,UseAdaptiveGCBoundary = 1 AND UseAdaptiveSizeDecayMajorGCCost = 1 AND UseAdaptiveSizePolicy = 1,UseAdaptiveSizeDecayMajorGCCost==1 AND UseAdaptiveSizePolicy==1 AND UseAdaptiveGCBoundary==1,0,1.0,1.0,1.0,69
random_2,26,2,UseAdaptiveGCBoundary = 1 AND UseAdaptiveSizeDecayMajorGCCost = 1 AND UseAdaptiveSizePolicy = 1,DisableExplicitGC==1 AND UseAdaptiveSizeDecayMajorGCCost==1 AND TenuredGenerationSizeSupplementDecay==8 AND TenuredGenerationSizeSupplement_70==0,0,0.0,0.0,0.0,69
random_5,65,7,UseAdaptiveGCBoundary = 1 AND UseAdaptiveSizeDecayMajorGCCost = 1 AND UseAdaptiveSizePolicy = 1,UseAdaptiveSizePolicy==1 AND MaxTenuringThreshold==10 AND NewRatio==16,0,0.0,0.0,0.0,69
random_10,130,13,UseAdaptiveGCBoundary = 1 AND UseAdaptiveSizeDecayMajorGCCost = 1 AND UseAdaptiveSizePolicy = 1,DisableExplicitGC==0 AND UseAdaptiveSizeDecayMajorGCCost==0 AND UseAdaptiveSizePolicyFootprintGoal==0 AND TenuredGenerationSizeSupplementDecay==4,0,0.0,0.0,0.0,69
random_20,260,24,UseAdaptiveGCBoundary = 1 AND UseAdaptiveSizeDecayMajorGCCost = 1 AND UseAdaptiveSizePolicy = 1,UseAdaptiveSizeDecayMajorGCCost==1 AND UseAdaptiveSizePolicy==1 AND UseAdaptiveGCBoundary==1,0,1.0,1.0,1.0,69
2-wise,64,6,UseAdaptiveGCBoundary = 1 AND UseAdaptiveSizeDecayMajorGCCost = 1 AND UseAdaptiveSizePolicy = 1,MinSurvivorRatio==10 AND NewRatio==4 AND UseAdaptiveGCBoundary==0,0,0.0,0.0,0.0,69
3-wise,299,29,UseAdaptiveGCBoundary = 1 AND UseAdaptiveSizeDecayMajorGCCost = 1 AND UseAdaptiveSizePolicy = 1,SurvivorRatio==6 AND TenuredGenerationSizeSupplement_70==0 AND UseAdaptiveGCBoundary==0,0,0.0,0.0,0.0,69
4-wise,1156,152,UseAdaptiveGCBoundary = 1 AND UseAdaptiveSizeDecayMajorGCCost = 1 AND UseAdaptiveSizePolicy = 1,UseAdaptiveSizeDecayMajorGCCost==1 AND UseAdaptiveSizePolicy==1 AND UseAdaptiveGCBoundary==1,0,1.0,1.0,1.0,69
full,193536,24192,UseAdaptiveGCBoundary = 1 AND UseAdaptiveSizePolicy = 1 AND UseAdaptiveSizePolicyFootprintGoal = 1,UseAdaptiveSizePolicy==1 AND UseAdaptiveSizePolicyFootprintGoal==1 AND UseAdaptiveGCBoundary==1,0,1.0,1.0,1.0,6
random_2,26,4,UseAdaptiveGCBoundary = 1 AND UseAdaptiveSizePolicy = 1 AND UseAdaptiveSizePolicyFootprintGoal = 1,MinSurvivorRatio==10 AND TenuredGenerationSizeSupplement_90==0,0,0.0,0.0,0.0,6
random_5,65,11,UseAdaptiveGCBoundary = 1 AND UseAdaptiveSizePolicy = 1 AND UseAdaptiveSizePolicyFootprintGoal = 1,UseAdaptiveSizePolicyFootprintGoal==0 AND NewRatio==1 AND UseAdaptiveGCBoundary==1,0,0.0,0.0,0.0,6
random_10,130,20,UseAdaptiveGCBoundary = 1 AND UseAdaptiveSizePolicy = 1 AND UseAdaptiveSizePolicyFootprintGoal = 1,MaxTenuringThreshold==15 AND NewRatio==8 AND TenuredGenerationSizeSupplementDecay==4 AND TenuredGenerationSizeSupplement_90==1,0,0.0,0.0,0.0,6
random_20,260,41,UseAdaptiveGCBoundary = 1 AND UseAdaptiveSizePolicy = 1 AND UseAdaptiveSizePolicyFootprintGoal = 1,UseAdaptiveSizePolicy==1 AND UseAdaptiveSizePolicyFootprintGoal==1 AND UseAdaptiveGCBoundary==1,0,1.0,1.0,1.0,6
2-wise,60,11,UseAdaptiveGCBoundary = 1 AND UseAdaptiveSizePolicy = 1 AND UseAdaptiveSizePolicyFootprintGoal = 1,DisableExplicitGC==0 AND UseAdaptiveSizePolicyFootprintGoal==1 AND NewRatio==4,0,0.0,0.0,0.0,6
3-wise,315,47,UseAdaptiveGCBoundary = 1 AND UseAdaptiveSizePolicy = 1 AND UseAdaptiveSizePolicyFootprintGoal = 1,UseAdaptiveSizePolicy==1 AND UseAdaptiveSizePolicyFootprintGoal==1 AND UseAdaptiveGCBoundary==1,0,1.0,1.0,1.0,6
4-wise,1138,155,UseAdaptiveGCBoundary = 1 AND UseAdaptiveSizePolicy = 1 AND UseAdaptiveSizePolicyFootprintGoal = 1,UseAdaptiveSizePolicy==1 AND UseAdaptiveSizePolicyFootprintGoal==1 AND UseAdaptiveGCBoundary==1,0,1.0,1.0,1.0,6
full,193536,24192,UseAdaptiveGCBoundary = 1 AND UseAdaptiveSizeDecayMajorGCCost = 1 AND UseAdaptiveSizePolicyFootprintGoal = 1,UseAdaptiveSizeDecayMajorGCCost==1 AND UseAdaptiveSizePolicyFootprintGoal==1 AND UseAdaptiveGCBoundary==1,0,1.0,1.0,1.0,70
random_2,26,1,UseAdaptiveGCBoundary = 1 AND UseAdaptiveSizeDecayMajorGCCost = 1 AND UseAdaptiveSizePolicyFootprintGoal = 1,DisableExplicitGC==1 AND TenuredGenerationSizeSupplementDecay==16 AND UseAdaptiveGCBoundary==1,0,0.0,0.0,0.0,70
random_5,65,3,UseAdaptiveGCBoundary = 1 AND UseAdaptiveSizeDecayMajorGCCost = 1 AND UseAdaptiveSizePolicyFootprintGoal = 1,MaxTenuringThreshold==15 AND MinSurvivorRatio==1 AND TenuredGenerationSizeSupplementDecay==16 AND TenuredGenerationSizeSupplement_70==0,0,0.0,0.0,0.0,70
random_10,130,10,UseAdaptiveGCBoundary = 1 AND UseAdaptiveSizeDecayMajorGCCost = 1 AND UseAdaptiveSizePolicyFootprintGoal = 1,NewRatio==32 AND TenuredGenerationSizeSupplementDecay==8 AND TenuredGenerationSizeSupplement_90==0,0,0.0,0.0,0.0,70
random_20,260,34,UseAdaptiveGCBoundary = 1 AND UseAdaptiveSizeDecayMajorGCCost = 1 AND UseAdaptiveSizePolicyFootprintGoal = 1,UseAdaptiveSizeDecayMajorGCCost==1 AND UseAdaptiveSizePolicyFootprintGoal==1 AND UseAdaptiveGCBoundary==1,0,1.0,1.0,1.0,70
2-wise,59,3,UseAdaptiveGCBoundary = 1 AND UseAdaptiveSizeDecayMajorGCCost = 1 AND UseAdaptiveSizePolicyFootprintGoal = 1,MinSurvivorRatio==1 AND TenuredGenerationSizeSupplement_70==0 AND TenuredGenerationSizeSupplement_90==0 AND UseAdaptiveGCBoundary==1,0,0.0,0.0,0.0,70
3-wise,291,38,UseAdaptiveGCBoundary = 1 AND UseAdaptiveSizeDecayMajorGCCost = 1 AND UseAdaptiveSizePolicyFootprintGoal = 1,UseAdaptiveSizeDecayMajorGCCost==1 AND UseAdaptiveSizePolicyFootprintGoal==1 AND UseAdaptiveGCBoundary==1,0,1.0,1.0,1.0,70
4-wise,1146,145,UseAdaptiveGCBoundary = 1 AND UseAdaptiveSizeDecayMajorGCCost = 1 AND UseAdaptiveSizePolicyFootprintGoal = 1,UseAdaptiveSizeDecayMajorGCCost==1 AND UseAdaptiveSizePolicyFootprintGoal==1 AND UseAdaptiveGCBoundary==1,0,1.0,1.0,1.0,70
full,193536,24192,DisableExplicitGC = 1 AND UseAdaptiveSizePolicy = 1 AND UseAdaptiveSizePolicyFootprintGoal = 1,DisableExplicitGC==1 AND UseAdaptiveSizePolicy==1 AND UseAdaptiveSizePolicyFootprintGoal==1,0,1.0,1.0,1.0,71
random_5,65,2,DisableExplicitGC = 1 AND UseAdaptiveSizePolicy = 1 AND UseAdaptiveSizePolicyFootprintGoal = 1,UseAdaptiveSizePolicy==1 AND MinSurvivorRatio==10 AND TenuredGenerationSizeSupplementDecay==4 AND UseAdaptiveGCBoundary==1,0,0.0,0.0,0.0,71
random_10,130,10,DisableExplicitGC = 1 AND UseAdaptiveSizePolicy = 1 AND UseAdaptiveSizePolicyFootprintGoal = 1,UseAdaptiveSizePolicyFootprintGoal==0 AND NewRatio==16 AND SurvivorRatio==16,0,0.0,0.0,0.0,71
random_20,260,24,DisableExplicitGC = 1 AND UseAdaptiveSizePolicy = 1 AND UseAdaptiveSizePolicyFootprintGoal = 1,DisableExplicitGC==1 AND UseAdaptiveSizePolicy==1 AND UseAdaptiveSizePolicyFootprintGoal==1,0,1.0,1.0,1.0,71
2-wise,63,2,DisableExplicitGC = 1 AND UseAdaptiveSizePolicy = 1 AND UseAdaptiveSizePolicyFootprintGoal = 1,UseAdaptiveSizePolicyFootprintGoal==0 AND MinSurvivorRatio==7 AND SurvivorRatio==16,0,0.0,0.0,0.0,71
3-wise,287,26,DisableExplicitGC = 1 AND UseAdaptiveSizePolicy = 1 AND UseAdaptiveSizePolicyFootprintGoal = 1,DisableExplicitGC==1 AND UseAdaptiveSizePolicy==1 AND UseAdaptiveSizePolicyFootprintGoal==1,0,1.0,1.0,1.0,71
4-wise,1131,149,DisableExplicitGC = 1 AND UseAdaptiveSizePolicy = 1 AND UseAdaptiveSizePolicyFootprintGoal = 1,DisableExplicitGC==1 AND UseAdaptiveSizePolicy==1 AND UseAdaptiveSizePolicyFootprintGoal==1,0,1.0,1.0,1.0,71
full,193536,24192,UseAdaptiveGCBoundary = 1 AND UseAdaptiveSizeDecayMajorGCCost = 1 AND UseAdaptiveSizePolicy = 1,UseAdaptiveSizeDecayMajorGCCost==1 AND UseAdaptiveSizePolicy==1 AND UseAdaptiveGCBoundary==1,0,1.0,1.0,1.0,72
random_2,26,3,UseAdaptiveGCBoundary = 1 AND UseAdaptiveSizeDecayMajorGCCost = 1 AND UseAdaptiveSizePolicy = 1,MaxTenuringThreshold==15 AND MinSurvivorRatio==10 AND UseAdaptiveGCBoundary==0,0,0.0,0.0,0.0,72
random_5,65,10,UseAdaptiveGCBoundary = 1 AND UseAdaptiveSizeDecayMajorGCCost = 1 AND UseAdaptiveSizePolicy = 1,MaxTenuringThreshold==5 AND TenuredGenerationSizeSupplementDecay==2 AND TenuredGenerationSizeSupplement_90==1,0,0.0,0.0,0.0,72
random_10,130,19,UseAdaptiveGCBoundary = 1 AND UseAdaptiveSizeDecayMajorGCCost = 1 AND UseAdaptiveSizePolicy = 1,UseAdaptiveSizeDecayMajorGCCost==1 AND UseAdaptiveSizePolicy==1 AND UseAdaptiveGCBoundary==1,0,1.0,1.0,1.0,72
random_20,260,27,UseAdaptiveGCBoundary = 1 AND UseAdaptiveSizeDecayMajorGCCost = 1 AND UseAdaptiveSizePolicy = 1,UseAdaptiveSizeDecayMajorGCCost==1 AND UseAdaptiveSizePolicy==1 AND UseAdaptiveGCBoundary==1,0,1.0,1.0,1.0,72
2-wise,63,11,UseAdaptiveGCBoundary = 1 AND UseAdaptiveSizeDecayMajorGCCost = 1 AND UseAdaptiveSizePolicy = 1,DisableExplicitGC==1 AND MaxTenuringThreshold==5 AND NewRatio==16,0,0.0,0.0,0.0,72
3-wise,292,32,UseAdaptiveGCBoundary = 1 AND UseAdaptiveSizeDecayMajorGCCost = 1 AND UseAdaptiveSizePolicy = 1,UseAdaptiveSizeDecayMajorGCCost==1 AND UseAdaptiveSizePolicy==1 AND UseAdaptiveGCBoundary==1,0,1.0,1.0,1.0,72
4-wise,1155,132,UseAdaptiveGCBoundary = 1 AND UseAdaptiveSizeDecayMajorGCCost = 1 AND UseAdaptiveSizePolicy = 1,UseAdaptiveSizeDecayMajorGCCost==1 AND UseAdaptiveSizePolicy==1 AND UseAdaptiveGCBoundary==1,0,1.0,1.0,1.0,72
full,193536,24192,UseAdaptiveGCBoundary = 1 AND UseAdaptiveSizeDecayMajorGCCost = 1 AND UseAdaptiveSizePolicy = 1,UseAdaptiveSizeDecayMajorGCCost==1 AND UseAdaptiveSizePolicy==1 AND UseAdaptiveGCBoundary==1,0,1.0,1.0,1.0,73
random_2,26,4,UseAdaptiveGCBoundary = 1 AND UseAdaptiveSizeDecayMajorGCCost = 1 AND UseAdaptiveSizePolicy = 1,DisableExplicitGC==0 AND UseAdaptiveSizePolicy==0 AND NewRatio==1,0,0.0,0.0,0.0,73
random_5,65,9,UseAdaptiveGCBoundary = 1 AND UseAdaptiveSizeDecayMajorGCCost = 1 AND UseAdaptiveSizePolicy = 1,SurvivorRatio==1 AND TenuredGenerationSizeSupplementDecay==4 AND UseAdaptiveGCBoundary==1,0,0.0,0.0,0.0,73
random_10,130,19,UseAdaptiveGCBoundary = 1 AND UseAdaptiveSizeDecayMajorGCCost = 1 AND UseAdaptiveSizePolicy = 1,UseAdaptiveSizePolicy==0 AND MinSurvivorRatio==4 AND TenuredGenerationSizeSupplementDecay==8 AND UseAdaptiveGCBoundary==0,0,0.0,0.0,0.0,73
random_20,260,42,UseAdaptiveGCBoundary = 1 AND UseAdaptiveSizeDecayMajorGCCost = 1 AND UseAdaptiveSizePolicy = 1,UseAdaptiveSizeDecayMajorGCCost==1 AND UseAdaptiveSizePolicy==1 AND UseAdaptiveGCBoundary==1,0,1.0,1.0,1.0,73
2-wise,65,10,UseAdaptiveGCBoundary = 1 AND UseAdaptiveSizeDecayMajorGCCost = 1 AND UseAdaptiveSizePolicy = 1,UseAdaptiveSizePolicyFootprintGoal==1 AND NewRatio==4 AND UseAdaptiveGCBoundary==1,0,0.0,0.0,0.0,73
3-wise,308,49,UseAdaptiveGCBoundary = 1 AND UseAdaptiveSizeDecayMajorGCCost = 1 AND UseAdaptiveSizePolicy = 1,UseAdaptiveSizeDecayMajorGCCost==1 AND UseAdaptiveSizePolicy==1 AND UseAdaptiveGCBoundary==1,0,1.0,1.0,1.0,73
4-wise,1128,155,UseAdaptiveGCBoundary = 1 AND UseAdaptiveSizeDecayMajorGCCost = 1 AND UseAdaptiveSizePolicy = 1,UseAdaptiveSizeDecayMajorGCCost==1 AND UseAdaptiveSizePolicy==1 AND UseAdaptiveGCBoundary==1,0,1.0,1.0,1.0,73
full,193536,24192,DisableExplicitGC = 1 AND UseAdaptiveGCBoundary = 1 AND UseAdaptiveSizeDecayMajorGCCost = 1,DisableExplicitGC==1 AND UseAdaptiveSizeDecayMajorGCCost==1 AND UseAdaptiveGCBoundary==1,0,1.0,1.0,1.0,74
random_2,26,3,DisableExplicitGC = 1 AND UseAdaptiveGCBoundary = 1 AND UseAdaptiveSizeDecayMajorGCCost = 1,MinSurvivorRatio==7 AND TenuredGenerationSizeSupplementDecay==16,0,0.0,0.0,0.0,74
random_5,65,8,DisableExplicitGC = 1 AND UseAdaptiveGCBoundary = 1 AND UseAdaptiveSizeDecayMajorGCCost = 1,DisableExplicitGC==0 AND SurvivorRatio==21 AND UseAdaptiveGCBoundary==0,0,0.0,0.0,0.0,74
random_10,130,16,DisableExplicitGC = 1 AND UseAdaptiveGCBoundary = 1 AND UseAdaptiveSizeDecayMajorGCCost = 1,SurvivorRatio==6 AND TenuredGenerationSizeSupplementDecay==4,0,0.0,0.0,0.0,74
random_20,260,31,DisableExplicitGC = 1 AND UseAdaptiveGCBoundary = 1 AND UseAdaptiveSizeDecayMajorGCCost = 1,DisableExplicitGC==1 AND UseAdaptiveSizeDecayMajorGCCost==1 AND UseAdaptiveGCBoundary==1,0,1.0,1.0,1.0,74
2-wise,64,9,DisableExplicitGC = 1 AND UseAdaptiveGCBoundary = 1 AND UseAdaptiveSizeDecayMajorGCCost = 1,NewRatio==32 AND TenuredGenerationSizeSupplementDecay==16,0,0.1818181818181818,0.5,0.1111111111111111,74
3-wise,305,42,DisableExplicitGC = 1 AND UseAdaptiveGCBoundary = 1 AND UseAdaptiveSizeDecayMajorGCCost = 1,DisableExplicitGC==1 AND UseAdaptiveSizeDecayMajorGCCost==1 AND UseAdaptiveGCBoundary==1,0,1.0,1.0,1.0,74
4-wise,1133,126,DisableExplicitGC = 1 AND UseAdaptiveGCBoundary = 1 AND UseAdaptiveSizeDecayMajorGCCost = 1,DisableExplicitGC==1 AND UseAdaptiveSizeDecayMajorGCCost==1 AND UseAdaptiveGCBoundary==1,0,1.0,1.0,1.0,74
full,193536,24192,DisableExplicitGC = 1 AND UseAdaptiveSizeDecayMajorGCCost = 1 AND UseAdaptiveSizePolicy = 1,DisableExplicitGC==1 AND UseAdaptiveSizeDecayMajorGCCost==1 AND UseAdaptiveSizePolicy==1,0,1.0,1.0,1.0,75
random_2,26,1,DisableExplicitGC = 1 AND UseAdaptiveSizeDecayMajorGCCost = 1 AND UseAdaptiveSizePolicy = 1,UseAdaptiveSizePolicyFootprintGoal==1 AND NewRatio==2 AND UseAdaptiveGCBoundary==1,0,0.0,0.0,0.0,75
random_5,65,7,DisableExplicitGC = 1 AND UseAdaptiveSizeDecayMajorGCCost = 1 AND UseAdaptiveSizePolicy = 1,UseAdaptiveSizeDecayMajorGCCost==0 AND MinSurvivorRatio==1 AND TenuredGenerationSizeSupplement_50==0 AND UseAdaptiveGCBoundary==0,0,0.0,0.0,0.0,75
random_10,130,17,DisableExplicitGC = 1 AND UseAdaptiveSizeDecayMajorGCCost = 1 AND UseAdaptiveSizePolicy = 1,UseAdaptiveSizePolicy==0 AND MinSurvivorRatio==4 AND TenuredGenerationSizeSupplementDecay==16 AND TenuredGenerationSizeSupplement_70==0,0,0.0,0.0,0.0,75
random_20,260,30,DisableExplicitGC = 1 AND UseAdaptiveSizeDecayMajorGCCost = 1 AND UseAdaptiveSizePolicy = 1,DisableExplicitGC==1 AND UseAdaptiveSizeDecayMajorGCCost==1 AND UseAdaptiveSizePolicy==1,1,1.0,1.0,1.0,75
2-wise,65,7,DisableExplicitGC = 1 AND UseAdaptiveSizeDecayMajorGCCost = 1 AND UseAdaptiveSizePolicy = 1,MinSurvivorRatio==4 AND TenuredGenerationSizeSupplementDecay==16 AND TenuredGenerationSizeSupplement_90==0,0,0.0,0.0,0.0,75
3-wise,289,31,DisableExplicitGC = 1 AND UseAdaptiveSizeDecayMajorGCCost = 1 AND UseAdaptiveSizePolicy = 1,UseAdaptiveSizePolicyFootprintGoal==0 AND NewRatio==32 AND SurvivorRatio==1 AND TenuredGenerationSizeSupplement_90==1,0,0.0,0.0,0.0,75
4-wise,1141,128,DisableExplicitGC = 1 AND UseAdaptiveSizeDecayMajorGCCost = 1 AND UseAdaptiveSizePolicy = 1,DisableExplicitGC==1 AND UseAdaptiveSizeDecayMajorGCCost==1 AND UseAdaptiveSizePolicy==1,0,1.0,1.0,1.0,75
full,193536,24192,DisableExplicitGC = 1 AND UseAdaptiveGCBoundary = 1 AND UseAdaptiveSizePolicy = 1,DisableExplicitGC==1 AND UseAdaptiveSizePolicy==1 AND UseAdaptiveGCBoundary==1,0,1.0,1.0,1.0,76
random_2,26,5,DisableExplicitGC = 1 AND UseAdaptiveGCBoundary = 1 AND UseAdaptiveSizePolicy = 1,UseAdaptiveSizeDecayMajorGCCost==0 AND UseAdaptiveSizePolicyFootprintGoal==0 AND SurvivorRatio==21,0,0.0,0.0,0.0,76
random_5,65,9,DisableExplicitGC = 1 AND UseAdaptiveGCBoundary = 1 AND UseAdaptiveSizePolicy = 1,MaxTenuringThreshold==15 AND NewRatio==1 AND TenuredGenerationSizeSupplementDecay==16,0,0.0,0.0,0.0,76
random_10,130,22,DisableExplicitGC = 1 AND UseAdaptiveGCBoundary = 1 AND UseAdaptiveSizePolicy = 1,UseAdaptiveSizePolicy==1 AND MaxTenuringThreshold==15 AND SurvivorRatio==21,0,0.0,0.0,0.0,76
random_20,260,40,DisableExplicitGC = 1 AND UseAdaptiveGCBoundary = 1 AND UseAdaptiveSizePolicy = 1,DisableExplicitGC==1 AND UseAdaptiveSizePolicy==1 AND UseAdaptiveGCBoundary==1,0,1.0,1.0,1.0,76
2-wise,59,11,DisableExplicitGC = 1 AND UseAdaptiveGCBoundary = 1 AND UseAdaptiveSizePolicy = 1,SurvivorRatio==26 AND TenuredGenerationSizeSupplementDecay==4,0,0.0,0.0,0.0,76
3-wise,300,44,DisableExplicitGC = 1 AND UseAdaptiveGCBoundary = 1 AND UseAdaptiveSizePolicy = 1,DisableExplicitGC==1 AND UseAdaptiveSizePolicy==1 AND UseAdaptiveGCBoundary==1,0,1.0,1.0,1.0,76
4-wise,1140,148,DisableExplicitGC = 1 AND UseAdaptiveGCBoundary = 1 AND UseAdaptiveSizePolicy = 1,DisableExplicitGC==1 AND UseAdaptiveSizePolicy==1 AND UseAdaptiveGCBoundary==1,0,1.0,1.0,1.0,76
full,193536,24192,DisableExplicitGC = 1 AND UseAdaptiveSizeDecayMajorGCCost = 1 AND UseAdaptiveSizePolicyFootprintGoal = 1,DisableExplicitGC==1 AND UseAdaptiveSizeDecayMajorGCCost==1 AND UseAdaptiveSizePolicyFootprintGoal==1,0,1.0,1.0,1.0,77
random_2,26,4,DisableExplicitGC = 1 AND UseAdaptiveSizeDecayMajorGCCost = 1 AND UseAdaptiveSizePolicyFootprintGoal = 1,NewRatio==8 AND TenuredGenerationSizeSupplementDecay==4,0,0.0,0.0,0.0,77
random_5,65,8,DisableExplicitGC = 1 AND UseAdaptiveSizeDecayMajorGCCost = 1 AND UseAdaptiveSizePolicyFootprintGoal = 1,NewRatio==16 AND TenuredGenerationSizeSupplementDecay==2,0,0.4,1.0,0.25,77
random_10,130,17,DisableExplicitGC = 1 AND UseAdaptiveSizeDecayMajorGCCost = 1 AND UseAdaptiveSizePolicyFootprintGoal = 1,NewRatio==8 AND TenuredGenerationSizeSupplementDecay==2 AND TenuredGenerationSizeSupplement_90==0 AND UseAdaptiveGCBoundary==0,0,0.0,0.0,0.0,77
random_20,260,33,DisableExplicitGC = 1 AND UseAdaptiveSizeDecayMajorGCCost = 1 AND UseAdaptiveSizePolicyFootprintGoal = 1,DisableExplicitGC==1 AND UseAdaptiveSizeDecayMajorGCCost==1 AND UseAdaptiveSizePolicyFootprintGoal==1,0,1.0,1.0,1.0,77
2-wise,60,8,DisableExplicitGC = 1 AND UseAdaptiveSizeDecayMajorGCCost = 1 AND UseAdaptiveSizePolicyFootprintGoal = 1,DisableExplicitGC==1 AND UseAdaptiveSizePolicyFootprintGoal==0 AND MinSurvivorRatio==10 AND UseAdaptiveGCBoundary==1,0,0.0,0.0,0.0,77
3-wise,294,33,DisableExplicitGC = 1 AND UseAdaptiveSizeDecayMajorGCCost = 1 AND UseAdaptiveSizePolicyFootprintGoal = 1,DisableExplicitGC==1 AND UseAdaptiveSizeDecayMajorGCCost==1 AND UseAdaptiveSizePolicyFootprintGoal==1,4,1.0,1.0,1.0,77
4-wise,1130,145,DisableExplicitGC = 1 AND UseAdaptiveSizeDecayMajorGCCost = 1 AND UseAdaptiveSizePolicyFootprintGoal = 1,DisableExplicitGC==1 AND UseAdaptiveSizeDecayMajorGCCost==1 AND UseAdaptiveSizePolicyFootprintGoal==1,0,1.0,1.0,1.0,77
full,193536,24192,DisableExplicitGC = 1 AND UseAdaptiveGCBoundary = 1 AND UseAdaptiveSizePolicyFootprintGoal = 1,DisableExplicitGC==1 AND UseAdaptiveSizePolicyFootprintGoal==1 AND UseAdaptiveGCBoundary==1,0,1.0,1.0,1.0,78
random_2,26,5,DisableExplicitGC = 1 AND UseAdaptiveGCBoundary = 1 AND UseAdaptiveSizePolicyFootprintGoal = 1,SurvivorRatio==6,0,0.0,0.0,0.0,78
random_5,65,10,DisableExplicitGC = 1 AND UseAdaptiveGCBoundary = 1 AND UseAdaptiveSizePolicyFootprintGoal = 1,MaxTenuringThreshold==5 AND SurvivorRatio==16 AND TenuredGenerationSizeSupplement_90==0 AND UseAdaptiveGCBoundary==0,0,0.0,0.0,0.0,78
random_10,130,20,DisableExplicitGC = 1 AND UseAdaptiveGCBoundary = 1 AND UseAdaptiveSizePolicyFootprintGoal = 1,DisableExplicitGC==1 AND UseAdaptiveSizePolicyFootprintGoal==1 AND UseAdaptiveGCBoundary==1,0,1.0,1.0,1.0,78
random_20,260,38,DisableExplicitGC = 1 AND UseAdaptiveGCBoundary = 1 AND UseAdaptiveSizePolicyFootprintGoal = 1,DisableExplicitGC==1 AND UseAdaptiveSizePolicyFootprintGoal==1 AND UseAdaptiveGCBoundary==1,0,1.0,1.0,1.0,78
2-wise,60,8,DisableExplicitGC = 1 AND UseAdaptiveGCBoundary = 1 AND UseAdaptiveSizePolicyFootprintGoal = 1,SurvivorRatio==1 AND TenuredGenerationSizeSupplementDecay==16,0,0.0,0.0,0.0,78
3-wise,303,42,DisableExplicitGC = 1 AND UseAdaptiveGCBoundary = 1 AND UseAdaptiveSizePolicyFootprintGoal = 1,DisableExplicitGC==1 AND UseAdaptiveSizePolicyFootprintGoal==1 AND UseAdaptiveGCBoundary==1,0,1.0,1.0,1.0,78
4-wise,1159,156,DisableExplicitGC = 1 AND UseAdaptiveGCBoundary = 1 AND UseAdaptiveSizePolicyFootprintGoal = 1,DisableExplicitGC==1 AND UseAdaptiveSizePolicyFootprintGoal==1 AND UseAdaptiveGCBoundary==1,0,1.0,1.0,1.0,78
full,193536,24192,DisableExplicitGC = 1 AND UseAdaptiveGCBoundary = 1 AND UseAdaptiveSizeDecayMajorGCCost = 1,DisableExplicitGC==1 AND UseAdaptiveSizeDecayMajorGCCost==1 AND UseAdaptiveGCBoundary==1,0,1.0,1.0,1.0,79
random_2,26,4,DisableExplicitGC = 1 AND UseAdaptiveGCBoundary = 1 AND UseAdaptiveSizeDecayMajorGCCost = 1,TenuredGenerationSizeSupplementDecay==2 AND TenuredGenerationSizeSupplement_90==1,0,0.0,0.0,0.0,79
random_5,65,12,DisableExplicitGC = 1 AND UseAdaptiveGCBoundary = 1 AND UseAdaptiveSizeDecayMajorGCCost = 1,MinSurvivorRatio==10 AND SurvivorRatio==1 AND TenuredGenerationSizeSupplement_70==0,0,0.0,0.0,0.0,79
random_10,130,21,DisableExplicitGC = 1 AND UseAdaptiveGCBoundary = 1 AND UseAdaptiveSizeDecayMajorGCCost = 1,UseAdaptiveSizePolicy==0 AND NewRatio==2 AND TenuredGenerationSizeSupplementDecay==16,0,0.0833333333333333,0.3333333333333333,0.0476190476190476,79
random_20,260,39,DisableExplicitGC = 1 AND UseAdaptiveGCBoundary = 1 AND UseAdaptiveSizeDecayMajorGCCost = 1,DisableExplicitGC==1 AND UseAdaptiveSizeDecayMajorGCCost==1 AND UseAdaptiveGCBoundary==1,1,1.0,1.0,1.0,79
2-wise,64,12,DisableExplicitGC = 1 AND UseAdaptiveGCBoundary = 1 AND UseAdaptiveSizeDecayMajorGCCost = 1,SurvivorRatio==26 AND TenuredGenerationSizeSupplement_90==1,0,0.0,0.0,0.0,79
3-wise,296,42,DisableExplicitGC = 1 AND UseAdaptiveGCBoundary = 1 AND UseAdaptiveSizeDecayMajorGCCost = 1,DisableExplicitGC==1 AND UseAdaptiveSizeDecayMajorGCCost==1 AND UseAdaptiveGCBoundary==1,0,1.0,1.0,1.0,79
4-wise,1154,142,DisableExplicitGC = 1 AND UseAdaptiveGCBoundary = 1 AND UseAdaptiveSizeDecayMajorGCCost = 1,DisableExplicitGC==1 AND UseAdaptiveSizeDecayMajorGCCost==1 AND UseAdaptiveGCBoundary==1,0,1.0,1.0,1.0,79
full,193536,24192,DisableExplicitGC = 1 AND UseAdaptiveSizeDecayMajorGCCost = 1 AND UseAdaptiveSizePolicy = 1,DisableExplicitGC==1 AND UseAdaptiveSizeDecayMajorGCCost==1 AND UseAdaptiveSizePolicy==1,0,1.0,1.0,1.0,7
random_2,26,3,DisableExplicitGC = 1 AND UseAdaptiveSizeDecayMajorGCCost = 1 AND UseAdaptiveSizePolicy = 1,UseAdaptiveSizeDecayMajorGCCost==0 AND SurvivorRatio==1 AND TenuredGenerationSizeSupplement_50==1,0,0.0,0.0,0.0,7
random_5,65,15,DisableExplicitGC = 1 AND UseAdaptiveSizeDecayMajorGCCost = 1 AND UseAdaptiveSizePolicy = 1,UseAdaptiveSizePolicy==0 AND MaxTenuringThreshold==5 AND MinSurvivorRatio==7,0,0.0,0.0,0.0,7
random_10,130,24,DisableExplicitGC = 1 AND UseAdaptiveSizeDecayMajorGCCost = 1 AND UseAdaptiveSizePolicy = 1,UseAdaptiveSizeDecayMajorGCCost==0 AND NewRatio==1 AND TenuredGenerationSizeSupplementDecay==2 AND TenuredGenerationSizeSupplement_70==1,0,0.0,0.0,0.0,7
random_20,260,39,DisableExplicitGC = 1 AND UseAdaptiveSizeDecayMajorGCCost = 1 AND UseAdaptiveSizePolicy = 1,DisableExplicitGC==1 AND UseAdaptiveSizeDecayMajorGCCost==1 AND UseAdaptiveSizePolicy==1,3,1.0,1.0,1.0,7
2-wise,63,14,DisableExplicitGC = 1 AND UseAdaptiveSizeDecayMajorGCCost = 1 AND UseAdaptiveSizePolicy = 1,UseAdaptiveSizeDecayMajorGCCost==0 AND NewRatio==8 AND TenuredGenerationSizeSupplementDecay==8,0,0.0,0.0,0.0,7
3-wise,288,45,DisableExplicitGC = 1 AND UseAdaptiveSizeDecayMajorGCCost = 1 AND UseAdaptiveSizePolicy = 1,DisableExplicitGC==1 AND UseAdaptiveSizeDecayMajorGCCost==1 AND UseAdaptiveSizePolicy==1,0,1.0,1.0,1.0,7
4-wise,1152,150,DisableExplicitGC = 1 AND UseAdaptiveSizeDecayMajorGCCost = 1 AND UseAdaptiveSizePolicy = 1,DisableExplicitGC==1 AND UseAdaptiveSizeDecayMajorGCCost==1 AND UseAdaptiveSizePolicy==1,0,1.0,1.0,1.0,7
full,193536,24192,DisableExplicitGC = 1 AND UseAdaptiveGCBoundary = 1 AND UseAdaptiveSizeDecayMajorGCCost = 1,DisableExplicitGC==1 AND UseAdaptiveSizeDecayMajorGCCost==1 AND UseAdaptiveGCBoundary==1,0,1.0,1.0,1.0,80
random_2,26,1,DisableExplicitGC = 1 AND UseAdaptiveGCBoundary = 1 AND UseAdaptiveSizeDecayMajorGCCost = 1,TenuredGenerationSizeSupplementDecay==8 AND TenuredGenerationSizeSupplement_90==0,0,0.0,0.0,0.0,80
random_5,65,5,DisableExplicitGC = 1 AND UseAdaptiveGCBoundary = 1 AND UseAdaptiveSizeDecayMajorGCCost = 1,NewRatio==16 AND TenuredGenerationSizeSupplement_50==0 AND UseAdaptiveGCBoundary==0,0,0.0,0.0,0.0,80
random_10,130,12,DisableExplicitGC = 1 AND UseAdaptiveGCBoundary = 1 AND UseAdaptiveSizeDecayMajorGCCost = 1,UseAdaptiveSizePolicy==0 AND MinSurvivorRatio==10 AND SurvivorRatio==16 AND UseAdaptiveGCBoundary==0,0,0.0,0.0,0.0,80
random_20,260,26,DisableExplicitGC = 1 AND UseAdaptiveGCBoundary = 1 AND UseAdaptiveSizeDecayMajorGCCost = 1,UseAdaptiveSizeDecayMajorGCCost==0 AND MinSurvivorRatio==4 AND NewRatio==16 AND UseAdaptiveGCBoundary==0,0,0.0,0.0,0.0,80
2-wise,58,4,DisableExplicitGC = 1 AND UseAdaptiveGCBoundary = 1 AND UseAdaptiveSizeDecayMajorGCCost = 1,DisableExplicitGC==1 AND NewRatio==2 AND TenuredGenerationSizeSupplement_90==0,0,0.0,0.0,0.0,80
3-wise,301,29,DisableExplicitGC = 1 AND UseAdaptiveGCBoundary = 1 AND UseAdaptiveSizeDecayMajorGCCost = 1,DisableExplicitGC==1 AND UseAdaptiveSizeDecayMajorGCCost==1 AND UseAdaptiveGCBoundary==1,0,1.0,1.0,1.0,80
4-wise,1148,140,DisableExplicitGC = 1 AND UseAdaptiveGCBoundary = 1 AND UseAdaptiveSizeDecayMajorGCCost = 1,DisableExplicitGC==1 AND UseAdaptiveSizeDecayMajorGCCost==1 AND UseAdaptiveGCBoundary==1,0,1.0,1.0,1.0,80
full,193536,24192,DisableExplicitGC = 1 AND UseAdaptiveSizeDecayMajorGCCost = 1 AND UseAdaptiveSizePolicy = 1,DisableExplicitGC==1 AND UseAdaptiveSizeDecayMajorGCCost==1 AND UseAdaptiveSizePolicy==1,0,1.0,1.0,1.0,81
random_2,26,3,DisableExplicitGC = 1 AND UseAdaptiveSizeDecayMajorGCCost = 1 AND UseAdaptiveSizePolicy = 1,MaxTenuringThreshold==5 AND NewRatio==16 AND TenuredGenerationSizeSupplement_90==0,0,0.0,0.0,0.0,81
random_5,65,7,DisableExplicitGC = 1 AND UseAdaptiveSizeDecayMajorGCCost = 1 AND UseAdaptiveSizePolicy = 1,NewRatio==4 AND TenuredGenerationSizeSupplementDecay==2 AND TenuredGenerationSizeSupplement_50==0,0,0.0,0.0,0.0,81
random_10,130,17,DisableExplicitGC = 1 AND UseAdaptiveSizeDecayMajorGCCost = 1 AND UseAdaptiveSizePolicy = 1,MaxTenuringThreshold==15 AND NewRatio==32,0,0.0,0.0,0.0,81
random_20,260,33,DisableExplicitGC = 1 AND UseAdaptiveSizeDecayMajorGCCost = 1 AND UseAdaptiveSizePolicy = 1,DisableExplicitGC==1 AND UseAdaptiveSizeDecayMajorGCCost==1 AND UseAdaptiveSizePolicy==1,0,1.0,1.0,1.0,81
2-wise,60,7,DisableExplicitGC = 1 AND UseAdaptiveSizeDecayMajorGCCost = 1 AND UseAdaptiveSizePolicy = 1,MinSurvivorRatio==1 AND SurvivorRatio==31,0,0.0,0.0,0.0,81
3-wise,318,42,DisableExplicitGC = 1 AND UseAdaptiveSizeDecayMajorGCCost = 1 AND UseAdaptiveSizePolicy = 1,DisableExplicitGC==1 AND UseAdaptiveSizeDecayMajorGCCost==1 AND UseAdaptiveSizePolicy==1,0,1.0,1.0,1.0,81
4-wise,1135,128,DisableExplicitGC = 1 AND UseAdaptiveSizeDecayMajorGCCost = 1 AND UseAdaptiveSizePolicy = 1,DisableExplicitGC==1 AND UseAdaptiveSizeDecayMajorGCCost==1 AND UseAdaptiveSizePolicy==1,0,1.0,1.0,1.0,81
full,193536,24192,UseAdaptiveGCBoundary = 1 AND UseAdaptiveSizeDecayMajorGCCost = 1 AND UseAdaptiveSizePolicy = 1,UseAdaptiveSizeDecayMajorGCCost==1 AND UseAdaptiveSizePolicy==1 AND UseAdaptiveGCBoundary==1,0,1.0,1.0,1.0,82
random_2,26,6,UseAdaptiveGCBoundary = 1 AND UseAdaptiveSizeDecayMajorGCCost = 1 AND UseAdaptiveSizePolicy = 1,UseAdaptiveSizePolicy==1 AND MaxTenuringThreshold==5 AND TenuredGenerationSizeSupplementDecay==8,0,0.0,0.0,0.0,82
random_5,65,8,UseAdaptiveGCBoundary = 1 AND UseAdaptiveSizeDecayMajorGCCost = 1 AND UseAdaptiveSizePolicy = 1,MinSurvivorRatio==4 AND TenuredGenerationSizeSupplementDecay==4 AND UseAdaptiveGCBoundary==0,0,0.0,0.0,0.0,82
random_10,130,18,UseAdaptiveGCBoundary = 1 AND UseAdaptiveSizeDecayMajorGCCost = 1 AND UseAdaptiveSizePolicy = 1,NewRatio==2 AND SurvivorRatio==6 AND TenuredGenerationSizeSupplement_50==1,0,0.0,0.0,0.0,82
random_20,260,30,UseAdaptiveGCBoundary = 1 AND UseAdaptiveSizeDecayMajorGCCost = 1 AND UseAdaptiveSizePolicy = 1,NewRatio==32 AND SurvivorRatio==16 AND TenuredGenerationSizeSupplement_70==0 AND TenuredGenerationSizeSupplement_90==0,0,0.0,0.0,0.0,82
2-wise,63,8,UseAdaptiveGCBoundary = 1 AND UseAdaptiveSizeDecayMajorGCCost = 1 AND UseAdaptiveSizePolicy = 1,MinSurvivorRatio==10 AND NewRatio==8 AND TenuredGenerationSizeSupplement_90==0,0,0.0,0.0,0.0,82
3-wise,305,39,UseAdaptiveGCBoundary = 1 AND UseAdaptiveSizeDecayMajorGCCost = 1 AND UseAdaptiveSizePolicy = 1,UseAdaptiveSizeDecayMajorGCCost==1 AND UseAdaptiveSizePolicy==1 AND UseAdaptiveGCBoundary==1,0,1.0,1.0,1.0,82
4-wise,1156,132,UseAdaptiveGCBoundary = 1 AND UseAdaptiveSizeDecayMajorGCCost = 1 AND UseAdaptiveSizePolicy = 1,UseAdaptiveSizeDecayMajorGCCost==1 AND UseAdaptiveSizePolicy==1 AND UseAdaptiveGCBoundary==1,0,1.0,1.0,1.0,82
full,193536,24192,UseAdaptiveSizeDecayMajorGCCost = 1 AND UseAdaptiveSizePolicy = 1 AND UseAdaptiveSizePolicyFootprintGoal = 1,UseAdaptiveSizeDecayMajorGCCost==1 AND UseAdaptiveSizePolicy==1 AND UseAdaptiveSizePolicyFootprintGoal==1,0,1.0,1.0,1.0,83
random_2,26,2,UseAdaptiveSizeDecayMajorGCCost = 1 AND UseAdaptiveSizePolicy = 1 AND UseAdaptiveSizePolicyFootprintGoal = 1,UseAdaptiveSizePolicy==0 AND TenuredGenerationSizeSupplement_50==1,0,0.0,0.0,0.0,83
random_5,65,8,UseAdaptiveSizeDecayMajorGCCost = 1 AND UseAdaptiveSizePolicy = 1 AND UseAdaptiveSizePolicyFootprintGoal = 1,UseAdaptiveSizePolicy==0 AND TenuredGenerationSizeSupplementDecay==8 AND TenuredGenerationSizeSupplement_90==0,0,0.0,0.0,0.0,83
random_10,130,14,UseAdaptiveSizeDecayMajorGCCost = 1 AND UseAdaptiveSizePolicy = 1 AND UseAdaptiveSizePolicyFootprintGoal = 1,MinSurvivorRatio==1 AND NewRatio==32 AND TenuredGenerationSizeSupplement_50==1,0,0.0,0.0,0.0,83
random_20,260,28,UseAdaptiveSizeDecayMajorGCCost = 1 AND UseAdaptiveSizePolicy = 1 AND UseAdaptiveSizePolicyFootprintGoal = 1,UseAdaptiveSizeDecayMajorGCCost==1 AND UseAdaptiveSizePolicy==1 AND UseAdaptiveSizePolicyFootprintGoal==1,0,1.0,1.0,1.0,83
2-wise,62,8,UseAdaptiveSizeDecayMajorGCCost = 1 AND UseAdaptiveSizePolicy = 1 AND UseAdaptiveSizePolicyFootprintGoal = 1,MaxTenuringThreshold==5 AND NewRatio==4 AND TenuredGenerationSizeSupplement_90==0,0,0.0,0.0,0.0,83
3-wise,312,35,UseAdaptiveSizeDecayMajorGCCost = 1 AND UseAdaptiveSizePolicy = 1 AND UseAdaptiveSizePolicyFootprintGoal = 1,UseAdaptiveSizeDecayMajorGCCost==1 AND UseAdaptiveSizePolicy==1 AND UseAdaptiveSizePolicyFootprintGoal==1,0,1.0,1.0,1.0,83
4-wise,1133,146,UseAdaptiveSizeDecayMajorGCCost = 1 AND UseAdaptiveSizePolicy = 1 AND UseAdaptiveSizePolicyFootprintGoal = 1,UseAdaptiveSizeDecayMajorGCCost==1 AND UseAdaptiveSizePolicy==1 AND UseAdaptiveSizePolicyFootprintGoal==1,0,1.0,1.0,1.0,83
full,193536,24192,DisableExplicitGC = 1 AND UseAdaptiveGCBoundary = 1 AND UseAdaptiveSizePolicyFootprintGoal = 1,DisableExplicitGC==1 AND UseAdaptiveSizePolicyFootprintGoal==1 AND UseAdaptiveGCBoundary==1,0,1.0,1.0,1.0,84
random_2,26,2,DisableExplicitGC = 1 AND UseAdaptiveGCBoundary = 1 AND UseAdaptiveSizePolicyFootprintGoal = 1,NewRatio==4 AND UseAdaptiveGCBoundary==0,0,0.0,0.0,0.0,84
random_5,65,8,DisableExplicitGC = 1 AND UseAdaptiveGCBoundary = 1 AND UseAdaptiveSizePolicyFootprintGoal = 1,MaxTenuringThreshold==5 AND NewRatio==2 AND TenuredGenerationSizeSupplement_70==0,0,0.0,0.0,0.0,84
random_10,130,18,DisableExplicitGC = 1 AND UseAdaptiveGCBoundary = 1 AND UseAdaptiveSizePolicyFootprintGoal = 1,SurvivorRatio==26 AND TenuredGenerationSizeSupplementDecay==4,0,0.0,0.0,0.0,84
random_20,260,37,DisableExplicitGC = 1 AND UseAdaptiveGCBoundary = 1 AND UseAdaptiveSizePolicyFootprintGoal = 1,DisableExplicitGC==1 AND UseAdaptiveSizePolicyFootprintGoal==1 AND UseAdaptiveGCBoundary==1,0,1.0,1.0,1.0,84
2-wise,62,9,DisableExplicitGC = 1 AND UseAdaptiveGCBoundary = 1 AND UseAdaptiveSizePolicyFootprintGoal = 1,DisableExplicitGC==1 AND SurvivorRatio==26 AND TenuredGenerationSizeSupplement_90==1,0,0.0,0.0,0.0,84
3-wise,293,44,DisableExplicitGC = 1 AND UseAdaptiveGCBoundary = 1 AND UseAdaptiveSizePolicyFootprintGoal = 1,MinSurvivorRatio==10 AND SurvivorRatio==11 AND TenuredGenerationSizeSupplement_90==0 AND UseAdaptiveGCBoundary==0,0,0.0,0.0,0.0,84
4-wise,1149,134,DisableExplicitGC = 1 AND UseAdaptiveGCBoundary = 1 AND UseAdaptiveSizePolicyFootprintGoal = 1,DisableExplicitGC==1 AND UseAdaptiveSizePolicyFootprintGoal==1 AND UseAdaptiveGCBoundary==1,0,1.0,1.0,1.0,84
full,193536,24192,DisableExplicitGC = 1 AND UseAdaptiveSizeDecayMajorGCCost = 1 AND UseAdaptiveSizePolicy = 1,DisableExplicitGC==1 AND UseAdaptiveSizeDecayMajorGCCost==1 AND UseAdaptiveSizePolicy==1,0,1.0,1.0,1.0,85
random_2,26,4,DisableExplicitGC = 1 AND UseAdaptiveSizeDecayMajorGCCost = 1 AND UseAdaptiveSizePolicy = 1,UseAdaptiveSizePolicy==1 AND UseAdaptiveSizePolicyFootprintGoal==1 AND MaxTenuringThreshold==15 AND TenuredGenerationSizeSupplementDecay==2,0,0.0,0.0,0.0,85
random_5,65,7,DisableExplicitGC = 1 AND UseAdaptiveSizeDecayMajorGCCost = 1 AND UseAdaptiveSizePolicy = 1,MinSurvivorRatio==10 AND SurvivorRatio==6,0,0.0,0.0,0.0,85
random_10,130,11,DisableExplicitGC = 1 AND UseAdaptiveSizeDecayMajorGCCost = 1 AND UseAdaptiveSizePolicy = 1,UseAdaptiveSizeDecayMajorGCCost==0 AND NewRatio==8 AND SurvivorRatio==6,0,0.0,0.0,0.0,85
random_20,260,30,DisableExplicitGC = 1 AND UseAdaptiveSizeDecayMajorGCCost = 1 AND UseAdaptiveSizePolicy = 1,DisableExplicitGC==1 AND UseAdaptiveSizeDecayMajorGCCost==1 AND UseAdaptiveSizePolicy==1,0,1.0,1.0,1.0,85
2-wise,61,4,DisableExplicitGC = 1 AND UseAdaptiveSizeDecayMajorGCCost = 1 AND UseAdaptiveSizePolicy = 1,NewRatio==32 AND TenuredGenerationSizeSupplementDecay==8 AND UseAdaptiveGCBoundary==1,0,0.0,0.0,0.0,85
3-wise,289,32,DisableExplicitGC = 1 AND UseAdaptiveSizeDecayMajorGCCost = 1 AND UseAdaptiveSizePolicy = 1,UseAdaptiveSizeDecayMajorGCCost==1 AND UseAdaptiveSizePolicyFootprintGoal==0 AND NewRatio==4 AND SurvivorRatio==26,0,0.0,0.0,0.0,85
4-wise,1150,154,DisableExplicitGC = 1 AND UseAdaptiveSizeDecayMajorGCCost = 1 AND UseAdaptiveSizePolicy = 1,DisableExplicitGC==1 AND UseAdaptiveSizeDecayMajorGCCost==1 AND UseAdaptiveSizePolicy==1,0,1.0,1.0,1.0,85
full,193536,24192,DisableExplicitGC = 1 AND UseAdaptiveGCBoundary = 1 AND UseAdaptiveSizePolicyFootprintGoal = 1,DisableExplicitGC==1 AND UseAdaptiveSizePolicyFootprintGoal==1 AND UseAdaptiveGCBoundary==1,0,1.0,1.0,1.0,86
random_2,26,1,DisableExplicitGC = 1 AND UseAdaptiveGCBoundary = 1 AND UseAdaptiveSizePolicyFootprintGoal = 1,SurvivorRatio==21,0,0.0,0.0,0.0,86
random_5,65,7,DisableExplicitGC = 1 AND UseAdaptiveGCBoundary = 1 AND UseAdaptiveSizePolicyFootprintGoal = 1,MaxTenuringThreshold==5 AND MinSurvivorRatio==1 AND NewRatio==2,0,0.0,0.0,0.0,86
random_10,130,13,DisableExplicitGC = 1 AND UseAdaptiveGCBoundary = 1 AND UseAdaptiveSizePolicyFootprintGoal = 1,UseAdaptiveSizeDecayMajorGCCost==0 AND UseAdaptiveSizePolicyFootprintGoal==0 AND MaxTenuringThreshold==15 AND TenuredGenerationSizeSupplement_90==0,0,0.0,0.0,0.0,86
random_20,260,29,DisableExplicitGC = 1 AND UseAdaptiveGCBoundary = 1 AND UseAdaptiveSizePolicyFootprintGoal = 1,DisableExplicitGC==1 AND UseAdaptiveSizePolicyFootprintGoal==1 AND UseAdaptiveGCBoundary==1,0,1.0,1.0,1.0,86
2-wise,59,9,DisableExplicitGC = 1 AND UseAdaptiveGCBoundary = 1 AND UseAdaptiveSizePolicyFootprintGoal = 1,UseAdaptiveSizePolicyFootprintGoal==0 AND TenuredGenerationSizeSupplementDecay==8 AND UseAdaptiveGCBoundary==0,0,0.0,0.0,0.0,86
3-wise,301,40,DisableExplicitGC = 1 AND UseAdaptiveGCBoundary = 1 AND UseAdaptiveSizePolicyFootprintGoal = 1,DisableExplicitGC==1 AND UseAdaptiveSizePolicyFootprintGoal==1 AND UseAdaptiveGCBoundary==1,0,1.0,1.0,1.0,86
4-wise,1139,153,DisableExplicitGC = 1 AND UseAdaptiveGCBoundary = 1 AND UseAdaptiveSizePolicyFootprintGoal = 1,DisableExplicitGC==1 AND UseAdaptiveSizePolicyFootprintGoal==1 AND UseAdaptiveGCBoundary==1,0,1.0,1.0,1.0,86
full,193536,24192,UseAdaptiveGCBoundary = 1 AND UseAdaptiveSizeDecayMajorGCCost = 1 AND UseAdaptiveSizePolicyFootprintGoal = 1,UseAdaptiveSizeDecayMajorGCCost==1 AND UseAdaptiveSizePolicyFootprintGoal==1 AND UseAdaptiveGCBoundary==1,0,1.0,1.0,1.0,87
random_2,26,1,UseAdaptiveGCBoundary = 1 AND UseAdaptiveSizeDecayMajorGCCost = 1 AND UseAdaptiveSizePolicyFootprintGoal = 1,NewRatio==4 AND TenuredGenerationSizeSupplement_70==0 AND UseAdaptiveGCBoundary==0,0,0.0,0.0,0.0,87
random_5,65,7,UseAdaptiveGCBoundary = 1 AND UseAdaptiveSizeDecayMajorGCCost = 1 AND UseAdaptiveSizePolicyFootprintGoal = 1,UseAdaptiveSizePolicy==1 AND MaxTenuringThreshold==10 AND TenuredGenerationSizeSupplementDecay==8 AND TenuredGenerationSizeSupplement_50==1,0,0.0,0.0,0.0,87
random_10,130,10,UseAdaptiveGCBoundary = 1 AND UseAdaptiveSizeDecayMajorGCCost = 1 AND UseAdaptiveSizePolicyFootprintGoal = 1,UseAdaptiveSizePolicyFootprintGoal==0 AND MaxTenuringThreshold==15 AND MinSurvivorRatio==10 AND UseAdaptiveGCBoundary==0,0,0.0,0.0,0.0,87
random_20,260,26,UseAdaptiveGCBoundary = 1 AND UseAdaptiveSizeDecayMajorGCCost = 1 AND UseAdaptiveSizePolicyFootprintGoal = 1,DisableExplicitGC==0 AND UseAdaptiveSizeDecayMajorGCCost==0 AND UseAdaptiveSizePolicy==0 AND TenuredGenerationSizeSupplement_90==0,0,0.0,0.0,0.0,87
2-wise,63,7,UseAdaptiveGCBoundary = 1 AND UseAdaptiveSizeDecayMajorGCCost = 1 AND UseAdaptiveSizePolicyFootprintGoal = 1,UseAdaptiveSizePolicy==1 AND TenuredGenerationSizeSupplementDecay==8 AND TenuredGenerationSizeSupplement_50==1,0,0.0,0.0,0.0,87
3-wise,303,29,UseAdaptiveGCBoundary = 1 AND UseAdaptiveSizeDecayMajorGCCost = 1 AND UseAdaptiveSizePolicyFootprintGoal = 1,UseAdaptiveSizeDecayMajorGCCost==1 AND UseAdaptiveSizePolicyFootprintGoal==1 AND UseAdaptiveGCBoundary==1,0,1.0,1.0,1.0,87
4-wise,1154,120,UseAdaptiveGCBoundary = 1 AND UseAdaptiveSizeDecayMajorGCCost = 1 AND UseAdaptiveSizePolicyFootprintGoal = 1,UseAdaptiveSizeDecayMajorGCCost==1 AND UseAdaptiveSizePolicyFootprintGoal==1 AND UseAdaptiveGCBoundary==1,0,1.0,1.0,1.0,87
full,193536,24192,UseAdaptiveGCBoundary = 1 AND UseAdaptiveSizeDecayMajorGCCost = 1 AND UseAdaptiveSizePolicy = 1,UseAdaptiveSizeDecayMajorGCCost==1 AND UseAdaptiveSizePolicy==1 AND UseAdaptiveGCBoundary==1,0,1.0,1.0,1.0,88
random_2,26,3,UseAdaptiveGCBoundary = 1 AND UseAdaptiveSizeDecayMajorGCCost = 1 AND UseAdaptiveSizePolicy = 1,UseAdaptiveSizePolicyFootprintGoal==0 AND NewRatio==1 AND TenuredGenerationSizeSupplement_70==0,0,0.0,0.0,0.0,88
random_5,65,10,UseAdaptiveGCBoundary = 1 AND UseAdaptiveSizeDecayMajorGCCost = 1 AND UseAdaptiveSizePolicy = 1,UseAdaptiveSizePolicyFootprintGoal==1 AND MaxTenuringThreshold==5 AND NewRatio==16,0,0.0,0.0,0.0,88
random_10,130,18,UseAdaptiveGCBoundary = 1 AND UseAdaptiveSizeDecayMajorGCCost = 1 AND UseAdaptiveSizePolicy = 1,UseAdaptiveSizePolicy==0 AND UseAdaptiveSizePolicyFootprintGoal==0 AND TenuredGenerationSizeSupplementDecay==8,0,0.0,0.0,0.0,88
random_20,260,35,UseAdaptiveGCBoundary = 1 AND UseAdaptiveSizeDecayMajorGCCost = 1 AND UseAdaptiveSizePolicy = 1,UseAdaptiveSizeDecayMajorGCCost==1 AND UseAdaptiveSizePolicy==1 AND UseAdaptiveGCBoundary==1,0,1.0,1.0,1.0,88
2-wise,61,8,UseAdaptiveGCBoundary = 1 AND UseAdaptiveSizeDecayMajorGCCost = 1 AND UseAdaptiveSizePolicy = 1,SurvivorRatio==16 AND UseAdaptiveGCBoundary==1,1,0.4,1.0,0.25,88
3-wise,313,42,UseAdaptiveGCBoundary = 1 AND UseAdaptiveSizeDecayMajorGCCost = 1 AND UseAdaptiveSizePolicy = 1,UseAdaptiveSizeDecayMajorGCCost==1 AND UseAdaptiveSizePolicy==1 AND UseAdaptiveGCBoundary==1,0,1.0,1.0,1.0,88
4-wise,1163,150,UseAdaptiveGCBoundary = 1 AND UseAdaptiveSizeDecayMajorGCCost = 1 AND UseAdaptiveSizePolicy = 1,UseAdaptiveSizeDecayMajorGCCost==1 AND UseAdaptiveSizePolicy==1 AND UseAdaptiveGCBoundary==1,0,1.0,1.0,1.0,88
full,193536,24192,UseAdaptiveGCBoundary = 1 AND UseAdaptiveSizePolicy = 1 AND UseAdaptiveSizePolicyFootprintGoal = 1,UseAdaptiveSizePolicy==1 AND UseAdaptiveSizePolicyFootprintGoal==1 AND UseAdaptiveGCBoundary==1,0,1.0,1.0,1.0,89
random_2,26,3,UseAdaptiveGCBoundary = 1 AND UseAdaptiveSizePolicy = 1 AND UseAdaptiveSizePolicyFootprintGoal = 1,DisableExplicitGC==0 AND UseAdaptiveSizeDecayMajorGCCost==0 AND TenuredGenerationSizeSupplement_70==0,0,0.0,0.0,0.0,89
random_5,65,5,UseAdaptiveGCBoundary = 1 AND UseAdaptiveSizePolicy = 1 AND UseAdaptiveSizePolicyFootprintGoal = 1,UseAdaptiveSizePolicy==1 AND NewRatio==4 AND UseAdaptiveGCBoundary==0,0,0.0,0.0,0.0,89
random_10,130,18,UseAdaptiveGCBoundary = 1 AND UseAdaptiveSizePolicy = 1 AND UseAdaptiveSizePolicyFootprintGoal = 1,UseAdaptiveSizePolicy==0 AND MinSurvivorRatio==7 AND NewRatio==1 AND TenuredGenerationSizeSupplement_70==0,0,0.0,0.0,0.0,89
random_20,260,32,UseAdaptiveGCBoundary = 1 AND UseAdaptiveSizePolicy = 1 AND UseAdaptiveSizePolicyFootprintGoal = 1,NewRatio==32 AND SurvivorRatio==16 AND UseAdaptiveGCBoundary==1,0,0.0,0.0,0.0,89
2-wise,64,6,UseAdaptiveGCBoundary = 1 AND UseAdaptiveSizePolicy = 1 AND UseAdaptiveSizePolicyFootprintGoal = 1,TenuredGenerationSizeSupplementDecay==2 AND TenuredGenerationSizeSupplement_50==1 AND UseAdaptiveGCBoundary==1,0,0.0,0.0,0.0,89
3-wise,281,35,UseAdaptiveGCBoundary = 1 AND UseAdaptiveSizePolicy = 1 AND UseAdaptiveSizePolicyFootprintGoal = 1,MaxTenuringThreshold==15 AND NewRatio==32 AND SurvivorRatio==31,0,0.0,0.0,0.0,89
4-wise,1151,140,UseAdaptiveGCBoundary = 1 AND UseAdaptiveSizePolicy = 1 AND UseAdaptiveSizePolicyFootprintGoal = 1,UseAdaptiveSizePolicy==1 AND UseAdaptiveSizePolicyFootprintGoal==1 AND UseAdaptiveGCBoundary==1,0,1.0,1.0,1.0,89
full,193536,24192,DisableExplicitGC = 1 AND UseAdaptiveGCBoundary = 1 AND UseAdaptiveSizeDecayMajorGCCost = 1,DisableExplicitGC==1 AND UseAdaptiveSizeDecayMajorGCCost==1 AND UseAdaptiveGCBoundary==1,0,1.0,1.0,1.0,8
random_2,26,2,DisableExplicitGC = 1 AND UseAdaptiveGCBoundary = 1 AND UseAdaptiveSizeDecayMajorGCCost = 1,DisableExplicitGC==0 AND MinSurvivorRatio==4 AND TenuredGenerationSizeSupplement_70==0,0,0.0,0.0,0.0,8
random_5,65,7,DisableExplicitGC = 1 AND UseAdaptiveGCBoundary = 1 AND UseAdaptiveSizeDecayMajorGCCost = 1,DisableExplicitGC==1 AND SurvivorRatio==21 AND TenuredGenerationSizeSupplement_90==1,0,0.0,0.0,0.0,8
random_10,130,12,DisableExplicitGC = 1 AND UseAdaptiveGCBoundary = 1 AND UseAdaptiveSizeDecayMajorGCCost = 1,UseAdaptiveSizePolicyFootprintGoal==0 AND MaxTenuringThreshold==10 AND SurvivorRatio==31,0,0.0,0.0,0.0,8
random_20,260,28,DisableExplicitGC = 1 AND UseAdaptiveGCBoundary = 1 AND UseAdaptiveSizeDecayMajorGCCost = 1,DisableExplicitGC==1 AND UseAdaptiveSizeDecayMajorGCCost==1 AND UseAdaptiveGCBoundary==1,0,1.0,1.0,1.0,8
2-wise,63,7,DisableExplicitGC = 1 AND UseAdaptiveGCBoundary = 1 AND UseAdaptiveSizeDecayMajorGCCost = 1,NewRatio==16 AND TenuredGenerationSizeSupplementDecay==2,0,0.0,0.0,0.0,8
3-wise,303,40,DisableExplicitGC = 1 AND UseAdaptiveGCBoundary = 1 AND UseAdaptiveSizeDecayMajorGCCost = 1,DisableExplicitGC==1 AND UseAdaptiveSizeDecayMajorGCCost==1 AND UseAdaptiveGCBoundary==1,0,1.0,1.0,1.0,8
4-wise,1155,147,DisableExplicitGC = 1 AND UseAdaptiveGCBoundary = 1 AND UseAdaptiveSizeDecayMajorGCCost = 1,DisableExplicitGC==1 AND UseAdaptiveSizeDecayMajorGCCost==1 AND UseAdaptiveGCBoundary==1,0,1.0,1.0,1.0,8
full,193536,24192,UseAdaptiveGCBoundary = 1 AND UseAdaptiveSizeDecayMajorGCCost = 1 AND UseAdaptiveSizePolicy = 1,UseAdaptiveSizeDecayMajorGCCost==1 AND UseAdaptiveSizePolicy==1 AND UseAdaptiveGCBoundary==1,0,1.0,1.0,1.0,90
random_2,26,3,UseAdaptiveGCBoundary = 1 AND UseAdaptiveSizeDecayMajorGCCost = 1 AND UseAdaptiveSizePolicy = 1,UseAdaptiveSizePolicyFootprintGoal==0 AND MaxTenuringThreshold==5 AND TenuredGenerationSizeSupplement_90==1,0,0.0,0.0,0.0,90
random_5,65,6,UseAdaptiveGCBoundary = 1 AND UseAdaptiveSizeDecayMajorGCCost = 1 AND UseAdaptiveSizePolicy = 1,UseAdaptiveSizeDecayMajorGCCost==1 AND MinSurvivorRatio==7 AND TenuredGenerationSizeSupplement_70==0,0,0.5,1.0,0.3333333333333333,90
random_10,130,20,UseAdaptiveGCBoundary = 1 AND UseAdaptiveSizeDecayMajorGCCost = 1 AND UseAdaptiveSizePolicy = 1,UseAdaptiveSizeDecayMajorGCCost==1 AND UseAdaptiveSizePolicy==1 AND UseAdaptiveGCBoundary==1,0,1.0,1.0,1.0,90
random_20,260,35,UseAdaptiveGCBoundary = 1 AND UseAdaptiveSizeDecayMajorGCCost = 1 AND UseAdaptiveSizePolicy = 1,UseAdaptiveSizeDecayMajorGCCost==1 AND UseAdaptiveSizePolicy==1 AND UseAdaptiveGCBoundary==1,0,1.0,1.0,1.0,90
2-wise,62,3,UseAdaptiveGCBoundary = 1 AND UseAdaptiveSizeDecayMajorGCCost = 1 AND UseAdaptiveSizePolicy = 1,MinSurvivorRatio==10 AND SurvivorRatio==21 AND TenuredGenerationSizeSupplement_50==0,0,0.0,0.0,0.0,90
3-wise,294,39,UseAdaptiveGCBoundary = 1 AND UseAdaptiveSizeDecayMajorGCCost = 1 AND UseAdaptiveSizePolicy = 1,UseAdaptiveSizeDecayMajorGCCost==1 AND UseAdaptiveSizePolicy==1 AND UseAdaptiveGCBoundary==1,0,1.0,1.0,1.0,90
4-wise,1145,152,UseAdaptiveGCBoundary = 1 AND UseAdaptiveSizeDecayMajorGCCost = 1 AND UseAdaptiveSizePolicy = 1,UseAdaptiveSizeDecayMajorGCCost==1 AND UseAdaptiveSizePolicy==1 AND UseAdaptiveGCBoundary==1,0,1.0,1.0,1.0,90
full,193536,24192,DisableExplicitGC = 1 AND UseAdaptiveSizePolicy = 1 AND UseAdaptiveSizePolicyFootprintGoal = 1,DisableExplicitGC==1 AND UseAdaptiveSizePolicy==1 AND UseAdaptiveSizePolicyFootprintGoal==1,0,1.0,1.0,1.0,91
random_2,26,1,DisableExplicitGC = 1 AND UseAdaptiveSizePolicy = 1 AND UseAdaptiveSizePolicyFootprintGoal = 1,DisableExplicitGC==1 AND UseAdaptiveSizeDecayMajorGCCost==0 AND MaxTenuringThreshold==5 AND TenuredGenerationSizeSupplement_90==0,0,0.0,0.0,0.0,91
random_5,65,6,DisableExplicitGC = 1 AND UseAdaptiveSizePolicy = 1 AND UseAdaptiveSizePolicyFootprintGoal = 1,MaxTenuringThreshold==10 AND SurvivorRatio==16 AND UseAdaptiveGCBoundary==1,0,0.0,0.0,0.0,91
random_10,130,15,DisableExplicitGC = 1 AND UseAdaptiveSizePolicy = 1 AND UseAdaptiveSizePolicyFootprintGoal = 1,MaxTenuringThreshold==10 AND NewRatio==8 AND TenuredGenerationSizeSupplementDecay==4,0,0.0,0.0,0.0,91
random_20,260,38,DisableExplicitGC = 1 AND UseAdaptiveSizePolicy = 1 AND UseAdaptiveSizePolicyFootprintGoal = 1,DisableExplicitGC==1 AND UseAdaptiveSizePolicy==1 AND UseAdaptiveSizePolicyFootprintGoal==1,0,1.0,1.0,1.0,91
2-wise,63,8,DisableExplicitGC = 1 AND UseAdaptiveSizePolicy = 1 AND UseAdaptiveSizePolicyFootprintGoal = 1,MinSurvivorRatio==4 AND TenuredGenerationSizeSupplementDecay==2 AND UseAdaptiveGCBoundary==0,0,0.0,0.0,0.0,91
3-wise,297,44,DisableExplicitGC = 1 AND UseAdaptiveSizePolicy = 1 AND UseAdaptiveSizePolicyFootprintGoal = 1,DisableExplicitGC==1 AND UseAdaptiveSizePolicy==1 AND UseAdaptiveSizePolicyFootprintGoal==1,0,1.0,1.0,1.0,91
4-wise,1145,151,DisableExplicitGC = 1 AND UseAdaptiveSizePolicy = 1 AND UseAdaptiveSizePolicyFootprintGoal = 1,DisableExplicitGC==1 AND UseAdaptiveSizePolicy==1 AND UseAdaptiveSizePolicyFootprintGoal==1,0,1.0,1.0,1.0,91
full,193536,24192,DisableExplicitGC = 1 AND UseAdaptiveGCBoundary = 1 AND UseAdaptiveSizePolicyFootprintGoal = 1,DisableExplicitGC==1 AND UseAdaptiveSizePolicyFootprintGoal==1 AND UseAdaptiveGCBoundary==1,0,1.0,1.0,1.0,92
random_2,26,1,DisableExplicitGC = 1 AND UseAdaptiveGCBoundary = 1 AND UseAdaptiveSizePolicyFootprintGoal = 1,UseAdaptiveSizeDecayMajorGCCost==0 AND TenuredGenerationSizeSupplementDecay==16,0,0.0,0.0,0.0,92
random_5,65,5,DisableExplicitGC = 1 AND UseAdaptiveGCBoundary = 1 AND UseAdaptiveSizePolicyFootprintGoal = 1,UseAdaptiveSizePolicyFootprintGoal==1 AND MaxTenuringThreshold==15 AND NewRatio==4,0,0.0,0.0,0.0,92
random_10,130,14,DisableExplicitGC = 1 AND UseAdaptiveGCBoundary = 1 AND UseAdaptiveSizePolicyFootprintGoal = 1,UseAdaptiveSizePolicy==0 AND MinSurvivorRatio==7 AND TenuredGenerationSizeSupplementDecay==16 AND TenuredGenerationSizeSupplement_70==0,0,0.0,0.0,0.0,92
random_20,260,39,DisableExplicitGC = 1 AND UseAdaptiveGCBoundary = 1 AND UseAdaptiveSizePolicyFootprintGoal = 1,DisableExplicitGC==1 AND UseAdaptiveSizePolicyFootprintGoal==1 AND UseAdaptiveGCBoundary==1,0,1.0,1.0,1.0,92
2-wise,66,5,DisableExplicitGC = 1 AND UseAdaptiveGCBoundary = 1 AND UseAdaptiveSizePolicyFootprintGoal = 1,DisableExplicitGC==1 AND UseAdaptiveSizeDecayMajorGCCost==1 AND MaxTenuringThreshold==5 AND TenuredGenerationSizeSupplementDecay==8,0,0.0,0.0,0.0,92
3-wise,298,47,DisableExplicitGC = 1 AND UseAdaptiveGCBoundary = 1 AND UseAdaptiveSizePolicyFootprintGoal = 1,DisableExplicitGC==1 AND UseAdaptiveSizePolicyFootprintGoal==1 AND UseAdaptiveGCBoundary==1,0,1.0,1.0,1.0,92
4-wise,1156,155,DisableExplicitGC = 1 AND UseAdaptiveGCBoundary = 1 AND UseAdaptiveSizePolicyFootprintGoal = 1,DisableExplicitGC==1 AND UseAdaptiveSizePolicyFootprintGoal==1 AND UseAdaptiveGCBoundary==1,0,1.0,1.0,1.0,92
full,193536,24192,UseAdaptiveGCBoundary = 1 AND UseAdaptiveSizePolicy = 1 AND UseAdaptiveSizePolicyFootprintGoal = 1,UseAdaptiveSizePolicy==1 AND UseAdaptiveSizePolicyFootprintGoal==1 AND UseAdaptiveGCBoundary==1,0,1.0,1.0,1.0,93
random_2,26,7,UseAdaptiveGCBoundary = 1 AND UseAdaptiveSizePolicy = 1 AND UseAdaptiveSizePolicyFootprintGoal = 1,UseAdaptiveSizeDecayMajorGCCost==1 AND MinSurvivorRatio==7 AND TenuredGenerationSizeSupplement_70==0,0,0.0,0.0,0.0,93
random_5,65,14,UseAdaptiveGCBoundary = 1 AND UseAdaptiveSizePolicy = 1 AND UseAdaptiveSizePolicyFootprintGoal = 1,UseAdaptiveSizePolicy==0 AND MaxTenuringThreshold==15 AND SurvivorRatio==1,0,0.0,0.0,0.0,93
random_10,130,22,UseAdaptiveGCBoundary = 1 AND UseAdaptiveSizePolicy = 1 AND UseAdaptiveSizePolicyFootprintGoal = 1,UseAdaptiveSizePolicy==0 AND MinSurvivorRatio==7 AND SurvivorRatio==26 AND TenuredGenerationSizeSupplement_90==0,0,0.0,0.0,0.0,93
random_20,260,39,UseAdaptiveGCBoundary = 1 AND UseAdaptiveSizePolicy = 1 AND UseAdaptiveSizePolicyFootprintGoal = 1,UseAdaptiveSizePolicy==1 AND UseAdaptiveSizePolicyFootprintGoal==1 AND UseAdaptiveGCBoundary==1,0,1.0,1.0,1.0,93
2-wise,64,14,UseAdaptiveGCBoundary = 1 AND UseAdaptiveSizePolicy = 1 AND UseAdaptiveSizePolicyFootprintGoal = 1,UseAdaptiveSizePolicy==0 AND UseAdaptiveSizePolicyFootprintGoal==0 AND MinSurvivorRatio==4 AND UseAdaptiveGCBoundary==0,0,0.0,0.0,0.0,93
3-wise,292,45,UseAdaptiveGCBoundary = 1 AND UseAdaptiveSizePolicy = 1 AND UseAdaptiveSizePolicyFootprintGoal = 1,UseAdaptiveSizePolicy==1 AND UseAdaptiveSizePolicyFootprintGoal==1 AND UseAdaptiveGCBoundary==1,0,1.0,1.0,1.0,93
4-wise,1147,141,UseAdaptiveGCBoundary = 1 AND UseAdaptiveSizePolicy = 1 AND UseAdaptiveSizePolicyFootprintGoal = 1,UseAdaptiveSizePolicy==1 AND UseAdaptiveSizePolicyFootprintGoal==1 AND UseAdaptiveGCBoundary==1,0,1.0,1.0,1.0,93
full,193536,24192,UseAdaptiveGCBoundary = 1 AND UseAdaptiveSizeDecayMajorGCCost = 1 AND UseAdaptiveSizePolicyFootprintGoal = 1,UseAdaptiveSizeDecayMajorGCCost==1 AND UseAdaptiveSizePolicyFootprintGoal==1 AND UseAdaptiveGCBoundary==1,0,1.0,1.0,1.0,94
random_2,26,3,UseAdaptiveGCBoundary = 1 AND UseAdaptiveSizeDecayMajorGCCost = 1 AND UseAdaptiveSizePolicyFootprintGoal = 1,UseAdaptiveSizePolicy==0 AND SurvivorRatio==6,0,0.0,0.0,0.0,94
random_5,65,7,UseAdaptiveGCBoundary = 1 AND UseAdaptiveSizeDecayMajorGCCost = 1 AND UseAdaptiveSizePolicyFootprintGoal = 1,MinSurvivorRatio==10 AND NewRatio==16 AND UseAdaptiveGCBoundary==1,0,0.0,0.0,0.0,94
random_10,130,14,UseAdaptiveGCBoundary = 1 AND UseAdaptiveSizeDecayMajorGCCost = 1 AND UseAdaptiveSizePolicyFootprintGoal = 1,UseAdaptiveSizePolicy==0 AND NewRatio==2 AND UseAdaptiveGCBoundary==0,0,0.0,0.0,0.0,94
random_20,260,29,UseAdaptiveGCBoundary = 1 AND UseAdaptiveSizeDecayMajorGCCost = 1 AND UseAdaptiveSizePolicyFootprintGoal = 1,UseAdaptiveSizeDecayMajorGCCost==1 AND UseAdaptiveSizePolicyFootprintGoal==1 AND UseAdaptiveGCBoundary==1,0,1.0,1.0,1.0,94
2-wise,63,7,UseAdaptiveGCBoundary = 1 AND UseAdaptiveSizeDecayMajorGCCost = 1 AND UseAdaptiveSizePolicyFootprintGoal = 1,UseAdaptiveSizeDecayMajorGCCost==1 AND UseAdaptiveSizePolicyFootprintGoal==1 AND MinSurvivorRatio==10,0,0.0,0.0,0.0,94
3-wise,303,38,UseAdaptiveGCBoundary = 1 AND UseAdaptiveSizeDecayMajorGCCost = 1 AND UseAdaptiveSizePolicyFootprintGoal = 1,UseAdaptiveSizeDecayMajorGCCost==1 AND UseAdaptiveSizePolicyFootprintGoal==1 AND UseAdaptiveGCBoundary==1,0,1.0,1.0,1.0,94
4-wise,1144,149,UseAdaptiveGCBoundary = 1 AND UseAdaptiveSizeDecayMajorGCCost = 1 AND UseAdaptiveSizePolicyFootprintGoal = 1,UseAdaptiveSizeDecayMajorGCCost==1 AND UseAdaptiveSizePolicyFootprintGoal==1 AND UseAdaptiveGCBoundary==1,0,1.0,1.0,1.0,94
full,193536,24192,DisableExplicitGC = 1 AND UseAdaptiveSizeDecayMajorGCCost = 1 AND UseAdaptiveSizePolicy = 1,DisableExplicitGC==1 AND UseAdaptiveSizeDecayMajorGCCost==1 AND UseAdaptiveSizePolicy==1,0,1.0,1.0,1.0,95
random_2,26,6,DisableExplicitGC = 1 AND UseAdaptiveSizeDecayMajorGCCost = 1 AND UseAdaptiveSizePolicy = 1,DisableExplicitGC==1 AND UseAdaptiveSizeDecayMajorGCCost==1 AND UseAdaptiveSizePolicy==1 AND TenuredGenerationSizeSupplement_70==0,0,0.9090909090909092,1.0,0.8333333333333334,95
random_5,65,10,DisableExplicitGC = 1 AND UseAdaptiveSizeDecayMajorGCCost = 1 AND UseAdaptiveSizePolicy = 1,DisableExplicitGC==0 AND MinSurvivorRatio==7 AND TenuredGenerationSizeSupplement_50==1,0,0.0,0.0,0.0,95
random_10,130,16,DisableExplicitGC = 1 AND UseAdaptiveSizeDecayMajorGCCost = 1 AND UseAdaptiveSizePolicy = 1,UseAdaptiveSizePolicy==0 AND NewRatio==16 AND TenuredGenerationSizeSupplement_90==1,0,0.0,0.0,0.0,95
random_20,260,38,DisableExplicitGC = 1 AND UseAdaptiveSizeDecayMajorGCCost = 1 AND UseAdaptiveSizePolicy = 1,DisableExplicitGC==1 AND UseAdaptiveSizeDecayMajorGCCost==1 AND UseAdaptiveSizePolicy==1,0,1.0,1.0,1.0,95
2-wise,55,9,DisableExplicitGC = 1 AND UseAdaptiveSizeDecayMajorGCCost = 1 AND UseAdaptiveSizePolicy = 1,UseAdaptiveSizePolicy==0 AND TenuredGenerationSizeSupplementDecay==8 AND TenuredGenerationSizeSupplement_50==1,0,0.0,0.0,0.0,95
3-wise,299,38,DisableExplicitGC = 1 AND UseAdaptiveSizeDecayMajorGCCost = 1 AND UseAdaptiveSizePolicy = 1,DisableExplicitGC==1 AND UseAdaptiveSizeDecayMajorGCCost==1 AND UseAdaptiveSizePolicy==1,0,1.0,1.0,1.0,95
4-wise,1149,146,DisableExplicitGC = 1 AND UseAdaptiveSizeDecayMajorGCCost = 1 AND UseAdaptiveSizePolicy = 1,DisableExplicitGC==1 AND UseAdaptiveSizeDecayMajorGCCost==1 AND UseAdaptiveSizePolicy==1,0,1.0,1.0,1.0,95
full,193536,24192,DisableExplicitGC = 1 AND UseAdaptiveGCBoundary = 1 AND UseAdaptiveSizePolicyFootprintGoal = 1,DisableExplicitGC==1 AND UseAdaptiveSizePolicyFootprintGoal==1 AND UseAdaptiveGCBoundary==1,0,1.0,1.0,1.0,96
random_2,26,6,DisableExplicitGC = 1 AND UseAdaptiveGCBoundary = 1 AND UseAdaptiveSizePolicyFootprintGoal = 1,TenuredGenerationSizeSupplementDecay==4 AND TenuredGenerationSizeSupplement_50==0 AND UseAdaptiveGCBoundary==0,0,0.0,0.0,0.0,96
random_5,65,9,DisableExplicitGC = 1 AND UseAdaptiveGCBoundary = 1 AND UseAdaptiveSizePolicyFootprintGoal = 1,DisableExplicitGC==0 AND MinSurvivorRatio==1 AND TenuredGenerationSizeSupplementDecay==2 AND TenuredGenerationSizeSupplement_90==1,0,0.0,0.0,0.0,96
random_10,130,15,DisableExplicitGC = 1 AND UseAdaptiveGCBoundary = 1 AND UseAdaptiveSizePolicyFootprintGoal = 1,UseAdaptiveSizeDecayMajorGCCost==0 AND UseAdaptiveSizePolicyFootprintGoal==0 AND MaxTenuringThreshold==5 AND SurvivorRatio==31,0,0.0,0.0,0.0,96
random_20,260,34,DisableExplicitGC = 1 AND UseAdaptiveGCBoundary = 1 AND UseAdaptiveSizePolicyFootprintGoal = 1,DisableExplicitGC==1 AND UseAdaptiveSizePolicyFootprintGoal==1 AND UseAdaptiveGCBoundary==1,0,1.0,1.0,1.0,96
2-wise,62,7,DisableExplicitGC = 1 AND UseAdaptiveGCBoundary = 1 AND UseAdaptiveSizePolicyFootprintGoal = 1,UseAdaptiveSizePolicy==0 AND NewRatio==2 AND TenuredGenerationSizeSupplement_90==1,0,0.0,0.0,0.0,96
3-wise,285,32,DisableExplicitGC = 1 AND UseAdaptiveGCBoundary = 1 AND UseAdaptiveSizePolicyFootprintGoal = 1,DisableExplicitGC==1 AND UseAdaptiveSizePolicyFootprintGoal==1 AND UseAdaptiveGCBoundary==1,0,1.0,1.0,1.0,96
4-wise,1183,148,DisableExplicitGC = 1 AND UseAdaptiveGCBoundary = 1 AND UseAdaptiveSizePolicyFootprintGoal = 1,DisableExplicitGC==1 AND UseAdaptiveSizePolicyFootprintGoal==1 AND UseAdaptiveGCBoundary==1,0,1.0,1.0,1.0,96
full,193536,24192,UseAdaptiveGCBoundary = 1 AND UseAdaptiveSizeDecayMajorGCCost = 1 AND UseAdaptiveSizePolicy = 1,UseAdaptiveSizeDecayMajorGCCost==1 AND UseAdaptiveSizePolicy==1 AND UseAdaptiveGCBoundary==1,0,1.0,1.0,1.0,97
random_2,26,4,UseAdaptiveGCBoundary = 1 AND UseAdaptiveSizeDecayMajorGCCost = 1 AND UseAdaptiveSizePolicy = 1,UseAdaptiveSizePolicy==0 AND MinSurvivorRatio==4 AND TenuredGenerationSizeSupplement_70==0 AND TenuredGenerationSizeSupplement_90==0,0,0.0,0.0,0.0,97
random_5,65,8,UseAdaptiveGCBoundary = 1 AND UseAdaptiveSizeDecayMajorGCCost = 1 AND UseAdaptiveSizePolicy = 1,UseAdaptiveSizePolicyFootprintGoal==1 AND TenuredGenerationSizeSupplementDecay==16 AND TenuredGenerationSizeSupplement_90==0 AND UseAdaptiveGCBoundary==0,0,0.0,0.0,0.0,97
random_10,130,17,UseAdaptiveGCBoundary = 1 AND UseAdaptiveSizeDecayMajorGCCost = 1 AND UseAdaptiveSizePolicy = 1,DisableExplicitGC==0 AND MaxTenuringThreshold==15 AND UseAdaptiveGCBoundary==0,0,0.0,0.0,0.0,97
random_20,260,35,UseAdaptiveGCBoundary = 1 AND UseAdaptiveSizeDecayMajorGCCost = 1 AND UseAdaptiveSizePolicy = 1,NewRatio==4 AND SurvivorRatio==31 AND TenuredGenerationSizeSupplement_50==0 AND UseAdaptiveGCBoundary==0,0,0.0,0.0,0.0,97
2-wise,58,6,UseAdaptiveGCBoundary = 1 AND UseAdaptiveSizeDecayMajorGCCost = 1 AND UseAdaptiveSizePolicy = 1,SurvivorRatio==11 AND TenuredGenerationSizeSupplement_70==0 AND TenuredGenerationSizeSupplement_90==0,0,0.0,0.0,0.0,97
3-wise,290,40,UseAdaptiveGCBoundary = 1 AND UseAdaptiveSizeDecayMajorGCCost = 1 AND UseAdaptiveSizePolicy = 1,UseAdaptiveSizeDecayMajorGCCost==0 AND UseAdaptiveSizePolicy==1 AND NewRatio==2 AND TenuredGenerationSizeSupplement_50==1,0,0.0,0.0,0.0,97
4-wise,1139,139,UseAdaptiveGCBoundary = 1 AND UseAdaptiveSizeDecayMajorGCCost = 1 AND UseAdaptiveSizePolicy = 1,UseAdaptiveSizeDecayMajorGCCost==1 AND UseAdaptiveSizePolicy==1 AND UseAdaptiveGCBoundary==1,0,1.0,1.0,1.0,97
full,193536,24192,UseAdaptiveGCBoundary = 1 AND UseAdaptiveSizePolicy = 1 AND UseAdaptiveSizePolicyFootprintGoal = 1,UseAdaptiveSizePolicy==1 AND UseAdaptiveSizePolicyFootprintGoal==1 AND UseAdaptiveGCBoundary==1,0,1.0,1.0,1.0,98
random_2,26,5,UseAdaptiveGCBoundary = 1 AND UseAdaptiveSizePolicy = 1 AND UseAdaptiveSizePolicyFootprintGoal = 1,DisableExplicitGC==1 AND TenuredGenerationSizeSupplementDecay==8,0,0.0,0.0,0.0,98
random_5,65,10,UseAdaptiveGCBoundary = 1 AND UseAdaptiveSizePolicy = 1 AND UseAdaptiveSizePolicyFootprintGoal = 1,MinSurvivorRatio==4 AND SurvivorRatio==6 AND UseAdaptiveGCBoundary==0,0,0.0,0.0,0.0,98
random_10,130,18,UseAdaptiveGCBoundary = 1 AND UseAdaptiveSizePolicy = 1 AND UseAdaptiveSizePolicyFootprintGoal = 1,MaxTenuringThreshold==5 AND SurvivorRatio==26 AND UseAdaptiveGCBoundary==1,0,0.0,0.0,0.0,98
random_20,260,30,UseAdaptiveGCBoundary = 1 AND UseAdaptiveSizePolicy = 1 AND UseAdaptiveSizePolicyFootprintGoal = 1,MinSurvivorRatio==10 AND SurvivorRatio==16 AND TenuredGenerationSizeSupplement_70==0 AND UseAdaptiveGCBoundary==1,0,0.0,0.0,0.0,98
2-wise,62,8,UseAdaptiveGCBoundary = 1 AND UseAdaptiveSizePolicy = 1 AND UseAdaptiveSizePolicyFootprintGoal = 1,SurvivorRatio==11 AND TenuredGenerationSizeSupplementDecay==2,0,0.0,0.0,0.0,98
3-wise,298,33,UseAdaptiveGCBoundary = 1 AND UseAdaptiveSizePolicy = 1 AND UseAdaptiveSizePolicyFootprintGoal = 1,UseAdaptiveSizePolicy==1 AND UseAdaptiveSizePolicyFootprintGoal==1 AND UseAdaptiveGCBoundary==1,2,1.0,1.0,1.0,98
4-wise,1162,152,UseAdaptiveGCBoundary = 1 AND UseAdaptiveSizePolicy = 1 AND UseAdaptiveSizePolicyFootprintGoal = 1,UseAdaptiveSizePolicy==1 AND UseAdaptiveSizePolicyFootprintGoal==1 AND UseAdaptiveGCBoundary==1,0,1.0,1.0,1.0,98
full,193536,24192,UseAdaptiveGCBoundary = 1 AND UseAdaptiveSizeDecayMajorGCCost = 1 AND UseAdaptiveSizePolicy = 1,UseAdaptiveSizeDecayMajorGCCost==1 AND UseAdaptiveSizePolicy==1 AND UseAdaptiveGCBoundary==1,0,1.0,1.0,1.0,99
random_2,26,6,UseAdaptiveGCBoundary = 1 AND UseAdaptiveSizeDecayMajorGCCost = 1 AND UseAdaptiveSizePolicy = 1,TenuredGenerationSizeSupplementDecay==16 AND TenuredGenerationSizeSupplement_70==1 AND UseAdaptiveGCBoundary==1,4,0.5,1.0,0.3333333333333333,99
random_5,65,6,UseAdaptiveGCBoundary = 1 AND UseAdaptiveSizeDecayMajorGCCost = 1 AND UseAdaptiveSizePolicy = 1,MaxTenuringThreshold==15 AND NewRatio==8 AND TenuredGenerationSizeSupplement_90==0 AND UseAdaptiveGCBoundary==1,0,0.0,0.0,0.0,99
random_10,130,10,UseAdaptiveGCBoundary = 1 AND UseAdaptiveSizeDecayMajorGCCost = 1 AND UseAdaptiveSizePolicy = 1,MinSurvivorRatio==1 AND SurvivorRatio==16 AND TenuredGenerationSizeSupplementDecay==16,0,0.0,0.0,0.0,99
random_20,260,26,UseAdaptiveGCBoundary = 1 AND UseAdaptiveSizeDecayMajorGCCost = 1 AND UseAdaptiveSizePolicy = 1,MaxTenuringThreshold==10 AND MinSurvivorRatio==1 AND SurvivorRatio==21 AND TenuredGenerationSizeSupplement_70==0,0,0.0,0.0,0.0,99
2-wise,65,8,UseAdaptiveGCBoundary = 1 AND UseAdaptiveSizeDecayMajorGCCost = 1 AND UseAdaptiveSizePolicy = 1,NewRatio==4 AND SurvivorRatio==6,0,0.0,0.0,0.0,99
3-wise,297,35,UseAdaptiveGCBoundary = 1 AND UseAdaptiveSizeDecayMajorGCCost = 1 AND UseAdaptiveSizePolicy = 1,UseAdaptiveSizeDecayMajorGCCost==1 AND UseAdaptiveSizePolicy==1 AND UseAdaptiveGCBoundary==1,0,1.0,1.0,1.0,99
4-wise,1140,130,UseAdaptiveGCBoundary = 1 AND UseAdaptiveSizeDecayMajorGCCost = 1 AND UseAdaptiveSizePolicy = 1,UseAdaptiveSizeDecayMajorGCCost==1 AND UseAdaptiveSizePolicy==1 AND UseAdaptiveGCBoundary==1,0,1.0,1.0,1.0,99
full,193536,24192,DisableExplicitGC = 1 AND UseAdaptiveGCBoundary = 1 AND UseAdaptiveSizeDecayMajorGCCost = 1,DisableExplicitGC==1 AND UseAdaptiveSizeDecayMajorGCCost==1 AND UseAdaptiveGCBoundary==1,0,1.0,1.0,1.0,9
random_2,26,7,DisableExplicitGC = 1 AND UseAdaptiveGCBoundary = 1 AND UseAdaptiveSizeDecayMajorGCCost = 1,UseAdaptiveSizeDecayMajorGCCost==0 AND MinSurvivorRatio==7 AND SurvivorRatio==1,0,0.0,0.0,0.0,9
random_5,65,15,DisableExplicitGC = 1 AND UseAdaptiveGCBoundary = 1 AND UseAdaptiveSizeDecayMajorGCCost = 1,MinSurvivorRatio==7 AND TenuredGenerationSizeSupplementDecay==4 AND UseAdaptiveGCBoundary==1,0,0.2352941176470588,1.0,0.1333333333333333,9
random_10,130,19,DisableExplicitGC = 1 AND UseAdaptiveGCBoundary = 1 AND UseAdaptiveSizeDecayMajorGCCost = 1,UseAdaptiveSizeDecayMajorGCCost==0 AND SurvivorRatio==11 AND TenuredGenerationSizeSupplementDecay==8,0,0.0,0.0,0.0,9
random_20,260,30,DisableExplicitGC = 1 AND UseAdaptiveGCBoundary = 1 AND UseAdaptiveSizeDecayMajorGCCost = 1,DisableExplicitGC==1 AND UseAdaptiveSizeDecayMajorGCCost==1 AND UseAdaptiveGCBoundary==1,0,1.0,1.0,1.0,9
2-wise,60,13,DisableExplicitGC = 1 AND UseAdaptiveGCBoundary = 1 AND UseAdaptiveSizeDecayMajorGCCost = 1,MaxTenuringThreshold==5 AND NewRatio==8 AND TenuredGenerationSizeSupplementDecay==8,0,0.0,0.0,0.0,9
3-wise,300,31,DisableExplicitGC = 1 AND UseAdaptiveGCBoundary = 1 AND UseAdaptiveSizeDecayMajorGCCost = 1,DisableExplicitGC==1 AND UseAdaptiveSizeDecayMajorGCCost==1 AND UseAdaptiveGCBoundary==1,0,1.0,1.0,1.0,9
4-wise,1153,139,DisableExplicitGC = 1 AND UseAdaptiveGCBoundary = 1 AND UseAdaptiveSizeDecayMajorGCCost = 1,DisableExplicitGC==1 AND UseAdaptiveSizeDecayMajorGCCost==1 AND UseAdaptiveGCBoundary==1,0,1.0,1.0,1.0,9
