sampling_strategy,sample_size,sg_cardinality,sg_rule,best_rule,best_rule_idx,f1,precision,recall,seed
full,432,54,disableCompressibilityTesting = 1 AND encryption = 1 AND unlimitedWindowSize = 1,disableCompressibilityTesting AND encryption AND unlimitedWindowSize,0,1.0,1.0,1.0,0
random_2,20,3,disableCompressibilityTesting = 1 AND encryption = 1 AND unlimitedWindowSize = 1,compression AND compressionBzip2 AND unlimitedWindowSize,1,0.5,1.0,0.3333333333333333,0
random_5,50,4,disableCompressibilityTesting = 1 AND encryption = 1 AND unlimitedWindowSize = 1,compression AND NOT compressionBzip2 AND NOT compressionGzip AND encryption AND unlimitedWindowSize,0,0.6666666666666666,0.5,1.0,0
random_10,100,13,disableCompressibilityTesting = 1 AND encryption = 1 AND unlimitedWindowSize = 1,disableCompressibilityTesting AND encryption AND unlimitedWindowSize,0,1.0,1.0,1.0,0
random_20,200,38,disableCompressibilityTesting = 1 AND encryption = 1 AND unlimitedWindowSize = 1,disableCompressibilityTesting AND encryption AND unlimitedWindowSize,0,1.0,1.0,1.0,0
2-wise,56,6,disableCompressibilityTesting = 1 AND encryption = 1 AND unlimitedWindowSize = 1,compressionZpaq AND disableCompressibilityTesting AND encryption,2,0.5,1.0,0.3333333333333333,0
3-wise,154,18,disableCompressibilityTesting = 1 AND encryption = 1 AND unlimitedWindowSize = 1,disableCompressibilityTesting AND encryption AND unlimitedWindowSize,0,1.0,1.0,1.0,0
4-wise,303,34,disableCompressibilityTesting = 1 AND encryption = 1 AND unlimitedWindowSize = 1,disableCompressibilityTesting AND encryption AND unlimitedWindowSize,0,1.0,1.0,1.0,0
full,432,54,disableCompressibilityTesting = 1 AND encryption = 1 AND unlimitedWindowSize = 1,disableCompressibilityTesting AND encryption AND unlimitedWindowSize,0,1.0,1.0,1.0,10
random_2,20,2,disableCompressibilityTesting = 1 AND encryption = 1 AND unlimitedWindowSize = 1,compressionBzip2 AND NOT compressionLzo AND NOT compressionZpaq AND level = 9.00,2,0.6666666666666666,1.0,0.5,10
random_5,50,9,disableCompressibilityTesting = 1 AND encryption = 1 AND unlimitedWindowSize = 1,NOT compressionGzip AND NOT compressionLrzip AND NOT compressionZpaq AND encryption AND level != 1.00,0,0.2352941176470588,0.25,0.2222222222222222,10
random_10,100,9,disableCompressibilityTesting = 1 AND encryption = 1 AND unlimitedWindowSize = 1,disableCompressibilityTesting AND encryption AND unlimitedWindowSize,1,1.0,1.0,1.0,10
random_20,200,29,disableCompressibilityTesting = 1 AND encryption = 1 AND unlimitedWindowSize = 1,disableCompressibilityTesting AND encryption AND unlimitedWindowSize,2,1.0,1.0,1.0,10
2-wise,58,8,disableCompressibilityTesting = 1 AND encryption = 1 AND unlimitedWindowSize = 1,NOT compressionZpaq AND disableCompressibilityTesting AND encryption AND unlimitedWindowSize,2,0.9333333333333332,1.0,0.875,10
3-wise,160,14,disableCompressibilityTesting = 1 AND encryption = 1 AND unlimitedWindowSize = 1,disableCompressibilityTesting AND encryption AND unlimitedWindowSize,1,1.0,1.0,1.0,10
4-wise,291,33,disableCompressibilityTesting = 1 AND encryption = 1 AND unlimitedWindowSize = 1,disableCompressibilityTesting AND encryption AND unlimitedWindowSize,1,1.0,1.0,1.0,10
full,432,54,disableCompressibilityTesting = 1 AND encryption = 1 AND unlimitedWindowSize = 1,disableCompressibilityTesting AND encryption AND unlimitedWindowSize,0,1.0,1.0,1.0,11
random_2,20,4,disableCompressibilityTesting = 1 AND encryption = 1 AND unlimitedWindowSize = 1,NOT compressionLrzip AND disableCompressibilityTesting AND unlimitedWindowSize,1,1.0,1.0,1.0,11
random_5,50,11,disableCompressibilityTesting = 1 AND encryption = 1 AND unlimitedWindowSize = 1,disableCompressibilityTesting AND encryption AND unlimitedWindowSize,0,1.0,1.0,1.0,11
random_10,100,14,disableCompressibilityTesting = 1 AND encryption = 1 AND unlimitedWindowSize = 1,disableCompressibilityTesting AND encryption AND unlimitedWindowSize,3,1.0,1.0,1.0,11
random_20,200,21,disableCompressibilityTesting = 1 AND encryption = 1 AND unlimitedWindowSize = 1,disableCompressibilityTesting AND encryption AND unlimitedWindowSize,0,1.0,1.0,1.0,11
2-wise,56,9,disableCompressibilityTesting = 1 AND encryption = 1 AND unlimitedWindowSize = 1,disableCompressibilityTesting AND encryption,1,0.9473684210526316,0.9,1.0,11
3-wise,149,18,disableCompressibilityTesting = 1 AND encryption = 1 AND unlimitedWindowSize = 1,disableCompressibilityTesting AND encryption AND unlimitedWindowSize,0,1.0,1.0,1.0,11
4-wise,297,38,disableCompressibilityTesting = 1 AND encryption = 1 AND unlimitedWindowSize = 1,NOT compressionZpaq AND disableCompressibilityTesting AND encryption AND unlimitedWindowSize,3,0.9444444444444444,1.0,0.8947368421052632,11
full,432,54,disableCompressibilityTesting = 1 AND encryption = 1 AND unlimitedWindowSize = 1,disableCompressibilityTesting AND encryption AND unlimitedWindowSize,0,1.0,1.0,1.0,12
random_2,20,4,disableCompressibilityTesting = 1 AND encryption = 1 AND unlimitedWindowSize = 1,compression AND NOT compressionBzip2 AND NOT compressionZpaq AND level >= 7.00 AND unlimitedWindowSize,0,0.8571428571428571,1.0,0.75,12
random_5,50,6,disableCompressibilityTesting = 1 AND encryption = 1 AND unlimitedWindowSize = 1,compression AND NOT compressionGzip AND disableCompressibilityTesting AND level <= 5.00 AND unlimitedWindowSize,1,0.6666666666666666,1.0,0.5,12
random_10,100,15,disableCompressibilityTesting = 1 AND encryption = 1 AND unlimitedWindowSize = 1,NOT compressionZpaq AND disableCompressibilityTesting AND encryption AND unlimitedWindowSize,2,0.9655172413793104,1.0,0.9333333333333332,12
random_20,200,30,disableCompressibilityTesting = 1 AND encryption = 1 AND unlimitedWindowSize = 1,disableCompressibilityTesting AND encryption AND unlimitedWindowSize,0,1.0,1.0,1.0,12
2-wise,55,11,disableCompressibilityTesting = 1 AND encryption = 1 AND unlimitedWindowSize = 1,disableCompressibilityTesting AND encryption AND unlimitedWindowSize,1,1.0,1.0,1.0,12
3-wise,156,29,disableCompressibilityTesting = 1 AND encryption = 1 AND unlimitedWindowSize = 1,disableCompressibilityTesting AND encryption AND unlimitedWindowSize,0,1.0,1.0,1.0,12
4-wise,299,38,disableCompressibilityTesting = 1 AND encryption = 1 AND unlimitedWindowSize = 1,NOT compressionBzip2 AND disableCompressibilityTesting AND encryption AND NOT unlimitedWindowSize,3,0.9444444444444444,1.0,0.8947368421052632,12
full,432,54,disableCompressibilityTesting = 1 AND encryption = 1 AND unlimitedWindowSize = 1,disableCompressibilityTesting AND encryption AND unlimitedWindowSize,0,1.0,1.0,1.0,13
random_2,20,5,disableCompressibilityTesting = 1 AND encryption = 1 AND unlimitedWindowSize = 1,NOT compressionZpaq AND disableCompressibilityTesting AND encryption,0,1.0,1.0,1.0,13
random_5,50,7,disableCompressibilityTesting = 1 AND encryption = 1 AND unlimitedWindowSize = 1,NOT compressionBzip2 AND disableCompressibilityTesting AND encryption AND level != 9.00,0,0.75,0.6666666666666666,0.8571428571428571,13
random_10,100,13,disableCompressibilityTesting = 1 AND encryption = 1 AND unlimitedWindowSize = 1,disableCompressibilityTesting AND encryption AND unlimitedWindowSize,0,1.0,1.0,1.0,13
random_20,200,18,disableCompressibilityTesting = 1 AND encryption = 1 AND unlimitedWindowSize = 1,disableCompressibilityTesting AND encryption AND unlimitedWindowSize,2,1.0,1.0,1.0,13
2-wise,56,10,disableCompressibilityTesting = 1 AND encryption = 1 AND unlimitedWindowSize = 1,NOT compressionGzip AND disableCompressibilityTesting AND NOT encryption AND unlimitedWindowSize,0,1.0,1.0,1.0,13
3-wise,149,21,disableCompressibilityTesting = 1 AND encryption = 1 AND unlimitedWindowSize = 1,disableCompressibilityTesting AND encryption AND unlimitedWindowSize,0,1.0,1.0,1.0,13
4-wise,297,37,disableCompressibilityTesting = 1 AND encryption = 1 AND unlimitedWindowSize = 1,disableCompressibilityTesting AND encryption AND unlimitedWindowSize,0,1.0,1.0,1.0,13
full,432,54,disableCompressibilityTesting = 1 AND encryption = 1 AND unlimitedWindowSize = 1,disableCompressibilityTesting AND encryption AND unlimitedWindowSize,0,1.0,1.0,1.0,14
random_5,50,10,disableCompressibilityTesting = 1 AND encryption = 1 AND unlimitedWindowSize = 1,disableCompressibilityTesting AND encryption AND unlimitedWindowSize,2,1.0,1.0,1.0,14
random_10,100,8,disableCompressibilityTesting = 1 AND encryption = 1 AND unlimitedWindowSize = 1,NOT compressionLrzip AND NOT compressionLzo AND level >= 2.00 AND unlimitedWindowSize,0,0.4210526315789474,0.2666666666666666,1.0,14
random_20,200,19,disableCompressibilityTesting = 1 AND encryption = 1 AND unlimitedWindowSize = 1,disableCompressibilityTesting AND encryption AND unlimitedWindowSize,2,1.0,1.0,1.0,14
2-wise,59,6,disableCompressibilityTesting = 1 AND encryption = 1 AND unlimitedWindowSize = 1,compression AND NOT compressionLrzip AND disableCompressibilityTesting AND encryption AND unlimitedWindowSize,0,0.9090909090909092,1.0,0.8333333333333334,14
3-wise,159,28,disableCompressibilityTesting = 1 AND encryption = 1 AND unlimitedWindowSize = 1,disableCompressibilityTesting AND NOT encryption AND unlimitedWindowSize,0,1.0,1.0,1.0,14
4-wise,305,37,disableCompressibilityTesting = 1 AND encryption = 1 AND unlimitedWindowSize = 1,disableCompressibilityTesting AND encryption AND unlimitedWindowSize,0,1.0,1.0,1.0,14
full,432,54,disableCompressibilityTesting = 1 AND encryption = 1 AND unlimitedWindowSize = 1,disableCompressibilityTesting AND encryption AND unlimitedWindowSize,0,1.0,1.0,1.0,15
random_2,20,4,disableCompressibilityTesting = 1 AND encryption = 1 AND unlimitedWindowSize = 1,compression AND NOT compressionBzip2 AND NOT compressionGzip AND level >= 3.00 AND unlimitedWindowSize,2,0.7272727272727273,0.5714285714285714,1.0,15
random_5,50,11,disableCompressibilityTesting = 1 AND encryption = 1 AND unlimitedWindowSize = 1,disableCompressibilityTesting AND unlimitedWindowSize,1,0.8148148148148148,0.6875,1.0,15
random_10,100,7,disableCompressibilityTesting = 1 AND encryption = 1 AND unlimitedWindowSize = 1,disableCompressibilityTesting AND encryption AND unlimitedWindowSize,0,1.0,1.0,1.0,15
random_20,200,19,disableCompressibilityTesting = 1 AND encryption = 1 AND unlimitedWindowSize = 1,disableCompressibilityTesting AND encryption AND unlimitedWindowSize,3,1.0,1.0,1.0,15
2-wise,54,12,disableCompressibilityTesting = 1 AND encryption = 1 AND unlimitedWindowSize = 1,NOT compressionBzip2 AND disableCompressibilityTesting AND encryption AND unlimitedWindowSize,0,1.0,1.0,1.0,15
3-wise,158,25,disableCompressibilityTesting = 1 AND encryption = 1 AND unlimitedWindowSize = 1,disableCompressibilityTesting AND encryption AND unlimitedWindowSize,0,1.0,1.0,1.0,15
4-wise,316,36,disableCompressibilityTesting = 1 AND encryption = 1 AND unlimitedWindowSize = 1,disableCompressibilityTesting AND encryption AND unlimitedWindowSize,0,1.0,1.0,1.0,15
full,432,54,disableCompressibilityTesting = 1 AND encryption = 1 AND unlimitedWindowSize = 1,disableCompressibilityTesting AND encryption AND unlimitedWindowSize,0,1.0,1.0,1.0,16
random_2,20,1,disableCompressibilityTesting = 1 AND encryption = 1 AND unlimitedWindowSize = 1,compression AND compressionBzip2 AND encryption,0,0.0,0.0,0.0,16
random_5,50,7,disableCompressibilityTesting = 1 AND encryption = 1 AND unlimitedWindowSize = 1,NOT compressionBzip2 AND disableCompressibilityTesting AND unlimitedWindowSize,2,0.7058823529411764,0.6,0.8571428571428571,16
random_10,100,15,disableCompressibilityTesting = 1 AND encryption = 1 AND unlimitedWindowSize = 1,disableCompressibilityTesting AND encryption AND unlimitedWindowSize,3,1.0,1.0,1.0,16
random_20,200,24,disableCompressibilityTesting = 1 AND encryption = 1 AND unlimitedWindowSize = 1,disableCompressibilityTesting AND encryption AND unlimitedWindowSize,0,1.0,1.0,1.0,16
2-wise,54,9,disableCompressibilityTesting = 1 AND encryption = 1 AND unlimitedWindowSize = 1,compression AND NOT compressionLrzip AND NOT compressionZpaq AND encryption AND unlimitedWindowSize,1,0.6666666666666666,0.6666666666666666,0.6666666666666666,16
3-wise,149,20,disableCompressibilityTesting = 1 AND encryption = 1 AND unlimitedWindowSize = 1,disableCompressibilityTesting AND encryption AND unlimitedWindowSize,0,1.0,1.0,1.0,16
4-wise,299,34,disableCompressibilityTesting = 1 AND encryption = 1 AND unlimitedWindowSize = 1,NOT compressionLrzip AND disableCompressibilityTesting AND encryption AND unlimitedWindowSize,0,0.9375,1.0,0.8823529411764706,16
full,432,54,disableCompressibilityTesting = 1 AND encryption = 1 AND unlimitedWindowSize = 1,disableCompressibilityTesting AND encryption AND unlimitedWindowSize,0,1.0,1.0,1.0,17
random_2,20,1,disableCompressibilityTesting = 1 AND encryption = 1 AND unlimitedWindowSize = 1,compression AND compressionZpaq AND NOT encryption,0,0.0,0.0,0.0,17
random_5,50,3,disableCompressibilityTesting = 1 AND encryption = 1 AND unlimitedWindowSize = 1,NOT compression,1,0.3333333333333333,0.3333333333333333,0.3333333333333333,17
random_10,100,14,disableCompressibilityTesting = 1 AND encryption = 1 AND unlimitedWindowSize = 1,disableCompressibilityTesting AND encryption AND unlimitedWindowSize,0,1.0,1.0,1.0,17
random_20,200,23,disableCompressibilityTesting = 1 AND encryption = 1 AND unlimitedWindowSize = 1,disableCompressibilityTesting AND encryption AND unlimitedWindowSize,0,1.0,1.0,1.0,17
2-wise,56,3,disableCompressibilityTesting = 1 AND encryption = 1 AND unlimitedWindowSize = 1,encryption AND level >= 5.00 AND unlimitedWindowSize,3,0.3636363636363636,0.25,0.6666666666666666,17
3-wise,154,14,disableCompressibilityTesting = 1 AND encryption = 1 AND unlimitedWindowSize = 1,disableCompressibilityTesting AND encryption AND unlimitedWindowSize,2,1.0,1.0,1.0,17
4-wise,293,31,disableCompressibilityTesting = 1 AND encryption = 1 AND unlimitedWindowSize = 1,disableCompressibilityTesting AND encryption AND unlimitedWindowSize,0,1.0,1.0,1.0,17
full,432,54,disableCompressibilityTesting = 1 AND encryption = 1 AND unlimitedWindowSize = 1,disableCompressibilityTesting AND encryption AND unlimitedWindowSize,0,1.0,1.0,1.0,18
random_2,20,2,disableCompressibilityTesting = 1 AND encryption = 1 AND unlimitedWindowSize = 1,NOT compressionGzip AND NOT compressionZpaq AND NOT disableCompressibilityTesting,0,0.0,0.0,0.0,18
random_5,50,7,disableCompressibilityTesting = 1 AND encryption = 1 AND unlimitedWindowSize = 1,NOT compressionBzip2 AND NOT compressionLzo AND encryption AND unlimitedWindowSize,1,0.8571428571428571,0.8571428571428571,0.8571428571428571,18
random_10,100,10,disableCompressibilityTesting = 1 AND encryption = 1 AND unlimitedWindowSize = 1,disableCompressibilityTesting AND encryption AND unlimitedWindowSize,3,1.0,1.0,1.0,18
random_20,200,26,disableCompressibilityTesting = 1 AND encryption = 1 AND unlimitedWindowSize = 1,disableCompressibilityTesting AND encryption AND unlimitedWindowSize,1,1.0,1.0,1.0,18
2-wise,56,6,disableCompressibilityTesting = 1 AND encryption = 1 AND unlimitedWindowSize = 1,compression AND encryption AND unlimitedWindowSize,2,0.7499999999999999,0.6,1.0,18
3-wise,154,11,disableCompressibilityTesting = 1 AND encryption = 1 AND unlimitedWindowSize = 1,disableCompressibilityTesting AND encryption AND unlimitedWindowSize,1,1.0,1.0,1.0,18
4-wise,291,37,disableCompressibilityTesting = 1 AND encryption = 1 AND unlimitedWindowSize = 1,disableCompressibilityTesting AND encryption AND unlimitedWindowSize,0,1.0,1.0,1.0,18
full,432,54,disableCompressibilityTesting = 1 AND encryption = 1 AND unlimitedWindowSize = 1,disableCompressibilityTesting AND encryption AND unlimitedWindowSize,0,1.0,1.0,1.0,19
random_2,20,3,disableCompressibilityTesting = 1 AND encryption = 1 AND unlimitedWindowSize = 1,NOT compressionLrzip AND NOT compressionZpaq AND level >= 3.00,0,0.0,0.0,0.0,19
random_5,50,5,disableCompressibilityTesting = 1 AND encryption = 1 AND unlimitedWindowSize = 1,NOT compressionGzip AND disableCompressibilityTesting AND unlimitedWindowSize,3,0.5882352941176471,0.4166666666666667,1.0,19
random_10,100,7,disableCompressibilityTesting = 1 AND encryption = 1 AND unlimitedWindowSize = 1,NOT compression AND encryption AND level >= 3.00,1,0.2666666666666666,0.25,0.2857142857142857,19
random_20,200,22,disableCompressibilityTesting = 1 AND encryption = 1 AND unlimitedWindowSize = 1,disableCompressibilityTesting AND encryption AND unlimitedWindowSize,0,1.0,1.0,1.0,19
2-wise,56,8,disableCompressibilityTesting = 1 AND encryption = 1 AND unlimitedWindowSize = 1,disableCompressibilityTesting AND encryption AND unlimitedWindowSize,1,1.0,1.0,1.0,19
3-wise,149,16,disableCompressibilityTesting = 1 AND encryption = 1 AND unlimitedWindowSize = 1,NOT compressionLrzip AND NOT compressionZpaq AND encryption,1,0.3870967741935483,0.2608695652173913,0.75,19
4-wise,295,34,disableCompressibilityTesting = 1 AND encryption = 1 AND unlimitedWindowSize = 1,disableCompressibilityTesting AND encryption AND unlimitedWindowSize,2,1.0,1.0,1.0,19
full,432,54,disableCompressibilityTesting = 1 AND encryption = 1 AND unlimitedWindowSize = 1,disableCompressibilityTesting AND encryption AND unlimitedWindowSize,0,1.0,1.0,1.0,1
random_2,20,2,disableCompressibilityTesting = 1 AND encryption = 1 AND unlimitedWindowSize = 1,compression AND NOT compressionLrzip AND disableCompressibilityTesting AND unlimitedWindowSize,0,0.5714285714285715,0.4,1.0,1
random_5,50,6,disableCompressibilityTesting = 1 AND encryption = 1 AND unlimitedWindowSize = 1,NOT compressionGzip AND disableCompressibilityTesting AND encryption AND unlimitedWindowSize,0,1.0,1.0,1.0,1
random_10,100,19,disableCompressibilityTesting = 1 AND encryption = 1 AND unlimitedWindowSize = 1,disableCompressibilityTesting AND encryption AND unlimitedWindowSize,0,1.0,1.0,1.0,1
random_20,200,22,disableCompressibilityTesting = 1 AND encryption = 1 AND unlimitedWindowSize = 1,disableCompressibilityTesting AND encryption AND unlimitedWindowSize,0,1.0,1.0,1.0,1
2-wise,56,7,disableCompressibilityTesting = 1 AND encryption = 1 AND unlimitedWindowSize = 1,compression AND disableCompressibilityTesting AND encryption,2,0.9333333333333332,0.875,1.0,1
3-wise,153,26,disableCompressibilityTesting = 1 AND encryption = 1 AND unlimitedWindowSize = 1,disableCompressibilityTesting AND encryption AND unlimitedWindowSize,0,1.0,1.0,1.0,1
4-wise,296,34,disableCompressibilityTesting = 1 AND encryption = 1 AND unlimitedWindowSize = 1,NOT compressionGzip AND disableCompressibilityTesting AND encryption AND unlimitedWindowSize,0,0.9206349206349206,1.0,0.8529411764705882,1
full,432,54,disableCompressibilityTesting = 1 AND encryption = 1 AND unlimitedWindowSize = 1,disableCompressibilityTesting AND encryption AND unlimitedWindowSize,0,1.0,1.0,1.0,20
random_2,20,3,disableCompressibilityTesting = 1 AND encryption = 1 AND unlimitedWindowSize = 1,NOT compressionLzo AND encryption AND unlimitedWindowSize,1,0.8571428571428571,0.75,1.0,20
random_5,50,5,disableCompressibilityTesting = 1 AND encryption = 1 AND unlimitedWindowSize = 1,compressionLrzip AND disableCompressibilityTesting AND level >= 6.00 AND unlimitedWindowSize,0,0.5714285714285715,1.0,0.4,20
random_10,100,11,disableCompressibilityTesting = 1 AND encryption = 1 AND unlimitedWindowSize = 1,disableCompressibilityTesting AND encryption AND unlimitedWindowSize,0,1.0,1.0,1.0,20
random_20,200,24,disableCompressibilityTesting = 1 AND encryption = 1 AND unlimitedWindowSize = 1,disableCompressibilityTesting AND encryption AND unlimitedWindowSize,1,1.0,1.0,1.0,20
2-wise,58,9,disableCompressibilityTesting = 1 AND encryption = 1 AND unlimitedWindowSize = 1,NOT compressionBzip2 AND NOT compressionGzip AND NOT compressionZpaq AND encryption AND unlimitedWindowSize,3,0.8421052631578948,0.8,0.8888888888888888,20
3-wise,153,19,disableCompressibilityTesting = 1 AND encryption = 1 AND unlimitedWindowSize = 1,disableCompressibilityTesting AND NOT encryption AND unlimitedWindowSize,0,1.0,1.0,1.0,20
4-wise,281,37,disableCompressibilityTesting = 1 AND encryption = 1 AND unlimitedWindowSize = 1,disableCompressibilityTesting AND encryption AND unlimitedWindowSize,3,1.0,1.0,1.0,20
full,432,54,disableCompressibilityTesting = 1 AND encryption = 1 AND unlimitedWindowSize = 1,disableCompressibilityTesting AND encryption AND unlimitedWindowSize,0,1.0,1.0,1.0,21
random_2,20,4,disableCompressibilityTesting = 1 AND encryption = 1 AND unlimitedWindowSize = 1,disableCompressibilityTesting AND level >= 7.00 AND unlimitedWindowSize,1,0.8571428571428571,1.0,0.75,21
random_5,50,9,disableCompressibilityTesting = 1 AND encryption = 1 AND unlimitedWindowSize = 1,disableCompressibilityTesting AND encryption AND unlimitedWindowSize,3,1.0,1.0,1.0,21
random_10,100,11,disableCompressibilityTesting = 1 AND encryption = 1 AND unlimitedWindowSize = 1,disableCompressibilityTesting AND encryption AND unlimitedWindowSize,2,1.0,1.0,1.0,21
random_20,200,25,disableCompressibilityTesting = 1 AND encryption = 1 AND unlimitedWindowSize = 1,disableCompressibilityTesting AND encryption AND unlimitedWindowSize,0,1.0,1.0,1.0,21
2-wise,56,12,disableCompressibilityTesting = 1 AND encryption = 1 AND unlimitedWindowSize = 1,disableCompressibilityTesting AND encryption AND unlimitedWindowSize,0,1.0,1.0,1.0,21
3-wise,152,20,disableCompressibilityTesting = 1 AND encryption = 1 AND unlimitedWindowSize = 1,disableCompressibilityTesting AND encryption AND NOT unlimitedWindowSize,0,1.0,1.0,1.0,21
4-wise,303,39,disableCompressibilityTesting = 1 AND encryption = 1 AND unlimitedWindowSize = 1,disableCompressibilityTesting AND encryption AND unlimitedWindowSize,0,1.0,1.0,1.0,21
full,432,54,disableCompressibilityTesting = 1 AND encryption = 1 AND unlimitedWindowSize = 1,disableCompressibilityTesting AND encryption AND unlimitedWindowSize,0,1.0,1.0,1.0,22
random_2,20,3,disableCompressibilityTesting = 1 AND encryption = 1 AND unlimitedWindowSize = 1,NOT compressionGzip AND NOT compressionLrzip AND disableCompressibilityTesting,4,0.6666666666666666,0.5,1.0,22
random_5,50,6,disableCompressibilityTesting = 1 AND encryption = 1 AND unlimitedWindowSize = 1,NOT compressionZpaq AND disableCompressibilityTesting AND encryption AND unlimitedWindowSize,1,1.0,1.0,1.0,22
random_10,100,12,disableCompressibilityTesting = 1 AND encryption = 1 AND unlimitedWindowSize = 1,NOT compressionGzip AND disableCompressibilityTesting AND encryption AND unlimitedWindowSize,2,0.9565217391304348,1.0,0.9166666666666666,22
random_20,200,30,disableCompressibilityTesting = 1 AND encryption = 1 AND unlimitedWindowSize = 1,disableCompressibilityTesting AND encryption AND unlimitedWindowSize,0,1.0,1.0,1.0,22
2-wise,56,5,disableCompressibilityTesting = 1 AND encryption = 1 AND unlimitedWindowSize = 1,NOT compressionGzip AND encryption,1,0.2962962962962963,0.1818181818181818,0.8,22
3-wise,156,23,disableCompressibilityTesting = 1 AND encryption = 1 AND unlimitedWindowSize = 1,disableCompressibilityTesting AND NOT encryption AND unlimitedWindowSize,0,1.0,1.0,1.0,22
4-wise,304,38,disableCompressibilityTesting = 1 AND encryption = 1 AND unlimitedWindowSize = 1,disableCompressibilityTesting AND encryption AND unlimitedWindowSize,0,1.0,1.0,1.0,22
full,432,54,disableCompressibilityTesting = 1 AND encryption = 1 AND unlimitedWindowSize = 1,disableCompressibilityTesting AND encryption AND unlimitedWindowSize,0,1.0,1.0,1.0,23
random_5,50,4,disableCompressibilityTesting = 1 AND encryption = 1 AND unlimitedWindowSize = 1,NOT compressionBzip2 AND disableCompressibilityTesting AND level >= 2.00 AND unlimitedWindowSize,2,1.0,1.0,1.0,23
random_10,100,9,disableCompressibilityTesting = 1 AND encryption = 1 AND unlimitedWindowSize = 1,NOT compressionLrzip AND disableCompressibilityTesting AND encryption AND unlimitedWindowSize,1,1.0,1.0,1.0,23
random_20,200,24,disableCompressibilityTesting = 1 AND encryption = 1 AND unlimitedWindowSize = 1,disableCompressibilityTesting AND encryption AND unlimitedWindowSize,0,1.0,1.0,1.0,23
2-wise,55,2,disableCompressibilityTesting = 1 AND encryption = 1 AND unlimitedWindowSize = 1,NOT compressionLzo AND NOT compressionZpaq AND NOT encryption,0,0.0,0.0,0.0,23
3-wise,159,16,disableCompressibilityTesting = 1 AND encryption = 1 AND unlimitedWindowSize = 1,disableCompressibilityTesting AND NOT encryption AND unlimitedWindowSize,2,1.0,1.0,1.0,23
4-wise,304,42,disableCompressibilityTesting = 1 AND encryption = 1 AND unlimitedWindowSize = 1,disableCompressibilityTesting AND NOT encryption AND NOT unlimitedWindowSize,0,1.0,1.0,1.0,23
full,432,54,disableCompressibilityTesting = 1 AND encryption = 1 AND unlimitedWindowSize = 1,disableCompressibilityTesting AND encryption AND unlimitedWindowSize,0,1.0,1.0,1.0,24
random_5,50,4,disableCompressibilityTesting = 1 AND encryption = 1 AND unlimitedWindowSize = 1,compression AND compressionGzip AND NOT compressionZpaq AND NOT disableCompressibilityTesting AND NOT unlimitedWindowSize,0,0.0,0.0,0.0,24
random_10,100,9,disableCompressibilityTesting = 1 AND encryption = 1 AND unlimitedWindowSize = 1,NOT compressionBzip2 AND disableCompressibilityTesting AND encryption AND unlimitedWindowSize,1,1.0,1.0,1.0,24
random_20,200,27,disableCompressibilityTesting = 1 AND encryption = 1 AND unlimitedWindowSize = 1,disableCompressibilityTesting AND encryption AND unlimitedWindowSize,0,1.0,1.0,1.0,24
2-wise,59,3,disableCompressibilityTesting = 1 AND encryption = 1 AND unlimitedWindowSize = 1,NOT compressionBzip2 AND NOT compressionLzo AND level >= 5.00,0,0.0,0.0,0.0,24
3-wise,159,11,disableCompressibilityTesting = 1 AND encryption = 1 AND unlimitedWindowSize = 1,NOT compressionBzip2 AND disableCompressibilityTesting AND NOT encryption AND unlimitedWindowSize,1,0.9523809523809524,1.0,0.9090909090909092,24
4-wise,302,30,disableCompressibilityTesting = 1 AND encryption = 1 AND unlimitedWindowSize = 1,disableCompressibilityTesting AND encryption AND unlimitedWindowSize,2,1.0,1.0,1.0,24
full,432,54,disableCompressibilityTesting = 1 AND encryption = 1 AND unlimitedWindowSize = 1,disableCompressibilityTesting AND encryption AND unlimitedWindowSize,0,1.0,1.0,1.0,25
random_2,20,2,disableCompressibilityTesting = 1 AND encryption = 1 AND unlimitedWindowSize = 1,NOT compressionGzip AND compressionZpaq AND level >= 7.00 AND unlimitedWindowSize,0,1.0,1.0,1.0,25
random_5,50,7,disableCompressibilityTesting = 1 AND encryption = 1 AND unlimitedWindowSize = 1,disableCompressibilityTesting AND encryption AND unlimitedWindowSize,2,1.0,1.0,1.0,25
random_10,100,10,disableCompressibilityTesting = 1 AND encryption = 1 AND unlimitedWindowSize = 1,disableCompressibilityTesting AND encryption AND unlimitedWindowSize,0,1.0,1.0,1.0,25
random_20,200,23,disableCompressibilityTesting = 1 AND encryption = 1 AND unlimitedWindowSize = 1,disableCompressibilityTesting AND encryption AND unlimitedWindowSize,0,1.0,1.0,1.0,25
2-wise,56,3,disableCompressibilityTesting = 1 AND encryption = 1 AND unlimitedWindowSize = 1,compression AND NOT compressionGzip AND NOT compressionZpaq AND encryption AND NOT unlimitedWindowSize,1,0.5714285714285715,0.5,0.6666666666666666,25
3-wise,149,10,disableCompressibilityTesting = 1 AND encryption = 1 AND unlimitedWindowSize = 1,disableCompressibilityTesting AND encryption AND NOT unlimitedWindowSize,1,1.0,1.0,1.0,25
4-wise,308,42,disableCompressibilityTesting = 1 AND encryption = 1 AND unlimitedWindowSize = 1,disableCompressibilityTesting AND encryption AND unlimitedWindowSize,0,1.0,1.0,1.0,25
full,432,54,disableCompressibilityTesting = 1 AND encryption = 1 AND unlimitedWindowSize = 1,disableCompressibilityTesting AND encryption AND unlimitedWindowSize,0,1.0,1.0,1.0,26
random_2,20,3,disableCompressibilityTesting = 1 AND encryption = 1 AND unlimitedWindowSize = 1,NOT compressionLzo AND NOT compressionZpaq AND encryption AND unlimitedWindowSize,4,0.8571428571428571,0.75,1.0,26
random_5,50,10,disableCompressibilityTesting = 1 AND encryption = 1 AND unlimitedWindowSize = 1,disableCompressibilityTesting AND encryption AND unlimitedWindowSize,1,1.0,1.0,1.0,26
random_10,100,16,disableCompressibilityTesting = 1 AND encryption = 1 AND unlimitedWindowSize = 1,disableCompressibilityTesting AND encryption AND unlimitedWindowSize,0,1.0,1.0,1.0,26
random_20,200,27,disableCompressibilityTesting = 1 AND encryption = 1 AND unlimitedWindowSize = 1,disableCompressibilityTesting AND encryption AND unlimitedWindowSize,2,1.0,1.0,1.0,26
2-wise,55,12,disableCompressibilityTesting = 1 AND encryption = 1 AND unlimitedWindowSize = 1,disableCompressibilityTesting AND encryption AND unlimitedWindowSize,0,1.0,1.0,1.0,26
3-wise,153,22,disableCompressibilityTesting = 1 AND encryption = 1 AND unlimitedWindowSize = 1,disableCompressibilityTesting AND encryption AND unlimitedWindowSize,2,1.0,1.0,1.0,26
4-wise,296,38,disableCompressibilityTesting = 1 AND encryption = 1 AND unlimitedWindowSize = 1,disableCompressibilityTesting AND encryption AND unlimitedWindowSize,3,1.0,1.0,1.0,26
full,432,54,disableCompressibilityTesting = 1 AND encryption = 1 AND unlimitedWindowSize = 1,disableCompressibilityTesting AND encryption AND unlimitedWindowSize,0,1.0,1.0,1.0,27
random_2,20,5,disableCompressibilityTesting = 1 AND encryption = 1 AND unlimitedWindowSize = 1,disableCompressibilityTesting AND unlimitedWindowSize,0,0.9090909090909092,0.8333333333333334,1.0,27
random_5,50,11,disableCompressibilityTesting = 1 AND encryption = 1 AND unlimitedWindowSize = 1,compressionBzip2 AND NOT encryption,0,0.0,0.0,0.0,27
random_10,100,16,disableCompressibilityTesting = 1 AND encryption = 1 AND unlimitedWindowSize = 1,disableCompressibilityTesting AND encryption AND unlimitedWindowSize,2,1.0,1.0,1.0,27
random_20,200,24,disableCompressibilityTesting = 1 AND encryption = 1 AND unlimitedWindowSize = 1,disableCompressibilityTesting AND encryption AND unlimitedWindowSize,3,1.0,1.0,1.0,27
2-wise,55,9,disableCompressibilityTesting = 1 AND encryption = 1 AND unlimitedWindowSize = 1,NOT compressionBzip2 AND NOT compressionLrzip AND disableCompressibilityTesting AND level != 1.00 AND unlimitedWindowSize,1,0.7058823529411765,0.75,0.6666666666666666,27
3-wise,163,27,disableCompressibilityTesting = 1 AND encryption = 1 AND unlimitedWindowSize = 1,disableCompressibilityTesting AND encryption AND unlimitedWindowSize,0,1.0,1.0,1.0,27
4-wise,291,37,disableCompressibilityTesting = 1 AND encryption = 1 AND unlimitedWindowSize = 1,disableCompressibilityTesting AND encryption AND unlimitedWindowSize,2,1.0,1.0,1.0,27
random_2,20,2,disableCompressibilityTesting = 1 AND encryption = 1 AND unlimitedWindowSize = 1,compression AND NOT compressionGzip AND NOT compressionLrzip AND encryption AND unlimitedWindowSize,4,1.0,1.0,1.0,28
random_5,50,7,disableCompressibilityTesting = 1 AND encryption = 1 AND unlimitedWindowSize = 1,compressionGzip AND encryption AND unlimitedWindowSize,0,0.4,0.6666666666666666,0.2857142857142857,28
random_10,100,20,disableCompressibilityTesting = 1 AND encryption = 1 AND unlimitedWindowSize = 1,disableCompressibilityTesting AND encryption AND unlimitedWindowSize,0,1.0,1.0,1.0,28
random_20,200,23,disableCompressibilityTesting = 1 AND encryption = 1 AND unlimitedWindowSize = 1,disableCompressibilityTesting AND encryption AND unlimitedWindowSize,4,1.0,1.0,1.0,28
2-wise,56,9,disableCompressibilityTesting = 1 AND encryption = 1 AND unlimitedWindowSize = 1,disableCompressibilityTesting AND encryption AND unlimitedWindowSize,3,1.0,1.0,1.0,28
3-wise,149,19,disableCompressibilityTesting = 1 AND encryption = 1 AND unlimitedWindowSize = 1,disableCompressibilityTesting AND encryption AND unlimitedWindowSize,0,1.0,1.0,1.0,28
4-wise,302,34,disableCompressibilityTesting = 1 AND encryption = 1 AND unlimitedWindowSize = 1,disableCompressibilityTesting AND encryption AND unlimitedWindowSize,3,1.0,1.0,1.0,28
full,432,54,disableCompressibilityTesting = 1 AND encryption = 1 AND unlimitedWindowSize = 1,disableCompressibilityTesting AND encryption AND unlimitedWindowSize,0,1.0,1.0,1.0,29
random_2,20,2,disableCompressibilityTesting = 1 AND encryption = 1 AND unlimitedWindowSize = 1,NOT compressionGzip AND compressionLrzip AND NOT compressionZpaq AND disableCompressibilityTesting AND level >= 4.00,1,0.5,0.5,0.5,29
random_5,50,6,disableCompressibilityTesting = 1 AND encryption = 1 AND unlimitedWindowSize = 1,compression AND NOT compressionZpaq AND disableCompressibilityTesting AND level >= 4.00 AND unlimitedWindowSize,1,0.6666666666666666,0.6666666666666666,0.6666666666666666,29
random_10,100,14,disableCompressibilityTesting = 1 AND encryption = 1 AND unlimitedWindowSize = 1,NOT compressionLrzip AND NOT compressionZpaq AND disableCompressibilityTesting AND encryption AND unlimitedWindowSize,0,1.0,1.0,1.0,29
random_20,200,24,disableCompressibilityTesting = 1 AND encryption = 1 AND unlimitedWindowSize = 1,NOT compressionZpaq AND disableCompressibilityTesting AND encryption AND unlimitedWindowSize,4,0.9565217391304348,1.0,0.9166666666666666,29
2-wise,55,7,disableCompressibilityTesting = 1 AND encryption = 1 AND unlimitedWindowSize = 1,disableCompressibilityTesting AND encryption AND unlimitedWindowSize,1,1.0,1.0,1.0,29
3-wise,154,21,disableCompressibilityTesting = 1 AND encryption = 1 AND unlimitedWindowSize = 1,disableCompressibilityTesting AND encryption AND unlimitedWindowSize,0,1.0,1.0,1.0,29
4-wise,302,38,disableCompressibilityTesting = 1 AND encryption = 1 AND unlimitedWindowSize = 1,NOT compressionGzip AND disableCompressibilityTesting AND encryption AND unlimitedWindowSize,0,0.898550724637681,1.0,0.8157894736842105,29
full,432,54,disableCompressibilityTesting = 1 AND encryption = 1 AND unlimitedWindowSize = 1,disableCompressibilityTesting AND encryption AND unlimitedWindowSize,1,1.0,1.0,1.0,2
random_2,20,1,disableCompressibilityTesting = 1 AND encryption = 1 AND unlimitedWindowSize = 1,NOT compressionZpaq AND level <= 7.00 AND NOT unlimitedWindowSize,0,0.0,0.0,0.0,2
random_5,50,6,disableCompressibilityTesting = 1 AND encryption = 1 AND unlimitedWindowSize = 1,compression AND disableCompressibilityTesting AND unlimitedWindowSize,3,0.8,0.6666666666666666,1.0,2
random_10,100,13,disableCompressibilityTesting = 1 AND encryption = 1 AND unlimitedWindowSize = 1,disableCompressibilityTesting AND encryption AND unlimitedWindowSize,0,1.0,1.0,1.0,2
random_20,200,24,disableCompressibilityTesting = 1 AND encryption = 1 AND unlimitedWindowSize = 1,disableCompressibilityTesting AND encryption AND unlimitedWindowSize,0,1.0,1.0,1.0,2
2-wise,55,10,disableCompressibilityTesting = 1 AND encryption = 1 AND unlimitedWindowSize = 1,NOT compressionLrzip AND disableCompressibilityTesting AND encryption AND unlimitedWindowSize,3,0.9473684210526316,1.0,0.9,2
3-wise,153,20,disableCompressibilityTesting = 1 AND encryption = 1 AND unlimitedWindowSize = 1,disableCompressibilityTesting AND encryption AND unlimitedWindowSize,1,1.0,1.0,1.0,2
4-wise,294,36,disableCompressibilityTesting = 1 AND encryption = 1 AND unlimitedWindowSize = 1,disableCompressibilityTesting AND encryption AND unlimitedWindowSize,0,1.0,1.0,1.0,2
full,432,54,disableCompressibilityTesting = 1 AND encryption = 1 AND unlimitedWindowSize = 1,disableCompressibilityTesting AND encryption AND unlimitedWindowSize,0,1.0,1.0,1.0,30
random_5,50,4,disableCompressibilityTesting = 1 AND encryption = 1 AND unlimitedWindowSize = 1,NOT compressionBzip2 AND NOT compressionGzip AND disableCompressibilityTesting AND encryption AND level != 1.00,1,0.6153846153846153,0.4444444444444444,1.0,30
random_10,100,14,disableCompressibilityTesting = 1 AND encryption = 1 AND unlimitedWindowSize = 1,disableCompressibilityTesting AND encryption AND unlimitedWindowSize,0,1.0,1.0,1.0,30
random_20,200,24,disableCompressibilityTesting = 1 AND encryption = 1 AND unlimitedWindowSize = 1,NOT disableCompressibilityTesting AND encryption AND unlimitedWindowSize,1,1.0,1.0,1.0,30
2-wise,56,5,disableCompressibilityTesting = 1 AND encryption = 1 AND unlimitedWindowSize = 1,NOT compressionBzip2 AND disableCompressibilityTesting AND encryption,1,0.6666666666666666,0.5,1.0,30
3-wise,157,19,disableCompressibilityTesting = 1 AND encryption = 1 AND unlimitedWindowSize = 1,disableCompressibilityTesting AND encryption AND unlimitedWindowSize,2,1.0,1.0,1.0,30
4-wise,291,40,disableCompressibilityTesting = 1 AND encryption = 1 AND unlimitedWindowSize = 1,disableCompressibilityTesting AND encryption AND unlimitedWindowSize,2,1.0,1.0,1.0,30
full,432,54,disableCompressibilityTesting = 1 AND encryption = 1 AND unlimitedWindowSize = 1,disableCompressibilityTesting AND encryption AND unlimitedWindowSize,0,1.0,1.0,1.0,31
random_2,20,2,disableCompressibilityTesting = 1 AND encryption = 1 AND unlimitedWindowSize = 1,compression AND NOT compressionGzip AND NOT compressionLrzip AND level >= 3.00,0,0.2222222222222222,0.1428571428571428,0.5,31
random_5,50,6,disableCompressibilityTesting = 1 AND encryption = 1 AND unlimitedWindowSize = 1,compression AND NOT compressionZpaq AND disableCompressibilityTesting AND encryption AND unlimitedWindowSize,1,1.0,1.0,1.0,31
random_10,100,11,disableCompressibilityTesting = 1 AND encryption = 1 AND unlimitedWindowSize = 1,disableCompressibilityTesting AND level >= 4.00 AND unlimitedWindowSize,1,0.7500000000000001,0.6923076923076923,0.8181818181818182,31
random_20,200,26,disableCompressibilityTesting = 1 AND encryption = 1 AND unlimitedWindowSize = 1,disableCompressibilityTesting AND encryption AND unlimitedWindowSize,0,1.0,1.0,1.0,31
2-wise,56,7,disableCompressibilityTesting = 1 AND encryption = 1 AND unlimitedWindowSize = 1,disableCompressibilityTesting AND encryption AND unlimitedWindowSize,1,1.0,1.0,1.0,31
3-wise,155,16,disableCompressibilityTesting = 1 AND encryption = 1 AND unlimitedWindowSize = 1,disableCompressibilityTesting AND encryption AND unlimitedWindowSize,1,1.0,1.0,1.0,31
4-wise,295,36,disableCompressibilityTesting = 1 AND encryption = 1 AND unlimitedWindowSize = 1,disableCompressibilityTesting AND NOT encryption AND NOT unlimitedWindowSize,0,1.0,1.0,1.0,31
full,432,54,disableCompressibilityTesting = 1 AND encryption = 1 AND unlimitedWindowSize = 1,disableCompressibilityTesting AND encryption AND unlimitedWindowSize,0,1.0,1.0,1.0,32
random_2,20,4,disableCompressibilityTesting = 1 AND encryption = 1 AND unlimitedWindowSize = 1,NOT compressionBzip2 AND disableCompressibilityTesting AND level >= 4.00,2,0.6153846153846153,0.4444444444444444,1.0,32
random_5,50,6,disableCompressibilityTesting = 1 AND encryption = 1 AND unlimitedWindowSize = 1,compression AND NOT compressionGzip AND disableCompressibilityTesting AND unlimitedWindowSize,1,0.7499999999999999,0.6,1.0,32
random_10,100,10,disableCompressibilityTesting = 1 AND encryption = 1 AND unlimitedWindowSize = 1,NOT compressionLrzip AND NOT compressionZpaq AND disableCompressibilityTesting AND encryption AND unlimitedWindowSize,1,1.0,1.0,1.0,32
random_20,200,24,disableCompressibilityTesting = 1 AND encryption = 1 AND unlimitedWindowSize = 1,disableCompressibilityTesting AND encryption AND unlimitedWindowSize,2,1.0,1.0,1.0,32
2-wise,55,8,disableCompressibilityTesting = 1 AND encryption = 1 AND unlimitedWindowSize = 1,disableCompressibilityTesting AND encryption AND unlimitedWindowSize,1,1.0,1.0,1.0,32
3-wise,151,17,disableCompressibilityTesting = 1 AND encryption = 1 AND unlimitedWindowSize = 1,disableCompressibilityTesting AND encryption AND unlimitedWindowSize,4,1.0,1.0,1.0,32
4-wise,302,40,disableCompressibilityTesting = 1 AND encryption = 1 AND unlimitedWindowSize = 1,disableCompressibilityTesting AND encryption AND unlimitedWindowSize,0,1.0,1.0,1.0,32
full,432,54,disableCompressibilityTesting = 1 AND encryption = 1 AND unlimitedWindowSize = 1,disableCompressibilityTesting AND encryption AND unlimitedWindowSize,0,1.0,1.0,1.0,33
random_2,20,3,disableCompressibilityTesting = 1 AND encryption = 1 AND unlimitedWindowSize = 1,compression AND NOT compressionLrzip AND disableCompressibilityTesting AND encryption AND level >= 7.00,2,0.8,1.0,0.6666666666666666,33
random_5,50,6,disableCompressibilityTesting = 1 AND encryption = 1 AND unlimitedWindowSize = 1,compressionGzip AND encryption AND level >= 5.00,4,0.4,0.5,0.3333333333333333,33
random_10,100,14,disableCompressibilityTesting = 1 AND encryption = 1 AND unlimitedWindowSize = 1,NOT compressionGzip AND disableCompressibilityTesting AND encryption AND unlimitedWindowSize,4,0.923076923076923,1.0,0.8571428571428571,33
random_20,200,23,disableCompressibilityTesting = 1 AND encryption = 1 AND unlimitedWindowSize = 1,disableCompressibilityTesting AND encryption AND unlimitedWindowSize,0,1.0,1.0,1.0,33
3-wise,161,13,disableCompressibilityTesting = 1 AND encryption = 1 AND unlimitedWindowSize = 1,NOT compressionBzip2 AND disableCompressibilityTesting AND encryption AND unlimitedWindowSize,0,1.0,1.0,1.0,33
4-wise,295,37,disableCompressibilityTesting = 1 AND encryption = 1 AND unlimitedWindowSize = 1,disableCompressibilityTesting AND encryption AND unlimitedWindowSize,0,1.0,1.0,1.0,33
full,432,54,disableCompressibilityTesting = 1 AND encryption = 1 AND unlimitedWindowSize = 1,disableCompressibilityTesting AND encryption AND unlimitedWindowSize,1,1.0,1.0,1.0,34
random_2,20,2,disableCompressibilityTesting = 1 AND encryption = 1 AND unlimitedWindowSize = 1,NOT compressionBzip2 AND NOT compressionGzip AND disableCompressibilityTesting AND encryption,3,0.6666666666666666,0.5,1.0,34
random_5,50,9,disableCompressibilityTesting = 1 AND encryption = 1 AND unlimitedWindowSize = 1,NOT compressionGzip AND disableCompressibilityTesting AND encryption AND unlimitedWindowSize,0,1.0,1.0,1.0,34
random_10,100,12,disableCompressibilityTesting = 1 AND encryption = 1 AND unlimitedWindowSize = 1,disableCompressibilityTesting AND encryption AND unlimitedWindowSize,1,1.0,1.0,1.0,34
random_20,200,24,disableCompressibilityTesting = 1 AND encryption = 1 AND unlimitedWindowSize = 1,disableCompressibilityTesting AND encryption AND unlimitedWindowSize,1,1.0,1.0,1.0,34
2-wise,57,11,disableCompressibilityTesting = 1 AND encryption = 1 AND unlimitedWindowSize = 1,NOT compressionLzo AND NOT compressionZpaq AND disableCompressibilityTesting AND encryption AND level >= 2.00,1,0.6666666666666667,0.6153846153846154,0.7272727272727273,34
3-wise,164,23,disableCompressibilityTesting = 1 AND encryption = 1 AND unlimitedWindowSize = 1,disableCompressibilityTesting AND encryption AND unlimitedWindowSize,1,1.0,1.0,1.0,34
4-wise,296,40,disableCompressibilityTesting = 1 AND encryption = 1 AND unlimitedWindowSize = 1,disableCompressibilityTesting AND encryption AND unlimitedWindowSize,3,1.0,1.0,1.0,34
random_2,20,5,disableCompressibilityTesting = 1 AND encryption = 1 AND unlimitedWindowSize = 1,NOT compressionLzo AND NOT compressionZpaq AND encryption AND unlimitedWindowSize,0,0.888888888888889,1.0,0.8,35
random_5,50,7,disableCompressibilityTesting = 1 AND encryption = 1 AND unlimitedWindowSize = 1,disableCompressibilityTesting AND encryption AND unlimitedWindowSize,0,1.0,1.0,1.0,35
random_10,100,9,disableCompressibilityTesting = 1 AND encryption = 1 AND unlimitedWindowSize = 1,disableCompressibilityTesting AND encryption AND unlimitedWindowSize,0,1.0,1.0,1.0,35
random_20,200,30,disableCompressibilityTesting = 1 AND encryption = 1 AND unlimitedWindowSize = 1,disableCompressibilityTesting AND encryption AND NOT unlimitedWindowSize,0,1.0,1.0,1.0,35
2-wise,57,11,disableCompressibilityTesting = 1 AND encryption = 1 AND unlimitedWindowSize = 1,disableCompressibilityTesting AND encryption AND unlimitedWindowSize,4,1.0,1.0,1.0,35
3-wise,156,24,disableCompressibilityTesting = 1 AND encryption = 1 AND unlimitedWindowSize = 1,disableCompressibilityTesting AND encryption AND unlimitedWindowSize,4,1.0,1.0,1.0,35
4-wise,292,42,disableCompressibilityTesting = 1 AND encryption = 1 AND unlimitedWindowSize = 1,disableCompressibilityTesting AND encryption AND unlimitedWindowSize,0,1.0,1.0,1.0,35
full,432,54,disableCompressibilityTesting = 1 AND encryption = 1 AND unlimitedWindowSize = 1,disableCompressibilityTesting AND encryption AND unlimitedWindowSize,0,1.0,1.0,1.0,36
random_2,20,3,disableCompressibilityTesting = 1 AND encryption = 1 AND unlimitedWindowSize = 1,compression AND compressionBzip2 AND NOT compressionLzo,0,0.5714285714285715,0.5,0.6666666666666666,36
random_5,50,5,disableCompressibilityTesting = 1 AND encryption = 1 AND unlimitedWindowSize = 1,compression AND NOT compressionGzip AND compressionLzo AND disableCompressibilityTesting AND encryption,2,0.25,0.3333333333333333,0.2,36
random_10,100,16,disableCompressibilityTesting = 1 AND encryption = 1 AND unlimitedWindowSize = 1,disableCompressibilityTesting AND encryption AND unlimitedWindowSize,0,1.0,1.0,1.0,36
random_20,200,28,disableCompressibilityTesting = 1 AND encryption = 1 AND unlimitedWindowSize = 1,disableCompressibilityTesting AND encryption AND unlimitedWindowSize,0,1.0,1.0,1.0,36
2-wise,58,8,disableCompressibilityTesting = 1 AND encryption = 1 AND unlimitedWindowSize = 1,NOT compressionGzip AND NOT compressionZpaq AND encryption AND unlimitedWindowSize,1,0.5454545454545454,0.4285714285714285,0.75,36
3-wise,152,17,disableCompressibilityTesting = 1 AND encryption = 1 AND unlimitedWindowSize = 1,disableCompressibilityTesting AND NOT encryption AND unlimitedWindowSize,0,1.0,1.0,1.0,36
4-wise,289,37,disableCompressibilityTesting = 1 AND encryption = 1 AND unlimitedWindowSize = 1,NOT disableCompressibilityTesting AND encryption AND unlimitedWindowSize,0,1.0,1.0,1.0,36
full,432,54,disableCompressibilityTesting = 1 AND encryption = 1 AND unlimitedWindowSize = 1,disableCompressibilityTesting AND encryption AND unlimitedWindowSize,4,1.0,1.0,1.0,37
random_2,20,3,disableCompressibilityTesting = 1 AND encryption = 1 AND unlimitedWindowSize = 1,compression AND compressionLrzip,2,0.2857142857142857,0.25,0.3333333333333333,37
random_5,50,5,disableCompressibilityTesting = 1 AND encryption = 1 AND unlimitedWindowSize = 1,disableCompressibilityTesting AND encryption AND unlimitedWindowSize,2,1.0,1.0,1.0,37
random_10,100,13,disableCompressibilityTesting = 1 AND encryption = 1 AND unlimitedWindowSize = 1,NOT compressionLrzip AND disableCompressibilityTesting AND encryption AND unlimitedWindowSize,2,0.9166666666666666,1.0,0.8461538461538461,37
random_20,200,23,disableCompressibilityTesting = 1 AND encryption = 1 AND unlimitedWindowSize = 1,compression AND disableCompressibilityTesting AND encryption AND unlimitedWindowSize,1,0.9545454545454544,1.0,0.9130434782608696,37
2-wise,55,2,disableCompressibilityTesting = 1 AND encryption = 1 AND unlimitedWindowSize = 1,NOT compression AND NOT unlimitedWindowSize,0,0.0,0.0,0.0,37
3-wise,155,15,disableCompressibilityTesting = 1 AND encryption = 1 AND unlimitedWindowSize = 1,disableCompressibilityTesting AND encryption AND unlimitedWindowSize,4,1.0,1.0,1.0,37
4-wise,299,38,disableCompressibilityTesting = 1 AND encryption = 1 AND unlimitedWindowSize = 1,disableCompressibilityTesting AND encryption AND unlimitedWindowSize,0,1.0,1.0,1.0,37
full,432,54,disableCompressibilityTesting = 1 AND encryption = 1 AND unlimitedWindowSize = 1,disableCompressibilityTesting AND encryption AND unlimitedWindowSize,2,1.0,1.0,1.0,38
random_2,20,2,disableCompressibilityTesting = 1 AND encryption = 1 AND unlimitedWindowSize = 1,compression AND NOT compressionLzo AND disableCompressibilityTesting,1,0.5714285714285715,0.4,1.0,38
random_5,50,4,disableCompressibilityTesting = 1 AND encryption = 1 AND unlimitedWindowSize = 1,compression AND compressionLzo AND level >= 4.00,1,0.1818181818181818,0.1428571428571428,0.25,38
random_10,100,12,disableCompressibilityTesting = 1 AND encryption = 1 AND unlimitedWindowSize = 1,disableCompressibilityTesting AND encryption AND unlimitedWindowSize,1,1.0,1.0,1.0,38
random_20,200,24,disableCompressibilityTesting = 1 AND encryption = 1 AND unlimitedWindowSize = 1,encryption AND level != 9.00 AND unlimitedWindowSize,2,0.638888888888889,0.4791666666666667,0.9583333333333334,38
2-wise,56,2,disableCompressibilityTesting = 1 AND encryption = 1 AND unlimitedWindowSize = 1,compressionLrzip,1,0.1818181818181818,0.1111111111111111,0.5,38
3-wise,162,16,disableCompressibilityTesting = 1 AND encryption = 1 AND unlimitedWindowSize = 1,compression AND NOT compressionLzo AND disableCompressibilityTesting,0,0.3768115942028985,0.2452830188679245,0.8125,38
4-wise,302,36,disableCompressibilityTesting = 1 AND encryption = 1 AND unlimitedWindowSize = 1,disableCompressibilityTesting AND encryption AND unlimitedWindowSize,0,1.0,1.0,1.0,38
full,432,54,disableCompressibilityTesting = 1 AND encryption = 1 AND unlimitedWindowSize = 1,disableCompressibilityTesting AND encryption AND unlimitedWindowSize,0,1.0,1.0,1.0,39
random_2,20,5,disableCompressibilityTesting = 1 AND encryption = 1 AND unlimitedWindowSize = 1,compression AND NOT compressionBzip2 AND NOT compressionZpaq AND unlimitedWindowSize,2,0.6666666666666666,0.5714285714285714,0.8,39
random_5,50,7,disableCompressibilityTesting = 1 AND encryption = 1 AND unlimitedWindowSize = 1,encryption AND level != 1.00,3,0.375,0.24,0.8571428571428571,39
random_10,100,15,disableCompressibilityTesting = 1 AND encryption = 1 AND unlimitedWindowSize = 1,disableCompressibilityTesting AND encryption AND unlimitedWindowSize,2,1.0,1.0,1.0,39
random_20,200,23,disableCompressibilityTesting = 1 AND encryption = 1 AND unlimitedWindowSize = 1,NOT compressionBzip2 AND encryption,0,0.3636363636363636,0.2298850574712643,0.8695652173913043,39
2-wise,54,6,disableCompressibilityTesting = 1 AND encryption = 1 AND unlimitedWindowSize = 1,NOT compressionBzip2 AND disableCompressibilityTesting AND encryption AND unlimitedWindowSize,4,1.0,1.0,1.0,39
3-wise,162,21,disableCompressibilityTesting = 1 AND encryption = 1 AND unlimitedWindowSize = 1,disableCompressibilityTesting AND encryption AND unlimitedWindowSize,3,1.0,1.0,1.0,39
4-wise,286,33,disableCompressibilityTesting = 1 AND encryption = 1 AND unlimitedWindowSize = 1,disableCompressibilityTesting AND encryption AND unlimitedWindowSize,0,1.0,1.0,1.0,39
full,432,54,disableCompressibilityTesting = 1 AND encryption = 1 AND unlimitedWindowSize = 1,disableCompressibilityTesting AND encryption AND unlimitedWindowSize,2,1.0,1.0,1.0,3
random_5,50,9,disableCompressibilityTesting = 1 AND encryption = 1 AND unlimitedWindowSize = 1,disableCompressibilityTesting AND encryption AND unlimitedWindowSize,2,1.0,1.0,1.0,3
random_10,100,11,disableCompressibilityTesting = 1 AND encryption = 1 AND unlimitedWindowSize = 1,disableCompressibilityTesting AND encryption AND unlimitedWindowSize,0,1.0,1.0,1.0,3
random_20,200,32,disableCompressibilityTesting = 1 AND encryption = 1 AND unlimitedWindowSize = 1,disableCompressibilityTesting AND encryption AND unlimitedWindowSize,0,1.0,1.0,1.0,3
2-wise,56,8,disableCompressibilityTesting = 1 AND encryption = 1 AND unlimitedWindowSize = 1,disableCompressibilityTesting AND encryption AND unlimitedWindowSize,1,1.0,1.0,1.0,3
3-wise,160,18,disableCompressibilityTesting = 1 AND encryption = 1 AND unlimitedWindowSize = 1,compression AND NOT compressionLrzip AND disableCompressibilityTesting AND encryption AND unlimitedWindowSize,3,0.9090909090909092,1.0,0.8333333333333334,3
4-wise,297,37,disableCompressibilityTesting = 1 AND encryption = 1 AND unlimitedWindowSize = 1,disableCompressibilityTesting AND encryption AND unlimitedWindowSize,0,1.0,1.0,1.0,3
full,432,54,disableCompressibilityTesting = 1 AND encryption = 1 AND unlimitedWindowSize = 1,disableCompressibilityTesting AND encryption AND unlimitedWindowSize,0,1.0,1.0,1.0,40
random_2,20,2,disableCompressibilityTesting = 1 AND encryption = 1 AND unlimitedWindowSize = 1,compression AND NOT compressionBzip2 AND NOT compressionGzip AND level >= 4.00,0,0.0,0.0,0.0,40
random_5,50,5,disableCompressibilityTesting = 1 AND encryption = 1 AND unlimitedWindowSize = 1,compression AND disableCompressibilityTesting AND encryption AND unlimitedWindowSize,1,1.0,1.0,1.0,40
random_10,100,10,disableCompressibilityTesting = 1 AND encryption = 1 AND unlimitedWindowSize = 1,compression AND NOT compressionLrzip AND NOT compressionZpaq AND unlimitedWindowSize,0,0.3333333333333333,0.25,0.5,40
random_20,200,28,disableCompressibilityTesting = 1 AND encryption = 1 AND unlimitedWindowSize = 1,NOT disableCompressibilityTesting AND encryption AND unlimitedWindowSize,1,1.0,1.0,1.0,40
2-wise,55,5,disableCompressibilityTesting = 1 AND encryption = 1 AND unlimitedWindowSize = 1,compression AND compressionLzo AND disableCompressibilityTesting AND unlimitedWindowSize,2,0.5714285714285715,1.0,0.4,40
3-wise,164,16,disableCompressibilityTesting = 1 AND encryption = 1 AND unlimitedWindowSize = 1,NOT compressionGzip AND disableCompressibilityTesting AND encryption AND unlimitedWindowSize,4,1.0,1.0,1.0,40
4-wise,302,40,disableCompressibilityTesting = 1 AND encryption = 1 AND unlimitedWindowSize = 1,disableCompressibilityTesting AND encryption AND unlimitedWindowSize,0,1.0,1.0,1.0,40
full,432,54,disableCompressibilityTesting = 1 AND encryption = 1 AND unlimitedWindowSize = 1,disableCompressibilityTesting AND encryption AND unlimitedWindowSize,0,1.0,1.0,1.0,41
random_2,20,2,disableCompressibilityTesting = 1 AND encryption = 1 AND unlimitedWindowSize = 1,NOT compressionLrzip AND disableCompressibilityTesting AND encryption AND unlimitedWindowSize,1,1.0,1.0,1.0,41
random_5,50,8,disableCompressibilityTesting = 1 AND encryption = 1 AND unlimitedWindowSize = 1,compression AND disableCompressibilityTesting AND encryption AND unlimitedWindowSize,0,1.0,1.0,1.0,41
random_10,100,15,disableCompressibilityTesting = 1 AND encryption = 1 AND unlimitedWindowSize = 1,compression AND disableCompressibilityTesting AND encryption AND unlimitedWindowSize,0,1.0,1.0,1.0,41
random_20,200,23,disableCompressibilityTesting = 1 AND encryption = 1 AND unlimitedWindowSize = 1,disableCompressibilityTesting AND encryption AND unlimitedWindowSize,0,1.0,1.0,1.0,41
2-wise,55,7,disableCompressibilityTesting = 1 AND encryption = 1 AND unlimitedWindowSize = 1,disableCompressibilityTesting AND encryption AND unlimitedWindowSize,4,1.0,1.0,1.0,41
3-wise,159,24,disableCompressibilityTesting = 1 AND encryption = 1 AND unlimitedWindowSize = 1,disableCompressibilityTesting AND NOT encryption AND unlimitedWindowSize,1,1.0,1.0,1.0,41
4-wise,297,34,disableCompressibilityTesting = 1 AND encryption = 1 AND unlimitedWindowSize = 1,disableCompressibilityTesting AND encryption AND unlimitedWindowSize,2,1.0,1.0,1.0,41
full,432,54,disableCompressibilityTesting = 1 AND encryption = 1 AND unlimitedWindowSize = 1,disableCompressibilityTesting AND encryption AND unlimitedWindowSize,0,1.0,1.0,1.0,42
random_2,20,2,disableCompressibilityTesting = 1 AND encryption = 1 AND unlimitedWindowSize = 1,NOT compressionGzip AND NOT compressionLzo AND encryption AND level != 1.00,2,0.2857142857142857,0.2,0.5,42
random_5,50,5,disableCompressibilityTesting = 1 AND encryption = 1 AND unlimitedWindowSize = 1,compression AND encryption AND level >= 2.00 AND unlimitedWindowSize,1,0.2666666666666666,0.2,0.4,42
random_10,100,15,disableCompressibilityTesting = 1 AND encryption = 1 AND unlimitedWindowSize = 1,disableCompressibilityTesting AND encryption AND unlimitedWindowSize,2,1.0,1.0,1.0,42
random_20,200,25,disableCompressibilityTesting = 1 AND encryption = 1 AND unlimitedWindowSize = 1,disableCompressibilityTesting AND encryption AND unlimitedWindowSize,2,1.0,1.0,1.0,42
2-wise,55,5,disableCompressibilityTesting = 1 AND encryption = 1 AND unlimitedWindowSize = 1,NOT compressionGzip AND level >= 3.00 AND unlimitedWindowSize,2,0.3636363636363636,0.2352941176470588,0.8,42
3-wise,154,17,disableCompressibilityTesting = 1 AND encryption = 1 AND unlimitedWindowSize = 1,disableCompressibilityTesting AND encryption AND unlimitedWindowSize,2,1.0,1.0,1.0,42
4-wise,301,34,disableCompressibilityTesting = 1 AND encryption = 1 AND unlimitedWindowSize = 1,disableCompressibilityTesting AND unlimitedWindowSize,0,0.6355140186915887,0.4657534246575342,1.0,42
full,432,54,disableCompressibilityTesting = 1 AND encryption = 1 AND unlimitedWindowSize = 1,disableCompressibilityTesting AND encryption AND unlimitedWindowSize,0,1.0,1.0,1.0,43
random_2,20,1,disableCompressibilityTesting = 1 AND encryption = 1 AND unlimitedWindowSize = 1,NOT compressionGzip AND encryption,0,0.1818181818181818,0.1,1.0,43
random_5,50,9,disableCompressibilityTesting = 1 AND encryption = 1 AND unlimitedWindowSize = 1,disableCompressibilityTesting AND encryption AND unlimitedWindowSize,1,1.0,1.0,1.0,43
random_10,100,10,disableCompressibilityTesting = 1 AND encryption = 1 AND unlimitedWindowSize = 1,disableCompressibilityTesting AND encryption AND unlimitedWindowSize,1,1.0,1.0,1.0,43
random_20,200,25,disableCompressibilityTesting = 1 AND encryption = 1 AND unlimitedWindowSize = 1,disableCompressibilityTesting AND encryption AND unlimitedWindowSize,1,1.0,1.0,1.0,43
2-wise,54,10,disableCompressibilityTesting = 1 AND encryption = 1 AND unlimitedWindowSize = 1,disableCompressibilityTesting AND encryption AND unlimitedWindowSize,1,1.0,1.0,1.0,43
3-wise,147,19,disableCompressibilityTesting = 1 AND encryption = 1 AND unlimitedWindowSize = 1,NOT compressionLrzip AND disableCompressibilityTesting AND encryption AND unlimitedWindowSize,0,1.0,1.0,1.0,43
4-wise,310,40,disableCompressibilityTesting = 1 AND encryption = 1 AND unlimitedWindowSize = 1,disableCompressibilityTesting AND encryption AND unlimitedWindowSize,0,1.0,1.0,1.0,43
full,432,54,disableCompressibilityTesting = 1 AND encryption = 1 AND unlimitedWindowSize = 1,disableCompressibilityTesting AND encryption AND unlimitedWindowSize,2,1.0,1.0,1.0,44
random_2,20,2,disableCompressibilityTesting = 1 AND encryption = 1 AND unlimitedWindowSize = 1,compression AND NOT compressionGzip AND encryption AND unlimitedWindowSize,0,0.6666666666666666,0.5,1.0,44
random_5,50,9,disableCompressibilityTesting = 1 AND encryption = 1 AND unlimitedWindowSize = 1,disableCompressibilityTesting AND encryption AND unlimitedWindowSize,1,1.0,1.0,1.0,44
random_10,100,12,disableCompressibilityTesting = 1 AND encryption = 1 AND unlimitedWindowSize = 1,disableCompressibilityTesting AND encryption AND unlimitedWindowSize,1,1.0,1.0,1.0,44
random_20,200,23,disableCompressibilityTesting = 1 AND encryption = 1 AND unlimitedWindowSize = 1,disableCompressibilityTesting AND encryption AND unlimitedWindowSize,0,1.0,1.0,1.0,44
2-wise,54,10,disableCompressibilityTesting = 1 AND encryption = 1 AND unlimitedWindowSize = 1,disableCompressibilityTesting AND encryption AND unlimitedWindowSize,1,1.0,1.0,1.0,44
3-wise,160,19,disableCompressibilityTesting = 1 AND encryption = 1 AND unlimitedWindowSize = 1,compression AND NOT compressionLzo AND disableCompressibilityTesting AND unlimitedWindowSize,3,0.6341463414634148,0.5909090909090909,0.6842105263157895,44
4-wise,294,34,disableCompressibilityTesting = 1 AND encryption = 1 AND unlimitedWindowSize = 1,NOT compressionBzip2 AND disableCompressibilityTesting AND encryption AND unlimitedWindowSize,0,0.9696969696969696,1.0,0.9411764705882352,44
full,432,54,disableCompressibilityTesting = 1 AND encryption = 1 AND unlimitedWindowSize = 1,disableCompressibilityTesting AND encryption AND unlimitedWindowSize,0,1.0,1.0,1.0,45
random_2,20,1,disableCompressibilityTesting = 1 AND encryption = 1 AND unlimitedWindowSize = 1,NOT compressionLrzip AND NOT compressionLzo AND NOT encryption,0,0.0,0.0,0.0,45
random_5,50,2,disableCompressibilityTesting = 1 AND encryption = 1 AND unlimitedWindowSize = 1,NOT compressionLzo AND NOT compressionZpaq AND disableCompressibilityTesting AND level >= 2.00,1,0.25,0.1428571428571428,1.0,45
random_10,100,11,disableCompressibilityTesting = 1 AND encryption = 1 AND unlimitedWindowSize = 1,NOT compressionLrzip AND disableCompressibilityTesting AND encryption AND unlimitedWindowSize,0,0.9523809523809524,1.0,0.9090909090909092,45
random_20,200,31,disableCompressibilityTesting = 1 AND encryption = 1 AND unlimitedWindowSize = 1,disableCompressibilityTesting AND encryption AND unlimitedWindowSize,0,1.0,1.0,1.0,45
2-wise,55,4,disableCompressibilityTesting = 1 AND encryption = 1 AND unlimitedWindowSize = 1,compression AND NOT compressionLrzip AND disableCompressibilityTesting AND encryption AND unlimitedWindowSize,3,1.0,1.0,1.0,45
3-wise,152,18,disableCompressibilityTesting = 1 AND encryption = 1 AND unlimitedWindowSize = 1,disableCompressibilityTesting AND encryption AND unlimitedWindowSize,0,1.0,1.0,1.0,45
4-wise,289,34,disableCompressibilityTesting = 1 AND encryption = 1 AND unlimitedWindowSize = 1,disableCompressibilityTesting AND encryption AND unlimitedWindowSize,0,1.0,1.0,1.0,45
full,432,54,disableCompressibilityTesting = 1 AND encryption = 1 AND unlimitedWindowSize = 1,disableCompressibilityTesting AND encryption AND unlimitedWindowSize,0,1.0,1.0,1.0,46
random_2,20,1,disableCompressibilityTesting = 1 AND encryption = 1 AND unlimitedWindowSize = 1,compressionBzip2 AND encryption,2,1.0,1.0,1.0,46
random_5,50,4,disableCompressibilityTesting = 1 AND encryption = 1 AND unlimitedWindowSize = 1,NOT compressionGzip AND NOT compressionLrzip AND NOT compressionZpaq AND encryption AND unlimitedWindowSize,4,0.7272727272727273,0.5714285714285714,1.0,46
random_10,100,13,disableCompressibilityTesting = 1 AND encryption = 1 AND unlimitedWindowSize = 1,disableCompressibilityTesting AND encryption AND unlimitedWindowSize,2,1.0,1.0,1.0,46
random_20,200,25,disableCompressibilityTesting = 1 AND encryption = 1 AND unlimitedWindowSize = 1,disableCompressibilityTesting AND encryption AND unlimitedWindowSize,0,1.0,1.0,1.0,46
2-wise,56,5,disableCompressibilityTesting = 1 AND encryption = 1 AND unlimitedWindowSize = 1,NOT compression AND NOT compressionBzip2 AND NOT encryption AND level >= 2.00,0,0.0,0.0,0.0,46
3-wise,149,14,disableCompressibilityTesting = 1 AND encryption = 1 AND unlimitedWindowSize = 1,disableCompressibilityTesting AND encryption AND unlimitedWindowSize,0,1.0,1.0,1.0,46
4-wise,303,37,disableCompressibilityTesting = 1 AND encryption = 1 AND unlimitedWindowSize = 1,NOT compressionBzip2 AND disableCompressibilityTesting AND encryption AND unlimitedWindowSize,4,0.927536231884058,1.0,0.8648648648648649,46
full,432,54,disableCompressibilityTesting = 1 AND encryption = 1 AND unlimitedWindowSize = 1,disableCompressibilityTesting AND encryption AND unlimitedWindowSize,0,1.0,1.0,1.0,47
random_2,20,2,disableCompressibilityTesting = 1 AND encryption = 1 AND unlimitedWindowSize = 1,compression AND NOT compressionLzo AND NOT disableCompressibilityTesting AND encryption AND level >= 4.00,0,0.0,0.0,0.0,47
random_5,50,4,disableCompressibilityTesting = 1 AND encryption = 1 AND unlimitedWindowSize = 1,NOT compressionBzip2 AND NOT compressionLzo AND NOT compressionZpaq AND level >= 2.00 AND unlimitedWindowSize,1,0.4615384615384615,0.3333333333333333,0.75,47
random_10,100,16,disableCompressibilityTesting = 1 AND encryption = 1 AND unlimitedWindowSize = 1,disableCompressibilityTesting AND encryption AND unlimitedWindowSize,0,1.0,1.0,1.0,47
random_20,200,21,disableCompressibilityTesting = 1 AND encryption = 1 AND unlimitedWindowSize = 1,NOT disableCompressibilityTesting AND encryption AND unlimitedWindowSize,1,1.0,1.0,1.0,47
2-wise,56,7,disableCompressibilityTesting = 1 AND encryption = 1 AND unlimitedWindowSize = 1,compressionZpaq AND unlimitedWindowSize,1,0.7692307692307692,0.8333333333333334,0.7142857142857143,47
3-wise,161,17,disableCompressibilityTesting = 1 AND encryption = 1 AND unlimitedWindowSize = 1,disableCompressibilityTesting AND encryption AND unlimitedWindowSize,1,1.0,1.0,1.0,47
4-wise,295,38,disableCompressibilityTesting = 1 AND encryption = 1 AND unlimitedWindowSize = 1,disableCompressibilityTesting AND encryption AND unlimitedWindowSize,0,1.0,1.0,1.0,47
full,432,54,disableCompressibilityTesting = 1 AND encryption = 1 AND unlimitedWindowSize = 1,disableCompressibilityTesting AND encryption AND unlimitedWindowSize,0,1.0,1.0,1.0,48
random_2,20,1,disableCompressibilityTesting = 1 AND encryption = 1 AND unlimitedWindowSize = 1,compression AND NOT compressionLrzip AND NOT compressionLzo AND level >= 4.00,2,0.2857142857142857,0.1666666666666666,1.0,48
random_5,50,5,disableCompressibilityTesting = 1 AND encryption = 1 AND unlimitedWindowSize = 1,NOT compressionLrzip AND NOT compressionLzo AND disableCompressibilityTesting AND unlimitedWindowSize,2,0.7692307692307693,0.625,1.0,48
random_10,100,14,disableCompressibilityTesting = 1 AND encryption = 1 AND unlimitedWindowSize = 1,disableCompressibilityTesting AND encryption AND unlimitedWindowSize,0,1.0,1.0,1.0,48
random_20,200,30,disableCompressibilityTesting = 1 AND encryption = 1 AND unlimitedWindowSize = 1,disableCompressibilityTesting AND encryption AND unlimitedWindowSize,0,1.0,1.0,1.0,48
2-wise,55,4,disableCompressibilityTesting = 1 AND encryption = 1 AND unlimitedWindowSize = 1,compression AND disableCompressibilityTesting AND encryption AND unlimitedWindowSize,0,1.0,1.0,1.0,48
3-wise,155,14,disableCompressibilityTesting = 1 AND encryption = 1 AND unlimitedWindowSize = 1,NOT compressionBzip2 AND NOT compressionZpaq AND disableCompressibilityTesting AND encryption AND unlimitedWindowSize,2,0.962962962962963,1.0,0.9285714285714286,48
4-wise,301,37,disableCompressibilityTesting = 1 AND encryption = 1 AND unlimitedWindowSize = 1,disableCompressibilityTesting AND NOT encryption AND unlimitedWindowSize,0,1.0,1.0,1.0,48
full,432,54,disableCompressibilityTesting = 1 AND encryption = 1 AND unlimitedWindowSize = 1,disableCompressibilityTesting AND encryption AND unlimitedWindowSize,0,1.0,1.0,1.0,49
random_2,20,2,disableCompressibilityTesting = 1 AND encryption = 1 AND unlimitedWindowSize = 1,NOT compressionBzip2 AND NOT compressionLrzip AND NOT compressionZpaq AND NOT encryption AND NOT unlimitedWindowSize,0,0.0,0.0,0.0,49
random_5,50,3,disableCompressibilityTesting = 1 AND encryption = 1 AND unlimitedWindowSize = 1,compressionLrzip AND disableCompressibilityTesting AND level >= 2.00,1,0.3333333333333333,0.3333333333333333,0.3333333333333333,49
random_10,100,10,disableCompressibilityTesting = 1 AND encryption = 1 AND unlimitedWindowSize = 1,NOT compressionLzo AND disableCompressibilityTesting AND encryption AND unlimitedWindowSize,1,1.0,1.0,1.0,49
random_20,200,28,disableCompressibilityTesting = 1 AND encryption = 1 AND unlimitedWindowSize = 1,disableCompressibilityTesting AND encryption AND unlimitedWindowSize,2,1.0,1.0,1.0,49
2-wise,55,5,disableCompressibilityTesting = 1 AND encryption = 1 AND unlimitedWindowSize = 1,compression AND compressionBzip2 AND NOT compressionGzip AND NOT compressionZpaq AND disableCompressibilityTesting AND encryption,4,0.5,0.6666666666666666,0.4,49
3-wise,162,26,disableCompressibilityTesting = 1 AND encryption = 1 AND unlimitedWindowSize = 1,disableCompressibilityTesting AND encryption AND unlimitedWindowSize,0,1.0,1.0,1.0,49
4-wise,311,42,disableCompressibilityTesting = 1 AND encryption = 1 AND unlimitedWindowSize = 1,disableCompressibilityTesting AND encryption AND unlimitedWindowSize,1,1.0,1.0,1.0,49
full,432,54,disableCompressibilityTesting = 1 AND encryption = 1 AND unlimitedWindowSize = 1,disableCompressibilityTesting AND encryption AND unlimitedWindowSize,0,1.0,1.0,1.0,4
random_2,20,4,disableCompressibilityTesting = 1 AND encryption = 1 AND unlimitedWindowSize = 1,compression AND disableCompressibilityTesting AND encryption AND unlimitedWindowSize,1,1.0,1.0,1.0,4
random_5,50,9,disableCompressibilityTesting = 1 AND encryption = 1 AND unlimitedWindowSize = 1,NOT compressionBzip2 AND NOT compressionZpaq AND disableCompressibilityTesting AND encryption AND unlimitedWindowSize,4,0.9411764705882352,1.0,0.8888888888888888,4
random_10,100,16,disableCompressibilityTesting = 1 AND encryption = 1 AND unlimitedWindowSize = 1,disableCompressibilityTesting AND encryption AND unlimitedWindowSize,2,1.0,1.0,1.0,4
random_20,200,26,disableCompressibilityTesting = 1 AND encryption = 1 AND unlimitedWindowSize = 1,disableCompressibilityTesting AND encryption AND unlimitedWindowSize,0,1.0,1.0,1.0,4
2-wise,55,13,disableCompressibilityTesting = 1 AND encryption = 1 AND unlimitedWindowSize = 1,NOT compressionZpaq AND disableCompressibilityTesting AND encryption AND unlimitedWindowSize,2,1.0,1.0,1.0,4
3-wise,162,28,disableCompressibilityTesting = 1 AND encryption = 1 AND unlimitedWindowSize = 1,disableCompressibilityTesting AND encryption AND unlimitedWindowSize,0,1.0,1.0,1.0,4
4-wise,286,38,disableCompressibilityTesting = 1 AND encryption = 1 AND unlimitedWindowSize = 1,NOT compressionLzo AND disableCompressibilityTesting AND encryption AND unlimitedWindowSize,0,0.9295774647887324,1.0,0.868421052631579,4
full,432,54,disableCompressibilityTesting = 1 AND encryption = 1 AND unlimitedWindowSize = 1,disableCompressibilityTesting AND encryption AND unlimitedWindowSize,2,1.0,1.0,1.0,50
random_2,20,2,disableCompressibilityTesting = 1 AND encryption = 1 AND unlimitedWindowSize = 1,NOT compression,0,0.0,0.0,0.0,50
random_5,50,9,disableCompressibilityTesting = 1 AND encryption = 1 AND unlimitedWindowSize = 1,disableCompressibilityTesting AND encryption AND unlimitedWindowSize,0,1.0,1.0,1.0,50
random_10,100,9,disableCompressibilityTesting = 1 AND encryption = 1 AND unlimitedWindowSize = 1,NOT compressionZpaq AND encryption AND unlimitedWindowSize,2,0.5185185185185185,0.3888888888888889,0.7777777777777778,50
random_20,200,27,disableCompressibilityTesting = 1 AND encryption = 1 AND unlimitedWindowSize = 1,disableCompressibilityTesting AND encryption AND unlimitedWindowSize,1,1.0,1.0,1.0,50
2-wise,55,7,disableCompressibilityTesting = 1 AND encryption = 1 AND unlimitedWindowSize = 1,NOT compressionLzo AND disableCompressibilityTesting AND encryption,1,0.6,0.4615384615384615,0.8571428571428571,50
3-wise,154,14,disableCompressibilityTesting = 1 AND encryption = 1 AND unlimitedWindowSize = 1,compression AND disableCompressibilityTesting AND encryption AND unlimitedWindowSize,3,0.962962962962963,1.0,0.9285714285714286,50
4-wise,301,36,disableCompressibilityTesting = 1 AND encryption = 1 AND unlimitedWindowSize = 1,disableCompressibilityTesting AND encryption AND NOT unlimitedWindowSize,1,1.0,1.0,1.0,50
full,432,54,disableCompressibilityTesting = 1 AND encryption = 1 AND unlimitedWindowSize = 1,disableCompressibilityTesting AND encryption AND unlimitedWindowSize,0,1.0,1.0,1.0,51
random_2,20,2,disableCompressibilityTesting = 1 AND encryption = 1 AND unlimitedWindowSize = 1,NOT compressionLzo AND NOT compressionZpaq AND disableCompressibilityTesting,3,0.5,0.3333333333333333,1.0,51
random_5,50,7,disableCompressibilityTesting = 1 AND encryption = 1 AND unlimitedWindowSize = 1,NOT compressionGzip AND NOT compressionLrzip AND NOT compressionZpaq AND encryption AND level <= 6.00,2,0.4444444444444444,0.3636363636363636,0.5714285714285714,51
random_10,100,11,disableCompressibilityTesting = 1 AND encryption = 1 AND unlimitedWindowSize = 1,disableCompressibilityTesting AND encryption AND unlimitedWindowSize,1,1.0,1.0,1.0,51
random_20,200,25,disableCompressibilityTesting = 1 AND encryption = 1 AND unlimitedWindowSize = 1,disableCompressibilityTesting AND encryption AND unlimitedWindowSize,4,1.0,1.0,1.0,51
2-wise,56,7,disableCompressibilityTesting = 1 AND encryption = 1 AND unlimitedWindowSize = 1,NOT compressionBzip2 AND disableCompressibilityTesting AND encryption,0,0.7999999999999999,0.75,0.8571428571428571,51
3-wise,150,20,disableCompressibilityTesting = 1 AND encryption = 1 AND unlimitedWindowSize = 1,disableCompressibilityTesting AND encryption AND unlimitedWindowSize,0,1.0,1.0,1.0,51
4-wise,301,38,disableCompressibilityTesting = 1 AND encryption = 1 AND unlimitedWindowSize = 1,disableCompressibilityTesting AND encryption AND unlimitedWindowSize,0,1.0,1.0,1.0,51
full,432,54,disableCompressibilityTesting = 1 AND encryption = 1 AND unlimitedWindowSize = 1,disableCompressibilityTesting AND encryption AND unlimitedWindowSize,0,1.0,1.0,1.0,52
random_2,20,6,disableCompressibilityTesting = 1 AND encryption = 1 AND unlimitedWindowSize = 1,disableCompressibilityTesting AND encryption,0,1.0,1.0,1.0,52
random_5,50,7,disableCompressibilityTesting = 1 AND encryption = 1 AND unlimitedWindowSize = 1,NOT compressionBzip2 AND NOT compressionZpaq AND disableCompressibilityTesting AND encryption AND unlimitedWindowSize,2,1.0,1.0,1.0,52
random_10,100,10,disableCompressibilityTesting = 1 AND encryption = 1 AND unlimitedWindowSize = 1,disableCompressibilityTesting AND encryption AND unlimitedWindowSize,4,1.0,1.0,1.0,52
random_20,200,31,disableCompressibilityTesting = 1 AND encryption = 1 AND unlimitedWindowSize = 1,disableCompressibilityTesting AND encryption AND unlimitedWindowSize,0,1.0,1.0,1.0,52
2-wise,57,8,disableCompressibilityTesting = 1 AND encryption = 1 AND unlimitedWindowSize = 1,NOT compressionLrzip AND NOT compressionLzo AND disableCompressibilityTesting AND NOT encryption AND unlimitedWindowSize,0,1.0,1.0,1.0,52
3-wise,150,20,disableCompressibilityTesting = 1 AND encryption = 1 AND unlimitedWindowSize = 1,compression AND disableCompressibilityTesting AND encryption AND unlimitedWindowSize,0,0.9473684210526316,1.0,0.9,52
4-wise,291,38,disableCompressibilityTesting = 1 AND encryption = 1 AND unlimitedWindowSize = 1,disableCompressibilityTesting AND encryption AND unlimitedWindowSize,0,1.0,1.0,1.0,52
full,432,54,disableCompressibilityTesting = 1 AND encryption = 1 AND unlimitedWindowSize = 1,disableCompressibilityTesting AND encryption AND unlimitedWindowSize,0,1.0,1.0,1.0,53
random_2,20,2,disableCompressibilityTesting = 1 AND encryption = 1 AND unlimitedWindowSize = 1,NOT compressionGzip AND NOT compressionLzo AND NOT compressionZpaq AND disableCompressibilityTesting AND unlimitedWindowSize,1,0.6666666666666666,0.5,1.0,53
random_5,50,4,disableCompressibilityTesting = 1 AND encryption = 1 AND unlimitedWindowSize = 1,NOT compressionLrzip AND NOT compressionLzo AND disableCompressibilityTesting AND level <= 5.00,2,0.4285714285714285,0.3,0.75,53
random_10,100,14,disableCompressibilityTesting = 1 AND encryption = 1 AND unlimitedWindowSize = 1,disableCompressibilityTesting AND encryption AND unlimitedWindowSize,4,1.0,1.0,1.0,53
random_20,200,26,disableCompressibilityTesting = 1 AND encryption = 1 AND unlimitedWindowSize = 1,disableCompressibilityTesting AND encryption AND unlimitedWindowSize,1,1.0,1.0,1.0,53
2-wise,56,8,disableCompressibilityTesting = 1 AND encryption = 1 AND unlimitedWindowSize = 1,NOT compressionLrzip AND disableCompressibilityTesting AND encryption AND unlimitedWindowSize,2,1.0,1.0,1.0,53
3-wise,155,18,disableCompressibilityTesting = 1 AND encryption = 1 AND unlimitedWindowSize = 1,NOT compressionBzip2 AND disableCompressibilityTesting AND encryption AND unlimitedWindowSize,1,1.0,1.0,1.0,53
4-wise,301,37,disableCompressibilityTesting = 1 AND encryption = 1 AND unlimitedWindowSize = 1,disableCompressibilityTesting AND encryption AND unlimitedWindowSize,1,1.0,1.0,1.0,53
full,432,54,disableCompressibilityTesting = 1 AND encryption = 1 AND unlimitedWindowSize = 1,disableCompressibilityTesting AND encryption AND unlimitedWindowSize,0,1.0,1.0,1.0,54
random_2,20,4,disableCompressibilityTesting = 1 AND encryption = 1 AND unlimitedWindowSize = 1,NOT compressionLrzip AND NOT compressionLzo AND disableCompressibilityTesting AND encryption AND unlimitedWindowSize,1,1.0,1.0,1.0,54
random_5,50,1,disableCompressibilityTesting = 1 AND encryption = 1 AND unlimitedWindowSize = 1,NOT compressionBzip2 AND NOT compressionZpaq AND NOT disableCompressibilityTesting AND level >= 4.00,0,0.0,0.0,0.0,54
random_10,100,13,disableCompressibilityTesting = 1 AND encryption = 1 AND unlimitedWindowSize = 1,NOT compressionLrzip AND NOT compressionLzo AND encryption AND unlimitedWindowSize,1,0.7096774193548387,0.6111111111111112,0.8461538461538461,54
random_20,200,25,disableCompressibilityTesting = 1 AND encryption = 1 AND unlimitedWindowSize = 1,disableCompressibilityTesting AND encryption AND unlimitedWindowSize,2,1.0,1.0,1.0,54
2-wise,54,6,disableCompressibilityTesting = 1 AND encryption = 1 AND unlimitedWindowSize = 1,NOT compressionGzip AND NOT compressionLzo AND disableCompressibilityTesting AND encryption AND unlimitedWindowSize,1,1.0,1.0,1.0,54
3-wise,160,21,disableCompressibilityTesting = 1 AND encryption = 1 AND unlimitedWindowSize = 1,disableCompressibilityTesting AND NOT encryption AND unlimitedWindowSize,0,1.0,1.0,1.0,54
4-wise,300,38,disableCompressibilityTesting = 1 AND encryption = 1 AND unlimitedWindowSize = 1,disableCompressibilityTesting AND encryption AND unlimitedWindowSize,1,1.0,1.0,1.0,54
full,432,54,disableCompressibilityTesting = 1 AND encryption = 1 AND unlimitedWindowSize = 1,disableCompressibilityTesting AND encryption AND unlimitedWindowSize,1,1.0,1.0,1.0,55
random_2,20,2,disableCompressibilityTesting = 1 AND encryption = 1 AND unlimitedWindowSize = 1,NOT compressionBzip2 AND NOT compressionGzip AND NOT unlimitedWindowSize,0,0.0,0.0,0.0,55
random_5,50,4,disableCompressibilityTesting = 1 AND encryption = 1 AND unlimitedWindowSize = 1,disableCompressibilityTesting AND level <= 7.00 AND unlimitedWindowSize,2,0.8,0.6666666666666666,1.0,55
random_10,100,6,disableCompressibilityTesting = 1 AND encryption = 1 AND unlimitedWindowSize = 1,NOT compressionBzip2 AND NOT compressionLrzip AND NOT compressionLzo AND encryption AND unlimitedWindowSize,1,0.5263157894736842,0.3846153846153846,0.8333333333333334,55
random_20,200,22,disableCompressibilityTesting = 1 AND encryption = 1 AND unlimitedWindowSize = 1,disableCompressibilityTesting AND encryption AND unlimitedWindowSize,0,1.0,1.0,1.0,55
2-wise,55,5,disableCompressibilityTesting = 1 AND encryption = 1 AND unlimitedWindowSize = 1,compression AND disableCompressibilityTesting AND encryption AND unlimitedWindowSize,1,1.0,1.0,1.0,55
3-wise,158,12,disableCompressibilityTesting = 1 AND encryption = 1 AND unlimitedWindowSize = 1,compression AND disableCompressibilityTesting AND NOT encryption AND unlimitedWindowSize,0,0.9565217391304348,1.0,0.9166666666666666,55
4-wise,299,35,disableCompressibilityTesting = 1 AND encryption = 1 AND unlimitedWindowSize = 1,disableCompressibilityTesting AND encryption AND unlimitedWindowSize,0,1.0,1.0,1.0,55
full,432,54,disableCompressibilityTesting = 1 AND encryption = 1 AND unlimitedWindowSize = 1,disableCompressibilityTesting AND encryption AND unlimitedWindowSize,0,1.0,1.0,1.0,56
random_2,20,3,disableCompressibilityTesting = 1 AND encryption = 1 AND unlimitedWindowSize = 1,NOT compressionBzip2 AND NOT compressionLrzip AND NOT compressionLzo AND disableCompressibilityTesting AND level >= 2.00,1,0.5714285714285715,0.5,0.6666666666666666,56
random_5,50,10,disableCompressibilityTesting = 1 AND encryption = 1 AND unlimitedWindowSize = 1,disableCompressibilityTesting AND encryption AND unlimitedWindowSize,0,1.0,1.0,1.0,56
random_10,100,13,disableCompressibilityTesting = 1 AND encryption = 1 AND unlimitedWindowSize = 1,disableCompressibilityTesting AND encryption AND unlimitedWindowSize,1,1.0,1.0,1.0,56
random_20,200,25,disableCompressibilityTesting = 1 AND encryption = 1 AND unlimitedWindowSize = 1,disableCompressibilityTesting AND encryption AND unlimitedWindowSize,0,1.0,1.0,1.0,56
2-wise,56,9,disableCompressibilityTesting = 1 AND encryption = 1 AND unlimitedWindowSize = 1,disableCompressibilityTesting AND encryption AND unlimitedWindowSize,2,1.0,1.0,1.0,56
3-wise,157,18,disableCompressibilityTesting = 1 AND encryption = 1 AND unlimitedWindowSize = 1,disableCompressibilityTesting AND encryption AND unlimitedWindowSize,0,1.0,1.0,1.0,56
4-wise,301,33,disableCompressibilityTesting = 1 AND encryption = 1 AND unlimitedWindowSize = 1,disableCompressibilityTesting AND encryption AND unlimitedWindowSize,3,1.0,1.0,1.0,56
full,432,54,disableCompressibilityTesting = 1 AND encryption = 1 AND unlimitedWindowSize = 1,disableCompressibilityTesting AND encryption AND unlimitedWindowSize,0,1.0,1.0,1.0,57
random_2,20,1,disableCompressibilityTesting = 1 AND encryption = 1 AND unlimitedWindowSize = 1,NOT unlimitedWindowSize,0,0.0,0.0,0.0,57
random_5,50,8,disableCompressibilityTesting = 1 AND encryption = 1 AND unlimitedWindowSize = 1,NOT compressionZpaq AND encryption AND unlimitedWindowSize,0,0.7272727272727273,0.5714285714285714,1.0,57
random_10,100,11,disableCompressibilityTesting = 1 AND encryption = 1 AND unlimitedWindowSize = 1,NOT compressionLzo AND disableCompressibilityTesting AND encryption AND unlimitedWindowSize,2,1.0,1.0,1.0,57
random_20,200,24,disableCompressibilityTesting = 1 AND encryption = 1 AND unlimitedWindowSize = 1,disableCompressibilityTesting AND encryption AND unlimitedWindowSize,0,1.0,1.0,1.0,57
2-wise,57,8,disableCompressibilityTesting = 1 AND encryption = 1 AND unlimitedWindowSize = 1,compression AND NOT compressionZpaq AND disableCompressibilityTesting AND encryption AND unlimitedWindowSize,0,1.0,1.0,1.0,57
3-wise,154,18,disableCompressibilityTesting = 1 AND encryption = 1 AND unlimitedWindowSize = 1,disableCompressibilityTesting AND encryption AND unlimitedWindowSize,0,1.0,1.0,1.0,57
4-wise,301,35,disableCompressibilityTesting = 1 AND encryption = 1 AND unlimitedWindowSize = 1,disableCompressibilityTesting AND NOT encryption AND unlimitedWindowSize,0,1.0,1.0,1.0,57
full,432,54,disableCompressibilityTesting = 1 AND encryption = 1 AND unlimitedWindowSize = 1,NOT compressionLrzip AND disableCompressibilityTesting AND encryption AND unlimitedWindowSize,0,0.9090909090909092,1.0,0.8333333333333334,58
random_2,20,5,disableCompressibilityTesting = 1 AND encryption = 1 AND unlimitedWindowSize = 1,disableCompressibilityTesting AND encryption,1,1.0,1.0,1.0,58
random_5,50,8,disableCompressibilityTesting = 1 AND encryption = 1 AND unlimitedWindowSize = 1,compression AND NOT compressionLzo AND encryption AND unlimitedWindowSize,2,0.9411764705882352,0.8888888888888888,1.0,58
random_10,100,10,disableCompressibilityTesting = 1 AND encryption = 1 AND unlimitedWindowSize = 1,disableCompressibilityTesting AND encryption AND unlimitedWindowSize,1,1.0,1.0,1.0,58
random_20,200,25,disableCompressibilityTesting = 1 AND encryption = 1 AND unlimitedWindowSize = 1,disableCompressibilityTesting AND encryption AND unlimitedWindowSize,0,1.0,1.0,1.0,58
2-wise,59,11,disableCompressibilityTesting = 1 AND encryption = 1 AND unlimitedWindowSize = 1,NOT compressionLzo AND encryption AND unlimitedWindowSize,0,0.3999999999999999,0.75,0.2727272727272727,58
3-wise,158,28,disableCompressibilityTesting = 1 AND encryption = 1 AND unlimitedWindowSize = 1,disableCompressibilityTesting AND encryption AND unlimitedWindowSize,0,1.0,1.0,1.0,58
4-wise,297,40,disableCompressibilityTesting = 1 AND encryption = 1 AND unlimitedWindowSize = 1,disableCompressibilityTesting AND encryption AND unlimitedWindowSize,4,1.0,1.0,1.0,58
full,432,54,disableCompressibilityTesting = 1 AND encryption = 1 AND unlimitedWindowSize = 1,disableCompressibilityTesting AND encryption AND unlimitedWindowSize,0,1.0,1.0,1.0,59
random_2,20,4,disableCompressibilityTesting = 1 AND encryption = 1 AND unlimitedWindowSize = 1,NOT compressionBzip2 AND NOT compressionGzip AND NOT compressionZpaq AND disableCompressibilityTesting,4,0.2222222222222222,0.2,0.25,59
random_5,50,6,disableCompressibilityTesting = 1 AND encryption = 1 AND unlimitedWindowSize = 1,compression AND NOT compressionBzip2 AND encryption AND level >= 4.00 AND unlimitedWindowSize,0,0.8333333333333334,0.8333333333333334,0.8333333333333334,59
random_10,100,11,disableCompressibilityTesting = 1 AND encryption = 1 AND unlimitedWindowSize = 1,compression AND disableCompressibilityTesting AND encryption AND unlimitedWindowSize,2,1.0,1.0,1.0,59
random_20,200,27,disableCompressibilityTesting = 1 AND encryption = 1 AND unlimitedWindowSize = 1,disableCompressibilityTesting AND encryption AND unlimitedWindowSize,0,1.0,1.0,1.0,59
2-wise,55,6,disableCompressibilityTesting = 1 AND encryption = 1 AND unlimitedWindowSize = 1,NOT compressionZpaq AND disableCompressibilityTesting AND encryption AND unlimitedWindowSize,4,1.0,1.0,1.0,59
3-wise,152,20,disableCompressibilityTesting = 1 AND encryption = 1 AND unlimitedWindowSize = 1,disableCompressibilityTesting AND encryption AND NOT unlimitedWindowSize,3,1.0,1.0,1.0,59
4-wise,304,40,disableCompressibilityTesting = 1 AND encryption = 1 AND unlimitedWindowSize = 1,disableCompressibilityTesting AND NOT encryption AND unlimitedWindowSize,0,1.0,1.0,1.0,59
full,432,54,disableCompressibilityTesting = 1 AND encryption = 1 AND unlimitedWindowSize = 1,disableCompressibilityTesting AND encryption AND unlimitedWindowSize,0,1.0,1.0,1.0,5
random_2,20,2,disableCompressibilityTesting = 1 AND encryption = 1 AND unlimitedWindowSize = 1,NOT compressionLrzip AND disableCompressibilityTesting AND encryption,1,1.0,1.0,1.0,5
random_5,50,6,disableCompressibilityTesting = 1 AND encryption = 1 AND unlimitedWindowSize = 1,compression AND NOT compressionZpaq AND disableCompressibilityTesting AND level <= 6.00 AND unlimitedWindowSize,3,0.8333333333333334,0.8333333333333334,0.8333333333333334,5
random_10,100,13,disableCompressibilityTesting = 1 AND encryption = 1 AND unlimitedWindowSize = 1,disableCompressibilityTesting AND encryption AND unlimitedWindowSize,0,1.0,1.0,1.0,5
random_20,200,30,disableCompressibilityTesting = 1 AND encryption = 1 AND unlimitedWindowSize = 1,disableCompressibilityTesting AND encryption AND NOT unlimitedWindowSize,0,1.0,1.0,1.0,5
2-wise,55,7,disableCompressibilityTesting = 1 AND encryption = 1 AND unlimitedWindowSize = 1,disableCompressibilityTesting AND encryption AND unlimitedWindowSize,4,1.0,1.0,1.0,5
3-wise,153,20,disableCompressibilityTesting = 1 AND encryption = 1 AND unlimitedWindowSize = 1,NOT disableCompressibilityTesting AND encryption AND NOT unlimitedWindowSize,1,1.0,1.0,1.0,5
full,432,54,disableCompressibilityTesting = 1 AND encryption = 1 AND unlimitedWindowSize = 1,disableCompressibilityTesting AND encryption AND unlimitedWindowSize,1,1.0,1.0,1.0,60
random_2,20,9,disableCompressibilityTesting = 1 AND encryption = 1 AND unlimitedWindowSize = 1,NOT compressionBzip2 AND disableCompressibilityTesting AND unlimitedWindowSize,4,0.9473684210526316,0.9,1.0,60
random_5,50,11,disableCompressibilityTesting = 1 AND encryption = 1 AND unlimitedWindowSize = 1,disableCompressibilityTesting AND encryption AND unlimitedWindowSize,4,1.0,1.0,1.0,60
random_10,100,14,disableCompressibilityTesting = 1 AND encryption = 1 AND unlimitedWindowSize = 1,disableCompressibilityTesting AND encryption AND unlimitedWindowSize,0,1.0,1.0,1.0,60
random_20,200,31,disableCompressibilityTesting = 1 AND encryption = 1 AND unlimitedWindowSize = 1,disableCompressibilityTesting AND encryption AND unlimitedWindowSize,0,1.0,1.0,1.0,60
2-wise,55,12,disableCompressibilityTesting = 1 AND encryption = 1 AND unlimitedWindowSize = 1,NOT compressionGzip AND disableCompressibilityTesting AND encryption AND unlimitedWindowSize,0,1.0,1.0,1.0,60
3-wise,161,23,disableCompressibilityTesting = 1 AND encryption = 1 AND unlimitedWindowSize = 1,disableCompressibilityTesting AND encryption AND unlimitedWindowSize,0,1.0,1.0,1.0,60
4-wise,305,41,disableCompressibilityTesting = 1 AND encryption = 1 AND unlimitedWindowSize = 1,NOT compressionLrzip AND disableCompressibilityTesting AND encryption AND unlimitedWindowSize,0,0.9620253164556964,1.0,0.926829268292683,60
full,432,54,disableCompressibilityTesting = 1 AND encryption = 1 AND unlimitedWindowSize = 1,disableCompressibilityTesting AND encryption AND unlimitedWindowSize,0,1.0,1.0,1.0,61
random_2,20,3,disableCompressibilityTesting = 1 AND encryption = 1 AND unlimitedWindowSize = 1,NOT compressionBzip2 AND NOT compressionLzo AND unlimitedWindowSize,0,0.4444444444444444,0.3333333333333333,0.6666666666666666,61
random_5,50,9,disableCompressibilityTesting = 1 AND encryption = 1 AND unlimitedWindowSize = 1,NOT compressionZpaq AND unlimitedWindowSize,0,0.6206896551724138,0.45,1.0,61
random_10,100,10,disableCompressibilityTesting = 1 AND encryption = 1 AND unlimitedWindowSize = 1,disableCompressibilityTesting AND encryption AND unlimitedWindowSize,1,1.0,1.0,1.0,61
random_20,200,22,disableCompressibilityTesting = 1 AND encryption = 1 AND unlimitedWindowSize = 1,disableCompressibilityTesting AND encryption AND unlimitedWindowSize,3,1.0,1.0,1.0,61
2-wise,57,7,disableCompressibilityTesting = 1 AND encryption = 1 AND unlimitedWindowSize = 1,compression AND NOT compressionLrzip AND NOT compressionLzo AND disableCompressibilityTesting,2,0.1739130434782608,0.125,0.2857142857142857,61
3-wise,155,22,disableCompressibilityTesting = 1 AND encryption = 1 AND unlimitedWindowSize = 1,disableCompressibilityTesting AND encryption AND unlimitedWindowSize,0,1.0,1.0,1.0,61
4-wise,300,37,disableCompressibilityTesting = 1 AND encryption = 1 AND unlimitedWindowSize = 1,disableCompressibilityTesting AND encryption AND unlimitedWindowSize,3,1.0,1.0,1.0,61
full,432,54,disableCompressibilityTesting = 1 AND encryption = 1 AND unlimitedWindowSize = 1,disableCompressibilityTesting AND encryption AND unlimitedWindowSize,0,1.0,1.0,1.0,62
random_2,20,2,disableCompressibilityTesting = 1 AND encryption = 1 AND unlimitedWindowSize = 1,compression AND NOT compressionBzip2 AND NOT unlimitedWindowSize,0,0.0,0.0,0.0,62
random_5,50,3,disableCompressibilityTesting = 1 AND encryption = 1 AND unlimitedWindowSize = 1,NOT compressionBzip2 AND NOT compressionZpaq AND encryption AND level >= 4.00,2,0.3529411764705882,0.2142857142857142,1.0,62
random_10,100,13,disableCompressibilityTesting = 1 AND encryption = 1 AND unlimitedWindowSize = 1,compression AND disableCompressibilityTesting AND encryption AND unlimitedWindowSize,4,0.96,1.0,0.9230769230769232,62
random_20,200,20,disableCompressibilityTesting = 1 AND encryption = 1 AND unlimitedWindowSize = 1,NOT compressionZpaq AND encryption AND level >= 5.00,2,0.2816901408450704,0.196078431372549,0.5,62
2-wise,55,3,disableCompressibilityTesting = 1 AND encryption = 1 AND unlimitedWindowSize = 1,compression AND compressionLzo AND disableCompressibilityTesting,2,0.25,0.2,0.3333333333333333,62
3-wise,158,16,disableCompressibilityTesting = 1 AND encryption = 1 AND unlimitedWindowSize = 1,compression AND NOT compressionZpaq AND encryption AND unlimitedWindowSize,3,0.6341463414634146,0.52,0.8125,62
4-wise,310,36,disableCompressibilityTesting = 1 AND encryption = 1 AND unlimitedWindowSize = 1,disableCompressibilityTesting AND encryption AND unlimitedWindowSize,0,1.0,1.0,1.0,62
full,432,54,disableCompressibilityTesting = 1 AND encryption = 1 AND unlimitedWindowSize = 1,disableCompressibilityTesting AND encryption AND unlimitedWindowSize,2,1.0,1.0,1.0,63
random_2,20,4,disableCompressibilityTesting = 1 AND encryption = 1 AND unlimitedWindowSize = 1,NOT compressionZpaq AND disableCompressibilityTesting,1,0.7272727272727273,0.5714285714285714,1.0,63
random_5,50,6,disableCompressibilityTesting = 1 AND encryption = 1 AND unlimitedWindowSize = 1,disableCompressibilityTesting AND unlimitedWindowSize,2,0.7499999999999999,0.6,1.0,63
random_10,100,15,disableCompressibilityTesting = 1 AND encryption = 1 AND unlimitedWindowSize = 1,compressionLrzip AND disableCompressibilityTesting AND unlimitedWindowSize,4,0.4761904761904761,0.8333333333333334,0.3333333333333333,63
random_20,200,26,disableCompressibilityTesting = 1 AND encryption = 1 AND unlimitedWindowSize = 1,disableCompressibilityTesting AND encryption AND unlimitedWindowSize,2,1.0,1.0,1.0,63
2-wise,56,6,disableCompressibilityTesting = 1 AND encryption = 1 AND unlimitedWindowSize = 1,NOT compressionBzip2 AND NOT compressionLzo AND encryption,1,0.5,0.3333333333333333,1.0,63
3-wise,166,22,disableCompressibilityTesting = 1 AND encryption = 1 AND unlimitedWindowSize = 1,disableCompressibilityTesting AND encryption AND unlimitedWindowSize,0,1.0,1.0,1.0,63
4-wise,313,40,disableCompressibilityTesting = 1 AND encryption = 1 AND unlimitedWindowSize = 1,disableCompressibilityTesting AND encryption AND unlimitedWindowSize,0,1.0,1.0,1.0,63
full,432,54,disableCompressibilityTesting = 1 AND encryption = 1 AND unlimitedWindowSize = 1,disableCompressibilityTesting AND encryption AND unlimitedWindowSize,0,1.0,1.0,1.0,64
random_2,20,4,disableCompressibilityTesting = 1 AND encryption = 1 AND unlimitedWindowSize = 1,disableCompressibilityTesting AND encryption,1,0.8,0.6666666666666666,1.0,64
random_5,50,9,disableCompressibilityTesting = 1 AND encryption = 1 AND unlimitedWindowSize = 1,NOT compressionLrzip AND disableCompressibilityTesting AND unlimitedWindowSize,1,0.7272727272727274,0.6153846153846154,0.8888888888888888,64
random_10,100,16,disableCompressibilityTesting = 1 AND encryption = 1 AND unlimitedWindowSize = 1,disableCompressibilityTesting AND encryption AND unlimitedWindowSize,2,1.0,1.0,1.0,64
random_20,200,26,disableCompressibilityTesting = 1 AND encryption = 1 AND unlimitedWindowSize = 1,disableCompressibilityTesting AND encryption AND unlimitedWindowSize,1,1.0,1.0,1.0,64
2-wise,56,7,disableCompressibilityTesting = 1 AND encryption = 1 AND unlimitedWindowSize = 1,NOT compressionBzip2 AND NOT compressionLrzip AND disableCompressibilityTesting AND NOT encryption AND unlimitedWindowSize,1,0.923076923076923,1.0,0.8571428571428571,64
3-wise,152,14,disableCompressibilityTesting = 1 AND encryption = 1 AND unlimitedWindowSize = 1,NOT compressionBzip2 AND disableCompressibilityTesting AND encryption AND NOT unlimitedWindowSize,2,0.962962962962963,1.0,0.9285714285714286,64
4-wise,297,39,disableCompressibilityTesting = 1 AND encryption = 1 AND unlimitedWindowSize = 1,disableCompressibilityTesting AND encryption AND unlimitedWindowSize,0,1.0,1.0,1.0,64
full,432,54,disableCompressibilityTesting = 1 AND encryption = 1 AND unlimitedWindowSize = 1,disableCompressibilityTesting AND encryption AND unlimitedWindowSize,0,1.0,1.0,1.0,65
random_2,20,4,disableCompressibilityTesting = 1 AND encryption = 1 AND unlimitedWindowSize = 1,compression AND disableCompressibilityTesting AND level >= 2.00,3,0.6666666666666665,0.6,0.75,65
random_5,50,4,disableCompressibilityTesting = 1 AND encryption = 1 AND unlimitedWindowSize = 1,NOT compressionBzip2 AND NOT compressionLrzip AND NOT compressionLzo AND NOT disableCompressibilityTesting AND NOT encryption,0,0.0,0.0,0.0,65
random_10,100,12,disableCompressibilityTesting = 1 AND encryption = 1 AND unlimitedWindowSize = 1,disableCompressibilityTesting AND encryption AND unlimitedWindowSize,3,1.0,1.0,1.0,65
random_20,200,24,disableCompressibilityTesting = 1 AND encryption = 1 AND unlimitedWindowSize = 1,disableCompressibilityTesting AND NOT encryption AND unlimitedWindowSize,3,1.0,1.0,1.0,65
2-wise,55,7,disableCompressibilityTesting = 1 AND encryption = 1 AND unlimitedWindowSize = 1,NOT compressionZpaq AND disableCompressibilityTesting AND encryption AND unlimitedWindowSize,2,1.0,1.0,1.0,65
3-wise,163,23,disableCompressibilityTesting = 1 AND encryption = 1 AND unlimitedWindowSize = 1,disableCompressibilityTesting AND encryption AND unlimitedWindowSize,0,1.0,1.0,1.0,65
4-wise,304,43,disableCompressibilityTesting = 1 AND encryption = 1 AND unlimitedWindowSize = 1,disableCompressibilityTesting AND encryption AND unlimitedWindowSize,1,1.0,1.0,1.0,65
full,432,54,disableCompressibilityTesting = 1 AND encryption = 1 AND unlimitedWindowSize = 1,disableCompressibilityTesting AND encryption AND unlimitedWindowSize,0,1.0,1.0,1.0,66
random_2,20,4,disableCompressibilityTesting = 1 AND encryption = 1 AND unlimitedWindowSize = 1,compressionBzip2,2,0.8571428571428571,1.0,0.75,66
random_5,50,6,disableCompressibilityTesting = 1 AND encryption = 1 AND unlimitedWindowSize = 1,compression AND NOT compressionLrzip AND NOT compressionZpaq AND level >= 3.00,3,0.25,0.1666666666666666,0.5,66
random_10,100,17,disableCompressibilityTesting = 1 AND encryption = 1 AND unlimitedWindowSize = 1,NOT compressionBzip2 AND compressionLzo AND disableCompressibilityTesting AND encryption AND unlimitedWindowSize,1,0.3809523809523809,1.0,0.2352941176470588,66
random_20,200,23,disableCompressibilityTesting = 1 AND encryption = 1 AND unlimitedWindowSize = 1,disableCompressibilityTesting AND encryption AND NOT unlimitedWindowSize,1,1.0,1.0,1.0,66
2-wise,57,8,disableCompressibilityTesting = 1 AND encryption = 1 AND unlimitedWindowSize = 1,compression AND NOT compressionLrzip AND disableCompressibilityTesting AND encryption AND unlimitedWindowSize,2,1.0,1.0,1.0,66
3-wise,153,21,disableCompressibilityTesting = 1 AND encryption = 1 AND unlimitedWindowSize = 1,disableCompressibilityTesting AND encryption AND unlimitedWindowSize,1,1.0,1.0,1.0,66
4-wise,300,41,disableCompressibilityTesting = 1 AND encryption = 1 AND unlimitedWindowSize = 1,disableCompressibilityTesting AND encryption AND unlimitedWindowSize,0,1.0,1.0,1.0,66
full,432,54,disableCompressibilityTesting = 1 AND encryption = 1 AND unlimitedWindowSize = 1,disableCompressibilityTesting AND encryption AND unlimitedWindowSize,0,1.0,1.0,1.0,67
random_2,20,1,disableCompressibilityTesting = 1 AND encryption = 1 AND unlimitedWindowSize = 1,compression AND compressionBzip2 AND encryption AND unlimitedWindowSize,2,0.6666666666666666,0.5,1.0,67
random_5,50,5,disableCompressibilityTesting = 1 AND encryption = 1 AND unlimitedWindowSize = 1,NOT compressionBzip2 AND NOT compressionLzo AND disableCompressibilityTesting AND encryption,0,0.7142857142857143,0.5555555555555556,1.0,67
random_10,100,10,disableCompressibilityTesting = 1 AND encryption = 1 AND unlimitedWindowSize = 1,compression AND NOT compressionLrzip AND disableCompressibilityTesting AND encryption AND unlimitedWindowSize,0,1.0,1.0,1.0,67
random_20,200,29,disableCompressibilityTesting = 1 AND encryption = 1 AND unlimitedWindowSize = 1,disableCompressibilityTesting AND encryption AND unlimitedWindowSize,0,1.0,1.0,1.0,67
2-wise,55,2,disableCompressibilityTesting = 1 AND encryption = 1 AND unlimitedWindowSize = 1,NOT compressionBzip2 AND NOT compressionGzip AND NOT compressionZpaq AND disableCompressibilityTesting AND level != 9.00,0,0.3333333333333333,0.2,1.0,67
4-wise,301,35,disableCompressibilityTesting = 1 AND encryption = 1 AND unlimitedWindowSize = 1,disableCompressibilityTesting AND NOT encryption AND unlimitedWindowSize,0,1.0,1.0,1.0,67
full,432,54,disableCompressibilityTesting = 1 AND encryption = 1 AND unlimitedWindowSize = 1,disableCompressibilityTesting AND encryption AND unlimitedWindowSize,0,1.0,1.0,1.0,68
random_2,20,4,disableCompressibilityTesting = 1 AND encryption = 1 AND unlimitedWindowSize = 1,NOT compressionGzip AND NOT compressionLrzip AND encryption AND unlimitedWindowSize,1,0.8,0.6666666666666666,1.0,68
random_5,50,6,disableCompressibilityTesting = 1 AND encryption = 1 AND unlimitedWindowSize = 1,compression AND NOT compressionZpaq AND disableCompressibilityTesting AND encryption AND unlimitedWindowSize,2,1.0,1.0,1.0,68
random_10,100,11,disableCompressibilityTesting = 1 AND encryption = 1 AND unlimitedWindowSize = 1,compression AND disableCompressibilityTesting AND encryption AND unlimitedWindowSize,0,1.0,1.0,1.0,68
random_20,200,26,disableCompressibilityTesting = 1 AND encryption = 1 AND unlimitedWindowSize = 1,disableCompressibilityTesting AND encryption AND unlimitedWindowSize,4,1.0,1.0,1.0,68
2-wise,59,7,disableCompressibilityTesting = 1 AND encryption = 1 AND unlimitedWindowSize = 1,compression AND NOT compressionLzo AND encryption AND unlimitedWindowSize,2,0.75,0.6666666666666666,0.8571428571428571,68
3-wise,155,18,disableCompressibilityTesting = 1 AND encryption = 1 AND unlimitedWindowSize = 1,disableCompressibilityTesting AND encryption AND unlimitedWindowSize,0,1.0,1.0,1.0,68
4-wise,300,37,disableCompressibilityTesting = 1 AND encryption = 1 AND unlimitedWindowSize = 1,disableCompressibilityTesting AND encryption AND unlimitedWindowSize,4,0.9428571428571428,1.0,0.8918918918918919,68
full,432,54,disableCompressibilityTesting = 1 AND encryption = 1 AND unlimitedWindowSize = 1,disableCompressibilityTesting AND encryption AND unlimitedWindowSize,0,1.0,1.0,1.0,69
random_5,50,6,disableCompressibilityTesting = 1 AND encryption = 1 AND unlimitedWindowSize = 1,NOT compressionGzip AND disableCompressibilityTesting AND encryption AND unlimitedWindowSize,1,1.0,1.0,1.0,69
random_10,100,11,disableCompressibilityTesting = 1 AND encryption = 1 AND unlimitedWindowSize = 1,disableCompressibilityTesting AND encryption AND unlimitedWindowSize,1,1.0,1.0,1.0,69
random_20,200,22,disableCompressibilityTesting = 1 AND encryption = 1 AND unlimitedWindowSize = 1,NOT compressionLzo AND NOT compressionZpaq AND disableCompressibilityTesting AND encryption AND unlimitedWindowSize,2,0.8421052631578948,1.0,0.7272727272727273,69
2-wise,56,6,disableCompressibilityTesting = 1 AND encryption = 1 AND unlimitedWindowSize = 1,compression AND encryption AND level >= 3.00,2,0.4285714285714285,0.2727272727272727,1.0,69
3-wise,158,15,disableCompressibilityTesting = 1 AND encryption = 1 AND unlimitedWindowSize = 1,disableCompressibilityTesting AND encryption AND NOT unlimitedWindowSize,1,1.0,1.0,1.0,69
4-wise,288,32,disableCompressibilityTesting = 1 AND encryption = 1 AND unlimitedWindowSize = 1,disableCompressibilityTesting AND encryption AND unlimitedWindowSize,1,1.0,1.0,1.0,69
full,432,54,disableCompressibilityTesting = 1 AND encryption = 1 AND unlimitedWindowSize = 1,disableCompressibilityTesting AND encryption AND unlimitedWindowSize,0,1.0,1.0,1.0,6
random_2,20,2,disableCompressibilityTesting = 1 AND encryption = 1 AND unlimitedWindowSize = 1,compression AND NOT compressionLrzip AND NOT compressionLzo,2,0.4,0.25,1.0,6
random_5,50,5,disableCompressibilityTesting = 1 AND encryption = 1 AND unlimitedWindowSize = 1,NOT compressionLrzip AND NOT compressionLzo AND disableCompressibilityTesting AND unlimitedWindowSize,2,0.6666666666666666,0.5,1.0,6
random_10,100,14,disableCompressibilityTesting = 1 AND encryption = 1 AND unlimitedWindowSize = 1,disableCompressibilityTesting AND unlimitedWindowSize,1,0.6222222222222222,0.4516129032258064,1.0,6
random_20,200,22,disableCompressibilityTesting = 1 AND encryption = 1 AND unlimitedWindowSize = 1,disableCompressibilityTesting AND encryption AND unlimitedWindowSize,0,1.0,1.0,1.0,6
2-wise,56,7,disableCompressibilityTesting = 1 AND encryption = 1 AND unlimitedWindowSize = 1,disableCompressibilityTesting AND encryption AND unlimitedWindowSize,2,1.0,1.0,1.0,6
3-wise,154,20,disableCompressibilityTesting = 1 AND encryption = 1 AND unlimitedWindowSize = 1,disableCompressibilityTesting AND encryption AND unlimitedWindowSize,0,1.0,1.0,1.0,6
4-wise,306,33,disableCompressibilityTesting = 1 AND encryption = 1 AND unlimitedWindowSize = 1,disableCompressibilityTesting AND encryption AND unlimitedWindowSize,0,1.0,1.0,1.0,6
full,432,54,disableCompressibilityTesting = 1 AND encryption = 1 AND unlimitedWindowSize = 1,disableCompressibilityTesting AND encryption AND unlimitedWindowSize,1,1.0,1.0,1.0,70
random_2,20,1,disableCompressibilityTesting = 1 AND encryption = 1 AND unlimitedWindowSize = 1,NOT compressionGzip AND compressionLzo AND NOT compressionZpaq AND encryption AND level >= 2.00,3,0.6666666666666666,0.5,1.0,70
random_5,50,4,disableCompressibilityTesting = 1 AND encryption = 1 AND unlimitedWindowSize = 1,NOT disableCompressibilityTesting AND encryption AND unlimitedWindowSize,3,1.0,1.0,1.0,70
random_10,100,12,disableCompressibilityTesting = 1 AND encryption = 1 AND unlimitedWindowSize = 1,disableCompressibilityTesting AND encryption AND unlimitedWindowSize,0,1.0,1.0,1.0,70
random_20,200,28,disableCompressibilityTesting = 1 AND encryption = 1 AND unlimitedWindowSize = 1,disableCompressibilityTesting AND encryption AND unlimitedWindowSize,0,1.0,1.0,1.0,70
2-wise,56,3,disableCompressibilityTesting = 1 AND encryption = 1 AND unlimitedWindowSize = 1,disableCompressibilityTesting AND encryption AND unlimitedWindowSize,4,1.0,1.0,1.0,70
3-wise,157,21,disableCompressibilityTesting = 1 AND encryption = 1 AND unlimitedWindowSize = 1,disableCompressibilityTesting AND encryption AND unlimitedWindowSize,0,1.0,1.0,1.0,70
4-wise,310,41,disableCompressibilityTesting = 1 AND encryption = 1 AND unlimitedWindowSize = 1,disableCompressibilityTesting AND encryption AND unlimitedWindowSize,0,1.0,1.0,1.0,70
full,432,54,disableCompressibilityTesting = 1 AND encryption = 1 AND unlimitedWindowSize = 1,disableCompressibilityTesting AND encryption AND unlimitedWindowSize,0,1.0,1.0,1.0,71
random_2,20,3,disableCompressibilityTesting = 1 AND encryption = 1 AND unlimitedWindowSize = 1,compression AND NOT compressionGzip AND NOT compressionZpaq AND encryption,0,0.4444444444444444,0.3333333333333333,0.6666666666666666,71
random_5,50,9,disableCompressibilityTesting = 1 AND encryption = 1 AND unlimitedWindowSize = 1,NOT compressionBzip2 AND encryption AND unlimitedWindowSize,0,0.7499999999999999,0.6,1.0,71
random_10,100,13,disableCompressibilityTesting = 1 AND encryption = 1 AND unlimitedWindowSize = 1,disableCompressibilityTesting AND encryption AND unlimitedWindowSize,0,1.0,1.0,1.0,71
random_20,200,26,disableCompressibilityTesting = 1 AND encryption = 1 AND unlimitedWindowSize = 1,NOT compressionZpaq AND disableCompressibilityTesting AND encryption AND unlimitedWindowSize,1,1.0,1.0,1.0,71
2-wise,56,9,disableCompressibilityTesting = 1 AND encryption = 1 AND unlimitedWindowSize = 1,compression AND disableCompressibilityTesting AND encryption AND NOT unlimitedWindowSize,1,1.0,1.0,1.0,71
3-wise,153,24,disableCompressibilityTesting = 1 AND encryption = 1 AND unlimitedWindowSize = 1,disableCompressibilityTesting AND encryption AND NOT unlimitedWindowSize,2,1.0,1.0,1.0,71
4-wise,304,41,disableCompressibilityTesting = 1 AND encryption = 1 AND unlimitedWindowSize = 1,NOT disableCompressibilityTesting AND encryption AND unlimitedWindowSize,0,1.0,1.0,1.0,71
full,432,54,disableCompressibilityTesting = 1 AND encryption = 1 AND unlimitedWindowSize = 1,disableCompressibilityTesting AND encryption AND unlimitedWindowSize,0,1.0,1.0,1.0,72
random_2,20,3,disableCompressibilityTesting = 1 AND encryption = 1 AND unlimitedWindowSize = 1,NOT compressionBzip2 AND encryption,0,0.5,0.4,0.6666666666666666,72
random_5,50,7,disableCompressibilityTesting = 1 AND encryption = 1 AND unlimitedWindowSize = 1,NOT compressionBzip2 AND disableCompressibilityTesting AND encryption AND unlimitedWindowSize,3,1.0,1.0,1.0,72
random_10,100,10,disableCompressibilityTesting = 1 AND encryption = 1 AND unlimitedWindowSize = 1,NOT compressionLzo AND disableCompressibilityTesting AND unlimitedWindowSize,1,0.6153846153846154,0.5,0.8,72
random_20,200,25,disableCompressibilityTesting = 1 AND encryption = 1 AND unlimitedWindowSize = 1,disableCompressibilityTesting AND encryption AND unlimitedWindowSize,1,1.0,1.0,1.0,72
2-wise,55,7,disableCompressibilityTesting = 1 AND encryption = 1 AND unlimitedWindowSize = 1,NOT compressionGzip AND disableCompressibilityTesting AND encryption,1,0.8750000000000001,0.7777777777777778,1.0,72
3-wise,156,21,disableCompressibilityTesting = 1 AND encryption = 1 AND unlimitedWindowSize = 1,disableCompressibilityTesting AND encryption AND unlimitedWindowSize,4,1.0,1.0,1.0,72
4-wise,291,41,disableCompressibilityTesting = 1 AND encryption = 1 AND unlimitedWindowSize = 1,disableCompressibilityTesting AND encryption AND unlimitedWindowSize,0,1.0,1.0,1.0,72
full,432,54,disableCompressibilityTesting = 1 AND encryption = 1 AND unlimitedWindowSize = 1,disableCompressibilityTesting AND encryption AND unlimitedWindowSize,0,1.0,1.0,1.0,73
random_2,20,2,disableCompressibilityTesting = 1 AND encryption = 1 AND unlimitedWindowSize = 1,NOT compressionLrzip AND disableCompressibilityTesting AND encryption AND unlimitedWindowSize,1,1.0,1.0,1.0,73
random_5,50,8,disableCompressibilityTesting = 1 AND encryption = 1 AND unlimitedWindowSize = 1,NOT compressionBzip2 AND NOT compressionGzip AND disableCompressibilityTesting AND encryption AND level <= 7.00,3,0.631578947368421,0.5454545454545454,0.75,73
random_10,100,15,disableCompressibilityTesting = 1 AND encryption = 1 AND unlimitedWindowSize = 1,disableCompressibilityTesting AND encryption AND unlimitedWindowSize,2,1.0,1.0,1.0,73
random_20,200,27,disableCompressibilityTesting = 1 AND encryption = 1 AND unlimitedWindowSize = 1,disableCompressibilityTesting AND encryption AND unlimitedWindowSize,0,1.0,1.0,1.0,73
2-wise,57,4,disableCompressibilityTesting = 1 AND encryption = 1 AND unlimitedWindowSize = 1,NOT compressionBzip2 AND disableCompressibilityTesting AND unlimitedWindowSize,3,0.5,0.3333333333333333,1.0,73
3-wise,162,17,disableCompressibilityTesting = 1 AND encryption = 1 AND unlimitedWindowSize = 1,disableCompressibilityTesting AND encryption AND unlimitedWindowSize,0,1.0,1.0,1.0,73
full,432,54,disableCompressibilityTesting = 1 AND encryption = 1 AND unlimitedWindowSize = 1,disableCompressibilityTesting AND encryption AND unlimitedWindowSize,0,1.0,1.0,1.0,74
random_2,20,3,disableCompressibilityTesting = 1 AND encryption = 1 AND unlimitedWindowSize = 1,compressionZpaq,0,0.5,0.4,0.6666666666666666,74
random_5,50,6,disableCompressibilityTesting = 1 AND encryption = 1 AND unlimitedWindowSize = 1,NOT compressionBzip2 AND NOT compressionZpaq AND disableCompressibilityTesting,4,0.3636363636363636,0.25,0.6666666666666666,74
random_10,100,16,disableCompressibilityTesting = 1 AND encryption = 1 AND unlimitedWindowSize = 1,compression AND disableCompressibilityTesting AND encryption AND unlimitedWindowSize,0,0.967741935483871,1.0,0.9375,74
random_20,200,24,disableCompressibilityTesting = 1 AND encryption = 1 AND unlimitedWindowSize = 1,disableCompressibilityTesting AND encryption AND unlimitedWindowSize,0,1.0,1.0,1.0,74
2-wise,54,8,disableCompressibilityTesting = 1 AND encryption = 1 AND unlimitedWindowSize = 1,NOT compressionZpaq AND disableCompressibilityTesting AND encryption AND unlimitedWindowSize,3,1.0,1.0,1.0,74
3-wise,154,19,disableCompressibilityTesting = 1 AND encryption = 1 AND unlimitedWindowSize = 1,disableCompressibilityTesting AND encryption AND unlimitedWindowSize,3,1.0,1.0,1.0,74
4-wise,302,35,disableCompressibilityTesting = 1 AND encryption = 1 AND unlimitedWindowSize = 1,NOT compressionLrzip AND disableCompressibilityTesting AND encryption AND unlimitedWindowSize,0,0.90625,1.0,0.8285714285714286,74
random_2,20,5,disableCompressibilityTesting = 1 AND encryption = 1 AND unlimitedWindowSize = 1,compression AND unlimitedWindowSize,3,0.8333333333333333,0.7142857142857143,1.0,75
random_5,50,6,disableCompressibilityTesting = 1 AND encryption = 1 AND unlimitedWindowSize = 1,NOT compressionGzip AND NOT compressionLrzip AND NOT compressionLzo AND level != 1.00,1,0.2142857142857142,0.1363636363636363,0.5,75
random_10,100,10,disableCompressibilityTesting = 1 AND encryption = 1 AND unlimitedWindowSize = 1,disableCompressibilityTesting AND encryption AND unlimitedWindowSize,0,1.0,1.0,1.0,75
random_20,200,23,disableCompressibilityTesting = 1 AND encryption = 1 AND unlimitedWindowSize = 1,disableCompressibilityTesting AND encryption AND unlimitedWindowSize,0,1.0,1.0,1.0,75
2-wise,57,9,disableCompressibilityTesting = 1 AND encryption = 1 AND unlimitedWindowSize = 1,NOT compressionBzip2 AND disableCompressibilityTesting AND encryption AND unlimitedWindowSize,0,1.0,1.0,1.0,75
3-wise,150,18,disableCompressibilityTesting = 1 AND encryption = 1 AND unlimitedWindowSize = 1,disableCompressibilityTesting AND encryption AND unlimitedWindowSize,0,1.0,1.0,1.0,75
4-wise,301,39,disableCompressibilityTesting = 1 AND encryption = 1 AND unlimitedWindowSize = 1,disableCompressibilityTesting AND encryption AND unlimitedWindowSize,0,1.0,1.0,1.0,75
full,432,54,disableCompressibilityTesting = 1 AND encryption = 1 AND unlimitedWindowSize = 1,disableCompressibilityTesting AND encryption AND unlimitedWindowSize,0,1.0,1.0,1.0,76
random_2,20,5,disableCompressibilityTesting = 1 AND encryption = 1 AND unlimitedWindowSize = 1,disableCompressibilityTesting AND encryption AND unlimitedWindowSize,0,1.0,1.0,1.0,76
random_5,50,9,disableCompressibilityTesting = 1 AND encryption = 1 AND unlimitedWindowSize = 1,compressionBzip2 AND encryption,1,0.375,0.4285714285714285,0.3333333333333333,76
random_10,100,17,disableCompressibilityTesting = 1 AND encryption = 1 AND unlimitedWindowSize = 1,disableCompressibilityTesting AND encryption AND unlimitedWindowSize,0,1.0,1.0,1.0,76
random_20,200,25,disableCompressibilityTesting = 1 AND encryption = 1 AND unlimitedWindowSize = 1,disableCompressibilityTesting AND encryption AND unlimitedWindowSize,0,1.0,1.0,1.0,76
2-wise,55,8,disableCompressibilityTesting = 1 AND encryption = 1 AND unlimitedWindowSize = 1,disableCompressibilityTesting AND encryption AND unlimitedWindowSize,0,1.0,1.0,1.0,76
3-wise,148,20,disableCompressibilityTesting = 1 AND encryption = 1 AND unlimitedWindowSize = 1,NOT compressionZpaq AND disableCompressibilityTesting AND encryption AND unlimitedWindowSize,1,0.888888888888889,1.0,0.8,76
4-wise,298,34,disableCompressibilityTesting = 1 AND encryption = 1 AND unlimitedWindowSize = 1,disableCompressibilityTesting AND encryption AND unlimitedWindowSize,0,1.0,1.0,1.0,76
full,432,54,disableCompressibilityTesting = 1 AND encryption = 1 AND unlimitedWindowSize = 1,disableCompressibilityTesting AND encryption AND unlimitedWindowSize,0,1.0,1.0,1.0,77
random_2,20,3,disableCompressibilityTesting = 1 AND encryption = 1 AND unlimitedWindowSize = 1,NOT compressionGzip AND NOT compressionLrzip AND NOT compressionLzo AND disableCompressibilityTesting AND unlimitedWindowSize,4,0.5714285714285715,0.5,0.6666666666666666,77
random_5,50,5,disableCompressibilityTesting = 1 AND encryption = 1 AND unlimitedWindowSize = 1,compression AND compressionZpaq AND encryption AND level <= 3.00,0,0.4444444444444445,0.5,0.4,77
random_10,100,13,disableCompressibilityTesting = 1 AND encryption = 1 AND unlimitedWindowSize = 1,NOT compressionLrzip AND disableCompressibilityTesting AND encryption AND unlimitedWindowSize,0,1.0,1.0,1.0,77
random_20,200,23,disableCompressibilityTesting = 1 AND encryption = 1 AND unlimitedWindowSize = 1,disableCompressibilityTesting AND encryption AND unlimitedWindowSize,0,1.0,1.0,1.0,77
2-wise,55,5,disableCompressibilityTesting = 1 AND encryption = 1 AND unlimitedWindowSize = 1,disableCompressibilityTesting AND encryption AND unlimitedWindowSize,4,1.0,1.0,1.0,77
3-wise,158,21,disableCompressibilityTesting = 1 AND encryption = 1 AND unlimitedWindowSize = 1,disableCompressibilityTesting AND encryption AND unlimitedWindowSize,0,1.0,1.0,1.0,77
full,432,54,disableCompressibilityTesting = 1 AND encryption = 1 AND unlimitedWindowSize = 1,disableCompressibilityTesting AND encryption AND unlimitedWindowSize,0,1.0,1.0,1.0,78
random_2,20,1,disableCompressibilityTesting = 1 AND encryption = 1 AND unlimitedWindowSize = 1,compressionGzip,0,0.0,0.0,0.0,78
random_5,50,4,disableCompressibilityTesting = 1 AND encryption = 1 AND unlimitedWindowSize = 1,NOT compressionGzip AND disableCompressibilityTesting AND unlimitedWindowSize,3,0.5714285714285715,0.4,1.0,78
random_10,100,13,disableCompressibilityTesting = 1 AND encryption = 1 AND unlimitedWindowSize = 1,NOT compressionGzip AND NOT compressionZpaq AND disableCompressibilityTesting AND encryption AND unlimitedWindowSize,0,1.0,1.0,1.0,78
random_20,200,23,disableCompressibilityTesting = 1 AND encryption = 1 AND unlimitedWindowSize = 1,disableCompressibilityTesting AND encryption AND unlimitedWindowSize,3,1.0,1.0,1.0,78
2-wise,57,6,disableCompressibilityTesting = 1 AND encryption = 1 AND unlimitedWindowSize = 1,disableCompressibilityTesting AND encryption AND level <= 6.00,0,0.7058823529411764,0.5454545454545454,1.0,78
3-wise,156,21,disableCompressibilityTesting = 1 AND encryption = 1 AND unlimitedWindowSize = 1,disableCompressibilityTesting AND encryption AND unlimitedWindowSize,0,1.0,1.0,1.0,78
full,432,54,disableCompressibilityTesting = 1 AND encryption = 1 AND unlimitedWindowSize = 1,disableCompressibilityTesting AND encryption AND unlimitedWindowSize,0,1.0,1.0,1.0,79
random_2,20,4,disableCompressibilityTesting = 1 AND encryption = 1 AND unlimitedWindowSize = 1,NOT compressionGzip AND encryption AND unlimitedWindowSize,0,0.888888888888889,0.8,1.0,79
random_5,50,11,disableCompressibilityTesting = 1 AND encryption = 1 AND unlimitedWindowSize = 1,disableCompressibilityTesting AND encryption AND unlimitedWindowSize,3,1.0,1.0,1.0,79
random_10,100,11,disableCompressibilityTesting = 1 AND encryption = 1 AND unlimitedWindowSize = 1,compression AND disableCompressibilityTesting AND encryption AND unlimitedWindowSize,1,1.0,1.0,1.0,79
random_20,200,22,disableCompressibilityTesting = 1 AND encryption = 1 AND unlimitedWindowSize = 1,disableCompressibilityTesting AND NOT encryption AND unlimitedWindowSize,1,1.0,1.0,1.0,79
2-wise,57,12,disableCompressibilityTesting = 1 AND encryption = 1 AND unlimitedWindowSize = 1,compression AND NOT compressionBzip2 AND disableCompressibilityTesting AND level >= 3.00 AND unlimitedWindowSize,0,0.8799999999999999,0.8461538461538461,0.9166666666666666,79
3-wise,154,28,disableCompressibilityTesting = 1 AND encryption = 1 AND unlimitedWindowSize = 1,disableCompressibilityTesting AND encryption AND unlimitedWindowSize,0,1.0,1.0,1.0,79
4-wise,299,38,disableCompressibilityTesting = 1 AND encryption = 1 AND unlimitedWindowSize = 1,disableCompressibilityTesting AND encryption AND NOT unlimitedWindowSize,0,1.0,1.0,1.0,79
random_2,20,2,disableCompressibilityTesting = 1 AND encryption = 1 AND unlimitedWindowSize = 1,compressionBzip2 AND unlimitedWindowSize,0,0.8,0.6666666666666666,1.0,7
random_5,50,4,disableCompressibilityTesting = 1 AND encryption = 1 AND unlimitedWindowSize = 1,NOT compressionGzip AND disableCompressibilityTesting AND unlimitedWindowSize,0,0.4705882352941176,0.3076923076923077,1.0,7
random_10,100,18,disableCompressibilityTesting = 1 AND encryption = 1 AND unlimitedWindowSize = 1,disableCompressibilityTesting AND encryption AND unlimitedWindowSize,0,1.0,1.0,1.0,7
random_20,200,28,disableCompressibilityTesting = 1 AND encryption = 1 AND unlimitedWindowSize = 1,disableCompressibilityTesting AND encryption AND unlimitedWindowSize,0,1.0,1.0,1.0,7
2-wise,56,7,disableCompressibilityTesting = 1 AND encryption = 1 AND unlimitedWindowSize = 1,disableCompressibilityTesting AND encryption AND unlimitedWindowSize,2,1.0,1.0,1.0,7
3-wise,157,18,disableCompressibilityTesting = 1 AND encryption = 1 AND unlimitedWindowSize = 1,disableCompressibilityTesting AND encryption AND unlimitedWindowSize,0,1.0,1.0,1.0,7
4-wise,307,36,disableCompressibilityTesting = 1 AND encryption = 1 AND unlimitedWindowSize = 1,disableCompressibilityTesting AND encryption AND unlimitedWindowSize,0,1.0,1.0,1.0,7
full,432,54,disableCompressibilityTesting = 1 AND encryption = 1 AND unlimitedWindowSize = 1,disableCompressibilityTesting AND encryption AND unlimitedWindowSize,0,1.0,1.0,1.0,80
random_5,50,2,disableCompressibilityTesting = 1 AND encryption = 1 AND unlimitedWindowSize = 1,NOT compression AND NOT unlimitedWindowSize,3,0.5,0.5,0.5,80
random_10,100,18,disableCompressibilityTesting = 1 AND encryption = 1 AND unlimitedWindowSize = 1,NOT compressionLrzip AND NOT compressionZpaq AND NOT encryption AND level != 1.00,0,0.0,0.0,0.0,80
random_20,200,28,disableCompressibilityTesting = 1 AND encryption = 1 AND unlimitedWindowSize = 1,compression AND disableCompressibilityTesting AND encryption AND unlimitedWindowSize,0,0.962962962962963,1.0,0.9285714285714286,80
2-wise,55,5,disableCompressibilityTesting = 1 AND encryption = 1 AND unlimitedWindowSize = 1,compression AND encryption AND NOT unlimitedWindowSize,0,0.9090909090909092,0.8333333333333334,1.0,80
3-wise,153,17,disableCompressibilityTesting = 1 AND encryption = 1 AND unlimitedWindowSize = 1,disableCompressibilityTesting AND encryption AND NOT unlimitedWindowSize,2,1.0,1.0,1.0,80
4-wise,299,35,disableCompressibilityTesting = 1 AND encryption = 1 AND unlimitedWindowSize = 1,NOT disableCompressibilityTesting AND encryption AND unlimitedWindowSize,0,1.0,1.0,1.0,80
full,432,54,disableCompressibilityTesting = 1 AND encryption = 1 AND unlimitedWindowSize = 1,disableCompressibilityTesting AND encryption AND unlimitedWindowSize,0,1.0,1.0,1.0,81
random_2,20,2,disableCompressibilityTesting = 1 AND encryption = 1 AND unlimitedWindowSize = 1,compressionLrzip AND NOT compressionLzo,2,0.5,0.5,0.5,81
random_5,50,7,disableCompressibilityTesting = 1 AND encryption = 1 AND unlimitedWindowSize = 1,disableCompressibilityTesting AND encryption AND unlimitedWindowSize,0,1.0,1.0,1.0,81
random_10,100,13,disableCompressibilityTesting = 1 AND encryption = 1 AND unlimitedWindowSize = 1,NOT compressionLzo AND disableCompressibilityTesting AND encryption AND unlimitedWindowSize,2,1.0,1.0,1.0,81
random_20,200,30,disableCompressibilityTesting = 1 AND encryption = 1 AND unlimitedWindowSize = 1,disableCompressibilityTesting AND encryption AND unlimitedWindowSize,0,1.0,1.0,1.0,81
2-wise,55,7,disableCompressibilityTesting = 1 AND encryption = 1 AND unlimitedWindowSize = 1,NOT compressionGzip AND NOT compressionLrzip AND NOT compressionLzo AND disableCompressibilityTesting AND encryption AND unlimitedWindowSize,0,0.923076923076923,1.0,0.8571428571428571,81
3-wise,162,28,disableCompressibilityTesting = 1 AND encryption = 1 AND unlimitedWindowSize = 1,disableCompressibilityTesting AND encryption AND unlimitedWindowSize,0,1.0,1.0,1.0,81
4-wise,296,38,disableCompressibilityTesting = 1 AND encryption = 1 AND unlimitedWindowSize = 1,disableCompressibilityTesting AND encryption AND unlimitedWindowSize,0,1.0,1.0,1.0,81
full,432,54,disableCompressibilityTesting = 1 AND encryption = 1 AND unlimitedWindowSize = 1,disableCompressibilityTesting AND encryption AND unlimitedWindowSize,2,1.0,1.0,1.0,82
random_2,20,6,disableCompressibilityTesting = 1 AND encryption = 1 AND unlimitedWindowSize = 1,NOT compressionLrzip AND NOT compressionZpaq AND encryption AND unlimitedWindowSize,1,0.923076923076923,0.8571428571428571,1.0,82
random_5,50,6,disableCompressibilityTesting = 1 AND encryption = 1 AND unlimitedWindowSize = 1,compression AND NOT compressionGzip AND disableCompressibilityTesting AND encryption AND unlimitedWindowSize,3,1.0,1.0,1.0,82
random_10,100,14,disableCompressibilityTesting = 1 AND encryption = 1 AND unlimitedWindowSize = 1,disableCompressibilityTesting AND encryption AND unlimitedWindowSize,2,1.0,1.0,1.0,82
random_20,200,30,disableCompressibilityTesting = 1 AND encryption = 1 AND unlimitedWindowSize = 1,disableCompressibilityTesting AND encryption AND unlimitedWindowSize,0,1.0,1.0,1.0,82
2-wise,58,4,disableCompressibilityTesting = 1 AND encryption = 1 AND unlimitedWindowSize = 1,NOT compression AND NOT compressionBzip2 AND NOT compressionGzip AND NOT compressionLrzip AND NOT compressionLzo AND NOT compressionZpaq AND unlimitedWindowSize,3,0.3636363636363636,0.2857142857142857,0.5,82
3-wise,158,11,disableCompressibilityTesting = 1 AND encryption = 1 AND unlimitedWindowSize = 1,NOT compressionGzip AND disableCompressibilityTesting AND encryption AND unlimitedWindowSize,2,1.0,1.0,1.0,82
4-wise,288,35,disableCompressibilityTesting = 1 AND encryption = 1 AND unlimitedWindowSize = 1,disableCompressibilityTesting AND encryption AND unlimitedWindowSize,0,1.0,1.0,1.0,82
full,432,54,disableCompressibilityTesting = 1 AND encryption = 1 AND unlimitedWindowSize = 1,disableCompressibilityTesting AND encryption AND unlimitedWindowSize,0,1.0,1.0,1.0,83
random_2,20,1,disableCompressibilityTesting = 1 AND encryption = 1 AND unlimitedWindowSize = 1,compression AND NOT compressionLzo AND disableCompressibilityTesting AND encryption AND level >= 2.00,3,0.6666666666666666,0.5,1.0,83
random_5,50,4,disableCompressibilityTesting = 1 AND encryption = 1 AND unlimitedWindowSize = 1,NOT compressionBzip2 AND NOT compressionLzo AND disableCompressibilityTesting AND encryption,1,0.6666666666666665,0.6,0.75,83
random_10,100,11,disableCompressibilityTesting = 1 AND encryption = 1 AND unlimitedWindowSize = 1,NOT compressionLzo AND disableCompressibilityTesting AND encryption,3,0.5882352941176471,0.4347826086956521,0.9090909090909092,83
random_20,200,22,disableCompressibilityTesting = 1 AND encryption = 1 AND unlimitedWindowSize = 1,NOT compressionBzip2 AND disableCompressibilityTesting AND encryption AND unlimitedWindowSize,2,1.0,1.0,1.0,83
2-wise,56,6,disableCompressibilityTesting = 1 AND encryption = 1 AND unlimitedWindowSize = 1,NOT compressionLzo AND NOT compressionZpaq AND disableCompressibilityTesting AND unlimitedWindowSize,2,0.7692307692307692,0.7142857142857143,0.8333333333333334,83
3-wise,155,16,disableCompressibilityTesting = 1 AND encryption = 1 AND unlimitedWindowSize = 1,compression AND NOT compressionLrzip AND level <= 6.00,0,0.1904761904761904,0.1176470588235294,0.5,83
4-wise,309,37,disableCompressibilityTesting = 1 AND encryption = 1 AND unlimitedWindowSize = 1,disableCompressibilityTesting AND encryption AND unlimitedWindowSize,0,1.0,1.0,1.0,83
random_2,20,4,disableCompressibilityTesting = 1 AND encryption = 1 AND unlimitedWindowSize = 1,NOT compressionGzip AND NOT compressionLrzip AND NOT compressionLzo AND disableCompressibilityTesting AND level >= 5.00,3,0.5,0.5,0.5,84
random_5,50,6,disableCompressibilityTesting = 1 AND encryption = 1 AND unlimitedWindowSize = 1,NOT compressionZpaq AND disableCompressibilityTesting AND encryption,2,0.6666666666666667,0.5555555555555556,0.8333333333333334,84
random_10,100,15,disableCompressibilityTesting = 1 AND encryption = 1 AND unlimitedWindowSize = 1,NOT compressionZpaq AND disableCompressibilityTesting AND encryption AND unlimitedWindowSize,0,1.0,1.0,1.0,84
random_20,200,21,disableCompressibilityTesting = 1 AND encryption = 1 AND unlimitedWindowSize = 1,disableCompressibilityTesting AND encryption AND unlimitedWindowSize,0,1.0,1.0,1.0,84
2-wise,56,7,disableCompressibilityTesting = 1 AND encryption = 1 AND unlimitedWindowSize = 1,NOT compressionBzip2 AND NOT compressionLzo AND disableCompressibilityTesting AND unlimitedWindowSize,0,0.8333333333333333,1.0,0.7142857142857143,84
3-wise,153,22,disableCompressibilityTesting = 1 AND encryption = 1 AND unlimitedWindowSize = 1,NOT compressionLrzip AND disableCompressibilityTesting AND encryption,0,0.5666666666666667,0.4473684210526316,0.7727272727272727,84
4-wise,306,42,disableCompressibilityTesting = 1 AND encryption = 1 AND unlimitedWindowSize = 1,disableCompressibilityTesting AND encryption AND unlimitedWindowSize,0,1.0,1.0,1.0,84
full,432,54,disableCompressibilityTesting = 1 AND encryption = 1 AND unlimitedWindowSize = 1,disableCompressibilityTesting AND encryption AND unlimitedWindowSize,0,1.0,1.0,1.0,85
random_2,20,1,disableCompressibilityTesting = 1 AND encryption = 1 AND unlimitedWindowSize = 1,NOT compressionLzo AND NOT compressionZpaq AND disableCompressibilityTesting AND encryption,0,0.5,0.3333333333333333,1.0,85
random_5,50,6,disableCompressibilityTesting = 1 AND encryption = 1 AND unlimitedWindowSize = 1,compression AND disableCompressibilityTesting AND encryption AND unlimitedWindowSize,4,1.0,1.0,1.0,85
random_10,100,10,disableCompressibilityTesting = 1 AND encryption = 1 AND unlimitedWindowSize = 1,compressionBzip2 AND encryption AND level >= 3.00 AND unlimitedWindowSize,1,0.3076923076923076,0.6666666666666666,0.2,85
random_20,200,21,disableCompressibilityTesting = 1 AND encryption = 1 AND unlimitedWindowSize = 1,disableCompressibilityTesting AND encryption AND unlimitedWindowSize,2,1.0,1.0,1.0,85
2-wise,54,7,disableCompressibilityTesting = 1 AND encryption = 1 AND unlimitedWindowSize = 1,disableCompressibilityTesting AND encryption AND unlimitedWindowSize,1,1.0,1.0,1.0,85
3-wise,159,16,disableCompressibilityTesting = 1 AND encryption = 1 AND unlimitedWindowSize = 1,disableCompressibilityTesting AND NOT encryption AND unlimitedWindowSize,1,1.0,1.0,1.0,85
4-wise,304,34,disableCompressibilityTesting = 1 AND encryption = 1 AND unlimitedWindowSize = 1,NOT compressionBzip2 AND disableCompressibilityTesting AND encryption AND unlimitedWindowSize,0,0.9850746268656716,1.0,0.9705882352941176,85
full,432,54,disableCompressibilityTesting = 1 AND encryption = 1 AND unlimitedWindowSize = 1,disableCompressibilityTesting AND encryption AND unlimitedWindowSize,0,1.0,1.0,1.0,86
random_2,20,3,disableCompressibilityTesting = 1 AND encryption = 1 AND unlimitedWindowSize = 1,compression AND disableCompressibilityTesting AND unlimitedWindowSize,1,0.7499999999999999,0.6,1.0,86
random_5,50,7,disableCompressibilityTesting = 1 AND encryption = 1 AND unlimitedWindowSize = 1,disableCompressibilityTesting AND encryption AND unlimitedWindowSize,0,1.0,1.0,1.0,86
random_10,100,7,disableCompressibilityTesting = 1 AND encryption = 1 AND unlimitedWindowSize = 1,NOT compressionGzip AND NOT compressionLrzip AND disableCompressibilityTesting AND encryption AND unlimitedWindowSize,1,0.923076923076923,1.0,0.8571428571428571,86
random_20,200,28,disableCompressibilityTesting = 1 AND encryption = 1 AND unlimitedWindowSize = 1,disableCompressibilityTesting AND encryption AND unlimitedWindowSize,0,1.0,1.0,1.0,86
2-wise,55,7,disableCompressibilityTesting = 1 AND encryption = 1 AND unlimitedWindowSize = 1,disableCompressibilityTesting AND encryption AND unlimitedWindowSize,0,1.0,1.0,1.0,86
3-wise,159,22,disableCompressibilityTesting = 1 AND encryption = 1 AND unlimitedWindowSize = 1,disableCompressibilityTesting AND NOT encryption AND unlimitedWindowSize,2,1.0,1.0,1.0,86
random_5,50,5,disableCompressibilityTesting = 1 AND encryption = 1 AND unlimitedWindowSize = 1,compressionZpaq AND encryption,1,0.6,0.6,0.6,87
random_10,100,18,disableCompressibilityTesting = 1 AND encryption = 1 AND unlimitedWindowSize = 1,NOT compressionGzip AND disableCompressibilityTesting AND encryption AND unlimitedWindowSize,0,1.0,1.0,1.0,87
random_20,200,24,disableCompressibilityTesting = 1 AND encryption = 1 AND unlimitedWindowSize = 1,compression AND disableCompressibilityTesting AND encryption AND unlimitedWindowSize,0,0.9787234042553192,1.0,0.9583333333333334,87
2-wise,57,6,disableCompressibilityTesting = 1 AND encryption = 1 AND unlimitedWindowSize = 1,compression AND NOT compressionZpaq AND disableCompressibilityTesting AND level != 1.00 AND unlimitedWindowSize,2,0.7692307692307692,0.7142857142857143,0.8333333333333334,87
3-wise,159,18,disableCompressibilityTesting = 1 AND encryption = 1 AND unlimitedWindowSize = 1,disableCompressibilityTesting AND encryption AND unlimitedWindowSize,0,1.0,1.0,1.0,87
4-wise,299,35,disableCompressibilityTesting = 1 AND encryption = 1 AND unlimitedWindowSize = 1,NOT disableCompressibilityTesting AND encryption AND NOT unlimitedWindowSize,0,1.0,1.0,1.0,87
full,432,54,disableCompressibilityTesting = 1 AND encryption = 1 AND unlimitedWindowSize = 1,disableCompressibilityTesting AND encryption AND unlimitedWindowSize,0,1.0,1.0,1.0,88
random_2,20,2,disableCompressibilityTesting = 1 AND encryption = 1 AND unlimitedWindowSize = 1,compression AND NOT compressionLzo AND level <= 7.00,2,0.2,0.125,0.5,88
random_5,50,8,disableCompressibilityTesting = 1 AND encryption = 1 AND unlimitedWindowSize = 1,NOT compressionGzip AND disableCompressibilityTesting AND encryption AND unlimitedWindowSize,0,1.0,1.0,1.0,88
random_10,100,15,disableCompressibilityTesting = 1 AND encryption = 1 AND unlimitedWindowSize = 1,disableCompressibilityTesting AND encryption AND unlimitedWindowSize,1,1.0,1.0,1.0,88
random_20,200,24,disableCompressibilityTesting = 1 AND encryption = 1 AND unlimitedWindowSize = 1,disableCompressibilityTesting AND encryption AND unlimitedWindowSize,0,1.0,1.0,1.0,88
2-wise,54,8,disableCompressibilityTesting = 1 AND encryption = 1 AND unlimitedWindowSize = 1,disableCompressibilityTesting AND unlimitedWindowSize,0,0.888888888888889,0.8,1.0,88
3-wise,151,18,disableCompressibilityTesting = 1 AND encryption = 1 AND unlimitedWindowSize = 1,NOT compressionBzip2 AND disableCompressibilityTesting AND encryption AND unlimitedWindowSize,0,0.9714285714285714,1.0,0.9444444444444444,88
4-wise,303,36,disableCompressibilityTesting = 1 AND encryption = 1 AND unlimitedWindowSize = 1,disableCompressibilityTesting AND encryption AND unlimitedWindowSize,1,1.0,1.0,1.0,88
full,432,54,disableCompressibilityTesting = 1 AND encryption = 1 AND unlimitedWindowSize = 1,disableCompressibilityTesting AND encryption AND unlimitedWindowSize,0,1.0,1.0,1.0,89
random_2,20,1,disableCompressibilityTesting = 1 AND encryption = 1 AND unlimitedWindowSize = 1,compression AND compressionLrzip AND unlimitedWindowSize,1,0.6666666666666666,0.5,1.0,89
random_5,50,6,disableCompressibilityTesting = 1 AND encryption = 1 AND unlimitedWindowSize = 1,compression AND NOT compressionBzip2 AND NOT compressionZpaq AND disableCompressibilityTesting AND encryption AND unlimitedWindowSize,1,1.0,1.0,1.0,89
random_10,100,10,disableCompressibilityTesting = 1 AND encryption = 1 AND unlimitedWindowSize = 1,NOT compressionBzip2 AND NOT compressionLzo AND disableCompressibilityTesting AND encryption AND unlimitedWindowSize,0,0.9473684210526316,1.0,0.9,89
random_20,200,29,disableCompressibilityTesting = 1 AND encryption = 1 AND unlimitedWindowSize = 1,disableCompressibilityTesting AND encryption AND unlimitedWindowSize,0,1.0,1.0,1.0,89
2-wise,59,7,disableCompressibilityTesting = 1 AND encryption = 1 AND unlimitedWindowSize = 1,NOT compressionLzo AND disableCompressibilityTesting AND encryption AND unlimitedWindowSize,1,1.0,1.0,1.0,89
3-wise,160,23,disableCompressibilityTesting = 1 AND encryption = 1 AND unlimitedWindowSize = 1,disableCompressibilityTesting AND encryption AND unlimitedWindowSize,0,1.0,1.0,1.0,89
4-wise,304,39,disableCompressibilityTesting = 1 AND encryption = 1 AND unlimitedWindowSize = 1,disableCompressibilityTesting AND encryption AND unlimitedWindowSize,0,1.0,1.0,1.0,89
full,432,54,disableCompressibilityTesting = 1 AND encryption = 1 AND unlimitedWindowSize = 1,disableCompressibilityTesting AND encryption AND unlimitedWindowSize,0,1.0,1.0,1.0,8
random_2,20,3,disableCompressibilityTesting = 1 AND encryption = 1 AND unlimitedWindowSize = 1,NOT compressionZpaq AND encryption AND unlimitedWindowSize,4,0.5714285714285715,0.5,0.6666666666666666,8
random_5,50,5,disableCompressibilityTesting = 1 AND encryption = 1 AND unlimitedWindowSize = 1,NOT compressionZpaq AND disableCompressibilityTesting AND encryption AND unlimitedWindowSize,1,1.0,1.0,1.0,8
random_10,100,15,disableCompressibilityTesting = 1 AND encryption = 1 AND unlimitedWindowSize = 1,disableCompressibilityTesting AND encryption AND unlimitedWindowSize,0,1.0,1.0,1.0,8
random_20,200,23,disableCompressibilityTesting = 1 AND encryption = 1 AND unlimitedWindowSize = 1,disableCompressibilityTesting AND encryption AND unlimitedWindowSize,3,1.0,1.0,1.0,8
2-wise,57,7,disableCompressibilityTesting = 1 AND encryption = 1 AND unlimitedWindowSize = 1,NOT compressionBzip2 AND NOT compressionLrzip AND disableCompressibilityTesting AND encryption AND unlimitedWindowSize,1,1.0,1.0,1.0,8
3-wise,155,17,disableCompressibilityTesting = 1 AND encryption = 1 AND unlimitedWindowSize = 1,disableCompressibilityTesting AND encryption AND unlimitedWindowSize,0,1.0,1.0,1.0,8
4-wise,305,35,disableCompressibilityTesting = 1 AND encryption = 1 AND unlimitedWindowSize = 1,disableCompressibilityTesting AND encryption AND unlimitedWindowSize,0,1.0,1.0,1.0,8
full,432,54,disableCompressibilityTesting = 1 AND encryption = 1 AND unlimitedWindowSize = 1,disableCompressibilityTesting AND encryption AND unlimitedWindowSize,0,1.0,1.0,1.0,90
random_2,20,1,disableCompressibilityTesting = 1 AND encryption = 1 AND unlimitedWindowSize = 1,compressionZpaq AND disableCompressibilityTesting AND level >= 5.00,2,0.6666666666666666,0.5,1.0,90
random_5,50,7,disableCompressibilityTesting = 1 AND encryption = 1 AND unlimitedWindowSize = 1,disableCompressibilityTesting AND encryption AND unlimitedWindowSize,0,1.0,1.0,1.0,90
random_10,100,18,disableCompressibilityTesting = 1 AND encryption = 1 AND unlimitedWindowSize = 1,disableCompressibilityTesting AND encryption AND unlimitedWindowSize,0,1.0,1.0,1.0,90
random_20,200,20,disableCompressibilityTesting = 1 AND encryption = 1 AND unlimitedWindowSize = 1,disableCompressibilityTesting AND encryption AND unlimitedWindowSize,0,1.0,1.0,1.0,90
2-wise,55,5,disableCompressibilityTesting = 1 AND encryption = 1 AND unlimitedWindowSize = 1,NOT compressionZpaq AND disableCompressibilityTesting AND encryption AND unlimitedWindowSize,4,1.0,1.0,1.0,90
3-wise,162,17,disableCompressibilityTesting = 1 AND encryption = 1 AND unlimitedWindowSize = 1,NOT compressionZpaq AND disableCompressibilityTesting AND encryption AND unlimitedWindowSize,0,0.9696969696969696,1.0,0.9411764705882352,90
4-wise,292,36,disableCompressibilityTesting = 1 AND encryption = 1 AND unlimitedWindowSize = 1,disableCompressibilityTesting AND encryption AND unlimitedWindowSize,0,1.0,1.0,1.0,90
full,432,54,disableCompressibilityTesting = 1 AND encryption = 1 AND unlimitedWindowSize = 1,disableCompressibilityTesting AND encryption AND unlimitedWindowSize,0,1.0,1.0,1.0,91
random_2,20,4,disableCompressibilityTesting = 1 AND encryption = 1 AND unlimitedWindowSize = 1,compressionZpaq AND NOT unlimitedWindowSize,0,0.0,0.0,0.0,91
random_5,50,4,disableCompressibilityTesting = 1 AND encryption = 1 AND unlimitedWindowSize = 1,NOT compressionGzip AND NOT compressionLrzip AND NOT compressionLzo,0,0.2068965517241379,0.12,0.75,91
random_10,100,13,disableCompressibilityTesting = 1 AND encryption = 1 AND unlimitedWindowSize = 1,disableCompressibilityTesting AND encryption AND unlimitedWindowSize,1,1.0,1.0,1.0,91
random_20,200,25,disableCompressibilityTesting = 1 AND encryption = 1 AND unlimitedWindowSize = 1,disableCompressibilityTesting AND encryption AND unlimitedWindowSize,0,1.0,1.0,1.0,91
2-wise,56,7,disableCompressibilityTesting = 1 AND encryption = 1 AND unlimitedWindowSize = 1,NOT compressionZpaq AND disableCompressibilityTesting AND encryption AND unlimitedWindowSize,0,1.0,1.0,1.0,91
3-wise,161,25,disableCompressibilityTesting = 1 AND encryption = 1 AND unlimitedWindowSize = 1,disableCompressibilityTesting AND encryption AND unlimitedWindowSize,0,1.0,1.0,1.0,91
4-wise,304,41,disableCompressibilityTesting = 1 AND encryption = 1 AND unlimitedWindowSize = 1,disableCompressibilityTesting AND encryption AND unlimitedWindowSize,1,1.0,1.0,1.0,91
full,432,54,disableCompressibilityTesting = 1 AND encryption = 1 AND unlimitedWindowSize = 1,disableCompressibilityTesting AND encryption AND unlimitedWindowSize,1,1.0,1.0,1.0,92
random_2,20,1,disableCompressibilityTesting = 1 AND encryption = 1 AND unlimitedWindowSize = 1,compression AND compressionGzip,0,0.4,0.25,1.0,92
random_5,50,6,disableCompressibilityTesting = 1 AND encryption = 1 AND unlimitedWindowSize = 1,compression AND NOT compressionGzip AND disableCompressibilityTesting AND encryption AND unlimitedWindowSize,0,1.0,1.0,1.0,92
random_10,100,24,disableCompressibilityTesting = 1 AND encryption = 1 AND unlimitedWindowSize = 1,disableCompressibilityTesting AND encryption AND unlimitedWindowSize,1,1.0,1.0,1.0,92
random_20,200,28,disableCompressibilityTesting = 1 AND encryption = 1 AND unlimitedWindowSize = 1,disableCompressibilityTesting AND encryption AND unlimitedWindowSize,0,1.0,1.0,1.0,92
2-wise,56,6,disableCompressibilityTesting = 1 AND encryption = 1 AND unlimitedWindowSize = 1,NOT compressionLrzip AND NOT compressionLzo AND encryption AND unlimitedWindowSize,3,0.6666666666666666,0.6666666666666666,0.6666666666666666,92
3-wise,156,25,disableCompressibilityTesting = 1 AND encryption = 1 AND unlimitedWindowSize = 1,disableCompressibilityTesting AND encryption AND NOT unlimitedWindowSize,0,1.0,1.0,1.0,92
4-wise,302,42,disableCompressibilityTesting = 1 AND encryption = 1 AND unlimitedWindowSize = 1,disableCompressibilityTesting AND encryption AND unlimitedWindowSize,0,1.0,1.0,1.0,92
full,432,54,disableCompressibilityTesting = 1 AND encryption = 1 AND unlimitedWindowSize = 1,disableCompressibilityTesting AND encryption AND unlimitedWindowSize,0,1.0,1.0,1.0,93
random_2,20,5,disableCompressibilityTesting = 1 AND encryption = 1 AND unlimitedWindowSize = 1,compression AND NOT compressionGzip AND NOT compressionLrzip AND unlimitedWindowSize,2,0.8333333333333333,0.7142857142857143,1.0,93
random_5,50,14,disableCompressibilityTesting = 1 AND encryption = 1 AND unlimitedWindowSize = 1,NOT compressionGzip AND disableCompressibilityTesting AND encryption AND unlimitedWindowSize,1,0.923076923076923,1.0,0.8571428571428571,93
random_10,100,11,disableCompressibilityTesting = 1 AND encryption = 1 AND unlimitedWindowSize = 1,disableCompressibilityTesting AND level != 9.00 AND unlimitedWindowSize,0,0.6111111111111112,0.44,1.0,93
random_20,200,19,disableCompressibilityTesting = 1 AND encryption = 1 AND unlimitedWindowSize = 1,disableCompressibilityTesting AND encryption AND unlimitedWindowSize,0,1.0,1.0,1.0,93
2-wise,59,14,disableCompressibilityTesting = 1 AND encryption = 1 AND unlimitedWindowSize = 1,disableCompressibilityTesting AND encryption AND unlimitedWindowSize,3,1.0,1.0,1.0,93
3-wise,156,21,disableCompressibilityTesting = 1 AND encryption = 1 AND unlimitedWindowSize = 1,NOT compressionLzo AND NOT disableCompressibilityTesting AND encryption AND unlimitedWindowSize,0,0.975609756097561,1.0,0.9523809523809524,93
4-wise,304,44,disableCompressibilityTesting = 1 AND encryption = 1 AND unlimitedWindowSize = 1,disableCompressibilityTesting AND encryption AND unlimitedWindowSize,3,1.0,1.0,1.0,93
full,432,54,disableCompressibilityTesting = 1 AND encryption = 1 AND unlimitedWindowSize = 1,disableCompressibilityTesting AND encryption AND unlimitedWindowSize,0,1.0,1.0,1.0,94
random_2,20,3,disableCompressibilityTesting = 1 AND encryption = 1 AND unlimitedWindowSize = 1,NOT compressionBzip2 AND NOT compressionLzo AND disableCompressibilityTesting,0,0.7499999999999999,0.6,1.0,94
random_5,50,5,disableCompressibilityTesting = 1 AND encryption = 1 AND unlimitedWindowSize = 1,compression AND NOT compressionZpaq AND disableCompressibilityTesting AND encryption AND unlimitedWindowSize,1,1.0,1.0,1.0,94
random_10,100,11,disableCompressibilityTesting = 1 AND encryption = 1 AND unlimitedWindowSize = 1,disableCompressibilityTesting AND encryption AND unlimitedWindowSize,1,1.0,1.0,1.0,94
random_20,200,26,disableCompressibilityTesting = 1 AND encryption = 1 AND unlimitedWindowSize = 1,disableCompressibilityTesting AND encryption AND unlimitedWindowSize,0,1.0,1.0,1.0,94
2-wise,55,6,disableCompressibilityTesting = 1 AND encryption = 1 AND unlimitedWindowSize = 1,disableCompressibilityTesting AND encryption AND unlimitedWindowSize,0,1.0,1.0,1.0,94
3-wise,152,21,disableCompressibilityTesting = 1 AND encryption = 1 AND unlimitedWindowSize = 1,disableCompressibilityTesting AND encryption AND unlimitedWindowSize,1,1.0,1.0,1.0,94
4-wise,306,37,disableCompressibilityTesting = 1 AND encryption = 1 AND unlimitedWindowSize = 1,disableCompressibilityTesting AND encryption AND unlimitedWindowSize,0,1.0,1.0,1.0,94
full,432,54,disableCompressibilityTesting = 1 AND encryption = 1 AND unlimitedWindowSize = 1,disableCompressibilityTesting AND encryption AND unlimitedWindowSize,0,1.0,1.0,1.0,95
random_2,20,2,disableCompressibilityTesting = 1 AND encryption = 1 AND unlimitedWindowSize = 1,NOT compressionBzip2 AND NOT compressionLzo AND disableCompressibilityTesting,1,0.6666666666666666,0.5,1.0,95
random_5,50,7,disableCompressibilityTesting = 1 AND encryption = 1 AND unlimitedWindowSize = 1,disableCompressibilityTesting AND encryption AND unlimitedWindowSize,1,1.0,1.0,1.0,95
random_10,100,13,disableCompressibilityTesting = 1 AND encryption = 1 AND unlimitedWindowSize = 1,disableCompressibilityTesting AND encryption AND unlimitedWindowSize,0,1.0,1.0,1.0,95
random_20,200,24,disableCompressibilityTesting = 1 AND encryption = 1 AND unlimitedWindowSize = 1,disableCompressibilityTesting AND encryption AND unlimitedWindowSize,0,1.0,1.0,1.0,95
2-wise,57,4,disableCompressibilityTesting = 1 AND encryption = 1 AND unlimitedWindowSize = 1,compression AND NOT compressionBzip2 AND NOT compressionZpaq AND disableCompressibilityTesting AND level <= 6.00,1,0.6153846153846153,0.4444444444444444,1.0,95
3-wise,160,20,disableCompressibilityTesting = 1 AND encryption = 1 AND unlimitedWindowSize = 1,disableCompressibilityTesting AND encryption AND unlimitedWindowSize,0,1.0,1.0,1.0,95
4-wise,295,34,disableCompressibilityTesting = 1 AND encryption = 1 AND unlimitedWindowSize = 1,disableCompressibilityTesting AND encryption AND unlimitedWindowSize,3,1.0,1.0,1.0,95
full,432,54,disableCompressibilityTesting = 1 AND encryption = 1 AND unlimitedWindowSize = 1,disableCompressibilityTesting AND encryption AND unlimitedWindowSize,0,1.0,1.0,1.0,96
random_2,20,4,disableCompressibilityTesting = 1 AND encryption = 1 AND unlimitedWindowSize = 1,NOT compressionLrzip AND disableCompressibilityTesting AND encryption AND level <= 7.00,1,0.8,0.6666666666666666,1.0,96
random_5,50,7,disableCompressibilityTesting = 1 AND encryption = 1 AND unlimitedWindowSize = 1,compression AND NOT compressionZpaq AND disableCompressibilityTesting AND unlimitedWindowSize,1,0.7999999999999999,0.75,0.8571428571428571,96
random_10,100,9,disableCompressibilityTesting = 1 AND encryption = 1 AND unlimitedWindowSize = 1,disableCompressibilityTesting AND encryption AND unlimitedWindowSize,1,1.0,1.0,1.0,96
random_20,200,27,disableCompressibilityTesting = 1 AND encryption = 1 AND unlimitedWindowSize = 1,disableCompressibilityTesting AND encryption AND unlimitedWindowSize,0,1.0,1.0,1.0,96
2-wise,56,7,disableCompressibilityTesting = 1 AND encryption = 1 AND unlimitedWindowSize = 1,NOT compressionBzip2 AND NOT compressionZpaq AND disableCompressibilityTesting AND encryption AND unlimitedWindowSize,1,1.0,1.0,1.0,96
3-wise,159,17,disableCompressibilityTesting = 1 AND encryption = 1 AND unlimitedWindowSize = 1,NOT compressionBzip2 AND disableCompressibilityTesting AND NOT encryption AND unlimitedWindowSize,2,0.9696969696969696,1.0,0.9411764705882352,96
4-wise,305,36,disableCompressibilityTesting = 1 AND encryption = 1 AND unlimitedWindowSize = 1,disableCompressibilityTesting AND encryption AND unlimitedWindowSize,1,1.0,1.0,1.0,96
full,432,54,disableCompressibilityTesting = 1 AND encryption = 1 AND unlimitedWindowSize = 1,disableCompressibilityTesting AND encryption AND unlimitedWindowSize,2,1.0,1.0,1.0,97
random_2,20,2,disableCompressibilityTesting = 1 AND encryption = 1 AND unlimitedWindowSize = 1,NOT compressionBzip2 AND unlimitedWindowSize,1,0.6666666666666666,0.5,1.0,97
random_5,50,12,disableCompressibilityTesting = 1 AND encryption = 1 AND unlimitedWindowSize = 1,NOT compressionGzip AND disableCompressibilityTesting AND encryption AND unlimitedWindowSize,4,1.0,1.0,1.0,97
random_10,100,11,disableCompressibilityTesting = 1 AND encryption = 1 AND unlimitedWindowSize = 1,disableCompressibilityTesting AND encryption AND unlimitedWindowSize,2,1.0,1.0,1.0,97
random_20,200,27,disableCompressibilityTesting = 1 AND encryption = 1 AND unlimitedWindowSize = 1,disableCompressibilityTesting AND encryption AND unlimitedWindowSize,0,1.0,1.0,1.0,97
2-wise,54,8,disableCompressibilityTesting = 1 AND encryption = 1 AND unlimitedWindowSize = 1,compression AND disableCompressibilityTesting AND encryption AND unlimitedWindowSize,4,0.8571428571428571,1.0,0.75,97
3-wise,154,28,disableCompressibilityTesting = 1 AND encryption = 1 AND unlimitedWindowSize = 1,disableCompressibilityTesting AND encryption AND unlimitedWindowSize,2,1.0,1.0,1.0,97
4-wise,295,43,disableCompressibilityTesting = 1 AND encryption = 1 AND unlimitedWindowSize = 1,disableCompressibilityTesting AND encryption AND unlimitedWindowSize,0,1.0,1.0,1.0,97
full,432,54,disableCompressibilityTesting = 1 AND encryption = 1 AND unlimitedWindowSize = 1,disableCompressibilityTesting AND encryption AND unlimitedWindowSize,0,1.0,1.0,1.0,98
random_2,20,3,disableCompressibilityTesting = 1 AND encryption = 1 AND unlimitedWindowSize = 1,NOT compressionLrzip AND disableCompressibilityTesting AND encryption AND unlimitedWindowSize,2,1.0,1.0,1.0,98
random_5,50,8,disableCompressibilityTesting = 1 AND encryption = 1 AND unlimitedWindowSize = 1,compression AND disableCompressibilityTesting AND encryption AND unlimitedWindowSize,0,1.0,1.0,1.0,98
random_10,100,9,disableCompressibilityTesting = 1 AND encryption = 1 AND unlimitedWindowSize = 1,disableCompressibilityTesting AND level != 1.00 AND unlimitedWindowSize,1,0.6428571428571429,0.4736842105263157,1.0,98
random_20,200,31,disableCompressibilityTesting = 1 AND encryption = 1 AND unlimitedWindowSize = 1,disableCompressibilityTesting AND encryption AND unlimitedWindowSize,0,1.0,1.0,1.0,98
2-wise,55,5,disableCompressibilityTesting = 1 AND encryption = 1 AND unlimitedWindowSize = 1,NOT compressionBzip2 AND NOT compressionLzo AND NOT disableCompressibilityTesting AND unlimitedWindowSize,1,0.7142857142857143,0.5555555555555556,1.0,98
3-wise,157,23,disableCompressibilityTesting = 1 AND encryption = 1 AND unlimitedWindowSize = 1,disableCompressibilityTesting AND encryption AND unlimitedWindowSize,0,1.0,1.0,1.0,98
4-wise,301,38,disableCompressibilityTesting = 1 AND encryption = 1 AND unlimitedWindowSize = 1,disableCompressibilityTesting AND encryption AND unlimitedWindowSize,0,1.0,1.0,1.0,98
full,432,54,disableCompressibilityTesting = 1 AND encryption = 1 AND unlimitedWindowSize = 1,disableCompressibilityTesting AND encryption AND unlimitedWindowSize,0,1.0,1.0,1.0,99
random_2,20,5,disableCompressibilityTesting = 1 AND encryption = 1 AND unlimitedWindowSize = 1,NOT compressionLrzip AND NOT compressionZpaq AND disableCompressibilityTesting AND unlimitedWindowSize,3,1.0,1.0,1.0,99
random_5,50,11,disableCompressibilityTesting = 1 AND encryption = 1 AND unlimitedWindowSize = 1,disableCompressibilityTesting AND encryption,3,0.7857142857142858,0.6470588235294118,1.0,99
random_10,100,15,disableCompressibilityTesting = 1 AND encryption = 1 AND unlimitedWindowSize = 1,disableCompressibilityTesting AND encryption AND unlimitedWindowSize,1,1.0,1.0,1.0,99
random_20,200,21,disableCompressibilityTesting = 1 AND encryption = 1 AND unlimitedWindowSize = 1,disableCompressibilityTesting AND encryption AND unlimitedWindowSize,0,1.0,1.0,1.0,99
2-wise,56,8,disableCompressibilityTesting = 1 AND encryption = 1 AND unlimitedWindowSize = 1,NOT compressionLrzip AND disableCompressibilityTesting AND encryption AND unlimitedWindowSize,3,1.0,1.0,1.0,99
3-wise,157,17,disableCompressibilityTesting = 1 AND encryption = 1 AND unlimitedWindowSize = 1,disableCompressibilityTesting AND encryption AND unlimitedWindowSize,0,1.0,1.0,1.0,99
full,432,54,disableCompressibilityTesting = 1 AND encryption = 1 AND unlimitedWindowSize = 1,disableCompressibilityTesting AND encryption AND unlimitedWindowSize,1,1.0,1.0,1.0,9
random_2,20,5,disableCompressibilityTesting = 1 AND encryption = 1 AND unlimitedWindowSize = 1,NOT compressionGzip AND NOT compressionLrzip AND disableCompressibilityTesting AND unlimitedWindowSize,2,0.7272727272727272,0.6666666666666666,0.8,9
random_5,50,10,disableCompressibilityTesting = 1 AND encryption = 1 AND unlimitedWindowSize = 1,disableCompressibilityTesting AND encryption AND unlimitedWindowSize,2,1.0,1.0,1.0,9
random_10,100,15,disableCompressibilityTesting = 1 AND encryption = 1 AND unlimitedWindowSize = 1,disableCompressibilityTesting AND encryption AND unlimitedWindowSize,3,1.0,1.0,1.0,9
random_20,200,25,disableCompressibilityTesting = 1 AND encryption = 1 AND unlimitedWindowSize = 1,disableCompressibilityTesting AND encryption AND unlimitedWindowSize,3,1.0,1.0,1.0,9
2-wise,58,14,disableCompressibilityTesting = 1 AND encryption = 1 AND unlimitedWindowSize = 1,disableCompressibilityTesting AND encryption AND unlimitedWindowSize,0,1.0,1.0,1.0,9
3-wise,153,21,disableCompressibilityTesting = 1 AND encryption = 1 AND unlimitedWindowSize = 1,NOT disableCompressibilityTesting AND encryption AND NOT unlimitedWindowSize,2,1.0,1.0,1.0,9
4-wise,294,38,disableCompressibilityTesting = 1 AND encryption = 1 AND unlimitedWindowSize = 1,disableCompressibilityTesting AND encryption AND unlimitedWindowSize,0,1.0,1.0,1.0,9
