sampling_strategy,sample_size,sg_cardinality,sg_rule,best_rule,best_rule_idx,f1,precision,recall,seed
full,60000,10000,polly_no_tiling = 1 AND polly_parallel = 1 AND value_based = 1,polly_no_tiling AND polly_parallel AND value_based,1,1.0,1.0,1.0,0
random_2,46,9,min = 1 AND none = 1 AND value_based = 1,min AND none AND pollydefaulttilesize != 1024.00 AND NOT pollyoptmaxcoefficient_1000 AND value_based,4,1.0,1.0,1.0,0
random_5,115,16,max = 1 AND parallel_force = 1 AND polly_parallel = 1,max AND parallel_force,2,1.0,1.0,1.0,0
random_10,230,43,memory_based = 1 AND polly = 1 AND polly_parallel = 1,memory_based AND polly AND polly_parallel,1,1.0,1.0,1.0,0
random_20,460,63,none = 1 AND polly_no_tiling = 1 AND value_based = 1,NOT parallel AND NOT pollyoptmaxcoefficient_10000 AND NOT pollyoptmaxconstantterm_10 AND NOT pollyoptmaxconstantterm_100 AND value_based,2,0.3172413793103448,0.2804878048780488,0.365079365079365,0
2-wise,54,7,min = 1 AND polly = 1 AND polly_opt_simplify_deps = 1,polly AND polly_no_tiling AND NOT pollyoptmaxcoefficient_100 AND NOT pollyoptmaxconstantterm_10,0,0.5,0.4444444444444444,0.5714285714285714,0
3-wise,257,31,none = 1 AND polly_no_tiling = 1 AND polly_opt_simplify_deps = 1,none AND polly_no_tiling AND polly_opt_simplify_deps,0,1.0,1.0,1.0,0
4-wise,943,113,min = 1 AND polly_no_tiling = 1 AND polly_opt_simplify_deps = 1,min AND polly_no_tiling AND polly_opt_simplify_deps,2,1.0,1.0,1.0,0
full,60000,7500,none = 1 AND polly_no_tiling = 1 AND value_based = 1,none AND polly_no_tiling AND value_based,0,1.0,1.0,1.0,10
random_2,46,5,none = 1 AND polly_no_tiling = 1 AND value_based = 1,pollydefaulttilesize != 1024.00 AND NOT pollyoptmaxcoefficient_1000 AND NOT pollyoptmaxconstantterm_10000 AND pollyrtcmaxparameters >= 4.00 AND value_based,4,0.8000000000000002,0.8,0.8,10
random_5,115,12,none = 1 AND polly_no_tiling = 1 AND value_based = 1,none AND polly_no_tiling AND value_based,1,1.0,1.0,1.0,10
random_10,230,21,none = 1 AND polly_no_tiling = 1 AND value_based = 1,polly_no_tiling AND NOT pollyoptmaxcoefficient_10000 AND value_based,4,0.6428571428571428,0.5142857142857142,0.8571428571428571,10
random_20,460,53,none = 1 AND polly_no_tiling = 1 AND value_based = 1,none AND polly_no_tiling AND value_based,0,1.0,1.0,1.0,10
2-wise,52,5,none = 1 AND polly_no_tiling = 1 AND value_based = 1,none AND polly_no_tiling AND pollydefaulttilesize >= 16.00 AND NOT pollyoptmaxcoefficient_10 AND NOT pollyoptmaxconstantterm_10000,1,0.7499999999999999,1.0,0.6,10
3-wise,247,33,none = 1 AND polly_no_tiling = 1 AND value_based = 1,none AND polly_no_tiling AND value_based,2,1.0,1.0,1.0,10
4-wise,960,135,none = 1 AND polly_no_tiling = 1 AND value_based = 1,none AND polly_no_tiling AND value_based,1,1.0,1.0,1.0,10
random_2,46,4,min = 1 AND polly_opt_simplify_deps = 1 AND value_based = 1,min AND NOT pollyoptmaxconstantterm_100 AND NOT pollyoptmaxconstantterm_1000 AND NOT value_based,1,0.888888888888889,0.8,1.0,11
random_5,115,12,min = 1 AND polly_opt_simplify_deps = 1 AND value_based = 1,min AND polly_opt_simplify_deps AND value_based,0,1.0,1.0,1.0,11
random_10,230,27,min = 1 AND polly_opt_simplify_deps = 1 AND value_based = 1,min AND polly_opt_simplify_deps AND value_based,2,1.0,1.0,1.0,11
random_20,460,65,min = 1 AND polly_opt_simplify_deps = 1 AND value_based = 1,min AND polly_opt_simplify_deps AND value_based,0,1.0,1.0,1.0,11
2-wise,60,4,min = 1 AND polly_opt_simplify_deps = 1 AND value_based = 1,none AND polly_no_tiling AND polly_opt_simplify_deps AND NOT pollyoptmaxcoefficient_1 AND NOT pollyoptmaxconstantterm_1000,0,0.4444444444444445,0.4,0.5,11
3-wise,250,26,min = 1 AND polly_opt_simplify_deps = 1 AND value_based = 1,min AND polly_opt_simplify_deps AND NOT pollyoptmaxcoefficient_1 AND NOT pollyoptmaxconstantterm_10 AND value_based,0,0.8695652173913044,1.0,0.7692307692307693,11
4-wise,952,109,min = 1 AND polly_opt_simplify_deps = 1 AND value_based = 1,min AND polly_opt_simplify_deps AND value_based,0,1.0,1.0,1.0,11
random_2,46,6,parallel = 1 AND polly_opt_simplify_deps = 1 AND polly_parallel = 1,max AND polly_parallel AND NOT pollyoptmaxcoefficient_100 AND NOT pollyoptmaxcoefficient_1000 AND NOT pollyoptmaxconstantterm_100,0,0.6,0.4285714285714285,1.0,12
random_5,115,19,parallel = 1 AND polly_opt_simplify_deps = 1 AND polly_parallel = 1,parallel AND polly_opt_simplify_deps,1,1.0,1.0,1.0,12
random_10,230,36,parallel = 1 AND polly_opt_simplify_deps = 1 AND polly_parallel = 1,parallel,2,0.6857142857142856,0.5217391304347826,1.0,12
random_20,460,90,parallel = 1 AND polly_opt_simplify_deps = 1 AND polly_parallel = 1,parallel AND polly_opt_simplify_deps,0,1.0,1.0,1.0,12
2-wise,55,9,parallel = 1 AND polly_opt_simplify_deps = 1 AND polly_parallel = 1,parallel AND NOT pollyoptmaxcoefficient_10000 AND NOT pollyoptmaxconstantterm_10 AND pollyrtcmaxparameters != 1.00,0,0.7368421052631577,0.7,0.7777777777777778,12
3-wise,252,41,parallel = 1 AND polly_opt_simplify_deps = 1 AND polly_parallel = 1,parallel AND NOT polly_opt_simplify_deps,0,1.0,1.0,1.0,12
4-wise,945,160,parallel = 1 AND polly_opt_simplify_deps = 1 AND polly_parallel = 1,parallel AND polly_opt_simplify_deps,0,1.0,1.0,1.0,12
full,60000,10000,max = 1 AND polly_parallel = 1 AND value_based = 1,max AND polly_parallel AND value_based,0,1.0,1.0,1.0,13
random_2,46,11,max = 1 AND polly_parallel = 1 AND value_based = 1,NOT polly_opt_simplify_deps AND pollydefaulttilesize != 1024.00 AND NOT pollyoptmaxconstantterm_100 AND NOT pollyoptmaxconstantterm_1000 AND pollyrtcmaxparameters >= 2.00,2,0.380952380952381,0.4,0.3636363636363636,13
random_5,115,25,max = 1 AND polly_parallel = 1 AND value_based = 1,max AND polly_parallel AND value_based,1,1.0,1.0,1.0,13
random_10,230,38,max = 1 AND polly_parallel = 1 AND value_based = 1,max AND polly_parallel AND value_based,1,1.0,1.0,1.0,13
random_20,460,80,max = 1 AND polly_parallel = 1 AND value_based = 1,max AND polly_parallel AND value_based,0,1.0,1.0,1.0,13
2-wise,48,10,max = 1 AND polly_parallel = 1 AND value_based = 1,max AND polly_parallel AND value_based,1,1.0,1.0,1.0,13
3-wise,256,35,max = 1 AND polly_parallel = 1 AND value_based = 1,max AND polly_parallel AND value_based,0,1.0,1.0,1.0,13
4-wise,986,167,max = 1 AND polly_parallel = 1 AND value_based = 1,max AND polly_parallel AND value_based,0,1.0,1.0,1.0,13
full,60000,7500,max = 1 AND polly_no_tiling = 1 AND value_based = 1,max AND polly_no_tiling AND value_based,0,1.0,1.0,1.0,14
random_2,46,4,max = 1 AND polly_no_tiling = 1 AND value_based = 1,pollydefaulttilesize >= 16.00 AND NOT pollyoptmaxconstantterm_1000 AND NOT pollyoptmaxconstantterm_10000 AND pollyrtcmaxparameters <= 4.00 AND value_based,2,0.888888888888889,0.8,1.0,14
random_5,115,16,max = 1 AND polly_no_tiling = 1 AND value_based = 1,NOT max AND NOT pollyoptmaxcoefficient_1000 AND NOT pollyoptmaxconstantterm_100 AND NOT pollyoptmaxconstantterm_1000 AND pollyrtcmaxparameters != 16.00 AND value_based,3,0.5714285714285715,0.6666666666666666,0.5,14
random_10,230,30,max = 1 AND polly_no_tiling = 1 AND value_based = 1,max AND polly_no_tiling AND value_based,0,1.0,1.0,1.0,14
random_20,460,50,max = 1 AND polly_no_tiling = 1 AND value_based = 1,max AND polly_no_tiling AND NOT value_based,0,1.0,1.0,1.0,14
2-wise,53,7,max = 1 AND polly_no_tiling = 1 AND value_based = 1,max AND NOT parallel_force AND NOT polly_opt_simplify_deps AND NOT pollyoptmaxconstantterm_10,0,0.7142857142857143,0.7142857142857143,0.7142857142857143,14
3-wise,237,29,max = 1 AND polly_no_tiling = 1 AND value_based = 1,NOT max AND polly_no_tiling AND value_based,1,1.0,1.0,1.0,14
4-wise,956,124,max = 1 AND polly_no_tiling = 1 AND value_based = 1,max AND polly_no_tiling AND value_based,1,1.0,1.0,1.0,14
full,60000,7500,memory_based = 1 AND min = 1 AND none = 1,memory_based AND min AND none,0,1.0,1.0,1.0,15
random_5,115,10,memory_based = 1 AND min = 1 AND none = 1,none AND pollyoptmaxconstantterm_100 AND pollyrtcmaxparameters >= 2.00,1,0.4444444444444445,0.5,0.4,15
random_10,230,25,memory_based = 1 AND min = 1 AND none = 1,memory_based AND min AND NOT none,1,1.0,1.0,1.0,15
random_20,460,49,memory_based = 1 AND min = 1 AND none = 1,memory_based AND NOT min AND none,0,1.0,1.0,1.0,15
2-wise,56,9,memory_based = 1 AND min = 1 AND none = 1,memory_based AND min AND NOT pollyoptmaxcoefficient_100 AND NOT pollyoptmaxcoefficient_10000 AND NOT pollyoptmaxconstantterm_10,1,0.6666666666666666,0.6666666666666666,0.6666666666666666,15
3-wise,265,44,memory_based = 1 AND min = 1 AND none = 1,memory_based AND min AND none,2,1.0,1.0,1.0,15
4-wise,967,125,memory_based = 1 AND min = 1 AND none = 1,memory_based AND min AND none,0,1.0,1.0,1.0,15
full,60000,10000,polly = 1 AND polly_no_tiling = 1 AND polly_parallel = 1,polly AND polly_no_tiling AND polly_parallel,0,1.0,1.0,1.0,16
random_2,46,9,polly = 1 AND polly_no_tiling = 1 AND polly_parallel = 1,polly AND polly_no_tiling AND polly_parallel AND NOT pollyoptmaxcoefficient_10,1,1.0,1.0,1.0,16
random_5,115,17,polly = 1 AND polly_no_tiling = 1 AND polly_parallel = 1,NOT polly AND polly_no_tiling AND polly_parallel,1,1.0,1.0,1.0,16
random_10,230,39,polly = 1 AND polly_no_tiling = 1 AND polly_parallel = 1,polly AND polly_no_tiling AND polly_parallel,0,1.0,1.0,1.0,16
random_20,460,97,polly = 1 AND polly_no_tiling = 1 AND polly_parallel = 1,polly AND polly_no_tiling,0,0.8778280542986425,0.782258064516129,1.0,16
2-wise,48,10,polly = 1 AND polly_no_tiling = 1 AND polly_parallel = 1,NOT polly_no_tiling AND polly_parallel AND NOT pollyoptmaxconstantterm_100,2,0.8181818181818182,0.75,0.9,16
3-wise,250,44,polly = 1 AND polly_no_tiling = 1 AND polly_parallel = 1,polly AND NOT polly_no_tiling AND polly_parallel,1,1.0,1.0,1.0,16
4-wise,960,165,polly = 1 AND polly_no_tiling = 1 AND polly_parallel = 1,polly AND polly_no_tiling AND polly_parallel,0,1.0,1.0,1.0,16
full,60000,10000,polly_no_tiling = 1 AND polly_opt_simplify_deps = 1 AND polly_parallel = 1,polly_no_tiling AND polly_opt_simplify_deps AND polly_parallel,1,1.0,1.0,1.0,17
random_2,46,11,polly_no_tiling = 1 AND polly_opt_simplify_deps = 1 AND polly_parallel = 1,polly_opt_simplify_deps AND pollyoptmaxcoefficient_10,0,0.5714285714285713,0.6,0.5454545454545454,17
random_5,115,14,polly_no_tiling = 1 AND polly_opt_simplify_deps = 1 AND polly_parallel = 1,NOT polly_no_tiling AND polly_opt_simplify_deps AND value_based,3,0.6451612903225806,0.5882352941176471,0.7142857142857143,17
random_10,230,32,polly_no_tiling = 1 AND polly_opt_simplify_deps = 1 AND polly_parallel = 1,polly_opt_simplify_deps AND polly_parallel AND pollydefaulttilesize != 1024.00 AND NOT pollyoptmaxcoefficient_1000 AND NOT pollyoptmaxconstantterm_1000 AND NOT pollyoptmaxconstantterm_10000,2,0.5074626865671641,0.4857142857142857,0.53125,17
random_20,460,83,polly_no_tiling = 1 AND polly_opt_simplify_deps = 1 AND polly_parallel = 1,polly_no_tiling AND polly_opt_simplify_deps AND polly_parallel,0,1.0,1.0,1.0,17
2-wise,49,10,polly_no_tiling = 1 AND polly_opt_simplify_deps = 1 AND polly_parallel = 1,parallel AND NOT pollyoptmaxcoefficient_10 AND NOT pollyoptmaxcoefficient_100,3,0.6,0.6,0.6,17
3-wise,255,42,polly_no_tiling = 1 AND polly_opt_simplify_deps = 1 AND polly_parallel = 1,polly_no_tiling AND polly_opt_simplify_deps AND polly_parallel,1,1.0,1.0,1.0,17
4-wise,942,163,polly_no_tiling = 1 AND polly_opt_simplify_deps = 1 AND polly_parallel = 1,parallel_force AND polly_no_tiling AND polly_opt_simplify_deps AND NOT pollyoptmaxconstantterm_10,0,0.6528925619834711,1.0,0.4846625766871165,17
full,60000,7500,min = 1 AND none = 1 AND polly_no_tiling = 1,min AND none AND polly_no_tiling,0,1.0,1.0,1.0,18
random_2,46,2,min = 1 AND none = 1 AND polly_no_tiling = 1,min AND polly_no_tiling AND polly_opt_simplify_deps AND NOT pollyoptmaxcoefficient_1 AND NOT pollyoptmaxcoefficient_10 AND NOT pollyoptmaxconstantterm_1,4,0.5714285714285715,0.4,1.0,18
random_5,115,17,min = 1 AND none = 1 AND polly_no_tiling = 1,min AND none AND polly_no_tiling,1,1.0,1.0,1.0,18
random_10,230,31,min = 1 AND none = 1 AND polly_no_tiling = 1,min AND none AND polly_no_tiling,0,1.0,1.0,1.0,18
random_20,460,69,min = 1 AND none = 1 AND polly_no_tiling = 1,min AND none AND polly_no_tiling,1,1.0,1.0,1.0,18
2-wise,54,5,min = 1 AND none = 1 AND polly_no_tiling = 1,memory_based AND NOT pollyoptmaxcoefficient_1 AND NOT pollyoptmaxconstantterm_100 AND NOT pollyoptmaxconstantterm_10000,3,0.2,0.1333333333333333,0.4,18
3-wise,250,30,min = 1 AND none = 1 AND polly_no_tiling = 1,min AND none AND polly_no_tiling,2,1.0,1.0,1.0,18
4-wise,956,116,min = 1 AND none = 1 AND polly_no_tiling = 1,min AND none AND polly_no_tiling,0,1.0,1.0,1.0,18
full,60000,10000,none = 1 AND polly_parallel = 1 AND value_based = 1,none AND polly_parallel AND value_based,0,1.0,1.0,1.0,19
random_2,46,11,none = 1 AND polly_parallel = 1 AND value_based = 1,none AND parallel AND pollydefaulttilesize >= 16.00 AND NOT pollyoptmaxcoefficient_1000 AND value_based,4,0.5333333333333333,1.0,0.3636363636363636,19
random_5,115,20,none = 1 AND polly_parallel = 1 AND value_based = 1,none AND value_based,2,0.9090909090909092,0.8333333333333334,1.0,19
random_10,230,40,none = 1 AND polly_parallel = 1 AND value_based = 1,parallel_force AND NOT pollyoptmaxcoefficient_1000 AND NOT pollyoptmaxconstantterm_1 AND NOT pollyoptmaxconstantterm_10,3,0.3764705882352941,0.3555555555555555,0.4,19
random_20,460,84,none = 1 AND polly_parallel = 1 AND value_based = 1,none AND polly_parallel AND value_based,0,1.0,1.0,1.0,19
2-wise,57,13,none = 1 AND polly_parallel = 1 AND value_based = 1,none AND polly_parallel AND pollyrtcmaxparameters != 16.00 AND value_based,3,1.0,1.0,1.0,19
3-wise,245,50,none = 1 AND polly_parallel = 1 AND value_based = 1,none AND polly_parallel AND value_based,2,1.0,1.0,1.0,19
4-wise,966,178,none = 1 AND polly_parallel = 1 AND value_based = 1,none AND polly_parallel AND value_based,0,1.0,1.0,1.0,19
full,60000,10000,parallel_force = 1 AND polly_no_tiling = 1 AND polly_parallel = 1,NOT parallel_force AND polly_no_tiling AND polly_parallel,1,1.0,1.0,1.0,1
random_2,46,5,parallel_force = 1 AND polly_no_tiling = 1 AND polly_parallel = 1,none AND polly_opt_simplify_deps AND pollydefaulttilesize != 1024.00 AND NOT pollyoptmaxconstantterm_1 AND NOT pollyoptmaxconstantterm_1000,2,0.2,0.2,0.2,1
random_5,115,23,parallel_force = 1 AND polly_no_tiling = 1 AND polly_parallel = 1,parallel_force,4,0.7540983606557378,0.6052631578947368,1.0,1
random_10,230,40,parallel_force = 1 AND polly_no_tiling = 1 AND polly_parallel = 1,parallel_force AND polly_no_tiling AND polly_parallel,1,1.0,1.0,1.0,1
random_20,460,69,parallel_force = 1 AND polly_no_tiling = 1 AND polly_parallel = 1,parallel_force AND polly_no_tiling,1,1.0,1.0,1.0,1
2-wise,56,8,parallel_force = 1 AND polly_no_tiling = 1 AND polly_parallel = 1,parallel_force AND polly_no_tiling AND pollydefaulttilesize != 1024.00,1,1.0,1.0,1.0,1
3-wise,261,44,parallel_force = 1 AND polly_no_tiling = 1 AND polly_parallel = 1,parallel_force AND polly_no_tiling,2,1.0,1.0,1.0,1
4-wise,978,159,parallel_force = 1 AND polly_no_tiling = 1 AND polly_parallel = 1,parallel_force AND NOT polly_no_tiling,1,1.0,1.0,1.0,1
full,60000,7500,memory_based = 1 AND min = 1 AND polly_opt_simplify_deps = 1,memory_based AND min AND polly_opt_simplify_deps,0,1.0,1.0,1.0,20
random_2,46,7,memory_based = 1 AND min = 1 AND polly_opt_simplify_deps = 1,min AND polly_opt_simplify_deps AND NOT pollyoptmaxcoefficient_100 AND NOT pollyoptmaxcoefficient_10000,1,0.9333333333333332,0.875,1.0,20
random_5,115,16,memory_based = 1 AND min = 1 AND polly_opt_simplify_deps = 1,memory_based AND min AND polly_opt_simplify_deps,1,1.0,1.0,1.0,20
random_10,230,31,memory_based = 1 AND min = 1 AND polly_opt_simplify_deps = 1,memory_based AND min AND NOT polly_opt_simplify_deps,1,1.0,1.0,1.0,20
random_20,460,60,memory_based = 1 AND min = 1 AND polly_opt_simplify_deps = 1,memory_based AND min AND polly_opt_simplify_deps,0,1.0,1.0,1.0,20
2-wise,51,3,memory_based = 1 AND min = 1 AND polly_opt_simplify_deps = 1,NOT memory_based AND NOT polly AND NOT pollyoptmaxcoefficient_10000,4,0.1428571428571428,0.0909090909090909,0.3333333333333333,20
3-wise,256,33,memory_based = 1 AND min = 1 AND polly_opt_simplify_deps = 1,memory_based AND min AND polly_opt_simplify_deps,0,1.0,1.0,1.0,20
4-wise,957,137,memory_based = 1 AND min = 1 AND polly_opt_simplify_deps = 1,memory_based AND min AND polly_opt_simplify_deps,0,1.0,1.0,1.0,20
full,60000,7500,memory_based = 1 AND min = 1 AND polly_opt_simplify_deps = 1,memory_based AND min AND polly_opt_simplify_deps,0,1.0,1.0,1.0,21
random_2,46,7,memory_based = 1 AND min = 1 AND polly_opt_simplify_deps = 1,min AND NOT pollyoptmaxcoefficient_10000 AND NOT pollyoptmaxconstantterm_100,1,0.56,0.3888888888888889,1.0,21
random_5,115,14,memory_based = 1 AND min = 1 AND polly_opt_simplify_deps = 1,memory_based AND min AND NOT pollyoptmaxcoefficient_1 AND NOT pollyoptmaxcoefficient_100,2,0.7692307692307692,0.8333333333333334,0.7142857142857143,21
random_10,230,32,memory_based = 1 AND min = 1 AND polly_opt_simplify_deps = 1,memory_based AND min AND polly_opt_simplify_deps AND NOT pollyoptmaxcoefficient_1,0,0.9508196721311476,1.0,0.90625,21
random_20,460,56,memory_based = 1 AND min = 1 AND polly_opt_simplify_deps = 1,memory_based AND min AND polly_opt_simplify_deps,0,1.0,1.0,1.0,21
2-wise,55,10,memory_based = 1 AND min = 1 AND polly_opt_simplify_deps = 1,min AND NOT parallel_force AND pollydefaulttilesize != 1024.00 AND NOT pollyoptmaxconstantterm_100 AND pollyrtcmaxparameters >= 4.00,4,0.6,0.6,0.6,21
3-wise,252,33,memory_based = 1 AND min = 1 AND polly_opt_simplify_deps = 1,memory_based AND min AND polly_opt_simplify_deps,3,1.0,1.0,1.0,21
4-wise,949,112,memory_based = 1 AND min = 1 AND polly_opt_simplify_deps = 1,memory_based AND min AND NOT polly_opt_simplify_deps,0,1.0,1.0,1.0,21
random_2,46,8,min = 1 AND none = 1 AND polly_parallel = 1,min AND NOT polly_opt_simplify_deps AND NOT pollyoptmaxcoefficient_10000 AND NOT pollyoptmaxconstantterm_1,0,0.4444444444444445,0.4,0.5,22
random_5,115,18,min = 1 AND none = 1 AND polly_parallel = 1,min AND none AND polly_parallel,0,1.0,1.0,1.0,22
random_10,230,33,min = 1 AND none = 1 AND polly_parallel = 1,none AND parallel AND NOT pollyoptmaxcoefficient_10 AND NOT pollyoptmaxconstantterm_10000,3,0.4912280701754386,0.5833333333333334,0.4242424242424242,22
random_20,460,76,min = 1 AND none = 1 AND polly_parallel = 1,min AND none AND polly_parallel,0,1.0,1.0,1.0,22
2-wise,57,7,min = 1 AND none = 1 AND polly_parallel = 1,NOT min AND none AND polly_parallel AND pollydefaulttilesize >= 16.00 AND NOT pollyoptmaxconstantterm_1000,1,1.0,1.0,1.0,22
3-wise,258,36,min = 1 AND none = 1 AND polly_parallel = 1,memory_based AND NOT none AND NOT pollyoptmaxcoefficient_1 AND NOT pollyoptmaxcoefficient_100 AND NOT pollyoptmaxconstantterm_10,4,0.25,0.25,0.25,22
4-wise,960,160,min = 1 AND none = 1 AND polly_parallel = 1,min AND none AND polly_parallel,0,1.0,1.0,1.0,22
full,60000,10000,max = 1 AND none = 1 AND polly_parallel = 1,max AND none AND polly_parallel,0,1.0,1.0,1.0,23
random_2,46,6,max = 1 AND none = 1 AND polly_parallel = 1,max AND parallel_force AND polly_opt_simplify_deps AND polly_parallel AND pollydefaulttilesize >= 64.00 AND NOT pollyoptmaxcoefficient_10000,2,0.7272727272727272,0.8,0.6666666666666666,23
random_5,115,16,max = 1 AND none = 1 AND polly_parallel = 1,max AND none AND polly_parallel AND NOT pollyoptmaxcoefficient_10,2,0.896551724137931,1.0,0.8125,23
random_10,230,27,max = 1 AND none = 1 AND polly_parallel = 1,NOT max AND none AND parallel AND polly_parallel AND NOT pollyoptmaxcoefficient_10,0,0.7142857142857143,1.0,0.5555555555555556,23
random_20,460,74,max = 1 AND none = 1 AND polly_parallel = 1,NOT max AND none AND polly_parallel,3,1.0,1.0,1.0,23
2-wise,56,9,max = 1 AND none = 1 AND polly_parallel = 1,max AND none AND polly_parallel AND pollydefaulttilesize >= 16.00 AND NOT pollyoptmaxconstantterm_1000,1,0.8750000000000001,1.0,0.7777777777777778,23
3-wise,254,40,max = 1 AND none = 1 AND polly_parallel = 1,max AND none AND polly_parallel,1,1.0,1.0,1.0,23
4-wise,979,149,max = 1 AND none = 1 AND polly_parallel = 1,max AND none AND polly_parallel,0,1.0,1.0,1.0,23
full,60000,10000,memory_based = 1 AND min = 1 AND polly_parallel = 1,memory_based AND min AND polly_parallel,0,1.0,1.0,1.0,24
random_2,46,6,memory_based = 1 AND min = 1 AND polly_parallel = 1,memory_based AND min AND NOT pollyoptmaxcoefficient_1000 AND NOT pollyoptmaxconstantterm_1000,4,0.7058823529411764,0.5454545454545454,1.0,24
random_5,115,24,memory_based = 1 AND min = 1 AND polly_parallel = 1,memory_based AND min AND NOT parallel_force,2,0.8,1.0,0.6666666666666666,24
random_10,230,42,memory_based = 1 AND min = 1 AND polly_parallel = 1,memory_based AND min AND polly_parallel,0,1.0,1.0,1.0,24
random_20,460,74,memory_based = 1 AND min = 1 AND polly_parallel = 1,memory_based AND min AND polly_parallel AND NOT pollyoptmaxcoefficient_10,4,0.9428571428571428,1.0,0.8918918918918919,24
2-wise,51,8,memory_based = 1 AND min = 1 AND polly_parallel = 1,memory_based AND NOT min AND polly_parallel AND pollydefaulttilesize >= 16.00,3,1.0,1.0,1.0,24
3-wise,256,48,memory_based = 1 AND min = 1 AND polly_parallel = 1,memory_based AND min AND polly_parallel,0,1.0,1.0,1.0,24
4-wise,955,156,memory_based = 1 AND min = 1 AND polly_parallel = 1,memory_based AND min AND parallel,0,0.6609442060085837,1.0,0.4935897435897436,24
full,60000,7500,none = 1 AND polly_no_tiling = 1 AND polly_opt_simplify_deps = 1,none AND polly_no_tiling AND polly_opt_simplify_deps,0,1.0,1.0,1.0,25
random_2,46,5,none = 1 AND polly_no_tiling = 1 AND polly_opt_simplify_deps = 1,NOT parallel_force AND polly_opt_simplify_deps AND NOT pollyoptmaxcoefficient_10 AND NOT pollyoptmaxcoefficient_1000 AND NOT pollyoptmaxconstantterm_10,0,0.6153846153846154,0.5,0.8,25
random_5,115,17,none = 1 AND polly_no_tiling = 1 AND polly_opt_simplify_deps = 1,NOT pollyoptmaxcoefficient_10000 AND NOT pollyoptmaxconstantterm_1 AND NOT pollyoptmaxconstantterm_10000,4,0.3448275862068966,0.4166666666666667,0.2941176470588235,25
random_10,230,21,none = 1 AND polly_no_tiling = 1 AND polly_opt_simplify_deps = 1,none AND polly_no_tiling AND polly_opt_simplify_deps,2,1.0,1.0,1.0,25
random_20,460,69,none = 1 AND polly_no_tiling = 1 AND polly_opt_simplify_deps = 1,none AND polly_no_tiling AND polly_opt_simplify_deps,0,1.0,1.0,1.0,25
2-wise,56,12,none = 1 AND polly_no_tiling = 1 AND polly_opt_simplify_deps = 1,NOT parallel AND polly_opt_simplify_deps AND NOT pollyoptmaxcoefficient_10 AND NOT pollyoptmaxcoefficient_100 AND NOT pollyoptmaxconstantterm_1 AND value_based,4,0.2352941176470588,0.4,0.1666666666666666,25
3-wise,260,39,none = 1 AND polly_no_tiling = 1 AND polly_opt_simplify_deps = 1,polly_no_tiling AND NOT pollyoptmaxcoefficient_1 AND NOT pollyoptmaxcoefficient_10000 AND NOT pollyoptmaxconstantterm_1000 AND value_based,0,0.3428571428571428,0.3870967741935484,0.3076923076923077,25
4-wise,944,113,none = 1 AND polly_no_tiling = 1 AND polly_opt_simplify_deps = 1,none AND polly_no_tiling AND polly_opt_simplify_deps,1,1.0,1.0,1.0,25
full,60000,7500,max = 1 AND polly = 1 AND polly_opt_simplify_deps = 1,max AND polly AND polly_opt_simplify_deps,0,1.0,1.0,1.0,26
random_2,46,8,max = 1 AND polly = 1 AND polly_opt_simplify_deps = 1,memory_based AND pollydefaulttilesize != 1024.00 AND NOT pollyoptmaxcoefficient_10000 AND NOT pollyoptmaxconstantterm_10 AND NOT pollyoptmaxconstantterm_1000,0,0.3636363636363636,0.2857142857142857,0.5,26
random_5,115,17,max = 1 AND polly = 1 AND polly_opt_simplify_deps = 1,parallel AND polly AND polly_opt_simplify_deps AND polly_parallel AND NOT pollyoptmaxconstantterm_1,0,0.5517241379310345,0.6666666666666666,0.4705882352941176,26
random_10,230,32,max = 1 AND polly = 1 AND polly_opt_simplify_deps = 1,max AND polly AND polly_opt_simplify_deps,3,1.0,1.0,1.0,26
random_20,460,56,max = 1 AND polly = 1 AND polly_opt_simplify_deps = 1,max AND polly AND polly_opt_simplify_deps,0,1.0,1.0,1.0,26
2-wise,55,7,max = 1 AND polly = 1 AND polly_opt_simplify_deps = 1,polly_opt_simplify_deps AND NOT pollyoptmaxconstantterm_1000 AND pollyrtcmaxparameters >= 8.00,0,0.3529411764705882,0.3,0.4285714285714285,26
3-wise,262,25,max = 1 AND polly = 1 AND polly_opt_simplify_deps = 1,NOT max AND polly AND polly_opt_simplify_deps,3,1.0,1.0,1.0,26
4-wise,959,117,max = 1 AND polly = 1 AND polly_opt_simplify_deps = 1,max AND polly AND polly_opt_simplify_deps,0,1.0,1.0,1.0,26
full,60000,7500,min = 1 AND polly_no_tiling = 1 AND value_based = 1,min AND polly_no_tiling AND value_based,0,1.0,1.0,1.0,27
random_2,46,6,min = 1 AND polly_no_tiling = 1 AND value_based = 1,min AND NOT polly_opt_simplify_deps AND pollydefaulttilesize >= 16.00 AND NOT pollyoptmaxcoefficient_10 AND NOT pollyoptmaxconstantterm_1,0,0.4615384615384615,0.4285714285714285,0.5,27
random_5,115,13,min = 1 AND polly_no_tiling = 1 AND value_based = 1,min AND polly_no_tiling AND NOT pollyoptmaxcoefficient_1 AND value_based,1,1.0,1.0,1.0,27
random_10,230,36,min = 1 AND polly_no_tiling = 1 AND value_based = 1,min AND NOT polly_no_tiling AND value_based,1,1.0,1.0,1.0,27
random_20,460,60,min = 1 AND polly_no_tiling = 1 AND value_based = 1,min AND polly_no_tiling AND value_based,0,1.0,1.0,1.0,27
2-wise,56,4,min = 1 AND polly_no_tiling = 1 AND value_based = 1,polly AND NOT pollyoptmaxconstantterm_10 AND NOT pollyoptmaxconstantterm_10000,1,0.1904761904761904,0.1176470588235294,0.5,27
3-wise,253,28,min = 1 AND polly_no_tiling = 1 AND value_based = 1,min AND polly_no_tiling AND value_based,0,1.0,1.0,1.0,27
4-wise,960,123,min = 1 AND polly_no_tiling = 1 AND value_based = 1,min AND polly_no_tiling AND pollyoptmaxcoefficient_100 AND value_based,0,0.36,1.0,0.2195121951219512,27
full,60000,7500,memory_based = 1 AND min = 1 AND polly_no_tiling = 1,memory_based AND min AND polly_no_tiling,0,1.0,1.0,1.0,28
random_2,46,4,memory_based = 1 AND min = 1 AND polly_no_tiling = 1,memory_based AND min AND polly AND polly_parallel AND pollydefaulttilesize != 1024.00 AND NOT pollyoptmaxcoefficient_10000 AND NOT pollyoptmaxconstantterm_1 AND pollyrtcmaxparameters >= 4.00,1,1.0,1.0,1.0,28
random_5,115,22,memory_based = 1 AND min = 1 AND polly_no_tiling = 1,memory_based AND min AND polly_no_tiling,1,1.0,1.0,1.0,28
random_10,230,27,memory_based = 1 AND min = 1 AND polly_no_tiling = 1,memory_based AND min AND polly_no_tiling,0,1.0,1.0,1.0,28
random_20,460,58,memory_based = 1 AND min = 1 AND polly_no_tiling = 1,memory_based AND min AND polly_no_tiling,0,1.0,1.0,1.0,28
2-wise,55,14,memory_based = 1 AND min = 1 AND polly_no_tiling = 1,memory_based AND min AND polly_no_tiling,0,1.0,1.0,1.0,28
3-wise,257,28,memory_based = 1 AND min = 1 AND polly_no_tiling = 1,memory_based AND min AND polly_no_tiling,0,1.0,1.0,1.0,28
full,60000,7500,max = 1 AND memory_based = 1 AND polly_opt_simplify_deps = 1,max AND memory_based AND polly_opt_simplify_deps,0,1.0,1.0,1.0,29
random_2,46,6,max = 1 AND memory_based = 1 AND polly_opt_simplify_deps = 1,max AND polly AND NOT pollyoptmaxcoefficient_10000 AND pollyoptmaxconstantterm_100,4,0.3636363636363636,0.4,0.3333333333333333,29
random_5,115,10,max = 1 AND memory_based = 1 AND polly_opt_simplify_deps = 1,max AND NOT memory_based AND pollyrtcmaxparameters >= 2.00,0,0.6896551724137931,0.5263157894736842,1.0,29
random_10,230,20,max = 1 AND memory_based = 1 AND polly_opt_simplify_deps = 1,max AND memory_based AND polly_opt_simplify_deps,1,1.0,1.0,1.0,29
random_20,460,68,max = 1 AND memory_based = 1 AND polly_opt_simplify_deps = 1,max AND memory_based AND polly_opt_simplify_deps,0,1.0,1.0,1.0,29
2-wise,54,7,max = 1 AND memory_based = 1 AND polly_opt_simplify_deps = 1,max AND memory_based AND polly_opt_simplify_deps AND NOT pollyoptmaxconstantterm_1,3,1.0,1.0,1.0,29
3-wise,250,30,max = 1 AND memory_based = 1 AND polly_opt_simplify_deps = 1,max AND memory_based AND polly_opt_simplify_deps,2,1.0,1.0,1.0,29
4-wise,950,105,max = 1 AND memory_based = 1 AND polly_opt_simplify_deps = 1,max AND memory_based AND polly_opt_simplify_deps,0,1.0,1.0,1.0,29
full,60000,7500,max = 1 AND polly = 1 AND value_based = 1,max AND polly AND value_based,0,1.0,1.0,1.0,2
random_2,46,6,max = 1 AND polly = 1 AND value_based = 1,pollydefaulttilesize != 1024.00 AND NOT pollyoptmaxcoefficient_1 AND NOT pollyoptmaxcoefficient_100 AND NOT pollyoptmaxcoefficient_1000 AND pollyrtcmaxparameters != 16.00 AND value_based,2,0.4210526315789473,0.3076923076923077,0.6666666666666666,2
random_5,115,15,max = 1 AND polly = 1 AND value_based = 1,max AND polly AND NOT pollyoptmaxcoefficient_100 AND value_based,2,1.0,1.0,1.0,2
random_10,230,35,max = 1 AND polly = 1 AND value_based = 1,max AND polly AND value_based,0,1.0,1.0,1.0,2
random_20,460,50,max = 1 AND polly = 1 AND value_based = 1,max AND NOT pollyoptmaxconstantterm_10 AND value_based,4,0.5736434108527131,0.4683544303797468,0.74,2
2-wise,55,5,max = 1 AND polly = 1 AND value_based = 1,NOT pollyoptmaxcoefficient_10 AND NOT pollyoptmaxcoefficient_1000 AND NOT pollyoptmaxcoefficient_10000 AND pollyoptmaxconstantterm_10,2,0.1666666666666666,0.1428571428571428,0.2,2
3-wise,256,29,max = 1 AND polly = 1 AND value_based = 1,polly AND value_based,0,0.6666666666666666,0.5,1.0,2
4-wise,966,123,max = 1 AND polly = 1 AND value_based = 1,max AND polly AND value_based,0,1.0,1.0,1.0,2
random_2,46,8,none = 1 AND polly_no_tiling = 1 AND polly_parallel = 1,none AND polly_parallel AND pollyoptmaxcoefficient_1 AND NOT pollyoptmaxcoefficient_10 AND NOT pollyoptmaxconstantterm_100,0,0.5714285714285715,0.6666666666666666,0.5,30
random_5,115,19,none = 1 AND polly_no_tiling = 1 AND polly_parallel = 1,memory_based AND none AND parallel AND polly_parallel AND pollydefaulttilesize >= 16.00 AND NOT pollyoptmaxcoefficient_1000 AND NOT pollyoptmaxconstantterm_1000,2,0.3846153846153846,0.7142857142857143,0.2631578947368421,30
random_10,230,38,none = 1 AND polly_no_tiling = 1 AND polly_parallel = 1,polly_no_tiling AND polly_parallel AND NOT pollyoptmaxcoefficient_100,1,0.6407766990291263,0.5076923076923077,0.868421052631579,30
random_20,460,85,none = 1 AND polly_no_tiling = 1 AND polly_parallel = 1,none AND polly_no_tiling AND polly_parallel,2,1.0,1.0,1.0,30
2-wise,54,4,none = 1 AND polly_no_tiling = 1 AND polly_parallel = 1,min AND polly_parallel AND pollydefaulttilesize >= 16.00 AND NOT pollyoptmaxconstantterm_100,4,0.3076923076923076,0.2222222222222222,0.5,30
3-wise,247,36,none = 1 AND polly_no_tiling = 1 AND polly_parallel = 1,NOT none AND polly_no_tiling AND polly_parallel,2,1.0,1.0,1.0,30
4-wise,953,162,none = 1 AND polly_no_tiling = 1 AND polly_parallel = 1,none AND polly_no_tiling AND polly_parallel,0,1.0,1.0,1.0,30
random_2,46,2,none = 1 AND polly_no_tiling = 1 AND value_based = 1,max AND NOT parallel_force AND polly_no_tiling AND NOT pollyoptmaxconstantterm_1000 AND pollyrtcmaxparameters != 16.00,1,0.3333333333333333,0.25,0.5,31
random_5,115,19,none = 1 AND polly_no_tiling = 1 AND value_based = 1,none AND polly_no_tiling AND pollydefaulttilesize != 1024.00 AND value_based,0,1.0,1.0,1.0,31
random_10,230,20,none = 1 AND polly_no_tiling = 1 AND value_based = 1,none AND polly_no_tiling AND value_based,1,1.0,1.0,1.0,31
random_20,460,52,none = 1 AND polly_no_tiling = 1 AND value_based = 1,none AND polly_no_tiling AND value_based,3,1.0,1.0,1.0,31
2-wise,54,7,none = 1 AND polly_no_tiling = 1 AND value_based = 1,none AND polly_no_tiling AND value_based,3,1.0,1.0,1.0,31
3-wise,254,25,none = 1 AND polly_no_tiling = 1 AND value_based = 1,none AND polly_no_tiling AND value_based,1,1.0,1.0,1.0,31
4-wise,956,115,none = 1 AND polly_no_tiling = 1 AND value_based = 1,none AND polly_no_tiling AND value_based,0,1.0,1.0,1.0,31
random_2,46,6,max = 1 AND memory_based = 1 AND polly_opt_simplify_deps = 1,polly_no_tiling AND pollydefaulttilesize != 1024.00 AND NOT pollyoptmaxcoefficient_1 AND pollyoptmaxcoefficient_10 AND NOT pollyoptmaxconstantterm_100,1,0.4615384615384615,0.4285714285714285,0.5,32
random_5,115,8,max = 1 AND memory_based = 1 AND polly_opt_simplify_deps = 1,max AND none AND polly_opt_simplify_deps,1,0.5714285714285714,0.4615384615384615,0.75,32
random_10,230,39,max = 1 AND memory_based = 1 AND polly_opt_simplify_deps = 1,max AND memory_based AND polly_opt_simplify_deps,2,1.0,1.0,1.0,32
random_20,460,64,max = 1 AND memory_based = 1 AND polly_opt_simplify_deps = 1,max AND memory_based AND polly_opt_simplify_deps,0,1.0,1.0,1.0,32
2-wise,54,5,max = 1 AND memory_based = 1 AND polly_opt_simplify_deps = 1,max AND NOT polly_parallel AND NOT pollyoptmaxcoefficient_1000 AND NOT pollyoptmaxconstantterm_1000 AND pollyrtcmaxparameters != 16.00,0,0.5,0.4285714285714285,0.6,32
3-wise,254,35,max = 1 AND memory_based = 1 AND polly_opt_simplify_deps = 1,max AND memory_based AND polly_opt_simplify_deps AND NOT pollyoptmaxcoefficient_100,0,0.9393939393939392,1.0,0.8857142857142857,32
4-wise,958,120,max = 1 AND memory_based = 1 AND polly_opt_simplify_deps = 1,max AND memory_based AND polly_opt_simplify_deps,0,1.0,1.0,1.0,32
random_2,46,11,polly_no_tiling = 1 AND polly_opt_simplify_deps = 1 AND polly_parallel = 1,parallel AND polly_no_tiling AND pollydefaulttilesize != 1024.00 AND NOT pollyoptmaxcoefficient_1,0,0.5263157894736842,0.625,0.4545454545454545,33
random_5,115,21,polly_no_tiling = 1 AND polly_opt_simplify_deps = 1 AND polly_parallel = 1,polly_no_tiling AND polly_opt_simplify_deps AND polly_parallel AND NOT pollyoptmaxconstantterm_100,0,1.0,1.0,1.0,33
random_10,230,36,polly_no_tiling = 1 AND polly_opt_simplify_deps = 1 AND polly_parallel = 1,parallel_force AND polly_no_tiling AND polly_opt_simplify_deps,2,0.7586206896551725,1.0,0.6111111111111112,33
random_20,460,75,polly_no_tiling = 1 AND polly_opt_simplify_deps = 1 AND polly_parallel = 1,polly_no_tiling AND polly_opt_simplify_deps AND polly_parallel,0,1.0,1.0,1.0,33
2-wise,56,7,polly_no_tiling = 1 AND polly_opt_simplify_deps = 1 AND polly_parallel = 1,polly_no_tiling AND polly_opt_simplify_deps AND pollydefaulttilesize != 1024.00 AND NOT pollyoptmaxconstantterm_10000,2,0.8750000000000001,0.7777777777777778,1.0,33
3-wise,251,42,polly_no_tiling = 1 AND polly_opt_simplify_deps = 1 AND polly_parallel = 1,polly_no_tiling AND polly_opt_simplify_deps AND polly_parallel,0,1.0,1.0,1.0,33
4-wise,960,169,polly_no_tiling = 1 AND polly_opt_simplify_deps = 1 AND polly_parallel = 1,NOT polly_no_tiling AND polly_opt_simplify_deps AND polly_parallel,0,1.0,1.0,1.0,33
random_2,46,9,min = 1 AND polly = 1 AND polly_parallel = 1,min AND NOT pollyoptmaxcoefficient_10 AND NOT pollyoptmaxcoefficient_100,4,0.5517241379310346,0.4,0.8888888888888888,34
random_5,115,17,min = 1 AND polly = 1 AND polly_parallel = 1,min AND NOT polly AND polly_parallel,2,1.0,1.0,1.0,34
random_10,230,38,min = 1 AND polly = 1 AND polly_parallel = 1,min AND polly AND polly_parallel,0,1.0,1.0,1.0,34
random_20,460,76,min = 1 AND polly = 1 AND polly_parallel = 1,NOT min AND polly AND polly_parallel,2,1.0,1.0,1.0,34
2-wise,52,10,min = 1 AND polly = 1 AND polly_parallel = 1,polly_opt_simplify_deps AND polly_parallel AND pollydefaulttilesize >= 16.00 AND NOT pollyoptmaxconstantterm_10 AND pollyrtcmaxparameters = 8.00,4,0.4,0.6,0.3,34
3-wise,262,41,min = 1 AND polly = 1 AND polly_parallel = 1,min AND polly AND polly_parallel,0,1.0,1.0,1.0,34
4-wise,943,170,min = 1 AND polly = 1 AND polly_parallel = 1,min AND NOT polly AND polly_parallel,0,1.0,1.0,1.0,34
full,60000,7500,none = 1 AND polly_no_tiling = 1 AND value_based = 1,none AND polly_no_tiling AND value_based,0,1.0,1.0,1.0,35
random_2,46,5,none = 1 AND polly_no_tiling = 1 AND value_based = 1,NOT max AND NOT parallel_force AND NOT pollyoptmaxcoefficient_1 AND NOT pollyoptmaxconstantterm_100 AND NOT pollyoptmaxconstantterm_1000 AND pollyrtcmaxparameters >= 2.00,4,0.3076923076923077,0.25,0.4,35
random_5,115,16,none = 1 AND polly_no_tiling = 1 AND value_based = 1,none AND parallel AND polly_parallel AND NOT pollyoptmaxcoefficient_1000 AND NOT pollyoptmaxconstantterm_100,3,0.3999999999999999,0.3684210526315789,0.4375,35
random_10,230,21,none = 1 AND polly_no_tiling = 1 AND value_based = 1,none AND polly_no_tiling AND value_based,0,1.0,1.0,1.0,35
random_20,460,60,none = 1 AND polly_no_tiling = 1 AND value_based = 1,none AND polly_no_tiling AND value_based,1,1.0,1.0,1.0,35
2-wise,55,6,none = 1 AND polly_no_tiling = 1 AND value_based = 1,max AND NOT pollyoptmaxcoefficient_10000 AND NOT pollyoptmaxconstantterm_1 AND value_based,4,0.3529411764705882,0.2727272727272727,0.5,35
3-wise,256,35,none = 1 AND polly_no_tiling = 1 AND value_based = 1,none AND polly_no_tiling AND value_based,0,1.0,1.0,1.0,35
4-wise,965,108,none = 1 AND polly_no_tiling = 1 AND value_based = 1,none AND polly_no_tiling AND value_based,0,1.0,1.0,1.0,35
full,60000,10000,none = 1 AND polly_no_tiling = 1 AND polly_parallel = 1,none AND polly_no_tiling AND polly_parallel,0,1.0,1.0,1.0,36
random_2,46,6,none = 1 AND polly_no_tiling = 1 AND polly_parallel = 1,parallel AND pollydefaulttilesize != 1024.00 AND NOT pollyoptmaxcoefficient_1 AND NOT pollyoptmaxcoefficient_100 AND value_based,1,0.5454545454545454,0.6,0.5,36
random_5,115,18,none = 1 AND polly_no_tiling = 1 AND polly_parallel = 1,none AND polly_no_tiling AND polly_parallel,1,1.0,1.0,1.0,36
random_10,230,29,none = 1 AND polly_no_tiling = 1 AND polly_parallel = 1,none AND polly_no_tiling AND polly_parallel,4,1.0,1.0,1.0,36
random_20,460,73,none = 1 AND polly_no_tiling = 1 AND polly_parallel = 1,none AND polly_no_tiling AND polly_parallel,2,1.0,1.0,1.0,36
2-wise,62,13,none = 1 AND polly_no_tiling = 1 AND polly_parallel = 1,none AND NOT polly_no_tiling AND polly_parallel,1,1.0,1.0,1.0,36
3-wise,262,40,none = 1 AND polly_no_tiling = 1 AND polly_parallel = 1,none AND polly_no_tiling AND polly_parallel,2,1.0,1.0,1.0,36
4-wise,970,169,none = 1 AND polly_no_tiling = 1 AND polly_parallel = 1,none AND polly_no_tiling AND polly_parallel,0,1.0,1.0,1.0,36
full,60000,10000,none = 1 AND polly_opt_simplify_deps = 1 AND polly_parallel = 1,none AND polly_opt_simplify_deps AND polly_parallel,1,1.0,1.0,1.0,37
random_2,46,9,none = 1 AND polly_opt_simplify_deps = 1 AND polly_parallel = 1,max AND polly_opt_simplify_deps AND NOT pollyoptmaxcoefficient_1000 AND NOT pollyoptmaxconstantterm_1000 AND pollyrtcmaxparameters != 16.00,0,0.5714285714285714,0.8,0.4444444444444444,37
random_5,115,17,none = 1 AND polly_opt_simplify_deps = 1 AND polly_parallel = 1,max AND parallel AND polly_parallel,0,0.1538461538461538,0.1363636363636363,0.1764705882352941,37
random_10,230,38,none = 1 AND polly_opt_simplify_deps = 1 AND polly_parallel = 1,none AND polly_opt_simplify_deps AND polly_parallel,2,1.0,1.0,1.0,37
random_20,460,69,none = 1 AND polly_opt_simplify_deps = 1 AND polly_parallel = 1,none AND polly_opt_simplify_deps AND polly_parallel,0,1.0,1.0,1.0,37
2-wise,57,7,none = 1 AND polly_opt_simplify_deps = 1 AND polly_parallel = 1,min AND polly_opt_simplify_deps AND polly_parallel AND NOT pollyoptmaxconstantterm_10000,0,0.7999999999999999,0.75,0.8571428571428571,37
3-wise,255,50,none = 1 AND polly_opt_simplify_deps = 1 AND polly_parallel = 1,NOT none AND polly_opt_simplify_deps AND polly_parallel,0,1.0,1.0,1.0,37
4-wise,957,165,none = 1 AND polly_opt_simplify_deps = 1 AND polly_parallel = 1,none AND polly_opt_simplify_deps AND polly_parallel,0,1.0,1.0,1.0,37
random_2,46,8,max = 1 AND memory_based = 1 AND none = 1,max AND memory_based AND none,0,1.0,1.0,1.0,38
random_5,115,13,max = 1 AND memory_based = 1 AND none = 1,max AND none AND pollydefaulttilesize = 1024.00 AND NOT pollyoptmaxcoefficient_1,3,0.5,0.7142857142857143,0.3846153846153846,38
random_10,230,39,max = 1 AND memory_based = 1 AND none = 1,max AND memory_based AND none,0,1.0,1.0,1.0,38
random_20,460,56,max = 1 AND memory_based = 1 AND none = 1,max AND memory_based AND none,0,1.0,1.0,1.0,38
2-wise,51,6,max = 1 AND memory_based = 1 AND none = 1,NOT max AND memory_based AND NOT none AND NOT pollyoptmaxconstantterm_1000,1,1.0,1.0,1.0,38
3-wise,257,34,max = 1 AND memory_based = 1 AND none = 1,max AND parallel AND NOT pollyoptmaxcoefficient_1000,0,0.3428571428571428,0.3333333333333333,0.3529411764705882,38
4-wise,945,124,max = 1 AND memory_based = 1 AND none = 1,max AND memory_based AND none,0,1.0,1.0,1.0,38
full,60000,10000,none = 1 AND polly_parallel = 1 AND value_based = 1,none AND polly_parallel AND value_based,0,1.0,1.0,1.0,39
random_2,46,7,none = 1 AND polly_parallel = 1 AND value_based = 1,max AND polly_parallel AND NOT pollyoptmaxcoefficient_10000 AND NOT pollyoptmaxconstantterm_10 AND value_based,0,0.5555555555555556,0.4545454545454545,0.7142857142857143,39
random_5,115,24,none = 1 AND polly_parallel = 1 AND value_based = 1,none AND polly_parallel AND value_based,0,1.0,1.0,1.0,39
random_10,230,45,none = 1 AND polly_parallel = 1 AND value_based = 1,none AND polly_parallel AND value_based,2,1.0,1.0,1.0,39
random_20,460,61,none = 1 AND polly_parallel = 1 AND value_based = 1,none AND polly_parallel AND value_based,0,1.0,1.0,1.0,39
2-wise,52,7,none = 1 AND polly_parallel = 1 AND value_based = 1,NOT polly_opt_simplify_deps AND polly_parallel AND NOT pollyoptmaxcoefficient_10 AND value_based,1,0.5714285714285714,0.5714285714285714,0.5714285714285714,39
3-wise,248,42,none = 1 AND polly_parallel = 1 AND value_based = 1,none AND polly_parallel AND value_based,0,1.0,1.0,1.0,39
4-wise,953,165,none = 1 AND polly_parallel = 1 AND value_based = 1,none AND polly_parallel AND value_based,0,1.0,1.0,1.0,39
random_2,46,6,max = 1 AND polly_no_tiling = 1 AND polly_parallel = 1,NOT polly_no_tiling AND polly_parallel AND pollydefaulttilesize >= 256.00 AND NOT pollyoptmaxcoefficient_1000,1,0.7692307692307692,0.7142857142857143,0.8333333333333334,3
random_5,115,14,max = 1 AND polly_no_tiling = 1 AND polly_parallel = 1,parallel_force AND polly_no_tiling AND polly_parallel AND NOT pollyoptmaxcoefficient_100 AND NOT pollyoptmaxconstantterm_100,0,0.4166666666666666,0.5,0.3571428571428571,3
random_10,230,27,max = 1 AND polly_no_tiling = 1 AND polly_parallel = 1,NOT max AND polly_no_tiling AND polly_parallel AND NOT pollyoptmaxconstantterm_100,0,0.9411764705882352,1.0,0.8888888888888888,3
random_20,460,88,max = 1 AND polly_no_tiling = 1 AND polly_parallel = 1,max AND polly_no_tiling AND polly_parallel,0,1.0,1.0,1.0,3
2-wise,55,10,max = 1 AND polly_no_tiling = 1 AND polly_parallel = 1,polly_no_tiling AND polly_parallel AND NOT pollyoptmaxcoefficient_10 AND NOT pollyoptmaxconstantterm_10000,2,0.75,0.6428571428571429,0.9,3
3-wise,257,46,max = 1 AND polly_no_tiling = 1 AND polly_parallel = 1,max AND polly_no_tiling AND polly_parallel,2,1.0,1.0,1.0,3
4-wise,950,170,max = 1 AND polly_no_tiling = 1 AND polly_parallel = 1,max AND polly_no_tiling AND polly_parallel,0,1.0,1.0,1.0,3
full,60000,10000,min = 1 AND parallel = 1 AND polly_parallel = 1,min AND NOT parallel,0,1.0,1.0,1.0,40
random_2,46,10,min = 1 AND parallel = 1 AND polly_parallel = 1,min AND NOT parallel AND NOT pollyoptmaxcoefficient_1000,0,1.0,1.0,1.0,40
random_5,115,16,min = 1 AND parallel = 1 AND polly_parallel = 1,NOT min AND parallel,0,1.0,1.0,1.0,40
random_10,230,29,min = 1 AND parallel = 1 AND polly_parallel = 1,min AND parallel,0,1.0,1.0,1.0,40
random_20,460,61,min = 1 AND parallel = 1 AND polly_parallel = 1,min AND parallel,2,1.0,1.0,1.0,40
2-wise,54,7,min = 1 AND parallel = 1 AND polly_parallel = 1,NOT parallel_force AND pollydefaulttilesize != 1024.00 AND pollyoptmaxconstantterm_1000 AND value_based,0,0.2,0.3333333333333333,0.1428571428571428,40
3-wise,252,41,min = 1 AND parallel = 1 AND polly_parallel = 1,min AND parallel,0,1.0,1.0,1.0,40
4-wise,952,162,min = 1 AND parallel = 1 AND polly_parallel = 1,NOT min AND parallel,0,1.0,1.0,1.0,40
full,60000,10000,max = 1 AND polly_no_tiling = 1 AND polly_parallel = 1,max AND polly_no_tiling AND polly_parallel,0,1.0,1.0,1.0,41
random_2,46,6,max = 1 AND polly_no_tiling = 1 AND polly_parallel = 1,polly_parallel AND pollydefaulttilesize != 1024.00 AND NOT pollyoptmaxcoefficient_100 AND NOT pollyoptmaxconstantterm_10 AND NOT pollyoptmaxconstantterm_1000,4,0.5714285714285715,0.5,0.6666666666666666,41
random_5,115,19,max = 1 AND polly_no_tiling = 1 AND polly_parallel = 1,max AND polly_no_tiling AND polly_parallel,4,1.0,1.0,1.0,41
random_10,230,32,max = 1 AND polly_no_tiling = 1 AND polly_parallel = 1,max AND NOT pollyoptmaxcoefficient_10 AND NOT pollyoptmaxcoefficient_1000 AND NOT pollyoptmaxconstantterm_10000,3,0.463157894736842,0.3492063492063492,0.6875,41
random_20,460,82,max = 1 AND polly_no_tiling = 1 AND polly_parallel = 1,max AND polly_no_tiling AND polly_parallel,1,1.0,1.0,1.0,41
2-wise,55,9,max = 1 AND polly_no_tiling = 1 AND polly_parallel = 1,max AND polly_no_tiling AND polly_parallel AND NOT pollyoptmaxcoefficient_1000,2,0.9411764705882352,1.0,0.8888888888888888,41
3-wise,248,41,max = 1 AND polly_no_tiling = 1 AND polly_parallel = 1,max AND polly_no_tiling AND polly_parallel,0,1.0,1.0,1.0,41
4-wise,948,158,max = 1 AND polly_no_tiling = 1 AND polly_parallel = 1,max AND NOT polly_no_tiling AND polly_parallel,0,1.0,1.0,1.0,41
full,60000,7500,min = 1 AND none = 1 AND polly_opt_simplify_deps = 1,min AND none AND polly_opt_simplify_deps,0,1.0,1.0,1.0,42
random_2,46,5,min = 1 AND none = 1 AND polly_opt_simplify_deps = 1,memory_based AND min AND pollydefaulttilesize >= 16.00 AND NOT pollyoptmaxconstantterm_1000,2,0.7142857142857143,0.5555555555555556,1.0,42
random_5,115,11,min = 1 AND none = 1 AND polly_opt_simplify_deps = 1,polly_opt_simplify_deps AND pollydefaulttilesize != 1024.00 AND NOT pollyoptmaxcoefficient_100 AND NOT pollyoptmaxconstantterm_10,1,0.3157894736842105,0.375,0.2727272727272727,42
random_10,230,29,min = 1 AND none = 1 AND polly_opt_simplify_deps = 1,min AND none AND polly_opt_simplify_deps,2,1.0,1.0,1.0,42
random_20,460,58,min = 1 AND none = 1 AND polly_opt_simplify_deps = 1,min AND NOT pollyoptmaxcoefficient_10 AND NOT pollyoptmaxconstantterm_1,0,0.441025641025641,0.3138686131386861,0.7413793103448276,42
2-wise,51,7,min = 1 AND none = 1 AND polly_opt_simplify_deps = 1,min AND polly_no_tiling AND polly_opt_simplify_deps AND NOT polly_parallel AND NOT pollyoptmaxcoefficient_10000 AND NOT pollyoptmaxconstantterm_1 AND NOT pollyoptmaxconstantterm_10000,3,0.7272727272727273,1.0,0.5714285714285714,42
3-wise,249,43,min = 1 AND none = 1 AND polly_opt_simplify_deps = 1,min AND none AND polly_opt_simplify_deps,0,1.0,1.0,1.0,42
4-wise,969,130,min = 1 AND none = 1 AND polly_opt_simplify_deps = 1,min AND none AND polly_opt_simplify_deps,2,1.0,1.0,1.0,42
full,60000,10000,max = 1 AND polly_no_tiling = 1 AND polly_parallel = 1,max AND polly_no_tiling AND polly_parallel,0,1.0,1.0,1.0,43
random_2,46,6,max = 1 AND polly_no_tiling = 1 AND polly_parallel = 1,max AND pollydefaulttilesize >= 16.00 AND NOT pollyoptmaxcoefficient_100 AND NOT pollyoptmaxcoefficient_1000,4,0.5,0.4,0.6666666666666666,43
random_5,115,16,max = 1 AND polly_no_tiling = 1 AND polly_parallel = 1,parallel_force AND polly_no_tiling AND NOT pollyoptmaxcoefficient_10000 AND NOT pollyoptmaxconstantterm_1,2,0.4827586206896552,0.5384615384615384,0.4375,43
random_10,230,29,max = 1 AND polly_no_tiling = 1 AND polly_parallel = 1,max AND none AND polly_parallel,4,0.5245901639344263,0.5,0.5517241379310345,43
random_20,460,77,max = 1 AND polly_no_tiling = 1 AND polly_parallel = 1,max AND polly_no_tiling AND polly_parallel,0,1.0,1.0,1.0,43
2-wise,52,8,max = 1 AND polly_no_tiling = 1 AND polly_parallel = 1,pollyoptmaxcoefficient_10 AND NOT pollyoptmaxconstantterm_10 AND NOT pollyoptmaxconstantterm_100 AND pollyrtcmaxparameters >= 4.00,3,0.3076923076923077,0.4,0.25,43
3-wise,265,54,max = 1 AND polly_no_tiling = 1 AND polly_parallel = 1,max AND polly_no_tiling AND polly_parallel,1,1.0,1.0,1.0,43
4-wise,954,166,max = 1 AND polly_no_tiling = 1 AND polly_parallel = 1,max AND polly_no_tiling AND polly_parallel,0,1.0,1.0,1.0,43
random_2,46,9,polly_no_tiling = 1 AND polly_parallel = 1 AND value_based = 1,polly AND NOT pollyoptmaxconstantterm_1 AND pollyrtcmaxparameters = 8.00 AND value_based,1,0.2857142857142857,0.4,0.2222222222222222,44
random_5,115,18,polly_no_tiling = 1 AND polly_parallel = 1 AND value_based = 1,parallel AND NOT pollyoptmaxconstantterm_1000 AND value_based,0,0.375,0.4285714285714285,0.3333333333333333,44
random_10,230,33,polly_no_tiling = 1 AND polly_parallel = 1 AND value_based = 1,polly_no_tiling AND polly_parallel AND NOT value_based,2,1.0,1.0,1.0,44
random_20,460,77,polly_no_tiling = 1 AND polly_parallel = 1 AND value_based = 1,polly_no_tiling AND polly_parallel AND value_based,0,1.0,1.0,1.0,44
2-wise,55,8,polly_no_tiling = 1 AND polly_parallel = 1 AND value_based = 1,polly_no_tiling AND pollyoptmaxcoefficient_10,1,0.6153846153846154,0.8,0.5,44
3-wise,250,45,polly_no_tiling = 1 AND polly_parallel = 1 AND value_based = 1,polly_no_tiling AND polly_parallel AND value_based,0,1.0,1.0,1.0,44
4-wise,956,170,polly_no_tiling = 1 AND polly_parallel = 1 AND value_based = 1,polly_no_tiling AND polly_parallel AND value_based,0,1.0,1.0,1.0,44
random_2,46,5,min = 1 AND polly = 1 AND polly_no_tiling = 1,NOT parallel AND NOT polly_opt_simplify_deps AND NOT polly_parallel AND NOT pollyoptmaxcoefficient_1 AND NOT pollyoptmaxconstantterm_1 AND NOT pollyoptmaxconstantterm_1000,1,0.4444444444444445,0.5,0.4,45
random_5,115,13,min = 1 AND polly = 1 AND polly_no_tiling = 1,min AND polly AND polly_no_tiling AND pollydefaulttilesize >= 16.00 AND NOT pollyoptmaxcoefficient_10,2,1.0,1.0,1.0,45
random_10,230,35,min = 1 AND polly = 1 AND polly_no_tiling = 1,min AND polly AND polly_no_tiling,0,1.0,1.0,1.0,45
random_20,460,61,min = 1 AND polly = 1 AND polly_no_tiling = 1,NOT min AND polly AND polly_no_tiling,0,1.0,1.0,1.0,45
2-wise,53,5,min = 1 AND polly = 1 AND polly_no_tiling = 1,polly AND NOT pollyoptmaxcoefficient_1 AND NOT pollyoptmaxconstantterm_1000 AND value_based,2,0.4285714285714285,0.3333333333333333,0.6,45
3-wise,244,28,min = 1 AND polly = 1 AND polly_no_tiling = 1,min AND polly AND NOT polly_no_tiling,2,1.0,1.0,1.0,45
4-wise,969,136,min = 1 AND polly = 1 AND polly_no_tiling = 1,min AND polly AND polly_no_tiling,0,1.0,1.0,1.0,45
full,60000,10000,max = 1 AND polly_parallel = 1 AND value_based = 1,max AND polly_parallel AND value_based,0,1.0,1.0,1.0,46
random_2,46,7,max = 1 AND polly_parallel = 1 AND value_based = 1,max AND parallel AND NOT pollyoptmaxcoefficient_1 AND NOT pollyoptmaxconstantterm_1 AND NOT pollyoptmaxconstantterm_1000,2,0.3636363636363636,0.5,0.2857142857142857,46
random_5,115,10,max = 1 AND polly_parallel = 1 AND value_based = 1,max AND polly_no_tiling AND NOT pollyoptmaxcoefficient_10000 AND NOT value_based,1,0.7777777777777777,0.875,0.7,46
random_10,230,39,max = 1 AND polly_parallel = 1 AND value_based = 1,NOT parallel AND polly_parallel AND NOT pollyoptmaxcoefficient_1 AND NOT pollyoptmaxcoefficient_10000 AND NOT pollyoptmaxconstantterm_10 AND NOT pollyoptmaxconstantterm_10000,0,0.3768115942028985,0.4333333333333333,0.3333333333333333,46
random_20,460,81,max = 1 AND polly_parallel = 1 AND value_based = 1,max AND polly_parallel AND value_based,0,1.0,1.0,1.0,46
2-wise,57,11,max = 1 AND polly_parallel = 1 AND value_based = 1,max AND polly_parallel AND value_based,1,1.0,1.0,1.0,46
3-wise,253,44,max = 1 AND polly_parallel = 1 AND value_based = 1,NOT max AND polly_parallel AND value_based,2,1.0,1.0,1.0,46
4-wise,959,141,max = 1 AND polly_parallel = 1 AND value_based = 1,max AND polly_parallel AND value_based,0,1.0,1.0,1.0,46
full,60000,7500,max = 1 AND polly_opt_simplify_deps = 1 AND value_based = 1,max AND polly_opt_simplify_deps AND value_based,0,1.0,1.0,1.0,47
random_2,46,9,max = 1 AND polly_opt_simplify_deps = 1 AND value_based = 1,max AND polly_opt_simplify_deps AND NOT pollyoptmaxcoefficient_10000 AND NOT pollyoptmaxconstantterm_10000 AND value_based,1,1.0,1.0,1.0,47
random_5,115,17,max = 1 AND polly_opt_simplify_deps = 1 AND value_based = 1,max AND polly_opt_simplify_deps AND value_based,0,1.0,1.0,1.0,47
random_10,230,29,max = 1 AND polly_opt_simplify_deps = 1 AND value_based = 1,max AND polly_opt_simplify_deps AND NOT pollyoptmaxcoefficient_1000 AND value_based,0,0.9642857142857144,1.0,0.9310344827586208,47
random_20,460,47,max = 1 AND polly_opt_simplify_deps = 1 AND value_based = 1,max AND NOT polly_opt_simplify_deps AND NOT pollyoptmaxcoefficient_1000 AND value_based,3,0.9555555555555556,1.0,0.9148936170212766,47
2-wise,53,9,max = 1 AND polly_opt_simplify_deps = 1 AND value_based = 1,NOT pollyoptmaxcoefficient_1 AND NOT pollyoptmaxcoefficient_10 AND value_based,1,0.6086956521739131,0.5,0.7777777777777778,47
3-wise,255,30,max = 1 AND polly_opt_simplify_deps = 1 AND value_based = 1,NOT polly_no_tiling AND pollydefaulttilesize != 1024.00 AND NOT pollyoptmaxcoefficient_1 AND NOT pollyoptmaxcoefficient_10000 AND NOT pollyoptmaxconstantterm_10000,3,0.24,0.2,0.3,47
4-wise,944,126,max = 1 AND polly_opt_simplify_deps = 1 AND value_based = 1,max AND NOT pollyoptmaxcoefficient_10000 AND value_based,0,0.69375,0.5721649484536082,0.8809523809523809,47
full,60000,10000,min = 1 AND polly_opt_simplify_deps = 1 AND polly_parallel = 1,min AND polly_opt_simplify_deps AND polly_parallel,0,1.0,1.0,1.0,48
random_2,46,13,min = 1 AND polly_opt_simplify_deps = 1 AND polly_parallel = 1,min AND polly_parallel AND NOT pollyoptmaxcoefficient_100 AND NOT pollyoptmaxcoefficient_1000,3,0.6923076923076923,0.6923076923076923,0.6923076923076923,48
random_5,115,24,min = 1 AND polly_opt_simplify_deps = 1 AND polly_parallel = 1,none AND polly_parallel AND pollydefaulttilesize != 1024.00 AND NOT pollyoptmaxconstantterm_10000,0,0.3181818181818182,0.35,0.2916666666666667,48
random_10,230,34,min = 1 AND polly_opt_simplify_deps = 1 AND polly_parallel = 1,min AND polly_opt_simplify_deps AND polly_parallel,2,1.0,1.0,1.0,48
random_20,460,86,min = 1 AND polly_opt_simplify_deps = 1 AND polly_parallel = 1,min AND polly_opt_simplify_deps AND polly_parallel,0,1.0,1.0,1.0,48
2-wise,56,7,min = 1 AND polly_opt_simplify_deps = 1 AND polly_parallel = 1,parallel AND NOT polly_opt_simplify_deps AND NOT pollyoptmaxcoefficient_10 AND NOT pollyoptmaxconstantterm_100 AND pollyrtcmaxparameters != 16.00,1,0.2,0.3333333333333333,0.1428571428571428,48
3-wise,256,51,min = 1 AND polly_opt_simplify_deps = 1 AND polly_parallel = 1,min AND polly_opt_simplify_deps AND polly_parallel,1,1.0,1.0,1.0,48
4-wise,961,154,min = 1 AND polly_opt_simplify_deps = 1 AND polly_parallel = 1,min AND polly_opt_simplify_deps AND polly_parallel,0,1.0,1.0,1.0,48
full,60000,10000,memory_based = 1 AND min = 1 AND polly_parallel = 1,memory_based AND min AND polly_parallel,0,1.0,1.0,1.0,49
random_2,46,7,memory_based = 1 AND min = 1 AND polly_parallel = 1,memory_based AND polly_parallel AND pollydefaulttilesize >= 16.00 AND NOT pollyoptmaxcoefficient_100,4,0.6666666666666665,0.5454545454545454,0.8571428571428571,49
random_5,115,19,memory_based = 1 AND min = 1 AND polly_parallel = 1,memory_based AND min AND polly_parallel,2,1.0,1.0,1.0,49
random_10,230,42,memory_based = 1 AND min = 1 AND polly_parallel = 1,memory_based AND min AND polly_parallel,2,1.0,1.0,1.0,49
random_20,460,75,memory_based = 1 AND min = 1 AND polly_parallel = 1,memory_based AND min AND polly_parallel,1,1.0,1.0,1.0,49
2-wise,53,9,memory_based = 1 AND min = 1 AND polly_parallel = 1,NOT memory_based AND min AND polly_parallel,0,1.0,1.0,1.0,49
3-wise,253,42,memory_based = 1 AND min = 1 AND polly_parallel = 1,memory_based AND min AND polly_parallel,2,1.0,1.0,1.0,49
4-wise,961,151,memory_based = 1 AND min = 1 AND polly_parallel = 1,memory_based AND min AND polly_parallel,0,1.0,1.0,1.0,49
full,60000,10000,parallel_force = 1 AND polly_opt_simplify_deps = 1 AND polly_parallel = 1,NOT parallel_force AND polly_opt_simplify_deps AND polly_parallel,0,1.0,1.0,1.0,4
random_2,46,7,parallel_force = 1 AND polly_opt_simplify_deps = 1 AND polly_parallel = 1,parallel_force AND pollyoptmaxconstantterm_100 AND pollyrtcmaxparameters != 16.00,3,0.4444444444444445,1.0,0.2857142857142857,4
random_5,115,11,parallel_force = 1 AND polly_opt_simplify_deps = 1 AND polly_parallel = 1,parallel_force AND polly_opt_simplify_deps,1,1.0,1.0,1.0,4
random_10,230,47,parallel_force = 1 AND polly_opt_simplify_deps = 1 AND polly_parallel = 1,parallel_force AND polly_opt_simplify_deps,1,1.0,1.0,1.0,4
random_20,460,71,parallel_force = 1 AND polly_opt_simplify_deps = 1 AND polly_parallel = 1,parallel_force AND polly_opt_simplify_deps,0,1.0,1.0,1.0,4
2-wise,55,8,parallel_force = 1 AND polly_opt_simplify_deps = 1 AND polly_parallel = 1,polly_opt_simplify_deps AND NOT pollyoptmaxcoefficient_1 AND NOT pollyoptmaxconstantterm_1000 AND NOT pollyoptmaxconstantterm_10000 AND pollyrtcmaxparameters >= 2.00,3,0.3703703703703703,0.2631578947368421,0.625,4
3-wise,246,37,parallel_force = 1 AND polly_opt_simplify_deps = 1 AND polly_parallel = 1,parallel_force AND polly_opt_simplify_deps,0,1.0,1.0,1.0,4
4-wise,945,169,parallel_force = 1 AND polly_opt_simplify_deps = 1 AND polly_parallel = 1,parallel_force AND polly_opt_simplify_deps AND polly_parallel,0,1.0,1.0,1.0,4
full,60000,10000,none = 1 AND parallel_force = 1 AND polly_parallel = 1,none AND NOT parallel_force AND polly_parallel,0,1.0,1.0,1.0,50
random_2,46,5,none = 1 AND parallel_force = 1 AND polly_parallel = 1,max AND polly_no_tiling AND polly_opt_simplify_deps AND pollydefaulttilesize >= 16.00,0,0.4444444444444445,0.5,0.4,50
random_5,115,26,none = 1 AND parallel_force = 1 AND polly_parallel = 1,none AND parallel_force,0,1.0,1.0,1.0,50
random_10,230,37,none = 1 AND parallel_force = 1 AND polly_parallel = 1,none AND parallel_force,0,1.0,1.0,1.0,50
random_20,460,66,none = 1 AND parallel_force = 1 AND polly_parallel = 1,NOT none AND parallel_force,0,1.0,1.0,1.0,50
2-wise,57,8,none = 1 AND parallel_force = 1 AND polly_parallel = 1,min AND none AND NOT parallel AND pollydefaulttilesize >= 16.00 AND NOT pollyoptmaxconstantterm_10 AND pollyrtcmaxparameters != 16.00,0,0.6666666666666666,1.0,0.5,50
3-wise,244,46,none = 1 AND parallel_force = 1 AND polly_parallel = 1,none AND parallel_force,0,1.0,1.0,1.0,50
4-wise,943,172,none = 1 AND parallel_force = 1 AND polly_parallel = 1,none AND NOT parallel_force,1,1.0,1.0,1.0,50
full,60000,10000,parallel = 1 AND polly_opt_simplify_deps = 1 AND polly_parallel = 1,NOT parallel AND polly_opt_simplify_deps AND polly_parallel,0,1.0,1.0,1.0,51
random_2,46,8,parallel = 1 AND polly_opt_simplify_deps = 1 AND polly_parallel = 1,NOT parallel AND polly_opt_simplify_deps,1,1.0,1.0,1.0,51
random_5,115,18,parallel = 1 AND polly_opt_simplify_deps = 1 AND polly_parallel = 1,parallel AND NOT pollyoptmaxcoefficient_10000,1,0.7234042553191489,0.5862068965517241,0.9444444444444444,51
random_10,230,34,parallel = 1 AND polly_opt_simplify_deps = 1 AND polly_parallel = 1,parallel AND polly_opt_simplify_deps,3,1.0,1.0,1.0,51
random_20,460,69,parallel = 1 AND polly_opt_simplify_deps = 1 AND polly_parallel = 1,parallel AND polly_opt_simplify_deps,2,1.0,1.0,1.0,51
2-wise,56,12,parallel = 1 AND polly_opt_simplify_deps = 1 AND polly_parallel = 1,parallel AND polly_opt_simplify_deps AND polly_parallel,0,1.0,1.0,1.0,51
3-wise,261,43,parallel = 1 AND polly_opt_simplify_deps = 1 AND polly_parallel = 1,parallel AND polly_opt_simplify_deps,3,1.0,1.0,1.0,51
4-wise,954,163,parallel = 1 AND polly_opt_simplify_deps = 1 AND polly_parallel = 1,parallel AND polly_opt_simplify_deps,0,1.0,1.0,1.0,51
full,60000,7500,max = 1 AND polly = 1 AND polly_opt_simplify_deps = 1,max AND polly AND polly_opt_simplify_deps,0,1.0,1.0,1.0,52
random_2,46,5,max = 1 AND polly = 1 AND polly_opt_simplify_deps = 1,max AND polly_opt_simplify_deps AND pollydefaulttilesize != 1024.00 AND NOT pollyoptmaxconstantterm_100,1,0.7142857142857143,0.5555555555555556,1.0,52
random_5,115,16,max = 1 AND polly = 1 AND polly_opt_simplify_deps = 1,max AND polly AND polly_opt_simplify_deps,2,1.0,1.0,1.0,52
random_10,230,27,max = 1 AND polly = 1 AND polly_opt_simplify_deps = 1,max AND NOT polly AND NOT polly_opt_simplify_deps,0,1.0,1.0,1.0,52
random_20,460,65,max = 1 AND polly = 1 AND polly_opt_simplify_deps = 1,max AND polly AND pollydefaulttilesize != 1024.00 AND NOT pollyoptmaxcoefficient_10 AND NOT pollyoptmaxconstantterm_10,2,0.6853146853146853,0.6282051282051282,0.7538461538461538,52
2-wise,57,10,max = 1 AND polly = 1 AND polly_opt_simplify_deps = 1,max AND polly AND polly_opt_simplify_deps AND NOT pollyoptmaxconstantterm_1,0,0.9473684210526316,1.0,0.9,52
3-wise,264,25,max = 1 AND polly = 1 AND polly_opt_simplify_deps = 1,max AND polly AND polly_opt_simplify_deps,3,1.0,1.0,1.0,52
4-wise,963,128,max = 1 AND polly = 1 AND polly_opt_simplify_deps = 1,max AND polly AND polly_opt_simplify_deps,0,1.0,1.0,1.0,52
full,60000,7500,max = 1 AND none = 1 AND polly_opt_simplify_deps = 1,max AND none AND polly_opt_simplify_deps,0,1.0,1.0,1.0,53
random_2,46,8,max = 1 AND none = 1 AND polly_opt_simplify_deps = 1,polly_opt_simplify_deps AND pollydefaulttilesize != 1024.00 AND NOT pollyoptmaxconstantterm_10 AND pollyoptmaxconstantterm_100,2,0.25,0.25,0.25,53
random_5,115,13,max = 1 AND none = 1 AND polly_opt_simplify_deps = 1,memory_based AND polly_opt_simplify_deps AND NOT pollyoptmaxcoefficient_1 AND NOT pollyoptmaxcoefficient_100 AND pollyoptmaxconstantterm_1 AND NOT pollyoptmaxconstantterm_1000,2,0.3157894736842105,0.5,0.2307692307692307,53
random_10,230,24,max = 1 AND none = 1 AND polly_opt_simplify_deps = 1,max AND none AND NOT polly_opt_simplify_deps,1,1.0,1.0,1.0,53
random_20,460,63,max = 1 AND none = 1 AND polly_opt_simplify_deps = 1,max AND none AND polly_opt_simplify_deps,4,1.0,1.0,1.0,53
2-wise,53,5,max = 1 AND none = 1 AND polly_opt_simplify_deps = 1,max AND none AND NOT pollyoptmaxconstantterm_1,0,0.9090909090909092,0.8333333333333334,1.0,53
3-wise,252,29,max = 1 AND none = 1 AND polly_opt_simplify_deps = 1,max AND none AND NOT polly_opt_simplify_deps,2,1.0,1.0,1.0,53
4-wise,945,109,max = 1 AND none = 1 AND polly_opt_simplify_deps = 1,NOT max AND polly_opt_simplify_deps AND NOT pollyoptmaxcoefficient_100 AND NOT pollyoptmaxconstantterm_1,1,0.609375,0.5306122448979592,0.7155963302752294,53
random_2,46,4,memory_based = 1 AND min = 1 AND polly_no_tiling = 1,memory_based AND NOT pollyoptmaxconstantterm_10 AND NOT pollyoptmaxconstantterm_100 AND pollyrtcmaxparameters >= 4.00,2,0.5,0.375,0.75,54
random_5,115,26,memory_based = 1 AND min = 1 AND polly_no_tiling = 1,memory_based AND min AND polly_no_tiling,0,1.0,1.0,1.0,54
random_10,230,39,memory_based = 1 AND min = 1 AND polly_no_tiling = 1,memory_based AND min AND polly_no_tiling,0,1.0,1.0,1.0,54
random_20,460,56,memory_based = 1 AND min = 1 AND polly_no_tiling = 1,min AND pollydefaulttilesize >= 16.00 AND pollyoptmaxcoefficient_1000 AND NOT pollyoptmaxconstantterm_100,1,0.2391304347826087,0.3055555555555556,0.1964285714285714,54
2-wise,58,5,memory_based = 1 AND min = 1 AND polly_no_tiling = 1,memory_based AND polly_no_tiling AND NOT pollyoptmaxconstantterm_10000 AND pollyrtcmaxparameters >= 4.00,1,0.7692307692307693,0.625,1.0,54
3-wise,246,31,memory_based = 1 AND min = 1 AND polly_no_tiling = 1,memory_based AND min AND polly_no_tiling,2,1.0,1.0,1.0,54
4-wise,959,118,memory_based = 1 AND min = 1 AND polly_no_tiling = 1,memory_based AND min AND polly_no_tiling,0,1.0,1.0,1.0,54
full,60000,10000,min = 1 AND none = 1 AND polly_parallel = 1,min AND none AND polly_parallel,0,1.0,1.0,1.0,55
random_2,46,7,min = 1 AND none = 1 AND polly_parallel = 1,none AND polly_parallel AND NOT pollyoptmaxcoefficient_10 AND NOT pollyoptmaxcoefficient_10000 AND NOT pollyoptmaxconstantterm_10000,1,0.7058823529411764,0.6,0.8571428571428571,55
random_5,115,18,min = 1 AND none = 1 AND polly_parallel = 1,min AND none AND polly_parallel,1,1.0,1.0,1.0,55
random_10,230,33,min = 1 AND none = 1 AND polly_parallel = 1,min AND none AND polly_parallel,2,1.0,1.0,1.0,55
random_20,460,69,min = 1 AND none = 1 AND polly_parallel = 1,min AND none AND polly_parallel,0,1.0,1.0,1.0,55
2-wise,57,16,min = 1 AND none = 1 AND polly_parallel = 1,min AND none AND polly_parallel,2,1.0,1.0,1.0,55
3-wise,256,47,min = 1 AND none = 1 AND polly_parallel = 1,min AND none AND polly_parallel,2,1.0,1.0,1.0,55
4-wise,981,158,min = 1 AND none = 1 AND polly_parallel = 1,min AND none AND polly_parallel,1,1.0,1.0,1.0,55
full,60000,10000,max = 1 AND parallel = 1 AND polly_parallel = 1,max AND NOT parallel AND polly_parallel,0,1.0,1.0,1.0,56
random_2,46,9,max = 1 AND parallel = 1 AND polly_parallel = 1,max AND parallel AND NOT pollyoptmaxcoefficient_10000 AND NOT pollyoptmaxconstantterm_1,1,1.0,1.0,1.0,56
random_5,115,13,max = 1 AND parallel = 1 AND polly_parallel = 1,NOT max AND parallel,0,1.0,1.0,1.0,56
random_10,230,33,max = 1 AND parallel = 1 AND polly_parallel = 1,max AND parallel,4,1.0,1.0,1.0,56
random_20,460,82,max = 1 AND parallel = 1 AND polly_parallel = 1,max AND parallel AND polly_parallel,0,1.0,1.0,1.0,56
2-wise,57,10,max = 1 AND parallel = 1 AND polly_parallel = 1,max AND NOT parallel,2,1.0,1.0,1.0,56
3-wise,260,38,max = 1 AND parallel = 1 AND polly_parallel = 1,max AND parallel,0,1.0,1.0,1.0,56
4-wise,973,170,max = 1 AND parallel = 1 AND polly_parallel = 1,max AND parallel AND polly_parallel,0,1.0,1.0,1.0,56
random_2,46,5,max = 1 AND polly = 1 AND value_based = 1,max AND polly AND polly_opt_simplify_deps AND NOT pollyoptmaxcoefficient_1000 AND value_based,0,0.888888888888889,1.0,0.8,57
random_5,115,17,max = 1 AND polly = 1 AND value_based = 1,max AND polly AND pollydefaulttilesize != 1024.00 AND value_based,0,0.9696969696969696,1.0,0.9411764705882352,57
random_10,230,23,max = 1 AND polly = 1 AND value_based = 1,NOT max AND NOT polly AND NOT pollyoptmaxconstantterm_10000 AND value_based,1,1.0,1.0,1.0,57
random_20,460,60,max = 1 AND polly = 1 AND value_based = 1,max AND polly AND value_based,0,1.0,1.0,1.0,57
2-wise,54,6,max = 1 AND polly = 1 AND value_based = 1,max AND polly_no_tiling AND NOT pollyoptmaxcoefficient_10 AND NOT pollyoptmaxconstantterm_1,0,0.6666666666666667,0.5555555555555556,0.8333333333333334,57
3-wise,263,32,max = 1 AND polly = 1 AND value_based = 1,max AND polly AND value_based,0,1.0,1.0,1.0,57
4-wise,960,117,max = 1 AND polly = 1 AND value_based = 1,max AND polly AND value_based,1,1.0,1.0,1.0,57
full,60000,10000,memory_based = 1 AND parallel_force = 1 AND polly_parallel = 1,memory_based AND NOT parallel_force AND polly_parallel,0,1.0,1.0,1.0,58
random_2,46,5,memory_based = 1 AND parallel_force = 1 AND polly_parallel = 1,polly AND pollydefaulttilesize >= 16.00 AND NOT pollyoptmaxcoefficient_1000,1,0.3809523809523809,0.25,0.8,58
random_5,115,28,memory_based = 1 AND parallel_force = 1 AND polly_parallel = 1,memory_based AND NOT parallel_force,0,1.0,1.0,1.0,58
random_10,230,45,memory_based = 1 AND parallel_force = 1 AND polly_parallel = 1,memory_based AND parallel_force,0,1.0,1.0,1.0,58
random_20,460,69,memory_based = 1 AND parallel_force = 1 AND polly_parallel = 1,parallel_force AND polly_parallel,0,0.647887323943662,0.4791666666666667,1.0,58
2-wise,56,10,memory_based = 1 AND parallel_force = 1 AND polly_parallel = 1,NOT memory_based AND NOT pollyoptmaxcoefficient_10 AND NOT pollyoptmaxconstantterm_10 AND NOT pollyoptmaxconstantterm_10000 AND pollyrtcmaxparameters <= 4.00,2,0.6,0.6,0.6,58
3-wise,255,44,memory_based = 1 AND parallel_force = 1 AND polly_parallel = 1,memory_based AND NOT parallel_force AND polly_parallel,0,1.0,1.0,1.0,58
4-wise,971,170,memory_based = 1 AND parallel_force = 1 AND polly_parallel = 1,memory_based AND parallel_force AND polly_parallel,0,1.0,1.0,1.0,58
full,60000,7500,polly = 1 AND polly_no_tiling = 1 AND polly_opt_simplify_deps = 1,polly AND polly_no_tiling AND polly_opt_simplify_deps,0,1.0,1.0,1.0,59
random_2,46,10,polly = 1 AND polly_no_tiling = 1 AND polly_opt_simplify_deps = 1,parallel AND NOT pollyoptmaxcoefficient_100 AND NOT pollyoptmaxconstantterm_10,3,0.3529411764705882,0.4285714285714285,0.3,59
random_5,115,20,polly = 1 AND polly_no_tiling = 1 AND polly_opt_simplify_deps = 1,max AND polly_no_tiling AND polly_opt_simplify_deps,2,0.5641025641025641,0.5789473684210527,0.55,59
random_10,230,32,polly = 1 AND polly_no_tiling = 1 AND polly_opt_simplify_deps = 1,polly AND polly_no_tiling AND polly_opt_simplify_deps,2,1.0,1.0,1.0,59
random_20,460,58,polly = 1 AND polly_no_tiling = 1 AND polly_opt_simplify_deps = 1,polly AND NOT polly_no_tiling AND polly_opt_simplify_deps,2,1.0,1.0,1.0,59
2-wise,58,3,polly = 1 AND polly_no_tiling = 1 AND polly_opt_simplify_deps = 1,polly_no_tiling AND pollyoptmaxconstantterm_10,1,0.8,1.0,0.6666666666666666,59
3-wise,256,33,polly = 1 AND polly_no_tiling = 1 AND polly_opt_simplify_deps = 1,polly AND polly_no_tiling AND polly_opt_simplify_deps,0,1.0,1.0,1.0,59
4-wise,976,112,polly = 1 AND polly_no_tiling = 1 AND polly_opt_simplify_deps = 1,polly AND polly_no_tiling AND NOT polly_opt_simplify_deps,0,1.0,1.0,1.0,59
full,60000,7500,min = 1 AND none = 1 AND polly_no_tiling = 1,min AND none AND polly_no_tiling,0,1.0,1.0,1.0,5
random_2,46,5,min = 1 AND none = 1 AND polly_no_tiling = 1,polly_no_tiling AND NOT pollyoptmaxcoefficient_10 AND NOT pollyoptmaxcoefficient_10000 AND NOT pollyoptmaxconstantterm_10 AND NOT pollyoptmaxconstantterm_10000 AND pollyrtcmaxparameters != 16.00,3,0.1538461538461538,0.125,0.2,5
random_5,115,13,min = 1 AND none = 1 AND polly_no_tiling = 1,NOT polly_no_tiling AND NOT polly_opt_simplify_deps AND pollydefaulttilesize != 1024.00 AND NOT pollyoptmaxcoefficient_1 AND NOT pollyoptmaxcoefficient_1000,1,0.4285714285714285,0.4,0.4615384615384615,5
random_10,230,19,min = 1 AND none = 1 AND polly_no_tiling = 1,min AND none AND NOT polly_no_tiling AND NOT pollyoptmaxcoefficient_1000 AND NOT pollyoptmaxconstantterm_10000,2,0.8823529411764706,1.0,0.7894736842105263,5
random_20,460,67,min = 1 AND none = 1 AND polly_no_tiling = 1,min AND none AND polly_no_tiling,0,1.0,1.0,1.0,5
2-wise,56,10,min = 1 AND none = 1 AND polly_no_tiling = 1,NOT polly_opt_simplify_deps AND NOT pollyoptmaxcoefficient_100 AND NOT pollyoptmaxconstantterm_10000,4,0.3333333333333333,0.25,0.5,5
3-wise,257,35,min = 1 AND none = 1 AND polly_no_tiling = 1,none AND polly_no_tiling AND NOT pollyoptmaxcoefficient_10 AND NOT pollyoptmaxconstantterm_10 AND NOT pollyoptmaxconstantterm_1000,0,0.6,0.6,0.6,5
4-wise,961,123,min = 1 AND none = 1 AND polly_no_tiling = 1,min AND none AND polly_no_tiling,0,1.0,1.0,1.0,5
full,60000,10000,max = 1 AND memory_based = 1 AND polly_parallel = 1,max AND memory_based AND polly_parallel,0,1.0,1.0,1.0,60
random_2,46,3,max = 1 AND memory_based = 1 AND polly_parallel = 1,memory_based AND NOT polly_no_tiling AND NOT pollyoptmaxconstantterm_10 AND NOT pollyoptmaxconstantterm_10000,1,0.5,0.4,0.6666666666666666,60
random_5,115,17,max = 1 AND memory_based = 1 AND polly_parallel = 1,max AND memory_based AND polly_parallel,3,1.0,1.0,1.0,60
random_10,230,36,max = 1 AND memory_based = 1 AND polly_parallel = 1,max AND memory_based AND polly_parallel,0,1.0,1.0,1.0,60
random_20,460,69,max = 1 AND memory_based = 1 AND polly_parallel = 1,max AND NOT memory_based AND parallel_force AND NOT pollyoptmaxcoefficient_100,0,0.6060606060606061,1.0,0.4347826086956521,60
2-wise,52,5,max = 1 AND memory_based = 1 AND polly_parallel = 1,max AND parallel_force AND polly_parallel AND NOT pollyoptmaxconstantterm_10 AND NOT pollyoptmaxconstantterm_10000,2,0.6153846153846154,0.5,0.8,60
3-wise,259,47,max = 1 AND memory_based = 1 AND polly_parallel = 1,max AND memory_based AND polly_parallel,0,1.0,1.0,1.0,60
4-wise,960,167,max = 1 AND memory_based = 1 AND polly_parallel = 1,max AND memory_based AND polly_parallel,2,1.0,1.0,1.0,60
random_2,46,4,min = 1 AND parallel = 1 AND polly_parallel = 1,min AND NOT parallel_force AND polly AND NOT pollyoptmaxcoefficient_1 AND NOT pollyoptmaxcoefficient_1000 AND NOT pollyoptmaxconstantterm_1000,2,0.888888888888889,0.8,1.0,61
random_5,115,24,min = 1 AND parallel = 1 AND polly_parallel = 1,min AND parallel,0,1.0,1.0,1.0,61
random_10,230,38,min = 1 AND parallel = 1 AND polly_parallel = 1,min AND parallel AND polly_parallel,2,1.0,1.0,1.0,61
random_20,460,58,min = 1 AND parallel = 1 AND polly_parallel = 1,min AND parallel,0,1.0,1.0,1.0,61
2-wise,53,9,min = 1 AND parallel = 1 AND polly_parallel = 1,min AND parallel AND NOT parallel_force AND polly_parallel,1,1.0,1.0,1.0,61
3-wise,254,41,min = 1 AND parallel = 1 AND polly_parallel = 1,min AND parallel,0,1.0,1.0,1.0,61
4-wise,971,169,min = 1 AND parallel = 1 AND polly_parallel = 1,min AND parallel,0,1.0,1.0,1.0,61
full,60000,7500,memory_based = 1 AND polly = 1 AND polly_no_tiling = 1,memory_based AND polly AND polly_no_tiling,0,1.0,1.0,1.0,62
random_2,46,8,memory_based = 1 AND polly = 1 AND polly_no_tiling = 1,memory_based AND NOT parallel_force AND polly AND NOT pollyoptmaxcoefficient_1000,1,0.823529411764706,0.7777777777777778,0.875,62
random_5,115,14,memory_based = 1 AND polly = 1 AND polly_no_tiling = 1,memory_based AND polly AND polly_no_tiling AND NOT pollyoptmaxcoefficient_1000,1,1.0,1.0,1.0,62
random_10,230,35,memory_based = 1 AND polly = 1 AND polly_no_tiling = 1,memory_based AND polly AND NOT pollyoptmaxcoefficient_100 AND NOT pollyoptmaxconstantterm_1,2,0.6410256410256411,0.5813953488372093,0.7142857142857143,62
random_20,460,65,memory_based = 1 AND polly = 1 AND polly_no_tiling = 1,memory_based AND polly AND polly_no_tiling,1,1.0,1.0,1.0,62
2-wise,57,8,memory_based = 1 AND polly = 1 AND polly_no_tiling = 1,polly AND polly_no_tiling AND NOT pollyoptmaxcoefficient_100 AND pollyoptmaxconstantterm_10000,0,0.6666666666666666,1.0,0.5,62
3-wise,249,37,memory_based = 1 AND polly = 1 AND polly_no_tiling = 1,memory_based AND polly AND polly_no_tiling,3,1.0,1.0,1.0,62
4-wise,940,123,memory_based = 1 AND polly = 1 AND polly_no_tiling = 1,NOT memory_based AND polly AND polly_no_tiling,0,1.0,1.0,1.0,62
random_2,46,4,min = 1 AND polly = 1 AND value_based = 1,min AND polly AND pollydefaulttilesize >= 16.00 AND NOT pollyoptmaxconstantterm_1 AND pollyrtcmaxparameters != 16.00 AND value_based,4,1.0,1.0,1.0,63
random_5,115,12,min = 1 AND polly = 1 AND value_based = 1,min AND polly AND value_based,2,1.0,1.0,1.0,63
random_10,230,32,min = 1 AND polly = 1 AND value_based = 1,min AND polly AND value_based,0,1.0,1.0,1.0,63
random_20,460,61,min = 1 AND polly = 1 AND value_based = 1,min AND polly AND value_based,2,1.0,1.0,1.0,63
2-wise,57,6,min = 1 AND polly = 1 AND value_based = 1,NOT min AND pollydefaulttilesize != 1024.00 AND NOT value_based,2,0.7058823529411764,0.5454545454545454,1.0,63
3-wise,256,29,min = 1 AND polly = 1 AND value_based = 1,min AND polly AND value_based,3,1.0,1.0,1.0,63
4-wise,970,134,min = 1 AND polly = 1 AND value_based = 1,min AND polly AND value_based,0,1.0,1.0,1.0,63
full,60000,7500,polly_no_tiling = 1 AND polly_opt_simplify_deps = 1 AND value_based = 1,polly_no_tiling AND polly_opt_simplify_deps AND value_based,0,1.0,1.0,1.0,64
random_2,46,10,polly_no_tiling = 1 AND polly_opt_simplify_deps = 1 AND value_based = 1,polly_no_tiling AND polly_opt_simplify_deps AND NOT pollyoptmaxcoefficient_1000 AND NOT pollyoptmaxconstantterm_100 AND value_based,1,0.9473684210526316,1.0,0.9,64
random_5,115,13,polly_no_tiling = 1 AND polly_opt_simplify_deps = 1 AND value_based = 1,polly_opt_simplify_deps AND NOT pollyoptmaxcoefficient_10 AND NOT pollyoptmaxconstantterm_100 AND NOT pollyoptmaxconstantterm_10000 AND value_based,0,0.6666666666666666,0.6428571428571429,0.6923076923076923,64
random_10,230,34,polly_no_tiling = 1 AND polly_opt_simplify_deps = 1 AND value_based = 1,polly_no_tiling AND polly_opt_simplify_deps AND value_based,0,1.0,1.0,1.0,64
random_20,460,60,polly_no_tiling = 1 AND polly_opt_simplify_deps = 1 AND value_based = 1,polly_no_tiling AND polly_opt_simplify_deps AND value_based,0,1.0,1.0,1.0,64
2-wise,57,7,polly_no_tiling = 1 AND polly_opt_simplify_deps = 1 AND value_based = 1,NOT max AND NOT pollyoptmaxconstantterm_1 AND pollyrtcmaxparameters != 16.00,3,0.4545454545454545,0.3333333333333333,0.7142857142857143,64
3-wise,261,21,polly_no_tiling = 1 AND polly_opt_simplify_deps = 1 AND value_based = 1,polly_no_tiling AND polly_opt_simplify_deps AND value_based,3,1.0,1.0,1.0,64
4-wise,953,124,polly_no_tiling = 1 AND polly_opt_simplify_deps = 1 AND value_based = 1,polly_opt_simplify_deps AND value_based,3,0.6927374301675978,0.5299145299145299,1.0,64
full,60000,7500,min = 1 AND polly = 1 AND polly_no_tiling = 1,min AND polly AND polly_no_tiling,0,1.0,1.0,1.0,65
random_2,46,5,min = 1 AND polly = 1 AND polly_no_tiling = 1,min AND polly AND NOT pollyoptmaxcoefficient_100 AND NOT pollyoptmaxconstantterm_100,2,0.6666666666666666,0.5714285714285714,0.8,65
random_5,115,9,min = 1 AND polly = 1 AND polly_no_tiling = 1,memory_based AND polly AND polly_no_tiling AND NOT pollyoptmaxconstantterm_100 AND NOT pollyoptmaxconstantterm_1000,1,0.5333333333333333,0.6666666666666666,0.4444444444444444,65
random_10,230,39,min = 1 AND polly = 1 AND polly_no_tiling = 1,min AND polly AND polly_no_tiling,1,1.0,1.0,1.0,65
random_20,460,52,min = 1 AND polly = 1 AND polly_no_tiling = 1,min AND polly AND NOT polly_no_tiling,0,1.0,1.0,1.0,65
2-wise,51,8,min = 1 AND polly = 1 AND polly_no_tiling = 1,polly AND polly_no_tiling AND NOT pollyoptmaxcoefficient_10 AND NOT pollyoptmaxconstantterm_100 AND pollyrtcmaxparameters >= 4.00,0,0.875,0.875,0.875,65
3-wise,256,26,min = 1 AND polly = 1 AND polly_no_tiling = 1,min AND polly AND polly_no_tiling,0,1.0,1.0,1.0,65
4-wise,970,125,min = 1 AND polly = 1 AND polly_no_tiling = 1,min AND polly AND polly_no_tiling,0,1.0,1.0,1.0,65
full,60000,7500,memory_based = 1 AND none = 1 AND polly_no_tiling = 1,memory_based AND none AND polly_no_tiling,0,1.0,1.0,1.0,66
random_2,46,4,memory_based = 1 AND none = 1 AND polly_no_tiling = 1,min AND none AND NOT pollyoptmaxcoefficient_1000 AND NOT pollyoptmaxconstantterm_100,3,0.2222222222222222,0.2,0.25,66
random_5,115,13,memory_based = 1 AND none = 1 AND polly_no_tiling = 1,polly_no_tiling AND polly_opt_simplify_deps AND NOT pollyoptmaxconstantterm_1 AND pollyrtcmaxparameters >= 8.00,0,0.3333333333333333,0.3636363636363636,0.3076923076923077,66
random_10,230,25,memory_based = 1 AND none = 1 AND polly_no_tiling = 1,memory_based AND NOT none AND NOT polly_no_tiling,4,1.0,1.0,1.0,66
random_20,460,59,memory_based = 1 AND none = 1 AND polly_no_tiling = 1,memory_based AND none AND polly_no_tiling,0,1.0,1.0,1.0,66
2-wise,52,9,memory_based = 1 AND none = 1 AND polly_no_tiling = 1,memory_based AND none AND polly_no_tiling AND NOT pollyoptmaxcoefficient_1 AND NOT pollyoptmaxcoefficient_10000 AND NOT pollyoptmaxconstantterm_1000,1,1.0,1.0,1.0,66
3-wise,261,34,memory_based = 1 AND none = 1 AND polly_no_tiling = 1,memory_based AND none AND polly_no_tiling,0,1.0,1.0,1.0,66
4-wise,954,140,memory_based = 1 AND none = 1 AND polly_no_tiling = 1,memory_based AND none AND polly_no_tiling,0,1.0,1.0,1.0,66
random_2,46,9,parallel = 1 AND polly_no_tiling = 1 AND polly_parallel = 1,parallel AND polly_no_tiling AND pollyrtcmaxparameters >= 2.00,1,1.0,1.0,1.0,67
random_5,115,14,parallel = 1 AND polly_no_tiling = 1 AND polly_parallel = 1,parallel AND polly_no_tiling,4,1.0,1.0,1.0,67
random_10,230,39,parallel = 1 AND polly_no_tiling = 1 AND polly_parallel = 1,parallel AND polly_no_tiling,0,1.0,1.0,1.0,67
random_20,460,84,parallel = 1 AND polly_no_tiling = 1 AND polly_parallel = 1,parallel AND polly_no_tiling,0,1.0,1.0,1.0,67
2-wise,55,7,parallel = 1 AND polly_no_tiling = 1 AND polly_parallel = 1,parallel AND polly_no_tiling,0,1.0,1.0,1.0,67
full,60000,10000,max = 1 AND parallel_force = 1 AND polly_parallel = 1,max AND NOT parallel_force AND polly_parallel,0,1.0,1.0,1.0,68
random_2,46,7,max = 1 AND parallel_force = 1 AND polly_parallel = 1,max AND parallel_force AND pollydefaulttilesize != 1024.00,4,1.0,1.0,1.0,68
random_5,115,17,max = 1 AND parallel_force = 1 AND polly_parallel = 1,max AND parallel_force,1,1.0,1.0,1.0,68
random_10,230,42,max = 1 AND parallel_force = 1 AND polly_parallel = 1,max AND parallel_force,0,1.0,1.0,1.0,68
random_20,460,82,max = 1 AND parallel_force = 1 AND polly_parallel = 1,max AND parallel_force,3,1.0,1.0,1.0,68
2-wise,52,9,max = 1 AND parallel_force = 1 AND polly_parallel = 1,max AND parallel_force,1,1.0,1.0,1.0,68
3-wise,253,41,max = 1 AND parallel_force = 1 AND polly_parallel = 1,max AND parallel_force AND polly_parallel,3,1.0,1.0,1.0,68
4-wise,953,161,max = 1 AND parallel_force = 1 AND polly_parallel = 1,max AND parallel_force,0,1.0,1.0,1.0,68
random_2,46,6,max = 1 AND memory_based = 1 AND polly_no_tiling = 1,NOT parallel AND polly AND NOT pollyoptmaxcoefficient_100 AND NOT pollyoptmaxcoefficient_10000 AND NOT pollyoptmaxconstantterm_1000,1,0.3333333333333333,0.25,0.5,69
random_5,115,9,max = 1 AND memory_based = 1 AND polly_no_tiling = 1,max AND memory_based AND pollydefaulttilesize != 1024.00,0,0.6,0.4285714285714285,1.0,69
random_10,230,26,max = 1 AND memory_based = 1 AND polly_no_tiling = 1,max AND memory_based AND polly_no_tiling AND pollydefaulttilesize != 1024.00,1,0.96,1.0,0.9230769230769232,69
random_20,460,65,max = 1 AND memory_based = 1 AND polly_no_tiling = 1,max AND memory_based AND polly_no_tiling,0,1.0,1.0,1.0,69
2-wise,52,7,max = 1 AND memory_based = 1 AND polly_no_tiling = 1,max AND memory_based AND polly_no_tiling AND pollydefaulttilesize != 1024.00,1,1.0,1.0,1.0,69
3-wise,242,29,max = 1 AND memory_based = 1 AND polly_no_tiling = 1,max AND memory_based AND polly_no_tiling,0,1.0,1.0,1.0,69
4-wise,964,125,max = 1 AND memory_based = 1 AND polly_no_tiling = 1,max AND memory_based AND polly_no_tiling,0,1.0,1.0,1.0,69
full,60000,7500,max = 1 AND none = 1 AND value_based = 1,max AND none AND value_based,0,1.0,1.0,1.0,6
random_2,46,3,max = 1 AND none = 1 AND value_based = 1,NOT polly_parallel AND NOT pollyoptmaxcoefficient_1 AND NOT pollyoptmaxcoefficient_1000 AND pollyrtcmaxparameters >= 8.00,0,0.3636363636363636,0.25,0.6666666666666666,6
random_5,115,23,max = 1 AND none = 1 AND value_based = 1,max AND none AND value_based,2,1.0,1.0,1.0,6
random_10,230,24,max = 1 AND none = 1 AND value_based = 1,max AND none AND value_based,0,1.0,1.0,1.0,6
random_20,460,67,max = 1 AND none = 1 AND value_based = 1,max AND none AND value_based,0,1.0,1.0,1.0,6
2-wise,57,5,max = 1 AND none = 1 AND value_based = 1,NOT max AND pollydefaulttilesize != 1024.00 AND NOT pollyoptmaxconstantterm_10 AND NOT pollyoptmaxconstantterm_1000 AND NOT value_based,0,0.7692307692307693,0.625,1.0,6
3-wise,248,37,max = 1 AND none = 1 AND value_based = 1,max AND none AND value_based,0,1.0,1.0,1.0,6
4-wise,942,114,max = 1 AND none = 1 AND value_based = 1,max AND none AND value_based,0,1.0,1.0,1.0,6
random_2,46,6,max = 1 AND polly_no_tiling = 1 AND value_based = 1,NOT parallel AND polly_no_tiling AND NOT pollyoptmaxconstantterm_10 AND value_based,0,0.7499999999999999,0.6,1.0,70
random_5,115,13,max = 1 AND polly_no_tiling = 1 AND value_based = 1,max AND polly_no_tiling AND value_based,1,1.0,1.0,1.0,70
random_10,230,22,max = 1 AND polly_no_tiling = 1 AND value_based = 1,NOT max AND NOT parallel AND polly_no_tiling AND NOT pollyoptmaxcoefficient_1000 AND NOT pollyoptmaxcoefficient_10000 AND pollyoptmaxconstantterm_1 AND NOT pollyoptmaxconstantterm_10,1,0.1481481481481481,0.4,0.0909090909090909,70
random_20,460,77,max = 1 AND polly_no_tiling = 1 AND value_based = 1,max AND polly_no_tiling AND value_based,2,1.0,1.0,1.0,70
2-wise,51,8,max = 1 AND polly_no_tiling = 1 AND value_based = 1,max AND NOT polly_no_tiling AND value_based,3,1.0,1.0,1.0,70
3-wise,274,36,max = 1 AND polly_no_tiling = 1 AND value_based = 1,max AND polly_no_tiling AND value_based,0,1.0,1.0,1.0,70
4-wise,955,136,max = 1 AND polly_no_tiling = 1 AND value_based = 1,none AND NOT pollyoptmaxcoefficient_1000 AND NOT pollyoptmaxconstantterm_1000 AND NOT pollyoptmaxconstantterm_10000 AND pollyrtcmaxparameters >= 2.00,0,0.1677419354838709,0.1494252873563218,0.1911764705882352,70
full,60000,10000,min = 1 AND polly = 1 AND polly_parallel = 1,min AND polly AND polly_parallel,0,1.0,1.0,1.0,71
random_2,46,7,min = 1 AND polly = 1 AND polly_parallel = 1,min AND NOT parallel AND pollydefaulttilesize != 1024.00 AND NOT pollyoptmaxcoefficient_100 AND NOT pollyoptmaxconstantterm_1000 AND NOT pollyoptmaxconstantterm_10000,2,0.3529411764705882,0.3,0.4285714285714285,71
random_5,115,20,min = 1 AND polly = 1 AND polly_parallel = 1,min AND polly_parallel AND pollydefaulttilesize != 1024.00 AND NOT pollyoptmaxconstantterm_1 AND pollyrtcmaxparameters <= 4.00,0,0.3703703703703703,0.7142857142857143,0.25,71
random_10,230,45,min = 1 AND polly = 1 AND polly_parallel = 1,min AND polly AND polly_parallel,0,1.0,1.0,1.0,71
random_20,460,76,min = 1 AND polly = 1 AND polly_parallel = 1,min AND NOT polly AND polly_parallel,4,1.0,1.0,1.0,71
2-wise,51,9,min = 1 AND polly = 1 AND polly_parallel = 1,polly AND NOT polly_no_tiling AND NOT pollyoptmaxcoefficient_1 AND NOT pollyoptmaxcoefficient_10 AND NOT pollyoptmaxconstantterm_1000 AND NOT pollyoptmaxconstantterm_10000,0,0.3333333333333333,0.3333333333333333,0.3333333333333333,71
3-wise,261,50,min = 1 AND polly = 1 AND polly_parallel = 1,min AND polly AND polly_parallel AND NOT pollyoptmaxcoefficient_100,0,0.9130434782608696,1.0,0.84,71
4-wise,965,159,min = 1 AND polly = 1 AND polly_parallel = 1,min AND polly AND polly_parallel,0,1.0,1.0,1.0,71
random_2,46,3,min = 1 AND polly = 1 AND value_based = 1,min AND pollyoptmaxconstantterm_10 AND NOT pollyoptmaxconstantterm_1000,0,0.3333333333333333,0.3333333333333333,0.3333333333333333,72
random_5,115,13,min = 1 AND polly = 1 AND value_based = 1,min AND pollydefaulttilesize >= 16.00 AND NOT pollyoptmaxconstantterm_1000 AND value_based,3,0.6470588235294118,0.5238095238095238,0.8461538461538461,72
random_10,230,30,min = 1 AND polly = 1 AND value_based = 1,min AND polly AND NOT value_based,0,1.0,1.0,1.0,72
random_20,460,74,min = 1 AND polly = 1 AND value_based = 1,min AND polly AND value_based,0,1.0,1.0,1.0,72
2-wise,54,3,min = 1 AND polly = 1 AND value_based = 1,min AND pollydefaulttilesize != 1024.00 AND pollyoptmaxcoefficient_10000,1,0.4,0.2857142857142857,0.6666666666666666,72
3-wise,260,28,min = 1 AND polly = 1 AND value_based = 1,NOT min AND polly AND value_based,0,1.0,1.0,1.0,72
4-wise,958,114,min = 1 AND polly = 1 AND value_based = 1,min AND polly AND value_based,0,1.0,1.0,1.0,72
full,60000,7500,memory_based = 1 AND polly_no_tiling = 1 AND polly_opt_simplify_deps = 1,memory_based AND polly_no_tiling AND polly_opt_simplify_deps,0,1.0,1.0,1.0,73
random_2,46,6,memory_based = 1 AND polly_no_tiling = 1 AND polly_opt_simplify_deps = 1,memory_based AND none AND polly_no_tiling AND polly_opt_simplify_deps AND pollydefaulttilesize != 1024.00 AND NOT pollyoptmaxconstantterm_10000,4,0.8,1.0,0.6666666666666666,73
random_5,115,13,memory_based = 1 AND polly_no_tiling = 1 AND polly_opt_simplify_deps = 1,polly_no_tiling AND polly_opt_simplify_deps AND polly_parallel,0,0.6470588235294118,0.5238095238095238,0.8461538461538461,73
random_10,230,34,memory_based = 1 AND polly_no_tiling = 1 AND polly_opt_simplify_deps = 1,memory_based AND polly_no_tiling AND polly_opt_simplify_deps,1,1.0,1.0,1.0,73
random_20,460,58,memory_based = 1 AND polly_no_tiling = 1 AND polly_opt_simplify_deps = 1,memory_based AND polly_no_tiling AND polly_opt_simplify_deps,0,1.0,1.0,1.0,73
2-wise,51,10,memory_based = 1 AND polly_no_tiling = 1 AND polly_opt_simplify_deps = 1,memory_based AND polly_no_tiling,0,0.7692307692307693,0.625,1.0,73
3-wise,260,37,memory_based = 1 AND polly_no_tiling = 1 AND polly_opt_simplify_deps = 1,max AND memory_based AND NOT parallel_force AND NOT pollyoptmaxcoefficient_10 AND NOT pollyoptmaxconstantterm_100,0,0.2941176470588235,0.3225806451612903,0.2702702702702703,73
4-wise,947,122,memory_based = 1 AND polly_no_tiling = 1 AND polly_opt_simplify_deps = 1,NOT memory_based AND polly_no_tiling AND polly_opt_simplify_deps,0,1.0,1.0,1.0,73
full,60000,7500,min = 1 AND polly_no_tiling = 1 AND value_based = 1,min AND polly_no_tiling AND value_based,0,1.0,1.0,1.0,74
random_2,46,4,min = 1 AND polly_no_tiling = 1 AND value_based = 1,min AND NOT parallel AND polly_no_tiling AND NOT pollyoptmaxcoefficient_1 AND NOT pollyoptmaxconstantterm_1000,1,0.888888888888889,0.8,1.0,74
random_5,115,12,min = 1 AND polly_no_tiling = 1 AND value_based = 1,min AND polly_no_tiling AND NOT pollyoptmaxconstantterm_10000 AND value_based,1,0.9565217391304348,1.0,0.9166666666666666,74
random_10,230,26,min = 1 AND polly_no_tiling = 1 AND value_based = 1,min AND polly_no_tiling AND value_based,4,1.0,1.0,1.0,74
random_20,460,56,min = 1 AND polly_no_tiling = 1 AND value_based = 1,min AND polly_no_tiling AND value_based,4,1.0,1.0,1.0,74
2-wise,54,8,min = 1 AND polly_no_tiling = 1 AND value_based = 1,polly_no_tiling AND NOT pollyoptmaxcoefficient_100 AND NOT pollyoptmaxconstantterm_1 AND value_based,4,0.7368421052631579,0.6363636363636364,0.875,74
3-wise,252,36,min = 1 AND polly_no_tiling = 1 AND value_based = 1,min AND polly_no_tiling AND value_based,3,1.0,1.0,1.0,74
4-wise,953,117,min = 1 AND polly_no_tiling = 1 AND value_based = 1,min AND polly_no_tiling AND value_based,1,1.0,1.0,1.0,74
full,60000,7500,min = 1 AND polly_opt_simplify_deps = 1 AND value_based = 1,min AND polly_opt_simplify_deps AND value_based,0,1.0,1.0,1.0,75
random_2,46,1,min = 1 AND polly_opt_simplify_deps = 1 AND value_based = 1,none AND pollydefaulttilesize != 1024.00 AND NOT pollyoptmaxcoefficient_10 AND NOT pollyoptmaxcoefficient_1000 AND NOT pollyoptmaxcoefficient_10000 AND value_based,0,0.0,0.0,0.0,75
random_5,115,16,min = 1 AND polly_opt_simplify_deps = 1 AND value_based = 1,polly_opt_simplify_deps AND NOT pollyoptmaxcoefficient_10000 AND NOT pollyoptmaxconstantterm_10000,2,0.5283018867924528,0.3783783783783784,0.875,75
random_10,230,25,min = 1 AND polly_opt_simplify_deps = 1 AND value_based = 1,min AND NOT polly_opt_simplify_deps AND value_based,4,1.0,1.0,1.0,75
random_20,460,55,min = 1 AND polly_opt_simplify_deps = 1 AND value_based = 1,min AND polly_opt_simplify_deps AND value_based,4,1.0,1.0,1.0,75
2-wise,56,9,min = 1 AND polly_opt_simplify_deps = 1 AND value_based = 1,polly_opt_simplify_deps AND NOT polly_parallel AND NOT pollyoptmaxconstantterm_1000 AND NOT pollyoptmaxconstantterm_10000,2,0.25,0.2857142857142857,0.2222222222222222,75
3-wise,247,33,min = 1 AND polly_opt_simplify_deps = 1 AND value_based = 1,min AND polly_opt_simplify_deps AND NOT value_based,0,1.0,1.0,1.0,75
4-wise,959,129,min = 1 AND polly_opt_simplify_deps = 1 AND value_based = 1,min AND polly_opt_simplify_deps AND value_based,0,1.0,1.0,1.0,75
random_2,46,9,min = 1 AND parallel = 1 AND polly_parallel = 1,min AND parallel,0,1.0,1.0,1.0,76
random_5,115,19,min = 1 AND parallel = 1 AND polly_parallel = 1,min AND parallel,1,1.0,1.0,1.0,76
random_10,230,35,min = 1 AND parallel = 1 AND polly_parallel = 1,min AND parallel,3,1.0,1.0,1.0,76
random_20,460,82,min = 1 AND parallel = 1 AND polly_parallel = 1,min AND parallel,0,1.0,1.0,1.0,76
2-wise,58,13,min = 1 AND parallel = 1 AND polly_parallel = 1,min AND NOT pollyoptmaxconstantterm_1 AND NOT pollyoptmaxconstantterm_1000 AND NOT pollyoptmaxconstantterm_10000,0,0.5,0.4666666666666667,0.5384615384615384,76
3-wise,245,41,min = 1 AND parallel = 1 AND polly_parallel = 1,min AND parallel,0,1.0,1.0,1.0,76
4-wise,951,172,min = 1 AND parallel = 1 AND polly_parallel = 1,min AND NOT parallel,0,1.0,1.0,1.0,76
full,60000,7500,max = 1 AND polly_opt_simplify_deps = 1 AND value_based = 1,max AND polly_opt_simplify_deps AND value_based,0,1.0,1.0,1.0,77
random_2,46,6,max = 1 AND polly_opt_simplify_deps = 1 AND value_based = 1,polly_no_tiling AND NOT pollyoptmaxcoefficient_1000 AND NOT pollyoptmaxconstantterm_100 AND NOT pollyoptmaxconstantterm_10000,0,0.2666666666666666,0.2222222222222222,0.3333333333333333,77
random_5,115,20,max = 1 AND polly_opt_simplify_deps = 1 AND value_based = 1,max AND polly_opt_simplify_deps AND value_based,0,1.0,1.0,1.0,77
random_10,230,33,max = 1 AND polly_opt_simplify_deps = 1 AND value_based = 1,max AND polly_opt_simplify_deps AND value_based,0,1.0,1.0,1.0,77
random_20,460,71,max = 1 AND polly_opt_simplify_deps = 1 AND value_based = 1,max AND polly_opt_simplify_deps AND value_based,2,1.0,1.0,1.0,77
2-wise,51,4,max = 1 AND polly_opt_simplify_deps = 1 AND value_based = 1,polly_parallel AND NOT pollyoptmaxconstantterm_1000 AND value_based,3,0.2,0.125,0.5,77
3-wise,246,36,max = 1 AND polly_opt_simplify_deps = 1 AND value_based = 1,max AND polly_opt_simplify_deps AND value_based,0,1.0,1.0,1.0,77
4-wise,961,118,max = 1 AND polly_opt_simplify_deps = 1 AND value_based = 1,max AND polly_opt_simplify_deps AND value_based,0,1.0,1.0,1.0,77
full,60000,10000,max = 1 AND none = 1 AND polly_parallel = 1,max AND none AND polly_parallel,0,1.0,1.0,1.0,78
random_2,46,6,max = 1 AND none = 1 AND polly_parallel = 1,max AND polly_parallel AND pollydefaulttilesize != 1024.00 AND NOT pollyoptmaxconstantterm_1,4,0.9090909090909092,1.0,0.8333333333333334,78
random_5,115,18,max = 1 AND none = 1 AND polly_parallel = 1,max AND none AND polly_parallel,1,1.0,1.0,1.0,78
random_10,230,32,max = 1 AND none = 1 AND polly_parallel = 1,max AND none AND polly_parallel,0,1.0,1.0,1.0,78
random_20,460,79,max = 1 AND none = 1 AND polly_parallel = 1,max AND NOT none AND polly_parallel,0,1.0,1.0,1.0,78
2-wise,53,5,max = 1 AND none = 1 AND polly_parallel = 1,max AND polly_parallel AND NOT pollyoptmaxcoefficient_10000 AND NOT pollyoptmaxconstantterm_1 AND NOT pollyoptmaxconstantterm_100,1,0.7692307692307693,0.625,1.0,78
3-wise,258,52,max = 1 AND none = 1 AND polly_parallel = 1,max AND none AND polly_parallel,0,1.0,1.0,1.0,78
4-wise,961,149,max = 1 AND none = 1 AND polly_parallel = 1,max AND none AND polly_parallel,0,1.0,1.0,1.0,78
full,60000,7500,memory_based = 1 AND polly_no_tiling = 1 AND polly_opt_simplify_deps = 1,memory_based AND polly_no_tiling AND polly_opt_simplify_deps,0,1.0,1.0,1.0,79
random_2,46,3,memory_based = 1 AND polly_no_tiling = 1 AND polly_opt_simplify_deps = 1,memory_based AND polly AND polly_parallel,0,0.5,0.4,0.6666666666666666,79
random_5,115,18,memory_based = 1 AND polly_no_tiling = 1 AND polly_opt_simplify_deps = 1,memory_based AND polly_no_tiling AND polly_opt_simplify_deps,1,1.0,1.0,1.0,79
random_10,230,24,memory_based = 1 AND polly_no_tiling = 1 AND polly_opt_simplify_deps = 1,memory_based AND polly_no_tiling AND polly_opt_simplify_deps,1,1.0,1.0,1.0,79
random_20,460,66,memory_based = 1 AND polly_no_tiling = 1 AND polly_opt_simplify_deps = 1,memory_based AND polly_no_tiling AND polly_opt_simplify_deps,2,1.0,1.0,1.0,79
2-wise,54,3,memory_based = 1 AND polly_no_tiling = 1 AND polly_opt_simplify_deps = 1,polly_parallel AND pollydefaulttilesize >= 16.00 AND pollyoptmaxcoefficient_1000 AND pollyoptmaxconstantterm_1000,3,0.5,1.0,0.3333333333333333,79
3-wise,246,31,memory_based = 1 AND polly_no_tiling = 1 AND polly_opt_simplify_deps = 1,memory_based AND polly_no_tiling AND polly_opt_simplify_deps AND NOT pollyoptmaxconstantterm_10,1,0.9310344827586208,1.0,0.8709677419354839,79
4-wise,969,130,memory_based = 1 AND polly_no_tiling = 1 AND polly_opt_simplify_deps = 1,memory_based AND polly_no_tiling AND polly_opt_simplify_deps,0,1.0,1.0,1.0,79
full,60000,7500,min = 1 AND polly = 1 AND polly_no_tiling = 1,min AND polly AND polly_no_tiling,0,1.0,1.0,1.0,7
random_2,46,3,min = 1 AND polly = 1 AND polly_no_tiling = 1,min AND NOT parallel_force AND NOT pollyoptmaxcoefficient_1,1,0.4285714285714285,0.2727272727272727,1.0,7
random_5,115,12,min = 1 AND polly = 1 AND polly_no_tiling = 1,polly AND polly_no_tiling AND pollydefaulttilesize >= 16.00 AND NOT pollyoptmaxcoefficient_10000 AND NOT pollyoptmaxconstantterm_100,0,0.6060606060606061,0.4761904761904761,0.8333333333333334,7
random_10,230,23,min = 1 AND polly = 1 AND polly_no_tiling = 1,min AND polly AND polly_no_tiling,2,1.0,1.0,1.0,7
random_20,460,48,min = 1 AND polly = 1 AND polly_no_tiling = 1,min AND polly AND polly_no_tiling AND NOT pollyoptmaxcoefficient_10000,0,0.8837209302325582,1.0,0.7916666666666666,7
2-wise,57,6,min = 1 AND polly = 1 AND polly_no_tiling = 1,memory_based AND parallel AND polly AND polly_parallel AND pollydefaulttilesize != 1024.00 AND NOT pollyoptmaxcoefficient_1 AND NOT pollyoptmaxcoefficient_100 AND NOT pollyoptmaxconstantterm_10,0,0.3636363636363636,0.4,0.3333333333333333,7
3-wise,249,35,min = 1 AND polly = 1 AND polly_no_tiling = 1,min AND polly AND polly_no_tiling,0,1.0,1.0,1.0,7
4-wise,953,122,min = 1 AND polly = 1 AND polly_no_tiling = 1,min AND polly AND polly_no_tiling,0,1.0,1.0,1.0,7
full,60000,10000,memory_based = 1 AND polly = 1 AND polly_parallel = 1,memory_based AND NOT none AND polly AND polly_parallel AND NOT value_based,1,1.0,1.0,1.0,80
random_2,46,6,memory_based = 1 AND polly = 1 AND polly_parallel = 1,memory_based AND polly AND polly_parallel,3,1.0,1.0,1.0,80
random_5,115,21,memory_based = 1 AND polly = 1 AND polly_parallel = 1,memory_based AND polly AND polly_parallel,2,1.0,1.0,1.0,80
random_10,230,40,memory_based = 1 AND polly = 1 AND polly_parallel = 1,memory_based AND polly AND polly_parallel,4,1.0,1.0,1.0,80
random_20,460,76,memory_based = 1 AND polly = 1 AND polly_parallel = 1,memory_based AND polly AND polly_parallel,1,1.0,1.0,1.0,80
2-wise,57,6,memory_based = 1 AND polly = 1 AND polly_parallel = 1,NOT memory_based AND polly_parallel AND NOT pollyoptmaxcoefficient_1 AND NOT pollyoptmaxcoefficient_10000 AND NOT pollyoptmaxconstantterm_10000 AND pollyrtcmaxparameters != 1.00,1,0.923076923076923,0.8571428571428571,1.0,80
3-wise,260,49,memory_based = 1 AND polly = 1 AND polly_parallel = 1,memory_based AND polly AND polly_parallel,2,1.0,1.0,1.0,80
4-wise,959,175,memory_based = 1 AND polly = 1 AND polly_parallel = 1,memory_based AND polly AND polly_parallel,0,1.0,1.0,1.0,80
full,60000,10000,parallel_force = 1 AND polly_no_tiling = 1 AND polly_parallel = 1,NOT parallel_force AND polly_no_tiling,0,1.0,1.0,1.0,81
random_2,46,6,parallel_force = 1 AND polly_no_tiling = 1 AND polly_parallel = 1,parallel_force AND polly_no_tiling,2,1.0,1.0,1.0,81
random_5,115,11,parallel_force = 1 AND polly_no_tiling = 1 AND polly_parallel = 1,polly AND NOT pollyoptmaxconstantterm_1 AND NOT pollyoptmaxconstantterm_100 AND NOT pollyoptmaxconstantterm_1000,0,0.2631578947368421,0.1851851851851851,0.4545454545454545,81
random_10,230,28,parallel_force = 1 AND polly_no_tiling = 1 AND polly_parallel = 1,memory_based AND parallel_force AND NOT polly_opt_simplify_deps AND NOT pollyoptmaxconstantterm_1,2,0.4897959183673468,0.5714285714285714,0.4285714285714285,81
random_20,460,53,parallel_force = 1 AND polly_no_tiling = 1 AND polly_parallel = 1,parallel_force AND NOT polly_no_tiling,0,1.0,1.0,1.0,81
2-wise,57,8,parallel_force = 1 AND polly_no_tiling = 1 AND polly_parallel = 1,NOT parallel AND polly_no_tiling AND pollydefaulttilesize != 1024.00 AND NOT pollyoptmaxcoefficient_10 AND NOT pollyoptmaxconstantterm_1000 AND NOT pollyoptmaxconstantterm_10000,2,0.6666666666666666,0.7142857142857143,0.625,81
3-wise,259,45,parallel_force = 1 AND polly_no_tiling = 1 AND polly_parallel = 1,min AND NOT parallel AND NOT pollyoptmaxcoefficient_1 AND NOT pollyoptmaxcoefficient_100 AND NOT pollyoptmaxconstantterm_10,3,0.3448275862068965,0.3571428571428571,0.3333333333333333,81
4-wise,967,152,parallel_force = 1 AND polly_no_tiling = 1 AND polly_parallel = 1,parallel_force AND polly_no_tiling AND polly_parallel,0,1.0,1.0,1.0,81
random_2,46,2,min = 1 AND polly_no_tiling = 1 AND polly_opt_simplify_deps = 1,min AND polly AND NOT pollyoptmaxcoefficient_1 AND NOT pollyoptmaxconstantterm_10 AND NOT value_based,0,0.6666666666666666,0.5,1.0,82
random_5,115,14,min = 1 AND polly_no_tiling = 1 AND polly_opt_simplify_deps = 1,min AND polly_no_tiling AND polly_opt_simplify_deps,4,1.0,1.0,1.0,82
random_10,230,30,min = 1 AND polly_no_tiling = 1 AND polly_opt_simplify_deps = 1,none AND polly_no_tiling AND NOT polly_opt_simplify_deps AND NOT pollyoptmaxconstantterm_10,3,0.5714285714285715,0.6153846153846154,0.5333333333333333,82
random_20,460,48,min = 1 AND polly_no_tiling = 1 AND polly_opt_simplify_deps = 1,min AND polly_no_tiling AND polly_opt_simplify_deps,1,1.0,1.0,1.0,82
2-wise,54,8,min = 1 AND polly_no_tiling = 1 AND polly_opt_simplify_deps = 1,min AND polly_no_tiling AND polly_opt_simplify_deps AND NOT pollyoptmaxcoefficient_1 AND NOT pollyoptmaxconstantterm_10,0,0.9333333333333332,1.0,0.875,82
3-wise,255,35,min = 1 AND polly_no_tiling = 1 AND polly_opt_simplify_deps = 1,min AND polly_no_tiling AND polly_opt_simplify_deps,3,1.0,1.0,1.0,82
4-wise,952,109,min = 1 AND polly_no_tiling = 1 AND polly_opt_simplify_deps = 1,min AND polly_no_tiling AND polly_opt_simplify_deps,0,1.0,1.0,1.0,82
full,60000,10000,memory_based = 1 AND parallel = 1 AND polly_parallel = 1,memory_based AND NOT parallel AND polly_parallel,0,1.0,1.0,1.0,83
random_2,46,7,memory_based = 1 AND parallel = 1 AND polly_parallel = 1,max AND pollyoptmaxcoefficient_10 AND NOT pollyoptmaxcoefficient_1000 AND NOT pollyoptmaxconstantterm_10 AND NOT pollyoptmaxconstantterm_1000,1,0.2222222222222222,0.5,0.1428571428571428,83
random_5,115,17,memory_based = 1 AND parallel = 1 AND polly_parallel = 1,memory_based AND NOT parallel_force AND polly_parallel,4,1.0,1.0,1.0,83
random_10,230,40,memory_based = 1 AND parallel = 1 AND polly_parallel = 1,memory_based AND parallel,0,1.0,1.0,1.0,83
random_20,460,62,memory_based = 1 AND parallel = 1 AND polly_parallel = 1,memory_based AND NOT parallel_force AND polly_parallel,2,1.0,1.0,1.0,83
2-wise,55,12,memory_based = 1 AND parallel = 1 AND polly_parallel = 1,memory_based AND parallel,1,1.0,1.0,1.0,83
3-wise,256,42,memory_based = 1 AND parallel = 1 AND polly_parallel = 1,memory_based AND parallel,2,1.0,1.0,1.0,83
4-wise,938,154,memory_based = 1 AND parallel = 1 AND polly_parallel = 1,memory_based AND parallel AND polly_parallel,1,1.0,1.0,1.0,83
full,60000,7500,memory_based = 1 AND none = 1 AND polly_opt_simplify_deps = 1,memory_based AND none AND polly_opt_simplify_deps,0,1.0,1.0,1.0,84
random_2,46,6,memory_based = 1 AND none = 1 AND polly_opt_simplify_deps = 1,memory_based AND polly_no_tiling AND polly_opt_simplify_deps AND NOT pollyoptmaxcoefficient_1 AND NOT pollyoptmaxconstantterm_10,1,1.0,1.0,1.0,84
random_5,115,14,memory_based = 1 AND none = 1 AND polly_opt_simplify_deps = 1,memory_based AND none AND polly_opt_simplify_deps,1,1.0,1.0,1.0,84
random_10,230,30,memory_based = 1 AND none = 1 AND polly_opt_simplify_deps = 1,memory_based AND none AND polly_opt_simplify_deps,2,1.0,1.0,1.0,84
random_20,460,51,memory_based = 1 AND none = 1 AND polly_opt_simplify_deps = 1,NOT memory_based AND none AND polly_opt_simplify_deps,0,1.0,1.0,1.0,84
2-wise,51,6,memory_based = 1 AND none = 1 AND polly_opt_simplify_deps = 1,memory_based AND none AND NOT pollyoptmaxcoefficient_10000 AND NOT pollyoptmaxconstantterm_100,4,0.8,0.6666666666666666,1.0,84
3-wise,252,26,memory_based = 1 AND none = 1 AND polly_opt_simplify_deps = 1,memory_based AND polly_parallel AND NOT pollyoptmaxconstantterm_1000,3,0.3655913978494624,0.2537313432835821,0.6538461538461539,84
4-wise,967,123,memory_based = 1 AND none = 1 AND polly_opt_simplify_deps = 1,memory_based AND none AND polly_opt_simplify_deps,0,1.0,1.0,1.0,84
full,60000,10000,parallel = 1 AND polly_parallel = 1 AND value_based = 1,NOT parallel AND polly_parallel AND value_based,1,1.0,1.0,1.0,85
random_2,46,7,parallel = 1 AND polly_parallel = 1 AND value_based = 1,NOT parallel AND value_based,1,1.0,1.0,1.0,85
random_5,115,23,parallel = 1 AND polly_parallel = 1 AND value_based = 1,parallel AND value_based,1,1.0,1.0,1.0,85
random_10,230,49,parallel = 1 AND polly_parallel = 1 AND value_based = 1,NOT parallel AND value_based,1,1.0,1.0,1.0,85
random_20,460,73,parallel = 1 AND polly_parallel = 1 AND value_based = 1,parallel AND value_based,0,1.0,1.0,1.0,85
2-wise,54,8,parallel = 1 AND polly_parallel = 1 AND value_based = 1,none AND parallel AND NOT polly_no_tiling AND NOT pollyoptmaxconstantterm_1000 AND pollyrtcmaxparameters != 16.00,0,0.5454545454545454,1.0,0.375,85
3-wise,256,42,parallel = 1 AND polly_parallel = 1 AND value_based = 1,parallel AND value_based,0,1.0,1.0,1.0,85
4-wise,954,155,parallel = 1 AND polly_parallel = 1 AND value_based = 1,parallel AND value_based,0,1.0,1.0,1.0,85
full,60000,7500,min = 1 AND none = 1 AND polly_opt_simplify_deps = 1,min AND none AND polly_opt_simplify_deps,0,1.0,1.0,1.0,86
random_2,46,4,min = 1 AND none = 1 AND polly_opt_simplify_deps = 1,polly_opt_simplify_deps AND NOT pollyoptmaxcoefficient_1 AND NOT pollyoptmaxconstantterm_1 AND NOT pollyoptmaxconstantterm_10000,3,0.3333333333333333,0.2142857142857142,0.75,86
random_5,115,9,min = 1 AND none = 1 AND polly_opt_simplify_deps = 1,min AND none AND NOT parallel AND pollydefaulttilesize >= 16.00 AND NOT pollyoptmaxcoefficient_1000 AND pollyrtcmaxparameters >= 8.00,4,0.7058823529411765,0.75,0.6666666666666666,86
random_10,230,29,min = 1 AND none = 1 AND polly_opt_simplify_deps = 1,min AND none AND polly_opt_simplify_deps,2,1.0,1.0,1.0,86
2-wise,58,6,min = 1 AND none = 1 AND polly_opt_simplify_deps = 1,none AND polly_opt_simplify_deps AND NOT pollyoptmaxcoefficient_10000,2,0.631578947368421,0.4615384615384615,1.0,86
3-wise,250,29,min = 1 AND none = 1 AND polly_opt_simplify_deps = 1,min AND none AND polly_opt_simplify_deps,1,1.0,1.0,1.0,86
random_2,46,6,max = 1 AND none = 1 AND polly_no_tiling = 1,max AND none AND pollyoptmaxcoefficient_100 AND NOT pollyoptmaxcoefficient_1000 AND NOT pollyoptmaxcoefficient_10000,1,0.8,1.0,0.6666666666666666,87
random_5,115,12,max = 1 AND none = 1 AND polly_no_tiling = 1,max AND none AND polly_no_tiling,2,1.0,1.0,1.0,87
random_10,230,26,max = 1 AND none = 1 AND polly_no_tiling = 1,max AND none AND polly_no_tiling,0,1.0,1.0,1.0,87
random_20,460,61,max = 1 AND none = 1 AND polly_no_tiling = 1,max AND none AND polly_no_tiling,0,1.0,1.0,1.0,87
2-wise,56,6,max = 1 AND none = 1 AND polly_no_tiling = 1,NOT polly_opt_simplify_deps AND NOT pollyoptmaxcoefficient_1000 AND NOT pollyoptmaxconstantterm_10000 AND pollyrtcmaxparameters >= 2.00 AND value_based,1,0.1818181818181818,0.2,0.1666666666666666,87
3-wise,251,25,max = 1 AND none = 1 AND polly_no_tiling = 1,max AND none AND polly_no_tiling,0,1.0,1.0,1.0,87
4-wise,972,120,max = 1 AND none = 1 AND polly_no_tiling = 1,max AND none AND polly_no_tiling,0,1.0,1.0,1.0,87
full,60000,10000,memory_based = 1 AND polly_opt_simplify_deps = 1 AND polly_parallel = 1,memory_based AND polly_opt_simplify_deps AND polly_parallel,0,1.0,1.0,1.0,88
random_2,46,10,memory_based = 1 AND polly_opt_simplify_deps = 1 AND polly_parallel = 1,polly_opt_simplify_deps AND pollydefaulttilesize >= 16.00 AND NOT pollyoptmaxcoefficient_1 AND NOT pollyoptmaxconstantterm_1000,0,0.5833333333333334,0.5,0.7,88
random_5,115,16,memory_based = 1 AND polly_opt_simplify_deps = 1 AND polly_parallel = 1,NOT memory_based AND polly_opt_simplify_deps AND polly_parallel AND NOT pollyoptmaxcoefficient_1,0,1.0,1.0,1.0,88
random_10,230,42,memory_based = 1 AND polly_opt_simplify_deps = 1 AND polly_parallel = 1,memory_based AND polly_opt_simplify_deps AND polly_parallel,0,1.0,1.0,1.0,88
random_20,460,83,memory_based = 1 AND polly_opt_simplify_deps = 1 AND polly_parallel = 1,memory_based AND polly_opt_simplify_deps AND polly_parallel,0,1.0,1.0,1.0,88
2-wise,55,9,memory_based = 1 AND polly_opt_simplify_deps = 1 AND polly_parallel = 1,memory_based AND polly_opt_simplify_deps AND polly_parallel,2,1.0,1.0,1.0,88
3-wise,256,41,memory_based = 1 AND polly_opt_simplify_deps = 1 AND polly_parallel = 1,memory_based AND polly_opt_simplify_deps AND polly_parallel,2,1.0,1.0,1.0,88
4-wise,961,180,memory_based = 1 AND polly_opt_simplify_deps = 1 AND polly_parallel = 1,memory_based AND polly_opt_simplify_deps AND polly_parallel,2,1.0,1.0,1.0,88
full,60000,10000,min = 1 AND polly = 1 AND polly_parallel = 1,min AND polly AND polly_parallel,0,1.0,1.0,1.0,89
random_2,46,6,min = 1 AND polly = 1 AND polly_parallel = 1,min AND polly AND polly_parallel AND NOT pollyoptmaxconstantterm_1000 AND pollyrtcmaxparameters != 16.00,2,1.0,1.0,1.0,89
random_5,115,22,min = 1 AND polly = 1 AND polly_parallel = 1,NOT min AND NOT pollyoptmaxconstantterm_100,4,0.5846153846153846,0.4418604651162791,0.8636363636363636,89
random_10,230,41,min = 1 AND polly = 1 AND polly_parallel = 1,min AND polly AND polly_parallel,1,1.0,1.0,1.0,89
random_20,460,65,min = 1 AND polly = 1 AND polly_parallel = 1,min AND NOT polly AND polly_parallel,4,1.0,1.0,1.0,89
2-wise,58,6,min = 1 AND polly = 1 AND polly_parallel = 1,NOT pollyoptmaxcoefficient_100 AND NOT pollyoptmaxconstantterm_10 AND NOT pollyoptmaxconstantterm_10000,0,0.1142857142857143,0.0689655172413793,0.3333333333333333,89
3-wise,259,46,min = 1 AND polly = 1 AND polly_parallel = 1,min AND polly AND polly_parallel,2,1.0,1.0,1.0,89
4-wise,964,181,min = 1 AND polly = 1 AND polly_parallel = 1,min AND polly AND polly_parallel,0,1.0,1.0,1.0,89
full,60000,10000,memory_based = 1 AND parallel = 1 AND polly_parallel = 1,memory_based AND NOT parallel AND polly_parallel,0,1.0,1.0,1.0,8
random_2,46,12,memory_based = 1 AND parallel = 1 AND polly_parallel = 1,memory_based AND NOT parallel_force AND polly_parallel,1,1.0,1.0,1.0,8
random_5,115,11,memory_based = 1 AND parallel = 1 AND polly_parallel = 1,memory_based AND parallel,0,1.0,1.0,1.0,8
random_10,230,40,memory_based = 1 AND parallel = 1 AND polly_parallel = 1,memory_based AND parallel,0,1.0,1.0,1.0,8
random_20,460,93,memory_based = 1 AND parallel = 1 AND polly_parallel = 1,memory_based AND parallel,0,1.0,1.0,1.0,8
2-wise,53,9,memory_based = 1 AND parallel = 1 AND polly_parallel = 1,memory_based AND parallel,4,1.0,1.0,1.0,8
3-wise,255,49,memory_based = 1 AND parallel = 1 AND polly_parallel = 1,memory_based AND NOT parallel,0,1.0,1.0,1.0,8
4-wise,979,179,memory_based = 1 AND parallel = 1 AND polly_parallel = 1,memory_based AND parallel,1,1.0,1.0,1.0,8
full,60000,10000,polly = 1 AND polly_parallel = 1 AND value_based = 1,NOT memory_based AND NOT none AND polly AND polly_parallel AND value_based,1,1.0,1.0,1.0,90
random_2,46,2,polly = 1 AND polly_parallel = 1 AND value_based = 1,polly_opt_simplify_deps AND pollyoptmaxconstantterm_10 AND NOT pollyoptmaxconstantterm_1000,4,0.2222222222222222,0.1428571428571428,0.5,90
random_5,115,21,polly = 1 AND polly_parallel = 1 AND value_based = 1,polly AND polly_parallel AND value_based,1,1.0,1.0,1.0,90
random_10,230,34,polly = 1 AND polly_parallel = 1 AND value_based = 1,NOT polly_opt_simplify_deps AND polly_parallel AND NOT pollyoptmaxcoefficient_1000 AND pollyoptmaxconstantterm_10000,2,0.2,0.3125,0.1470588235294117,90
random_20,460,86,polly = 1 AND polly_parallel = 1 AND value_based = 1,parallel_force AND polly AND value_based,1,0.676923076923077,1.0,0.5116279069767442,90
2-wise,52,9,polly = 1 AND polly_parallel = 1 AND value_based = 1,max AND NOT parallel_force AND NOT pollyoptmaxcoefficient_100 AND NOT pollyoptmaxconstantterm_1000,0,0.1739130434782608,0.1428571428571428,0.2222222222222222,90
3-wise,258,46,polly = 1 AND polly_parallel = 1 AND value_based = 1,polly_parallel AND NOT pollyoptmaxconstantterm_1 AND pollyoptmaxconstantterm_10 AND value_based,2,0.3692307692307692,0.631578947368421,0.2608695652173913,90
4-wise,961,162,polly = 1 AND polly_parallel = 1 AND value_based = 1,NOT none AND polly AND polly_parallel,0,0.6519114688128773,0.4835820895522388,1.0,90
full,60000,10000,min = 1 AND polly = 1 AND polly_parallel = 1,NOT max AND min AND NOT none AND polly AND polly_parallel,0,1.0,1.0,1.0,91
random_2,46,11,min = 1 AND polly = 1 AND polly_parallel = 1,min AND polly AND polly_parallel AND pollydefaulttilesize != 1024.00 AND NOT pollyoptmaxcoefficient_1000,2,1.0,1.0,1.0,91
random_5,115,26,min = 1 AND polly = 1 AND polly_parallel = 1,NOT min AND polly AND polly_parallel,1,1.0,1.0,1.0,91
random_10,230,36,min = 1 AND polly = 1 AND polly_parallel = 1,min AND polly AND polly_parallel,2,1.0,1.0,1.0,91
random_20,460,70,min = 1 AND polly = 1 AND polly_parallel = 1,min AND polly AND polly_parallel,0,1.0,1.0,1.0,91
2-wise,55,6,min = 1 AND polly = 1 AND polly_parallel = 1,min AND NOT pollyoptmaxcoefficient_10 AND pollyoptmaxconstantterm_1 AND pollyrtcmaxparameters >= 2.00,3,0.6153846153846153,0.5714285714285714,0.6666666666666666,91
3-wise,255,42,min = 1 AND polly = 1 AND polly_parallel = 1,NOT min AND NOT polly AND polly_parallel,0,1.0,1.0,1.0,91
4-wise,938,175,min = 1 AND polly = 1 AND polly_parallel = 1,min AND polly AND polly_parallel,0,1.0,1.0,1.0,91
full,60000,10000,min = 1 AND parallel = 1 AND polly_parallel = 1,min AND NOT parallel AND polly_parallel,0,1.0,1.0,1.0,92
random_2,46,11,min = 1 AND parallel = 1 AND polly_parallel = 1,min AND parallel,0,1.0,1.0,1.0,92
random_5,115,22,min = 1 AND parallel = 1 AND polly_parallel = 1,min AND parallel,0,1.0,1.0,1.0,92
random_10,230,43,min = 1 AND parallel = 1 AND polly_parallel = 1,min AND parallel,0,1.0,1.0,1.0,92
random_20,460,67,min = 1 AND parallel = 1 AND polly_parallel = 1,min AND parallel,0,1.0,1.0,1.0,92
2-wise,55,10,min = 1 AND parallel = 1 AND polly_parallel = 1,min AND NOT parallel AND polly_parallel,1,1.0,1.0,1.0,92
3-wise,244,38,min = 1 AND parallel = 1 AND polly_parallel = 1,min AND parallel AND polly_parallel,0,1.0,1.0,1.0,92
full,60000,10000,parallel = 1 AND polly_opt_simplify_deps = 1 AND polly_parallel = 1,NOT parallel AND polly_opt_simplify_deps AND polly_parallel,0,1.0,1.0,1.0,93
random_2,46,15,parallel = 1 AND polly_opt_simplify_deps = 1 AND polly_parallel = 1,max AND NOT parallel_force AND polly_parallel AND NOT pollyoptmaxcoefficient_1,2,0.7407407407407408,0.8333333333333334,0.6666666666666666,93
random_5,115,22,parallel = 1 AND polly_opt_simplify_deps = 1 AND polly_parallel = 1,parallel AND polly_opt_simplify_deps,2,1.0,1.0,1.0,93
random_10,230,33,parallel = 1 AND polly_opt_simplify_deps = 1 AND polly_parallel = 1,parallel AND polly_opt_simplify_deps AND polly_parallel,2,1.0,1.0,1.0,93
random_20,460,86,parallel = 1 AND polly_opt_simplify_deps = 1 AND polly_parallel = 1,NOT parallel_force AND pollydefaulttilesize != 1024.00 AND NOT pollyoptmaxcoefficient_10 AND NOT pollyoptmaxcoefficient_100 AND NOT pollyoptmaxcoefficient_10000 AND pollyrtcmaxparameters >= 2.00,1,0.3194444444444444,0.396551724137931,0.2674418604651162,93
2-wise,59,10,parallel = 1 AND polly_opt_simplify_deps = 1 AND polly_parallel = 1,parallel AND polly_opt_simplify_deps,2,1.0,1.0,1.0,93
3-wise,245,46,parallel = 1 AND polly_opt_simplify_deps = 1 AND polly_parallel = 1,parallel AND polly_opt_simplify_deps,0,1.0,1.0,1.0,93
4-wise,971,154,parallel = 1 AND polly_opt_simplify_deps = 1 AND polly_parallel = 1,NOT parallel AND polly_opt_simplify_deps,0,1.0,1.0,1.0,93
full,60000,10000,min = 1 AND polly_parallel = 1 AND value_based = 1,min AND polly_parallel AND value_based,0,1.0,1.0,1.0,94
random_2,46,11,min = 1 AND polly_parallel = 1 AND value_based = 1,min AND polly_parallel AND NOT pollyoptmaxcoefficient_10000 AND value_based,0,1.0,1.0,1.0,94
random_5,115,16,min = 1 AND polly_parallel = 1 AND value_based = 1,polly_parallel AND pollydefaulttilesize != 1024.00 AND NOT pollyoptmaxconstantterm_1000 AND value_based,3,0.6,0.5,0.75,94
random_10,230,52,min = 1 AND polly_parallel = 1 AND value_based = 1,min AND polly_parallel AND value_based,0,1.0,1.0,1.0,94
random_20,460,85,min = 1 AND polly_parallel = 1 AND value_based = 1,min AND polly_parallel AND value_based,0,1.0,1.0,1.0,94
2-wise,54,11,min = 1 AND polly_parallel = 1 AND value_based = 1,min AND polly_parallel AND value_based,2,1.0,1.0,1.0,94
3-wise,256,38,min = 1 AND polly_parallel = 1 AND value_based = 1,min AND polly_parallel AND value_based,0,1.0,1.0,1.0,94
4-wise,962,155,min = 1 AND polly_parallel = 1 AND value_based = 1,min AND polly_parallel AND value_based,0,1.0,1.0,1.0,94
full,60000,10000,none = 1 AND polly_parallel = 1 AND value_based = 1,none AND polly_parallel AND value_based,0,1.0,1.0,1.0,95
random_2,46,14,none = 1 AND polly_parallel = 1 AND value_based = 1,polly_parallel AND NOT pollyoptmaxcoefficient_1 AND pollyrtcmaxparameters != 16.00 AND value_based,1,0.6428571428571429,0.6428571428571429,0.6428571428571429,95
random_5,115,17,none = 1 AND polly_parallel = 1 AND value_based = 1,none AND polly_parallel AND value_based,2,1.0,1.0,1.0,95
random_10,230,46,none = 1 AND polly_parallel = 1 AND value_based = 1,NOT none AND polly_parallel AND value_based,0,1.0,1.0,1.0,95
random_20,460,80,none = 1 AND polly_parallel = 1 AND value_based = 1,none AND polly_parallel AND value_based,0,1.0,1.0,1.0,95
2-wise,52,10,none = 1 AND polly_parallel = 1 AND value_based = 1,none AND pollydefaulttilesize >= 16.00 AND NOT pollyoptmaxcoefficient_10 AND value_based,3,0.8571428571428572,0.8181818181818182,0.9,95
3-wise,253,47,none = 1 AND polly_parallel = 1 AND value_based = 1,none AND polly_parallel AND NOT value_based,2,1.0,1.0,1.0,95
4-wise,962,172,none = 1 AND polly_parallel = 1 AND value_based = 1,none AND polly_parallel AND NOT value_based,0,1.0,1.0,1.0,95
full,60000,10000,parallel = 1 AND polly = 1 AND polly_parallel = 1,NOT parallel AND polly AND polly_parallel,1,1.0,1.0,1.0,96
random_2,46,6,parallel = 1 AND polly = 1 AND polly_parallel = 1,parallel AND polly AND NOT pollyoptmaxcoefficient_10000,2,1.0,1.0,1.0,96
random_5,115,21,parallel = 1 AND polly = 1 AND polly_parallel = 1,parallel AND polly,0,1.0,1.0,1.0,96
random_10,230,30,parallel = 1 AND polly = 1 AND polly_parallel = 1,parallel AND polly AND polly_parallel,1,1.0,1.0,1.0,96
random_20,460,77,parallel = 1 AND polly = 1 AND polly_parallel = 1,parallel AND polly,2,1.0,1.0,1.0,96
2-wise,51,8,parallel = 1 AND polly = 1 AND polly_parallel = 1,memory_based AND pollydefaulttilesize != 1024.00 AND NOT pollyoptmaxcoefficient_1000 AND NOT pollyoptmaxconstantterm_1000 AND NOT pollyoptmaxconstantterm_10000,3,0.3333333333333332,0.3,0.375,96
3-wise,254,42,parallel = 1 AND polly = 1 AND polly_parallel = 1,pollydefaulttilesize = 256.00,2,0.2978723404255319,0.2692307692307692,0.3333333333333333,96
4-wise,956,182,parallel = 1 AND polly = 1 AND polly_parallel = 1,parallel AND polly,1,1.0,1.0,1.0,96
full,60000,10000,memory_based = 1 AND parallel_force = 1 AND polly_parallel = 1,memory_based AND NOT parallel_force AND polly_parallel,0,1.0,1.0,1.0,97
random_2,46,2,memory_based = 1 AND parallel_force = 1 AND polly_parallel = 1,polly_parallel AND pollydefaulttilesize <= 64.00 AND NOT pollyoptmaxcoefficient_100 AND NOT pollyoptmaxconstantterm_1 AND NOT pollyoptmaxconstantterm_100 AND NOT pollyoptmaxconstantterm_10000,2,0.1428571428571428,0.0833333333333333,0.5,97
random_5,115,15,memory_based = 1 AND parallel_force = 1 AND polly_parallel = 1,memory_based AND parallel_force,3,1.0,1.0,1.0,97
random_10,230,31,memory_based = 1 AND parallel_force = 1 AND polly_parallel = 1,memory_based AND parallel_force AND polly_parallel,1,1.0,1.0,1.0,97
random_20,460,64,memory_based = 1 AND parallel_force = 1 AND polly_parallel = 1,memory_based AND parallel_force AND polly_parallel,0,1.0,1.0,1.0,97
2-wise,57,7,memory_based = 1 AND parallel_force = 1 AND polly_parallel = 1,memory_based AND parallel_force,2,1.0,1.0,1.0,97
3-wise,260,50,memory_based = 1 AND parallel_force = 1 AND polly_parallel = 1,memory_based AND NOT parallel_force,0,1.0,1.0,1.0,97
full,60000,10000,max = 1 AND polly = 1 AND polly_parallel = 1,max AND polly AND polly_parallel,0,1.0,1.0,1.0,98
random_2,46,6,max = 1 AND polly = 1 AND polly_parallel = 1,max AND polly AND pollydefaulttilesize != 1024.00 AND NOT pollyoptmaxcoefficient_1000,0,0.625,0.5,0.8333333333333334,98
random_5,115,19,max = 1 AND polly = 1 AND polly_parallel = 1,max AND polly AND polly_parallel,0,1.0,1.0,1.0,98
random_10,230,48,max = 1 AND polly = 1 AND polly_parallel = 1,NOT max AND polly AND polly_parallel,2,1.0,1.0,1.0,98
random_20,460,68,max = 1 AND polly = 1 AND polly_parallel = 1,max AND polly AND polly_parallel,3,1.0,1.0,1.0,98
2-wise,58,8,max = 1 AND polly = 1 AND polly_parallel = 1,max AND polly AND polly_parallel AND pollydefaulttilesize != 1024.00,1,1.0,1.0,1.0,98
3-wise,255,44,max = 1 AND polly = 1 AND polly_parallel = 1,NOT max AND polly AND polly_parallel,4,1.0,1.0,1.0,98
full,60000,7500,min = 1 AND polly_no_tiling = 1 AND value_based = 1,min AND polly_no_tiling AND value_based,0,1.0,1.0,1.0,99
random_2,46,4,min = 1 AND polly_no_tiling = 1 AND value_based = 1,NOT min AND NOT parallel AND NOT pollyoptmaxcoefficient_10 AND value_based,0,0.5,0.5,0.5,99
random_5,115,17,min = 1 AND polly_no_tiling = 1 AND value_based = 1,min AND value_based,1,0.7727272727272727,0.6296296296296297,1.0,99
random_10,230,26,min = 1 AND polly_no_tiling = 1 AND value_based = 1,min AND parallel_force AND value_based,3,0.45,0.6428571428571429,0.3461538461538461,99
random_20,460,49,min = 1 AND polly_no_tiling = 1 AND value_based = 1,min AND polly_no_tiling AND value_based,0,1.0,1.0,1.0,99
2-wise,53,4,min = 1 AND polly_no_tiling = 1 AND value_based = 1,NOT polly_parallel AND pollyoptmaxcoefficient_1,3,0.4,0.3333333333333333,0.5,99
3-wise,249,39,min = 1 AND polly_no_tiling = 1 AND value_based = 1,polly_no_tiling AND pollydefaulttilesize != 1024.00 AND value_based,0,0.8000000000000002,0.7058823529411765,0.9230769230769232,99
4-wise,965,128,min = 1 AND polly_no_tiling = 1 AND value_based = 1,min AND polly_no_tiling AND value_based,0,1.0,1.0,1.0,99
full,60000,7500,min = 1 AND polly = 1 AND polly_no_tiling = 1,min AND polly AND polly_no_tiling,0,1.0,1.0,1.0,9
random_2,46,5,min = 1 AND polly = 1 AND polly_no_tiling = 1,min AND polly AND polly_no_tiling AND NOT pollyoptmaxconstantterm_10000,2,1.0,1.0,1.0,9
random_5,115,16,min = 1 AND polly = 1 AND polly_no_tiling = 1,min AND polly AND polly_no_tiling AND pollydefaulttilesize != 1024.00 AND NOT pollyoptmaxcoefficient_10000 AND NOT pollyoptmaxconstantterm_10,3,0.7692307692307693,1.0,0.625,9
random_10,230,21,min = 1 AND polly = 1 AND polly_no_tiling = 1,min AND polly AND polly_no_tiling,0,1.0,1.0,1.0,9
random_20,460,46,min = 1 AND polly = 1 AND polly_no_tiling = 1,polly AND pollydefaulttilesize = 1024.00 AND NOT pollyoptmaxconstantterm_10000,0,0.3,0.3529411764705882,0.2608695652173913,9
2-wise,56,7,min = 1 AND polly = 1 AND polly_no_tiling = 1,min AND polly AND polly_no_tiling AND NOT pollyoptmaxcoefficient_10000,1,1.0,1.0,1.0,9
3-wise,253,29,min = 1 AND polly = 1 AND polly_no_tiling = 1,min AND polly AND polly_no_tiling,0,1.0,1.0,1.0,9
4-wise,959,112,min = 1 AND polly = 1 AND polly_no_tiling = 1,min AND polly AND polly_no_tiling,0,1.0,1.0,1.0,9
